File accession	File format	File type	File format type	Output type	File assembly	Experiment accession	Assay	Donor(s)	Biosample term id	Biosample term name	Biosample type	Biosample organism	Biosample treatments	Biosample treatments amount	Biosample treatments duration	Biosample genetic modifications methods	Biosample genetic modifications categories	Biosample genetic modifications targets	Biosample genetic modifications gene targets	Biosample genetic modifications site coordinates	Biosample genetic modifications zygosity	Experiment target	Library made from	Library depleted in	Library extraction method	Library lysis method	Library crosslinking method	Library strand specific	Experiment date released	Project	RBNS protein concentration	Library fragmentation method	Library size range	Biological replicate(s)	Technical replicate(s)	Read length	Mapped read length	Run type	Paired end	Paired with	Index of	Derived from	Size	Lab	md5sum	dbxrefs	File download URL	Genome annotation	Platform	Controlled by	File Status	s3_uri	Azure URL	File analysis title	File analysis status	Audit WARNING	Audit NOT_COMPLIANT	Audit ERROR
ENCFF759YCY	bed narrowPeak	bed	narrowPeak	IDR thresholded peaks	GRCh38	ENCSR000BNI	TF ChIP-seq	/human-donors/ENCDO000AAC/	EFO:0001187	HepG2	cell line	Homo sapiens										FOXA2-human	DNA						2011-07-18	ENCODE		see document		1, 2	1_1, 2_1							/files/ENCFF285GKD/, /files/ENCFF459YUC/, /files/ENCFF329ZAR/, /files/ENCFF993LBR/, /files/ENCFF356LFX/	825632	ENCODE Processing Pipeline	58b0d0162d0dd37b67d3ffda0ce6ae75		https://www.encodeproject.org/files/ENCFF759YCY/@@download/ENCFF759YCY.bed.gz				released	s3://encode-public/2020/12/26/64d9e757-2891-45ed-b3ff-a4e5caf05c71/ENCFF759YCY.bed.gz	https://datasetencode.blob.core.windows.net/dataset/2020/12/26/64d9e757-2891-45ed-b3ff-a4e5caf05c71/ENCFF759YCY.bed.gz?sv=2019-10-10&si=prod&sr=c&sig=9qSQZo4ggrCNpybBExU8SypuUZV33igI11xw0P7rB3c%3D	ENCODE4 v1.6.1 GRCh38	released	mild to moderate bottlenecking, low read length	insufficient read depth, poor library complexity, insufficient replicate concordance, severe bottlenecking	
ENCFF712AVW	bed narrowPeak	bed	narrowPeak	IDR thresholded peaks	GRCh38	ENCSR000BGM	TF ChIP-seq	/human-donors/ENCDO000AAC/	EFO:0001187	HepG2	cell line	Homo sapiens										USF1-human	DNA						2011-07-18	ENCODE		see document		1, 2	1_1, 2_1							/files/ENCFF356LFX/, /files/ENCFF279DUF/, /files/ENCFF875HPK/, /files/ENCFF789VLZ/, /files/ENCFF527WLW/	397487	ENCODE Processing Pipeline	eee0cc3fbc269da1d012825aa1e37c53		https://www.encodeproject.org/files/ENCFF712AVW/@@download/ENCFF712AVW.bed.gz				released	s3://encode-public/2020/12/26/2c7c3212-3979-4bbc-94c4-77284dd300ea/ENCFF712AVW.bed.gz	https://datasetencode.blob.core.windows.net/dataset/2020/12/26/2c7c3212-3979-4bbc-94c4-77284dd300ea/ENCFF712AVW.bed.gz?sv=2019-10-10&si=prod&sr=c&sig=9qSQZo4ggrCNpybBExU8SypuUZV33igI11xw0P7rB3c%3D	ENCODE4 v1.6.1 GRCh38	released	low read depth, borderline replicate concordance, mild to moderate bottlenecking, low read length		
ENCFF712RNF	bed narrowPeak	bed	narrowPeak	IDR thresholded peaks	GRCh38	ENCSR000BRO	TF ChIP-seq	/human-donors/ENCDO000AAC/	EFO:0001187	HepG2	cell line	Homo sapiens										MYBL2-human	DNA						2012-02-29	ENCODE		see document		1, 2	1_1, 2_1							/files/ENCFF434VWY/, /files/ENCFF356LFX/, /files/ENCFF430MNY/, /files/ENCFF379RHD/, /files/ENCFF359FCS/, /files/ENCFF376TLM/	362313	ENCODE Processing Pipeline	3dd1b9bee5e723a4668964341d9db8ee		https://www.encodeproject.org/files/ENCFF712RNF/@@download/ENCFF712RNF.bed.gz				released	s3://encode-public/2020/12/26/174b7e00-8f72-437a-b8f1-d57040228e70/ENCFF712RNF.bed.gz	https://datasetencode.blob.core.windows.net/dataset/2020/12/26/174b7e00-8f72-437a-b8f1-d57040228e70/ENCFF712RNF.bed.gz?sv=2019-10-10&si=prod&sr=c&sig=9qSQZo4ggrCNpybBExU8SypuUZV33igI11xw0P7rB3c%3D	ENCODE4 v1.6.1 GRCh38	released	inconsistent platforms, borderline replicate concordance, low read length		
ENCFF005YUC	bed narrowPeak	bed	narrowPeak	IDR thresholded peaks	GRCh38	ENCSR000EEC	TF ChIP-seq	/human-donors/ENCDO000AAC/	EFO:0001187	HepG2	cell line	Homo sapiens										MAFF-human	DNA						2011-10-29	ENCODE		see document		1, 2	1_1, 2_1							/files/ENCFF040CRL/, /files/ENCFF356LFX/, /files/ENCFF772ZHK/, /files/ENCFF907GTV/	844086	ENCODE Processing Pipeline	1dabd7d49375cac9a6ede73a579069da		https://www.encodeproject.org/files/ENCFF005YUC/@@download/ENCFF005YUC.bed.gz				released	s3://encode-public/2020/12/26/82b646be-5a54-456c-92e5-16f1471f2d09/ENCFF005YUC.bed.gz	https://datasetencode.blob.core.windows.net/dataset/2020/12/26/82b646be-5a54-456c-92e5-16f1471f2d09/ENCFF005YUC.bed.gz?sv=2019-10-10&si=prod&sr=c&sig=9qSQZo4ggrCNpybBExU8SypuUZV33igI11xw0P7rB3c%3D	ENCODE4 v1.6.1 GRCh38	released	low read depth, low read length, improper control_type of control experiment		
ENCFF445RVR	bed narrowPeak	bed	narrowPeak	IDR thresholded peaks	GRCh38	ENCSR000EDY	TF ChIP-seq	/human-donors/ENCDO000AAC/	EFO:0001187	HepG2	cell line	Homo sapiens										BRCA1-human	DNA						2011-10-29	ENCODE		see document		1, 2	1_1, 2_1							/files/ENCFF772ZHK/, /files/ENCFF525ANM/, /files/ENCFF128CZT/, /files/ENCFF356LFX/	39822	ENCODE Processing Pipeline	9f07c405e9490ac51fb86e63627f37d0		https://www.encodeproject.org/files/ENCFF445RVR/@@download/ENCFF445RVR.bed.gz				released	s3://encode-public/2021/01/05/25a66773-fa48-42a9-afec-723e84a92c55/ENCFF445RVR.bed.gz	https://datasetencode.blob.core.windows.net/dataset/2021/01/05/25a66773-fa48-42a9-afec-723e84a92c55/ENCFF445RVR.bed.gz?sv=2019-10-10&si=prod&sr=c&sig=9qSQZo4ggrCNpybBExU8SypuUZV33igI11xw0P7rB3c%3D	ENCODE4 v1.6.1 GRCh38	released	low read depth, low read length, improper control_type of control experiment		
ENCFF735PKA	bed narrowPeak	bed	narrowPeak	IDR thresholded peaks	GRCh38	ENCSR000DLR	TF ChIP-seq	/human-donors/ENCDO000AAC/	EFO:0001187	HepG2	cell line	Homo sapiens										MYC-human	DNA						2011-03-17	ENCODE		see document		1, 2, 3	1_1, 2_1, 3_1							/files/ENCFF062SCH/, /files/ENCFF356LFX/, /files/ENCFF315AUW/, /files/ENCFF439SHL/, /files/ENCFF987GJQ/	37017	ENCODE Processing Pipeline	fe15629040647d3890b5973ace17c33c		https://www.encodeproject.org/files/ENCFF735PKA/@@download/ENCFF735PKA.bed.gz				released	s3://encode-public/2020/12/26/3b9c298e-788e-4deb-a18e-bbc43d960e13/ENCFF735PKA.bed.gz	https://datasetencode.blob.core.windows.net/dataset/2020/12/26/3b9c298e-788e-4deb-a18e-bbc43d960e13/ENCFF735PKA.bed.gz?sv=2019-10-10&si=prod&sr=c&sig=9qSQZo4ggrCNpybBExU8SypuUZV33igI11xw0P7rB3c%3D	ENCODE4 v1.6.1 GRCh38	released	borderline replicate concordance	insufficient read depth, insufficient read length	
ENCFF249WHV	bed narrowPeak	bed	narrowPeak	IDR thresholded peaks	GRCh38	ENCSR697CNF	TF ChIP-seq	/human-donors/ENCDO000AAC/	EFO:0001187	HepG2	cell line	Homo sapiens				CRISPR	insertion	{'schema_version': '14', 'aliases': ['michael-snyder:TS-1270'], 'organism': {'schema_version': '6', '@type': ['Organism', 'Item'], 'name': 'human', 'taxon_id': '9606', 'scientific_name': 'Homo sapiens', '@id': '/organisms/human/', 'uuid': '7745b647-ff15-4ff3-9ced-b897d4e2983c', 'status': 'released'}, 'genes': ['/genes/51276/'], '@type': ['Target', 'Item'], 'name': 'ZNF571-human', 'label': 'ZNF571', '@id': '/targets/ZNF571-human/', 'title': 'ZNF571 (Homo sapiens)', 'investigated_as': ['transcription factor'], 'uuid': '287fb001-7150-4bb8-ada0-28c82a8ea81c', 'status': 'released'}				ZNF571-human	DNA				formaldehyde		2022-08-31	ENCODE		sonication (generic)		1, 2	1_1, 2_1							/files/ENCFF814XWA/, /files/ENCFF356LFX/, /files/ENCFF144UAV/, /files/ENCFF948LTB/	101084	ENCODE Processing Pipeline	47896b1a002e9459e166efc467856687		https://www.encodeproject.org/files/ENCFF249WHV/@@download/ENCFF249WHV.bed.gz				released	s3://encode-public/2022/08/27/635be807-f642-4d49-b1a5-bb6fb2e6b9e5/ENCFF249WHV.bed.gz	https://datasetencode.blob.core.windows.net/dataset/2022/08/27/635be807-f642-4d49-b1a5-bb6fb2e6b9e5/ENCFF249WHV.bed.gz?sv=2019-10-10&si=prod&sr=c&sig=9qSQZo4ggrCNpybBExU8SypuUZV33igI11xw0P7rB3c%3D	ENCODE4 v1.8.0 GRCh38	released	mild to moderate bottlenecking, missing genetic modification reagents	insufficient read depth	
ENCFF869BHB	bed narrowPeak	bed	narrowPeak	IDR thresholded peaks	GRCh38	ENCSR407MQT	TF ChIP-seq	/human-donors/ENCDO000AAC/	EFO:0001187	HepG2	cell line	Homo sapiens				CRISPR	insertion	{'schema_version': '14', 'aliases': ['michael-snyder:TS-1715'], 'organism': {'schema_version': '6', '@type': ['Organism', 'Item'], 'name': 'human', 'taxon_id': '9606', 'scientific_name': 'Homo sapiens', '@id': '/organisms/human/', 'uuid': '7745b647-ff15-4ff3-9ced-b897d4e2983c', 'status': 'released'}, 'genes': ['/genes/6299/'], '@type': ['Target', 'Item'], 'name': 'SALL1-human', 'label': 'SALL1', '@id': '/targets/SALL1-human/', 'title': 'SALL1 (Homo sapiens)', 'investigated_as': ['transcription factor'], 'uuid': 'c53e0a51-9f7f-4858-bab1-b0d1faae5aab', 'status': 'released'}				SALL1-human	DNA				formaldehyde		2022-08-15	ENCODE		sonication (generic)		1, 2	1_1, 2_1							/files/ENCFF141JSQ/, /files/ENCFF356LFX/, /files/ENCFF818AYT/, /files/ENCFF481QPZ/	1043428	ENCODE Processing Pipeline	a7b8d5873cc350deab186f6d32e2eb63		https://www.encodeproject.org/files/ENCFF869BHB/@@download/ENCFF869BHB.bed.gz				released	s3://encode-public/2022/07/23/d7218ea0-76bf-4f87-8b7b-9e43b9829be6/ENCFF869BHB.bed.gz	https://datasetencode.blob.core.windows.net/dataset/2022/07/23/d7218ea0-76bf-4f87-8b7b-9e43b9829be6/ENCFF869BHB.bed.gz?sv=2019-10-10&si=prod&sr=c&sig=9qSQZo4ggrCNpybBExU8SypuUZV33igI11xw0P7rB3c%3D	ENCODE4 v1.8.0 GRCh38	released	mild to moderate bottlenecking, missing genetic modification reagents		
ENCFF773HRY	bed narrowPeak	bed	narrowPeak	conservative IDR thresholded peaks	GRCh38	ENCSR151WAM	TF ChIP-seq	/human-donors/ENCDO000AAC/	EFO:0001187	HepG2	cell line	Homo sapiens				CRISPR	insertion	{'schema_version': '14', 'aliases': [], 'organism': {'schema_version': '6', '@type': ['Organism', 'Item'], 'name': 'human', 'taxon_id': '9606', 'scientific_name': 'Homo sapiens', '@id': '/organisms/human/', 'uuid': '7745b647-ff15-4ff3-9ced-b897d4e2983c', 'status': 'released'}, 'genes': ['/genes/55796/'], '@type': ['Target', 'Item'], 'name': 'MBNL3-human', 'label': 'MBNL3', '@id': '/targets/MBNL3-human/', 'title': 'MBNL3 (Homo sapiens)', 'investigated_as': ['RNA binding protein'], 'uuid': '78a1fcde-8ae9-4a52-8d2f-319fc75368c5', 'status': 'released'}				MBNL3-human	DNA						2022-05-18	ENCODE		sonication (Bioruptor Pico)	250-450	1, 2	1_1, 2_1							/files/ENCFF402VUU/, /files/ENCFF356LFX/, /files/ENCFF962TFV/, /files/ENCFF782DDA/	10140	ENCODE Processing Pipeline	d79c70ec0632dc8e5cdada66bb7607b5		https://www.encodeproject.org/files/ENCFF773HRY/@@download/ENCFF773HRY.bed.gz				released	s3://encode-public/2022/05/12/5dd7fca5-c7a9-4841-8dfb-0763b657b171/ENCFF773HRY.bed.gz	https://datasetencode.blob.core.windows.net/dataset/2022/05/12/5dd7fca5-c7a9-4841-8dfb-0763b657b171/ENCFF773HRY.bed.gz?sv=2019-10-10&si=prod&sr=c&sig=9qSQZo4ggrCNpybBExU8SypuUZV33igI11xw0P7rB3c%3D	ENCODE4 v1.8.0 GRCh38	released	mild to moderate bottlenecking, inconsistent platforms		
ENCFF642BLI	bed narrowPeak	bed	narrowPeak	IDR thresholded peaks	GRCh38	ENCSR015LYB	TF ChIP-seq	/human-donors/ENCDO000AAC/	EFO:0001187	HepG2	cell line	Homo sapiens				CRISPR	insertion	{'schema_version': '14', 'aliases': [], 'organism': {'schema_version': '6', '@type': ['Organism', 'Item'], 'name': 'human', 'taxon_id': '9606', 'scientific_name': 'Homo sapiens', '@id': '/organisms/human/', 'uuid': '7745b647-ff15-4ff3-9ced-b897d4e2983c', 'status': 'released'}, 'genes': ['/genes/23119/'], '@type': ['Target', 'Item'], 'name': 'HIC2-human', 'label': 'HIC2', '@id': '/targets/HIC2-human/', 'title': 'HIC2 (Homo sapiens)', 'investigated_as': ['transcription factor'], 'uuid': '9544d103-d64b-45e2-9bf7-455bcaef2180', 'status': 'released'}				HIC2-human	DNA				formaldehyde		2022-03-28	ENCODE		sonication (generic)		1, 2	1_1, 2_1							/files/ENCFF814XWA/, /files/ENCFF741MBT/, /files/ENCFF356LFX/, /files/ENCFF678WPD/	306365	ENCODE Processing Pipeline	2b0650843d3cd00a637c2b2def51f116		https://www.encodeproject.org/files/ENCFF642BLI/@@download/ENCFF642BLI.bed.gz				released	s3://encode-public/2022/02/07/35588ed5-a2b6-445b-a180-484719d59eb9/ENCFF642BLI.bed.gz	https://datasetencode.blob.core.windows.net/dataset/2022/02/07/35588ed5-a2b6-445b-a180-484719d59eb9/ENCFF642BLI.bed.gz?sv=2019-10-10&si=prod&sr=c&sig=9qSQZo4ggrCNpybBExU8SypuUZV33igI11xw0P7rB3c%3D	ENCODE4 v1.9.0 GRCh38	released	low read depth, missing genetic modification reagents		
ENCFF782EKY	bed narrowPeak	bed	narrowPeak	IDR thresholded peaks	GRCh38	ENCSR600SCF	TF ChIP-seq	/human-donors/ENCDO000AAC/	EFO:0001187	HepG2	cell line	Homo sapiens				CRISPR	insertion	{'schema_version': '14', 'aliases': [], 'organism': {'schema_version': '6', '@type': ['Organism', 'Item'], 'name': 'human', 'taxon_id': '9606', 'scientific_name': 'Homo sapiens', '@id': '/organisms/human/', 'uuid': '7745b647-ff15-4ff3-9ced-b897d4e2983c', 'status': 'released'}, 'genes': ['/genes/22955/'], '@type': ['Target', 'Item'], 'name': 'SCMH1-human', 'label': 'SCMH1', '@id': '/targets/SCMH1-human/', 'title': 'SCMH1 (Homo sapiens)', 'investigated_as': ['chromatin remodeler'], 'uuid': '6089aadb-3e54-44b0-a74b-2890d063e737', 'status': 'released'}				SCMH1-human	DNA				formaldehyde		2021-08-13	ENCODE		sonication (generic)		1, 2	1_1, 2_1							/files/ENCFF470ENK/, /files/ENCFF356LFX/, /files/ENCFF163VDO/, /files/ENCFF072CDJ/	3715	ENCODE Processing Pipeline	063e120f64a8fac48cffd99f515d6848		https://www.encodeproject.org/files/ENCFF782EKY/@@download/ENCFF782EKY.bed.gz				released	s3://encode-public/2021/08/02/aca4bb06-2ac9-4f67-b13a-eefddcc4d8df/ENCFF782EKY.bed.gz	https://datasetencode.blob.core.windows.net/dataset/2021/08/02/aca4bb06-2ac9-4f67-b13a-eefddcc4d8df/ENCFF782EKY.bed.gz?sv=2019-10-10&si=prod&sr=c&sig=9qSQZo4ggrCNpybBExU8SypuUZV33igI11xw0P7rB3c%3D	ENCODE4 v1.9.0 GRCh38	released	mild to moderate bottlenecking, borderline replicate concordance, missing genetic modification reagents		
ENCFF647OBG	bed narrowPeak	bed	narrowPeak	IDR thresholded peaks	GRCh38	ENCSR830LDY	TF ChIP-seq	/human-donors/ENCDO000AAC/	EFO:0001187	HepG2	cell line	Homo sapiens				CRISPR	insertion	{'dbxrefs': ['FactorBook:MEIS2'], 'aliases': [], 'organism': {'schema_version': '6', '@type': ['Organism', 'Item'], 'name': 'human', 'taxon_id': '9606', 'scientific_name': 'Homo sapiens', '@id': '/organisms/human/', 'uuid': '7745b647-ff15-4ff3-9ced-b897d4e2983c', 'status': 'released'}, 'genes': ['/genes/4212/'], '@type': ['Target', 'Item'], 'label': 'MEIS2', 'title': 'MEIS2 (Homo sapiens)', 'investigated_as': ['transcription factor'], 'uuid': 'c96db038-5225-49df-bd0a-d212d7e0bd57', 'schema_version': '14', 'name': 'MEIS2-human', '@id': '/targets/MEIS2-human/', 'status': 'released'}				MEIS2-human	DNA				formaldehyde		2021-08-13	ENCODE		sonication (generic)		1, 2	1_1, 2_1							/files/ENCFF979HDL/, /files/ENCFF721XPX/, /files/ENCFF657NDS/, /files/ENCFF356LFX/	375585	ENCODE Processing Pipeline	75bb46871c376c14aafd8ad338153606		https://www.encodeproject.org/files/ENCFF647OBG/@@download/ENCFF647OBG.bed.gz				released	s3://encode-public/2021/08/02/66d122bb-33e6-4b19-943c-965d3d8ad428/ENCFF647OBG.bed.gz	https://datasetencode.blob.core.windows.net/dataset/2021/08/02/66d122bb-33e6-4b19-943c-965d3d8ad428/ENCFF647OBG.bed.gz?sv=2019-10-10&si=prod&sr=c&sig=9qSQZo4ggrCNpybBExU8SypuUZV33igI11xw0P7rB3c%3D	ENCODE4 v1.9.0 GRCh38	released	mild to moderate bottlenecking, missing genetic modification reagents		
ENCFF680JFD	bed narrowPeak	bed	narrowPeak	IDR thresholded peaks	GRCh38	ENCSR710EFA	TF ChIP-seq	/human-donors/ENCDO000AAC/	EFO:0001187	HepG2	cell line	Homo sapiens				CRISPR	insertion	{'schema_version': '14', 'aliases': [], 'organism': {'schema_version': '6', '@type': ['Organism', 'Item'], 'name': 'human', 'taxon_id': '9606', 'scientific_name': 'Homo sapiens', '@id': '/organisms/human/', 'uuid': '7745b647-ff15-4ff3-9ced-b897d4e2983c', 'status': 'released'}, 'genes': ['/genes/8463/'], '@type': ['Target', 'Item'], 'name': 'TEAD2-human', 'label': 'TEAD2', '@id': '/targets/TEAD2-human/', 'title': 'TEAD2 (Homo sapiens)', 'investigated_as': ['cofactor', 'transcription factor'], 'uuid': 'ded40ef5-dfec-4ed1-b8af-263c73bedc57', 'status': 'released'}				TEAD2-human	DNA				formaldehyde		2021-08-13	ENCODE		sonication (generic)		1, 2	1_1, 2_1							/files/ENCFF881RZV/, /files/ENCFF657NDS/, /files/ENCFF356LFX/, /files/ENCFF770ZAY/	63593	ENCODE Processing Pipeline	dec1a7f7a55f051528687bbe2fe880f9		https://www.encodeproject.org/files/ENCFF680JFD/@@download/ENCFF680JFD.bed.gz				released	s3://encode-public/2021/08/02/4a094d4c-9b3d-4020-b790-e0fe608c1717/ENCFF680JFD.bed.gz	https://datasetencode.blob.core.windows.net/dataset/2021/08/02/4a094d4c-9b3d-4020-b790-e0fe608c1717/ENCFF680JFD.bed.gz?sv=2019-10-10&si=prod&sr=c&sig=9qSQZo4ggrCNpybBExU8SypuUZV33igI11xw0P7rB3c%3D	ENCODE4 v1.9.0 GRCh38	released	missing genetic modification reagents		
ENCFF804MKP	bed narrowPeak	bed	narrowPeak	IDR thresholded peaks	GRCh38	ENCSR000BVM	TF ChIP-seq	/human-donors/ENCDO000AAC/	EFO:0001187	HepG2	cell line	Homo sapiens										NR2F2-human	DNA						2012-09-10	ENCODE		see document		1, 2	1_1, 2_1							/files/ENCFF430MNY/, /files/ENCFF356LFX/, /files/ENCFF379RHD/, /files/ENCFF434VWY/, /files/ENCFF485EPH/, /files/ENCFF884VBS/	328381	ENCODE Processing Pipeline	d47f4a861c40fab8d31ce136bc707512		https://www.encodeproject.org/files/ENCFF804MKP/@@download/ENCFF804MKP.bed.gz				released	s3://encode-public/2021/01/02/20e603bb-d8f7-4551-8a06-217ec63fcda3/ENCFF804MKP.bed.gz	https://datasetencode.blob.core.windows.net/dataset/2021/01/02/20e603bb-d8f7-4551-8a06-217ec63fcda3/ENCFF804MKP.bed.gz?sv=2019-10-10&si=prod&sr=c&sig=9qSQZo4ggrCNpybBExU8SypuUZV33igI11xw0P7rB3c%3D	ENCODE4 v1.6.1 GRCh38	released	low read depth, inconsistent platforms, borderline replicate concordance		
ENCFF714AQQ	bed narrowPeak	bed	narrowPeak	IDR thresholded peaks	GRCh38	ENCSR363XHT	TF ChIP-seq	/human-donors/ENCDO000AAC/	EFO:0001187	HepG2	cell line	Homo sapiens				CRISPR	insertion	{'schema_version': '14', 'aliases': ['michael-snyder:TS-398'], 'organism': {'schema_version': '6', '@type': ['Organism', 'Item'], 'name': 'human', 'taxon_id': '9606', 'scientific_name': 'Homo sapiens', '@id': '/organisms/human/', 'uuid': '7745b647-ff15-4ff3-9ced-b897d4e2983c', 'status': 'released'}, 'genes': ['/genes/57801/'], '@type': ['Target', 'Item'], 'name': 'HES4-human', 'label': 'HES4', '@id': '/targets/HES4-human/', 'title': 'HES4 (Homo sapiens)', 'investigated_as': ['cofactor'], 'uuid': '12c50963-4570-428d-88eb-261fb0bbbd72', 'status': 'released'}				HES4-human	DNA				formaldehyde		2021-08-13	ENCODE		sonication (generic)		1, 2	1_1, 2_1							/files/ENCFF429HKM/, /files/ENCFF356LFX/, /files/ENCFF954YHR/, /files/ENCFF024EMN/	242961	ENCODE Processing Pipeline	4f939716b3a1b1080fe183ba92162005		https://www.encodeproject.org/files/ENCFF714AQQ/@@download/ENCFF714AQQ.bed.gz				released	s3://encode-public/2021/08/02/f8bada9c-acf2-4ec7-80dd-e314b0c80b08/ENCFF714AQQ.bed.gz	https://datasetencode.blob.core.windows.net/dataset/2021/08/02/f8bada9c-acf2-4ec7-80dd-e314b0c80b08/ENCFF714AQQ.bed.gz?sv=2019-10-10&si=prod&sr=c&sig=9qSQZo4ggrCNpybBExU8SypuUZV33igI11xw0P7rB3c%3D	ENCODE4 v1.9.0 GRCh38	released	missing genetic modification reagents, mild to moderate bottlenecking, borderline replicate concordance		
ENCFF594JNI	bed narrowPeak	bed	narrowPeak	IDR thresholded peaks	GRCh38	ENCSR658UQD	TF ChIP-seq	/human-donors/ENCDO000AAC/	EFO:0001187	HepG2	cell line	Homo sapiens				CRISPR	insertion	{'schema_version': '14', 'aliases': [], 'organism': {'schema_version': '6', '@type': ['Organism', 'Item'], 'name': 'human', 'taxon_id': '9606', 'scientific_name': 'Homo sapiens', '@id': '/organisms/human/', 'uuid': '7745b647-ff15-4ff3-9ced-b897d4e2983c', 'status': 'released'}, 'genes': ['/genes/221302/'], '@type': ['Target', 'Item'], 'name': 'ZUFSP-human', 'label': 'ZUFSP', '@id': '/targets/ZUFSP-human/', 'title': 'ZUFSP (Homo sapiens)', 'investigated_as': ['transcription factor'], 'uuid': '6793132b-8820-4e30-bd53-82d7a0ae1873', 'status': 'released'}				ZUFSP-human	DNA				formaldehyde		2021-08-13	ENCODE		sonication (generic)		1, 2	1_1, 2_1							/files/ENCFF562LFW/, /files/ENCFF356LFX/, /files/ENCFF163VDO/, /files/ENCFF715AIO/	11249	ENCODE Processing Pipeline	8eaf017e562bd946c34adf3f9f43dfc7		https://www.encodeproject.org/files/ENCFF594JNI/@@download/ENCFF594JNI.bed.gz				released	s3://encode-public/2021/08/02/8bd19bdc-900a-4bf8-b59e-328a3345c127/ENCFF594JNI.bed.gz	https://datasetencode.blob.core.windows.net/dataset/2021/08/02/8bd19bdc-900a-4bf8-b59e-328a3345c127/ENCFF594JNI.bed.gz?sv=2019-10-10&si=prod&sr=c&sig=9qSQZo4ggrCNpybBExU8SypuUZV33igI11xw0P7rB3c%3D	ENCODE4 v1.9.0 GRCh38	released	mild to moderate bottlenecking, borderline replicate concordance, missing genetic modification reagents		
ENCFF157DSR	bed narrowPeak	bed	narrowPeak	IDR thresholded peaks	GRCh38	ENCSR000EEE	TF ChIP-seq	/human-donors/ENCDO000AAC/	EFO:0001187	HepG2	cell line	Homo sapiens										CEBPB-human	DNA						2011-10-29	ENCODE		see document		1, 2	1_1, 2_1							/files/ENCFF384ZEY/, /files/ENCFF772ZHK/, /files/ENCFF356LFX/, /files/ENCFF692KBO/	924549	ENCODE Processing Pipeline	f4717fbedcab1d2d3962451e189e593e		https://www.encodeproject.org/files/ENCFF157DSR/@@download/ENCFF157DSR.bed.gz				released	s3://encode-public/2021/01/01/b4d60d9b-a3ef-4432-9652-965a98507b63/ENCFF157DSR.bed.gz	https://datasetencode.blob.core.windows.net/dataset/2021/01/01/b4d60d9b-a3ef-4432-9652-965a98507b63/ENCFF157DSR.bed.gz?sv=2019-10-10&si=prod&sr=c&sig=9qSQZo4ggrCNpybBExU8SypuUZV33igI11xw0P7rB3c%3D	ENCODE4 v1.6.1 GRCh38	released	low read depth, borderline replicate concordance, low read length, improper control_type of control experiment		
ENCFF043FHJ	bed narrowPeak	bed	narrowPeak	IDR thresholded peaks	GRCh38	ENCSR000DLQ	TF ChIP-seq	/human-donors/ENCDO000AAC/	EFO:0001187	HepG2	cell line	Homo sapiens										POLR2A-human	DNA						2011-03-17	ENCODE		see document		1, 2, 3	1_1, 2_1, 3_1							/files/ENCFF343QJV/, /files/ENCFF390WNV/, /files/ENCFF386OKF/, /files/ENCFF062SCH/, /files/ENCFF356LFX/	416692	ENCODE Processing Pipeline	62cd04d9350410bcea8380a856bbf6a7		https://www.encodeproject.org/files/ENCFF043FHJ/@@download/ENCFF043FHJ.bed.gz				released	s3://encode-public/2021/01/02/189f7a1a-a5cb-40ce-aceb-157db0600ee6/ENCFF043FHJ.bed.gz	https://datasetencode.blob.core.windows.net/dataset/2021/01/02/189f7a1a-a5cb-40ce-aceb-157db0600ee6/ENCFF043FHJ.bed.gz?sv=2019-10-10&si=prod&sr=c&sig=9qSQZo4ggrCNpybBExU8SypuUZV33igI11xw0P7rB3c%3D	ENCODE4 v1.6.1 GRCh38	released	mild to moderate bottlenecking	insufficient read depth, insufficient read length	
ENCFF032ZPF	bed narrowPeak	bed	narrowPeak	IDR thresholded peaks	GRCh38	ENCSR000BJN	TF ChIP-seq	/human-donors/ENCDO000AAC/	EFO:0001187	HepG2	cell line	Homo sapiens										TAF1-human	DNA						2011-07-18	ENCODE		see document		1, 2	1_1, 2_1							/files/ENCFF580XZO/, /files/ENCFF209JAF/, /files/ENCFF293TQJ/, /files/ENCFF102EWF/, /files/ENCFF356LFX/	303220	ENCODE Processing Pipeline	2989a8fd81ab6babd10fa92324a11abf		https://www.encodeproject.org/files/ENCFF032ZPF/@@download/ENCFF032ZPF.bed.gz				released	s3://encode-public/2021/01/02/3d0469d6-73f5-41c7-b429-a74647634087/ENCFF032ZPF.bed.gz	https://datasetencode.blob.core.windows.net/dataset/2021/01/02/3d0469d6-73f5-41c7-b429-a74647634087/ENCFF032ZPF.bed.gz?sv=2019-10-10&si=prod&sr=c&sig=9qSQZo4ggrCNpybBExU8SypuUZV33igI11xw0P7rB3c%3D	ENCODE4 v1.6.1 GRCh38	released	low read depth, mild to moderate bottlenecking, low read length		
ENCFF442AHG	bed narrowPeak	bed	narrowPeak	IDR thresholded peaks	GRCh38	ENCSR656RTA	TF ChIP-seq	/human-donors/ENCDO000AAC/	EFO:0001187	HepG2	cell line	Homo sapiens				CRISPR	insertion	{'schema_version': '14', 'aliases': ['michael-snyder:TS-994'], 'organism': {'schema_version': '6', '@type': ['Organism', 'Item'], 'name': 'human', 'taxon_id': '9606', 'scientific_name': 'Homo sapiens', '@id': '/organisms/human/', 'uuid': '7745b647-ff15-4ff3-9ced-b897d4e2983c', 'status': 'released'}, 'genes': ['/genes/84503/'], '@type': ['Target', 'Item'], 'name': 'ZNF527-human', 'label': 'ZNF527', '@id': '/targets/ZNF527-human/', 'title': 'ZNF527 (Homo sapiens)', 'investigated_as': ['transcription factor'], 'uuid': '84103c6e-f973-4f25-8f5b-c1f96cd2bd9a', 'status': 'released'}				ZNF527-human	DNA				formaldehyde		2022-10-03	ENCODE		sonication (generic)		1, 2	1_1, 2_1							/files/ENCFF294NEM/, /files/ENCFF282WCP/, /files/ENCFF597XRI/, /files/ENCFF356LFX/	188028	ENCODE Processing Pipeline	9f5a6ff62f990ab4e08ef47bdbb850e7		https://www.encodeproject.org/files/ENCFF442AHG/@@download/ENCFF442AHG.bed.gz				released	s3://encode-public/2022/09/28/4cf41d5b-a2bf-46f7-b398-96dffb06b81f/ENCFF442AHG.bed.gz	https://datasetencode.blob.core.windows.net/dataset/2022/09/28/4cf41d5b-a2bf-46f7-b398-96dffb06b81f/ENCFF442AHG.bed.gz?sv=2019-10-10&si=prod&sr=c&sig=9qSQZo4ggrCNpybBExU8SypuUZV33igI11xw0P7rB3c%3D	ENCODE4 v1.8.1 GRCh38	released	missing genetic modification reagents, mild to moderate bottlenecking, borderline replicate concordance		
ENCFF938KVY	bed narrowPeak	bed	narrowPeak	IDR thresholded peaks	GRCh38	ENCSR642PQK	TF ChIP-seq	/human-donors/ENCDO000AAC/	EFO:0001187	HepG2	cell line	Homo sapiens				CRISPR	insertion	{'schema_version': '14', 'aliases': [], 'organism': {'schema_version': '6', '@type': ['Organism', 'Item'], 'name': 'human', 'taxon_id': '9606', 'scientific_name': 'Homo sapiens', '@id': '/organisms/human/', 'uuid': '7745b647-ff15-4ff3-9ced-b897d4e2983c', 'status': 'released'}, 'genes': ['/genes/6671/'], '@type': ['Target', 'Item'], 'name': 'SP4-human', 'label': 'SP4', '@id': '/targets/SP4-human/', 'title': 'SP4 (Homo sapiens)', 'investigated_as': ['transcription factor'], 'uuid': '12b0cfaf-030a-49db-a139-a387f246c697', 'status': 'released'}				SP4-human	DNA				formaldehyde		2023-01-06	ENCODE		sonication (generic)		1, 2	1_1, 2_1							/files/ENCFF338PKT/, /files/ENCFF939LLI/, /files/ENCFF356LFX/, /files/ENCFF360VJC/	422889	ENCODE Processing Pipeline	4fa22400a7d35d31bff6247414758f41		https://www.encodeproject.org/files/ENCFF938KVY/@@download/ENCFF938KVY.bed.gz				released	s3://encode-public/2022/12/21/6d6bb13e-371d-48ef-8867-410f3b604322/ENCFF938KVY.bed.gz	https://datasetencode.blob.core.windows.net/dataset/2022/12/21/6d6bb13e-371d-48ef-8867-410f3b604322/ENCFF938KVY.bed.gz?sv=2019-10-10&si=prod&sr=c&sig=9qSQZo4ggrCNpybBExU8SypuUZV33igI11xw0P7rB3c%3D	ENCODE4 v1.8.1 GRCh38	released	mild to moderate bottlenecking, missing genetic modification reagents		
ENCFF257JVF	bed narrowPeak	bed	narrowPeak	IDR thresholded peaks	GRCh38	ENCSR261EDU	TF ChIP-seq	/human-donors/ENCDO000AAC/	EFO:0001187	HepG2	cell line	Homo sapiens										MNT-human	DNA						2016-07-28	ENCODE			450-650	1, 2	1_1, 2_1							/files/ENCFF356LFX/, /files/ENCFF853PVI/, /files/ENCFF439FKU/, /files/ENCFF423ZRC/, /files/ENCFF243SVA/, /files/ENCFF310JPC/, /files/ENCFF622QQU/	552742	ENCODE Processing Pipeline	3cb1d6aafb0e14f0f4031e1d97a54605		https://www.encodeproject.org/files/ENCFF257JVF/@@download/ENCFF257JVF.bed.gz				released	s3://encode-public/2021/02/11/c4d1260a-93ac-41f0-9b12-616660eca112/ENCFF257JVF.bed.gz	https://datasetencode.blob.core.windows.net/dataset/2021/02/11/c4d1260a-93ac-41f0-9b12-616660eca112/ENCFF257JVF.bed.gz?sv=2019-10-10&si=prod&sr=c&sig=9qSQZo4ggrCNpybBExU8SypuUZV33igI11xw0P7rB3c%3D	ENCODE4 v1.6.1 GRCh38	released			
ENCFF651OAU	bed narrowPeak	bed	narrowPeak	IDR thresholded peaks	GRCh38	ENCSR268XPQ	TF ChIP-seq	/human-donors/ENCDO000AAC/	EFO:0001187	HepG2	cell line	Homo sapiens				CRISPR	insertion	{'dbxrefs': ['FactorBook:TCF12'], 'aliases': [], 'organism': {'schema_version': '6', '@type': ['Organism', 'Item'], 'name': 'human', 'taxon_id': '9606', 'scientific_name': 'Homo sapiens', '@id': '/organisms/human/', 'uuid': '7745b647-ff15-4ff3-9ced-b897d4e2983c', 'status': 'released'}, 'genes': ['/genes/6938/'], '@type': ['Target', 'Item'], 'label': 'TCF12', 'title': 'TCF12 (Homo sapiens)', 'investigated_as': ['transcription factor'], 'uuid': 'f65d9a3d-e0b4-47ce-9e0d-6a6515ba5cdc', 'schema_version': '14', 'name': 'TCF12-human', '@id': '/targets/TCF12-human/', 'status': 'released'}				TCF12-human	DNA				formaldehyde		2022-01-13	ENCODE		sonication (generic)		1, 2	1_1, 2_1							/files/ENCFF356LFX/, /files/ENCFF959XDT/, /files/ENCFF805GIT/, /files/ENCFF888NLH/	246977	ENCODE Processing Pipeline	30c16b25fd5f95fa596fe46b93713c0f		https://www.encodeproject.org/files/ENCFF651OAU/@@download/ENCFF651OAU.bed.gz				released	s3://encode-public/2022/01/01/d423bfb3-07ea-4a94-8644-479407d0a3be/ENCFF651OAU.bed.gz	https://datasetencode.blob.core.windows.net/dataset/2022/01/01/d423bfb3-07ea-4a94-8644-479407d0a3be/ENCFF651OAU.bed.gz?sv=2019-10-10&si=prod&sr=c&sig=9qSQZo4ggrCNpybBExU8SypuUZV33igI11xw0P7rB3c%3D	ENCODE4 v1.8.0 GRCh38	released	mild to moderate bottlenecking, missing genetic modification reagents, moderate library complexity		
ENCFF031LBW	bed narrowPeak	bed	narrowPeak	optimal IDR thresholded peaks	GRCh38	ENCSR313VZG	TF ChIP-seq	/human-donors/ENCDO000AAC/	EFO:0001187	HepG2	cell line	Homo sapiens										FIP1L1-human	DNA			SDS	formaldehyde		2018-01-19	ENCODE			200-400	1, 2	1_1, 2_1							/files/ENCFF419RSJ/, /files/ENCFF886VSQ/, /files/ENCFF020YTL/, /files/ENCFF693PBB/	63344	ENCODE Processing Pipeline	0265ee489fc99266cce97837f12ce49c		https://www.encodeproject.org/files/ENCFF031LBW/@@download/ENCFF031LBW.bed.gz				released	s3://encode-public/2018/01/09/a91aed64-d340-4e12-a3c9-fc4c195a63f4/ENCFF031LBW.bed.gz	https://datasetencode.blob.core.windows.net/dataset/2018/01/09/a91aed64-d340-4e12-a3c9-fc4c195a63f4/ENCFF031LBW.bed.gz?sv=2019-10-10&si=prod&sr=c&sig=9qSQZo4ggrCNpybBExU8SypuUZV33igI11xw0P7rB3c%3D	ENCODE3 GRCh38	released	low read length, mild to moderate bottlenecking, borderline replicate concordance, low read depth, moderate library complexity	insufficient read depth	
ENCFF093OUB	bed narrowPeak	bed	narrowPeak	optimal IDR thresholded peaks	hg19	ENCSR313VZG	TF ChIP-seq	/human-donors/ENCDO000AAC/	EFO:0001187	HepG2	cell line	Homo sapiens										FIP1L1-human	DNA			SDS	formaldehyde		2018-01-19	ENCODE			200-400	1, 2	1_1, 2_1							/files/ENCFF940FLJ/, /files/ENCFF001TDO/, /files/ENCFF774WWH/, /files/ENCFF085CEK/	68983	ENCODE Processing Pipeline	0a4e7d993d80ecf65920797b2053a03d		https://www.encodeproject.org/files/ENCFF093OUB/@@download/ENCFF093OUB.bed.gz				released	s3://encode-public/2018/01/10/eacfa2f5-c30d-4d5a-8c46-54c023b19b72/ENCFF093OUB.bed.gz	https://datasetencode.blob.core.windows.net/dataset/2018/01/10/eacfa2f5-c30d-4d5a-8c46-54c023b19b72/ENCFF093OUB.bed.gz?sv=2019-10-10&si=prod&sr=c&sig=9qSQZo4ggrCNpybBExU8SypuUZV33igI11xw0P7rB3c%3D	ENCODE3 hg19	released	low read length, mild to moderate bottlenecking, borderline replicate concordance, low read depth, moderate library complexity	insufficient read depth	
ENCFF390VZU	bed narrowPeak	bed	narrowPeak	IDR thresholded peaks	GRCh38	ENCSR313VZG	TF ChIP-seq	/human-donors/ENCDO000AAC/	EFO:0001187	HepG2	cell line	Homo sapiens										FIP1L1-human	DNA			SDS	formaldehyde		2018-01-19	ENCODE			200-400	1, 2	1_1, 2_1							/files/ENCFF356LFX/, /files/ENCFF809XWW/, /files/ENCFF822EXO/, /files/ENCFF715RSL/, /files/ENCFF598EFH/	60805	ENCODE Processing Pipeline	4000b8c264b48c5695f1023473d80c9a		https://www.encodeproject.org/files/ENCFF390VZU/@@download/ENCFF390VZU.bed.gz				released	s3://encode-public/2020/12/01/41b0f4d2-f9f4-49ba-a213-9eb9a7d32ca2/ENCFF390VZU.bed.gz	https://datasetencode.blob.core.windows.net/dataset/2020/12/01/41b0f4d2-f9f4-49ba-a213-9eb9a7d32ca2/ENCFF390VZU.bed.gz?sv=2019-10-10&si=prod&sr=c&sig=9qSQZo4ggrCNpybBExU8SypuUZV33igI11xw0P7rB3c%3D	ENCODE4 v1.6.1 GRCh38	released	low read length, mild to moderate bottlenecking, borderline replicate concordance, low read depth, moderate library complexity	insufficient read depth	
ENCFF862WTX	bed narrowPeak	bed	narrowPeak	IDR thresholded peaks	GRCh38	ENCSR308LFD	TF ChIP-seq	/human-donors/ENCDO000AAC/	EFO:0001187	HepG2	cell line	Homo sapiens				CRISPR	insertion	{'schema_version': '14', 'aliases': [], 'organism': {'schema_version': '6', '@type': ['Organism', 'Item'], 'name': 'human', 'taxon_id': '9606', 'scientific_name': 'Homo sapiens', '@id': '/organisms/human/', 'uuid': '7745b647-ff15-4ff3-9ced-b897d4e2983c', 'status': 'released'}, 'genes': ['/genes/6736/'], '@type': ['Target', 'Item'], 'name': 'SRY-human', 'label': 'SRY', '@id': '/targets/SRY-human/', 'title': 'SRY (Homo sapiens)', 'investigated_as': ['transcription factor'], 'uuid': '7307f876-0bd8-4b2e-a473-6865387d6823', 'status': 'released'}				SRY-human	DNA				formaldehyde		2022-07-15	ENCODE		sonication (generic)		1, 2	1_1, 2_1							/files/ENCFF689EHG/, /files/ENCFF356LFX/, /files/ENCFF616XHA/, /files/ENCFF380QRQ/, /files/ENCFF523HUD/	288934	ENCODE Processing Pipeline	55488c8e7f4da0f19fe7d0a15c33100c		https://www.encodeproject.org/files/ENCFF862WTX/@@download/ENCFF862WTX.bed.gz				released	s3://encode-public/2022/05/25/7a084cc9-772d-42da-ba75-ea91595dd3d5/ENCFF862WTX.bed.gz	https://datasetencode.blob.core.windows.net/dataset/2022/05/25/7a084cc9-772d-42da-ba75-ea91595dd3d5/ENCFF862WTX.bed.gz?sv=2019-10-10&si=prod&sr=c&sig=9qSQZo4ggrCNpybBExU8SypuUZV33igI11xw0P7rB3c%3D	ENCODE4 v1.8.0 GRCh38	released	mild to moderate bottlenecking, missing genetic modification reagents		
ENCFF218BAR	bed narrowPeak	bed	narrowPeak	IDR thresholded peaks	GRCh38	ENCSR445ACU	TF ChIP-seq	/human-donors/ENCDO000AAC/	EFO:0001187	HepG2	cell line	Homo sapiens										SOX13-human	DNA						2016-06-13	ENCODE		sonication (generic)		1, 2	1_1, 2_1							/files/ENCFF692ZQU/, /files/ENCFF073XJD/, /files/ENCFF906YOV/, /files/ENCFF356LFX/, /files/ENCFF159DIX/	204897	ENCODE Processing Pipeline	df5037f6d051ed78602263f33d343fc3		https://www.encodeproject.org/files/ENCFF218BAR/@@download/ENCFF218BAR.bed.gz				released	s3://encode-public/2021/02/04/43b3fceb-d4d5-4000-92a6-c8def535a2fc/ENCFF218BAR.bed.gz	https://datasetencode.blob.core.windows.net/dataset/2021/02/04/43b3fceb-d4d5-4000-92a6-c8def535a2fc/ENCFF218BAR.bed.gz?sv=2019-10-10&si=prod&sr=c&sig=9qSQZo4ggrCNpybBExU8SypuUZV33igI11xw0P7rB3c%3D	ENCODE4 v1.6.1 GRCh38	released	antibody characterized with exemption		
ENCFF847EOB	bed narrowPeak	bed	narrowPeak	IDR thresholded peaks	GRCh38	ENCSR953MMC	TF ChIP-seq	/human-donors/ENCDO000AAC/	EFO:0001187	HepG2	cell line	Homo sapiens				CRISPR	insertion	{'schema_version': '14', 'aliases': [], 'organism': {'schema_version': '6', '@type': ['Organism', 'Item'], 'name': 'human', 'taxon_id': '9606', 'scientific_name': 'Homo sapiens', '@id': '/organisms/human/', 'uuid': '7745b647-ff15-4ff3-9ced-b897d4e2983c', 'status': 'released'}, 'genes': ['/genes/23211/'], '@type': ['Target', 'Item'], 'name': 'ZC3H4-human', 'label': 'ZC3H4', '@id': '/targets/ZC3H4-human/', 'title': 'ZC3H4 (Homo sapiens)', 'investigated_as': ['RNA binding protein'], 'uuid': '737d0ef5-bf94-43cf-b944-f1a1261a8af6', 'status': 'released'}				ZC3H4-human	DNA				formaldehyde		2020-07-09	ENCODE		sonication (generic)		1, 2	1_1, 2_1							/files/ENCFF093PBC/, /files/ENCFF356LFX/, /files/ENCFF888BDV/, /files/ENCFF723HPB/	129488	ENCODE Processing Pipeline	73b80a333f3f72a2a664683b4a01421b		https://www.encodeproject.org/files/ENCFF847EOB/@@download/ENCFF847EOB.bed.gz				released	s3://encode-public/2020/07/01/720af016-6e66-4dae-b9d8-74e57dbc2917/ENCFF847EOB.bed.gz	https://datasetencode.blob.core.windows.net/dataset/2020/07/01/720af016-6e66-4dae-b9d8-74e57dbc2917/ENCFF847EOB.bed.gz?sv=2019-10-10&si=prod&sr=c&sig=9qSQZo4ggrCNpybBExU8SypuUZV33igI11xw0P7rB3c%3D	ENCODE4 v1.4.0 GRCh38	released	missing genetic modification reagents, borderline replicate concordance		
ENCFF643FQU	bed narrowPeak	bed	narrowPeak	IDR thresholded peaks	GRCh38	ENCSR331HWO	TF ChIP-seq	/human-donors/ENCDO000AAC/	EFO:0001187	HepG2	cell line	Homo sapiens				CRISPR	insertion	{'dbxrefs': ['FactorBook:ZBTB1'], 'aliases': ['michael-snyder:TS-1379'], 'organism': {'schema_version': '6', '@type': ['Organism', 'Item'], 'name': 'human', 'taxon_id': '9606', 'scientific_name': 'Homo sapiens', '@id': '/organisms/human/', 'uuid': '7745b647-ff15-4ff3-9ced-b897d4e2983c', 'status': 'released'}, 'genes': ['/genes/22890/'], '@type': ['Target', 'Item'], 'label': 'ZBTB1', 'title': 'ZBTB1 (Homo sapiens)', 'investigated_as': ['DNA repair'], 'uuid': '647206fd-b78f-4e09-9585-b3fc4dd7ecb5', 'schema_version': '14', 'name': 'ZBTB1-human', '@id': '/targets/ZBTB1-human/', 'status': 'released'}				ZBTB1-human	DNA				formaldehyde		2020-07-09	ENCODE		sonication (generic)		1, 2	1_1, 2_1							/files/ENCFF723HPB/, /files/ENCFF348GRX/, /files/ENCFF316DKI/, /files/ENCFF356LFX/	36146	ENCODE Processing Pipeline	b617ab2d86354ad96ead34f3f7b3bd41		https://www.encodeproject.org/files/ENCFF643FQU/@@download/ENCFF643FQU.bed.gz				released	s3://encode-public/2020/07/01/5cf170f3-7d35-4297-86f7-e9520df7df9d/ENCFF643FQU.bed.gz	https://datasetencode.blob.core.windows.net/dataset/2020/07/01/5cf170f3-7d35-4297-86f7-e9520df7df9d/ENCFF643FQU.bed.gz?sv=2019-10-10&si=prod&sr=c&sig=9qSQZo4ggrCNpybBExU8SypuUZV33igI11xw0P7rB3c%3D	ENCODE4 v1.4.0 GRCh38	released	missing genetic modification reagents, borderline replicate concordance		
ENCFF748SGP	bed narrowPeak	bed	narrowPeak	IDR thresholded peaks	GRCh38	ENCSR639UKJ	TF ChIP-seq	/human-donors/ENCDO000AAC/	EFO:0001187	HepG2	cell line	Homo sapiens				CRISPR	insertion	{'schema_version': '14', 'aliases': [], 'organism': {'schema_version': '6', '@type': ['Organism', 'Item'], 'name': 'human', 'taxon_id': '9606', 'scientific_name': 'Homo sapiens', '@id': '/organisms/human/', 'uuid': '7745b647-ff15-4ff3-9ced-b897d4e2983c', 'status': 'released'}, 'genes': ['/genes/8028/'], '@type': ['Target', 'Item'], 'name': 'MLLT10-human', 'label': 'MLLT10', '@id': '/targets/MLLT10-human/', 'title': 'MLLT10 (Homo sapiens)', 'investigated_as': ['transcription factor'], 'uuid': 'c0d1b42e-5569-459d-aeda-da2a84333302', 'status': 'released'}				MLLT10-human	DNA				formaldehyde		2020-07-08	ENCODE		sonication (generic)		1, 2	1_1, 2_1							/files/ENCFF356LFX/, /files/ENCFF657NDS/, /files/ENCFF063WAY/, /files/ENCFF360FUV/	24048	ENCODE Processing Pipeline	14ca6920e89869b861700491662e6b6f		https://www.encodeproject.org/files/ENCFF748SGP/@@download/ENCFF748SGP.bed.gz				released	s3://encode-public/2020/07/04/c01a72be-7f9f-4eb9-9bfb-4fd5a0a3880e/ENCFF748SGP.bed.gz	https://datasetencode.blob.core.windows.net/dataset/2020/07/04/c01a72be-7f9f-4eb9-9bfb-4fd5a0a3880e/ENCFF748SGP.bed.gz?sv=2019-10-10&si=prod&sr=c&sig=9qSQZo4ggrCNpybBExU8SypuUZV33igI11xw0P7rB3c%3D	ENCODE4 v1.4.0 GRCh38	released	missing genetic modification reagents		
ENCFF453UVV	bed narrowPeak	bed	narrowPeak	IDR thresholded peaks	GRCh38	ENCSR469GZL	TF ChIP-seq	/human-donors/ENCDO000AAC/	EFO:0001187	HepG2	cell line	Homo sapiens				CRISPR	insertion	{'schema_version': '14', 'aliases': [], 'organism': {'schema_version': '6', '@type': ['Organism', 'Item'], 'name': 'human', 'taxon_id': '9606', 'scientific_name': 'Homo sapiens', '@id': '/organisms/human/', 'uuid': '7745b647-ff15-4ff3-9ced-b897d4e2983c', 'status': 'released'}, 'genes': ['/genes/84458/'], '@type': ['Target', 'Item'], 'name': 'LCOR-human', 'label': 'LCOR', '@id': '/targets/LCOR-human/', 'title': 'LCOR (Homo sapiens)', 'investigated_as': ['transcription factor'], 'uuid': '8da5daff-ed17-4c2b-9a42-3b3689fd38f2', 'status': 'released'}				LCOR-human	DNA				formaldehyde		2020-07-09	ENCODE		sonication (generic)		1, 2	1_1, 2_1							/files/ENCFF675MXL/, /files/ENCFF723HPB/, /files/ENCFF386WDR/, /files/ENCFF356LFX/	607401	ENCODE Processing Pipeline	6cce76c557fbe027d031c6f175b6a35b		https://www.encodeproject.org/files/ENCFF453UVV/@@download/ENCFF453UVV.bed.gz				released	s3://encode-public/2020/07/01/2066e299-874c-465d-9aaf-b87556626722/ENCFF453UVV.bed.gz	https://datasetencode.blob.core.windows.net/dataset/2020/07/01/2066e299-874c-465d-9aaf-b87556626722/ENCFF453UVV.bed.gz?sv=2019-10-10&si=prod&sr=c&sig=9qSQZo4ggrCNpybBExU8SypuUZV33igI11xw0P7rB3c%3D	ENCODE4 v1.4.0 GRCh38	released	missing genetic modification reagents		
ENCFF370XOM	bed narrowPeak	bed	narrowPeak	IDR thresholded peaks	GRCh38	ENCSR354FPG	TF ChIP-seq	/human-donors/ENCDO000AAC/	EFO:0001187	HepG2	cell line	Homo sapiens				CRISPR	insertion	{'schema_version': '14', 'aliases': [], 'organism': {'schema_version': '6', '@type': ['Organism', 'Item'], 'name': 'human', 'taxon_id': '9606', 'scientific_name': 'Homo sapiens', '@id': '/organisms/human/', 'uuid': '7745b647-ff15-4ff3-9ced-b897d4e2983c', 'status': 'released'}, 'genes': ['/genes/6777/'], '@type': ['Target', 'Item'], 'name': 'STAT5B-human', 'label': 'STAT5B', '@id': '/targets/STAT5B-human/', 'title': 'STAT5B (Homo sapiens)', 'investigated_as': ['transcription factor'], 'uuid': '99beabc3-ad50-44a4-a82b-aa7fc009266b', 'status': 'released'}				STAT5B-human	DNA				formaldehyde		2020-07-09	ENCODE		sonication (generic)		1, 2	1_1, 2_1							/files/ENCFF723HPB/, /files/ENCFF646MIS/, /files/ENCFF424BQV/, /files/ENCFF356LFX/	86336	ENCODE Processing Pipeline	8111f6a280541a89b612eb8426bc49d0		https://www.encodeproject.org/files/ENCFF370XOM/@@download/ENCFF370XOM.bed.gz				released	s3://encode-public/2020/07/06/b1192888-9aa4-4066-a537-4b24d565d221/ENCFF370XOM.bed.gz	https://datasetencode.blob.core.windows.net/dataset/2020/07/06/b1192888-9aa4-4066-a537-4b24d565d221/ENCFF370XOM.bed.gz?sv=2019-10-10&si=prod&sr=c&sig=9qSQZo4ggrCNpybBExU8SypuUZV33igI11xw0P7rB3c%3D	ENCODE4 v1.4.0 GRCh38	released	missing genetic modification reagents		
ENCFF355HRT	bed narrowPeak	bed	narrowPeak	IDR thresholded peaks	GRCh38	ENCSR800JRG	TF ChIP-seq	/human-donors/ENCDO000AAC/	EFO:0001187	HepG2	cell line	Homo sapiens				CRISPR	insertion	{'dbxrefs': ['FactorBook:TEAD4'], 'aliases': [], 'organism': {'schema_version': '6', '@type': ['Organism', 'Item'], 'name': 'human', 'taxon_id': '9606', 'scientific_name': 'Homo sapiens', '@id': '/organisms/human/', 'uuid': '7745b647-ff15-4ff3-9ced-b897d4e2983c', 'status': 'released'}, 'genes': ['/genes/7004/'], '@type': ['Target', 'Item'], 'label': 'TEAD4', 'title': 'TEAD4 (Homo sapiens)', 'investigated_as': ['transcription factor'], 'uuid': 'dcdb1646-e6e3-4d05-888a-3e65d464ce78', 'schema_version': '14', 'name': 'TEAD4-human', '@id': '/targets/TEAD4-human/', 'status': 'released'}				TEAD4-human	DNA				formaldehyde		2020-07-09	ENCODE		sonication (generic)		1, 2	1_1, 2_1							/files/ENCFF005QQU/, /files/ENCFF356LFX/, /files/ENCFF942JPJ/, /files/ENCFF723HPB/	344426	ENCODE Processing Pipeline	4c4810abfb924ffd59eaff45f9a60a37		https://www.encodeproject.org/files/ENCFF355HRT/@@download/ENCFF355HRT.bed.gz				released	s3://encode-public/2020/07/02/5926c717-473f-43af-b3f8-8b3e2050bcf7/ENCFF355HRT.bed.gz	https://datasetencode.blob.core.windows.net/dataset/2020/07/02/5926c717-473f-43af-b3f8-8b3e2050bcf7/ENCFF355HRT.bed.gz?sv=2019-10-10&si=prod&sr=c&sig=9qSQZo4ggrCNpybBExU8SypuUZV33igI11xw0P7rB3c%3D	ENCODE4 v1.4.0 GRCh38	released	missing genetic modification reagents		
ENCFF320EKJ	bed narrowPeak	bed	narrowPeak	IDR thresholded peaks	GRCh38	ENCSR563SHQ	TF ChIP-seq	/human-donors/ENCDO000AAC/	EFO:0001187	HepG2	cell line	Homo sapiens				CRISPR	insertion	{'schema_version': '14', 'aliases': [], 'organism': {'schema_version': '6', '@type': ['Organism', 'Item'], 'name': 'human', 'taxon_id': '9606', 'scientific_name': 'Homo sapiens', '@id': '/organisms/human/', 'uuid': '7745b647-ff15-4ff3-9ced-b897d4e2983c', 'status': 'released'}, 'genes': ['/genes/678/'], '@type': ['Target', 'Item'], 'name': 'ZFP36L2-human', 'label': 'ZFP36L2', '@id': '/targets/ZFP36L2-human/', 'title': 'ZFP36L2 (Homo sapiens)', 'investigated_as': ['RNA binding protein'], 'uuid': '3e776c55-4ea7-4585-bd41-95b3ae6e3d08', 'status': 'released'}				ZFP36L2-human	DNA				formaldehyde		2020-07-09	ENCODE		sonication (generic)		1, 2	1_1, 2_1							/files/ENCFF356LFX/, /files/ENCFF799OUV/, /files/ENCFF908XVC/, /files/ENCFF723HPB/	58161	ENCODE Processing Pipeline	786720d689e8d14f801445bfdcb42b69		https://www.encodeproject.org/files/ENCFF320EKJ/@@download/ENCFF320EKJ.bed.gz				released	s3://encode-public/2020/07/06/332a449a-7aaf-4c61-a9e9-15be14fe5335/ENCFF320EKJ.bed.gz	https://datasetencode.blob.core.windows.net/dataset/2020/07/06/332a449a-7aaf-4c61-a9e9-15be14fe5335/ENCFF320EKJ.bed.gz?sv=2019-10-10&si=prod&sr=c&sig=9qSQZo4ggrCNpybBExU8SypuUZV33igI11xw0P7rB3c%3D	ENCODE4 v1.4.0 GRCh38	released	missing genetic modification reagents		
ENCFF437PVG	bed narrowPeak	bed	narrowPeak	IDR thresholded peaks	GRCh38	ENCSR062TDX	TF ChIP-seq	/human-donors/ENCDO000AAC/	EFO:0001187	HepG2	cell line	Homo sapiens				CRISPR	insertion	{'schema_version': '14', 'aliases': [], 'organism': {'schema_version': '6', '@type': ['Organism', 'Item'], 'name': 'human', 'taxon_id': '9606', 'scientific_name': 'Homo sapiens', '@id': '/organisms/human/', 'uuid': '7745b647-ff15-4ff3-9ced-b897d4e2983c', 'status': 'released'}, 'genes': ['/genes/6297/'], '@type': ['Target', 'Item'], 'name': 'SALL2-human', 'label': 'SALL2', '@id': '/targets/SALL2-human/', 'title': 'SALL2 (Homo sapiens)', 'investigated_as': ['transcription factor'], 'uuid': '0f9bb016-c662-48e8-8656-a6d09c1a030e', 'status': 'released'}				SALL2-human	DNA				formaldehyde		2023-01-06	ENCODE		sonication (generic)		1, 2	1_1, 2_1							/files/ENCFF233KSC/, /files/ENCFF657NDS/, /files/ENCFF356LFX/, /files/ENCFF359GMV/	327148	ENCODE Processing Pipeline	42e562d563e74e3379e543a13abd8808		https://www.encodeproject.org/files/ENCFF437PVG/@@download/ENCFF437PVG.bed.gz				released	s3://encode-public/2022/12/19/d5bb0b64-0e64-4af1-9112-beb8a5afb41d/ENCFF437PVG.bed.gz	https://datasetencode.blob.core.windows.net/dataset/2022/12/19/d5bb0b64-0e64-4af1-9112-beb8a5afb41d/ENCFF437PVG.bed.gz?sv=2019-10-10&si=prod&sr=c&sig=9qSQZo4ggrCNpybBExU8SypuUZV33igI11xw0P7rB3c%3D	ENCODE4 v1.8.1 GRCh38	released	mild to moderate bottlenecking, inconsistent platforms, missing genetic modification reagents		
ENCFF263RCV	bed narrowPeak	bed	narrowPeak	IDR thresholded peaks	GRCh38	ENCSR000BLF	TF ChIP-seq	/human-donors/ENCDO000AAC/	EFO:0001187	HepG2	cell line	Homo sapiens										HNF4A-human	DNA						2011-07-18	ENCODE		see document		1, 2	1_1, 2_1							/files/ENCFF459YUC/, /files/ENCFF875HPK/, /files/ENCFF885PIW/, /files/ENCFF285GKD/, /files/ENCFF369QPZ/, /files/ENCFF527WLW/, /files/ENCFF356LFX/	405278	ENCODE Processing Pipeline	af4a5c2ad93a8f463e6ab9b927508fd9		https://www.encodeproject.org/files/ENCFF263RCV/@@download/ENCFF263RCV.bed.gz				released	s3://encode-public/2021/01/06/2b252447-4d92-4e27-a392-07da6c7ba3f5/ENCFF263RCV.bed.gz	https://datasetencode.blob.core.windows.net/dataset/2021/01/06/2b252447-4d92-4e27-a392-07da6c7ba3f5/ENCFF263RCV.bed.gz?sv=2019-10-10&si=prod&sr=c&sig=9qSQZo4ggrCNpybBExU8SypuUZV33igI11xw0P7rB3c%3D	ENCODE4 v1.6.1 GRCh38	released	mild to moderate bottlenecking, low read length, moderate library complexity	insufficient read depth	
ENCFF321MWB	bed narrowPeak	bed	narrowPeak	IDR thresholded peaks	GRCh38	ENCSR924KZA	TF ChIP-seq	/human-donors/ENCDO000AAC/	EFO:0001187	HepG2	cell line	Homo sapiens				CRISPR	insertion	{'schema_version': '14', 'aliases': ['michael-snyder:TS-1499'], 'organism': {'schema_version': '6', '@type': ['Organism', 'Item'], 'name': 'human', 'taxon_id': '9606', 'scientific_name': 'Homo sapiens', '@id': '/organisms/human/', 'uuid': '7745b647-ff15-4ff3-9ced-b897d4e2983c', 'status': 'released'}, 'genes': ['/genes/9310/'], '@type': ['Target', 'Item'], 'name': 'ZNF235-human', 'label': 'ZNF235', '@id': '/targets/ZNF235-human/', 'title': 'ZNF235 (Homo sapiens)', 'investigated_as': ['transcription factor'], 'uuid': 'be1bb7e9-4c09-431d-b0c5-93b07e5f7925', 'status': 'released'}				ZNF235-human	DNA				formaldehyde		2023-01-06	ENCODE		sonication (generic)		1, 2	1_1, 2_1							/files/ENCFF959XDT/, /files/ENCFF823TDH/, /files/ENCFF356LFX/, /files/ENCFF378NPD/	187055	ENCODE Processing Pipeline	443f27247ce808d8236aefa2b039d6c4		https://www.encodeproject.org/files/ENCFF321MWB/@@download/ENCFF321MWB.bed.gz				released	s3://encode-public/2022/12/19/304c893d-6fd5-4beb-a077-534b623c1f18/ENCFF321MWB.bed.gz	https://datasetencode.blob.core.windows.net/dataset/2022/12/19/304c893d-6fd5-4beb-a077-534b623c1f18/ENCFF321MWB.bed.gz?sv=2019-10-10&si=prod&sr=c&sig=9qSQZo4ggrCNpybBExU8SypuUZV33igI11xw0P7rB3c%3D	ENCODE4 v1.8.1 GRCh38	released	missing genetic modification reagents, mild to moderate bottlenecking, borderline replicate concordance		
ENCFF611FIV	bed narrowPeak	bed	narrowPeak	IDR thresholded peaks	GRCh38	ENCSR000BQX	TF ChIP-seq	/human-donors/ENCDO000AAC/	EFO:0001187	HepG2	cell line	Homo sapiens										NFIC-human	DNA						2012-02-29	ENCODE		see document		1, 2	1_1, 2_1							/files/ENCFF434VWY/, /files/ENCFF379RHD/, /files/ENCFF798YVP/, /files/ENCFF356LFX/, /files/ENCFF430MNY/, /files/ENCFF189WKV/	320182	ENCODE Processing Pipeline	85483dc0536009c73a9f015af8858799		https://www.encodeproject.org/files/ENCFF611FIV/@@download/ENCFF611FIV.bed.gz				released	s3://encode-public/2020/12/26/dc011514-e2f0-4dab-aa02-d35dc5005173/ENCFF611FIV.bed.gz	https://datasetencode.blob.core.windows.net/dataset/2020/12/26/dc011514-e2f0-4dab-aa02-d35dc5005173/ENCFF611FIV.bed.gz?sv=2019-10-10&si=prod&sr=c&sig=9qSQZo4ggrCNpybBExU8SypuUZV33igI11xw0P7rB3c%3D	ENCODE4 v1.6.1 GRCh38	released	mild to moderate bottlenecking, inconsistent platforms, low read length		
ENCFF342ETP	bed narrowPeak	bed	narrowPeak	IDR thresholded peaks	GRCh38	ENCSR623RFC	TF ChIP-seq	/human-donors/ENCDO000AAC/	EFO:0001187	HepG2	cell line	Homo sapiens				CRISPR	insertion	{'schema_version': '14', 'aliases': [], 'organism': {'schema_version': '6', '@type': ['Organism', 'Item'], 'name': 'human', 'taxon_id': '9606', 'scientific_name': 'Homo sapiens', '@id': '/organisms/human/', 'uuid': '7745b647-ff15-4ff3-9ced-b897d4e2983c', 'status': 'released'}, 'genes': ['/genes/3431/'], '@type': ['Target', 'Item'], 'name': 'SP110-human', 'label': 'SP110', '@id': '/targets/SP110-human/', 'title': 'SP110 (Homo sapiens)', 'investigated_as': ['transcription factor'], 'uuid': 'e1389b05-408a-443d-812e-314bf61989ec', 'status': 'released'}				SP110-human	DNA				formaldehyde		2021-04-22	ENCODE		sonication (generic)		1, 2	1_1, 2_1							/files/ENCFF768GYB/, /files/ENCFF996XCW/, /files/ENCFF855UPJ/, /files/ENCFF865PWA/, /files/ENCFF356LFX/	71271	ENCODE Processing Pipeline	36177e73e4cc29ad5aebfdb9a3e6596b		https://www.encodeproject.org/files/ENCFF342ETP/@@download/ENCFF342ETP.bed.gz				released	s3://encode-public/2021/04/21/ec2e7fc4-64ac-4a17-a024-b6ca6307bb27/ENCFF342ETP.bed.gz	https://datasetencode.blob.core.windows.net/dataset/2021/04/21/ec2e7fc4-64ac-4a17-a024-b6ca6307bb27/ENCFF342ETP.bed.gz?sv=2019-10-10&si=prod&sr=c&sig=9qSQZo4ggrCNpybBExU8SypuUZV33igI11xw0P7rB3c%3D	ENCODE4 v1.8.1 GRCh38	released	mild to moderate bottlenecking, borderline replicate concordance, missing genetic modification reagents		
ENCFF062USI	bed narrowPeak	bed	narrowPeak	IDR thresholded peaks	GRCh38	ENCSR000EEX	TF ChIP-seq	/human-donors/ENCDO000AAC/	EFO:0001187	HepG2	cell line	Homo sapiens	forskolin, pyruvate	1 mM	6.0 hour, 6 hour							CEBPB-human	DNA						2011-10-29	ENCODE		see document		1, 2	1_1, 2_1							/files/ENCFF804RED/, /files/ENCFF440OFC/, /files/ENCFF773HFG/, /files/ENCFF356LFX/, /files/ENCFF597UUI/	308403	ENCODE Processing Pipeline	45d7cfdaf1bbfcfb76372e66c865e878		https://www.encodeproject.org/files/ENCFF062USI/@@download/ENCFF062USI.bed.gz				released	s3://encode-public/2021/01/01/ca58c848-a7cf-4e27-aa06-2c62baffd5fa/ENCFF062USI.bed.gz	https://datasetencode.blob.core.windows.net/dataset/2021/01/01/ca58c848-a7cf-4e27-aa06-2c62baffd5fa/ENCFF062USI.bed.gz?sv=2019-10-10&si=prod&sr=c&sig=9qSQZo4ggrCNpybBExU8SypuUZV33igI11xw0P7rB3c%3D	ENCODE4 v1.6.1 GRCh38	released		insufficient read depth, insufficient read length	extremely low read depth
ENCFF382YJO	bed narrowPeak	bed	narrowPeak	IDR thresholded peaks	GRCh38	ENCSR000BHU	TF ChIP-seq	/human-donors/ENCDO000AAC/	EFO:0001187	HepG2	cell line	Homo sapiens										RXRA-human	DNA						2011-07-18	ENCODE		see document		1, 2	1_1, 2_1							/files/ENCFF527WLW/, /files/ENCFF914DPO/, /files/ENCFF356LFX/, /files/ENCFF875HPK/, /files/ENCFF714SQH/	347763	ENCODE Processing Pipeline	077d09eb4aeba266a762d5170b740db2		https://www.encodeproject.org/files/ENCFF382YJO/@@download/ENCFF382YJO.bed.gz				released	s3://encode-public/2021/01/01/57ed3aa7-31e6-48ed-8980-5773cd56dd33/ENCFF382YJO.bed.gz	https://datasetencode.blob.core.windows.net/dataset/2021/01/01/57ed3aa7-31e6-48ed-8980-5773cd56dd33/ENCFF382YJO.bed.gz?sv=2019-10-10&si=prod&sr=c&sig=9qSQZo4ggrCNpybBExU8SypuUZV33igI11xw0P7rB3c%3D	ENCODE4 v1.6.1 GRCh38	released	low read depth, borderline replicate concordance, mild to moderate bottlenecking, low read length		
ENCFF890WJZ	bed narrowPeak	bed	narrowPeak	IDR thresholded peaks	GRCh38	ENCSR000BJK	TF ChIP-seq	/human-donors/ENCDO000AAC/	EFO:0001187	HepG2	cell line	Homo sapiens										GABPA-human	DNA						2011-07-18	ENCODE		see document		1, 2	1_1, 2_1							/files/ENCFF356LFX/, /files/ENCFF517SWL/, /files/ENCFF211TLP/, /files/ENCFF102EWF/, /files/ENCFF293TQJ/	147513	ENCODE Processing Pipeline	3ebbbc41466012efd785c57bf4a7aa32		https://www.encodeproject.org/files/ENCFF890WJZ/@@download/ENCFF890WJZ.bed.gz				released	s3://encode-public/2020/12/26/caebaf00-b9f6-455f-ad9f-83ffb164b166/ENCFF890WJZ.bed.gz	https://datasetencode.blob.core.windows.net/dataset/2020/12/26/caebaf00-b9f6-455f-ad9f-83ffb164b166/ENCFF890WJZ.bed.gz?sv=2019-10-10&si=prod&sr=c&sig=9qSQZo4ggrCNpybBExU8SypuUZV33igI11xw0P7rB3c%3D	ENCODE4 v1.6.1 GRCh38	released	low read depth, low read length		
ENCFF004BLZ	bed narrowPeak	bed	narrowPeak	IDR thresholded peaks	GRCh38	ENCSR148FHD	TF ChIP-seq	/human-donors/ENCDO000AAC/	EFO:0001187	HepG2	cell line	Homo sapiens				CRISPR	insertion	{'schema_version': '14', 'aliases': ['michael-snyder:TS-796'], 'organism': {'schema_version': '6', '@type': ['Organism', 'Item'], 'name': 'human', 'taxon_id': '9606', 'scientific_name': 'Homo sapiens', '@id': '/organisms/human/', 'uuid': '7745b647-ff15-4ff3-9ced-b897d4e2983c', 'status': 'released'}, 'genes': ['/genes/152485/'], '@type': ['Target', 'Item'], 'name': 'ZNF827-human', 'label': 'ZNF827', '@id': '/targets/ZNF827-human/', 'title': 'ZNF827 (Homo sapiens)', 'investigated_as': ['transcription factor'], 'uuid': '4816996f-998a-4ba8-abb3-b529b86fd07f', 'status': 'released'}				ZNF827-human	DNA				formaldehyde		2023-01-06	ENCODE		sonication (generic)		1, 2	1_1, 2_1							/files/ENCFF356LFX/, /files/ENCFF772MVJ/, /files/ENCFF471FQZ/, /files/ENCFF044PLM/	167279	ENCODE Processing Pipeline	63fafcf4debdc945189c13edfc68afa1		https://www.encodeproject.org/files/ENCFF004BLZ/@@download/ENCFF004BLZ.bed.gz				released	s3://encode-public/2022/12/19/ec366e46-eaa0-4f04-ad99-6d43a023c8d8/ENCFF004BLZ.bed.gz	https://datasetencode.blob.core.windows.net/dataset/2022/12/19/ec366e46-eaa0-4f04-ad99-6d43a023c8d8/ENCFF004BLZ.bed.gz?sv=2019-10-10&si=prod&sr=c&sig=9qSQZo4ggrCNpybBExU8SypuUZV33igI11xw0P7rB3c%3D	ENCODE4 v1.8.1 GRCh38	released	missing genetic modification reagents		
ENCFF639APT	bed narrowPeak	bed	narrowPeak	IDR thresholded peaks	GRCh38	ENCSR577YCO	TF ChIP-seq	/human-donors/ENCDO000AAC/	EFO:0001187	HepG2	cell line	Homo sapiens				CRISPR	insertion	{'dbxrefs': ['FactorBook:ARHGAP35'], 'aliases': [], 'organism': {'schema_version': '6', '@type': ['Organism', 'Item'], 'name': 'human', 'taxon_id': '9606', 'scientific_name': 'Homo sapiens', '@id': '/organisms/human/', 'uuid': '7745b647-ff15-4ff3-9ced-b897d4e2983c', 'status': 'released'}, 'genes': ['/genes/2909/'], '@type': ['Target', 'Item'], 'label': 'ARHGAP35', 'title': 'ARHGAP35 (Homo sapiens)', 'investigated_as': ['transcription factor'], 'uuid': '5a6e4f0e-bcb1-4c45-bc53-e56fbfe482eb', 'schema_version': '14', 'name': 'ARHGAP35-human', '@id': '/targets/ARHGAP35-human/', 'status': 'released'}				ARHGAP35-human	DNA				formaldehyde		2022-03-28	ENCODE		sonication (generic)		1, 2	1_2, 2_2							/files/ENCFF723HPB/, /files/ENCFF598ZSO/, /files/ENCFF356LFX/, /files/ENCFF886QEW/	174605	ENCODE Processing Pipeline	18f3ae221460e7e15233493e1fb68323		https://www.encodeproject.org/files/ENCFF639APT/@@download/ENCFF639APT.bed.gz				released	s3://encode-public/2022/02/07/61179e21-6628-4b62-9c31-d3fd0b15a68c/ENCFF639APT.bed.gz	https://datasetencode.blob.core.windows.net/dataset/2022/02/07/61179e21-6628-4b62-9c31-d3fd0b15a68c/ENCFF639APT.bed.gz?sv=2019-10-10&si=prod&sr=c&sig=9qSQZo4ggrCNpybBExU8SypuUZV33igI11xw0P7rB3c%3D	ENCODE4 v1.9.0 GRCh38	released	mild to moderate bottlenecking, inconsistent platforms, missing genetic modification reagents, borderline replicate concordance, moderate library complexity		
ENCFF149UHC	bed narrowPeak	bed	narrowPeak	conservative IDR thresholded peaks	GRCh38	ENCSR000EEP	TF ChIP-seq	/human-donors/ENCDO000AAC/	EFO:0001187	HepG2	cell line	Homo sapiens	forskolin, pyruvate	1 mM	6.0 hour, 6 hour							POLR2A-human	DNA						2011-10-29	ENCODE		see document		1, 2	1_1, 2_1							/files/ENCFF440OFC/, /files/ENCFF356LFX/, /files/ENCFF578KVZ/, /files/ENCFF259VDQ/, /files/ENCFF597UUI/	338725	ENCODE Processing Pipeline	f50062cdd74c6cd503729f41a95c652f		https://www.encodeproject.org/files/ENCFF149UHC/@@download/ENCFF149UHC.bed.gz				released	s3://encode-public/2021/01/01/bc6ea615-92b3-4c79-9ff6-c01c2b533031/ENCFF149UHC.bed.gz	https://datasetencode.blob.core.windows.net/dataset/2021/01/01/bc6ea615-92b3-4c79-9ff6-c01c2b533031/ENCFF149UHC.bed.gz?sv=2019-10-10&si=prod&sr=c&sig=9qSQZo4ggrCNpybBExU8SypuUZV33igI11xw0P7rB3c%3D	ENCODE4 v1.6.1 GRCh38	released		insufficient read length	extremely low read depth
ENCFF532RTY	bed narrowPeak	bed	narrowPeak	IDR thresholded peaks	GRCh38	ENCSR000EEV	TF ChIP-seq	/human-donors/ENCDO000AAC/	EFO:0001187	HepG2	cell line	Homo sapiens	forskolin, pyruvate	1 mM	6.0 hour, 6 hour							NR3C1-human	DNA						2011-10-29	ENCODE		see document		1, 2	1_1, 2_1							/files/ENCFF348HIV/, /files/ENCFF356LFX/, /files/ENCFF197SSV/, /files/ENCFF440OFC/, /files/ENCFF597UUI/	3435	ENCODE Processing Pipeline	c2ab9c80ac083356430aaf5b1bed9f85		https://www.encodeproject.org/files/ENCFF532RTY/@@download/ENCFF532RTY.bed.gz				released	s3://encode-public/2021/01/01/aae42202-95df-48a7-a5b2-7039c1ca6362/ENCFF532RTY.bed.gz	https://datasetencode.blob.core.windows.net/dataset/2021/01/01/aae42202-95df-48a7-a5b2-7039c1ca6362/ENCFF532RTY.bed.gz?sv=2019-10-10&si=prod&sr=c&sig=9qSQZo4ggrCNpybBExU8SypuUZV33igI11xw0P7rB3c%3D	ENCODE4 v1.6.1 GRCh38	released	borderline replicate concordance	insufficient read length	extremely low read depth
ENCFF591XXC	bed narrowPeak	bed	narrowPeak	IDR thresholded peaks	GRCh38	ENCSR000BOU	TF ChIP-seq	/human-donors/ENCDO000AAC/	EFO:0001187	HepG2	cell line	Homo sapiens										SP2-human	DNA						2012-02-29	ENCODE		see document		1, 2	1_1, 2_1							/files/ENCFF379RHD/, /files/ENCFF215PCK/, /files/ENCFF356LFX/, /files/ENCFF434VWY/, /files/ENCFF430MNY/, /files/ENCFF392BNL/	16408	ENCODE Processing Pipeline	e99b8d021d1635a43275c1a0f65f8968		https://www.encodeproject.org/files/ENCFF591XXC/@@download/ENCFF591XXC.bed.gz				released	s3://encode-public/2021/01/02/31587bf6-4e2d-4cfa-ab40-a3503687e780/ENCFF591XXC.bed.gz	https://datasetencode.blob.core.windows.net/dataset/2021/01/02/31587bf6-4e2d-4cfa-ab40-a3503687e780/ENCFF591XXC.bed.gz?sv=2019-10-10&si=prod&sr=c&sig=9qSQZo4ggrCNpybBExU8SypuUZV33igI11xw0P7rB3c%3D	ENCODE4 v1.6.1 GRCh38	released	inconsistent platforms, borderline replicate concordance, low read length		
ENCFF200SDQ	bed narrowPeak	bed	narrowPeak	IDR thresholded peaks	GRCh38	ENCSR000BJL	TF ChIP-seq	/human-donors/ENCDO000AAC/	EFO:0001187	HepG2	cell line	Homo sapiens										REST-human	DNA						2011-07-18	ENCODE		see document		1, 2	1_1, 2_1							/files/ENCFF356LFX/, /files/ENCFF281XTY/, /files/ENCFF709XZV/, /files/ENCFF102EWF/, /files/ENCFF293TQJ/	45966	ENCODE Processing Pipeline	3ac1f22e143e68ed9126b61bd7829a36		https://www.encodeproject.org/files/ENCFF200SDQ/@@download/ENCFF200SDQ.bed.gz				released	s3://encode-public/2020/12/26/93ca9fc1-553f-4e0a-b7c2-ba974f809faa/ENCFF200SDQ.bed.gz	https://datasetencode.blob.core.windows.net/dataset/2020/12/26/93ca9fc1-553f-4e0a-b7c2-ba974f809faa/ENCFF200SDQ.bed.gz?sv=2019-10-10&si=prod&sr=c&sig=9qSQZo4ggrCNpybBExU8SypuUZV33igI11xw0P7rB3c%3D	ENCODE4 v1.6.1 GRCh38	released	low read depth, low read length, moderate library complexity		
ENCFF291LHW	bed narrowPeak	bed	narrowPeak	IDR thresholded peaks	GRCh38	ENCSR949OEV	TF ChIP-seq	/human-donors/ENCDO000AAC/	EFO:0001187	HepG2	cell line	Homo sapiens				CRISPR	insertion	{'schema_version': '14', 'aliases': [], 'organism': {'schema_version': '6', '@type': ['Organism', 'Item'], 'name': 'human', 'taxon_id': '9606', 'scientific_name': 'Homo sapiens', '@id': '/organisms/human/', 'uuid': '7745b647-ff15-4ff3-9ced-b897d4e2983c', 'status': 'released'}, 'genes': ['/genes/7544/'], '@type': ['Target', 'Item'], 'name': 'ZFY-human', 'label': 'ZFY', '@id': '/targets/ZFY-human/', 'title': 'ZFY (Homo sapiens)', 'investigated_as': ['transcription factor'], 'uuid': 'c3e1aa80-6567-42a0-9de5-1b8d6a7c5215', 'status': 'released'}				ZFY-human	DNA				formaldehyde		2020-07-08	ENCODE		sonication (generic)		1, 2	1_1, 2_1							/files/ENCFF393TOA/, /files/ENCFF657NDS/, /files/ENCFF387GVK/, /files/ENCFF356LFX/	719280	ENCODE Processing Pipeline	7f7f0dbd6408743e3bf69bfafaac4584		https://www.encodeproject.org/files/ENCFF291LHW/@@download/ENCFF291LHW.bed.gz				released	s3://encode-public/2020/07/07/0f462350-efd9-4784-8e3e-7c94a3968ad1/ENCFF291LHW.bed.gz	https://datasetencode.blob.core.windows.net/dataset/2020/07/07/0f462350-efd9-4784-8e3e-7c94a3968ad1/ENCFF291LHW.bed.gz?sv=2019-10-10&si=prod&sr=c&sig=9qSQZo4ggrCNpybBExU8SypuUZV33igI11xw0P7rB3c%3D	ENCODE4 v1.4.0 GRCh38	released	missing genetic modification reagents		
ENCFF021NPR	bed narrowPeak	bed	narrowPeak	IDR thresholded peaks	GRCh38	ENCSR000BQA	TF ChIP-seq	/human-donors/ENCDO000AAC/	EFO:0001187	HepG2	cell line	Homo sapiens										ZBTB7A-human	DNA						2012-02-29	ENCODE		see document		1, 2	1_1, 2_1							/files/ENCFF285GKD/, /files/ENCFF050WXS/, /files/ENCFF459YUC/, /files/ENCFF688KCJ/, /files/ENCFF356LFX/	204174	ENCODE Processing Pipeline	54731744f1a21787539e02c7ec670887		https://www.encodeproject.org/files/ENCFF021NPR/@@download/ENCFF021NPR.bed.gz				released	s3://encode-public/2021/01/05/ca39f803-231e-4a17-89db-49a73e720792/ENCFF021NPR.bed.gz	https://datasetencode.blob.core.windows.net/dataset/2021/01/05/ca39f803-231e-4a17-89db-49a73e720792/ENCFF021NPR.bed.gz?sv=2019-10-10&si=prod&sr=c&sig=9qSQZo4ggrCNpybBExU8SypuUZV33igI11xw0P7rB3c%3D	ENCODE4 v1.6.1 GRCh38	released	low read depth, mild to moderate bottlenecking, low read length, moderate library complexity	severe bottlenecking	
ENCFF652ELW	bed narrowPeak	bed	narrowPeak	IDR thresholded peaks	GRCh38	ENCSR000EEF	TF ChIP-seq	/human-donors/ENCDO000AAC/	EFO:0001187	HepG2	cell line	Homo sapiens										USF2-human	DNA						2011-10-29	ENCODE		see document		1, 2	1_1, 2_1							/files/ENCFF787PWA/, /files/ENCFF356LFX/, /files/ENCFF772ZHK/, /files/ENCFF800WEH/	145554	ENCODE Processing Pipeline	3faf4a3f841372df7e9cd763d30d4e06		https://www.encodeproject.org/files/ENCFF652ELW/@@download/ENCFF652ELW.bed.gz				released	s3://encode-public/2020/12/27/4aab29c5-290d-44ee-a1a4-9055b5759bf9/ENCFF652ELW.bed.gz	https://datasetencode.blob.core.windows.net/dataset/2020/12/27/4aab29c5-290d-44ee-a1a4-9055b5759bf9/ENCFF652ELW.bed.gz?sv=2019-10-10&si=prod&sr=c&sig=9qSQZo4ggrCNpybBExU8SypuUZV33igI11xw0P7rB3c%3D	ENCODE4 v1.6.1 GRCh38	released	low read depth, low read length		
ENCFF257CCO	bed narrowPeak	bed	narrowPeak	IDR thresholded peaks	GRCh38	ENCSR935GZV	TF ChIP-seq	/human-donors/ENCDO000AAC/	EFO:0001187	HepG2	cell line	Homo sapiens				CRISPR	insertion	{'dbxrefs': ['FactorBook:NFYB'], 'aliases': [], 'organism': {'schema_version': '6', '@type': ['Organism', 'Item'], 'name': 'human', 'taxon_id': '9606', 'scientific_name': 'Homo sapiens', '@id': '/organisms/human/', 'uuid': '7745b647-ff15-4ff3-9ced-b897d4e2983c', 'status': 'released'}, 'genes': ['/genes/4801/'], '@type': ['Target', 'Item'], 'label': 'NFYB', 'title': 'NFYB (Homo sapiens)', 'investigated_as': ['transcription factor'], 'uuid': '68062f50-dc20-43b9-9064-6cf5d369e7ac', 'schema_version': '14', 'name': 'NFYB-human', '@id': '/targets/NFYB-human/', 'status': 'released'}				NFYB-human	DNA				formaldehyde		2020-07-09	ENCODE		sonication (generic)		1, 2	1_1, 2_1							/files/ENCFF282QNY/, /files/ENCFF356LFX/, /files/ENCFF723HPB/, /files/ENCFF938DNJ/	275488	ENCODE Processing Pipeline	5a98ee2b1321dacc93c6fc7529fef469		https://www.encodeproject.org/files/ENCFF257CCO/@@download/ENCFF257CCO.bed.gz				released	s3://encode-public/2020/07/06/e9a627ec-1f1e-45c2-a432-d0ed44832786/ENCFF257CCO.bed.gz	https://datasetencode.blob.core.windows.net/dataset/2020/07/06/e9a627ec-1f1e-45c2-a432-d0ed44832786/ENCFF257CCO.bed.gz?sv=2019-10-10&si=prod&sr=c&sig=9qSQZo4ggrCNpybBExU8SypuUZV33igI11xw0P7rB3c%3D	ENCODE4 v1.4.0 GRCh38	released	missing genetic modification reagents		
ENCFF301CNM	bed narrowPeak	bed	narrowPeak	IDR thresholded peaks	GRCh38	ENCSR000BQI	TF ChIP-seq	/human-donors/ENCDO000AAC/	EFO:0001187	HepG2	cell line	Homo sapiens										CEBPB-human	DNA						2012-02-29	ENCODE		see document		1, 2	1_1, 2_1							/files/ENCFF459YUC/, /files/ENCFF285GKD/, /files/ENCFF816TWG/, /files/ENCFF760OQA/, /files/ENCFF356LFX/	339214	ENCODE Processing Pipeline	93d5518a7aaa2a3f40b494c8af8027a8		https://www.encodeproject.org/files/ENCFF301CNM/@@download/ENCFF301CNM.bed.gz				released	s3://encode-public/2020/12/26/66784e23-a037-4bee-a72e-6ae848636ae7/ENCFF301CNM.bed.gz	https://datasetencode.blob.core.windows.net/dataset/2020/12/26/66784e23-a037-4bee-a72e-6ae848636ae7/ENCFF301CNM.bed.gz?sv=2019-10-10&si=prod&sr=c&sig=9qSQZo4ggrCNpybBExU8SypuUZV33igI11xw0P7rB3c%3D	ENCODE4 v1.6.1 GRCh38	released	low read depth, mild to moderate bottlenecking, low read length, moderate library complexity	severe bottlenecking	
ENCFF919ZSN	bed narrowPeak	bed	narrowPeak	IDR thresholded peaks	GRCh38	ENCSR956OSX	TF ChIP-seq	/human-donors/ENCDO000AAC/	EFO:0001187	HepG2	cell line	Homo sapiens				CRISPR	insertion	{'schema_version': '14', 'aliases': [], 'organism': {'schema_version': '6', '@type': ['Organism', 'Item'], 'name': 'human', 'taxon_id': '9606', 'scientific_name': 'Homo sapiens', '@id': '/organisms/human/', 'uuid': '7745b647-ff15-4ff3-9ced-b897d4e2983c', 'status': 'released'}, 'genes': ['/genes/3175/'], '@type': ['Target', 'Item'], 'name': 'ONECUT1-human', 'label': 'ONECUT1', '@id': '/targets/ONECUT1-human/', 'title': 'ONECUT1 (Homo sapiens)', 'investigated_as': ['transcription factor'], 'uuid': 'bd5adf7d-b3e4-4e14-8d3f-62f62e8fdf1f', 'status': 'released'}				ONECUT1-human	DNA				formaldehyde		2020-07-08	ENCODE		sonication (generic)		1, 2	1_1, 2_1							/files/ENCFF356LFX/, /files/ENCFF533MQW/, /files/ENCFF541MWJ/, /files/ENCFF657NDS/	623141	ENCODE Processing Pipeline	02e8964fa56f96ef4e362be216cf3425		https://www.encodeproject.org/files/ENCFF919ZSN/@@download/ENCFF919ZSN.bed.gz				released	s3://encode-public/2020/07/06/64d497df-6bb5-44ed-b333-9402aa45824a/ENCFF919ZSN.bed.gz	https://datasetencode.blob.core.windows.net/dataset/2020/07/06/64d497df-6bb5-44ed-b333-9402aa45824a/ENCFF919ZSN.bed.gz?sv=2019-10-10&si=prod&sr=c&sig=9qSQZo4ggrCNpybBExU8SypuUZV33igI11xw0P7rB3c%3D	ENCODE4 v1.4.0 GRCh38	released	missing genetic modification reagents		
ENCFF770RAR	bed narrowPeak	bed	narrowPeak	IDR thresholded peaks	GRCh38	ENCSR000EEW	TF ChIP-seq	/human-donors/ENCDO000AAC/	EFO:0001187	HepG2	cell line	Homo sapiens	forskolin, pyruvate	1 mM	6.0 hour, 6 hour							ESRRA-human	DNA						2011-10-29	ENCODE		see document		1, 2	1_1, 2_1							/files/ENCFF242XNP/, /files/ENCFF597UUI/, /files/ENCFF440OFC/, /files/ENCFF494VDY/, /files/ENCFF356LFX/	19905	ENCODE Processing Pipeline	c242f1bf210d4dbcafc8c22dfc5694c7		https://www.encodeproject.org/files/ENCFF770RAR/@@download/ENCFF770RAR.bed.gz				released	s3://encode-public/2020/12/26/76d58031-b428-4564-ad20-fb1f5ccdbead/ENCFF770RAR.bed.gz	https://datasetencode.blob.core.windows.net/dataset/2020/12/26/76d58031-b428-4564-ad20-fb1f5ccdbead/ENCFF770RAR.bed.gz?sv=2019-10-10&si=prod&sr=c&sig=9qSQZo4ggrCNpybBExU8SypuUZV33igI11xw0P7rB3c%3D	ENCODE4 v1.6.1 GRCh38	released	borderline replicate concordance	insufficient read depth, insufficient read length	extremely low read depth
ENCFF362PMI	bed narrowPeak	bed	narrowPeak	IDR thresholded peaks	GRCh38	ENCSR000EVR	TF ChIP-seq	/human-donors/ENCDO000AAC/	EFO:0001187	HepG2	cell line	Homo sapiens										ZNF274-human	DNA						2011-10-29	ENCODE		see document		1, 2	1_1, 2_1							/files/ENCFF674OWW/, /files/ENCFF356LFX/, /files/ENCFF830EAV/, /files/ENCFF536WJM/	7973	ENCODE Processing Pipeline	a18950d9d006def247eee93100cd7fa7		https://www.encodeproject.org/files/ENCFF362PMI/@@download/ENCFF362PMI.bed.gz				released	s3://encode-public/2021/01/01/63fc4a6c-732c-4d00-bcb1-cc0241918c7a/ENCFF362PMI.bed.gz	https://datasetencode.blob.core.windows.net/dataset/2021/01/01/63fc4a6c-732c-4d00-bcb1-cc0241918c7a/ENCFF362PMI.bed.gz?sv=2019-10-10&si=prod&sr=c&sig=9qSQZo4ggrCNpybBExU8SypuUZV33igI11xw0P7rB3c%3D	ENCODE4 v1.6.1 GRCh38	released	low read depth, inconsistent platforms	insufficient read depth, insufficient replicate concordance, insufficient read length	
ENCFF404IUH	bed narrowPeak	bed	narrowPeak	IDR thresholded peaks	GRCh38	ENCSR248BVU	TF ChIP-seq	/human-donors/ENCDO000AAC/	EFO:0001187	HepG2	cell line	Homo sapiens				CRISPR	insertion	{'schema_version': '14', 'aliases': ['michael-snyder:TS-1490'], 'organism': {'schema_version': '6', '@type': ['Organism', 'Item'], 'name': 'human', 'taxon_id': '9606', 'scientific_name': 'Homo sapiens', '@id': '/organisms/human/', 'uuid': '7745b647-ff15-4ff3-9ced-b897d4e2983c', 'status': 'released'}, 'genes': ['/genes/9422/'], '@type': ['Target', 'Item'], 'name': 'ZNF264-human', 'label': 'ZNF264', '@id': '/targets/ZNF264-human/', 'title': 'ZNF264 (Homo sapiens)', 'investigated_as': ['transcription factor'], 'uuid': '39e11f6a-d639-4af0-a72e-0ceb988515f3', 'status': 'released'}				ZNF264-human	DNA				formaldehyde		2020-07-08	ENCODE		sonication (generic)		1, 2	1_1, 2_1							/files/ENCFF596DYI/, /files/ENCFF356LFX/, /files/ENCFF826QKB/, /files/ENCFF657NDS/	342838	ENCODE Processing Pipeline	2972cea572e05f447d4ac000bafa698e		https://www.encodeproject.org/files/ENCFF404IUH/@@download/ENCFF404IUH.bed.gz				released	s3://encode-public/2020/07/01/9b256fb6-b812-45a7-83ac-c3a31862f925/ENCFF404IUH.bed.gz	https://datasetencode.blob.core.windows.net/dataset/2020/07/01/9b256fb6-b812-45a7-83ac-c3a31862f925/ENCFF404IUH.bed.gz?sv=2019-10-10&si=prod&sr=c&sig=9qSQZo4ggrCNpybBExU8SypuUZV33igI11xw0P7rB3c%3D	ENCODE4 v1.4.0 GRCh38	released	missing genetic modification reagents		
ENCFF622FUC	bed narrowPeak	bed	narrowPeak	IDR thresholded peaks	GRCh38	ENCSR998YJI	TF ChIP-seq	/human-donors/ENCDO000AAC/	EFO:0001187	HepG2	cell line	Homo sapiens				CRISPR	insertion	{'schema_version': '14', 'aliases': [], 'organism': {'schema_version': '6', '@type': ['Organism', 'Item'], 'name': 'human', 'taxon_id': '9606', 'scientific_name': 'Homo sapiens', '@id': '/organisms/human/', 'uuid': '7745b647-ff15-4ff3-9ced-b897d4e2983c', 'status': 'released'}, 'genes': ['/genes/84858/'], '@type': ['Target', 'Item'], 'name': 'ZNF503-human', 'label': 'ZNF503', '@id': '/targets/ZNF503-human/', 'title': 'ZNF503 (Homo sapiens)', 'investigated_as': ['transcription factor'], 'uuid': '9253e262-f514-44b2-abe7-14584c157c55', 'status': 'released'}				ZNF503-human	DNA				formaldehyde		2020-07-08	ENCODE		sonication (generic)		1, 2	1_1, 2_1							/files/ENCFF718STA/, /files/ENCFF356LFX/, /files/ENCFF657NDS/, /files/ENCFF336ORK/	336805	ENCODE Processing Pipeline	50d121b1bf2779a233069608e72d0062		https://www.encodeproject.org/files/ENCFF622FUC/@@download/ENCFF622FUC.bed.gz				released	s3://encode-public/2020/07/06/91071a44-4ed6-4c89-8b65-94e50d545ad6/ENCFF622FUC.bed.gz	https://datasetencode.blob.core.windows.net/dataset/2020/07/06/91071a44-4ed6-4c89-8b65-94e50d545ad6/ENCFF622FUC.bed.gz?sv=2019-10-10&si=prod&sr=c&sig=9qSQZo4ggrCNpybBExU8SypuUZV33igI11xw0P7rB3c%3D	ENCODE4 v1.4.0 GRCh38	released	missing genetic modification reagents		
ENCFF647CDO	bed narrowPeak	bed	narrowPeak	IDR thresholded peaks	GRCh38	ENCSR715EIP	TF ChIP-seq	/human-donors/ENCDO000AAC/	EFO:0001187	HepG2	cell line	Homo sapiens				CRISPR	insertion	{'schema_version': '14', 'aliases': ['michael-snyder:TS-2032'], 'organism': {'schema_version': '6', '@type': ['Organism', 'Item'], 'name': 'human', 'taxon_id': '9606', 'scientific_name': 'Homo sapiens', '@id': '/organisms/human/', 'uuid': '7745b647-ff15-4ff3-9ced-b897d4e2983c', 'status': 'released'}, 'genes': ['/genes/55290/'], '@type': ['Target', 'Item'], 'name': 'BRF2-human', 'label': 'BRF2', '@id': '/targets/BRF2-human/', 'title': 'BRF2 (Homo sapiens)', 'investigated_as': ['transcription factor'], 'uuid': '97d9c2b4-63e7-4c76-bbec-a0249004e73b', 'status': 'released'}				BRF2-human	DNA				formaldehyde		2022-10-03	ENCODE		sonication (generic)		1, 2	1_1, 2_1							/files/ENCFF828KFL/, /files/ENCFF772ZPS/, /files/ENCFF356LFX/, /files/ENCFF499XWR/	203594	ENCODE Processing Pipeline	44c8d3a313e4f7d23c262ba95977fb23		https://www.encodeproject.org/files/ENCFF647CDO/@@download/ENCFF647CDO.bed.gz				released	s3://encode-public/2022/09/28/172bec9b-c8b9-42f6-9205-c5d296f997b0/ENCFF647CDO.bed.gz	https://datasetencode.blob.core.windows.net/dataset/2022/09/28/172bec9b-c8b9-42f6-9205-c5d296f997b0/ENCFF647CDO.bed.gz?sv=2019-10-10&si=prod&sr=c&sig=9qSQZo4ggrCNpybBExU8SypuUZV33igI11xw0P7rB3c%3D	ENCODE4 v1.8.1 GRCh38	released	mild to moderate bottlenecking, missing genetic modification reagents		
ENCFF437XMN	bed narrowPeak	bed	narrowPeak	IDR thresholded peaks	GRCh38	ENCSR095JQV	TF ChIP-seq	/human-donors/ENCDO000AAC/	EFO:0001187	HepG2	cell line	Homo sapiens				CRISPR	insertion	{'schema_version': '14', 'aliases': ['michael-snyder:TS-665'], 'organism': {'schema_version': '6', '@type': ['Organism', 'Item'], 'name': 'human', 'taxon_id': '9606', 'scientific_name': 'Homo sapiens', '@id': '/organisms/human/', 'uuid': '7745b647-ff15-4ff3-9ced-b897d4e2983c', 'status': 'released'}, 'genes': ['/genes/284323/'], '@type': ['Target', 'Item'], 'name': 'ZNF780A-human', 'label': 'ZNF780A', '@id': '/targets/ZNF780A-human/', 'title': 'ZNF780A (Homo sapiens)', 'investigated_as': ['transcription factor'], 'uuid': 'aa0cf6dd-515d-4b0e-a628-51ede8eb8025', 'status': 'released'}				ZNF780A-human	DNA				formaldehyde		2022-08-31	ENCODE		sonication (generic)		1, 2	1_1, 2_1							/files/ENCFF356LFX/, /files/ENCFF173SGK/, /files/ENCFF739OZT/, /files/ENCFF844XVU/	132656	ENCODE Processing Pipeline	d73eeac8e31d25434d8498df6840b5c1		https://www.encodeproject.org/files/ENCFF437XMN/@@download/ENCFF437XMN.bed.gz				released	s3://encode-public/2022/08/27/6839d7c9-a2dc-453f-b5f6-1a285ca5b2aa/ENCFF437XMN.bed.gz	https://datasetencode.blob.core.windows.net/dataset/2022/08/27/6839d7c9-a2dc-453f-b5f6-1a285ca5b2aa/ENCFF437XMN.bed.gz?sv=2019-10-10&si=prod&sr=c&sig=9qSQZo4ggrCNpybBExU8SypuUZV33igI11xw0P7rB3c%3D	ENCODE4 v1.8.0 GRCh38	released	mild to moderate bottlenecking, missing genetic modification reagents, moderate library complexity		
ENCFF704BPD	bed narrowPeak	bed	narrowPeak	IDR thresholded peaks	GRCh38	ENCSR469FBY	TF ChIP-seq	/human-donors/ENCDO000AAC/	EFO:0001187	HepG2	cell line	Homo sapiens				CRISPR	insertion	{'dbxrefs': ['FactorBook:HNF4A'], 'aliases': ['michael-snyder:TS-120'], 'organism': {'schema_version': '6', '@type': ['Organism', 'Item'], 'name': 'human', 'taxon_id': '9606', 'scientific_name': 'Homo sapiens', '@id': '/organisms/human/', 'uuid': '7745b647-ff15-4ff3-9ced-b897d4e2983c', 'status': 'released'}, 'genes': ['/genes/3172/'], '@type': ['Target', 'Item'], 'label': 'HNF4A', 'title': 'HNF4A (Homo sapiens)', 'investigated_as': ['transcription factor'], 'uuid': '28fb6da7-d02e-40e3-8a23-e330cbe00f21', 'schema_version': '14', 'name': 'HNF4A-human', '@id': '/targets/HNF4A-human/', 'status': 'released'}				HNF4A-human	DNA				formaldehyde		2020-07-08	ENCODE		sonication (generic)		1, 2	1_1, 2_1							/files/ENCFF166OFT/, /files/ENCFF628YQV/, /files/ENCFF356LFX/, /files/ENCFF657NDS/	879787	ENCODE Processing Pipeline	26488baeb48bd11bca3fccf985e99b50		https://www.encodeproject.org/files/ENCFF704BPD/@@download/ENCFF704BPD.bed.gz				released	s3://encode-public/2020/07/06/8c6475d4-c560-4cf0-8aa3-8a87ba3d4d87/ENCFF704BPD.bed.gz	https://datasetencode.blob.core.windows.net/dataset/2020/07/06/8c6475d4-c560-4cf0-8aa3-8a87ba3d4d87/ENCFF704BPD.bed.gz?sv=2019-10-10&si=prod&sr=c&sig=9qSQZo4ggrCNpybBExU8SypuUZV33igI11xw0P7rB3c%3D	ENCODE4 v1.4.0 GRCh38	released	missing genetic modification reagents		
ENCFF618NTX	bed narrowPeak	bed	narrowPeak	IDR thresholded peaks	GRCh38	ENCSR701WPG	TF ChIP-seq	/human-donors/ENCDO000AAC/	EFO:0001187	HepG2	cell line	Homo sapiens				CRISPR	insertion	{'schema_version': '14', 'aliases': [], 'organism': {'schema_version': '6', '@type': ['Organism', 'Item'], 'name': 'human', 'taxon_id': '9606', 'scientific_name': 'Homo sapiens', '@id': '/organisms/human/', 'uuid': '7745b647-ff15-4ff3-9ced-b897d4e2983c', 'status': 'released'}, 'genes': ['/genes/168850/'], '@type': ['Target', 'Item'], 'name': 'ZNF800-human', 'label': 'ZNF800', '@id': '/targets/ZNF800-human/', 'title': 'ZNF800 (Homo sapiens)', 'investigated_as': ['transcription factor'], 'uuid': '767aef11-bd84-44f5-98d5-7cec182bafce', 'status': 'released'}				ZNF800-human	DNA				formaldehyde		2020-07-08	ENCODE		sonication (generic)		1, 2	1_1, 2_1							/files/ENCFF356LFX/, /files/ENCFF912LDM/, /files/ENCFF633REY/, /files/ENCFF657NDS/	368966	ENCODE Processing Pipeline	1f93015af66c8e7275e818e958374aee		https://www.encodeproject.org/files/ENCFF618NTX/@@download/ENCFF618NTX.bed.gz				released	s3://encode-public/2020/07/05/0b79a74d-79a8-4881-9820-b000c7dc8c1d/ENCFF618NTX.bed.gz	https://datasetencode.blob.core.windows.net/dataset/2020/07/05/0b79a74d-79a8-4881-9820-b000c7dc8c1d/ENCFF618NTX.bed.gz?sv=2019-10-10&si=prod&sr=c&sig=9qSQZo4ggrCNpybBExU8SypuUZV33igI11xw0P7rB3c%3D	ENCODE4 v1.4.0 GRCh38	released	missing genetic modification reagents		
ENCFF445CZX	bed narrowPeak	bed	narrowPeak	IDR thresholded peaks	GRCh38	ENCSR163PYB	TF ChIP-seq	/human-donors/ENCDO000AAC/	EFO:0001187	HepG2	cell line	Homo sapiens				CRISPR	insertion	{'dbxrefs': ['UniProtKB:Q9NX63'], 'aliases': [], 'organism': {'schema_version': '6', '@type': ['Organism', 'Item'], 'name': 'human', 'taxon_id': '9606', 'scientific_name': 'Homo sapiens', '@id': '/organisms/human/', 'uuid': '7745b647-ff15-4ff3-9ced-b897d4e2983c', 'status': 'released'}, 'genes': ['/genes/54927/'], '@type': ['Target', 'Item'], 'label': 'CHCHD3', 'title': 'CHCHD3 (Homo sapiens)', 'investigated_as': ['transcription factor'], 'uuid': '1cf1adb8-7375-484a-a883-4362ed23a40f', 'schema_version': '14', 'name': 'CHCHD3-human', '@id': '/targets/CHCHD3-human/', 'status': 'released'}				CHCHD3-human	DNA				formaldehyde		2022-08-15	ENCODE		sonication (generic)		1, 2	1_1, 2_1							/files/ENCFF084IFU/, /files/ENCFF179MWW/, /files/ENCFF157XJU/, /files/ENCFF356LFX/	137077	ENCODE Processing Pipeline	4a66cc6362f894f90b55dc1ee6207f2f		https://www.encodeproject.org/files/ENCFF445CZX/@@download/ENCFF445CZX.bed.gz				released	s3://encode-public/2022/07/23/282207f4-152c-4f92-af5f-e597c9348e62/ENCFF445CZX.bed.gz	https://datasetencode.blob.core.windows.net/dataset/2022/07/23/282207f4-152c-4f92-af5f-e597c9348e62/ENCFF445CZX.bed.gz?sv=2019-10-10&si=prod&sr=c&sig=9qSQZo4ggrCNpybBExU8SypuUZV33igI11xw0P7rB3c%3D	ENCODE4 v1.8.0 GRCh38	released	mild to moderate bottlenecking, missing genetic modification reagents, moderate library complexity		
ENCFF417LFH	bed narrowPeak	bed	narrowPeak	IDR thresholded peaks	GRCh38	ENCSR992KMO	TF ChIP-seq	/human-donors/ENCDO000AAC/	EFO:0001187	HepG2	cell line	Homo sapiens				CRISPR	insertion	{'dbxrefs': ['UniProtKB:Q7Z6M4'], 'aliases': [], 'organism': {'schema_version': '6', '@type': ['Organism', 'Item'], 'name': 'human', 'taxon_id': '9606', 'scientific_name': 'Homo sapiens', '@id': '/organisms/human/', 'uuid': '7745b647-ff15-4ff3-9ced-b897d4e2983c', 'status': 'released'}, 'genes': ['/genes/130916/'], '@type': ['Target', 'Item'], 'label': 'MTERF4', 'title': 'MTERF4 (Homo sapiens)', 'investigated_as': ['transcription factor'], 'uuid': '106c09da-a20b-4555-9040-ebcb61cac8ed', 'schema_version': '14', 'name': 'MTERF4-human', '@id': '/targets/MTERF4-human/', 'status': 'released'}				MTERF4-human	DNA				formaldehyde		2023-01-10	ENCODE		sonication (generic)		1, 2	1_1, 2_1							/files/ENCFF714NDO/, /files/ENCFF356LFX/, /files/ENCFF954YHR/, /files/ENCFF136DUI/	266399	ENCODE Processing Pipeline	741a39407945ccbedc67f298eeb6b1dc		https://www.encodeproject.org/files/ENCFF417LFH/@@download/ENCFF417LFH.bed.gz				released	s3://encode-public/2022/07/23/ce87f81f-5e4b-4974-8dac-33a5d0bc1fd1/ENCFF417LFH.bed.gz	https://datasetencode.blob.core.windows.net/dataset/2022/07/23/ce87f81f-5e4b-4974-8dac-33a5d0bc1fd1/ENCFF417LFH.bed.gz?sv=2019-10-10&si=prod&sr=c&sig=9qSQZo4ggrCNpybBExU8SypuUZV33igI11xw0P7rB3c%3D	ENCODE4 v1.8.0 GRCh38	released	mild to moderate bottlenecking, missing genetic modification reagents		
ENCFF902EKZ	bed narrowPeak	bed	narrowPeak	IDR thresholded peaks	GRCh38	ENCSR911MML	TF ChIP-seq	/human-donors/ENCDO000AAC/	EFO:0001187	HepG2	cell line	Homo sapiens				CRISPR	insertion	{'schema_version': '14', 'aliases': ['michael-snyder:TS-1671'], 'organism': {'schema_version': '6', '@type': ['Organism', 'Item'], 'name': 'human', 'taxon_id': '9606', 'scientific_name': 'Homo sapiens', '@id': '/organisms/human/', 'uuid': '7745b647-ff15-4ff3-9ced-b897d4e2983c', 'status': 'released'}, 'genes': ['/genes/6929/'], '@type': ['Target', 'Item'], 'name': 'TCF3-human', 'label': 'TCF3', '@id': '/targets/TCF3-human/', 'title': 'TCF3 (Homo sapiens)', 'investigated_as': ['transcription factor'], 'uuid': 'e623aa7b-d26c-4226-94ba-8a3cf3108024', 'status': 'released'}				TCF3-human	DNA				formaldehyde		2020-06-30	ENCODE		sonication (generic)		1, 2	1_1, 2_1							/files/ENCFF356LFX/, /files/ENCFF545OLF/, /files/ENCFF428TCM/, /files/ENCFF317MJT/	100494	ENCODE Processing Pipeline	285ae27724842bdb3bc64647cbaa0acf		https://www.encodeproject.org/files/ENCFF902EKZ/@@download/ENCFF902EKZ.bed.gz				released	s3://encode-public/2020/06/26/4fe33b44-bb9c-42d7-8593-9e518a0b8982/ENCFF902EKZ.bed.gz	https://datasetencode.blob.core.windows.net/dataset/2020/06/26/4fe33b44-bb9c-42d7-8593-9e518a0b8982/ENCFF902EKZ.bed.gz?sv=2019-10-10&si=prod&sr=c&sig=9qSQZo4ggrCNpybBExU8SypuUZV33igI11xw0P7rB3c%3D	ENCODE4 v1.5.0 GRCh38	released	missing genetic modification reagents, borderline replicate concordance		
ENCFF486MHG	bed narrowPeak	bed	narrowPeak	IDR thresholded peaks	GRCh38	ENCSR011INW	TF ChIP-seq	/human-donors/ENCDO000AAC/	EFO:0001187	HepG2	cell line	Homo sapiens				CRISPR	insertion	{'schema_version': '14', 'aliases': ['michael-snyder:TS-1112'], 'organism': {'schema_version': '6', '@type': ['Organism', 'Item'], 'name': 'human', 'taxon_id': '9606', 'scientific_name': 'Homo sapiens', '@id': '/organisms/human/', 'uuid': '7745b647-ff15-4ff3-9ced-b897d4e2983c', 'status': 'released'}, 'genes': ['/genes/63977/'], '@type': ['Target', 'Item'], 'name': 'PRDM15-human', 'label': 'PRDM15', '@id': '/targets/PRDM15-human/', 'title': 'PRDM15 (Homo sapiens)', 'investigated_as': ['transcription factor'], 'uuid': 'f055571b-35dc-42c2-b04f-7f0429bba36e', 'status': 'released'}				PRDM15-human	DNA				formaldehyde		2020-07-08	ENCODE		sonication (generic)		1, 2	1_1, 2_1							/files/ENCFF356LFX/, /files/ENCFF657NDS/, /files/ENCFF579APL/, /files/ENCFF316NLS/	235571	ENCODE Processing Pipeline	2a68d3023307eb969f41073f1bb8c8a3		https://www.encodeproject.org/files/ENCFF486MHG/@@download/ENCFF486MHG.bed.gz				released	s3://encode-public/2020/07/07/f68241df-3ca9-45bc-81e0-7e7a4c0726f6/ENCFF486MHG.bed.gz	https://datasetencode.blob.core.windows.net/dataset/2020/07/07/f68241df-3ca9-45bc-81e0-7e7a4c0726f6/ENCFF486MHG.bed.gz?sv=2019-10-10&si=prod&sr=c&sig=9qSQZo4ggrCNpybBExU8SypuUZV33igI11xw0P7rB3c%3D	ENCODE4 v1.4.0 GRCh38	released	missing genetic modification reagents		
ENCFF401HSI	bed narrowPeak	bed	narrowPeak	IDR thresholded peaks	GRCh38	ENCSR000BHP	TF ChIP-seq	/human-donors/ENCDO000AAC/	EFO:0001187	HepG2	cell line	Homo sapiens										FOSL2-human	DNA						2011-07-18	ENCODE		see document		1, 2	1_1, 2_1							/files/ENCFF527WLW/, /files/ENCFF356LFX/, /files/ENCFF875HPK/, /files/ENCFF544ZGT/, /files/ENCFF736RWO/	546200	ENCODE Processing Pipeline	9906c7bcb5b3614c8c774bae6d6ba47f		https://www.encodeproject.org/files/ENCFF401HSI/@@download/ENCFF401HSI.bed.gz				released	s3://encode-public/2021/01/02/7369e58c-ec28-40ff-9c33-5f571e55c33e/ENCFF401HSI.bed.gz	https://datasetencode.blob.core.windows.net/dataset/2021/01/02/7369e58c-ec28-40ff-9c33-5f571e55c33e/ENCFF401HSI.bed.gz?sv=2019-10-10&si=prod&sr=c&sig=9qSQZo4ggrCNpybBExU8SypuUZV33igI11xw0P7rB3c%3D	ENCODE4 v1.6.1 GRCh38	released	low read depth, borderline replicate concordance, low read length		
ENCFF811LFF	bed narrowPeak	bed	narrowPeak	IDR thresholded peaks	GRCh38	ENCSR199MFT	TF ChIP-seq	/human-donors/ENCDO000AAC/	EFO:0001187	HepG2	cell line	Homo sapiens				CRISPR	insertion	{'schema_version': '14', 'aliases': [], 'organism': {'schema_version': '6', '@type': ['Organism', 'Item'], 'name': 'human', 'taxon_id': '9606', 'scientific_name': 'Homo sapiens', '@id': '/organisms/human/', 'uuid': '7745b647-ff15-4ff3-9ced-b897d4e2983c', 'status': 'released'}, 'genes': ['/genes/94234/'], '@type': ['Target', 'Item'], 'name': 'FOXQ1-human', 'label': 'FOXQ1', '@id': '/targets/FOXQ1-human/', 'title': 'FOXQ1 (Homo sapiens)', 'investigated_as': ['transcription factor'], 'uuid': '1b5bb7f4-6b2c-4ef0-97ea-26dd55685401', 'status': 'released'}				FOXQ1-human	DNA				formaldehyde		2022-08-23	ENCODE		sonication (generic)		1, 2	1_1, 2_1							/files/ENCFF771CQB/, /files/ENCFF711QPO/, /files/ENCFF746SKK/, /files/ENCFF356LFX/	195960	ENCODE Processing Pipeline	99bb5c1e168499508f2da72aa65ff9b9		https://www.encodeproject.org/files/ENCFF811LFF/@@download/ENCFF811LFF.bed.gz				released	s3://encode-public/2022/08/19/e593914c-c27c-4811-b43e-d69238bfec4f/ENCFF811LFF.bed.gz	https://datasetencode.blob.core.windows.net/dataset/2022/08/19/e593914c-c27c-4811-b43e-d69238bfec4f/ENCFF811LFF.bed.gz?sv=2019-10-10&si=prod&sr=c&sig=9qSQZo4ggrCNpybBExU8SypuUZV33igI11xw0P7rB3c%3D	ENCODE4 v1.8.0 GRCh38	released	missing genetic modification reagents, mild to moderate bottlenecking, borderline replicate concordance		
ENCFF927JRS	bed narrowPeak	bed	narrowPeak	IDR thresholded peaks	GRCh38	ENCSR313MMD	TF ChIP-seq	/human-donors/ENCDO000AAC/	EFO:0001187	HepG2	cell line	Homo sapiens				CRISPR	insertion	{'dbxrefs': ['FactorBook:ZNF263'], 'aliases': [], 'organism': {'schema_version': '6', '@type': ['Organism', 'Item'], 'name': 'human', 'taxon_id': '9606', 'scientific_name': 'Homo sapiens', '@id': '/organisms/human/', 'uuid': '7745b647-ff15-4ff3-9ced-b897d4e2983c', 'status': 'released'}, 'genes': ['/genes/10127/'], '@type': ['Target', 'Item'], 'label': 'ZNF263', 'title': 'ZNF263 (Homo sapiens)', 'investigated_as': ['transcription factor'], 'uuid': 'c0d052b0-6d93-4dc3-83a4-08dddd195ccd', 'schema_version': '14', 'name': 'ZNF263-human', '@id': '/targets/ZNF263-human/', 'status': 'released'}				ZNF263-human	DNA				formaldehyde		2020-07-08	ENCODE		sonication (generic)		1, 2	1_1, 2_1							/files/ENCFF660FAS/, /files/ENCFF041UIR/, /files/ENCFF356LFX/, /files/ENCFF657NDS/	514464	ENCODE Processing Pipeline	b6de4984f0c1adfd4ac0cb009bfb469e		https://www.encodeproject.org/files/ENCFF927JRS/@@download/ENCFF927JRS.bed.gz				released	s3://encode-public/2020/07/02/ff6b09e4-7a35-4b8f-a170-20649080da34/ENCFF927JRS.bed.gz	https://datasetencode.blob.core.windows.net/dataset/2020/07/02/ff6b09e4-7a35-4b8f-a170-20649080da34/ENCFF927JRS.bed.gz?sv=2019-10-10&si=prod&sr=c&sig=9qSQZo4ggrCNpybBExU8SypuUZV33igI11xw0P7rB3c%3D	ENCODE4 v1.4.0 GRCh38	released	missing genetic modification reagents		
ENCFF233ZOX	bed narrowPeak	bed	narrowPeak	IDR thresholded peaks	GRCh38	ENCSR853BYT	TF ChIP-seq	/human-donors/ENCDO000AAC/	EFO:0001187	HepG2	cell line	Homo sapiens				CRISPR	insertion	{'schema_version': '14', 'aliases': [], 'organism': {'schema_version': '6', '@type': ['Organism', 'Item'], 'name': 'human', 'taxon_id': '9606', 'scientific_name': 'Homo sapiens', '@id': '/organisms/human/', 'uuid': '7745b647-ff15-4ff3-9ced-b897d4e2983c', 'status': 'released'}, 'genes': ['/genes/23036/'], '@type': ['Target', 'Item'], 'name': 'ZNF292-human', 'label': 'ZNF292', '@id': '/targets/ZNF292-human/', 'title': 'ZNF292 (Homo sapiens)', 'investigated_as': ['transcription factor'], 'uuid': 'f9a06bbf-ea37-478e-bbc5-28d4f6bd0998', 'status': 'released'}				ZNF292-human	DNA				formaldehyde		2022-09-30	ENCODE		sonication (generic)		1, 2	1_1, 2_1							/files/ENCFF679MKI/, /files/ENCFF356LFX/, /files/ENCFF036XXM/, /files/ENCFF435NVO/	453659	ENCODE Processing Pipeline	7ef5636cca6228d9ed2e6097631a426c		https://www.encodeproject.org/files/ENCFF233ZOX/@@download/ENCFF233ZOX.bed.gz				released	s3://encode-public/2022/09/03/26f31549-90d6-4637-ae6c-e1ce052e502e/ENCFF233ZOX.bed.gz	https://datasetencode.blob.core.windows.net/dataset/2022/09/03/26f31549-90d6-4637-ae6c-e1ce052e502e/ENCFF233ZOX.bed.gz?sv=2019-10-10&si=prod&sr=c&sig=9qSQZo4ggrCNpybBExU8SypuUZV33igI11xw0P7rB3c%3D	ENCODE4 v1.8.1 GRCh38	released	low read depth, borderline replicate concordance, missing genetic modification reagents, mild to moderate bottlenecking		
ENCFF748PEB	bed narrowPeak	bed	narrowPeak	conservative IDR thresholded peaks	GRCh38	ENCSR915APT	TF ChIP-seq	/human-donors/ENCDO000AAC/	EFO:0001187	HepG2	cell line	Homo sapiens				CRISPR	insertion	{'schema_version': '14', 'aliases': [], 'organism': {'schema_version': '6', '@type': ['Organism', 'Item'], 'name': 'human', 'taxon_id': '9606', 'scientific_name': 'Homo sapiens', '@id': '/organisms/human/', 'uuid': '7745b647-ff15-4ff3-9ced-b897d4e2983c', 'status': 'released'}, 'genes': ['/genes/23318/'], '@type': ['Target', 'Item'], 'name': 'ZCCHC11-human', 'label': 'ZCCHC11', '@id': '/targets/ZCCHC11-human/', 'title': 'ZCCHC11 (Homo sapiens)', 'investigated_as': ['RNA binding protein'], 'uuid': 'b776e574-5a2c-4860-a446-2d9bcda76a69', 'status': 'released'}				ZCCHC11-human	DNA				formaldehyde		2020-07-09	ENCODE		sonication (generic)		1, 2	1_1, 2_1							/files/ENCFF723HPB/, /files/ENCFF509GDQ/, /files/ENCFF965TJO/, /files/ENCFF356LFX/	133839	ENCODE Processing Pipeline	ca338f27f75e5b3a99eca6c985137950		https://www.encodeproject.org/files/ENCFF748PEB/@@download/ENCFF748PEB.bed.gz				released	s3://encode-public/2020/07/07/fb9480e8-d0b4-40d3-904f-2a59c6573dcc/ENCFF748PEB.bed.gz	https://datasetencode.blob.core.windows.net/dataset/2020/07/07/fb9480e8-d0b4-40d3-904f-2a59c6573dcc/ENCFF748PEB.bed.gz?sv=2019-10-10&si=prod&sr=c&sig=9qSQZo4ggrCNpybBExU8SypuUZV33igI11xw0P7rB3c%3D	ENCODE4 v1.4.0 GRCh38	released	missing genetic modification reagents		
ENCFF215GPK	bed narrowPeak	bed	narrowPeak	IDR thresholded peaks	GRCh38	ENCSR321VGW	TF ChIP-seq	/human-donors/ENCDO000AAC/	EFO:0001187	HepG2	cell line	Homo sapiens				CRISPR	insertion	{'dbxrefs': ['FactorBook:ELF1'], 'aliases': [], 'organism': {'schema_version': '6', '@type': ['Organism', 'Item'], 'name': 'human', 'taxon_id': '9606', 'scientific_name': 'Homo sapiens', '@id': '/organisms/human/', 'uuid': '7745b647-ff15-4ff3-9ced-b897d4e2983c', 'status': 'released'}, 'genes': ['/genes/1997/'], '@type': ['Target', 'Item'], 'label': 'ELF1', 'title': 'ELF1 (Homo sapiens)', 'investigated_as': ['transcription factor'], 'uuid': '40057629-9f8d-4812-ac11-7bcb4df4374d', 'schema_version': '14', 'name': 'ELF1-human', '@id': '/targets/ELF1-human/', 'status': 'released'}				ELF1-human	DNA				formaldehyde		2020-07-09	ENCODE		sonication (generic)		1, 2	1_1, 2_1							/files/ENCFF356LFX/, /files/ENCFF723HPB/, /files/ENCFF576IMM/, /files/ENCFF383SWQ/	384404	ENCODE Processing Pipeline	b3bf8446bac248c1508812d07cc0b1c8		https://www.encodeproject.org/files/ENCFF215GPK/@@download/ENCFF215GPK.bed.gz				released	s3://encode-public/2020/07/02/9335da8a-8727-46a0-92a4-37f667ef848f/ENCFF215GPK.bed.gz	https://datasetencode.blob.core.windows.net/dataset/2020/07/02/9335da8a-8727-46a0-92a4-37f667ef848f/ENCFF215GPK.bed.gz?sv=2019-10-10&si=prod&sr=c&sig=9qSQZo4ggrCNpybBExU8SypuUZV33igI11xw0P7rB3c%3D	ENCODE4 v1.4.0 GRCh38	released	missing genetic modification reagents		
ENCFF048GXO	bed narrowPeak	bed	narrowPeak	IDR thresholded peaks	GRCh38	ENCSR398TMP	TF ChIP-seq	/human-donors/ENCDO000AAC/	EFO:0001187	HepG2	cell line	Homo sapiens				CRISPR	insertion	{'dbxrefs': ['FactorBook:MYNN'], 'aliases': [], 'organism': {'schema_version': '6', '@type': ['Organism', 'Item'], 'name': 'human', 'taxon_id': '9606', 'scientific_name': 'Homo sapiens', '@id': '/organisms/human/', 'uuid': '7745b647-ff15-4ff3-9ced-b897d4e2983c', 'status': 'released'}, 'genes': ['/genes/55892/'], '@type': ['Target', 'Item'], 'label': 'MYNN', 'title': 'MYNN (Homo sapiens)', 'investigated_as': ['transcription factor'], 'uuid': '53c13b17-fad4-4cc9-a86d-24f051348d42', 'schema_version': '14', 'name': 'MYNN-human', '@id': '/targets/MYNN-human/', 'status': 'released'}				MYNN-human	DNA				formaldehyde		2020-07-09	ENCODE		sonication (generic)		1, 2	1_1, 2_1							/files/ENCFF808ZZE/, /files/ENCFF356LFX/, /files/ENCFF723HPB/, /files/ENCFF233NDH/	101215	ENCODE Processing Pipeline	9c721e87f5a6e12511c7c36578252983		https://www.encodeproject.org/files/ENCFF048GXO/@@download/ENCFF048GXO.bed.gz				released	s3://encode-public/2020/07/06/e7e895db-895e-4745-b95f-6af7cad17060/ENCFF048GXO.bed.gz	https://datasetencode.blob.core.windows.net/dataset/2020/07/06/e7e895db-895e-4745-b95f-6af7cad17060/ENCFF048GXO.bed.gz?sv=2019-10-10&si=prod&sr=c&sig=9qSQZo4ggrCNpybBExU8SypuUZV33igI11xw0P7rB3c%3D	ENCODE4 v1.4.0 GRCh38	released	low read depth, missing genetic modification reagents, mild to moderate bottlenecking		
ENCFF951CCL	bed narrowPeak	bed	narrowPeak	IDR thresholded peaks	GRCh38	ENCSR479RZV	TF ChIP-seq	/human-donors/ENCDO000AAC/	EFO:0001187	HepG2	cell line	Homo sapiens				CRISPR	insertion	{'dbxrefs': ['FactorBook:CBFB'], 'aliases': ['michael-snyder:TS-1966'], 'organism': {'schema_version': '6', '@type': ['Organism', 'Item'], 'name': 'human', 'taxon_id': '9606', 'scientific_name': 'Homo sapiens', '@id': '/organisms/human/', 'uuid': '7745b647-ff15-4ff3-9ced-b897d4e2983c', 'status': 'released'}, 'genes': ['/genes/865/'], '@type': ['Target', 'Item'], 'label': 'CBFB', 'title': 'CBFB (Homo sapiens)', 'investigated_as': ['transcription factor'], 'uuid': '46038e1d-7ebd-4151-bff3-57bc25778a34', 'schema_version': '14', 'name': 'CBFB-human', '@id': '/targets/CBFB-human/', 'status': 'released'}				CBFB-human	DNA				formaldehyde		2020-07-09	ENCODE		sonication (generic)		1, 2	1_1, 2_1							/files/ENCFF850YAO/, /files/ENCFF723HPB/, /files/ENCFF356LFX/, /files/ENCFF889WEI/	273013	ENCODE Processing Pipeline	9611d3fd8d60c8e6310938535573ec0d		https://www.encodeproject.org/files/ENCFF951CCL/@@download/ENCFF951CCL.bed.gz				released	s3://encode-public/2020/07/02/95b4e2b3-7959-481d-9870-5add5225506c/ENCFF951CCL.bed.gz	https://datasetencode.blob.core.windows.net/dataset/2020/07/02/95b4e2b3-7959-481d-9870-5add5225506c/ENCFF951CCL.bed.gz?sv=2019-10-10&si=prod&sr=c&sig=9qSQZo4ggrCNpybBExU8SypuUZV33igI11xw0P7rB3c%3D	ENCODE4 v1.4.0 GRCh38	released	missing genetic modification reagents		
ENCFF089XCL	bed narrowPeak	bed	narrowPeak	IDR thresholded peaks	GRCh38	ENCSR580HOI	TF ChIP-seq	/human-donors/ENCDO000AAC/	EFO:0001187	HepG2	cell line	Homo sapiens				CRISPR	insertion	{'schema_version': '14', 'aliases': ['michael-snyder:TS-220'], 'organism': {'schema_version': '6', '@type': ['Organism', 'Item'], 'name': 'human', 'taxon_id': '9606', 'scientific_name': 'Homo sapiens', '@id': '/organisms/human/', 'uuid': '7745b647-ff15-4ff3-9ced-b897d4e2983c', 'status': 'released'}, 'genes': ['/genes/5970/'], '@type': ['Target', 'Item'], 'name': 'RELA-human', 'label': 'RELA', '@id': '/targets/RELA-human/', 'title': 'RELA (Homo sapiens)', 'investigated_as': ['transcription factor'], 'uuid': '3c44d92c-436a-4be6-a5cd-13f522313efa', 'status': 'released'}				RELA-human	DNA				formaldehyde		2020-07-09	ENCODE		sonication (generic)		1, 2	1_1, 2_1							/files/ENCFF356LFX/, /files/ENCFF827ASV/, /files/ENCFF723HPB/, /files/ENCFF170HCI/	115744	ENCODE Processing Pipeline	acfcfe54749d54908f67e8148f993f2b		https://www.encodeproject.org/files/ENCFF089XCL/@@download/ENCFF089XCL.bed.gz				released	s3://encode-public/2020/06/30/97cc8354-5736-4a79-88d5-465fb29eceff/ENCFF089XCL.bed.gz	https://datasetencode.blob.core.windows.net/dataset/2020/06/30/97cc8354-5736-4a79-88d5-465fb29eceff/ENCFF089XCL.bed.gz?sv=2019-10-10&si=prod&sr=c&sig=9qSQZo4ggrCNpybBExU8SypuUZV33igI11xw0P7rB3c%3D	ENCODE4 v1.4.0 GRCh38	released	missing genetic modification reagents		
ENCFF990ZAB	bed narrowPeak	bed	narrowPeak	IDR thresholded peaks	GRCh38	ENCSR243OKN	TF ChIP-seq	/human-donors/ENCDO000AAC/	EFO:0001187	HepG2	cell line	Homo sapiens				CRISPR	insertion	{'schema_version': '14', 'aliases': [], 'organism': {'schema_version': '6', '@type': ['Organism', 'Item'], 'name': 'human', 'taxon_id': '9606', 'scientific_name': 'Homo sapiens', '@id': '/organisms/human/', 'uuid': '7745b647-ff15-4ff3-9ced-b897d4e2983c', 'status': 'released'}, 'genes': ['/genes/112950/'], '@type': ['Target', 'Item'], 'name': 'MED8-human', 'label': 'MED8', '@id': '/targets/MED8-human/', 'title': 'MED8 (Homo sapiens)', 'investigated_as': ['cofactor'], 'uuid': '316323b9-9d39-4069-88fb-bd932a2c8ace', 'status': 'released'}				MED8-human	DNA				formaldehyde		2023-01-06	ENCODE		sonication (generic)		1, 2	1_1, 2_1							/files/ENCFF739KON/, /files/ENCFF959XDT/, /files/ENCFF356LFX/, /files/ENCFF759VFM/	232279	ENCODE Processing Pipeline	3b132720095125114f3a0998420d42d7		https://www.encodeproject.org/files/ENCFF990ZAB/@@download/ENCFF990ZAB.bed.gz				released	s3://encode-public/2022/12/19/d69acf96-6b84-4999-a0cb-15faab37a87e/ENCFF990ZAB.bed.gz	https://datasetencode.blob.core.windows.net/dataset/2022/12/19/d69acf96-6b84-4999-a0cb-15faab37a87e/ENCFF990ZAB.bed.gz?sv=2019-10-10&si=prod&sr=c&sig=9qSQZo4ggrCNpybBExU8SypuUZV33igI11xw0P7rB3c%3D	ENCODE4 v1.8.1 GRCh38	released	mild to moderate bottlenecking, missing genetic modification reagents	insufficient replicate concordance	
ENCFF455TXX	bed narrowPeak	bed	narrowPeak	conservative IDR thresholded peaks	GRCh38	ENCSR782WWY	TF ChIP-seq	/human-donors/ENCDO000AAC/	EFO:0001187	HepG2	cell line	Homo sapiens				CRISPR	insertion	{'schema_version': '14', 'aliases': ['michael-snyder:TS-646'], 'organism': {'schema_version': '6', '@type': ['Organism', 'Item'], 'name': 'human', 'taxon_id': '9606', 'scientific_name': 'Homo sapiens', '@id': '/organisms/human/', 'uuid': '7745b647-ff15-4ff3-9ced-b897d4e2983c', 'status': 'released'}, 'genes': ['/genes/339327/'], '@type': ['Target', 'Item'], 'name': 'ZNF546-human', 'label': 'ZNF546', '@id': '/targets/ZNF546-human/', 'title': 'ZNF546 (Homo sapiens)', 'investigated_as': ['transcription factor'], 'uuid': 'c58a6d84-4e48-4e11-823b-33bad4563638', 'status': 'released'}				ZNF546-human	DNA				formaldehyde		2023-01-06	ENCODE		sonication (generic)		1, 2	1_1, 2_1							/files/ENCFF082UIY/, /files/ENCFF865PWA/, /files/ENCFF356LFX/, /files/ENCFF353WHZ/	214459	ENCODE Processing Pipeline	77f928e36ea217067e7e348c9775e1bd		https://www.encodeproject.org/files/ENCFF455TXX/@@download/ENCFF455TXX.bed.gz				released	s3://encode-public/2022/12/19/47ea5b01-4edc-4fd0-b5a9-4a26c3b80af8/ENCFF455TXX.bed.gz	https://datasetencode.blob.core.windows.net/dataset/2022/12/19/47ea5b01-4edc-4fd0-b5a9-4a26c3b80af8/ENCFF455TXX.bed.gz?sv=2019-10-10&si=prod&sr=c&sig=9qSQZo4ggrCNpybBExU8SypuUZV33igI11xw0P7rB3c%3D	ENCODE4 v1.8.1 GRCh38	released	mild to moderate bottlenecking, missing genetic modification reagents		
ENCFF525SCQ	bed narrowPeak	bed	narrowPeak	IDR thresholded peaks	GRCh38	ENCSR655QNQ	TF ChIP-seq	/human-donors/ENCDO000AAC/	EFO:0001187	HepG2	cell line	Homo sapiens				CRISPR	insertion	{'schema_version': '14', 'aliases': [], 'organism': {'schema_version': '6', '@type': ['Organism', 'Item'], 'name': 'human', 'taxon_id': '9606', 'scientific_name': 'Homo sapiens', '@id': '/organisms/human/', 'uuid': '7745b647-ff15-4ff3-9ced-b897d4e2983c', 'status': 'released'}, 'genes': ['/genes/57109/'], '@type': ['Target', 'Item'], 'name': 'REXO4-human', 'label': 'REXO4', '@id': '/targets/REXO4-human/', 'title': 'REXO4 (Homo sapiens)', 'investigated_as': ['DNA repair', 'cofactor'], 'uuid': '7682e26b-8f01-42d5-bd3e-35051fd788cb', 'status': 'released'}				REXO4-human	DNA				formaldehyde		2022-08-31	ENCODE		sonication (generic)		1, 2	1_1, 2_1							/files/ENCFF356LFX/, /files/ENCFF354GOA/, /files/ENCFF297ZMD/, /files/ENCFF771CQB/	59477	ENCODE Processing Pipeline	266a7134096411078578ebed2ddbe39a		https://www.encodeproject.org/files/ENCFF525SCQ/@@download/ENCFF525SCQ.bed.gz				released	s3://encode-public/2022/08/27/8f927624-be36-4e9a-a5c2-f69607e3b0b9/ENCFF525SCQ.bed.gz	https://datasetencode.blob.core.windows.net/dataset/2022/08/27/8f927624-be36-4e9a-a5c2-f69607e3b0b9/ENCFF525SCQ.bed.gz?sv=2019-10-10&si=prod&sr=c&sig=9qSQZo4ggrCNpybBExU8SypuUZV33igI11xw0P7rB3c%3D	ENCODE4 v1.8.0 GRCh38	released	missing genetic modification reagents, mild to moderate bottlenecking, borderline replicate concordance		
ENCFF726AMU	bed narrowPeak	bed	narrowPeak	IDR thresholded peaks	GRCh38	ENCSR810DBO	TF ChIP-seq	/human-donors/ENCDO000AAC/	EFO:0001187	HepG2	cell line	Homo sapiens				CRISPR	insertion	{'schema_version': '14', 'aliases': ['michael-snyder:TS-1445'], 'organism': {'schema_version': '6', '@type': ['Organism', 'Item'], 'name': 'human', 'taxon_id': '9606', 'scientific_name': 'Homo sapiens', '@id': '/organisms/human/', 'uuid': '7745b647-ff15-4ff3-9ced-b897d4e2983c', 'status': 'released'}, 'genes': ['/genes/10196/'], '@type': ['Target', 'Item'], 'name': 'PRMT3-human', 'label': 'PRMT3', '@id': '/targets/PRMT3-human/', 'title': 'PRMT3 (Homo sapiens)', 'investigated_as': ['chromatin remodeler'], 'uuid': '3e0ac066-e052-43ba-a838-88e6827cca68', 'status': 'released'}				PRMT3-human	DNA				formaldehyde		2022-10-03	ENCODE		sonication (generic)		1, 2	1_1, 2_1							/files/ENCFF931DIL/, /files/ENCFF814OBR/, /files/ENCFF966ETR/, /files/ENCFF356LFX/	125458	ENCODE Processing Pipeline	3e2c3d88d281e925d1dfab73ac769ccb		https://www.encodeproject.org/files/ENCFF726AMU/@@download/ENCFF726AMU.bed.gz				released	s3://encode-public/2022/09/28/dbe0441b-beb9-4573-830c-df53f9cc19f1/ENCFF726AMU.bed.gz	https://datasetencode.blob.core.windows.net/dataset/2022/09/28/dbe0441b-beb9-4573-830c-df53f9cc19f1/ENCFF726AMU.bed.gz?sv=2019-10-10&si=prod&sr=c&sig=9qSQZo4ggrCNpybBExU8SypuUZV33igI11xw0P7rB3c%3D	ENCODE4 v1.8.1 GRCh38	released	mild to moderate bottlenecking, borderline replicate concordance, missing genetic modification reagents, low read depth, moderate library complexity		
ENCFF241YGM	bed narrowPeak	bed	narrowPeak	IDR thresholded peaks	GRCh38	ENCSR080EKH	TF ChIP-seq	/human-donors/ENCDO000AAC/	EFO:0001187	HepG2	cell line	Homo sapiens				CRISPR	insertion	{'schema_version': '14', 'aliases': [], 'organism': {'schema_version': '6', '@type': ['Organism', 'Item'], 'name': 'human', 'taxon_id': '9606', 'scientific_name': 'Homo sapiens', '@id': '/organisms/human/', 'uuid': '7745b647-ff15-4ff3-9ced-b897d4e2983c', 'status': 'released'}, 'genes': ['/genes/9782/'], '@type': ['Target', 'Item'], 'name': 'MATR3-human', 'label': 'MATR3', '@id': '/targets/MATR3-human/', 'title': 'MATR3 (Homo sapiens)', 'investigated_as': ['RNA binding protein'], 'uuid': '27991efb-24d6-4387-9151-3babb0129891', 'status': 'released'}				MATR3-human	DNA				formaldehyde		2020-07-09	ENCODE		sonication (generic)		1, 2	1_1, 2_1							/files/ENCFF356LFX/, /files/ENCFF970UPF/, /files/ENCFF723HPB/, /files/ENCFF604QEA/	9905	ENCODE Processing Pipeline	50b9f4d26fce83e77e51c892735c015c		https://www.encodeproject.org/files/ENCFF241YGM/@@download/ENCFF241YGM.bed.gz				released	s3://encode-public/2020/07/01/73a05f59-deaa-4cd0-8f22-b6b69732925a/ENCFF241YGM.bed.gz	https://datasetencode.blob.core.windows.net/dataset/2020/07/01/73a05f59-deaa-4cd0-8f22-b6b69732925a/ENCFF241YGM.bed.gz?sv=2019-10-10&si=prod&sr=c&sig=9qSQZo4ggrCNpybBExU8SypuUZV33igI11xw0P7rB3c%3D	ENCODE4 v1.4.0 GRCh38	released	missing genetic modification reagents		
ENCFF765MRZ	bed narrowPeak	bed	narrowPeak	conservative IDR thresholded peaks	GRCh38	ENCSR700USV	TF ChIP-seq	/human-donors/ENCDO000AAC/	EFO:0001187	HepG2	cell line	Homo sapiens				CRISPR	insertion	{'schema_version': '14', 'aliases': [], 'organism': {'schema_version': '6', '@type': ['Organism', 'Item'], 'name': 'human', 'taxon_id': '9606', 'scientific_name': 'Homo sapiens', '@id': '/organisms/human/', 'uuid': '7745b647-ff15-4ff3-9ced-b897d4e2983c', 'status': 'released'}, 'genes': ['/genes/9208/'], '@type': ['Target', 'Item'], 'name': 'LRRFIP1-human', 'label': 'LRRFIP1', '@id': '/targets/LRRFIP1-human/', 'title': 'LRRFIP1 (Homo sapiens)', 'investigated_as': ['transcription factor'], 'uuid': '03e417ee-8373-4339-b351-2ed8d25e50b1', 'status': 'released'}				LRRFIP1-human	DNA				formaldehyde		2020-07-09	ENCODE		sonication (generic)		1, 2	1_1, 2_1							/files/ENCFF885BXN/, /files/ENCFF723HPB/, /files/ENCFF356LFX/, /files/ENCFF383RMP/	35126	ENCODE Processing Pipeline	0f8d2d1482cbd472c08e1f55a28cd880		https://www.encodeproject.org/files/ENCFF765MRZ/@@download/ENCFF765MRZ.bed.gz				released	s3://encode-public/2020/07/06/e4126f75-ee8a-409c-ae63-4b887d339d70/ENCFF765MRZ.bed.gz	https://datasetencode.blob.core.windows.net/dataset/2020/07/06/e4126f75-ee8a-409c-ae63-4b887d339d70/ENCFF765MRZ.bed.gz?sv=2019-10-10&si=prod&sr=c&sig=9qSQZo4ggrCNpybBExU8SypuUZV33igI11xw0P7rB3c%3D	ENCODE4 v1.4.0 GRCh38	released	missing genetic modification reagents		
ENCFF625DDW	bed narrowPeak	bed	narrowPeak	IDR thresholded peaks	GRCh38	ENCSR907PAR	TF ChIP-seq	/human-donors/ENCDO000AAC/	EFO:0001187	HepG2	cell line	Homo sapiens				CRISPR	insertion	{'schema_version': '14', 'aliases': [], 'organism': {'schema_version': '6', '@type': ['Organism', 'Item'], 'name': 'human', 'taxon_id': '9606', 'scientific_name': 'Homo sapiens', '@id': '/organisms/human/', 'uuid': '7745b647-ff15-4ff3-9ced-b897d4e2983c', 'status': 'released'}, 'genes': ['/genes/729747/'], '@type': ['Target', 'Item'], 'name': 'ZNF878-human', 'label': 'ZNF878', '@id': '/targets/ZNF878-human/', 'title': 'ZNF878 (Homo sapiens)', 'investigated_as': ['transcription factor'], 'uuid': 'b4ec349e-17af-49ef-a83e-34c3d0ac1281', 'status': 'released'}				ZNF878-human	DNA				formaldehyde		2023-01-06	ENCODE		sonication (generic)		1, 2	1_1, 2_1							/files/ENCFF356LFX/, /files/ENCFF020MSQ/, /files/ENCFF372YKQ/, /files/ENCFF931DIL/	290965	ENCODE Processing Pipeline	0e3d50edd734463fa486fa7335b43c26		https://www.encodeproject.org/files/ENCFF625DDW/@@download/ENCFF625DDW.bed.gz				released	s3://encode-public/2022/12/19/4f4f82b5-f649-4aff-803b-4c4c864a343a/ENCFF625DDW.bed.gz	https://datasetencode.blob.core.windows.net/dataset/2022/12/19/4f4f82b5-f649-4aff-803b-4c4c864a343a/ENCFF625DDW.bed.gz?sv=2019-10-10&si=prod&sr=c&sig=9qSQZo4ggrCNpybBExU8SypuUZV33igI11xw0P7rB3c%3D	ENCODE4 v1.8.1 GRCh38	released	mild to moderate bottlenecking, missing genetic modification reagents, moderate library complexity		
ENCFF245TLY	bed narrowPeak	bed	narrowPeak	IDR thresholded peaks	GRCh38	ENCSR440OJH	TF ChIP-seq	/human-donors/ENCDO000AAC/	EFO:0001187	HepG2	cell line	Homo sapiens				CRISPR	insertion	{'schema_version': '14', 'aliases': [], 'organism': {'schema_version': '6', '@type': ['Organism', 'Item'], 'name': 'human', 'taxon_id': '9606', 'scientific_name': 'Homo sapiens', '@id': '/organisms/human/', 'uuid': '7745b647-ff15-4ff3-9ced-b897d4e2983c', 'status': 'released'}, 'genes': ['/genes/84256/'], '@type': ['Target', 'Item'], 'name': 'FLYWCH1-human', 'label': 'FLYWCH1', '@id': '/targets/FLYWCH1-human/', 'title': 'FLYWCH1 (Homo sapiens)', 'investigated_as': ['cofactor'], 'uuid': '433eaee5-c26f-438e-b9e7-c32e83186999', 'status': 'released'}				FLYWCH1-human	DNA				formaldehyde		2023-01-06	ENCODE		sonication (generic)		1, 2	1_1, 2_1							/files/ENCFF738TPF/, /files/ENCFF102MUG/, /files/ENCFF356LFX/, /files/ENCFF338PKT/	78363	ENCODE Processing Pipeline	18d28677861820b1ac7567464a125711		https://www.encodeproject.org/files/ENCFF245TLY/@@download/ENCFF245TLY.bed.gz				released	s3://encode-public/2022/12/21/33039247-bf64-4fb2-8a41-47e830db5aa3/ENCFF245TLY.bed.gz	https://datasetencode.blob.core.windows.net/dataset/2022/12/21/33039247-bf64-4fb2-8a41-47e830db5aa3/ENCFF245TLY.bed.gz?sv=2019-10-10&si=prod&sr=c&sig=9qSQZo4ggrCNpybBExU8SypuUZV33igI11xw0P7rB3c%3D	ENCODE4 v1.8.1 GRCh38	released	mild to moderate bottlenecking, missing genetic modification reagents		
ENCFF155CEQ	bed narrowPeak	bed	narrowPeak	IDR thresholded peaks	GRCh38	ENCSR000EEG	TF ChIP-seq	/human-donors/ENCDO000AAC/	EFO:0001187	HepG2	cell line	Homo sapiens										RAD21-human	DNA						2011-10-29	ENCODE		see document		1, 2	1_1, 2_1							/files/ENCFF221VFQ/, /files/ENCFF319BXY/, /files/ENCFF772ZHK/, /files/ENCFF356LFX/	714019	ENCODE Processing Pipeline	99c56647659743280b97afc1c3693691		https://www.encodeproject.org/files/ENCFF155CEQ/@@download/ENCFF155CEQ.bed.gz				released	s3://encode-public/2020/12/27/d424237d-4497-45bb-a005-d98df5c0dc0c/ENCFF155CEQ.bed.gz	https://datasetencode.blob.core.windows.net/dataset/2020/12/27/d424237d-4497-45bb-a005-d98df5c0dc0c/ENCFF155CEQ.bed.gz?sv=2019-10-10&si=prod&sr=c&sig=9qSQZo4ggrCNpybBExU8SypuUZV33igI11xw0P7rB3c%3D	ENCODE4 v1.6.1 GRCh38	released	low read depth, low read length, improper control_type of control experiment		
ENCFF624JML	bed narrowPeak	bed	narrowPeak	IDR thresholded peaks	GRCh38	ENCSR957LTN	TF ChIP-seq	/human-donors/ENCDO000AAC/	EFO:0001187	HepG2	cell line	Homo sapiens				CRISPR	insertion	{'schema_version': '14', 'aliases': [], 'organism': {'schema_version': '6', '@type': ['Organism', 'Item'], 'name': 'human', 'taxon_id': '9606', 'scientific_name': 'Homo sapiens', '@id': '/organisms/human/', 'uuid': '7745b647-ff15-4ff3-9ced-b897d4e2983c', 'status': 'released'}, 'genes': ['/genes/7705/'], '@type': ['Target', 'Item'], 'name': 'ZNF146-human', 'label': 'ZNF146', '@id': '/targets/ZNF146-human/', 'title': 'ZNF146 (Homo sapiens)', 'investigated_as': ['transcription factor'], 'uuid': '12e914c0-5569-4baf-9c49-9cae0a875331', 'status': 'released'}				ZNF146-human	DNA				formaldehyde		2022-08-15	ENCODE		sonication (generic)		1, 2	1_1, 2_1							/files/ENCFF688MBJ/, /files/ENCFF828KFL/, /files/ENCFF356LFX/, /files/ENCFF159LUA/	469078	ENCODE Processing Pipeline	0e37b4e6bef4df7649a994935140985e		https://www.encodeproject.org/files/ENCFF624JML/@@download/ENCFF624JML.bed.gz				released	s3://encode-public/2022/07/23/c673a172-4735-47b0-83d8-3ec1ae2bccba/ENCFF624JML.bed.gz	https://datasetencode.blob.core.windows.net/dataset/2022/07/23/c673a172-4735-47b0-83d8-3ec1ae2bccba/ENCFF624JML.bed.gz?sv=2019-10-10&si=prod&sr=c&sig=9qSQZo4ggrCNpybBExU8SypuUZV33igI11xw0P7rB3c%3D	ENCODE4 v1.8.0 GRCh38	released	mild to moderate bottlenecking, missing genetic modification reagents		
ENCFF265QIF	bed narrowPeak	bed	narrowPeak	IDR thresholded peaks	GRCh38	ENCSR699ZES	TF ChIP-seq	/human-donors/ENCDO000AAC/	EFO:0001187	HepG2	cell line	Homo sapiens				CRISPR	insertion	{'schema_version': '14', 'aliases': [], 'organism': {'schema_version': '6', '@type': ['Organism', 'Item'], 'name': 'human', 'taxon_id': '9606', 'scientific_name': 'Homo sapiens', '@id': '/organisms/human/', 'uuid': '7745b647-ff15-4ff3-9ced-b897d4e2983c', 'status': 'released'}, 'genes': ['/genes/93474/'], '@type': ['Target', 'Item'], 'name': 'ZNF670-human', 'label': 'ZNF670', '@id': '/targets/ZNF670-human/', 'title': 'ZNF670 (Homo sapiens)', 'investigated_as': ['transcription factor'], 'uuid': 'd7f03da4-f4b3-4502-8583-6ce19291ba2b', 'status': 'released'}				ZNF670-human	DNA				formaldehyde		2022-08-15	ENCODE		sonication (generic)		1, 2	1_1, 2_1							/files/ENCFF559VHF/, /files/ENCFF356LFX/, /files/ENCFF647WPV/, /files/ENCFF592TYT/	301473	ENCODE Processing Pipeline	b7248645b14e5c57b9e51a64578a0a2d		https://www.encodeproject.org/files/ENCFF265QIF/@@download/ENCFF265QIF.bed.gz				released	s3://encode-public/2022/07/23/5327f4e1-effb-4331-8497-ec78da828807/ENCFF265QIF.bed.gz	https://datasetencode.blob.core.windows.net/dataset/2022/07/23/5327f4e1-effb-4331-8497-ec78da828807/ENCFF265QIF.bed.gz?sv=2019-10-10&si=prod&sr=c&sig=9qSQZo4ggrCNpybBExU8SypuUZV33igI11xw0P7rB3c%3D	ENCODE4 v1.8.0 GRCh38	released	missing genetic modification reagents, mild to moderate bottlenecking, borderline replicate concordance		
ENCFF839JEO	bed narrowPeak	bed	narrowPeak	IDR thresholded peaks	GRCh38	ENCSR000BMZ	TF ChIP-seq	/human-donors/ENCDO000AAC/	EFO:0001187	HepG2	cell line	Homo sapiens										ELF1-human	DNA						2011-07-18	ENCODE		see document		1, 2	1_1, 2_1							/files/ENCFF285GKD/, /files/ENCFF356LFX/, /files/ENCFF798COW/, /files/ENCFF480BHZ/, /files/ENCFF459YUC/	356723	ENCODE Processing Pipeline	a12b33dd26df8fb581481d51a4b5aee1		https://www.encodeproject.org/files/ENCFF839JEO/@@download/ENCFF839JEO.bed.gz				released	s3://encode-public/2021/01/05/f33cf0be-922b-4ab6-8b06-a4e60807f39b/ENCFF839JEO.bed.gz	https://datasetencode.blob.core.windows.net/dataset/2021/01/05/f33cf0be-922b-4ab6-8b06-a4e60807f39b/ENCFF839JEO.bed.gz?sv=2019-10-10&si=prod&sr=c&sig=9qSQZo4ggrCNpybBExU8SypuUZV33igI11xw0P7rB3c%3D	ENCODE4 v1.6.1 GRCh38	released	low read depth, low read length		
ENCFF986ZVU	bed narrowPeak	bed	narrowPeak	IDR thresholded peaks	GRCh38	ENCSR421ADK	TF ChIP-seq	/human-donors/ENCDO000AAC/	EFO:0001187	HepG2	cell line	Homo sapiens				CRISPR	insertion	{'schema_version': '14', 'aliases': ['michael-snyder:TS-1022'], 'organism': {'schema_version': '6', '@type': ['Organism', 'Item'], 'name': 'human', 'taxon_id': '9606', 'scientific_name': 'Homo sapiens', '@id': '/organisms/human/', 'uuid': '7745b647-ff15-4ff3-9ced-b897d4e2983c', 'status': 'released'}, 'genes': ['/genes/80764/'], '@type': ['Target', 'Item'], 'name': 'THAP7-human', 'label': 'THAP7', '@id': '/targets/THAP7-human/', 'title': 'THAP7 (Homo sapiens)', 'investigated_as': ['transcription factor'], 'uuid': '0f7cec72-0501-4b77-b153-bd5357d26c9b', 'status': 'released'}				THAP7-human	DNA				formaldehyde		2023-01-06	ENCODE		sonication (generic)		1, 2	1_1, 2_1							/files/ENCFF356LFX/, /files/ENCFF881WYK/, /files/ENCFF277NIO/, /files/ENCFF491AIX/	225606	ENCODE Processing Pipeline	b3fe6b7fdf7a47f10b1c1c4ce9da48d6		https://www.encodeproject.org/files/ENCFF986ZVU/@@download/ENCFF986ZVU.bed.gz				released	s3://encode-public/2022/12/19/ad90a143-9581-4916-bd9e-a050c7b3a8ca/ENCFF986ZVU.bed.gz	https://datasetencode.blob.core.windows.net/dataset/2022/12/19/ad90a143-9581-4916-bd9e-a050c7b3a8ca/ENCFF986ZVU.bed.gz?sv=2019-10-10&si=prod&sr=c&sig=9qSQZo4ggrCNpybBExU8SypuUZV33igI11xw0P7rB3c%3D	ENCODE4 v1.8.1 GRCh38	released	mild to moderate bottlenecking, missing genetic modification reagents		
ENCFF804WYO	bed narrowPeak	bed	narrowPeak	IDR thresholded peaks	GRCh38	ENCSR871EQD	TF ChIP-seq	/human-donors/ENCDO000AAC/	EFO:0001187	HepG2	cell line	Homo sapiens				CRISPR	insertion	{'schema_version': '14', 'aliases': [], 'organism': {'schema_version': '6', '@type': ['Organism', 'Item'], 'name': 'human', 'taxon_id': '9606', 'scientific_name': 'Homo sapiens', '@id': '/organisms/human/', 'uuid': '7745b647-ff15-4ff3-9ced-b897d4e2983c', 'status': 'released'}, 'genes': ['/genes/5451/'], '@type': ['Target', 'Item'], 'name': 'POU2F1-human', 'label': 'POU2F1', '@id': '/targets/POU2F1-human/', 'title': 'POU2F1 (Homo sapiens)', 'investigated_as': ['transcription factor'], 'uuid': '25583395-c210-464d-8742-0af309731ef7', 'status': 'released'}				POU2F1-human	DNA				formaldehyde		2023-01-06	ENCODE		sonication (generic)		1, 2	1_1, 2_1							/files/ENCFF359GYR/, /files/ENCFF356LFX/, /files/ENCFF710VDH/, /files/ENCFF954YHR/	730612	ENCODE Processing Pipeline	44fd7c7a83cc2c042d6fbcf883970aa6		https://www.encodeproject.org/files/ENCFF804WYO/@@download/ENCFF804WYO.bed.gz				released	s3://encode-public/2022/12/19/8cfa79df-d053-4b23-8d4f-21c0a676bb7b/ENCFF804WYO.bed.gz	https://datasetencode.blob.core.windows.net/dataset/2022/12/19/8cfa79df-d053-4b23-8d4f-21c0a676bb7b/ENCFF804WYO.bed.gz?sv=2019-10-10&si=prod&sr=c&sig=9qSQZo4ggrCNpybBExU8SypuUZV33igI11xw0P7rB3c%3D	ENCODE4 v1.8.1 GRCh38	released	mild to moderate bottlenecking, missing genetic modification reagents		
ENCFF477JRZ	bed narrowPeak	bed	narrowPeak	IDR thresholded peaks	GRCh38	ENCSR167MTG	TF ChIP-seq	/human-donors/ENCDO000AAC/	EFO:0001187	HepG2	cell line	Homo sapiens				CRISPR	insertion	{'schema_version': '14', 'aliases': [], 'organism': {'schema_version': '6', '@type': ['Organism', 'Item'], 'name': 'human', 'taxon_id': '9606', 'scientific_name': 'Homo sapiens', '@id': '/organisms/human/', 'uuid': '7745b647-ff15-4ff3-9ced-b897d4e2983c', 'status': 'released'}, 'genes': ['/genes/10274/'], '@type': ['Target', 'Item'], 'name': 'STAG1-human', 'label': 'STAG1', '@id': '/targets/STAG1-human/', 'title': 'STAG1 (Homo sapiens)', 'investigated_as': ['cohesin'], 'uuid': '6761f261-60f6-44e0-a6f6-d09843460cd5', 'status': 'released'}				STAG1-human	DNA				formaldehyde		2020-07-08	ENCODE		sonication (generic)		1, 2	1_1, 2_1							/files/ENCFF550OFK/, /files/ENCFF356LFX/, /files/ENCFF657NDS/, /files/ENCFF283MFJ/	951004	ENCODE Processing Pipeline	ec67bb9d36e16e281ff8b3a7988a9e1d		https://www.encodeproject.org/files/ENCFF477JRZ/@@download/ENCFF477JRZ.bed.gz				released	s3://encode-public/2020/07/04/8c5837da-3936-484b-8bcb-17460ebf90e1/ENCFF477JRZ.bed.gz	https://datasetencode.blob.core.windows.net/dataset/2020/07/04/8c5837da-3936-484b-8bcb-17460ebf90e1/ENCFF477JRZ.bed.gz?sv=2019-10-10&si=prod&sr=c&sig=9qSQZo4ggrCNpybBExU8SypuUZV33igI11xw0P7rB3c%3D	ENCODE4 v1.4.0 GRCh38	released	missing genetic modification reagents		
ENCFF093AZT	bed narrowPeak	bed	narrowPeak	IDR thresholded peaks	GRCh38	ENCSR873OVI	TF ChIP-seq	/human-donors/ENCDO000AAC/	EFO:0001187	HepG2	cell line	Homo sapiens				CRISPR	insertion	{'dbxrefs': ['FactorBook:MTA3'], 'aliases': [], 'organism': {'schema_version': '6', '@type': ['Organism', 'Item'], 'name': 'human', 'taxon_id': '9606', 'scientific_name': 'Homo sapiens', '@id': '/organisms/human/', 'uuid': '7745b647-ff15-4ff3-9ced-b897d4e2983c', 'status': 'released'}, 'genes': ['/genes/57504/'], '@type': ['Target', 'Item'], 'label': 'MTA3', 'title': 'MTA3 (Homo sapiens)', 'investigated_as': ['chromatin remodeler'], 'uuid': '67061983-0760-420d-a179-9af669ce6d4c', 'schema_version': '14', 'name': 'MTA3-human', '@id': '/targets/MTA3-human/', 'status': 'released'}				MTA3-human	DNA				formaldehyde		2020-07-09	ENCODE		sonication (generic)		1, 2	1_1, 2_1							/files/ENCFF356LFX/, /files/ENCFF152QBD/, /files/ENCFF723HPB/, /files/ENCFF292WZB/	11708	ENCODE Processing Pipeline	986bc5e834c0207d05a47437f58ae6c9		https://www.encodeproject.org/files/ENCFF093AZT/@@download/ENCFF093AZT.bed.gz				released	s3://encode-public/2020/07/01/243219c1-54d3-416a-83ca-cb14f1ee58d3/ENCFF093AZT.bed.gz	https://datasetencode.blob.core.windows.net/dataset/2020/07/01/243219c1-54d3-416a-83ca-cb14f1ee58d3/ENCFF093AZT.bed.gz?sv=2019-10-10&si=prod&sr=c&sig=9qSQZo4ggrCNpybBExU8SypuUZV33igI11xw0P7rB3c%3D	ENCODE4 v1.4.0 GRCh38	released	missing genetic modification reagents		
ENCFF209MHH	bed narrowPeak	bed	narrowPeak	IDR thresholded peaks	GRCh38	ENCSR767HDQ	TF ChIP-seq	/human-donors/ENCDO000AAC/	EFO:0001187	HepG2	cell line	Homo sapiens				CRISPR	insertion	{'schema_version': '14', 'aliases': [], 'organism': {'schema_version': '6', '@type': ['Organism', 'Item'], 'name': 'human', 'taxon_id': '9606', 'scientific_name': 'Homo sapiens', '@id': '/organisms/human/', 'uuid': '7745b647-ff15-4ff3-9ced-b897d4e2983c', 'status': 'released'}, 'genes': ['/genes/253782/'], '@type': ['Target', 'Item'], 'name': 'CERS6-human', 'label': 'CERS6', '@id': '/targets/CERS6-human/', 'title': 'CERS6 (Homo sapiens)', 'investigated_as': ['transcription factor'], 'uuid': '0f37da46-2577-46d8-b08b-cc1f37d73f43', 'status': 'released'}				CERS6-human	DNA				formaldehyde		2020-07-14	ENCODE		sonication (generic)		1, 2	1_1, 2_1							/files/ENCFF657NDS/, /files/ENCFF356LFX/, /files/ENCFF843XGO/, /files/ENCFF489EDP/	49738	ENCODE Processing Pipeline	23e32a0bfba25aaabe148e152ef121be		https://www.encodeproject.org/files/ENCFF209MHH/@@download/ENCFF209MHH.bed.gz				released	s3://encode-public/2020/07/09/37970e2a-9713-438d-a4d7-85086092cf90/ENCFF209MHH.bed.gz	https://datasetencode.blob.core.windows.net/dataset/2020/07/09/37970e2a-9713-438d-a4d7-85086092cf90/ENCFF209MHH.bed.gz?sv=2019-10-10&si=prod&sr=c&sig=9qSQZo4ggrCNpybBExU8SypuUZV33igI11xw0P7rB3c%3D	ENCODE4 v1.5.0 GRCh38	released	missing genetic modification reagents		
ENCFF322CXC	bed narrowPeak	bed	narrowPeak	IDR thresholded peaks	GRCh38	ENCSR524RLU	TF ChIP-seq	/human-donors/ENCDO000AAC/	EFO:0001187	HepG2	cell line	Homo sapiens				CRISPR	insertion	{'schema_version': '14', 'aliases': ['michael-snyder:TS-2070'], 'organism': {'schema_version': '6', '@type': ['Organism', 'Item'], 'name': 'human', 'taxon_id': '9606', 'scientific_name': 'Homo sapiens', '@id': '/organisms/human/', 'uuid': '7745b647-ff15-4ff3-9ced-b897d4e2983c', 'status': 'released'}, 'genes': ['/genes/5994/'], '@type': ['Target', 'Item'], 'name': 'RFXAP-human', 'label': 'RFXAP', '@id': '/targets/RFXAP-human/', 'title': 'RFXAP (Homo sapiens)', 'investigated_as': ['cofactor'], 'uuid': '2d8e992f-b5e5-4704-ad27-733e56988755', 'status': 'released'}				RFXAP-human	DNA				formaldehyde		2020-07-08	ENCODE		sonication (generic)		1, 2	1_1, 2_1							/files/ENCFF657NDS/, /files/ENCFF877KYG/, /files/ENCFF968KJN/, /files/ENCFF356LFX/	346750	ENCODE Processing Pipeline	6c67c14c83c9ad380e561b803f5dbb5b		https://www.encodeproject.org/files/ENCFF322CXC/@@download/ENCFF322CXC.bed.gz				released	s3://encode-public/2020/07/02/ec7de01c-306a-4c19-9f3f-6c47e4151601/ENCFF322CXC.bed.gz	https://datasetencode.blob.core.windows.net/dataset/2020/07/02/ec7de01c-306a-4c19-9f3f-6c47e4151601/ENCFF322CXC.bed.gz?sv=2019-10-10&si=prod&sr=c&sig=9qSQZo4ggrCNpybBExU8SypuUZV33igI11xw0P7rB3c%3D	ENCODE4 v1.4.0 GRCh38	released	missing genetic modification reagents, borderline replicate concordance		
ENCFF167IAP	bed narrowPeak	bed	narrowPeak	IDR thresholded peaks	GRCh38	ENCSR554YEH	TF ChIP-seq	/human-donors/ENCDO000AAC/	EFO:0001187	HepG2	cell line	Homo sapiens				CRISPR	insertion	{'schema_version': '14', 'aliases': [], 'organism': {'schema_version': '6', '@type': ['Organism', 'Item'], 'name': 'human', 'taxon_id': '9606', 'scientific_name': 'Homo sapiens', '@id': '/organisms/human/', 'uuid': '7745b647-ff15-4ff3-9ced-b897d4e2983c', 'status': 'released'}, 'genes': ['/genes/114034/'], '@type': ['Target', 'Item'], 'name': 'TOE1-human', 'label': 'TOE1', '@id': '/targets/TOE1-human/', 'title': 'TOE1 (Homo sapiens)', 'investigated_as': ['RNA binding protein'], 'uuid': '5f4653da-496d-4e53-8bec-c4311659b11a', 'status': 'released'}				TOE1-human	DNA				formaldehyde		2020-07-09	ENCODE		sonication (generic)		1, 2	1_1, 2_1							/files/ENCFF356LFX/, /files/ENCFF723HPB/, /files/ENCFF821JRP/, /files/ENCFF937GNM/	125143	ENCODE Processing Pipeline	89608103110e79e0b2c77321ee7a092f		https://www.encodeproject.org/files/ENCFF167IAP/@@download/ENCFF167IAP.bed.gz				released	s3://encode-public/2020/07/01/b70ff141-d113-4fb6-9a1d-23f52429c16a/ENCFF167IAP.bed.gz	https://datasetencode.blob.core.windows.net/dataset/2020/07/01/b70ff141-d113-4fb6-9a1d-23f52429c16a/ENCFF167IAP.bed.gz?sv=2019-10-10&si=prod&sr=c&sig=9qSQZo4ggrCNpybBExU8SypuUZV33igI11xw0P7rB3c%3D	ENCODE4 v1.4.0 GRCh38	released	mild to moderate bottlenecking, missing genetic modification reagents		
ENCFF493UFO	bed narrowPeak	bed	narrowPeak	IDR thresholded peaks	GRCh38	ENCSR959XNY	TF ChIP-seq	/human-donors/ENCDO000AAC/	EFO:0001187	HepG2	cell line	Homo sapiens				CRISPR	insertion	{'schema_version': '14', 'aliases': [], 'organism': {'schema_version': '6', '@type': ['Organism', 'Item'], 'name': 'human', 'taxon_id': '9606', 'scientific_name': 'Homo sapiens', '@id': '/organisms/human/', 'uuid': '7745b647-ff15-4ff3-9ced-b897d4e2983c', 'status': 'released'}, 'genes': ['/genes/5469/'], '@type': ['Target', 'Item'], 'name': 'MED1-human', 'label': 'MED1', '@id': '/targets/MED1-human/', 'title': 'MED1 (Homo sapiens)', 'investigated_as': ['cofactor'], 'uuid': '65c7e995-7120-4cf4-a0a2-b65bbe5eee25', 'status': 'released'}				MED1-human	DNA				formaldehyde		2020-07-08	ENCODE		sonication (generic)		1, 2	1_1, 2_1							/files/ENCFF856KWB/, /files/ENCFF338XRR/, /files/ENCFF657NDS/, /files/ENCFF356LFX/	722671	ENCODE Processing Pipeline	715b402e7063aacdd317fc78fea9a0fb		https://www.encodeproject.org/files/ENCFF493UFO/@@download/ENCFF493UFO.bed.gz				released	s3://encode-public/2020/07/01/95e40560-eae0-465c-88b2-a3f3677200c8/ENCFF493UFO.bed.gz	https://datasetencode.blob.core.windows.net/dataset/2020/07/01/95e40560-eae0-465c-88b2-a3f3677200c8/ENCFF493UFO.bed.gz?sv=2019-10-10&si=prod&sr=c&sig=9qSQZo4ggrCNpybBExU8SypuUZV33igI11xw0P7rB3c%3D	ENCODE4 v1.4.0 GRCh38	released	missing genetic modification reagents		
ENCFF331QMY	bed narrowPeak	bed	narrowPeak	conservative IDR thresholded peaks	GRCh38	ENCSR756CJS	TF ChIP-seq	/human-donors/ENCDO000AAC/	EFO:0001187	HepG2	cell line	Homo sapiens				CRISPR	insertion	{'schema_version': '14', 'aliases': [], 'organism': {'schema_version': '6', '@type': ['Organism', 'Item'], 'name': 'human', 'taxon_id': '9606', 'scientific_name': 'Homo sapiens', '@id': '/organisms/human/', 'uuid': '7745b647-ff15-4ff3-9ced-b897d4e2983c', 'status': 'released'}, 'genes': ['/genes/342892/'], '@type': ['Target', 'Item'], 'name': 'ZNF850-human', 'label': 'ZNF850', '@id': '/targets/ZNF850-human/', 'title': 'ZNF850 (Homo sapiens)', 'investigated_as': ['transcription factor'], 'uuid': 'b9572112-c04c-4720-bc21-7e1b2a43f667', 'status': 'released'}				ZNF850-human	DNA				formaldehyde		2021-08-13	ENCODE		sonication (generic)		1, 2	1_1, 2_1							/files/ENCFF356LFX/, /files/ENCFF592TYT/, /files/ENCFF148IDM/, /files/ENCFF738GZI/	101157	ENCODE Processing Pipeline	5c3a113bb9be776d742f40ab3ed48bbd		https://www.encodeproject.org/files/ENCFF331QMY/@@download/ENCFF331QMY.bed.gz				released	s3://encode-public/2021/08/02/d4e8f759-bf2a-48b4-9d6f-62990dd0d154/ENCFF331QMY.bed.gz	https://datasetencode.blob.core.windows.net/dataset/2021/08/02/d4e8f759-bf2a-48b4-9d6f-62990dd0d154/ENCFF331QMY.bed.gz?sv=2019-10-10&si=prod&sr=c&sig=9qSQZo4ggrCNpybBExU8SypuUZV33igI11xw0P7rB3c%3D	ENCODE4 v1.9.0 GRCh38	released	mild to moderate bottlenecking, missing genetic modification reagents		
ENCFF245XOL	bed narrowPeak	bed	narrowPeak	IDR thresholded peaks	GRCh38	ENCSR924LSO	TF ChIP-seq	/human-donors/ENCDO000AAC/	EFO:0001187	HepG2	cell line	Homo sapiens				CRISPR	insertion	{'dbxrefs': ['FactorBook:E2F4'], 'aliases': [], 'organism': {'schema_version': '6', '@type': ['Organism', 'Item'], 'name': 'human', 'taxon_id': '9606', 'scientific_name': 'Homo sapiens', '@id': '/organisms/human/', 'uuid': '7745b647-ff15-4ff3-9ced-b897d4e2983c', 'status': 'released'}, 'genes': ['/genes/1874/'], '@type': ['Target', 'Item'], 'label': 'E2F4', 'title': 'E2F4 (Homo sapiens)', 'investigated_as': ['transcription factor'], 'uuid': '9ce9bc82-0a83-4234-adcc-d582f01c23bf', 'schema_version': '14', 'name': 'E2F4-human', '@id': '/targets/E2F4-human/', 'status': 'released'}				E2F4-human	DNA				formaldehyde		2020-07-08	ENCODE		sonication (generic)		1, 2	1_1, 2_1							/files/ENCFF910OOI/, /files/ENCFF356LFX/, /files/ENCFF657NDS/, /files/ENCFF323USE/	393135	ENCODE Processing Pipeline	accf7c0c96ca24fea4ccfe994b12222e		https://www.encodeproject.org/files/ENCFF245XOL/@@download/ENCFF245XOL.bed.gz				released	s3://encode-public/2020/07/01/f2f5a7b5-7e8f-4de1-a801-13529854d66e/ENCFF245XOL.bed.gz	https://datasetencode.blob.core.windows.net/dataset/2020/07/01/f2f5a7b5-7e8f-4de1-a801-13529854d66e/ENCFF245XOL.bed.gz?sv=2019-10-10&si=prod&sr=c&sig=9qSQZo4ggrCNpybBExU8SypuUZV33igI11xw0P7rB3c%3D	ENCODE4 v1.4.0 GRCh38	released	missing genetic modification reagents		
ENCFF361JRX	bed narrowPeak	bed	narrowPeak	IDR thresholded peaks	GRCh38	ENCSR280SCF	TF ChIP-seq	/human-donors/ENCDO000AAC/	EFO:0001187	HepG2	cell line	Homo sapiens				CRISPR	insertion	{'dbxrefs': ['FactorBook:KDM4B'], 'aliases': ['michael-snyder:TS-2132'], 'organism': {'schema_version': '6', '@type': ['Organism', 'Item'], 'name': 'human', 'taxon_id': '9606', 'scientific_name': 'Homo sapiens', '@id': '/organisms/human/', 'uuid': '7745b647-ff15-4ff3-9ced-b897d4e2983c', 'status': 'released'}, 'genes': ['/genes/23030/'], '@type': ['Target', 'Item'], 'label': 'KDM4B', 'title': 'KDM4B (Homo sapiens)', 'investigated_as': ['chromatin remodeler'], 'uuid': '0893ba0b-bcea-4c88-bec3-b3f679e61f7c', 'schema_version': '14', 'name': 'KDM4B-human', '@id': '/targets/KDM4B-human/', 'status': 'released'}				KDM4B-human	DNA				formaldehyde		2020-07-09	ENCODE		sonication (generic)		1, 2	1_1, 2_1							/files/ENCFF356LFX/, /files/ENCFF161DJN/, /files/ENCFF723HPB/, /files/ENCFF863MAI/	202647	ENCODE Processing Pipeline	eda2ec8006a49c8025c56a0aae73ccae		https://www.encodeproject.org/files/ENCFF361JRX/@@download/ENCFF361JRX.bed.gz				released	s3://encode-public/2020/07/01/16f17343-f939-445a-ac95-779f28907c87/ENCFF361JRX.bed.gz	https://datasetencode.blob.core.windows.net/dataset/2020/07/01/16f17343-f939-445a-ac95-779f28907c87/ENCFF361JRX.bed.gz?sv=2019-10-10&si=prod&sr=c&sig=9qSQZo4ggrCNpybBExU8SypuUZV33igI11xw0P7rB3c%3D	ENCODE4 v1.4.0 GRCh38	released	missing genetic modification reagents		
ENCFF743CDY	bed narrowPeak	bed	narrowPeak	IDR thresholded peaks	GRCh38	ENCSR066EWR	TF ChIP-seq	/human-donors/ENCDO000AAC/	EFO:0001187	HepG2	cell line	Homo sapiens				CRISPR	insertion	{'schema_version': '14', 'aliases': [], 'organism': {'schema_version': '6', '@type': ['Organism', 'Item'], 'name': 'human', 'taxon_id': '9606', 'scientific_name': 'Homo sapiens', '@id': '/organisms/human/', 'uuid': '7745b647-ff15-4ff3-9ced-b897d4e2983c', 'status': 'released'}, 'genes': ['/genes/7750/'], '@type': ['Target', 'Item'], 'name': 'ZMYM2-human', 'label': 'ZMYM2', '@id': '/targets/ZMYM2-human/', 'title': 'ZMYM2 (Homo sapiens)', 'investigated_as': ['transcription factor'], 'uuid': '18310810-336b-465e-a62a-438551aec001', 'status': 'released'}				ZMYM2-human	DNA				formaldehyde		2022-01-13	ENCODE		sonication (generic)		1, 2	1_1, 2_1							/files/ENCFF272GBE/, /files/ENCFF356LFX/, /files/ENCFF374KFT/, /files/ENCFF394KIH/	376095	ENCODE Processing Pipeline	29c1a3b4b17eca3a8bda86687c7746ec		https://www.encodeproject.org/files/ENCFF743CDY/@@download/ENCFF743CDY.bed.gz				released	s3://encode-public/2022/01/01/19207dd1-dc19-44b6-a246-e9ef834597e7/ENCFF743CDY.bed.gz	https://datasetencode.blob.core.windows.net/dataset/2022/01/01/19207dd1-dc19-44b6-a246-e9ef834597e7/ENCFF743CDY.bed.gz?sv=2019-10-10&si=prod&sr=c&sig=9qSQZo4ggrCNpybBExU8SypuUZV33igI11xw0P7rB3c%3D	ENCODE4 v1.8.0 GRCh38	released	mild to moderate bottlenecking, missing genetic modification reagents		
ENCFF312YZB	bed narrowPeak	bed	narrowPeak	IDR thresholded peaks	GRCh38	ENCSR989QTM	TF ChIP-seq	/human-donors/ENCDO000AAC/	EFO:0001187	HepG2	cell line	Homo sapiens				CRISPR	insertion	{'schema_version': '14', 'aliases': [], 'organism': {'schema_version': '6', '@type': ['Organism', 'Item'], 'name': 'human', 'taxon_id': '9606', 'scientific_name': 'Homo sapiens', '@id': '/organisms/human/', 'uuid': '7745b647-ff15-4ff3-9ced-b897d4e2983c', 'status': 'released'}, 'genes': ['/genes/57727/'], '@type': ['Target', 'Item'], 'name': 'NCOA5-human', 'label': 'NCOA5', '@id': '/targets/NCOA5-human/', 'title': 'NCOA5 (Homo sapiens)', 'investigated_as': ['RNA binding protein'], 'uuid': 'e8c5fc0c-f820-4796-acc5-2387a523d24a', 'status': 'released'}				NCOA5-human	DNA				formaldehyde		2020-07-08	ENCODE		sonication (generic)		1, 2	1_1, 2_1							/files/ENCFF356LFX/, /files/ENCFF015ATT/, /files/ENCFF423TLW/, /files/ENCFF657NDS/	30800	ENCODE Processing Pipeline	188bf1c105966357ed062a13b6974552		https://www.encodeproject.org/files/ENCFF312YZB/@@download/ENCFF312YZB.bed.gz				released	s3://encode-public/2020/07/04/c21ae9e8-739a-4e67-b763-aa4c2e26a720/ENCFF312YZB.bed.gz	https://datasetencode.blob.core.windows.net/dataset/2020/07/04/c21ae9e8-739a-4e67-b763-aa4c2e26a720/ENCFF312YZB.bed.gz?sv=2019-10-10&si=prod&sr=c&sig=9qSQZo4ggrCNpybBExU8SypuUZV33igI11xw0P7rB3c%3D	ENCODE4 v1.4.0 GRCh38	released	missing genetic modification reagents		
ENCFF124UUN	bed narrowPeak	bed	narrowPeak	IDR thresholded peaks	GRCh38	ENCSR552YWL	TF ChIP-seq	/human-donors/ENCDO000AAC/	EFO:0001187	HepG2	cell line	Homo sapiens				CRISPR	insertion	{'schema_version': '14', 'aliases': ['michael-snyder:TS-1395'], 'organism': {'schema_version': '6', '@type': ['Organism', 'Item'], 'name': 'human', 'taxon_id': '9606', 'scientific_name': 'Homo sapiens', '@id': '/organisms/human/', 'uuid': '7745b647-ff15-4ff3-9ced-b897d4e2983c', 'status': 'released'}, 'genes': ['/genes/11278/'], '@type': ['Target', 'Item'], 'name': 'KLF12-human', 'label': 'KLF12', '@id': '/targets/KLF12-human/', 'title': 'KLF12 (Homo sapiens)', 'investigated_as': ['transcription factor'], 'uuid': '1dd7b24d-c300-4df1-9434-602614693a68', 'status': 'released'}				KLF12-human	DNA				formaldehyde		2020-07-08	ENCODE		sonication (generic)		1, 2	1_1, 2_1							/files/ENCFF397TED/, /files/ENCFF356LFX/, /files/ENCFF657NDS/, /files/ENCFF515EOV/	282088	ENCODE Processing Pipeline	e7417797e97529f66aae086834594e70		https://www.encodeproject.org/files/ENCFF124UUN/@@download/ENCFF124UUN.bed.gz				released	s3://encode-public/2020/07/07/a31bf47e-04f2-4bb0-b96f-47dbf1b9dbf7/ENCFF124UUN.bed.gz	https://datasetencode.blob.core.windows.net/dataset/2020/07/07/a31bf47e-04f2-4bb0-b96f-47dbf1b9dbf7/ENCFF124UUN.bed.gz?sv=2019-10-10&si=prod&sr=c&sig=9qSQZo4ggrCNpybBExU8SypuUZV33igI11xw0P7rB3c%3D	ENCODE4 v1.4.0 GRCh38	released	missing genetic modification reagents, borderline replicate concordance		
ENCFF656PGC	bed narrowPeak	bed	narrowPeak	IDR thresholded peaks	GRCh38	ENCSR490AMH	TF ChIP-seq	/human-donors/ENCDO000AAC/	EFO:0001187	HepG2	cell line	Homo sapiens				CRISPR	insertion	{'dbxrefs': ['FactorBook:FOXA2'], 'aliases': [], 'organism': {'schema_version': '6', '@type': ['Organism', 'Item'], 'name': 'human', 'taxon_id': '9606', 'scientific_name': 'Homo sapiens', '@id': '/organisms/human/', 'uuid': '7745b647-ff15-4ff3-9ced-b897d4e2983c', 'status': 'released'}, 'genes': ['/genes/3170/'], '@type': ['Target', 'Item'], 'label': 'FOXA2', 'title': 'FOXA2 (Homo sapiens)', 'investigated_as': ['transcription factor'], 'uuid': '0cd692b8-9802-4a2b-bb33-9bfbc9b59b21', 'schema_version': '14', 'name': 'FOXA2-human', '@id': '/targets/FOXA2-human/', 'status': 'released'}				FOXA2-human	DNA				formaldehyde		2020-07-09	ENCODE		sonication (generic)		1, 2	1_1, 2_1							/files/ENCFF723HPB/, /files/ENCFF356LFX/, /files/ENCFF463OKE/, /files/ENCFF055CHF/	749537	ENCODE Processing Pipeline	34c85abf1024445818c7956374014327		https://www.encodeproject.org/files/ENCFF656PGC/@@download/ENCFF656PGC.bed.gz				released	s3://encode-public/2020/07/01/d04dddd0-0c21-42d8-80b0-adcf6d4b272e/ENCFF656PGC.bed.gz	https://datasetencode.blob.core.windows.net/dataset/2020/07/01/d04dddd0-0c21-42d8-80b0-adcf6d4b272e/ENCFF656PGC.bed.gz?sv=2019-10-10&si=prod&sr=c&sig=9qSQZo4ggrCNpybBExU8SypuUZV33igI11xw0P7rB3c%3D	ENCODE4 v1.4.0 GRCh38	released	missing genetic modification reagents		
ENCFF825GVH	bed narrowPeak	bed	narrowPeak	IDR thresholded peaks	GRCh38	ENCSR959COF	TF ChIP-seq	/human-donors/ENCDO000AAC/	EFO:0001187	HepG2	cell line	Homo sapiens				CRISPR	insertion	{'schema_version': '14', 'aliases': ['michael-snyder:TS-1074'], 'organism': {'schema_version': '6', '@type': ['Organism', 'Item'], 'name': 'human', 'taxon_id': '9606', 'scientific_name': 'Homo sapiens', '@id': '/organisms/human/', 'uuid': '7745b647-ff15-4ff3-9ced-b897d4e2983c', 'status': 'released'}, 'genes': ['/genes/65986/'], '@type': ['Target', 'Item'], 'name': 'ZBTB10-human', 'label': 'ZBTB10', '@id': '/targets/ZBTB10-human/', 'title': 'ZBTB10 (Homo sapiens)', 'investigated_as': ['transcription factor'], 'uuid': '13aa6f9d-46c9-423e-9322-e98749d4d008', 'status': 'released'}				ZBTB10-human	DNA				formaldehyde		2020-07-08	ENCODE		sonication (generic)		1, 2	1_1, 2_1							/files/ENCFF356LFX/, /files/ENCFF755HQJ/, /files/ENCFF707CUV/, /files/ENCFF657NDS/	220382	ENCODE Processing Pipeline	c31002e42ec51e4e8efedd157a34cecc		https://www.encodeproject.org/files/ENCFF825GVH/@@download/ENCFF825GVH.bed.gz				released	s3://encode-public/2020/07/01/4a936419-af15-4698-9394-a6b6280346cc/ENCFF825GVH.bed.gz	https://datasetencode.blob.core.windows.net/dataset/2020/07/01/4a936419-af15-4698-9394-a6b6280346cc/ENCFF825GVH.bed.gz?sv=2019-10-10&si=prod&sr=c&sig=9qSQZo4ggrCNpybBExU8SypuUZV33igI11xw0P7rB3c%3D	ENCODE4 v1.4.0 GRCh38	released	borderline replicate concordance, missing genetic modification reagents		
ENCFF552XOP	bed narrowPeak	bed	narrowPeak	IDR thresholded peaks	GRCh38	ENCSR211BDR	TF ChIP-seq	/human-donors/ENCDO000AAC/	EFO:0001187	HepG2	cell line	Homo sapiens				CRISPR	insertion	{'schema_version': '14', 'aliases': ['michael-snyder:TS-878'], 'organism': {'schema_version': '6', '@type': ['Organism', 'Item'], 'name': 'human', 'taxon_id': '9606', 'scientific_name': 'Homo sapiens', '@id': '/organisms/human/', 'uuid': '7745b647-ff15-4ff3-9ced-b897d4e2983c', 'status': 'released'}, 'genes': ['/genes/122953/'], '@type': ['Target', 'Item'], 'name': 'JDP2-human', 'label': 'JDP2', '@id': '/targets/JDP2-human/', 'title': 'JDP2 (Homo sapiens)', 'investigated_as': ['cofactor'], 'uuid': '64776c3d-b47b-4e2d-b03f-d53b4a1f258c', 'status': 'released'}				JDP2-human	DNA				formaldehyde		2022-09-30	ENCODE		sonication (generic)		1, 2	1_1, 2_1							/files/ENCFF852BTG/, /files/ENCFF439XNJ/, /files/ENCFF739OZT/, /files/ENCFF356LFX/	34872	ENCODE Processing Pipeline	fa8910d141fdf1b52ec80d0ac00a1fca		https://www.encodeproject.org/files/ENCFF552XOP/@@download/ENCFF552XOP.bed.gz				released	s3://encode-public/2022/09/03/4eddcd61-6461-497d-b5b2-c50eb753117e/ENCFF552XOP.bed.gz	https://datasetencode.blob.core.windows.net/dataset/2022/09/03/4eddcd61-6461-497d-b5b2-c50eb753117e/ENCFF552XOP.bed.gz?sv=2019-10-10&si=prod&sr=c&sig=9qSQZo4ggrCNpybBExU8SypuUZV33igI11xw0P7rB3c%3D	ENCODE4 v1.8.1 GRCh38	released	missing genetic modification reagents, borderline replicate concordance		
ENCFF335VPW	bed narrowPeak	bed	narrowPeak	conservative IDR thresholded peaks	GRCh38	ENCSR747MFU	TF ChIP-seq	/human-donors/ENCDO000AAC/	EFO:0001187	HepG2	cell line	Homo sapiens				CRISPR	insertion	{'schema_version': '14', 'aliases': ['michael-snyder:TS-1146'], 'organism': {'schema_version': '6', '@type': ['Organism', 'Item'], 'name': 'human', 'taxon_id': '9606', 'scientific_name': 'Homo sapiens', '@id': '/organisms/human/', 'uuid': '7745b647-ff15-4ff3-9ced-b897d4e2983c', 'status': 'released'}, 'genes': ['/genes/57645/'], '@type': ['Target', 'Item'], 'name': 'POGK-human', 'label': 'POGK', '@id': '/targets/POGK-human/', 'title': 'POGK (Homo sapiens)', 'investigated_as': ['transcription factor'], 'uuid': 'f0f53e69-c9ae-48e7-a763-b119cb2ddea1', 'status': 'released'}				POGK-human	DNA				formaldehyde		2022-08-15	ENCODE		sonication (generic)		1, 2	1_1, 2_1							/files/ENCFF157XJU/, /files/ENCFF356LFX/, /files/ENCFF911KWO/, /files/ENCFF308ITM/	444316	ENCODE Processing Pipeline	012867ffa81509f3037748bff443adaf		https://www.encodeproject.org/files/ENCFF335VPW/@@download/ENCFF335VPW.bed.gz				released	s3://encode-public/2022/07/23/3bff6684-2a11-4def-b709-131689de8431/ENCFF335VPW.bed.gz	https://datasetencode.blob.core.windows.net/dataset/2022/07/23/3bff6684-2a11-4def-b709-131689de8431/ENCFF335VPW.bed.gz?sv=2019-10-10&si=prod&sr=c&sig=9qSQZo4ggrCNpybBExU8SypuUZV33igI11xw0P7rB3c%3D	ENCODE4 v1.8.0 GRCh38	released	mild to moderate bottlenecking, missing genetic modification reagents, moderate library complexity		
ENCFF991QJO	bed narrowPeak	bed	narrowPeak	IDR thresholded peaks	GRCh38	ENCSR512JVC	TF ChIP-seq	/human-donors/ENCDO000AAC/	EFO:0001187	HepG2	cell line	Homo sapiens				CRISPR	insertion	{'schema_version': '14', 'aliases': ['michael-snyder:TS-552'], 'organism': {'schema_version': '6', '@type': ['Organism', 'Item'], 'name': 'human', 'taxon_id': '9606', 'scientific_name': 'Homo sapiens', '@id': '/organisms/human/', 'uuid': '7745b647-ff15-4ff3-9ced-b897d4e2983c', 'status': 'released'}, 'genes': ['/genes/440519/'], '@type': ['Target', 'Item'], 'name': 'ZNF724P-human', 'label': 'ZNF724P', '@id': '/targets/ZNF724P-human/', 'title': 'ZNF724P (Homo sapiens)', 'investigated_as': ['transcription factor'], 'uuid': '32d34511-3399-4dd6-8e53-aae8217482fa', 'status': 'released'}				ZNF724P-human	DNA				formaldehyde		2022-08-15	ENCODE		sonication (generic)		1, 2	1_1, 2_1							/files/ENCFF403RZQ/, /files/ENCFF597WGY/, /files/ENCFF356LFX/, /files/ENCFF157XJU/	234576	ENCODE Processing Pipeline	e7c92478d6193ae9d1fecdf7656740ab		https://www.encodeproject.org/files/ENCFF991QJO/@@download/ENCFF991QJO.bed.gz				released	s3://encode-public/2022/07/23/430eecc1-4c83-486d-9536-05df5c2be6f9/ENCFF991QJO.bed.gz	https://datasetencode.blob.core.windows.net/dataset/2022/07/23/430eecc1-4c83-486d-9536-05df5c2be6f9/ENCFF991QJO.bed.gz?sv=2019-10-10&si=prod&sr=c&sig=9qSQZo4ggrCNpybBExU8SypuUZV33igI11xw0P7rB3c%3D	ENCODE4 v1.8.0 GRCh38	released	borderline replicate concordance, missing genetic modification reagents		
ENCFF799VRS	bed narrowPeak	bed	narrowPeak	IDR thresholded peaks	GRCh38	ENCSR081VFY	TF ChIP-seq	/human-donors/ENCDO000AAC/	EFO:0001187	HepG2	cell line	Homo sapiens				CRISPR	insertion	{'schema_version': '14', 'aliases': ['michael-snyder:TS-329'], 'organism': {'schema_version': '6', '@type': ['Organism', 'Item'], 'name': 'human', 'taxon_id': '9606', 'scientific_name': 'Homo sapiens', '@id': '/organisms/human/', 'uuid': '7745b647-ff15-4ff3-9ced-b897d4e2983c', 'status': 'released'}, 'genes': ['/genes/677/'], '@type': ['Target', 'Item'], 'name': 'ZFP36L1-human', 'label': 'ZFP36L1', '@id': '/targets/ZFP36L1-human/', 'title': 'ZFP36L1 (Homo sapiens)', 'investigated_as': ['RNA binding protein'], 'uuid': '2e44b049-71f2-43aa-b5f7-65ce75f15fb5', 'status': 'released'}				ZFP36L1-human	DNA				formaldehyde		2022-08-23	ENCODE		sonication (generic)		1, 2	1_1, 2_1							/files/ENCFF186ONB/, /files/ENCFF771CQB/, /files/ENCFF519CMM/, /files/ENCFF356LFX/	258489	ENCODE Processing Pipeline	480374e290b643aebb3e669e8756e7d2		https://www.encodeproject.org/files/ENCFF799VRS/@@download/ENCFF799VRS.bed.gz				released	s3://encode-public/2022/08/19/60e2fbca-804a-4c46-9bd7-f0a3b439afd1/ENCFF799VRS.bed.gz	https://datasetencode.blob.core.windows.net/dataset/2022/08/19/60e2fbca-804a-4c46-9bd7-f0a3b439afd1/ENCFF799VRS.bed.gz?sv=2019-10-10&si=prod&sr=c&sig=9qSQZo4ggrCNpybBExU8SypuUZV33igI11xw0P7rB3c%3D	ENCODE4 v1.8.0 GRCh38	released	mild to moderate bottlenecking, missing genetic modification reagents, moderate library complexity		
ENCFF975YZR	bed narrowPeak	bed	narrowPeak	IDR thresholded peaks	GRCh38	ENCSR263YXJ	TF ChIP-seq	/human-donors/ENCDO000AAC/	EFO:0001187	HepG2	cell line	Homo sapiens				CRISPR	insertion	{'schema_version': '14', 'aliases': [], 'organism': {'schema_version': '6', '@type': ['Organism', 'Item'], 'name': 'human', 'taxon_id': '9606', 'scientific_name': 'Homo sapiens', '@id': '/organisms/human/', 'uuid': '7745b647-ff15-4ff3-9ced-b897d4e2983c', 'status': 'released'}, 'genes': ['/genes/79894/'], '@type': ['Target', 'Item'], 'name': 'ZNF672-human', 'label': 'ZNF672', '@id': '/targets/ZNF672-human/', 'title': 'ZNF672 (Homo sapiens)', 'investigated_as': ['transcription factor'], 'uuid': '82da211c-f03e-4358-a9c2-0e62a4374302', 'status': 'released'}				ZNF672-human	DNA				formaldehyde		2022-09-30	ENCODE		sonication (generic)		1, 2	1_1, 2_1							/files/ENCFF927ZUT/, /files/ENCFF507IQZ/, /files/ENCFF356LFX/, /files/ENCFF739OZT/	64478	ENCODE Processing Pipeline	17613a81d10506eb9d13e6420183fb1f		https://www.encodeproject.org/files/ENCFF975YZR/@@download/ENCFF975YZR.bed.gz				released	s3://encode-public/2022/09/03/e8d572a6-bba7-4a53-a7e7-e39db545301a/ENCFF975YZR.bed.gz	https://datasetencode.blob.core.windows.net/dataset/2022/09/03/e8d572a6-bba7-4a53-a7e7-e39db545301a/ENCFF975YZR.bed.gz?sv=2019-10-10&si=prod&sr=c&sig=9qSQZo4ggrCNpybBExU8SypuUZV33igI11xw0P7rB3c%3D	ENCODE4 v1.8.1 GRCh38	released	missing genetic modification reagents		
ENCFF610WQK	bed narrowPeak	bed	narrowPeak	IDR thresholded peaks	GRCh38	ENCSR238XDV	TF ChIP-seq	/human-donors/ENCDO000AAC/	EFO:0001187	HepG2	cell line	Homo sapiens				CRISPR	insertion	{'schema_version': '14', 'aliases': [], 'organism': {'schema_version': '6', '@type': ['Organism', 'Item'], 'name': 'human', 'taxon_id': '9606', 'scientific_name': 'Homo sapiens', '@id': '/organisms/human/', 'uuid': '7745b647-ff15-4ff3-9ced-b897d4e2983c', 'status': 'released'}, 'genes': ['/genes/729991/', '/genes/100271849/'], '@type': ['Target', 'Item'], 'name': 'BORCS8-MEF2B-human', 'label': 'BORCS8-MEF2B', '@id': '/targets/BORCS8-MEF2B-human/', 'title': 'BORCS8-MEF2B (Homo sapiens)', 'investigated_as': ['other context'], 'uuid': 'c33bab5b-3d33-4d82-a698-0c9bb0aa5797', 'status': 'released'}				BORCS8-MEF2B-human	DNA				formaldehyde		2022-08-31	ENCODE		sonication (generic)		1, 2	1_1, 2_1							/files/ENCFF306SNV/, /files/ENCFF828KFL/, /files/ENCFF660TSA/, /files/ENCFF356LFX/	404250	ENCODE Processing Pipeline	fee47d5d79a0d8e878822702762af140		https://www.encodeproject.org/files/ENCFF610WQK/@@download/ENCFF610WQK.bed.gz				released	s3://encode-public/2022/08/27/9f85220b-6618-4ead-9834-7428bb63262b/ENCFF610WQK.bed.gz	https://datasetencode.blob.core.windows.net/dataset/2022/08/27/9f85220b-6618-4ead-9834-7428bb63262b/ENCFF610WQK.bed.gz?sv=2019-10-10&si=prod&sr=c&sig=9qSQZo4ggrCNpybBExU8SypuUZV33igI11xw0P7rB3c%3D	ENCODE4 v1.8.0 GRCh38	released	mild to moderate bottlenecking, missing genetic modification reagents		
ENCFF745YRF	bed narrowPeak	bed	narrowPeak	conservative IDR thresholded peaks	GRCh38	ENCSR898XQZ	TF ChIP-seq	/human-donors/ENCDO000AAC/	EFO:0001187	HepG2	cell line	Homo sapiens				CRISPR	insertion	{'schema_version': '14', 'aliases': [], 'organism': {'schema_version': '6', '@type': ['Organism', 'Item'], 'name': 'human', 'taxon_id': '9606', 'scientific_name': 'Homo sapiens', '@id': '/organisms/human/', 'uuid': '7745b647-ff15-4ff3-9ced-b897d4e2983c', 'status': 'released'}, 'genes': ['/genes/4841/'], '@type': ['Target', 'Item'], 'name': 'NONO-human', 'label': 'NONO', '@id': '/targets/NONO-human/', 'title': 'NONO (Homo sapiens)', 'investigated_as': ['RNA binding protein'], 'uuid': '0c782976-c8df-4c9c-a23e-a0aedfdc313b', 'status': 'released'}				NONO-human	DNA				formaldehyde		2022-08-15	ENCODE		sonication (generic)		1, 2	1_1, 2_1							/files/ENCFF739OZT/, /files/ENCFF008JVL/, /files/ENCFF182KAJ/, /files/ENCFF356LFX/	521876	ENCODE Processing Pipeline	e10a028fa0f0118ccad33a98238ff8f3		https://www.encodeproject.org/files/ENCFF745YRF/@@download/ENCFF745YRF.bed.gz				released	s3://encode-public/2022/07/23/622994b0-e369-4d66-a84b-c8e3da5288ea/ENCFF745YRF.bed.gz	https://datasetencode.blob.core.windows.net/dataset/2022/07/23/622994b0-e369-4d66-a84b-c8e3da5288ea/ENCFF745YRF.bed.gz?sv=2019-10-10&si=prod&sr=c&sig=9qSQZo4ggrCNpybBExU8SypuUZV33igI11xw0P7rB3c%3D	ENCODE4 v1.8.0 GRCh38	released	mild to moderate bottlenecking, missing genetic modification reagents, moderate library complexity		
ENCFF044NSI	bed narrowPeak	bed	narrowPeak	IDR thresholded peaks	GRCh38	ENCSR000EDS	TF ChIP-seq	/human-donors/ENCDO000AAC/	EFO:0001187	HepG2	cell line	Homo sapiens										MAX-human	DNA						2012-05-14	ENCODE		see document		1, 2	1_1, 2_1							/files/ENCFF881DZX/, /files/ENCFF772ZHK/, /files/ENCFF356LFX/, /files/ENCFF008WTO/	267621	ENCODE Processing Pipeline	2b285525c23ace33a82b082f2ca7d2af		https://www.encodeproject.org/files/ENCFF044NSI/@@download/ENCFF044NSI.bed.gz				released	s3://encode-public/2020/12/10/4dbfa90e-b0e8-4d40-ba4b-cc04331dea80/ENCFF044NSI.bed.gz	https://datasetencode.blob.core.windows.net/dataset/2020/12/10/4dbfa90e-b0e8-4d40-ba4b-cc04331dea80/ENCFF044NSI.bed.gz?sv=2019-10-10&si=prod&sr=c&sig=9qSQZo4ggrCNpybBExU8SypuUZV33igI11xw0P7rB3c%3D	ENCODE4 v1.6.1 GRCh38	released	low read depth, borderline replicate concordance, low read length, improper control_type of control experiment		
ENCFF159PYD	bed narrowPeak	bed	narrowPeak	IDR thresholded peaks	GRCh38	ENCSR000BJM	TF ChIP-seq	/human-donors/ENCDO000AAC/	EFO:0001187	HepG2	cell line	Homo sapiens										POLR2A-human	DNA						2011-07-18	ENCODE		see document		1, 2	1_1, 2_1							/files/ENCFF895XCY/, /files/ENCFF356LFX/, /files/ENCFF472IRC/, /files/ENCFF102EWF/, /files/ENCFF293TQJ/	526749	ENCODE Processing Pipeline	21bed6d24a30994f7fe62006eb60e919		https://www.encodeproject.org/files/ENCFF159PYD/@@download/ENCFF159PYD.bed.gz				released	s3://encode-public/2020/12/26/4d8a8720-abbb-4a44-aa01-1519c930620b/ENCFF159PYD.bed.gz	https://datasetencode.blob.core.windows.net/dataset/2020/12/26/4d8a8720-abbb-4a44-aa01-1519c930620b/ENCFF159PYD.bed.gz?sv=2019-10-10&si=prod&sr=c&sig=9qSQZo4ggrCNpybBExU8SypuUZV33igI11xw0P7rB3c%3D	ENCODE4 v1.6.1 GRCh38	released	low read depth, mild to moderate bottlenecking, low read length, moderate library complexity	insufficient read depth	
ENCFF632PBR	bed narrowPeak	bed	narrowPeak	IDR thresholded peaks	GRCh38	ENCSR929KSH	TF ChIP-seq	/human-donors/ENCDO000AAC/	EFO:0001187	HepG2	cell line	Homo sapiens				CRISPR	insertion	{'dbxrefs': ['FactorBook:SKIL'], 'aliases': [], 'organism': {'schema_version': '6', '@type': ['Organism', 'Item'], 'name': 'human', 'taxon_id': '9606', 'scientific_name': 'Homo sapiens', '@id': '/organisms/human/', 'uuid': '7745b647-ff15-4ff3-9ced-b897d4e2983c', 'status': 'released'}, 'genes': ['/genes/6498/'], '@type': ['Target', 'Item'], 'label': 'SKIL', 'title': 'SKIL (Homo sapiens)', 'investigated_as': ['transcription factor'], 'uuid': 'ebe49ebf-a76e-4502-8484-2a748e6b0511', 'schema_version': '14', 'name': 'SKIL-human', '@id': '/targets/SKIL-human/', 'status': 'released'}				SKIL-human	DNA				formaldehyde		2022-08-15	ENCODE		sonication (generic)		1, 2	1_1, 2_1							/files/ENCFF356LFX/, /files/ENCFF739OZT/, /files/ENCFF843SJX/, /files/ENCFF102OZW/	290626	ENCODE Processing Pipeline	a822e43f5ff9abe6afdadb23684a9f3d		https://www.encodeproject.org/files/ENCFF632PBR/@@download/ENCFF632PBR.bed.gz				released	s3://encode-public/2022/07/23/b00cc4c7-01e5-4564-80c5-64431155ea1b/ENCFF632PBR.bed.gz	https://datasetencode.blob.core.windows.net/dataset/2022/07/23/b00cc4c7-01e5-4564-80c5-64431155ea1b/ENCFF632PBR.bed.gz?sv=2019-10-10&si=prod&sr=c&sig=9qSQZo4ggrCNpybBExU8SypuUZV33igI11xw0P7rB3c%3D	ENCODE4 v1.8.0 GRCh38	released	mild to moderate bottlenecking, borderline replicate concordance, missing genetic modification reagents, moderate library complexity		
ENCFF921XWH	bed narrowPeak	bed	narrowPeak	IDR thresholded peaks	GRCh38	ENCSR203UQM	TF ChIP-seq	/human-donors/ENCDO000AAC/	EFO:0001187	HepG2	cell line	Homo sapiens				CRISPR	insertion	{'schema_version': '14', 'aliases': [], 'organism': {'schema_version': '6', '@type': ['Organism', 'Item'], 'name': 'human', 'taxon_id': '9606', 'scientific_name': 'Homo sapiens', '@id': '/organisms/human/', 'uuid': '7745b647-ff15-4ff3-9ced-b897d4e2983c', 'status': 'released'}, 'genes': ['/genes/64145/'], '@type': ['Target', 'Item'], 'name': 'ZFYVE20-human', 'label': 'ZFYVE20', '@id': '/targets/ZFYVE20-human/', 'title': 'ZFYVE20 (Homo sapiens)', 'investigated_as': ['transcription factor'], 'uuid': '9e269f04-aad5-4f1b-9cf4-00e12c168c10', 'status': 'released'}				ZFYVE20-human	DNA				formaldehyde		2023-01-20	ENCODE		sonication (generic)		1, 2	1_1, 2_1							/files/ENCFF157XJU/, /files/ENCFF847ERY/, /files/ENCFF356LFX/, /files/ENCFF091MES/	82760	ENCODE Processing Pipeline	4c4cf5a6f7694ea9abe28bc4140f3a5a		https://www.encodeproject.org/files/ENCFF921XWH/@@download/ENCFF921XWH.bed.gz				released	s3://encode-public/2022/07/23/0a1cb811-f34b-4567-8a93-f6d0a02149ba/ENCFF921XWH.bed.gz	https://datasetencode.blob.core.windows.net/dataset/2022/07/23/0a1cb811-f34b-4567-8a93-f6d0a02149ba/ENCFF921XWH.bed.gz?sv=2019-10-10&si=prod&sr=c&sig=9qSQZo4ggrCNpybBExU8SypuUZV33igI11xw0P7rB3c%3D	ENCODE4 v1.8.0 GRCh38	released	mild to moderate bottlenecking, missing genetic modification reagents, borderline replicate concordance, low read depth, moderate library complexity		
ENCFF492FGH	bed narrowPeak	bed	narrowPeak	IDR thresholded peaks	GRCh38	ENCSR482SWD	TF ChIP-seq	/human-donors/ENCDO000AAC/	EFO:0001187	HepG2	cell line	Homo sapiens				CRISPR	insertion	{'schema_version': '14', 'aliases': [], 'organism': {'schema_version': '6', '@type': ['Organism', 'Item'], 'name': 'human', 'taxon_id': '9606', 'scientific_name': 'Homo sapiens', '@id': '/organisms/human/', 'uuid': '7745b647-ff15-4ff3-9ced-b897d4e2983c', 'status': 'released'}, 'target_organism': '/organisms/human/', '@type': ['Target', 'Item'], 'name': 'MTERF2-human', 'label': 'MTERF2', '@id': '/targets/MTERF2-human/', 'title': 'MTERF2 (Homo sapiens)', 'investigated_as': ['transcription factor'], 'uuid': '854cd0ef-cfc2-4184-9f46-9ce4b1ad7237', 'status': 'released'}				MTERF2-human	DNA				formaldehyde		2022-08-15	ENCODE		sonication (generic)		1, 2	1_1, 2_1							/files/ENCFF935LYW/, /files/ENCFF157XJU/, /files/ENCFF460YCK/, /files/ENCFF356LFX/	175206	ENCODE Processing Pipeline	4cc8d85a858c31f6001367c0b27348e1		https://www.encodeproject.org/files/ENCFF492FGH/@@download/ENCFF492FGH.bed.gz				released	s3://encode-public/2022/07/23/584a3afe-a9e4-4ab3-ad34-8288a5b50860/ENCFF492FGH.bed.gz	https://datasetencode.blob.core.windows.net/dataset/2022/07/23/584a3afe-a9e4-4ab3-ad34-8288a5b50860/ENCFF492FGH.bed.gz?sv=2019-10-10&si=prod&sr=c&sig=9qSQZo4ggrCNpybBExU8SypuUZV33igI11xw0P7rB3c%3D	ENCODE4 v1.8.0 GRCh38	released	low read depth, missing genetic modification reagents		
ENCFF310IWF	bed narrowPeak	bed	narrowPeak	IDR thresholded peaks	GRCh38	ENCSR397EOT	TF ChIP-seq	/human-donors/ENCDO000AAC/	EFO:0001187	HepG2	cell line	Homo sapiens				CRISPR	insertion	{'schema_version': '14', 'aliases': [], 'organism': {'schema_version': '6', '@type': ['Organism', 'Item'], 'name': 'human', 'taxon_id': '9606', 'scientific_name': 'Homo sapiens', '@id': '/organisms/human/', 'uuid': '7745b647-ff15-4ff3-9ced-b897d4e2983c', 'status': 'released'}, 'genes': ['/genes/163050/'], '@type': ['Target', 'Item'], 'name': 'ZNF564-human', 'label': 'ZNF564', '@id': '/targets/ZNF564-human/', 'title': 'ZNF564 (Homo sapiens)', 'investigated_as': ['transcription factor'], 'uuid': 'eb93b65c-8f01-4475-90a6-0219c0901505', 'status': 'released'}				ZNF564-human	DNA				formaldehyde		2023-01-06	ENCODE		sonication (generic)		1, 2	1_1, 2_1							/files/ENCFF543CXR/, /files/ENCFF931DIL/, /files/ENCFF356LFX/, /files/ENCFF522JVF/, /files/ENCFF685XXF/	311715	ENCODE Processing Pipeline	35623e7d699a0f143e86b4d6574c4036		https://www.encodeproject.org/files/ENCFF310IWF/@@download/ENCFF310IWF.bed.gz				released	s3://encode-public/2022/12/19/06004f4b-3d7f-4a49-98e1-7a1dd4f02050/ENCFF310IWF.bed.gz	https://datasetencode.blob.core.windows.net/dataset/2022/12/19/06004f4b-3d7f-4a49-98e1-7a1dd4f02050/ENCFF310IWF.bed.gz?sv=2019-10-10&si=prod&sr=c&sig=9qSQZo4ggrCNpybBExU8SypuUZV33igI11xw0P7rB3c%3D	ENCODE4 v1.8.1 GRCh38	released	mild to moderate bottlenecking, missing genetic modification reagents		
ENCFF501HSY	bed narrowPeak	bed	narrowPeak	IDR thresholded peaks	GRCh38	ENCSR693TYT	TF ChIP-seq	/human-donors/ENCDO000AAC/	EFO:0001187	HepG2	cell line	Homo sapiens				CRISPR	insertion	{'schema_version': '14', 'aliases': ['michael-snyder:TS-1599'], 'organism': {'schema_version': '6', '@type': ['Organism', 'Item'], 'name': 'human', 'taxon_id': '9606', 'scientific_name': 'Homo sapiens', '@id': '/organisms/human/', 'uuid': '7745b647-ff15-4ff3-9ced-b897d4e2983c', 'status': 'released'}, 'genes': ['/genes/7626/'], '@type': ['Target', 'Item'], 'name': 'ZNF75D-human', 'label': 'ZNF75D', '@id': '/targets/ZNF75D-human/', 'title': 'ZNF75D (Homo sapiens)', 'investigated_as': ['transcription factor'], 'uuid': '62558aca-8e80-4618-a240-b746cefcf0a3', 'status': 'released'}				ZNF75D-human	DNA				formaldehyde		2023-01-06	ENCODE		sonication (generic)		1, 2	1_1, 2_1							/files/ENCFF356LFX/, /files/ENCFF867WHG/, /files/ENCFF654UUO/, /files/ENCFF041MMU/	48464	ENCODE Processing Pipeline	3c8c7af6cf3b19cd4e75200dcc16d3ab		https://www.encodeproject.org/files/ENCFF501HSY/@@download/ENCFF501HSY.bed.gz				released	s3://encode-public/2022/12/19/7f345ad4-6dd1-4f98-886a-76b66c62ecd5/ENCFF501HSY.bed.gz	https://datasetencode.blob.core.windows.net/dataset/2022/12/19/7f345ad4-6dd1-4f98-886a-76b66c62ecd5/ENCFF501HSY.bed.gz?sv=2019-10-10&si=prod&sr=c&sig=9qSQZo4ggrCNpybBExU8SypuUZV33igI11xw0P7rB3c%3D	ENCODE4 v1.8.1 GRCh38	released	mild to moderate bottlenecking, borderline replicate concordance, missing genetic modification reagents		
ENCFF431BYW	bed narrowPeak	bed	narrowPeak	IDR thresholded peaks	GRCh38	ENCSR267TGY	TF ChIP-seq	/human-donors/ENCDO000AAC/	EFO:0001187	HepG2	cell line	Homo sapiens				CRISPR	insertion	{'schema_version': '14', 'aliases': ['michael-snyder:TS-1457'], 'organism': {'schema_version': '6', '@type': ['Organism', 'Item'], 'name': 'human', 'taxon_id': '9606', 'scientific_name': 'Homo sapiens', '@id': '/organisms/human/', 'uuid': '7745b647-ff15-4ff3-9ced-b897d4e2983c', 'status': 'released'}, 'genes': ['/genes/9915/'], '@type': ['Target', 'Item'], 'name': 'ARNT2-human', 'label': 'ARNT2', '@id': '/targets/ARNT2-human/', 'title': 'ARNT2 (Homo sapiens)', 'investigated_as': ['transcription factor'], 'uuid': '0a1ffba8-b45a-4d3b-bef0-1fb5480e4448', 'status': 'released'}				ARNT2-human	DNA				formaldehyde		2022-08-31	ENCODE		sonication (generic)		1, 2	1_1, 2_1							/files/ENCFF157XJU/, /files/ENCFF243GUH/, /files/ENCFF162WBB/, /files/ENCFF356LFX/	396754	ENCODE Processing Pipeline	bd6a284abd5d828a51056761ea4b547f		https://www.encodeproject.org/files/ENCFF431BYW/@@download/ENCFF431BYW.bed.gz				released	s3://encode-public/2022/08/27/e367906e-498b-43c3-b714-87b0fc921fae/ENCFF431BYW.bed.gz	https://datasetencode.blob.core.windows.net/dataset/2022/08/27/e367906e-498b-43c3-b714-87b0fc921fae/ENCFF431BYW.bed.gz?sv=2019-10-10&si=prod&sr=c&sig=9qSQZo4ggrCNpybBExU8SypuUZV33igI11xw0P7rB3c%3D	ENCODE4 v1.8.0 GRCh38	released	mild to moderate bottlenecking, low read depth, missing genetic modification reagents, moderate library complexity		
ENCFF672RKS	bed narrowPeak	bed	narrowPeak	IDR thresholded peaks	GRCh38	ENCSR136EQX	TF ChIP-seq	/human-donors/ENCDO000AAC/	EFO:0001187	HepG2	cell line	Homo sapiens				CRISPR	insertion	{'dbxrefs': ['FactorBook:PBX3'], 'aliases': [], 'organism': {'schema_version': '6', '@type': ['Organism', 'Item'], 'name': 'human', 'taxon_id': '9606', 'scientific_name': 'Homo sapiens', '@id': '/organisms/human/', 'uuid': '7745b647-ff15-4ff3-9ced-b897d4e2983c', 'status': 'released'}, 'genes': ['/genes/5090/'], '@type': ['Target', 'Item'], 'label': 'PBX3', 'title': 'PBX3 (Homo sapiens)', 'investigated_as': ['transcription factor'], 'uuid': '1045e6eb-cc70-4e7e-8af5-c6d32e6a4c9a', 'schema_version': '14', 'name': 'PBX3-human', '@id': '/targets/PBX3-human/', 'status': 'released'}				PBX3-human	DNA				formaldehyde		2023-01-06	ENCODE		sonication (generic)		1, 2	1_1, 2_1							/files/ENCFF214ARP/, /files/ENCFF657NDS/, /files/ENCFF356LFX/, /files/ENCFF310NYJ/	82189	ENCODE Processing Pipeline	abe22927c9ec393c6ff57c6004038d3d		https://www.encodeproject.org/files/ENCFF672RKS/@@download/ENCFF672RKS.bed.gz				released	s3://encode-public/2022/12/19/25146cf5-33bd-42d2-baf1-78f5ad365018/ENCFF672RKS.bed.gz	https://datasetencode.blob.core.windows.net/dataset/2022/12/19/25146cf5-33bd-42d2-baf1-78f5ad365018/ENCFF672RKS.bed.gz?sv=2019-10-10&si=prod&sr=c&sig=9qSQZo4ggrCNpybBExU8SypuUZV33igI11xw0P7rB3c%3D	ENCODE4 v1.8.1 GRCh38	released	borderline replicate concordance, missing genetic modification reagents, inconsistent platforms		
ENCFF108LBD	bed narrowPeak	bed	narrowPeak	IDR thresholded peaks	GRCh38	ENCSR410LFU	TF ChIP-seq	/human-donors/ENCDO000AAC/	EFO:0001187	HepG2	cell line	Homo sapiens				CRISPR	insertion	{'schema_version': '14', 'aliases': [], 'organism': {'schema_version': '6', '@type': ['Organism', 'Item'], 'name': 'human', 'taxon_id': '9606', 'scientific_name': 'Homo sapiens', '@id': '/organisms/human/', 'uuid': '7745b647-ff15-4ff3-9ced-b897d4e2983c', 'status': 'released'}, 'genes': ['/genes/4092/'], '@type': ['Target', 'Item'], 'name': 'SMAD7-human', 'label': 'SMAD7', '@id': '/targets/SMAD7-human/', 'title': 'SMAD7 (Homo sapiens)', 'investigated_as': ['transcription factor'], 'uuid': 'cb0d7fc2-aa03-4075-a4c7-a159ee14833e', 'status': 'released'}				SMAD7-human	DNA				formaldehyde		2023-01-06	ENCODE		sonication (generic)		1, 2	1_1, 2_1							/files/ENCFF356LFX/, /files/ENCFF558SHJ/, /files/ENCFF988FJF/, /files/ENCFF262VZR/	563450	ENCODE Processing Pipeline	86613ad0b3f4aa9364805407dcb74cfe		https://www.encodeproject.org/files/ENCFF108LBD/@@download/ENCFF108LBD.bed.gz				released	s3://encode-public/2022/12/19/85ce4fc7-6e2f-4f1b-8998-3e6f1fae57ec/ENCFF108LBD.bed.gz	https://datasetencode.blob.core.windows.net/dataset/2022/12/19/85ce4fc7-6e2f-4f1b-8998-3e6f1fae57ec/ENCFF108LBD.bed.gz?sv=2019-10-10&si=prod&sr=c&sig=9qSQZo4ggrCNpybBExU8SypuUZV33igI11xw0P7rB3c%3D	ENCODE4 v1.8.1 GRCh38	released	mild to moderate bottlenecking, missing genetic modification reagents, moderate library complexity		
ENCFF162YBD	bed narrowPeak	bed	narrowPeak	IDR thresholded peaks	GRCh38	ENCSR443YTB	TF ChIP-seq	/human-donors/ENCDO000AAC/	EFO:0001187	HepG2	cell line	Homo sapiens				CRISPR	insertion	{'schema_version': '14', 'aliases': [], 'organism': {'schema_version': '6', '@type': ['Organism', 'Item'], 'name': 'human', 'taxon_id': '9606', 'scientific_name': 'Homo sapiens', '@id': '/organisms/human/', 'uuid': '7745b647-ff15-4ff3-9ced-b897d4e2983c', 'status': 'released'}, 'genes': ['/genes/5629/'], '@type': ['Target', 'Item'], 'name': 'PROX1-human', 'label': 'PROX1', '@id': '/targets/PROX1-human/', 'title': 'PROX1 (Homo sapiens)', 'investigated_as': ['transcription factor'], 'uuid': '97df0689-55e8-41b0-b4cd-235aa2cb6600', 'status': 'released'}				PROX1-human	DNA				formaldehyde		2023-01-06	ENCODE		sonication (generic)		1, 2	1_1, 2_1							/files/ENCFF120ZFX/, /files/ENCFF929QSK/, /files/ENCFF931DIL/, /files/ENCFF356LFX/	566429	ENCODE Processing Pipeline	e3bcffcbcd914107770d14c3cbce27b6		https://www.encodeproject.org/files/ENCFF162YBD/@@download/ENCFF162YBD.bed.gz				released	s3://encode-public/2022/12/19/3b27f0ce-dbfc-4d72-9636-a34e1da46f98/ENCFF162YBD.bed.gz	https://datasetencode.blob.core.windows.net/dataset/2022/12/19/3b27f0ce-dbfc-4d72-9636-a34e1da46f98/ENCFF162YBD.bed.gz?sv=2019-10-10&si=prod&sr=c&sig=9qSQZo4ggrCNpybBExU8SypuUZV33igI11xw0P7rB3c%3D	ENCODE4 v1.8.1 GRCh38	released	mild to moderate bottlenecking, missing genetic modification reagents		
ENCFF194QYM	bed narrowPeak	bed	narrowPeak	IDR thresholded peaks	GRCh38	ENCSR913KJZ	TF ChIP-seq	/human-donors/ENCDO000AAC/	EFO:0001187	HepG2	cell line	Homo sapiens				CRISPR	insertion	{'dbxrefs': ['FactorBook:KLF16'], 'aliases': [], 'organism': {'schema_version': '6', '@type': ['Organism', 'Item'], 'name': 'human', 'taxon_id': '9606', 'scientific_name': 'Homo sapiens', '@id': '/organisms/human/', 'uuid': '7745b647-ff15-4ff3-9ced-b897d4e2983c', 'status': 'released'}, 'genes': ['/genes/83855/'], '@type': ['Target', 'Item'], 'label': 'KLF16', 'title': 'KLF16 (Homo sapiens)', 'investigated_as': ['transcription factor'], 'uuid': '44d985ce-a4eb-479d-a0f4-b84cc74a9981', 'schema_version': '14', 'name': 'KLF16-human', '@id': '/targets/KLF16-human/', 'status': 'released'}				KLF16-human	DNA				formaldehyde		2023-01-10	ENCODE		sonication (generic)		1, 2	1_1, 2_1							/files/ENCFF923HNX/, /files/ENCFF535HWH/, /files/ENCFF141JSQ/, /files/ENCFF356LFX/	42612	ENCODE Processing Pipeline	ccd277c5d11c6acc8acca0bb458dceda		https://www.encodeproject.org/files/ENCFF194QYM/@@download/ENCFF194QYM.bed.gz				released	s3://encode-public/2022/07/23/dbd4245f-25b7-42ff-9be2-20ecf7477722/ENCFF194QYM.bed.gz	https://datasetencode.blob.core.windows.net/dataset/2022/07/23/dbd4245f-25b7-42ff-9be2-20ecf7477722/ENCFF194QYM.bed.gz?sv=2019-10-10&si=prod&sr=c&sig=9qSQZo4ggrCNpybBExU8SypuUZV33igI11xw0P7rB3c%3D	ENCODE4 v1.8.0 GRCh38	released	missing genetic modification reagents		
ENCFF460DRP	bed narrowPeak	bed	narrowPeak	IDR thresholded peaks	GRCh38	ENCSR037LQB	TF ChIP-seq	/human-donors/ENCDO000AAC/	EFO:0001187	HepG2	cell line	Homo sapiens				CRISPR	insertion	{'schema_version': '14', 'aliases': [], 'organism': {'schema_version': '6', '@type': ['Organism', 'Item'], 'name': 'human', 'taxon_id': '9606', 'scientific_name': 'Homo sapiens', '@id': '/organisms/human/', 'uuid': '7745b647-ff15-4ff3-9ced-b897d4e2983c', 'status': 'released'}, 'genes': ['/genes/221785/'], '@type': ['Target', 'Item'], 'name': 'ZSCAN25-human', 'label': 'ZSCAN25', '@id': '/targets/ZSCAN25-human/', 'title': 'ZSCAN25 (Homo sapiens)', 'investigated_as': ['transcription factor'], 'uuid': '7b34f367-7aed-4716-bb35-1b18285212bc', 'status': 'released'}				ZSCAN25-human	DNA				formaldehyde		2022-08-15	ENCODE		sonication (generic)		1, 2	1_1, 2_1							/files/ENCFF231OHC/, /files/ENCFF725GIP/, /files/ENCFF356LFX/, /files/ENCFF016WME/	371621	ENCODE Processing Pipeline	7898961c1c888e3d4ec372e5e5586dd5		https://www.encodeproject.org/files/ENCFF460DRP/@@download/ENCFF460DRP.bed.gz				released	s3://encode-public/2022/07/23/020e6eb2-2ee1-49cf-9881-6b7eaed167d0/ENCFF460DRP.bed.gz	https://datasetencode.blob.core.windows.net/dataset/2022/07/23/020e6eb2-2ee1-49cf-9881-6b7eaed167d0/ENCFF460DRP.bed.gz?sv=2019-10-10&si=prod&sr=c&sig=9qSQZo4ggrCNpybBExU8SypuUZV33igI11xw0P7rB3c%3D	ENCODE4 v1.8.0 GRCh38	released	mild to moderate bottlenecking, missing genetic modification reagents		
ENCFF391XMO	bed narrowPeak	bed	narrowPeak	IDR thresholded peaks	GRCh38	ENCSR727IJD	TF ChIP-seq	/human-donors/ENCDO000AAC/	EFO:0001187	HepG2	cell line	Homo sapiens				CRISPR	insertion	{'schema_version': '14', 'aliases': ['michael-snyder:TS-1244'], 'organism': {'schema_version': '6', '@type': ['Organism', 'Item'], 'name': 'human', 'taxon_id': '9606', 'scientific_name': 'Homo sapiens', '@id': '/organisms/human/', 'uuid': '7745b647-ff15-4ff3-9ced-b897d4e2983c', 'status': 'released'}, 'genes': ['/genes/54811/'], '@type': ['Target', 'Item'], 'name': 'ZNF562-human', 'label': 'ZNF562', '@id': '/targets/ZNF562-human/', 'title': 'ZNF562 (Homo sapiens)', 'investigated_as': ['transcription factor'], 'uuid': '338968d1-3d72-479f-80cc-77d7a4291555', 'status': 'released'}				ZNF562-human	DNA				formaldehyde		2022-08-31	ENCODE		sonication (generic)		1, 2	1_1, 2_1							/files/ENCFF739OZT/, /files/ENCFF310KTS/, /files/ENCFF356LFX/, /files/ENCFF710FGU/	40688	ENCODE Processing Pipeline	dff9a73a94a7832dda48b411b5e60a8b		https://www.encodeproject.org/files/ENCFF391XMO/@@download/ENCFF391XMO.bed.gz				released	s3://encode-public/2022/08/27/cfc3297d-7347-4669-822d-933589040444/ENCFF391XMO.bed.gz	https://datasetencode.blob.core.windows.net/dataset/2022/08/27/cfc3297d-7347-4669-822d-933589040444/ENCFF391XMO.bed.gz?sv=2019-10-10&si=prod&sr=c&sig=9qSQZo4ggrCNpybBExU8SypuUZV33igI11xw0P7rB3c%3D	ENCODE4 v1.8.0 GRCh38	released	borderline replicate concordance, missing genetic modification reagents		
ENCFF636GBV	bed narrowPeak	bed	narrowPeak	IDR thresholded peaks	GRCh38	ENCSR000BNA	TF ChIP-seq	/human-donors/ENCDO000AAC/	EFO:0001187	HepG2	cell line	Homo sapiens										ZBTB33-human	DNA						2011-07-18	ENCODE		see document		1, 2	1_1, 2_1							/files/ENCFF010YAD/, /files/ENCFF400GLJ/, /files/ENCFF459YUC/, /files/ENCFF356LFX/, /files/ENCFF285GKD/	42655	ENCODE Processing Pipeline	c41e25f8bbd5b1fae9d8b04657728c20		https://www.encodeproject.org/files/ENCFF636GBV/@@download/ENCFF636GBV.bed.gz				released	s3://encode-public/2021/01/05/fb3d2fd0-2eba-498d-a255-c9ac9e7eaa09/ENCFF636GBV.bed.gz	https://datasetencode.blob.core.windows.net/dataset/2021/01/05/fb3d2fd0-2eba-498d-a255-c9ac9e7eaa09/ENCFF636GBV.bed.gz?sv=2019-10-10&si=prod&sr=c&sig=9qSQZo4ggrCNpybBExU8SypuUZV33igI11xw0P7rB3c%3D	ENCODE4 v1.6.1 GRCh38	released	low read depth, mild to moderate bottlenecking, low read length, moderate library complexity	insufficient read depth	
ENCFF216ISR	bed narrowPeak	bed	narrowPeak	IDR thresholded peaks	GRCh38	ENCSR946BKU	TF ChIP-seq	/human-donors/ENCDO000AAC/	EFO:0001187	HepG2	cell line	Homo sapiens				CRISPR	insertion	{'schema_version': '14', 'aliases': [], 'organism': {'schema_version': '6', '@type': ['Organism', 'Item'], 'name': 'human', 'taxon_id': '9606', 'scientific_name': 'Homo sapiens', '@id': '/organisms/human/', 'uuid': '7745b647-ff15-4ff3-9ced-b897d4e2983c', 'status': 'released'}, 'genes': ['/genes/7376/'], '@type': ['Target', 'Item'], 'name': 'NR1H2-human', 'label': 'NR1H2', '@id': '/targets/NR1H2-human/', 'title': 'NR1H2 (Homo sapiens)', 'investigated_as': ['transcription factor'], 'uuid': '9307f443-b24c-468f-9b28-51e667612431', 'status': 'released'}				NR1H2-human	DNA				formaldehyde		2022-10-03	ENCODE		sonication (generic)		1, 2	1_1, 2_1							/files/ENCFF356LFX/, /files/ENCFF048UGF/, /files/ENCFF783QNR/, /files/ENCFF174UOC/	91804	ENCODE Processing Pipeline	45be6b90641d42df499265e5e49827b2		https://www.encodeproject.org/files/ENCFF216ISR/@@download/ENCFF216ISR.bed.gz				released	s3://encode-public/2022/09/28/653126f9-ed78-45c5-8467-f84d2fa4b9ab/ENCFF216ISR.bed.gz	https://datasetencode.blob.core.windows.net/dataset/2022/09/28/653126f9-ed78-45c5-8467-f84d2fa4b9ab/ENCFF216ISR.bed.gz?sv=2019-10-10&si=prod&sr=c&sig=9qSQZo4ggrCNpybBExU8SypuUZV33igI11xw0P7rB3c%3D	ENCODE4 v1.8.1 GRCh38	released	low read depth, borderline replicate concordance, missing genetic modification reagents		
ENCFF672ZEZ	bed narrowPeak	bed	narrowPeak	IDR thresholded peaks	GRCh38	ENCSR155IXY	TF ChIP-seq	/human-donors/ENCDO000AAC/	EFO:0001187	HepG2	cell line	Homo sapiens				CRISPR	insertion	{'schema_version': '14', 'aliases': ['michael-snyder:TS-1079'], 'organism': {'schema_version': '6', '@type': ['Organism', 'Item'], 'name': 'human', 'taxon_id': '9606', 'scientific_name': 'Homo sapiens', '@id': '/organisms/human/', 'uuid': '7745b647-ff15-4ff3-9ced-b897d4e2983c', 'status': 'released'}, 'genes': ['/genes/65988/'], '@type': ['Target', 'Item'], 'name': 'ZNF747-human', 'label': 'ZNF747', '@id': '/targets/ZNF747-human/', 'title': 'ZNF747 (Homo sapiens)', 'investigated_as': ['transcription factor'], 'uuid': '117f78c4-ca10-49f4-9547-39931a7562f0', 'status': 'released'}				ZNF747-human	DNA				formaldehyde		2023-01-06	ENCODE		sonication (generic)		1, 2	1_1, 2_1							/files/ENCFF552QNO/, /files/ENCFF423YKZ/, /files/ENCFF356LFX/, /files/ENCFF522JVF/	305267	ENCODE Processing Pipeline	0cbe0849a7e19dbc9ed6b0c89d2dc9e6		https://www.encodeproject.org/files/ENCFF672ZEZ/@@download/ENCFF672ZEZ.bed.gz				released	s3://encode-public/2022/12/19/efc84afa-5aa7-4a5a-adee-9822c1f47420/ENCFF672ZEZ.bed.gz	https://datasetencode.blob.core.windows.net/dataset/2022/12/19/efc84afa-5aa7-4a5a-adee-9822c1f47420/ENCFF672ZEZ.bed.gz?sv=2019-10-10&si=prod&sr=c&sig=9qSQZo4ggrCNpybBExU8SypuUZV33igI11xw0P7rB3c%3D	ENCODE4 v1.8.1 GRCh38	released	mild to moderate bottlenecking, borderline replicate concordance, missing genetic modification reagents		
ENCFF542SUS	bed narrowPeak	bed	narrowPeak	conservative IDR thresholded peaks	GRCh38	ENCSR136QQF	TF ChIP-seq	/human-donors/ENCDO000AAC/	EFO:0001187	HepG2	cell line	Homo sapiens				CRISPR	insertion	{'schema_version': '14', 'aliases': [], 'organism': {'schema_version': '6', '@type': ['Organism', 'Item'], 'name': 'human', 'taxon_id': '9606', 'scientific_name': 'Homo sapiens', '@id': '/organisms/human/', 'uuid': '7745b647-ff15-4ff3-9ced-b897d4e2983c', 'status': 'released'}, 'genes': ['/genes/5966/'], '@type': ['Target', 'Item'], 'name': 'REL-human', 'label': 'REL', '@id': '/targets/REL-human/', 'title': 'REL (Homo sapiens)', 'investigated_as': ['transcription factor'], 'uuid': 'b91dd578-41cd-4993-b1ca-f9ecb04ede46', 'status': 'released'}				REL-human	DNA				formaldehyde		2022-08-15	ENCODE		sonication (generic)		1, 2	1_1, 2_1							/files/ENCFF739OZT/, /files/ENCFF356LFX/, /files/ENCFF081BNI/, /files/ENCFF329CCJ/	178870	ENCODE Processing Pipeline	5a3b24d17eb654fd3ae3fe01fca72256		https://www.encodeproject.org/files/ENCFF542SUS/@@download/ENCFF542SUS.bed.gz				released	s3://encode-public/2022/07/23/3c06c951-9ead-4d00-acf5-23c25a9ae691/ENCFF542SUS.bed.gz	https://datasetencode.blob.core.windows.net/dataset/2022/07/23/3c06c951-9ead-4d00-acf5-23c25a9ae691/ENCFF542SUS.bed.gz?sv=2019-10-10&si=prod&sr=c&sig=9qSQZo4ggrCNpybBExU8SypuUZV33igI11xw0P7rB3c%3D	ENCODE4 v1.8.0 GRCh38	released	mild to moderate bottlenecking, missing genetic modification reagents, moderate library complexity		
ENCFF615SJG	bed narrowPeak	bed	narrowPeak	IDR thresholded peaks	GRCh38	ENCSR976KGR	TF ChIP-seq	/human-donors/ENCDO000AAC/	EFO:0001187	HepG2	cell line	Homo sapiens				CRISPR	insertion	{'schema_version': '14', 'aliases': [], 'organism': {'schema_version': '6', '@type': ['Organism', 'Item'], 'name': 'human', 'taxon_id': '9606', 'scientific_name': 'Homo sapiens', '@id': '/organisms/human/', 'uuid': '7745b647-ff15-4ff3-9ced-b897d4e2983c', 'status': 'released'}, 'genes': ['/genes/8030/'], '@type': ['Target', 'Item'], 'name': 'CCDC6-human', 'label': 'CCDC6', '@id': '/targets/CCDC6-human/', 'title': 'CCDC6 (Homo sapiens)', 'investigated_as': ['other context'], 'uuid': 'f3eaeaab-49d0-411c-a312-e459fba199ae', 'status': 'released'}				CCDC6-human	DNA				formaldehyde		2022-10-03	ENCODE		sonication (generic)		1, 2	1_1, 2_1							/files/ENCFF356LFX/, /files/ENCFF160NGN/, /files/ENCFF507UZR/, /files/ENCFF931DIL/	350109	ENCODE Processing Pipeline	d8c6e797d5e4f3e4c12917c8a0add1b8		https://www.encodeproject.org/files/ENCFF615SJG/@@download/ENCFF615SJG.bed.gz				released	s3://encode-public/2022/09/28/fbdf0486-0ac9-4a88-8f73-0945543d8585/ENCFF615SJG.bed.gz	https://datasetencode.blob.core.windows.net/dataset/2022/09/28/fbdf0486-0ac9-4a88-8f73-0945543d8585/ENCFF615SJG.bed.gz?sv=2019-10-10&si=prod&sr=c&sig=9qSQZo4ggrCNpybBExU8SypuUZV33igI11xw0P7rB3c%3D	ENCODE4 v1.8.1 GRCh38	released	mild to moderate bottlenecking, missing genetic modification reagents, moderate library complexity		
ENCFF774KWE	bed narrowPeak	bed	narrowPeak	IDR thresholded peaks	GRCh38	ENCSR912NEF	TF ChIP-seq	/human-donors/ENCDO000AAC/	EFO:0001187	HepG2	cell line	Homo sapiens				CRISPR	insertion	{'dbxrefs': ['FactorBook:MGA'], 'aliases': [], 'organism': {'schema_version': '6', '@type': ['Organism', 'Item'], 'name': 'human', 'taxon_id': '9606', 'scientific_name': 'Homo sapiens', '@id': '/organisms/human/', 'uuid': '7745b647-ff15-4ff3-9ced-b897d4e2983c', 'status': 'released'}, 'genes': ['/genes/23269/'], '@type': ['Target', 'Item'], 'label': 'MGA', 'title': 'MGA (Homo sapiens)', 'investigated_as': ['transcription factor'], 'uuid': 'ff966dc9-2cda-44bc-9286-7ea9ca245e72', 'schema_version': '14', 'name': 'MGA-human', '@id': '/targets/MGA-human/', 'status': 'released'}				MGA-human	DNA				formaldehyde		2022-09-30	ENCODE		sonication (generic)		1, 2	1_1, 2_1							/files/ENCFF163VDO/, /files/ENCFF356LFX/, /files/ENCFF138ONG/, /files/ENCFF455ETM/	778431	ENCODE Processing Pipeline	0084f589b416202ab0dee6262ccf58e0		https://www.encodeproject.org/files/ENCFF774KWE/@@download/ENCFF774KWE.bed.gz				released	s3://encode-public/2022/09/05/b2b11a39-357c-4243-bbc7-5c51c5d1cfd1/ENCFF774KWE.bed.gz	https://datasetencode.blob.core.windows.net/dataset/2022/09/05/b2b11a39-357c-4243-bbc7-5c51c5d1cfd1/ENCFF774KWE.bed.gz?sv=2019-10-10&si=prod&sr=c&sig=9qSQZo4ggrCNpybBExU8SypuUZV33igI11xw0P7rB3c%3D	ENCODE4 v1.8.1 GRCh38	released	mild to moderate bottlenecking, missing genetic modification reagents		
ENCFF088YXY	bed narrowPeak	bed	narrowPeak	IDR thresholded peaks	GRCh38	ENCSR928API	TF ChIP-seq	/human-donors/ENCDO000AAC/	EFO:0001187	HepG2	cell line	Homo sapiens										RFX1-human	DNA						2017-11-14	ENCODE			450-650	2, 3	2_1, 3_1							/files/ENCFF103UXM/, /files/ENCFF243SVA/, /files/ENCFF622QQU/, /files/ENCFF356LFX/, /files/ENCFF184JEA/	109224	ENCODE Processing Pipeline	6e606b1e24f4a13891e894c4caabb8a4		https://www.encodeproject.org/files/ENCFF088YXY/@@download/ENCFF088YXY.bed.gz				released	s3://encode-public/2020/12/03/2e416250-51ec-4507-afd1-2274866e3e01/ENCFF088YXY.bed.gz	https://datasetencode.blob.core.windows.net/dataset/2020/12/03/2e416250-51ec-4507-afd1-2274866e3e01/ENCFF088YXY.bed.gz?sv=2019-10-10&si=prod&sr=c&sig=9qSQZo4ggrCNpybBExU8SypuUZV33igI11xw0P7rB3c%3D	ENCODE4 v1.6.1 GRCh38	released			
ENCFF016EAV	bed narrowPeak	bed	narrowPeak	IDR thresholded peaks	GRCh38	ENCSR117XJA	TF ChIP-seq	/human-donors/ENCDO000AAC/	EFO:0001187	HepG2	cell line	Homo sapiens				CRISPR	insertion	{'schema_version': '14', 'aliases': ['michael-snyder:TS-594'], 'organism': {'schema_version': '6', '@type': ['Organism', 'Item'], 'name': 'human', 'taxon_id': '9606', 'scientific_name': 'Homo sapiens', '@id': '/organisms/human/', 'uuid': '7745b647-ff15-4ff3-9ced-b897d4e2983c', 'status': 'released'}, 'genes': ['/genes/388536/'], '@type': ['Target', 'Item'], 'name': 'ZNF790-human', 'label': 'ZNF790', '@id': '/targets/ZNF790-human/', 'title': 'ZNF790 (Homo sapiens)', 'investigated_as': ['transcription factor'], 'uuid': '250cf37d-a820-4668-b114-8559a4635975', 'status': 'released'}				ZNF790-human	DNA				formaldehyde		2022-07-15	ENCODE		sonication (generic)		1, 2	1_1, 2_1							/files/ENCFF356LFX/, /files/ENCFF169ULK/, /files/ENCFF968JSW/, /files/ENCFF954YHR/	191015	ENCODE Processing Pipeline	2382a88ee180416f94aebf4c52f1871a		https://www.encodeproject.org/files/ENCFF016EAV/@@download/ENCFF016EAV.bed.gz				released	s3://encode-public/2022/05/25/b7885ea4-7742-4444-9118-9996aa89e3ba/ENCFF016EAV.bed.gz	https://datasetencode.blob.core.windows.net/dataset/2022/05/25/b7885ea4-7742-4444-9118-9996aa89e3ba/ENCFF016EAV.bed.gz?sv=2019-10-10&si=prod&sr=c&sig=9qSQZo4ggrCNpybBExU8SypuUZV33igI11xw0P7rB3c%3D	ENCODE4 v1.8.0 GRCh38	released	missing genetic modification reagents, mild to moderate bottlenecking, borderline replicate concordance		
ENCFF227RXB	bed narrowPeak	bed	narrowPeak	IDR thresholded peaks	GRCh38	ENCSR124XCX	TF ChIP-seq	/human-donors/ENCDO000AAC/	EFO:0001187	HepG2	cell line	Homo sapiens				CRISPR	insertion	{'dbxrefs': ['FactorBook:TRIM24'], 'aliases': ['michael-snyder:TS-2050'], 'organism': {'schema_version': '6', '@type': ['Organism', 'Item'], 'name': 'human', 'taxon_id': '9606', 'scientific_name': 'Homo sapiens', '@id': '/organisms/human/', 'uuid': '7745b647-ff15-4ff3-9ced-b897d4e2983c', 'status': 'released'}, 'genes': ['/genes/8805/'], '@type': ['Target', 'Item'], 'label': 'TRIM24', 'title': 'TRIM24 (Homo sapiens)', 'investigated_as': ['transcription factor'], 'uuid': '6d62c077-35b1-4119-a5ce-bbbeddbd84f0', 'schema_version': '14', 'name': 'TRIM24-human', '@id': '/targets/TRIM24-human/', 'status': 'released'}				TRIM24-human	DNA				formaldehyde		2022-08-15	ENCODE		sonication (generic)		1, 2	1_1, 2_1							/files/ENCFF617LSN/, /files/ENCFF272GBE/, /files/ENCFF356LFX/, /files/ENCFF715IJL/	80483	ENCODE Processing Pipeline	92f4d1a8338104d8a3a3c80b61ce122e		https://www.encodeproject.org/files/ENCFF227RXB/@@download/ENCFF227RXB.bed.gz				released	s3://encode-public/2022/07/23/4e3bc6f7-ee7a-418e-abef-a3629f659446/ENCFF227RXB.bed.gz	https://datasetencode.blob.core.windows.net/dataset/2022/07/23/4e3bc6f7-ee7a-418e-abef-a3629f659446/ENCFF227RXB.bed.gz?sv=2019-10-10&si=prod&sr=c&sig=9qSQZo4ggrCNpybBExU8SypuUZV33igI11xw0P7rB3c%3D	ENCODE4 v1.8.0 GRCh38	released	mild to moderate bottlenecking, missing genetic modification reagents		
ENCFF496HIK	bed narrowPeak	bed	narrowPeak	IDR thresholded peaks	GRCh38	ENCSR488ZNK	TF ChIP-seq	/human-donors/ENCDO000AAC/	EFO:0001187	HepG2	cell line	Homo sapiens				CRISPR	insertion	{'schema_version': '14', 'aliases': ['michael-snyder:TS-1474'], 'organism': {'schema_version': '6', '@type': ['Organism', 'Item'], 'name': 'human', 'taxon_id': '9606', 'scientific_name': 'Homo sapiens', '@id': '/organisms/human/', 'uuid': '7745b647-ff15-4ff3-9ced-b897d4e2983c', 'status': 'released'}, 'genes': ['/genes/9726/'], '@type': ['Target', 'Item'], 'name': 'ZNF646-human', 'label': 'ZNF646', '@id': '/targets/ZNF646-human/', 'title': 'ZNF646 (Homo sapiens)', 'investigated_as': ['transcription factor'], 'uuid': '54000d10-79c7-4762-b8c8-af8f5f1e21e8', 'status': 'released'}				ZNF646-human	DNA				formaldehyde		2021-08-13	ENCODE		sonication (generic)		1, 2	1_1, 2_1							/files/ENCFF307AOU/, /files/ENCFF954YHR/, /files/ENCFF356LFX/, /files/ENCFF515FHM/	213575	ENCODE Processing Pipeline	e6e57c54bb60102d8bbc7ad9487247a2		https://www.encodeproject.org/files/ENCFF496HIK/@@download/ENCFF496HIK.bed.gz				released	s3://encode-public/2021/08/02/c167bd9a-6982-428c-b7cd-6e98c2d6022a/ENCFF496HIK.bed.gz	https://datasetencode.blob.core.windows.net/dataset/2021/08/02/c167bd9a-6982-428c-b7cd-6e98c2d6022a/ENCFF496HIK.bed.gz?sv=2019-10-10&si=prod&sr=c&sig=9qSQZo4ggrCNpybBExU8SypuUZV33igI11xw0P7rB3c%3D	ENCODE4 v1.9.0 GRCh38	released	mild to moderate bottlenecking, missing genetic modification reagents		
ENCFF594DAV	bed narrowPeak	bed	narrowPeak	IDR thresholded peaks	GRCh38	ENCSR574YRZ	TF ChIP-seq	/human-donors/ENCDO000AAC/	EFO:0001187	HepG2	cell line	Homo sapiens				CRISPR	insertion	{'schema_version': '14', 'aliases': ['michael-snyder:TS-1475'], 'organism': {'schema_version': '6', '@type': ['Organism', 'Item'], 'name': 'human', 'taxon_id': '9606', 'scientific_name': 'Homo sapiens', '@id': '/organisms/human/', 'uuid': '7745b647-ff15-4ff3-9ced-b897d4e2983c', 'status': 'released'}, 'genes': ['/genes/9753/'], '@type': ['Target', 'Item'], 'name': 'ZSCAN12-human', 'label': 'ZSCAN12', '@id': '/targets/ZSCAN12-human/', 'title': 'ZSCAN12 (Homo sapiens)', 'investigated_as': ['transcription factor'], 'uuid': '63396139-7c78-41b9-b321-274dc074a62d', 'status': 'released'}				ZSCAN12-human	DNA				formaldehyde		2021-08-13	ENCODE		sonication (generic)		1, 2	1_1, 2_1							/files/ENCFF642EOI/, /files/ENCFF657NDS/, /files/ENCFF356LFX/, /files/ENCFF015MZK/	128209	ENCODE Processing Pipeline	902d1014808f3b38278c7f299aea8614		https://www.encodeproject.org/files/ENCFF594DAV/@@download/ENCFF594DAV.bed.gz				released	s3://encode-public/2021/08/02/0e389bcb-52e2-40f7-a450-00ea9975af0d/ENCFF594DAV.bed.gz	https://datasetencode.blob.core.windows.net/dataset/2021/08/02/0e389bcb-52e2-40f7-a450-00ea9975af0d/ENCFF594DAV.bed.gz?sv=2019-10-10&si=prod&sr=c&sig=9qSQZo4ggrCNpybBExU8SypuUZV33igI11xw0P7rB3c%3D	ENCODE4 v1.9.0 GRCh38	released	mild to moderate bottlenecking, missing genetic modification reagents		
ENCFF942JZO	bed narrowPeak	bed	narrowPeak	IDR thresholded peaks	GRCh38	ENCSR170AMG	TF ChIP-seq	/human-donors/ENCDO000AAC/	EFO:0001187	HepG2	cell line	Homo sapiens				CRISPR	insertion	{'schema_version': '14', 'aliases': ['michael-snyder:TS-1896'], 'organism': {'schema_version': '6', '@type': ['Organism', 'Item'], 'name': 'human', 'taxon_id': '9606', 'scientific_name': 'Homo sapiens', '@id': '/organisms/human/', 'uuid': '7745b647-ff15-4ff3-9ced-b897d4e2983c', 'status': 'released'}, 'genes': ['/genes/2296/'], '@type': ['Target', 'Item'], 'name': 'FOXC1-human', 'label': 'FOXC1', '@id': '/targets/FOXC1-human/', 'title': 'FOXC1 (Homo sapiens)', 'investigated_as': ['transcription factor'], 'uuid': '904cbe32-1beb-4f8d-9af7-6ba8716e3670', 'status': 'released'}				FOXC1-human	DNA				formaldehyde		2022-01-13	ENCODE		sonication (generic)		1, 2	1_1, 2_1							/files/ENCFF044PLM/, /files/ENCFF356LFX/, /files/ENCFF640PBL/, /files/ENCFF366KRE/	353006	ENCODE Processing Pipeline	943f4e45e0a148b2643c98bd96d0efe3		https://www.encodeproject.org/files/ENCFF942JZO/@@download/ENCFF942JZO.bed.gz				released	s3://encode-public/2022/01/01/3053542a-9452-419a-b74b-cdc36e53263d/ENCFF942JZO.bed.gz	https://datasetencode.blob.core.windows.net/dataset/2022/01/01/3053542a-9452-419a-b74b-cdc36e53263d/ENCFF942JZO.bed.gz?sv=2019-10-10&si=prod&sr=c&sig=9qSQZo4ggrCNpybBExU8SypuUZV33igI11xw0P7rB3c%3D	ENCODE4 v1.8.0 GRCh38	released	mild to moderate bottlenecking, borderline replicate concordance, missing genetic modification reagents		
ENCFF383BYS	bed narrowPeak	bed	narrowPeak	IDR thresholded peaks	GRCh38	ENCSR282ZLP	TF ChIP-seq	/human-donors/ENCDO000AAC/	EFO:0001187	HepG2	cell line	Homo sapiens				CRISPR	insertion	{'dbxrefs': ['FactorBook:JUND'], 'aliases': ['michael-snyder:TS-233'], 'organism': {'schema_version': '6', '@type': ['Organism', 'Item'], 'name': 'human', 'taxon_id': '9606', 'scientific_name': 'Homo sapiens', '@id': '/organisms/human/', 'uuid': '7745b647-ff15-4ff3-9ced-b897d4e2983c', 'status': 'released'}, 'genes': ['/genes/3727/'], '@type': ['Target', 'Item'], 'label': 'JUND', 'title': 'JUND (Homo sapiens)', 'investigated_as': ['transcription factor'], 'uuid': '96fbda66-64c0-49ed-94ce-d51002169ea4', 'schema_version': '14', 'name': 'JUND-human', '@id': '/targets/JUND-human/', 'status': 'released'}				JUND-human	DNA				formaldehyde		2022-08-15	ENCODE		sonication (generic)		1, 2	1_1, 2_1							/files/ENCFF356LFX/, /files/ENCFF783QNR/, /files/ENCFF363YHY/, /files/ENCFF574DLO/	234009	ENCODE Processing Pipeline	91cc9e5aad4f990aae2f15131e084757		https://www.encodeproject.org/files/ENCFF383BYS/@@download/ENCFF383BYS.bed.gz				released	s3://encode-public/2022/07/23/ed9f2002-41eb-4ce0-a63b-8d602663dcef/ENCFF383BYS.bed.gz	https://datasetencode.blob.core.windows.net/dataset/2022/07/23/ed9f2002-41eb-4ce0-a63b-8d602663dcef/ENCFF383BYS.bed.gz?sv=2019-10-10&si=prod&sr=c&sig=9qSQZo4ggrCNpybBExU8SypuUZV33igI11xw0P7rB3c%3D	ENCODE4 v1.8.0 GRCh38	released	mild to moderate bottlenecking, missing genetic modification reagents		
ENCFF366KEF	bed narrowPeak	bed	narrowPeak	IDR thresholded peaks	GRCh38	ENCSR605JAI	TF ChIP-seq	/human-donors/ENCDO000AAC/	EFO:0001187	HepG2	cell line	Homo sapiens				CRISPR	insertion	{'schema_version': '14', 'aliases': [], 'organism': {'schema_version': '6', '@type': ['Organism', 'Item'], 'name': 'human', 'taxon_id': '9606', 'scientific_name': 'Homo sapiens', '@id': '/organisms/human/', 'uuid': '7745b647-ff15-4ff3-9ced-b897d4e2983c', 'status': 'released'}, 'genes': ['/genes/7110/'], '@type': ['Target', 'Item'], 'name': 'TMF1-human', 'label': 'TMF1', '@id': '/targets/TMF1-human/', 'title': 'TMF1 (Homo sapiens)', 'investigated_as': ['cofactor'], 'uuid': '2abdeee7-146a-446f-acc1-8f30053f8cb8', 'status': 'released'}				TMF1-human	DNA				formaldehyde		2022-10-03	ENCODE		sonication (generic)		1, 2	1_1, 2_1							/files/ENCFF989MXJ/, /files/ENCFF828KFL/, /files/ENCFF303FAN/, /files/ENCFF356LFX/	204779	ENCODE Processing Pipeline	3f9ccda24df1147bf5c8c8a9fe2c31a9		https://www.encodeproject.org/files/ENCFF366KEF/@@download/ENCFF366KEF.bed.gz				released	s3://encode-public/2022/09/28/1921a0ac-c645-4408-bad5-3879a59635c0/ENCFF366KEF.bed.gz	https://datasetencode.blob.core.windows.net/dataset/2022/09/28/1921a0ac-c645-4408-bad5-3879a59635c0/ENCFF366KEF.bed.gz?sv=2019-10-10&si=prod&sr=c&sig=9qSQZo4ggrCNpybBExU8SypuUZV33igI11xw0P7rB3c%3D	ENCODE4 v1.8.1 GRCh38	released	low read depth, missing genetic modification reagents		
ENCFF676NOU	bed narrowPeak	bed	narrowPeak	IDR thresholded peaks	GRCh38	ENCSR893BAO	TF ChIP-seq	/human-donors/ENCDO000AAC/	EFO:0001187	HepG2	cell line	Homo sapiens				CRISPR	insertion	{'schema_version': '14', 'aliases': [], 'organism': {'schema_version': '6', '@type': ['Organism', 'Item'], 'name': 'human', 'taxon_id': '9606', 'scientific_name': 'Homo sapiens', '@id': '/organisms/human/', 'uuid': '7745b647-ff15-4ff3-9ced-b897d4e2983c', 'status': 'released'}, 'genes': ['/genes/29803/'], '@type': ['Target', 'Item'], 'name': 'REPIN1-human', 'label': 'REPIN1', '@id': '/targets/REPIN1-human/', 'title': 'REPIN1 (Homo sapiens)', 'investigated_as': ['RNA binding protein'], 'uuid': '0c86c6e7-9a31-423c-82ce-04263859d026', 'status': 'released'}				REPIN1-human	DNA				formaldehyde		2022-08-15	ENCODE		sonication (generic)		1, 2	1_1, 2_1							/files/ENCFF849OLA/, /files/ENCFF356LFX/, /files/ENCFF828KFL/, /files/ENCFF452FUE/	445889	ENCODE Processing Pipeline	e5ca6c1a5335133ccc5b3b7e001541fd		https://www.encodeproject.org/files/ENCFF676NOU/@@download/ENCFF676NOU.bed.gz				released	s3://encode-public/2022/07/23/3fbd4fe4-3cbd-4d82-b4d2-f499450e4739/ENCFF676NOU.bed.gz	https://datasetencode.blob.core.windows.net/dataset/2022/07/23/3fbd4fe4-3cbd-4d82-b4d2-f499450e4739/ENCFF676NOU.bed.gz?sv=2019-10-10&si=prod&sr=c&sig=9qSQZo4ggrCNpybBExU8SypuUZV33igI11xw0P7rB3c%3D	ENCODE4 v1.8.0 GRCh38	released	missing genetic modification reagents, low read depth, borderline replicate concordance, mild to moderate bottlenecking		
ENCFF455PZT	bed narrowPeak	bed	narrowPeak	IDR thresholded peaks	GRCh38	ENCSR039IQA	TF ChIP-seq	/human-donors/ENCDO000AAC/	EFO:0001187	HepG2	cell line	Homo sapiens				CRISPR	insertion	{'schema_version': '14', 'aliases': ['michael-snyder:TS-1392'], 'organism': {'schema_version': '6', '@type': ['Organism', 'Item'], 'name': 'human', 'taxon_id': '9606', 'scientific_name': 'Homo sapiens', '@id': '/organisms/human/', 'uuid': '7745b647-ff15-4ff3-9ced-b897d4e2983c', 'status': 'released'}, 'genes': ['/genes/11176/'], '@type': ['Target', 'Item'], 'name': 'BAZ2A-human', 'label': 'BAZ2A', '@id': '/targets/BAZ2A-human/', 'title': 'BAZ2A (Homo sapiens)', 'investigated_as': ['transcription factor'], 'uuid': 'd03d3c54-5dc6-4187-a70c-d1780189ce73', 'status': 'released'}				BAZ2A-human	DNA				formaldehyde		2022-09-30	ENCODE		sonication (generic)		1, 2	1_1, 2_1							/files/ENCFF356LFX/, /files/ENCFF330VGE/, /files/ENCFF980IWQ/, /files/ENCFF674SKL/	334958	ENCODE Processing Pipeline	dcc0d7727dcc561a70344b22e6a36fce		https://www.encodeproject.org/files/ENCFF455PZT/@@download/ENCFF455PZT.bed.gz				released	s3://encode-public/2022/09/03/f7570a0f-755e-41a4-8fe2-9262c69c260d/ENCFF455PZT.bed.gz	https://datasetencode.blob.core.windows.net/dataset/2022/09/03/f7570a0f-755e-41a4-8fe2-9262c69c260d/ENCFF455PZT.bed.gz?sv=2019-10-10&si=prod&sr=c&sig=9qSQZo4ggrCNpybBExU8SypuUZV33igI11xw0P7rB3c%3D	ENCODE4 v1.8.1 GRCh38	released	mild to moderate bottlenecking, missing genetic modification reagents		
ENCFF996NWM	bed narrowPeak	bed	narrowPeak	IDR thresholded peaks	GRCh38	ENCSR569GKR	TF ChIP-seq	/human-donors/ENCDO000AAC/	EFO:0001187	HepG2	cell line	Homo sapiens				CRISPR	insertion	{'schema_version': '14', 'aliases': [], 'organism': {'schema_version': '6', '@type': ['Organism', 'Item'], 'name': 'human', 'taxon_id': '9606', 'scientific_name': 'Homo sapiens', '@id': '/organisms/human/', 'uuid': '7745b647-ff15-4ff3-9ced-b897d4e2983c', 'status': 'released'}, 'genes': ['/genes/56242/'], '@type': ['Target', 'Item'], 'name': 'ZNF253-human', 'label': 'ZNF253', '@id': '/targets/ZNF253-human/', 'title': 'ZNF253 (Homo sapiens)', 'investigated_as': ['transcription factor'], 'uuid': 'd9aba76c-b835-4a7f-9e1e-26784a2778c8', 'status': 'released'}				ZNF253-human	DNA				formaldehyde		2022-08-23	ENCODE		sonication (generic)		1, 2	1_1, 2_1							/files/ENCFF771CQB/, /files/ENCFF528NWL/, /files/ENCFF124ZHH/, /files/ENCFF356LFX/	135282	ENCODE Processing Pipeline	f97e55dc368ae93a3cfea2faddd287c3		https://www.encodeproject.org/files/ENCFF996NWM/@@download/ENCFF996NWM.bed.gz				released	s3://encode-public/2022/08/19/23aa6747-bdd8-4699-9d48-3be79caf78e0/ENCFF996NWM.bed.gz	https://datasetencode.blob.core.windows.net/dataset/2022/08/19/23aa6747-bdd8-4699-9d48-3be79caf78e0/ENCFF996NWM.bed.gz?sv=2019-10-10&si=prod&sr=c&sig=9qSQZo4ggrCNpybBExU8SypuUZV33igI11xw0P7rB3c%3D	ENCODE4 v1.8.0 GRCh38	released	missing genetic modification reagents, mild to moderate bottlenecking, borderline replicate concordance		
ENCFF313BSI	bed narrowPeak	bed	narrowPeak	IDR thresholded peaks	GRCh38	ENCSR553ZJQ	TF ChIP-seq	/human-donors/ENCDO000AAC/	EFO:0001187	HepG2	cell line	Homo sapiens				CRISPR	insertion	{'schema_version': '14', 'aliases': [], 'organism': {'schema_version': '6', '@type': ['Organism', 'Item'], 'name': 'human', 'taxon_id': '9606', 'scientific_name': 'Homo sapiens', '@id': '/organisms/human/', 'uuid': '7745b647-ff15-4ff3-9ced-b897d4e2983c', 'status': 'released'}, 'genes': ['/genes/7566/'], '@type': ['Target', 'Item'], 'name': 'ZNF18-human', 'label': 'ZNF18', '@id': '/targets/ZNF18-human/', 'title': 'ZNF18 (Homo sapiens)', 'investigated_as': ['transcription factor'], 'uuid': '8dfbe1bb-6bff-46db-968d-34711e51f45b', 'status': 'released'}				ZNF18-human	DNA				formaldehyde		2022-09-14	ENCODE		sonication (generic)		1, 2	1_1, 2_1							/files/ENCFF523HUD/, /files/ENCFF702XIC/, /files/ENCFF356LFX/, /files/ENCFF554KUE/	297074	ENCODE Processing Pipeline	2a4d89eabb2594b8ec5c78367a6abbcc		https://www.encodeproject.org/files/ENCFF313BSI/@@download/ENCFF313BSI.bed.gz				released	s3://encode-public/2022/07/23/289b3a9b-bc93-4d6f-a0d6-7ee6a82936f0/ENCFF313BSI.bed.gz	https://datasetencode.blob.core.windows.net/dataset/2022/07/23/289b3a9b-bc93-4d6f-a0d6-7ee6a82936f0/ENCFF313BSI.bed.gz?sv=2019-10-10&si=prod&sr=c&sig=9qSQZo4ggrCNpybBExU8SypuUZV33igI11xw0P7rB3c%3D	ENCODE4 v1.8.0 GRCh38	released	mild to moderate bottlenecking, missing genetic modification reagents	insufficient replicate concordance	
ENCFF603NUV	bed narrowPeak	bed	narrowPeak	conservative IDR thresholded peaks	GRCh38	ENCSR634GEO	TF ChIP-seq	/human-donors/ENCDO000AAC/	EFO:0001187	HepG2	cell line	Homo sapiens				CRISPR	insertion	{'dbxrefs': ['FactorBook:E2F8'], 'aliases': [], 'organism': {'schema_version': '6', '@type': ['Organism', 'Item'], 'name': 'human', 'taxon_id': '9606', 'scientific_name': 'Homo sapiens', '@id': '/organisms/human/', 'uuid': '7745b647-ff15-4ff3-9ced-b897d4e2983c', 'status': 'released'}, 'genes': ['/genes/79733/'], '@type': ['Target', 'Item'], 'label': 'E2F8', 'title': 'E2F8 (Homo sapiens)', 'investigated_as': ['transcription factor'], 'uuid': '1566ae3f-30f6-4763-be4a-8faa5682c3bc', 'schema_version': '14', 'name': 'E2F8-human', '@id': '/targets/E2F8-human/', 'status': 'released'}				E2F8-human	DNA				formaldehyde		2022-08-15	ENCODE		sonication (generic)		1, 2	1_1, 2_1							/files/ENCFF356LFX/, /files/ENCFF141JSQ/, /files/ENCFF422OSN/, /files/ENCFF248UJW/	557115	ENCODE Processing Pipeline	1c5da7e650fbac627e413d71f3682cf6		https://www.encodeproject.org/files/ENCFF603NUV/@@download/ENCFF603NUV.bed.gz				released	s3://encode-public/2022/07/23/ceb142d3-6994-4fd3-a2fa-7190811bf534/ENCFF603NUV.bed.gz	https://datasetencode.blob.core.windows.net/dataset/2022/07/23/ceb142d3-6994-4fd3-a2fa-7190811bf534/ENCFF603NUV.bed.gz?sv=2019-10-10&si=prod&sr=c&sig=9qSQZo4ggrCNpybBExU8SypuUZV33igI11xw0P7rB3c%3D	ENCODE4 v1.8.0 GRCh38	released	mild to moderate bottlenecking, missing genetic modification reagents		
ENCFF359DKY	bed narrowPeak	bed	narrowPeak	conservative IDR thresholded peaks	GRCh38	ENCSR088LFR	TF ChIP-seq	/human-donors/ENCDO000AAC/	EFO:0001187	HepG2	cell line	Homo sapiens				CRISPR	insertion	{'schema_version': '14', 'aliases': [], 'organism': {'schema_version': '6', '@type': ['Organism', 'Item'], 'name': 'human', 'taxon_id': '9606', 'scientific_name': 'Homo sapiens', '@id': '/organisms/human/', 'uuid': '7745b647-ff15-4ff3-9ced-b897d4e2983c', 'status': 'released'}, 'genes': ['/genes/29841/'], '@type': ['Target', 'Item'], 'name': 'GRHL1-human', 'label': 'GRHL1', '@id': '/targets/GRHL1-human/', 'title': 'GRHL1 (Homo sapiens)', 'investigated_as': ['transcription factor'], 'uuid': 'b071969b-d101-45ce-9bd6-e39520b86be1', 'status': 'released'}				GRHL1-human	DNA				formaldehyde		2022-08-15	ENCODE		sonication (generic)		1, 2	1_1, 2_1							/files/ENCFF356LFX/, /files/ENCFF615QDP/, /files/ENCFF739OZT/, /files/ENCFF427OTJ/	4119	ENCODE Processing Pipeline	954796387afd5c12e23aaa8412390e97		https://www.encodeproject.org/files/ENCFF359DKY/@@download/ENCFF359DKY.bed.gz				released	s3://encode-public/2022/07/23/2802b335-2e93-443c-8b46-8f85e47042fc/ENCFF359DKY.bed.gz	https://datasetencode.blob.core.windows.net/dataset/2022/07/23/2802b335-2e93-443c-8b46-8f85e47042fc/ENCFF359DKY.bed.gz?sv=2019-10-10&si=prod&sr=c&sig=9qSQZo4ggrCNpybBExU8SypuUZV33igI11xw0P7rB3c%3D	ENCODE4 v1.8.0 GRCh38	released	missing genetic modification reagents		
ENCFF497SIC	bed narrowPeak	bed	narrowPeak	IDR thresholded peaks	GRCh38	ENCSR767NGL	TF ChIP-seq	/human-donors/ENCDO000AAC/	EFO:0001187	HepG2	cell line	Homo sapiens				CRISPR	insertion	{'dbxrefs': ['FactorBook:FOSL1'], 'aliases': [], 'organism': {'schema_version': '6', '@type': ['Organism', 'Item'], 'name': 'human', 'taxon_id': '9606', 'scientific_name': 'Homo sapiens', '@id': '/organisms/human/', 'uuid': '7745b647-ff15-4ff3-9ced-b897d4e2983c', 'status': 'released'}, 'genes': ['/genes/8061/'], '@type': ['Target', 'Item'], 'label': 'FOSL1', 'title': 'FOSL1 (Homo sapiens)', 'investigated_as': ['transcription factor'], 'uuid': '53ca9569-e107-463b-857a-7a20592b6818', 'schema_version': '14', 'name': 'FOSL1-human', '@id': '/targets/FOSL1-human/', 'status': 'released'}				FOSL1-human	DNA				formaldehyde		2021-08-13	ENCODE		sonication (generic)		1, 2	1_1, 2_1							/files/ENCFF154ZSJ/, /files/ENCFF657NDS/, /files/ENCFF689QGQ/, /files/ENCFF356LFX/	159326	ENCODE Processing Pipeline	9339388611df7b261ad829b72b9ae093		https://www.encodeproject.org/files/ENCFF497SIC/@@download/ENCFF497SIC.bed.gz				released	s3://encode-public/2021/08/02/19cc9eee-61af-41d0-9626-b903547ca814/ENCFF497SIC.bed.gz	https://datasetencode.blob.core.windows.net/dataset/2021/08/02/19cc9eee-61af-41d0-9626-b903547ca814/ENCFF497SIC.bed.gz?sv=2019-10-10&si=prod&sr=c&sig=9qSQZo4ggrCNpybBExU8SypuUZV33igI11xw0P7rB3c%3D	ENCODE4 v1.9.0 GRCh38	released	borderline replicate concordance, missing genetic modification reagents		
ENCFF270ONC	bed narrowPeak	bed	narrowPeak	IDR thresholded peaks	GRCh38	ENCSR159RBE	TF ChIP-seq	/human-donors/ENCDO000AAC/	EFO:0001187	HepG2	cell line	Homo sapiens				CRISPR	insertion	{'schema_version': '14', 'aliases': ['michael-snyder:TS-979'], 'organism': {'schema_version': '6', '@type': ['Organism', 'Item'], 'name': 'human', 'taxon_id': '9606', 'scientific_name': 'Homo sapiens', '@id': '/organisms/human/', 'uuid': '7745b647-ff15-4ff3-9ced-b897d4e2983c', 'status': 'released'}, 'genes': ['/genes/84656/'], '@type': ['Target', 'Item'], 'name': 'GLYR1-human', 'label': 'GLYR1', '@id': '/targets/GLYR1-human/', 'title': 'GLYR1 (Homo sapiens)', 'investigated_as': ['transcription factor'], 'uuid': '6ede588a-7af1-452e-8a00-9ce27d00302c', 'status': 'released'}				GLYR1-human	DNA				formaldehyde		2022-03-28	ENCODE		sonication (generic)		1, 2	1_1, 2_1							/files/ENCFF940GKH/, /files/ENCFF980IWQ/, /files/ENCFF438DBB/, /files/ENCFF356LFX/	374566	ENCODE Processing Pipeline	a7ac3d88276520126436a37e1e7d3cc1		https://www.encodeproject.org/files/ENCFF270ONC/@@download/ENCFF270ONC.bed.gz				released	s3://encode-public/2022/02/07/bc64fcd1-4645-4ba0-b46c-f54cf771eadf/ENCFF270ONC.bed.gz	https://datasetencode.blob.core.windows.net/dataset/2022/02/07/bc64fcd1-4645-4ba0-b46c-f54cf771eadf/ENCFF270ONC.bed.gz?sv=2019-10-10&si=prod&sr=c&sig=9qSQZo4ggrCNpybBExU8SypuUZV33igI11xw0P7rB3c%3D	ENCODE4 v1.9.0 GRCh38	released	mild to moderate bottlenecking, missing genetic modification reagents		
ENCFF440JOS	bed narrowPeak	bed	narrowPeak	IDR thresholded peaks	GRCh38	ENCSR000BKE	TF ChIP-seq	/human-donors/ENCDO000AAC/	EFO:0001187	HepG2	cell line	Homo sapiens										ATF3-human	DNA						2011-07-18	ENCODE		see document		1, 2	1_1, 2_1							/files/ENCFF285GKD/, /files/ENCFF527WLW/, /files/ENCFF459YUC/, /files/ENCFF953FIP/, /files/ENCFF875HPK/, /files/ENCFF356LFX/, /files/ENCFF371XAX/	74937	ENCODE Processing Pipeline	477c62733e9cb5e3e3fc6c723081bb89		https://www.encodeproject.org/files/ENCFF440JOS/@@download/ENCFF440JOS.bed.gz				released	s3://encode-public/2021/01/06/3a04f5c7-d4bb-477e-93c6-91b825acddf1/ENCFF440JOS.bed.gz	https://datasetencode.blob.core.windows.net/dataset/2021/01/06/3a04f5c7-d4bb-477e-93c6-91b825acddf1/ENCFF440JOS.bed.gz?sv=2019-10-10&si=prod&sr=c&sig=9qSQZo4ggrCNpybBExU8SypuUZV33igI11xw0P7rB3c%3D	ENCODE4 v1.6.1 GRCh38	released	low read depth, mild to moderate bottlenecking, low read length, moderate library complexity		
ENCFF682ESJ	bed narrowPeak	bed	narrowPeak	IDR thresholded peaks	GRCh38	ENCSR000EET	TF ChIP-seq	/human-donors/ENCDO000AAC/	EFO:0001187	HepG2	cell line	Homo sapiens	forskolin, pyruvate	1 mM	6.0 hour, 6 hour							HSF1-human	DNA						2011-10-29	ENCODE		see document		1, 2	1_1, 2_1							/files/ENCFF537RMF/, /files/ENCFF597UUI/, /files/ENCFF356LFX/, /files/ENCFF440OFC/, /files/ENCFF675FKP/	23381	ENCODE Processing Pipeline	94e6f7c5527d4ef280b48f8f0b277180		https://www.encodeproject.org/files/ENCFF682ESJ/@@download/ENCFF682ESJ.bed.gz				released	s3://encode-public/2020/12/11/81362e8e-8b4d-4e8b-98b6-1d097f062112/ENCFF682ESJ.bed.gz	https://datasetencode.blob.core.windows.net/dataset/2020/12/11/81362e8e-8b4d-4e8b-98b6-1d097f062112/ENCFF682ESJ.bed.gz?sv=2019-10-10&si=prod&sr=c&sig=9qSQZo4ggrCNpybBExU8SypuUZV33igI11xw0P7rB3c%3D	ENCODE4 v1.6.1 GRCh38	released		insufficient read length	extremely low read depth
ENCFF731RBX	bed narrowPeak	bed	narrowPeak	IDR thresholded peaks	GRCh38	ENCSR681KXT	TF ChIP-seq	/human-donors/ENCDO000AAC/	EFO:0001187	HepG2	cell line	Homo sapiens				CRISPR	insertion	{'schema_version': '14', 'aliases': ['michael-snyder:TS-1058'], 'organism': {'schema_version': '6', '@type': ['Organism', 'Item'], 'name': 'human', 'taxon_id': '9606', 'scientific_name': 'Homo sapiens', '@id': '/organisms/human/', 'uuid': '7745b647-ff15-4ff3-9ced-b897d4e2983c', 'status': 'released'}, 'genes': ['/genes/79673/'], '@type': ['Target', 'Item'], 'name': 'ZNF329-human', 'label': 'ZNF329', '@id': '/targets/ZNF329-human/', 'title': 'ZNF329 (Homo sapiens)', 'investigated_as': ['transcription factor'], 'uuid': '60dbfe4d-8f0e-4ab7-97dc-5b8b27e90c4a', 'status': 'released'}				ZNF329-human	DNA				formaldehyde		2021-08-13	ENCODE		sonication (generic)		1, 2	1_1, 2_1							/files/ENCFF674HEV/, /files/ENCFF830AUJ/, /files/ENCFF356LFX/, /files/ENCFF523HUD/	200300	ENCODE Processing Pipeline	b2ac43d391a96a66f6dadf1e782f92b1		https://www.encodeproject.org/files/ENCFF731RBX/@@download/ENCFF731RBX.bed.gz				released	s3://encode-public/2021/08/02/9cd34d38-f22e-43c4-939d-4f77df5b49db/ENCFF731RBX.bed.gz	https://datasetencode.blob.core.windows.net/dataset/2021/08/02/9cd34d38-f22e-43c4-939d-4f77df5b49db/ENCFF731RBX.bed.gz?sv=2019-10-10&si=prod&sr=c&sig=9qSQZo4ggrCNpybBExU8SypuUZV33igI11xw0P7rB3c%3D	ENCODE4 v1.9.0 GRCh38	released	low read depth, missing genetic modification reagents, mild to moderate bottlenecking		
ENCFF316WFA	bed narrowPeak	bed	narrowPeak	IDR thresholded peaks	GRCh38	ENCSR516SMM	TF ChIP-seq	/human-donors/ENCDO000AAC/	EFO:0001187	HepG2	cell line	Homo sapiens				CRISPR	insertion	{'dbxrefs': ['FactorBook:SRF'], 'aliases': [], 'organism': {'schema_version': '6', '@type': ['Organism', 'Item'], 'name': 'human', 'taxon_id': '9606', 'scientific_name': 'Homo sapiens', '@id': '/organisms/human/', 'uuid': '7745b647-ff15-4ff3-9ced-b897d4e2983c', 'status': 'released'}, 'genes': ['/genes/6722/'], '@type': ['Target', 'Item'], 'label': 'SRF', 'title': 'SRF (Homo sapiens)', 'investigated_as': ['transcription factor'], 'uuid': 'f22f584e-9bfb-4107-88b8-6560bc45efff', 'schema_version': '14', 'name': 'SRF-human', '@id': '/targets/SRF-human/', 'status': 'released'}				SRF-human	DNA				formaldehyde		2022-02-08	ENCODE		sonication (generic)		1, 2	1_1, 2_1							/files/ENCFF522JVF/, /files/ENCFF356LFX/, /files/ENCFF873BTF/, /files/ENCFF523HUD/, /files/ENCFF577LLU/	263062	ENCODE Processing Pipeline	1bcee10630c6135bb6c4a998790461f7		https://www.encodeproject.org/files/ENCFF316WFA/@@download/ENCFF316WFA.bed.gz				released	s3://encode-public/2021/08/25/2bf2c953-7e0e-4bb3-95ec-0f5f57f29b4c/ENCFF316WFA.bed.gz	https://datasetencode.blob.core.windows.net/dataset/2021/08/25/2bf2c953-7e0e-4bb3-95ec-0f5f57f29b4c/ENCFF316WFA.bed.gz?sv=2019-10-10&si=prod&sr=c&sig=9qSQZo4ggrCNpybBExU8SypuUZV33igI11xw0P7rB3c%3D	ENCODE4 v1.9.0 GRCh38	released	mild to moderate bottlenecking, missing genetic modification reagents		
ENCFF006LDU	bed narrowPeak	bed	narrowPeak	IDR thresholded peaks	GRCh38	ENCSR407BEZ	TF ChIP-seq	/human-donors/ENCDO000AAC/	EFO:0001187	HepG2	cell line	Homo sapiens										ZHX2-human	DNA						2014-07-07	ENCODE		see document		1, 2	1_1, 2_1							/files/ENCFF159DIX/, /files/ENCFF556PMA/, /files/ENCFF678ZCC/, /files/ENCFF053PAI/, /files/ENCFF356LFX/	184105	ENCODE Processing Pipeline	097d4d1a1e59de7fb51e2725a5f799e6		https://www.encodeproject.org/files/ENCFF006LDU/@@download/ENCFF006LDU.bed.gz				released	s3://encode-public/2020/12/08/eb6ff60e-80ec-43f2-a6bb-ec5f653ad526/ENCFF006LDU.bed.gz	https://datasetencode.blob.core.windows.net/dataset/2020/12/08/eb6ff60e-80ec-43f2-a6bb-ec5f653ad526/ENCFF006LDU.bed.gz?sv=2019-10-10&si=prod&sr=c&sig=9qSQZo4ggrCNpybBExU8SypuUZV33igI11xw0P7rB3c%3D	ENCODE4 v1.6.1 GRCh38	released	low read depth, antibody characterized with exemption		
ENCFF123FQW	bed narrowPeak	bed	narrowPeak	IDR thresholded peaks	GRCh38	ENCSR000BNJ	TF ChIP-seq	/human-donors/ENCDO000AAC/	EFO:0001187	HepG2	cell line	Homo sapiens										HNF4G-human	DNA						2011-07-18	ENCODE		see document		1, 2	1_1, 2_1							/files/ENCFF053UCZ/, /files/ENCFF285GKD/, /files/ENCFF356LFX/, /files/ENCFF439FDI/, /files/ENCFF459YUC/	426822	ENCODE Processing Pipeline	cc306b0d4959f8b74f7772641a766880		https://www.encodeproject.org/files/ENCFF123FQW/@@download/ENCFF123FQW.bed.gz				released	s3://encode-public/2020/12/27/d286e382-1ed9-4ebc-a810-1ec079ee7572/ENCFF123FQW.bed.gz	https://datasetencode.blob.core.windows.net/dataset/2020/12/27/d286e382-1ed9-4ebc-a810-1ec079ee7572/ENCFF123FQW.bed.gz?sv=2019-10-10&si=prod&sr=c&sig=9qSQZo4ggrCNpybBExU8SypuUZV33igI11xw0P7rB3c%3D	ENCODE4 v1.6.1 GRCh38	released	low read length, mild to moderate bottlenecking, borderline replicate concordance, low read depth, moderate library complexity		
ENCFF132RKR	bed narrowPeak	bed	narrowPeak	IDR thresholded peaks	GRCh38	ENCSR620YNB	TF ChIP-seq	/human-donors/ENCDO000AAC/	EFO:0001187	HepG2	cell line	Homo sapiens										KAT2B-human	DNA						2014-07-07	ENCODE			150-350	1, 2	1_1, 2_1							/files/ENCFF958XVX/, /files/ENCFF548TWG/, /files/ENCFF029AHW/, /files/ENCFF097TWB/, /files/ENCFF356LFX/	45105	ENCODE Processing Pipeline	e217233a280355390654bce101f124aa		https://www.encodeproject.org/files/ENCFF132RKR/@@download/ENCFF132RKR.bed.gz				released	s3://encode-public/2020/11/30/98edc86c-fce2-4679-8553-847155687176/ENCFF132RKR.bed.gz	https://datasetencode.blob.core.windows.net/dataset/2020/11/30/98edc86c-fce2-4679-8553-847155687176/ENCFF132RKR.bed.gz?sv=2019-10-10&si=prod&sr=c&sig=9qSQZo4ggrCNpybBExU8SypuUZV33igI11xw0P7rB3c%3D	ENCODE4 v1.6.1 GRCh38	released	low read depth, borderline replicate concordance, low read length		
ENCFF760KQS	bed narrowPeak	bed	narrowPeak	IDR thresholded peaks	GRCh38	ENCSR000EVS	TF ChIP-seq	/human-donors/ENCDO000AAC/	EFO:0001187	HepG2	cell line	Homo sapiens										NR2C2-human	DNA						2011-10-29	ENCODE		see document		1, 2	1_1, 2_1							/files/ENCFF781ATM/, /files/ENCFF356LFX/, /files/ENCFF209YPZ/, /files/ENCFF674OWW/	51597	ENCODE Processing Pipeline	feed9744fbbbb8e1768cf93f7c8ca776		https://www.encodeproject.org/files/ENCFF760KQS/@@download/ENCFF760KQS.bed.gz				released	s3://encode-public/2020/12/27/654d9ecb-592d-4f2f-b69f-cf0daeaab591/ENCFF760KQS.bed.gz	https://datasetencode.blob.core.windows.net/dataset/2020/12/27/654d9ecb-592d-4f2f-b69f-cf0daeaab591/ENCFF760KQS.bed.gz?sv=2019-10-10&si=prod&sr=c&sig=9qSQZo4ggrCNpybBExU8SypuUZV33igI11xw0P7rB3c%3D	ENCODE4 v1.6.1 GRCh38	released	inconsistent platforms	insufficient read depth, insufficient read length	
ENCFF096EUR	bed narrowPeak	bed	narrowPeak	conservative IDR thresholded peaks	GRCh38	ENCSR000EEQ	TF ChIP-seq	/human-donors/ENCDO000AAC/	EFO:0001187	HepG2	cell line	Homo sapiens	forskolin, pyruvate	1 mM	6.0 hour, 6 hour							PPARGC1A-human	DNA						2011-10-29	ENCODE		see document		1, 2	1_1, 2_1							/files/ENCFF440OFC/, /files/ENCFF230GMS/, /files/ENCFF597UUI/, /files/ENCFF092LGP/, /files/ENCFF356LFX/	1627	ENCODE Processing Pipeline	0b3eddc8f9c5cae3d06abca5c856d28f		https://www.encodeproject.org/files/ENCFF096EUR/@@download/ENCFF096EUR.bed.gz				released	s3://encode-public/2020/12/27/55e1ed64-f1bf-45de-b868-2d1dab484a71/ENCFF096EUR.bed.gz	https://datasetencode.blob.core.windows.net/dataset/2020/12/27/55e1ed64-f1bf-45de-b868-2d1dab484a71/ENCFF096EUR.bed.gz?sv=2019-10-10&si=prod&sr=c&sig=9qSQZo4ggrCNpybBExU8SypuUZV33igI11xw0P7rB3c%3D	ENCODE4 v1.6.1 GRCh38	released		insufficient read depth, insufficient read length	extremely low read depth
ENCFF356ZVN	bed narrowPeak	bed	narrowPeak	IDR thresholded peaks	GRCh38	ENCSR000EEU	TF ChIP-seq	/human-donors/ENCDO000AAC/	EFO:0001187	HepG2	cell line	Homo sapiens	forskolin, pyruvate	1 mM	6.0 hour, 6 hour							HNF4A-human	DNA						2011-10-29	ENCODE		see document		1, 2	1_1, 2_1							/files/ENCFF597UUI/, /files/ENCFF356LFX/, /files/ENCFF969USR/, /files/ENCFF351PAB/, /files/ENCFF440OFC/	203508	ENCODE Processing Pipeline	b38eeb467f38fb348cc19c5c8d1f85f7		https://www.encodeproject.org/files/ENCFF356ZVN/@@download/ENCFF356ZVN.bed.gz				released	s3://encode-public/2021/01/01/dae20b2b-88d0-47de-86b0-513d38d39e7e/ENCFF356ZVN.bed.gz	https://datasetencode.blob.core.windows.net/dataset/2021/01/01/dae20b2b-88d0-47de-86b0-513d38d39e7e/ENCFF356ZVN.bed.gz?sv=2019-10-10&si=prod&sr=c&sig=9qSQZo4ggrCNpybBExU8SypuUZV33igI11xw0P7rB3c%3D	ENCODE4 v1.6.1 GRCh38	released		insufficient read depth, insufficient read length	extremely low read depth
ENCFF361NJR	bed narrowPeak	bed	narrowPeak	IDR thresholded peaks	GRCh38	ENCSR000EVQ	TF ChIP-seq	/human-donors/ENCDO000AAC/	EFO:0001187	HepG2	cell line	Homo sapiens										TCF7L2-human	DNA						2011-10-29	ENCODE		see document		1, 2	1_1, 2_1							/files/ENCFF674OWW/, /files/ENCFF820HXD/, /files/ENCFF356LFX/, /files/ENCFF440ZQF/	75783	ENCODE Processing Pipeline	1fe2c368d31685236c334f535a05c0ba		https://www.encodeproject.org/files/ENCFF361NJR/@@download/ENCFF361NJR.bed.gz				released	s3://encode-public/2020/12/27/ea39d179-f879-46a4-9a68-7c6acbd320e5/ENCFF361NJR.bed.gz	https://datasetencode.blob.core.windows.net/dataset/2020/12/27/ea39d179-f879-46a4-9a68-7c6acbd320e5/ENCFF361NJR.bed.gz?sv=2019-10-10&si=prod&sr=c&sig=9qSQZo4ggrCNpybBExU8SypuUZV33igI11xw0P7rB3c%3D	ENCODE4 v1.6.1 GRCh38	released	low read depth, mild to moderate bottlenecking, low read length, moderate library complexity		
ENCFF562YSV	bed narrowPeak	bed	narrowPeak	IDR thresholded peaks	GRCh38	ENCSR000EEI	TF ChIP-seq	/human-donors/ENCDO000AAC/	EFO:0001187	HepG2	cell line	Homo sapiens										JUND-human	DNA						2011-10-29	ENCODE		see document		1, 2	1_1, 2_1							/files/ENCFF300RQU/, /files/ENCFF772ZHK/, /files/ENCFF381KIQ/, /files/ENCFF356LFX/	727603	ENCODE Processing Pipeline	e73266496359531529a6e99c9a162a72		https://www.encodeproject.org/files/ENCFF562YSV/@@download/ENCFF562YSV.bed.gz				released	s3://encode-public/2021/01/01/122a5d42-4e49-40c3-8bb3-59105fa9f426/ENCFF562YSV.bed.gz	https://datasetencode.blob.core.windows.net/dataset/2021/01/01/122a5d42-4e49-40c3-8bb3-59105fa9f426/ENCFF562YSV.bed.gz?sv=2019-10-10&si=prod&sr=c&sig=9qSQZo4ggrCNpybBExU8SypuUZV33igI11xw0P7rB3c%3D	ENCODE4 v1.6.1 GRCh38	released	low read depth, low read length, improper control_type of control experiment		
ENCFF624HJF	bed narrowPeak	bed	narrowPeak	IDR thresholded peaks	GRCh38	ENCSR000EEO	TF ChIP-seq	/human-donors/ENCDO000AAC/	EFO:0001187	HepG2	cell line	Homo sapiens	insulin, 22-hydroxycholesterol	100 μM, 10 μM	6.0 hour, 6 hour							SREBF1-human	DNA						2011-10-29	ENCODE		see document		1, 2, 3	1_1, 2_1, 3_1							/files/ENCFF985OXC/, /files/ENCFF265KUL/, /files/ENCFF806NRF/, /files/ENCFF356LFX/, /files/ENCFF122VQG/, /files/ENCFF498JUW/	54525	ENCODE Processing Pipeline	8172c9c206dfeb753884e96af50ee59d		https://www.encodeproject.org/files/ENCFF624HJF/@@download/ENCFF624HJF.bed.gz				released	s3://encode-public/2021/01/01/ff31fa89-6b2f-457c-87f8-dd48d824302e/ENCFF624HJF.bed.gz	https://datasetencode.blob.core.windows.net/dataset/2021/01/01/ff31fa89-6b2f-457c-87f8-dd48d824302e/ENCFF624HJF.bed.gz?sv=2019-10-10&si=prod&sr=c&sig=9qSQZo4ggrCNpybBExU8SypuUZV33igI11xw0P7rB3c%3D	ENCODE4 v1.6.1 GRCh38	released		insufficient read length	extremely low read depth
ENCFF551CCD	bed narrowPeak	bed	narrowPeak	IDR thresholded peaks	GRCh38	ENCSR000BQW	TF ChIP-seq	/human-donors/ENCDO000AAC/	EFO:0001187	HepG2	cell line	Homo sapiens										MBD4-human	DNA						2012-02-29	ENCODE		see document		1, 2	1_1, 2_1							/files/ENCFF831OAZ/, /files/ENCFF379RHD/, /files/ENCFF430MNY/, /files/ENCFF072ZTF/, /files/ENCFF356LFX/, /files/ENCFF434VWY/	102037	ENCODE Processing Pipeline	306accdcce76cb82ebdd972b7ea723b2		https://www.encodeproject.org/files/ENCFF551CCD/@@download/ENCFF551CCD.bed.gz				released	s3://encode-public/2021/01/02/c8a182fd-2228-4588-955c-1c5e2b4643b4/ENCFF551CCD.bed.gz	https://datasetencode.blob.core.windows.net/dataset/2021/01/02/c8a182fd-2228-4588-955c-1c5e2b4643b4/ENCFF551CCD.bed.gz?sv=2019-10-10&si=prod&sr=c&sig=9qSQZo4ggrCNpybBExU8SypuUZV33igI11xw0P7rB3c%3D	ENCODE4 v1.6.1 GRCh38	released	inconsistent platforms, borderline replicate concordance, low read length		
ENCFF110MJW	bed narrowPeak	bed	narrowPeak	IDR thresholded peaks	GRCh38	ENCSR000BGL	TF ChIP-seq	/human-donors/ENCDO000AAC/	EFO:0001187	HepG2	cell line	Homo sapiens										SIN3A-human	DNA						2011-07-18	ENCODE		see document		1, 2	1_1, 2_1							/files/ENCFF356LFX/, /files/ENCFF722LRI/, /files/ENCFF950DCA/, /files/ENCFF875HPK/, /files/ENCFF527WLW/	394001	ENCODE Processing Pipeline	c92e3394c0595cf4bc2f6a6d8a929148		https://www.encodeproject.org/files/ENCFF110MJW/@@download/ENCFF110MJW.bed.gz				released	s3://encode-public/2020/12/26/540d87c2-07a6-458e-9b4a-57377927ee21/ENCFF110MJW.bed.gz	https://datasetencode.blob.core.windows.net/dataset/2020/12/26/540d87c2-07a6-458e-9b4a-57377927ee21/ENCFF110MJW.bed.gz?sv=2019-10-10&si=prod&sr=c&sig=9qSQZo4ggrCNpybBExU8SypuUZV33igI11xw0P7rB3c%3D	ENCODE4 v1.6.1 GRCh38	released	low read length, mild to moderate bottlenecking, control low read depth, borderline replicate concordance, low read depth		
ENCFF102ZOU	bed narrowPeak	bed	narrowPeak	IDR thresholded peaks	GRCh38	ENCSR000EED	TF ChIP-seq	/human-donors/ENCDO000AAC/	EFO:0001187	HepG2	cell line	Homo sapiens										CHD2-human	DNA						2011-10-29	ENCODE		see document		1, 2	1_1, 2_1							/files/ENCFF035LMU/, /files/ENCFF236ALG/, /files/ENCFF356LFX/, /files/ENCFF772ZHK/	129915	ENCODE Processing Pipeline	f0abe306b614240a4a76349260786df5		https://www.encodeproject.org/files/ENCFF102ZOU/@@download/ENCFF102ZOU.bed.gz				released	s3://encode-public/2020/12/26/75fe73ad-e07a-43c1-954b-396c2bcbe784/ENCFF102ZOU.bed.gz	https://datasetencode.blob.core.windows.net/dataset/2020/12/26/75fe73ad-e07a-43c1-954b-396c2bcbe784/ENCFF102ZOU.bed.gz?sv=2019-10-10&si=prod&sr=c&sig=9qSQZo4ggrCNpybBExU8SypuUZV33igI11xw0P7rB3c%3D	ENCODE4 v1.6.1 GRCh38	released	low read depth, low read length, improper control_type of control experiment		
ENCFF841GDS	bed narrowPeak	bed	narrowPeak	IDR thresholded peaks	GRCh38	ENCSR000BRP	TF ChIP-seq	/human-donors/ENCDO000AAC/	EFO:0001187	HepG2	cell line	Homo sapiens										TEAD4-human	DNA						2012-02-29	ENCODE		see document		1, 2	1_1, 2_1							/files/ENCFF434VWY/, /files/ENCFF379RHD/, /files/ENCFF397PWT/, /files/ENCFF430MNY/, /files/ENCFF111BMB/, /files/ENCFF356LFX/	302535	ENCODE Processing Pipeline	a732f4f9a2d97af2a80adc0fd5991e95		https://www.encodeproject.org/files/ENCFF841GDS/@@download/ENCFF841GDS.bed.gz				released	s3://encode-public/2021/01/02/d5a3d62a-f31c-4966-ad55-475d23f85b03/ENCFF841GDS.bed.gz	https://datasetencode.blob.core.windows.net/dataset/2021/01/02/d5a3d62a-f31c-4966-ad55-475d23f85b03/ENCFF841GDS.bed.gz?sv=2019-10-10&si=prod&sr=c&sig=9qSQZo4ggrCNpybBExU8SypuUZV33igI11xw0P7rB3c%3D	ENCODE4 v1.6.1 GRCh38	released	inconsistent platforms, low read length	insufficient replicate concordance	extremely low read depth
ENCFF463GXC	bed narrowPeak	bed	narrowPeak	conservative IDR thresholded peaks	GRCh38	ENCSR769CWW	TF ChIP-seq	/human-donors/ENCDO000AAC/	EFO:0001187	HepG2	cell line	Homo sapiens				CRISPR	insertion	{'schema_version': '14', 'aliases': [], 'organism': {'schema_version': '6', '@type': ['Organism', 'Item'], 'name': 'human', 'taxon_id': '9606', 'scientific_name': 'Homo sapiens', '@id': '/organisms/human/', 'uuid': '7745b647-ff15-4ff3-9ced-b897d4e2983c', 'status': 'released'}, 'genes': ['/genes/22926/'], '@type': ['Target', 'Item'], 'name': 'ATF6-human', 'label': 'ATF6', '@id': '/targets/ATF6-human/', 'title': 'ATF6 (Homo sapiens)', 'investigated_as': ['transcription factor'], 'uuid': '90338a36-9492-44ee-b464-0655eff2d911', 'status': 'released'}				ATF6-human	DNA				formaldehyde		2020-07-09	ENCODE		sonication (generic)		1, 2	1_1, 2_1							/files/ENCFF119BQD/, /files/ENCFF723HPB/, /files/ENCFF356LFX/, /files/ENCFF317DZF/	97322	ENCODE Processing Pipeline	1b592a52718f1d6f756ef4b7d8e17a8e		https://www.encodeproject.org/files/ENCFF463GXC/@@download/ENCFF463GXC.bed.gz				released	s3://encode-public/2020/07/01/225f547e-ee8a-40c9-b5c9-0907391cd1ba/ENCFF463GXC.bed.gz	https://datasetencode.blob.core.windows.net/dataset/2020/07/01/225f547e-ee8a-40c9-b5c9-0907391cd1ba/ENCFF463GXC.bed.gz?sv=2019-10-10&si=prod&sr=c&sig=9qSQZo4ggrCNpybBExU8SypuUZV33igI11xw0P7rB3c%3D	ENCODE4 v1.4.0 GRCh38	released	missing genetic modification reagents		
ENCFF592DOR	bed narrowPeak	bed	narrowPeak	IDR thresholded peaks	GRCh38	ENCSR392TWV	TF ChIP-seq	/human-donors/ENCDO000AAC/	EFO:0001187	HepG2	cell line	Homo sapiens				CRISPR	insertion	{'schema_version': '14', 'aliases': ['michael-snyder:TS-1322'], 'organism': {'schema_version': '6', '@type': ['Organism', 'Item'], 'name': 'human', 'taxon_id': '9606', 'scientific_name': 'Homo sapiens', '@id': '/organisms/human/', 'uuid': '7745b647-ff15-4ff3-9ced-b897d4e2983c', 'status': 'released'}, 'genes': ['/genes/26137/'], '@type': ['Target', 'Item'], 'name': 'ZBTB20-human', 'label': 'ZBTB20', '@id': '/targets/ZBTB20-human/', 'title': 'ZBTB20 (Homo sapiens)', 'investigated_as': ['transcription factor'], 'uuid': '88b4c695-7a4c-4f33-9a73-bb2a17ee42e1', 'status': 'released'}				ZBTB20-human	DNA				formaldehyde		2023-01-06	ENCODE		sonication (generic)		1, 2	1_1, 2_1							/files/ENCFF356LFX/, /files/ENCFF498OQY/, /files/ENCFF679MKI/, /files/ENCFF802BRW/	345212	ENCODE Processing Pipeline	f68390717f0789f729316b6dd5e6fbf5		https://www.encodeproject.org/files/ENCFF592DOR/@@download/ENCFF592DOR.bed.gz				released	s3://encode-public/2022/12/19/69bf8b67-c36e-43ac-934e-d4ece8c96776/ENCFF592DOR.bed.gz	https://datasetencode.blob.core.windows.net/dataset/2022/12/19/69bf8b67-c36e-43ac-934e-d4ece8c96776/ENCFF592DOR.bed.gz?sv=2019-10-10&si=prod&sr=c&sig=9qSQZo4ggrCNpybBExU8SypuUZV33igI11xw0P7rB3c%3D	ENCODE4 v1.8.1 GRCh38	released	missing genetic modification reagents, low read depth, borderline replicate concordance, mild to moderate bottlenecking		
ENCFF254ZSQ	bed narrowPeak	bed	narrowPeak	conservative IDR thresholded peaks	GRCh38	ENCSR620ZUC	TF ChIP-seq	/human-donors/ENCDO000AAC/	EFO:0001187	HepG2	cell line	Homo sapiens				CRISPR	insertion	{'schema_version': '14', 'aliases': [], 'organism': {'schema_version': '6', '@type': ['Organism', 'Item'], 'name': 'human', 'taxon_id': '9606', 'scientific_name': 'Homo sapiens', '@id': '/organisms/human/', 'uuid': '7745b647-ff15-4ff3-9ced-b897d4e2983c', 'status': 'released'}, 'genes': ['/genes/81566/'], '@type': ['Target', 'Item'], 'name': 'CSRNP2-human', 'label': 'CSRNP2', '@id': '/targets/CSRNP2-human/', 'title': 'CSRNP2 (Homo sapiens)', 'investigated_as': ['transcription factor'], 'uuid': '857f7be9-a43c-4c8e-b6d7-03bceb771870', 'status': 'released'}				CSRNP2-human	DNA				formaldehyde		2022-08-15	ENCODE		sonication (generic)		1, 2	1_1, 2_1							/files/ENCFF739OZT/, /files/ENCFF356LFX/, /files/ENCFF166CLD/, /files/ENCFF792DHK/	41202	ENCODE Processing Pipeline	d6141e9e6c7e22941a67139c99f40c2e		https://www.encodeproject.org/files/ENCFF254ZSQ/@@download/ENCFF254ZSQ.bed.gz				released	s3://encode-public/2022/07/23/a96b3bd9-9506-4f02-ae84-84069be0367a/ENCFF254ZSQ.bed.gz	https://datasetencode.blob.core.windows.net/dataset/2022/07/23/a96b3bd9-9506-4f02-ae84-84069be0367a/ENCFF254ZSQ.bed.gz?sv=2019-10-10&si=prod&sr=c&sig=9qSQZo4ggrCNpybBExU8SypuUZV33igI11xw0P7rB3c%3D	ENCODE4 v1.8.0 GRCh38	released	low read depth, missing genetic modification reagents		
ENCFF393LUP	bed narrowPeak	bed	narrowPeak	IDR thresholded peaks	GRCh38	ENCSR000BLW	TF ChIP-seq	/human-donors/ENCDO000AAC/	EFO:0001187	HepG2	cell line	Homo sapiens										EP300-human	DNA						2011-07-18	ENCODE		see document		1, 2	1_1, 2_1							/files/ENCFF285GKD/, /files/ENCFF459YUC/, /files/ENCFF356LFX/, /files/ENCFF092MIT/, /files/ENCFF634FYT/	547960	ENCODE Processing Pipeline	9b1856ed3c9ad3a8346fda20d3db7685		https://www.encodeproject.org/files/ENCFF393LUP/@@download/ENCFF393LUP.bed.gz				released	s3://encode-public/2020/12/27/d7cd8826-0361-414c-8410-c697f9827de3/ENCFF393LUP.bed.gz	https://datasetencode.blob.core.windows.net/dataset/2020/12/27/d7cd8826-0361-414c-8410-c697f9827de3/ENCFF393LUP.bed.gz?sv=2019-10-10&si=prod&sr=c&sig=9qSQZo4ggrCNpybBExU8SypuUZV33igI11xw0P7rB3c%3D	ENCODE4 v1.6.1 GRCh38	released	low read depth, mild to moderate bottlenecking, low read length, moderate library complexity		
ENCFF050QMU	bed narrowPeak	bed	narrowPeak	IDR thresholded peaks	GRCh38	ENCSR000BLV	TF ChIP-seq	/human-donors/ENCDO000AAC/	EFO:0001187	HepG2	cell line	Homo sapiens										SRF-human	DNA						2011-07-18	ENCODE		see document		1, 2	1_1, 2_1							/files/ENCFF380UUO/, /files/ENCFF292VMV/, /files/ENCFF356LFX/, /files/ENCFF285GKD/, /files/ENCFF459YUC/	120625	ENCODE Processing Pipeline	f7887c030ccc5d540e3b4626234c018d		https://www.encodeproject.org/files/ENCFF050QMU/@@download/ENCFF050QMU.bed.gz				released	s3://encode-public/2020/12/28/4cfa668a-d393-483f-b0ed-b04a9be45a5f/ENCFF050QMU.bed.gz	https://datasetencode.blob.core.windows.net/dataset/2020/12/28/4cfa668a-d393-483f-b0ed-b04a9be45a5f/ENCFF050QMU.bed.gz?sv=2019-10-10&si=prod&sr=c&sig=9qSQZo4ggrCNpybBExU8SypuUZV33igI11xw0P7rB3c%3D	ENCODE4 v1.6.1 GRCh38	released	low read depth, mild to moderate bottlenecking, low read length, moderate library complexity		
ENCFF340VOQ	bed narrowPeak	bed	narrowPeak	IDR thresholded peaks	GRCh38	ENCSR069JKP	TF ChIP-seq	/human-donors/ENCDO000AAC/	EFO:0001187	HepG2	cell line	Homo sapiens				CRISPR	insertion	{'schema_version': '14', 'aliases': ['michael-snyder:TS-356'], 'organism': {'schema_version': '6', '@type': ['Organism', 'Item'], 'name': 'human', 'taxon_id': '9606', 'scientific_name': 'Homo sapiens', '@id': '/organisms/human/', 'uuid': '7745b647-ff15-4ff3-9ced-b897d4e2983c', 'status': 'released'}, 'genes': ['/genes/7029/'], '@type': ['Target', 'Item'], 'name': 'TFDP2-human', 'label': 'TFDP2', '@id': '/targets/TFDP2-human/', 'title': 'TFDP2 (Homo sapiens)', 'investigated_as': ['transcription factor'], 'uuid': 'ce4d0949-ca02-453a-84c9-a75e804b43ee', 'status': 'released'}				TFDP2-human	DNA				formaldehyde		2020-07-09	ENCODE		sonication (generic)		1, 2	1_1, 2_1							/files/ENCFF217RYA/, /files/ENCFF026BZS/, /files/ENCFF356LFX/, /files/ENCFF723HPB/	384141	ENCODE Processing Pipeline	d7cd0342b0b4685e12016872c11a9186		https://www.encodeproject.org/files/ENCFF340VOQ/@@download/ENCFF340VOQ.bed.gz				released	s3://encode-public/2020/06/30/18124922-ef06-46e0-bbd8-e2d8e1a549a4/ENCFF340VOQ.bed.gz	https://datasetencode.blob.core.windows.net/dataset/2020/06/30/18124922-ef06-46e0-bbd8-e2d8e1a549a4/ENCFF340VOQ.bed.gz?sv=2019-10-10&si=prod&sr=c&sig=9qSQZo4ggrCNpybBExU8SypuUZV33igI11xw0P7rB3c%3D	ENCODE4 v1.4.0 GRCh38	released	missing genetic modification reagents		
ENCFF698ITQ	bed narrowPeak	bed	narrowPeak	IDR thresholded peaks	GRCh38	ENCSR080UEM	TF ChIP-seq	/human-donors/ENCDO000AAC/	EFO:0001187	HepG2	cell line	Homo sapiens				CRISPR	insertion	{'dbxrefs': ['FactorBook:ZNF143'], 'aliases': ['michael-snyder:TS-1584'], 'organism': {'schema_version': '6', '@type': ['Organism', 'Item'], 'name': 'human', 'taxon_id': '9606', 'scientific_name': 'Homo sapiens', '@id': '/organisms/human/', 'uuid': '7745b647-ff15-4ff3-9ced-b897d4e2983c', 'status': 'released'}, 'genes': ['/genes/7702/'], '@type': ['Target', 'Item'], 'label': 'ZNF143', 'title': 'ZNF143 (Homo sapiens)', 'investigated_as': ['transcription factor'], 'uuid': '3d9d86db-e020-46f4-a216-4e0b5a0bc82b', 'schema_version': '14', 'name': 'ZNF143-human', '@id': '/targets/ZNF143-human/', 'status': 'released'}				ZNF143-human	DNA				formaldehyde		2020-07-08	ENCODE		sonication (generic)		1, 2	1_1, 2_1							/files/ENCFF195QNE/, /files/ENCFF657NDS/, /files/ENCFF408PVF/, /files/ENCFF356LFX/	265416	ENCODE Processing Pipeline	1f80cf9e9eca1fdc944f17d397097670		https://www.encodeproject.org/files/ENCFF698ITQ/@@download/ENCFF698ITQ.bed.gz				released	s3://encode-public/2020/07/01/1e9b2292-135c-4ff5-af37-1a80a8d09eb4/ENCFF698ITQ.bed.gz	https://datasetencode.blob.core.windows.net/dataset/2020/07/01/1e9b2292-135c-4ff5-af37-1a80a8d09eb4/ENCFF698ITQ.bed.gz?sv=2019-10-10&si=prod&sr=c&sig=9qSQZo4ggrCNpybBExU8SypuUZV33igI11xw0P7rB3c%3D	ENCODE4 v1.4.0 GRCh38	released	missing genetic modification reagents		
ENCFF725ZBA	bed narrowPeak	bed	narrowPeak	IDR thresholded peaks	GRCh38	ENCSR322ULL	TF ChIP-seq	/human-donors/ENCDO000AAC/	EFO:0001187	HepG2	cell line	Homo sapiens				CRISPR	insertion	{'dbxrefs': ['FactorBook:ZBTB7B'], 'aliases': ['michael-snyder:TS-2087'], 'organism': {'schema_version': '6', '@type': ['Organism', 'Item'], 'name': 'human', 'taxon_id': '9606', 'scientific_name': 'Homo sapiens', '@id': '/organisms/human/', 'uuid': '7745b647-ff15-4ff3-9ced-b897d4e2983c', 'status': 'released'}, 'genes': ['/genes/51043/'], '@type': ['Target', 'Item'], 'label': 'ZBTB7B', 'title': 'ZBTB7B (Homo sapiens)', 'investigated_as': ['transcription factor'], 'uuid': '30be4cae-373e-47d4-8ef8-45c5428c5490', 'schema_version': '14', 'name': 'ZBTB7B-human', '@id': '/targets/ZBTB7B-human/', 'status': 'released'}				ZBTB7B-human	DNA				formaldehyde		2020-07-09	ENCODE		sonication (generic)		1, 2	1_1, 2_1							/files/ENCFF011IUN/, /files/ENCFF723HPB/, /files/ENCFF356LFX/, /files/ENCFF016VUQ/	489425	ENCODE Processing Pipeline	59f5ae756f35bda2ac7dd51cdfa00dbe		https://www.encodeproject.org/files/ENCFF725ZBA/@@download/ENCFF725ZBA.bed.gz				released	s3://encode-public/2020/07/07/9be0276e-3825-465b-9415-835760eeaa1d/ENCFF725ZBA.bed.gz	https://datasetencode.blob.core.windows.net/dataset/2020/07/07/9be0276e-3825-465b-9415-835760eeaa1d/ENCFF725ZBA.bed.gz?sv=2019-10-10&si=prod&sr=c&sig=9qSQZo4ggrCNpybBExU8SypuUZV33igI11xw0P7rB3c%3D	ENCODE4 v1.4.0 GRCh38	released	missing genetic modification reagents		
ENCFF974NTF	bed narrowPeak	bed	narrowPeak	IDR thresholded peaks	GRCh38	ENCSR178SXA	TF ChIP-seq	/human-donors/ENCDO000AAC/	EFO:0001187	HepG2	cell line	Homo sapiens				CRISPR	insertion	{'dbxrefs': ['FactorBook:NCOA2'], 'aliases': ['michael-snyder:TS-1431'], 'organism': {'schema_version': '6', '@type': ['Organism', 'Item'], 'name': 'human', 'taxon_id': '9606', 'scientific_name': 'Homo sapiens', '@id': '/organisms/human/', 'uuid': '7745b647-ff15-4ff3-9ced-b897d4e2983c', 'status': 'released'}, 'genes': ['/genes/10499/'], '@type': ['Target', 'Item'], 'label': 'NCOA2', 'title': 'NCOA2 (Homo sapiens)', 'investigated_as': ['cofactor'], 'uuid': '80ec861e-4fbd-4fb9-b1df-05d600b59d44', 'schema_version': '14', 'name': 'NCOA2-human', '@id': '/targets/NCOA2-human/', 'status': 'released'}				NCOA2-human	DNA				formaldehyde		2022-08-31	ENCODE		see document, sonication (generic)		1, 2	1_1, 2_1							/files/ENCFF723HPB/, /files/ENCFF175JKT/, /files/ENCFF356LFX/, /files/ENCFF513VDE/	547285	ENCODE Processing Pipeline	45c98e5d35b371fd6f8914f5c7ba1e36		https://www.encodeproject.org/files/ENCFF974NTF/@@download/ENCFF974NTF.bed.gz				released	s3://encode-public/2022/08/29/66717fa7-dc65-436c-a754-5c1aa5e62268/ENCFF974NTF.bed.gz	https://datasetencode.blob.core.windows.net/dataset/2022/08/29/66717fa7-dc65-436c-a754-5c1aa5e62268/ENCFF974NTF.bed.gz?sv=2019-10-10&si=prod&sr=c&sig=9qSQZo4ggrCNpybBExU8SypuUZV33igI11xw0P7rB3c%3D	ENCODE4 v1.8.0 GRCh38	released	inconsistent platforms		
ENCFF931JDS	bed narrowPeak	bed	narrowPeak	IDR thresholded peaks	GRCh38	ENCSR474YDA	TF ChIP-seq	/human-donors/ENCDO000AAC/	EFO:0001187	HepG2	cell line	Homo sapiens				CRISPR	insertion	{'schema_version': '14', 'aliases': ['michael-snyder:TS-1537'], 'organism': {'schema_version': '6', '@type': ['Organism', 'Item'], 'name': 'human', 'taxon_id': '9606', 'scientific_name': 'Homo sapiens', '@id': '/organisms/human/', 'uuid': '7745b647-ff15-4ff3-9ced-b897d4e2983c', 'status': 'released'}, 'genes': ['/genes/8089/'], '@type': ['Target', 'Item'], 'name': 'YEATS4-human', 'label': 'YEATS4', '@id': '/targets/YEATS4-human/', 'title': 'YEATS4 (Homo sapiens)', 'investigated_as': ['chromatin remodeler'], 'uuid': '1639909d-fa04-49b3-a901-f11769976202', 'status': 'released'}				YEATS4-human	DNA				formaldehyde		2020-07-08	ENCODE		sonication (generic)		1, 2	1_1, 2_1							/files/ENCFF679HVF/, /files/ENCFF657NDS/, /files/ENCFF848CEL/, /files/ENCFF356LFX/	541178	ENCODE Processing Pipeline	989e8f65ee3a875274d17a4537de144f		https://www.encodeproject.org/files/ENCFF931JDS/@@download/ENCFF931JDS.bed.gz				released	s3://encode-public/2020/07/06/a43d92dc-6ac6-43e4-bea6-0f96414f8005/ENCFF931JDS.bed.gz	https://datasetencode.blob.core.windows.net/dataset/2020/07/06/a43d92dc-6ac6-43e4-bea6-0f96414f8005/ENCFF931JDS.bed.gz?sv=2019-10-10&si=prod&sr=c&sig=9qSQZo4ggrCNpybBExU8SypuUZV33igI11xw0P7rB3c%3D	ENCODE4 v1.4.0 GRCh38	released	borderline replicate concordance, missing genetic modification reagents		
ENCFF868DTR	bed narrowPeak	bed	narrowPeak	IDR thresholded peaks	GRCh38	ENCSR512ECF	TF ChIP-seq	/human-donors/ENCDO000AAC/	EFO:0001187	HepG2	cell line	Homo sapiens				CRISPR	insertion	{'schema_version': '14', 'aliases': ['michael-snyder:TS-1583'], 'organism': {'schema_version': '6', '@type': ['Organism', 'Item'], 'name': 'human', 'taxon_id': '9606', 'scientific_name': 'Homo sapiens', '@id': '/organisms/human/', 'uuid': '7745b647-ff15-4ff3-9ced-b897d4e2983c', 'status': 'released'}, 'genes': ['/genes/7701/'], '@type': ['Target', 'Item'], 'name': 'ZNF142-human', 'label': 'ZNF142', '@id': '/targets/ZNF142-human/', 'title': 'ZNF142 (Homo sapiens)', 'investigated_as': ['transcription factor'], 'uuid': 'efcf2ad1-1146-4e3d-876d-ea025f5011b0', 'status': 'released'}				ZNF142-human	DNA				formaldehyde		2020-07-08	ENCODE		sonication (generic)		1, 2	1_1, 2_1							/files/ENCFF973EPP/, /files/ENCFF356LFX/, /files/ENCFF657NDS/, /files/ENCFF456VEY/	271948	ENCODE Processing Pipeline	6c8c06c55525d60bbb65c8624ad72f08		https://www.encodeproject.org/files/ENCFF868DTR/@@download/ENCFF868DTR.bed.gz				released	s3://encode-public/2020/07/02/74433f76-5a4f-4ddf-bd0b-7fc0fe49614c/ENCFF868DTR.bed.gz	https://datasetencode.blob.core.windows.net/dataset/2020/07/02/74433f76-5a4f-4ddf-bd0b-7fc0fe49614c/ENCFF868DTR.bed.gz?sv=2019-10-10&si=prod&sr=c&sig=9qSQZo4ggrCNpybBExU8SypuUZV33igI11xw0P7rB3c%3D	ENCODE4 v1.4.0 GRCh38	released	missing genetic modification reagents		
ENCFF857BXY	bed narrowPeak	bed	narrowPeak	IDR thresholded peaks	GRCh38	ENCSR237OGW	TF ChIP-seq	/human-donors/ENCDO000AAC/	EFO:0001187	HepG2	cell line	Homo sapiens				CRISPR	insertion	{'schema_version': '14', 'aliases': [], 'organism': {'schema_version': '6', '@type': ['Organism', 'Item'], 'name': 'human', 'taxon_id': '9606', 'scientific_name': 'Homo sapiens', '@id': '/organisms/human/', 'uuid': '7745b647-ff15-4ff3-9ced-b897d4e2983c', 'status': 'released'}, 'genes': ['/genes/1389/'], '@type': ['Target', 'Item'], 'name': 'CREBL2-human', 'label': 'CREBL2', '@id': '/targets/CREBL2-human/', 'title': 'CREBL2 (Homo sapiens)', 'investigated_as': ['transcription factor'], 'uuid': 'bc7802d8-71a1-4c99-8a42-85fcdef235a4', 'status': 'released'}				CREBL2-human	DNA				formaldehyde		2023-01-06	ENCODE		sonication (generic)		1, 2	1_1, 2_1							/files/ENCFF016WME/, /files/ENCFF356LFX/, /files/ENCFF178QIK/, /files/ENCFF261WQC/	118051	ENCODE Processing Pipeline	a4ff11a3a2764050fc6ad834848125fe		https://www.encodeproject.org/files/ENCFF857BXY/@@download/ENCFF857BXY.bed.gz				released	s3://encode-public/2022/12/19/b6ea2ccb-3624-4383-88c4-6d08d79135bf/ENCFF857BXY.bed.gz	https://datasetencode.blob.core.windows.net/dataset/2022/12/19/b6ea2ccb-3624-4383-88c4-6d08d79135bf/ENCFF857BXY.bed.gz?sv=2019-10-10&si=prod&sr=c&sig=9qSQZo4ggrCNpybBExU8SypuUZV33igI11xw0P7rB3c%3D	ENCODE4 v1.8.1 GRCh38	released	mild to moderate bottlenecking, borderline replicate concordance, missing genetic modification reagents		
ENCFF425JPL	bed narrowPeak	bed	narrowPeak	IDR thresholded peaks	GRCh38	ENCSR124QQJ	TF ChIP-seq	/human-donors/ENCDO000AAC/	EFO:0001187	HepG2	cell line	Homo sapiens				CRISPR	insertion	{'schema_version': '14', 'aliases': ['michael-snyder:TS-889'], 'organism': {'schema_version': '6', '@type': ['Organism', 'Item'], 'name': 'human', 'taxon_id': '9606', 'scientific_name': 'Homo sapiens', '@id': '/organisms/human/', 'uuid': '7745b647-ff15-4ff3-9ced-b897d4e2983c', 'status': 'released'}, 'genes': ['/genes/117608/'], '@type': ['Target', 'Item'], 'name': 'ZNF354B-human', 'label': 'ZNF354B', '@id': '/targets/ZNF354B-human/', 'title': 'ZNF354B (Homo sapiens)', 'investigated_as': ['transcription factor'], 'uuid': '884a77b4-f554-49c3-9f34-d4fa90bdefd2', 'status': 'released'}				ZNF354B-human	DNA				formaldehyde		2022-08-15	ENCODE		sonication (generic)		1, 2	1_1, 2_1							/files/ENCFF482ZBC/, /files/ENCFF828KFL/, /files/ENCFF862MVM/, /files/ENCFF356LFX/	125595	ENCODE Processing Pipeline	cd51d7fe839865533d055bf190e1dec5		https://www.encodeproject.org/files/ENCFF425JPL/@@download/ENCFF425JPL.bed.gz				released	s3://encode-public/2022/07/23/ac30774f-4b82-48cb-9ea3-06771579df95/ENCFF425JPL.bed.gz	https://datasetencode.blob.core.windows.net/dataset/2022/07/23/ac30774f-4b82-48cb-9ea3-06771579df95/ENCFF425JPL.bed.gz?sv=2019-10-10&si=prod&sr=c&sig=9qSQZo4ggrCNpybBExU8SypuUZV33igI11xw0P7rB3c%3D	ENCODE4 v1.8.0 GRCh38	released	mild to moderate bottlenecking, missing genetic modification reagents		
ENCFF428ZPS	bed narrowPeak	bed	narrowPeak	IDR thresholded peaks	GRCh38	ENCSR532WFC	TF ChIP-seq	/human-donors/ENCDO000AAC/	EFO:0001187	HepG2	cell line	Homo sapiens				CRISPR	insertion	{'schema_version': '14', 'aliases': [], 'organism': {'schema_version': '6', '@type': ['Organism', 'Item'], 'name': 'human', 'taxon_id': '9606', 'scientific_name': 'Homo sapiens', '@id': '/organisms/human/', 'uuid': '7745b647-ff15-4ff3-9ced-b897d4e2983c', 'status': 'released'}, 'genes': ['/genes/7541/'], '@type': ['Target', 'Item'], 'name': 'ZBTB14-human', 'label': 'ZBTB14', '@id': '/targets/ZBTB14-human/', 'title': 'ZBTB14 (Homo sapiens)', 'investigated_as': ['transcription factor'], 'uuid': 'cabf5398-e354-48c0-a2ff-ec6201860e46', 'status': 'released'}				ZBTB14-human	DNA				formaldehyde		2020-07-08	ENCODE		sonication (generic)		1, 2	1_1, 2_1							/files/ENCFF761BAY/, /files/ENCFF499SCO/, /files/ENCFF356LFX/, /files/ENCFF657NDS/	181793	ENCODE Processing Pipeline	c3f4d96b57a133fa58dfdfe960529aea		https://www.encodeproject.org/files/ENCFF428ZPS/@@download/ENCFF428ZPS.bed.gz				released	s3://encode-public/2020/07/01/b9bfd794-d3c3-4461-b4d0-5660edf84c74/ENCFF428ZPS.bed.gz	https://datasetencode.blob.core.windows.net/dataset/2020/07/01/b9bfd794-d3c3-4461-b4d0-5660edf84c74/ENCFF428ZPS.bed.gz?sv=2019-10-10&si=prod&sr=c&sig=9qSQZo4ggrCNpybBExU8SypuUZV33igI11xw0P7rB3c%3D	ENCODE4 v1.4.0 GRCh38	released	missing genetic modification reagents		
ENCFF502SCY	bed narrowPeak	bed	narrowPeak	IDR thresholded peaks	GRCh38	ENCSR846FMR	TF ChIP-seq	/human-donors/ENCDO000AAC/	EFO:0001187	HepG2	cell line	Homo sapiens				CRISPR	insertion	{'dbxrefs': ['FactorBook:CC2D1A'], 'aliases': ['michael-snyder:TS-2019'], 'organism': {'schema_version': '6', '@type': ['Organism', 'Item'], 'name': 'human', 'taxon_id': '9606', 'scientific_name': 'Homo sapiens', '@id': '/organisms/human/', 'uuid': '7745b647-ff15-4ff3-9ced-b897d4e2983c', 'status': 'released'}, 'genes': ['/genes/54862/'], '@type': ['Target', 'Item'], 'label': 'CC2D1A', 'title': 'CC2D1A (Homo sapiens)', 'investigated_as': ['transcription factor'], 'uuid': 'f76bf8e2-3bf3-4d3e-a929-41941a96eab8', 'schema_version': '14', 'name': 'CC2D1A-human', '@id': '/targets/CC2D1A-human/', 'status': 'released'}				CC2D1A-human	DNA				formaldehyde		2023-01-19	ENCODE		sonication (generic)		1, 2	1_1, 2_1							/files/ENCFF014FYW/, /files/ENCFF356LFX/, /files/ENCFF157XJU/, /files/ENCFF236ETG/	86967	ENCODE Processing Pipeline	03fa84da4595237b50e3322c58a03eff		https://www.encodeproject.org/files/ENCFF502SCY/@@download/ENCFF502SCY.bed.gz				released	s3://encode-public/2023/01/10/f41e239b-bbea-415e-9a0d-f70df924e0e6/ENCFF502SCY.bed.gz	https://datasetencode.blob.core.windows.net/dataset/2023/01/10/f41e239b-bbea-415e-9a0d-f70df924e0e6/ENCFF502SCY.bed.gz?sv=2019-10-10&si=prod&sr=c&sig=9qSQZo4ggrCNpybBExU8SypuUZV33igI11xw0P7rB3c%3D	ENCODE4 v1.8.1 GRCh38	released	mild to moderate bottlenecking, missing genetic modification reagents		
ENCFF172LIW	bed narrowPeak	bed	narrowPeak	IDR thresholded peaks	GRCh38	ENCSR979KHU	TF ChIP-seq	/human-donors/ENCDO000AAC/	EFO:0001187	HepG2	cell line	Homo sapiens				CRISPR	insertion	{'schema_version': '14', 'aliases': [], 'organism': {'schema_version': '6', '@type': ['Organism', 'Item'], 'name': 'human', 'taxon_id': '9606', 'scientific_name': 'Homo sapiens', '@id': '/organisms/human/', 'uuid': '7745b647-ff15-4ff3-9ced-b897d4e2983c', 'status': 'released'}, 'genes': ['/genes/11016/', '/genes/8620/'], '@type': ['Target', 'Item'], 'name': 'ATF7-NPFF-human', 'label': 'ATF7-NPFF', '@id': '/targets/ATF7-NPFF-human/', 'title': 'ATF7-NPFF (Homo sapiens)', 'investigated_as': ['other context'], 'uuid': 'c781f66a-1649-44e1-ac3f-1cf9cb1773fb', 'status': 'released'}				ATF7-NPFF-human	DNA				formaldehyde		2023-01-06	ENCODE		sonication (generic)		1, 2	1_1, 2_1							/files/ENCFF270OVH/, /files/ENCFF157XJU/, /files/ENCFF356LFX/, /files/ENCFF105PTS/	322536	ENCODE Processing Pipeline	1b3e48a5671e1cdc2758a210e914e773		https://www.encodeproject.org/files/ENCFF172LIW/@@download/ENCFF172LIW.bed.gz				released	s3://encode-public/2022/12/19/45555dc3-a66a-48a8-859e-bc8b88c214aa/ENCFF172LIW.bed.gz	https://datasetencode.blob.core.windows.net/dataset/2022/12/19/45555dc3-a66a-48a8-859e-bc8b88c214aa/ENCFF172LIW.bed.gz?sv=2019-10-10&si=prod&sr=c&sig=9qSQZo4ggrCNpybBExU8SypuUZV33igI11xw0P7rB3c%3D	ENCODE4 v1.8.1 GRCh38	released	missing genetic modification reagents, low read depth, mild to moderate bottlenecking, moderate library complexity		
ENCFF440ODC	bed narrowPeak	bed	narrowPeak	IDR thresholded peaks	GRCh38	ENCSR395MHA	TF ChIP-seq	/human-donors/ENCDO000AAC/	EFO:0001187	HepG2	cell line	Homo sapiens				CRISPR	insertion	{'dbxrefs': ['FactorBook:BRD4'], 'aliases': [], 'organism': {'schema_version': '6', '@type': ['Organism', 'Item'], 'name': 'human', 'taxon_id': '9606', 'scientific_name': 'Homo sapiens', '@id': '/organisms/human/', 'uuid': '7745b647-ff15-4ff3-9ced-b897d4e2983c', 'status': 'released'}, 'genes': ['/genes/23476/'], '@type': ['Target', 'Item'], 'label': 'BRD4', 'title': 'BRD4 (Homo sapiens)', 'investigated_as': ['chromatin remodeler', 'cofactor'], 'uuid': '845d88b2-a793-47f8-82e6-685531d8fb8d', 'schema_version': '14', 'name': 'BRD4-human', '@id': '/targets/BRD4-human/', 'status': 'released'}				BRD4-human	DNA				formaldehyde		2020-07-08	ENCODE		sonication (generic)		1, 2	1_1, 2_1							/files/ENCFF356LFX/, /files/ENCFF034TQH/, /files/ENCFF043QAD/, /files/ENCFF657NDS/	275306	ENCODE Processing Pipeline	ff0ce9dbcaa9f8ceeea5f6ec7e63783f		https://www.encodeproject.org/files/ENCFF440ODC/@@download/ENCFF440ODC.bed.gz				released	s3://encode-public/2020/07/04/af616286-2ed0-4cc8-bfb5-744b60a0922a/ENCFF440ODC.bed.gz	https://datasetencode.blob.core.windows.net/dataset/2020/07/04/af616286-2ed0-4cc8-bfb5-744b60a0922a/ENCFF440ODC.bed.gz?sv=2019-10-10&si=prod&sr=c&sig=9qSQZo4ggrCNpybBExU8SypuUZV33igI11xw0P7rB3c%3D	ENCODE4 v1.4.0 GRCh38	released	missing genetic modification reagents		
ENCFF154DSR	bed narrowPeak	bed	narrowPeak	IDR thresholded peaks	GRCh38	ENCSR216GKQ	TF ChIP-seq	/human-donors/ENCDO000AAC/	EFO:0001187	HepG2	cell line	Homo sapiens				CRISPR	insertion	{'schema_version': '14', 'aliases': ['michael-snyder:TS-1081'], 'organism': {'schema_version': '6', '@type': ['Organism', 'Item'], 'name': 'human', 'taxon_id': '9606', 'scientific_name': 'Homo sapiens', '@id': '/organisms/human/', 'uuid': '7745b647-ff15-4ff3-9ced-b897d4e2983c', 'status': 'released'}, 'genes': ['/genes/79149/'], '@type': ['Target', 'Item'], 'name': 'ZSCAN5A-human', 'label': 'ZSCAN5A', '@id': '/targets/ZSCAN5A-human/', 'title': 'ZSCAN5A (Homo sapiens)', 'investigated_as': ['transcription factor'], 'uuid': '6493fa28-189b-4037-88d3-b6427d4d6ac1', 'status': 'released'}				ZSCAN5A-human	DNA				formaldehyde		2022-08-15	ENCODE		sonication (generic)		1, 2	1_1, 2_1							/files/ENCFF828KFL/, /files/ENCFF944JDD/, /files/ENCFF236RSN/, /files/ENCFF356LFX/	244479	ENCODE Processing Pipeline	859156034eb3cf00cbab716fed01112b		https://www.encodeproject.org/files/ENCFF154DSR/@@download/ENCFF154DSR.bed.gz				released	s3://encode-public/2022/07/23/26ee4786-6752-4a3b-8d51-a1a7a20c59a5/ENCFF154DSR.bed.gz	https://datasetencode.blob.core.windows.net/dataset/2022/07/23/26ee4786-6752-4a3b-8d51-a1a7a20c59a5/ENCFF154DSR.bed.gz?sv=2019-10-10&si=prod&sr=c&sig=9qSQZo4ggrCNpybBExU8SypuUZV33igI11xw0P7rB3c%3D	ENCODE4 v1.8.0 GRCh38	released	missing genetic modification reagents, mild to moderate bottlenecking, borderline replicate concordance		
ENCFF786UOS	bed narrowPeak	bed	narrowPeak	IDR thresholded peaks	GRCh38	ENCSR494HMS	TF ChIP-seq	/human-donors/ENCDO000AAC/	EFO:0001187	HepG2	cell line	Homo sapiens				CRISPR	insertion	{'schema_version': '14', 'aliases': [], 'organism': {'schema_version': '6', '@type': ['Organism', 'Item'], 'name': 'human', 'taxon_id': '9606', 'scientific_name': 'Homo sapiens', '@id': '/organisms/human/', 'uuid': '7745b647-ff15-4ff3-9ced-b897d4e2983c', 'status': 'released'}, 'genes': ['/genes/26993/'], '@type': ['Target', 'Item'], 'name': 'AKAP8L-human', 'label': 'AKAP8L', '@id': '/targets/AKAP8L-human/', 'title': 'AKAP8L (Homo sapiens)', 'investigated_as': ['chromatin remodeler'], 'uuid': 'a58d92fe-c3a6-47cf-a03a-703fa44efb49', 'status': 'released'}				AKAP8L-human	DNA				formaldehyde		2023-01-06	ENCODE		sonication (generic)		1, 2	1_1, 2_1							/files/ENCFF771CQB/, /files/ENCFF449JAV/, /files/ENCFF356LFX/, /files/ENCFF440JDA/	102058	ENCODE Processing Pipeline	3b539e2960024967ad179dc34adcbdeb		https://www.encodeproject.org/files/ENCFF786UOS/@@download/ENCFF786UOS.bed.gz				released	s3://encode-public/2022/12/19/4812b105-b8ef-4e82-8583-c0c98fd8a5f8/ENCFF786UOS.bed.gz	https://datasetencode.blob.core.windows.net/dataset/2022/12/19/4812b105-b8ef-4e82-8583-c0c98fd8a5f8/ENCFF786UOS.bed.gz?sv=2019-10-10&si=prod&sr=c&sig=9qSQZo4ggrCNpybBExU8SypuUZV33igI11xw0P7rB3c%3D	ENCODE4 v1.8.1 GRCh38	released	mild to moderate bottlenecking, missing genetic modification reagents		
ENCFF137QEJ	bed narrowPeak	bed	narrowPeak	IDR thresholded peaks	GRCh38	ENCSR210DDA	TF ChIP-seq	/human-donors/ENCDO000AAC/	EFO:0001187	HepG2	cell line	Homo sapiens				CRISPR	insertion	{'schema_version': '14', 'aliases': [], 'organism': {'schema_version': '6', '@type': ['Organism', 'Item'], 'name': 'human', 'taxon_id': '9606', 'scientific_name': 'Homo sapiens', '@id': '/organisms/human/', 'uuid': '7745b647-ff15-4ff3-9ced-b897d4e2983c', 'status': 'released'}, 'genes': ['/genes/7589/'], '@type': ['Target', 'Item'], 'name': 'ZSCAN21-human', 'label': 'ZSCAN21', '@id': '/targets/ZSCAN21-human/', 'title': 'ZSCAN21 (Homo sapiens)', 'investigated_as': ['transcription factor'], 'uuid': 'c6454617-e163-45c5-94e7-be095376477b', 'status': 'released'}				ZSCAN21-human	DNA				formaldehyde		2022-08-23	ENCODE		sonication (generic)		1, 2	1_1, 2_1							/files/ENCFF962QIT/, /files/ENCFF771CQB/, /files/ENCFF356LFX/, /files/ENCFF764PJF/	361813	ENCODE Processing Pipeline	22fb729ca771709f2ed2d68c4907d236		https://www.encodeproject.org/files/ENCFF137QEJ/@@download/ENCFF137QEJ.bed.gz				released	s3://encode-public/2022/08/19/bd11bb0a-5fbc-47d7-95d3-937fbccfcfd5/ENCFF137QEJ.bed.gz	https://datasetencode.blob.core.windows.net/dataset/2022/08/19/bd11bb0a-5fbc-47d7-95d3-937fbccfcfd5/ENCFF137QEJ.bed.gz?sv=2019-10-10&si=prod&sr=c&sig=9qSQZo4ggrCNpybBExU8SypuUZV33igI11xw0P7rB3c%3D	ENCODE4 v1.8.0 GRCh38	released	mild to moderate bottlenecking, borderline replicate concordance, missing genetic modification reagents, moderate library complexity		
ENCFF583ZWV	bed narrowPeak	bed	narrowPeak	IDR thresholded peaks	GRCh38	ENCSR938SDM	TF ChIP-seq	/human-donors/ENCDO000AAC/	EFO:0001187	HepG2	cell line	Homo sapiens				CRISPR	insertion	{'schema_version': '14', 'aliases': ['michael-snyder:TS-1365'], 'organism': {'schema_version': '6', '@type': ['Organism', 'Item'], 'name': 'human', 'taxon_id': '9606', 'scientific_name': 'Homo sapiens', '@id': '/organisms/human/', 'uuid': '7745b647-ff15-4ff3-9ced-b897d4e2983c', 'status': 'released'}, 'genes': ['/genes/23091/'], '@type': ['Target', 'Item'], 'name': 'ZC3H13-human', 'label': 'ZC3H13', '@id': '/targets/ZC3H13-human/', 'title': 'ZC3H13 (Homo sapiens)', 'investigated_as': ['RNA binding protein'], 'uuid': 'dd98e846-fb3e-4871-a3df-106c03e313b5', 'status': 'released'}				ZC3H13-human	DNA				formaldehyde		2023-01-06	ENCODE		sonication (generic)		1, 2	1_1, 2_1							/files/ENCFF356LFX/, /files/ENCFF081VAC/, /files/ENCFF451AYV/, /files/ENCFF739OZT/	325239	ENCODE Processing Pipeline	bacada1192fafa97ec0519674df454c6		https://www.encodeproject.org/files/ENCFF583ZWV/@@download/ENCFF583ZWV.bed.gz				released	s3://encode-public/2022/12/19/43d976de-2445-4701-a949-3eb96b881311/ENCFF583ZWV.bed.gz	https://datasetencode.blob.core.windows.net/dataset/2022/12/19/43d976de-2445-4701-a949-3eb96b881311/ENCFF583ZWV.bed.gz?sv=2019-10-10&si=prod&sr=c&sig=9qSQZo4ggrCNpybBExU8SypuUZV33igI11xw0P7rB3c%3D	ENCODE4 v1.8.1 GRCh38	released	mild to moderate bottlenecking, missing genetic modification reagents, moderate library complexity		
ENCFF119PKI	bed narrowPeak	bed	narrowPeak	IDR thresholded peaks	GRCh38	ENCSR000DUG	TF ChIP-seq	/human-donors/ENCDO000AAC/	EFO:0001187	HepG2	cell line	Homo sapiens										CTCF-human	DNA						2011-03-17	ENCODE		see document		1, 2	1_1, 2_1							/files/ENCFF536KSL/, /files/ENCFF691ZUP/, /files/ENCFF762KMR/, /files/ENCFF356LFX/	811101	ENCODE Processing Pipeline	56ab5dab3bc7063c2f989196ac2f2797		https://www.encodeproject.org/files/ENCFF119PKI/@@download/ENCFF119PKI.bed.gz				released	s3://encode-public/2020/09/25/3599350f-356f-4a21-9b88-6c5663e05142/ENCFF119PKI.bed.gz	https://datasetencode.blob.core.windows.net/dataset/2020/09/25/3599350f-356f-4a21-9b88-6c5663e05142/ENCFF119PKI.bed.gz?sv=2019-10-10&si=prod&sr=c&sig=9qSQZo4ggrCNpybBExU8SypuUZV33igI11xw0P7rB3c%3D	ENCODE4 v1.5.1 GRCh38	released	low read length, mild to moderate bottlenecking, inconsistent platforms, low read depth, moderate library complexity	insufficient read depth	
ENCFF659PQJ	bed narrowPeak	bed	narrowPeak	IDR thresholded peaks	GRCh38	ENCSR046DIG	TF ChIP-seq	/human-donors/ENCDO000AAC/	EFO:0001187	HepG2	cell line	Homo sapiens				CRISPR	insertion	{'schema_version': '14', 'aliases': ['michael-snyder:TS-1943'], 'organism': {'schema_version': '6', '@type': ['Organism', 'Item'], 'name': 'human', 'taxon_id': '9606', 'scientific_name': 'Homo sapiens', '@id': '/organisms/human/', 'uuid': '7745b647-ff15-4ff3-9ced-b897d4e2983c', 'status': 'released'}, 'genes': ['/genes/1649/'], '@type': ['Target', 'Item'], 'name': 'DDIT3-human', 'label': 'DDIT3', '@id': '/targets/DDIT3-human/', 'title': 'DDIT3 (Homo sapiens)', 'investigated_as': ['transcription factor'], 'uuid': 'e22cb03a-8732-4d58-92ba-b7df243db17f', 'status': 'released'}				DDIT3-human	DNA				formaldehyde		2020-07-09	ENCODE		sonication (generic)		1, 2	1_1, 2_1							/files/ENCFF723HPB/, /files/ENCFF098EPQ/, /files/ENCFF356LFX/, /files/ENCFF890UOK/	34720	ENCODE Processing Pipeline	56e011722deef5537c576802103f8b3a		https://www.encodeproject.org/files/ENCFF659PQJ/@@download/ENCFF659PQJ.bed.gz				released	s3://encode-public/2020/07/02/e5f4cae7-f876-48a1-abef-07714908362b/ENCFF659PQJ.bed.gz	https://datasetencode.blob.core.windows.net/dataset/2020/07/02/e5f4cae7-f876-48a1-abef-07714908362b/ENCFF659PQJ.bed.gz?sv=2019-10-10&si=prod&sr=c&sig=9qSQZo4ggrCNpybBExU8SypuUZV33igI11xw0P7rB3c%3D	ENCODE4 v1.4.0 GRCh38	released	mild to moderate bottlenecking, missing genetic modification reagents		
ENCFF503UTF	bed narrowPeak	bed	narrowPeak	IDR thresholded peaks	GRCh38	ENCSR977FRK	TF ChIP-seq	/human-donors/ENCDO000AAC/	EFO:0001187	HepG2	cell line	Homo sapiens				CRISPR	insertion	{'schema_version': '14', 'aliases': ['michael-snyder:TS-809'], 'organism': {'schema_version': '6', '@type': ['Organism', 'Item'], 'name': 'human', 'taxon_id': '9606', 'scientific_name': 'Homo sapiens', '@id': '/organisms/human/', 'uuid': '7745b647-ff15-4ff3-9ced-b897d4e2983c', 'status': 'released'}, 'genes': ['/genes/147837/'], '@type': ['Target', 'Item'], 'name': 'ZNF563-human', 'label': 'ZNF563', '@id': '/targets/ZNF563-human/', 'title': 'ZNF563 (Homo sapiens)', 'investigated_as': ['transcription factor'], 'uuid': '7bc45b87-8577-4fdc-bdb8-7480490f91fc', 'status': 'released'}				ZNF563-human	DNA				formaldehyde		2022-08-15	ENCODE		sonication (generic)		1, 2	1_1, 2_1							/files/ENCFF954YHR/, /files/ENCFF372LHY/, /files/ENCFF356LFX/, /files/ENCFF352XRV/	358683	ENCODE Processing Pipeline	07c46800387f6088303c5e7fecae8d4b		https://www.encodeproject.org/files/ENCFF503UTF/@@download/ENCFF503UTF.bed.gz				released	s3://encode-public/2022/07/23/3f300b0d-ed26-4c12-a476-04d5aae34cac/ENCFF503UTF.bed.gz	https://datasetencode.blob.core.windows.net/dataset/2022/07/23/3f300b0d-ed26-4c12-a476-04d5aae34cac/ENCFF503UTF.bed.gz?sv=2019-10-10&si=prod&sr=c&sig=9qSQZo4ggrCNpybBExU8SypuUZV33igI11xw0P7rB3c%3D	ENCODE4 v1.8.0 GRCh38	released	mild to moderate bottlenecking, missing genetic modification reagents, moderate library complexity		
ENCFF308CTG	bed narrowPeak	bed	narrowPeak	IDR thresholded peaks	GRCh38	ENCSR101FJU	TF ChIP-seq	/human-donors/ENCDO000AAC/	EFO:0001187	HepG2	cell line	Homo sapiens										ZNF384-human	DNA						2014-07-07	ENCODE		see document	150-350	1, 2	1_1, 2_1							/files/ENCFF548TWG/, /files/ENCFF793CHH/, /files/ENCFF356LFX/, /files/ENCFF958XVX/, /files/ENCFF129IXQ/	309007	ENCODE Processing Pipeline	5d9286328cfe5c46b4aed36d7889963c		https://www.encodeproject.org/files/ENCFF308CTG/@@download/ENCFF308CTG.bed.gz				released	s3://encode-public/2020/12/04/bac02b4f-924b-4b83-b96b-bab40059582e/ENCFF308CTG.bed.gz	https://datasetencode.blob.core.windows.net/dataset/2020/12/04/bac02b4f-924b-4b83-b96b-bab40059582e/ENCFF308CTG.bed.gz?sv=2019-10-10&si=prod&sr=c&sig=9qSQZo4ggrCNpybBExU8SypuUZV33igI11xw0P7rB3c%3D	ENCODE4 v1.6.1 GRCh38	released	low read length		
ENCFF086ZTC	bed narrowPeak	bed	narrowPeak	IDR thresholded peaks	GRCh38	ENCSR000EDN	TF ChIP-seq	/human-donors/ENCDO000AAC/	EFO:0001187	HepG2	cell line	Homo sapiens										MAZ-human	DNA						2012-05-14	ENCODE		see document		1, 2	1_1, 2_1							/files/ENCFF772ZHK/, /files/ENCFF196QUX/, /files/ENCFF856OTT/, /files/ENCFF356LFX/	279823	ENCODE Processing Pipeline	7e2c16f589c17c286cdcee8974720963		https://www.encodeproject.org/files/ENCFF086ZTC/@@download/ENCFF086ZTC.bed.gz				released	s3://encode-public/2020/12/11/7fdacd0b-aaf9-4c61-814b-3f4d1f9a0679/ENCFF086ZTC.bed.gz	https://datasetencode.blob.core.windows.net/dataset/2020/12/11/7fdacd0b-aaf9-4c61-814b-3f4d1f9a0679/ENCFF086ZTC.bed.gz?sv=2019-10-10&si=prod&sr=c&sig=9qSQZo4ggrCNpybBExU8SypuUZV33igI11xw0P7rB3c%3D	ENCODE4 v1.6.1 GRCh38	released	low read length, mild to moderate bottlenecking, borderline replicate concordance, improper control_type of control experiment, low read depth, moderate library complexity		
ENCFF776STO	bed narrowPeak	bed	narrowPeak	IDR thresholded peaks	GRCh38	ENCSR590BHJ	TF ChIP-seq	/human-donors/ENCDO000AAC/	EFO:0001187	HepG2	cell line	Homo sapiens				CRISPR	insertion	{'schema_version': '14', 'aliases': [], 'organism': {'schema_version': '6', '@type': ['Organism', 'Item'], 'name': 'human', 'taxon_id': '9606', 'scientific_name': 'Homo sapiens', '@id': '/organisms/human/', 'uuid': '7745b647-ff15-4ff3-9ced-b897d4e2983c', 'status': 'released'}, 'genes': ['/genes/10838/'], '@type': ['Target', 'Item'], 'name': 'ZNF275-human', 'label': 'ZNF275', '@id': '/targets/ZNF275-human/', 'title': 'ZNF275 (Homo sapiens)', 'investigated_as': ['transcription factor'], 'uuid': '949a00d2-42c7-47da-a6ff-e7c40aa32088', 'status': 'released'}				ZNF275-human	DNA				formaldehyde		2022-08-31	ENCODE		sonication (generic)		1, 2	1_1, 2_1							/files/ENCFF356LFX/, /files/ENCFF884EMT/, /files/ENCFF399LFU/, /files/ENCFF657NDS/, /files/ENCFF675EDW/	223013	ENCODE Processing Pipeline	ab8d17a3a78f6454d807ebacb602661a		https://www.encodeproject.org/files/ENCFF776STO/@@download/ENCFF776STO.bed.gz				released	s3://encode-public/2022/08/27/13fa2aa7-4a11-4e38-978a-e1fbe88a5b5c/ENCFF776STO.bed.gz	https://datasetencode.blob.core.windows.net/dataset/2022/08/27/13fa2aa7-4a11-4e38-978a-e1fbe88a5b5c/ENCFF776STO.bed.gz?sv=2019-10-10&si=prod&sr=c&sig=9qSQZo4ggrCNpybBExU8SypuUZV33igI11xw0P7rB3c%3D	ENCODE4 v1.8.0 GRCh38	released	mild to moderate bottlenecking, borderline replicate concordance, missing genetic modification reagents, inconsistent platforms		
ENCFF519NHL	bed narrowPeak	bed	narrowPeak	IDR thresholded peaks	GRCh38	ENCSR377GZS	TF ChIP-seq	/human-donors/ENCDO000AAC/	EFO:0001187	HepG2	cell line	Homo sapiens				CRISPR	insertion	{'schema_version': '14', 'aliases': ['michael-snyder:TS-832'], 'organism': {'schema_version': '6', '@type': ['Organism', 'Item'], 'name': 'human', 'taxon_id': '9606', 'scientific_name': 'Homo sapiens', '@id': '/organisms/human/', 'uuid': '7745b647-ff15-4ff3-9ced-b897d4e2983c', 'status': 'released'}, 'genes': ['/genes/146198/'], '@type': ['Target', 'Item'], 'name': 'ZFP90-human', 'label': 'ZFP90', '@id': '/targets/ZFP90-human/', 'title': 'ZFP90 (Homo sapiens)', 'investigated_as': ['transcription factor'], 'uuid': 'c841602b-44e1-47b9-8359-f1bb039f1c56', 'status': 'released'}				ZFP90-human	DNA				formaldehyde		2022-08-15	ENCODE		sonication (generic)		1, 2	1_1, 2_1							/files/ENCFF235GTV/, /files/ENCFF273CAF/, /files/ENCFF356LFX/, /files/ENCFF657NDS/	332902	ENCODE Processing Pipeline	4130d2be91ec32f6bb07db40470babd2		https://www.encodeproject.org/files/ENCFF519NHL/@@download/ENCFF519NHL.bed.gz				released	s3://encode-public/2022/07/23/b4f9053e-9d46-4086-84a5-77d49d0e4a04/ENCFF519NHL.bed.gz	https://datasetencode.blob.core.windows.net/dataset/2022/07/23/b4f9053e-9d46-4086-84a5-77d49d0e4a04/ENCFF519NHL.bed.gz?sv=2019-10-10&si=prod&sr=c&sig=9qSQZo4ggrCNpybBExU8SypuUZV33igI11xw0P7rB3c%3D	ENCODE4 v1.8.0 GRCh38	released	mild to moderate bottlenecking, inconsistent platforms, missing genetic modification reagents, borderline replicate concordance		
ENCFF644EPI	bed narrowPeak	bed	narrowPeak	IDR thresholded peaks	GRCh38	ENCSR692GFR	TF ChIP-seq	/human-donors/ENCDO000AAC/	EFO:0001187	HepG2	cell line	Homo sapiens				CRISPR	insertion	{'schema_version': '14', 'aliases': ['michael-snyder:TS-2127'], 'organism': {'schema_version': '6', '@type': ['Organism', 'Item'], 'name': 'human', 'taxon_id': '9606', 'scientific_name': 'Homo sapiens', '@id': '/organisms/human/', 'uuid': '7745b647-ff15-4ff3-9ced-b897d4e2983c', 'status': 'released'}, 'genes': ['/genes/4297/'], '@type': ['Target', 'Item'], 'name': 'KMT2A-human', 'label': 'KMT2A', '@id': '/targets/KMT2A-human/', 'title': 'KMT2A (Homo sapiens)', 'investigated_as': ['chromatin remodeler'], 'uuid': '8e1d76aa-d672-460c-a1fe-14dc2a9b8706', 'status': 'released'}				KMT2A-human	DNA				formaldehyde		2020-07-09	ENCODE		sonication (generic)		1, 2	1_1, 2_1							/files/ENCFF955JLF/, /files/ENCFF356LFX/, /files/ENCFF606FFB/, /files/ENCFF723HPB/	405961	ENCODE Processing Pipeline	380da499ac50b46a86998a73e3f2ee37		https://www.encodeproject.org/files/ENCFF644EPI/@@download/ENCFF644EPI.bed.gz				released	s3://encode-public/2020/07/06/23b5d1b2-eae2-4341-825d-01825babbfbd/ENCFF644EPI.bed.gz	https://datasetencode.blob.core.windows.net/dataset/2020/07/06/23b5d1b2-eae2-4341-825d-01825babbfbd/ENCFF644EPI.bed.gz?sv=2019-10-10&si=prod&sr=c&sig=9qSQZo4ggrCNpybBExU8SypuUZV33igI11xw0P7rB3c%3D	ENCODE4 v1.4.0 GRCh38	released	missing genetic modification reagents		
ENCFF039JSN	bed narrowPeak	bed	narrowPeak	IDR thresholded peaks	GRCh38	ENCSR722IIB	TF ChIP-seq	/human-donors/ENCDO000AAC/	EFO:0001187	HepG2	cell line	Homo sapiens				CRISPR	insertion	{'schema_version': '14', 'aliases': [], 'organism': {'schema_version': '6', '@type': ['Organism', 'Item'], 'name': 'human', 'taxon_id': '9606', 'scientific_name': 'Homo sapiens', '@id': '/organisms/human/', 'uuid': '7745b647-ff15-4ff3-9ced-b897d4e2983c', 'status': 'released'}, 'genes': ['/genes/29087/'], '@type': ['Target', 'Item'], 'name': 'THYN1-human', 'label': 'THYN1', '@id': '/targets/THYN1-human/', 'title': 'THYN1 (Homo sapiens)', 'investigated_as': ['other context'], 'uuid': '944951f8-33ca-4b25-8349-ef531838b0ff', 'status': 'released'}				THYN1-human	DNA				formaldehyde		2023-01-06	ENCODE		sonication (generic)		1, 2	1_1, 2_1							/files/ENCFF248FNQ/, /files/ENCFF356LFX/, /files/ENCFF949HJF/, /files/ENCFF828KFL/	68231	ENCODE Processing Pipeline	f7abea7d517e28de2e5082f63062bd62		https://www.encodeproject.org/files/ENCFF039JSN/@@download/ENCFF039JSN.bed.gz				released	s3://encode-public/2022/12/19/767dcb34-e944-4c3f-99b6-6c0f44836a68/ENCFF039JSN.bed.gz	https://datasetencode.blob.core.windows.net/dataset/2022/12/19/767dcb34-e944-4c3f-99b6-6c0f44836a68/ENCFF039JSN.bed.gz?sv=2019-10-10&si=prod&sr=c&sig=9qSQZo4ggrCNpybBExU8SypuUZV33igI11xw0P7rB3c%3D	ENCODE4 v1.8.1 GRCh38	released	mild to moderate bottlenecking, missing genetic modification reagents, borderline replicate concordance, low read depth, moderate library complexity		
ENCFF624UXU	bed narrowPeak	bed	narrowPeak	IDR thresholded peaks	GRCh38	ENCSR978DQT	TF ChIP-seq	/human-donors/ENCDO000AAC/	EFO:0001187	HepG2	cell line	Homo sapiens				CRISPR	insertion	{'dbxrefs': ['FactorBook:ZHX1'], 'aliases': ['michael-snyder:TS-413'], 'organism': {'schema_version': '6', '@type': ['Organism', 'Item'], 'name': 'human', 'taxon_id': '9606', 'scientific_name': 'Homo sapiens', '@id': '/organisms/human/', 'uuid': '7745b647-ff15-4ff3-9ced-b897d4e2983c', 'status': 'released'}, 'genes': ['/genes/11244/'], '@type': ['Target', 'Item'], 'label': 'ZHX1', 'title': 'ZHX1 (Homo sapiens)', 'investigated_as': ['cofactor', 'transcription factor'], 'uuid': 'faf7ee07-a286-420c-8d82-a580c5f0bba3', 'schema_version': '14', 'name': 'ZHX1-human', '@id': '/targets/ZHX1-human/', 'status': 'released'}				ZHX1-human	DNA				formaldehyde		2022-09-30	ENCODE		sonication (generic)		1, 2	1_1, 2_1							/files/ENCFF862TDM/, /files/ENCFF771CQB/, /files/ENCFF343WGN/, /files/ENCFF356LFX/	249588	ENCODE Processing Pipeline	ac4080886c494690ef9dbed66b7201b6		https://www.encodeproject.org/files/ENCFF624UXU/@@download/ENCFF624UXU.bed.gz				released	s3://encode-public/2022/09/03/2996043d-806b-47d3-8517-29c36bf17ebe/ENCFF624UXU.bed.gz	https://datasetencode.blob.core.windows.net/dataset/2022/09/03/2996043d-806b-47d3-8517-29c36bf17ebe/ENCFF624UXU.bed.gz?sv=2019-10-10&si=prod&sr=c&sig=9qSQZo4ggrCNpybBExU8SypuUZV33igI11xw0P7rB3c%3D	ENCODE4 v1.8.1 GRCh38	released	low read depth, missing genetic modification reagents, mild to moderate bottlenecking		
ENCFF142CUN	bed narrowPeak	bed	narrowPeak	IDR thresholded peaks	GRCh38	ENCSR828TVO	TF ChIP-seq	/human-donors/ENCDO000AAC/	EFO:0001187	HepG2	cell line	Homo sapiens				CRISPR	insertion	{'schema_version': '14', 'aliases': ['michael-snyder:TS-974'], 'organism': {'schema_version': '6', '@type': ['Organism', 'Item'], 'name': 'human', 'taxon_id': '9606', 'scientific_name': 'Homo sapiens', '@id': '/organisms/human/', 'uuid': '7745b647-ff15-4ff3-9ced-b897d4e2983c', 'status': 'released'}, 'genes': ['/genes/84838/'], '@type': ['Target', 'Item'], 'name': 'ZNF496-human', 'label': 'ZNF496', '@id': '/targets/ZNF496-human/', 'title': 'ZNF496 (Homo sapiens)', 'investigated_as': ['transcription factor'], 'uuid': '8158ed83-0b02-47be-888d-b6593e26a0c3', 'status': 'released'}				ZNF496-human	DNA				formaldehyde		2023-01-19	ENCODE		sonication (generic)		1, 2	1_1, 2_1							/files/ENCFF296RYN/, /files/ENCFF356LFX/, /files/ENCFF083JOY/, /files/ENCFF739OZT/	3810	ENCODE Processing Pipeline	75170acd7f0d2ea5516f4b3cf5bbc0b5		https://www.encodeproject.org/files/ENCFF142CUN/@@download/ENCFF142CUN.bed.gz				released	s3://encode-public/2023/01/10/cf41da3a-6dee-4805-b482-1d250f33afe5/ENCFF142CUN.bed.gz	https://datasetencode.blob.core.windows.net/dataset/2023/01/10/cf41da3a-6dee-4805-b482-1d250f33afe5/ENCFF142CUN.bed.gz?sv=2019-10-10&si=prod&sr=c&sig=9qSQZo4ggrCNpybBExU8SypuUZV33igI11xw0P7rB3c%3D	ENCODE4 v1.8.1 GRCh38	released	mild to moderate bottlenecking, missing genetic modification reagents, moderate library complexity	insufficient replicate concordance	
ENCFF507WOQ	bed narrowPeak	bed	narrowPeak	IDR thresholded peaks	GRCh38	ENCSR998LUY	TF ChIP-seq	/human-donors/ENCDO000AAC/	EFO:0001187	HepG2	cell line	Homo sapiens				CRISPR	insertion	{'schema_version': '14', 'aliases': ['michael-snyder:TS-2090'], 'organism': {'schema_version': '6', '@type': ['Organism', 'Item'], 'name': 'human', 'taxon_id': '9606', 'scientific_name': 'Homo sapiens', '@id': '/organisms/human/', 'uuid': '7745b647-ff15-4ff3-9ced-b897d4e2983c', 'status': 'released'}, 'genes': ['/genes/23435/'], '@type': ['Target', 'Item'], 'name': 'TARDBP-human', 'label': 'TARDBP', '@id': '/targets/TARDBP-human/', 'title': 'TARDBP (Homo sapiens)', 'investigated_as': ['RNA binding protein'], 'uuid': 'fec7de65-f165-4340-9e2a-56a21ba1bd10', 'status': 'released'}				TARDBP-human	DNA				formaldehyde		2022-08-31	ENCODE		sonication (generic)		1, 2	1_1, 2_1							/files/ENCFF828KFL/, /files/ENCFF138RFW/, /files/ENCFF356LFX/, /files/ENCFF952TTS/	549071	ENCODE Processing Pipeline	64de02777aaadd4e6f0cf06e32f7c75a		https://www.encodeproject.org/files/ENCFF507WOQ/@@download/ENCFF507WOQ.bed.gz				released	s3://encode-public/2022/08/27/e22e7428-fbf2-4eec-a7dc-bda2708e31c0/ENCFF507WOQ.bed.gz	https://datasetencode.blob.core.windows.net/dataset/2022/08/27/e22e7428-fbf2-4eec-a7dc-bda2708e31c0/ENCFF507WOQ.bed.gz?sv=2019-10-10&si=prod&sr=c&sig=9qSQZo4ggrCNpybBExU8SypuUZV33igI11xw0P7rB3c%3D	ENCODE4 v1.8.0 GRCh38	released	mild to moderate bottlenecking, missing genetic modification reagents		
ENCFF155NXO	bed narrowPeak	bed	narrowPeak	IDR thresholded peaks	GRCh38	ENCSR523RGJ	TF ChIP-seq	/human-donors/ENCDO000AAC/	EFO:0001187	HepG2	cell line	Homo sapiens				CRISPR	insertion	{'schema_ver