	LRRFIP1	CERS6	SRSF4	PLSCR1	ZNF577	ZNF720	CSRNP2	ZNF484	ZFP62	ZNF17	ATAD3A	ZBTB1	TERF1	REXO4	PREB	DDIT3	PRPF4	JDP2	ZFP36	RORA	NFE2	SMARCC2	H4K20me1	H3K36me3	H3K27me3	PAF1	ZNF260	ZNF530	NFRKB	ZNF660	ZNF75D	HSF1	MAFG	ZNF597	ZNF562	HOXA7	GPBP1L1	BCLAF1	SYNCRIP	PHB2	PLRG1	YBX1	SCMH1	SRSF9	IKZF1	SNRNP70	ZNF496	HMGA1	TRIM22	ZNF382	ARNT	CENPX	ZNF282	PPARGC1A	NBN	H3K9me3	SREBF2	GRHL1	ZUFSP	ZNF207	EZH2	ATM	MATR3	MBNL3	MTA3	MLLT10	HDAC6	CEBPZ	ZNF10	ZMAT5	PCBP2	ATRX	IRF3	NFIB	SETDB1	ZNF326	ZBTB24	NCOA5	NPAS2	ZNF432	GLMP	NR3C1	SMARCE1	KAT2B	ZNF296	ZNF850	CCAR2	CBX2	FOXO4	HSF2	RBAK	PBX3	RARG	XBP1	ZNF550	KIAA2018	NR1H2	ZNF569	ZNF20	ZBTB49	SREBF1	SP110	ZFYVE20	U2AF2	FUBP1	MTF1	ZNF468	PAWR	IRF1	ZNF101	ZNF30	MZF1	ZNF778	DMTF1	PIN1	ZNF490	ZKSCAN5	CC2D1A	HNRNPUL1	ZNF367	KLF13	SMAD9	ZBTB46	ZNF576	ZBED5	ZBTB8A	ISX	ZNF146	ZKSCAN1	MBD4	NFE2L2	TRIM24	RAD51	GPN1	ZFP14	CENPBD1	ZNF549	FOXM1	ZNF180	ZNF251	ZNF672	SUZ12	ZNF512	ZNF841	ADNP	ZNF7	THYN1	AKNA	ZFP36L2	POLR2AphosphoS2	ZFAT	NFE2L1	ZC3H4	RFX1	ZNF737	ELK4	ZNF570	FLYWCH1	TEAD2	AKAP8L	PRDM4	HNRNPH1	ZNF513	HHEX	MAFF	MAFK	MYRF	ZNF780A	HOXA9	ATF6	CREBL2	TIGD3	ZBTB44	ZNF253	ZNF773	ZFP41	ZNF713	MYNN	ZNF383	JARID2	RCOR1	TEF	ZNF703	BATF2	ZNF526	ZNF485	GTF3A	ZSCAN12	ZFP64	ZNF83	NFATC3	PTBP1	ZNF571	CHCHD3	LBX2	AFF4	PRMT3	STAT5B	THAP8	ZNF354B	ATF5	ZSCAN22	PBX2	ZNF615	MLXIP	ZNF707	ZSCAN30	RFX3	ZNF775	TCF3	ZNF460	RNF219	ZNF33A	DBP	FIP1L1	BHLHA15	TRAFD1	TSC22D1	ZNF674	CENPT	ZNF234	ZNF3	ZNF646	ZBTB37	FOSL1	H3K79me2	JUNB	HMG20A	AHDC1	FOXP1	RREB1	FOXJ3	NR5A1	NCOR1	ZNF503	DLX6	ZNF292	HOXA5	ZNF511	ZSCAN9	KDM3A	ZSCAN31	USF1	TBP	KMT2A	ARNT2	MXD4	ZNF772	NFYA	ZBTB38	BORCS8	RFXAP	ZNF430	ZNF556	ZNF221	ZMYM3	ZNF205	SFPQ	MEIS2	HOXA10	ZBTB20	ZKSCAN8	ZNF362	SIN3A	GLYR1	NFKB2	THAP9	ZSCAN21	MTA1	ZBTB33	MBD1	CBX5	TGIF2	BAZ2A	ZNF317	ARNTL	CBFB	KLF6	SALL2	ZNF770	ZNF263	ZSCAN25	ZBTB7A	KAT7	MEIS1	PRDM10	SRF	ZHX2	NFYC	ZNF483	ZNF747	ZNF543	NRF1	BCL3	IRF9	ZNF563	TAF15	MXD3	ZNF264	ZBTB43	GATAD2B	ZNF281	ATF3	PHF20	MNT	ZMAT3	ZNF607	ZBTB40	ZNF691	ZNF547	FOXC1	ZNF407	ZBED4	ESRRA	HMGXB3	ZNF124	CCDC6	ZNF335	ZNF441	ZFP90	CSRNP1	ZNF800	ZNF414	ZNF768	AGO2	HNRNPL	ZNF274	ZNF777	ZNF709	HBP1	BRD4	ZNF761	NFYB	HIVEP1	MXD1	NRL	BHLHE40	ZNF280D	MLX	NACC2	MIER2	NR2F1	JUN	PROX1	RCOR2	ZNF644	CEBPB	ZNF652	ZNF24	FOXQ1	FOXK2	MEF2A	ZNF384	H2AFZ	HCFC1	EED	ZZZ3	IKZF4	ZNF567	ZNF329	ZNF333	RFXANK	ZNF589	ZNF44	ZFP37	GLI4	SNAI1	NCOA1	USF2	ZBTB10	PRDM15	ZNF337	ZNF34	ARHGAP35	IRF5	ZNF786	ZC3H8	ZFP82	ZBTB39	ZCCHC11	GZF1	ZNF557	ZNF790	ZNF235	ZNF740	ZNF527	MTERF2	KLF9	ZBTB14	IRX3	ZNF616	U2AF1	TOE1	ZBTB21	DNMT3B	ZBTB3	WIZ	ZSCAN20	FUS	REL	ZBTB42	GMEB2	MAF1	ZNF552	NFAT5	EEA1	ZNF138	E2F5	SATB2	ZHX3	ZNF572	DNMT1	FUBP3	ZNF446	CHD2	RFX5	ZXDC	MTF2	RBM22	ZNF865	SP140L	ZNF512B	SSRP1	ZNF318	ZNF25	KLF15	E2F2	THAP4	ZNF879	SNAPC5	SOX18	TP53	RELA	SIN3B	ZNF839	CAMTA2	CREB3	ZNF256	PAX8	DZIP1	ZNF678	ZNF827	EHMT2	ZFHX3	ONECUT2	CHD4	HLF	PCBP1	HNRNPK	RNF2	SNAPC4	ZNF608	ZNF558	ZNF276	ZNF224	ZNF782	ZNF704	ZNF546	HES4	ZNF225	ELF4	TMF1	ELK1	GTF2F1	ZNF33B	ETV6	ZNF510	NAIF1	ARID2	CBX1	ZNF181	ZNF136	ZBTB2	AKAP8	THAP7	ZIK1	BRF2	ZNF431	BRCA1	ZNF776	AHR	ZNF619	SAFB2	ZNF724P	NR0B2	MTERF4	SMAD1	ZNF629	ZNF121	STAT6	SMYD3	AGO1	SP2	ZNF160	ZC3H13	ZNF749	ZNF781	ZBTB4	PHF5A	ZNF816	MED8	NFIC	TCF7	DPF2	KDM6A	ZBTB34	ZEB1	THRB	TBL1XR1	ONECUT1	GATA2	CEBPD	NR2F2	ZBTB26	ZNF784	ZNF232	KLF12	ZNF230	ZNF891	ZNF883	ZNF598	HINFP	KDM5A	DR1	JRK	ZNF564	ZHX1	FBXL19	ZNF670	ZNF143	ZNF142	ZNF639	GATA4	TCF12	HOXD1	ZSCAN29	NFKBIZ	TBX3	REST	ETS1	SIX4	ZNF12	KDM4B	ZMYM2	ATF1	ZNF878	HMG20B	RERE	SIX1	SRSF1	E2F1	TIGD6	SRY	ZNF548	TOPORS	ZNF697	HIC2	ZNF451	ZNF280B	ZNF18	ZNF275	ZNF343	ZNF766	KLF11	TSC22D2	SKIL	ZNF746	ZFP36L1	SNAPC2	ZSCAN5A	ZFP1	NKX3	MED13	RAD21	H3K4me2	MAX	SAP130	SMC3	GFI1	ZNF609	TFE3	SMAD3	ZBTB25	MEF2D	ZNF710	NFIA	ATF4	ZNF580	TFDP2	YEATS2	POGK	TFDP1	E2F4	GMEB1	MYPOP	ZNF605	GABPA	KMT2B	POLR2AphosphoS5	HNRNPLL	KDM5B	SP4	RBM39	SMAD7	ZNF350	YY1	TAF1	ZNF788	ATF7	PPARG	ZNF792	MIER3	ZBTB7B	ETV4	SP5	ETV5	E2F8	SKI	JUND	TEAD1	RARA	FOXP4	ISL2	TCF7L2	ELF1	HNF1B	MAZ	ZFY	ZNF501	ZFP91	POLR2A	DRAP1	POLR2G	MNX1	GATAD1	NCOA2	CEBPA	CEBPG	MIXL1	HNF1A	CREM	ZNF217	THRA	ATF2	FOXK1	DMAP1	SPEN	NR2C2	YEATS4	ZNF48	MXI1	PHF8	RBFOX2	MYC	UBTF	HOMEZ	TEAD4	FOXO1	HNF4G	REPIN1	ZNF614	PITX1	CTCF	STAG1	ARID5B	TFAP4	GATAD2A	SOX6	H3K4me3	HDAC2	H3K27ac	ARID3A	SALL1	ARID4B	XRCC5	IRF2	ERF	ZNF331	RXRA	LCORL	PATZ1	LIN54	ASH2L	KDM2A	GABPB1	NONO	EGR1	ZNF574	EP300	NFIL3	HNF4A	BCL6	IKZF5	RBPJ	MYBL2	POGZ	PHF21A	MGA	KLF16	TARDBP	H3K4me1	HMGXB4	ZNF687	MED1	CREB1	FOSL2	ZMYM4	TEAD3	RXRB	FOXA2	PAXIP1	FOXA3	SOX13	HDAC1	THAP11	ZNF219	ZGPAT	SOX5	KDM1A	FOXA1	LCOR	NR2F6	ARID4A	ZFX	H3K9ac	HOXA3	POU2F1	ELF3	SMAD4	SP1	KAT8	TBX2
LRRFIP1	1127	1000	866	801	950	999	737	901	858	683	995	892	931	962	1108	1084	927	889	750	664	796	589	475	308	362	649	674	607	749	745	685	673	524	766	519	654	4	1	1	21	6	19	15	9	20	94	103	82	48	26	43	50	78	59	73	42	175	105	120	120	201	162	271	186	269	300	272	255	347	279	339	430	432	395	394	640	588	525	362	405	395	478	251	376	1585	1487	1724	1758	1463	1573	1740	1727	1821	1800	1815	1760	1685	1675	1723	1741	1454	1635	1584	1673	1676	1580	1627	1711	1750	1621	1579	1705	1528	1525	1343	1507	1667	1628	1448	1784	1833	1820	1787	1767	1988	1885	1894	1717	1783	709	1016	770	827	1277	1146	989	1147	1170	1314	1261	970	960	1486	1212	1232	1389	1434	1468	1722	1417	1398	1551	1481	996	1174	1229	1328	1160	1455	1236	1427	1341	1408	2018	1923	1921	2357	2057	2057	2465	2253	2321	2404	2196	2253	2276	2276	2195	2241	2176	2135	2294	2029	2210	2313	2477	2427	2405	2313	2419	2316	2493	2392	2362	2395	2059	1727	2260	1913	2088	2089	2002	1689	1914	1957	1826	1827	1901	1934	1908	1500	1628	1670	2006	2163	1832	2048	1950	2020	1824	1811	1953	1725	1821	1685	1398	1463	4170	4267	4327	4793	4458	4276	4313	4570	4689	4602	5256	5240	5201	5245	5149	5067	5096	5278	5360	5269	5213	5025	5053	5297	5081	5013	4932	5009	4913	5033	5040	5063	5019	4646	4812	4544	4685	4964	4932	4970	4731	4744	4672	5121	4768	4692	4874	4838	4673	4781	4892	4794	4565	4460	4561	4450	4495	4464	4480	4562	4599	4388	4538	4419	4478	4298	4640	4633	4546	4372	4703	4506	4395	4338	4358	4465	4412	4633	4716	4563	4562	4758	4814	4636	4820	4587	4483	4720	4880	4455	4463	4371	4416	4438	4290	4250	4405	4140	4113	4518	4321	4372	4257	4223	4301	4120	4247	4231	4263	4168	4400	4249	4291	4433	3931	4022	3509	4315	3765	3944	2709	3060	2789	2667	2942	2629	2435	3009	3212	3160	3244	3323	3061	3206	3189	2954	3215	3170	3222	3109	3099	2920	2956	3028	3227	3255	3418	3382	3467	3149	3000	2628	3166	2926	2890	3013	3032	2939	3157	3084	3070	2749	2885	2946	3037	2997	2920	3012	3015	3194	3037	2419	2651	2984	2652	2833	2831	2861	2898	2889	2846	2642	2881	2768	2817	2661	2728	2632	2610	2516	2612	2559	2294	2704	2523	2539	2542	2583	2531	2658	2445	2468	2570	2604	2550	2742	2590	2789	2677	2594	2676	2709	2567	2732	2644	2180	1910	2464	2516	2513	3343	3185	3394	3501	3292	3257	3491	3403	3465	3555	3402	3329	3429	3200	3408	3244	3445	3462	3574	3475	3263	3386	3470	3626	3618	3205	3493	3526	3552	3372	3432	3588	3587	3694	3777	3684	3602	3539	3591	3704	3266	3294	3370	3468	3792	3471	3734	3481	3646	3759	3663	3687	3320	3336	2640	2569	2902	3032	3433	3085	3291	3407	3273	3502	3803	3396	4280	4182	4117	4155	4312	4115	4412	4353	4116	3984	3833	4100	3914	3912	3962	3697	3827	4037	4089	3872	4071	4109	4005	4218	3579	3960	3906	3799	3920	4063	3575	3197	3255	3699	3382	3529	3932	3679	4007	4011	4022	3886	3990	3534	3855	3743	3642	3852	3815	3826	3891	4074	3140	3640	3794	3845	3646	3862	3726	3557	9181	9288	8888	9002	4653	4886	5034	5460	5512	5521	5261	4977	4842	4778	5684	5562	5797	5682	5536	5469	5546	5281	5584	4946	5487	5103	5358	5471	5436	5716	5851	5721	5676	5598	5803	5811	5507	5769	5634	5661	5469	5567	6153	6341	6192	6258	6226	6257	6109	6115	5873	6474	6362	6592	6520	6472	6408	6019	6288	6072	6313	6396	5845	5495	5566	6039	5938	5654	5928	6041	6151	6131	5890	5955	5901	5944	6140	6026	6164	5858	5977	6096	5634	5506	5756	5561	5908	5927	5920	7692	6384	7881	7969	7644	7667	7792	7831	7335	8359	8259	8451	7248	6839	7009	6929	6883	6778	6914	6829	6913	7046	6859	6852	6922	7026	6560	6423	6331	6439	6619	6539	6554	6316	6277	6216	6751	6718	6088	7936	7371	7245	7219	7379	7218	7247	7251	7021	7079	7257	7302	7387	7654	7437	7758	6726	6784	6644	6951	6952	7032	7064	6889	7200	7434	7275	6989	7111	7378	7125
CERS6	1000	949	897	866	969	936	815	897	903	715	951	839	980	1025	1077	972	811	925	640	677	777	537	533	349	324	584	671	606	657	758	639	606	558	767	580	671	4	1	1	15	4	15	15	7	16	80	123	58	32	28	33	60	63	54	65	47	160	113	117	109	161	139	240	178	240	285	243	224	341	291	297	378	455	416	356	543	548	547	406	405	394	474	228	347	1639	1633	1637	1646	1401	1502	1682	1738	1725	1801	1818	1682	1675	1680	1674	1629	1478	1636	1598	1623	1639	1564	1680	1740	1740	1628	1583	1678	1510	1594	1422	1480	1551	1533	1456	1836	1840	1791	1801	1790	1973	1873	1836	1699	1693	621	876	699	907	1196	1171	1014	1141	1178	1319	1264	1069	994	1387	1289	1194	1340	1351	1497	1553	1438	1391	1507	1478	959	1171	1287	1395	1192	1392	1313	1371	1287	1418	1859	1788	1770	2318	2046	2117	2337	2344	2313	2283	2272	2335	2261	2333	2238	2229	2122	2049	2206	2162	2380	2342	2395	2422	2374	2267	2445	2246	2518	2482	2501	2419	2044	1822	2183	2001	1992	2158	2089	1706	1766	1963	1834	1805	1737	1870	1864	1558	1550	1668	2001	2086	1885	1990	1949	2075	1956	1907	1834	1603	1753	1709	1433	1476	4058	4244	4318	4593	4344	4200	4303	4635	4683	4547	5204	5157	5096	5165	5309	5268	5242	5337	5448	5434	5366	5196	5220	5436	5164	5076	5099	4997	4798	5010	5010	5090	5124	4555	4674	4469	4981	5166	5129	5092	4999	4947	4784	5020	4665	4789	4841	4799	4857	4898	4932	4933	4656	4522	4548	4607	4439	4588	4428	4657	4670	4513	4620	4529	4601	4551	4692	4724	4766	4662	4743	4438	4389	4372	4369	4499	4714	4912	4830	4705	4728	4844	4995	4826	4970	4591	4604	4556	4715	4667	4360	4419	4433	4517	4380	4292	4513	4401	4360	4576	4494	4517	4359	4296	4415	4295	4361	4511	4419	4244	4320	4207	4344	4124	3844	4017	3485	4089	3575	3806	2510	2850	2868	2565	2726	2342	2272	3083	3298	3201	3290	3260	3146	3285	3104	3106	3185	3007	3271	3145	3060	2988	3104	2973	3174	3340	3462	3450	3390	3250	3163	2700	2971	2859	2828	3131	3153	3020	3126	3097	3051	2940	3001	3088	3059	2832	2875	2884	3020	3109	3026	2661	2762	2990	2733	2843	2884	2972	3013	2993	2905	2589	2788	2703	2832	2774	2845	2663	2648	2599	2632	2512	2221	2536	2337	2359	2543	2532	2565	2644	2550	2535	2518	2538	2599	2673	2539	2806	2743	2590	2647	2775	2667	2700	2698	1898	1903	2270	2360	2439	3535	3371	3494	3455	3390	3365	3575	3401	3530	3628	3529	3470	3473	3142	3528	3273	3402	3428	3547	3504	3249	3437	3463	3545	3516	3429	3593	3662	3685	3468	3556	3640	3833	3635	3747	3774	3704	3721	3712	3742	3231	3275	3334	3344	3866	3697	3848	3732	3692	3605	3611	3636	3402	3404	2457	2531	2875	2977	3442	3108	3167	3265	3078	3331	3713	3439	4239	4215	4103	4255	4367	4255	4532	4342	4158	3975	4121	4062	4070	4037	3949	3862	4083	4167	4130	3940	4135	4204	4109	4168	3488	3855	3853	3766	3860	3912	3507	3121	3356	3512	3413	3405	4088	3857	4023	4178	4158	3925	3962	3624	3987	3856	3653	3815	3874	3892	3800	3884	3281	3748	3817	3826	3607	3640	3765	3626	9105	9626	9154	9274	4155	4946	5210	5383	5227	5398	5201	5032	4738	4801	5714	5791	5841	5808	5730	5733	5781	5405	5611	5122	5562	5375	5736	5690	5707	6010	5878	5826	5936	5981	6000	6024	5345	5657	5584	5685	5647	5721	6176	6501	6294	6274	5900	6222	6082	6256	6018	6550	6379	6863	6867	6549	6692	6407	6396	6474	6577	6469	5779	5334	5498	5754	6089	5723	5957	6024	6181	6104	6138	6077	6117	6171	6276	6353	6378	6270	6244	6317	5405	5419	5711	5550	5936	5880	5857	7682	6158	7806	8199	7570	7731	8168	7908	7778	8393	8468	8668	7264	6805	7043	6811	6941	6855	7060	6966	7051	7210	7154	7162	7037	7216	6609	6339	6297	6479	6653	6618	6559	6391	6445	6563	6809	6897	6043	7965	7799	7265	7396	7391	7280	7148	7175	6995	7202	7239	7189	7767	7780	7490	7883	6622	6582	6557	6903	7026	7378	7402	7321	7450	7597	7238	7112	7364	7420	7307
SRSF4	866	897	909	805	918	840	785	827	796	721	799	754	896	980	949	930	772	918	620	679	717	546	507	297	264	527	567	599	682	656	617	545	547	684	612	614	1	1	3	11	4	10	10	10	9	87	95	48	26	22	43	39	53	48	58	41	122	97	116	103	134	150	195	176	221	256	272	224	286	264	293	330	419	357	332	538	469	526	405	385	358	377	237	334	1491	1582	1499	1492	1450	1395	1577	1646	1629	1644	1680	1594	1560	1623	1583	1457	1441	1459	1447	1591	1542	1507	1547	1614	1561	1505	1506	1473	1416	1447	1429	1460	1394	1452	1494	1700	1645	1652	1637	1610	1814	1795	1770	1643	1618	740	823	742	866	1089	1069	983	1077	1026	1146	1135	1065	909	1291	1273	1127	1229	1321	1421	1397	1452	1344	1367	1394	1026	1079	1180	1303	1187	1266	1244	1225	1243	1299	1845	1762	1784	2182	2119	2122	2239	2133	2127	2162	2111	2118	2074	2125	2125	2012	1994	1937	2190	2159	2327	2209	2270	2300	2269	2158	2220	2170	2299	2323	2231	2277	1987	1796	2020	1918	1901	1962	1924	1586	1845	1909	1851	1845	1771	1864	1766	1560	1606	1682	1843	2040	1796	1849	1801	1943	1851	1881	1766	1649	1734	1638	1515	1479	4160	4339	4412	4507	4376	4342	4326	4651	4621	4407	5163	5089	5037	5099	5252	5110	5283	5393	5324	5337	5291	5172	4992	5155	4987	4980	4948	4934	4699	4914	5095	4992	5043	4539	4550	4394	4989	4958	4863	4922	4796	4759	4589	4742	4534	4654	4809	4816	4828	4812	4918	4884	4673	4398	4493	4418	4466	4424	4347	4569	4608	4487	4461	4397	4510	4527	4493	4552	4637	4618	4485	4465	4282	4308	4307	4420	4638	4785	4665	4641	4633	4574	4806	4666	4770	4500	4463	4556	4621	4603	4258	4291	4353	4424	4274	4290	4211	4420	4186	4348	4320	4334	4243	4286	4306	4186	4211	4301	4218	4075	4231	4223	4282	3983	3793	4009	3665	4135	3533	3845	2572	2897	2862	2607	2736	2409	2290	3026	3104	3002	3094	3081	3094	3122	3067	3022	2970	2966	3058	3017	3070	2911	2974	2939	3180	3101	3240	3279	3265	3199	3176	2689	2845	2763	2716	2995	2987	2907	2946	2994	2952	2865	2904	2949	2964	2877	2732	2821	2935	2886	2977	2713	2737	2854	2706	2766	2752	2747	2839	2811	2750	2535	2739	2543	2787	2616	2711	2603	2575	2641	2497	2511	2255	2356	2387	2290	2290	2350	2403	2588	2431	2436	2420	2454	2498	2566	2484	2579	2573	2517	2469	2544	2522	2580	2570	1824	1912	2243	2380	2408	3353	3376	3340	3400	3420	3323	3284	3350	3324	3359	3418	3299	3244	3227	3322	3205	3350	3283	3291	3352	3336	3308	3362	3420	3414	3502	3473	3338	3522	3446	3417	3490	3578	3428	3505	3599	3499	3504	3553	3493	3164	3221	3231	3280	3784	3645	3576	3718	3629	3468	3552	3671	3475	3473	2657	2656	2817	2971	3407	3246	3090	3293	3208	3388	3680	3524	4000	4155	4006	4148	4147	4104	4251	4147	4046	4057	4043	4028	4003	3966	3815	3849	3979	4040	4089	3943	4126	4107	4076	4055	3573	3869	3876	3741	3759	3835	3551	3389	3430	3503	3394	3395	3988	3819	3913	4071	3908	3816	3790	3424	3818	3638	3673	3772	3741	3775	3692	3762	3319	3648	3860	3782	3613	3624	3689	3622	9027	9638	9102	9311	4211	5001	5111	5425	5256	5422	5114	4954	4690	4900	5550	5761	5679	5731	5592	5641	5712	5413	5439	5307	5601	5541	5644	5479	5632	5809	5842	5662	5827	5976	5866	5962	5341	5634	5548	5588	5626	5634	6200	6505	6290	6402	6016	6191	6128	6282	6106	6546	6359	6799	6705	6510	6571	6506	6477	6587	6418	6426	5891	5430	5552	5804	6130	5836	5855	6001	6083	6053	6092	6033	6104	6213	6091	6315	6387	6353	6053	6215	5467	5473	5575	5576	5881	5906	5747	7536	6164	7887	8169	7602	7797	8201	7923	7953	8518	8400	8627	6996	6788	6941	6818	6871	6801	6960	7164	7165	6979	7035	7239	7016	7056	6651	6386	6312	6500	6581	6512	6667	6482	6525	6582	6823	6871	6166	7934	7579	7436	7579	7387	7410	7151	7263	6984	7303	7303	7206	7840	7759	7529	7878	6703	6621	6713	6846	6968	7361	7263	7401	7338	7512	7286	7086	7354	7480	7339
PLSCR1	801	866	805	695	800	799	718	735	749	669	728	717	836	913	929	812	707	826	574	621	666	527	498	331	289	437	533	534	581	570	571	565	542	636	541	560	5	1	2	7	4	9	14	8	11	88	87	38	18	29	33	54	49	49	47	36	122	90	107	82	133	143	176	145	195	242	212	181	257	227	261	306	370	329	318	441	411	439	345	383	338	370	221	322	1437	1447	1367	1451	1337	1320	1459	1497	1504	1519	1481	1513	1433	1522	1523	1341	1288	1359	1332	1441	1430	1397	1441	1488	1440	1423	1376	1372	1315	1332	1302	1330	1300	1383	1381	1600	1512	1577	1567	1496	1737	1639	1591	1534	1495	746	792	774	825	1018	943	872	985	999	1027	1014	933	895	1214	1172	1071	1198	1206	1291	1296	1214	1246	1285	1257	953	1012	1045	1160	1036	1201	1108	1135	1055	1172	1797	1731	1700	2047	1918	2016	2081	2037	1990	2013	2035	2061	1944	1952	1901	1931	1848	1851	2075	1999	2146	2089	2139	2099	2135	1958	2069	2042	2136	2171	2175	2097	1779	1712	1844	1830	1754	1845	1795	1598	1678	1732	1671	1684	1639	1695	1729	1491	1464	1590	1743	1797	1706	1674	1678	1755	1726	1713	1652	1527	1708	1575	1437	1411	4109	4272	4247	4354	4274	4149	4214	4404	4508	4378	4936	4898	4954	4861	4963	4920	5056	5040	5125	5140	5037	4944	4831	4936	4862	4825	4728	4822	4587	4713	4785	4823	4852	4328	4338	4225	4752	4763	4750	4681	4621	4573	4423	4691	4465	4524	4577	4526	4621	4554	4625	4600	4448	4145	4309	4229	4225	4218	4105	4356	4340	4207	4194	4226	4297	4296	4354	4361	4415	4346	4373	4249	4192	4205	4192	4186	4425	4558	4565	4367	4400	4454	4683	4441	4550	4334	4271	4313	4388	4436	4056	4181	4156	4152	4109	4061	4075	4042	3936	4200	4206	4183	4094	4065	4069	3987	4009	4063	4014	3912	4101	4024	4108	3910	3689	3872	3636	4000	3613	3807	2489	2686	2698	2474	2587	2248	2281	2810	2892	2830	2978	2874	2845	2944	2899	2881	2849	2789	2905	2877	2879	2684	2880	2800	2874	2929	3093	3040	3030	2945	2993	2459	2684	2549	2583	2776	2811	2670	2709	2816	2731	2690	2761	2746	2649	2664	2599	2701	2734	2830	2858	2521	2575	2666	2497	2622	2623	2589	2608	2607	2623	2405	2520	2354	2621	2482	2530	2425	2443	2401	2382	2339	2143	2268	2291	2246	2221	2187	2276	2331	2310	2314	2232	2239	2310	2383	2317	2392	2400	2340	2392	2403	2347	2426	2377	1934	1863	2098	2271	2465	3100	3114	3213	3139	3179	3055	3165	3054	3193	3274	3225	3122	3064	2933	3198	2974	3079	3134	3075	3083	3136	3158	3229	3273	3178	3210	3284	3238	3366	3238	3310	3292	3423	3316	3334	3420	3364	3300	3332	3312	3072	3047	3075	3197	3524	3382	3466	3408	3418	3362	3360	3361	3219	3290	2632	2652	2777	2874	3233	3069	2983	3106	3170	3296	3528	3454	3854	3979	3813	3910	3963	3919	4125	3985	3848	3843	3860	3849	3788	3851	3694	3691	3730	3872	3814	3750	3932	3947	3920	3916	3347	3744	3736	3528	3694	3630	3385	3247	3358	3294	3203	3244	3715	3571	3702	3805	3779	3752	3720	3274	3589	3507	3369	3579	3592	3631	3450	3614	3176	3565	3584	3602	3490	3423	3466	3408	8783	9504	8924	9094	4083	4852	4942	5216	5065	5103	4904	4824	4561	4727	5421	5584	5553	5534	5426	5527	5516	5218	5324	5076	5373	5197	5392	5273	5319	5616	5555	5486	5512	5683	5618	5749	5148	5396	5333	5430	5432	5460	5943	6339	6087	6088	5897	6145	5963	6076	5906	6320	6142	6501	6480	6275	6354	6208	6188	6316	6276	6165	5781	5357	5473	5602	5888	5683	5734	5818	5918	5942	5891	5821	5896	5943	5922	6045	6080	6044	5957	5958	5417	5376	5543	5416	5726	5787	5626	7267	5952	7799	7974	7495	7710	8033	7792	7709	8331	8214	8380	6838	6610	6751	6680	6712	6609	6711	6932	6975	6757	6800	6997	6827	6890	6466	6238	6136	6373	6435	6341	6459	6378	6292	6507	6612	6609	6122	7687	7401	7142	7332	7178	7225	7019	7070	6878	7089	7148	7200	7604	7560	7360	7691	6556	6518	6608	6767	6810	7143	7018	7143	7159	7338	7066	6888	7150	7266	7134
ZNF577	950	969	918	800	891	949	739	837	863	750	887	781	906	963	1026	1016	811	912	666	648	771	537	458	301	262	577	618	578	667	681	615	609	539	695	555	634	3	1	2	10	2	7	12	6	14	91	110	65	30	27	28	43	61	52	54	54	135	103	120	106	140	140	229	165	240	287	249	223	312	270	306	398	385	365	356	553	503	487	354	412	356	410	239	335	1471	1507	1594	1566	1394	1451	1614	1660	1719	1687	1717	1739	1607	1705	1642	1564	1360	1515	1502	1624	1604	1475	1606	1627	1622	1553	1474	1595	1482	1463	1373	1449	1519	1506	1470	1720	1668	1729	1742	1710	1854	1843	1781	1702	1641	685	825	713	829	1163	1072	994	1049	1093	1195	1163	998	886	1360	1268	1080	1301	1364	1435	1531	1428	1293	1405	1386	961	1115	1193	1289	1172	1360	1225	1340	1275	1250	1815	1859	1791	2242	2026	2025	2275	2234	2211	2253	2170	2134	2127	2116	2137	2134	2036	2014	2155	2077	2211	2176	2333	2332	2278	2222	2280	2207	2397	2288	2240	2267	1939	1792	2084	1913	1934	2029	1984	1621	1803	1928	1788	1789	1779	1817	1836	1508	1554	1653	1883	2023	1776	1902	1847	1990	1811	1865	1844	1661	1788	1602	1446	1384	4089	4238	4251	4462	4293	4093	4183	4535	4525	4513	5060	5008	4998	5010	5092	4935	5195	5170	5147	5142	5067	4954	4849	5074	4940	4918	4814	4836	4652	4838	4912	4873	4877	4445	4419	4291	4803	4866	4814	4832	4639	4591	4484	4681	4498	4552	4717	4695	4685	4614	4719	4665	4446	4167	4424	4294	4323	4315	4365	4465	4483	4321	4419	4319	4339	4359	4462	4513	4501	4352	4437	4305	4281	4262	4212	4301	4443	4616	4586	4523	4509	4531	4711	4595	4693	4394	4372	4491	4569	4483	4155	4230	4184	4327	4154	4097	4220	4155	4051	4350	4192	4221	4101	4160	4263	4101	4081	4107	4146	3978	4199	4103	4173	4001	3721	3931	3445	3996	3532	3807	2511	2863	2822	2593	2743	2344	2319	2901	3083	2978	3119	3089	2999	3086	3056	2942	3104	2992	3067	2991	3003	2851	2894	2916	3036	3095	3213	3211	3301	3085	3051	2562	2835	2760	2727	2917	3022	2882	2970	2970	2926	2678	2931	2864	2896	2823	2717	2831	2875	2920	2952	2489	2651	2930	2634	2726	2699	2766	2812	2836	2774	2564	2686	2574	2703	2656	2754	2495	2522	2419	2434	2459	2166	2475	2382	2377	2360	2401	2427	2521	2402	2437	2431	2470	2489	2571	2449	2605	2574	2473	2529	2579	2549	2610	2532	1919	1891	2224	2284	2469	3279	3206	3334	3365	3232	3135	3342	3294	3360	3394	3330	3224	3250	3045	3334	3103	3288	3349	3344	3328	3284	3320	3343	3435	3372	3258	3431	3347	3423	3324	3378	3460	3581	3435	3571	3532	3506	3464	3492	3508	3153	3164	3236	3297	3646	3513	3596	3503	3578	3544	3480	3492	3293	3329	2590	2548	2750	2986	3340	3106	3091	3228	3125	3340	3674	3336	4061	4041	3942	4022	4117	4029	4277	4178	3946	3869	3883	3971	3867	3866	3827	3703	3742	3952	3938	3859	3995	4028	3959	4014	3410	3782	3825	3690	3788	3796	3447	3162	3355	3438	3293	3367	3854	3662	3870	3924	3855	3811	3774	3339	3753	3667	3591	3739	3728	3674	3726	3781	3111	3555	3721	3710	3562	3632	3580	3447	8506	9117	8599	8769	3938	4823	4943	5215	5193	5221	5072	4811	4538	4790	5416	5494	5560	5527	5409	5410	5466	5206	5315	4896	5416	5194	5293	5285	5364	5611	5626	5529	5482	5635	5627	5717	5221	5475	5340	5358	5353	5438	5956	6252	5971	6065	5861	5917	5972	5973	5862	6260	6163	6408	6380	6240	6297	6078	6161	6190	6193	6150	5656	5254	5350	5532	5876	5583	5707	5785	5858	5818	5824	5776	5841	5877	5950	5999	6124	5904	5850	5959	5408	5200	5505	5379	5691	5743	5655	7017	5640	7565	7759	7284	7438	7749	7557	7429	8114	7982	8152	6758	6480	6691	6589	6608	6558	6621	6736	6841	6679	6714	6826	6610	6759	6405	6089	6118	6243	6350	6306	6383	6251	6173	6285	6535	6575	5753	7557	7200	6954	7107	7063	7012	6880	6898	6776	6924	6957	6978	7371	7390	7193	7499	6474	6387	6488	6653	6629	7018	6905	6955	6951	7215	6973	6708	6950	7120	7060
ZNF720	999	936	840	799	949	987	744	897	825	701	967	819	907	972	1052	998	874	876	712	657	767	540	511	298	331	589	649	595	640	737	613	602	494	762	568	651	3	1	1	21	9	19	14	5	16	84	114	66	34	22	37	62	65	48	58	51	136	114	135	119	176	142	261	184	256	291	268	225	325	269	324	411	386	392	354	561	526	538	361	402	381	444	212	314	1499	1460	1625	1636	1382	1443	1688	1676	1729	1747	1737	1700	1594	1640	1606	1658	1354	1530	1497	1637	1600	1523	1588	1625	1673	1577	1442	1575	1444	1526	1291	1438	1543	1531	1313	1660	1807	1770	1714	1685	1917	1842	1824	1632	1752	622	897	741	824	1194	1110	936	1108	1106	1297	1221	961	997	1391	1160	1194	1311	1386	1406	1578	1344	1345	1462	1430	933	1140	1164	1325	1137	1358	1206	1350	1314	1382	1810	1787	1764	2232	1950	1948	2261	2202	2270	2271	2092	2142	2215	2202	2151	2170	2095	2068	2144	1948	2116	2199	2254	2327	2297	2245	2272	2191	2396	2292	2274	2320	1924	1631	2177	1788	1986	2107	1906	1641	1732	1871	1726	1720	1707	1880	1812	1445	1506	1519	1901	2095	1740	1969	1873	1904	1785	1720	1802	1576	1718	1598	1380	1389	3872	4040	4094	4518	4121	4113	4095	4343	4429	4308	4935	4930	4914	5016	4915	4827	4898	4956	5020	5082	4975	4845	4803	5043	4810	4816	4790	4735	4702	4817	4812	4761	4825	4399	4440	4188	4550	4776	4749	4797	4571	4592	4441	4732	4613	4438	4612	4529	4546	4569	4640	4609	4319	4255	4386	4278	4175	4293	4329	4374	4382	4212	4385	4220	4306	4158	4433	4468	4330	4258	4424	4198	4068	4134	4133	4217	4251	4399	4484	4322	4437	4544	4651	4510	4657	4385	4300	4412	4543	4263	4189	4147	4226	4174	4083	4028	4224	4018	4034	4358	4112	4098	4083	4072	4156	4003	4051	4029	4104	3963	4121	3944	4081	4187	3626	3945	3302	3948	3462	3657	2446	2815	2653	2451	2701	2379	2311	2927	3070	2941	2996	3143	2887	3120	3025	2792	3048	2947	3098	2882	2920	2765	2948	2865	3045	3159	3224	3187	3297	3076	2937	2422	2932	2722	2760	2825	2942	2850	3033	2932	2908	2580	2764	2861	2971	2749	2721	2839	2848	2927	2877	2308	2495	2824	2517	2696	2676	2790	2718	2735	2697	2476	2684	2578	2722	2647	2559	2479	2523	2440	2438	2490	2111	2526	2429	2361	2459	2458	2382	2551	2348	2360	2439	2521	2401	2646	2391	2663	2587	2471	2547	2623	2437	2567	2555	1938	1768	2246	2351	2381	3245	3102	3216	3341	3108	3049	3353	3205	3373	3400	3288	3142	3368	3064	3213	3140	3288	3373	3405	3278	3104	3232	3315	3426	3434	3041	3326	3372	3395	3193	3248	3414	3400	3511	3650	3511	3525	3434	3408	3558	3113	3083	3176	3269	3611	3327	3549	3405	3424	3495	3519	3569	3153	3225	2372	2450	2739	2851	3300	2969	2996	3121	3009	3261	3617	3142	4082	4002	3868	3972	4215	3930	4225	4214	3860	3766	3742	3905	3713	3746	3801	3588	3783	3884	3887	3673	3841	3889	3958	4039	3257	3662	3691	3563	3691	3787	3409	2981	3159	3501	3189	3360	3780	3527	3794	3804	3918	3655	3804	3406	3663	3605	3454	3679	3639	3709	3617	3845	2950	3487	3569	3641	3474	3533	3515	3451	8524	8828	8401	8506	4297	4548	4783	5135	5067	5172	4997	4790	4574	4488	5455	5314	5489	5452	5231	5231	5339	4971	5243	4758	5188	4890	5179	5249	5219	5551	5570	5479	5349	5430	5622	5587	5058	5447	5339	5356	5244	5320	5820	6055	5808	5971	5789	5793	5755	5796	5614	6101	6072	6299	6235	6176	6156	5780	5939	5904	6049	6009	5543	5109	5246	5579	5676	5418	5664	5717	5812	5765	5602	5559	5654	5605	5895	5798	5863	5660	5731	5821	5270	5229	5431	5229	5623	5586	5568	7152	5865	7383	7582	7169	7254	7443	7389	7020	7877	7788	8048	6959	6455	6688	6455	6476	6441	6561	6493	6576	6722	6561	6619	6570	6672	6169	6048	5946	6016	6214	6208	6140	6002	5994	6001	6426	6434	5743	7455	7087	6743	6830	7035	6779	6885	6756	6604	6750	6804	6798	7098	7301	7013	7252	6312	6422	6299	6512	6584	6772	6704	6629	6805	7063	6795	6609	6750	6944	6809
CSRNP2	737	815	785	718	739	744	639	705	692	614	701	642	777	828	845	711	667	744	554	594	621	475	445	289	299	388	494	512	540	559	521	467	492	602	511	552	3	1	1	8	5	12	15	7	9	65	73	36	25	28	38	48	50	39	51	48	95	91	105	82	113	116	168	147	182	225	196	184	234	235	223	275	353	320	343	426	390	415	362	333	308	323	202	278	1324	1413	1309	1332	1259	1261	1394	1449	1419	1421	1382	1416	1410	1408	1389	1244	1256	1296	1285	1360	1292	1347	1356	1408	1404	1301	1309	1298	1233	1273	1193	1241	1244	1247	1354	1536	1443	1434	1558	1437	1572	1529	1561	1466	1403	638	723	737	798	939	913	876	914	983	945	964	948	848	1102	1058	1054	1084	1081	1224	1222	1125	1173	1149	1159	910	941	1048	1090	998	1128	1037	1063	1015	1147	1639	1563	1564	1901	1833	1868	1894	1956	1851	1890	1891	1930	1810	1882	1832	1808	1741	1778	1965	1907	2016	1975	2053	2016	2015	1975	1965	1917	2059	2054	2006	2019	1737	1670	1701	1763	1660	1782	1672	1486	1544	1693	1525	1589	1509	1571	1583	1409	1388	1485	1694	1702	1655	1581	1575	1672	1672	1728	1526	1522	1610	1528	1391	1279	3896	4097	4019	4161	4033	4012	4037	4248	4315	4143	4734	4629	4659	4685	4733	4752	4825	4875	4941	4860	4768	4749	4657	4760	4648	4621	4584	4510	4469	4462	4630	4640	4626	4197	4100	3958	4529	4552	4575	4503	4479	4403	4209	4357	4195	4350	4408	4300	4490	4436	4506	4510	4306	4061	4158	4158	3988	4023	3976	4101	4175	4022	4038	3983	4096	4170	4099	4184	4278	4250	4162	4073	4036	3972	3978	4040	4337	4408	4311	4307	4244	4260	4400	4346	4351	4107	4175	4094	4245	4281	3767	4005	3998	3958	3921	3881	3953	3965	3936	3981	4022	4043	3867	3885	3969	3870	3840	4010	3832	3891	3874	3910	3887	3666	3592	3680	3492	3788	3327	3540	2242	2492	2552	2348	2357	2134	2059	2687	2749	2728	2836	2744	2767	2834	2672	2704	2703	2686	2708	2736	2738	2608	2758	2690	2684	2847	2935	2920	2896	2808	2894	2380	2433	2440	2481	2662	2795	2632	2637	2641	2580	2628	2570	2652	2574	2466	2383	2509	2559	2680	2719	2492	2502	2545	2414	2520	2493	2476	2506	2566	2497	2251	2416	2334	2513	2390	2447	2308	2320	2328	2329	2124	2026	2114	2145	1974	2110	2072	2161	2302	2172	2201	2031	2119	2286	2278	2176	2220	2269	2240	2273	2288	2302	2270	2290	1765	1790	2013	2078	2283	3110	3099	3026	2986	3083	2988	2984	2889	3039	3066	3053	2982	2973	2726	2978	2915	2899	2941	2976	2971	2889	2929	3053	3053	2986	3141	3137	3100	3178	3031	3152	3161	3332	3102	3219	3271	3181	3199	3220	3193	2961	2978	2896	2898	3421	3350	3330	3323	3209	3133	3187	3164	3097	3128	2468	2592	2722	2761	3040	2939	2833	2907	2907	3112	3345	3246	3623	3716	3689	3763	3777	3701	3910	3728	3666	3672	3768	3600	3697	3623	3502	3490	3579	3713	3730	3581	3729	3757	3657	3616	3252	3564	3511	3369	3452	3425	3203	2979	3206	3184	3115	3102	3609	3452	3530	3588	3633	3468	3516	3147	3445	3319	3302	3403	3361	3432	3301	3367	3053	3396	3438	3365	3239	3195	3319	3290	8546	9276	8688	8818	3942	4589	4823	4932	4751	4926	4677	4623	4345	4454	5115	5314	5255	5344	5273	5325	5276	4933	5105	4909	5077	4978	5283	5135	5233	5511	5405	5271	5427	5527	5472	5433	4923	5151	5039	5265	5260	5288	5765	6092	5883	5897	5585	5787	5737	5821	5712	6078	5965	6333	6337	6082	6173	6017	5895	6100	6053	5987	5491	5020	5089	5274	5616	5411	5583	5506	5589	5641	5653	5680	5688	5776	5729	5904	5890	5865	5728	5849	5083	5069	5250	5154	5528	5349	5435	7189	5809	7497	7765	7113	7386	7759	7428	7470	7991	7990	8077	6642	6356	6495	6388	6441	6396	6576	6685	6663	6564	6641	6744	6611	6658	6238	5891	5972	6081	6051	6098	6169	6123	6129	6287	6342	6377	5945	7338	7252	6936	7046	6918	6988	6781	6734	6631	6835	6862	6853	7349	7259	7077	7296	6288	6167	6326	6480	6585	6933	6867	6925	6985	7156	6791	6721	6918	6959	6941
ZNF484	901	897	827	735	837	897	705	827	767	645	863	737	875	887	931	887	777	836	635	605	710	495	438	287	264	543	581	547	626	658	550	571	507	623	540	563	2	1	1	11	1	11	8	8	14	76	78	49	36	19	30	42	55	51	60	48	139	84	108	108	145	117	204	154	232	288	231	216	264	255	274	356	375	382	341	539	453	496	358	349	335	380	209	297	1434	1413	1482	1568	1302	1362	1486	1512	1633	1580	1614	1591	1497	1563	1553	1495	1303	1466	1399	1482	1459	1415	1480	1589	1529	1451	1396	1468	1393	1433	1297	1349	1395	1414	1320	1610	1653	1586	1580	1557	1726	1752	1672	1558	1496	646	800	679	778	1051	1053	952	1043	1007	1128	1090	961	882	1276	1206	1060	1226	1293	1315	1442	1250	1231	1316	1290	885	1012	1093	1225	1086	1256	1182	1260	1220	1255	1732	1683	1685	2104	1912	1944	2107	2080	2103	2168	2057	2044	2028	2020	1978	1964	1941	1919	2037	1971	2101	2097	2203	2205	2099	2100	2143	2110	2238	2221	2161	2172	1804	1655	1965	1794	1843	1925	1844	1542	1665	1803	1691	1656	1623	1753	1695	1443	1454	1529	1783	1915	1735	1758	1725	1878	1756	1717	1679	1521	1680	1550	1326	1281	3793	3972	3959	4206	4012	3885	3983	4265	4276	4166	4798	4755	4791	4773	4846	4753	4780	4957	4972	4970	4844	4658	4712	4933	4687	4671	4655	4548	4389	4602	4696	4639	4669	4216	4295	4116	4487	4670	4634	4576	4456	4442	4283	4536	4288	4277	4397	4395	4495	4391	4513	4489	4234	4069	4288	4135	4147	4120	4137	4239	4284	4024	4158	4088	4219	4074	4269	4275	4277	4196	4282	4064	4064	3976	4047	4070	4282	4356	4330	4209	4292	4311	4536	4338	4503	4262	4194	4203	4323	4219	4020	4009	4057	4096	4085	3972	4056	3961	3862	4163	4127	4079	3947	3952	4111	3885	3958	3975	3972	3828	3966	3868	4060	3938	3554	3736	3337	3826	3358	3553	2363	2692	2647	2399	2540	2206	2209	2791	2916	2870	2989	2934	2881	2921	2826	2774	2934	2790	2919	2839	2792	2645	2764	2720	2899	3010	3145	3107	3135	3049	2896	2431	2711	2591	2615	2761	2855	2745	2833	2814	2754	2623	2710	2762	2789	2674	2505	2703	2783	2791	2797	2403	2473	2730	2461	2613	2639	2661	2711	2670	2651	2467	2565	2411	2650	2501	2554	2338	2292	2390	2437	2269	2051	2374	2279	2121	2274	2281	2289	2404	2305	2299	2331	2318	2345	2407	2291	2454	2402	2376	2378	2466	2376	2502	2438	1816	1751	2127	2229	2247	3154	3064	3178	3117	3070	3059	3210	3098	3237	3212	3166	3089	3190	2876	3146	2924	3021	3159	3132	3143	3067	3213	3163	3254	3207	3072	3228	3213	3359	3201	3287	3264	3410	3310	3367	3449	3370	3307	3328	3415	3033	3057	3012	3088	3564	3251	3463	3346	3395	3318	3339	3313	3129	3178	2418	2347	2641	2828	3194	2885	2874	3019	2912	3131	3428	3112	3875	3917	3767	3912	3976	3836	4115	3989	3787	3689	3609	3709	3771	3688	3630	3542	3649	3781	3756	3613	3778	3844	3800	3793	3256	3640	3598	3504	3532	3640	3250	2836	3125	3326	3202	3180	3684	3509	3705	3740	3756	3634	3602	3248	3606	3519	3275	3546	3611	3537	3442	3569	2992	3450	3476	3508	3406	3396	3364	3311	8222	8802	8338	8460	3967	4551	4723	4958	4922	4989	4765	4589	4442	4463	5269	5284	5267	5322	5257	5137	5211	4940	5075	4698	5105	4946	5167	5124	5138	5359	5276	5283	5303	5425	5385	5442	4945	5249	5181	5210	5141	5195	5702	5960	5805	5787	5453	5685	5621	5689	5561	6077	5829	6216	6148	5981	6031	5798	5894	5886	5944	5897	5328	4967	5096	5335	5539	5223	5516	5478	5602	5561	5564	5605	5558	5669	5703	5764	5865	5666	5648	5769	5066	4932	5212	5120	5462	5448	5361	6933	5605	7221	7497	6952	7076	7466	7264	7083	7702	7712	7944	6616	6281	6497	6321	6316	6313	6510	6457	6549	6511	6539	6589	6419	6563	5970	5831	5829	5933	6136	6020	6025	5879	5883	5973	6268	6237	5568	7322	7003	6718	6759	6840	6681	6561	6600	6353	6615	6706	6640	7061	7151	6869	7189	6116	6135	6030	6407	6410	6663	6709	6702	6755	6893	6686	6473	6652	6838	6717
ZFP62	858	903	796	749	863	825	692	767	835	647	830	727	821	865	924	885	772	858	628	625	648	522	410	294	267	510	568	552	619	651	557	579	493	664	501	568	5	1	1	11	4	9	11	8	13	64	122	58	28	32	32	45	57	51	64	51	140	98	104	105	125	130	203	153	202	292	234	209	289	257	258	347	362	350	324	504	498	489	339	369	339	389	219	343	1429	1409	1525	1432	1312	1360	1519	1524	1529	1554	1574	1533	1504	1530	1519	1489	1274	1473	1420	1407	1539	1414	1402	1509	1455	1490	1343	1498	1370	1385	1212	1320	1390	1434	1361	1617	1608	1610	1592	1600	1755	1679	1687	1530	1557	657	814	644	757	1061	1011	914	973	1009	1163	1102	858	942	1192	1133	1071	1187	1256	1270	1428	1276	1247	1296	1274	872	1076	1158	1223	1096	1211	1152	1204	1148	1218	1687	1656	1675	2036	1784	1808	2106	2112	2103	2023	1943	2022	2041	2034	1983	1970	1872	1838	1942	1919	2052	2102	2118	2236	2127	2000	2117	2092	2188	2100	2123	2143	1808	1629	1947	1726	1853	1834	1785	1561	1674	1729	1704	1726	1561	1711	1668	1389	1499	1549	1763	1900	1665	1773	1724	1801	1652	1602	1664	1522	1679	1467	1284	1287	3679	3857	3889	4163	3986	3809	3821	4108	4207	4123	4699	4689	4620	4644	4744	4608	4728	4760	4745	4785	4776	4640	4550	4686	4564	4502	4532	4400	4341	4566	4559	4506	4490	4167	4183	4023	4390	4471	4437	4547	4300	4370	4244	4423	4230	4198	4344	4377	4341	4354	4389	4400	4186	3978	4084	3939	4014	4054	4046	4195	4184	4036	4103	4021	4055	3994	4146	4107	4145	4033	4143	3973	3893	3954	3839	4004	4115	4287	4241	4082	4163	4177	4405	4212	4299	4088	4118	4156	4197	4117	3939	3875	3921	4020	3861	3891	3933	3841	3780	4050	3891	3954	3760	3870	3934	3854	3797	3865	3854	3657	3945	3818	3821	3752	3475	3602	3177	3762	3259	3392	2374	2647	2502	2288	2567	2225	2102	2822	2866	2827	2814	2863	2830	2888	2804	2713	2859	2692	2917	2800	2893	2666	2619	2735	2851	2926	3035	2946	3050	2908	2738	2429	2658	2583	2518	2713	2798	2666	2775	2780	2701	2567	2657	2640	2748	2611	2529	2600	2747	2669	2659	2312	2371	2592	2488	2520	2551	2592	2548	2672	2601	2314	2488	2484	2478	2468	2412	2388	2328	2306	2315	2248	2026	2317	2155	2167	2222	2273	2207	2341	2198	2247	2241	2325	2281	2384	2276	2474	2431	2234	2347	2416	2312	2368	2393	1747	1762	2116	2208	2165	3109	2956	3073	3133	2954	2960	3155	3043	3071	3217	3110	2965	3008	2961	3052	2930	3032	3113	3117	3096	2983	2980	3108	3162	3200	2980	3205	3250	3186	3116	3114	3143	3280	3211	3328	3273	3276	3212	3207	3329	2934	2972	3006	3046	3441	3231	3396	3238	3288	3316	3258	3304	3017	3149	2338	2343	2637	2708	3103	2767	2847	2999	2869	3095	3291	3118	3746	3819	3617	3743	3890	3733	3957	3887	3637	3630	3611	3620	3575	3595	3598	3433	3659	3654	3636	3562	3705	3754	3682	3718	3179	3460	3444	3369	3433	3522	3225	2876	3024	3164	3097	3133	3619	3426	3547	3601	3640	3548	3480	3235	3402	3427	3250	3481	3449	3445	3390	3467	2901	3294	3356	3430	3271	3365	3356	3221	7958	8412	8006	8149	3689	4437	4704	4817	4826	4836	4759	4618	4244	4335	5016	5077	5213	5205	5088	5062	5117	4771	4976	4629	4935	4849	5001	5018	5029	5299	5244	5160	5128	5258	5285	5313	4862	5079	5022	5092	4975	5100	5566	5840	5570	5560	5412	5474	5494	5614	5445	5834	5739	6029	5976	5834	5842	5684	5696	5772	5760	5759	5142	4805	4884	5223	5479	5162	5310	5398	5488	5366	5428	5392	5457	5461	5583	5530	5644	5578	5507	5496	4933	4866	5059	4935	5286	5258	5341	6585	5435	6946	7184	6714	6951	7141	6987	6840	7462	7440	7573	6354	6112	6247	6143	6139	6067	6214	6280	6263	6293	6286	6338	6214	6379	5834	5689	5624	5755	5918	5898	5811	5814	5788	5823	5984	6174	5231	7078	6686	6524	6586	6482	6505	6343	6404	6235	6419	6389	6408	6829	6978	6587	6952	5900	5977	5851	6094	6270	6526	6466	6437	6551	6725	6446	6261	6517	6653	6585
ZNF17	683	715	721	669	750	701	614	645	647	539	656	591	702	756	774	748	694	688	571	588	637	505	460	303	262	391	446	468	506	504	484	450	449	538	508	512	2	1	1	8	6	11	9	6	6	71	76	39	27	26	39	41	40	46	57	44	113	98	83	79	121	136	140	135	177	234	188	168	225	196	243	270	324	318	270	396	366	417	300	332	324	298	214	292	1250	1262	1275	1324	1233	1171	1325	1351	1325	1350	1268	1349	1317	1362	1329	1197	1125	1235	1184	1226	1197	1255	1269	1345	1271	1261	1237	1165	1174	1222	1169	1184	1197	1218	1333	1390	1345	1362	1386	1350	1494	1567	1412	1393	1345	780	774	715	710	856	825	869	878	864	887	891	879	751	1128	1137	946	1099	1126	1152	1125	1126	1107	1074	1149	871	900	911	1047	943	1025	986	998	962	1006	1692	1692	1691	1801	1755	1759	1825	1809	1767	1770	1788	1737	1675	1674	1766	1708	1661	1698	1869	1804	1888	1771	1908	1927	1897	1814	1814	1823	1879	1958	1837	1852	1635	1643	1657	1565	1641	1664	1664	1473	1594	1560	1510	1511	1504	1541	1492	1307	1377	1405	1553	1568	1475	1508	1505	1546	1538	1493	1576	1460	1563	1529	1288	1364	4019	4167	4072	4147	4050	3944	3983	4124	4150	4101	4517	4499	4530	4541	4484	4375	4600	4537	4549	4580	4574	4325	4291	4492	4287	4348	4250	4324	4247	4366	4390	4354	4395	4018	3974	3885	4178	4260	4132	4125	4063	4038	4023	4076	4056	4071	4143	4100	4226	4093	4279	4133	3985	3762	3836	3700	3775	3858	3844	3915	3900	3718	3838	3804	3896	3727	3869	3873	3927	3719	3802	3937	3854	3815	3761	3827	3930	4069	4051	3965	3963	3944	4068	3970	4011	3958	3828	3919	4024	4044	3659	3708	3731	3685	3691	3688	3663	3586	3485	3690	3695	3793	3529	3627	3736	3508	3538	3515	3520	3586	3738	3670	3701	3540	3425	3648	3580	3773	3475	3602	2312	2472	2505	2334	2383	2118	2189	2441	2548	2473	2593	2503	2619	2579	2542	2517	2554	2562	2573	2508	2615	2390	2495	2547	2557	2679	2685	2627	2734	2696	2646	2299	2311	2351	2313	2482	2455	2391	2414	2445	2413	2294	2435	2429	2387	2430	2308	2490	2538	2495	2549	2199	2309	2341	2167	2314	2251	2336	2327	2326	2244	2202	2241	2066	2281	2239	2245	2151	2055	2121	2180	2067	1909	2127	2063	2039	1953	1985	2037	2026	2024	2044	2015	1998	2086	2038	1985	2123	2097	2073	2089	2138	2042	2148	2102	1881	1847	2017	2065	2377	2707	2743	2866	2829	2829	2819	2811	2791	2804	2888	2862	2762	2715	2696	2807	2658	2774	2755	2762	2826	2921	2998	2815	2919	2882	2838	2857	2814	2893	2953	2953	2977	2962	2885	2964	2992	2952	2929	2961	2885	2801	2802	2799	2932	3046	2956	3038	3059	3050	3011	2976	2996	2961	2927	2607	2610	2690	2717	3037	2822	2777	2824	3031	3181	3370	3180	3451	3456	3439	3471	3537	3423	3597	3535	3450	3364	3390	3419	3373	3422	3376	3321	3241	3418	3399	3448	3507	3524	3568	3569	3190	3436	3439	3296	3366	3328	3087	2991	3134	3119	3042	3117	3284	3184	3230	3404	3334	3309	3301	2943	3149	3074	3078	3120	3215	3213	3097	3205	2832	3190	3257	3215	3217	3189	3176	3064	8408	8924	8242	8396	4076	4445	4566	4806	4715	4688	4568	4441	4246	4401	4900	4995	4981	4973	4892	4849	4879	4726	4771	4674	4853	4614	4758	4686	4713	4906	4992	4936	4985	5028	5064	5135	4846	4978	4908	4922	5002	4936	5554	5787	5574	5727	5666	5686	5612	5615	5490	5783	5695	5801	5802	5672	5679	5524	5581	5608	5621	5631	5359	5174	5102	5144	5411	5242	5342	5342	5440	5396	5293	5192	5332	5330	5356	5435	5420	5370	5255	5330	5075	4989	5157	4962	5251	5302	5220	6785	5747	7361	7341	7021	7181	7274	7142	7109	7872	7612	7722	6227	6123	6220	6189	6147	6110	6220	6350	6384	6090	6130	6263	6183	6251	6047	5810	5814	5911	5933	5815	6034	5899	5855	5940	6090	6133	5954	7072	6592	6643	6695	6680	6734	6568	6570	6589	6641	6654	6702	6872	6960	6858	7099	6157	6087	6208	6258	6338	6392	6347	6460	6493	6693	6571	6417	6523	6733	6585
ATAD3A	995	951	799	728	887	967	701	863	830	656	989	816	886	884	1001	935	759	851	617	565	711	463	437	271	304	619	645	572	629	743	606	590	489	687	504	597	4	1	1	20	2	13	12	8	23	83	106	66	38	21	30	41	64	52	66	28	137	94	111	110	173	132	246	153	279	306	237	232	318	297	294	415	393	372	305	559	532	499	338	367	378	489	187	312	1433	1415	1570	1515	1257	1412	1530	1569	1645	1678	1664	1641	1539	1476	1584	1615	1278	1498	1453	1531	1549	1417	1468	1574	1586	1516	1439	1588	1384	1438	1200	1349	1483	1426	1233	1609	1710	1687	1581	1608	1818	1746	1709	1519	1543	490	813	606	758	1216	1105	940	1045	1073	1232	1221	872	876	1298	1115	1089	1277	1298	1345	1510	1280	1269	1393	1352	821	1115	1163	1261	1064	1342	1100	1296	1246	1301	1644	1608	1588	2150	1822	1857	2155	2086	2097	2199	2009	2025	2128	2084	2067	1941	1909	1914	1998	1800	1976	2071	2162	2180	2115	2021	2191	2069	2325	2157	2161	2191	1770	1498	2033	1688	1846	1972	1810	1504	1612	1741	1628	1600	1639	1742	1733	1274	1371	1465	1805	2007	1646	1784	1742	1883	1679	1630	1676	1459	1603	1457	1263	1227	3413	3577	3645	3995	3770	3599	3622	3894	3995	3910	4487	4501	4413	4514	4458	4483	4432	4500	4585	4633	4585	4407	4344	4643	4437	4340	4382	4299	4120	4327	4350	4331	4315	3954	4018	3818	4203	4420	4344	4407	4144	4160	4011	4326	4082	3992	4184	4109	4210	4190	4225	4120	3890	3937	4010	3891	3827	3911	3870	3954	4009	3873	3985	3829	3999	3847	4078	4126	3980	3937	4117	3851	3764	3697	3798	3865	3889	4088	4108	3969	4004	4208	4355	4183	4382	3971	3895	3999	4163	3831	3817	3772	3839	3864	3760	3729	3894	3670	3705	4024	3800	3819	3794	3679	3814	3705	3786	3768	3785	3547	3779	3602	3781	3783	3346	3504	2881	3504	3158	3260	2222	2653	2405	2235	2447	2079	2051	2643	2844	2823	2868	2885	2755	2911	2778	2553	2940	2786	2891	2822	2642	2622	2627	2665	2903	2927	2960	3022	3050	2809	2677	2254	2685	2570	2572	2671	2787	2645	2858	2763	2690	2429	2572	2675	2768	2563	2546	2668	2641	2763	2684	2153	2369	2626	2315	2519	2532	2625	2649	2651	2544	2353	2505	2427	2537	2496	2472	2297	2323	2239	2306	2230	1943	2312	2198	2174	2331	2384	2311	2357	2253	2235	2264	2370	2243	2473	2300	2572	2444	2348	2408	2422	2358	2460	2393	1750	1532	2084	2095	2080	3062	2872	3023	3117	2891	2851	3092	3049	3181	3215	3146	2999	3141	2745	3072	2855	2995	3143	3156	3029	2815	2996	3045	3162	3145	2805	3140	3087	3200	2962	2975	3179	3275	3217	3380	3296	3204	3226	3215	3325	2836	2795	2918	2942	3388	3134	3328	3094	3247	3253	3192	3216	2898	2952	2071	2076	2430	2594	2977	2600	2674	2881	2706	2885	3247	2821	3726	3751	3579	3628	3805	3632	3947	3892	3653	3407	3407	3595	3471	3395	3402	3246	3428	3554	3558	3336	3528	3620	3576	3632	2978	3317	3376	3273	3416	3464	3000	2576	2811	3137	2897	3010	3503	3265	3589	3542	3640	3428	3511	3076	3425	3357	3149	3426	3460	3376	3372	3595	2670	3198	3279	3315	3154	3252	3207	3165	7506	7893	7516	7674	3688	4144	4403	4663	4591	4619	4480	4366	4128	4030	4915	4841	4979	4901	4800	4729	4829	4449	4825	4233	4724	4493	4770	4797	4783	5060	4995	4982	4880	4977	5053	5103	4566	4851	4795	4801	4705	4750	5295	5498	5239	5356	5095	5231	5168	5182	4987	5505	5342	5756	5666	5527	5540	5273	5402	5326	5485	5502	4849	4551	4630	5025	5103	4776	5110	5158	5188	5185	5086	5137	5110	5093	5316	5219	5325	5124	5235	5298	4748	4574	4860	4750	5072	5028	5030	6429	5097	6578	6843	6387	6491	6672	6614	6248	6947	7037	7211	6177	5799	6016	5878	5805	5766	5916	5774	5868	6086	6004	5932	5905	6048	5522	5366	5343	5424	5673	5563	5474	5414	5291	5377	5760	5718	4965	6668	6395	6093	6085	6163	6038	6075	6088	5835	6005	6073	6074	6362	6496	6304	6561	5631	5678	5526	5844	5884	6056	6145	5969	6168	6310	6088	5909	6092	6288	6104
ZBTB1	892	839	754	717	781	819	642	737	727	591	816	657	804	832	923	882	729	749	605	550	690	494	429	260	294	486	548	512	590	618	556	519	496	649	514	532	4	1	1	14	4	11	11	6	17	73	99	54	35	18	31	38	51	39	51	45	122	97	99	99	146	120	202	158	223	241	230	224	277	218	287	342	374	342	319	456	456	472	320	346	341	395	210	306	1317	1282	1388	1439	1218	1271	1407	1465	1546	1513	1490	1485	1367	1475	1435	1461	1226	1364	1346	1421	1374	1388	1408	1412	1449	1390	1312	1422	1269	1277	1149	1248	1312	1290	1242	1548	1521	1492	1473	1491	1614	1595	1626	1452	1489	603	768	645	729	1015	976	834	956	988	1103	1076	873	821	1176	1052	1024	1136	1164	1257	1375	1209	1199	1240	1253	858	962	1059	1089	983	1162	1073	1142	1130	1195	1659	1608	1601	2015	1720	1759	2028	1930	1969	2007	1869	1944	1874	1824	1866	1836	1819	1751	1932	1766	1904	1902	2041	2003	2010	1924	2006	1935	2145	2088	2028	2024	1710	1527	1873	1670	1696	1766	1663	1436	1545	1682	1521	1553	1597	1579	1570	1286	1362	1407	1665	1793	1555	1679	1628	1737	1561	1557	1619	1423	1491	1460	1277	1269	3596	3717	3770	3941	3767	3682	3643	3945	3993	3915	4490	4406	4438	4526	4446	4371	4440	4489	4533	4547	4518	4396	4297	4518	4417	4300	4285	4246	4080	4265	4343	4338	4311	3977	3986	3760	4135	4247	4279	4279	4085	4073	3925	4196	4037	4041	4165	4096	4083	4158	4207	4152	3900	3886	3930	3851	3777	3791	3795	3927	3938	3851	3832	3764	3843	3744	3931	3959	3928	3815	3912	3835	3779	3704	3738	3805	3838	4059	4025	3943	3924	4017	4127	3972	4128	3914	3879	4007	4064	3876	3743	3676	3723	3787	3645	3626	3774	3659	3548	3847	3726	3693	3646	3640	3702	3648	3628	3638	3664	3528	3692	3643	3672	3756	3329	3484	3052	3570	3169	3361	2211	2588	2409	2267	2379	2101	2043	2578	2773	2610	2731	2766	2583	2758	2684	2565	2665	2672	2715	2614	2604	2487	2625	2571	2671	2782	2853	2864	2851	2741	2648	2251	2569	2420	2453	2560	2622	2475	2643	2626	2589	2346	2498	2551	2586	2467	2410	2519	2520	2655	2622	2197	2302	2513	2314	2464	2416	2426	2431	2504	2445	2268	2402	2316	2408	2280	2377	2190	2250	2151	2192	2198	1946	2192	2108	2074	2133	2125	2148	2297	2102	2083	2155	2198	2136	2335	2184	2265	2284	2220	2262	2273	2179	2245	2256	1754	1591	2027	2003	2164	2886	2830	2887	2944	2801	2770	2921	2855	2946	3057	2904	2804	2885	2756	2919	2805	2907	2918	2992	2878	2818	2914	2969	3063	3073	2803	3020	2899	3056	2872	2960	3075	3064	3064	3159	3119	3075	3017	3066	3110	2740	2757	2824	2879	3236	2982	3155	3046	3069	3131	3059	3092	2890	2878	2223	2210	2455	2602	2895	2706	2688	2848	2811	2941	3209	2975	3556	3625	3454	3569	3642	3523	3755	3688	3427	3419	3349	3524	3329	3338	3334	3196	3362	3495	3480	3273	3493	3598	3469	3570	3034	3343	3328	3292	3305	3432	3042	2720	2910	3066	2921	2928	3372	3215	3383	3423	3449	3328	3419	3017	3249	3222	3088	3286	3281	3320	3273	3403	2783	3139	3232	3296	3101	3216	3217	3071	7603	8125	7610	7874	3653	4173	4386	4700	4572	4607	4474	4294	4086	4126	4829	4766	4901	4843	4757	4741	4810	4524	4748	4356	4727	4443	4680	4726	4693	4923	4935	4882	4868	4909	5032	5039	4609	4861	4798	4812	4818	4789	5243	5452	5295	5376	5246	5321	5225	5286	5170	5554	5385	5703	5642	5441	5539	5272	5418	5351	5417	5487	5085	4711	4802	5085	5164	4913	5094	5144	5238	5195	5111	5095	5089	5133	5267	5236	5294	5162	5211	5247	4824	4682	4840	4789	5064	5079	5014	6360	5185	6753	6895	6530	6632	6826	6768	6506	7177	7100	7333	6106	5856	5992	5925	5868	5794	5906	5892	6010	6037	5992	5989	5971	6005	5622	5460	5411	5531	5654	5642	5645	5508	5413	5462	5801	5825	5175	6706	6390	6215	6271	6315	6210	6177	6178	5997	6167	6218	6277	6531	6550	6418	6707	5810	5719	5672	5938	6002	6111	6059	6092	6170	6366	6239	6019	6178	6353	6199
TERF1	931	980	896	836	906	907	777	875	821	702	886	804	947	1006	1032	945	847	919	678	697	769	548	544	338	353	531	639	619	657	715	648	650	575	728	634	643	3	1	1	9	5	10	16	8	13	74	104	50	28	27	38	57	57	46	57	58	132	95	121	93	168	143	192	179	229	267	241	240	278	274	313	352	425	390	374	536	508	540	389	399	379	404	235	314	1578	1655	1617	1606	1467	1501	1593	1769	1755	1730	1734	1701	1709	1648	1734	1536	1424	1532	1545	1674	1597	1574	1626	1690	1670	1625	1545	1579	1517	1549	1487	1485	1479	1538	1582	1805	1792	1756	1762	1723	1943	1882	1869	1736	1668	711	911	780	944	1099	1102	1038	1120	1135	1240	1205	1060	1072	1375	1313	1181	1338	1372	1449	1520	1426	1415	1446	1470	1093	1147	1277	1337	1221	1381	1308	1301	1298	1339	1903	1870	1838	2302	2110	2224	2288	2348	2260	2317	2271	2301	2310	2224	2202	2167	2041	2100	2304	2222	2409	2382	2418	2435	2431	2336	2399	2320	2455	2433	2419	2398	2023	1931	2114	2082	2042	2151	2041	1740	1902	1988	1927	1889	1853	1832	1902	1643	1666	1765	1975	2100	1921	1926	1973	2066	1989	1972	1823	1745	1857	1740	1639	1561	4491	4660	4636	4868	4686	4636	4623	4857	4932	4809	5604	5464	5425	5527	5619	5559	5605	5712	5740	5791	5693	5483	5503	5670	5433	5430	5309	5288	5116	5247	5400	5395	5423	4779	4847	4716	5354	5376	5361	5381	5151	5129	4937	5169	4922	5057	5202	5081	5230	5097	5242	5233	4997	4757	4900	4768	4755	4722	4681	4834	4902	4693	4781	4749	4878	4882	4908	4932	5029	4908	4930	4763	4632	4651	4600	4714	5055	5093	5070	4940	5030	5081	5200	5090	5179	4853	4807	4857	4949	4984	4556	4660	4651	4676	4645	4534	4692	4637	4532	4793	4792	4700	4518	4505	4624	4477	4541	4621	4546	4439	4531	4394	4533	4352	4124	4314	3908	4333	3849	4136	2634	2930	2943	2733	2830	2534	2556	3294	3345	3219	3362	3257	3290	3349	3146	3198	3252	3177	3278	3265	3186	3138	3214	3123	3219	3378	3436	3492	3488	3400	3311	2754	3008	2943	2902	3147	3244	3097	3199	3122	3033	3023	3060	3113	3067	2879	2879	3026	3066	3126	3170	2861	2872	2972	2858	2929	2890	2917	2973	3008	2924	2747	2812	2775	2911	2802	2907	2745	2685	2746	2675	2616	2340	2459	2561	2443	2538	2478	2581	2640	2589	2597	2485	2613	2646	2741	2640	2789	2726	2640	2686	2738	2696	2781	2678	2026	2029	2362	2458	2687	3627	3594	3632	3589	3608	3506	3585	3512	3621	3645	3611	3547	3580	3400	3602	3404	3446	3521	3523	3522	3499	3534	3572	3700	3576	3631	3683	3658	3749	3626	3650	3684	3895	3743	3718	3869	3804	3776	3763	3805	3424	3481	3397	3494	4061	3885	3921	3920	3805	3728	3776	3695	3578	3691	2782	2824	3051	3120	3551	3301	3268	3478	3355	3553	3933	3694	4357	4446	4373	4495	4461	4411	4686	4555	4334	4277	4323	4253	4309	4209	4125	4136	4303	4278	4326	4118	4283	4351	4352	4305	3656	4082	4190	3933	4065	4025	3730	3500	3692	3704	3586	3569	4204	4049	4251	4303	4262	4102	4154	3739	4040	4000	3883	4074	4015	4032	3893	4062	3511	3906	4008	3993	3792	3807	3945	3746	10130	10729	10049	10183	4814	5299	5518	5786	5642	5801	5525	5358	5075	5188	6069	6190	6185	6201	6091	6174	6179	5911	5900	5702	5955	5821	6189	5964	6042	6461	6316	6180	6327	6372	6409	6413	5774	6041	5987	6066	6094	6035	6698	7036	6799	6763	6505	6716	6650	6686	6519	7233	6971	7402	7333	7141	7194	6967	6921	7077	7099	6966	6335	5852	6053	6293	6471	6221	6450	6550	6548	6523	6539	6558	6550	6668	6737	6831	6874	6812	6660	6785	5931	5923	6041	5997	6434	6342	6330	8577	6968	8648	8985	8344	8525	9071	8677	8563	9307	9319	9443	7910	7409	7542	7457	7491	7432	7613	7716	7622	7752	7747	7828	7672	7781	7102	6881	6884	7006	7098	7144	7112	7046	7067	7185	7354	7427	6810	8737	8529	7918	8091	8071	8047	7958	7866	7581	7980	7885	7851	8435	8462	8184	8536	7258	7153	7203	7528	7558	7992	7992	8046	8079	8281	7937	7741	7938	8107	8006
REXO4	962	1025	980	913	963	972	828	887	865	756	884	832	1006	1047	1107	966	851	943	683	719	801	586	542	329	343	551	661	609	681	698	665	625	588	768	647	699	3	1	2	8	5	11	12	12	12	82	107	54	30	30	37	51	65	53	58	53	142	109	129	106	161	149	210	192	233	270	265	216	316	296	285	368	414	401	393	559	540	550	416	434	406	408	249	354	1655	1725	1678	1717	1601	1565	1695	1787	1820	1841	1781	1757	1715	1710	1762	1604	1482	1622	1636	1708	1675	1654	1688	1802	1774	1691	1625	1663	1579	1641	1529	1587	1543	1579	1632	1872	1811	1876	1878	1802	2007	1986	1994	1856	1741	761	937	832	999	1186	1127	1065	1163	1179	1251	1263	1136	1057	1433	1387	1228	1355	1427	1564	1557	1483	1502	1474	1525	1089	1193	1288	1416	1212	1438	1362	1373	1324	1370	2004	1943	1964	2400	2239	2311	2385	2480	2382	2350	2402	2391	2363	2319	2296	2286	2177	2142	2457	2311	2503	2481	2553	2512	2516	2419	2494	2483	2528	2587	2558	2517	2166	2002	2227	2135	2171	2260	2110	1808	2012	2099	1980	1966	1884	1946	1962	1698	1732	1805	2039	2139	1993	1976	2048	2122	2102	2049	1899	1847	1959	1810	1657	1614	4626	4914	4891	5109	4925	4828	4777	5169	5206	5019	5860	5661	5630	5711	5838	5772	5898	5978	6053	5999	5947	5727	5726	5842	5638	5653	5556	5492	5307	5481	5669	5608	5641	5024	5056	4917	5513	5616	5556	5510	5444	5380	5107	5320	5130	5290	5389	5279	5416	5294	5449	5468	5238	4911	5104	4963	4896	4943	4888	5075	5118	4900	4963	4919	5086	5033	5154	5068	5225	5073	5117	4978	4870	4837	4776	4873	5222	5353	5310	5148	5186	5235	5469	5281	5366	5008	5025	4995	5134	5177	4784	4907	4873	4904	4841	4762	4865	4825	4711	4944	4930	4917	4678	4740	4821	4657	4784	4855	4775	4586	4734	4638	4750	4524	4266	4476	4071	4571	3991	4356	2817	3073	3173	2918	2914	2573	2641	3344	3427	3330	3524	3369	3393	3449	3320	3348	3389	3333	3434	3349	3276	3228	3340	3268	3400	3563	3650	3575	3612	3539	3498	2853	3130	3051	3038	3367	3359	3130	3247	3265	3199	3211	3254	3265	3227	3026	2999	3128	3231	3298	3302	2964	3010	3162	2908	3016	3079	3090	3131	3162	3043	2845	2929	2782	3060	2975	3061	2830	2792	2868	2812	2665	2483	2638	2663	2476	2645	2652	2714	2772	2716	2709	2678	2710	2777	2844	2680	2893	2896	2805	2807	2909	2752	2915	2815	2142	2174	2431	2507	2783	3706	3685	3802	3737	3792	3680	3742	3618	3735	3825	3779	3697	3674	3457	3768	3571	3605	3688	3740	3770	3626	3789	3723	3907	3784	3806	3847	3818	3988	3796	3869	3884	4076	3941	3965	4052	4012	3964	3930	3960	3588	3613	3545	3679	4178	3976	4130	4055	4012	3910	3885	3835	3775	3823	2870	3001	3235	3319	3791	3493	3444	3529	3572	3715	4126	3849	4532	4676	4488	4661	4702	4542	4854	4772	4548	4499	4521	4465	4488	4355	4352	4207	4385	4536	4502	4316	4487	4561	4466	4525	3824	4289	4368	4198	4173	4252	3876	3607	3865	3825	3789	3762	4394	4210	4372	4422	4494	4317	4272	3925	4284	4126	3984	4257	4241	4248	4084	4291	3639	4087	4237	4236	3978	3990	4088	4001	10213	10999	10344	10516	4767	5529	5753	6079	5919	6052	5687	5588	5278	5421	6214	6444	6488	6457	6354	6382	6433	6095	6153	5883	6202	6052	6404	6217	6255	6574	6540	6385	6549	6683	6643	6658	6026	6269	6258	6208	6339	6363	6929	7386	7026	7049	6814	7011	6860	6958	6856	7425	7222	7607	7663	7372	7376	7278	7137	7304	7343	7239	6627	6172	6292	6431	6806	6435	6685	6742	6868	6856	6848	6812	6848	6999	6948	7094	7107	7070	6879	7004	6212	6131	6386	6191	6735	6610	6514	8584	6918	8975	9224	8622	8878	9313	8921	8883	9703	9559	9740	8057	7694	7826	7742	7744	7711	7853	7990	8099	7955	7989	8084	7911	8057	7425	7219	7172	7266	7381	7380	7392	7362	7318	7502	7662	7697	7008	9014	8669	8276	8439	8333	8366	8157	8216	7943	8233	8263	8164	8759	8791	8470	8860	7571	7484	7599	7781	7870	8289	8240	8327	8362	8535	8251	8015	8223	8423	8262
PREB	1108	1077	949	929	1026	1052	845	931	924	774	1001	923	1032	1107	1151	1085	943	992	807	755	848	595	585	375	397	655	728	647	745	770	698	703	606	855	626	695	5	1	1	15	5	17	16	11	19	102	125	71	36	29	41	48	65	53	68	49	171	116	130	121	180	176	290	191	277	311	310	250	387	323	356	454	457	438	407	630	561	599	468	439	427	466	233	405	1760	1735	1818	1843	1605	1623	1857	1831	1911	1911	2006	1924	1832	1885	1826	1804	1577	1782	1638	1875	1870	1683	1726	1828	1813	1778	1694	1852	1640	1689	1553	1647	1710	1688	1591	1960	1985	1994	1953	1867	2099	2056	1997	1903	1916	756	1002	822	998	1269	1223	1105	1224	1272	1408	1315	1117	1094	1523	1355	1359	1487	1562	1610	1709	1623	1500	1642	1588	1104	1284	1369	1450	1280	1519	1386	1502	1444	1482	2117	1994	1998	2590	2321	2314	2608	2550	2543	2549	2427	2469	2496	2464	2435	2446	2344	2236	2406	2311	2476	2525	2653	2663	2572	2491	2607	2541	2751	2705	2621	2582	2175	1971	2399	2126	2235	2290	2196	1884	2019	2163	2062	2017	2001	2049	2012	1747	1767	1886	2164	2340	2067	2254	2110	2220	2136	2013	1987	1853	1948	1797	1633	1579	4511	4783	4796	5065	4822	4684	4710	5025	5128	4961	5721	5773	5641	5785	5797	5667	5811	5883	5920	5950	5865	5704	5643	5882	5688	5564	5520	5509	5339	5480	5604	5534	5560	5051	5167	4904	5439	5610	5562	5625	5336	5372	5226	5495	5221	5195	5328	5290	5355	5292	5368	5385	5123	4946	5085	5073	4917	4987	4906	5104	5114	4949	5019	4943	5036	5015	5182	5188	5151	5018	5146	4908	4867	4799	4782	4903	5067	5325	5302	5152	5101	5217	5467	5292	5349	4990	4977	5091	5176	5147	4850	4817	4902	4900	4797	4771	4835	4795	4677	5011	4880	4938	4737	4712	4849	4663	4781	4830	4836	4558	4785	4701	4775	4665	4290	4380	3843	4524	3977	4287	2814	3310	3092	2925	3101	2743	2547	3379	3553	3396	3546	3555	3522	3545	3483	3373	3534	3361	3557	3497	3413	3282	3368	3278	3582	3603	3774	3659	3764	3545	3425	2877	3210	3192	3128	3359	3394	3327	3459	3381	3351	3111	3248	3318	3385	3178	3186	3263	3350	3391	3343	2836	3015	3280	3016	3160	3118	3165	3217	3203	3115	2837	3060	3013	3175	3030	3024	2933	2964	2856	2839	2791	2507	2818	2770	2724	2766	2784	2746	2953	2787	2754	2758	2874	2786	2931	2798	3078	2930	2848	2944	2938	2887	2949	2988	2125	2038	2531	2694	2728	3845	3650	3804	3851	3793	3648	3828	3798	3829	3947	3867	3697	3788	3514	3815	3631	3783	3858	3868	3795	3678	3774	3844	3902	3955	3684	3928	3878	4077	3821	3865	3913	4050	4017	4148	4124	4039	3968	3958	4095	3605	3626	3709	3769	4271	4038	4169	3985	4041	4043	4075	4075	3724	3792	2847	2732	3121	3283	3767	3478	3492	3655	3495	3670	4143	3767	4635	4623	4541	4616	4687	4638	4918	4889	4609	4428	4467	4532	4399	4413	4389	4280	4442	4529	4557	4278	4506	4548	4512	4564	3897	4266	4256	4163	4293	4312	3879	3559	3742	3927	3756	3754	4454	4142	4430	4517	4512	4373	4415	3946	4324	4235	4011	4280	4210	4215	4183	4359	3576	4129	4162	4241	4019	4144	4113	3964	10019	10461	9935	10100	4785	5465	5627	5954	5907	6029	5709	5598	5228	5310	6195	6358	6382	6412	6238	6220	6320	5999	6138	5698	6092	5907	6216	6197	6211	6570	6475	6454	6404	6425	6524	6569	5897	6263	6134	6250	6173	6244	6814	7139	6871	6923	6615	6718	6686	6835	6523	7193	7099	7478	7410	7264	7312	6987	7042	7044	7142	7124	6385	5913	6105	6360	6580	6335	6491	6636	6750	6708	6635	6680	6670	6746	6877	6870	6945	6791	6843	6902	6082	6008	6246	6091	6520	6490	6438	8422	6868	8516	8898	8274	8563	8943	8602	8410	9204	9273	9485	7945	7469	7740	7536	7566	7482	7677	7735	7697	7892	7822	7824	7731	7939	7202	6942	6915	6976	7293	7277	7249	7022	7099	7129	7472	7538	6650	8767	8485	7999	8054	8050	8003	7890	7896	7657	7839	7947	7876	8430	8531	8136	8568	7318	7322	7256	7574	7597	8093	7959	7934	8082	8257	7993	7767	8007	8135	8016
DDIT3	1084	972	930	812	1016	998	711	887	885	748	935	882	945	966	1085	1217	988	974	818	869	820	822	543	340	331	696	641	558	746	788	664	693	556	730	576	626	2	1	2	19	9	17	10	15	23	99	99	105	41	32	44	64	76	59	69	62	164	122	115	132	191	213	258	218	271	309	321	271	345	258	368	428	454	413	392	600	602	588	391	404	360	464	357	439	1561	1566	1895	1782	1455	1688	1878	1789	1908	1903	1774	1830	1653	1826	1776	1789	1449	1630	1562	1725	1795	1603	1604	1727	1721	1649	1557	1731	1593	1660	1390	1664	1750	1702	1695	1797	1805	1932	1867	1770	1891	1990	1915	1862	1828	1144	1105	1046	912	1229	1230	1080	1212	1148	1375	1293	931	925	1531	1285	1263	1507	1616	1544	1700	1528	1407	1525	1561	1003	1149	1208	1411	1191	1399	1330	1463	1450	1427	2506	2337	2336	2461	2149	2102	2501	2312	2435	2391	2243	2252	2280	2337	2336	2293	2192	2205	2467	2197	2232	2242	2426	2460	2464	2417	2400	2419	2520	2420	2382	2375	2298	1847	2384	1890	2181	2194	2113	1936	1968	2051	1968	1904	1944	2132	2141	1652	1801	1815	2010	2263	1781	2105	2047	2025	1810	1828	2194	1995	2144	2022	1616	1723	5322	5381	5404	5241	5400	5187	5323	5301	5324	5214	5673	5685	5695	5587	5373	5230	5528	5550	5432	5578	5486	5274	5087	5307	5313	5303	5274	5315	5324	5436	5344	5456	5478	5203	5340	5103	4909	4923	4865	4912	4915	4925	5022	5273	5135	4942	5144	5214	5141	5133	5315	4961	4856	4411	4758	4573	4838	4864	4869	4876	4834	4587	4887	4674	4703	4385	4755	4634	4568	4303	4582	5106	4920	5016	4854	4823	4355	4852	4910	4703	4709	4828	4984	4810	4867	4815	4880	4962	5197	4734	4723	4568	4627	4654	4526	4541	4224	4159	4164	4508	4348	4428	4469	4638	4543	4173	4246	4177	4180	4388	4733	4825	4890	4717	4499	4728	4587	5084	4640	4738	3149	3477	3178	3090	3348	2900	2582	2951	3141	3124	3148	3318	3021	3194	3415	3072	3380	3270	3344	3160	3413	3039	3226	3199	3439	3429	3382	3338	3621	3339	3174	2855	3259	2933	3137	3012	3045	3043	3058	3171	3226	2665	3012	3004	3136	3210	3229	3330	3280	3240	3107	2374	2643	3050	2695	2846	2878	2942	2867	2937	2780	2870	2980	2659	2807	2885	2741	2617	2736	2464	2550	2763	2413	2958	2846	2775	2667	2637	2507	2691	2481	2492	2803	2749	2705	2879	2554	2771	2641	2665	2746	2771	2526	2757	2636	2777	2511	2896	3066	3089	3348	3214	3431	3671	3337	3244	3553	3457	3508	3545	3449	3230	3388	3424	3483	3353	3647	3616	3592	3614	3562	3740	3579	3808	3875	3184	3540	3522	3636	3652	3546	3825	3528	3699	3714	3697	3700	3471	3608	3647	3579	3403	3815	3900	3667	3450	3806	3587	3813	3840	3745	4040	3708	3661	3682	3497	3704	3769	3898	3550	3710	3834	4053	4380	4459	4104	4469	4495	4398	4157	4439	4049	4411	4409	4171	4092	3910	4384	4065	4186	4269	4094	3992	4202	4180	4525	4532	4516	4525	4705	4260	4467	4379	4365	4452	4355	4081	3737	3894	4261	4121	4255	3940	3807	3945	3928	4203	4164	4038	3763	3865	3729	3798	3954	4041	4010	4105	4135	3601	3906	4098	4246	4201	4298	3997	4058	9640	10198	9562	9740	4890	5588	5902	6009	5962	5904	5775	5603	5521	5558	6037	5822	5972	6016	5778	5634	5826	5569	5697	5267	5872	5429	5184	5428	5394	5623	5893	5890	5711	5793	6013	6242	6271	6232	6221	6046	6084	6036	6728	6953	6812	6958	7140	7164	7082	7043	6894	6803	6752	6737	6608	6542	6412	6319	6759	6475	6492	6635	6839	6584	6528	6689	6873	6660	6643	6710	6734	6662	6317	6055	6393	6253	6236	6227	6257	6233	6091	6131	6623	6288	6358	6370	6371	6559	6516	7329	6517	9038	8627	8658	8747	8203	8732	8451	9533	8936	9010	7207	7391	7468	7552	7507	7401	7386	7337	7691	6937	6971	7355	7211	7241	7779	7403	7343	7408	7123	7094	7464	7358	6926	6815	7305	7320	7297	8082	7310	8093	7999	8115	7980	7990	8048	8241	8223	8149	8339	8153	8227	8296	8517	7775	7772	7887	7795	7810	7353	7234	7480	7679	7761	8046	7787	7946	7999	7908
PRPF4	927	811	772	707	811	874	667	777	772	694	759	729	847	851	943	988	987	862	795	704	740	593	563	371	348	621	547	532	614	625	621	744	490	659	525	570	4	1	2	12	7	21	11	5	14	80	74	60	44	35	54	42	56	52	76	66	186	96	105	105	190	172	208	219	194	292	246	242	283	255	359	332	398	350	374	497	464	492	349	353	331	352	251	360	1488	1407	1610	1608	1463	1526	1684	1552	1613	1659	1593	1607	1440	1563	1621	1498	1365	1409	1328	1612	1538	1362	1405	1600	1512	1499	1432	1529	1438	1439	1266	1395	1538	1502	1420	1571	1581	1656	1620	1622	1711	1772	1744	1655	1704	952	945	902	848	989	1013	968	1009	963	1133	1112	960	909	1386	1217	1213	1264	1311	1367	1465	1294	1260	1290	1374	1055	1074	1078	1228	1097	1208	1148	1285	1218	1235	2071	2040	2004	2183	2005	1913	2243	2023	2134	2117	1938	1953	2042	2118	2055	2154	2043	2047	2111	2017	2063	2147	2254	2326	2197	2228	2190	2250	2303	2165	2102	2102	1892	1737	1946	1723	1890	1936	1941	1735	1959	1834	1787	1820	1863	1920	1761	1605	1701	1640	1831	1999	1700	1961	1810	1814	1652	1674	1894	1828	1925	1765	1512	1568	4723	4762	4839	5071	4891	4807	4864	4773	4902	4922	5498	5412	5403	5394	5247	5210	5429	5346	5420	5361	5399	5092	5146	5294	5111	5110	5126	5151	5260	5199	5255	5121	5182	4727	4993	4870	4742	4862	4939	4980	4693	4834	4974	5160	4942	4775	4854	4975	4899	4874	4952	4868	4821	4536	4623	4486	4593	4544	4636	4630	4533	4405	4603	4445	4559	4296	4566	4574	4442	4379	4470	4701	4544	4487	4441	4450	4362	4582	4685	4583	4584	4710	4800	4724	4756	4664	4594	4703	4840	4572	4520	4370	4411	4419	4342	4388	4236	4098	4228	4391	4290	4277	4183	4277	4321	4115	4162	4117	4239	4271	4542	4371	4402	4381	4149	4206	4152	4666	4060	4323	2955	3266	2775	2752	2958	2899	2624	2877	2981	2920	2980	3145	2896	3082	3149	2854	3140	3080	3069	3044	3141	2906	2920	2980	3157	3192	3112	3079	3341	3180	2977	2689	3049	2785	2800	2852	2849	2855	2985	2900	2922	2590	2753	2725	2974	2930	2857	3001	2980	2886	2957	2273	2518	2743	2536	2822	2614	2593	2600	2629	2588	2516	2541	2606	2640	2693	2517	2500	2557	2417	2500	2715	2340	2688	2629	2608	2378	2447	2272	2399	2221	2359	2426	2508	2488	2556	2430	2571	2463	2436	2523	2428	2335	2515	2451	2113	2165	2468	2815	2663	3243	3050	3232	3462	3239	3129	3421	3351	3282	3325	3172	3035	3151	3163	3202	3148	3522	3318	3280	3355	3313	3389	3418	3503	3527	3129	3335	3394	3301	3376	3347	3449	3349	3582	3565	3548	3411	3353	3446	3476	3445	3362	3364	3460	3579	3347	3526	3395	3445	3674	3608	3676	3339	3447	3135	3064	3169	3218	3469	3387	3306	3509	3634	3832	3969	3781	4192	4114	4100	4089	4305	4028	4192	4283	4086	4013	3917	4112	3930	3883	3915	3815	3869	4061	3947	3992	4117	4081	4297	4220	3723	3875	3993	3887	4037	3969	3841	3508	3558	3811	3536	3826	3794	3642	3796	3827	3923	3897	3893	3561	3660	3622	3680	3780	3769	3817	3814	3927	3305	3741	3704	3815	3763	3819	3705	3607	10205	10459	9692	9875	5342	5271	5414	5728	5732	5618	5443	5362	5235	5127	5952	5752	5863	5849	5643	5505	5633	5500	5685	5298	5595	5237	5457	5556	5410	5877	6110	5914	5765	5764	6004	5950	5858	5995	5982	5938	5841	5751	6456	6771	6643	6657	6937	6568	6665	6655	6483	6827	6671	6887	6810	6886	6767	6239	6586	6417	6591	6649	6390	6101	6164	6527	6427	6223	6509	6376	6439	6399	6012	6067	6189	6172	6493	6265	6445	6147	6177	6298	6025	5969	5998	5993	6197	6359	6257	8316	7228	8724	8714	8509	8595	8587	8531	8209	9309	8996	9158	7662	7278	7381	7315	7299	7323	7439	7355	7468	7333	7192	7286	7284	7336	7159	7063	6962	7006	7078	6928	7100	6906	6889	6861	7260	7163	7279	8546	7812	7909	7904	8034	7785	7962	7944	7828	7722	7887	7935	8096	8170	8135	8383	7337	7379	7341	7578	7602	7568	7559	7592	7685	7904	7900	7552	7549	7884	7715
JDP2	889	925	918	826	912	876	744	836	858	688	851	749	919	943	992	974	862	919	667	795	774	645	512	296	281	517	579	578	665	667	621	577	526	689	618	621	3	1	1	10	5	10	11	12	11	74	82	49	30	35	42	59	58	43	65	45	128	107	113	110	125	172	200	184	216	273	244	218	276	277	319	366	376	373	362	519	443	519	387	420	368	407	273	391	1559	1517	1594	1613	1440	1466	1729	1614	1735	1752	1606	1709	1618	1761	1640	1521	1464	1529	1483	1618	1566	1553	1567	1667	1645	1627	1434	1516	1500	1516	1411	1501	1553	1490	1559	1759	1638	1673	1775	1650	1853	1864	1814	1666	1695	893	901	866	916	1127	1115	1002	1079	1126	1161	1169	1077	936	1310	1302	1138	1330	1376	1423	1492	1368	1354	1386	1403	1020	1133	1183	1335	1187	1293	1230	1316	1220	1283	2049	1939	1949	2248	2112	2123	2209	2257	2203	2215	2175	2136	2152	2161	2134	2149	1983	2116	2294	2212	2304	2252	2340	2361	2309	2295	2269	2250	2366	2382	2307	2258	2029	1860	2060	1967	1992	2086	2031	1760	1896	1937	1804	1841	1810	1922	1909	1610	1690	1687	1944	2025	1839	1878	1842	1947	1864	1844	1925	1765	1946	1806	1549	1580	4758	4919	4890	4944	4817	4711	4836	5003	5028	4884	5350	5405	5428	5270	5331	5298	5430	5414	5462	5457	5387	5219	5047	5319	5182	5243	5150	5087	5066	5154	5238	5214	5205	4836	4838	4609	4968	4991	4952	4963	4951	4906	4769	5035	4805	4892	4947	4976	5075	5004	5090	4962	4737	4462	4704	4530	4512	4633	4654	4726	4781	4528	4650	4550	4645	4582	4581	4611	4669	4476	4561	4735	4622	4615	4481	4641	4664	4953	4837	4670	4692	4731	4838	4710	4829	4683	4733	4795	4896	4753	4369	4500	4478	4444	4395	4390	4295	4208	4232	4411	4331	4469	4353	4371	4516	4307	4258	4327	4226	4322	4468	4541	4519	4352	4227	4396	4146	4525	4077	4211	2808	3009	3027	2809	2945	2516	2437	3050	3066	3063	3123	3140	3145	3149	3126	3084	3110	3107	3135	3118	3186	2967	3134	3027	3185	3254	3267	3244	3323	3292	3219	2688	2929	2789	2900	2963	3101	2975	2971	3042	2998	2835	2981	2989	2969	2893	2858	3063	3041	3095	3036	2638	2780	2922	2758	2800	2815	2807	2791	2902	2783	2647	2783	2539	2780	2777	2707	2640	2627	2599	2569	2456	2311	2524	2557	2415	2467	2432	2504	2549	2475	2510	2451	2462	2618	2642	2453	2544	2571	2564	2597	2649	2531	2660	2564	2220	2217	2462	2582	2674	3364	3359	3457	3534	3385	3360	3450	3286	3383	3442	3415	3279	3334	3221	3365	3284	3377	3362	3411	3447	3390	3417	3455	3587	3501	3426	3438	3467	3576	3530	3545	3568	3588	3535	3650	3626	3582	3550	3583	3548	3361	3301	3454	3555	3698	3578	3772	3651	3697	3602	3601	3728	3440	3591	3139	3166	3280	3311	3577	3427	3406	3504	3550	3808	3990	3842	4247	4226	4170	4176	4331	4070	4339	4224	4111	4092	4094	4101	4113	4091	3994	3947	3993	4127	4129	4249	4342	4344	4287	4310	3825	4176	4110	4021	4074	3958	3719	3508	3699	3784	3770	3837	3874	3836	3920	3943	4084	3910	3974	3597	3806	3720	3683	3907	3866	3889	3857	3877	3554	3791	3912	3919	3859	3852	3898	3804	9328	10129	9495	9674	4337	5366	5660	5698	5547	5604	5384	5369	5120	5204	5858	5844	5874	5919	5773	5717	5806	5584	5656	5361	5683	5518	5544	5568	5616	5789	5904	5821	5817	5987	6070	6087	5773	5894	5871	5848	5869	5907	6498	6821	6626	6738	6531	6785	6686	6651	6596	6713	6671	6833	6804	6565	6581	6556	6645	6650	6600	6575	6409	5917	6006	6176	6510	6265	6390	6300	6448	6427	6248	6185	6318	6303	6305	6460	6353	6344	6196	6258	5940	5905	6046	5997	6192	6266	6179	7424	6211	8572	8628	8159	8391	8365	8431	8351	9093	8766	8864	7191	7144	7251	7255	7274	7210	7207	7340	7499	7064	7101	7384	7186	7229	7246	6889	6958	6978	6878	6871	7106	6995	6862	6949	7050	7176	6781	7986	7714	7775	7866	7812	7776	7630	7738	7692	7881	7808	7938	8125	8069	7993	8175	7295	7239	7403	7412	7468	7511	7369	7553	7639	7780	7660	7515	7724	7715	7717
ZFP36	750	640	620	574	666	712	554	635	628	571	617	605	678	683	807	818	795	667	1063	722	697	654	689	511	736	409	502	394	461	450	499	543	498	610	453	485	5	1	1	6	5	17	14	10	12	55	68	44	21	29	53	45	34	46	56	113	112	88	117	80	345	157	164	167	170	188	213	141	246	196	272	274	285	334	358	349	417	426	300	277	273	270	302	347	1261	1264	1378	1516	1336	1298	1446	1224	1377	1330	1386	1361	1291	1385	1291	1354	1020	1166	1102	1260	1325	1190	1219	1271	1240	1196	1114	1291	1133	1180	1060	1218	1252	1410	1373	1299	1399	1418	1458	1388	1492	1465	1390	1379	1614	1009	1027	949	716	810	874	840	874	780	922	902	774	838	1252	961	1196	1175	1109	1104	1211	996	1089	1096	1119	853	905	869	982	924	1024	918	1101	1003	1015	2142	2139	2093	1866	1714	1671	1930	1689	1712	1806	1661	1636	1695	1797	1836	1793	1863	1790	1849	1772	1730	1891	1967	2025	1844	1952	1811	1883	1971	1785	1836	1838	1693	1509	1697	1464	1674	1613	1634	1535	1599	1501	1514	1573	1504	1569	1585	1370	1412	1484	1578	1593	1474	1670	1518	1473	1381	1376	1784	1764	1745	1699	1445	1491	4924	4851	4885	5258	4759	4757	4587	4438	4777	4792	5093	5209	5147	5239	4749	4881	4593	4737	4758	4923	4796	4438	4703	4848	4555	4500	4773	4549	5006	4994	4853	4711	4868	4466	4811	4618	3893	4485	4471	4399	4240	4359	4812	5074	4882	4443	4510	4531	4444	4558	4499	4390	4347	4204	4211	4125	4040	4173	4203	4102	3933	3784	4146	3881	3932	3632	4158	4098	3779	3853	3943	4262	4198	4314	4165	4182	3581	4003	4163	4077	3932	4501	4352	4342	4301	4424	4171	4417	4713	4084	4030	3800	3997	3787	4096	3964	3984	3448	3723	3904	3725	3655	3800	3694	3821	3402	3619	3504	3722	4149	4209	4124	4097	4410	4103	4052	4347	4609	4498	4439	2926	3030	2482	2452	2721	2893	2610	2294	2629	2447	2521	2873	2482	2529	2734	2455	2811	2628	2641	2475	2704	2576	2633	2641	2724	2780	2727	2686	2904	2643	2561	2313	2715	2463	2447	2317	2404	2534	2661	2481	2558	2127	2255	2243	2493	2566	2527	2705	2505	2646	2481	1981	2195	2299	2009	2316	2261	2231	2212	2182	2200	2214	2256	2339	2382	2189	2060	2041	2150	2046	2429	2315	2127	2445	2537	2509	2067	2036	1822	1989	1860	1929	1992	2197	2127	2338	2080	2157	2086	2039	2076	2130	2017	2076	2077	2364	2232	2361	2584	2919	2777	2732	2989	2797	2802	2611	2942	2806	2923	2874	2703	2522	2807	2716	2631	2765	2995	2940	2879	2754	2857	2965	3058	2968	3139	2487	2918	2956	2869	2920	2924	3145	2897	3224	3206	2996	3070	2875	2958	3093	3219	3103	2972	3122	3076	2657	3050	2876	2955	3307	3167	3304	3054	2881	3310	3311	3234	3201	3153	3266	3330	3311	3835	3936	3997	3764	3890	3772	3647	3473	3832	3667	3703	3912	3624	3265	3252	3715	3394	3469	3559	3401	3268	3520	3348	3588	3698	3670	3937	4014	3550	3611	3577	3692	3872	3800	3643	3167	3300	3648	3461	3731	3190	3034	3302	3285	3510	3339	3542	3232	3199	3205	3048	3208	3334	3309	3408	3671	3218	3316	3314	3379	3447	3568	3204	3235	13260	10709	9831	9770	8134	5089	5260	5404	5738	5381	5064	5020	5310	4849	5745	5130	5388	5497	5124	4881	4893	5020	5186	4886	5155	4291	4909	5036	4787	5482	5780	5506	5394	4779	5529	5483	5938	5698	5818	5744	5339	5290	6282	6281	6418	6421	7345	6757	6562	6525	6335	6474	6675	6423	6226	6642	6326	5347	6114	5530	6228	6229	6415	6697	6475	6815	6070	5849	6350	6605	6360	6220	5429	5544	5628	5464	6185	5649	5582	5299	5663	5730	6137	6091	5974	5758	6070	6235	6070	11258	10312	9325	8789	9029	8673	8054	8509	7454	9867	9316	9094	8425	7336	7374	7430	7225	7209	7428	6904	7002	7383	6865	6831	6985	7109	7144	7194	7062	7179	6830	6825	6709	6672	6523	6390	7057	6887	8681	8760	7643	7669	7558	8335	7813	8352	8120	8544	7622	8275	8143	7629	8076	8346	8306	7436	7594	7983	7928	7707	6873	7098	6672	7320	7694	8056	7826	7206	7684	7454
RORA	664	677	679	621	648	657	594	605	625	588	565	550	697	719	755	869	704	795	722	859	711	810	515	282	239	416	437	428	527	432	484	523	544	541	529	543	1	1	1	5	6	7	7	14	6	81	92	48	19	35	39	39	52	58	33	81	123	87	90	71	110	188	135	160	151	213	226	176	207	203	283	266	312	284	344	315	322	426	305	313	284	285	386	387	1094	1223	1367	1367	1227	1262	1460	1264	1370	1422	1249	1307	1302	1398	1363	1189	1071	1151	1097	1239	1255	1266	1164	1216	1235	1243	1166	1187	1238	1184	1196	1290	1186	1329	1565	1346	1283	1356	1326	1313	1395	1454	1487	1469	1516	1451	1032	1047	743	796	823	874	875	833	915	828	856	769	1180	1154	1115	1185	1197	1184	1102	1133	1111	1012	1110	941	860	840	1068	993	1005	907	948	973	966	2411	2260	2195	1844	1826	1773	1847	1755	1772	1745	1646	1664	1640	1684	1716	1694	1595	1742	1973	1950	1840	1713	1788	1888	1966	1916	1698	1858	1792	1783	1770	1771	1840	1698	1720	1481	1649	1643	1627	1654	1740	1678	1620	1662	1633	1758	1694	1436	1652	1615	1555	1573	1391	1533	1512	1468	1378	1442	1866	1819	1897	1939	1472	1840	5615	5695	5617	4949	5394	5106	5220	5046	5247	5029	5078	5138	5283	4902	4812	4541	4986	4840	4708	4733	4744	4626	4431	4507	4533	4687	4631	4769	4902	4954	4774	4863	4933	4747	4923	4811	4174	4111	4037	4104	4241	4195	4444	4562	4577	4506	4658	4735	4601	4663	4648	4306	4242	3751	4016	3828	4246	4157	4316	4211	4043	3925	4152	3997	4006	3777	3976	3860	3734	3502	3751	4693	4538	4655	4381	4305	3700	4127	4206	4052	4031	4081	4121	4064	3946	4258	4324	4423	4538	4246	4039	3913	3930	3939	4091	4025	3453	3409	3403	3655	3593	3774	3757	3962	3891	3528	3542	3400	3452	3915	4345	4513	4322	4251	4391	4443	4993	5115	4864	4772	2998	2993	2893	2758	3076	2741	2521	2318	2434	2335	2463	2594	2494	2477	2840	2637	2699	2694	2567	2545	2917	2510	2673	2647	2768	2733	2644	2595	2855	2741	2774	2542	2531	2450	2550	2380	2346	2340	2393	2505	2601	2201	2507	2339	2405	2731	2678	2890	2729	2667	2583	1997	2264	2351	2137	2257	2207	2215	2141	2165	2161	2357	2377	2010	2161	2252	2124	2089	2186	2105	2055	2193	2061	2513	2485	2413	1950	2008	1936	1938	1862	2025	2144	2168	2224	2225	1926	2017	2006	2167	2147	2032	1950	2050	1998	2660	2673	2653	2858	3160	2552	2618	2797	2937	2923	2743	2821	2783	2627	2806	2719	2600	2625	2905	2741	2748	2921	2815	2835	2858	3190	3126	2954	3068	3095	2663	2857	2829	2831	3238	3059	3177	2805	2932	2859	2945	2953	2771	2907	2817	3326	2993	3247	3454	2855	2767	3136	2912	3177	3171	3137	3436	3431	3325	4106	4019	3686	3647	3450	3475	3421	3602	4317	4537	4257	4207	3721	3767	3656	3500	3657	3323	3429	3549	3452	3563	3363	3701	3531	3646	3664	3657	3242	3521	3528	4268	4106	3991	4017	4225	3961	4076	3923	4133	4078	3774	3751	3831	3797	3949	3924	4194	3098	3224	3155	3172	3300	3544	3326	3162	3153	2992	3243	3245	3264	3297	3452	3403	3472	3323	3618	3622	3853	3841	3590	3609	9639	10418	9321	9639	4936	5588	5665	5690	5564	5332	5360	5344	5355	5375	5397	5152	5268	5381	5061	4991	4996	5237	5076	5067	5358	4796	4514	4609	4634	4711	5224	5120	4989	5112	5274	5597	6064	5668	5806	5524	5696	5532	6365	6581	6598	6780	7269	7150	7024	7016	6987	6311	6261	5922	5895	5941	5628	5709	6256	5860	5878	6064	6926	6946	6562	6542	6637	6686	6529	6320	6423	6458	5754	5437	6009	5814	5590	5523	5594	5674	5285	5395	6594	6345	6181	6061	5853	6239	6143	6894	6563	9300	8482	8844	8888	7865	8553	8555	9764	8749	8525	6427	7118	7004	7301	7166	7095	6832	7084	7503	6110	6285	6788	6703	6607	7861	7458	7452	7489	6718	6662	7426	7373	6838	6682	6847	6923	7947	7463	6546	8085	7899	7965	8089	7847	7978	8517	8230	8248	8514	7976	7863	8315	8361	7851	7800	8118	7753	7680	6734	6543	7141	7182	7261	7843	7636	7753	7718	7604
NFE2	796	777	717	666	771	767	621	710	648	637	711	690	769	801	848	820	740	774	697	711	763	595	552	365	330	431	487	487	578	566	489	564	542	582	528	551	5	1	2	7	7	11	10	5	7	67	81	38	32	24	33	40	41	43	45	58	105	90	89	93	132	151	181	120	199	247	213	195	238	202	303	281	308	335	342	406	386	426	346	320	280	304	281	325	1340	1357	1457	1404	1341	1327	1500	1411	1456	1469	1398	1432	1389	1474	1394	1330	1267	1285	1226	1469	1362	1339	1374	1369	1380	1342	1244	1358	1287	1339	1235	1250	1398	1369	1431	1518	1486	1504	1481	1549	1581	1595	1571	1524	1545	971	934	899	800	889	901	890	924	908	967	941	912	806	1268	1096	1121	1265	1203	1186	1280	1162	1194	1212	1213	1045	984	948	1055	1054	1112	1070	1067	1118	1071	2123	2087	1945	1943	1839	1889	1913	1888	1919	1917	1885	1912	1861	1885	1818	1854	1881	1914	2070	1973	2015	1966	2064	2063	2010	2065	1999	2028	2084	2008	2015	2007	1839	1663	1851	1733	1754	1714	1740	1665	1697	1711	1634	1631	1694	1715	1744	1483	1551	1565	1628	1739	1634	1704	1627	1621	1593	1549	1794	1692	1824	1801	1451	1622	4936	4991	5012	4959	4790	4757	4723	4710	4840	4801	5084	5139	5182	5086	4902	4842	5030	4972	4896	5054	5063	4753	4741	4981	4863	4827	4770	4856	4905	4825	4927	4971	5007	4605	4786	4647	4481	4555	4525	4623	4521	4501	4583	4711	4659	4645	4535	4722	4677	4639	4767	4530	4466	4190	4315	4173	4260	4316	4358	4294	4324	4028	4290	4173	4187	4008	4256	4242	4135	4010	4098	4378	4426	4397	4379	4358	4120	4426	4422	4328	4309	4423	4451	4409	4411	4332	4433	4465	4601	4389	4123	4076	4144	4052	4073	4146	3988	3822	3914	4006	3874	3978	3965	3968	4061	3814	3899	3762	3845	4113	4210	4332	4303	4225	4154	4236	4425	4576	4248	4313	2750	2851	2787	2691	2833	2681	2379	2699	2768	2697	2707	2845	2730	2761	2893	2737	2813	2768	2797	2766	2918	2714	2846	2760	2922	2842	2904	2853	3021	2899	2834	2459	2619	2537	2600	2598	2642	2610	2689	2719	2699	2515	2627	2586	2626	2688	2678	2850	2777	2723	2710	2285	2433	2575	2371	2505	2537	2468	2425	2435	2411	2347	2477	2276	2391	2399	2287	2278	2370	2302	2298	2325	2127	2392	2414	2326	2190	2162	2149	2170	2096	2127	2215	2210	2298	2351	2248	2291	2275	2247	2327	2248	2196	2255	2262	2270	2259	2381	2535	2758	2936	2946	3055	3124	3004	2934	3057	3006	3044	3043	3012	2908	2988	2975	2921	2900	3076	2976	3095	2982	3145	3101	3156	3244	3232	2966	3157	3132	3181	3189	3296	3233	3128	3251	3274	3264	3243	3129	3219	3224	3091	3103	3127	3309	3313	3119	3320	3275	3311	3381	3385	3441	3261	3326	3375	3327	3262	3347	3412	3338	3446	3331	3663	3905	3948	3918	3997	3849	3784	3755	3838	3752	3905	3928	3734	3643	3677	3793	3733	3728	3681	3656	3615	3709	3675	4016	3998	3965	3992	4107	3791	3946	3963	3906	3910	3829	3576	3459	3574	3817	3633	3722	3509	3467	3524	3577	3648	3569	3629	3427	3426	3349	3391	3460	3467	3485	3545	3586	3405	3521	3578	3643	3577	3689	3552	3515	9924	10263	9348	9661	5078	5238	5447	5548	5412	5320	5242	5229	5138	4992	5506	5375	5539	5462	5286	5284	5392	5274	5321	5170	5321	4981	5058	5093	5120	5348	5657	5525	5363	5431	5694	5786	5760	5653	5758	5621	5627	5649	6414	6503	6571	6660	6831	6802	6700	6584	6535	6439	6526	6441	6307	6349	6206	6014	6307	6119	6270	6249	6448	6250	6066	6193	6267	6260	6272	6226	6184	6291	5785	5719	6066	5883	5888	6008	5889	5847	5756	5798	6016	5938	5947	5903	5908	6041	6071	7784	6907	8795	8571	8424	8474	8074	8319	8114	9309	8817	8728	7217	7015	7049	7105	7184	7134	7102	7090	7241	6800	6756	6936	6883	6974	7345	6986	7069	6996	6760	6679	6917	6845	6774	6707	6843	6899	7605	7798	7252	7770	7636	7969	7711	7801	7816	7908	7851	7962	8017	7832	7840	8045	8137	7440	7475	7588	7547	7563	7073	7033	7173	7372	7587	7671	7568	7544	7551	7553
SMARCC2	589	537	546	527	537	540	475	495	522	505	463	494	548	586	595	822	593	645	654	810	595	861	509	226	177	372	358	326	461	389	353	414	441	414	440	432	1	1	3	6	5	19	8	12	7	62	65	42	18	36	47	43	32	50	48	45	75	81	99	72	101	198	137	142	144	172	163	133	198	150	226	191	226	220	282	279	291	374	260	245	219	239	459	390	934	986	1189	1151	1024	1089	1285	1072	1209	1186	1045	1148	1041	1213	1094	998	909	945	903	1030	1056	1056	921	1028	1071	1056	977	972	992	988	990	1128	1082	1110	1550	1145	1093	1163	1147	1100	1162	1263	1208	1278	1288	1495	957	1073	687	654	706	734	773	664	709	678	646	609	1036	925	970	1064	1025	963	963	933	911	846	905	809	686	659	853	830	790	754	829	768	771	2488	2229	2138	1509	1585	1499	1547	1389	1443	1520	1363	1391	1345	1395	1467	1467	1423	1539	1855	1673	1506	1408	1479	1547	1616	1682	1406	1529	1530	1460	1512	1444	1665	1475	1498	1235	1372	1335	1387	1570	1446	1436	1395	1409	1438	1556	1531	1252	1521	1370	1273	1313	1123	1273	1276	1240	1103	1152	1784	1694	1758	2004	1326	1765	5756	5691	5745	4587	5384	5021	5127	4756	4894	4663	4470	4679	4796	4312	4085	3907	4351	4214	3992	4154	4192	3935	3691	3782	3867	3998	3967	4066	4409	4481	4225	4313	4336	4395	4571	4485	3499	3360	3233	3301	3591	3539	3863	3962	3996	3967	4079	4191	4124	4051	4056	3706	3684	3148	3428	3277	3679	3692	3811	3750	3555	3359	3640	3426	3331	3015	3371	3186	3081	2805	3015	4229	4169	4326	3930	3996	2943	3553	3608	3417	3389	3479	3412	3362	3240	3692	3843	3917	4008	3683	3477	3354	3284	3309	3455	3595	2800	2784	2878	2929	2903	3143	3150	3352	3316	2949	2908	2700	2696	3518	3772	4206	4144	3865	4239	4191	5072	4905	4790	4663	2904	2731	2664	2735	2900	2685	2161	1827	1948	1987	2029	2188	2047	2004	2444	2233	2291	2296	2176	2151	2590	2221	2252	2228	2399	2314	2180	2066	2388	2348	2326	2281	2223	2138	2259	1975	1905	1985	1965	2020	2223	1718	2005	1900	1936	2396	2484	2568	2358	2320	2178	1687	1857	1990	1775	1895	1877	1868	1733	1762	1697	2042	2147	1698	1785	1975	1769	1691	1776	1663	1776	1867	1902	2318	2195	2193	1643	1728	1569	1675	1523	1646	1810	1845	1908	1856	1580	1671	1605	1795	1763	1676	1581	1716	1650	2731	2806	2536	2713	3120	2040	2176	2271	2388	2393	2265	2385	2281	2284	2250	2189	2054	2110	2551	2228	2287	2500	2325	2436	2521	2745	2701	2527	2609	2778	2227	2433	2396	2340	2724	2552	2733	2333	2439	2356	2375	2454	2259	2402	2293	2914	2682	2905	2985	2274	2242	2573	2376	2691	2728	2618	3013	2963	2827	4270	4273	3754	3784	3169	3017	3320	3403	4330	4535	4027	4117	3216	3156	3191	2938	3050	2691	2783	2909	2916	2884	2698	3186	3026	3124	3082	3240	2704	2993	3030	3980	3669	3494	3620	3853	4011	3774	3682	3782	3753	3426	3430	3478	3473	3764	3926	3984	2531	2657	2521	2586	2867	2936	2785	2808	2512	2362	2791	2705	2779	2740	2942	2901	3317	2863	3197	3098	3455	3544	3164	3249	8609	9412	8377	8773	4384	5220	5416	5166	5100	4766	4868	4839	4990	5043	4654	4338	4561	4637	4266	4161	4223	4486	4331	4458	4673	3969	3544	3763	3795	3820	4303	4295	4114	4217	4431	4872	5739	5133	5314	4959	5118	5064	5812	5850	6097	6394	6939	6932	6853	6682	6726	5451	5511	4963	4967	4942	4605	4819	5532	4985	5017	5322	6789	6911	6329	6106	6212	6352	6065	5844	5803	5892	5043	4486	5291	4955	4721	4790	4585	4787	4405	4430	6430	6047	5818	5748	5220	5684	5640	5605	5813	8944	7759	8481	8468	6710	7964	7835	9309	7918	7644	5496	6482	6194	6646	6574	6481	6121	6182	6753	5042	5296	5849	5780	5641	7660	7135	7314	7206	5933	5991	6897	6906	6105	5801	6165	6226	7902	6298	5313	7510	7170	7437	7402	7261	7531	8469	8005	7966	8307	7168	7054	7790	7641	7630	7362	8030	7194	7268	5782	5591	6145	6321	6309	7185	7160	7178	6981	6959
H4K20me1	475	533	507	498	458	511	445	438	410	460	437	429	544	542	585	543	563	512	689	515	552	509	1615	835	713	374	351	348	321	294	342	320	392	386	349	352	2	1	2	3	1	25	4	9	8	55	46	21	16	23	33	30	23	39	30	79	69	44	92	71	223	130	107	79	100	151	120	109	134	139	205	156	219	249	249	284	261	298	204	190	198	157	223	260	1081	999	1000	986	1101	1009	1054	987	976	982	1098	956	1001	962	919	959	825	809	796	887	974	918	902	928	888	919	907	895	819	876	930	851	904	923	1065	1124	1087	1025	1113	1121	1159	1099	1094	1111	1249	883	707	742	612	573	608	625	651	620	660	619	691	581	936	818	962	843	790	793	834	806	764	819	846	733	726	672	704	726	724	746	730	644	704	1750	1700	1613	1481	1405	1413	1409	1326	1330	1370	1345	1358	1370	1356	1394	1401	1465	1421	1533	1460	1403	1439	1620	1565	1515	1548	1454	1515	1542	1471	1475	1408	1353	1295	1323	1236	1213	1253	1237	1254	1219	1263	1180	1208	1172	1182	1188	1266	1145	1089	1205	1153	1263	1237	1171	1129	1151	1119	1384	1515	1429	1429	2286	1299	4207	4199	4363	4942	4087	4298	4082	3870	4160	4135	4411	4433	4327	4563	4203	4428	3887	4589	4376	4443	4315	3919	4664	4440	4023	3987	4128	3995	4526	4204	4247	4295	4290	3790	4091	4140	3748	4379	4042	3930	3809	4050	4803	4525	4201	4057	3975	3970	3995	3928	3921	3926	4188	4030	3841	3802	3484	3592	3600	3422	3311	3052	3433	3386	3453	3295	3548	3603	3412	3559	3423	3701	3647	3713	3702	3602	3228	3679	3627	3655	3469	4000	3783	3817	3757	3869	3723	3642	3793	3688	3427	3381	3373	3282	3604	3506	3704	3485	3719	3414	3330	3198	3330	3093	3296	2807	3275	3176	3287	3751	3688	3594	3549	3687	3614	3420	4137	4170	3666	3741	2389	2333	2149	2101	2245	2528	2013	1785	2225	1922	2151	2314	2190	2186	2162	2052	2180	2155	2151	2080	2296	2112	2221	2292	2157	2249	2190	2204	2390	2228	2141	2093	1971	2035	1957	1931	2077	2209	2216	2024	2023	2014	1902	1976	2015	2023	1954	2136	2117	2045	2099	1865	1856	1914	1632	1816	1882	1890	1756	1773	1743	1765	1790	2051	1995	1844	1706	1694	1681	1767	1963	2331	1878	1862	1889	2158	1629	1539	1479	1591	1630	1547	1536	1641	1733	1832	1687	1761	1713	1586	1669	1689	1637	1633	1720	1655	1932	1899	2168	2576	2519	2495	2496	2297	2416	2342	2417	2335	2428	2354	2404	2313	2311	2016	2280	2304	2256	2392	2357	2333	2393	2417	2439	2384	2433	2302	2708	2427	2458	2382	2528	2561	2567	2738	2667	2516	2507	2486	2645	2634	2807	2910	2393	2515	2757	2349	2572	2534	2472	2629	2801	2633	2500	2509	2643	2848	2772	2711	2740	2728	2912	2691	3336	3410	3421	3270	3325	3167	3200	3200	3169	3272	3252	3427	3187	2839	2754	3042	2928	2951	3014	2916	2824	2986	2824	2884	3139	3094	3431	3215	2941	2995	2992	3078	3159	3134	3162	2601	2795	3112	2953	3109	2734	2572	2788	2907	2955	2838	3069	3035	2824	2770	2788	2634	2812	2843	2720	2983	2991	2923	2757	2815	2725	2946	2714	2731	13457	10834	9758	9904	8179	4540	4669	4717	4901	4661	4480	4469	4775	4086	5086	4608	4741	4803	4564	4470	4395	4603	4678	4336	4478	3887	4764	4697	4502	5281	5453	5020	5110	4514	4992	4895	5272	4878	4949	5270	4712	4867	5746	5766	5958	5814	6399	6200	5988	5821	5820	5821	6247	5980	5970	6315	6234	5079	5357	5357	5898	5616	5662	5971	5767	5892	5294	5075	5685	5985	5583	5351	4921	5173	5178	5067	5753	5537	5131	4972	5452	5523	5215	5479	5393	5155	5426	5437	5437	11661	10771	8579	8629	8572	8108	8149	7987	7551	9322	9194	9358	8302	6737	6850	6737	6803	6835	7226	6356	6431	7234	6452	6350	6599	6737	6165	6625	6471	6458	6206	6142	6006	5889	6175	6055	6355	6295	9263	8294	8142	7277	6915	7731	7169	7887	7491	7776	7060	7524	7336	7299	7471	7835	7646	6789	6919	7095	7265	7277	6898	7028	6593	7068	7380	7292	7432	6584	6977	6993
H3K36me3	308	349	297	331	301	298	289	287	294	303	271	260	338	329	375	340	371	296	511	282	365	226	835	1133	511	248	242	214	200	228	214	205	272	222	235	217	3	1	2	7	4	27	5	9	4	24	27	15	16	11	15	30	21	14	30	72	37	29	54	40	170	72	85	44	44	97	82	74	101	89	144	109	118	190	178	197	213	163	162	131	114	108	92	121	730	699	656	670	753	651	650	570	632	601	809	639	714	630	599	643	466	612	524	564	649	555	640	646	609	627	584	598	552	608	598	591	634	611	633	693	764	736	797	882	810	725	678	718	931	418	525	337	409	372	406	412	368	388	405	454	452	437	665	455	684	530	541	504	560	503	476	573	575	436	507	445	452	477	451	490	465	438	502	845	1126	1126	1028	894	923	983	910	896	938	878	886	918	1002	972	959	1079	955	908	917	952	1106	1155	1154	935	1000	1064	1047	1039	987	1011	964	855	862	824	808	856	871	853	752	791	705	756	807	694	827	706	887	716	696	824	772	982	906	763	774	813	749	853	950	848	743	1502	666	2388	2336	2346	3541	2368	2590	2223	2263	2568	2668	3065	3211	3078	3523	3019	3173	2470	3179	2965	3206	3011	2569	3502	3247	2778	2647	2875	2696	3161	3008	2944	2775	2875	2378	2727	3010	2483	3647	3026	2943	2613	2695	3717	3396	3053	2765	2708	2652	2550	2700	2682	2793	3026	2925	2703	2585	2475	2492	2476	2263	2072	1999	2413	2279	2329	2169	2508	2628	2397	2581	2453	2292	2193	2254	2283	2287	2241	2394	2401	2482	2317	2982	2760	2915	2874	2808	2503	2487	2741	2531	2466	2238	2367	2269	2584	2270	2787	2521	2758	2546	2384	2134	2234	1968	2229	1830	2318	2285	2510	2673	2452	2155	2193	2532	2134	2101	2318	2500	2136	2377	1539	1600	1266	1215	1325	2110	1636	1260	1597	1335	1503	1697	1480	1551	1481	1339	1496	1499	1487	1400	1524	1483	1439	1444	1455	1602	1611	1538	1719	1608	1467	1300	1509	1373	1252	1303	1458	1580	1632	1331	1355	1304	1218	1324	1359	1322	1189	1356	1308	1329	1432	1263	1295	1255	1030	1223	1264	1267	1260	1302	1171	1112	1159	1589	1487	1250	1167	1114	1136	1211	1398	1589	1144	1215	1373	1506	1208	987	930	1071	1051	1029	1002	1113	1134	1328	1304	1316	1217	1078	1100	1125	1159	1105	1172	811	971	1077	1261	1566	1723	1664	1714	1523	1675	1512	1742	1655	1769	1719	1661	1571	1651	1336	1478	1521	1599	1686	1547	1600	1550	1621	1649	1624	1671	1473	1753	1768	1701	1562	1694	1742	1837	1999	2112	1801	1781	1776	1927	1936	1850	2080	1568	1604	2000	1562	1669	1725	1652	1891	2030	1768	1625	1588	1366	1394	1504	1399	1709	1827	1823	1602	1947	1949	2201	1827	2461	2191	2109	2128	2310	2488	2407	2579	2264	2044	1830	2057	1932	1922	2072	1900	1943	2046	1834	1654	1946	1864	2272	2080	1613	1670	1811	1826	2093	2233	2016	1492	1763	1787	1636	1815	1923	1662	2043	2002	2080	1930	2147	2132	1978	2083	1742	1786	1898	1941	1940	2145	1686	1881	1790	1819	1739	1881	1621	1688	11556	7859	7040	7184	8034	2852	2766	3112	3609	3285	2929	2945	3283	2510	3858	3242	3476	3325	3155	3003	3108	3119	3370	2888	3100	2560	3397	3590	3239	3997	4127	3713	3830	3029	3617	3187	3534	3315	3400	3651	2977	3132	4005	3972	3865	3701	4507	3799	3715	3598	3442	4246	4676	4477	4284	4840	4782	3423	3665	3707	4133	4214	3479	3963	3900	4311	3261	2861	3772	4193	3862	3598	3293	3659	3334	3425	4397	3975	3672	3496	3969	4031	3411	3534	3524	3206	3934	3817	3615	10807	10031	5804	6139	6139	5502	5980	5256	4787	6706	6648	7175	6789	4933	5136	4723	4590	4822	5065	4353	4211	5724	4757	4440	4691	4984	3635	4406	4053	4153	4432	4353	3819	3822	3928	3984	4652	4297	6805	6898	6333	4796	4652	5434	4962	5809	5335	5220	4425	5005	4604	4698	5477	5328	5280	4288	4492	4604	5092	4922	4954	5104	4632	4882	5396	5213	5022	4045	5014	4703
H3K27me3	362	324	264	289	262	331	299	264	267	262	304	294	353	343	397	331	348	281	736	239	330	177	713	511	1415	183	237	206	180	223	268	215	268	274	236	238	5	1	2	4	4	22	11	6	7	21	41	17	17	14	12	22	30	16	28	111	28	41	61	49	495	40	85	63	85	79	65	64	99	110	153	112	114	221	239	190	178	171	134	139	151	109	76	139	672	611	579	909	706	605	691	558	594	569	710	603	626	546	595	688	491	590	563	589	593	544	589	633	555	554	573	629	555	542	550	555	562	675	499	627	742	724	688	787	814	679	621	704	792	283	461	393	356	398	403	405	359	353	404	422	426	630	651	463	541	499	445	465	595	409	492	546	515	451	526	442	419	454	493	479	519	399	501	796	1004	1016	953	844	845	895	883	802	871	850	848	871	882	881	857	1060	956	859	845	898	1002	1094	1014	939	986	954	924	1107	883	1021	956	673	779	783	738	793	773	755	679	750	674	715	687	737	653	683	608	576	643	735	666	921	808	710	672	740	704	768	855	696	688	777	602	2048	2021	2042	3019	2056	2276	1849	1995	2233	2279	2777	2637	2592	3146	2632	3090	2145	2622	2714	2763	2720	2341	2877	3083	2507	2340	2702	2381	2595	2676	2494	2595	2610	2047	2267	2197	2056	2844	3024	2718	2400	2529	3157	3115	2910	2364	2259	2270	2238	2521	2364	2567	2355	2828	2526	2515	1885	2240	2067	2059	1871	1828	2056	2030	2070	2097	2295	2442	2176	2676	2311	2015	1976	2011	2072	2116	2017	2022	2113	2296	2145	2822	2466	2688	2741	2632	2143	2189	2456	2202	2008	2078	2214	2015	2532	1925	2937	2159	2555	2436	2343	1943	2004	1759	1999	1700	2144	2118	2321	2550	2102	1852	1948	2558	1994	1769	1798	1927	2028	2065	1282	1355	1118	949	1077	1516	1444	1177	1583	1256	1368	1546	1330	1498	1303	1194	1381	1318	1326	1223	1195	1352	1279	1334	1222	1420	1486	1510	1551	1375	1263	1071	1321	1197	1072	1201	1307	1472	1584	1256	1214	1289	1110	1159	1183	1191	1022	1149	1105	1311	1321	1142	1073	1165	912	1196	1171	1197	1231	1155	1203	963	909	1513	1451	1098	1066	1030	1062	1026	1777	1217	1125	1065	1351	1138	1097	972	945	958	1002	907	908	1037	1061	1270	1122	1208	1199	991	1027	1120	1159	1072	1158	880	812	928	1023	1410	1729	1611	1997	1385	1525	1386	1565	1479	1702	1538	1481	1422	1721	1153	1333	1377	1427	1582	1476	1376	1343	1397	1576	1477	1542	1249	1574	1594	1575	1373	1499	1658	1673	1972	1965	1642	1688	1666	1715	1809	1597	1664	1249	1349	2004	1458	1652	1476	1440	1755	1686	1502	1438	1281	1077	1232	1254	1198	1409	1511	1558	1448	1732	1628	1867	1579	2136	1988	1931	1965	2131	2343	2274	2427	2123	1597	1717	1870	1776	1696	1866	1593	1783	1889	1662	1439	1671	1799	1943	1774	1432	1536	1474	1546	1802	1978	1576	1272	1497	1600	1409	1505	1808	1604	1852	1930	1938	1707	2063	1782	1814	2086	1485	1607	1709	1780	1727	2089	1482	1668	1549	1580	1448	1598	1487	1382	12297	7022	6478	5784	8360	2349	2408	2713	3094	2935	2523	2486	2855	2224	3404	3023	2982	3185	3039	2920	2618	2796	2949	2646	2578	2117	3758	3358	2925	4258	3903	3442	3787	2636	3390	3001	2924	2880	3001	3434	2703	2843	3513	3303	3447	3314	3945	3333	3165	3245	3058	3849	4309	4322	3941	4578	4572	2805	3116	2998	4147	3665	2915	3351	3289	3633	2787	2550	3334	3756	3359	3314	2696	3429	2911	2870	4302	3358	3304	2909	3747	3752	2902	3271	3308	2839	3576	3347	3339	11908	10735	5267	5654	5177	4731	5307	4585	3447	5588	6254	5852	7254	4333	4535	4469	4144	4139	4962	3849	3501	6008	4897	3978	4333	4744	3182	3718	3618	3757	3936	3999	3105	3236	3389	3635	4024	3853	5908	6367	6221	4028	4085	5088	4352	5326	4604	4624	3686	4488	4064	4084	4835	4732	4601	3756	3881	4185	4590	4362	4053	4757	3595	4420	4995	4760	4700	3696	4256	4175
PAF1	649	584	527	437	577	589	388	543	510	391	619	486	531	551	655	696	621	517	409	416	431	372	374	248	183	547	388	304	429	461	392	435	277	438	329	354	1	1	1	15	2	12	4	6	16	69	62	68	26	18	22	24	55	39	45	32	106	49	70	93	110	120	170	123	161	181	169	190	218	153	216	275	306	252	193	426	320	376	234	195	201	310	162	206	874	844	1103	956	845	958	1033	997	1078	1077	1124	1033	908	984	1000	1001	829	953	929	1009	1063	852	873	1059	967	968	921	1041	864	947	775	917	1033	957	793	1028	1068	1124	1036	1060	1121	1159	1103	999	1029	505	611	506	533	702	695	581	686	642	791	780	493	521	885	708	738	806	845	844	1024	900	764	898	919	594	628	746	795	657	799	791	808	887	874	1315	1192	1231	1344	1169	1171	1448	1324	1412	1409	1273	1250	1383	1375	1316	1295	1238	1137	1341	1119	1189	1332	1432	1412	1346	1364	1413	1390	1508	1408	1391	1368	1363	942	1374	1021	1212	1264	1198	1088	1120	1191	1143	1037	1114	1243	1122	849	938	941	1138	1359	1005	1216	1130	1200	1038	1015	1138	1034	1183	1033	1011	887	2575	2638	2815	3010	2778	2668	2755	2809	2847	2800	3099	3089	3032	3182	3121	3055	3078	3096	3116	3153	3200	2968	3065	3111	2908	2981	2906	3010	2929	3091	3105	3047	2965	2861	2947	2806	2841	2991	2848	2933	2751	2856	2986	3000	2875	2685	2871	2864	2900	2912	2927	2800	2700	2675	2807	2704	2661	2719	2767	2757	2688	2629	2732	2685	2666	2584	2777	2680	2659	2556	2722	2715	2624	2660	2671	2646	2460	2799	2790	2631	2669	2793	2889	2749	2865	2703	2726	2736	2858	2569	2647	2584	2638	2670	2504	2613	2531	2581	2592	2661	2527	2536	2571	2552	2551	2413	2531	2459	2457	2450	2685	2592	2661	2661	2422	2420	2256	2705	2239	2415	1677	1885	1669	1626	1739	1522	1367	1693	1846	1809	1835	1964	1767	1932	1920	1683	1980	1852	1905	1807	1931	1790	1721	1783	1979	1946	1998	1997	2063	1935	1702	1654	1822	1739	1672	1738	1757	1807	1818	1865	1781	1546	1658	1765	1860	1784	1704	1799	1867	1739	1745	1358	1500	1753	1504	1601	1663	1647	1705	1682	1595	1570	1661	1637	1663	1644	1565	1561	1575	1433	1502	1725	1308	1594	1496	1544	1531	1548	1450	1564	1392	1411	1524	1557	1467	1637	1514	1655	1535	1533	1566	1574	1498	1599	1549	1237	1221	1521	1674	1524	2005	1914	1897	2129	1913	1790	2047	2044	2071	2081	2001	1845	2021	1927	2029	1866	2145	2071	2061	2081	1961	2007	2064	2135	2164	1793	2148	2017	2075	2027	1917	2095	2085	2185	2201	2190	2110	2063	2090	2195	1982	1917	2076	2106	2243	2034	2162	2035	2137	2131	2229	2243	1972	2086	1690	1690	1843	1889	2125	1843	1965	2010	2070	2259	2358	2020	2481	2524	2421	2398	2574	2417	2575	2617	2414	2376	2126	2463	2229	2327	2363	2195	2283	2341	2357	2410	2518	2422	2456	2547	2193	2364	2313	2327	2382	2370	2243	1859	1944	2298	2159	2207	2339	2127	2321	2265	2439	2347	2284	2206	2275	2199	2164	2288	2266	2211	2302	2383	1863	2194	2253	2321	2187	2269	2170	2241	5737	5750	5449	5585	3036	2939	3144	3346	3248	3264	3242	3114	3014	2876	3378	3262	3457	3345	3237	3107	3356	3071	3270	2869	3218	3162	3184	3205	3143	3454	3464	3440	3384	3369	3503	3444	3383	3438	3411	3480	3361	3424	3737	3844	3742	3858	3790	3873	3773	3730	3683	3896	3854	3990	3819	3868	3782	3735	3854	3841	3790	3880	3598	3397	3416	3667	3694	3521	3671	3768	3723	3653	3518	3538	3604	3461	3682	3679	3640	3693	3548	3644	3429	3405	3487	3399	3586	3545	3592	4665	4009	4781	4971	4749	4700	4736	4783	4676	5167	5058	5265	4363	4146	4325	4216	4233	4218	4244	4157	4171	4211	4096	4206	4176	4214	4117	4035	3945	3955	4007	4029	4056	3858	3777	3707	4102	4126	4039	4835	4517	4522	4369	4555	4254	4447	4496	4320	4394	4428	4428	4581	4661	4573	4734	4123	4234	4054	4227	4327	4320	4310	4267	4339	4488	4465	4323	4371	4463	4439
ZNF260	674	671	567	533	618	649	494	581	568	446	645	548	639	661	728	641	547	579	502	437	487	358	351	242	237	388	461	410	430	476	404	440	356	487	340	386	2	1	1	10	2	9	10	3	11	64	82	38	29	15	28	30	43	38	45	35	89	61	78	76	109	107	160	91	176	184	160	143	222	187	196	258	293	291	225	380	349	324	251	265	267	306	143	242	1109	1037	1085	1040	947	988	1088	1100	1136	1139	1187	1165	1105	1116	1087	1106	936	1051	1040	1059	1100	1010	1075	1126	1112	1069	981	1106	969	1066	882	970	1007	1011	926	1180	1194	1153	1180	1188	1266	1203	1228	1127	1135	457	605	491	581	795	765	677	749	748	860	850	641	620	896	760	813	857	872	966	1030	907	910	985	962	621	793	805	855	752	913	857	932	848	902	1259	1207	1221	1499	1267	1304	1580	1458	1552	1549	1450	1456	1494	1505	1472	1469	1388	1346	1423	1353	1453	1464	1557	1626	1529	1477	1558	1446	1663	1582	1557	1613	1318	1210	1444	1304	1349	1427	1292	1102	1196	1271	1175	1202	1105	1267	1191	1009	1047	1120	1314	1358	1221	1384	1265	1349	1241	1211	1280	1102	1208	1065	979	895	2773	2798	2912	3148	2915	2770	2902	2978	3078	3019	3399	3497	3381	3485	3410	3421	3415	3484	3417	3531	3496	3319	3354	3450	3297	3298	3308	3279	3247	3260	3335	3217	3242	3002	3103	2932	3110	3383	3230	3304	3168	3225	3172	3297	3085	3059	3221	3114	3176	3207	3195	3184	3057	2965	3030	2929	2956	3022	2904	2950	2960	2884	3016	2933	2987	2920	3058	3047	2990	2900	2991	2942	2872	2864	2831	2897	2933	3112	3072	2979	2970	3152	3191	3143	3126	2960	3002	3009	3117	2969	2889	2812	2906	2894	2825	2789	2890	2785	2744	2901	2855	2845	2810	2768	2868	2703	2811	2804	2782	2803	2867	2759	2844	2804	2584	2698	2356	2792	2427	2557	1728	1983	1869	1731	1793	1629	1562	1947	2115	2003	2083	2116	2000	2103	2012	1910	2129	1990	2083	2050	2013	1988	1980	1898	2075	2174	2166	2235	2282	2163	2044	1749	1997	1845	1860	1984	2055	1949	2131	2005	1979	1830	1934	1933	2034	1977	1871	1900	1997	2000	1979	1666	1742	1935	1692	1801	1841	1841	1924	1909	1848	1703	1818	1825	1915	1853	1805	1679	1714	1687	1699	1636	1445	1711	1626	1599	1683	1638	1657	1734	1650	1596	1617	1682	1683	1755	1655	1804	1768	1692	1755	1812	1686	1778	1707	1298	1223	1539	1663	1598	2215	2137	2216	2231	2179	2141	2318	2182	2317	2345	2259	2202	2293	2044	2218	2093	2225	2291	2283	2288	2061	2205	2273	2295	2280	2128	2377	2307	2394	2241	2255	2309	2426	2374	2513	2434	2386	2358	2379	2457	2197	2149	2208	2208	2468	2278	2444	2347	2401	2419	2460	2453	2179	2211	1695	1664	1940	1999	2274	2084	2125	2192	2109	2273	2463	2302	2807	2715	2615	2746	2847	2718	2883	2888	2713	2628	2570	2787	2565	2571	2599	2431	2555	2668	2683	2520	2710	2670	2715	2729	2286	2495	2616	2489	2557	2598	2336	2026	2240	2354	2299	2264	2553	2457	2564	2638	2623	2579	2631	2388	2572	2489	2338	2475	2533	2498	2446	2649	2068	2410	2525	2531	2405	2483	2448	2372	6095	6239	5918	5978	2991	3255	3430	3543	3551	3576	3435	3401	3182	3099	3750	3685	3758	3730	3662	3620	3626	3456	3649	3290	3550	3385	3598	3593	3617	3860	3869	3798	3751	3767	3888	3887	3580	3785	3725	3750	3650	3689	4008	4243	4104	4119	4048	4102	4016	4059	3963	4304	4226	4418	4374	4314	4261	4024	4122	4091	4182	4180	3882	3640	3678	3870	3966	3718	3989	4005	4035	4039	3926	3951	3973	3958	4157	4058	4113	3931	3981	4125	3658	3624	3772	3713	3911	3904	3895	5053	4188	5228	5325	5071	5114	5278	5190	5023	5548	5526	5656	4768	4537	4678	4529	4566	4486	4628	4571	4613	4647	4567	4577	4582	4624	4350	4254	4246	4263	4359	4339	4333	4227	4213	4252	4426	4476	4112	5305	4986	4758	4812	4873	4801	4796	4796	4724	4694	4765	4800	5000	5072	4993	5145	4466	4472	4480	4637	4653	4740	4805	4672	4755	4915	4760	4665	4712	4834	4785
ZNF530	607	606	599	534	578	595	512	547	552	468	572	512	619	609	647	558	532	578	394	428	487	326	348	214	206	304	410	419	435	421	405	360	363	446	374	388	4	1	1	7	4	11	10	3	10	50	68	18	21	19	31	45	34	24	45	31	87	72	74	60	90	65	119	102	152	184	169	132	202	172	184	223	246	257	222	331	285	324	265	266	238	262	157	197	1037	1021	967	988	919	895	999	1053	1066	1071	1051	1048	1028	1049	1009	984	909	964	932	1015	950	967	1072	1031	1025	1021	940	974	932	946	916	872	939	919	951	1142	1103	1063	1075	1096	1246	1138	1157	1053	1014	443	515	442	538	738	672	632	671	733	767	770	672	596	825	813	747	845	845	917	942	857	860	893	896	624	703	796	809	799	894	792	819	739	830	1161	1158	1121	1483	1316	1359	1475	1402	1404	1415	1415	1458	1379	1345	1372	1317	1300	1346	1359	1357	1466	1426	1493	1485	1508	1410	1472	1465	1527	1501	1501	1456	1251	1176	1297	1233	1243	1355	1268	1050	1165	1226	1099	1174	1113	1136	1185	1032	1012	1034	1204	1247	1170	1126	1180	1255	1248	1175	1154	1010	1127	1062	934	969	2660	2766	2755	2888	2770	2648	2686	2929	2933	2802	3353	3307	3335	3303	3339	3350	3350	3408	3444	3420	3319	3248	3262	3346	3246	3198	3168	3159	3045	3127	3211	3238	3238	2924	2988	2850	3162	3237	3259	3185	3118	3106	2932	3143	2976	3054	3075	3033	3042	3051	3132	3108	2969	2854	2860	2891	2800	2840	2819	2853	2864	2847	2844	2759	2927	2860	2902	2986	2996	2896	2987	2796	2847	2760	2801	2825	3027	3088	3014	3003	2979	3009	3135	2941	3108	2894	2853	2905	2983	2965	2761	2806	2843	2826	2811	2649	2877	2758	2690	2900	2811	2826	2721	2707	2783	2710	2716	2808	2774	2621	2713	2671	2742	2635	2445	2570	2300	2588	2266	2439	1615	1811	1797	1629	1721	1543	1484	1960	2020	1921	2037	2000	1967	1989	1945	1905	1992	1938	2007	1944	1965	1824	2002	1890	1944	2021	2120	2089	2093	2017	2033	1640	1856	1795	1790	1868	1940	1837	1925	1923	1881	1817	1859	1890	1885	1801	1779	1829	1883	1913	1926	1713	1754	1857	1695	1823	1804	1792	1811	1826	1805	1611	1750	1604	1712	1658	1739	1664	1635	1667	1633	1554	1425	1493	1505	1455	1506	1516	1583	1638	1618	1568	1521	1542	1619	1685	1566	1675	1658	1639	1662	1663	1639	1662	1673	1207	1207	1473	1482	1551	2152	2149	2168	2164	2166	2140	2140	2081	2202	2256	2191	2151	2087	1972	2193	2063	2136	2153	2174	2142	2073	2112	2170	2187	2146	2180	2226	2197	2278	2205	2273	2259	2344	2288	2296	2332	2280	2296	2284	2286	2036	2064	2024	2109	2377	2302	2371	2375	2330	2274	2300	2232	2145	2134	1683	1651	1839	1903	2163	2029	1973	2034	2082	2154	2313	2243	2691	2645	2626	2668	2690	2647	2818	2732	2607	2545	2625	2546	2511	2531	2489	2467	2525	2609	2580	2503	2620	2607	2531	2642	2227	2479	2482	2399	2416	2478	2246	2083	2231	2217	2146	2162	2484	2458	2500	2611	2560	2457	2549	2266	2477	2451	2293	2435	2425	2471	2447	2410	2101	2394	2378	2358	2287	2305	2406	2244	5858	6187	5832	5954	2738	3189	3276	3480	3429	3439	3323	3245	3004	3065	3584	3663	3676	3706	3599	3637	3647	3455	3580	3376	3577	3448	3610	3539	3591	3791	3740	3713	3733	3780	3772	3820	3426	3656	3525	3647	3560	3602	3996	4155	4013	4051	3839	4034	3900	3978	3840	4205	4083	4328	4337	4175	4271	4079	4095	4124	4185	4143	3750	3445	3556	3708	3827	3677	3841	3816	3957	3959	3904	3871	3887	3983	3947	4042	4068	3982	3969	4033	3504	3457	3584	3512	3791	3806	3752	4877	4009	5094	5268	4876	4986	5252	5068	4975	5390	5427	5570	4635	4366	4487	4354	4456	4389	4519	4530	4512	4563	4577	4566	4507	4630	4199	4106	4030	4183	4209	4242	4240	4123	4152	4280	4357	4388	3947	5123	4972	4688	4754	4737	4699	4691	4615	4534	4608	4665	4640	4918	5022	4817	5016	4266	4229	4335	4447	4456	4688	4728	4668	4685	4860	4684	4548	4680	4780	4727
NFRKB	749	657	682	581	667	640	540	626	619	506	629	590	657	681	745	746	614	665	461	527	578	461	321	200	180	429	430	435	637	497	449	450	387	472	458	477	2	1	1	12	4	10	4	8	12	71	49	40	34	14	25	36	40	37	47	30	116	60	79	99	94	121	150	112	162	219	208	247	206	179	234	266	356	280	273	388	349	354	256	282	247	320	203	290	1106	1132	1197	1212	1035	1150	1195	1290	1310	1309	1263	1260	1209	1275	1285	1134	1099	1119	1150	1295	1145	1136	1161	1206	1225	1209	1161	1162	1170	1142	1060	1166	1131	1121	1214	1286	1283	1317	1272	1253	1387	1434	1379	1288	1252	586	667	607	702	831	807	754	804	804	883	866	737	805	1007	990	843	1009	990	1057	1133	1138	1033	1078	1016	834	859	911	1020	879	969	950	907	999	977	1468	1477	1487	1724	1605	1621	1730	1714	1710	1690	1641	1606	1677	1623	1621	1639	1507	1558	1697	1600	1735	1800	1759	1773	1717	1697	1737	1720	1858	1827	1759	1770	1501	1373	1489	1463	1478	1542	1543	1383	1435	1415	1500	1403	1406	1513	1410	1247	1219	1341	1404	1640	1326	1399	1423	1472	1355	1376	1376	1189	1406	1282	1211	1190	3374	3547	3563	3500	3570	3431	3559	3664	3668	3693	4135	4048	4061	4094	4152	4064	4477	4332	4264	4186	4225	4247	3946	4171	4060	4016	3913	3990	3798	3883	4028	3966	3977	3595	3591	3593	4113	3903	3912	4058	3727	3766	3518	3646	3701	3713	3829	3878	3788	3862	3940	3912	3753	3388	3444	3443	3582	3484	3605	3680	3659	3737	3592	3539	3570	3813	3606	3640	3688	3709	3697	3530	3399	3478	3391	3501	3903	3817	3726	3689	3776	3636	3832	3721	3852	3528	3610	3657	3677	3581	3476	3443	3460	3609	3337	3471	3426	3474	3304	3493	3427	3521	3430	3397	3374	3561	3360	3425	3435	3304	3420	3339	3354	3133	2991	3233	2970	3225	2882	3130	2048	2285	2181	2229	2175	1937	2137	2590	2411	2467	2358	2362	2431	2512	2348	2305	2413	2382	2408	2388	2451	2366	2318	2325	2412	2453	2605	2491	2555	2591	2493	2031	2156	2169	2117	2362	2390	2249	2290	2302	2243	2213	2286	2292	2339	2216	2214	2297	2317	2253	2331	2014	2153	2217	2260	2159	2146	2146	2178	2217	2256	1981	2095	1999	2095	2026	2126	2118	2169	2001	2005	1884	1728	1902	1749	1798	1775	1946	1911	1975	1889	1915	1925	1886	1873	1914	2101	2075	2026	1986	1924	1962	1988	2064	1972	1611	1486	1797	1886	2025	2775	2622	2658	2759	2588	2569	2655	2650	2709	2667	2692	2617	2622	2644	2701	2526	2688	2631	2628	2615	2696	2674	2722	2805	2722	2717	2573	2740	2752	2783	2654	2659	2877	2702	2780	2827	2775	2778	2751	2821	2465	2568	2644	2780	3057	3083	2876	2808	2866	2892	2766	2830	2708	2707	2259	2093	2155	2369	2716	2510	2368	2644	2619	2738	2942	2755	3240	3266	3168	3298	3369	3308	3388	3412	3219	3471	3329	3134	3127	3126	3116	3037	3193	3181	3184	3254	3241	3244	3233	3233	2927	3181	3070	2967	2969	2989	2803	2949	2848	2799	2665	2696	3237	3149	3035	3253	3110	3129	2981	2602	2939	2939	2907	2996	2970	2948	2900	2862	2492	2854	3027	3055	2955	2879	2923	2760	6984	7995	7379	7570	3067	4010	4085	4323	4267	4295	4190	4037	3718	3962	4475	4679	4653	4628	4548	4687	4735	4355	4444	4439	4607	4652	4657	4461	4474	4744	4707	4697	4690	5000	4692	4812	4244	4467	4446	4398	4676	4625	5039	5339	5097	5125	4940	4883	5016	5065	4975	5396	5205	5430	5490	5276	5286	5451	5251	5493	5244	5266	4770	4418	4445	4623	4966	5021	4747	4649	4953	4931	4999	4885	5009	5109	4870	5159	5288	5246	4964	5033	4544	4447	4455	4490	4768	4708	4693	5756	4444	6419	6597	6099	6411	6818	6383	6654	6903	6833	6941	5586	5530	5503	5470	5596	5526	5550	5934	5918	5647	5808	5908	5606	5772	5387	5137	5192	5209	5261	5293	5559	5532	5277	5376	5477	5527	4759	6329	6119	6001	6325	5939	6140	5687	5795	5757	6023	5881	5879	6361	6367	6064	6438	5469	5432	5465	5609	5522	5898	5889	6196	6000	6138	5883	5606	6041	6116	6050
ZNF660	745	758	656	570	681	737	559	658	651	504	743	618	715	698	770	788	625	667	450	432	566	389	294	228	223	461	476	421	497	561	496	491	385	551	419	482	3	1	1	11	3	9	8	5	17	60	88	59	27	22	21	38	52	41	49	23	104	86	79	89	134	103	206	128	194	215	202	182	251	202	247	297	296	283	251	439	408	395	285	300	270	322	159	248	1125	1118	1211	1229	989	1116	1247	1252	1281	1266	1329	1319	1212	1244	1230	1200	1078	1176	1192	1280	1185	1124	1179	1264	1246	1212	1145	1266	1115	1191	1001	1079	1189	1197	1018	1311	1328	1335	1271	1294	1374	1380	1365	1229	1190	434	685	555	621	883	866	744	855	823	932	939	759	689	1012	943	838	967	1033	1107	1178	995	988	1071	1078	712	821	885	999	840	1057	920	1021	988	988	1356	1287	1314	1662	1494	1515	1681	1658	1692	1695	1625	1661	1648	1680	1594	1606	1522	1506	1656	1481	1672	1687	1742	1752	1670	1663	1742	1666	1891	1746	1733	1742	1393	1255	1585	1409	1503	1528	1442	1254	1328	1407	1316	1319	1329	1407	1339	1069	1163	1208	1443	1574	1324	1500	1392	1485	1402	1387	1330	1152	1274	1192	979	1012	2910	3069	3043	3300	3155	3006	3079	3286	3294	3326	3698	3648	3622	3697	3704	3643	3637	3767	3787	3808	3805	3569	3614	3810	3696	3637	3563	3545	3470	3541	3593	3566	3557	3238	3248	3073	3486	3564	3636	3625	3426	3446	3270	3533	3292	3283	3425	3411	3449	3403	3509	3475	3310	3181	3339	3210	3175	3255	3176	3308	3308	3141	3249	3187	3276	3225	3345	3369	3368	3259	3342	3184	3086	3143	3110	3196	3265	3379	3425	3292	3346	3387	3518	3433	3520	3192	3264	3256	3378	3228	3090	3170	3197	3234	3091	3035	3194	3080	3054	3233	3137	3178	3064	3066	3095	2995	3077	3095	3090	2910	3143	2948	3126	3037	2691	2879	2494	2925	2606	2717	1860	2100	2024	1816	1983	1714	1681	2183	2304	2282	2343	2402	2251	2320	2202	2149	2318	2228	2366	2262	2181	2158	2172	2178	2286	2417	2446	2457	2514	2318	2186	1865	2205	2034	2084	2204	2231	2146	2289	2223	2199	2025	2103	2215	2195	2072	2035	2095	2152	2253	2177	1808	1913	2120	1904	2086	2061	2140	2144	2155	2054	1896	1999	1964	2049	1976	2027	1941	1921	1854	1836	1832	1604	1856	1737	1718	1823	1875	1808	1904	1820	1839	1837	1906	1805	1968	1835	2014	1972	1895	1915	1958	1851	1980	1918	1438	1320	1686	1735	1762	2533	2330	2437	2502	2402	2340	2537	2463	2560	2544	2547	2415	2530	2308	2513	2331	2425	2532	2509	2468	2326	2546	2508	2603	2539	2352	2525	2508	2604	2484	2467	2598	2674	2598	2718	2699	2591	2569	2601	2643	2274	2375	2370	2499	2823	2552	2719	2588	2621	2633	2610	2576	2396	2401	1818	1774	2014	2115	2477	2187	2226	2333	2201	2412	2712	2377	2992	3050	2929	2981	3101	2991	3154	3097	2921	2849	2842	2935	2888	2829	2823	2743	2859	2917	2919	2746	2993	2981	2897	2939	2486	2784	2803	2653	2722	2823	2505	2165	2345	2529	2416	2466	2959	2690	2942	2879	2917	2879	2839	2547	2785	2761	2562	2766	2807	2789	2763	2784	2279	2719	2676	2785	2604	2692	2628	2580	6166	6621	6306	6408	2943	3449	3633	3824	3745	3825	3713	3570	3389	3377	4037	4032	4099	4073	4002	4004	4051	3745	3978	3517	3892	3799	3983	3943	3967	4234	4150	4101	4103	4223	4221	4266	3730	4006	3919	3999	3903	3968	4289	4555	4393	4374	4202	4357	4325	4309	4250	4553	4515	4801	4746	4576	4597	4477	4508	4554	4542	4504	4040	3744	3866	4045	4233	3995	4234	4192	4298	4221	4185	4232	4292	4285	4362	4366	4483	4358	4324	4432	3897	3842	3958	3956	4227	4209	4184	5241	4141	5504	5629	5284	5450	5654	5547	5364	5842	5843	5982	5043	4791	4931	4757	4836	4836	4866	4865	4949	4999	4934	4984	4926	5008	4659	4488	4503	4517	4666	4625	4608	4530	4520	4490	4764	4745	4151	5539	5357	5067	5112	5126	5073	5012	5018	4818	5070	5023	5068	5384	5413	5238	5492	4709	4749	4581	4818	4859	5103	5127	5045	5167	5291	5039	4922	5084	5171	5123
ZNF75D	685	639	617	571	615	613	521	550	557	484	606	556	648	665	698	664	621	621	499	484	489	353	342	214	268	392	404	405	449	496	407	420	356	481	421	452	4	1	1	10	5	10	8	6	11	58	62	46	26	23	29	31	37	35	42	31	110	77	86	72	112	98	140	131	165	189	185	167	204	184	200	252	271	272	239	355	341	388	277	290	259	271	156	236	1103	1052	1085	1126	996	1000	1141	1166	1142	1185	1104	1180	1111	1123	1142	1081	970	1111	997	1108	1066	1041	1100	1159	1125	1104	1050	1089	1031	1069	966	1040	1058	1049	987	1191	1157	1196	1180	1160	1319	1300	1287	1221	1177	509	611	518	619	759	745	712	723	752	837	833	716	669	974	928	751	886	934	975	1010	941	956	942	977	693	814	798	932	814	935	843	867	866	863	1326	1315	1303	1514	1399	1490	1584	1575	1577	1540	1539	1522	1506	1507	1496	1510	1366	1431	1550	1468	1598	1564	1675	1621	1600	1563	1556	1604	1655	1639	1629	1638	1379	1298	1389	1351	1356	1452	1388	1162	1258	1332	1290	1226	1256	1249	1256	1102	1133	1123	1342	1392	1277	1287	1292	1346	1318	1269	1250	1167	1241	1114	1039	1050	2923	3018	3030	3223	3068	3028	3081	3233	3236	3269	3670	3595	3558	3668	3657	3652	3714	3743	3824	3764	3749	3620	3553	3735	3587	3582	3505	3568	3370	3478	3562	3538	3568	3250	3161	3143	3515	3590	3528	3531	3414	3365	3282	3392	3291	3310	3389	3336	3404	3347	3517	3445	3300	3092	3247	3205	3142	3157	3143	3234	3232	3091	3184	3138	3257	3234	3236	3253	3276	3222	3270	3134	3112	3032	3028	3094	3316	3302	3322	3259	3322	3301	3439	3337	3420	3176	3152	3212	3305	3272	3054	3091	3080	3145	3061	3041	3127	3043	2964	3156	3121	3103	3006	3055	3081	3006	3013	3028	3045	2973	3079	2925	2991	2878	2662	2802	2576	2824	2583	2753	1773	2029	1997	1846	1856	1659	1763	2147	2200	2154	2202	2175	2225	2231	2133	2067	2168	2153	2192	2163	2143	2071	2121	2113	2151	2279	2307	2321	2335	2265	2190	1849	1998	1940	2007	2117	2120	2062	2091	2146	2001	1968	2039	2075	2044	1982	1921	2055	2094	2118	2106	1855	1908	1994	1857	1973	1906	1982	2047	1985	2008	1828	1842	1778	1939	1895	1913	1852	1800	1763	1824	1765	1537	1690	1761	1632	1706	1719	1708	1811	1767	1745	1696	1720	1741	1798	1702	1834	1843	1783	1854	1846	1765	1898	1790	1379	1368	1581	1629	1717	2382	2304	2410	2417	2384	2315	2378	2363	2433	2458	2409	2343	2375	2232	2383	2285	2342	2388	2387	2338	2353	2433	2421	2504	2445	2370	2448	2408	2455	2462	2414	2450	2569	2467	2527	2565	2544	2496	2451	2509	2276	2288	2311	2360	2627	2506	2643	2570	2557	2549	2470	2461	2369	2352	1818	1848	1971	2047	2446	2257	2156	2277	2304	2364	2638	2441	2881	2928	2866	2928	3013	2928	3088	3026	2892	2848	2865	2845	2836	2793	2739	2701	2786	2845	2796	2722	2873	2895	2917	2908	2497	2729	2703	2609	2693	2670	2501	2290	2458	2541	2375	2409	2812	2713	2764	2865	2805	2759	2798	2451	2675	2707	2528	2642	2734	2703	2631	2721	2299	2592	2615	2676	2579	2596	2555	2522	6556	6993	6520	6595	3167	3414	3630	3805	3716	3823	3648	3548	3299	3440	3975	4082	4054	4148	4087	4038	4075	3846	4009	3746	3937	3839	4051	3964	3932	4226	4183	4104	4159	4228	4222	4200	3795	3955	3914	3978	3984	3992	4357	4580	4448	4475	4236	4404	4339	4394	4301	4647	4567	4838	4814	4657	4716	4567	4507	4631	4663	4532	4137	3844	3908	4085	4286	4132	4222	4245	4285	4311	4269	4324	4295	4353	4374	4417	4521	4444	4387	4511	3879	3846	3973	3948	4219	4127	4183	5577	4546	5670	5816	5406	5525	5919	5632	5622	6094	6013	6148	5119	4821	4938	4806	4892	4882	4994	5077	5072	5099	5067	5117	5012	5115	4642	4496	4474	4580	4683	4685	4710	4634	4579	4739	4814	4843	4452	5745	5517	5171	5293	5225	5200	5086	5127	4986	5116	5127	5146	5497	5613	5341	5538	4717	4747	4734	4888	4887	5211	5202	5290	5234	5434	5191	5049	5167	5299	5223
HSF1	673	606	545	565	609	602	467	571	579	450	590	519	650	625	703	693	744	577	543	523	564	414	320	205	215	435	440	360	450	491	420	595	375	519	359	414	2	1	1	9	4	8	11	5	10	53	74	44	26	20	27	25	40	43	50	27	150	67	85	75	102	123	139	166	158	206	180	160	185	161	222	251	273	274	282	338	339	352	269	266	240	300	179	258	1043	986	1141	1187	978	1114	1178	1116	1162	1215	1139	1108	1076	1093	1196	1064	952	1055	979	1121	1107	1007	985	1135	1115	1102	1005	1093	1022	1048	863	971	1084	1122	1019	1138	1158	1211	1140	1140	1197	1262	1210	1177	1190	664	678	625	596	734	758	638	759	722	888	813	653	688	919	800	953	893	896	1041	1084	941	943	959	984	729	804	793	892	764	892	820	942	892	941	1516	1400	1376	1567	1364	1332	1526	1447	1568	1496	1439	1435	1460	1508	1445	1485	1420	1394	1509	1408	1409	1527	1641	1714	1587	1599	1566	1535	1623	1606	1524	1488	1379	1183	1471	1195	1313	1367	1302	1168	1338	1311	1277	1259	1280	1325	1310	1124	1145	1214	1290	1378	1178	1381	1286	1291	1173	1206	1383	1273	1357	1267	1086	1082	3390	3404	3489	3449	3483	3392	3489	3430	3548	3484	3821	3770	3690	3761	3683	3660	3834	3735	3787	3760	3798	3633	3563	3702	3628	3590	3592	3573	3738	3618	3616	3624	3631	3416	3501	3332	3397	3438	3433	3450	3369	3433	3426	3549	3431	3335	3414	3496	3451	3491	3486	3392	3284	3126	3230	3151	3228	3166	3138	3257	3266	3124	3210	3153	3190	3107	3174	3192	3131	3034	3141	3330	3230	3201	3101	3192	3066	3258	3303	3220	3241	3315	3360	3223	3248	3231	3278	3254	3404	3270	3135	3106	3072	3068	3038	3049	2992	2818	2950	3009	3026	3027	2989	3056	3004	2958	2956	2865	2992	2979	3278	3088	3180	3103	2974	2962	2980	3297	2882	3132	1979	2272	1984	1933	2082	1895	1850	2011	2079	2127	2084	2223	2067	2140	2237	2038	2233	2124	2098	2120	2261	2038	2185	2100	2235	2186	2184	2215	2267	2215	2075	1846	2134	2045	2053	2036	1987	2068	2087	2060	2022	1823	1946	1911	2095	2105	2048	2140	2061	2033	2048	1645	1735	1986	1782	2025	1918	1907	1882	1849	1865	1748	1788	1843	1887	1870	1783	1750	1859	1683	1731	1883	1565	1945	1879	1758	1663	1717	1642	1790	1625	1687	1782	1749	1778	1833	1735	1844	1765	1726	1829	1737	1697	1793	1687	1552	1584	1823	2039	1939	2262	2190	2291	2389	2279	2220	2397	2312	2313	2358	2265	2181	2241	2231	2359	2284	2473	2335	2397	2325	2298	2352	2439	2490	2417	2149	2408	2283	2330	2389	2338	2508	2355	2436	2457	2485	2475	2388	2325	2414	2467	2340	2367	2453	2509	2389	2524	2367	2499	2588	2521	2603	2364	2440	2285	2224	2251	2327	2511	2452	2342	2508	2581	2810	2815	2717	2898	2887	2874	2911	2965	2777	2911	2943	2852	2853	2777	2893	2809	2789	2742	2749	2701	2827	2767	2833	2955	2958	3029	3032	2620	2767	2897	2735	2923	2819	2752	2462	2560	2785	2568	2668	2718	2569	2713	2650	2785	2828	2726	2523	2602	2572	2602	2651	2662	2634	2630	2754	2324	2663	2660	2811	2667	2702	2677	2633	6682	7374	6800	6795	3248	3716	3919	4006	3960	3850	3887	3761	3603	3556	4133	4121	4083	4072	3990	3922	3955	3917	3920	3735	3947	3696	3843	3858	3805	4041	4150	4120	3966	4063	4263	4168	4061	4201	4206	4200	4222	4093	4567	4719	4661	4689	4715	4814	4794	4761	4661	4753	4632	4771	4777	4639	4611	4425	4623	4486	4635	4568	4549	4330	4333	4492	4613	4521	4569	4487	4525	4496	4313	4256	4399	4335	4424	4368	4512	4308	4305	4401	4112	4270	4290	4245	4324	4454	4480	5332	4537	6119	6089	5884	6035	6002	5971	5901	6544	6246	6249	5126	5033	5070	5167	5138	5100	5166	5157	5315	5013	5000	5104	5063	5078	5123	5013	5012	4978	4920	4790	5021	4962	4886	4832	4982	5040	5028	5754	5362	5635	5558	5579	5456	5434	5526	5465	5500	5535	5650	5769	5655	5681	5906	5189	5291	5142	5245	5392	5251	5201	5347	5438	5527	5472	5354	5461	5426	5438
MAFG	524	558	547	542	539	494	492	507	493	449	489	496	575	588	606	556	490	526	498	544	542	441	392	272	268	277	356	363	387	385	356	375	401	433	409	401	3	1	2	3	2	5	6	3	5	60	62	23	26	20	18	31	22	31	26	48	83	65	61	70	119	84	112	108	124	181	122	115	177	155	179	186	210	245	254	265	295	278	260	248	238	210	219	227	968	995	1021	1045	973	951	1045	999	1054	1047	1053	1019	1044	1048	1033	901	852	928	923	999	985	944	1003	986	1006	967	925	936	886	932	921	880	942	926	1070	1116	1042	1063	1082	1029	1190	1132	1144	1109	1055	652	661	629	615	651	653	640	664	684	728	690	673	598	904	832	814	847	819	926	863	817	883	871	842	733	723	785	799	799	812	716	715	736	778	1451	1479	1421	1426	1346	1373	1339	1400	1382	1372	1334	1429	1344	1320	1341	1349	1322	1339	1523	1423	1462	1473	1461	1459	1505	1386	1453	1474	1490	1467	1436	1477	1284	1263	1294	1271	1223	1245	1240	1179	1218	1234	1158	1157	1174	1221	1264	1092	1127	1151	1217	1217	1178	1196	1147	1196	1175	1192	1302	1220	1267	1321	1107	1190	3615	3683	3607	3563	3553	3474	3498	3442	3586	3519	3736	3690	3744	3757	3654	3616	3804	3704	3645	3664	3678	3571	3504	3660	3607	3566	3528	3548	3590	3500	3574	3671	3674	3333	3390	3301	3429	3431	3443	3452	3376	3333	3303	3401	3409	3383	3377	3477	3466	3391	3467	3376	3293	3150	3200	3135	3106	3131	3161	3142	3150	3000	3085	3071	3066	3026	3144	3154	3095	3007	3031	3200	3212	3219	3196	3252	3155	3283	3253	3210	3213	3279	3305	3226	3264	3155	3171	3225	3331	3305	3001	3027	2976	3001	2987	2984	2988	2845	2864	2945	2960	2968	2927	2938	2895	2852	2840	2827	2913	3055	3148	3089	3122	3008	3032	3076	3240	3274	3059	3135	1946	2008	2026	1919	1967	1890	1815	1940	2039	1933	2046	2077	2011	1992	2047	2014	2046	1994	2070	1997	2085	1952	2077	2023	2115	2060	2109	2129	2142	2119	2107	1841	1879	1893	1852	1928	1894	1931	1944	1903	1925	1837	1887	1874	1891	1922	1909	2020	1969	1979	2005	1760	1769	1826	1727	1860	1856	1795	1797	1802	1815	1734	1769	1714	1784	1713	1735	1650	1665	1719	1674	1579	1571	1658	1739	1684	1553	1494	1583	1568	1574	1559	1539	1587	1670	1653	1568	1664	1600	1667	1669	1646	1654	1637	1628	1568	1671	1739	1844	2122	2130	2202	2286	2203	2298	2190	2232	2201	2226	2210	2256	2120	2141	2124	2212	2142	2155	2211	2244	2164	2259	2313	2296	2300	2315	2152	2268	2286	2365	2373	2419	2383	2372	2371	2418	2375	2383	2267	2361	2396	2341	2294	2259	2315	2382	2326	2428	2335	2394	2403	2446	2442	2356	2430	2424	2391	2352	2395	2462	2413	2429	2430	2701	2889	2913	2813	2861	2881	2836	2798	2801	2706	2882	2901	2751	2716	2735	2802	2782	2706	2682	2772	2626	2755	2720	2988	2874	2948	2902	2952	2671	2796	2860	2779	2884	2760	2541	2481	2621	2685	2675	2672	2555	2583	2575	2647	2723	2699	2646	2459	2526	2433	2520	2519	2539	2584	2483	2524	2466	2607	2654	2652	2574	2584	2597	2586	7670	7837	7119	7301	3928	3875	3975	4030	3970	3853	3860	3771	3727	3695	4050	4017	4083	4124	3948	3973	4008	3955	3882	3822	3991	3818	3831	3816	3801	4074	4160	4163	4061	4102	4203	4290	4257	4143	4176	4126	4183	4160	4736	4816	4858	4931	4952	5005	4939	4917	4803	4817	4838	4819	4806	4772	4746	4565	4660	4665	4715	4632	4738	4578	4531	4553	4644	4520	4603	4547	4599	4639	4342	4279	4461	4453	4462	4455	4412	4465	4346	4383	4376	4255	4382	4350	4348	4508	4522	6161	5382	6551	6444	6256	6387	6174	6194	6162	6915	6633	6599	5388	5193	5254	5225	5341	5231	5141	5303	5406	5167	5130	5225	5161	5198	5301	5158	5273	5259	4989	4939	5078	5125	5054	5106	5102	5112	5692	5915	5563	5804	5673	5932	5823	5703	5786	5898	5831	5846	5945	5936	5847	5988	6085	5456	5400	5597	5556	5569	5308	5336	5503	5520	5695	5746	5623	5625	5680	5677
ZNF597	766	767	684	636	695	762	602	623	664	538	687	649	728	768	855	730	659	689	610	541	582	414	386	222	274	438	487	446	472	551	481	519	433	631	435	472	5	1	1	9	4	7	10	6	13	73	82	51	27	24	28	35	38	31	47	35	118	86	95	79	154	119	185	144	188	217	211	174	258	226	260	302	308	293	257	444	406	405	308	294	275	327	154	250	1203	1150	1252	1250	1111	1135	1288	1274	1249	1329	1304	1275	1278	1194	1263	1261	1035	1220	1189	1275	1276	1173	1208	1228	1270	1230	1130	1274	1147	1140	1005	1126	1188	1221	1082	1357	1347	1392	1342	1289	1462	1399	1372	1299	1326	537	701	542	691	886	832	760	844	876	1011	911	771	791	1044	924	972	971	1061	1114	1170	1050	1055	1115	1101	808	916	962	1003	853	1076	1020	1051	967	1044	1450	1385	1423	1699	1525	1524	1740	1710	1725	1752	1651	1731	1726	1659	1744	1661	1577	1543	1649	1555	1730	1777	1855	1849	1789	1628	1800	1719	1905	1819	1814	1825	1512	1342	1633	1433	1541	1566	1468	1276	1396	1494	1369	1386	1384	1409	1371	1142	1181	1286	1478	1592	1419	1533	1431	1490	1458	1401	1387	1269	1370	1239	1071	1068	3044	3190	3205	3450	3260	3202	3204	3430	3541	3334	3910	3867	3790	3945	3953	3894	3958	4014	3971	4011	3994	3874	3802	3974	3851	3790	3823	3729	3663	3788	3887	3809	3805	3493	3492	3290	3707	3758	3781	3750	3625	3637	3535	3731	3525	3505	3629	3580	3579	3669	3670	3699	3511	3393	3500	3437	3359	3422	3370	3484	3510	3371	3404	3407	3457	3494	3520	3518	3490	3437	3488	3372	3322	3293	3220	3351	3455	3611	3541	3503	3500	3551	3733	3598	3687	3513	3433	3403	3561	3469	3343	3283	3373	3323	3284	3270	3325	3252	3163	3394	3377	3307	3192	3217	3268	3150	3209	3254	3245	3131	3265	3241	3225	3141	2962	3025	2597	3011	2641	2878	1923	2255	2079	1973	2183	1820	1744	2359	2386	2323	2414	2449	2384	2434	2397	2228	2395	2241	2452	2341	2342	2224	2306	2332	2425	2486	2489	2589	2573	2391	2286	1951	2216	2194	2132	2268	2337	2300	2355	2335	2281	2162	2214	2237	2351	2187	2177	2188	2284	2325	2353	1942	2008	2235	2012	2139	2100	2167	2196	2177	2181	1941	2055	2063	2131	2081	2013	1959	2061	1935	1975	1950	1674	1899	1893	1846	1880	1894	1921	1990	1941	1908	1870	1917	1897	2060	1893	2083	2050	1900	2040	2003	1990	1975	2006	1434	1401	1777	1866	1860	2595	2510	2628	2603	2528	2453	2671	2588	2597	2638	2565	2485	2554	2447	2574	2461	2601	2623	2610	2568	2429	2538	2644	2709	2669	2486	2738	2670	2744	2529	2597	2681	2713	2742	2794	2818	2749	2691	2693	2698	2566	2480	2489	2511	2954	2702	2816	2700	2772	2795	2714	2820	2508	2566	1911	1832	2114	2210	2522	2380	2382	2544	2354	2514	2820	2614	3061	3169	3036	3181	3250	3135	3353	3342	3054	3017	3088	3152	2998	3002	3000	2870	3019	3118	3067	2944	3090	3125	3044	3151	2596	2892	2906	2851	2842	2948	2687	2467	2542	2717	2495	2548	2978	2868	3040	3066	3042	2955	2961	2688	2966	2852	2776	2920	2922	2892	2783	2967	2370	2822	2860	2882	2758	2796	2848	2712	6700	7067	6742	6812	3228	3697	3817	4105	4061	4076	3895	3799	3543	3593	4253	4316	4372	4363	4224	4276	4268	4063	4202	3863	4154	4052	4245	4154	4235	4492	4443	4348	4365	4429	4486	4496	4055	4225	4178	4272	4214	4252	4670	4810	4680	4741	4509	4607	4493	4624	4454	4934	4790	5114	5024	4934	4991	4755	4830	4839	4891	4809	4334	3996	4145	4353	4492	4302	4484	4513	4623	4559	4522	4516	4518	4621	4689	4684	4795	4669	4636	4687	4060	4069	4300	4179	4459	4491	4406	5650	4584	5813	6069	5605	5779	6064	5844	5668	6294	6267	6427	5397	5132	5246	5133	5180	5123	5249	5316	5219	5301	5314	5346	5278	5365	4851	4759	4661	4743	4990	4933	4830	4704	4854	4847	5057	5103	4437	5947	5668	5400	5504	5485	5454	5324	5359	5181	5296	5361	5331	5741	5833	5511	5812	4967	4972	4942	5173	5236	5489	5433	5381	5496	5636	5433	5261	5408	5543	5437
ZNF562	519	580	612	541	555	568	511	540	501	508	504	514	634	647	626	576	525	618	453	529	528	440	349	235	236	329	340	374	458	419	421	359	409	435	517	453	2	1	1	5	3	9	10	8	6	54	64	33	22	27	22	38	38	30	32	41	96	76	78	78	88	107	109	106	133	151	145	146	152	175	191	207	275	268	253	286	271	328	276	274	249	222	200	234	1018	1110	1019	1124	1062	984	1044	1120	1104	1149	1035	1126	1109	1151	1115	895	970	997	1014	1059	958	1053	1095	1132	1058	1015	1022	965	1003	998	1002	1003	960	1019	1158	1183	1136	1123	1174	1117	1233	1223	1225	1195	1109	668	590	635	647	703	697	685	684	723	720	690	748	659	928	967	775	878	893	973	940	916	956	899	948	719	763	752	874	835	827	809	775	807	781	1455	1362	1369	1482	1556	1552	1430	1553	1473	1492	1534	1494	1432	1421	1445	1399	1345	1366	1652	1585	1693	1601	1564	1550	1558	1602	1507	1543	1565	1645	1588	1611	1402	1404	1354	1390	1345	1407	1325	1206	1326	1309	1340	1330	1213	1268	1259	1163	1215	1214	1346	1268	1301	1199	1287	1331	1335	1304	1255	1288	1324	1279	1089	1195	3510	3688	3587	3475	3584	3374	3522	3585	3653	3476	3944	3828	3865	3882	3913	3845	4009	3992	4057	3961	3964	3866	3736	3859	3781	3746	3730	3710	3570	3665	3788	3780	3827	3478	3439	3377	3713	3642	3657	3615	3684	3545	3396	3482	3475	3505	3632	3647	3668	3657	3721	3631	3484	3218	3328	3267	3340	3259	3328	3344	3412	3274	3246	3303	3353	3369	3268	3329	3467	3368	3313	3391	3326	3400	3219	3313	3514	3548	3509	3437	3437	3445	3508	3486	3486	3306	3353	3405	3447	3533	3141	3269	3209	3212	3228	3180	3104	3147	3047	3175	3255	3346	3110	3181	3223	3152	3097	3178	3096	3114	3160	3233	3237	3018	2982	3075	3070	3240	3003	3100	1964	2076	2213	2034	1941	1722	1968	2165	2201	2109	2161	2173	2248	2219	2135	2219	2048	2122	2113	2214	2214	2125	2211	2148	2160	2255	2355	2313	2266	2307	2325	1952	1962	2016	1991	2156	2199	2051	2071	2101	2126	2073	2148	2084	2043	2067	1876	2076	2119	2153	2112	1997	2031	2035	1983	1996	1950	1927	1966	1985	1987	1878	1988	1737	1939	1864	1934	1867	1830	1910	1852	1695	1666	1763	1789	1586	1661	1585	1736	1745	1723	1768	1716	1640	1813	1777	1735	1760	1825	1776	1784	1765	1778	1833	1798	1606	1598	1719	1711	2006	2393	2474	2461	2461	2438	2476	2352	2379	2412	2463	2439	2462	2375	2326	2460	2353	2391	2374	2336	2418	2517	2534	2464	2570	2473	2492	2347	2463	2553	2623	2633	2500	2635	2512	2483	2565	2562	2559	2556	2488	2370	2390	2414	2547	2655	2629	2656	2670	2642	2504	2515	2569	2593	2601	2372	2359	2266	2295	2602	2424	2346	2374	2645	2770	2862	2699	2943	3020	2983	3044	3056	2974	3146	3035	2965	3038	3070	2934	3009	2974	2898	2942	2891	2952	2955	3002	3003	3072	3082	3039	2779	3068	2908	2819	2877	2819	2678	2600	2790	2677	2670	2731	2871	2812	2848	2884	2918	2810	2821	2479	2722	2662	2673	2821	2756	2835	2709	2719	2552	2719	2832	2793	2813	2677	2769	2663	7169	7973	7239	7409	3333	3918	4018	4137	4012	4034	3883	3864	3660	3912	4307	4370	4369	4397	4304	4339	4288	4172	4137	4070	4274	4157	4274	4167	4176	4388	4393	4341	4357	4531	4454	4532	4177	4277	4281	4231	4355	4350	4788	5109	4919	5002	4844	4970	4938	5001	4869	5043	4948	5108	5139	4963	5005	4973	4851	5065	4927	4932	4764	4413	4439	4538	4804	4672	4712	4632	4722	4687	4695	4568	4655	4777	4625	4783	4822	4848	4607	4689	4426	4374	4402	4327	4624	4571	4554	5859	4849	6584	6453	6227	6399	6501	6334	6421	7017	6704	6700	5388	5307	5331	5356	5367	5312	5305	5591	5671	5332	5363	5611	5358	5438	5391	5098	5125	5189	5085	5083	5311	5356	5190	5331	5309	5276	5247	6066	5818	5807	5959	5870	6005	5670	5751	5795	5958	5906	6006	6168	6070	6091	6244	5444	5305	5530	5505	5522	5590	5611	5778	5659	5881	5797	5663	5850	5816	5746
HOXA7	654	671	614	560	634	651	552	563	568	512	597	532	643	699	695	626	570	621	485	543	551	432	352	217	238	354	386	388	477	482	452	414	401	472	453	455	3	1	1	5	2	7	5	6	7	64	67	41	20	25	29	34	38	33	43	31	101	78	80	75	108	109	143	121	144	179	170	167	183	186	207	253	292	272	266	354	339	337	258	264	252	266	175	254	1056	1144	1138	1157	1076	1026	1147	1207	1216	1276	1169	1138	1146	1148	1189	1086	1049	1089	1081	1166	1082	1108	1074	1158	1154	1086	1055	1100	1033	1077	1056	1083	1062	1074	1064	1229	1146	1194	1195	1165	1327	1317	1286	1153	1204	560	666	597	649	754	760	714	767	791	809	805	734	707	945	909	851	911	914	1018	1055	984	981	975	1034	726	819	833	952	840	907	847	906	850	901	1449	1407	1370	1596	1549	1529	1605	1627	1580	1565	1545	1543	1539	1527	1526	1492	1423	1475	1621	1545	1682	1660	1727	1667	1650	1628	1625	1606	1681	1653	1662	1687	1437	1359	1484	1423	1374	1517	1414	1281	1344	1359	1366	1329	1282	1356	1340	1101	1204	1218	1409	1403	1320	1345	1313	1362	1328	1328	1342	1239	1326	1257	1106	1121	3292	3430	3418	3555	3408	3333	3346	3495	3569	3436	3895	3819	3865	3870	3890	3884	3981	3964	3968	3970	3901	3840	3723	3896	3799	3800	3705	3737	3595	3683	3751	3791	3760	3441	3389	3299	3645	3743	3705	3678	3620	3541	3458	3540	3442	3584	3601	3576	3673	3673	3700	3617	3483	3263	3390	3232	3284	3294	3367	3389	3378	3294	3381	3343	3354	3345	3363	3431	3413	3365	3401	3364	3296	3253	3189	3332	3424	3520	3556	3464	3468	3529	3564	3531	3585	3324	3422	3406	3551	3474	3206	3305	3262	3196	3211	3165	3199	3121	3132	3218	3218	3268	3181	3185	3244	3165	3178	3183	3180	3158	3223	3164	3202	3076	2906	3052	2917	3132	2868	3015	1930	2100	2142	1998	2075	1729	1784	2221	2251	2258	2280	2278	2258	2271	2206	2230	2199	2251	2218	2202	2225	2183	2276	2217	2235	2338	2438	2358	2382	2359	2296	1911	2133	2054	2071	2142	2245	2102	2159	2193	2124	2085	2147	2150	2102	2105	2041	2086	2142	2229	2140	1873	2022	2068	2001	2037	2026	2062	2024	2092	2030	1917	1998	1901	2019	1985	1946	1926	1919	1893	1872	1751	1567	1792	1823	1700	1755	1731	1782	1859	1739	1799	1724	1785	1876	1884	1784	1863	1875	1844	1863	1910	1850	1906	1810	1540	1463	1713	1756	1927	2428	2396	2556	2535	2463	2423	2541	2424	2477	2511	2462	2388	2489	2310	2504	2373	2455	2475	2441	2474	2504	2492	2557	2597	2473	2486	2486	2538	2581	2565	2619	2552	2640	2586	2599	2646	2629	2661	2568	2640	2420	2365	2430	2519	2688	2629	2746	2682	2676	2647	2546	2611	2524	2571	2159	2148	2230	2277	2527	2410	2301	2460	2503	2632	2870	2599	3012	3058	3037	3029	3094	3059	3215	3117	3006	2984	3010	2987	3044	2977	2922	2812	2882	2996	3018	2978	3023	3074	3009	3053	2739	2982	2925	2822	2848	2896	2663	2554	2676	2692	2555	2630	2878	2749	2892	2974	2920	2807	2872	2604	2756	2755	2703	2809	2774	2823	2714	2818	2464	2758	2810	2819	2750	2686	2786	2666	6974	7457	6979	7083	3337	3778	3921	4112	4011	4031	3902	3790	3629	3731	4252	4283	4323	4332	4241	4272	4269	4076	4205	3965	4174	4030	4216	4175	4162	4389	4363	4268	4328	4429	4457	4465	4039	4260	4172	4198	4240	4320	4693	4967	4775	4848	4697	4820	4741	4756	4672	4894	4902	5086	5036	4909	4925	4810	4775	4891	4864	4832	4548	4262	4326	4441	4588	4498	4578	4536	4630	4641	4537	4567	4587	4623	4628	4730	4715	4657	4572	4669	4247	4266	4420	4261	4536	4442	4510	5768	4704	6193	6254	5887	6079	6213	6063	6031	6537	6471	6492	5416	5192	5296	5193	5319	5179	5286	5385	5409	5307	5333	5421	5292	5379	5097	4923	4915	4975	4946	5003	5035	5052	4999	5053	5121	5164	4856	6018	5803	5642	5708	5651	5700	5542	5554	5494	5618	5667	5665	5917	5914	5777	5976	5187	5157	5279	5359	5348	5524	5470	5558	5599	5778	5540	5483	5610	5632	5601
GPBP1L1	4	4	1	5	3	3	3	2	5	2	4	4	3	3	5	2	4	3	5	1	5	1	2	3	5	1	2	4	2	3	4	2	3	5	2	3	1	1	1	1	1	2	1	1	1	1	2	2	1	2	1	1	1	1	1	1	1	1	1	1	5	1	1	2	2	1	1	1	2	3	1	3	1	2	1	1	4	2	3	2	3	3	1	1	3	2	5	6	6	3	2	5	5	6	3	4	5	5	5	4	2	5	4	3	3	8	5	5	3	4	8	3	4	5	3	3	4	7	1	8	6	7	5	6	7	4	6	3	4	1	6	1	2	6	7	4	2	6	4	3	2	3	2	5	2	3	2	7	5	1	6	5	4	3	3	5	3	6	8	1	5	3	3	5	5	6	6	4	3	6	6	6	5	7	9	4	3	8	6	6	8	8	4	5	4	9	6	9	6	8	7	8	7	8	6	6	5	4	4	4	4	3	1	4	8	4	5	5	5	5	2	4	3	7	3	4	7	3	5	5	3	4	2	3	4	4	2	5	2	3	10	6	6	3	6	10	8	11	12	9	10	9	7	9	9	7	11	7	7	7	11	10	10	11	10	6	8	11	7	6	8	9	9	9	9	14	9	8	10	12	10	10	9	8	9	8	7	11	9	8	9	9	9	4	12	8	9	9	6	11	6	11	8	11	10	11	10	9	8	11	8	6	9	8	5	10	9	9	11	12	12	10	8	7	9	10	8	9	9	11	8	8	6	11	5	7	11	12	7	7	6	9	6	9	7	10	8	9	6	5	10	8	7	2	8	5	4	5	6	6	3	6	7	7	8	9	5	7	7	7	8	6	6	9	7	9	6	5	4	9	8	7	9	8	8	9	9	7	6	6	6	8	8	8	7	5	6	6	7	5	7	9	4	7	6	7	9	9	5	7	7	3	9	5	8	4	10	5	7	6	6	5	5	6	6	8	5	6	6	2	5	2	7	6	5	8	9	6	9	3	7	5	4	5	4	6	9	9	6	7	7	7	6	2	4	6	5	9	3	7	7	6	6	9	6	9	3	11	7	9	6	7	10	7	8	7	10	4	7	2	6	8	5	7	9	7	2	6	10	11	9	9	8	9	9	8	5	8	3	4	6	10	7	8	6	10	10	7	5	6	6	3	2	3	3	3	6	4	7	5	6	10	3	10	10	9	11	9	10	11	9	8	6	9	7	6	7	6	5	8	11	6	4	7	10	9	8	4	8	9	6	9	7	7	3	4	5	3	6	7	9	7	9	8	8	11	4	10	9	6	6	11	9	8	9	4	7	7	6	4	5	9	8	20	14	11	14	12	7	5	10	11	8	8	10	6	9	10	8	13	11	10	10	10	9	13	5	8	7	11	12	14	12	11	12	9	10	11	9	13	10	8	11	8	8	10	9	9	7	13	9	11	10	8	9	12	14	12	13	13	7	12	9	14	11	7	9	8	9	5	3	9	11	10	9	6	12	8	10	10	11	9	8	11	11	9	8	8	9	8	8	11	17	14	11	13	11	12	12	11	8	13	13	15	16	11	12	7	9	11	11	7	7	13	13	10	13	12	7	8	6	9	13	10	12	9	9	6	12	11	12	15	13	10	7	11	11	13	12	9	7	8	9	11	14	11	11	7	10	7	10	9	12	12	9	10	10	11	11	8	13	11
BCLAF1	1	1	1	1	1	1	1	1	1	1	1	1	1	1	1	1	1	1	1	1	1	1	1	1	1	1	1	1	1	1	1	1	1	1	1	1	1	1	1	1	1	1	1	1	1	1	1	1	1	1	1	1	1	1	1	1	1	1	1	1	2	1	1	1	1	1	1	2	1	1	2	1	1	1	1	1	1	1	1	1	1	1	1	1	1	1	1	1	1	1	1	1	1	1	1	1	1	1	1	1	1	1	1	1	1	1	1	1	1	1	1	1	1	1	2	1	1	1	1	1	1	1	1	1	1	1	1	1	2	1	1	1	1	1	1	1	1	1	1	1	1	1	1	1	1	1	1	1	1	1	1	1	1	1	1	1	1	1	1	1	1	1	1	2	2	2	1	1	1	1	1	1	1	1	1	1	1	1	1	2	2	1	1	1	1	1	1	1	1	1	1	1	1	1	1	1	1	1	1	1	1	1	1	1	1	1	1	1	1	1	1	1	1	1	1	1	1	1	1	1	1	1	1	1	1	1	2	2	1	2	2	1	1	1	1	1	1	2	2	2	1	1	2	1	2	2	2	2	1	1	1	1	1	1	2	1	2	2	1	2	1	2	1	1	1	1	1	2	1	1	2	2	1	1	1	1	1	1	1	1	1	1	1	1	1	2	2	1	1	1	1	1	1	1	1	1	1	1	1	1	1	1	2	1	1	1	1	1	1	2	1	1	2	1	2	2	1	2	1	1	1	1	2	1	1	1	1	1	1	1	1	1	1	1	1	1	2	1	1	2	2	1	1	1	1	2	1	2	2	1	1	1	2	2	2	1	1	1	1	1	1	2	2	1	1	1	1	1	1	1	1	1	1	1	1	1	1	1	1	2	1	1	1	1	1	1	1	1	1	1	1	1	1	1	2	1	1	1	1	1	1	1	1	1	1	1	1	1	1	1	1	1	1	1	1	2	1	1	1	1	2	1	2	1	1	1	1	1	1	1	1	1	1	2	1	1	1	1	1	1	1	1	1	1	1	1	1	1	1	1	2	1	1	1	1	1	1	1	1	1	1	1	1	2	1	1	1	1	1	2	1	1	1	1	1	1	1	1	2	1	1	1	1	1	1	1	1	1	1	1	2	1	1	1	1	1	1	1	1	1	1	1	1	1	1	1	1	1	1	1	2	2	2	1	1	1	1	1	1	1	1	1	1	1	1	1	1	1	1	1	1	1	1	1	1	1	1	1	1	1	1	1	1	1	1	1	1	1	2	1	1	1	1	1	1	1	1	1	1	1	1	1	2	1	2	1	1	2	1	1	1	1	1	2	2	2	2	2	1	1	2	2	2	1	2	2	1	2	1	2	2	1	1	1	2	1	2	1	1	1	1	1	1	1	1	1	1	2	1	2	2	2	1	1	1	2	2	1	1	2	2	1	1	2	2	2	2	2	2	1	1	1	1	1	2	1	2	2	2	1	1	2	2	2	2	1	1	1	1	2	1	2	1	1	1	2	1	2	1	2	1	1	2	2	2	2	2	2	1	1	1	2	1	2	2	2	2	2	1	2	1	2	2	2	2	2	2	2	1	2	1	1	2	2	2	2	2	1	2	1	1	2	1	2	1	2	2	1	2	2	2	2	2	1	2	2	2	2	2	2	2	2	1	2	1	1	2	2	2	1	2	2
SYNCRIP	1	1	3	2	2	1	1	1	1	1	1	1	1	2	1	2	2	1	1	1	2	3	2	2	2	1	1	1	1	1	1	1	2	1	1	1	1	1	1	1	1	1	1	2	1	2	1	1	1	1	1	1	1	1	1	1	1	1	1	1	1	1	1	1	1	1	1	1	1	1	1	2	1	2	1	1	2	2	1	1	2	1	1	1	1	2	2	1	3	3	1	2	2	2	2	1	2	4	1	1	2	2	1	3	1	2	1	2	2	1	2	2	1	3	1	1	2	2	3	2	1	2	4	1	1	3	4	1	3	2	2	2	1	1	2	2	1	1	2	1	1	1	3	1	2	3	2	2	1	1	2	1	1	1	1	1	2	2	1	1	2	2	3	3	4	3	1	2	1	3	1	2	1	1	2	1	2	2	5	3	1	2	3	1	1	3	4	3	3	1	2	3	1	3	1	2	3	2	2	2	2	1	2	2	3	3	3	3	2	2	2	3	3	2	2	2	3	1	3	1	2	2	3	2	3	2	1	6	5	4	6	6	6	3	6	9	5	7	7	5	3	5	4	5	5	4	4	5	2	3	3	3	4	6	7	3	5	4	3	5	6	7	4	5	4	3	5	2	5	5	6	8	5	6	2	5	5	4	4	6	5	4	3	5	5	4	4	6	1	4	5	6	3	4	3	4	4	4	7	5	5	4	5	4	4	4	4	3	5	5	5	5	4	5	4	4	6	5	4	5	3	3	5	3	3	2	4	3	2	3	6	5	1	1	1	3	4	4	3	7	6	4	4	7	6	7	6	4	3	3	3	4	3	5	1	4	2	1	3	2	3	2	2	3	4	5	2	3	3	5	4	2	2	3	3	4	3	2	1	2	4	4	4	2	3	3	3	3	3	2	2	2	3	2	2	4	4	3	4	1	4	2	3	2	1	3	1	1	4	3	3	3	2	4	2	3	3	1	3	2	2	4	6	3	5	3	3	1	4	2	2	3	2	2	2	2	3	4	2	3	2	1	3	4	3	3	4	3	2	3	2	3	2	3	3	4	2	4	2	4	4	2	3	3	5	1	5	3	5	2	3	2	1	3	3	2	2	4	4	2	4	3	4	2	2	4	3	2	3	3	1	2	2	2	3	2	5	3	4	4	3	5	6	4	4	2	5	4	4	3	5	8	5	2	5	4	5	3	3	3	1	2	3	3	5	4	1	3	3	3	3	3	4	2	5	5	4	3	4	3	2	5	3	5	6	2	4	4	3	3	2	5	2	5	3	3	4	3	3	5	4	4	4	3	3	2	3	4	3	2	5	7	6	21	10	9	9	15	7	7	5	7	6	7	6	6	5	3	4	7	7	4	5	3	6	7	5	5	3	5	4	3	6	6	4	6	5	8	5	5	4	6	5	6	6	8	6	6	4	10	6	5	8	5	4	7	3	4	7	7	6	5	6	6	6	7	7	9	8	5	4	5	7	6	4	4	3	5	5	7	4	4	7	4	7	4	7	6	7	5	4	7	17	17	8	8	11	10	9	10	8	11	8	6	8	6	6	6	5	8	8	5	7	8	8	5	6	7	7	9	6	6	5	6	6	6	6	6	8	6	11	11	9	6	6	7	7	7	8	9	7	6	8	6	9	9	8	9	6	8	8	7	8	7	7	6	5	9	7	5	8	8
PHB2	21	15	11	7	10	21	8	11	11	8	20	14	9	8	15	19	12	10	6	5	7	6	3	7	4	15	10	7	12	11	10	9	3	9	5	5	1	1	1	3	3	2	1	1	3	2	2	3	4	1	2	1	3	1	2	4	4	1	2	4	2	6	8	2	5	5	6	6	8	3	8	13	7	6	1	14	7	7	4	4	3	10	3	7	16	12	23	22	9	21	21	14	19	22	23	26	15	18	21	25	16	22	20	23	24	14	14	16	19	19	18	23	14	16	8	16	18	16	9	17	19	23	14	19	20	22	19	16	18	3	14	5	9	20	17	11	14	14	24	18	5	11	17	8	12	15	17	13	24	20	12	16	19	7	10	12	16	9	19	14	16	17	17	20	21	22	22	14	14	29	23	29	29	20	22	26	24	21	22	22	17	21	13	12	23	21	22	20	22	24	23	32	25	23	21	22	9	24	10	21	23	19	17	16	20	20	12	19	21	19	6	7	17	20	31	16	25	19	22	16	12	18	14	16	17	10	9	28	23	32	34	33	31	32	30	34	35	34	36	37	41	36	37	31	35	37	35	38	33	33	37	34	30	33	34	37	39	32	37	31	31	33	33	31	34	33	34	28	31	32	37	32	32	35	31	27	34	34	30	27	31	38	37	31	29	37	34	34	32	31	32	31	32	35	36	26	33	34	32	25	32	30	36	20	34	34	23	32	36	37	33	38	34	34	36	35	20	34	33	30	31	28	33	33	32	32	34	32	35	34	33	26	29	32	30	32	29	32	28	32	35	30	27	13	31	22	28	21	27	18	24	27	23	17	25	28	28	30	28	23	26	28	21	33	30	32	30	23	28	20	29	28	30	35	33	31	27	15	21	29	23	30	26	27	24	31	24	27	27	27	24	35	27	26	26	25	29	25	15	18	25	25	23	29	25	28	26	24	28	25	21	30	24	26	22	29	14	21	24	13	25	20	18	28	27	27	27	23	20	26	23	22	23	27	30	21	24	23	23	24	28	22	16	12	21	21	22	31	27	28	33	21	15	31	29	30	32	28	27	32	30	30	23	33	34	32	26	22	31	29	32	30	16	29	30	33	25	20	23	29	29	32	32	28	32	32	33	27	22	30	31	32	24	33	18	26	31	26	31	22	27	11	11	18	19	28	14	25	27	26	25	31	13	31	38	33	30	32	30	33	38	28	32	21	33	22	27	29	22	28	33	30	31	30	31	28	31	27	29	29	28	31	33	23	15	15	28	27	33	35	27	30	24	31	32	29	27	32	27	27	34	33	31	32	34	14	27	28	35	25	29	28	32	53	48	47	48	37	27	33	36	32	40	34	31	35	32	39	36	39	36	35	32	37	23	38	15	37	33	33	37	30	38	32	36	34	35	38	38	36	37	41	42	37	33	39	39	38	37	39	39	42	37	38	42	29	42	36	36	32	35	39	35	37	38	39	35	30	41	40	38	37	42	46	36	37	39	35	36	41	34	36	35	38	39	35	34	38	40	36	37	37	51	39	43	44	45	43	42	45	39	47	43	48	45	43	41	41	43	45	39	37	41	44	39	41	37	41	39	42	42	40	40	43	40	39	28	29	40	38	29	44	40	40	45	42	40	39	46	42	42	42	43	42	44	46	43	40	41	40	42	40	38	40	38	42	42	45	37	40	44	41
PLRG1	6	4	4	4	2	9	5	1	4	6	2	4	5	5	5	9	7	5	5	6	7	5	1	4	4	2	2	4	4	3	5	4	2	4	3	2	1	1	1	3	3	2	1	1	3	2	2	1	3	2	2	1	2	1	2	8	1	1	2	1	4	3	2	2	1	2	2	2	3	2	5	4	3	2	1	1	2	4	1	5	2	1	3	2	5	5	10	14	8	8	7	6	5	7	5	6	7	7	7	11	7	8	4	9	9	4	11	3	5	5	5	4	7	4	4	4	5	9	9	5	7	8	5	11	7	8	8	9	11	11	7	4	5	4	3	5	10	5	9	4	4	4	8	5	8	3	6	6	6	4	7	3	10	5	4	4	3	4	8	3	4	3	5	11	14	12	12	6	8	16	10	9	10	9	8	8	9	13	9	11	7	9	9	8	9	6	13	9	18	10	8	10	10	6	8	7	8	7	5	12	7	8	4	8	6	6	6	10	8	10	4	5	9	8	5	11	7	11	5	7	8	9	7	7	11	5	7	27	23	22	22	22	22	18	22	22	18	22	25	32	24	21	14	12	20	17	21	25	19	21	23	22	16	19	22	23	24	23	15	25	16	23	27	9	14	13	16	14	15	22	27	23	20	15	20	13	17	16	17	15	17	16	14	16	17	20	20	20	15	17	13	15	15	18	13	12	14	12	19	19	25	20	15	9	16	19	17	20	19	16	19	16	19	20	22	19	20	20	18	15	16	20	19	16	13	16	11	14	14	16	13	15	11	13	11	11	14	16	16	16	19	17	17	20	24	25	17	18	18	13	11	10	18	17	9	14	9	10	18	9	10	18	10	12	10	12	10	14	7	10	13	13	13	11	12	13	12	10	9	17	10	11	6	8	9	13	8	13	12	14	7	13	16	14	11	10	12	11	7	8	9	10	9	10	10	11	6	9	12	15	11	11	9	11	6	11	8	12	12	8	14	10	16	10	6	9	7	8	8	9	10	8	13	9	11	4	11	12	10	8	10	10	12	14	13	12	15	10	9	14	9	14	8	13	13	12	11	8	11	10	13	15	11	16	17	13	10	10	19	9	14	13	9	10	12	15	15	12	14	10	12	16	12	10	12	11	12	16	18	16	23	14	8	15	11	17	13	13	18	16	9	22	17	10	14	17	19	21	13	24	21	23	18	18	17	16	14	14	12	14	14	15	12	11	15	12	16	15	17	11	16	11	16	17	16	16	17	15	18	14	18	18	17	17	13	17	18	20	19	12	14	12	12	14	16	13	12	15	13	14	13	15	15	23	21	9	17	17	19	19	19	12	18	62	43	39	38	46	20	22	24	27	23	23	21	28	12	27	18	26	20	20	19	20	18	25	20	31	12	14	15	15	16	22	22	20	14	26	21	27	28	25	25	20	25	24	24	32	21	34	30	32	31	25	29	24	22	21	29	21	19	25	17	21	25	31	33	31	35	32	23	25	32	32	29	18	17	19	21	28	21	19	19	15	23	31	31	24	25	29	29	24	48	52	40	39	38	41	32	37	28	44	37	42	32	31	33	31	29	30	29	31	28	28	17	24	32	25	31	31	27	29	32	32	34	30	22	25	35	29	40	41	26	30	33	38	31	37	42	39	30	38	32	32	35	37	35	35	33	35	34	30	26	28	26	28	29	38	35	23	41	33
YBX1	19	15	10	9	7	19	12	11	9	11	13	11	10	11	17	17	21	10	17	7	11	19	25	27	22	12	9	11	10	9	10	8	5	7	9	7	2	1	1	2	2	7	2	1	2	2	2	2	2	2	1	2	2	1	1	8	1	3	3	1	11	8	6	3	3	5	6	6	7	6	5	7	7	11	7	9	9	7	9	7	4	7	9	4	28	26	26	23	35	26	28	25	25	17	29	23	23	22	20	26	17	30	15	18	30	18	22	21	28	26	28	17	19	21	15	22	19	20	18	19	29	26	23	45	28	23	24	21	35	20	21	9	11	14	12	17	23	16	22	23	13	30	26	15	32	19	18	13	24	16	25	14	17	9	17	19	17	18	21	22	16	12	19	31	43	36	38	28	28	37	33	26	33	31	35	33	35	34	32	35	29	30	28	22	36	37	40	38	38	34	37	33	32	27	34	27	26	33	17	38	28	34	30	41	26	24	29	22	35	21	29	23	25	32	26	31	33	35	20	30	24	37	33	34	25	30	20	78	79	65	100	78	82	77	74	88	79	97	97	97	105	91	102	73	95	85	90	100	89	109	100	88	83	90	92	96	100	92	93	94	67	99	86	74	99	86	89	82	79	111	113	86	84	80	85	65	76	85	91	96	81	81	70	79	77	73	65	73	63	77	65	69	65	70	75	67	76	74	77	71	58	58	76	66	70	75	90	83	92	79	79	80	91	71	91	85	75	78	75	80	74	81	94	86	74	78	80	75	66	72	59	73	55	67	66	75	75	74	61	58	74	64	74	64	82	65	73	50	51	34	39	41	71	53	57	47	48	49	65	42	48	45	48	49	57	52	51	57	38	47	47	52	53	54	42	59	49	39	46	54	30	46	46	46	52	56	36	47	41	45	37	47	53	49	49	49	45	43	33	36	35	39	41	41	40	40	31	41	41	33	47	40	37	42	34	40	39	48	43	33	45	38	52	49	28	33	39	34	31	37	40	36	31	43	38	50	35	43	43	28	40	33	30	30	36	48	45	49	39	44	50	64	46	65	53	60	60	45	44	57	56	49	56	61	58	49	57	53	49	59	50	60	40	65	45	58	53	42	66	57	53	69	52	45	52	61	63	61	62	55	64	52	61	57	49	50	60	67	56	52	47	48	46	53	44	51	52	62	58	62	67	73	53	75	74	71	71	63	75	70	83	59	63	58	63	60	55	54	66	73	61	54	47	59	69	73	62	67	43	68	63	71	64	69	59	54	49	53	60	63	63	57	64	71	62	55	65	56	67	62	67	64	63	59	64	48	54	58	61	59	48	55	59	274	190	190	196	180	89	89	100	111	102	95	97	91	76	111	106	118	95	104	98	105	92	107	98	104	75	92	110	83	118	119	108	115	83	110	97	101	105	105	108	94	93	123	122	114	111	132	115	116	117	92	123	144	129	126	143	126	107	121	95	122	138	109	111	113	124	107	94	106	132	120	107	99	116	107	114	126	113	108	96	110	120	91	111	105	101	122	119	105	236	215	167	166	165	144	148	150	130	181	176	192	192	155	140	136	137	144	134	130	129	160	134	122	131	138	110	125	120	126	130	132	124	112	115	112	145	137	160	187	167	148	131	155	138	171	150	145	123	144	132	135	175	145	162	120	128	127	149	144	136	140	121	141	169	153	138	121	159	135
SCMH1	15	15	10	14	12	14	15	8	11	9	12	11	16	12	16	10	11	11	14	7	10	8	4	5	11	4	10	10	4	8	8	11	6	10	10	5	1	1	1	1	1	2	1	1	1	1	2	3	1	2	1	2	2	1	1	10	2	2	1	3	10	3	4	5	7	3	3	5	6	5	2	9	3	7	4	12	5	6	6	6	7	11	7	4	22	22	20	31	24	17	21	21	25	23	24	23	20	18	21	18	21	18	23	15	18	25	18	25	21	15	27	17	19	21	18	19	20	20	13	30	27	28	27	30	31	25	28	18	16	7	17	7	14	20	23	14	14	20	19	18	11	11	19	17	13	15	11	20	20	9	21	23	22	20	15	16	20	15	20	12	20	9	13	26	24	22	31	31	29	30	35	34	32	33	35	35	38	30	32	30	29	29	23	35	21	35	28	33	29	36	29	32	21	39	26	22	24	32	25	23	26	32	22	14	26	15	26	29	25	23	19	12	28	29	21	33	29	19	26	30	21	25	20	20	28	13	21	52	49	48	64	51	52	51	57	71	59	80	69	70	72	70	69	67	74	73	76	70	70	62	70	67	69	71	80	59	62	71	69	68	73	59	46	70	65	72	70	70	66	66	76	64	66	64	70	64	54	70	61	49	62	69	58	50	70	51	59	60	58	66	56	61	58	70	60	63	54	58	55	64	59	58	58	61	61	71	56	63	69	70	68	71	59	59	58	64	58	53	65	58	58	60	49	64	54	53	66	62	59	53	54	56	54	61	60	59	56	59	54	63	84	49	49	40	54	54	43	34	32	45	32	27	25	35	35	50	37	46	41	34	49	44	50	39	39	48	39	35	32	35	40	39	44	47	38	46	40	49	34	42	39	35	42	46	41	46	38	35	30	38	47	29	35	40	38	31	43	46	36	41	39	31	35	37	45	36	45	37	34	40	28	39	34	38	29	35	33	40	28	28	35	24	28	31	24	37	39	34	36	31	28	27	31	36	31	32	39	36	34	40	32	40	35	22	30	24	44	43	49	55	42	43	43	47	44	46	43	46	47	49	43	42	42	36	45	40	41	40	43	41	49	40	40	48	47	52	36	52	49	54	48	55	40	52	49	54	50	45	42	40	37	50	41	49	46	52	51	56	37	43	41	25	38	42	37	35	28	43	38	42	53	53	40	61	62	66	55	61	62	62	60	56	42	52	50	52	56	52	52	48	57	45	38	53	56	55	62	44	56	48	38	57	48	45	44	42	42	45	39	37	48	53	55	57	48	65	49	48	55	50	45	57	52	41	45	37	53	51	45	40	43	52	42	162	131	122	134	91	55	68	74	67	74	67	69	56	54	73	75	79	81	77	81	66	71	82	67	73	61	84	75	76	84	72	80	70	73	87	70	80	76	78	72	69	73	86	81	74	81	83	90	74	82	79	78	87	90	96	93	91	77	79	78	101	88	80	73	80	89	72	64	84	81	81	83	70	76	75	78	85	73	74	75	85	86	72	59	75	69	77	80	82	141	120	104	111	97	101	106	104	88	119	122	123	106	95	105	91	91	90	92	89	90	100	99	94	97	100	81	93	82	88	90	94	86	81	76	82	86	88	94	122	110	100	87	98	99	104	90	98	89	93	93	106	102	107	107	95	95	86	91	94	104	98	85	93	114	98	99	86	104	103
SRSF9	9	7	10	8	6	5	7	8	8	6	8	6	8	12	11	15	5	12	10	14	5	12	9	9	6	6	3	3	8	5	6	5	3	6	8	6	1	1	2	1	1	1	1	3	1	4	1	3	1	3	1	2	2	1	2	6	2	3	3	1	3	6	3	4	6	2	9	4	6	3	2	4	3	2	3	6	3	14	11	4	4	5	6	12	11	11	15	15	13	14	17	20	15	17	11	14	12	13	15	15	9	13	11	12	17	16	9	14	9	11	17	9	14	10	12	11	12	21	24	18	10	20	15	14	8	15	22	18	19	19	18	14	10	10	9	8	13	8	8	6	8	4	17	16	17	14	24	14	19	13	12	9	12	11	8	14	20	10	14	10	14	11	9	20	24	30	20	23	18	25	15	19	23	17	16	14	12	17	15	21	17	23	19	16	18	21	14	25	13	13	23	18	17	15	13	18	22	18	11	27	11	18	19	24	18	22	20	16	15	16	17	16	18	27	14	14	18	19	16	16	17	21	22	18	17	17	18	44	45	57	42	60	40	42	48	41	49	45	46	39	46	42	40	47	40	46	45	46	39	34	41	33	38	46	47	39	52	44	36	51	44	42	50	35	34	37	33	40	37	40	43	36	34	43	50	41	39	38	34	47	33	34	38	29	38	39	40	42	31	35	31	38	33	40	34	28	30	30	34	38	45	35	36	25	39	41	32	29	37	38	34	40	28	36	43	42	41	37	33	31	39	39	43	30	28	33	40	30	29	24	33	34	29	30	28	27	35	45	29	41	38	32	44	48	41	51	50	33	36	27	27	31	45	37	19	17	21	24	24	24	23	30	28	29	30	31	27	33	20	22	20	27	26	26	20	29	27	28	29	24	29	26	19	19	23	23	25	24	16	25	18	20	29	26	30	21	23	25	20	24	26	15	25	20	18	15	20	21	32	25	13	23	22	25	16	18	15	19	25	20	31	30	29	17	15	18	20	17	28	28	25	25	18	21	19	19	21	25	20	18	23	17	32	28	35	37	34	20	26	25	33	29	20	25	26	24	26	23	20	27	27	33	23	31	34	26	33	36	35	28	32	28	22	23	27	25	31	23	37	29	22	22	25	27	20	25	20	27	36	32	39	32	22	28	21	29	34	21	27	33	26	32	30	27	27	36	30	30	37	54	37	39	30	24	37	26	36	34	33	32	38	30	38	24	38	29	35	38	30	29	34	30	32	35	29	36	37	38	31	33	29	41	33	42	32	35	28	30	39	28	39	24	27	36	38	24	32	24	30	32	32	34	38	24	24	31	22	39	44	37	30	30	27	183	102	82	82	133	56	42	38	55	43	39	45	47	48	48	43	47	53	42	46	45	47	43	45	39	32	35	39	37	39	42	42	48	32	42	46	53	50	52	45	47	44	54	62	53	56	84	52	60	58	54	60	57	54	57	59	58	39	62	41	49	55	55	67	70	79	48	51	59	64	57	54	46	47	42	48	48	46	43	43	45	43	67	61	52	53	66	62	61	165	158	99	75	97	81	78	77	71	114	85	82	76	72	59	73	59	65	54	62	69	62	60	56	63	61	65	65	65	63	59	53	67	66	57	50	66	66	86	87	68	67	67	64	71	81	74	91	65	84	71	59	76	76	84	66	70	84	72	64	54	65	64	58	70	71	62	57	75	58
IKZF1	20	16	9	11	14	16	9	14	13	6	23	17	13	12	19	23	14	11	12	6	7	7	8	4	7	16	11	10	12	17	11	10	5	13	6	7	1	1	1	3	3	2	1	1	3	2	3	3	5	1	3	1	4	2	4	5	2	1	3	4	6	6	11	3	7	7	8	6	9	4	7	11	9	6	5	17	10	12	6	5	5	11	4	7	20	22	32	26	13	28	22	25	27	27	31	23	21	17	18	33	18	24	22	25	28	22	19	22	22	22	23	28	22	23	13	19	26	23	10	24	29	23	20	27	28	23	25	25	26	6	15	11	11	20	19	14	18	16	25	23	12	12	22	12	18	24	16	20	26	15	18	23	19	8	17	21	16	19	17	16	20	22	23	24	24	24	29	25	22	30	25	36	31	25	29	32	32	33	28	31	22	29	20	19	30	30	25	25	30	27	31	33	29	30	27	27	16	33	17	27	29	20	23	26	30	27	17	22	27	25	12	10	21	31	38	16	23	30	27	23	23	24	21	25	23	13	18	37	40	48	64	39	49	45	52	51	50	60	57	62	65	60	59	45	60	64	54	58	57	50	52	62	49	53	49	55	62	50	53	53	54	51	42	57	57	59	55	50	50	55	63	52	42	49	51	49	48	52	62	42	53	48	49	51	47	50	51	51	52	46	51	50	47	49	49	44	51	54	52	51	47	51	53	39	49	49	43	50	58	53	43	56	55	52	56	51	34	48	49	46	45	48	45	55	44	49	52	57	44	57	44	36	48	47	46	46	38	46	44	52	52	43	39	26	47	43	39	32	37	31	27	32	32	33	31	39	37	38	38	36	42	39	30	40	38	37	38	32	31	35	41	37	46	46	36	36	37	28	30	42	37	37	37	34	36	45	30	39	28	35	34	43	33	30	36	34	37	41	20	26	33	25	31	38	37	30	35	35	36	35	29	35	32	33	29	33	29	33	30	24	40	28	34	37	41	31	35	32	27	37	32	34	35	28	44	34	31	37	30	29	32	29	24	16	35	30	24	38	36	34	46	33	29	39	34	40	41	39	37	45	38	42	35	40	41	44	37	30	32	47	50	37	30	37	41	37	39	30	41	42	47	49	35	42	39	37	43	38	35	42	41	41	34	42	34	38	41	35	43	34	32	22	25	30	31	40	26	35	29	29	38	42	27	59	48	45	45	43	42	46	49	37	45	33	48	36	37	44	33	45	48	49	39	50	42	42	47	38	41	37	40	48	49	36	22	28	37	41	41	46	35	43	38	46	40	47	45	44	40	41	43	45	46	53	52	30	37	44	49	42	40	42	40	116	97	87	91	71	42	51	53	64	65	59	57	56	49	65	53	65	63	59	46	54	47	52	41	59	55	59	63	52	66	52	58	68	59	64	64	62	65	67	63	56	48	65	58	73	58	71	64	60	63	57	70	61	75	70	61	64	62	70	61	64	68	57	59	52	62	60	54	60	69	72	60	62	66	58	61	72	62	67	64	58	72	61	55	65	55	66	58	63	106	88	86	84	78	80	84	76	69	79	84	92	86	76	73	73	71	71	70	59	72	83	77	75	73	77	62	67	67	66	73	68	64	59	53	47	72	72	65	90	76	67	70	80	68	80	79	71	65	74	71	73	75	76	79	70	74	59	71	74	67	72	71	72	80	85	69	68	80	73
SNRNP70	94	80	87	88	91	84	65	76	64	71	83	73	74	82	102	99	80	74	55	81	67	62	55	24	21	69	64	50	71	60	58	53	60	73	54	64	1	1	2	2	2	2	1	4	2	11	7	9	4	4	7	10	4	9	9	8	12	5	12	10	13	17	20	18	29	26	29	19	39	27	33	42	39	30	34	53	37	42	43	33	34	42	34	43	114	136	149	139	134	136	143	146	163	165	167	161	135	154	159	130	113	128	139	163	153	141	136	145	169	148	139	151	123	125	111	128	150	141	132	144	127	167	161	135	163	161	147	158	175	74	98	69	80	106	112	90	106	101	112	97	100	66	129	113	107	117	140	119	143	145	132	128	128	72	103	100	128	118	123	108	124	133	125	178	176	183	200	180	185	202	194	174	191	188	176	183	183	199	194	182	166	196	179	193	194	211	200	205	191	199	192	219	207	208	215	212	157	198	160	193	193	182	151	164	183	191	169	153	186	170	134	145	155	163	202	154	170	161	188	146	158	191	151	167	134	145	149	361	383	403	373	374	355	367	395	409	379	431	431	429	444	427	402	434	445	438	428	424	419	402	432	397	407	391	419	397	420	422	415	413	387	426	389	392	396	377	391	407	395	391	411	382	386	419	420	390	403	419	400	344	362	367	346	390	362	364	379	387	385	383	376	381	368	378	380	372	364	382	396	343	397	390	379	344	377	387	386	362	384	404	383	381	380	369	382	399	377	363	363	352	371	362	362	356	354	351	369	360	371	358	353	368	357	339	334	343	335	347	379	375	350	324	343	310	375	328	329	226	288	255	242	254	221	198	243	266	236	284	267	248	267	270	264	263	244	277	251	271	245	273	257	276	268	291	283	284	293	271	239	259	259	224	250	254	239	249	268	242	227	256	253	284	270	238	242	257	234	258	210	220	253	215	240	244	246	231	246	254	224	239	211	240	223	243	221	237	223	205	212	196	230	217	228	229	225	213	222	215	213	246	230	205	235	207	224	220	221	234	245	218	235	233	185	184	239	226	239	277	285	278	294	283	276	283	289	282	304	288	265	280	298	302	267	319	296	298	296	295	312	291	315	314	266	285	278	286	313	277	296	299	285	298	311	296	297	281	300	283	274	323	322	294	279	297	311	304	308	305	319	305	314	247	246	257	256	295	276	253	284	298	303	333	305	334	370	336	332	338	328	353	373	340	353	320	352	337	340	344	315	308	335	333	362	352	346	329	364	315	346	331	324	330	333	292	279	308	331	304	326	346	315	314	339	328	342	307	288	332	292	316	334	307	313	308	339	273	311	328	347	342	322	322	318	725	768	725	730	370	420	434	473	455	449	436	421	397	420	461	471	463	489	443	458	448	425	436	388	486	443	437	442	427	472	475	454	445	489	466	495	458	451	443	466	473	447	502	548	507	545	525	509	496	525	511	526	492	528	528	504	499	518	539	532	495	521	499	464	481	483	515	472	490	502	517	483	496	481	504	488	471	496	524	518	476	495	497	491	478	495	478	511	464	578	517	663	644	636	625	649	660	649	698	688	688	551	555	571	575	567	543	569	571	608	532	541	592	556	576	567	546	519	548	531	541	565	554	553	524	573	582	499	624	584	595	614	616	622	567	580	607	575	605	612	642	624	615	654	550	567	573	579	561	583	568	596	590	594	593	568	610	606	586
ZNF496	103	123	95	87	110	114	73	78	122	76	106	99	104	107	125	99	74	82	68	92	81	65	46	27	41	62	82	68	49	88	62	74	62	82	64	67	2	1	1	2	2	2	2	1	3	7	19	18	4	9	2	8	13	5	12	5	17	12	17	11	19	23	29	18	40	30	26	28	40	36	37	52	45	34	36	68	61	70	36	43	44	56	21	41	156	168	178	172	142	150	189	188	194	218	190	170	171	191	163	164	149	162	171	165	170	161	161	203	172	156	161	181	157	166	139	148	184	167	144	196	188	197	192	203	227	194	204	177	177	85	103	80	97	140	133	97	137	131	150	129	89	86	151	116	132	140	150	183	177	134	148	151	172	106	113	136	134	136	144	120	155	120	144	199	187	200	228	208	209	231	251	244	258	235	253	250	251	239	232	222	204	248	208	217	220	228	254	251	253	252	259	266	238	255	257	223	186	249	188	216	228	212	193	170	216	187	191	183	199	216	154	168	194	218	210	191	202	193	194	205	200	211	181	195	196	120	147	440	447	465	506	458	453	456	482	513	481	561	521	529	547	542	527	538	538	543	576	550	534	524	539	536	521	515	510	520	513	499	545	506	485	469	453	496	539	503	515	504	503	509	527	495	487	498	486	514	513	538	504	468	468	492	458	477	482	467	494	482	466	470	461	496	466	481	494	484	470	493	475	494	464	459	474	461	497	518	454	478	508	515	488	497	457	490	466	471	486	440	458	455	476	451	410	462	438	425	460	456	447	417	453	453	443	429	440	443	418	457	457	488	473	390	413	362	440	387	391	263	297	318	285	294	250	226	297	330	315	328	338	319	335	321	329	339	326	352	314	299	292	321	323	318	335	358	350	349	318	333	263	344	309	309	301	336	327	347	312	297	293	310	331	304	302	306	295	326	315	315	282	278	308	279	300	291	301	307	313	312	291	303	272	313	294	290	276	289	256	251	246	205	261	256	231	254	252	276	268	250	268	260	267	268	299	260	310	273	283	290	280	283	273	264	230	215	248	250	271	354	352	345	344	320	327	342	333	374	370	354	346	359	333	379	342	329	386	366	358	359	346	364	380	361	335	383	355	372	378	363	392	387	387	401	371	384	381	393	386	362	344	359	366	392	358	378	363	387	375	379	387	351	367	261	277	312	323	380	314	345	322	340	360	393	321	450	466	422	447	442	426	466	428	415	404	393	428	406	423	432	382	413	429	424	408	442	452	448	445	349	422	419	387	430	415	375	316	344	358	365	373	393	383	399	405	437	404	449	378	392	382	385	407	403	413	400	404	341	379	391	401	392	382	399	380	937	985	947	951	428	503	547	573	539	559	546	542	506	492	594	602	609	594	588	607	584	538	562	493	563	540	590	574	560	611	590	587	614	598	612	615	572	598	555	595	572	614	662	659	652	636	592	667	627	647	641	670	649	718	704	660	675	650	647	663	670	662	589	540	564	599	614	590	614	646	615	608	612	615	616	625	660	654	636	640	644	660	559	557	597	573	632	606	616	772	639	809	836	765	785	826	819	797	850	859	885	738	709	757	712	715	699	742	713	710	729	728	743	740	746	682	669	647	684	687	691	671	663	650	663	701	700	629	835	808	754	742	756	704	735	757	708	732	749	759	793	790	769	789	679	704	694	707	714	747	773	741	763	767	748	765	756	765	767
HMGA1	82	58	48	38	65	66	36	49	58	39	66	54	50	54	71	105	60	49	44	48	38	42	21	15	17	68	38	18	40	59	46	44	23	51	33	41	2	1	1	3	1	2	3	3	3	9	18	17	6	6	3	4	10	4	5	7	15	11	9	14	17	22	26	22	29	17	29	21	33	16	29	42	25	17	13	53	53	54	22	19	15	40	21	37	52	67	132	112	84	92	109	99	119	117	122	106	80	107	97	111	71	100	95	96	114	85	76	114	97	98	101	115	98	91	63	86	105	107	75	96	102	136	91	94	113	115	115	84	110	33	85	49	38	71	69	67	77	66	93	80	27	44	109	68	62	82	108	81	115	83	75	85	92	32	55	70	84	59	86	71	90	99	101	140	114	135	116	109	92	136	131	138	133	106	118	117	128	129	121	119	97	119	95	84	115	132	124	129	117	123	138	141	117	133	123	122	57	139	60	117	117	105	87	98	117	112	87	98	131	90	67	72	95	121	123	76	126	101	114	93	86	127	97	113	102	61	74	195	200	237	243	230	205	208	218	225	237	241	238	214	238	230	186	209	235	211	218	246	206	204	228	212	214	219	228	221	236	244	218	211	218	242	222	186	204	189	208	192	203	212	249	219	168	230	224	193	212	214	192	192	199	229	186	199	204	225	229	217	192	232	190	201	183	229	199	181	165	197	224	202	207	207	194	129	192	220	181	188	211	242	213	232	215	208	219	235	145	216	195	216	211	194	215	167	156	163	225	195	174	198	194	191	174	171	160	175	157	211	206	212	243	185	171	146	232	225	208	150	191	149	123	168	155	122	127	154	144	164	168	132	157	170	135	202	165	182	132	165	140	129	150	180	163	174	178	198	144	118	140	186	156	151	141	141	153	162	161	154	109	133	137	160	163	167	162	154	162	146	85	105	161	116	140	136	143	139	147	119	164	151	138	145	120	131	121	132	80	126	138	103	168	141	137	138	135	123	149	105	134	157	165	119	153	134	161	131	136	143	146	126	141	127	142	106	152	157	140	145	131	142	186	141	95	168	175	154	172	158	136	166	172	163	160	197	208	155	185	165	183	175	171	208	107	154	152	166	149	111	181	162	171	178	164	174	151	155	169	161	157	183	194	161	138	164	125	174	191	154	181	162	137	119	145	152	155	166	110	162	187	183	203	201	116	195	218	184	196	226	177	220	227	179	177	106	199	154	170	181	159	179	196	186	174	179	187	199	206	174	179	177	174	197	202	189	110	118	175	165	202	176	150	175	169	197	189	180	174	166	174	173	193	182	180	184	202	126	148	168	183	178	205	171	170	387	358	338	356	237	206	221	245	261	244	234	226	211	220	244	204	255	236	212	210	221	181	222	143	224	189	197	218	188	230	219	233	214	211	237	232	261	257	267	254	224	223	246	252	254	272	291	278	277	267	270	253	242	262	235	250	230	220	278	225	240	253	244	275	256	284	254	230	263	293	282	262	243	242	227	235	244	210	248	225	229	218	292	270	258	247	247	263	250	307	264	340	310	349	325	285	330	291	375	333	339	280	288	299	305	271	306	275	248	286	266	265	271	274	266	303	314	281	289	291	290	261	289	210	172	284	280	257	321	259	283	272	310	295	312	321	324	316	318	319	295	313	309	323	303	321	305	294	303	265	267	264	287	285	314	309	291	310	291
TRIM22	48	32	26	18	30	34	25	36	28	27	38	35	28	30	36	41	44	30	21	19	32	18	16	16	17	26	29	21	34	27	26	26	26	27	22	20	1	1	1	4	3	2	1	1	5	4	4	6	3	2	2	1	5	3	4	5	9	6	6	6	6	10	10	10	13	9	16	16	11	9	15	22	21	14	16	24	25	17	9	15	11	22	6	12	48	54	73	60	46	52	57	64	73	62	71	67	67	57	54	65	59	53	62	68	66	46	55	63	64	55	58	60	54	62	46	46	55	44	53	68	84	74	60	56	84	73	57	66	67	17	45	22	42	49	41	36	37	44	53	47	39	34	54	49	43	48	49	57	63	63	52	55	59	37	48	38	47	40	55	35	41	49	59	66	77	68	89	83	84	85	95	86	93	86	87	90	85	90	86	82	74	77	71	83	100	82	89	83	94	96	92	88	97	80	94	78	64	75	67	84	82	74	71	74	72	70	57	70	77	67	64	57	67	71	83	62	81	67	72	61	63	79	54	52	47	55	60	136	134	152	170	158	134	148	183	167	156	212	205	196	217	201	199	213	228	219	206	213	217	192	206	214	187	197	191	173	193	206	199	194	161	175	172	183	196	204	218	172	189	179	187	191	175	178	172	175	192	192	184	183	150	176	177	176	162	184	192	171	197	166	180	169	185	183	182	186	188	190	169	146	156	164	162	194	178	183	184	183	181	203	197	205	169	183	193	174	175	180	148	171	166	148	175	172	165	158	173	170	178	176	174	161	181	166	164	179	160	156	151	164	159	119	129	119	143	132	138	104	122	93	91	107	86	123	133	134	130	117	133	126	128	135	111	128	111	122	121	113	119	110	120	118	143	127	117	122	119	107	95	134	106	117	111	107	125	136	103	122	107	113	122	129	109	105	116	102	106	122	82	101	112	109	111	97	113	99	107	110	99	115	93	110	104	112	111	122	86	97	99	72	98	79	95	97	82	93	91	91	97	99	104	80	110	120	108	105	95	93	100	90	102	97	59	66	90	74	88	134	121	134	140	114	113	121	129	139	144	138	129	153	125	146	117	142	147	133	138	127	143	141	127	136	128	114	128	140	136	129	134	137	144	164	145	136	135	126	158	114	127	144	151	155	162	151	131	131	126	134	142	123	129	94	79	71	87	124	101	117	124	99	107	136	98	180	161	160	145	176	166	182	173	158	170	160	157	157	145	145	142	152	146	157	154	134	148	152	157	132	131	130	133	149	149	125	132	125	136	124	134	159	150	138	158	163	160	150	128	152	163	130	149	138	143	143	156	104	134	148	175	148	140	135	127	360	376	349	359	183	181	183	196	214	223	190	186	177	197	226	232	243	231	230	224	232	216	230	198	233	222	232	234	221	246	243	238	236	243	232	225	193	211	221	217	206	207	247	255	239	235	228	213	229	222	210	256	257	267	265	261	266	252	252	265	241	245	207	195	209	221	237	222	217	226	234	237	239	232	228	246	240	244	255	243	235	250	214	197	207	191	229	237	225	319	247	301	308	280	289	328	287	291	328	322	341	303	261	273	253	250	253	267	274	267	285	278	288	273	275	242	236	226	232	252	246	247	252	244	261	271	260	210	323	306	264	279	287	281	277	276	269	272	260	275	296	294	280	289	262	243	236	263	272	283	290	297	280	296	279	260	263	282	283
ZNF382	26	28	22	29	27	22	28	19	32	26	21	18	27	30	29	32	35	35	29	35	24	36	23	11	14	18	15	19	14	22	23	20	20	24	27	25	2	1	1	1	2	2	2	3	1	4	9	6	2	5	1	3	5	2	3	4	5	5	6	4	8	14	6	8	8	11	16	5	8	15	19	18	12	11	12	12	13	21	15	12	15	11	24	24	39	53	50	42	50	58	59	47	48	66	36	57	48	56	59	47	28	39	45	40	50	62	42	55	43	45	50	39	47	46	49	54	61	68	60	66	37	63	50	50	52	55	67	61	62	67	45	48	28	28	32	38	38	41	43	28	34	23	38	47	30	43	60	50	51	43	47	35	42	31	32	33	40	49	47	33	42	40	38	75	110	104	69	78	65	69	64	68	56	65	73	49	62	69	73	59	62	88	65	62	49	70	78	78	80	60	81	58	61	71	58	87	70	64	54	79	61	68	49	65	75	66	82	57	66	57	48	70	66	74	65	52	55	74	67	53	53	89	78	79	87	56	73	199	198	205	202	200	193	204	185	209	180	191	201	203	171	180	151	182	170	188	186	175	167	152	176	152	177	174	184	155	180	166	173	177	163	181	160	150	144	148	139	155	142	150	185	155	163	173	171	159	156	176	149	153	143	161	134	158	148	150	167	150	132	150	148	159	139	155	142	137	127	128	178	175	173	166	169	116	141	171	139	150	149	150	154	151	156	152	171	168	154	151	152	156	158	160	154	124	129	134	134	136	134	131	149	147	121	121	122	108	126	151	160	146	168	161	168	177	206	197	154	122	125	108	93	120	99	99	76	90	66	92	73	102	97	118	104	106	106	111	91	104	76	100	112	104	95	96	97	115	91	109	95	106	97	95	94	80	92	75	100	99	82	85	86	92	116	96	112	93	95	108	75	86	81	72	88	86	83	78	91	81	85	77	69	74	69	79	66	88	77	64	96	89	109	89	87	64	80	77	78	60	83	89	86	90	83	71	70	68	96	80	80	77	73	79	136	98	96	129	126	82	95	91	107	95	98	99	106	90	97	98	87	99	120	108	102	105	107	89	103	134	135	100	124	117	80	105	119	108	117	103	127	99	105	101	117	108	91	108	94	131	108	126	135	96	90	114	107	118	113	98	131	125	114	158	143	134	127	119	125	136	122	162	168	149	153	148	149	138	133	124	114	135	124	137	130	118	139	134	130	137	143	112	134	125	148	142	141	143	149	146	159	154	151	142	140	147	138	146	135	139	161	103	129	116	109	120	127	130	115	107	105	123	111	121	119	136	138	120	132	148	144	138	153	135	140	358	376	334	363	182	198	189	207	209	189	188	184	212	178	209	181	195	188	182	178	173	187	191	177	194	169	163	165	168	172	195	173	170	181	191	194	230	205	209	197	205	192	224	229	239	250	276	269	254	255	249	202	222	219	207	214	220	207	237	222	216	219	246	249	230	249	237	228	234	231	230	234	206	201	199	211	200	196	204	193	180	184	254	241	208	208	217	240	205	244	244	335	311	325	310	278	310	318	356	315	312	230	266	263	262	252	262	245	237	276	211	232	243	243	237	286	259	270	276	241	250	274	249	241	227	254	240	306	295	244	289	268	285	286	305	297	331	291	302	316	292	296	299	316	298	308	304	284	274	249	238	254	244	250	295	273	277	288	261
ARNT	43	33	43	33	28	37	38	30	32	39	30	31	38	37	41	44	54	42	53	39	33	47	33	15	12	22	28	31	25	21	29	27	18	28	22	29	1	1	1	2	2	1	1	1	3	7	2	3	2	1	5	3	3	3	3	5	10	5	6	5	6	11	12	11	10	11	15	13	20	9	18	15	16	15	14	28	16	24	13	19	14	14	16	17	87	70	81	81	69	66	73	79	81	74	68	70	72	68	63	75	71	60	59	74	65	56	64	68	69	54	72	55	69	58	59	57	58	67	73	79	67	71	78	76	81	79	83	82	89	63	52	63	47	52	44	45	44	45	52	46	46	35	64	49	63	69	53	56	59	64	55	48	48	48	42	54	51	64	61	53	54	54	55	129	106	97	106	99	110	109	88	77	102	89	93	91	93	103	103	88	93	109	110	98	100	104	98	102	106	97	103	106	95	95	99	101	91	87	83	84	85	91	92	100	96	83	89	90	93	81	77	83	86	71	100	75	68	85	86	67	82	115	76	92	98	79	102	284	275	295	258	273	258	266	254	273	255	273	268	274	265	249	257	249	252	246	244	244	244	233	248	268	241	257	250	264	257	241	250	269	253	254	245	216	218	210	210	225	226	246	250	254	230	216	245	252	234	226	229	232	200	218	230	208	228	224	207	223	227	205	194	207	187	214	204	212	195	203	239	247	241	223	230	195	226	230	221	223	214	210	211	210	234	242	231	228	217	205	208	200	210	196	239	197	196	188	201	190	208	198	220	206	190	197	183	177	216	231	236	250	216	234	216	253	263	221	236	147	165	151	158	153	151	99	125	128	125	137	155	119	142	149	157	147	158	145	146	153	135	150	143	144	153	140	126	151	148	155	138	142	108	139	135	138	131	131	125	135	133	144	137	143	147	157	148	149	130	146	120	121	121	114	130	120	119	119	123	112	113	118	115	116	117	113	109	120	124	121	115	127	120	142	123	116	105	100	123	105	109	115	113	106	127	111	119	120	113	106	115	103	106	114	115	128	137	139	148	143	141	147	163	151	161	152	143	142	150	149	134	129	145	157	151	167	140	152	150	167	148	166	167	145	165	158	161	164	169	163	158	158	175	156	162	170	153	159	165	171	162	166	175	165	164	167	156	164	160	166	198	177	182	201	198	182	196	183	187	202	186	227	223	208	219	204	191	214	188	189	184	178	192	184	163	184	196	184	181	198	185	178	193	184	200	228	216	205	214	229	210	199	207	215	182	204	195	184	194	187	207	170	168	168	184	183	192	183	173	175	154	167	183	175	181	182	183	187	180	204	195	190	187	200	191	514	535	488	484	272	289	301	311	290	289	272	287	275	277	295	268	269	295	264	259	265	267	263	257	273	242	232	239	258	265	283	274	273	264	287	298	329	310	306	299	291	282	333	332	353	355	380	361	359	369	353	336	323	332	316	310	291	277	316	302	324	316	371	344	322	350	343	341	332	310	323	339	287	280	307	286	308	282	281	286	276	295	318	338	334	328	311	332	321	370	345	468	435	463	452	414	443	422	475	454	442	373	355	361	373	379	364	366	362	392	333	325	347	352	347	418	376	388	376	347	340	387	352	360	345	370	367	434	381	342	432	425	419	405	412	436	460	430	436	425	413	401	425	435	418	416	439	407	419	367	354	350	367	381	407	407	397	392	387
CENPX	50	60	39	54	43	62	48	42	45	41	41	38	57	51	48	64	42	59	45	39	40	43	30	30	22	24	30	45	36	38	31	25	31	35	38	34	1	1	1	1	1	2	2	2	1	10	8	4	1	3	3	7	1	3	2	5	6	7	7	8	14	8	15	8	12	10	15	11	17	16	23	14	19	19	23	24	19	30	23	27	18	25	23	22	93	92	83	96	85	68	97	95	93	99	90	100	94	102	92	74	74	79	78	79	76	103	76	93	93	87	90	82	99	89	84	91	88	86	82	102	86	90	110	91	102	103	112	94	89	66	47	52	51	58	56	59	64	59	64	55	60	50	73	86	64	78	82	92	88	69	75	82	74	53	66	54	76	60	80	63	75	57	60	126	126	122	119	139	121	144	126	130	135	113	125	114	133	125	132	130	135	118	130	139	135	141	125	144	117	124	125	124	125	124	133	110	114	105	96	115	111	117	96	102	109	116	112	103	110	102	102	80	111	115	111	123	100	111	96	105	102	106	96	109	111	99	97	293	279	274	289	272	269	280	291	300	271	320	311	334	310	311	289	298	300	315	327	297	304	296	297	281	328	313	298	275	293	295	313	301	275	281	277	286	286	288	286	284	279	274	308	277	288	290	290	300	281	289	274	257	242	257	263	260	263	253	268	252	244	255	262	271	251	262	276	278	260	268	278	286	290	271	264	275	269	279	257	252	285	290	269	276	268	275	272	286	276	255	269	266	242	275	250	251	246	251	251	236	254	252	250	258	251	247	238	233	256	260	261	268	276	245	261	247	273	260	249	161	178	193	155	168	147	152	163	186	177	178	158	176	175	188	186	172	171	180	187	173	161	182	150	155	169	194	170	188	177	188	158	170	179	151	156	176	174	144	175	151	146	180	170	157	153	172	177	172	190	197	148	156	166	153	141	163	166	144	160	145	152	185	146	153	150	167	134	130	168	146	128	162	157	144	136	133	123	141	145	139	143	153	131	137	143	133	132	132	145	150	147	150	154	134	146	125	151	151	174	190	187	187	193	203	201	191	179	182	191	196	192	200	203	184	185	197	195	203	189	195	195	202	189	173	188	202	194	197	190	226	192	185	205	207	202	201	198	211	200	182	169	185	204	224	198	216	204	225	207	208	206	215	213	205	188	192	201	199	195	176	180	220	242	227	232	255	231	253	226	243	227	253	239	223	241	233	228	242	249	234	232	211	235	249	237	253	256	242	242	206	272	234	203	239	211	212	227	237	216	220	206	217	213	210	234	225	221	224	188	223	213	218	193	226	222	227	226	203	229	218	222	221	208	221	208	604	614	557	584	299	303	318	329	311	334	319	304	283	318	316	341	342	349	332	344	330	327	336	304	349	306	335	309	326	345	328	328	341	348	353	353	341	346	333	330	349	341	388	381	380	391	383	403	375	384	380	397	385	407	389	378	387	368	388	378	391	375	386	344	378	358	371	349	375	364	364	372	342	352	364	360	347	383	359	373	355	372	355	344	344	342	355	357	345	475	410	515	493	499	488	498	497	483	539	534	529	430	404	421	426	406	412	414	421	454	405	422	437	416	430	409	408	407	390	404	407	430	402	405	390	401	402	424	492	451	451	453	466	463	462	459	432	451	451	447	481	480	483	483	428	445	419	431	421	428	421	441	440	469	462	429	442	465	444
ZNF282	78	63	53	49	61	65	50	55	57	40	64	51	57	65	65	76	56	58	34	52	41	32	23	21	30	55	43	34	40	52	37	40	22	38	38	38	1	1	1	3	2	2	2	2	4	4	13	10	5	5	3	1	3	4	6	7	9	6	7	10	9	17	23	10	19	20	16	14	28	18	27	37	26	31	16	50	37	35	27	22	19	29	18	30	85	98	103	114	96	102	109	95	109	117	116	102	91	97	112	116	88	101	104	100	107	97	93	108	106	109	106	120	100	106	76	95	96	94	80	107	103	103	98	113	102	123	131	98	104	35	66	55	44	79	76	63	75	75	86	85	60	49	93	74	66	89	74	87	115	90	75	89	102	48	56	77	88	68	85	81	90	87	80	130	116	121	130	130	115	152	132	144	141	133	136	129	143	132	125	124	109	144	121	112	137	140	137	140	126	141	136	150	154	139	137	121	95	140	109	120	131	114	95	112	113	121	98	96	121	118	86	81	102	117	145	107	123	110	126	118	105	118	113	122	116	81	97	254	257	276	276	269	266	266	272	274	278	306	302	309	309	314	291	300	317	314	307	311	296	294	299	308	290	298	290	277	292	284	292	277	272	286	259	284	291	279	282	270	269	269	295	254	255	284	287	274	281	281	282	272	259	277	268	273	249	262	254	266	259	266	267	265	261	269	260	261	252	265	272	268	269	258	264	244	278	293	250	251	288	295	255	285	262	287	266	271	238	244	272	266	267	239	250	245	253	244	263	245	253	231	246	246	252	243	249	226	237	247	253	255	249	235	243	196	271	228	237	152	185	175	139	189	145	138	172	190	193	184	198	184	193	185	171	193	183	198	185	189	175	164	181	187	189	213	205	196	177	192	161	175	173	176	179	178	176	189	190	189	161	169	187	180	181	170	174	186	185	178	148	155	167	157	170	175	175	175	181	179	166	158	155	170	158	175	150	175	144	146	155	150	162	149	138	159	162	161	155	138	163	156	139	145	162	142	168	172	168	156	151	154	174	161	123	117	146	134	155	189	206	182	202	189	184	205	183	195	217	203	192	197	209	212	203	191	206	211	212	178	209	207	202	202	177	211	212	232	205	176	197	222	211	227	210	218	206	196	224	181	195	216	210	214	202	232	190	213	215	207	214	195	200	157	154	192	188	221	163	186	187	190	198	227	188	250	237	237	248	266	219	251	231	233	243	217	240	240	230	230	220	212	249	245	234	249	238	224	250	196	226	233	234	218	229	212	177	175	214	212	230	230	232	225	226	242	235	221	217	221	203	212	230	230	235	227	243	181	220	216	225	209	224	215	222	531	549	504	530	262	287	294	305	312	322	308	307	284	280	328	323	336	318	322	314	320	279	319	277	322	315	315	311	313	341	328	311	328	343	331	347	334	345	326	320	315	339	357	370	361	349	381	364	376	345	358	367	356	379	386	360	342	373	371	366	347	370	354	332	320	332	372	351	348	363	366	358	366	332	347	361	343	342	360	370	340	349	308	329	333	343	345	344	329	428	359	471	473	462	455	473	456	463	512	474	486	394	388	404	413	400	395	383	395	414	410	398	410	404	387	398	399	391	388	385	390	384	371	367	364	381	416	362	455	412	427	428	425	410	419	444	432	426	422	434	450	446	446	458	413	383	391	406	421	408	417	423	427	426	428	419	419	438	432
PPARGC1A	59	54	48	49	52	48	39	51	51	46	52	39	46	53	53	59	52	43	46	58	43	50	39	14	16	39	38	24	37	41	35	43	31	31	30	33	1	1	1	1	1	1	1	1	2	9	5	4	3	2	3	3	4	9	5	9	8	3	6	11	13	14	10	16	20	26	12	14	20	12	14	23	22	21	23	31	20	29	15	22	20	31	28	24	72	84	99	92	72	104	101	108	106	101	90	99	80	95	101	80	75	89	67	80	88	84	64	96	94	85	97	83	81	92	77	88	84	88	121	96	95	98	89	99	88	117	113	102	95	104	51	82	53	62	63	51	65	51	64	66	51	55	96	70	98	66	72	78	86	88	87	76	81	61	61	68	71	56	61	58	77	67	64	193	134	140	121	115	108	118	97	124	122	110	116	131	109	121	119	93	123	134	137	112	125	134	133	135	127	119	109	128	113	109	118	121	92	122	106	113	115	125	120	95	124	109	116	116	130	129	102	102	100	104	115	100	102	96	103	83	92	143	111	135	141	127	116	418	378	411	328	405	365	365	361	364	356	339	361	334	318	324	309	317	322	307	313	338	324	282	299	320	320	307	331	355	335	331	325	325	333	311	329	283	282	272	270	263	291	309	325	326	297	295	320	340	309	318	283	283	255	269	260	306	284	284	290	280	274	285	271	281	245	265	257	257	246	247	317	308	315	298	293	238	269	281	255	287	291	271	268	281	260	293	266	311	284	274	259	252	274	269	273	225	247	235	244	234	246	262	271	263	258	244	228	237	272	310	320	323	280	320	306	365	364	323	336	207	202	195	197	217	184	147	141	156	169	174	170	172	168	195	182	178	173	175	168	196	190	167	192	193	181	166	175	179	186	184	179	186	175	171	149	176	155	164	158	169	144	161	154	153	180	188	195	193	156	176	138	140	173	154	154	160	158	156	160	146	157	158	138	141	152	144	128	142	133	130	170	151	191	169	175	124	136	153	135	117	128	147	146	156	153	139	165	142	144	143	142	157	164	126	167	199	190	199	226	196	182	175	196	184	186	186	181	198	181	177	168	177	176	192	180	194	202	202	198	184	215	197	213	204	180	202	180	183	203	193	213	188	203	204	191	186	195	185	198	208	212	211	230	202	196	193	185	203	206	210	225	230	227	295	286	264	272	244	219	232	255	298	335	298	306	236	246	246	255	247	215	239	249	216	240	222	266	249	231	259	245	214	236	220	303	293	268	284	294	285	253	261	274	271	255	272	257	234	290	291	291	227	210	224	200	249	246	227	218	220	202	218	228	227	213	227	237	225	225	213	244	263	242	237	243	631	713	653	649	314	390	422	406	391	345	377	358	371	373	356	345	348	360	344	308	346	355	349	324	354	328	303	316	315	316	346	354	339	356	369	382	432	384	393	375	390	384	457	459	461	445	483	502	499	491	496	410	430	405	392	391	380	389	408	400	385	404	486	480	450	445	463	475	452	433	425	434	398	359	412	383	365	381	361	398	358	360	457	433	435	435	406	417	427	435	423	640	581	605	610	532	608	577	656	615	569	438	475	482	500	479	469	469	484	516	408	426	480	454	442	552	515	520	529	468	453	532	504	466	452	473	495	568	491	434	568	538	545	555	527	567	571	587	582	580	557	555	587	597	515	540	543	525	552	473	438	477	524	489	537	560	537	529	539
NBN	73	65	58	47	54	58	51	60	64	57	66	51	57	58	68	69	76	65	56	33	45	48	30	30	28	45	45	45	47	49	42	50	26	47	32	43	1	1	1	2	2	1	1	2	4	9	12	5	4	3	3	2	6	5	5	5	8	6	9	10	12	12	23	15	17	34	25	19	20	22	30	38	32	34	17	47	31	31	29	36	24	22	19	22	119	92	123	106	121	115	128	111	115	118	127	136	102	111	133	123	102	114	96	120	109	110	93	106	109	102	121	116	116	114	87	103	96	130	98	119	123	118	115	114	122	128	121	118	112	54	79	55	57	79	90	78	71	79	91	87	73	53	101	90	76	91	109	107	109	109	91	91	101	48	95	62	89	89	82	103	96	95	86	144	143	135	181	128	139	161	147	179	151	145	157	158	158	162	160	158	159	163	144	136	144	151	167	161	147	168	159	176	147	164	164	153	109	139	127	155	137	144	106	133	134	131	121	118	139	149	112	120	135	138	159	136	150	146	123	122	121	129	125	126	124	100	100	291	304	308	342	322	289	315	320	324	333	343	368	381	368	362	335	348	362	370	354	365	331	356	343	343	334	346	352	354	348	368	329	339	323	333	309	317	349	327	338	311	327	331	376	323	308	330	331	337	328	345	318	322	306	289	312	319	309	310	288	304	292	324	305	315	284	292	317	300	309	309	312	296	312	285	301	280	335	317	308	294	331	337	304	315	308	340	308	332	303	305	287	297	302	299	303	304	272	290	308	300	295	292	291	299	257	297	280	278	289	305	301	292	294	262	298	248	303	254	292	206	229	182	191	204	177	178	197	226	202	205	234	208	223	225	182	241	219	216	227	226	195	205	209	226	245	238	222	244	233	210	182	218	205	216	205	200	214	213	207	214	189	216	201	210	207	194	220	210	214	219	162	168	198	171	217	192	191	192	188	190	189	196	210	198	195	192	185	189	178	183	196	160	202	182	181	175	182	160	162	168	173	190	176	180	176	185	176	188	170	182	187	162	184	188	131	140	161	173	179	234	215	224	248	232	209	235	224	230	241	225	199	234	227	249	221	269	221	250	245	234	236	228	255	234	216	237	246	237	243	230	233	239	252	254	255	251	235	253	245	228	236	247	251	272	235	257	238	247	248	252	259	219	232	201	164	207	209	256	217	226	232	232	243	256	230	299	284	280	273	281	268	278	315	272	272	274	285	254	273	275	265	264	294	273	271	295	287	279	309	254	241	283	267	258	279	260	229	241	256	220	240	276	252	263	266	272	281	274	248	263	259	237	264	275	273	269	278	197	249	245	285	273	260	261	263	617	629	610	600	336	344	366	366	397	376	353	338	344	319	399	361	387	400	368	353	351	365	394	317	379	350	365	369	369	392	414	403	379	378	394	413	393	406	396	377	359	379	427	442	437	420	432	407	425	411	403	442	446	460	447	452	433	419	433	418	430	435	408	395	364	427	417	375	417	406	430	418	401	397	421	390	440	397	426	404	389	416	373	369	385	392	414	420	410	514	444	543	537	533	532	540	526	529	595	540	585	491	465	454	478	459	464	487	465	483	466	462	475	468	462	457	446	429	451	456	456	449	417	430	432	456	455	408	540	508	490	491	501	487	490	497	486	496	502	497	514	511	507	513	466	485	456	496	457	491	493	487	479	511	502	455	466	497	491
H3K9me3	42	47	41	36	54	51	48	48	51	44	28	45	58	53	49	62	66	45	113	81	58	45	79	72	111	32	35	31	30	23	31	27	48	35	41	31	1	1	1	4	8	8	10	6	5	8	5	7	5	4	5	5	7	9	5	473	1	8	10	8	43	12	15	9	14	11	14	15	13	9	22	17	27	29	45	21	26	23	26	21	22	23	34	32	90	112	93	129	152	110	96	115	108	98	111	97	83	105	105	93	56	101	77	112	104	95	87	92	92	83	105	82	84	96	79	94	89	97	130	90	100	120	122	108	108	106	112	123	138	98	95	93	50	46	48	56	61	63	66	71	62	116	133	80	89	97	81	75	87	71	98	82	77	78	119	62	86	69	59	82	83	81	69	188	252	234	141	160	147	155	136	128	130	134	131	134	133	154	148	144	137	159	165	134	187	159	146	119	160	161	160	161	119	136	142	110	143	111	136	137	128	129	181	129	123	104	128	134	142	109	120	130	146	108	112	122	116	117	111	96	111	156	159	134	157	162	137	543	564	550	504	538	482	414	431	493	455	496	504	525	520	430	524	473	447	449	507	444	446	434	517	413	436	478	435	449	475	452	471	463	424	432	509	368	423	471	486	398	358	506	528	520	416	387	442	429	447	420	441	420	416	352	397	360	380	378	401	374	374	375	315	353	375	366	376	397	396	350	377	338	377	380	386	406	373	371	382	405	421	402	437	451	397	386	426	476	393	375	364	357	344	409	359	411	353	343	395	341	359	335	341	347	334	324	361	389	426	433	364	347	461	422	415	447	433	515	519	287	277	212	203	227	379	355	231	238	213	217	257	231	219	211	206	228	192	225	188	217	271	201	242	202	244	217	212	256	222	229	195	215	195	193	209	188	251	243	174	205	221	187	180	213	229	213	226	178	211	208	168	178	190	183	174	172	183	157	161	177	177	151	217	194	197	175	202	170	181	245	196	204	220	210	214	181	149	141	168	140	148	148	192	182	170	204	179	162	168	171	175	176	162	186	259	214	221	202	420	252	263	297	224	260	225	255	255	307	232	229	222	283	280	237	240	266	272	262	227	242	247	301	242	267	206	224	263	267	265	255	290	228	293	301	214	241	263	292	276	276	278	227	273	301	302	268	237	251	293	254	245	266	217	369	361	272	310	260	255	284	331	506	446	405	336	360	373	313	325	361	400	367	405	347	332	331	326	300	323	343	341	344	304	261	318	297	307	338	337	320	305	318	359	370	323	298	342	311	353	305	362	305	310	262	295	322	323	306	248	273	340	266	255	280	290	260	328	252	257	279	267	372	285	296	250	2967	1442	1179	1100	2105	501	500	501	593	523	506	488	582	510	552	525	543	553	571	537	478	502	509	585	520	435	583	531	462	629	637	565	621	497	529	526	571	533	565	544	538	492	637	654	651	705	912	675	705	721	684	714	712	669	658	740	721	547	590	593	650	671	668	876	751	817	634	665	603	724	696	666	508	553	585	571	659	576	590	569	548	577	687	710	621	559	680	594	631	2760	2600	1171	990	1074	1069	975	872	857	1298	1145	972	1151	832	780	862	709	767	772	781	771	929	829	750	745	807	730	795	803	777	719	675	721	775	665	691	768	719	1188	1075	921	805	899	970	1024	1023	901	1144	834	986	948	799	913	948	916	853	838	1044	917	813	683	768	729	765	821	913	863	756	832	738
SREBF2	175	160	122	122	135	136	95	139	140	113	137	122	132	142	171	164	186	128	112	123	105	75	69	37	28	106	89	87	116	104	110	150	83	118	96	101	1	1	1	4	1	1	2	2	2	12	17	15	9	5	10	6	9	8	8	1	49	15	15	21	14	22	36	45	37	57	46	48	51	28	51	73	87	54	69	85	75	79	52	43	51	72	36	62	243	245	288	289	219	285	249	253	271	312	298	269	248	244	283	256	213	253	226	251	237	224	232	267	249	251	250	263	219	245	202	247	241	256	219	272	264	281	242	261	282	293	281	251	296	155	141	119	131	175	162	160	172	183	217	200	126	145	210	182	209	201	197	218	243	235	209	220	209	148	190	186	207	177	205	171	210	209	233	294	296	283	385	313	310	375	345	365	356	310	316	342	337	346	345	328	303	345	299	321	377	381	388	369	361	380	363	368	355	347	343	338	264	339	255	285	325	289	272	320	307	303	265	287	303	275	226	253	309	296	360	246	291	296	287	245	270	269	263	286	274	244	232	637	722	689	691	778	702	754	753	740	751	851	830	814	820	838	826	902	837	867	813	845	833	797	839	800	827	796	829	769	808	829	814	823	747	772	721	822	777	788	804	747	760	730	745	759	739	766	790	764	768	755	778	717	686	698	673	744	704	728	772	754	741	717	706	723	736	716	740	712	702	735	743	745	701	681	711	718	722	724	722	762	694	774	713	761	743	709	743	743	719	727	705	717	691	675	661	661	648	668	686	720	719	683	718	666	720	678	661	690	601	729	693	698	667	627	634	596	689	566	693	435	520	433	438	492	402	437	483	474	512	479	494	452	500	494	465	517	507	507	490	500	480	483	495	523	493	495	500	520	527	473	425	448	466	455	462	471	456	511	473	471	404	419	427	478	501	448	491	478	467	482	355	409	438	455	463	429	446	438	418	434	422	407	430	405	406	403	413	435	392	370	440	350	454	412	381	383	413	377	410	369	379	387	401	402	389	422	422	377	374	424	412	392	401	402	334	313	431	437	401	517	474	536	607	520	499	552	541	521	565	549	475	528	534	519	518	594	525	528	538	572	549	561	543	572	501	534	519	540	564	517	533	522	549	566	544	567	548	519	548	551	521	557	573	587	572	578	552	570	618	546	568	527	548	476	432	447	489	541	524	484	564	583	597	590	550	672	667	668	662	642	643	680	689	659	685	664	662	599	634	611	613	620	665	651	676	646	680	658	647	568	636	592	570	635	625	597	593	577	578	553	580	637	621	602	608	609	635	588	562	588	595	607	605	632	636	605	599	478	576	618	628	594	609	624	598	1291	1561	1444	1445	558	815	797	857	861	849	887	822	765	785	919	907	918	912	910	904	928	858	909	862	891	883	875	864	859	915	933	948	886	963	923	920	857	901	879	898	949	906	970	1052	973	1006	980	988	1024	1028	987	1068	1014	1063	1067	1036	1014	1026	1038	1050	1017	1046	928	904	897	949	993	1028	947	978	992	971	984	952	997	1019	962	953	1063	1007	977	1000	863	880	912	887	924	946	956	1024	789	1250	1270	1219	1243	1344	1267	1316	1364	1318	1325	1081	1100	1087	1111	1073	1091	1081	1143	1148	1091	1131	1147	1103	1121	1069	1030	1007	1002	1066	1026	1106	1061	1081	1072	1087	1114	904	1252	1169	1188	1232	1176	1155	1094	1155	1131	1146	1137	1161	1273	1242	1208	1281	1073	1135	1015	1117	1097	1156	1133	1226	1195	1210	1177	1069	1168	1188	1165
GRHL1	105	113	97	90	103	114	91	84	98	98	94	97	95	109	116	122	96	107	88	87	90	81	44	29	41	49	61	72	60	86	77	67	65	86	76	78	1	1	1	1	1	3	2	3	1	5	12	11	6	5	5	7	6	3	6	8	15	13	17	10	20	22	30	22	30	25	39	21	28	29	38	54	43	40	54	68	59	65	58	49	46	44	32	47	181	210	188	197	188	166	199	195	207	210	194	195	201	201	194	164	167	183	158	190	164	196	181	208	191	195	181	181	158	196	165	182	177	159	164	205	190	195	247	200	223	233	202	203	208	91	119	89	117	130	141	121	131	126	142	129	115	95	164	148	142	156	165	170	174	142	159	164	173	113	139	138	170	157	156	140	167	123	151	256	207	219	248	243	233	263	276	268	268	275	257	267	266	256	262	250	259	259	251	260	272	286	297	285	270	283	274	289	280	267	263	245	239	263	238	247	250	238	222	225	238	216	213	201	222	210	197	202	222	235	231	241	250	233	223	221	227	240	232	235	230	171	169	544	565	524	603	551	512	526	579	577	556	630	612	603	617	637	614	619	618	643	655	618	622	596	632	589	598	608	601	574	604	608	616	611	556	558	525	581	604	589	587	591	590	569	595	573	579	594	580	589	576	589	577	562	537	553	526	518	560	565	546	550	518	537	513	552	537	530	545	578	540	558	563	539	533	512	536	560	563	573	553	538	569	579	569	588	554	554	541	571	565	511	524	523	529	514	527	510	489	489	526	513	527	498	530	527	509	493	513	499	531	534	517	521	515	461	506	458	523	498	448	322	353	372	330	326	277	294	350	367	369	362	379	374	378	375	361	359	379	393	366	375	348	375	352	391	404	398	392	400	395	416	329	345	349	352	350	362	369	380	359	355	306	347	350	351	339	331	362	358	388	364	300	327	353	330	322	319	345	342	349	318	294	332	330	346	324	330	301	322	310	331	293	279	306	322	296	303	266	275	304	288	280	293	301	314	348	282	320	294	315	292	322	310	313	320	272	233	270	273	293	391	377	402	413	410	394	409	381	411	417	397	387	408	373	413	400	415	396	388	427	409	416	411	413	406	390	412	404	429	414	444	431	437	451	423	414	436	435	440	432	401	395	404	423	444	415	448	415	416	416	406	429	428	408	346	351	355	361	441	385	392	381	394	439	437	389	523	489	495	496	520	482	500	500	472	480	461	483	472	492	482	461	483	493	487	477	488	493	499	498	431	487	469	470	463	457	436	394	426	439	421	434	458	435	469	480	490	436	484	435	445	444	429	466	462	473	453	466	414	433	453	463	439	440	467	416	1094	1170	1097	1126	521	604	626	669	621	661	629	591	578	599	677	672	704	706	665	683	670	638	673	613	658	630	662	646	665	687	697	683	702	692	703	690	661	690	662	676	676	697	744	789	749	782	738	765	719	758	721	788	778	815	805	766	799	742	739	757	792	778	727	639	675	694	728	696	725	722	731	700	726	723	716	701	753	753	733	713	726	744	665	698	680	666	728	706	704	889	717	964	955	934	939	962	966	914	1014	1022	1037	854	810	852	820	825	825	831	854	828	834	843	851	842	861	813	769	780	764	781	786	782	803	776	789	809	819	781	946	925	874	885	899	900	913	884	866	897	885	870	920	907	928	924	812	839	848	845	818	885	877	838	862	910	884	868	894	883	860
ZUFSP	120	117	116	107	120	135	105	108	104	83	111	99	121	129	130	115	105	113	117	90	89	99	92	54	61	70	78	74	79	79	86	85	61	95	78	80	1	1	1	2	2	3	1	3	3	12	17	9	6	6	6	7	7	6	9	10	15	17	27	17	36	28	32	23	37	31	34	30	54	36	41	47	57	39	35	78	60	74	50	56	44	58	45	52	194	201	218	228	225	175	226	222	233	201	228	228	214	208	217	174	212	195	186	204	205	189	188	219	200	198	189	196	189	201	189	211	169	180	197	243	231	229	232	215	252	235	241	240	231	128	144	112	126	151	134	124	151	142	172	154	143	131	180	165	177	173	191	184	204	185	173	176	197	152	155	151	176	142	175	137	174	172	180	299	287	291	275	290	276	326	291	290	288	279	290	245	294	282	291	292	292	283	280	301	300	301	302	299	281	296	289	322	293	294	314	235	239	285	240	269	282	258	246	247	237	219	264	244	256	254	192	203	219	269	244	248	248	249	265	242	240	267	244	259	262	209	202	621	612	628	698	634	651	639	647	690	633	727	693	707	705	688	696	683	702	697	746	688	681	673	684	642	663	681	679	677	666	679	709	685	643	662	619	638	670	660	642	646	650	635	707	648	616	657	669	637	637	638	626	625	553	623	586	585	609	604	614	576	575	620	586	593	581	634	616	626	583	599	619	628	606	578	602	605	616	639	610	579	642	662	607	635	626	594	631	663	611	607	582	583	598	582	577	578	565	551	599	577	561	547	559	577	541	548	535	575	577	608	613	596	623	564	557	525	637	550	573	413	416	379	362	375	364	339	372	423	384	404	411	402	420	437	412	407	385	431	392	414	379	415	398	407	421	446	426	459	411	408	371	408	397	364	387	393	388	380	388	401	366	381	357	375	411	405	423	400	415	423	342	358	390	332	371	342	377	357	368	350	336	381	324	374	376	336	313	338	332	341	393	298	366	324	355	307	306	306	346	301	327	329	346	348	340	329	341	339	350	338	344	355	334	364	315	269	341	362	359	434	442	428	438	447	423	460	420	428	443	432	419	438	406	446	416	448	457	449	452	438	455	466	495	469	442	450	467	471	458	460	463	471	493	468	476	473	456	472	487	441	441	433	476	515	444	484	492	473	479	467	481	445	455	396	406	431	437	510	415	450	458	501	507	544	491	561	567	532	557	589	538	582	582	542	550	510	560	512	531	559	501	487	548	519	512	536	553	557	606	475	525	537	509	538	550	492	448	458	502	497	507	494	475	501	516	543	541	513	469	506	517	463	495	492	518	491	546	447	515	491	529	512	530	497	492	1384	1343	1275	1300	738	683	732	757	741	738	704	690	641	667	789	778	768	782	747	758	741	701	749	697	767	658	721	732	733	792	807	774	731	753	807	793	768	783	782	779	746	780	842	898	861	910	902	889	845	875	826	882	893	907	925	897	868	832	865	857	881	851	843	773	805	847	845	785	834	849	878	831	808	816	827	803	850	804	811	811	807	811	777	768	792	756	820	811	828	1140	962	1124	1115	1095	1084	1110	1124	1038	1224	1188	1241	1054	956	976	963	948	946	969	968	969	968	938	960	973	977	931	931	894	889	917	924	910	872	884	890	955	952	936	1144	1032	996	1016	1025	1010	1057	1028	1021	1002	1033	996	1071	1090	1090	1115	935	992	982	995	1018	979	991	962	994	1048	1014	1001	986	1030	999
ZNF207	120	109	103	82	106	119	82	108	105	79	110	99	93	106	121	132	105	110	80	71	93	72	71	40	49	93	76	60	99	89	72	75	70	79	78	75	1	1	1	4	1	1	3	1	4	10	11	14	6	4	5	8	10	11	10	8	21	10	17	17	19	20	30	26	34	41	35	44	38	35	42	44	68	39	43	74	68	61	47	45	37	59	34	41	185	163	209	194	163	191	201	205	221	212	218	204	204	197	203	183	186	170	208	200	206	180	184	192	194	195	189	193	195	201	154	171	218	188	179	223	229	233	213	218	236	223	226	207	203	72	106	102	115	129	138	110	125	137	137	157	118	116	173	150	145	163	160	176	181	183	155	176	180	135	138	142	152	136	161	145	138	177	169	236	219	232	281	270	259	285	287	289	284	266	280	292	287	276	275	278	259	301	254	263	282	296	297	282	288	311	293	309	293	282	273	243	200	254	255	240	253	235	225	214	238	217	209	214	244	227	203	184	215	245	271	217	241	197	220	210	211	232	217	224	218	211	194	535	545	578	610	589	582	557	591	585	610	688	662	666	698	664	669	687	716	701	706	712	668	664	682	692	646	642	651	637	677	662	649	648	607	602	585	648	638	678	694	607	637	611	625	619	605	590	613	617	652	641	643	615	574	610	610	569	580	606	576	579	590	588	580	570	591	616	626	598	593	617	583	578	556	574	563	586	620	618	590	616	626	639	639	661	578	585	598	609	558	582	553	570	575	533	557	576	555	559	570	549	594	552	551	545	553	583	558	576	540	573	557	560	524	484	516	465	533	479	530	328	377	327	350	359	291	317	378	392	424	408	420	411	412	384	355	412	366	420	397	375	388	380	369	397	414	430	414	417	413	373	313	373	367	367	370	383	398	401	361	373	361	379	388	391	400	351	381	361	380	381	313	317	376	315	368	361	362	336	351	369	320	352	348	337	351	345	345	346	293	340	325	287	311	290	304	324	323	326	335	298	312	289	314	303	337	330	357	358	327	324	304	304	328	327	262	224	304	314	349	477	435	419	435	408	394	443	426	427	474	453	418	456	418	441	421	454	441	444	433	420	431	440	440	450	430	424	456	421	418	431	439	475	466	484	465	457	465	466	486	407	417	446	442	504	466	484	448	444	467	484	461	423	444	353	336	358	378	428	387	420	440	388	427	498	401	561	517	550	536	569	551	588	543	512	543	544	535	499	473	492	462	498	508	524	509	510	503	518	518	486	495	474	484	482	500	480	412	415	455	425	434	540	470	499	511	512	501	512	436	478	514	482	500	471	489	464	498	401	476	491	482	484	461	460	433	1190	1280	1199	1234	605	647	659	709	713	705	694	668	608	646	764	772	794	754	741	726	758	688	740	686	710	721	769	758	747	795	804	793	762	783	791	764	679	747	721	754	727	771	848	863	837	812	827	799	835	818	785	886	864	923	892	877	896	861	852	858	861	879	753	738	742	784	812	765	823	782	778	827	807	796	796	797	828	810	849	826	812	816	717	691	763	711	780	782	803	1025	814	1028	1091	1007	1036	1081	1030	1041	1133	1113	1148	982	902	946	896	897	934	920	922	948	961	955	959	938	950	869	818	839	855	898	868	873	855	867	866	909	918	847	1039	1021	969	966	987	982	959	963	950	983	957	959	1021	1050	1009	1048	880	885	872	930	930	971	987	991	974	1007	945	932	946	982	986
EZH2	201	161	134	133	140	176	113	145	125	121	173	146	168	161	180	191	190	125	345	110	132	101	223	170	495	110	109	90	94	134	112	102	119	154	88	108	5	2	1	2	4	11	10	3	6	13	19	17	6	8	6	14	9	13	12	43	14	20	36	19	237	20	52	35	50	45	30	30	71	61	74	74	57	96	89	97	95	95	67	60	67	69	39	66	290	269	297	409	277	266	342	258	289	263	368	311	285	286	282	355	240	310	245	319	305	225	277	319	300	262	267	301	255	280	232	266	270	303	229	290	321	343	329	354	377	370	280	320	356	126	218	168	135	203	206	188	186	172	222	225	166	257	307	212	236	230	243	226	295	184	209	291	245	206	242	209	197	186	249	178	256	207	242	369	409	390	436	379	376	433	394	383	432	400	398	399	410	440	415	463	423	341	359	399	439	491	476	416	407	435	415	532	413	450	441	297	336	396	341	373	381	334	320	340	290	319	303	364	324	318	248	230	284	336	333	403	369	313	307	320	318	356	329	281	274	268	257	816	767	787	1167	812	905	773	776	914	877	1091	1109	1014	1235	1068	1154	822	1015	1073	1092	1056	902	1070	1185	976	906	1076	950	978	1053	1028	1032	1048	844	964	891	802	1050	1195	1064	916	998	1138	1198	1163	903	904	934	870	998	964	964	884	1047	948	1002	775	925	884	861	779	757	876	836	853	843	933	938	875	1036	932	796	778	819	825	874	748	843	879	892	904	1137	1014	1080	1074	1034	834	908	1053	850	822	829	845	823	978	798	1085	799	931	960	926	791	808	711	780	686	873	840	949	955	864	756	837	1045	821	748	686	807	817	811	558	606	472	395	486	604	534	495	702	560	598	713	524	641	576	508	601	534	580	507	512	574	529	538	551	633	664	609	682	604	523	466	623	501	494	506	554	606	677	522	551	478	479	467	531	521	462	518	490	572	558	408	469	551	405	517	488	495	545	510	503	410	416	632	613	503	476	426	442	446	759	507	451	506	597	517	528	415	446	444	454	401	432	481	433	551	490	538	521	426	476	503	502	492	516	395	327	412	464	519	716	599	835	589	642	556	688	631	694	645	631	609	739	517	560	593	637	693	643	626	554	624	677	618	670	497	659	652	643	582	624	679	708	821	788	667	730	676	704	741	610	645	557	605	834	595	692	641	636	737	703	648	591	562	432	469	517	519	607	647	607	617	676	676	780	607	892	838	778	767	892	950	933	973	861	648	660	796	730	709	750	659	701	746	715	578	714	755	778	766	584	652	605	678	758	852	665	500	578	690	603	662	765	647	743	769	807	705	803	685	756	841	618	671	736	733	709	913	592	662	672	689	631	709	599	590	4084	2328	2258	2042	2686	893	988	1089	1237	1162	1032	978	1095	897	1349	1136	1206	1228	1155	1085	1029	1069	1127	965	1046	810	1355	1221	1099	1517	1472	1320	1396	963	1265	1165	1229	1142	1232	1320	1035	1085	1330	1248	1292	1317	1472	1269	1224	1243	1153	1420	1590	1575	1391	1661	1604	1030	1255	1120	1509	1374	1150	1260	1288	1404	1097	942	1282	1468	1338	1273	1033	1248	1120	1083	1533	1240	1248	1094	1363	1364	1211	1285	1242	1129	1359	1302	1266	3915	3505	1909	2039	1901	1722	1794	1689	1222	2003	2128	2041	2500	1620	1717	1631	1565	1562	1782	1421	1342	2071	1724	1477	1550	1691	1264	1426	1378	1405	1507	1523	1213	1249	1208	1305	1558	1446	1926	2242	2084	1499	1504	1770	1624	1905	1721	1702	1399	1610	1539	1505	1778	1752	1715	1413	1475	1553	1689	1611	1483	1677	1266	1596	1779	1722	1725	1416	1588	1535
ATM	162	139	150	143	140	142	116	117	130	136	132	120	143	149	176	213	172	172	157	188	151	198	130	72	40	120	107	65	121	103	98	123	84	119	107	109	1	1	1	6	3	8	3	6	6	17	23	22	10	14	11	8	17	14	12	12	22	22	28	20	20	53	41	41	42	64	51	43	64	43	72	56	65	59	54	87	88	97	65	76	48	66	88	90	237	251	322	292	267	276	326	250	310	306	286	291	257	302	301	249	220	266	239	281	258	269	253	263	258	270	244	272	260	251	229	274	280	300	350	279	285	273	268	278	291	316	325	311	359	363	246	270	172	160	175	189	203	169	193	179	168	146	255	207	263	277	262	264	278	264	241	223	261	212	183	182	217	208	213	191	205	217	190	573	525	509	382	382	353	391	343	357	388	354	368	347	386	375	350	388	365	467	429	364	343	385	385	403	425	392	385	384	397	389	370	434	339	380	296	343	316	335	326	375	366	356	360	360	370	377	324	392	359	338	338	305	343	311	307	295	300	446	404	413	453	348	410	1392	1341	1383	1136	1323	1228	1297	1138	1204	1150	1139	1149	1185	1055	1018	943	1106	1075	1039	1077	1052	946	941	954	968	991	983	1018	1147	1112	1033	1074	1089	1110	1164	1057	899	895	877	840	902	910	1000	962	1000	972	986	1059	966	1008	1022	914	954	819	889	836	974	890	936	947	921	837	894	896	835	791	840	778	775	723	751	1034	1038	1076	941	1025	737	893	954	868	882	870	879	854	797	909	948	965	991	906	879	834	853	864	864	909	739	728	730	744	738	813	791	855	836	715	735	679	700	886	975	1016	1020	951	1007	1028	1213	1266	1178	1172	738	726	641	650	709	628	514	476	498	500	488	590	522	522	638	557	564	561	529	532	650	559	587	601	599	572	518	509	621	564	594	540	543	520	540	483	489	536	515	538	570	442	503	489	511	594	614	598	574	535	555	437	453	501	461	481	470	463	471	462	431	544	528	439	462	461	429	420	483	410	420	510	446	567	532	517	396	446	394	424	398	438	463	449	459	451	448	458	417	462	450	412	410	433	415	652	652	603	683	811	508	570	568	618	598	562	607	575	561	576	572	537	549	646	579	599	639	590	620	604	693	655	660	671	658	566	645	611	587	669	648	697	599	617	600	629	649	586	603	604	683	701	734	772	590	553	639	587	654	664	632	770	744	726	990	1031	905	920	759	767	794	785	1041	1101	1020	980	820	804	812	783	754	683	699	737	747	724	688	791	757	762	784	800	681	757	762	955	890	867	895	953	965	905	935	916	929	819	871	838	847	883	938	1003	652	687	626	668	712	753	766	768	648	603	726	704	705	715	743	743	798	736	775	804	841	877	775	824	2147	2347	2099	2207	1091	1288	1321	1294	1256	1191	1216	1201	1230	1224	1179	1105	1170	1182	1060	1043	1068	1130	1048	1128	1161	1051	933	931	984	982	1073	1077	1054	1090	1151	1231	1443	1322	1368	1223	1309	1229	1459	1471	1523	1555	1697	1745	1720	1642	1693	1371	1379	1263	1276	1241	1184	1243	1417	1266	1256	1297	1630	1737	1576	1516	1545	1567	1501	1461	1452	1424	1276	1178	1320	1279	1227	1174	1176	1221	1122	1165	1539	1483	1437	1464	1311	1408	1382	1433	1472	2194	1949	2124	2094	1704	2010	2004	2296	1989	1885	1354	1597	1557	1634	1586	1620	1539	1548	1695	1302	1352	1471	1441	1405	1913	1799	1812	1760	1488	1510	1709	1692	1519	1431	1531	1560	1918	1603	1374	1878	1784	1845	1820	1807	1855	2068	1973	1941	2068	1796	1744	1933	1904	1863	1798	1956	1770	1816	1451	1418	1600	1626	1599	1828	1803	1770	1702	1721
MATR3	271	240	195	176	229	261	168	204	203	140	246	202	192	210	290	258	208	200	164	135	181	137	107	85	85	170	160	119	150	206	140	139	112	185	109	143	1	1	1	8	2	6	4	3	11	20	29	26	10	6	12	15	23	10	23	15	36	30	32	30	52	41	79	46	80	73	62	50	87	62	84	123	97	88	95	177	131	137	87	81	83	132	52	95	303	314	417	398	278	342	418	380	415	396	442	386	349	361	380	400	303	393	335	377	406	351	341	418	404	366	337	420	338	355	261	341	361	373	273	397	428	423	436	393	425	416	404	362	394	109	236	158	176	311	265	229	280	255	343	294	172	183	330	231	284	303	335	326	402	290	309	340	339	166	248	289	314	240	325	269	322	304	355	423	391	397	484	429	400	507	513	506	534	461	491	498	534	497	519	468	437	470	390	424	459	525	535	491	487	550	477	579	499	536	501	423	325	525	355	466	476	419	348	373	409	377	383	362	438	380	279	281	331	455	507	375	490	422	431	385	395	396	340	377	348	253	276	757	765	840	969	796	802	805	866	875	882	978	998	959	1033	992	952	924	999	978	1019	986	912	958	1021	949	936	969	939	943	1007	949	966	907	895	931	828	841	984	955	974	909	935	918	1008	927	849	937	921	905	923	917	917	847	862	922	879	862	873	856	897	881	818	923	874	890	828	928	937	865	845	922	850	828	847	868	875	766	897	900	888	847	963	974	918	948	884	886	884	915	779	868	819	873	861	807	838	861	827	845	916	821	842	826	827	857	757	855	812	813	787	875	832	884	871	781	795	602	809	732	741	514	640	561	481	542	495	417	568	682	645	662	694	600	674	665	570	688	651	715	612	619	557	592	586	662	696	723	713	742	633	537	540	649	601	599	615	640	625	688	639	622	537	580	618	646	606	597	624	609	676	599	450	509	622	509	573	592	619	619	619	562	575	573	625	605	576	594	520	526	482	518	541	439	560	505	512	569	548	502	594	497	514	553	592	524	619	538	626	566	524	573	590	523	576	564	434	366	494	519	485	716	636	682	702	660	607	726	689	717	711	692	668	738	618	702	659	743	746	728	738	615	670	702	742	744	577	751	702	724	646	633	740	730	750	792	752	749	711	748	755	644	644	680	681	787	649	750	671	719	766	738	766	628	619	437	471	569	602	662	570	646	660	594	673	742	608	832	871	810	817	909	793	902	888	802	725	671	818	745	765	751	696	751	805	787	760	801	785	817	829	654	706	768	756	784	796	706	521	567	720	656	707	804	706	817	763	832	770	806	735	754	774	697	743	794	742	773	825	554	701	739	738	711	762	731	702	1598	1575	1542	1580	815	881	975	1015	1008	1012	965	928	908	893	1059	1008	1108	1057	1024	970	1013	924	1049	805	1012	900	998	1032	986	1110	1066	1068	1019	1008	1072	1094	1002	1089	1060	1098	988	1042	1118	1146	1138	1164	1110	1127	1108	1108	1072	1164	1165	1231	1181	1197	1167	1064	1148	1101	1184	1163	1067	978	995	1085	1094	994	1119	1151	1149	1110	1072	1081	1081	1060	1150	1070	1135	1041	1134	1125	1067	1035	1106	1058	1115	1108	1065	1343	1105	1382	1390	1326	1341	1355	1412	1261	1456	1460	1511	1359	1251	1301	1279	1273	1235	1239	1174	1237	1278	1234	1257	1234	1289	1206	1187	1180	1175	1220	1218	1134	1129	1091	1040	1222	1269	1048	1455	1320	1270	1237	1325	1270	1278	1288	1258	1281	1282	1325	1314	1379	1330	1408	1202	1267	1186	1240	1280	1277	1286	1200	1303	1321	1279	1296	1285	1300	1282
MBNL3	186	178	176	145	165	184	147	154	153	135	153	158	179	192	191	218	219	184	167	160	120	142	79	44	63	123	91	102	112	128	131	166	108	144	106	121	2	1	1	2	2	3	5	4	3	18	18	22	10	8	11	8	10	16	15	9	45	22	23	26	35	41	46	49	51	59	67	53	64	48	70	80	85	59	71	112	93	113	78	80	69	75	71	85	273	296	330	365	277	322	341	312	341	334	328	323	289	320	337	318	296	303	283	309	317	296	274	329	308	307	288	319	290	297	246	301	300	332	301	315	316	341	338	324	352	365	371	334	339	192	194	183	166	207	195	204	216	207	229	224	187	172	260	251	260	276	281	288	299	279	248	256	260	204	208	210	257	213	235	242	275	257	258	390	405	400	469	411	418	458	424	439	452	407	428	406	399	452	429	429	372	430	400	410	415	462	440	432	419	436	467	461	446	434	421	413	321	393	334	394	401	393	324	391	373	359	374	380	387	338	306	335	346	363	413	335	359	386	378	333	344	380	359	365	329	279	270	880	916	944	946	957	919	971	938	968	957	1036	1035	1046	1060	1035	999	1049	1047	1034	1048	1041	972	944	998	991	984	1002	997	968	1014	1022	982	1004	928	987	905	947	917	957	949	944	936	898	956	937	925	948	964	926	921	946	932	890	836	902	843	895	881	908	912	911	859	915	872	886	872	895	873	867	858	892	905	914	881	880	871	842	889	928	904	910	877	946	929	945	895	892	904	954	891	863	846	874	872	853	846	806	804	790	856	874	839	810	867	858	808	808	788	826	800	881	872	884	845	814	812	798	907	800	874	592	659	554	528	600	554	543	573	586	588	598	603	593	613	636	582	664	588	635	582	602	549	589	569	624	633	632	619	685	627	636	519	615	555	578	557	587	571	606	609	612	503	569	554	570	613	550	590	610	561	584	464	508	560	490	582	535	533	538	564	528	513	536	495	538	508	512	488	526	474	507	503	416	522	524	478	480	472	472	508	454	498	485	519	507	492	466	520	516	508	505	513	479	492	493	483	413	506	523	551	619	605	663	730	650	592	707	650	620	635	660	615	635	680	683	631	703	659	671	653	691	727	673	668	702	621	657	651	676	674	661	684	671	700	670	671	667	671	681	673	674	638	662	697	746	630	702	667	703	733	688	719	699	672	601	600	601	633	683	634	633	661	721	736	762	717	792	820	817	789	834	767	838	845	810	818	747	804	753	769	774	742	747	794	787	777	823	825	825	844	737	764	776	767	778	781	725	674	712	716	702	736	738	729	738	749	798	797	738	685	730	713	727	740	760	783	725	788	634	700	779	747	749	799	735	728	1784	1965	1807	1827	881	1035	1017	1095	1085	1084	1061	1002	986	1009	1141	1126	1142	1131	1088	1062	1117	1068	1058	1014	1092	1035	1077	1069	1046	1126	1139	1123	1094	1123	1146	1138	1109	1163	1174	1074	1106	1099	1224	1288	1276	1246	1292	1273	1290	1288	1251	1295	1249	1311	1270	1275	1250	1212	1224	1244	1246	1240	1210	1186	1162	1249	1245	1196	1226	1198	1209	1270	1175	1183	1183	1204	1209	1158	1237	1208	1174	1206	1141	1121	1160	1123	1196	1183	1192	1421	1176	1641	1591	1602	1583	1635	1599	1563	1762	1651	1684	1326	1393	1367	1376	1350	1382	1372	1397	1492	1342	1366	1397	1347	1361	1381	1304	1291	1303	1348	1309	1371	1322	1253	1276	1361	1383	1276	1565	1411	1491	1490	1464	1446	1444	1475	1477	1456	1479	1504	1549	1561	1509	1584	1409	1430	1370	1429	1421	1400	1377	1450	1436	1476	1483	1394	1455	1510	1452
MTA3	269	240	221	195	240	256	182	232	202	177	279	223	229	233	277	271	194	216	170	151	199	144	100	44	85	161	176	152	162	194	165	158	124	188	133	144	2	1	1	5	1	3	7	6	7	29	40	29	13	8	10	12	19	20	17	14	37	30	37	34	50	42	80	51	95	77	87	67	89	67	80	118	102	97	86	153	140	146	87	86	87	127	62	90	342	353	395	429	325	372	409	442	476	436	439	449	371	401	412	399	313	389	379	382	422	355	366	434	407	402	370	426	369	398	295	348	411	383	334	455	456	459	416	400	486	482	458	417	404	135	236	150	209	317	277	238	302	302	333	305	199	209	365	290	288	324	383	362	415	344	347	354	359	198	274	300	347	279	363	276	363	325	364	459	437	444	524	458	445	575	560	572	554	499	539	523	557	519	545	473	502	536	422	487	509	568	560	545	515	546	562	595	543	567	537	476	378	534	408	482	505	502	374	415	464	448	409	402	491	442	339	340	399	494	534	392	481	463	484	431	434	459	394	414	380	305	319	903	919	948	984	935	918	931	1005	1016	973	1126	1102	1090	1097	1102	1055	1068	1103	1122	1161	1100	1070	1043	1125	1077	1083	1097	1090	1032	1043	1079	1057	1047	1001	971	932	992	1048	1025	1069	1012	1031	965	1103	1006	955	1019	1036	1041	996	1057	1017	941	937	1016	935	938	991	1003	1001	1007	924	1000	931	978	930	1034	1000	968	943	1016	954	971	948	941	953	926	992	1010	990	971	1026	1089	1014	1044	970	936	1002	1021	933	951	943	957	982	954	931	921	900	879	990	960	948	892	904	962	873	893	894	939	888	990	932	952	1018	800	872	694	898	828	788	561	729	632	562	609	534	508	652	731	687	755	745	678	722	714	629	736	714	760	686	670	681	680	713	759	743	748	767	787	716	667	569	690	647	673	685	700	655	706	702	675	599	660	663	696	671	647	683	681	718	712	551	583	686	569	656	621	666	669	670	645	639	650	602	671	639	624	564	588	558	571	539	504	633	581	552	606	598	591	621	557	605	611	634	579	631	552	671	593	611	628	626	590	629	590	489	415	548	556	554	735	713	759	785	734	686	799	781	772	794	753	736	774	734	775	723	754	833	778	789	712	803	754	821	815	662	751	777	817	770	745	828	802	783	842	834	812	788	784	819	706	729	750	773	831	764	810	729	805	842	809	799	729	699	510	521	607	667	766	638	696	726	691	750	839	670	921	935	907	904	959	901	998	975	899	842	801	901	843	851	883	825	828	886	872	838	869	901	925	919	731	864	856	828	877	854	755	634	712	805	734	805	844	794	874	854	904	888	879	755	838	844	799	848	870	868	823	913	636	783	846	855	777	830	816	803	1796	1878	1790	1846	917	1017	1090	1156	1140	1110	1105	1050	992	988	1204	1177	1181	1216	1170	1139	1160	1040	1196	974	1164	1045	1138	1126	1087	1229	1206	1211	1145	1175	1188	1230	1160	1194	1168	1174	1135	1152	1249	1314	1240	1277	1244	1308	1248	1277	1225	1310	1304	1343	1336	1330	1310	1243	1291	1265	1306	1314	1215	1114	1117	1226	1258	1169	1241	1262	1273	1277	1241	1213	1244	1237	1274	1233	1281	1236	1245	1260	1208	1121	1185	1176	1253	1246	1228	1507	1215	1594	1618	1515	1551	1614	1615	1495	1699	1673	1717	1499	1374	1432	1427	1415	1391	1388	1386	1432	1433	1406	1420	1396	1428	1379	1345	1303	1351	1329	1350	1319	1305	1275	1242	1382	1409	1165	1590	1497	1438	1442	1440	1449	1483	1454	1440	1452	1477	1493	1566	1579	1499	1585	1370	1424	1370	1426	1420	1435	1444	1423	1443	1504	1476	1432	1459	1521	1487
MLLT10	300	285	256	242	287	291	225	288	292	234	306	241	267	270	311	309	292	273	188	213	247	172	151	97	79	181	184	184	219	215	189	206	181	217	151	179	1	1	1	5	2	5	3	2	7	26	30	17	9	11	11	10	20	26	34	11	57	25	31	41	45	64	73	59	77	93	81	69	95	87	102	131	117	103	103	154	168	170	106	134	113	139	83	108	439	461	517	484	412	470	534	511	540	554	530	510	487	516	532	512	425	470	461	496	487	474	451	528	512	515	440	522	446	500	391	462	502	472	491	557	550	539	525	537	552	610	553	548	518	283	283	251	257	363	366	342	323	329	395	405	290	277	389	390	365	443	453	457	485	469	401	420	476	310	340	385	405	349	437	366	413	409	406	621	595	589	692	628	599	757	673	695	723	633	665	676	677	678	680	621	674	694	628	697	693	694	728	715	692	730	696	746	717	708	703	705	557	691	583	640	630	631	514	557	573	546	571	561	616	654	462	538	520	606	670	549	604	586	627	568	571	611	512	620	510	495	460	1339	1394	1420	1425	1453	1346	1435	1472	1490	1449	1577	1571	1582	1590	1560	1528	1623	1636	1606	1633	1604	1523	1490	1537	1531	1517	1516	1552	1525	1518	1531	1524	1516	1410	1469	1424	1465	1463	1427	1464	1407	1472	1369	1459	1443	1418	1485	1462	1462	1491	1491	1466	1420	1215	1347	1294	1372	1384	1378	1393	1426	1314	1411	1353	1351	1301	1353	1343	1320	1284	1379	1389	1394	1356	1377	1354	1340	1436	1441	1386	1368	1397	1454	1379	1414	1411	1381	1356	1456	1386	1318	1321	1306	1331	1303	1291	1262	1264	1234	1294	1282	1321	1284	1334	1358	1251	1248	1233	1259	1251	1365	1348	1363	1319	1224	1308	1190	1365	1134	1240	854	954	874	836	916	792	717	889	951	953	936	955	942	958	987	861	978	908	955	951	965	856	895	910	947	1010	1011	950	1026	980	944	794	930	844	878	918	941	899	898	942	950	854	876	888	944	939	940	937	933	915	906	777	807	851	812	878	858	863	861	878	837	798	906	798	808	820	811	787	782	785	718	790	697	828	764	749	763	781	739	802	733	746	777	777	783	801	760	805	806	802	779	805	761	824	785	659	645	784	803	769	1009	984	1003	1089	969	960	1026	1006	1021	1056	1026	974	990	1004	1042	986	1093	1004	1076	1027	1030	1105	1038	1071	1050	1010	1067	1049	1079	1080	1017	1103	1085	1066	1122	1112	1075	1044	1063	1089	978	1011	1057	1065	1133	1041	1141	1071	1113	1081	1078	1112	1027	1112	913	886	972	984	1118	980	1038	1050	1058	1139	1154	1139	1301	1265	1240	1239	1236	1188	1274	1247	1195	1212	1205	1239	1196	1187	1240	1169	1156	1275	1238	1286	1309	1285	1272	1345	1107	1249	1240	1257	1234	1243	1099	1044	1074	1156	1128	1135	1175	1169	1159	1181	1184	1219	1202	1073	1184	1101	1084	1105	1186	1153	1181	1196	984	1130	1119	1195	1173	1217	1135	1152	2638	2847	2659	2733	1225	1609	1639	1686	1643	1641	1657	1581	1482	1514	1672	1716	1741	1727	1676	1643	1695	1624	1675	1536	1657	1632	1617	1567	1611	1658	1688	1677	1680	1729	1726	1814	1718	1740	1725	1689	1726	1693	1903	1970	1899	1902	1880	1933	1962	1937	1918	1935	1900	1980	1908	1871	1882	1886	1925	1907	1865	1902	1844	1780	1756	1836	1905	1822	1879	1864	1886	1872	1847	1784	1853	1813	1832	1835	1849	1877	1741	1805	1745	1745	1762	1733	1785	1818	1800	2082	1740	2431	2441	2340	2375	2376	2418	2416	2567	2493	2509	2048	2081	2107	2105	2052	2074	2063	2074	2179	1998	2048	2102	2067	2033	2107	2017	1997	2003	2002	2029	2093	2042	1967	1956	2055	2021	1876	2304	2105	2244	2254	2222	2200	2159	2182	2242	2263	2241	2278	2338	2305	2300	2376	2080	2141	2120	2152	2159	2146	2074	2183	2182	2198	2224	2127	2213	2268	2234
HDAC6	272	243	272	212	249	268	196	231	234	188	237	230	241	265	310	321	246	244	213	226	213	163	120	82	65	169	160	169	208	202	185	180	122	211	145	170	1	1	1	6	2	6	3	9	8	29	26	29	16	16	15	15	16	12	25	14	46	39	34	35	30	51	62	67	87	81	93	67	90	68	78	118	143	90	103	149	150	164	127	108	92	136	90	107	383	407	477	445	407	445	469	466	488	492	443	472	432	459	465	472	379	414	419	485	449	431	401	458	457	430	396	454	422	417	355	400	433	456	460	499	458	503	494	419	472	547	536	484	497	270	274	236	226	296	290	296	316	318	350	314	242	229	356	326	329	380	410	432	431	429	383	377	400	283	307	331	376	321	373	312	383	367	387	583	534	569	588	572	536	631	589	622	633	576	561	585	573	602	590	572	539	615	553	551	563	624	644	626	622	592	631	644	646	634	593	613	492	599	498	554	542	514	457	528	548	546	503	506	537	486	404	458	472	548	592	437	545	523	512	460	506	535	487	529	484	442	402	1245	1256	1296	1233	1312	1238	1293	1331	1355	1260	1418	1440	1367	1415	1346	1296	1434	1446	1416	1437	1407	1340	1271	1346	1332	1322	1302	1372	1278	1363	1396	1354	1397	1288	1311	1244	1304	1279	1228	1288	1281	1285	1239	1275	1232	1240	1335	1311	1279	1310	1316	1280	1206	1131	1219	1131	1250	1206	1223	1216	1234	1195	1210	1204	1168	1175	1227	1232	1169	1143	1208	1224	1238	1256	1161	1171	1132	1253	1292	1238	1196	1178	1299	1249	1290	1213	1206	1257	1292	1201	1339	1163	1165	1228	1164	1188	1065	1121	1074	1123	1116	1162	1155	1174	1156	1099	1098	1076	1085	1101	1159	1166	1194	1097	1077	1118	1067	1235	1054	1178	765	892	781	787	835	714	650	771	822	816	821	846	798	823	863	783	909	851	824	825	877	763	792	816	917	857	852	856	902	852	817	731	786	773	811	797	800	808	797	837	823	677	758	780	837	860	804	872	803	817	814	640	696	802	722	751	736	739	709	757	714	775	777	700	731	723	737	720	716	653	673	714	617	728	675	696	604	690	651	712	609	702	707	705	684	714	696	692	669	733	689	701	639	698	666	639	593	710	776	781	861	859	850	948	863	824	876	897	867	909	878	831	853	919	909	892	993	912	934	944	914	926	958	958	1012	847	899	908	910	962	870	980	886	942	961	971	968	908	922	934	870	865	958	1018	970	903	952	902	980	948	956	1010	972	913	881	846	849	867	949	891	895	960	982	1028	1081	1021	1125	1108	1091	1096	1124	1055	1113	1168	1038	1123	1019	1100	1032	1063	1024	1050	992	1082	1099	1123	1146	1090	1113	1180	1051	1086	1099	1037	1040	1052	1018	954	1011	1024	1011	1044	1042	1023	1006	1054	1055	1044	1027	936	980	950	985	1008	995	1016	1061	1029	876	955	1043	1079	1071	1094	1008	1003	2280	2547	2344	2458	1093	1412	1398	1473	1434	1491	1433	1359	1315	1385	1487	1471	1511	1553	1477	1458	1478	1451	1449	1340	1500	1431	1394	1398	1435	1477	1520	1535	1489	1547	1486	1546	1527	1566	1555	1494	1534	1507	1633	1741	1673	1735	1733	1720	1723	1741	1714	1713	1687	1724	1690	1685	1670	1690	1722	1713	1655	1698	1687	1644	1566	1662	1752	1674	1587	1632	1688	1669	1594	1596	1622	1626	1583	1600	1670	1649	1552	1597	1619	1542	1570	1547	1598	1579	1559	1795	1509	2170	2105	2081	2106	2115	2133	2163	2355	2189	2237	1789	1825	1848	1844	1824	1886	1799	1883	1946	1755	1799	1888	1833	1809	1893	1796	1767	1802	1757	1812	1865	1815	1723	1704	1816	1860	1635	2055	1872	1985	2025	1977	1958	1966	1958	2018	2010	1986	1997	2068	2070	2041	2116	1839	1918	1906	1921	1894	1919	1835	1950	1906	1965	1949	1877	1990	1994	1937
CEBPZ	255	224	224	181	223	225	184	216	209	168	232	224	240	216	250	271	242	218	141	176	195	133	109	74	64	190	143	132	247	182	167	160	115	174	146	167	1	2	1	6	2	6	5	4	6	19	28	21	16	5	13	11	14	14	19	15	48	21	30	44	30	43	50	53	67	69	67	127	79	59	97	100	180	98	78	153	140	140	74	92	61	139	69	74	401	370	441	381	346	401	405	463	483	474	466	435	395	419	407	410	420	401	379	466	405	355	358	456	383	399	393	429	383	391	333	383	441	405	370	458	467	487	412	439	495	518	498	390	449	163	238	186	282	302	272	225	258	276	323	323	242	348	330	309	328	351	347	352	391	414	324	369	364	316	280	319	336	271	340	316	334	357	359	488	493	475	575	522	547	581	597	623	603	571	573	569	564	567	550	544	522	556	510	604	612	641	625	578	604	593	600	644	621	586	600	518	415	542	476	495	530	510	563	489	467	499	454	483	520	480	402	410	423	507	596	416	546	495	513	490	454	437	417	456	466	413	405	1052	1158	1225	1214	1200	1165	1178	1244	1221	1189	1476	1431	1396	1400	1485	1494	1613	1504	1474	1542	1533	1622	1460	1507	1486	1442	1336	1441	1370	1356	1400	1433	1455	1257	1250	1246	1552	1428	1448	1499	1336	1320	1278	1331	1310	1316	1356	1303	1379	1380	1383	1468	1354	1179	1260	1252	1279	1253	1354	1343	1328	1421	1271	1271	1247	1402	1312	1329	1372	1390	1345	1211	1216	1159	1227	1229	1417	1425	1369	1319	1371	1305	1383	1358	1407	1233	1230	1356	1260	1271	1297	1201	1262	1283	1134	1221	1245	1356	1212	1272	1252	1237	1237	1189	1161	1377	1204	1272	1241	1151	1221	1149	1153	1108	1049	1122	943	1117	890	1105	726	744	692	808	751	669	684	965	861	893	850	847	837	877	830	808	859	835	872	815	818	871	813	802	845	842	912	912	883	901	817	694	775	747	755	833	834	850	799	777	796	773	717	816	843	734	750	794	798	785	787	687	718	789	822	766	744	748	783	756	824	669	745	748	728	685	749	788	808	652	656	694	639	643	573	589	615	698	640	676	644	658	674	657	672	707	782	720	730	695	659	665	684	698	678	482	482	638	675	737	1078	989	903	964	890	885	908	956	930	968	984	944	971	915	951	939	940	927	921	942	909	897	933	951	950	973	973	1005	1002	883	884	965	1022	972	974	1030	949	1003	1018	966	810	869	875	899	1128	1213	1011	1028	982	1004	952	944	870	943	718	645	743	771	894	824	823	970	840	906	1067	875	1155	1179	1132	1197	1175	1229	1214	1243	1111	1282	1170	1133	1067	1131	1051	1071	1233	1088	1140	1105	1093	1156	1098	1085	993	1064	1008	1036	991	1039	977	1063	907	965	904	940	1199	1111	1108	1138	1073	1071	1100	892	1088	1095	1049	1031	1073	1044	1038	989	852	1024	1033	1022	974	985	956	972	2407	2890	2716	2766	1037	1363	1410	1525	1455	1519	1501	1407	1296	1364	1581	1699	1711	1632	1681	1737	1768	1521	1604	1600	1635	1754	1749	1644	1706	1841	1702	1724	1715	1854	1702	1700	1438	1602	1561	1598	1617	1716	1814	1891	1738	1833	1719	1692	1778	1745	1697	1975	1864	1997	2063	1918	1982	2026	1924	2004	1930	1920	1676	1533	1560	1643	1741	1824	1645	1642	1780	1805	1771	1804	1820	1858	1746	1936	1913	1949	1857	1777	1492	1518	1581	1543	1641	1616	1695	2035	1479	2232	2370	2167	2262	2478	2291	2375	2450	2487	2569	2024	1950	2009	1923	1967	2014	2030	2137	2055	2065	2162	2187	2086	2120	1885	1811	1779	1779	1859	1851	1939	1932	1863	1894	1939	2014	1649	2265	2319	2112	2237	2151	2120	2029	2069	1976	2149	2087	2041	2318	2330	2160	2291	1879	1917	1840	1899	1991	2193	2185	2276	2195	2273	2052	1981	2230	2212	2138
ZNF10	347	341	286	257	312	325	234	264	289	225	318	277	278	316	387	345	283	276	246	207	238	198	134	101	99	218	222	202	206	251	204	185	177	258	152	183	2	1	1	8	3	7	6	6	9	39	40	33	11	8	20	17	28	20	20	13	51	28	54	38	71	64	87	64	89	95	90	79	125	91	98	153	136	114	110	198	184	176	134	133	116	159	79	127	471	482	521	533	413	456	552	512	563	548	593	569	523	553	536	535	441	536	496	500	540	480	489	551	552	533	502	557	463	489	383	441	490	517	422	563	574	578	588	564	631	593	573	495	557	177	307	218	262	398	346	321	390	342	413	399	266	277	432	353	392	406	459	434	525	423	441	500	465	265	356	424	402	364	484	412	455	432	465	592	532	539	728	595	588	772	714	743	744	673	701	703	713	719	695	671	635	682	596	643	671	736	751	737	715	751	700	808	792	738	736	598	511	720	583	653	678	655	507	532	597	536	552	530	595	582	440	437	500	634	641	569	659	574	645	595	566	604	491	548	512	429	379	1166	1182	1255	1398	1271	1240	1220	1310	1344	1325	1514	1498	1470	1542	1513	1459	1474	1554	1511	1543	1535	1437	1448	1530	1461	1443	1457	1428	1416	1467	1471	1446	1430	1309	1376	1264	1343	1470	1427	1427	1379	1436	1363	1485	1371	1305	1420	1362	1377	1377	1405	1391	1317	1281	1354	1301	1298	1314	1305	1323	1312	1246	1347	1293	1305	1259	1380	1385	1318	1294	1378	1301	1269	1295	1286	1267	1260	1350	1406	1358	1316	1406	1486	1363	1427	1343	1336	1315	1414	1251	1312	1253	1278	1316	1241	1258	1279	1269	1223	1346	1295	1265	1240	1228	1282	1164	1239	1231	1242	1218	1285	1269	1273	1265	1132	1166	929	1198	1056	1120	776	937	861	766	809	749	609	869	979	912	996	1016	901	994	949	856	1018	942	998	916	914	875	928	901	983	973	1017	1040	1080	950	892	792	946	858	886	877	956	928	973	930	923	847	864	941	941	910	879	906	886	947	940	763	749	911	756	862	857	901	896	915	836	786	890	832	883	828	830	753	788	750	786	758	662	812	781	785	806	781	776	838	732	771	753	813	755	874	758	870	793	790	835	843	763	837	825	611	534	720	742	709	1053	999	1009	1033	986	960	1055	992	1051	1089	1013	988	1027	923	1023	954	1040	1111	1080	1060	930	986	1027	1052	1118	950	1069	1060	1110	967	1018	1079	1104	1078	1134	1113	1080	1073	1052	1116	983	945	1013	1012	1166	1005	1115	1001	1069	1102	1102	1117	984	968	680	699	830	895	989	867	976	986	966	978	1122	941	1236	1311	1192	1260	1312	1216	1327	1306	1182	1128	1123	1217	1143	1127	1141	1076	1162	1194	1208	1100	1214	1236	1176	1264	1029	1113	1154	1126	1129	1188	1037	806	924	1051	989	993	1154	1067	1180	1172	1238	1184	1189	1059	1164	1129	1042	1144	1133	1153	1112	1224	898	1075	1100	1093	1047	1127	1096	1082	2527	2493	2419	2497	1257	1391	1464	1561	1526	1615	1478	1414	1357	1347	1618	1605	1680	1667	1567	1539	1575	1435	1576	1348	1567	1429	1558	1558	1571	1673	1669	1590	1637	1582	1654	1685	1571	1658	1603	1637	1586	1596	1739	1790	1735	1783	1729	1736	1698	1741	1673	1828	1778	1909	1878	1816	1815	1695	1795	1715	1797	1801	1653	1526	1603	1656	1712	1515	1674	1749	1757	1737	1672	1681	1667	1693	1749	1709	1765	1668	1708	1735	1587	1563	1632	1607	1677	1715	1665	2138	1774	2142	2224	2105	2081	2148	2174	1991	2283	2255	2354	2040	1908	1970	1941	1917	1890	1958	1889	1891	1980	1934	1958	1912	1992	1857	1793	1771	1815	1845	1854	1803	1765	1737	1686	1907	1938	1635	2204	2035	1986	1936	2039	1967	2002	2004	1935	1948	2014	1988	2083	2136	2085	2173	1861	1850	1822	1955	1940	1973	2007	1900	1989	2036	2026	1955	1981	2049	2007
ZMAT5	279	291	264	227	270	269	235	255	257	196	297	218	274	296	323	258	255	277	196	203	202	150	139	89	110	153	187	172	179	202	184	161	155	226	175	186	3	1	1	3	2	6	5	3	4	27	36	16	9	15	9	16	18	12	22	9	28	29	36	35	61	43	62	48	67	87	68	59	91	103	81	108	120	112	96	160	146	142	107	130	123	129	74	96	437	459	444	463	419	423	483	466	492	509	484	505	469	472	474	444	388	448	452	478	477	460	481	507	454	476	449	454	449	445	395	428	441	434	430	529	499	506	492	503	540	533	530	468	486	194	258	204	243	346	335	275	314	333	356	372	293	297	381	355	340	395	389	415	430	372	402	432	419	288	323	349	404	349	430	350	360	348	375	533	512	500	653	585	593	662	632	640	636	668	661	634	659	606	628	632	598	657	605	676	615	683	683	670	641	678	689	716	688	698	677	567	553	583	545	583	582	567	502	532	546	520	523	511	536	555	453	452	472	579	558	536	564	523	562	532	537	547	471	512	462	413	422	1193	1217	1203	1312	1261	1210	1227	1301	1334	1302	1503	1458	1478	1490	1470	1450	1437	1464	1498	1522	1495	1423	1471	1526	1448	1444	1435	1464	1401	1423	1432	1450	1435	1336	1301	1239	1369	1413	1427	1452	1387	1392	1355	1415	1336	1330	1386	1386	1358	1357	1379	1343	1356	1305	1292	1290	1253	1282	1217	1331	1247	1233	1307	1257	1303	1263	1307	1319	1341	1278	1333	1303	1279	1245	1235	1246	1295	1357	1366	1320	1329	1379	1404	1348	1387	1308	1284	1277	1349	1336	1241	1212	1278	1270	1281	1218	1319	1179	1188	1279	1236	1257	1235	1204	1248	1157	1202	1253	1242	1203	1268	1193	1205	1244	1091	1153	1011	1168	1049	1090	765	862	843	741	779	693	691	866	949	892	918	922	891	938	860	855	912	877	902	905	872	820	898	860	884	938	959	961	936	929	920	798	823	798	793	851	887	845	873	856	873	805	876	868	856	788	813	822	843	905	862	735	787	829	701	809	827	809	845	835	830	758	789	764	806	768	778	758	719	758	759	716	612	708	695	724	702	700	726	738	713	709	694	702	753	738	714	758	807	764	752	774	737	750	776	562	524	690	671	693	976	924	1031	994	947	982	972	938	989	1003	971	955	980	887	984	909	912	978	960	950	929	983	961	1014	959	941	1009	976	1054	994	989	1007	1067	1021	1072	1073	1047	1002	1046	1041	943	921	936	949	1070	981	1093	1025	1083	1053	1033	1014	941	1002	718	760	815	811	995	914	889	901	944	977	1069	966	1228	1183	1191	1177	1193	1210	1243	1239	1199	1099	1135	1199	1118	1126	1126	1114	1106	1167	1142	1086	1170	1162	1143	1184	967	1103	1131	1047	1107	1137	987	887	982	993	959	1008	1107	1079	1151	1160	1123	1099	1158	984	1139	1085	1000	1086	1078	1102	1040	1141	887	1037	1094	1088	1040	1044	1056	1007	2634	2738	2573	2621	1283	1400	1477	1542	1532	1541	1478	1425	1347	1339	1597	1606	1658	1662	1579	1604	1609	1543	1612	1455	1580	1489	1579	1618	1531	1673	1685	1634	1637	1658	1685	1684	1526	1633	1580	1618	1559	1555	1742	1842	1778	1747	1680	1788	1741	1784	1744	1837	1825	1909	1885	1859	1882	1764	1805	1798	1838	1808	1624	1509	1580	1658	1698	1585	1693	1706	1753	1730	1735	1712	1687	1730	1762	1731	1764	1745	1735	1758	1593	1530	1600	1583	1731	1727	1678	2231	1833	2278	2298	2181	2241	2329	2210	2169	2417	2413	2430	2084	1947	2014	1960	1969	1929	1982	1978	1992	2001	1996	1989	1983	2012	1853	1835	1819	1852	1893	1865	1876	1826	1813	1889	1959	1926	1798	2315	2164	2085	2083	2079	2056	2033	2083	2040	2031	2056	2033	2160	2196	2156	2255	1901	1929	1919	1977	2007	2067	2050	2045	2054	2152	2069	2022	2032	2133	2061
PCBP2	339	297	293	261	306	324	223	274	258	243	294	287	313	285	356	368	359	319	272	283	303	226	205	144	153	216	196	184	234	247	200	222	179	260	191	207	1	2	1	8	5	5	2	2	7	33	37	29	15	19	18	23	27	14	30	22	51	38	41	42	74	72	84	70	80	102	78	97	98	81	143	125	137	132	112	202	183	183	142	142	105	147	88	137	512	502	626	587	504	529	620	555	590	572	600	571	553	603	541	607	508	529	480	615	575	513	501	562	566	520	515	568	509	495	462	519	582	534	481	559	616	592	577	595	646	657	621	598	612	288	402	316	293	405	361	339	378	351	418	395	321	320	522	424	421	476	489	502	539	463	471	477	536	347	380	388	433	397	460	445	490	451	473	732	729	723	770	704	698	826	743	793	797	705	711	783	752	736	773	731	746	761	683	738	756	791	850	793	822	784	776	855	786	785	792	715	615	742	600	741	713	701	606	682	663	677	614	620	693	634	529	584	584	639	740	622	704	685	675	592	594	677	603	650	601	494	553	1611	1566	1632	1780	1623	1569	1634	1624	1707	1625	1889	1871	1875	1889	1810	1736	1788	1835	1788	1827	1840	1690	1758	1804	1749	1736	1753	1776	1779	1803	1761	1736	1776	1648	1720	1649	1572	1675	1657	1702	1634	1660	1663	1780	1711	1607	1705	1715	1661	1653	1729	1661	1641	1560	1642	1586	1602	1577	1610	1614	1575	1463	1584	1563	1599	1491	1638	1578	1545	1556	1534	1607	1539	1578	1533	1499	1455	1596	1623	1544	1569	1641	1695	1606	1627	1631	1611	1587	1659	1548	1570	1487	1534	1519	1480	1506	1498	1417	1488	1542	1481	1465	1466	1514	1511	1383	1442	1386	1456	1450	1515	1530	1553	1568	1432	1431	1414	1547	1372	1515	1045	1155	981	937	1030	1009	817	1028	1077	1037	1037	1148	1018	1048	1127	1006	1101	1066	1086	1071	1107	986	1043	1025	1111	1124	1159	1114	1189	1134	1035	930	1134	1015	991	1006	1015	1059	1075	1049	1077	885	977	981	1052	1051	997	1067	1065	1055	1007	806	891	1043	870	978	952	928	977	950	925	870	930	944	984	956	851	911	894	856	922	875	807	944	926	919	868	907	803	894	820	837	892	916	802	954	868	947	899	885	901	876	861	946	885	748	710	877	986	893	1146	1123	1120	1188	1121	1074	1182	1166	1151	1193	1168	1102	1150	1163	1110	1073	1228	1154	1194	1186	1180	1198	1192	1283	1234	1075	1189	1189	1214	1179	1186	1231	1179	1251	1288	1284	1222	1207	1244	1254	1093	1139	1199	1258	1285	1140	1255	1200	1225	1313	1247	1315	1166	1181	1067	1031	1063	1129	1229	1127	1197	1242	1246	1313	1389	1244	1477	1487	1387	1389	1526	1404	1456	1496	1454	1397	1285	1432	1338	1330	1377	1324	1332	1383	1367	1396	1470	1418	1474	1458	1271	1376	1404	1344	1385	1407	1349	1184	1214	1365	1265	1297	1331	1254	1349	1316	1389	1376	1348	1267	1295	1300	1232	1323	1304	1304	1328	1382	1121	1287	1296	1374	1341	1376	1247	1263	3727	3474	3264	3318	2046	1812	1837	1931	1990	1951	1847	1873	1787	1730	2060	1929	1985	1994	1892	1902	1925	1889	1942	1756	1899	1783	1876	1893	1879	2044	2079	2042	2007	1947	2068	2029	2013	2048	2061	2063	1967	1968	2199	2254	2231	2255	2380	2259	2209	2219	2180	2292	2311	2365	2300	2319	2266	2127	2220	2208	2245	2247	2145	2078	2092	2222	2139	2056	2173	2182	2229	2165	2034	2100	2087	2059	2185	2127	2150	2100	2096	2127	2025	2098	2076	2031	2120	2156	2104	3125	2709	2948	2937	2880	2815	2837	2872	2738	3152	2989	3129	2735	2521	2574	2499	2479	2498	2553	2416	2486	2522	2403	2489	2451	2485	2443	2377	2324	2421	2397	2361	2343	2263	2284	2258	2435	2380	2472	2945	2668	2644	2618	2729	2543	2701	2713	2667	2593	2642	2709	2718	2778	2771	2811	2506	2554	2560	2577	2543	2470	2511	2514	2550	2689	2671	2615	2547	2639	2593
ATRX	430	378	330	306	398	411	275	356	347	270	415	342	352	368	454	428	332	366	274	266	281	191	156	109	112	275	258	223	266	297	252	251	186	302	207	253	3	1	2	13	4	7	9	4	11	42	52	42	22	18	15	14	37	23	38	17	73	54	47	44	74	56	123	80	118	131	118	100	153	108	125	201	171	153	118	269	233	232	146	170	130	206	82	156	560	528	694	653	495	583	665	602	710	685	739	651	589	634	638	670	508	625	604	616	673	557	599	695	657	611	571	669	576	596	496	573	638	615	469	651	699	718	655	648	724	755	674	633	694	205	353	255	289	492	454	370	430	464	532	542	355	336	574	467	454	538	619	566	638	563	503	574	573	292	437	471	526	434	550	472	562	538	573	746	670	694	855	720	713	905	833	895	929	822	834	878	806	834	836	807	753	815	670	786	832	865	895	850	825	893	883	941	913	875	874	772	554	858	657	793	794	766	623	651	703	658	620	641	746	666	510	548	587	761	810	633	790	735	764	691	661	702	609	648	579	479	492	1385	1408	1487	1596	1475	1401	1442	1536	1570	1564	1744	1775	1782	1790	1712	1700	1671	1746	1744	1809	1766	1671	1694	1775	1699	1694	1666	1718	1620	1695	1723	1697	1674	1574	1662	1506	1570	1691	1670	1661	1576	1620	1599	1716	1659	1515	1643	1648	1601	1571	1623	1611	1496	1508	1570	1486	1502	1548	1486	1566	1555	1480	1597	1497	1547	1485	1595	1620	1510	1453	1582	1491	1461	1463	1492	1503	1409	1610	1602	1510	1525	1655	1690	1617	1671	1570	1562	1535	1665	1416	1551	1468	1494	1521	1419	1463	1502	1399	1381	1573	1464	1459	1432	1471	1494	1392	1437	1401	1444	1383	1475	1448	1524	1517	1316	1382	1102	1442	1266	1325	910	1132	967	945	1032	860	769	1059	1160	1143	1141	1167	1054	1157	1132	994	1182	1089	1157	1098	1074	1006	1062	1060	1169	1181	1172	1205	1236	1154	1022	918	1113	1019	1044	1081	1104	1037	1129	1128	1087	921	1047	1098	1111	1076	1009	1081	1069	1131	1062	767	894	1050	931	988	1008	1021	1050	1055	1008	934	1002	976	1040	983	992	955	1006	871	891	904	756	986	944	918	957	972	912	1000	887	851	984	973	904	1003	921	1046	996	938	965	1025	904	1007	951	719	606	865	871	839	1150	1094	1186	1271	1115	1053	1232	1177	1243	1250	1204	1118	1248	1092	1234	1127	1241	1291	1239	1216	1145	1261	1241	1283	1306	1070	1239	1205	1263	1185	1155	1233	1270	1279	1370	1317	1306	1223	1247	1299	1129	1108	1238	1254	1355	1143	1286	1190	1239	1304	1289	1313	1129	1129	840	808	991	1011	1197	986	1119	1168	1099	1162	1312	1069	1489	1452	1379	1386	1518	1388	1532	1545	1394	1338	1251	1443	1282	1325	1381	1254	1333	1393	1413	1345	1454	1421	1423	1428	1228	1281	1348	1296	1349	1381	1231	1005	1029	1282	1199	1198	1357	1232	1389	1340	1423	1390	1332	1278	1331	1314	1197	1321	1368	1326	1307	1406	1018	1246	1287	1377	1305	1326	1267	1238	2876	2906	2778	2841	1498	1588	1703	1814	1806	1814	1760	1705	1589	1589	1898	1824	1921	1897	1810	1792	1828	1646	1831	1495	1779	1678	1735	1814	1763	1868	1898	1903	1834	1824	1933	1927	1796	1922	1871	1851	1803	1850	1989	2071	2005	2045	1992	2031	1973	2003	1937	2061	2031	2150	2074	2048	2055	1941	2014	1976	2048	2076	1904	1810	1816	2000	1958	1843	2004	1944	2019	2016	1915	1951	1919	1897	2011	1939	1979	1881	1958	1967	1938	1788	1908	1860	1973	1959	1918	2423	1997	2530	2541	2423	2466	2461	2486	2310	2692	2613	2683	2317	2227	2308	2246	2236	2228	2202	2148	2206	2286	2212	2210	2187	2257	2178	2106	2062	2086	2135	2161	2108	2113	1941	1935	2212	2218	1877	2545	2327	2273	2275	2379	2328	2324	2334	2297	2299	2320	2347	2352	2448	2412	2473	2205	2245	2164	2265	2269	2222	2286	2195	2266	2343	2330	2268	2276	2421	2321
IRF3	432	455	419	370	385	386	353	375	362	324	393	374	425	414	457	454	398	376	285	312	308	226	219	118	114	306	293	246	356	296	271	273	210	308	275	292	1	1	1	7	3	7	3	3	9	39	45	25	21	12	16	19	26	22	32	27	87	43	57	68	57	65	97	85	102	117	143	180	136	120	137	171	289	176	161	252	231	247	163	157	154	203	122	136	700	708	734	719	632	743	680	810	794	817	798	768	721	741	764	689	702	709	713	790	693	699	694	790	691	678	717	739	694	699	636	665	733	675	671	846	784	845	761	729	870	809	838	740	794	320	362	296	447	517	488	416	455	534	607	560	477	553	579	609	553	603	620	663	674	738	587	642	628	556	511	565	616	516	602	579	591	634	614	837	837	852	1017	944	988	1031	1040	1057	1020	1015	1033	1021	1032	992	978	941	918	1014	954	1081	1091	1107	1074	1029	1053	1073	1095	1148	1101	1071	1075	973	817	943	878	895	972	892	897	889	874	870	823	859	895	855	734	728	759	883	1050	799	944	903	928	882	852	799	775	816	761	709	691	1933	2036	2116	2118	2142	2052	2122	2232	2202	2219	2614	2542	2517	2520	2683	2675	2843	2688	2679	2687	2699	2843	2594	2644	2664	2562	2476	2467	2372	2386	2507	2526	2547	2268	2209	2207	2702	2503	2582	2616	2378	2397	2286	2316	2257	2358	2437	2379	2411	2425	2477	2520	2380	2128	2213	2211	2183	2188	2264	2344	2278	2472	2189	2251	2250	2424	2302	2356	2384	2416	2344	2185	2143	2014	2118	2190	2480	2491	2389	2308	2413	2359	2464	2362	2501	2180	2197	2311	2230	2273	2204	2143	2170	2267	2096	2111	2178	2337	2184	2213	2230	2204	2097	2128	2096	2372	2143	2245	2172	2017	2116	2027	2056	1915	1875	1960	1787	1937	1636	1933	1256	1310	1255	1362	1259	1203	1256	1648	1527	1536	1522	1508	1503	1544	1488	1422	1523	1467	1514	1468	1459	1500	1487	1479	1526	1491	1634	1609	1560	1557	1485	1224	1312	1296	1321	1478	1476	1475	1461	1394	1459	1389	1371	1425	1470	1389	1280	1382	1425	1367	1443	1292	1307	1393	1397	1345	1314	1322	1407	1370	1429	1234	1249	1269	1299	1233	1354	1358	1425	1227	1133	1223	1107	1110	1038	1049	1071	1161	1143	1236	1164	1194	1187	1148	1223	1243	1326	1265	1227	1203	1219	1215	1229	1219	1223	834	863	1081	1178	1239	1789	1658	1678	1630	1567	1607	1584	1647	1653	1684	1735	1673	1656	1608	1718	1619	1656	1600	1624	1648	1665	1645	1638	1750	1692	1720	1703	1769	1772	1681	1591	1736	1793	1678	1739	1771	1710	1767	1765	1713	1495	1544	1574	1638	1952	2003	1839	1842	1717	1748	1708	1695	1568	1705	1313	1182	1346	1401	1656	1536	1477	1643	1531	1625	1779	1654	1996	2053	1988	2146	2073	2093	2175	2168	1978	2160	2117	1952	1910	1958	1922	1864	2110	2018	1970	1947	1936	2013	1963	1904	1790	1846	1826	1813	1790	1820	1720	1844	1669	1719	1563	1620	2067	1969	1972	2008	1938	1923	1937	1598	1910	1863	1792	1795	1875	1894	1766	1781	1547	1820	1847	1821	1783	1699	1765	1789	4343	5136	4824	4839	1873	2388	2504	2682	2582	2681	2563	2475	2308	2404	2850	3026	2960	2829	2955	3046	3067	2746	2857	2801	2872	3047	3054	2884	2990	3160	2987	3004	3043	3275	3035	3001	2577	2792	2732	2850	2886	2957	3178	3350	3128	3174	3018	3030	3126	3085	3032	3419	3299	3518	3607	3404	3486	3540	3346	3537	3396	3365	2947	2662	2743	2920	3071	3162	2974	2962	3060	3066	3199	3231	3191	3265	3127	3358	3394	3453	3254	3221	2646	2696	2761	2770	2960	2868	2935	3668	2754	3946	4200	3814	3998	4413	4038	4216	4350	4400	4509	3591	3420	3588	3377	3535	3501	3562	3789	3698	3641	3803	3803	3662	3699	3322	3223	3190	3186	3310	3321	3441	3363	3391	3470	3427	3543	2955	4044	4103	3763	3945	3782	3795	3593	3633	3474	3752	3640	3630	4118	4037	3797	4060	3387	3387	3300	3432	3518	3917	3827	4001	3861	4005	3661	3467	3920	3856	3784
NFIB	395	416	357	329	365	392	320	382	350	318	372	342	390	401	438	413	350	373	334	284	335	220	249	190	221	252	291	257	280	283	272	274	245	293	268	272	2	1	2	6	2	11	7	2	6	30	34	17	14	11	15	19	31	21	34	29	54	40	39	39	96	59	88	59	97	103	90	98	114	112	132	153	176	179	181	252	196	228	150	151	148	178	104	150	733	693	677	761	634	664	735	729	763	745	786	724	712	782	699	673	660	674	643	708	719	690	716	740	698	682	683	686	638	695	629	645	681	665	670	792	796	760	784	792	835	826	797	812	758	352	419	382	405	473	507	466	454	491	537	535	456	478	618	565	568	596	572	649	638	612	598	592	635	460	507	539	598	507	568	587	574	551	577	932	868	864	980	898	940	1013	1022	995	999	978	962	988	1012	961	999	930	929	1001	1012	1044	1038	1090	1078	1022	1013	1032	1018	1088	1097	1052	1054	849	848	933	899	918	947	903	805	840	872	823	816	811	861	844	746	701	779	876	890	875	902	829	842	828	846	818	801	806	777	691	661	2085	2182	2158	2329	2199	2149	2119	2237	2284	2238	2542	2547	2460	2565	2539	2548	2493	2609	2572	2640	2579	2467	2497	2568	2437	2421	2443	2442	2399	2434	2468	2481	2469	2196	2246	2183	2345	2476	2449	2451	2370	2355	2380	2401	2261	2332	2290	2305	2366	2352	2391	2389	2324	2173	2254	2216	2135	2172	2165	2220	2176	2107	2180	2125	2200	2176	2207	2200	2209	2174	2206	2158	2113	2124	2056	2128	2262	2313	2242	2195	2210	2298	2335	2321	2343	2195	2231	2157	2240	2238	2070	2104	2159	2109	2098	2069	2162	2099	2098	2157	2120	2157	2059	2035	2072	1949	2050	2096	2041	2107	2099	2060	2133	2046	1950	1960	1896	2099	1808	1942	1252	1340	1384	1272	1264	1183	1093	1436	1509	1421	1443	1507	1452	1482	1384	1402	1452	1378	1465	1417	1435	1378	1442	1361	1431	1566	1571	1586	1548	1525	1463	1266	1351	1336	1234	1408	1394	1352	1412	1356	1361	1329	1349	1419	1344	1294	1294	1254	1420	1434	1380	1227	1297	1334	1254	1283	1290	1304	1366	1342	1309	1185	1247	1258	1311	1281	1262	1223	1196	1194	1212	1145	1043	1155	1141	1087	1150	1111	1096	1173	1154	1129	1092	1131	1174	1203	1195	1236	1227	1155	1150	1221	1178	1206	1176	924	975	1044	1080	1245	1632	1552	1641	1549	1594	1510	1637	1574	1620	1638	1619	1554	1594	1467	1597	1459	1505	1583	1580	1601	1534	1596	1602	1622	1604	1546	1674	1677	1694	1629	1634	1671	1752	1695	1732	1755	1725	1689	1754	1695	1607	1549	1588	1553	1843	1703	1737	1703	1695	1699	1730	1690	1601	1576	1323	1328	1453	1494	1629	1541	1596	1529	1583	1683	1823	1725	1975	2005	1912	1935	2010	1979	2080	2066	1992	1927	1923	1930	1883	1913	1901	1853	1923	1934	1884	1841	1956	1968	1957	1906	1691	1821	1834	1824	1810	1837	1726	1582	1640	1690	1659	1681	1840	1767	1855	1924	1946	1840	1899	1781	1849	1788	1704	1795	1832	1807	1739	1764	1645	1775	1788	1778	1742	1761	1752	1681	4910	4957	4691	4735	2413	2453	2592	2713	2597	2619	2563	2471	2465	2366	2772	2754	2818	2836	2771	2734	2788	2665	2734	2578	2694	2576	2840	2779	2711	2961	2915	2866	2865	2858	2918	2858	2698	2795	2758	2864	2765	2776	3170	3249	3144	3158	3049	3133	3132	3120	3070	3278	3256	3387	3367	3270	3319	3118	3129	3181	3279	3250	2955	2855	2820	2895	3010	2885	2967	3029	3093	3071	3004	2993	3048	3045	3068	3152	3099	3068	3055	3132	2757	2673	2821	2756	2939	2932	2925	4170	3428	4065	4182	3940	4022	4104	4022	3897	4357	4320	4428	3703	3456	3506	3422	3477	3466	3541	3535	3519	3625	3523	3607	3525	3589	3305	3244	3201	3264	3329	3280	3251	3243	3298	3298	3443	3439	3389	4067	3964	3737	3733	3815	3706	3675	3753	3611	3645	3710	3687	3875	3935	3833	3954	3347	3375	3407	3545	3549	3670	3743	3601	3717	3843	3679	3666	3656	3807	3741
SETDB1	394	356	332	318	356	354	343	341	324	270	305	319	374	393	407	392	374	362	358	344	342	282	249	178	239	193	225	222	273	251	239	282	254	257	253	266	1	1	1	1	1	7	4	3	5	34	36	13	16	12	14	23	16	23	17	45	69	54	35	43	89	54	95	71	86	103	103	78	110	96	112	118	161	181	229	179	201	191	160	179	158	151	121	162	662	712	687	749	641	632	716	692	749	716	718	714	690	682	695	660	633	639	594	685	674	626	684	665	723	669	632	659	613	634	614	600	644	657	695	707	729	759	779	683	810	773	759	757	752	403	419	406	434	451	415	433	445	441	472	461	448	393	607	539	530	547	567	610	595	535	585	584	565	507	544	511	558	513	567	507	532	485	549	929	910	888	980	917	944	1013	949	950	993	964	954	930	978	961	978	927	909	951	938	1021	977	1009	1059	962	930	1031	994	1019	1002	993	1027	845	881	877	857	871	895	828	774	858	825	777	819	836	823	815	735	731	783	821	832	825	847	842	819	774	783	815	740	804	802	702	715	2188	2297	2240	2344	2288	2175	2220	2223	2317	2296	2525	2491	2537	2539	2486	2555	2518	2546	2565	2591	2506	2436	2471	2561	2489	2379	2470	2451	2339	2426	2428	2413	2473	2211	2330	2205	2324	2365	2387	2411	2285	2262	2278	2435	2257	2326	2293	2320	2309	2283	2340	2331	2205	2142	2212	2140	2129	2087	2091	2193	2161	2078	2101	2125	2144	2134	2170	2185	2170	2125	2159	2139	2072	2090	2137	2135	2243	2196	2251	2202	2206	2235	2323	2302	2340	2186	2134	2210	2289	2222	2025	2110	2048	2045	2072	2029	2128	1968	2003	2107	2025	2037	1989	2043	2053	1913	1969	2021	2005	2090	2102	2049	2048	2020	1996	1985	1977	2057	1957	2012	1271	1421	1325	1269	1290	1206	1311	1371	1426	1416	1402	1462	1399	1399	1433	1372	1478	1323	1449	1386	1365	1369	1423	1391	1435	1491	1486	1495	1540	1468	1446	1207	1350	1319	1264	1330	1334	1327	1459	1319	1378	1223	1256	1315	1321	1337	1310	1341	1305	1418	1361	1197	1236	1288	1166	1292	1253	1246	1261	1283	1260	1101	1204	1222	1266	1210	1190	1142	1196	1161	1233	1154	1018	1137	1179	1160	1093	1048	1050	1087	1048	1091	1050	1170	1171	1171	1113	1202	1130	1134	1168	1146	1073	1177	1137	1028	995	1064	1177	1310	1487	1474	1688	1498	1545	1534	1560	1490	1610	1560	1507	1469	1528	1470	1554	1438	1554	1556	1510	1540	1524	1592	1548	1570	1640	1510	1517	1596	1607	1617	1643	1626	1675	1692	1714	1660	1655	1588	1616	1666	1574	1525	1515	1606	1709	1633	1671	1614	1659	1697	1704	1656	1616	1557	1443	1424	1397	1505	1607	1631	1581	1595	1679	1775	1858	1788	1971	1979	1934	1945	1989	1927	2066	2053	1959	1887	1892	1895	1878	1846	1902	1892	1788	1865	1805	1860	1905	1920	1935	1983	1735	1807	1869	1848	1864	1816	1677	1710	1751	1723	1638	1686	1775	1749	1832	1874	1828	1812	1808	1615	1750	1736	1678	1722	1741	1797	1708	1792	1617	1727	1795	1776	1764	1752	1754	1670	5248	5151	4784	4786	2718	2508	2525	2695	2682	2615	2597	2457	2452	2424	2859	2734	2759	2785	2713	2762	2721	2711	2718	2656	2691	2528	2724	2735	2674	2840	2940	2807	2837	2779	2880	2828	2756	2842	2757	2745	2812	2790	3124	3222	3140	3178	3241	3181	3199	3147	3063	3282	3290	3319	3318	3355	3272	3032	3092	3109	3213	3230	2975	2941	2874	3038	2953	2960	3004	3082	3042	3081	2909	2985	2989	2980	3083	3011	3136	3000	2978	3062	2884	2765	2828	2825	2986	2999	2970	4411	3715	4258	4215	4054	4120	4202	4040	3886	4516	4438	4392	3821	3504	3517	3573	3527	3484	3586	3556	3648	3583	3556	3560	3564	3639	3382	3326	3323	3334	3351	3326	3344	3289	3261	3375	3456	3436	3542	4122	3898	3740	3842	3861	3866	3795	3858	3784	3722	3798	3872	3900	3963	3843	4000	3499	3550	3581	3663	3630	3623	3702	3577	3730	3872	3852	3667	3680	3778	3690
ZNF326	640	543	538	441	553	561	426	539	504	396	559	456	536	559	630	600	497	519	349	315	406	279	284	197	190	426	380	331	388	439	355	338	265	444	286	354	1	1	1	14	1	9	12	6	17	53	68	53	24	12	28	24	50	31	47	21	85	68	78	74	97	87	177	112	153	154	149	153	198	160	202	269	252	252	179	403	323	350	223	225	202	297	107	205	885	827	948	912	754	836	975	961	1011	984	1092	959	937	945	948	983	836	948	896	996	1009	832	898	1029	947	941	894	985	853	841	727	807	926	907	704	1004	1049	1061	986	1038	1052	1073	1020	933	924	251	518	387	477	725	650	538	617	621	729	745	517	504	790	651	641	726	819	772	929	792	715	881	867	527	609	725	768	633	760	794	787	824	778	989	929	947	1281	1109	1059	1306	1315	1301	1310	1272	1226	1303	1307	1241	1263	1188	1129	1222	1089	1191	1301	1352	1311	1299	1266	1330	1285	1446	1325	1366	1328	1140	863	1220	1028	1210	1138	1141	941	988	1071	980	940	990	1067	992	788	785	860	1070	1228	1062	1191	1079	1177	1099	1010	992	882	956	815	762	694	1980	2045	2134	2504	2164	2140	2149	2354	2317	2282	2727	2707	2640	2775	2765	2767	2611	2721	2804	2865	2800	2679	2754	2815	2671	2647	2638	2580	2504	2678	2683	2668	2635	2411	2470	2265	2574	2726	2670	2696	2567	2615	2547	2731	2415	2424	2573	2544	2587	2489	2532	2576	2402	2432	2541	2474	2322	2375	2388	2442	2446	2372	2424	2396	2411	2354	2555	2558	2474	2486	2513	2265	2224	2311	2323	2338	2384	2549	2541	2416	2423	2599	2665	2553	2677	2447	2470	2432	2479	2290	2293	2273	2399	2408	2190	2290	2364	2414	2414	2517	2339	2335	2280	2280	2302	2256	2336	2351	2340	2180	2266	2206	2349	2278	2049	2093	1701	2087	1761	1927	1353	1631	1511	1361	1490	1272	1104	1682	1794	1767	1787	1858	1693	1834	1665	1568	1777	1674	1824	1699	1648	1620	1649	1609	1782	1802	1900	1890	1915	1758	1638	1439	1681	1578	1519	1663	1722	1661	1739	1728	1657	1574	1637	1718	1723	1556	1563	1613	1599	1660	1648	1346	1459	1679	1430	1494	1589	1564	1673	1638	1557	1373	1510	1526	1631	1504	1535	1464	1485	1375	1416	1489	1222	1345	1289	1330	1384	1421	1374	1488	1396	1333	1421	1468	1308	1548	1432	1600	1521	1413	1446	1498	1452	1533	1475	931	895	1187	1294	1182	1910	1853	1821	1938	1758	1710	1921	1863	1902	1954	1938	1808	1914	1735	1925	1721	1890	1921	1936	1832	1710	1768	1862	1954	1956	1785	2021	1894	1968	1799	1810	1892	2049	1982	2091	2040	2030	1951	2017	2080	1689	1688	1789	1802	2226	1951	2012	1990	1956	1967	2015	2036	1742	1836	1147	1176	1453	1578	1774	1559	1656	1789	1512	1670	1930	1687	2261	2345	2139	2230	2353	2255	2462	2383	2222	2121	2048	2232	2076	2120	2100	1904	2143	2187	2178	1997	2205	2209	2114	2218	1795	1950	2030	1967	1991	2088	1859	1481	1621	1859	1742	1762	2198	1945	2202	2209	2227	2103	2118	1960	2102	2086	1945	2113	2075	2034	2045	2149	1682	1998	2047	2106	1891	2012	1945	1900	4739	4702	4566	4645	2335	2423	2596	2798	2724	2865	2677	2632	2422	2414	2944	2964	3085	2970	2907	2857	2992	2705	2911	2567	2762	2760	2977	2979	2962	3215	3083	3049	3087	3018	3120	3102	2777	2999	2874	2988	2856	2968	3187	3234	3187	3216	3007	3141	3073	3048	3026	3387	3301	3618	3489	3408	3461	3255	3255	3318	3392	3353	2889	2654	2710	3040	3031	2816	3052	3157	3169	3072	3107	3164	3081	3095	3268	3248	3300	3186	3225	3265	2743	2709	2907	2892	3061	3026	2993	4081	3293	3844	4142	3759	3860	4084	4018	3750	4149	4215	4440	3834	3518	3688	3540	3581	3538	3696	3468	3508	3816	3682	3682	3649	3697	3332	3207	3230	3210	3381	3410	3256	3077	3172	3154	3478	3560	3061	4198	4046	3663	3630	3792	3510	3645	3702	3440	3611	3610	3594	3867	3971	3759	3935	3343	3412	3255	3461	3585	3751	3773	3609	3764	3866	3693	3613	3673	3809	3681
ZBTB24	588	548	469	411	503	526	390	453	498	366	532	456	508	540	561	602	464	443	417	322	386	291	261	213	178	320	349	285	349	408	341	339	295	406	271	339	4	1	2	7	2	9	5	3	10	37	61	53	25	13	16	19	37	20	31	26	75	59	60	68	95	88	131	93	140	168	150	140	184	146	183	233	231	196	201	323	257	278	200	200	187	251	114	206	821	812	897	893	751	847	903	905	929	931	935	955	892	931	861	902	743	827	823	859	856	836	868	903	869	856	797	885	814	859	708	778	909	849	800	956	944	964	949	947	1016	1076	977	900	925	367	529	416	491	635	643	562	610	595	680	673	486	504	782	644	638	734	747	782	859	743	746	790	804	540	580	640	721	594	781	698	755	688	745	1063	1096	1064	1224	1032	1075	1271	1193	1218	1259	1201	1263	1194	1231	1143	1156	1161	1147	1203	1099	1166	1207	1327	1301	1271	1187	1320	1219	1339	1292	1289	1253	1056	958	1164	1007	1071	1119	1094	988	957	1075	966	933	975	1027	990	850	824	887	1070	1139	1008	1128	1010	1054	984	919	1048	887	994	916	806	765	2302	2398	2418	2632	2385	2358	2387	2522	2515	2525	2805	2790	2746	2857	2819	2798	2749	2851	2830	2929	2861	2719	2707	2845	2755	2711	2736	2676	2706	2718	2691	2734	2710	2505	2536	2490	2622	2766	2710	2666	2588	2562	2533	2725	2541	2485	2620	2585	2596	2620	2658	2620	2488	2411	2528	2424	2361	2435	2477	2530	2503	2424	2479	2348	2446	2427	2526	2498	2472	2384	2496	2405	2432	2397	2339	2450	2395	2563	2595	2405	2470	2583	2617	2573	2605	2477	2427	2458	2611	2402	2297	2369	2364	2405	2338	2304	2374	2239	2274	2427	2338	2316	2316	2279	2347	2318	2294	2317	2324	2283	2342	2351	2382	2335	2076	2282	1942	2297	2059	2143	1406	1608	1589	1451	1517	1383	1278	1620	1695	1693	1708	1725	1629	1693	1735	1539	1738	1681	1742	1592	1622	1652	1584	1646	1731	1799	1792	1813	1812	1697	1657	1376	1606	1466	1520	1646	1634	1614	1671	1648	1621	1451	1530	1579	1650	1539	1565	1553	1614	1613	1605	1307	1413	1577	1427	1479	1512	1555	1569	1546	1535	1437	1558	1416	1549	1465	1452	1415	1449	1337	1357	1353	1195	1426	1347	1308	1328	1366	1327	1400	1327	1354	1321	1376	1354	1449	1387	1449	1459	1341	1406	1417	1398	1438	1426	1123	1061	1285	1376	1409	1838	1746	1837	1847	1770	1733	1823	1861	1873	1929	1849	1765	1825	1712	1810	1739	1785	1881	1882	1849	1794	1853	1849	1983	1891	1680	1896	1900	1946	1830	1800	1898	1982	1962	1980	1999	1928	1890	1914	1937	1765	1776	1800	1842	2033	1872	2009	1865	2013	1991	1914	2001	1760	1824	1389	1482	1578	1680	1862	1645	1733	1810	1750	1915	2097	1830	2283	2259	2230	2234	2310	2218	2380	2359	2192	2159	2037	2253	2146	2125	2117	2076	2140	2220	2152	2116	2174	2259	2248	2294	1927	2092	2148	2012	2164	2175	1901	1747	1809	1966	1851	1918	2127	2042	2123	2174	2178	2122	2126	1945	2010	2020	1988	2073	2088	2070	2061	2110	1734	2017	2026	2084	1917	2013	1974	1953	5061	5264	4948	5044	2556	2644	2824	2958	2923	2935	2890	2718	2640	2579	3082	3051	3176	3102	3045	2989	3054	2812	3038	2693	2951	2812	2976	2983	2955	3169	3118	3126	3099	3101	3225	3186	2949	3084	3059	3101	3033	3074	3373	3482	3360	3445	3318	3399	3341	3311	3279	3544	3466	3653	3589	3512	3538	3354	3453	3408	3473	3474	3159	2999	3105	3137	3315	3171	3270	3284	3332	3356	3267	3235	3245	3255	3295	3376	3357	3271	3263	3333	3060	2969	3116	3028	3190	3250	3227	4207	3482	4323	4435	4205	4229	4415	4282	4153	4638	4571	4682	3995	3700	3845	3756	3759	3749	3808	3784	3813	3802	3811	3798	3777	3841	3579	3530	3526	3564	3580	3596	3509	3518	3478	3472	3657	3718	3453	4327	4141	3994	4020	4052	3911	3944	4001	3886	3936	3960	3927	4195	4212	4081	4269	3655	3676	3659	3799	3819	3930	3911	3895	3992	4088	3952	3883	3897	4022	3940
NCOA5	525	547	526	439	487	538	415	496	489	417	499	472	540	550	599	588	492	519	426	426	426	374	298	163	171	376	324	324	354	395	388	352	278	405	328	337	2	1	2	7	4	7	6	14	12	42	70	54	17	21	24	30	35	29	31	23	79	65	74	61	95	97	137	113	146	170	164	140	176	142	183	232	247	228	191	350	278	351	227	223	201	246	164	245	875	884	931	915	761	851	971	899	982	1006	979	963	915	938	942	879	784	863	848	922	956	912	866	936	894	908	825	903	853	909	750	824	890	923	861	1023	979	1014	964	981	1024	1059	1038	978	939	529	538	493	480	647	640	582	628	621	736	669	552	519	810	726	677	786	831	821	849	817	775	795	835	556	614	673	758	623	755	734	760	747	732	1213	1055	1106	1279	1149	1122	1314	1269	1280	1266	1233	1200	1219	1242	1231	1243	1190	1147	1255	1197	1238	1247	1254	1374	1317	1277	1326	1288	1342	1288	1283	1307	1145	986	1210	1039	1137	1108	1151	994	1025	1109	1086	1058	1016	1078	1041	879	977	974	1062	1163	1024	1135	1080	1105	1073	996	1093	1017	1099	987	793	883	2521	2657	2644	2707	2788	2593	2641	2778	2795	2652	3038	2964	2911	2907	2873	2772	2866	2965	2921	3016	2926	2843	2790	2912	2826	2815	2811	2834	2767	2876	2835	2880	2884	2684	2750	2589	2633	2687	2670	2731	2666	2699	2726	2788	2701	2656	2730	2741	2725	2741	2741	2739	2588	2446	2588	2459	2463	2570	2558	2635	2602	2464	2567	2440	2499	2448	2569	2510	2502	2384	2456	2655	2581	2506	2488	2508	2442	2602	2630	2532	2538	2601	2687	2632	2662	2627	2600	2599	2691	2542	2440	2401	2435	2500	2435	2458	2314	2341	2299	2455	2390	2432	2357	2415	2457	2295	2313	2278	2299	2327	2491	2470	2451	2426	2294	2359	2209	2522	2221	2298	1615	1700	1660	1536	1664	1449	1344	1643	1707	1655	1702	1743	1711	1776	1720	1640	1735	1714	1794	1759	1833	1618	1736	1703	1842	1838	1877	1807	1903	1806	1734	1563	1707	1640	1573	1645	1678	1641	1718	1716	1708	1536	1625	1643	1697	1686	1660	1672	1651	1771	1683	1360	1496	1605	1441	1569	1524	1563	1584	1577	1529	1524	1557	1450	1576	1526	1489	1442	1429	1414	1398	1480	1281	1467	1431	1419	1353	1388	1342	1454	1357	1405	1463	1509	1450	1513	1354	1527	1472	1453	1450	1488	1392	1469	1447	1274	1252	1431	1479	1447	1837	1753	1821	1990	1815	1776	1931	1912	1857	1883	1882	1825	1854	1832	1905	1798	1916	1899	1879	1922	1908	1909	1963	2022	1987	1784	1963	1912	1958	1977	1910	1992	1955	1993	1990	2017	2011	1952	2009	2013	1893	1807	1906	1978	2092	1896	2078	1983	2009	1999	2003	2110	1952	1951	1701	1697	1760	1808	2027	1827	1899	1949	2036	2125	2185	2069	2336	2353	2317	2320	2422	2221	2428	2429	2298	2227	2125	2343	2209	2222	2235	2186	2221	2294	2236	2328	2339	2412	2370	2436	2098	2202	2216	2258	2253	2240	2075	1894	1967	2142	2103	2138	2155	2087	2166	2198	2298	2218	2183	2054	2096	2036	2037	2148	2141	2127	2135	2195	1933	2085	2151	2175	2153	2177	2124	2127	5184	5381	5077	5226	2600	2922	3056	3136	3076	3089	3000	2931	2820	2776	3170	3150	3225	3171	3117	3096	3131	3018	3065	2873	3082	2927	2981	3027	3024	3171	3186	3177	3153	3211	3268	3295	3207	3184	3241	3215	3208	3149	3507	3659	3661	3597	3572	3656	3569	3648	3545	3724	3566	3686	3618	3558	3569	3479	3585	3538	3531	3640	3451	3237	3281	3435	3533	3374	3481	3528	3548	3505	3337	3299	3428	3408	3421	3380	3470	3406	3328	3386	3276	3242	3279	3202	3378	3387	3348	4186	3561	4593	4596	4474	4509	4408	4566	4404	4936	4734	4845	3900	3932	3950	3942	3923	3945	3921	3933	4012	3889	3843	3940	3885	3944	3931	3777	3788	3781	3766	3792	3834	3748	3628	3610	3827	3861	3717	4445	4075	4246	4195	4266	4161	4147	4203	4174	4170	4263	4243	4363	4406	4304	4437	3934	3955	3962	4062	4062	4055	3950	3971	4137	4175	4213	4077	4090	4271	4144
NPAS2	362	406	405	345	354	361	362	358	339	300	338	320	389	416	468	391	349	387	300	305	346	260	204	162	134	234	251	265	256	285	277	269	260	308	276	258	3	1	1	4	1	9	6	11	6	43	36	22	9	15	13	23	27	15	29	26	52	58	50	47	67	65	87	78	87	106	127	74	134	107	142	146	163	150	160	223	200	227	155	175	161	160	98	162	658	703	662	673	643	610	701	703	716	692	707	675	695	688	692	602	578	632	639	655	673	677	658	650	719	696	651	673	662	623	610	641	604	659	645	750	712	713	739	738	741	784	779	697	739	358	401	345	373	463	458	406	490	491	490	443	458	417	585	541	506	526	574	628	639	592	584	619	617	416	491	494	545	512	561	523	543	504	541	845	801	803	926	937	919	929	980	927	928	900	914	903	896	916	860	855	867	984	928	983	969	1008	975	980	981	962	946	1003	1034	1027	951	841	840	860	867	840	845	849	735	812	806	797	842	727	785	746	723	689	745	837	840	808	801	809	787	783	797	782	731	811	752	672	670	1888	2005	1958	2025	1989	1947	1991	2028	2085	2014	2314	2241	2254	2295	2296	2236	2278	2364	2357	2309	2327	2306	2193	2325	2231	2187	2216	2273	2116	2164	2180	2212	2248	2005	2075	1914	2206	2184	2156	2183	2082	2133	2024	2104	2040	2070	2115	2162	2113	2101	2167	2144	2083	1944	2001	2022	1922	1955	1870	1972	1997	1924	1944	1937	1980	1952	1986	2003	2035	1959	1976	2005	1947	1924	1929	1953	2050	2044	2065	2065	2025	2047	2145	2042	2113	2051	2008	2014	2002	2021	1884	1888	1925	1924	1911	1890	1903	1898	1829	1932	1921	1899	1811	1921	1872	1847	1840	1870	1878	1850	1914	1820	1873	1839	1742	1774	1678	1889	1627	1749	1134	1244	1253	1140	1186	1077	1077	1328	1330	1310	1337	1329	1297	1363	1319	1321	1339	1334	1362	1351	1308	1266	1316	1301	1404	1398	1425	1379	1457	1366	1439	1173	1241	1252	1172	1285	1298	1260	1251	1294	1271	1196	1248	1288	1251	1225	1180	1223	1239	1300	1312	1120	1196	1198	1139	1187	1174	1204	1180	1252	1209	1113	1125	1127	1193	1097	1151	1093	1110	1106	1121	1110	971	1050	1092	1058	1009	997	1039	1081	1032	1043	1056	1036	1073	1139	1116	1095	1108	1087	1064	1079	1059	1137	1125	854	865	1024	1071	1146	1411	1454	1469	1511	1533	1478	1462	1445	1510	1460	1484	1418	1402	1407	1461	1378	1472	1479	1443	1408	1460	1450	1493	1506	1502	1495	1527	1579	1563	1542	1491	1563	1605	1499	1588	1584	1558	1531	1523	1553	1421	1448	1430	1518	1635	1542	1643	1579	1572	1545	1603	1595	1562	1552	1259	1240	1319	1364	1485	1424	1406	1431	1462	1549	1636	1560	1790	1825	1801	1824	1841	1809	1876	1886	1767	1762	1763	1736	1767	1715	1705	1763	1737	1766	1726	1719	1827	1789	1762	1807	1560	1697	1790	1670	1713	1668	1584	1515	1570	1578	1510	1569	1711	1664	1711	1762	1736	1720	1738	1503	1643	1634	1580	1639	1612	1678	1636	1653	1467	1638	1663	1656	1589	1573	1602	1605	4132	4390	4133	4227	1978	2228	2295	2421	2338	2348	2287	2241	2091	2195	2487	2551	2537	2562	2477	2492	2482	2393	2488	2344	2440	2372	2473	2453	2495	2628	2619	2542	2593	2610	2627	2611	2444	2464	2464	2548	2488	2472	2741	2916	2821	2814	2726	2776	2778	2808	2746	2902	2823	3027	2986	2912	2956	2821	2854	2893	2894	2853	2645	2474	2544	2575	2707	2641	2653	2688	2723	2735	2662	2670	2700	2756	2733	2764	2804	2749	2755	2764	2452	2472	2568	2539	2672	2670	2613	3445	2860	3661	3662	3432	3542	3730	3570	3532	3834	3781	3926	3238	3016	3101	3102	3091	3077	3096	3180	3213	3119	3159	3222	3102	3181	2981	2910	2932	2942	2933	2966	3006	2929	2941	2972	3055	3090	2926	3573	3419	3310	3328	3347	3291	3323	3316	3226	3326	3319	3295	3493	3495	3363	3535	3042	3068	3067	3132	3150	3292	3274	3268	3263	3359	3256	3202	3271	3354	3302
ZNF432	405	405	385	383	412	402	333	349	369	332	367	346	399	434	439	404	353	420	277	313	320	245	190	131	139	195	265	266	282	300	290	266	248	294	274	264	2	1	1	4	5	7	6	4	5	33	43	19	15	12	19	27	22	22	36	21	43	49	56	45	60	76	81	80	86	134	108	92	133	130	142	170	157	151	179	225	200	223	175	165	156	168	102	149	646	677	696	719	634	630	770	702	734	730	705	741	718	784	741	681	626	665	644	716	681	672	701	731	714	692	689	674	674	649	625	652	650	641	684	764	714	760	759	743	838	812	780	726	711	336	361	366	404	484	493	456	477	477	501	523	473	410	577	582	493	592	549	632	633	557	591	631	584	416	468	518	608	492	615	521	578	518	519	824	824	821	995	907	933	1024	978	953	996	961	960	902	964	922	952	909	918	974	938	993	971	1010	1011	1017	976	984	950	1032	999	994	1003	827	876	884	875	836	914	916	732	785	843	805	830	755	837	833	668	715	768	846	885	834	802	824	855	819	837	811	723	827	720	613	652	1868	1944	1892	2035	1953	1860	1875	1994	2057	2020	2233	2203	2252	2229	2243	2179	2237	2270	2236	2314	2230	2155	2117	2204	2161	2141	2159	2179	2101	2174	2152	2159	2163	2016	2037	1921	2082	2097	2096	2088	2065	2053	1958	2184	2003	2005	2064	2106	2073	2036	2102	2024	1991	1854	1943	1946	1875	1943	1877	1997	1963	1849	1965	1912	2006	1883	1962	1944	1988	1914	1942	1956	1906	1931	1892	1891	1994	2055	2058	1948	1970	2026	2049	1993	2013	1971	1968	1977	2032	2024	1828	1887	1900	1878	1872	1836	1850	1780	1784	1891	1831	1884	1842	1839	1914	1769	1780	1798	1824	1787	1930	1848	1892	1846	1697	1803	1640	1847	1672	1696	1134	1307	1306	1133	1210	1083	1027	1303	1370	1332	1354	1348	1330	1348	1360	1334	1354	1292	1406	1344	1300	1231	1318	1289	1307	1386	1452	1419	1426	1391	1385	1123	1295	1208	1181	1265	1300	1242	1275	1296	1293	1197	1264	1321	1236	1246	1215	1282	1320	1366	1305	1129	1170	1268	1138	1193	1198	1248	1196	1222	1263	1147	1230	1133	1212	1135	1223	1101	1087	1123	1115	1053	1000	1090	1045	1011	1029	1033	1068	1112	1059	1109	1066	1071	1039	1133	1064	1103	1140	1118	1124	1158	1114	1178	1166	901	888	984	1063	1087	1420	1404	1476	1462	1420	1440	1472	1423	1506	1460	1473	1464	1401	1357	1467	1384	1460	1452	1452	1496	1436	1445	1465	1533	1483	1441	1516	1538	1579	1482	1537	1497	1557	1507	1538	1582	1527	1476	1558	1573	1423	1391	1418	1460	1630	1528	1606	1552	1576	1559	1529	1543	1520	1501	1238	1194	1278	1294	1473	1413	1359	1439	1440	1534	1591	1575	1779	1811	1755	1723	1868	1767	1864	1816	1745	1715	1755	1750	1759	1721	1708	1700	1691	1748	1720	1698	1773	1782	1773	1827	1572	1694	1714	1671	1701	1665	1537	1427	1562	1527	1499	1537	1689	1630	1695	1737	1724	1690	1675	1484	1648	1623	1549	1642	1652	1612	1616	1643	1424	1603	1618	1668	1636	1620	1569	1517	3940	4100	3835	3930	1846	2178	2293	2336	2275	2316	2247	2225	2046	2173	2406	2480	2435	2493	2404	2423	2427	2339	2420	2204	2356	2256	2363	2308	2289	2499	2496	2396	2426	2474	2510	2545	2352	2444	2383	2388	2413	2385	2640	2765	2657	2715	2646	2738	2652	2730	2623	2781	2719	2820	2844	2774	2768	2686	2719	2750	2757	2723	2589	2335	2454	2518	2636	2476	2595	2590	2654	2602	2591	2555	2599	2564	2609	2628	2668	2633	2557	2591	2444	2387	2442	2441	2507	2580	2523	3205	2664	3453	3481	3306	3334	3399	3401	3330	3692	3591	3648	3008	2933	2975	2980	2964	2909	2977	3001	3048	2933	2944	3059	2960	2998	2901	2820	2766	2875	2819	2809	2897	2818	2793	2849	2952	2914	2634	3339	3174	3137	3201	3155	3165	3104	3122	3076	3168	3189	3157	3298	3341	3254	3387	2903	2949	2957	3001	3022	3098	3055	3093	3081	3196	3146	3039	3104	3171	3119
GLMP	395	394	358	338	356	381	308	335	339	324	378	341	379	406	427	360	331	368	273	284	280	219	198	114	151	201	267	238	247	270	259	240	238	275	249	252	3	1	2	3	2	4	7	4	5	34	44	15	11	15	14	18	19	20	24	22	51	46	44	37	67	48	83	69	87	113	92	61	116	123	105	130	154	148	158	202	187	201	161	156	155	151	86	131	645	636	610	669	572	607	631	663	649	681	650	680	657	679	686	623	545	641	625	648	605	644	629	691	677	651	620	587	611	581	596	532	590	637	621	715	677	693	679	682	760	731	720	716	679	287	310	302	328	465	427	411	420	460	472	466	442	373	531	522	468	575	550	583	581	531	553	568	555	389	456	484	533	496	543	483	520	465	479	721	755	688	934	881	894	905	901	873	925	915	936	870	884	838	842	821	872	878	849	951	904	941	878	948	905	940	938	959	978	920	920	768	834	808	783	800	808	768	622	756	790	709	742	705	756	725	689	644	687	744	814	765	729	803	819	784	764	734	648	714	664	545	580	1664	1753	1692	1785	1794	1702	1716	1850	1886	1829	2098	2076	2084	2075	2090	2071	2117	2101	2190	2162	2071	2031	2047	2161	2051	2021	1981	2014	1944	1973	2011	2004	2019	1871	1856	1800	1977	1988	2034	2033	1984	1951	1865	1988	1863	1870	1958	1954	1978	1901	1945	1926	1909	1836	1809	1815	1744	1781	1679	1822	1837	1756	1781	1747	1840	1851	1811	1882	1897	1830	1890	1771	1805	1822	1766	1751	1908	1891	1930	1882	1888	1908	1953	1872	1938	1844	1798	1782	1837	1913	1693	1802	1766	1783	1734	1685	1794	1745	1674	1783	1794	1803	1716	1705	1751	1671	1720	1769	1723	1645	1754	1651	1721	1679	1548	1628	1514	1624	1475	1549	1036	1137	1140	1009	1111	928	981	1170	1285	1215	1289	1283	1220	1300	1202	1242	1207	1239	1249	1277	1216	1122	1259	1225	1239	1268	1329	1324	1336	1265	1296	1064	1173	1121	1142	1230	1236	1136	1230	1211	1173	1138	1196	1188	1196	1153	1101	1157	1184	1242	1225	1098	1141	1151	1046	1137	1132	1150	1140	1137	1179	1035	1094	1036	1124	1090	1123	1030	975	1081	1062	990	900	1002	966	954	956	941	1042	1017	1038	988	969	982	1033	1022	969	1036	1061	1021	1068	1084	1037	1059	1096	807	771	923	937	974	1315	1357	1412	1331	1359	1366	1392	1317	1393	1415	1387	1374	1315	1263	1389	1293	1302	1342	1323	1336	1341	1356	1373	1442	1365	1375	1385	1399	1465	1424	1428	1433	1491	1459	1461	1481	1431	1426	1469	1454	1341	1356	1335	1350	1508	1417	1510	1477	1483	1408	1423	1407	1359	1392	1062	1061	1123	1194	1372	1268	1243	1271	1300	1382	1475	1393	1677	1645	1674	1672	1701	1659	1763	1690	1639	1587	1651	1659	1614	1617	1602	1587	1586	1671	1626	1546	1659	1674	1627	1677	1392	1609	1582	1486	1568	1534	1416	1280	1446	1362	1351	1360	1609	1527	1625	1634	1606	1583	1626	1391	1567	1518	1442	1532	1535	1527	1491	1553	1323	1525	1522	1509	1501	1463	1542	1437	3675	3942	3672	3728	1722	2009	2061	2147	2169	2128	2105	2027	1875	1981	2254	2326	2298	2353	2260	2280	2282	2225	2251	2105	2228	2106	2286	2248	2191	2396	2323	2314	2305	2376	2322	2401	2193	2259	2204	2266	2240	2187	2496	2623	2520	2523	2401	2506	2432	2495	2420	2633	2566	2731	2717	2622	2682	2549	2575	2611	2633	2588	2327	2161	2231	2274	2414	2246	2408	2395	2457	2436	2450	2413	2425	2527	2513	2518	2576	2506	2477	2547	2181	2187	2301	2224	2412	2411	2367	3073	2499	3194	3297	3068	3143	3388	3188	3106	3384	3412	3450	2917	2728	2816	2783	2813	2737	2789	2875	2844	2853	2847	2885	2857	2884	2607	2533	2512	2601	2645	2633	2670	2604	2640	2694	2739	2741	2494	3250	3125	2934	2989	2982	2963	2865	2938	2801	2879	2908	2894	3108	3156	3056	3175	2682	2691	2706	2793	2802	2967	2974	2975	2949	3039	2917	2873	2951	3011	2933
NR3C1	478	474	377	370	410	444	323	380	389	298	489	395	404	408	466	464	352	407	270	285	304	239	157	108	109	310	306	262	320	322	271	300	210	327	222	266	3	1	1	10	1	7	11	5	11	42	56	40	22	11	14	25	29	31	22	23	72	44	58	59	69	66	132	75	127	139	136	139	159	129	147	206	203	178	151	297	251	246	160	168	151	219	102	165	638	676	738	714	554	674	726	797	818	811	812	753	689	740	737	761	623	734	714	732	735	675	683	741	756	722	646	750	668	665	535	676	713	691	565	762	808	846	725	787	850	861	819	709	723	218	394	273	367	554	533	414	489	516	608	593	414	441	619	519	496	532	630	647	739	613	593	649	644	427	488	530	610	498	594	557	605	600	644	808	760	752	977	812	840	1003	1023	1009	1009	953	949	993	975	967	968	875	873	939	821	906	1000	1012	1022	1005	953	1071	997	1098	1028	1038	1020	827	683	973	799	851	945	869	742	740	841	765	756	769	863	806	628	639	701	853	963	771	904	805	893	751	758	792	669	748	662	578	582	1509	1615	1673	1811	1730	1656	1673	1809	1806	1803	2084	2055	2026	2116	2122	2040	2094	2149	2136	2185	2146	2135	2024	2144	2081	2057	2035	2036	1876	1972	2060	1981	1982	1818	1840	1777	2034	2032	2018	2059	1907	1936	1857	2003	1890	1896	1963	1931	1938	1935	1963	1966	1818	1737	1863	1777	1795	1866	1822	1901	1888	1900	1918	1802	1839	1850	1926	1908	1872	1863	1915	1806	1728	1737	1736	1781	1883	1967	1965	1881	1927	1944	2025	1953	2026	1817	1867	1875	1936	1783	1787	1786	1777	1848	1701	1762	1806	1793	1708	1905	1776	1806	1785	1707	1768	1821	1726	1775	1777	1631	1751	1664	1741	1699	1507	1602	1235	1599	1425	1513	984	1211	1147	1084	1165	978	981	1331	1333	1363	1338	1359	1244	1395	1341	1195	1348	1293	1393	1302	1290	1258	1208	1263	1345	1381	1446	1412	1451	1360	1293	1068	1279	1191	1171	1242	1310	1205	1329	1303	1265	1145	1219	1264	1325	1185	1212	1239	1277	1278	1271	1017	1094	1228	1137	1158	1171	1218	1244	1274	1233	1089	1203	1119	1185	1164	1142	1078	1137	1011	1062	1079	852	1095	985	990	1087	1113	1068	1148	1034	1056	1071	1111	1054	1154	1142	1180	1170	1106	1114	1147	1104	1165	1132	833	697	978	993	986	1428	1377	1420	1435	1373	1341	1458	1428	1491	1533	1475	1399	1456	1368	1417	1341	1429	1503	1472	1460	1353	1398	1436	1505	1505	1328	1510	1470	1498	1425	1372	1456	1527	1533	1579	1538	1535	1503	1467	1537	1280	1356	1381	1423	1623	1538	1560	1470	1543	1530	1487	1531	1363	1384	909	927	1123	1184	1385	1183	1219	1362	1235	1332	1523	1262	1744	1745	1691	1724	1818	1728	1863	1806	1698	1697	1588	1693	1588	1593	1610	1499	1684	1660	1697	1611	1667	1698	1648	1737	141