	ADNP	AFF4	AGO1	AGO2	AHDC1	AHR	AKAP8	AKAP8L	AKNA	ARHGAP35	ARID2	ARID3A	ARID4A	ARID4B	ARID5B	ARNT	ARNT2	ARNTL	ASH2L	ATAD3A	ATF1	ATF2	ATF3	ATF4	ATF5	ATF6	ATF7	ATM	ATRX	BATF2	BAZ2A	BCL3	BCL6	BCLAF1	BHLHA15	BHLHE40	BORCS8	BRCA1	BRD4	BRF2	CAMTA2	CBFB	CBX1	CBX2	CBX5	CC2D1A	CCAR2	CCDC6	CEBPA	CEBPB	CEBPD	CEBPG	CEBPZ	CENPBD1	CENPT	CENPX	CERS6	CHCHD3	CHD2	CHD4	CREB1	CREB3	CREBL2	CREM	CSRNP1	CSRNP2	CTCF	DBP	DDIT3	DLX6	DMAP1	DMTF1	DNMT1	DNMT3B	DPF2	DR1	DRAP1	DZIP1	E2F1	E2F2	E2F4	E2F5	E2F8	EEA1	EED	EGR1	EHMT2	ELF1	ELF3	ELF4	ELK1	ELK4	EP300	ERF	ESRRA	ETS1	ETV4	ETV5	ETV6	EZH2	FBXL19	FIP1L1	FLYWCH1	FOSL1	FOSL2	FOXA1	FOXA2	FOXA3	FOXC1	FOXJ3	FOXK1	FOXK2	FOXM1	FOXO1	FOXO4	FOXP1	FOXP4	FOXQ1	FUBP1	FUBP3	FUS	GABPA	GABPB1	GATA2	GATA4	GATAD1	GATAD2A	GATAD2B	GFI1	GLI4	GLMP	GLYR1	GMEB1	GMEB2	GPBP1L1	GPN1	GRHL1	GTF2F1	GTF3A	GZF1	H2AFZ	H3K27ac	H3K27me3	H3K36me3	H3K4me1	H3K4me2	H3K4me3	H3K79me2	H3K9ac	H3K9me3	H4K20me1	HBP1	HCFC1	HDAC1	HDAC2	HDAC6	HES4	HHEX	HIC2	HINFP	HIVEP1	HLF	HMG20A	HMG20B	HMGA1	HMGXB3	HMGXB4	HNF1A	HNF1B	HNF4A	HNF4G	HNRNPH1	HNRNPK	HNRNPL	HNRNPLL	HNRNPUL1	HOMEZ	HOXA10	HOXA3	HOXA5	HOXA7	HOXA9	HOXD1	HSF1	HSF2	IKZF1	IKZF4	IKZF5	IRF1	IRF2	IRF3	IRF5	IRF9	IRX3	ISL2	ISX	JARID2	JDP2	JRK	JUN	JUNB	JUND	KAT2B	KAT7	KAT8	KDM1A	KDM2A	KDM3A	KDM4B	KDM5A	KDM5B	KDM6A	KIAA2018	KLF11	KLF12	KLF13	KLF15	KLF16	KLF6	KLF9	KMT2A	KMT2B	LBX2	LCOR	LCORL	LIN54	LRRFIP1	MAF1	MAFF	MAFG	MAFK	MATR3	MAX	MAZ	MBD1	MBD4	MBNL3	MED1	MED13	MED8	MEF2A	MEF2D	MEIS1	MEIS2	MGA	MIER2	MIER3	MIXL1	MLLT10	MLX	MLXIP	MNT	MNX1	MTA1	MTA3	MTERF2	MTERF4	MTF1	MTF2	MXD1	MXD3	MXD4	MXI1	MYBL2	MYC	MYNN	MYPOP	MYRF	MZF1	NACC2	NAIF1	NBN	NCOA1	NCOA2	NCOA5	NCOR1	NFAT5	NFATC3	NFE2	NFE2L1	NFE2L2	NFIA	NFIB	NFIC	NFIL3	NFKB2	NFKBIZ	NFRKB	NFYA	NFYB	NFYC	NKX3	NONO	NPAS2	NR0B2	NR1H2	NR2C2	NR2F1	NR2F2	NR2F6	NR3C1	NR5A1	NRF1	NRL	ONECUT1	ONECUT2	PAF1	PATZ1	PAWR	PAX8	PAXIP1	PBX2	PBX3	PCBP1	PCBP2	PHB2	PHF20	PHF21A	PHF5A	PHF8	PIN1	PITX1	PLRG1	PLSCR1	POGK	POGZ	POLR2A	POLR2AphosphoS2	POLR2AphosphoS5	POLR2G	POU2F1	PPARG	PPARGC1A	PRDM10	PRDM15	PRDM4	PREB	PRMT3	PROX1	PRPF4	PTBP1	RAD21	RAD51	RARA	RARG	RBAK	RBFOX2	RBM22	RBM39	RBPJ	RCOR1	RCOR2	REL	RELA	REPIN1	RERE	REST	REXO4	RFX1	RFX3	RFX5	RFXANK	RFXAP	RNF2	RNF219	RORA	RREB1	RXRA	RXRB	SAFB2	SALL1	SALL2	SAP130	SATB2	SCMH1	SETDB1	SFPQ	SIN3A	SIN3B	SIX1	SIX4	SKI	SKIL	SMAD1	SMAD3	SMAD4	SMAD7	SMAD9	SMARCC2	SMARCE1	SMC3	SMYD3	SNAI1	SNAPC2	SNAPC4	SNAPC5	SNRNP70	SOX13	SOX18	SOX5	SOX6	SP1	SP110	SP140L	SP2	SP4	SP5	SPEN	SREBF1	SREBF2	SRF	SRSF1	SRSF4	SRSF9	SRY	SSRP1	STAG1	STAT5B	STAT6	SUZ12	SYNCRIP	TAF1	TAF15	TARDBP	TBL1XR1	TBP	TBX2	TBX3	TCF12	TCF3	TCF7	TCF7L2	TEAD1	TEAD2	TEAD3	TEAD4	TEF	TERF1	TFAP4	TFDP1	TFDP2	TFE3	TGIF2	THAP11	THAP4	THAP7	THAP8	THAP9	THRA	THRB	THYN1	TIGD3	TIGD6	TMF1	TOE1	TOPORS	TP53	TRAFD1	TRIM22	TRIM24	TSC22D1	TSC22D2	U2AF1	U2AF2	UBTF	USF1	USF2	WIZ	XBP1	XRCC5	YBX1	YEATS2	YEATS4	YY1	ZBED4	ZBED5	ZBTB1	ZBTB10	ZBTB14	ZBTB2	ZBTB20	ZBTB21	ZBTB24	ZBTB25	ZBTB26	ZBTB3	ZBTB33	ZBTB34	ZBTB37	ZBTB38	ZBTB39	ZBTB4	ZBTB40	ZBTB42	ZBTB43	ZBTB44	ZBTB46	ZBTB49	ZBTB7A	ZBTB7B	ZBTB8A	ZC3H13	ZC3H4	ZC3H8	ZCCHC11	ZEB1	ZFAT	ZFHX3	ZFP1	ZFP14	ZFP36	ZFP36L1	ZFP36L2	ZFP37	ZFP41	ZFP62	ZFP64	ZFP82	ZFP90	ZFP91	ZFX	ZFY	ZFYVE20	ZGPAT	ZHX1	ZHX2	ZHX3	ZIK1	ZKSCAN1	ZKSCAN5	ZKSCAN8	ZMAT3	ZMAT5	ZMYM2	ZMYM3	ZMYM4	ZNF10	ZNF101	ZNF12	ZNF121	ZNF124	ZNF136	ZNF138	ZNF142	ZNF143	ZNF146	ZNF160	ZNF17	ZNF18	ZNF180	ZNF181	ZNF20	ZNF205	ZNF207	ZNF217	ZNF219	ZNF221	ZNF224	ZNF225	ZNF230	ZNF232	ZNF234	ZNF235	ZNF24	ZNF25	ZNF251	ZNF253	ZNF256	ZNF260	ZNF263	ZNF264	ZNF274	ZNF275	ZNF276	ZNF280B	ZNF280D	ZNF281	ZNF282	ZNF292	ZNF296	ZNF3	ZNF30	ZNF317	ZNF318	ZNF326	ZNF329	ZNF331	ZNF333	ZNF335	ZNF337	ZNF33A	ZNF33B	ZNF34	ZNF343	ZNF350	ZNF354B	ZNF362	ZNF367	ZNF382	ZNF383	ZNF384	ZNF407	ZNF414	ZNF430	ZNF431	ZNF432	ZNF44	ZNF441	ZNF446	ZNF451	ZNF460	ZNF468	ZNF48	ZNF483	ZNF484	ZNF485	ZNF490	ZNF496	ZNF501	ZNF503	ZNF510	ZNF511	ZNF512	ZNF512B	ZNF513	ZNF526	ZNF527	ZNF530	ZNF543	ZNF546	ZNF547	ZNF548	ZNF549	ZNF550	ZNF552	ZNF556	ZNF557	ZNF558	ZNF562	ZNF563	ZNF564	ZNF567	ZNF569	ZNF570	ZNF571	ZNF572	ZNF574	ZNF576	ZNF577	ZNF580	ZNF589	ZNF597	ZNF598	ZNF605	ZNF607	ZNF608	ZNF609	ZNF614	ZNF615	ZNF616	ZNF619	ZNF629	ZNF639	ZNF644	ZNF646	ZNF652	ZNF660	ZNF670	ZNF672	ZNF674	ZNF678	ZNF687	ZNF691	ZNF697	ZNF7	ZNF703	ZNF704	ZNF707	ZNF709	ZNF710	ZNF713	ZNF720	ZNF724P	ZNF737	ZNF740	ZNF746	ZNF747	ZNF749	ZNF75D	ZNF761	ZNF766	ZNF768	ZNF770	ZNF772	ZNF773	ZNF775	ZNF776	ZNF777	ZNF778	ZNF780A	ZNF781	ZNF782	ZNF784	ZNF786	ZNF788	ZNF790	ZNF792	ZNF800	ZNF816	ZNF827	ZNF83	ZNF839	ZNF841	ZNF850	ZNF865	ZNF878	ZNF879	ZNF883	ZNF891	ZSCAN12	ZSCAN20	ZSCAN21	ZSCAN22	ZSCAN25	ZSCAN29	ZSCAN30	ZSCAN31	ZSCAN5A	ZSCAN9	ZUFSP	ZXDC	ZZZ3
ADNP	5589	410	750	805	1192	819	822	276	333	712	762	2081	1827	2001	1966	11	1192	1185	1605	158	603	1489	1012	1147	440	415	1405	29	69	435	1204	1046	1587	1	422	934	1215	852	1066	774	523	1148	960	395	1274	311	361	1096	1432	926	923	1434	18	258	376	21	243	464	379	1099	1697	600	433	1243	969	158	1594	466	183	1259	1378	317	665	582	954	800	1288	513	782	572	1238	490	1617	597	655	1734	536	1443	1686	642	786	268	1634	1636	1240	894	1323	1497	733	34	958	346	258	511	1828	1601	1775	1744	1114	1226	1368	520	263	1492	388	1165	1670	649	344	628	517	1099	1738	946	722	1380	1917	1140	1381	644	106	1196	1243	391	4	200	31	627	582	648	424	1994	58	34	1935	2446	1996	330	1750	13	112	922	409	2102	2191	37	678	492	1037	942	1008	593	1171	926	10	948	2000	1512	1639	1791	1502	214	622	933	1161	278	1283	1242	1960	1301	161	461	1050	113	383	4	664	1668	347	1614	25	699	1110	629	1597	432	429	199	983	959	405	1518	68	1131	1703	2182	1708	1307	917	668	1335	837	333	732	1023	374	475	1559	1013	613	1173	1167	459	1757	1819	1792	165	691	325	157	329	32	2274	1539	1095	190	56	1967	924	843	595	1284	1090	1349	1734	1039	1330	1394	69	1001	456	902	1715	1328	56	628	808	378	594	930	992	1162	1277	1604	1554	451	1306	450	351	1060	744	16	756	1502	141	1135	648	427	198	311	171	1234	130	658	1598	1213	946	62	1126	672	756	869	1707	98	778	356	1457	1134	904	1817	63	1326	812	977	899	589	117	1725	328	546	1816	312	334	670	53	3	889	1753	863	1462	333	1638	2	176	1382	1810	1278	148	886	1314	1937	1300	13	1025	705	237	269	486	1180	225	481	2110	128	1636	324	399	1295	506	1295	1625	554	1642	563	538	1539	877	766	234	133	314	389	641	1289	710	416	186	1156	1819	1778	797	2181	1238	2155	599	16	121	1336	925	385	855	860	1615	925	828	1238	1848	1454	350	128	46	987	777	628	837	752	484	14	1807	558	1647	1983	1658	342	526	577	1224	1291	1484	185	18	993	775	150	1	822	660	1576	441	766	116	2	1199	932	1753	675	1059	1896	783	1012	439	720	1578	1435	312	1792	1338	479	240	2010	1254	1288	1269	1048	1784	518	740	424	1127	1506	870	272	449	880	707	624	915	669	425	7	303	390	799	621	260	1589	1129	589	733	375	1652	6	1198	1538	1246	1090	374	181	803	658	662	1121	523	122	1210	964	775	1354	896	515	1364	721	931	1091	614	1164	431	418	295	1138	1527	374	826	297	749	569	778	327	578	905	234	244	885	283	797	475	155	496	716	1164	1690	1824	1655	276	1993	963	992	542	788	493	332	1200	1125	81	1827	2273	1955	61	339	995	1189	1099	766	564	994	886	408	877	186	916	285	743	327	1291	16	1604	1795	1143	761	733	990	1088	411	640	882	505	271	448	626	143	1229	1280	998	921	801	871	1379	1054	10	1381	384	665	322	1184	554	105	727	1688	717	947	729	407	718	745	928	1512	400	1322	428	18	433	658	1061	1111	1275	811	98	655	1065	550	900	814	355	1647	1091	193	501	308	35	1706	1262	710	1174	385	653	291	452	734	143	1156	758	1118	958	276	407	667	1300	707	735	147	1114	966	738	349	284	488	605	1864	384	169	1561	694	147	945	1370	1103	764	1385	1493	449	597	830	1389	842	1144	483	666	152	1040	268	357	560	2034	1216	1022	329	539	768	408	980	1332	465	183	781	272	803	960	1066	776	139	1055	953	1217	1563	1287	516	397	771	1053	301	494	845	772	1036	720	1524	598	1371	1086	803	555	486	550	294	361	550	892	503	914	916	544	758	1179	454	1159	1073	445	1261	841	1167	43	649	581
AFF4	410	6701	1331	1791	1676	1395	1389	538	616	1323	1394	2728	2620	2789	2439	17	2049	1892	2584	309	1212	2175	1571	1938	861	853	2248	48	138	1023	1860	1760	2215	1	752	1301	1947	1387	1968	1415	970	1864	1237	519	1811	562	543	1919	1770	1229	1366	1826	32	442	715	33	366	861	839	895	2493	980	846	2053	1722	345	1836	756	366	1840	2386	604	978	1191	1167	1562	2238	981	1406	897	1863	884	2459	1011	1189	2384	623	2195	2366	1297	1234	419	2317	2354	1729	1541	2209	2151	1348	23	1591	818	532	692	2429	2087	2242	2296	1776	1712	2047	850	419	2013	641	1516	2187	1180	599	1074	865	1816	2476	1335	1561	2254	2392	1752	2041	1233	200	1737	2007	855	4	427	58	1400	903	1194	644	3130	41	58	1598	3195	2991	1039	3039	5	257	1574	820	2886	2650	131	1225	682	1435	1516	1644	796	1523	1421	14	1771	2794	2317	2228	2066	1965	522	1091	1715	1820	563	1799	2000	2425	1982	333	922	1586	152	600	2	1221	2380	638	2307	96	1221	1765	1163	2273	745	826	424	1617	1494	710	2225	98	1931	2526	2275	2388	1946	1548	1476	2025	1118	627	1503	1540	664	878	2430	1971	1171	2074	2109	886	2252	2442	2519	394	1052	578	239	527	61	3000	2365	1618	467	81	2606	1636	1670	1167	1997	1773	1863	2515	1506	1975	1956	221	1592	811	1579	2333	1861	110	1120	1315	703	910	1600	1695	1991	2067	2506	2174	880	2113	893	581	1657	1394	33	1323	2178	272	1595	1121	897	310	563	293	1703	194	1172	2090	1817	1686	205	1713	1286	1513	1574	2681	159	1321	680	2257	1446	1344	2351	126	1625	1408	1618	1214	943	386	2336	622	1018	2406	518	621	1161	138	2	1600	2385	1404	2478	701	2129	1	389	2130	2270	2638	665	2160	2774	2577	1891	22	1692	1192	486	356	921	1525	309	818	2519	243	2145	718	575	2686	1156	1981	2367	666	1602	1141	980	2280	1450	1617	432	199	577	760	1227	1849	1119	823	342	1609	2441	2332	1425	2655	1845	3001	1145	18	173	2015	1896	796	1320	1458	2079	1423	1328	1990	2290	2106	681	167	73	938	1428	1289	1545	1404	957	42	2395	1020	2196	2626	2323	574	996	1139	1886	1924	2180	365	37	1746	1479	446	1	1579	1094	1585	844	1374	197	4	2440	1546	2496	1182	2034	2642	1220	1702	807	995	2198	1907	471	2230	1785	917	406	2588	1944	2004	1983	1793	2538	949	1327	788	1814	2014	1246	530	901	1440	1328	1140	1551	1034	681	8	357	795	1479	1209	557	2376	1648	1042	1132	650	2133	5	2020	2357	1867	1732	713	332	1237	1000	1269	1837	1048	205	1947	1566	1287	1593	1459	835	1875	1150	1438	1786	1137	1768	872	691	592	1669	2134	741	1576	869	1306	1137	1246	551	900	1455	406	171	1518	583	1194	864	245	902	1271	1716	2379	2545	2378	564	2696	1499	1695	1100	1366	584	574	1760	1894	147	1369	1736	2460	115	673	1444	1316	1782	1317	1069	1615	1414	719	1437	376	1591	440	1403	682	1920	27	2083	2401	2003	1304	1266	1648	1658	729	1157	1071	1031	455	870	1045	261	1644	1742	1603	1541	1281	1365	1704	1666	19	1732	689	775	679	1899	1003	229	1238	2277	1235	1730	1264	709	1270	1233	1557	2153	778	1676	676	28	776	699	1738	1742	1976	1436	182	1179	1583	1062	1487	640	621	2291	1762	353	895	658	61	2346	1851	1315	1899	507	985	400	761	1080	288	1869	1337	1843	1529	361	605	1142	1872	1108	1371	287	1724	1677	1162	640	558	918	927	2387	689	382	2036	1317	220	1521	2097	1787	1310	2061	2116	884	1146	1295	1277	1578	1227	754	1090	295	1602	485	776	1035	2599	1785	1459	539	994	1373	892	1725	1983	783	363	1350	566	1101	1565	1743	1447	314	1725	1485	1572	1750	2062	826	817	1336	1549	623	971	1480	1317	1622	1269	2161	1182	2109	1720	1479	1006	800	956	584	656	895	1553	1006	1568	1532	852	1110	1892	803	1708	1703	901	2035	1505	1989	73	1128	1106
AGO1	750	1331	15589	5184	2245	2761	3039	1123	988	2783	2612	4939	5770	5787	4277	10	4379	3484	5210	496	1729	3623	2677	3003	1584	1309	4580	21	182	1955	3732	3884	3511	1	1716	2507	4256	2496	3500	2623	2226	3431	2384	1081	3003	968	796	3658	2098	1464	1796	2462	77	720	1565	43	678	1932	1794	1045	4703	1918	1755	3033	3789	595	5341	1399	408	2660	4601	1097	2328	1664	1114	3447	3873	2260	3168	1847	4379	2074	4783	2440	2768	5290	546	4331	4136	2309	2171	839	3292	4439	3172	2238	3923	3867	2475	154	2868	1603	938	809	4220	3065	3259	3707	4007	2288	3420	1015	716	3216	1210	1592	3428	1912	921	2048	2462	3474	6212	1405	2169	4401	4000	2848	3268	2550	293	4112	4439	1749	4	757	71	2183	1809	2229	1603	5833	397	145	2747	7069	6942	1578	6318	10	360	2965	1985	5901	4942	135	2962	551	2594	3135	3802	821	1552	1717	19	2779	6354	3963	4511	3239	3208	969	3133	4309	5956	1002	2584	3706	5063	3817	518	1816	2763	233	934	6	2558	4334	1123	4069	168	2896	4033	2348	3953	1334	1392	571	3052	2126	754	3556	111	3564	4793	3371	6013	3753	2478	3344	5317	1022	1148	2360	3396	1369	1932	4522	3536	1874	4047	4004	1907	3915	4707	5251	491	2227	498	363	546	120	6537	5678	3027	131	83	4650	2526	2747	1323	3535	3299	3493	5182	2134	3178	2777	202	2155	1244	3101	5619	4151	128	2286	2989	1145	2309	4160	3971	3971	4359	3931	5116	1428	4375	1432	1057	2745	2695	27	2290	3101	356	1941	2227	1606	352	1057	287	2543	360	911	2940	4642	2397	394	3482	2714	2666	2605	6125	281	3100	1276	4385	1914	1623	3882	210	2211	3578	4093	1269	1051	432	4841	1199	2058	4312	740	1160	3383	191	3	3921	4518	2136	5723	1224	3801	1	666	4554	4255	5471	926	4117	5926	5614	2714	17	2866	2311	766	711	1594	1697	512	2192	5462	445	3244	1223	880	6207	1943	5925	4504	1162	1802	2498	1703	4312	1679	2136	817	587	930	1405	1808	3728	2761	1083	305	2375	4702	3999	3151	5635	4006	6192	1861	13	292	3874	3814	1642	1345	1817	3898	2109	2990	3094	4198	4871	1251	87	23	1720	2196	2607	2644	2790	1640	78	3808	1781	3346	4942	4143	1203	1297	2893	4570	3492	4813	795	45	3203	4016	835	2	3639	1431	3565	1204	2061	596	2	5234	5003	5109	1652	3493	5310	1663	2853	1176	718	3707	2691	856	3907	2718	1416	824	5258	4132	4281	3159	3133	5017	2061	2773	1732	4482	3426	1586	876	1678	3297	2870	1688	3121	1751	1277	15	299	1363	2639	2538	1199	5623	3476	2045	2193	1017	5298	8	3851	4998	4499	3173	1317	517	2387	2497	2788	3023	1399	330	3405	2769	2100	2957	2269	1051	4178	1948	2870	3856	2290	2864	1457	1360	883	3642	4192	1356	3343	1116	2576	1726	1973	1069	887	1995	716	320	2610	855	1995	1704	478	1436	2682	3490	6202	5996	5733	1141	5328	2887	3263	1608	2937	861	926	2508	3862	232	2273	3056	4860	203	1103	2108	2410	2965	2401	2285	3298	2977	1280	2917	589	2868	796	2622	1311	3151	67	3484	4354	3727	2774	3034	3447	3093	1586	2664	1528	1850	836	1763	1868	468	3482	2733	3904	3131	2661	3422	3086	2589	26	2936	1313	828	1272	3434	1752	411	2591	4023	2814	2955	2262	1271	2663	2452	3255	4789	1385	2571	1285	16	1562	913	4439	3282	3986	2626	322	2207	3173	2326	3308	1066	1253	5090	3346	661	1899	980	64	5537	2845	2543	2991	977	1617	822	1708	2321	472	3826	3025	4203	3204	618	1272	2291	3865	1816	2987	459	4248	3293	2395	1155	970	1800	2191	5255	1426	618	3870	2400	428	3620	4406	3894	2799	3245	3504	1372	2355	2887	1999	2952	1241	1097	1185	466	2961	883	1492	2172	7163	3738	2994	654	1806	3004	1561	3715	3502	1610	485	2836	1021	2313	2917	3423	2832	519	3469	2910	4019	3593	4089	1748	1210	3366	4036	1281	1626	2754	2796	3285	2373	4560	2468	3645	3473	2636	2194	1808	2187	1059	1310	1625	2314	1986	3929	3874	1570	2345	3999	1451	3507	2978	1440	4266	2443	3128	109	2233	2425
AGO2	805	1791	5184	22211	2877	3199	3739	1388	1156	3202	3143	6276	7489	7382	5347	11	5314	4172	6889	556	2108	4356	3227	3789	1836	1441	5717	27	170	2484	4502	4715	4384	1	2048	2904	5084	2931	4494	3162	2634	4044	2728	1150	3479	1067	927	4506	2678	1862	2129	3045	105	835	1876	43	770	2309	2111	1324	5897	2309	2078	3809	4454	728	6974	1607	447	3232	5835	1261	2666	1962	1467	4138	4778	2719	3769	2139	5293	2432	5897	2923	3342	6567	679	5280	5150	2818	2503	933	4205	5385	3870	2787	4857	4762	2859	81	3450	1812	1137	1043	5319	3946	4114	4616	4782	2765	4151	1260	833	3940	1530	2082	4298	2381	1097	2420	3231	4265	7676	1787	2772	5329	4985	3503	4098	3058	336	4980	5373	2042	2	853	76	2592	2045	2626	1717	8509	249	607	3886	9352	9002	2764	8619	25	828	3569	2244	7576	6193	171	3636	694	3179	3659	4435	1085	1988	2079	14	3266	7982	4819	5391	4142	4076	1155	4012	5508	7186	1243	3089	4495	6347	4592	598	2260	3344	237	1168	4	3090	5212	1273	4912	201	3464	4858	2855	4859	1647	1478	659	3598	2609	992	4490	135	4476	5800	4255	7333	4354	2846	4219	6426	1381	1350	2688	4119	1595	2247	5529	4272	2107	5128	4918	2233	4731	5823	6456	551	2548	672	460	689	127	8481	6964	3490	270	104	5933	3166	3432	1505	4196	3853	4219	6460	2367	3717	3372	267	2566	1482	3796	6897	5037	141	2797	3629	1385	2475	5074	4690	4742	5415	4974	6402	1639	5364	1569	1195	3332	3162	27	2830	3882	406	2532	2669	1805	413	1225	335	2994	404	1271	3646	5493	2806	488	4155	3226	3187	3249	7921	313	3666	1524	5437	2480	2136	4824	234	2757	4233	4867	1663	1314	651	6129	1346	2457	5486	876	1410	3875	230	3	4826	5591	2480	7324	1479	4610	1	796	5527	5157	7619	1218	5473	8336	6942	3329	20	3370	2854	832	833	1962	2374	653	2353	7305	523	4170	1376	922	8860	3028	7454	5411	1282	2173	3102	1857	5124	2059	2753	998	666	1013	1591	1994	4406	3082	1334	387	2814	5852	4883	3846	7179	4775	8078	2251	11	337	4696	4899	1870	1681	2194	4807	2704	3465	3630	5321	5788	1379	122	40	2136	2672	3147	3096	3239	1872	91	4830	1977	4172	6146	5139	1353	1458	3426	5475	4288	5894	855	66	3892	4885	1161	4	4529	1758	4606	1357	2407	633	5	6849	6045	6308	1932	4451	6634	2072	3543	1386	1056	4793	3264	1016	4795	3352	1708	1001	6629	4988	5163	3818	3829	6167	2469	3288	2093	5196	4146	1936	966	1894	3986	3529	1883	3773	2020	1398	15	343	1615	2968	3016	1315	7097	4176	2441	2584	1169	6388	5	4573	6359	5472	3693	1510	581	2960	3078	3577	3630	1653	382	4030	3172	2474	3604	2704	1321	5245	2363	3343	4748	2738	3574	1635	1496	914	4545	5079	1606	4265	1477	2994	1956	2373	1322	1198	2257	760	289	3116	943	2314	1961	519	1666	3373	4118	7575	7668	7295	1426	6582	3426	3988	1851	3476	932	1039	2912	4753	256	2747	3593	6015	219	1292	2513	2937	3445	2749	2792	4012	3536	1532	3525	699	3643	901	3135	1594	3723	74	4298	5444	4609	3221	3534	4036	3718	1943	3127	1728	2200	930	2114	2146	502	4239	3317	4619	3659	3131	3988	3676	3320	28	3518	1576	958	1544	4176	1995	437	3182	4881	3284	3353	2664	1425	3103	2849	3811	5646	1615	3161	1503	15	1771	1104	5230	4011	4901	3217	356	2554	3852	2988	3855	1273	1517	6264	4015	752	2244	1155	64	6672	3543	2941	3550	1057	1825	929	1934	2588	570	4613	3701	5018	3816	740	1408	2691	4551	2095	3744	556	5234	4081	2699	1333	1188	2078	2448	6509	1608	682	4539	2971	466	4170	5300	4712	3437	4062	4144	1599	2870	3228	2412	3530	1543	1325	1405	521	3634	1075	1870	2535	9349	4331	3582	745	2246	3562	1869	4644	4184	1841	522	3323	1168	2762	3624	4147	3452	601	4155	3448	4860	4499	4962	2123	1446	4063	4872	1482	2045	3211	3333	3980	2704	5479	3097	4295	4096	3295	2611	2006	2473	1299	1594	2026	2870	2456	4671	4584	1951	2863	4904	1688	4227	3530	1730	5171	2920	3688	121	2731	2741
AHDC1	1192	1676	2245	2877	29737	2367	2775	887	947	2237	3112	12419	7509	9633	12190	38	4505	5390	8807	397	4220	7213	4523	6465	1414	1445	5673	228	159	1590	4750	3600	9829	1	1331	3870	4164	2827	3718	2995	1583	4363	2438	1085	4511	1051	1178	4342	9518	5718	4959	8220	64	808	1103	54	526	1323	1408	3345	9373	1713	1292	9148	3714	475	4454	1226	671	6550	6066	1036	1628	2746	6122	2660	6289	1617	2630	1422	4246	1342	7884	1680	1993	7106	3325	6215	9358	2860	2571	571	10902	7649	5206	4442	6992	7569	2344	53	3474	1180	879	2650	9703	11081	11729	10903	3837	7748	7590	3227	596	8098	1324	8856	10036	3245	1058	2024	1421	5773	6341	6222	4657	6194	11668	5611	7345	2208	252	3651	4768	1404	4	524	79	2430	1603	2269	2146	11513	133	152	11810	13250	9025	1893	8166	78	616	3544	1299	11051	11209	142	2071	3473	3818	3218	3461	4087	8725	4922	22	4357	7187	8222	7189	10626	8278	718	1929	3359	3511	1425	8016	5160	8150	5276	496	1600	4040	394	1319	5	2021	7768	1017	7923	97	2148	3474	2096	9049	1150	1396	621	3834	5388	2503	8251	552	4081	8792	10440	5567	4885	3550	2824	4279	5875	1084	3155	3173	1003	1490	7660	4508	2295	4635	5110	1411	9387	9205	8211	502	1856	2416	556	2244	60	11483	5651	4250	1909	138	10553	3646	3332	3360	6609	4607	5388	8246	4525	6825	8198	212	5542	1514	3653	6039	4571	125	2102	2540	1046	1704	2925	3139	4659	5288	9546	5177	1310	5594	1394	959	5171	3125	43	2992	9723	354	7500	1799	1460	703	855	947	6543	346	6492	9659	3564	4618	319	4079	2585	3075	3652	7269	297	2268	1133	7169	6174	6061	10458	156	7245	2923	3129	6145	3184	418	7519	958	1648	12192	1542	949	1972	183	1	3114	9035	3418	5226	1059	7779	3	580	5388	9097	5611	738	4176	5868	8224	7653	46	4560	2391	668	481	1578	8038	612	1365	9247	570	10191	1194	1350	5495	2026	4020	7567	1370	7054	2012	1661	6275	5279	4200	631	716	1339	1365	2393	4378	2353	1796	922	5647	9110	10379	2482	10647	3890	12079	2263	27	399	5283	3842	1258	5353	4645	8022	4754	2417	6206	9831	5227	1075	919	462	3446	3528	2445	3700	2825	1848	35	11332	1933	10525	12102	9803	928	2142	1914	4027	5970	5506	640	57	4284	2549	491	8	2825	2529	4851	1411	3470	353	3	4635	2742	8485	3769	4428	9739	5109	4458	1586	6491	9961	9047	743	9226	7380	2088	610	10252	4470	4674	6650	4606	8718	1539	2557	1319	3796	7447	4353	974	1494	2634	2334	2461	3239	2074	1305	13	1546	1302	2716	1995	902	5483	4114	2503	2589	1099	5741	8	5038	6225	4070	4334	1037	454	2744	1654	2199	5814	2644	310	5502	3612	2840	4211	4123	2350	4255	2794	3082	4113	2153	5204	1306	1202	819	4033	6297	1291	2787	1027	2474	2085	3975	872	3871	4137	706	547	3763	845	2556	1458	333	1719	3146	3823	5588	7070	5971	816	10389	3526	3715	1941	2423	1288	1149	5734	4296	204	4682	6209	9446	133	1070	4600	3372	4534	2901	1748	3185	2819	1347	2798	624	3707	581	2821	1161	5300	52	8984	10619	5174	2605	2153	3437	3753	1266	1880	2855	1730	681	1441	1769	330	3767	5573	3071	2949	2514	2589	4970	4867	27	6508	1256	2022	1049	5453	1711	254	2183	8374	2089	4032	2644	2083	2375	2439	3174	5433	1361	5643	1109	46	1400	2903	3410	4473	5037	3057	300	2259	3969	1725	2747	2077	987	5615	4297	503	1573	1211	85	6342	6463	2701	5485	974	2385	582	1289	1927	389	4136	2414	3712	3276	723	986	2092	4868	2402	2553	450	3411	3532	2206	1223	864	1415	1852	6724	1055	536	5303	2549	277	3144	5343	4131	3349	7963	7189	1603	1954	2451	3656	3038	6454	2233	3569	401	5085	731	1164	1708	6625	4025	3040	1163	2145	2397	1593	3631	6475	1376	463	2621	880	2049	3752	4108	2805	431	3873	3004	2882	4602	5032	1261	1713	2325	3022	1058	1685	2977	2443	3465	2360	5539	2040	6377	4019	4305	1738	1407	1612	1001	1509	2230	4619	1768	2906	2930	1621	2319	4126	1516	4031	4707	1656	4661	3753	5704	89	1901	1979
AHR	819	1395	2761	3199	2367	12741	2496	862	1008	2646	2324	4843	5143	5503	4714	27	3896	3328	4366	596	1734	4063	2985	3100	1439	1449	4207	45	195	1750	3461	3402	3941	1	1382	2676	4197	2497	3176	2343	1900	3520	2374	1043	3665	935	859	3426	2728	1708	2210	3047	58	685	1371	50	692	1658	1581	1125	4388	1770	1567	3100	3264	541	4610	1351	473	2851	4267	1017	2033	1853	1491	2942	4037	1921	2626	1741	3802	1932	4494	2098	2429	4928	910	4271	4519	1934	2289	767	3611	4724	3104	2333	3700	4106	2625	124	2870	1235	884	973	4603	3389	3725	4223	3713	2457	3806	1203	749	3801	1111	2116	3715	1825	967	1884	1722	3283	5383	1767	2141	4493	4479	2810	3148	2204	311	4061	3938	1624	4	782	82	2162	1617	2035	1497	4740	218	77	2787	5762	5419	1128	4887	8	278	3090	1798	5077	5015	127	2544	867	2592	3098	3365	1129	2197	2210	23	3208	5696	3774	4422	3431	3252	745	2124	3230	4194	729	3138	3535	4948	3668	492	1602	2752	268	965	5	2334	4604	1082	4491	134	2454	3677	2148	3921	1290	1552	616	2966	2350	983	3691	142	3333	4840	3692	5499	3938	2873	2591	4532	1397	1023	2665	2908	1293	1740	4708	3648	2009	4025	4028	1743	4354	4454	4697	656	2041	732	374	735	105	5842	4990	3283	222	116	4663	2419	2490	1609	3546	3088	3513	4584	2812	3640	3423	192	2605	1351	2937	5090	3786	169	2069	2687	1158	1877	3440	3862	4015	4110	4025	4837	1573	3928	1692	1017	2777	2345	34	2051	3648	317	2056	2188	1580	487	976	422	3044	355	1192	3470	4166	2816	361	3248	2539	2688	2625	5036	264	2818	1191	3970	2177	1809	4175	236	2472	2846	3575	1578	1347	365	4645	1049	1807	4106	758	1070	2346	179	4	3322	4067	2265	4805	1131	3909	2	586	4195	4119	4387	787	3444	4484	5346	3238	33	3029	2072	866	682	1546	1983	470	1584	5129	453	3665	1095	990	4437	1545	4442	4594	1310	2339	2096	1864	4257	2045	2361	735	453	986	1350	1952	3565	2553	1116	357	3110	4730	4479	2583	5538	3656	5666	1860	22	309	3535	3328	1580	1808	2300	3813	2212	2741	3613	4504	4407	1224	170	64	2144	2231	2131	2520	2380	1618	40	4187	1733	3844	4736	4104	1061	1618	2320	3983	3424	4520	649	49	2954	2802	536	2	3133	1510	3556	1442	2017	514	2	4361	3378	4602	1805	3263	4943	1846	2617	1273	1041	3627	3352	912	4366	3112	1443	732	5141	4009	4058	3627	3289	5022	1818	2500	1413	3942	3922	1914	789	1496	2957	2491	1854	2793	1698	1226	14	486	1321	2967	2015	964	4803	3533	1902	2114	1086	4997	4	4088	4374	4045	3329	1424	605	2214	1999	2346	3161	1658	361	3733	3231	1948	3239	2274	1125	4023	1844	2664	3571	2038	2943	1663	1169	1123	3321	4072	1226	2733	1067	2275	2085	1919	968	1084	2336	698	428	2556	1039	2237	1633	410	1580	2127	3210	5260	5203	4920	1093	5156	2784	3094	1884	2667	1057	912	2964	3511	201	2284	3290	4740	159	1084	2501	2341	3314	2300	2079	3021	2822	1251	2718	581	2545	731	2506	1056	3563	50	3772	4541	3518	2416	2783	3157	3155	1320	2164	1692	1785	815	1638	1865	396	3372	2923	3546	2723	2514	3093	3057	2860	27	3039	1230	1051	1149	3247	1793	332	2324	4462	2362	3052	2086	1096	2496	2132	2837	4494	1307	2659	1241	29	1352	1058	3890	3012	3667	2544	277	2139	3045	1959	3003	1028	1110	4926	3104	603	1800	951	85	4970	2882	2335	3465	913	1664	752	1579	2332	482	3311	2521	3683	2943	595	1221	2150	3659	1951	2466	456	3591	2956	2288	1019	909	1615	1971	5087	1244	570	4215	2235	378	3318	4095	3590	2404	3307	3880	1342	2183	2732	2198	2915	1918	1124	1560	455	2655	773	1224	1902	5895	3640	3021	827	1533	2618	1354	3289	3330	1431	618	2638	977	2056	2809	3141	2600	540	3103	2850	3710	3331	3881	1637	1162	2698	3286	1027	1583	2784	2602	2992	2282	4414	2118	3938	3088	2277	1957	1754	1982	912	1003	1606	2427	1735	3405	3436	1577	2068	3676	1300	3391	2814	1343	3840	2464	3508	98	1983	2193
AKAP8	822	1389	3039	3739	2775	2496	13237	1093	898	2450	2453	4964	5433	5421	4442	28	3966	3682	4680	479	1798	3813	2758	3188	1470	1351	4415	64	173	1753	4191	3511	3830	1	1498	2530	3908	2386	3217	2564	1897	3317	2319	993	3089	920	891	3534	2684	1867	2124	2949	61	726	1439	46	636	1681	1475	1371	4552	1699	1554	3338	3421	547	4270	1280	475	2990	4320	1072	2399	1787	1987	2849	3877	1954	2605	1650	3706	1729	4689	2402	2308	4914	885	4157	4281	2081	2202	735	3845	4429	3421	2540	3969	3947	2308	67	2881	1294	900	1044	4364	3590	3811	4049	3595	2687	3597	1381	698	3576	1138	2393	3883	2097	1057	2099	1892	3373	5257	1942	2347	4185	4234	3197	3510	2197	282	4038	4104	1543	4	669	87	2020	1679	2070	1198	5530	126	135	3280	6168	5755	1371	5412	8	475	2886	1543	5539	4946	115	2491	1129	2884	3008	3363	1137	2353	2251	15	2835	5548	4157	4401	3697	3622	816	2334	3404	4099	902	2932	3769	4879	3613	512	1649	2927	252	943	5	2307	4383	1090	4127	122	2916	4052	2178	3984	1183	1253	638	3434	2540	1088	3899	170	3301	4635	3830	5075	3651	2561	2556	4432	1818	1095	2398	2982	1217	1636	4391	3414	1910	3711	3654	1705	4111	4787	4917	504	1961	753	370	783	106	5980	5017	3037	454	104	4785	2616	2720	1641	3702	3310	3610	4910	2496	3463	3247	210	2758	1307	3025	5021	3976	135	2132	2708	1060	1869	3402	3314	3746	4096	4139	4642	1359	4099	1420	1033	3055	2402	33	2377	3600	395	2546	2003	1427	409	991	370	2970	354	1479	3435	3834	2663	290	3316	2394	2586	2619	5378	289	2681	1227	4309	2518	2165	4257	191	2728	2929	3381	1759	1379	538	4615	1096	1865	4548	880	1009	2353	179	4	3214	4549	2379	4792	1147	3988	2	643	4224	4191	4844	837	3649	4980	5340	3195	29	2923	2090	730	660	1622	2481	463	1525	5028	446	3793	1138	992	4846	1918	4345	4423	1175	2450	2200	1647	4259	2281	2413	793	496	928	1235	1876	3538	2387	1203	412	2776	4679	4238	3291	5345	3680	5797	1815	26	302	3896	3357	1368	1940	2303	4091	2651	2698	3282	4363	4311	1124	223	102	1744	2370	2280	2728	2478	1558	52	4166	1637	3817	4906	4311	1035	1438	2338	4088	3694	4819	672	46	3131	2924	651	1	3086	1646	3248	1319	2292	415	2	4471	3427	4917	1909	3214	5257	2066	3131	1287	1427	4095	3150	845	4119	3053	1378	742	5084	3833	3924	3480	3134	4853	1837	2539	1490	3719	3674	2048	814	1539	3333	2582	1781	2936	1718	1510	15	629	1304	2534	2041	924	4889	3276	1957	2536	995	4481	8	3644	4587	3788	3114	1197	513	2322	2064	2449	3194	1588	341	3436	2697	2163	2993	2530	1259	4143	2067	2778	3616	2084	3037	1398	1280	872	3509	4074	1265	3097	1060	2368	1729	2118	926	1373	2296	703	329	2678	840	2080	1590	413	1467	2392	3252	5266	5326	4953	1017	5140	2952	3100	1676	2695	874	929	2858	3641	224	2537	3336	4698	181	1092	2353	2527	2984	2300	2042	2997	2728	1275	2758	606	2797	673	2473	1059	3327	60	3970	4488	3559	2442	2486	3180	2983	1377	2247	1659	1705	810	1662	1741	409	3263	2988	3359	2839	2476	2828	3080	2960	31	3223	1289	1064	1156	3405	1800	425	2352	4170	2369	2896	2198	1144	2333	2271	2928	4386	1341	2841	1189	28	1380	1008	3633	3334	3857	2725	307	2018	3015	1979	3048	1175	1161	4603	3301	607	1753	979	85	4877	3091	2331	3237	907	1697	721	1443	2125	455	3539	2660	3661	3020	617	1165	2110	3778	1827	2583	439	3528	3195	2237	1067	936	1657	1875	4886	1242	579	3759	2426	367	3070	4123	3662	2609	3728	3735	1349	2188	2606	2236	2804	1832	1251	1562	451	2920	818	1330	1906	5856	3559	2868	723	1751	2527	1380	3361	3653	1532	500	2685	932	2076	3080	3385	2660	463	3287	2745	3298	3496	4002	1539	1215	2806	3213	1032	1617	2613	2553	3118	2154	4459	2219	3742	3149	2570	1952	1633	1867	948	1123	1713	2566	1779	3297	3221	1512	2062	3867	1397	3510	3090	1352	4010	2498	3255	109	2037	2151
AKAP8L	276	538	1123	1388	887	862	1093	4181	420	844	868	1469	1679	1672	1317	9	1341	1200	1464	208	549	1173	913	1086	595	480	1468	13	74	746	1182	1183	1156	1	586	822	1274	849	1129	1000	744	1071	742	405	957	382	309	1216	805	575	656	884	17	302	774	27	308	647	510	429	1407	666	623	987	1203	303	1341	556	193	990	1365	452	752	627	569	989	1172	742	948	629	1214	650	1474	774	848	1503	276	1257	1245	738	789	327	1229	1338	1121	899	1279	1224	839	21	1048	509	406	387	1329	1100	1128	1205	1235	845	1102	395	321	1055	470	695	1173	1017	407	812	751	1015	1628	636	791	1265	1235	1054	1151	841	156	1206	1309	555	4	300	63	695	636	763	336	1798	33	41	972	1950	1859	497	1771	3	178	949	534	1753	1522	51	925	353	891	986	1135	358	704	734	12	955	1732	1319	1298	1151	1170	295	863	1123	1361	367	847	1448	1469	1191	268	708	961	106	399	2	826	1331	451	1235	39	912	1188	870	1262	525	495	344	981	845	438	1236	55	1073	1399	1151	1608	1124	862	929	1446	538	452	794	1044	514	677	1367	1110	675	1177	1183	645	1215	1449	1525	227	741	205	145	199	49	1842	1578	970	137	54	1446	918	984	533	1145	1071	1110	1532	806	1011	965	113	851	562	984	1517	1245	68	840	934	480	705	1226	1129	1218	1264	1348	1453	506	1359	550	397	1019	881	17	865	1140	207	769	776	553	158	395	116	952	181	472	1002	1284	894	109	1031	810	849	954	1707	145	1015	521	1397	777	689	1266	94	845	975	1132	558	508	250	1408	442	732	1390	276	451	839	75	2	1070	1390	780	1580	513	1230	3	303	1405	1248	1622	330	1216	1675	1602	973	8	903	822	318	309	644	751	183	566	1549	136	1137	481	359	1642	761	1405	1343	405	747	909	575	1356	755	773	501	146	346	392	623	1164	852	468	184	839	1442	1243	1028	1589	1221	1779	688	17	127	1268	1141	465	622	741	1223	852	908	993	1317	1344	437	77	33	470	838	844	932	896	619	35	1289	617	1142	1490	1288	449	512	829	1328	1103	1382	244	16	1087	1064	347	2	1075	593	966	508	789	126	2	1468	1199	1547	607	1053	1592	669	1042	494	401	1260	961	367	1201	970	559	510	1519	1218	1282	1114	1050	1466	932	895	582	1204	1133	633	361	607	1033	984	657	1083	626	459	6	196	569	835	772	351	1549	1059	676	753	412	1371	5	1153	1443	1197	988	465	244	851	820	913	1062	526	161	1098	902	792	918	898	466	1208	780	902	1153	796	1021	520	525	365	1195	1292	528	1187	462	855	618	653	419	493	757	300	120	1185	339	748	611	161	537	877	1095	1637	1649	1562	454	1558	1172	1030	613	988	306	352	896	1245	119	831	993	1422	80	469	800	871	927	791	757	1113	932	548	1011	254	974	316	944	479	1052	24	1203	1375	1193	881	897	1087	1015	568	863	556	660	384	852	669	181	1043	971	1108	1010	891	965	1004	943	10	934	522	372	496	1102	680	235	856	1215	878	956	790	429	856	836	1052	1331	533	914	501	18	535	322	1208	1150	1271	940	151	742	1037	819	1046	413	701	1410	1102	281	661	385	53	1508	1067	888	1005	387	594	306	557	710	225	1229	981	1270	1037	279	453	791	1245	696	998	248	1257	1140	769	431	447	669	654	1473	536	284	1154	953	157	1032	1321	1233	976	1167	1137	528	838	893	784	945	509	470	501	215	1055	387	537	759	1858	1154	977	285	711	985	572	1194	1129	562	214	963	396	773	1063	1130	1249	239	1155	974	1098	1162	1305	631	514	1043	1143	454	631	915	877	1084	790	1342	856	1162	1074	924	780	594	694	463	486	632	874	713	1101	1101	585	770	1467	554	1142	1020	538	1303	860	1029	58	786	789
AKNA	333	616	988	1156	947	1008	898	420	3935	1015	984	1512	1637	1714	1435	6	1440	1222	1515	314	685	1312	1013	1248	680	649	1492	14	112	840	1194	1279	1282	1	574	806	1420	1270	1315	1016	807	1081	825	453	1113	480	315	1275	895	579	755	998	27	365	641	29	539	728	566	414	1460	1108	756	1104	1254	324	1237	856	239	1338	1454	493	713	889	477	1197	1330	808	1316	936	1493	797	1584	837	949	1549	420	1395	1439	920	1105	500	1227	1488	1111	1056	1387	1335	975	25	1066	519	489	620	1409	1103	1203	1306	1304	1150	1248	439	512	1169	560	708	1337	802	371	754	663	1192	1670	883	866	1433	1335	996	1213	942	202	1297	1352	631	4	427	62	803	612	870	530	1689	46	11	673	1789	1733	489	1668	1	97	1116	657	1701	1573	76	1083	333	830	1109	1221	482	758	865	10	1150	1717	1322	1427	1175	1096	290	745	1091	1323	356	1064	1300	1569	1560	298	734	1278	104	715	1	991	1453	529	1366	63	986	1261	951	1515	947	603	385	1179	878	501	1264	66	1103	1583	1223	1608	1245	984	1015	1475	498	492	1084	1360	567	948	1538	1314	821	1343	1446	771	1303	1402	1573	368	1037	278	167	251	39	1775	1559	1155	135	64	1600	1241	973	671	1337	1107	1362	1551	960	1177	1163	185	942	948	1032	1540	1209	122	892	1047	874	735	1284	1317	1332	1360	1526	1518	687	1434	710	482	1030	1037	16	859	1259	261	725	1161	706	230	492	111	937	205	518	1090	1450	1054	170	1296	988	1022	1410	1586	161	1075	580	1376	766	659	1304	123	1074	1011	1261	785	779	179	1358	486	786	1352	281	793	829	75	2	1258	1380	790	1582	601	1287	2	375	1452	1367	1521	379	1285	1571	1617	1103	14	1043	1108	450	490	725	646	173	641	1459	199	1243	569	390	1563	590	1349	1401	546	772	934	636	1442	772	1022	458	163	435	496	800	1433	958	573	209	856	1447	1364	1004	1637	1409	1787	1143	20	175	1210	1254	570	714	871	1171	789	942	1239	1303	1460	628	67	20	427	949	1022	1066	1043	742	30	1369	773	1217	1493	1326	517	713	909	1316	1067	1454	255	24	1134	1023	279	3	1263	545	977	647	815	170	2	1518	1125	1504	619	1229	1610	649	1044	604	358	1289	1080	641	1291	1017	1014	404	1503	1322	1388	1279	1195	1571	834	937	681	1299	1242	627	389	759	1127	1061	794	1106	1053	480	7	152	647	1048	777	390	1482	1135	765	910	782	1383	2	1348	1607	1204	1121	625	322	1153	947	980	1199	679	207	1257	1103	790	941	898	506	1233	762	997	1339	895	1363	737	449	514	1116	1290	602	1079	485	830	835	661	714	441	861	394	97	1063	523	1103	707	263	652	954	1412	1565	1583	1653	558	1678	1055	1353	818	1058	335	416	996	1320	143	880	1008	1548	107	530	945	859	1157	930	907	1371	1126	598	1150	361	1115	494	1054	602	1179	27	1203	1478	1443	991	1037	1176	1421	682	930	678	859	428	782	1139	218	1290	1401	1257	1216	1023	1092	1141	953	13	949	576	469	661	1298	706	151	962	1393	953	1140	885	539	972	835	1117	1417	615	962	845	29	531	356	1325	1121	1433	1029	178	869	1221	906	1072	411	563	1482	1156	351	754	470	71	1581	1380	980	1209	388	606	404	585	805	319	1247	1035	1367	1093	450	495	928	1211	1080	1116	310	1326	1225	798	524	516	714	684	1588	544	351	1308	963	223	1168	1497	1360	1010	1161	1263	654	908	908	957	1114	609	446	573	299	1087	387	611	831	1707	1171	1327	427	753	1150	731	1284	1175	562	303	1019	546	897	1051	1209	1103	361	1170	1342	1151	1138	1364	958	573	1067	1353	570	716	1154	1021	1128	953	1387	960	1341	1361	1067	855	730	762	562	478	672	1044	862	1248	1202	959	1165	1295	603	1135	999	654	1383	1007	1263	72	844	851
ARHGAP35	712	1323	2783	3202	2237	2646	2450	844	1015	10871	2326	4212	4665	4717	3925	16	3776	3136	4088	578	1522	3464	2553	2792	1513	1384	4016	28	199	1854	3315	3466	3320	1	1491	2246	3841	2365	3067	2351	2009	3168	2209	1035	2926	930	720	3278	2152	1367	1798	2450	61	678	1444	48	712	1821	1458	936	3889	1792	1686	2671	3201	590	3859	1337	453	2613	3960	1053	2072	1651	1240	2868	3508	2008	2658	1710	3602	1927	4175	2201	2438	4360	728	3679	3810	1964	2078	789	3163	4016	2937	2144	3407	3511	2430	94	2671	1221	907	860	3749	2828	3120	3458	3552	2159	3220	1011	747	3189	1107	1719	3194	1866	924	1872	1894	2918	4848	1502	2009	3918	3591	2652	2976	2339	301	3690	3780	1573	4	832	88	1879	1538	2063	1344	4407	161	45	2088	5138	4986	1056	4611	7	206	2725	1666	4686	4267	106	2615	716	2378	2900	3298	881	1765	1890	23	2757	4937	3463	3869	2931	2904	711	2194	3008	4038	839	2653	3319	4252	3331	520	1668	2615	216	958	3	2438	3907	1093	3741	128	2511	3528	2177	3532	1297	1415	608	2789	2122	878	3192	115	3101	4209	3165	4670	3446	2454	2516	4315	1174	1096	2405	2829	1331	1785	4069	3277	1839	3663	3648	1812	3595	3992	4320	603	1957	561	334	548	110	5079	4490	2800	171	104	4080	2338	2468	1405	3245	2956	3150	4285	2334	3073	2833	193	2278	1277	2679	4548	3562	161	2123	2616	1164	1890	3519	3533	3609	3648	3634	4250	1461	3800	1572	1055	2652	2315	25	2048	3088	332	1734	2206	1549	408	1028	306	2480	339	969	2835	3880	2500	333	3061	2438	2494	2533	4641	289	2776	1240	3685	1855	1538	3477	215	2166	2783	3494	1395	1186	339	3879	1072	1852	3736	698	1124	2214	148	1	3281	3736	2017	4516	1197	3505	1	668	3920	3783	4110	744	3312	4215	4642	2753	23	2648	2069	828	678	1512	1633	393	1620	4228	419	3109	1110	876	4246	1347	4066	3962	1147	1952	2174	1675	3815	1815	2123	824	449	936	1204	1818	3294	2565	1062	323	2360	4078	3644	2698	4690	3458	4942	1800	24	327	3310	3092	1423	1518	1939	3390	2055	2618	2962	3690	4022	1284	132	54	1360	2117	2191	2455	2365	1573	52	3490	1702	3254	4172	3596	1122	1450	2345	3725	3004	4112	633	47	2843	2802	604	1	3203	1284	2750	1309	1939	489	3	4182	3363	4206	1547	2968	4504	1644	2599	1226	811	3345	2645	917	3557	2583	1397	783	4347	3658	3736	3117	2842	4322	1855	2502	1535	3735	3245	1569	794	1582	2899	2541	1787	2784	1649	1172	11	403	1334	2664	1949	946	4404	3122	1792	2143	1057	4101	4	3552	4089	3538	2969	1356	592	2127	2070	2370	2937	1446	356	3214	2764	1920	2628	2168	1039	3671	1823	2595	3513	2099	2689	1528	1171	989	3103	3593	1245	2770	965	2212	1839	1721	995	985	2051	733	312	2481	996	2049	1666	396	1450	2309	3101	4738	4689	4516	1165	4553	2667	2968	1733	2682	799	899	2534	3428	229	2198	2873	4266	189	1079	2114	2211	2966	2257	2105	2945	2620	1250	2742	607	2569	768	2409	1136	3162	54	3320	3803	3309	2419	2716	3093	2926	1436	2270	1460	1766	847	1717	1773	426	3036	2683	3440	2758	2489	3002	2815	2454	18	2672	1255	943	1244	3090	1746	335	2386	3719	2444	2749	2127	1117	2481	2107	2771	3972	1317	2400	1257	27	1368	823	3796	2916	3535	2472	314	2088	2966	2055	2917	1039	1197	4297	3030	679	1769	959	90	4531	2674	2327	2972	929	1581	716	1506	2206	494	3271	2610	3593	2887	612	1207	2179	3439	1794	2553	517	3605	2965	2236	1095	964	1663	1899	4370	1344	599	3634	2265	357	3172	3812	3451	2470	3028	3388	1324	2229	2635	1949	2768	1521	1051	1295	479	2669	804	1311	1980	5168	3290	2821	768	1643	2679	1429	3286	3078	1474	576	2595	987	1922	2600	3065	2611	517	3022	2720	3403	3092	3653	1662	1177	2891	3236	1115	1555	2625	2621	2927	2227	3981	2156	3494	3020	2348	2055	1738	1994	1020	1148	1526	2248	1877	3404	3370	1589	2076	3533	1323	3085	2664	1314	3652	2317	3083	116	1953	2147
ARID2	762	1394	2612	3143	3112	2324	2453	868	984	2326	14355	5156	5195	5411	4606	12	3891	3457	5069	465	2061	3730	2601	3425	1468	1311	4219	70	178	1766	3548	3409	3856	1	1461	2357	4202	2363	3240	3229	1815	3135	2111	1030	2941	968	854	3476	2992	2003	2176	3130	66	771	1296	57	592	1620	1425	1427	4758	1725	1511	3572	4165	573	3787	1296	511	3086	4396	1059	1816	1908	1908	2810	3832	1786	2679	1562	3602	1652	4751	1985	2271	4616	1189	3987	4252	2365	2101	712	3889	4304	3138	2539	3867	3796	2203	82	3398	1186	916	1103	4333	3709	3966	4065	3498	2972	3614	1418	695	3449	1208	2513	3914	2118	948	1848	1725	3244	4904	2143	2454	3985	4381	3177	3682	2254	314	3278	3951	1421	4	652	99	2062	1602	2138	1773	6139	196	73	3585	6861	6345	1676	6049	4	327	2789	1428	5735	4990	142	2344	1144	2540	2803	3142	1342	2532	2247	23	2874	5502	4169	4255	3652	3450	697	2101	3047	3817	902	3180	3659	4571	3609	545	1678	2742	270	982	4	2196	4350	1054	4114	145	2385	3324	2640	4073	1275	1258	625	3003	2541	1134	3748	168	3285	4731	4260	4668	3380	2408	2908	4200	1773	1087	2400	2859	1181	1635	4414	3372	1876	3755	3853	1592	4111	4657	5065	512	1818	864	369	829	83	5960	4656	2936	621	118	4752	2555	2635	1722	3645	3184	3337	5092	2439	3346	3322	209	2584	1267	2786	4668	3579	141	2170	2560	1072	1901	3232	3191	3591	3737	4471	4187	1319	4244	1387	951	2992	2645	29	2307	3653	345	2639	1948	1496	410	918	378	2888	353	1852	3488	3570	2683	322	3092	2350	2485	2728	5148	292	2505	1123	4209	2343	2148	4146	163	2683	2791	3160	1986	1458	391	4235	1062	1834	4634	827	1017	2117	180	3	3195	4617	2182	4787	1138	3910	3	663	4164	4361	4732	755	3606	4907	5076	3212	26	2854	2099	720	607	1578	2580	463	1485	4822	440	3658	1198	924	4845	1591	4019	4254	1072	2578	2219	1443	4655	2235	2465	790	500	984	1208	1859	3412	2341	1389	477	2643	4450	4177	2635	5161	3477	5886	1918	23	336	3690	3358	1362	2063	2234	3866	2404	2455	3318	4198	4285	1135	275	120	1681	3427	2353	3592	2586	2165	40	4241	1758	3886	5092	4149	1001	1566	2176	3646	3302	4162	644	49	3099	2773	600	5	3000	1655	2895	1204	2386	381	2	4377	3077	5265	1864	3313	5215	2076	2871	1202	1587	4060	3363	831	4049	3145	1466	720	4889	3622	3675	3404	3198	4732	1721	2487	1450	3674	3547	1978	1230	1504	2796	3105	1791	3715	1682	1198	15	566	1780	2427	2005	901	4599	3009	1970	2113	1006	4159	6	3612	4569	3467	2883	1126	482	2218	1935	2349	3216	1558	329	3393	2576	2150	2636	3232	1340	3455	1950	2584	3422	2019	3069	1326	1190	825	3034	3833	1326	2827	1037	2315	1761	2182	932	1491	2289	697	292	2773	860	2034	1517	371	1398	2397	3133	4931	5095	4760	1006	5211	2751	3014	1628	2519	855	902	2892	3558	208	2593	3201	4813	179	1062	2382	2315	2997	2369	1958	3004	2493	1665	2577	593	2837	697	3147	1231	3231	56	3897	4532	3841	2478	2407	3093	2978	1374	2095	1692	1742	799	1579	1772	392	2978	3041	3153	2773	2425	2687	3172	2675	23	3254	1140	1129	1225	3477	1590	289	2180	4024	2250	2885	2260	1204	2336	2208	2905	4247	1847	2862	1167	36	1401	1110	3546	3242	3860	2520	296	2071	2986	2008	2712	1108	1164	4269	3313	601	1571	1033	95	4945	3230	2435	3228	946	1713	639	1340	1955	454	3519	2617	3627	2852	600	1048	2011	3585	1819	2565	502	3457	3134	2107	1152	958	1582	1755	4627	1179	585	3671	2307	323	3068	4156	3438	2443	3611	3679	1434	2027	2406	2174	2581	2106	1341	1598	449	2943	804	1302	1870	5535	3267	2670	736	1778	2615	1521	3339	3533	1354	499	2504	950	1862	2771	3218	2699	518	3276	2650	2958	3370	3826	1438	1335	2629	3205	1135	1650	2670	2419	3078	2173	4078	2163	3629	3251	2741	1870	1488	1770	1048	1138	1653	2817	1895	3142	3054	1506	2067	3564	1404	3104	3199	1500	3895	3353	3386	101	1920	2025
ARID3A	2081	2728	4939	6276	12419	4843	4964	1469	1512	4212	5156	65227	14447	19222	22235	55	8561	8741	15315	656	6373	12384	7510	10187	2445	2521	10262	277	254	2829	8298	6865	16405	1	2494	7117	8533	4935	6521	4970	3138	7791	4611	1889	8343	1734	1876	7721	16161	9660	8011	14291	162	1204	2083	77	886	2606	2869	4994	16442	3071	2461	13943	6674	803	14787	2177	930	9789	10974	1656	3472	4351	7701	5435	11492	3136	5131	2705	8588	2968	13385	3377	4071	13498	4562	11796	16744	4665	4390	1094	17441	14080	8305	6607	11210	12917	4312	199	6112	2086	1428	3476	17507	19185	21100	19087	7533	10949	12479	4606	1043	12544	2209	12708	16088	4711	1807	3447	3236	9813	12775	9213	6832	11685	21339	8485	11277	4166	393	7822	9174	2848	4	939	100	4462	2984	4021	5039	20277	430	626	22710	25774	18424	4113	15912	146	1628	6474	3074	17684	19594	251	4168	4256	6381	6146	6538	6783	12397	6913	39	7434	16242	13409	13205	17595	12892	1316	4298	6752	8342	2319	12794	9056	15165	9275	733	2808	6282	649	2059	9	3989	13602	1723	14395	290	4187	6968	3707	14426	2030	2486	911	6444	8106	3219	13517	713	7442	16058	17762	12672	9020	6074	5830	9235	7414	1768	5462	6096	1909	2652	13733	8033	3888	9025	9567	2656	16624	15852	14633	824	3407	3811	847	3671	124	21891	11658	8362	2226	206	18275	5610	5368	4731	10349	7686	8943	14460	7333	11095	14241	310	8013	2341	6819	11823	8360	168	3783	4977	1777	3511	6100	6422	8886	10576	15180	10780	2471	9979	2529	1650	7948	5109	76	4654	15312	545	11001	3398	2703	1065	1463	1560	10708	591	8469	16577	7751	6963	606	7619	5345	5968	5747	13674	445	4639	1880	11989	9058	8513	17756	274	10848	6224	6450	9313	4532	728	14181	1718	3095	20143	2477	1682	4172	372	4	6687	15074	5516	10723	1827	12795	5	896	10094	14939	11242	1429	8341	11655	15863	12341	57	7723	4421	1163	913	2638	11870	1117	2646	20795	1074	16133	1891	1996	10838	3962	9335	13342	2398	10271	3701	3156	11594	7113	6213	1068	1485	2275	2867	4050	8060	4671	2543	1148	9989	15271	18202	4815	20361	7688	23106	3581	20	575	9149	7537	2844	7495	6860	13670	6795	4885	10489	17024	10583	1968	1013	483	10590	5460	4106	5947	4821	3023	75	19573	3261	17835	21475	15931	1590	3486	4323	8532	10264	10641	1259	115	7309	5307	903	16	5676	4264	13718	2227	5252	921	3	9584	6256	14481	5670	8311	16826	7222	6625	2285	8744	15579	15751	1283	17109	12627	3237	1053	18971	8880	9177	10896	8346	16341	2874	4773	2357	7860	12814	6655	1548	2508	5332	4374	3976	5761	3451	2258	29	1886	2242	5379	3814	1642	11134	8432	4505	4175	1753	13494	27	9635	11289	9096	7700	1967	755	4572	3568	4296	8757	4108	512	9644	6498	4415	8198	6288	3300	8768	4224	5518	7457	3699	8121	2366	2067	1534	7388	11131	2077	5231	1763	4509	3760	6038	1540	5076	6217	1055	1121	6033	1441	4200	2524	629	2956	4529	7031	12178	14368	12236	1465	18214	6095	6522	3254	4706	2262	1811	9036	7558	286	7548	10464	17310	228	1751	7146	5842	7879	4924	3435	5903	5564	2258	5033	918	5986	1087	4849	1852	9013	98	14283	18778	9229	4756	4471	6315	6431	2217	3747	4632	2948	1181	2550	3079	590	7430	8453	6448	5348	4638	5312	8006	7822	46	10329	2091	2960	1807	8802	3079	476	4114	14771	4074	7004	4432	2447	4560	4342	5649	10439	2365	9342	1912	66	2533	5239	7250	7367	9109	5189	439	4175	6933	3299	5416	2832	1763	11368	7387	840	2944	1854	91	12715	9283	4694	9280	1731	4044	1177	2657	3947	605	7264	4605	7375	5925	1148	1879	3524	8729	3774	4680	721	6744	6110	4324	1868	1416	2617	3664	13439	2006	829	10108	4238	582	6391	10397	7482	4779	11700	12264	2566	3602	5035	5849	5557	9740	3478	5428	589	6639	1275	2070	3138	14859	7816	5708	1762	3142	4569	2490	6576	10178	2516	761	4888	1504	3984	6175	7034	4912	677	6753	5490	6557	8518	9016	2398	2535	4734	6454	1717	2866	5340	4646	6365	4459	10483	3811	10819	7320	5621	3235	2696	3250	1605	1958	3874	6803	3045	6062	6219	2756	4008	7688	2423	7522	7498	2550	8749	5920	9435	146	3518	3810
ARID4A	1827	2620	5770	7489	7509	5143	5433	1679	1637	4665	5195	14447	42113	16121	13325	40	9071	8389	12868	755	4959	9737	6232	7757	2647	2481	10053	161	264	3219	8140	7493	10600	1	2828	6133	8957	4893	6843	4968	3580	7312	4635	1885	7425	1737	1722	7931	8286	5430	5402	8418	173	1215	2422	84	986	3000	3082	3506	12764	3316	2777	9360	7174	914	11565	2314	817	7310	10930	1743	3762	3867	5093	5969	10043	3625	5566	3043	9168	3380	12071	3866	4570	13175	2676	10678	11894	4596	4399	1204	10313	11782	7578	5527	9646	10412	4577	211	6004	2154	1578	2241	12138	10272	11214	11580	8493	7112	9581	3574	1154	9305	2545	6878	10548	4183	1762	3675	3818	8764	13711	5085	5353	10752	12806	7384	8666	4491	459	8386	9530	2992	5	1085	106	4293	3082	4138	4281	15845	612	400	11736	19393	17304	3653	15405	41	1151	6603	3358	15651	14194	237	4998	2606	6100	6372	7121	3630	6578	5204	27	6740	15294	10056	11573	10543	9250	1390	4920	7386	10100	1689	8059	8526	13715	8540	814	3125	6024	552	1880	6	4474	11569	1845	11238	322	4764	7651	4117	10258	2221	2454	986	6443	5768	2312	9774	396	7531	12886	11369	13032	8380	5612	6197	10513	4756	1811	5090	6566	2086	3011	11602	7759	3731	9291	9346	3025	11422	13446	14393	851	3686	2209	796	2113	147	18336	12371	7193	1268	188	13349	5296	5340	3563	8934	7557	8444	13568	5890	8647	8649	323	6302	2420	6844	12643	8839	195	4163	5491	1892	4181	7265	7329	8990	10576	11222	11702	2537	10014	2634	1726	6770	5201	66	4946	9616	528	6922	3867	2791	854	1656	967	7624	594	4389	9851	8749	6004	650	7637	5588	5906	5446	13917	478	5339	2056	11004	6154	5569	11777	295	7076	6756	7311	4922	3122	663	12574	1842	3418	12850	2132	1886	4838	330	5	7674	12516	4871	12148	1972	10396	3	1022	10091	11401	12148	1417	8773	12281	14838	8163	49	7051	4539	1226	1026	2862	7432	1004	2909	14447	1066	10362	1950	1853	11852	3704	10738	11462	2309	6614	4149	3049	10413	5004	5488	1207	1423	2141	2744	3737	8209	5010	2406	943	7419	12365	12044	5373	16031	8090	17435	3508	26	555	9313	8451	2948	4784	5202	10585	5831	5283	8292	12367	10721	2079	576	222	5661	4962	4479	5718	5033	3054	78	11690	3274	10680	14235	11712	1767	2969	5014	9436	8955	11046	1369	107	6850	6133	1000	4	6580	3587	9086	2256	4722	1009	3	11007	7433	12465	4365	7951	14166	4899	6383	2270	4254	10623	9099	1402	11622	8015	2816	1240	14761	9257	9462	8608	7914	13410	3275	5083	2667	8698	9634	4917	1481	2694	5928	5008	3578	6064	3305	2261	25	1309	2350	5271	4021	1734	12550	8043	4460	4273	1827	12156	17	9079	11756	9304	7197	2152	821	4751	4226	4927	7433	3459	553	8252	6138	4272	7154	5454	2795	8954	4299	5667	7912	4023	7021	2496	2200	1573	7643	10257	2233	5892	1846	4598	3517	5246	1685	3276	5025	1124	775	5667	1482	4213	2779	666	2820	4777	7170	13399	14556	13098	1770	14289	6124	6636	3193	5185	1903	1754	6865	7946	335	6122	8709	14096	253	1846	5678	5501	7023	4842	3855	6369	5877	2293	5434	982	6043	1151	5069	2013	7786	103	10767	12849	8469	5005	5079	6684	6585	2517	4253	3566	3207	1285	2852	3291	624	7614	7090	7163	5639	4945	5951	7288	6840	40	8708	2334	2335	2110	7964	3240	496	4566	11248	4640	6601	4454	2312	4791	4526	6060	10793	2443	6812	2102	49	2601	2937	8149	7750	8812	5372	489	4156	7016	3916	5932	2447	2029	11602	7248	921	3268	1783	104	12827	7294	4803	7651	1712	3723	1243	2789	4173	715	7663	5197	8057	6194	1094	2029	3864	8629	3713	5301	766	7878	6527	4456	1903	1548	2845	3854	13400	2158	904	9392	4498	602	6806	9898	7997	5208	8908	9523	2576	4038	5219	5034	5712	5666	2829	3752	659	6284	1409	2330	3496	16103	7851	6107	1461	3252	5127	2551	7204	8774	2695	798	5252	1661	4256	6397	7083	5264	797	6989	5701	7344	8150	9049	2790	2379	5532	7550	1871	2986	5529	5092	6580	4490	10557	4234	9131	7229	5396	3816	2938	3541	1748	2091	3540	5921	3427	6864	7013	2883	4291	8242	2527	7701	6983	2618	9048	5376	7860	158	3851	4069
ARID4B	2001	2789	5787	7382	9633	5503	5421	1672	1714	4717	5411	19222	16121	55631	18452	55	9320	8914	14283	794	5799	12008	7533	9167	2678	2770	10638	245	283	3187	8552	7540	14055	1	2809	7284	9436	5248	6974	5075	3512	8153	4882	1938	8892	1842	1878	8231	12053	7347	7051	11779	188	1249	2395	77	1003	2951	3148	4219	15492	3404	2738	11706	7288	902	15617	2394	929	8876	11692	1786	3863	4417	6541	5960	12000	3603	5556	3067	9611	3416	13189	3829	4605	14576	3570	12645	16078	4764	4741	1207	13643	14876	8176	6342	11025	13178	4840	239	6354	2249	1606	3023	16393	14372	15933	16066	8331	9011	11987	4315	1192	11955	2428	9645	13788	4598	1853	3716	3625	10118	14841	7046	6248	12788	18322	8095	10039	4490	452	9007	9782	3078	5	1111	105	4667	3173	4256	4880	18135	604	700	17074	23433	19049	4269	16391	64	1681	7102	3451	17428	18202	251	4867	3430	6548	6650	7226	5138	9471	6453	38	7846	18218	11884	13583	13883	11126	1425	4832	7768	10104	1954	11114	9301	15938	9584	801	3099	6556	647	2123	12	4487	14110	1865	14661	338	4727	7730	4052	12641	2279	2728	980	6793	7059	2917	12199	520	7825	16140	14735	15234	9700	6476	6363	10554	6207	1892	5816	6677	2165	3034	14079	8490	4099	9930	10371	2988	15440	15264	14743	952	3751	3230	909	3031	145	22417	13041	8882	1766	198	16771	5715	5503	4337	10124	8046	9401	14582	7572	10950	12219	332	7712	2524	7443	13089	8918	208	4099	5599	1948	3950	7128	7465	9803	11887	13682	12430	2715	10399	2840	1814	7589	5297	70	4770	12744	565	8628	3911	2953	1080	1655	1389	9901	606	6119	13925	8980	6965	653	8132	5888	6455	5946	14601	481	5333	2030	11747	7704	7008	15785	294	9157	6918	7376	6822	3855	735	15335	1880	3376	16156	2470	1926	4935	410	5	7579	14146	5541	12274	1973	12276	7	1008	10623	13465	12479	1490	9135	12714	16650	11020	52	8050	4774	1282	1034	2892	9581	1105	2979	20108	1167	13751	1977	2023	11948	4129	11100	13791	2539	8870	4089	3381	11770	6242	6218	1194	1555	2414	2969	4139	8595	5109	2492	1033	10068	14842	16585	5296	19988	8343	23169	3768	26	592	9313	8677	3125	6413	6370	12575	6559	5393	10480	16197	11534	2172	847	377	10212	5379	4502	6075	5105	3163	78	15850	3450	14671	18084	14415	1792	3578	4968	9616	10611	11612	1406	119	7325	6046	975	7	6455	4148	13845	2438	5068	1090	3	11043	7433	14319	5176	8670	16146	6064	6639	2427	6188	12935	13146	1444	16074	10725	3215	1202	19094	10034	10202	10710	9098	16904	3247	5230	2611	8758	12476	6141	1551	2730	5969	4925	3959	6104	3557	2438	35	1550	2403	5965	4107	1786	12539	9102	4775	4452	1916	15242	29	10502	11928	10298	8146	2263	850	4946	4089	4784	8491	4064	564	9896	6956	4401	8871	5981	3097	9628	4273	5824	7924	4030	7944	2700	2260	1763	8091	11635	2209	5836	1905	4712	4096	5899	1672	4179	6017	1180	1067	6110	1600	4566	2797	696	3107	4799	7511	13945	15910	13770	1735	17553	6354	6997	3518	5171	2240	1930	8694	8107	329	6781	10148	16038	261	1853	6951	5918	8209	5119	3823	6471	6193	2337	5486	999	6252	1179	5267	2018	9247	112	13092	16996	9055	5047	5074	6886	7016	2467	4192	4305	3263	1332	2861	3415	645	8443	8168	7278	5685	5040	6098	8002	7988	44	9927	2322	2803	2000	8773	3353	535	4520	14720	4588	7467	4520	2439	4945	4566	6086	11302	2536	8336	2148	55	2698	4246	8242	7574	9099	5432	487	4426	7402	3745	5943	2623	1998	12897	7587	930	3330	1859	102	13705	8490	4963	9475	1868	4052	1301	2921	4385	719	7703	5115	8202	6325	1155	2066	3874	9049	4042	5220	769	7626	6505	4633	1908	1530	2862	4107	14874	2211	904	10935	4565	612	7088	10513	8135	5193	10545	12013	2666	3988	5535	5756	5931	7979	3222	4871	675	6670	1399	2277	3454	17563	8567	6451	1744	3231	5079	2595	7063	9931	2759	860	5331	1645	4498	6547	7346	5340	798	7086	5889	7738	8733	9580	2788	2536	5393	7468	1874	3029	5820	5213	6692	4745	11310	4211	11082	7774	5630	3619	3007	3571	1724	2106	3834	6587	3354	6933	7108	3019	4378	8402	2597	8109	7459	2679	9312	5852	9584	160	3806	4180
ARID5B	1966	2439	4277	5347	12190	4714	4442	1317	1435	3925	4606	22235	13325	18452	60443	51	7735	8132	13754	678	5665	12079	7717	9832	2200	2456	9476	273	243	2541	7519	6144	17111	1	2288	7188	7863	4533	5886	4431	2766	7539	4277	1790	8406	1567	1728	6987	16763	9784	8197	14474	107	1080	1883	68	827	2363	2569	4539	15275	2845	2254	13080	5996	731	12399	2019	891	9277	10044	1489	3124	4161	7587	4674	10939	2820	4484	2554	7963	2757	12200	3013	3595	12908	4407	11397	16883	4025	4147	1014	17781	13869	7888	6406	10768	13130	4191	234	5709	1891	1328	3739	18301	19527	21257	20041	6833	10375	12475	4364	994	12837	2029	13106	15932	4407	1634	3079	2839	9291	12306	8996	6354	11113	22360	7875	10509	3625	370	7351	8109	2518	5	927	91	4043	2629	3611	4290	18264	532	482	22580	24343	16721	3459	13986	138	1413	6067	2734	16415	19644	195	3841	4276	6205	5626	5940	6968	13141	7002	35	7162	14694	12421	12237	18156	12942	1157	3894	6336	7602	2099	12790	8243	14887	8662	678	2527	5998	633	2014	9	3583	13391	1582	14208	221	3752	6308	3344	13857	1880	2416	850	5960	8013	3275	13527	661	6785	15494	16835	12283	8747	5995	4762	8339	7487	1540	5183	5536	1721	2500	13316	7683	3629	8421	8918	2470	16984	14970	13323	849	3150	3801	873	3653	118	21142	10618	8129	2114	204	17767	5284	4905	4500	9614	7040	8631	13438	7440	10986	13466	261	8013	2304	6307	11022	7764	189	3333	4512	1643	3242	5527	6196	8442	9978	14150	10277	2321	8969	2488	1520	7426	4499	68	4209	15668	498	10515	3264	2450	1151	1379	1623	11006	511	8068	16822	7116	6775	515	6958	4861	5507	5362	12265	409	4270	1734	11108	9321	8408	18169	252	11274	5446	5832	8902	4352	649	14287	1519	2692	19719	2296	1533	3711	330	5	5893	13818	5120	9569	1634	12304	4	846	9172	14267	9820	1212	7343	10138	14820	12247	54	7414	4076	1143	851	2413	12206	991	2399	18859	1072	17370	1651	1946	9469	3499	8455	12964	2329	10143	3229	3039	10706	7047	6095	971	1321	2169	2579	3735	7359	4377	2281	1087	10331	15369	18742	4216	20328	6895	22729	3312	28	545	8202	6805	2526	7377	6871	13390	6716	4377	10192	18228	9463	1852	1027	496	8816	4960	3675	5424	4238	2792	71	20664	2966	18555	20986	15747	1495	3364	3706	7631	10262	9908	1092	99	6539	4612	780	14	5119	3937	11657	2231	4654	825	2	8463	5660	13526	5508	7484	15690	6938	6175	2245	8947	15319	16272	1238	17559	12573	3178	976	19103	8660	8765	10887	7922	15722	2619	4279	2074	6993	12973	6627	1369	2259	4784	3931	3739	5153	3141	2035	29	1846	1991	5256	3292	1407	10283	8354	4227	3912	1656	12823	19	9210	10140	8539	7466	1963	775	4355	3200	3780	8296	4078	479	9266	6503	3932	8126	5877	3199	8133	3905	5015	6770	3306	7699	2385	1882	1591	7088	10825	1831	4657	1575	3878	3650	5662	1394	4870	5925	1022	1110	5532	1454	4057	2337	578	2846	3910	6365	11072	13437	11309	1394	17640	5637	6050	3235	4218	2148	1749	8723	6868	275	6842	10123	16481	200	1554	7278	5559	7597	4443	3094	5336	5061	2069	4605	855	5367	986	4442	1606	8778	88	14151	19267	7970	4162	4075	5652	6089	1940	3311	4301	2686	1077	2359	2900	532	7244	8089	5869	4689	4199	4880	7408	8027	44	10012	1993	2874	1618	8155	2842	441	3697	15085	3664	6597	3871	2154	4073	3847	5030	9505	2139	8802	1824	59	2208	4929	6539	6703	7831	4786	410	3725	6529	2951	4908	2705	1604	11076	6594	787	2734	1683	89	11424	8827	4157	8930	1599	3757	1057	2423	3621	584	6478	4019	6587	5387	1103	1675	3259	8011	3636	4103	685	6078	5543	3875	1616	1270	2326	3358	12875	1828	752	9779	3863	505	5720	8963	6807	4266	11197	11952	2332	3291	4562	5679	5150	10503	3188	5262	546	5972	1123	1803	2831	14024	7351	5539	1838	2871	3971	2170	5874	9638	2242	766	4460	1383	3762	5794	6358	4404	664	6013	5057	6413	7831	8310	2240	2293	4168	5811	1491	2598	4892	4328	5664	3956	9780	3356	10547	6758	4983	2928	2470	2868	1452	1692	3576	6342	2693	5486	5636	2599	3734	7088	2198	7024	6746	2277	7850	5445	9220	137	3157	3466
ARNT	11	17	10	11	38	27	28	9	6	16	12	55	40	55	51	147	26	33	46	2	26	43	32	44	13	10	46	13	2	13	30	22	44	1	10	34	27	17	24	22	11	26	18	15	26	12	15	29	42	30	28	40	1	10	12	1	8	12	14	25	62	12	8	43	13	9	30	11	12	35	33	7	15	24	34	15	32	10	11	13	23	11	42	11	15	43	18	42	49	24	23	6	54	46	31	33	42	45	17	1	20	11	11	15	50	54	56	52	27	33	44	37	4	39	8	54	52	25	14	19	8	42	37	34	35	41	50	40	42	12	5	26	29	14	1	4	2	23	10	20	11	50	2	2	49	59	43	13	44	2	5	26	6	53	62	1	14	31	20	20	20	22	39	41	1	30	42	39	42	43	39	10	14	25	14	11	40	38	41	30	8	17	29	6	11	12	16	44	10	45	2	16	24	12	44	8	8	12	28	32	29	45	4	34	45	54	34	35	24	19	27	30	9	28	17	7	8	41	28	17	23	30	7	44	56	42	6	13	18	7	16	1	57	33	29	18	3	49	28	27	30	40	32	33	37	32	42	42	4	34	11	35	40	30	2	17	25	9	9	15	20	30	31	44	25	14	32	14	10	38	17	16	29	44	2	39	13	13	10	5	14	33	5	34	43	17	30	10	22	14	25	24	51	4	14	12	37	35	37	51	2	35	22	20	34	20	6	44	11	9	47	17	8	14	6	8	16	40	18	28	13	40	5	5	34	42	37	8	24	38	46	41	4	28	16	7	6	13	42	9	9	59	12	46	9	14	32	14	28	37	12	40	19	16	34	33	32	5	6	14	8	20	25	17	17	12	38	50	50	19	53	24	59	16	1	3	39	23	9	31	30	46	37	16	36	49	32	9	11	5	29	23	19	21	21	6	1	53	15	49	57	48	9	14	10	29	36	32	6	1	31	17	5	1	13	23	32	18	25	4	1	22	10	44	28	25	47	50	35	13	37	49	46	5	45	36	16	7	49	27	28	40	32	45	7	17	8	25	40	32	6	14	17	11	20	20	16	12	10	19	9	20	17	18	31	19	18	19	9	29	10	35	31	24	23	5	7	19	10	22	37	19	6	35	27	20	34	26	14	26	23	22	32	18	31	9	9	8	24	29	8	20	11	17	19	25	7	31	31	11	10	30	9	17	8	3	15	11	23	31	37	31	8	46	28	27	17	13	15	14	36	31	5	31	38	45	3	11	34	21	27	20	13	21	18	7	18	3	28	5	18	12	34	5	43	48	34	16	10	16	24	6	15	31	15	7	11	9	4	18	34	20	24	19	13	32	30	12	38	12	16	8	36	14	1	18	41	16	25	14	10	19	18	21	31	7	34	4	1	9	26	21	36	28	21	5	16	25	14	19	16	12	41	23	6	10	10	2	38	39	12	36	13	19	7	9	13	4	24	15	27	18	8	10	14	30	17	16	6	24	25	14	13	7	7	12	35	9	6	29	29	1	17	37	28	20	38	39	12	14	18	21	19	28	24	22	4	30	8	9	13	41	27	17	9	23	11	17	27	45	7	4	20	4	16	26	25	23	2	24	19	15	23	25	10	15	14	17	8	14	23	14	21	15	35	15	40	24	23	12	10	8	11	13	24	31	15	21	18	9	15	23	13	27	29	12	26	22	39	2	18	12
ARNT2	1192	2049	4379	5314	4505	3896	3966	1341	1440	3776	3891	8561	9071	9320	7735	26	23135	5677	8128	674	3205	6305	4448	5335	2125	2009	7648	105	218	2769	5745	5698	6418	1	2163	4127	6442	3824	5069	4016	2855	5348	3551	1746	5025	1601	1263	5864	4671	3150	3492	4911	110	1040	2112	66	886	2782	2429	2124	7935	2833	2305	5577	5349	862	7144	1982	687	4900	7290	1464	3063	2922	2866	4667	6521	2918	4401	2510	6631	2863	8012	3207	3646	8449	1646	6919	7379	3318	3395	1072	6139	7515	5075	3896	6504	6611	3662	161	4581	1763	1393	1576	7235	5781	6259	6846	5828	4374	6083	2163	1049	5851	1760	3803	6293	3245	1427	2948	3132	5679	8938	3125	3791	7163	7178	5686	5619	3470	400	5977	6748	2469	4	979	105	3210	2400	3175	2578	9111	348	108	5282	10826	10113	1951	9234	8	482	4695	2634	9364	8375	170	4027	1600	4018	4747	5222	2059	3762	3464	25	4666	9619	6631	7186	5850	5537	1101	3752	5009	7079	1337	5073	6082	8374	6069	714	2607	4496	399	1458	6	3670	7311	1549	6984	238	3839	5738	3433	6718	1907	2007	922	4589	3889	1683	6235	236	5289	8037	6464	8506	5807	4025	4426	7339	2634	1549	3891	4901	1743	2544	7605	5685	2912	6338	6486	2577	6936	7767	8479	777	2977	1282	540	1220	125	10411	8421	5032	747	151	8051	4020	4108	2528	5915	5054	5834	8472	3969	5615	5415	271	4138	2036	4830	8461	6006	181	3732	4193	1661	3002	5596	5579	6211	6847	7141	7665	2048	7007	2187	1402	5342	3832	47	3381	5857	460	3922	3232	2261	602	1332	584	4671	491	2507	5727	6341	4258	515	5442	3994	4234	4254	9024	404	4242	1724	7043	3716	3320	6870	258	4226	4925	5346	2904	2174	511	7623	1522	2779	7328	1337	1627	3600	263	3	5537	7559	3503	8170	1731	6380	3	903	7906	7176	7917	1128	6029	8102	9118	5155	43	4673	3464	1069	911	2403	3856	717	2315	8522	715	6116	1659	1346	8025	2401	7217	7358	1857	3983	3381	2455	7046	3431	3889	1114	832	1489	1955	2885	5814	3994	1851	657	4389	7527	7113	4275	9319	6064	10005	2870	27	439	5895	5653	2283	3032	3550	6687	3863	4049	5399	7288	7112	1710	380	160	3054	3725	3426	4186	3779	2474	71	6921	2560	6340	8247	7125	1465	2364	3809	6669	5796	7479	1036	77	5002	4541	859	3	5118	2423	5424	1889	3381	734	3	7542	5524	8024	3008	5462	8716	3204	4571	1863	2286	6606	5340	1234	6850	5044	2266	1087	8631	6545	6704	5667	5227	8414	2852	3897	2211	6053	6111	3035	1209	2217	4661	4088	2751	4670	2627	1761	16	848	1976	4055	3075	1348	8149	5383	3073	3312	1535	7606	11	6227	7836	6444	5039	1824	748	3548	3390	4025	5073	2451	459	5742	4359	3166	4672	3787	1850	6135	3013	4069	5762	3170	4983	2164	1743	1328	5299	6523	1847	4552	1471	3588	2710	3365	1462	2094	3555	984	535	4204	1293	3241	2287	552	2166	3752	5114	8588	8909	8423	1681	8797	4533	5035	2640	4220	1362	1297	4650	5885	293	3918	5264	8350	230	1561	3863	3784	4923	3623	3163	4947	4299	1860	4261	815	4370	1017	3960	1669	5342	80	6357	7731	5830	3820	3966	4931	4863	2098	3423	2630	2609	1114	2456	2687	542	5154	4797	5407	4390	3872	4465	4968	4520	32	5059	1736	1624	1703	5428	2526	420	3709	7030	3585	4636	3390	1785	3759	3463	4563	7126	1986	4391	1794	38	2064	1752	6053	5055	6218	4123	410	3171	5135	3220	4650	1673	1716	7585	5232	817	2549	1444	99	8193	5014	3653	5251	1328	2616	1044	2230	3198	619	5589	4124	6013	4614	918	1627	3187	5974	2884	4103	745	6009	5000	3422	1551	1351	2419	2814	8401	1781	811	6322	3647	507	4917	6661	5866	4034	5725	6154	2000	3352	3951	3463	4445	3161	1862	2477	589	4558	1222	1947	2916	9779	5588	4529	1086	2613	4027	2092	5428	5695	2169	694	4665	1309	3156	4560	5169	4295	694	5143	4442	5287	5575	6373	2420	1837	4454	5599	1578	2465	4142	3936	4954	3419	7057	3486	6117	5267	4023	2947	2396	2819	1574	1672	2616	4154	2812	5268	5153	2390	3362	6139	2010	5328	4745	2077	6519	4009	5435	136	3018	3215
ARNTL	1185	1892	3484	4172	5390	3328	3682	1200	1222	3136	3457	8741	8389	8914	8132	33	5677	21815	7632	588	3460	6370	4427	5446	2148	1820	6648	151	212	2260	5374	4780	6878	1	1930	4564	5500	3424	4568	3534	2363	4839	3135	1361	4795	1285	1279	5210	5531	3642	3758	5565	99	950	1701	62	792	2048	1986	2389	7826	2351	1956	6345	4682	700	5777	1706	685	5266	6837	1495	2493	2865	4121	3802	6320	2393	3587	2088	5403	2179	7628	2597	3005	7695	2032	6391	7384	3116	3200	892	7018	7317	5466	4092	6380	6624	3117	86	4169	1566	1170	1784	7575	6612	7068	7321	5046	5065	6332	2661	857	6187	1533	4996	6982	3175	1326	2999	2261	5521	7595	3849	4017	6620	7715	5118	5960	2982	347	5001	5986	2126	6	836	96	2915	2427	2829	2133	9081	190	95	6454	10247	8886	1797	8338	18	472	4313	2080	9215	8570	171	3201	2225	4104	4605	4619	2551	4834	3920	27	4541	8445	7283	7158	6740	6139	950	2908	4382	5313	1286	5476	5660	8011	5559	615	2220	4350	413	1406	4	2973	7270	1523	7032	181	3166	4809	2838	6856	1633	1760	836	4409	4595	1912	6542	348	4701	7826	7156	7062	5367	3842	3712	6015	3669	1366	3650	4147	1469	2092	7181	5247	2740	5423	5760	2155	7064	7831	7967	682	2543	1519	515	1433	110	10081	7177	4665	1081	144	8259	3877	3904	2791	6114	5567	5545	8325	4169	5853	5884	231	5067	1939	4868	7351	5908	169	2822	3566	1443	2364	4486	4559	5750	6324	7246	6969	1844	6231	1936	1274	4904	3542	54	3305	6563	427	4848	2671	1956	616	1179	633	5219	434	3407	6489	5185	4417	437	4922	3528	3919	3921	8065	378	3501	1553	7328	4463	4112	7521	236	5005	3932	4430	3618	2490	489	7294	1538	2653	8371	1417	1342	2963	238	3	4607	7808	3528	6760	1481	6797	3	766	6336	7195	6824	1004	5236	6977	8523	5657	44	4670	2935	945	775	2058	4945	659	1912	7986	965	6927	1627	1348	6660	2245	5698	7160	1670	4773	2855	2142	6532	4075	4001	963	740	1437	1738	2666	5286	3336	1832	754	4724	7708	7582	3588	9006	5095	9755	2634	24	417	5647	4972	1871	3594	3939	6811	4408	3438	5527	7612	6273	1484	529	241	2926	3623	3058	4072	3395	2215	56	7569	2365	7047	8578	7449	1373	2224	3050	5604	5886	6781	929	77	4650	3719	707	4	4136	2444	4856	1775	3482	547	3	6153	4214	7814	3283	5023	8704	3863	4676	1930	3356	7203	5994	1077	7097	5269	2167	899	8541	5785	5927	6265	5081	7945	2273	3307	1784	5201	6288	3563	1122	1974	3919	3364	2697	4082	2412	1623	22	1142	1716	3565	2642	1226	6817	5485	3446	2986	1416	6632	13	5755	7157	5253	4734	1507	672	3253	2559	3241	5312	2527	446	5548	4097	3433	4574	3956	2100	5358	2970	3752	5137	2765	5011	1839	1831	1174	4860	6333	1834	3926	1312	3563	2498	3475	1169	2614	3766	983	517	4110	1152	3049	2003	478	2033	3213	4651	7285	8103	7222	1260	8537	4179	4522	2377	3498	1335	1287	4842	5250	247	4223	5558	8077	198	1574	4202	3591	4691	3322	2621	4114	3785	1676	3735	750	4093	859	3506	1457	5241	94	7327	7910	5521	3350	3223	4868	4475	1722	2877	2657	2275	1106	2098	2368	465	4640	5009	4467	3869	3699	3725	4824	4696	34	5412	1653	1729	1464	5309	2562	372	3012	6969	2992	4401	3102	1667	3245	3432	4449	6523	1752	4936	1555	39	2087	1915	4903	4920	5766	3816	375	2864	4648	2608	3968	1766	1421	6538	5395	780	2198	1559	97	7244	5333	3734	5266	1198	2543	859	1993	2722	564	5530	3424	5041	4568	802	1388	2808	6179	2731	3444	627	4832	4405	2926	1439	1345	2102	2461	7600	1488	766	5918	3249	431	4192	6156	5178	3454	6843	6221	1900	2832	3374	3575	3908	3938	1952	2743	569	4364	1025	1636	2762	8319	5443	4001	1089	2441	3556	1887	4748	5878	1885	652	3576	1196	2731	4400	4813	3683	602	5152	3883	4190	5065	5923	1936	2082	3531	4319	1317	2191	3696	3811	4308	3058	6560	2877	6032	4537	3791	2466	2018	2346	1298	1461	2441	4325	2414	4290	4258	2071	2794	5297	2062	4930	5139	1875	5691	3843	5437	121	2655	3150
ASH2L	1605	2584	5210	6889	8807	4366	4680	1464	1515	4088	5069	15315	12868	14283	13754	46	8128	7632	43395	627	5643	9417	5929	8009	2402	2247	9210	217	235	2909	7625	6622	10909	1	2411	5506	7558	4575	6527	4804	3203	6670	4158	1706	6399	1623	1777	7208	9372	6027	5451	8845	153	1171	2089	74	854	2625	2872	4420	13127	3153	2536	10739	6521	831	9334	2097	797	7592	10375	1655	3255	3900	5688	5462	9403	3176	5218	2690	8112	2962	11354	3429	4012	11227	3805	9702	11680	4791	4026	1075	11459	10669	7013	5803	9474	9698	4083	143	5541	2114	1449	2554	11745	11517	12398	11920	6890	8059	9301	3805	1021	9022	2145	8024	11041	4195	1594	3354	3499	8412	11450	6067	5844	9686	13137	7338	9015	4148	384	6849	8693	2867	3	938	86	4239	2855	3848	4715	17873	393	263	12905	20083	16956	3988	15837	45	1052	5859	3098	15235	13844	273	4362	3016	5173	5525	6152	4051	7730	5278	34	6236	13432	10585	10267	11376	9810	1324	4497	6423	8740	2063	8742	7914	11904	7981	720	2824	5649	570	1851	12	3984	10640	1697	10553	299	4193	6645	3745	10757	2082	2172	871	5967	6249	2517	10095	486	7130	12299	13061	10609	7362	5064	6690	8829	5792	1784	4699	5817	1860	2725	10861	7188	3492	8512	8834	2615	11176	12140	12843	718	3367	2602	712	2506	119	16666	10559	6462	1815	181	13058	5190	5198	3890	8601	6866	7533	12626	5427	8360	9088	307	6156	2231	6109	10620	7551	157	3763	4815	1759	3441	6227	6226	7902	9131	12200	9545	2300	9240	2279	1527	6604	5124	65	4531	10380	494	8815	3374	2592	774	1467	1043	7359	503	6179	10384	7246	5803	663	6798	5007	5364	5317	12672	424	4572	1845	10524	6572	6207	11838	265	7401	6097	6174	5867	3349	596	10991	1717	3162	13740	2008	1703	4360	352	4	6833	12270	4681	11003	1841	9756	4	941	8950	11435	11339	1385	8202	12021	12724	8634	48	6491	4185	1084	903	2616	8047	1008	2708	13276	935	10657	1958	1727	11603	3493	9349	10551	2081	7196	3856	2685	9406	5344	5478	1066	1399	2076	2589	3606	7257	4416	2477	1071	6743	11642	11895	4821	14417	7194	16727	3500	14	507	8133	7441	2750	5405	5262	10411	5412	4612	8084	11587	9360	1832	840	385	4939	4961	4247	5466	4857	2892	76	12495	3109	11340	14571	12069	1597	2972	4409	7944	8112	9437	1264	107	6610	5754	1012	9	5810	3501	7673	2051	4842	902	3	9879	6565	11889	4626	7920	13337	5614	6167	2148	5666	11159	9822	1220	11344	8875	2726	1118	13493	7895	8205	8289	7123	12353	2907	4581	2442	7465	9132	4939	1466	2510	5247	4547	3512	5676	3147	2032	26	1331	2153	4671	3948	1690	10439	6727	4001	3972	1670	10526	20	8160	10880	8018	6374	1826	699	4397	3719	4487	7355	3449	501	7841	5421	4153	6010	5319	2806	7413	3886	4917	7125	3671	6914	2178	1992	1340	6556	9168	2142	5185	1703	4358	3193	5200	1656	3888	5078	984	713	5512	1296	3779	2429	631	2611	4657	6375	11133	12483	11320	1566	13977	5472	6305	2981	4575	1856	1621	6925	7295	293	5849	7853	12759	223	1747	5505	4875	6510	4541	3373	5876	5243	2130	4850	911	5760	1060	4596	2010	7138	99	10350	12812	8125	4641	4424	5993	5974	2307	3846	3846	2898	1141	2522	2949	568	6353	7087	6133	5244	4429	5044	6951	6431	44	8112	1958	2379	1865	7659	2801	409	4077	10580	4073	6134	4265	2400	4295	4309	5537	9300	2275	6968	1886	49	2473	3359	6967	6822	8068	4824	432	3908	6329	3510	5148	2265	1775	9679	6928	846	2845	1777	78	11185	7717	4548	7365	1563	3474	1132	2540	3561	621	7047	4751	7204	5590	1086	1763	3444	7764	3413	4884	684	6888	5983	3924	1909	1453	2590	3282	11126	1896	835	8166	4144	561	5953	8915	6999	4731	8954	9180	2492	3584	4579	4821	5204	6273	2824	4053	593	6158	1292	2176	3176	13145	6780	5245	1388	3174	4676	2547	6604	8557	2407	678	4611	1515	3693	5639	6450	4896	697	6574	5126	5960	7334	8055	2439	2407	4861	6564	1820	2715	5008	4455	6099	4120	8931	3944	8574	6763	5443	3240	2559	3173	1626	1989	3281	5918	3174	5992	6010	2634	3979	7110	2381	6586	6861	2589	8079	5316	7558	138	3480	3737
ATAD3A	158	309	496	556	397	596	479	208	314	578	465	656	755	794	678	2	674	588	627	1727	255	668	583	555	378	394	717	6	91	428	598	638	617	1	302	399	712	521	572	444	456	595	404	285	598	250	167	579	434	265	448	483	15	191	367	20	238	450	301	158	621	439	403	477	588	168	632	374	162	547	668	288	431	405	222	529	623	418	541	408	645	492	718	479	503	740	225	643	669	397	477	236	598	703	529	485	599	627	579	21	554	312	254	237	675	527	543	634	659	391	626	193	257	616	272	347	571	397	226	396	333	505	780	335	368	704	618	483	536	483	123	706	631	331	4	326	44	381	335	462	230	671	31	9	289	757	743	208	704	2	49	581	363	764	733	45	569	160	455	561	598	242	358	454	14	591	801	601	651	515	528	156	402	536	664	162	512	616	710	631	160	377	545	63	260	3	525	705	302	670	33	548	655	501	646	378	411	200	569	440	234	588	33	555	729	557	799	620	563	475	739	232	263	539	582	338	437	709	655	429	641	682	445	643	627	660	267	472	119	96	123	40	805	761	591	20	46	700	513	467	363	600	535	620	628	512	575	568	78	476	357	492	751	596	105	466	548	351	371	659	685	656	622	660	714	393	651	436	294	488	457	8	404	626	111	292	536	358	151	282	71	510	99	141	490	684	552	94	555	506	519	553	710	72	569	328	625	393	280	639	113	414	485	634	306	325	112	665	285	435	603	154	323	427	49	2	588	567	414	738	318	613	1	192	692	593	649	191	540	661	754	560	6	518	442	331	255	347	225	96	348	691	74	616	301	230	674	288	687	674	335	364	463	402	683	396	487	230	77	269	254	454	647	475	249	80	482	682	657	557	768	647	820	455	18	85	580	555	318	377	479	542	394	483	599	645	694	332	27	13	211	434	469	505	504	384	7	661	397	613	662	639	296	383	499	645	532	707	131	8	560	518	140	1	635	257	475	420	367	105	3	717	591	695	308	515	722	312	483	346	117	571	508	323	661	508	374	230	716	628	622	610	598	731	427	515	362	660	620	317	205	408	598	550	405	562	380	299	6	69	345	597	411	223	710	612	336	529	307	693	2	656	687	613	581	431	243	451	439	487	589	408	120	632	606	386	523	409	222	637	377	476	657	453	556	467	238	377	599	612	310	553	318	432	461	291	292	194	450	210	71	505	363	501	382	104	401	452	610	741	745	764	357	740	530	617	459	572	205	266	503	655	85	391	492	712	78	274	516	421	588	459	486	589	520	291	555	172	507	240	522	271	632	24	555	683	629	472	553	603	615	326	497	334	432	270	392	476	121	603	549	645	558	509	591	537	522	8	435	322	275	332	572	401	126	504	680	497	594	447	232	504	423	572	657	314	452	336	15	295	170	675	527	650	493	97	456	591	470	566	192	296	753	555	216	433	237	54	729	532	492	604	217	305	183	339	455	183	620	555	666	566	190	299	509	603	482	524	145	658	549	442	256	269	415	387	746	316	202	664	499	100	580	672	646	492	537	631	311	511	498	414	586	340	231	316	182	492	203	320	480	824	620	611	273	318	561	328	622	573	334	247	563	275	419	494	566	539	196	559	560	667	511	654	456	294	581	621	281	363	545	543	578	476	668	485	660	565	454	447	421	433	241	255	346	406	454	641	626	398	456	664	299	595	481	310	661	455	621	38	425	463
ATF1	603	1212	1729	2108	4220	1734	1798	549	685	1522	2061	6373	4959	5799	5665	26	3205	3460	5643	255	15267	4711	2935	4000	973	1088	4058	160	107	1123	3078	2437	4829	1	723	2445	2904	2144	2702	2135	1175	3076	1817	662	2831	757	867	2998	4514	3148	2849	4320	151	559	727	36	305	903	1386	1988	6458	1254	973	6122	2696	323	2733	882	493	3797	4330	697	1080	1991	2785	2384	4393	1112	2331	1104	3465	1201	4977	1121	1406	4529	1965	4429	5127	2478	1917	471	5141	4637	3013	2811	4439	4456	1711	20	2362	885	553	1310	5184	5059	5487	5304	2629	4215	4747	2281	462	4153	772	4000	4981	2063	713	1341	945	4346	4369	3135	3210	4547	5595	3235	4056	1558	130	2373	3870	1670	5	376	54	2054	1191	1574	1897	6607	64	59	4587	7077	5690	1253	5539	30	278	2713	1767	6184	5813	141	1464	1931	1926	2191	2388	2217	3723	2774	13	3263	4968	4918	4475	4780	4063	545	1290	2174	2759	894	4271	3468	5050	3535	315	1101	2740	312	811	2	1380	4679	685	4765	244	1429	2466	1446	4903	827	979	427	2582	3248	1451	4818	320	2895	5501	5610	3827	3164	2376	2907	3014	2781	785	2368	2305	682	1099	4785	3170	1768	3369	3880	879	4901	4942	5507	348	1379	1446	295	1342	38	6436	3935	2801	1315	115	5569	2491	2411	2332	4217	3002	3306	5190	2770	4105	4488	161	3257	1010	2814	3986	2641	80	1449	1668	735	1137	2168	2252	3354	3861	5876	3512	1009	3843	1006	654	3077	2444	45	2049	4845	258	4075	1266	1162	404	552	572	3434	179	3508	4965	2538	2982	442	3393	2732	3006	2626	4904	177	1677	677	4789	3078	3289	5166	161	3577	2459	2189	3143	1940	267	4238	662	1135	5731	1220	788	1669	134	2	2889	5296	2381	3977	773	4468	2	354	3722	5266	4367	764	3628	4473	5147	4049	33	3037	1674	470	350	1029	3613	426	968	4825	474	4696	867	846	4118	1434	2964	4679	1031	3532	1475	1162	4059	2913	2886	400	647	1116	1594	1994	3234	1628	1361	678	2961	4888	5236	1726	5680	2836	6580	1624	18	243	3460	3156	1524	3014	2921	4491	2556	1697	3939	4793	3615	756	577	261	1928	2507	1696	2589	2215	1388	22	5369	1381	5077	6075	5464	596	1558	2134	3199	3631	3801	675	81	3187	1995	282	3	2096	1603	2720	1037	2547	539	2	3734	2043	5114	2593	3635	5614	3157	2825	1067	2973	4863	4728	465	4927	4100	1382	355	5561	3164	3517	4021	3311	5561	1031	1788	861	2949	4134	2377	666	1065	1873	1695	1847	2348	1597	923	16	785	922	1971	1596	772	3483	2880	1859	1616	929	3729	9	3836	4411	3078	2628	702	275	1745	1168	1743	3565	2350	200	3718	2354	1975	2808	2446	1309	2696	1736	1988	3019	1422	3148	1005	715	606	2250	3615	886	1999	701	1805	1522	2472	588	2107	2739	439	360	2606	596	1657	934	314	1222	1808	2653	3887	4436	4025	531	5926	2659	3166	1594	1706	965	677	3437	2941	119	2621	3209	5452	76	755	2620	1818	3039	2077	1282	2246	2512	918	1993	397	2428	448	1948	821	3323	56	4430	5466	3553	1859	1549	2358	2540	774	1326	1971	1289	442	945	1285	232	2204	3366	2193	2216	1673	1789	3173	2799	19	3276	642	1224	663	3476	1121	141	1476	4617	1507	3006	1886	1163	1688	1740	2131	3758	942	3245	792	35	1008	1744	2440	2966	3284	2004	157	1728	2581	1185	1847	1031	633	3462	2941	287	1011	844	39	4204	3854	1980	3601	546	1447	449	1083	1272	224	2724	1627	2642	2145	386	682	1359	3179	1579	1834	316	2335	2350	1511	884	595	997	1251	4456	688	370	3469	1866	245	2226	3656	2795	1825	4161	4178	1252	1306	1756	2067	2343	2913	1227	2177	236	2836	470	718	1205	4148	2576	2031	653	1406	1787	1191	2505	3707	930	331	1824	600	1348	2329	2844	2042	285	2633	2096	1891	2764	3390	889	1143	1623	2188	733	1188	2186	1689	2452	1738	3655	1425	3878	2653	2490	1115	942	1214	656	741	1317	3063	1238	2097	2093	1093	1484	2684	977	2474	2928	1162	3202	2599	3553	59	1242	1710
ATF2	1489	2175	3623	4356	7213	4063	3813	1173	1312	3464	3730	12384	9737	12008	12079	43	6305	6370	9417	668	4711	31221	6226	7400	1969	2213	8530	222	235	2233	5925	5060	10015	1	1872	5134	6369	3920	4980	3857	2465	6266	3714	1432	6587	1382	1491	5775	8999	5921	5797	8883	114	970	1711	62	768	2059	2291	3129	10852	2471	2007	8892	4979	664	7785	1871	833	6781	7962	1357	2668	3416	5178	4203	8196	2444	3958	2304	6352	2507	9154	2626	3117	9219	2998	8307	10621	3374	3648	956	9976	9915	6018	5125	7689	8908	3703	131	4782	1699	1154	2357	11151	9830	10775	11021	5563	7088	8982	3397	912	8783	1620	7283	9689	3527	1423	2735	2316	6888	9041	5536	4957	8786	11801	6066	7330	3058	365	5804	6771	2479	4	878	89	3440	2284	3018	2781	11090	244	247	9893	13219	10463	2028	9504	67	650	5023	2655	11111	11998	182	3298	3019	4460	4642	4894	4224	7354	5372	29	6018	10291	8720	8763	9611	8022	1015	2994	4752	5880	1521	8145	6498	10473	6824	618	2207	4999	536	1577	9	3130	9606	1414	10010	224	3266	5234	2910	9375	1687	2176	800	4860	6343	2337	9614	447	5572	10780	10061	8898	7008	5049	4145	6521	4963	1387	4551	4568	1569	2256	9874	6350	3230	6731	7229	2129	10536	9980	9775	814	2809	2409	614	2250	115	12847	8232	6017	1555	169	11294	4479	4198	3735	7328	5631	6665	9306	5810	8230	8808	253	6084	2004	5134	8410	5978	177	2903	3780	1490	2576	4628	5115	6751	7536	9865	7652	2113	7064	2282	1320	5610	3779	54	3549	9702	466	6535	2824	2177	801	1231	1017	7354	423	4923	10170	5789	5675	523	5855	4196	4793	4541	9394	367	3671	1558	8404	5935	5526	10697	272	6924	4425	4808	5301	3250	552	9613	1362	2412	10855	1738	1406	3206	266	7	4972	9469	4386	7636	1478	8688	7	743	7392	9524	7613	1163	5948	7735	10449	8215	52	5810	3281	1079	766	2103	6885	788	2105	11400	825	9755	1479	1562	7265	2727	6471	9458	2057	6814	2854	2624	8269	5352	4876	898	980	1819	2283	3348	6138	3593	1994	904	6969	10109	11085	3636	12155	5778	13157	2871	27	469	6501	5551	2356	5236	5354	8963	4961	3698	7920	10674	7214	1594	805	358	5272	4090	3115	4472	3720	2447	51	10971	2569	10338	11847	10026	1306	2904	3344	6173	7277	7692	1005	97	5407	3878	705	9	4323	2976	7318	2097	3916	768	3	6829	4556	9823	4369	6039	10673	4920	5074	2033	4941	9328	9488	1162	10597	7895	2581	843	11785	6687	6963	7905	6189	11160	2327	3666	1839	5775	9062	4649	1166	2019	4088	3420	3291	4360	2826	1823	25	1434	1804	4502	2846	1280	7616	6096	3234	3289	1576	8625	14	7440	7941	6572	5900	1768	708	3589	2687	3301	6425	3720	412	7507	5176	3312	6228	4545	2385	6165	3227	4135	5608	2856	5872	2199	1633	1471	5324	7858	1636	3999	1418	3374	3210	4227	1233	3419	5000	932	775	4530	1353	3426	2065	550	2406	3329	5206	8271	9363	8366	1273	11651	4861	5301	2955	3697	1740	1404	6653	5599	241	4931	6895	10754	187	1416	5451	4123	6257	3736	2740	4521	4435	1765	3942	741	4372	917	3811	1428	6980	84	9175	11308	6198	3547	3464	4741	5058	1722	2862	3381	2410	986	2070	2596	488	5329	6213	4814	4126	3585	4056	5745	5862	35	6621	1674	2211	1431	6253	2485	426	3194	10261	3142	5484	3326	1839	3454	3294	4199	7446	1841	5946	1643	47	1922	2997	5323	5433	6364	3970	359	3161	5153	2510	4124	1939	1388	8055	5270	717	2331	1450	86	8385	6606	3499	7110	1296	2847	977	2155	3063	557	5348	3440	5412	4451	911	1522	2906	6318	3070	3522	598	4980	4548	3274	1465	1158	2108	2770	9462	1621	681	7632	3385	479	4674	6906	5619	3603	7856	8738	2040	2864	3823	4279	4572	6050	2239	3847	523	4858	1012	1597	2515	9431	5809	4531	1374	2479	3455	1932	4897	7041	1984	735	3800	1246	3067	4699	5292	3839	611	4948	4266	5014	5736	6631	2019	1910	3582	4626	1327	2290	4156	3677	4741	3356	7632	2896	8075	5202	4071	2516	2146	2522	1271	1421	2669	5024	2408	4545	4601	2244	3092	5775	1894	5409	5268	1966	6328	4522	7182	124	2735	3090
ATF3	1012	1571	2677	3227	4523	2985	2758	913	1013	2553	2601	7510	6232	7533	7717	32	4448	4427	5929	583	2935	6226	19037	5413	1510	1580	5830	161	191	1797	4010	3572	6177	1	1399	3875	4259	2767	3548	2685	1879	4342	2733	1125	4475	1007	1082	4026	5687	4018	4090	5678	73	738	1427	45	678	1672	1706	1911	6974	1879	1571	5422	3567	566	4829	1433	634	4311	5334	1027	2029	2534	3225	3002	5239	1855	2797	1800	4418	1981	5808	2030	2304	6219	1844	5505	6791	2286	2571	801	6580	6186	3982	3952	5227	5956	2817	95	3272	1265	907	2908	7904	6219	6625	6974	3814	4001	5779	2167	765	5560	1148	4501	5999	2550	1094	2086	1894	4501	6212	3379	3284	5792	7268	3973	4593	2199	297	4112	4528	1874	4	794	82	2374	1684	2160	1613	6918	182	112	5823	8255	6668	1320	6207	33	369	3523	2037	6993	7388	133	2520	1862	3069	3230	3449	2848	4734	3545	24	3992	6454	5483	5504	5767	4939	758	2319	3236	4243	1027	5214	4355	6712	4507	491	1771	3576	390	1103	4	2340	6120	1113	6269	151	2461	3740	2207	5733	1302	1572	689	3263	5310	2460	7361	259	3752	6796	6131	5945	4536	3536	2813	4489	2942	1055	3062	3206	1193	1745	6326	4361	2252	4468	4813	1695	6417	6217	5984	670	2128	1849	569	1741	96	8182	5593	4125	908	129	7125	3126	3059	2495	4687	3756	4573	5970	3740	5283	5160	210	4108	1589	3818	5631	4033	162	2181	2745	1182	1904	3438	3752	4533	5272	6025	5304	1570	4755	1723	1038	3819	2643	41	2410	6025	359	3815	2219	1608	795	966	933	4500	317	2851	6313	4026	3910	382	4047	2986	3382	3123	5984	292	2785	1258	5474	3858	3308	6620	231	4261	3182	3381	3132	2022	392	6228	1034	1816	6646	1180	1111	2318	185	3	3552	5787	2954	5161	1214	5238	3	601	4993	5983	5221	879	4041	5291	6731	4985	42	3944	2347	878	667	1622	4055	559	1595	7108	902	6369	1142	1144	5075	1795	4506	6002	1583	4120	2206	1964	5124	3530	3314	769	649	1318	1688	2343	4151	2684	1451	565	4504	6441	6900	2699	7630	4071	8441	2117	25	328	4273	3867	1708	3199	3593	5797	3371	2683	4947	6852	4632	1186	642	331	2933	2707	2266	3033	2557	1751	50	6964	1758	6480	7240	6245	1035	1932	2384	4245	4804	5217	758	55	3616	2785	584	1	3150	1990	4321	1698	2635	620	2	4784	3401	6145	3034	4210	6724	3296	3503	1541	3023	5894	6044	953	6753	5268	1862	723	7523	4799	4736	5371	4279	7045	1854	2538	1418	3901	5643	2928	844	1508	2976	2597	2338	3048	1999	1269	20	1001	1371	3112	2023	964	5190	4568	2625	2350	1225	5670	7	5033	5247	4474	3913	1381	572	2537	2123	2589	4211	2760	362	4849	3535	2361	4215	2993	1552	4260	2214	2815	3929	2125	4008	1769	1211	1145	3778	5028	1227	2902	1075	2399	2233	2687	958	2081	3233	757	484	3106	1087	2525	1571	462	1740	2373	3587	5465	6044	5562	1075	7350	3487	3883	2331	2748	1268	999	4267	3928	206	3195	4335	6437	166	1079	3843	2806	3965	2515	2094	3245	3156	1333	2963	587	3100	734	2772	1109	4412	87	5636	7342	4039	2505	2516	3262	3467	1333	2194	2369	1751	825	1624	1932	377	3644	4001	3437	2943	2583	2886	3748	4068	27	4030	1234	1520	1087	4079	1846	342	2423	6346	2346	3789	2282	1268	2473	2372	2983	4839	1356	3712	1294	32	1422	1851	3719	3657	4268	2925	274	2227	3637	1996	3070	1283	1124	5360	3631	603	1766	1077	84	5421	4242	2503	4510	908	1826	790	1596	2227	454	3712	2562	3789	3132	670	1149	2185	4182	2195	2613	523	3681	3298	2323	1062	922	1660	1843	6174	1202	593	4913	2601	414	3132	4578	3920	2562	4810	5385	1463	2203	2632	2842	3304	3975	1497	2423	442	3313	809	1305	1915	6265	3989	3266	1016	1812	2605	1441	3490	4486	1499	615	2807	920	2256	3308	3587	2878	510	3486	3066	3655	3865	4429	1656	1384	2751	3328	1030	1745	2860	2633	3311	2297	5052	2170	5329	3534	2843	1870	1612	1824	1008	1089	1869	3361	1784	3223	3287	1713	2264	4156	1403	3721	3423	1453	4258	3049	4690	100	2055	2263
ATF4	1147	1938	3003	3789	6465	3100	3188	1086	1248	2792	3425	10187	7757	9167	9832	44	5335	5446	8009	555	4000	7400	5413	25617	1770	1750	6790	209	197	2557	4931	4198	8229	1	1645	4212	5031	3232	4267	3491	2105	4977	2942	1283	5037	1242	1293	5082	8328	6234	5725	8123	89	913	1603	60	748	1851	1957	2682	8918	2261	1844	7463	4345	813	5368	1588	788	5705	6562	1244	2195	3110	4298	3579	6320	2112	3471	1971	5127	2136	7629	2315	2640	7313	2540	6532	8359	3118	2990	906	8687	7469	4800	4589	6697	7004	2967	73	3933	1476	1124	2372	9033	8443	9042	9018	4549	6103	7342	2973	871	6927	1450	6459	8027	3389	1247	2408	2124	5766	7158	4785	4357	6735	9662	5189	6275	2716	343	4457	5500	2120	4	776	103	2811	1924	2604	2245	9718	195	162	8191	11123	8768	1995	8235	42	583	4181	2072	9359	9488	184	2879	2732	3632	3780	4057	4384	6437	4476	24	4739	7849	7414	6777	7814	6412	886	2696	3749	4686	1430	6459	5436	7920	5693	717	2445	4254	436	1397	5	2654	7379	1282	7542	170	2765	4261	2680	7663	1593	1640	903	4078	5391	2685	8002	387	4646	8441	8443	6566	5245	3931	3622	5185	4096	1262	3622	3755	1342	2004	7952	5337	2655	5249	5816	1939	7953	8020	8005	653	2439	2109	545	1935	85	10331	6564	4849	1549	172	9135	3903	3834	3261	6110	4577	5347	7761	4276	6520	6774	260	4994	1879	4413	6549	4780	160	2619	3121	1422	2229	3877	4067	5240	6021	8274	5917	1719	6287	1819	1154	4990	3494	54	3081	7944	426	5620	2420	1910	716	1042	883	5634	403	4533	8332	4478	4825	470	4761	3293	3801	4022	7914	346	3123	1447	7213	4946	4677	8436	232	5797	3719	3889	4615	2779	478	7373	1201	2113	9043	1446	1319	2629	218	4	4065	7804	3572	6150	1736	6855	2	735	6158	7763	6447	1100	5017	6575	7965	6329	49	4608	2835	879	712	2006	5693	708	1778	8644	706	8088	1414	1299	6318	2236	5079	7255	1660	5523	3027	2003	6525	4728	4217	932	738	1487	1768	2730	4858	3074	1970	836	5249	7930	8646	3130	9449	4784	10643	2674	26	405	5364	4756	1882	4360	4415	7355	4839	2981	6322	8452	5640	1399	733	347	3563	3653	2797	3957	3287	2226	55	9146	2189	8433	9883	8029	1144	2361	2817	4866	5784	6006	801	86	4582	3302	713	8	3691	2577	4972	1740	3404	586	3	5660	3724	7940	3787	5063	8658	4491	4407	1776	4458	7855	7809	1054	8046	6543	2391	850	9086	5320	5565	6381	5181	8869	2140	3044	1713	4593	6876	3696	1088	1795	3421	3072	2719	3784	2405	1457	22	1350	1658	3391	2491	1103	6119	4790	2836	2759	1375	6183	13	5732	6601	4895	4488	1418	615	3061	2427	3372	5358	2960	410	6032	3912	3027	4707	3981	2073	4684	2891	3339	4729	2552	5183	1798	1419	1099	4273	5938	1547	3977	1312	2949	2515	3487	1194	3105	4047	836	563	4051	1115	2839	1782	465	1952	2970	4298	6307	7201	6498	1234	9408	4092	4476	2456	3120	1358	1204	5395	4801	248	4193	5366	8411	171	1370	4673	3402	4703	3115	2373	3869	3541	1641	3420	726	3903	798	3397	1395	5281	75	7261	9559	5216	3118	2895	3878	4127	1644	2549	2985	2128	892	1987	2245	418	4126	5165	3916	3601	3010	3239	4851	4849	39	5279	1392	2032	1360	5254	2090	330	2787	7720	2661	4421	2880	1699	2962	2885	3634	5956	1703	4981	1453	50	1683	2523	4253	4579	5272	3477	358	2633	4373	2364	3424	1760	1331	6050	4476	681	1934	1410	103	6522	5801	3074	5512	1086	2365	806	1776	2415	525	4548	3053	4507	3662	798	1252	2530	5049	2689	3205	750	4317	4104	2661	1324	1127	1939	2150	7121	1373	694	5635	3569	429	3650	5587	4723	3168	6565	6687	1893	2572	3000	3434	3808	5003	2055	3196	476	4287	1184	1500	2261	7199	4533	3598	1233	2344	3009	1910	4280	5784	1659	607	3276	1124	2542	4088	4465	3515	616	4296	3534	3731	4908	5377	1809	1777	3110	3934	1291	2526	3487	3038	3929	2739	5874	2638	6249	4385	3796	2189	1806	2102	1523	1329	2386	4642	2252	3741	3780	1975	2703	4845	1748	4374	4477	1855	5148	3931	5801	121	2453	2575
ATF5	440	861	1584	1836	1414	1439	1470	595	680	1513	1468	2445	2647	2678	2200	13	2125	2148	2402	378	973	1969	1510	1770	6345	826	2445	30	155	1188	1962	1987	1871	1	897	1304	2163	1443	1885	1485	1179	1738	1264	636	1642	597	451	1956	1329	920	1144	1500	33	505	942	40	509	1059	862	652	2276	1122	1064	1695	1892	426	2033	859	346	1627	2317	940	1182	1085	970	1646	2018	1207	1565	1034	2046	1097	2468	1284	1449	2450	522	2098	2128	1249	1304	520	1902	2278	1920	1450	2000	1959	1358	46	1668	755	620	596	2159	1668	1816	1971	2032	1399	1871	659	522	1806	695	1121	1904	1189	581	1495	1019	1688	2633	1035	1218	2159	2026	1633	1822	1404	231	2009	2179	913	5	515	79	1190	1283	1270	783	2723	67	27	1312	3009	2898	712	2767	3	131	1600	903	2741	2426	86	1550	503	1434	1974	1843	624	1132	1147	16	1608	2873	2287	2216	1784	1788	434	1213	1697	2144	521	1518	2040	2379	1995	402	1112	1594	152	678	5	1447	2213	886	2099	90	1505	2009	1338	2037	880	823	485	1713	1610	657	1970	86	1789	2342	1979	2553	1841	1445	1523	2358	787	726	1399	1730	815	1065	2260	1839	1130	2026	2099	1129	2026	2298	2488	388	1180	392	237	398	53	2897	2508	1683	169	86	2386	1458	1499	913	1906	2124	1897	2499	1354	1757	1680	153	1366	844	1604	2524	2222	130	1316	1549	770	1060	1958	1877	2019	2089	2155	2368	897	2210	955	643	1639	1459	22	1319	1819	225	1186	1316	927	282	692	196	1481	246	711	1689	2098	1495	194	1770	1366	1435	1539	2658	189	1592	843	2401	1223	1051	2070	154	1330	1585	1888	924	834	223	2141	936	1486	2337	457	725	1279	102	3	1898	2260	1249	2575	799	2023	2	479	2256	2154	2446	460	1934	2516	2613	1612	16	1504	1304	541	469	1018	1122	275	919	2346	273	1848	970	556	2461	882	2203	2197	724	1233	1355	935	2221	1141	1276	536	246	556	707	1107	1929	1501	757	265	1371	2290	2086	1591	2600	1988	2836	1188	20	227	1945	1827	804	974	1205	1959	1306	1528	1727	2089	2294	786	106	37	771	1386	1333	1555	1426	1005	29	2057	1072	1857	2418	2087	792	926	1340	2126	1697	2333	387	26	1784	1624	388	1	1821	853	1499	818	1247	250	2	2374	1813	2425	983	1772	2588	1032	1567	895	576	1984	1568	649	2018	1552	948	542	2448	1997	2077	1804	1723	2407	1168	1480	945	2101	1852	995	539	1019	1736	1566	1045	1741	1028	737	11	276	892	1482	1204	575	2474	1712	1130	1308	718	2229	7	1998	2382	1937	1633	795	383	1315	1217	1459	1752	934	300	1845	1549	1530	1476	1349	704	2041	1146	1540	2018	1309	1681	924	987	625	1833	2043	1062	1728	642	1724	1139	1025	689	691	1258	634	159	1550	613	1284	1030	241	897	1414	1825	2625	2708	2531	753	2559	1598	1768	1029	1626	520	569	1474	2073	160	1344	1652	2431	134	937	1432	1372	1678	1357	1289	1721	1517	837	1618	433	1647	497	1513	768	1778	42	2122	2196	2018	1507	1531	2189	1744	900	1390	963	1120	709	1059	1178	289	1767	1634	1913	1688	1757	1670	1707	1492	14	1591	786	648	825	1870	1308	212	1427	2073	1404	1599	1333	725	1458	1671	2078	2295	854	1715	796	21	1202	529	2066	1740	2101	1557	208	1253	1785	1334	1741	623	765	2333	2133	506	1096	894	92	2557	1666	1781	1728	592	932	438	1015	1250	355	2288	1629	2102	2033	433	737	1328	2244	1157	1594	386	2066	1800	1265	743	836	1032	1074	2447	772	536	1988	1476	248	1801	2209	2046	1489	2080	1857	845	1398	1472	1236	1533	936	688	824	365	1643	563	885	1513	2888	2149	1674	509	1043	1748	936	1972	1867	876	397	1558	659	1152	1622	1860	1621	391	2175	1632	1762	1804	2127	1041	1081	1671	1876	723	1012	1586	1816	1740	1365	2247	1407	1941	1734	1488	1232	1045	1118	717	731	994	1464	1240	1925	1866	962	1236	2061	1144	1851	2001	902	2119	1454	1758	74	1224	1551
ATF6	415	853	1309	1441	1445	1449	1351	480	649	1384	1311	2521	2481	2770	2456	10	2009	1820	2247	394	1088	2213	1580	1750	826	6271	2125	42	150	937	1772	1703	2081	1	675	1307	2018	1435	1654	1336	960	1790	1202	600	1768	604	537	1792	1652	1038	1287	1765	37	479	747	31	400	889	795	768	2285	1013	811	1814	1657	350	1984	834	402	1771	2218	630	1002	1151	929	1447	2173	971	1412	956	1932	1006	2420	1033	1162	2391	723	2177	2418	1210	1303	456	2045	2476	1634	1424	2020	2119	1418	49	1559	712	546	605	2346	1873	2098	2253	1844	1504	2134	797	459	2002	634	1325	2013	1101	570	1013	810	1785	2428	1153	1302	2342	2355	1571	1817	1191	205	1842	2010	883	4	479	68	1263	888	1138	784	2473	55	32	1431	2790	2553	583	2397	3	142	1623	953	2574	2555	108	1263	636	1254	1553	1566	744	1386	1379	20	1842	2718	2058	2252	1848	1758	458	1013	1410	1787	479	1873	1971	2402	2029	316	887	1552	168	590	1	1223	2371	605	2362	92	1256	1754	1183	2178	809	940	401	1614	1347	632	2006	113	1717	2564	2130	2431	2039	1648	1445	2015	937	635	1646	1532	632	924	2485	2054	1282	2013	2189	903	2268	2295	2399	489	1114	508	174	467	67	2786	2336	1792	317	78	2467	1394	1349	1183	2010	1643	1803	2261	1703	2046	2119	141	1618	808	1499	2288	1671	135	1186	1379	715	947	1567	1791	2081	2050	2367	2134	896	2067	982	577	1579	1316	23	1219	2118	247	1337	1140	843	276	508	249	1742	169	898	1979	1836	1621	223	1755	1386	1538	1529	2448	171	1298	666	2037	1323	1164	2250	154	1426	1415	1595	1064	895	276	2278	619	968	2160	483	687	1099	109	2	1658	2177	1388	2275	652	2055	2	399	2123	2147	2147	510	1785	2196	2554	1943	17	1691	1158	604	396	845	1163	285	816	2484	230	2045	660	587	2103	883	1886	2331	789	1455	1108	1046	2222	1259	1462	438	234	674	705	1292	1872	1224	704	302	1575	2275	2396	1389	2605	1778	2854	1090	20	174	1914	1718	920	1302	1425	1979	1231	1321	2057	2238	2133	683	178	78	1109	1402	1183	1507	1295	993	33	2274	948	2159	2430	2194	601	1180	1197	1906	1784	2191	366	27	1707	1339	304	2	1568	935	1701	931	1308	277	3	2078	1485	2364	1140	1744	2454	1099	1477	788	723	1963	1945	576	2275	1667	929	406	2508	1933	2057	2021	1775	2611	986	1306	782	1851	2169	1184	504	901	1460	1355	1255	1580	1002	717	8	295	798	1660	1097	535	2101	1731	988	1214	716	2236	2	2160	2188	1895	1870	808	388	1160	1000	1234	1807	1016	203	2114	1658	1119	1644	1268	662	1789	1031	1319	1772	1118	1679	1034	609	744	1590	2070	702	1447	652	1227	1337	1112	560	719	1482	434	248	1536	709	1264	848	249	912	1205	1666	2273	2388	2269	610	2636	1476	1712	1145	1387	623	554	1794	1873	150	1237	1652	2448	111	641	1429	1220	1916	1257	1096	1548	1449	740	1478	347	1444	459	1379	597	1993	35	1984	2398	1977	1308	1259	1633	1694	747	1138	1087	1013	490	860	1082	248	1603	1703	1646	1487	1311	1405	1648	1551	16	1499	651	735	663	1765	957	209	1221	2345	1198	1770	1203	649	1260	1178	1461	2124	771	1522	709	25	769	731	1786	1658	1960	1401	193	1159	1642	1061	1440	613	650	2231	1747	351	901	617	57	2356	1663	1286	2046	486	904	425	819	1132	301	1710	1302	1800	1506	388	613	1118	1879	1158	1373	280	1736	1544	1222	660	579	891	984	2436	652	360	2129	1253	220	1575	2072	1860	1296	1778	2142	793	1127	1356	1226	1638	1211	629	1036	302	1525	419	702	1022	2476	1785	1561	549	870	1329	778	1683	1832	786	416	1417	547	1060	1436	1673	1450	309	1634	1534	1574	1668	2010	897	755	1299	1572	571	883	1493	1280	1573	1269	2107	1150	2164	1687	1380	1020	946	1006	569	587	858	1494	968	1612	1589	960	1151	1828	752	1692	1563	782	1976	1420	2039	78	1039	1154
ATF7	1405	2248	4580	5717	5673	4207	4415	1468	1492	4016	4219	10262	10053	10638	9476	46	7648	6648	9210	717	4058	8530	5830	6790	2445	2125	27913	200	239	2936	6264	6135	7733	1	2328	4811	6913	4147	5521	4321	3056	5945	3844	1754	5674	1628	1414	6422	6260	4495	4533	6452	128	1105	2210	69	928	2880	2532	2618	9703	2985	2474	7065	5767	872	7778	2066	776	5766	8011	1672	3240	3304	3837	4955	7263	3070	4631	2659	7062	3012	8936	3380	3867	9384	2121	7614	8647	3664	3659	1120	7758	8462	5979	5007	7394	7563	3924	152	5040	1911	1421	2155	8960	7388	7922	8391	6301	5308	7262	2868	1086	6933	1896	5154	7641	3637	1563	3324	3254	6372	9796	3951	4441	7967	8877	6181	6583	3783	425	6415	7332	2624	4	1029	104	3456	2704	3439	2727	10705	364	181	7213	12534	11169	2282	10363	42	594	5131	2766	10770	9936	190	4303	2141	4593	5290	5666	3207	5072	4142	24	5303	10421	7853	8193	7341	6765	1179	3954	5489	7424	1424	6152	6741	9658	6648	769	2804	5081	472	1608	16	3848	8300	1695	8061	250	4078	6131	3584	7795	1989	2129	973	5125	6009	2262	8505	315	5770	9190	7939	9210	6447	4536	4730	7830	3505	1633	4209	5201	1868	2703	8594	6207	3132	6798	7030	2732	8094	9055	9399	801	3186	1799	615	1671	135	11922	9075	5559	1018	174	9582	4475	4557	3071	6777	6012	6492	9456	4571	6661	6442	283	4930	2152	5476	9241	6841	194	3843	4453	1735	3149	5897	5890	6728	7598	8265	8387	2182	7535	2328	1547	5847	4194	72	3784	7249	499	5024	3397	2434	712	1444	770	5579	517	3375	7465	6725	5017	554	6020	4384	4648	4674	9953	414	4505	1881	8252	4726	4217	8296	280	5282	5250	5730	3742	2577	570	8675	1690	3060	9100	1621	1676	3867	265	9	5901	8695	3894	8761	1839	7475	6	942	8292	8346	8703	1266	6559	8827	10147	6136	49	5343	3667	1098	989	2570	5035	810	2473	9868	832	7641	1842	1504	8671	2706	7682	8322	2000	4883	3634	2632	7779	4174	4444	1174	958	1678	2306	3161	6347	4296	2067	796	5318	8861	8509	4592	10773	6485	11754	3131	28	478	6610	6137	2397	3723	4227	7951	4645	4301	6333	8739	7696	1831	603	267	3608	4100	3713	4649	4112	2673	74	8527	2780	7843	9953	8457	1604	2464	4060	7169	6595	8204	1129	91	5468	4836	904	3	5429	2733	6071	2065	3831	772	6	8060	5841	9156	3726	6094	9952	4134	5232	2059	3247	7900	6796	1304	8255	6191	2515	1144	10113	7071	7270	6611	5875	9634	2981	4207	2332	6495	7106	3696	1287	2358	4990	4303	2995	5020	2860	1910	27	1198	2088	4334	3312	1432	8732	6020	3428	3608	1686	8341	24	6837	8545	6909	5550	1898	775	3901	3512	4251	5941	3416	492	6443	4816	3625	5370	4364	2203	6696	3387	4483	6322	3365	5692	2245	1963	1390	5934	7358	2034	4879	1606	3988	2969	3837	1540	2613	4067	1084	573	4709	1355	3537	2466	604	2341	4035	5603	9276	9862	9132	1737	10143	5117	5641	2899	4426	1540	1444	5317	6386	301	4674	6201	9469	245	1768	4662	4222	5429	3897	3316	5200	4667	2017	4602	874	4831	1068	4291	1745	6039	87	7732	9239	6468	4109	4201	5524	5302	2182	3669	3049	2757	1236	2624	2838	570	5672	5491	5789	4720	4328	4750	5626	5294	45	5990	1960	1919	1842	6155	2884	444	3968	8204	3884	5140	3649	1980	4035	3912	5056	7810	2137	5288	1919	43	2328	2235	6404	5644	6861	4588	441	3461	5636	3371	4998	1969	1817	8308	5841	896	2774	1652	103	8901	5789	4088	5927	1425	2855	1088	2419	3428	675	6191	4385	6398	5208	982	1770	3439	6771	3134	4401	776	6379	5389	3651	1683	1473	2598	3069	9248	1900	862	6920	4009	550	5256	7344	6371	4329	6936	7075	2192	3608	4251	3909	4773	4126	2199	2886	651	5116	1280	2114	3184	10712	6334	4894	1187	2838	4324	2265	5887	6550	2303	735	4866	1452	3370	5123	5715	4628	743	5776	4752	5663	6181	7061	2505	2086	4744	5837	1650	2658	4422	4429	5344	3704	7859	3651	7020	5625	4486	3156	2550	3019	1622	1799	2881	4771	2955	5641	5503	2515	3578	6700	2298	5881	5437	2241	7021	4444	6123	151	3308	3612
ATM	29	48	21	27	228	45	64	13	14	28	70	277	161	245	273	13	105	151	217	6	160	222	161	209	30	42	200	629	5	31	113	68	241	1	15	107	70	74	70	79	18	121	55	14	108	30	50	113	278	235	197	252	7	19	12	1	7	20	40	121	254	36	14	244	76	11	72	37	44	208	144	21	22	99	192	41	169	20	40	23	85	16	202	14	30	172	131	172	249	79	61	7	264	204	130	176	182	199	52	2	81	26	16	85	236	274	278	264	61	218	228	166	12	218	24	250	248	116	35	54	20	161	132	173	152	174	279	155	182	45	1	54	125	48	1	5	1	59	34	52	26	253	4	6	265	260	163	38	169	6	22	96	19	239	272	11	27	133	80	64	55	263	237	163	1	146	173	217	146	256	209	10	34	43	38	36	222	140	191	136	11	35	120	90	25	13	27	200	19	216	5	34	54	40	226	20	28	25	92	190	112	245	25	111	228	271	94	137	115	67	48	186	19	98	62	14	19	208	137	78	114	119	19	229	267	199	10	34	88	10	87	1	249	122	134	99	10	257	111	102	140	181	107	123	159	150	206	227	5	172	36	127	110	89	1	41	37	22	28	32	36	101	136	244	93	31	148	41	21	167	72	21	81	247	8	220	33	34	19	9	46	184	8	205	283	31	154	15	108	63	92	100	169	8	26	17	181	184	177	257	5	193	51	32	173	105	16	183	18	29	264	60	15	27	10	9	36	217	125	92	22	200	8	6	131	208	124	30	97	107	172	223	4	130	45	10	6	32	199	24	15	225	30	258	29	48	109	71	49	197	47	201	31	40	150	190	128	5	28	68	44	79	113	40	56	34	156	214	270	43	227	79	281	70	1	7	144	87	33	179	158	228	156	32	196	240	89	13	73	22	145	115	43	98	61	51	1	265	61	262	268	252	14	67	21	59	172	119	18	4	126	32	5	2	28	81	131	57	91	7	1	78	25	211	175	117	208	194	140	48	205	231	244	8	238	227	193	6	230	94	102	189	129	235	19	36	10	52	213	158	20	31	34	39	78	75	53	29	11	93	30	73	30	19	97	90	62	53	28	101	18	141	155	78	120	21	8	57	24	42	168	112	4	176	70	75	123	123	78	68	83	59	82	32	153	33	23	18	91	153	25	46	20	56	66	102	14	148	153	16	23	104	27	61	17	9	35	41	85	91	119	96	8	254	89	100	64	45	54	24	185	82	3	122	159	203	3	32	155	76	123	74	23	66	61	35	60	6	96	7	66	25	147	8	222	258	119	36	23	72	73	13	24	140	36	9	17	34	6	67	166	46	62	39	26	139	145	16	143	17	83	12	134	39	7	32	221	21	109	60	43	43	53	60	100	29	165	18	3	33	111	37	119	114	67	4	47	84	23	35	48	9	108	112	2	17	49	2	114	194	57	178	22	77	16	21	25	4	101	32	72	66	22	15	40	104	55	43	10	49	75	33	36	20	22	24	134	14	8	135	68	4	46	103	82	43	205	194	42	31	33	94	85	174	79	131	8	110	14	12	28	89	90	43	34	54	36	33	63	173	21	12	50	12	42	80	114	66	5	96	68	33	110	119	15	46	21	47	13	41	57	42	79	51	119	36	187	102	85	18	21	21	28	16	58	142	26	41	34	30	41	85	39	92	119	41	98	109	171	5	34	38
ATRX	69	138	182	170	159	195	173	74	112	199	178	254	264	283	243	2	218	212	235	91	107	235	191	197	155	150	239	5	615	134	201	220	218	1	120	138	242	179	212	153	165	206	151	100	227	97	74	202	175	107	155	190	4	86	120	15	91	137	107	84	228	146	153	195	212	70	229	132	88	204	239	127	155	161	104	185	220	156	172	137	196	136	249	164	182	245	84	241	236	164	162	92	227	253	215	172	230	218	193	9	196	109	89	94	243	203	218	226	227	176	222	91	92	223	108	155	207	144	111	173	80	189	268	140	141	236	246	167	195	182	46	220	232	133	4	109	26	167	150	162	114	240	11	5	145	278	268	78	253	1	21	212	135	262	260	20	170	84	184	201	216	87	156	182	16	211	294	235	243	207	206	72	119	179	211	52	192	223	241	217	67	121	188	30	103	1	175	246	114	236	10	185	215	158	216	111	148	65	206	164	79	214	27	205	259	245	272	235	190	169	245	100	115	202	188	132	142	248	215	163	223	239	138	233	247	247	89	166	56	43	53	24	289	257	215	19	27	239	169	171	146	218	207	204	229	201	219	207	45	175	113	181	258	218	48	163	200	115	157	213	212	240	224	233	229	160	216	147	121	189	170	4	170	221	56	143	163	142	76	110	44	188	45	76	205	240	200	30	193	164	182	171	255	39	183	98	231	163	115	236	47	183	174	209	120	122	47	234	117	163	226	71	90	150	24	1	204	214	166	257	94	232	1	79	227	219	224	71	183	233	259	210	3	198	145	116	80	115	105	49	137	249	30	207	126	108	228	129	228	236	115	167	142	151	240	162	159	89	24	108	92	166	207	160	105	43	203	255	235	184	248	212	284	147	15	39	226	191	120	162	177	202	135	191	222	231	245	144	14	5	102	167	179	181	190	131	2	238	163	224	250	209	128	139	144	220	197	237	51	5	204	194	33	1	190	145	179	137	166	40	2	241	191	250	116	196	267	115	182	123	62	208	203	105	220	187	124	74	252	222	214	220	215	258	144	187	125	235	232	148	79	147	188	161	148	185	143	127	1	43	120	205	156	83	249	215	138	178	124	246	1	241	234	203	199	135	83	154	147	139	204	145	59	219	203	171	208	164	107	218	150	187	213	159	185	150	114	135	202	229	136	183	132	175	183	137	101	81	182	103	31	186	126	172	146	42	156	159	204	261	269	251	113	267	179	198	159	187	83	101	211	218	43	150	202	246	39	117	179	171	206	183	168	205	182	122	190	69	190	99	175	103	218	11	220	242	210	182	190	219	192	110	179	140	170	110	128	169	57	211	194	209	205	185	207	189	174	4	181	104	136	123	224	150	63	168	231	173	223	174	105	203	173	201	257	132	182	123	14	140	78	228	206	214	168	43	182	189	143	194	83	105	256	215	78	151	113	25	261	187	183	210	90	138	78	131	178	64	219	189	232	208	78	126	162	222	161	168	53	201	189	175	98	112	145	152	246	125	92	225	167	51	219	242	204	161	206	228	125	160	204	167	190	150	99	133	79	177	67	127	163	276	225	194	113	118	186	138	217	205	139	108	197	113	153	174	211	189	79	211	199	219	187	232	134	133	178	203	106	123	199	187	204	186	248	160	237	202	162	160	150	175	73	98	127	165	147	224	210	131	160	224	129	217	187	125	232	174	208	27	158	181
BATF2	435	1023	1955	2484	1590	1750	1753	746	840	1854	1766	2829	3219	3187	2541	13	2769	2260	2909	428	1123	2233	1797	2557	1188	937	2936	31	134	7611	2325	2485	2185	1	1130	1580	2705	1741	2231	1916	1442	2121	1537	786	1829	732	498	2465	1331	912	1160	1589	42	600	1242	41	608	1420	1129	614	2711	1438	1319	1843	2401	768	2522	1051	353	1859	2821	844	1479	1231	789	2133	2357	1517	2137	1335	2617	1519	2963	1619	1802	2977	496	2465	2489	1469	1519	646	2169	2616	2074	1688	2405	2308	1676	49	1989	892	854	660	2432	1890	1981	2253	2499	1488	2132	744	674	2011	896	1128	2183	1498	639	1398	1580	2034	3309	1078	1475	2605	2219	1871	2118	1690	270	2475	2669	1239	4	624	109	1296	1130	1468	845	3258	102	35	1182	3612	3560	865	3380	5	146	1966	1161	3318	2883	87	2014	452	1563	2042	2222	617	1129	1278	8	1831	3357	2478	2532	1898	1956	518	1840	2046	2873	717	1722	2434	2856	2397	689	2020	1943	169	740	3	1797	2533	888	2388	106	1890	2466	1825	2391	1088	956	787	1961	1556	1019	2267	77	2179	2781	2030	3119	2194	1605	1881	2919	755	818	1624	2159	995	1435	2740	2330	1358	2499	2572	1414	2299	2652	2994	426	1483	352	288	367	64	3481	3129	1862	158	83	2778	1774	1888	1009	2209	2028	2218	3044	1445	1993	1840	171	1546	1111	2030	3124	2418	136	1681	1930	1032	1401	2570	2441	2441	2539	2548	2904	1044	2752	1122	724	1913	1772	18	1526	2033	268	1179	1646	1123	301	758	178	1620	320	689	1821	2629	1701	275	2181	1715	1781	1967	3398	222	2093	1037	2627	1249	1025	2244	157	1387	2107	2388	954	894	243	2646	812	1417	2515	460	946	1666	121	4	2390	2607	1332	3174	1491	2281	3	581	2810	2543	3049	595	2447	3117	3136	1779	14	1707	1622	618	561	1351	1153	302	1112	2819	318	2042	915	578	3236	973	2848	2534	784	1208	2360	1089	2665	1297	1561	790	289	607	851	1264	2329	1881	840	267	1408	2638	2352	2037	3073	2474	3398	1491	20	263	2315	2317	1014	998	1334	2259	1934	1786	1907	2442	2723	918	88	21	668	1653	1692	1831	1740	1270	57	2365	1203	2094	2751	2464	823	1000	1787	2647	2057	2819	442	37	2086	2043	553	3	2377	829	1683	982	1371	291	2	3038	2432	2928	1068	2127	3092	1167	1912	924	530	2358	1662	812	2266	1741	1145	699	2902	2565	2681	2095	2066	2882	1601	1809	1271	2485	2097	972	646	1194	2180	2068	1211	2134	1222	807	10	275	1091	1754	1358	683	3028	2131	1373	1583	830	2633	3	2312	2941	2428	1945	987	453	1627	1681	2399	2019	1044	293	2149	1774	1466	1676	1582	726	2396	1413	1724	2485	1580	2036	1098	842	690	2226	2391	1037	2698	773	1619	1267	1125	852	721	1334	586	157	1882	685	1486	1237	282	1036	1833	2190	3176	3170	3109	1005	3018	1956	2187	1270	2009	515	655	1640	2564	190	1553	1752	2925	139	888	1472	1561	1942	1567	1669	2183	1875	963	2018	524	1989	580	1882	959	2064	45	2180	2611	2425	1740	1871	2173	2098	1208	1753	1049	1346	655	1380	1408	320	2123	1885	2400	2095	1786	2072	1919	1756	23	1678	922	676	1051	2151	1245	243	1784	2408	1741	1816	1528	841	1776	1492	2092	2622	1045	1636	1017	26	979	498	2587	2119	2605	1929	265	1439	2161	1707	2129	732	1012	2840	2153	550	1294	772	107	3015	1988	1708	2017	625	1026	530	1087	1443	454	2386	2045	2596	2059	486	826	1663	2313	1369	2089	678	2680	2318	1494	838	853	1356	1245	2921	966	514	2350	2336	281	2088	2646	2505	1861	2130	2150	1013	1747	1706	1374	2002	906	787	828	398	1990	1024	1090	1487	3560	2192	1976	552	1336	1970	1183	2464	2116	1025	410	1933	737	1485	1957	2231	2079	482	2242	2037	2236	2176	2601	1358	927	2202	2478	924	1815	1832	1834	2124	1527	2706	1809	2301	2131	1831	1515	1254	1345	1296	874	1209	1764	1533	2395	2262	1236	1570	2595	1102	2169	1886	1062	2593	1773	2077	81	1568	1516
BAZ2A	1204	1860	3732	4502	4750	3461	4191	1182	1194	3315	3548	8298	8140	8552	7519	30	5745	5374	7625	598	3078	5925	4010	4931	1962	1772	6264	113	201	2325	21649	4965	6231	1	1970	3746	5626	3418	4586	3556	2473	4808	3212	1421	4695	1248	1136	5099	4781	3143	3397	5026	95	974	1754	57	765	2150	2024	2195	7299	2363	2048	5476	4835	698	6259	1687	649	4722	6567	1358	3127	2614	3248	3965	5956	2522	3658	2200	5417	2341	7337	3047	3180	7375	1723	6205	6949	3147	2989	943	6141	6962	4951	3636	5886	6142	3169	101	4088	1571	1164	1466	6948	5982	6434	6659	5198	4466	5723	2186	881	5735	1553	4067	6281	2864	1348	2648	2516	5150	7756	3254	3576	6331	7106	4793	5441	3068	371	5851	5982	2115	5	843	93	2886	2257	2887	2497	8854	252	126	5828	10264	9226	1934	8440	13	455	4175	2212	8788	8012	153	3353	1708	3861	4276	4603	2044	4029	3340	28	4315	8590	6337	6849	6087	5625	979	3097	4361	5739	1262	5093	5567	7586	5379	624	2207	4026	362	1305	6	3112	6844	1419	6646	178	3810	5685	2901	6353	1609	1774	771	4922	3830	1546	5915	263	4881	7455	6541	7310	5446	3711	3879	6463	2919	1444	3397	4192	1583	2156	6792	4981	2616	5707	5780	2253	6724	7627	7750	667	2618	1294	518	1266	108	9586	7282	4525	844	145	7715	3638	3694	2437	5638	4897	5261	7734	3899	5423	5380	239	4058	1691	4213	7413	5645	156	2926	3715	1394	2673	4658	4680	5509	6015	6717	6656	1797	6169	1924	1311	4492	3503	41	3248	5777	417	4058	2696	1993	561	1212	610	4667	432	2714	5761	5449	3930	434	4738	3377	3663	3703	8010	345	3585	1549	6486	3840	3412	6778	242	4322	4193	4664	3042	2085	474	6843	1430	2500	7418	1274	1331	3001	231	4	4743	7221	3387	7057	1479	6267	2	817	6268	7004	6890	986	5253	7011	8326	5036	40	4426	2930	922	801	2037	4158	669	2003	7917	671	6040	1553	1328	6837	2194	6075	6860	1615	4097	2957	2195	6534	3330	3540	963	747	1334	1764	2634	5163	3399	1746	656	4391	7225	6883	4324	8606	5194	9243	2491	27	404	5698	4804	1937	3117	3443	6253	3682	3716	5162	6969	6518	1508	430	193	3029	3474	3083	3894	3446	2180	69	6754	2368	6284	8078	6698	1387	2153	3190	5721	5241	7197	887	62	4573	3913	749	2	4340	2356	5078	1676	3342	658	2	6379	4590	7535	2827	4868	8211	3194	4296	1624	2515	6377	5316	1067	6671	4892	1952	912	8042	5499	5715	5318	4662	7547	2373	3526	1961	5470	5732	3003	1131	1994	4533	3444	2547	4236	2333	1994	17	922	1736	3564	2745	1235	7169	4760	2790	3567	1387	6787	11	5536	6969	5496	4537	1591	640	3082	2704	3259	4941	2270	432	5180	3956	3015	4300	3669	1797	5949	2838	3796	5173	2809	4562	1832	1616	1132	4675	6088	1696	3924	1304	3297	2465	3204	1248	2172	3485	898	496	3901	1125	2935	2092	528	1911	3282	4599	7740	8018	7378	1323	8175	4158	4368	2297	3660	1317	1258	4503	5233	258	3888	5305	7854	217	1428	3667	3618	4624	3282	2753	4203	3731	1692	3772	756	3989	893	3463	1443	5042	81	6401	7243	5389	3441	3477	4522	4278	1825	3020	2506	2288	1007	2124	2348	512	4623	4597	4717	3889	3451	3954	4636	4202	31	5318	1616	1560	1518	5109	2327	379	3154	6668	3172	4293	3148	1644	3330	3180	4132	6523	1753	4391	1553	39	1896	1767	5277	4777	5596	3711	379	2889	4520	2643	4103	1641	1482	6787	4842	742	2305	1345	96	7500	4711	3400	4936	1289	2512	923	1985	2930	552	5053	3614	5255	4166	831	1518	2797	5631	2598	3528	602	5055	4367	3125	1466	1211	2152	2607	7461	1589	727	5842	3175	479	4490	6136	5165	3494	5677	5937	1880	2959	3660	3320	3856	3454	1910	2446	541	4207	1076	1742	2553	8577	5143	3986	1008	2280	3570	1927	4785	5542	1957	630	3632	1204	2728	4083	4806	3676	584	4769	3892	4575	5065	5816	2020	1763	3791	4608	1414	2141	3681	3478	4461	3124	6526	2997	5782	4676	3684	2612	2172	2532	1294	1525	2398	3880	2473	4588	4459	2023	2932	5368	1840	4837	4609	1905	5802	3767	5015	137	2688	2906
BCL3	1046	1760	3884	4715	3600	3402	3511	1183	1279	3466	3409	6865	7493	7540	6144	22	5698	4780	6622	638	2437	5060	3572	4198	1987	1703	6135	68	220	2485	4965	18851	5066	1	2010	3388	5558	3232	4446	3450	2668	4392	3029	1429	4160	1247	1039	4840	3483	2298	2705	3800	91	920	1915	52	846	2337	2024	1653	6204	2492	2393	4354	4677	749	6082	1777	575	3950	6036	1400	2726	2367	2187	3998	5271	2694	3751	2264	5389	2437	6606	2895	3321	7106	1218	5624	5852	2876	2914	988	4845	6060	4341	3234	5240	5287	3123	147	3895	1625	1230	1317	5812	4553	4944	5387	5180	3429	4773	1704	929	4667	1594	2909	5029	2701	1460	2639	2712	4571	7510	2433	3046	5714	5713	4127	4639	3654	376	5200	6089	2118	4	913	100	2712	2203	2886	2223	7416	312	93	4195	8854	8352	1686	7683	14	354	3920	2191	7682	6718	158	3641	1196	3533	4089	4665	1450	2919	2710	28	3855	7946	5369	6098	4702	4569	952	3151	4423	6028	1138	3989	5082	6750	4946	650	2289	3737	309	1297	5	3668	5957	1409	5561	196	3417	5057	3036	5354	1707	1773	823	3994	3271	1335	4992	188	4503	6439	5099	7182	4861	3329	3777	6435	2023	1452	3197	4207	1652	2255	6085	4666	2456	5283	5325	2338	5524	6434	6861	690	2606	965	480	899	123	8451	6963	4065	425	124	6434	3323	3505	2030	4908	4422	4742	6995	3235	4489	4270	238	3295	1737	3999	7186	5309	180	2999	3790	1472	2691	4933	4854	5182	5554	5546	6479	1822	5845	1940	1281	3983	3320	42	2990	4632	403	2961	2884	2290	502	1310	455	3727	466	1773	4453	5604	3500	441	4481	3360	3482	3519	7390	355	3756	1622	5823	3033	2584	5487	247	3384	4178	4861	2247	1734	445	6160	1426	2567	6039	1094	1433	3141	223	2	4810	6145	2914	6912	1549	5317	1	835	6011	5807	6568	971	4982	6715	7517	4066	26	3924	2921	982	859	2087	3032	593	2099	6940	627	4872	1533	1192	6701	1998	6212	5995	1525	3077	3000	2188	5753	2681	3149	1044	714	1242	1672	2415	4885	3565	1571	534	3510	6243	5654	3862	7522	5107	8118	2467	27	422	5033	4616	1873	2309	2799	5386	3195	3650	4383	5772	6201	1807	266	104	2382	3097	3111	3598	3357	2133	67	5458	2721	4983	6730	5632	1377	1908	3285	5684	4686	6267	879	64	4230	4055	786	3	4510	1937	4478	1597	2925	629	3	6337	4760	6549	2371	4449	7153	2555	3844	1582	1600	5268	4146	1143	5484	3928	1866	1025	6944	5318	5487	4578	4228	6677	2574	3536	2056	5409	4856	2507	1051	2038	4163	3603	2289	4058	2206	1582	16	677	1748	3473	2739	1205	6884	4473	2670	2973	1323	6422	7	5139	6470	5329	4204	1612	695	3044	2881	3383	4263	2003	432	4632	3709	2782	3774	3243	1589	5352	2627	3702	5017	2869	4057	1878	1600	1171	4554	5433	1717	3945	1284	3173	2371	2746	1335	1601	2857	895	442	3615	1154	2809	2143	504	1866	3239	4437	7444	7539	7074	1437	7130	3885	4211	2225	3704	1112	1182	3681	5068	270	3310	4425	6764	227	1389	3114	3276	4022	3636	2828	4232	3681	1669	3729	771	3824	919	3390	1495	4414	78	5215	6089	4976	3484	3600	4450	4187	1894	3068	2134	2374	1060	2232	2392	519	4494	3945	5466	3873	3533	4016	4252	3611	33	4325	1648	1337	1639	4659	2307	380	3232	5606	3272	3889	3441	1581	3877	3029	4093	6098	1775	3561	1615	32	1889	1312	6040	4294	5361	3607	380	3321	4326	2897	4157	1443	1611	6439	4533	798	2345	1282	97	7117	4106	3266	4236	1233	2251	940	1950	2944	607	4874	3713	6095	4123	830	1555	2869	5119	2492	3672	649	5313	4339	3065	1425	1283	2234	2640	6856	1640	747	5238	3167	464	5061	5773	5109	3533	4716	4939	1805	3037	3558	2917	3752	2464	1617	1901	580	3945	1109	1812	2634	8460	4811	3892	928	2326	3755	1890	4854	4729	1983	657	3646	1269	2695	3904	4499	3719	649	4529	3847	4604	4766	5443	2147	1634	4023	4839	1445	2148	3637	3586	4960	3533	5986	3160	5007	4478	3419	2746	2209	2642	1375	1484	2246	3428	2569	5387	4656	2098	2924	5213	1859	5144	4099	1834	5562	3375	4445	121	2792	2850
BCL6	1587	2215	3511	4384	9829	3941	3830	1156	1282	3320	3856	16405	10600	14055	17111	44	6418	6878	10909	617	4829	10015	6177	8229	1871	2081	7733	241	218	2185	6231	5066	41535	1	1878	5760	6338	3890	5051	3856	2379	6533	3633	1505	6926	1366	1538	5967	12737	7682	6888	11445	92	954	1669	69	769	2015	2182	3787	12019	2439	1931	10989	5079	648	8457	1741	827	7948	8289	1308	2608	3520	6642	3982	8888	2360	3760	2173	6353	2353	10035	2519	3013	10182	3613	8977	12952	3386	3576	886	14189	10967	6713	5566	8808	10471	3670	180	4842	1626	1120	2838	13753	14675	15675	15248	5561	8902	10386	3808	903	10855	1717	10758	13003	3907	1414	2698	2386	7343	9477	7626	5646	9097	16352	6803	8850	3001	349	5871	6639	2159	4	858	84	3389	2224	3095	2833	14048	405	319	15477	17463	12407	2645	10804	97	1074	5044	2264	13265	15551	185	3164	4025	5126	4674	4956	5432	10748	6343	30	6007	10933	10362	9696	13877	10277	1013	3167	5122	5977	1747	10023	6916	11783	7227	602	2185	5293	556	1698	6	3001	10786	1372	11306	186	3165	5157	2876	11798	1652	2116	757	5006	6247	2660	10507	605	5670	12159	13176	9249	7243	5219	3846	6582	6554	1340	4481	4589	1486	2170	10838	6479	3166	6859	7281	2100	13480	11867	10656	766	2720	2939	671	2761	104	15875	8453	6472	1921	175	14121	4705	4322	4073	8159	5886	7319	10681	6321	9149	10707	255	7091	2065	5199	8856	6416	181	2855	3684	1470	2622	4491	5004	6897	7899	11652	8078	2002	7395	2199	1316	6343	3802	56	3673	13078	454	8751	2801	2123	919	1181	1202	9172	453	6968	13345	5695	6028	442	5734	3942	4568	4672	10005	369	3551	1547	9220	7749	7447	14464	233	9259	4347	4709	7380	3841	572	11453	1307	2304	14911	1924	1353	3100	259	4	4683	11332	4536	7621	1468	10198	5	747	7560	11122	7842	1087	5990	8107	11518	10279	52	6269	3426	1036	762	2142	9981	863	2003	13771	831	14163	1463	1723	7649	2897	6599	10627	2040	8632	2802	2658	8710	6535	5414	893	1015	1860	2070	3284	6257	3576	2032	970	8322	12734	14691	3595	15105	5749	16709	2916	26	457	6839	5573	2133	6473	6137	11241	6158	3572	8567	14882	7499	1561	913	441	6011	4210	3113	4614	3662	2442	61	15933	2523	14373	15977	12796	1254	2888	3017	6134	8513	7981	922	85	5547	3814	692	10	4213	3330	8268	2061	4062	645	3	6834	4574	11086	5042	6211	12737	6006	5495	2081	7645	12780	12569	1125	13320	10219	2790	850	14730	7036	7150	9103	6575	12450	2279	3539	1811	5588	10995	5782	1180	1943	3976	3325	3239	4346	2818	1733	19	1672	1748	4397	2829	1229	8226	6536	3329	3317	1483	9363	11	7440	8336	6680	6220	1733	699	3742	2684	3236	7023	3507	432	7813	5386	3380	6649	5066	2755	6415	3395	4168	5589	2902	6594	2109	1632	1383	5829	8888	1613	3955	1414	3326	3129	4763	1174	4256	5243	915	891	4746	1316	3509	2002	504	2495	3294	5337	8561	10378	8921	1224	13930	4777	5098	2871	3593	1786	1513	7440	5748	255	5628	8085	12570	181	1361	6244	4563	6394	3765	2639	4537	4177	1796	3929	743	4543	887	3820	1425	7502	77	11475	14801	6535	3465	3279	4677	5141	1690	2754	3649	2325	972	2035	2534	477	5802	6970	4706	4047	3472	3893	6223	6813	44	7919	1722	2436	1407	6796	2454	409	3140	12118	3030	5509	3303	1884	3407	3273	4219	7596	1787	7098	1617	49	1857	3706	5244	5669	6587	4138	349	3183	5414	2465	4112	2196	1391	8725	5464	698	2270	1453	83	8755	7769	3493	7595	1354	3131	907	2009	3014	550	5455	3423	5412	4509	950	1438	2880	6573	3208	3490	579	4970	4733	3233	1453	1096	2034	2728	10191	1548	672	7864	3372	436	4605	7225	5649	3672	9825	9806	2053	2827	3722	4841	4470	8059	2640	4491	507	5067	1000	1571	2400	10375	5979	4620	1549	2546	3305	1904	4887	8085	1931	705	3776	1205	3100	4964	5447	3804	604	5057	4233	5132	6347	6870	1975	1977	3489	4721	1318	2260	4059	3537	4769	3288	7948	2882	8756	5586	4257	2506	2086	2413	1262	1442	2953	5482	2359	4424	4494	2275	3188	5926	1878	5788	5694	1987	6465	4656	7793	120	2711	2904
BCLAF1	1	1	1	1	1	1	1	1	1	1	1	1	1	1	1	1	1	1	1	1	1	1	1	1	1	1	1	1	1	1	1	1	1	3	1	1	1	1	1	1	1	1	1	1	1	1	1	1	1	1	1	1	1	1	1	1	1	1	1	1	1	1	1	1	1	1	1	1	1	1	1	1	1	1	1	1	1	1	1	1	1	1	1	1	1	1	1	1	1	1	1	1	1	1	1	1	1	1	1	1	1	1	1	1	1	1	1	1	1	1	1	1	1	1	1	1	1	1	1	1	1	1	1	1	1	1	1	1	1	1	1	1	1	1	1	1	1	1	1	1	1	1	1	1	1	1	1	1	1	1	1	1	1	1	1	1	1	1	1	1	1	1	1	1	1	1	1	1	1	1	1	1	1	1	1	1	1	1	1	1	1	1	1	1	1	1	1	1	1	1	1	1	1	1	1	1	1	1	1	1	1	1	1	1	1	1	1	1	1	1	1	1	1	1	1	1	1	1	1	1	1	1	1	1	1	1	1	1	1	1	1	1	1	1	1	1	1	1	1	1	1	1	1	1	1	1	1	1	1	1	1	1	1	1	1	1	1	1	1	1	1	1	1	1	1	1	1	1	1	1	1	1	1	1	1	1	1	1	1	1	1	1	1	1	1	1	1	1	1	1	1	1	2	1	1	1	1	1	1	1	1	1	1	1	1	1	1	1	1	1	1	1	1	1	1	1	1	1	1	1	1	1	1	1	1	1	1	1	1	1	1	1	1	1	1	1	1	1	1	1	1	1	1	1	1	1	1	1	1	1	1	1	1	1	1	1	1	1	1	1	1	1	1	1	1	1	1	1	1	1	1	1	1	1	1	1	1	1	1	1	1	1	1	1	1	1	1	1	1	1	1	1	1	1	1	1	1	1	1	1	1	1	1	1	1	1	1	1	1	1	1	1	1	1	1	1	1	1	1	1	1	1	1	1	1	1	1	1	1	1	1	1	1	1	1	1	1	1	1	1	1	1	1	1	1	1	1	1	1	1	1	1	1	1	1	1	1	1	1	1	1	1	1	1	1	1	1	1	1	1	1	1	1	1	1	1	1	1	1	1	1	1	1	1	1	1	1	1	1	1	1	1	1	1	1	1	1	1	1	1	1	1	1	1	1	1	1	1	1	1	1	1	1	1	1	1	1	1	1	1	1	1	1	1	1	1	1	1	1	1	1	1	1	1	1	1	1	1	1	1	1	1	1	1	1	1	1	1	1	1	1	1	1	1	1	1	1	1	1	1	1	1	1	1	1	1	1	1	1	1	1	1	1	1	1	1	1	1	1	1	1	1	1	1	1	1	1	1	1	1	1	1	1	1	1	1	1	1	1	1	1	1	1	1	1	1	1	1	1	1	1	1	1	1	1	1	1	1	1	1	1	1	1	1	1	1	1	1	1	1	1	1	1	1	1	1	1	1	1	1	1	1	1	1	1	1	1	1	1	1	1	1	1	1	1	1	1	1	1	1	1	1	1	1	1	1	1	1	1	1	1	1	1	1	1	1	1	1	1	1	1	1	1	1	1	1	1	1	1	1	1	1	1	1	1	1	1	1	1	1	1	1	1	1	1	1	1	1	1	1	1	1	1	1	1	1	1	1	1	1	1	1	1	1	1	1	1	1	1	1	1	1
BHLHA15	422	752	1716	2048	1331	1382	1498	586	574	1491	1461	2494	2828	2809	2288	10	2163	1930	2411	302	723	1872	1399	1645	897	675	2328	15	120	1130	1970	2010	1878	1	7105	1300	2148	1286	1833	1395	1147	1705	1213	684	1599	544	409	1878	1231	767	985	1368	23	577	836	44	446	1018	784	531	2180	1046	984	1434	1947	382	2508	807	240	1481	2334	644	1271	911	824	1646	1879	1421	1478	973	2000	1042	2382	1322	1528	2529	371	2066	2076	1124	1136	444	1807	2262	1735	1288	1919	1937	1265	71	1537	704	557	565	2130	1697	1812	1950	2084	1270	1715	542	447	1714	720	1018	1867	1099	563	1178	1187	1570	2852	892	1075	2070	2115	1617	1779	1411	198	2092	2111	809	4	443	62	1022	989	1259	757	2781	144	36	1594	3354	3229	743	2960	4	135	1518	803	2893	2517	51	1541	403	1515	1665	1968	458	1025	1051	16	1437	3007	2063	2265	1816	1744	380	1424	1934	2437	512	1400	1900	2466	1910	330	1034	1508	105	589	1	1368	2207	682	2051	57	1592	2028	1255	1999	743	761	392	1664	1268	508	1884	78	1808	2340	1834	2792	1959	1312	1405	2570	741	688	1230	1633	818	1022	2246	1761	1009	1988	1977	1087	2053	2455	2531	306	1136	302	258	312	64	3158	2644	1553	82	63	2375	1376	1464	714	1814	1794	1873	2621	1210	1671	1508	131	1257	743	1527	2741	2270	99	1249	1592	691	1240	2044	1939	1942	2072	1952	2494	786	2273	786	594	1538	1327	16	1305	1656	202	1091	1207	871	237	651	166	1442	256	530	1592	2233	1352	169	1643	1290	1276	1391	2799	195	1611	787	2166	1126	926	2065	131	1293	1580	2214	787	694	218	2352	693	1134	2250	377	647	1377	88	1	1859	2320	1077	2723	750	2000	1	446	2253	2124	2440	378	1832	2514	2710	1514	13	1436	1189	434	428	962	1110	262	978	2664	218	1769	705	548	2607	820	2554	2237	592	1116	1307	902	2237	1038	1126	519	252	485	663	959	1823	1472	633	201	1326	2404	2057	1596	2805	1951	2981	1030	17	202	2003	1812	721	791	1020	1993	1298	1557	1609	2180	2417	717	62	18	856	1244	1405	1426	1402	924	35	2043	989	1787	2502	2036	739	738	1325	2101	1770	2342	357	23	1737	1773	384	1	2119	777	1787	692	1123	232	2	2441	2083	2536	826	1622	2653	891	1598	724	502	2026	1451	545	1995	1447	792	539	2725	2029	2049	1638	1687	2378	1119	1485	986	2194	1825	905	504	919	1703	1450	909	1623	932	715	7	242	813	1372	1172	499	2778	1745	1177	1246	583	2468	2	1857	2412	2046	1611	728	338	1322	1222	1380	1629	753	244	1713	1472	1119	1446	1295	691	2094	1167	1603	2093	1327	1567	787	794	508	1940	2151	785	1668	608	1356	919	1085	627	629	1067	464	150	1416	484	1122	1005	228	795	1374	1776	2966	2878	2703	666	2624	1496	1683	873	1542	425	562	1373	1984	164	1294	1732	2476	129	706	1179	1360	1538	1285	1244	1678	1421	793	1567	378	1794	444	1363	706	1687	29	1987	2224	1917	1680	1575	1829	1641	923	1357	807	1052	538	983	1018	269	1828	1540	2002	1638	1458	1918	1646	1419	14	1737	860	521	815	1802	1030	212	1516	2114	1455	1425	1259	682	1442	1298	1730	2427	818	1447	739	18	841	423	2208	1781	2064	1469	221	1150	1652	1281	1704	632	774	2543	1792	431	1241	607	72	2724	1555	1384	1574	588	1004	400	846	1231	343	2010	1597	2110	1756	451	711	1289	2030	1027	1541	317	2155	1776	1263	683	614	991	1149	2582	831	405	1971	1343	211	1845	2253	1968	1472	1843	1794	755	1334	1517	1203	1470	886	670	688	317	1602	507	833	1183	3340	1927	1605	402	1356	1578	1009	1946	1847	888	306	1516	641	1188	1865	1786	1482	326	1869	1467	1971	1850	2129	957	736	1725	1961	677	925	1493	1567	1718	1305	2299	1333	1854	1829	1411	1268	937	1187	619	729	949	1324	1175	1949	2138	891	1212	2077	881	1853	1605	794	2139	1336	1624	77	1243	1262
BHLHE40	934	1301	2507	2904	3870	2676	2530	822	806	2246	2357	7117	6133	7284	7188	34	4127	4564	5506	399	2445	5134	3875	4212	1304	1307	4811	107	138	1580	3746	3388	5760	1	1300	18999	4154	2472	3117	2489	1594	3934	2461	1041	4190	879	1018	3696	4921	3237	3166	4740	87	659	1247	28	550	1452	1701	1748	6255	1685	1348	4660	3282	520	5591	1174	479	3764	4847	917	1909	2186	2772	2676	4806	1668	2465	1532	4120	1686	5524	1818	2110	5953	1480	5166	6165	1978	2365	650	5798	5920	3715	3229	4627	5397	2309	116	3039	1167	811	1533	6880	5876	6187	6428	3703	3646	5248	2204	620	5107	1048	4125	5539	2290	1026	1892	1666	4144	6008	2907	2786	5319	6798	3664	4173	1978	237	3979	4308	1647	2	565	64	2259	1570	1903	1566	6224	264	122	5883	8050	6539	1115	5677	28	383	3311	1742	6591	6956	118	2200	1902	3013	3133	3264	2064	4066	3071	19	3466	6616	4921	5423	5586	4640	692	2120	3301	4133	943	4506	4015	6454	4074	426	1533	3168	317	965	5	2073	5741	998	5826	151	2177	3486	2030	5094	1059	1424	595	3025	3413	1523	5578	230	3323	6136	5650	6047	4304	3092	2478	4373	2658	1002	2648	2849	1045	1471	5720	3836	2002	4010	4226	1557	6022	5887	5737	499	1784	1521	384	1410	81	8408	5504	3970	765	120	6519	2610	2605	2008	4332	3545	4229	6096	3395	4738	4732	155	4043	1441	4246	5534	3966	94	1953	2514	971	1800	3185	3443	4316	5409	5366	5568	1292	4436	1500	907	3579	2364	36	2219	5243	292	3615	1919	1456	539	825	667	4264	312	2540	5528	3863	3277	310	3766	2664	2940	2732	5844	284	2602	1053	5023	3619	3111	6334	141	3874	3062	3259	2761	1744	352	6056	924	1620	6129	1168	906	2205	171	3	3245	5455	2653	4767	1057	5109	3	517	4590	5410	4845	807	3742	4849	6625	4428	34	3652	2057	674	538	1501	3684	538	1481	7354	976	5828	964	1054	4587	1681	4443	5627	1499	3623	1985	1729	5006	3122	3011	669	618	1122	1596	2027	3833	2732	1234	489	4222	6252	6389	2465	7685	3762	7927	1755	8	314	4118	3637	1527	2692	3069	5618	3211	2530	4473	6633	4609	1056	451	222	3683	2481	2012	2820	2299	1585	44	6449	1642	6167	6861	5936	882	1604	2210	4130	4558	5065	782	65	3325	2529	507	3	2877	1951	4953	1360	2360	512	1	4308	3263	5842	2819	3810	6418	3300	3199	1305	2787	5469	5326	774	6383	4613	1474	613	7280	4718	4556	5333	3995	6556	1633	2377	1251	3744	5248	2739	790	1306	2803	2313	2105	2879	1762	1202	24	891	1253	2779	1917	943	5021	5317	3024	2006	992	5953	10	4510	4903	4451	3583	1154	440	2239	1968	2342	3761	1997	296	4400	3291	2093	4211	2776	1401	4156	2007	2711	3584	1893	3651	1400	1108	905	3628	4721	1100	2756	963	2200	1938	2467	793	1954	2788	655	630	2899	843	2224	1412	384	1501	2177	3293	5508	6020	5324	880	6666	3078	3338	1853	2482	1188	901	3783	3623	178	2959	4207	6294	143	941	3226	2678	3589	2291	1858	2904	2796	1192	2607	481	2749	624	2501	906	4142	94	5367	6694	3800	2332	2299	3119	3184	1197	1981	2183	1556	697	1438	1627	318	3520	3531	3236	2602	2432	2773	3403	3772	25	3971	1092	1329	944	3695	1781	280	2185	5934	2013	3277	2093	1110	2277	2143	2794	4747	1253	3516	1091	18	1265	1790	3533	3386	4027	2710	236	2047	3335	1731	2842	1210	996	5279	3344	490	1568	934	61	5392	3715	2325	4054	893	1857	690	1455	2094	366	3371	2341	3608	2871	578	1039	1980	4003	1931	2327	462	3367	2998	2196	979	796	1492	1827	6091	1077	454	4669	2305	348	3089	4409	3626	2440	4624	4885	1334	2003	2542	2638	2883	3256	1488	2110	371	3024	779	1123	1679	6549	3862	3029	828	1591	2329	1270	3233	4156	1333	468	2593	819	2102	3098	3363	2563	404	3134	2804	3448	3670	4175	1388	1250	2466	3101	849	1518	2665	2436	3062	2175	4843	1949	4673	3225	2553	1718	1484	1705	933	957	1887	3013	1617	3079	3071	1456	1930	3866	1264	3596	3135	1235	3997	2728	4182	78	1848	1995
BORCS8	1215	1947	4256	5084	4164	4197	3908	1274	1420	3841	4202	8533	8957	9436	7863	27	6442	5500	7558	712	2904	6369	4259	5031	2163	2018	6913	70	242	2705	5626	5558	6338	1	2148	4154	23381	3752	5001	4193	2801	5224	3493	1549	5371	1387	1269	5609	4556	2892	3348	4871	129	1016	2056	59	911	2442	2323	1892	7435	2672	2315	5260	5780	807	7678	1905	614	4634	6970	1444	3064	2797	2658	4558	6359	2931	4162	2437	6255	2827	7705	3151	3688	8392	1603	6831	7313	3142	3423	1030	5936	7659	5096	3643	6016	6510	3670	183	5165	1789	1351	1399	7451	5695	6312	6863	6049	4130	5997	2028	1021	5857	1757	3581	6204	2973	1405	2828	2749	5332	8896	2918	3444	7113	7436	4730	5350	3384	422	6275	6535	2314	4	993	97	3268	2368	3178	2672	8525	410	168	5580	10517	9705	1943	8644	20	486	4707	2540	8947	8438	179	3976	1473	4118	4868	5341	1909	3576	3282	24	4741	9655	6299	7552	5876	5462	1096	3360	5131	6803	1165	5014	5936	8435	5907	718	2530	4238	400	1480	6	3613	7448	1532	7205	236	3749	5841	3700	6455	1869	2053	880	4701	3686	1564	5992	225	5086	7963	6365	8984	5949	4038	4176	7479	2495	1524	3847	4613	1812	2493	7511	5578	2805	6254	6290	2560	7102	7718	8221	792	2901	1176	531	1169	125	10454	8251	5171	514	151	7933	3795	3902	2315	5862	4979	5674	8169	4227	5603	5423	260	3966	1969	4607	8504	6240	188	3188	4140	1628	2919	5429	5657	6169	6636	6743	7934	2091	6619	2255	1428	4448	3687	42	3283	5762	442	3636	3265	2257	598	1340	584	4865	487	2161	5693	6616	4151	517	5219	3917	4139	4045	8684	381	4241	1743	6780	3690	3173	6939	266	4113	4627	5638	2747	2064	522	7612	1505	2711	7213	1301	1580	3547	259	3	5441	7237	3355	7966	1711	6598	2	882	6950	7054	7508	1126	5736	7636	9200	5040	35	4666	3292	1097	889	2327	3775	732	2294	8830	702	6017	1572	1416	7400	2421	7273	7326	1850	3736	3319	2458	7839	3171	3783	1098	792	1436	2008	2758	5779	4056	1719	593	4648	7718	7237	4104	9767	5851	9947	2744	24	472	5836	5343	2299	2813	3431	6422	3739	4096	5538	7369	7430	1760	293	97	3731	3984	3329	4596	3643	2667	64	6794	2535	6200	8293	6861	1484	2319	3624	6564	5459	7506	1014	87	4845	4499	825	4	5076	2421	5941	1907	3231	735	3	7156	5329	8397	2797	5241	8546	2978	4311	1818	1984	6298	5350	1256	7161	4866	2146	1063	8698	6409	6548	5561	5286	8291	2760	3903	2134	6311	6184	3001	1284	2159	4634	4299	2656	5032	2537	1807	17	826	2183	4250	3126	1317	8136	5471	3002	3378	1518	8260	9	6271	7381	6472	4981	1857	755	3454	3086	3703	5029	2354	449	5583	4651	3026	4927	4186	1866	6460	2851	4247	5840	3089	4737	2188	1700	1420	5334	6576	1805	4418	1484	3506	2834	3200	1379	1831	3449	987	598	4119	1332	3309	2324	542	2195	3424	5155	8951	9054	8346	1531	8621	4510	4829	2577	4165	1432	1343	4421	5667	277	3865	5474	8428	228	1505	3732	3733	4924	3615	3181	4696	4313	2063	4255	781	4171	977	4401	1584	5394	77	6418	7681	5786	3848	4080	4963	4911	1979	3312	2529	2581	1132	2408	2740	557	5409	4665	5577	4237	3913	4834	4938	4468	37	5215	1889	1580	1714	5340	2656	433	3581	7185	3562	4586	3233	1683	3818	3269	4458	7468	2239	4277	1774	37	2045	1657	6192	4916	6144	4075	408	3260	4990	3038	4677	1624	1681	7934	5013	812	2627	1427	100	8518	4638	3619	5196	1366	2690	1020	2200	3415	641	5418	3956	5948	4639	864	1697	3191	5931	2878	3998	710	5756	4777	3491	1504	1317	2374	3033	8644	1772	794	6564	3566	485	5210	6861	5833	3835	5461	6106	1991	3294	4157	3426	4225	3280	1828	2312	587	4357	1174	1835	2844	10241	5758	4655	1088	2474	4018	2034	5280	5548	2108	729	4104	1470	3104	4532	5076	4103	709	4961	4405	5529	5390	6391	2341	1797	4255	5266	1516	2414	4317	4031	4774	3478	7316	3275	6104	4990	3705	2995	2475	2919	1484	1565	2504	3950	2733	5371	5470	2312	3175	6021	2011	5369	4608	2001	6387	4383	5419	136	3024	3248
BRCA1	852	1387	2496	2931	2827	2497	2386	849	1270	2365	2363	4935	4893	5248	4533	17	3824	3424	4575	521	2144	3920	2767	3232	1443	1435	4147	74	179	1741	3418	3232	3890	1	1286	2472	3752	12351	3380	2485	1823	3190	2198	1021	3103	972	822	3374	2941	1916	2173	3087	71	720	1293	43	772	1591	1688	1299	4559	2195	1510	3491	3185	564	3824	1621	511	3613	4165	1031	1845	1994	1730	3010	3988	1787	3052	1910	4042	1769	4656	1968	2169	4669	1162	4123	4376	2210	2575	861	3767	4440	3098	2718	3820	3896	2353	63	2815	1220	917	1186	4373	3577	3847	4134	3440	3259	3790	1451	838	3515	1158	2416	4034	1986	966	1821	1702	3455	4814	2320	2403	4258	4286	2930	3422	2169	311	3495	3945	1587	4	733	88	2137	1542	2043	1499	5106	127	61	2775	5709	5274	1116	4983	9	235	2906	1773	5180	4855	151	2440	1074	2313	2868	3123	1332	2404	2228	22	3035	5200	3981	4271	3634	3363	716	1983	2836	3712	911	3225	3610	4849	4205	521	1631	3225	292	1193	3	2248	4367	1055	4307	155	2321	3357	2124	4370	1604	1378	674	2950	2515	1087	3839	182	3168	4782	3862	4667	3487	2608	2711	4032	1686	1069	2555	3444	1149	1821	4489	3503	1965	3719	3880	1603	4131	4406	4737	615	2260	855	353	841	86	5565	4550	3066	504	120	4927	2935	2541	1804	3640	3066	3779	4616	2684	3523	3525	240	2639	1641	2890	4566	3357	166	2061	2526	1376	1743	3190	3276	3736	3939	4345	4381	1377	3964	1535	981	2899	2429	33	2193	3649	438	2407	2299	1490	427	928	384	2967	335	1671	3535	3828	2742	358	3613	2466	2647	3204	4843	258	2519	1164	4053	2337	2094	4125	235	2948	2789	3114	2092	1709	368	4179	1015	1775	4284	845	1291	2070	153	4	3246	4283	2280	4493	1140	3860	3	641	4077	4279	4354	829	3582	4452	5031	3275	28	2890	2442	810	748	1513	2243	458	1460	4740	420	3729	1139	936	4356	1488	3864	4305	1370	2461	2116	1577	4128	2181	2598	733	477	1037	1338	1974	3939	2367	1213	492	2666	4391	4306	2524	5119	3832	5547	2322	21	315	3569	3297	1521	2026	2353	3837	2282	2458	3499	4206	4144	1191	288	114	1828	2416	2232	2612	2414	1637	50	4190	1721	3825	4737	4157	1018	1664	2280	3690	3287	4269	671	48	3117	2634	566	3	3045	1544	3248	1363	2215	493	2	4165	3000	4589	1973	3432	4847	2023	2822	1269	1338	3806	3351	999	4156	3084	1807	690	4875	3687	3878	3540	3163	4825	1705	2373	1426	3530	3724	1920	809	1549	2774	2484	1872	2830	2152	1209	11	531	1291	2593	1955	877	4312	3152	1880	2191	1323	4233	4	3838	4671	3632	3114	1251	569	2505	2130	2353	3224	1721	320	3566	2840	2038	2981	2373	1223	3503	1865	2499	3475	2011	3529	1524	1084	982	2991	3779	1237	2654	972	2259	1920	2023	1188	1316	2340	701	362	2742	965	2547	1498	478	1490	2246	3703	4618	4785	4712	1054	5059	2750	3371	1798	2542	986	886	2949	3555	218	2457	3122	4778	175	1099	2475	2234	3217	2311	2022	3328	2912	1216	2837	619	2732	861	2473	1128	3340	54	3748	4463	3674	2400	2434	3006	3531	1337	2097	1768	1791	803	1534	2226	403	3298	3586	3127	2967	2401	2680	3040	2647	27	2913	1145	1130	1185	3435	1611	292	2277	4218	2227	2972	2161	1187	2318	2080	2765	4117	1300	2758	1453	25	1359	1177	3454	3134	3716	2548	295	2083	3104	1917	2771	1061	1079	4232	3175	600	1652	1035	93	4632	3587	2376	3382	859	1566	849	1415	2034	490	3264	2491	3474	2792	739	1054	2107	3507	2306	2495	499	3405	2939	2090	1109	924	1594	1772	4812	1188	616	3800	2283	428	2954	3996	3533	2441	3404	3764	1359	2095	2455	2523	2784	2075	1138	1686	460	2834	786	1230	1855	5075	3272	3208	825	1624	2621	1440	3267	3395	1385	534	2542	959	2099	2700	3146	2592	517	3067	3215	3005	3177	3804	1760	1279	2538	3292	1063	1571	2602	2402	2924	2210	4052	2154	3752	3610	2534	1852	1568	1779	1006	1064	1541	2667	1819	3103	3039	1863	2519	3478	1287	3103	2843	1400	3829	2507	3450	98	1897	2106
BRD4	1066	1968	3500	4494	3718	3176	3217	1129	1315	3067	3240	6521	6843	6974	5886	24	5069	4568	6527	572	2702	4980	3548	4267	1885	1654	5521	70	212	2231	4586	4446	5051	1	1833	3117	5001	3380	17117	3247	2428	4274	2967	1234	4071	1185	1127	4485	3649	2478	2722	3912	87	891	1706	68	823	2070	2003	1859	6180	2484	2024	4665	4283	665	5054	1790	606	4322	5957	1318	2456	2378	2389	3966	5225	2421	3738	2261	5147	2276	6078	2626	2978	6248	1401	5486	5633	2965	3053	981	5100	5687	4228	3313	5330	5202	3044	70	3684	1615	1115	1320	5608	4628	4958	5257	4535	3901	4732	1795	915	4607	1516	3144	5278	2555	1205	2455	2391	4544	6718	2725	3364	5490	5569	3973	4584	2954	353	4541	5246	2038	3	841	94	2937	2074	2711	2166	7809	138	43	3831	8298	7834	1868	7699	9	265	3679	2196	7333	6510	205	3263	1290	3309	3764	4225	1537	3006	2836	23	3736	7179	5486	5560	4943	4678	1009	2851	4201	5247	1151	3914	4764	6614	5095	633	2119	4001	372	1372	4	2903	5675	1344	5395	189	3120	4490	2769	5602	1770	1660	764	3851	3173	1353	4972	193	4426	6242	5188	6315	4520	3275	3841	5682	2341	1354	3083	4145	1525	2185	5750	4429	2372	5033	5148	2083	5332	6015	6532	626	2770	1034	454	989	111	7765	6210	3800	646	146	6475	3794	3786	2160	4685	4128	4781	6612	3148	4427	4258	280	3393	1807	3717	6316	4859	157	2728	3338	1515	2382	4387	4341	4740	5121	5755	6160	1698	5293	1773	1233	3790	3286	48	3063	4739	452	3392	2840	1855	511	1212	503	3697	408	2192	4532	5162	3449	584	4404	3168	3375	3751	7002	346	3359	1513	5602	3085	2804	5432	245	3742	3729	4361	2516	1947	459	5799	1361	2399	5932	1042	1419	2973	217	4	4548	6018	2922	6644	1474	5169	2	802	5412	5753	6695	1049	5228	6904	6745	4123	30	3792	2994	900	857	1976	3270	693	1956	6244	567	4859	1471	1179	6717	2105	5463	5634	1430	3185	2778	1998	5436	2836	3392	919	632	1200	1617	2377	4986	3067	1620	604	3420	5990	5445	3449	6933	4952	7536	2594	22	383	4739	4497	1866	2525	2932	5102	3162	3236	4243	5605	5482	1410	295	112	2024	3026	3008	3402	3274	2001	59	5527	2175	4942	6397	5568	1335	1896	3023	4994	4471	5817	849	83	4098	3843	791	2	4064	2012	3962	1644	2931	571	2	6313	4259	6225	2474	4883	6665	2613	3865	1646	1874	5280	4191	1108	5223	3946	1995	929	6522	5080	5094	4478	4131	6273	2291	3241	1860	4894	4758	2450	1025	1913	3674	3258	2297	3798	2456	1502	17	691	1626	3177	2732	1229	6240	4237	2449	2740	1407	5630	7	4833	6468	5117	3927	1487	609	3189	2725	3193	4224	2019	410	4394	3581	2687	3573	3159	1693	4855	2509	3456	4758	2672	4318	1769	1506	1068	4293	5212	1649	3674	1469	3027	2221	2747	1369	1770	2945	832	350	3405	1059	2867	1966	534	1856	3133	4535	6620	6950	6767	1324	6719	3738	4351	2213	3306	1199	1151	3710	4664	254	3231	4341	6333	204	1412	3074	3068	3885	2941	2660	4193	3729	1589	3607	729	3656	968	3185	1507	4303	76	5003	5841	4808	3201	3244	3981	4338	1763	2814	2241	2215	962	2013	2509	501	4329	4326	4233	3803	3137	3649	4039	3665	31	4179	1596	1341	1540	4501	2118	337	2977	5418	3005	3754	2846	1548	3024	2874	3774	5577	1664	3669	1635	38	1780	1382	4723	4224	5011	3335	386	2641	4046	2651	3710	1417	1444	5859	4133	742	2102	1302	90	6273	4424	3074	4211	1149	2170	1008	1920	2623	559	4574	3336	4677	3834	865	1428	2681	4731	2657	3380	564	4653	4053	2760	1400	1223	2028	2353	6551	1513	715	4909	2951	500	3919	5305	4571	3248	4725	4803	1782	2791	3217	3119	3610	2619	1597	1996	527	3826	1025	1680	2434	7365	4439	3958	918	2248	3478	1885	4391	4646	1809	617	3251	1224	2845	3762	4246	3389	627	4211	3800	4242	4433	5024	2134	1668	3523	4374	1373	2058	3413	3254	4006	2803	5556	2827	4839	4275	3363	2511	1992	2367	1255	1434	2058	3321	2391	4158	4122	2083	2977	4725	1766	4203	3938	1844	5134	3336	4309	135	2660	2812
BRF2	774	1415	2623	3162	2995	2343	2564	1000	1016	2351	3229	4970	4968	5075	4431	22	4016	3534	4804	444	2135	3857	2685	3491	1485	1336	4321	79	153	1916	3556	3450	3856	1	1395	2489	4193	2485	3247	12267	1813	3317	2190	1041	2886	955	917	3643	2844	2027	2182	3002	62	798	1414	48	678	1677	1515	1374	4626	1872	1578	3544	3929	667	3630	1335	507	3195	4327	1066	1912	1900	1886	2978	3762	1822	2920	1630	3771	1845	4822	2026	2244	4639	1091	3986	4161	2269	2203	762	3858	4266	3300	2597	3925	3817	2287	56	3537	1220	1009	1051	4134	3585	3751	3986	3479	3010	3621	1521	744	3467	1209	2465	3847	2283	978	1963	1933	3316	4805	2189	2527	4081	4113	3271	3731	2214	313	3317	4037	1618	4	677	105	2085	1608	2069	1438	5362	125	49	2752	5829	5412	1149	5139	4	237	2763	1635	5392	4815	161	2517	1226	2422	2906	3118	1268	2438	2341	19	2854	5119	4190	4083	3620	3586	712	2159	2896	3793	997	3097	3733	4659	3683	548	1810	2899	295	1058	4	2263	4254	1091	4053	143	2428	3388	2747	4158	1316	1259	747	2947	2571	1212	3801	210	3212	4597	3898	4517	3467	2433	2776	4097	1820	1131	2425	2981	1191	1739	4367	3546	1883	3740	3864	1673	3996	4463	4960	505	1947	811	345	771	82	5613	4654	2895	671	131	4613	2691	2831	1835	3635	3174	3476	4928	2483	3419	3365	214	2685	1451	2940	4611	3601	137	2249	2542	1202	1822	3257	3229	3652	3808	4491	4161	1335	4184	1418	935	3087	2574	38	2422	3603	364	2645	2109	1466	393	904	355	2957	365	1860	3417	3561	2767	367	3309	2469	2630	2890	5142	279	2612	1238	4278	2474	2297	4016	180	2713	2882	3157	2047	1608	393	4200	1045	1867	4480	862	1133	2082	168	3	3255	4547	2277	4621	1298	3901	2	674	4296	4361	4543	829	3598	4623	4962	3229	30	2768	2180	764	662	1704	2576	464	1478	4620	445	3650	1207	931	4579	1576	3905	4213	1199	2593	2333	1546	4684	2382	2627	862	483	966	1258	1904	3582	2542	1371	539	2512	4428	4043	2736	5012	3595	5456	1988	22	330	3678	3302	1433	2098	2380	4025	2538	2490	3338	4167	4080	1150	309	144	1558	3212	2270	3413	2499	2146	62	4137	1683	3804	4815	4194	1007	1648	2260	3785	3409	4208	673	55	3195	2697	661	5	3014	1526	2883	1320	2413	429	2	4233	3135	5093	2061	3388	5005	2237	3127	1384	1599	4118	3243	892	3896	3145	1563	769	4774	3749	3888	3479	3162	4722	1907	2480	1517	3511	3581	1989	1149	1495	2844	3085	2007	3707	1738	1129	10	603	1747	2478	1984	914	4441	3092	1999	2171	1056	4043	4	3558	4532	3601	3017	1198	513	2312	2084	2555	3273	1602	318	3512	2606	2215	2771	3171	1311	3421	1998	2560	3492	2077	3147	1396	1172	859	3156	3830	1312	2842	1009	2334	1747	2164	1027	1518	2344	719	348	2808	852	2065	1541	397	1486	2452	3206	4659	4834	4593	1103	5003	2901	3188	1766	2636	888	868	2848	3596	213	2569	3096	4842	172	1148	2432	2371	3050	2341	2039	3023	2640	1644	2745	598	2762	731	3126	1203	3301	59	3852	4392	3618	2488	2354	3112	3053	1414	2174	1830	1704	792	1659	1825	407	2983	3095	3151	2864	2433	2667	3081	2783	30	3020	1157	1110	1234	3407	1674	284	2314	4058	2249	2852	2200	1279	2410	2295	2896	4029	1738	2897	1244	38	1391	1093	3485	3229	3846	2707	317	2084	3096	2049	2861	1148	1186	4207	3316	600	1591	1071	99	4580	3426	2408	3251	901	1701	688	1484	1960	464	3511	2628	3605	3016	647	1054	2161	3638	1859	2691	610	3521	3246	2164	1142	1033	1628	1685	4623	1167	584	3636	2497	369	2989	3996	3489	2621	3677	3600	1471	2173	2390	2253	2823	2005	1240	1589	412	2996	905	1340	1935	5053	3216	2743	760	1969	2601	1620	3420	3563	1377	491	2651	953	1982	2920	3277	2783	515	3284	2810	2979	3425	3815	1566	1341	2737	3231	1065	1708	2653	2443	3123	2193	4039	2230	3672	3165	2746	1930	1524	1783	1214	1149	1622	2876	1937	3138	3041	1579	2208	3603	1474	3143	3045	1494	3952	3390	3350	100	2096	2063
CAMTA2	523	970	2226	2634	1583	1900	1897	744	807	2009	1815	3138	3580	3512	2766	11	2855	2363	3203	456	1175	2465	1879	2105	1179	960	3056	18	165	1442	2473	2668	2379	1	1147	1594	2801	1823	2428	1813	8573	2289	1658	833	2027	746	552	2463	1452	972	1269	1692	46	572	1181	45	573	1410	1136	720	2948	1407	1311	1988	2464	498	3018	1058	365	1911	3006	829	1607	1250	855	2445	2555	1632	2121	1362	2724	1456	3114	1752	1974	3368	468	2722	2688	1589	1568	675	2234	2880	2421	1629	2716	2496	1749	68	1989	965	767	630	2667	2028	2185	2430	2703	1607	2325	705	611	2183	882	1181	2313	1392	709	1428	1540	2186	3675	1085	1482	2807	2584	1958	2248	1845	264	2653	2900	1181	4	645	86	1498	1266	1649	1127	3557	158	32	1540	4094	4011	976	3760	5	175	1997	1319	3659	3157	97	2070	477	1746	2137	2840	600	1180	1274	17	1934	3818	2627	2882	2119	2140	542	1791	2365	3188	647	1820	2515	3129	2543	450	1350	1969	170	769	4	1901	2841	882	2639	103	1974	2649	1699	2608	1073	1051	518	2120	1593	642	2404	87	2334	3074	2273	3522	2471	1719	2098	3615	746	899	1712	2211	1040	1548	2946	2415	1347	2735	2691	1430	2577	2956	3281	445	1587	393	300	414	83	3924	3395	2086	89	82	3004	1806	2356	1018	2364	2231	2355	3265	1548	2206	1991	169	1549	946	2019	3392	2720	139	1696	2065	907	1495	3087	2631	2632	2729	2697	3165	1118	2860	1116	817	1945	1791	17	1594	2141	260	1299	1663	1156	298	849	212	1739	291	644	1990	2965	1767	292	2249	1825	1817	1914	3573	213	2553	1018	2859	1371	1119	2516	190	1503	2170	2673	986	908	251	2835	909	1516	2761	527	895	1792	128	1	2585	2850	1435	3534	970	2541	2	577	2950	3060	3307	597	2612	3381	3459	1946	14	1888	1611	636	582	1216	1204	322	1279	3170	320	2160	978	677	3437	1087	3216	2849	849	1313	1734	1243	2823	1261	1583	679	315	668	927	1324	2480	1862	880	270	1565	2926	2571	2127	3436	2628	3749	1400	22	247	2531	2436	1111	1045	1352	2490	1503	2004	2129	2646	3127	946	84	21	949	1572	2226	1809	2285	1177	39	2513	1314	2273	3450	2624	896	1066	1902	2880	2195	3073	479	38	2165	2296	510	1	2472	936	2012	955	1453	370	3	3315	2641	3166	1127	2320	3395	1156	2379	922	529	2517	1853	727	2532	1827	1099	670	3192	2646	2733	2167	2087	3175	1518	1896	1260	2870	2285	1125	645	1234	2280	2015	1279	2157	1306	908	7	244	1034	1874	1613	725	3383	2279	1385	1611	802	3071	3	2573	3173	2674	2141	1014	430	1686	1634	1886	2130	1028	286	2250	1918	1482	1824	1604	990	2709	1399	1964	2644	1706	1974	1126	932	692	2363	2654	1033	2182	751	1766	1300	1313	825	732	1419	605	188	1877	730	1451	1308	327	1058	1850	2370	3661	3573	3465	939	3379	2038	2270	1209	2096	609	705	1761	2576	185	1628	2036	3155	162	884	1507	1709	2070	1679	1734	2249	2075	966	2223	503	2034	627	1845	1220	2163	55	2386	2813	2571	1900	2085	2394	2158	1218	2307	1124	1410	689	1377	1400	345	2227	1915	2595	2404	1889	2280	2141	1768	17	1955	987	711	1002	2796	1285	262	1859	2645	2478	1991	1613	866	1884	1677	2216	3028	1025	1774	975	22	1079	571	2853	2230	2737	1859	269	1623	2194	1693	2216	745	991	3158	2307	651	1421	768	88	3486	2050	1757	2056	726	1169	604	1121	1694	426	2561	2107	2808	2238	472	960	1663	2557	1405	2021	401	2803	2293	1690	902	799	1323	1442	3273	1362	535	2564	1712	301	2476	2917	2617	1924	2256	2376	1044	1743	2016	1429	1996	979	809	834	461	2026	676	1104	1524	4090	2468	2097	539	1276	2100	1181	2537	2822	1176	440	2022	812	1494	1995	2350	2010	448	2347	2082	2560	2404	2711	1308	937	2779	2571	1241	1228	1982	2001	2270	1689	2983	1820	2433	2289	1786	1597	1296	1545	799	954	1215	1653	1484	2631	2593	1184	1642	2689	1082	2349	2006	1076	2851	1742	2147	93	1624	1679
CBFB	1148	1864	3431	4044	4363	3520	3317	1071	1081	3168	3135	7791	7312	8153	7539	26	5348	4839	6670	595	3076	6266	4342	4977	1738	1790	5945	121	206	2121	4808	4392	6533	1	1705	3934	5224	3190	4274	3317	2289	18961	3185	1301	5057	1171	1213	4739	4924	3236	3652	5154	94	876	1650	54	725	2005	2027	1972	7104	2172	1853	5568	4280	645	5921	1625	672	4594	6207	1170	2523	2566	3100	3801	5921	2283	3465	2076	5314	2378	6645	2458	2906	7076	1685	6301	6989	2707	2973	922	6244	6926	4571	3609	5802	6361	3340	128	3917	1539	1050	1619	7148	5955	6360	6877	4698	4423	6020	2200	839	5974	1317	4222	6235	2876	1265	2475	2405	5011	7265	3377	3713	6518	7116	4465	5214	2689	317	4959	5544	2175	4	831	84	2828	2032	2592	1918	7295	226	107	5062	8707	7617	1401	6914	24	381	4012	2359	7803	7932	153	3047	2053	3558	3959	4241	2108	4245	3865	24	4404	7734	6185	6335	5895	5323	937	2823	4148	5370	1216	5070	5083	7455	5212	567	1983	4153	399	1235	5	2812	6769	1269	6764	186	2959	4543	2634	6420	1461	1874	738	3900	3730	1626	5935	265	4536	7321	6132	7104	5501	4061	3433	5662	2976	1248	3575	3857	1482	2056	6896	4934	2618	5398	5602	1976	6975	6924	7057	703	2562	1419	466	1306	102	8767	6736	4510	978	135	7397	3686	3671	2652	5201	4412	5104	6770	4148	5614	5468	218	4234	1661	4116	6818	4972	151	2549	3249	1300	2401	4264	4518	5346	5759	6513	6314	1824	5585	1925	1204	4186	3080	37	2912	6123	410	3945	2551	1889	619	1107	667	4939	378	2832	5953	4982	4256	448	4650	3367	3785	3671	7273	294	3412	1442	6145	3882	3610	6900	250	4371	3800	4233	3164	2171	464	6950	1253	2170	6874	1275	1272	2927	189	3	4334	6569	3393	6406	1415	6101	4	699	5979	6532	6072	976	4791	6163	7656	5315	41	4413	2761	953	745	1897	4047	634	1943	7600	620	6128	1311	1260	6087	2094	5631	6875	1676	4178	2623	2342	6164	3809	3710	840	710	1426	1805	2688	4962	3157	1601	640	4671	7232	7058	3275	8152	4943	8576	2385	24	380	4997	4432	2008	3361	3798	6278	3739	3270	5377	7106	5678	1429	492	221	3174	3129	2697	3505	3059	2009	55	6924	2119	6439	7662	6788	1236	2152	3019	5292	5468	6145	864	70	4245	3549	696	2	3879	2225	5046	1825	3015	700	3	5797	4360	7153	3130	4701	7550	3448	4135	1827	2867	6275	5691	1026	6851	5277	1930	813	7976	5572	5685	5490	4703	7546	2207	3160	1693	4887	6073	3146	993	1763	3588	3102	2596	3725	2325	1495	21	982	1572	3710	2521	1123	6394	4870	2507	2695	1268	6577	10	5627	6252	5515	4610	1626	625	2980	2566	3124	4657	2443	378	5450	4043	2704	4769	3500	1795	5075	2605	3431	4691	2519	4341	1904	1445	1225	4487	6055	1442	3583	1245	2934	2498	3082	1078	2270	3619	823	617	3591	1168	2751	1889	516	2005	2841	4301	6791	7186	6643	1223	7934	3979	4310	2480	3306	1355	1158	4669	4659	237	3527	4889	7358	190	1285	3827	3259	4703	3063	2509	3860	3734	1540	3516	647	3506	850	3227	1272	5196	72	6081	7260	4692	2989	3158	3987	4052	1606	2651	2510	2063	919	1889	2224	468	4324	4416	4229	3541	3100	3651	4276	4449	31	4549	1461	1585	1295	4664	2187	389	2899	6893	2891	4179	2761	1481	3049	2795	3663	5899	1584	4149	1456	39	1690	1778	4691	4282	4998	3390	334	2675	4090	2362	3770	1469	1293	6535	4237	674	2106	1230	83	6442	4826	2951	5101	1130	2298	906	1953	2741	503	4480	3125	4683	3857	753	1402	2616	5065	2495	3130	578	4453	3952	2885	1247	1061	1976	2356	7198	1513	653	5770	3003	463	3939	5416	4536	3129	5518	6012	1719	2644	3363	3211	3997	3461	1679	2541	500	3784	966	1489	2270	7430	4751	3771	1037	2179	3133	1745	4185	5272	1768	674	3318	1100	2664	3866	4372	3416	530	4167	3571	4558	4634	5370	1836	1541	3389	4180	1254	2035	3430	3213	3966	2817	6118	2635	5899	4183	3223	2312	1976	2320	1158	1299	2150	3667	2147	4024	4047	1913	2654	4933	1634	4445	4011	1662	5183	3592	5117	123	2462	2727
CBX1	960	1237	2384	2728	2438	2374	2319	742	825	2209	2111	4611	4635	4882	4277	18	3551	3135	4158	404	1817	3714	2733	2942	1264	1202	3844	55	151	1537	3212	3029	3633	1	1213	2461	3493	2198	2967	2190	1658	3185	11105	954	3246	821	875	3108	2716	1794	2079	2970	84	646	1231	30	561	1451	1446	1283	4308	1522	1373	3218	2850	474	3861	1165	431	2818	3945	888	1836	1733	1612	2725	3804	1633	2459	1520	3555	1705	4157	1830	2050	4432	985	4032	4189	1882	2108	694	3608	4196	2926	2241	3646	3846	2190	64	2550	1150	756	882	4213	3399	3548	3984	3202	2447	3561	1302	621	3421	908	2259	3685	1705	934	1697	1660	3310	4703	1744	2310	4053	4054	2689	3057	1933	223	3428	3742	1588	3	617	65	2058	1466	1845	1365	4564	98	31	2535	5216	4842	853	4545	33	158	2713	1755	4767	4641	118	2193	957	2322	2752	2853	1110	2189	2074	17	2856	4905	3717	4027	3391	3199	688	1994	2793	3667	835	3075	3308	4599	3343	417	1420	2644	267	842	5	2032	4151	945	4053	140	2126	3216	1864	3742	1093	1280	530	2667	2278	914	3656	121	3051	4439	3596	4600	3380	2551	2393	3812	1524	933	2245	2654	1074	1509	4165	3136	1747	3508	3576	1516	4001	4144	4474	517	1866	752	320	733	79	5250	4353	2839	337	119	4505	2335	2391	1469	3237	2864	3204	4325	2593	3408	3191	157	2486	1138	2719	4370	3331	111	1873	2278	954	1657	2942	3111	3424	3839	3928	4163	1268	3560	1378	934	2630	2110	41	1889	3377	298	2170	1823	1362	393	828	385	2741	279	1330	3409	3458	2524	341	3176	2445	2562	2305	4716	236	2374	1054	3830	2099	1898	3904	166	2445	2675	2950	1669	1236	312	4129	919	1610	4072	807	915	2083	163	4	3129	3986	2199	4254	995	3646	3	517	3827	4197	4163	752	3458	4202	4810	2986	26	2769	1886	675	562	1380	2096	465	1417	4549	469	3454	956	918	4067	1394	3838	4134	1199	2379	1884	1546	3905	2009	2306	644	436	889	1310	1741	3274	2233	1039	371	2652	4243	4090	2391	4893	3269	5092	1621	11	322	3360	3098	1488	1777	2206	3724	2128	2389	3210	4099	3781	1044	218	86	1775	2050	1935	2362	2187	1443	47	3972	1526	3679	4433	4125	931	1337	2244	3659	3295	4106	629	55	2865	2563	541	3	2701	1452	3023	1187	1941	489	2	4006	2974	4384	1869	3248	4540	1848	2553	1132	1228	3646	3187	741	3974	2902	1239	610	4690	3700	3711	3268	2988	4576	1637	2251	1277	3404	3530	1757	728	1347	2590	2168	1685	2569	1554	1131	17	549	1143	2443	1863	876	4196	3191	1762	1936	939	4208	6	3662	4058	3683	2907	1176	446	1976	1827	2183	2862	1469	305	3261	2709	1820	2974	2180	1069	3471	1720	2407	3194	1757	2757	1361	1070	853	2973	3613	1086	2462	863	2098	1683	1837	791	1102	2195	649	362	2386	824	1976	1438	385	1355	2024	2922	4493	4646	4332	902	4702	2725	2949	1675	2403	1013	827	2778	3155	162	2401	3213	4574	147	929	2327	2253	2921	2124	1814	2644	2624	1132	2473	478	2359	664	2233	981	3180	55	3600	4208	3114	2139	2260	2752	2717	1182	1903	1720	1492	686	1415	1620	345	2898	2811	2934	2494	2196	2631	2927	2669	22	2879	1034	987	986	3091	1547	283	2117	4077	2040	2704	1947	1083	2143	1992	2520	3955	1153	2555	1089	19	1247	1058	3252	2848	3328	2364	245	1878	2838	1727	2615	1037	973	4181	2888	506	1542	892	55	4331	2817	2091	3130	834	1515	682	1503	2018	361	3041	2214	3228	2638	541	1052	1933	3364	1700	2232	411	3122	2704	2034	926	797	1486	1664	4652	1088	496	3647	2054	369	2741	3617	3143	2192	3249	3560	1232	1933	2382	2125	2579	2008	1040	1453	379	2627	737	1131	1622	4914	3204	2618	691	1390	2272	1191	2906	3246	1322	473	2316	787	1925	2536	2994	2322	413	2846	2492	3084	3089	3543	1375	1085	2421	2874	896	1413	2334	2245	2776	1990	4076	1891	3582	2738	2183	1684	1432	1666	843	963	1431	2300	1549	2905	2833	1352	1853	3341	1206	2971	2667	1174	3554	2366	3145	82	1768	2062
CBX2	395	519	1081	1150	1085	1043	993	405	453	1035	1030	1889	1885	1938	1790	15	1746	1361	1706	285	662	1432	1125	1283	636	600	1754	14	100	786	1421	1429	1505	1	684	1041	1549	1021	1234	1041	833	1301	954	5253	1276	694	369	1366	1061	708	858	1154	23	383	618	31	358	980	601	455	1656	791	737	1161	1358	288	1690	599	257	1242	1572	461	917	777	679	1103	1415	854	1067	731	1473	792	1721	912	1068	1842	443	1536	1667	856	880	380	1429	1675	1252	987	1491	1518	974	195	1183	524	458	440	1611	1385	1429	1527	1472	1037	1396	520	369	1394	522	894	1437	862	475	797	776	1210	2011	783	804	1564	1628	1442	1281	971	165	1477	1471	623	4	366	77	815	663	909	678	1674	339	12	1347	2461	2295	350	1898	4	90	1123	638	1987	1832	61	1059	430	1044	1205	1301	499	952	900	15	1133	2064	1499	1614	1345	1339	281	893	1197	1674	381	1198	1436	1804	1463	255	740	1134	112	439	3	989	1658	536	1549	52	1050	1418	937	1497	581	626	321	1184	1006	481	1451	68	1300	1787	1478	1937	1440	1038	954	1699	627	505	976	1183	605	757	1713	1340	788	1442	1461	787	1597	1719	1820	277	850	319	201	328	58	2227	1823	1252	148	65	1688	972	985	633	1369	1230	1362	1862	1069	1353	1278	95	1014	623	1081	1890	1484	96	1143	1105	532	1016	1344	1376	1435	1454	1547	1708	636	1623	668	492	1466	1001	19	871	1321	185	888	927	644	219	466	163	1136	200	529	1318	1506	1049	140	1232	950	988	1073	1859	139	1132	604	1496	927	754	1540	114	1014	1136	1358	770	585	141	1684	512	788	1636	341	474	897	75	2	1242	1634	886	1777	544	1522	2	318	1857	1657	1532	284	1203	1548	1963	1205	8	1134	882	391	344	692	860	209	704	1903	167	1410	548	462	1592	522	1646	1683	557	961	908	694	1611	846	958	420	155	441	502	781	1398	1235	518	194	1053	1716	1580	1126	2026	1402	2062	799	29	203	1469	1182	563	757	902	1506	950	1099	1293	1647	1634	542	104	46	745	1001	890	1088	987	736	20	1604	731	1451	1838	1521	526	637	911	1458	1284	1658	251	21	1225	1093	251	1	1273	605	1326	615	899	181	2	1535	1311	1763	759	1196	1913	789	1155	561	495	1538	1219	437	1574	1196	640	387	1887	1552	1550	1298	1204	1789	841	1029	664	1468	1396	724	426	669	1210	1053	773	1209	738	553	5	233	633	1060	810	407	1845	1290	787	998	493	1735	5	1364	1643	1479	1220	621	284	921	866	951	1265	652	192	1364	1160	833	1152	977	494	1430	822	1046	1402	882	1210	635	525	439	1308	1553	577	1084	425	920	753	789	467	560	906	375	238	1067	451	922	718	192	648	963	1286	1902	1940	1828	648	1943	1147	1246	719	1112	425	422	1142	1400	118	1054	1310	1836	110	492	1045	968	1205	952	881	1202	1015	615	1126	282	1063	358	1032	520	1343	19	1537	1726	1426	1031	1047	1259	1229	652	917	752	750	411	740	776	216	1287	1174	1368	1156	1067	1192	1251	1073	13	1255	533	485	601	1325	771	147	1008	1619	966	1120	926	545	1031	903	1171	1606	642	1130	573	23	602	436	1468	1271	1461	1063	167	890	1249	873	1228	473	544	1799	1303	343	794	441	68	1847	1223	966	1266	485	842	330	668	969	256	1357	1088	1487	1215	318	570	953	1490	804	1014	276	1444	1228	953	521	480	724	799	1867	604	306	1487	946	167	1285	1580	1428	1083	1346	1440	570	931	1082	926	1084	817	558	634	243	1186	365	612	866	2131	1394	1153	355	767	1050	665	1357	1372	668	285	1389	448	797	1134	1319	1082	267	1300	1143	1363	1314	1525	713	527	1158	1410	499	716	1073	1099	1274	958	1633	953	1419	1440	1014	871	720	812	489	514	692	1005	807	1318	1307	706	931	1454	607	1338	1142	616	1519	1043	1343	61	834	928
CBX5	1274	1811	3003	3479	4511	3665	3089	957	1113	2926	2941	8343	7425	8892	8406	26	5025	4795	6399	598	2831	6587	4475	5037	1642	1768	5674	108	227	1829	4695	4160	6926	1	1599	4190	5371	3103	4071	2886	2027	5057	3246	1276	21083	1174	1296	4546	5850	3752	4241	6052	68	795	1461	51	685	1768	1899	2114	7064	1952	1715	5453	3963	545	6871	1515	631	4587	5974	1160	2318	2731	3302	3343	6114	2064	2934	1890	4816	1990	6604	2167	2664	7242	1889	6604	7693	2595	3009	818	6626	7547	4527	3638	5717	6884	3137	130	3811	1485	943	1722	8347	6425	7176	7628	4667	4504	6404	2263	777	6549	1315	4582	6557	2593	1257	2310	1743	5072	7541	3429	3301	6812	8322	4396	5007	2505	299	5066	5182	1913	4	783	77	2962	1939	2479	2167	7184	241	153	6394	9152	7634	1395	6728	75	442	4027	2152	7772	8433	138	2669	1929	3867	3966	4182	2513	4734	3898	25	4768	8401	5899	7049	6444	5482	906	2322	4106	4813	981	5776	4958	7945	5183	550	1780	3787	402	1277	6	2621	7461	1222	7586	147	2702	4358	2352	6279	1327	1928	654	3877	3882	1683	6253	232	4380	7807	6799	7917	5719	4266	3064	5413	3145	1163	3624	3540	1406	1847	7317	4830	2576	5398	5574	1816	7698	7265	6938	724	2315	1669	538	1547	97	9488	6643	5008	755	144	7892	3288	3240	2516	5384	4348	5156	6921	4794	6168	6098	216	4430	1595	3974	6828	4942	174	2330	3119	1213	2250	3723	4357	5290	5934	6565	6518	1777	5443	1972	1209	4120	2930	44	2706	6498	398	3996	2328	1920	733	1112	829	5369	390	2753	6752	4881	4324	411	4463	3183	3616	3302	7067	323	3066	1305	5990	4092	3497	7535	242	4736	3412	4112	3232	2045	510	7411	1192	1962	7058	1277	1118	2684	225	2	3982	6604	3372	6107	1266	6390	5	658	5781	6816	5674	907	4446	5893	8304	5534	40	4741	2575	917	691	1788	4346	720	1803	8825	627	6642	1244	1363	5460	2203	5404	7329	1725	4685	2289	2313	6421	3629	3588	770	602	1357	1698	2634	4869	3009	1560	571	5775	7552	7856	2949	9239	4720	9226	2100	23	434	5023	4208	1905	3400	3837	6370	3642	3159	5883	7897	6000	1408	438	197	4620	3044	2522	3383	2992	1925	42	7544	2133	7039	8161	6769	1190	2195	2630	4961	5386	6188	753	73	4062	3199	594	2	3500	2534	6278	1753	2876	632	3	5382	3809	7149	3080	4521	7646	3288	3768	1702	2799	6247	6556	964	7874	5390	1848	704	8637	5510	5410	5752	4795	8133	1931	2986	1556	4960	6658	3373	952	1686	3340	2712	2452	3447	2306	1545	22	1094	1523	3794	2450	1075	6417	5015	2504	2691	1245	7747	12	5959	5922	5515	4638	1565	622	2799	2203	2627	4674	2534	402	5646	4476	2587	5532	3465	1828	5345	2439	3543	4554	2347	4231	1845	1413	1300	4383	6117	1360	3204	1308	2770	2623	3090	972	2076	3805	849	722	3495	1172	2902	1751	457	1989	2529	4198	6917	7487	6630	1080	8301	3814	4093	2395	3046	1519	1189	5027	4431	229	3800	5669	7827	185	1211	4275	3395	4876	3024	2262	3613	3593	1509	3281	630	3361	788	3119	1162	5406	78	6633	7935	4774	2953	3013	3882	4094	1391	2328	2668	2039	863	1753	2176	437	4534	4620	4142	3321	3050	3591	4541	4571	33	5255	1434	1711	1225	4846	2198	376	2657	7697	2605	4344	2653	1442	2932	2662	3413	6397	1509	4254	1310	35	1585	2035	4481	4211	4929	3281	309	2677	4146	2041	3453	1598	1169	7016	4134	641	2065	1182	80	6889	4469	2846	5294	1164	2407	843	1933	2771	486	4194	2759	4465	3657	718	1349	2466	5100	2537	2811	516	4056	3673	2812	1177	956	1802	2477	7779	1404	599	6345	2732	387	4004	5620	4369	2819	5409	6608	1661	2376	3335	3345	3614	4469	1781	2734	484	3687	868	1318	2063	7937	4990	3801	1150	1858	2850	1606	3913	5253	1661	707	3160	1091	2557	3784	4235	3069	543	3979	3531	4537	4563	5320	1664	1505	2889	3733	1124	1920	3473	3103	3761	2786	6370	2327	6176	4022	2966	2145	1854	2218	1013	1164	2146	3661	1980	3760	3937	1805	2345	4678	1552	4485	3985	1601	5064	3444	5441	107	2251	2608
CC2D1A	311	562	968	1067	1051	935	920	382	480	930	968	1734	1737	1842	1567	12	1601	1285	1623	250	757	1382	1007	1242	597	604	1628	30	97	732	1248	1247	1366	1	544	879	1387	972	1185	955	746	1171	821	694	1174	4403	385	1232	1080	707	848	1142	19	334	566	25	302	925	547	536	1584	748	651	1228	1201	295	1390	589	269	1186	1530	462	740	751	690	1040	1383	727	1025	670	1292	727	1632	783	866	1570	459	1429	1526	906	866	344	1389	1514	1185	976	1357	1354	877	30	1081	510	410	433	1516	1300	1399	1448	1327	1055	1332	546	342	1254	470	888	1375	842	442	714	613	1162	1658	786	863	1479	1551	1428	1278	890	137	1251	1392	584	4	330	78	827	650	840	582	1788	58	29	1064	2047	1873	490	1782	2	105	1046	607	1826	1695	59	926	417	937	1092	1166	503	909	838	15	1126	1843	1467	1512	1281	1256	285	726	1065	1278	342	1171	1353	1601	1324	282	651	1045	106	433	2	880	1529	486	1465	63	910	1207	878	1403	546	600	327	1125	1011	479	1328	71	1179	1648	1452	1618	1273	953	1016	1412	640	453	978	1051	557	677	1591	1235	793	1330	1381	688	1469	1604	1707	279	766	313	162	301	50	1944	1586	1148	199	65	1590	973	972	722	1347	1175	1199	1639	998	1263	1287	114	1003	596	1036	1594	1266	87	1141	953	525	697	1149	1193	1318	1363	1553	1500	591	1454	640	449	1434	982	17	867	1315	175	923	808	649	207	427	154	1076	173	601	1299	1300	1000	155	1178	924	995	1045	1718	135	989	512	1439	893	778	1466	98	1010	1003	1180	757	642	165	1469	461	727	1519	323	482	779	80	1	1151	1576	877	1607	528	1434	1	298	1706	1502	1519	332	1215	1583	1717	1194	14	1087	792	359	330	641	832	195	589	1671	161	1307	512	413	1514	612	1362	1501	488	961	838	625	1509	838	919	378	159	435	501	807	1255	908	518	211	1001	1547	1493	971	1740	1264	1930	772	18	157	1362	1169	583	812	881	1331	895	979	1249	1445	1513	543	107	37	708	985	861	1038	952	716	20	1481	729	1365	1693	1479	466	664	861	1341	1154	1469	256	16	1181	989	247	2	1117	618	1148	553	936	185	3	1459	1092	1633	726	1149	1714	805	1052	529	502	1402	1230	403	1455	1151	652	334	1668	1295	1369	1249	1146	1673	732	955	579	1282	1312	757	402	674	1066	943	782	1098	726	499	5	215	595	1000	792	352	1521	1126	720	836	460	1532	3	1341	1519	1250	1112	535	238	846	749	889	1239	654	172	1245	1013	818	1040	960	485	1261	783	986	1272	815	1130	607	484	418	1150	1358	583	1010	435	882	773	780	444	566	935	358	155	1075	424	848	641	179	611	900	1193	1625	1696	1581	646	1753	1064	1144	671	986	386	397	1119	1275	118	980	1176	1679	99	495	919	914	1172	936	784	1076	1035	546	1014	282	1032	339	975	504	1251	22	1377	1566	1368	969	924	1194	1162	568	840	742	738	393	672	761	201	1119	1169	1196	1041	951	1037	1173	977	13	1108	480	490	533	1267	710	141	859	1479	869	1118	872	515	963	848	1089	1474	623	1094	545	21	580	457	1264	1177	1360	946	160	852	1098	751	1009	473	501	1492	1209	313	684	458	73	1657	1148	949	1269	410	688	292	595	818	240	1291	969	1299	1074	290	491	842	1286	786	908	270	1216	1119	891	507	428	651	707	1598	536	300	1368	898	156	1168	1479	1253	972	1281	1367	593	835	971	850	1063	756	490	649	241	1072	329	515	787	1746	1229	1049	356	674	973	620	1205	1256	590	280	1293	432	741	1022	1203	1056	264	1170	1061	1116	1189	1382	609	555	981	1121	482	672	1046	980	1123	904	1451	821	1355	1149	994	755	698	718	463	461	631	1026	763	1149	1146	631	819	1259	615	1163	1120	616	1358	1031	1238	51	750	848
CCAR2	361	543	796	927	1178	859	891	309	315	720	854	1876	1722	1878	1728	15	1263	1279	1777	167	867	1491	1082	1293	451	537	1414	50	74	498	1136	1039	1538	1	409	1018	1269	822	1127	917	552	1213	875	369	1296	385	4449	1172	1340	945	985	1349	20	301	372	15	174	437	611	685	1731	532	460	1483	1092	163	1357	421	237	1195	1505	361	581	811	904	898	1409	507	799	520	1198	504	1599	565	665	1659	510	1556	1628	805	874	254	1669	1569	1207	1077	1491	1513	859	25	1028	614	303	461	1730	1551	1650	1640	1136	1208	1478	715	234	1392	369	1227	1540	776	421	714	423	1306	1582	915	980	1513	1758	1203	1374	685	71	1120	1336	564	2	213	19	1050	630	703	536	1884	34	34	1261	2040	1815	416	1751	7	126	1105	643	1847	1843	78	648	621	970	1041	1084	586	1158	1070	16	1145	1799	1584	1567	1529	1417	383	661	1093	1132	320	1319	1295	1680	1298	169	511	1060	153	343	6	655	1613	367	1571	41	681	1115	699	1501	384	529	245	1021	1036	507	1563	77	1119	1696	1710	1616	1294	1049	973	1256	894	370	942	974	391	537	1596	1219	750	1278	1344	453	1599	1691	1671	226	715	470	117	421	36	1969	1601	1193	247	58	1711	960	991	787	1366	1145	1258	1599	1104	1420	1402	79	1125	480	1047	1534	1278	49	658	835	359	584	890	1024	1206	1382	1670	1450	517	1331	531	376	1095	896	30	845	1509	145	1239	621	541	191	294	221	1252	103	875	1546	1107	1127	159	1132	861	936	939	1729	97	751	371	1533	1085	1043	1693	73	1179	853	969	813	613	180	1657	379	581	1727	395	308	845	171	3	1030	1668	1006	1490	383	1478	3	173	1426	1564	1499	326	1220	1651	1763	1362	15	1205	728	300	198	521	1143	378	643	1800	152	1501	402	465	1437	785	1318	1620	572	1173	660	625	1511	1015	1061	205	161	404	493	766	1237	722	579	223	1244	1670	1661	828	1818	1216	1986	602	5	129	1326	1173	639	970	1012	1536	964	866	1378	1643	1398	400	142	54	906	931	739	989	898	618	16	1685	592	1555	1800	1658	363	665	695	1269	1356	1425	227	25	1172	944	173	2	856	749	1208	546	934	149	1	1370	921	1710	980	1271	1726	1001	1103	586	806	1491	1466	271	1608	1267	531	202	1810	1254	1268	1349	1211	1775	546	839	401	1187	1513	927	329	513	829	763	769	1001	689	459	11	311	478	939	928	474	1467	1150	652	686	391	1791	10	1392	1472	1287	1139	443	200	856	576	775	1208	716	111	1347	1056	826	1225	1010	556	1180	701	919	1195	678	1138	541	504	397	1173	1461	468	897	383	855	725	978	300	638	1042	276	211	984	348	802	483	155	625	756	1091	1560	1639	1505	260	1793	1010	1135	659	812	550	338	1263	1165	56	998	1333	1668	76	400	1014	881	1164	870	600	989	983	503	899	202	926	243	876	387	1274	30	1560	1726	1286	797	707	1037	1024	415	644	923	577	261	525	611	155	1049	1224	957	942	838	820	1151	1230	24	1190	413	536	347	1243	647	117	723	1588	700	1144	842	450	779	828	973	1477	488	1121	391	7	517	632	1036	1183	1312	902	98	752	1080	556	891	463	324	1503	1194	170	507	383	18	1569	1266	785	1335	332	646	261	598	687	138	1196	751	1123	980	221	401	710	1353	737	772	126	1003	1014	777	407	323	506	642	1648	360	194	1383	831	154	972	1430	1100	770	1374	1480	609	668	832	888	1068	991	533	796	139	1055	282	401	586	1677	1221	954	318	649	786	496	1013	1361	482	235	814	315	820	1119	1160	868	152	1136	916	969	1198	1338	430	508	746	935	290	591	966	802	1032	767	1490	686	1409	1016	922	579	501	594	318	380	607	1023	546	898	957	517	663	1175	521	1187	1129	537	1275	1024	1275	39	684	784
CCDC6	1096	1919	3658	4506	4342	3426	3534	1216	1275	3278	3476	7721	7931	8231	6987	29	5864	5210	7208	579	2998	5775	4026	5082	1956	1792	6422	113	202	2465	5099	4840	5967	1	1878	3696	5609	3374	4485	3643	2463	4739	3108	1366	4546	1232	1172	20551	4471	3073	3343	4711	87	947	1871	59	800	2159	2065	2033	7103	2423	2022	5220	4696	763	6017	1720	619	4534	6383	1351	2604	2680	2787	4032	5765	2469	3802	2168	5610	2462	7138	2774	3123	7306	1593	6055	6571	2999	3015	932	5782	6666	4647	3719	5766	5835	3176	110	4136	1555	1300	1493	6666	5495	5912	6234	5104	4189	5533	2113	926	5395	1576	3758	5910	2982	1264	2628	2633	5048	7629	3066	3461	6332	6618	4616	5257	2977	376	5107	5861	2102	4	841	106	2812	2128	2834	2225	8355	249	102	5010	9618	8850	1765	8227	12	406	4194	2219	8407	7580	164	3439	1625	3610	4205	4457	2056	3712	3307	23	4235	8293	6182	6349	5525	5193	960	3142	4303	5793	1209	4674	5438	7366	5441	666	2337	4053	387	1300	8	3141	6535	1368	6312	186	3275	4810	3052	6155	1708	1709	888	4146	3675	1648	5708	219	4692	7152	6041	7240	5116	3620	3828	6134	2634	1362	3459	4225	1531	2228	6727	5094	2578	5449	5691	2172	6279	6967	7515	674	2668	1237	504	1179	90	9204	7255	4457	823	127	7302	3673	3699	2460	5314	4593	5130	7540	3687	5130	5027	250	3908	1874	4328	7224	5270	165	2949	3594	1450	2561	4666	4742	5383	5952	6514	6561	1806	6803	1964	1208	4345	3493	42	3101	5560	424	3798	2808	1971	569	1151	558	4384	448	2610	5305	5346	3967	437	4796	3488	3744	3814	7951	344	3624	1568	6407	3545	3193	6332	225	4043	4180	4514	2910	2074	487	6704	1360	2453	6781	1238	1392	2988	219	4	4750	6913	3168	6983	1571	5871	3	820	6368	6469	6928	1024	5242	7092	7935	4813	36	4297	3002	924	792	2641	4232	646	2000	7547	628	5661	1499	1237	6956	2181	6011	6544	1616	3780	3083	2179	6298	3362	3577	998	693	1335	1723	2655	5119	3435	1742	643	4115	6782	6451	3695	8199	5247	8884	2620	24	417	5381	4960	1922	2970	3393	6094	3667	3477	5071	6562	6154	1503	413	164	2769	3451	3060	3828	3357	2225	61	6443	2237	5891	7516	6482	1259	2169	3241	5750	5198	6438	844	66	4437	3808	782	2	4419	2280	4799	1714	3147	596	4	6481	4562	7166	2801	4879	7770	3055	4177	1709	2314	6092	4964	1106	6165	4676	2080	941	7648	5684	5808	5177	4752	7434	2536	3461	1957	5161	5559	2889	1088	1970	4074	3596	2547	4192	2335	1542	16	848	1744	3579	2680	1161	7017	4684	2726	2923	1379	6566	12	5472	6880	5467	4456	1606	654	3181	2929	3604	4649	2281	417	5268	3893	2896	4176	3559	1789	5251	2747	3548	5018	2763	4563	1890	1570	1179	4652	5807	1677	4027	1352	3205	2511	3106	1269	2090	3374	866	468	3955	1139	2866	1963	482	1940	3336	4542	7327	7710	7217	1416	7794	4170	4405	2394	3648	1252	1153	4262	5208	264	3696	4789	7482	191	1417	3605	3458	4444	3189	2811	4334	3817	1676	3746	760	3960	878	3518	1443	4845	70	5883	6989	5212	3329	3370	4338	4252	1873	2962	2380	2278	976	2160	2369	475	4528	4460	4525	3858	3412	3826	4491	4097	33	4673	1583	1552	1490	4879	2229	361	3298	6360	3033	4147	3019	1639	3229	3148	4029	6242	1775	4105	1611	36	1830	1626	5087	4591	5502	3845	362	2788	4532	2739	4038	1582	1517	6515	4645	744	2188	1345	101	7042	4676	3211	4774	1163	2347	886	1937	2772	576	4950	3574	5125	4102	800	1392	2766	5293	2624	3680	703	5119	4985	2978	1384	1197	2192	2376	7273	1497	725	5601	3262	438	4190	5884	5106	3573	5320	5532	1834	2936	3357	3148	3954	3149	1754	2336	518	4135	1132	1753	2503	8354	4904	3952	1052	2403	3426	1923	4773	5275	1875	627	3614	1201	2801	4145	4644	3864	630	4631	3901	4430	4977	5684	2085	1706	3788	4709	1369	2270	3648	3458	4298	2955	6227	3043	5507	4570	3732	2574	2050	2428	1440	1494	2321	4730	2494	4430	4374	2061	2912	5391	1822	4692	4402	1907	5683	3649	4974	118	2754	2791
CEBPA	1432	1770	2098	2678	9518	2728	2684	805	895	2152	2992	16161	8286	12053	16763	42	4671	5531	9372	434	4514	8999	5687	8328	1329	1652	6260	278	175	1331	4781	3483	12737	1	1231	4921	4556	2941	3649	2844	1452	4924	2716	1061	5850	1080	1340	4471	44507	11995	8462	15187	85	720	949	47	474	1208	1551	3643	11019	1640	1224	10265	3597	393	7600	1211	764	7015	6472	938	1627	3045	6329	2604	7458	1460	2549	1392	4489	1400	8285	1553	1908	7903	3680	7466	11736	2758	2680	553	13743	9136	5404	4878	7442	8978	2554	96	3710	1170	768	2842	13143	15194	16321	14919	3989	8386	9359	3654	569	9474	1288	10895	11798	3204	1134	1975	1225	6410	7094	7270	4804	7338	16402	5750	7670	2063	220	4052	4890	1573	4	543	59	2741	1608	2240	2716	12978	236	463	17464	16502	10442	2480	8974	133	1080	3911	1641	11144	13715	153	1887	3836	4070	3384	3486	7678	10689	5594	26	5117	8806	8942	8067	13832	9632	754	1822	3477	3566	1421	9702	5375	9682	5692	426	1399	4079	529	1371	4	1943	8950	954	9749	139	2015	3518	1931	10078	1096	1575	568	3848	6298	2596	10174	605	4349	10543	12788	6806	5617	4221	2896	4404	6237	962	3582	3174	964	1377	9095	5031	2510	5127	5717	1278	11884	10301	8908	621	1882	3161	579	3007	61	13768	6152	5426	1958	157	12455	3632	3190	3723	6876	4686	5714	8642	5554	8148	10278	211	6188	1505	4073	6379	4560	129	1945	2484	990	1682	2728	3212	5182	6251	10585	5749	1480	5797	1561	985	5361	2994	53	2809	11943	361	8550	1735	1535	874	783	1308	8217	307	6848	13999	3699	5132	347	4510	3008	3680	3607	7664	265	2237	992	7921	7184	6749	13192	192	8704	3014	3107	7414	3544	476	9305	912	1538	13986	1791	888	1962	218	4	3177	9563	3801	5373	959	8670	6	460	5810	9979	5919	857	4399	6098	9255	9198	48	5200	2449	730	471	1489	9414	734	1316	13096	676	12838	1075	1427	5507	2455	4327	8648	1613	8210	1804	1946	7085	5819	4478	533	855	1586	1721	2672	4645	2397	1775	885	7636	10471	13280	2365	13228	4071	15297	2173	24	390	5468	4114	1589	6135	5372	9546	4924	2475	7551	12664	5689	1124	964	472	6792	3495	2200	3700	2758	1824	43	15030	1925	13668	14982	11353	828	2411	1931	4233	6902	5973	674	78	4501	2368	413	14	2678	2999	7977	1586	3464	476	2	4733	2603	9158	4443	4986	10537	5623	4335	1605	7446	11060	12745	732	12399	9510	2436	487	12825	5090	5228	7888	5461	10966	1368	2508	1061	3940	9325	5076	948	1377	2613	2187	2702	3205	2168	1391	21	1695	1271	3293	2008	865	5817	5263	2760	2483	1110	7569	19	6006	6321	4754	4845	1148	499	2717	1577	2081	5936	3235	292	6561	4158	2746	5725	4207	2393	4737	2695	3213	4128	1983	5486	1493	1159	1125	4225	6959	1132	2641	1076	2414	2504	4109	795	4020	4681	688	804	3836	953	2648	1338	335	1889	2323	3950	6118	7990	6576	707	12098	3734	3939	2218	2378	1635	1194	6600	4172	177	5011	7170	11061	125	986	5601	3721	5204	2900	1673	3112	3103	1343	2730	551	3495	601	2814	973	6106	63	10060	13841	5203	2531	2115	3403	3791	1034	1746	3329	1674	654	1317	1805	324	4221	5878	3125	2822	2462	2571	5221	5705	32	6970	1170	2280	869	5629	1817	311	2100	10499	1954	4551	2578	1508	2350	2447	3009	5867	1334	6576	1068	57	1380	4116	3409	4410	4945	3030	243	2395	4114	1502	2706	2069	850	6367	4286	434	1543	1205	56	6786	6555	2640	6370	1021	2491	624	1433	2100	340	3979	2191	3736	3216	682	1026	1900	5052	2444	2285	384	3213	3349	2359	1069	737	1374	1909	7890	1038	458	6313	2382	313	3239	5588	4071	2485	8230	8513	1578	1864	2617	4108	3271	8412	2387	4335	339	4051	660	965	1591	7689	4392	3264	1403	1882	2175	1403	3429	6699	1347	552	2620	840	2226	3736	4040	2691	402	3779	3031	3162	5207	5200	1167	1619	2084	2988	858	1630	3061	2469	3477	2438	5989	1887	7248	4108	3371	1572	1346	1598	838	1001	2383	4657	1577	2815	2995	1538	2170	4193	1400	4297	4615	1491	4753	3838	6592	97	1816	2076
CEBPB	926	1229	1464	1862	5718	1708	1867	575	579	1367	2003	9660	5430	7347	9784	30	3150	3642	6027	265	3148	5921	4018	6234	920	1038	4495	235	107	912	3143	2298	7682	1	767	3237	2892	1916	2478	2027	972	3236	1794	708	3752	707	945	3073	11995	27445	7386	11193	73	488	643	32	302	799	1144	2489	7235	1083	820	6513	2417	258	4451	825	601	4414	4347	628	1070	2051	4133	1825	4593	975	1750	953	2961	934	5314	999	1266	4981	2514	4795	6906	1859	1795	368	8503	5502	3404	3527	4756	5450	1674	44	2449	808	497	1814	8231	8858	9528	8671	2554	5416	5876	2555	388	5745	821	6496	7038	2166	771	1402	861	4039	4642	4533	3186	4662	9780	3963	4845	1364	124	2522	3310	1140	2	327	32	1820	1067	1505	1683	8259	154	311	10472	10089	6673	1603	5885	90	694	2594	1136	7046	8460	116	1223	2494	2605	2161	2297	6348	6385	3695	19	3289	5392	5705	4973	8490	6243	526	1243	2278	2416	934	5673	3500	6249	3764	280	958	2797	514	902	3	1222	5507	653	5935	131	1327	2263	1330	6218	728	961	390	2526	4367	1700	6681	389	2846	6496	8066	4223	3546	2739	2029	2845	3865	669	2276	2087	612	910	5859	3420	1639	3338	3744	836	7090	6499	5917	351	1283	2038	346	1911	40	8480	4094	3441	1372	100	7531	2521	2259	2546	4346	3062	3678	5511	3448	5147	5928	139	3861	1039	2789	4106	2960	65	1336	1609	649	1132	1831	2033	3269	4051	6721	3701	947	3978	983	652	3586	2088	41	1996	7244	248	5755	1138	1011	551	499	842	5112	190	4240	8749	2307	3465	240	2983	2074	2512	2433	5192	169	1500	645	5397	4494	4336	7874	113	5458	2104	1990	4551	2272	335	6012	605	1029	8283	1277	568	1327	146	2	2122	6183	2470	3582	649	5441	3	307	3948	6169	4056	645	2997	4119	5829	5423	45	3299	1571	452	318	988	6001	494	904	7915	455	7525	720	1004	3720	1728	2859	5391	1115	5111	1216	1248	4567	3759	3091	366	652	1099	1284	1743	3183	1559	1281	640	4752	6561	7677	1548	8133	2757	9196	1474	6	217	3622	2841	1034	3881	3522	6141	3183	1616	4864	7739	3593	679	725	316	4236	2374	1492	2471	1903	1251	34	8920	1300	8028	9092	6946	554	1584	1340	2827	4422	3820	556	82	3005	1622	324	8	1797	2057	4637	1076	2345	308	2	3170	1769	5853	3136	3543	6585	3706	3017	1132	4592	6716	7692	467	7420	6074	1823	320	7907	3306	3463	4928	3661	7028	932	1638	750	2522	5685	3190	653	924	1716	1456	1746	2129	1478	915	17	1374	826	2026	1356	628	3846	3404	1901	1621	751	4669	7	3820	4237	3030	3099	690	276	1844	1102	1450	3760	2304	189	4297	2622	1899	3800	2879	1647	2901	1878	2054	2694	1326	3673	948	778	652	2824	4439	770	1802	730	1645	1527	2793	527	2695	3087	449	494	2493	581	1735	816	260	1234	1609	2634	3894	5002	4222	482	7464	2655	2683	1507	1569	1068	761	4098	2757	107	3346	4557	6864	102	683	3892	2415	3326	1877	1114	2094	2060	883	1820	344	2303	422	1914	674	3830	48	6246	8567	3352	1700	1370	2199	2463	700	1176	2270	1116	426	901	1216	199	2656	3880	1968	1902	1632	1629	3434	3735	24	4480	757	1580	575	3608	1189	187	1378	6549	1304	2885	1705	1007	1534	1712	2045	3723	877	4155	707	24	970	2610	2161	2910	3260	2018	169	1531	2667	1008	1807	1346	572	3964	2800	274	986	838	24	4254	4106	1735	4021	639	1639	453	887	1285	204	2653	1464	2437	2120	477	642	1271	3253	1639	1540	265	2112	2356	1518	734	507	914	1188	5037	656	316	3852	1663	251	2022	3539	2642	1671	5070	5374	1091	1213	1683	2713	2208	5344	1647	2662	188	2731	455	702	1097	4831	2736	2101	909	1354	1456	1026	2248	4298	833	342	1738	539	1457	2515	2686	1875	235	2615	1993	1942	3384	3399	788	1071	1394	1964	569	1135	2000	1636	2321	1593	3849	1298	4521	2667	2253	1043	843	1037	581	664	1591	3059	1030	1836	1920	1014	1413	2775	933	2728	3078	1028	3089	2608	4168	54	1267	1333
CEBPD	923	1366	1796	2129	4959	2210	2124	656	755	1798	2176	8011	5402	7051	8197	28	3492	3758	5451	448	2849	5797	4090	5725	1144	1287	4533	197	155	1160	3397	2705	6888	1	985	3166	3348	2173	2722	2182	1269	3652	2079	858	4241	848	985	3343	8462	7386	19953	8429	61	585	896	39	437	1070	1227	2138	6426	1354	1115	5706	2718	352	4080	1035	654	4306	4517	761	1386	2214	3702	2116	4663	1276	2046	1204	3278	1260	5294	1339	1654	5155	2144	4892	6527	1949	2058	516	7133	5652	3450	3416	4696	5504	2102	68	2741	968	658	1719	7472	7101	7650	7512	2982	4922	5766	2345	531	5742	942	5504	6441	2233	914	1634	1054	3988	4962	3995	3143	4982	8300	3888	4655	1663	205	3017	3605	1311	4	545	64	1957	1268	1746	1551	6844	133	153	7337	8228	5897	1337	5357	41	472	2901	1321	6617	7691	117	1609	2287	2743	2530	2714	4738	5521	3792	16	3664	5541	5344	5061	6807	5262	605	1474	2541	2795	909	5263	3726	6102	4039	367	1199	3052	400	982	4	1665	5640	823	5976	111	1657	2690	1581	5933	918	1290	486	2805	3921	1656	5966	343	3129	6401	6810	4688	3985	3267	2136	3266	3434	820	2664	2368	863	1157	5992	3778	1911	3705	4037	1147	6666	6148	5704	532	1544	1711	365	1567	63	7738	4392	3752	1168	105	6988	2750	2488	2585	4423	3262	3913	5323	3726	5252	5579	187	3899	1224	2899	4445	3228	133	1563	1963	850	1397	2280	2567	3676	4147	6208	4050	1248	4203	1315	847	3505	2239	42	2123	6603	306	4580	1478	1290	589	715	716	4752	238	3482	7411	2821	3736	301	3251	2234	2688	2689	5208	225	1885	831	5186	3955	3763	7003	184	4974	2254	2442	3861	2157	393	5863	787	1300	6974	1203	755	1611	159	4	2412	5757	2662	3924	842	5335	2	409	4250	5803	4003	686	3096	4099	5823	5138	45	3528	1827	640	439	1208	4901	469	1120	7009	471	6647	884	1105	3797	1664	3161	5550	1248	4712	1496	1549	4782	3721	3094	496	547	1160	1240	2019	3426	1857	1398	589	4790	6173	7062	1898	7521	3180	8147	1682	22	271	3767	2964	1232	3670	3616	5649	3131	1970	5083	7171	3884	917	638	286	3718	2479	1740	2605	2107	1429	36	7555	1487	7015	7875	6182	748	1829	1589	3141	4401	4095	561	67	3155	1918	377	5	2151	2098	4252	1371	2431	374	2	3489	2182	5778	3002	3460	6325	3307	3068	1335	3758	5990	6813	656	6812	5416	1889	453	7292	3661	3809	4998	3781	6880	1218	1939	957	2963	5682	3109	728	1171	2060	1829	1978	2402	1735	1034	16	1306	1037	2479	1613	737	4134	3510	1885	1896	918	4698	11	4201	4374	3367	3393	1025	435	2029	1339	1670	3862	2318	272	4577	3011	2022	3974	2918	1647	3266	1988	2332	3017	1598	3703	1280	934	912	3002	4524	958	2131	883	1833	1889	2631	673	2441	3286	578	508	2655	829	2028	1154	302	1458	1827	2978	4174	5022	4399	699	7084	2839	2959	1819	1910	1149	903	4281	3056	154	3169	4417	6442	134	831	3961	2526	3668	2175	1446	2441	2358	1053	2135	458	2469	512	2152	796	4146	54	5832	7644	3494	1974	1821	2553	2769	891	1484	2188	1417	590	1130	1490	282	2958	3974	2462	2237	1958	2121	3590	3804	29	4336	926	1654	750	3761	1475	270	1699	6435	1621	3240	1951	1077	1935	1908	2374	4178	1073	3933	906	37	1119	2130	2635	3147	3489	2258	210	1835	2909	1265	2165	1356	765	4336	3015	409	1283	931	63	4473	4078	2012	4258	802	1815	531	1158	1675	311	2955	1808	2844	2390	553	891	1594	3523	1909	1895	360	2519	2570	1870	865	684	1170	1475	5271	908	431	4249	1924	264	2403	3775	3024	1986	4876	5422	1211	1560	2065	2686	2577	4684	1576	2601	317	2881	563	902	1363	4867	3114	2448	988	1474	1815	1200	2596	4333	1069	496	2027	706	1637	2727	3008	2130	361	2835	2325	2479	3472	3715	1051	1195	1763	2314	751	1347	2383	1991	2600	1858	4189	1522	4727	2968	2418	1321	1172	1384	697	824	1616	3162	1325	2312	2374	1254	1686	3156	1136	2982	3133	1158	3428	2756	4440	88	1537	1643
CEBPG	1434	1826	2462	3045	8220	3047	2949	884	998	2450	3130	14291	8418	11779	14474	40	4911	5565	8845	483	4320	8883	5678	8123	1500	1765	6452	252	190	1589	5026	3800	11445	1	1368	4740	4871	3087	3912	3002	1692	5154	2970	1154	6052	1142	1349	4711	15187	11193	8429	37659	84	777	1189	46	553	1436	1745	3403	10448	1813	1415	9346	3868	472	7645	1369	772	6696	6684	1048	1919	3039	5829	2971	7544	1694	2812	1615	4855	1712	8119	1796	2201	7940	3326	7594	11015	2837	2904	700	12066	9070	5314	4788	7232	8707	2845	87	3862	1324	854	2524	12079	12628	13679	13059	4275	7645	8863	3503	660	8949	1336	9242	10670	3127	1234	2160	1459	6272	7303	6464	4713	7558	14394	5600	7260	2290	261	4497	5243	1832	4	633	72	2840	1826	2399	2607	11879	181	388	14048	14630	9958	2284	8735	84	943	4097	1910	10554	12762	167	2177	3340	4100	3713	3773	6981	9146	5376	27	5232	9009	8563	7990	11954	8786	813	2051	3698	4084	1415	8847	5546	9614	5792	470	1610	4224	537	1363	5	2185	8866	1073	9652	143	2293	3804	2132	9394	1185	1694	620	3997	5815	2371	9409	499	4544	10240	11506	7183	5870	4434	3127	4808	5634	1039	3726	3428	1098	1571	9058	5220	2655	5456	5975	1487	11187	9908	8757	645	2097	2771	544	2619	74	12881	6472	5488	1743	149	11655	3720	3411	3616	6718	4792	5776	8453	5597	7890	9577	205	5951	1629	4249	6631	4756	134	2177	2780	1092	1887	3160	3632	5500	6444	9969	6134	1585	5935	1760	1057	5237	3175	50	2920	10791	383	7588	1994	1692	855	912	1133	7692	318	5852	12884	4097	5183	364	4747	3229	3929	3673	7876	294	2599	1118	7702	6309	6039	11939	217	7753	3352	3459	6362	3179	492	9196	1030	1744	12179	1688	1002	2233	218	2	3550	9201	3906	5771	1111	8339	5	535	6041	9360	6145	923	4714	6374	9227	8644	48	5217	2587	837	554	1634	8248	735	1511	12343	682	11192	1135	1466	5804	2481	4732	8714	1705	7601	2049	2178	7202	5440	4428	628	857	1614	1861	2800	4935	2584	1816	846	7420	9901	12068	2614	12394	4421	14040	2292	21	389	5632	4395	1773	5705	5328	8913	4711	2795	7462	11731	5916	1233	892	400	6509	3553	2403	3800	2917	1940	39	13120	2064	12076	13311	10511	974	2497	2246	4622	6852	6212	728	78	4550	2683	497	10	3004	2965	7843	1731	3468	543	2	5135	3100	9011	4224	5189	10084	5091	4350	1696	6289	9864	11369	812	11523	8765	2460	580	12057	5515	5600	7584	5591	10788	1614	2753	1289	4359	8967	4743	961	1540	2946	2450	2793	3376	2329	1463	19	1601	1348	3557	2188	970	6122	5299	2735	2567	1181	7816	13	6205	6533	5134	4970	1304	550	2831	1846	2340	5807	3243	339	6654	4308	2833	5891	4203	2319	5021	2752	3329	4316	2150	5451	1646	1260	1191	4375	6929	1239	2975	1173	2614	2610	3997	910	3700	4651	759	787	3872	1052	2816	1521	398	1998	2519	4152	6508	8069	6789	854	11441	3967	4152	2386	2670	1633	1202	6512	4419	196	4825	6916	10496	158	1094	5527	3784	5359	3023	1952	3392	3379	1413	2976	597	3576	673	2991	1057	6151	62	9429	12572	5224	2725	2397	3636	3960	1213	2007	3235	1835	765	1498	1985	371	4434	5825	3442	3092	2707	2889	5166	5642	32	6646	1253	2205	974	5556	1997	356	2306	10343	2188	4632	2732	1569	2623	2609	3252	6061	1457	6237	1191	51	1536	3650	3776	4567	5053	3181	267	2531	4240	1720	3081	2000	983	6626	4446	484	1749	1217	67	6955	6240	2776	6511	1086	2542	709	1642	2358	377	4209	2437	4068	3498	735	1156	2124	5252	2607	2548	455	3603	3619	2603	1137	845	1550	2084	8063	1176	535	6487	2623	354	3496	5667	4287	2696	7707	8514	1664	2108	2935	4045	3555	7560	2252	4056	399	4140	761	1110	1819	7870	4734	3531	1372	1954	2483	1506	3706	6542	1486	609	2880	907	2403	3848	4295	2915	457	4028	3279	3572	5188	5509	1353	1659	2433	3291	969	1787	3260	2731	3715	2619	6265	2090	7354	4311	3440	1797	1553	1836	946	1101	2372	4501	1736	3239	3311	1687	2327	4500	1504	4472	4737	1607	5042	3931	6543	95	2039	2306
CEBPZ	18	32	77	105	64	58	61	17	27	61	66	162	173	188	107	1	110	99	153	15	151	114	73	89	33	37	128	7	4	42	95	91	92	1	23	87	129	71	87	62	46	94	84	23	68	19	20	87	85	73	61	84	441	10	32	1	16	35	123	50	203	40	41	177	98	6	112	25	13	82	142	35	38	64	28	101	160	46	97	45	155	76	145	54	57	155	47	164	140	92	46	16	110	139	78	66	111	107	65	5	74	33	16	27	124	108	107	122	106	62	142	71	17	87	19	66	95	49	21	41	43	162	175	44	88	168	120	72	76	69	2	92	143	49	1	16	3	77	32	41	38	173	4	3	65	190	189	23	171	5	5	89	60	182	142	8	61	26	51	75	81	56	39	51	3	119	159	112	137	83	77	24	61	100	146	16	109	107	162	108	6	34	76	9	20	1	62	120	21	127	123	64	92	55	96	29	35	13	80	75	26	127	6	88	175	138	166	96	54	123	125	37	31	70	76	22	42	135	111	55	122	144	28	105	127	191	10	53	46	9	38	2	196	164	84	12	8	140	63	50	46	110	101	100	148	59	108	105	6	58	28	118	147	85	5	66	54	24	28	96	93	108	151	156	136	38	119	41	28	77	66	2	57	92	6	102	51	43	11	16	13	73	7	39	83	99	68	22	187	181	185	63	171	4	63	17	139	65	49	102	2	58	103	94	50	38	12	112	27	47	132	155	101	109	9	1	128	152	60	157	14	107	1	6	124	147	176	41	164	172	183	78	2	89	48	18	11	19	32	13	42	133	23	90	33	22	160	45	146	128	46	50	56	37	117	38	85	13	43	46	115	73	133	64	21	8	66	121	121	69	175	95	198	50	1	11	101	139	71	42	55	121	39	71	106	106	137	27	12	4	44	62	54	86	63	45	3	117	47	115	148	193	20	31	175	163	112	148	93	10	113	103	11	1	88	33	57	38	58	15	1	164	102	134	56	149	158	97	64	20	29	89	98	22	113	77	37	13	165	136	134	99	95	185	44	69	28	125	87	45	27	37	74	65	38	89	39	38	1	11	29	62	65	31	127	110	68	56	31	156	1	144	142	128	76	31	7	48	41	65	75	46	5	101	90	58	64	51	21	97	35	65	110	49	75	36	27	20	64	107	30	75	27	55	48	45	15	20	53	9	12	76	24	54	32	8	33	48	74	153	169	150	32	162	78	99	43	73	24	27	70	104	3	57	59	169	1	23	63	41	79	67	58	84	84	22	63	5	75	18	74	22	88	2	95	130	119	70	62	83	72	26	47	46	41	16	37	36	6	80	70	95	82	61	80	95	73	2	73	30	28	21	90	40	10	56	113	66	90	61	22	69	64	74	137	30	61	25	1	22	34	99	80	103	53	3	66	89	48	67	15	19	123	93	11	38	25	3	158	66	63	84	12	27	13	21	47	7	83	64	110	74	12	20	46	92	46	70	10	92	64	46	24	20	37	47	154	16	15	113	51	6	98	126	99	62	86	102	22	56	70	40	78	51	18	37	8	70	10	35	41	174	77	84	13	23	78	27	81	77	29	14	70	15	59	60	76	74	8	73	70	72	70	102	43	30	68	91	19	27	63	62	87	64	128	59	100	77	65	42	43	45	16	16	26	68	51	93	90	38	52	95	32	85	67	24	107	63	96	1	36	64
CENPBD1	258	442	720	835	808	685	726	302	365	678	771	1204	1215	1249	1080	10	1040	950	1171	191	559	970	738	913	505	479	1105	19	86	600	974	920	954	1	577	659	1016	720	891	798	572	876	646	383	795	334	301	947	720	488	585	777	10	2985	455	33	270	492	419	380	1139	575	495	887	944	248	926	449	192	854	1104	424	571	611	452	805	984	660	796	515	948	499	1188	629	702	1149	306	1018	1049	721	657	278	952	1085	893	739	1024	970	656	24	808	402	387	337	1070	896	946	980	947	790	912	390	249	860	401	607	949	636	307	612	484	901	1217	579	640	1015	1036	818	968	691	132	932	1038	469	4	249	60	604	515	617	434	1319	27	9	616	1420	1333	351	1298	2	71	814	448	1304	1165	49	737	310	709	834	870	313	612	615	11	804	1309	1060	1075	888	880	229	560	783	972	290	793	982	1093	963	227	534	776	102	371	4	637	1074	382	1027	27	723	939	666	1018	451	419	293	866	736	361	964	50	876	1141	983	1166	921	673	747	1072	440	403	710	811	401	521	1107	924	631	930	997	527	994	1137	1183	217	604	218	136	225	21	1340	1163	834	134	51	1128	734	766	540	949	896	903	1190	688	904	844	100	712	455	782	1130	966	84	677	744	419	567	872	902	959	977	1105	1064	467	1125	452	365	832	801	10	667	900	142	628	631	470	135	324	105	742	144	444	868	946	738	117	860	643	697	770	1223	117	758	423	1088	624	570	995	79	699	769	961	558	460	126	1020	388	564	1077	224	385	583	60	2	875	1129	649	1190	432	945	1	264	1068	1060	1132	280	927	1159	1212	863	7	757	614	270	238	544	593	165	458	1113	115	892	450	339	1136	421	970	1043	377	650	672	448	1091	619	700	315	91	305	355	591	915	687	499	173	642	1091	1003	811	1175	934	1348	595	18	156	999	882	443	544	650	943	666	734	880	1005	1110	403	64	19	391	766	716	800	758	558	21	1017	525	940	1154	1000	360	505	648	999	860	1084	164	16	976	763	195	2	975	466	721	415	716	122	2	1100	810	1175	537	874	1224	533	827	431	344	987	844	318	970	777	507	302	1156	957	974	890	850	1152	568	748	504	976	863	505	316	511	823	732	576	852	541	424	3	174	458	736	588	294	1122	806	651	667	388	1029	3	943	1108	890	815	393	195	653	594	724	879	509	146	904	776	689	729	720	432	935	635	788	1013	652	862	477	377	318	868	949	457	805	313	693	566	577	379	406	651	297	106	831	325	639	505	137	468	727	895	1184	1202	1158	345	1233	817	900	552	780	314	290	807	980	106	714	800	1154	78	425	692	700	841	716	621	837	740	453	803	270	974	271	747	431	886	13	974	1074	1060	899	687	906	826	496	662	564	559	299	532	573	179	817	839	874	836	758	851	838	709	9	793	372	400	428	925	518	106	849	983	658	802	706	452	704	655	836	1052	465	792	414	20	450	315	973	905	1056	778	127	628	864	644	798	362	414	1077	966	248	631	403	68	1220	864	762	910	299	480	216	440	599	211	974	766	987	837	234	351	687	997	611	780	228	956	903	642	420	374	545	540	1107	417	257	956	699	120	844	1113	995	763	928	927	516	666	737	615	791	500	399	440	206	863	292	469	620	1282	882	752	258	788	739	607	978	928	455	192	768	339	566	967	926	818	248	927	785	815	896	1029	486	494	789	843	423	537	801	764	862	670	1075	700	968	870	800	579	493	547	402	381	523	797	619	848	947	521	648	950	490	859	848	509	1059	775	886	52	647	651
CENPT	376	715	1565	1876	1103	1371	1439	774	641	1444	1296	2083	2422	2395	1883	12	2112	1701	2089	367	727	1711	1427	1603	942	747	2210	12	120	1242	1754	1915	1669	1	836	1247	2056	1293	1706	1414	1181	1650	1231	618	1461	566	372	1871	949	643	896	1189	32	455	5527	34	520	1146	838	414	2006	1117	1088	1270	1753	485	2031	838	251	1386	2059	637	1234	919	589	1605	1740	1205	1526	1046	2017	1241	2183	1345	1434	2257	320	1861	1907	1014	1168	534	1624	1968	1585	1240	1841	1753	1324	53	1546	711	643	514	1883	1442	1472	1728	1892	1048	1589	482	552	1565	675	794	1621	1335	553	1171	1237	1462	2485	727	1075	1968	1667	1422	1525	1266	238	1958	1990	900	4	564	83	960	881	1128	602	2274	88	23	878	2600	2580	578	2410	4	100	1493	927	2417	2198	62	1616	318	1221	1604	1689	401	821	915	12	1365	2479	1856	1816	1447	1549	408	1339	1588	2202	522	1261	2073	2206	1782	396	1121	1462	113	596	2	1458	1916	709	1837	77	1492	1922	1363	1769	848	731	501	1424	1161	591	1722	54	1612	2057	1489	2392	1673	1211	1338	2261	516	665	1206	1619	821	1099	2041	1717	1000	1862	1831	1174	1774	1967	2166	355	1164	250	214	250	72	2619	2399	1486	64	61	2073	1360	1411	715	1588	1506	1732	2204	1125	1516	1396	139	1178	831	1608	2351	1844	120	1319	1507	755	1076	2010	1926	1918	1986	1843	2241	820	2008	916	599	1431	1216	17	1127	1510	218	834	1354	858	244	640	135	1255	239	400	1340	2039	1272	175	1678	1299	1328	1424	2434	183	1654	848	1983	909	757	1702	150	1029	1625	1822	685	698	224	1958	635	1151	1830	335	742	1247	90	1	1818	1875	1058	2363	841	1720	1	471	2081	1861	2261	451	1810	2274	2351	1342	8	1282	1233	507	521	1019	759	209	861	2189	239	1589	666	489	2375	761	2164	1913	629	877	1376	926	1992	993	1149	763	228	498	671	949	1780	1472	624	177	1131	2029	1734	1620	2343	1929	2525	1089	26	183	1707	1753	793	736	1034	1779	1159	1411	1432	1906	1968	767	49	17	555	1173	1238	1360	1250	952	35	1771	905	1591	2055	1840	665	757	1350	2071	1566	2164	361	22	1521	1532	437	2	1813	657	1383	775	967	235	2	2268	1911	2196	776	1575	2281	852	1403	699	318	1759	1251	664	1731	1343	884	762	2205	2012	2025	1619	1555	2197	1578	1386	931	1824	1595	752	496	890	1730	1553	948	1617	910	655	11	180	852	1363	1022	493	2299	1685	992	1213	638	2063	4	1733	2192	1914	1529	834	374	1224	1366	1531	1490	742	245	1640	1396	1034	1345	1196	535	1925	1053	1299	1844	1222	1537	915	666	562	1755	1771	773	1665	621	1222	927	790	651	515	985	496	124	1579	583	1153	985	227	797	1356	1658	2396	2440	2389	855	2231	1732	1666	1001	1612	427	526	1226	1882	165	1130	1394	2178	130	708	1131	1242	1420	1175	1340	1698	1435	804	1566	375	1461	490	1455	662	1549	38	1668	1930	1710	1277	1484	1661	1602	896	1380	796	1004	572	1337	1082	262	1645	1369	1862	1511	1416	1639	1403	1366	12	1222	740	495	780	1551	989	217	1464	1886	1363	1368	1161	587	1351	1201	1600	1927	797	1220	823	21	752	399	2013	1520	1897	1511	222	1142	1643	1318	1731	531	1043	2210	1597	436	1064	561	92	2186	1398	1248	1472	518	805	472	860	1156	371	1761	1556	1957	1588	402	694	1334	1760	1049	1542	431	2054	1693	1216	621	694	1102	960	2257	797	407	1762	1401	229	1601	1888	1869	1442	1549	1641	696	1410	1337	1072	1502	651	604	631	340	1438	599	863	1196	2693	1746	1576	450	940	1508	820	1835	1607	861	369	1516	619	1161	1470	1650	1806	361	1649	1576	1845	1640	1927	1092	662	1780	1860	685	1011	1368	1449	1634	1211	2045	1368	1751	1613	1346	1227	1021	1085	743	675	984	1205	1103	1881	1763	956	1220	2231	850	1685	1390	748	2018	1299	1534	73	1277	1191
CENPX	21	33	43	43	54	50	46	27	29	48	57	77	84	77	68	1	66	62	74	20	36	62	45	60	40	31	69	1	15	41	57	52	69	1	44	28	59	43	68	48	45	54	30	31	51	25	15	59	47	32	39	46	1	33	34	217	27	41	19	20	72	41	36	52	55	25	49	37	23	53	69	35	45	48	44	52	55	45	52	35	58	41	64	42	46	68	31	65	64	48	43	26	61	66	58	51	71	61	47	3	56	19	29	33	67	56	61	63	56	53	51	20	29	56	39	48	65	46	22	37	34	53	72	35	27	63	64	53	63	45	30	51	60	33	4	23	16	34	39	42	20	75	4	2	45	91	81	35	76	1	13	51	18	85	73	2	46	24	43	55	56	32	45	40	4	45	78	70	69	60	58	14	43	46	54	13	45	66	65	63	25	39	51	8	32	1	43	56	35	67	1	43	52	48	59	33	31	27	60	49	35	58	7	54	68	61	71	56	41	46	59	32	31	41	54	33	43	70	70	38	57	64	36	62	70	76	20	38	12	22	9	4	89	73	52	11	8	65	54	55	42	68	63	61	83	44	51	47	19	42	42	52	63	55	20	52	51	36	38	53	52	53	59	70	60	38	69	31	24	60	59	1	51	61	18	37	45	32	21	34	6	51	28	24	57	55	48	5	52	42	37	51	70	22	49	30	74	43	35	59	18	47	54	49	43	36	16	64	34	44	75	24	34	32	1	1	60	84	38	71	37	62	1	48	74	65	55	11	40	60	75	52	1	41	44	27	28	43	47	9	26	78	4	58	35	32	59	21	57	63	25	37	41	34	57	50	55	27	3	21	12	38	56	31	38	46	40	67	61	54	75	55	81	44	17	15	66	55	24	41	37	57	44	44	58	59	69	29	8	4	20	48	48	57	42	43	2	65	36	60	72	66	33	34	43	57	57	55	7	2	61	43	17	1	56	34	50	39	41	6	2	63	44	71	24	43	66	29	55	32	22	69	51	27	59	56	43	32	70	58	52	58	57	69	37	46	45	52	56	42	34	35	43	49	43	53	40	30	1	12	34	48	29	14	69	56	34	41	29	64	1	55	74	46	49	33	22	45	48	36	54	33	19	64	50	56	45	43	37	49	38	51	57	48	57	37	38	24	48	63	29	52	30	43	31	34	38	39	41	23	5	56	30	39	29	7	34	52	60	71	80	73	29	76	52	55	32	43	13	24	49	57	29	46	51	68	13	37	45	57	44	38	40	61	43	38	51	26	52	25	46	35	52	1	65	68	57	56	44	53	49	44	42	26	39	26	42	34	16	51	49	48	53	48	46	56	49	2	47	44	31	27	48	38	18	53	59	40	44	46	34	42	47	55	56	36	56	32	16	36	16	49	54	65	73	43	39	60	45	54	28	35	63	61	28	34	38	19	73	66	49	54	31	30	14	32	38	35	59	56	63	54	32	29	41	62	41	79	20	59	57	42	31	35	36	37	73	35	31	58	42	9	45	65	56	51	63	56	36	40	46	40	44	35	30	37	24	55	31	38	51	80	55	48	21	50	52	42	53	61	36	23	58	39	45	53	50	51	26	54	47	52	62	56	37	37	50	56	32	42	50	49	57	49	62	49	55	63	56	41	35	39	35	30	39	54	41	49	50	43	52	53	40	54	57	38	60	51	59	32	67	43
CERS6	243	366	678	770	526	692	636	308	539	712	592	886	986	1003	827	8	886	792	854	238	305	768	678	748	509	400	928	7	91	608	765	846	769	1	446	550	911	772	823	678	573	725	561	358	685	302	174	800	474	302	437	553	16	270	520	27	2251	554	348	188	828	700	563	571	805	276	810	606	155	805	898	355	566	501	267	765	777	615	793	668	896	563	945	666	694	946	198	816	858	516	681	390	748	884	706	691	844	784	660	25	704	333	342	411	807	636	672	796	873	602	740	214	410	736	399	384	788	562	284	543	512	645	1049	510	471	842	756	632	704	624	163	891	847	421	4	340	61	431	424	580	270	919	41	11	394	1038	1015	254	950	2	61	683	403	995	927	46	792	187	604	750	798	231	422	489	9	665	1041	809	823	693	671	175	556	701	896	229	592	827	959	902	236	570	800	72	471	1	690	879	400	827	36	722	847	666	878	638	418	285	701	543	305	763	32	708	922	666	1009	772	604	563	972	274	352	623	829	455	631	893	800	531	824	844	614	787	863	911	220	666	108	132	123	38	1074	1001	693	37	39	956	760	626	402	766	715	859	942	561	677	658	132	568	608	681	1004	808	96	629	733	587	508	908	866	842	844	836	989	447	874	522	368	687	609	8	565	700	181	380	806	455	161	386	63	587	176	217	619	950	656	76	805	603	650	834	982	110	769	450	833	447	357	771	92	616	677	843	444	451	114	843	376	562	809	170	538	522	35	2	802	802	490	965	438	801	2	296	907	808	896	220	731	916	985	656	5	579	704	325	399	519	307	94	421	895	113	747	372	255	955	357	913	848	341	437	668	420	890	459	577	389	80	258	303	486	874	710	325	115	513	893	786	720	986	885	1041	722	19	132	747	753	351	376	509	719	534	659	701	805	894	435	26	9	205	563	632	656	619	477	20	783	515	735	887	800	390	443	623	845	663	922	168	9	692	663	198	1	821	316	635	427	474	115	2	927	817	916	342	690	984	396	636	393	148	781	588	536	775	616	605	342	929	863	874	768	707	931	653	672	504	839	747	357	247	525	798	740	498	738	648	319	4	91	465	683	483	248	943	753	489	619	489	865	3	818	959	772	730	475	243	707	685	671	734	374	174	744	709	497	624	576	321	837	513	646	882	613	825	500	324	345	787	816	411	760	339	552	512	376	485	276	486	306	60	682	342	724	529	188	412	601	850	995	990	1028	453	981	693	846	500	760	207	289	591	905	115	543	630	909	87	395	599	550	731	599	661	852	732	421	755	235	685	392	700	410	723	12	743	851	855	648	721	795	900	483	677	390	564	345	582	737	157	824	785	864	785	686	759	696	617	8	581	410	302	472	782	507	142	654	821	661	660	569	329	650	518	734	851	403	596	592	18	359	172	888	746	881	695	147	567	773	648	778	263	438	964	753	281	584	310	69	957	775	650	745	279	393	303	421	597	256	834	738	888	738	336	369	705	781	695	745	252	913	796	559	351	363	533	464	992	414	252	812	659	170	759	884	869	675	732	745	416	692	640	647	710	348	294	320	233	671	285	456	604	1091	796	860	277	493	780	449	856	723	422	233	712	391	623	686	759	757	263	766	842	820	724	870	690	378	784	852	412	490	706	711	728	621	886	647	812	843	648	623	559	548	379	346	471	617	581	854	821	647	735	877	434	758	614	415	896	597	753	51	611	597
CHCHD3	464	861	1932	2309	1323	1658	1681	647	728	1821	1620	2606	3000	2951	2363	12	2782	2048	2625	450	903	2059	1672	1851	1059	889	2880	20	137	1420	2150	2337	2015	1	1018	1452	2442	1591	2070	1677	1410	2005	1451	980	1768	925	437	2159	1208	799	1070	1436	35	492	1146	41	554	7075	994	540	2434	1333	1237	1597	2144	517	2534	969	312	1666	2516	726	1521	1083	729	1980	2127	1425	1822	1226	2368	1404	2645	1638	1770	2775	411	2295	2300	1274	1366	634	1893	2415	1882	1457	2197	2115	1593	58	1833	819	733	576	2237	1747	1839	2064	2348	1256	1959	610	624	1920	790	987	1914	1299	646	1318	1456	1783	3123	878	1292	2400	2084	2085	1845	1565	247	2375	2421	1078	4	646	96	1205	1059	1406	819	2868	135	35	1205	3348	3299	787	3058	2	137	1760	1123	3008	2653	83	1933	407	1503	1865	2061	553	977	1113	15	1673	3152	2217	2309	1744	1859	452	1642	1983	2758	607	1566	2214	2695	2121	441	1258	1729	134	637	3	1725	2342	832	2243	94	1769	2339	1656	2189	954	891	530	1828	1420	607	2021	65	2034	2536	1833	2974	2089	1499	1688	2777	669	771	1477	1900	1013	1253	2516	2102	1166	2329	2268	1376	2162	2467	2713	410	1371	285	270	300	93	3252	2921	1764	73	79	2495	1568	1649	867	1967	1880	2057	2739	1360	1824	1667	160	1337	915	1829	2951	2284	141	1883	1830	850	1338	2401	2306	2269	2378	2216	2765	966	2425	1057	728	2119	1504	20	1363	1827	251	1019	1531	1009	271	790	158	1507	273	489	1653	2517	1484	226	1963	1550	1590	1700	3000	175	1981	954	2328	1130	912	2100	174	1267	1955	2259	842	791	222	2463	780	1365	2242	420	828	1560	100	2	2182	2289	1237	2965	913	2127	2	512	2833	2312	2722	525	2169	2813	2930	1640	10	1543	1439	600	582	1134	888	265	1063	2699	249	1890	828	569	2918	914	2703	2408	749	1075	1646	1075	2436	1105	1391	671	293	583	799	1136	2130	1756	679	212	1349	2470	2172	1879	2920	2279	3139	1280	23	226	2164	2059	934	890	1181	2114	1328	1775	1721	2288	2526	899	60	24	764	1428	1491	1600	1507	1096	33	2156	1098	1900	2549	2245	809	872	1660	2486	1843	2657	424	24	1854	1929	489	1	2157	781	1720	891	1218	321	3	2780	2324	2681	956	1905	2800	1016	1710	829	379	2146	1531	730	2161	1572	1002	637	2724	2373	2432	1872	1861	2686	1459	1677	1131	2309	1950	866	584	1088	2067	1864	1114	1930	1097	791	11	223	987	1589	1264	637	2904	1986	1193	1443	730	2577	6	2177	2714	2299	1779	998	414	1440	1537	1751	1796	925	283	1924	1677	1292	1584	1403	637	2362	1226	1659	2268	1465	1798	1031	822	662	2107	2244	923	1952	719	1513	1109	1013	754	634	1230	581	160	1587	660	1316	1154	281	920	1579	2014	3017	3037	2968	1162	2780	1809	1982	1114	1851	516	607	1488	2256	178	1384	1696	2644	164	820	1373	1446	1777	1436	1539	2011	1735	890	1810	421	1672	566	1663	809	1882	42	2011	2372	2075	1575	1853	2013	1891	1103	1600	965	1216	656	1238	1263	322	1971	1657	2261	1868	1653	1958	1776	1524	18	1602	840	593	953	1923	1167	239	1639	2287	1656	1674	1369	725	1671	1448	1936	2447	983	1549	923	26	963	498	2426	1899	2296	1693	248	1380	1929	1570	2009	631	936	2704	1946	506	1248	676	92	2797	1723	1568	1829	644	1002	547	1017	1457	425	2219	1879	2389	1911	478	863	1534	2169	1194	1745	433	2459	2017	1487	748	770	1252	1231	2791	959	489	2180	1603	278	2034	2383	2271	1699	1930	2007	853	1616	1684	1272	1758	832	720	725	396	1729	649	1029	1401	3397	2157	1843	491	1110	1836	1003	2242	1963	1094	395	2190	696	1339	1700	1997	1835	416	2041	1786	2247	2015	2349	1255	766	2074	2286	801	1123	1641	1773	2004	1417	2531	1637	2130	1964	1574	1475	1225	1319	792	828	1068	1416	1357	2285	2164	1078	1425	2363	987	2035	1711	934	2419	1550	1855	76	1411	1467
CHD2	379	839	1794	2111	1408	1581	1475	510	566	1458	1425	2869	3082	3148	2569	14	2429	1986	2872	301	1386	2291	1706	1957	862	795	2532	40	107	1129	2024	2024	2182	1	784	1701	2323	1688	2003	1515	1136	2027	1446	601	1899	547	611	2065	1551	1144	1227	1745	123	419	838	19	348	994	7267	698	2935	1081	970	2197	1993	366	2487	804	276	1697	2707	609	1182	1097	812	2000	2483	1085	1848	1083	2588	1320	2740	1262	1384	2927	492	2724	2543	1373	1390	486	2240	2605	1826	1508	2300	2331	1417	34	1709	887	508	545	2569	2026	2104	2401	2131	1480	2326	884	483	1992	602	1269	2159	1129	588	1110	1228	2265	3149	972	1460	2735	2427	1692	1898	1320	157	2151	2614	1229	2	424	52	1413	988	1198	930	3108	69	26	1204	3439	3370	647	3195	3	113	1847	1476	3152	2810	86	1516	557	1355	1786	1966	645	1140	1181	13	1869	3168	2334	2531	1997	1911	558	1524	1939	2710	586	1869	2081	2916	2157	297	1012	1738	178	536	3	1346	2531	648	2552	218	1459	2126	1292	2326	751	822	392	1696	1463	581	2342	98	1954	2851	2190	3064	2105	1516	1968	2597	819	664	1472	1840	728	1085	2655	2052	1175	2376	2462	984	2413	2578	2966	325	1223	494	185	501	62	3413	3029	1716	129	74	2716	1493	1622	923	2036	1817	2045	2782	1418	2080	1913	128	1465	778	1985	2870	2139	83	1231	1528	647	1071	2033	2079	2248	2676	2538	2776	852	2371	899	622	1670	1475	23	1281	2047	200	1386	1267	931	257	565	250	1539	154	768	2006	2333	1557	316	2269	1833	1923	1533	3117	137	1632	726	2581	1301	1158	2347	146	1400	1992	2064	916	804	224	2654	638	1108	2513	661	730	1665	137	2	2293	2541	1342	2962	683	2242	2	356	2490	2632	3025	654	2553	3040	3114	1744	21	1782	1281	462	385	894	1078	494	1017	2782	291	2060	686	574	2976	1022	2733	2575	977	1193	1368	1013	2452	1173	1544	430	415	666	1126	1170	2198	1523	708	221	1469	2657	2451	1624	3107	2197	3334	1042	4	166	2137	2278	1176	1010	1319	2370	1328	1591	1952	2470	2503	669	128	48	925	1372	1329	1557	1521	959	32	2393	976	2194	2775	2708	620	818	1777	2551	2172	2736	591	44	1961	1892	392	1	1881	837	1708	790	1236	471	2	2890	2191	2780	1293	2371	2857	1284	1647	742	628	2212	1903	504	2378	1797	831	396	2982	2489	2546	1992	1961	2994	1116	1503	907	2363	2088	1013	511	889	1776	1522	1044	1746	1057	735	9	265	788	1534	1366	715	2776	2092	1224	1241	656	2692	4	2480	2737	2587	1758	776	322	1314	1326	1692	1777	1020	165	2148	1748	1235	2113	1336	661	2243	1108	1462	2184	1227	1699	892	695	556	1944	2202	757	1746	664	1368	1072	1128	571	630	1310	404	206	1558	520	1243	905	302	880	1420	1913	2996	3048	2904	629	2979	1717	2035	1112	1563	620	554	1607	2137	128	1278	1700	2891	86	659	1367	1315	1796	1405	1254	1765	1856	728	1619	300	1585	460	1485	678	1928	44	2073	2596	2076	1494	1520	1829	1741	803	1367	1055	1026	486	906	1080	246	1806	1738	2014	1681	1470	1736	1720	1940	20	1634	635	582	656	1960	1020	188	1421	2443	1415	1835	1247	668	1414	1361	1682	2612	806	1541	770	6	831	722	2179	1819	2167	1541	160	1266	1879	1255	1729	632	651	2661	1840	340	975	610	48	2822	1759	1409	1898	462	862	490	991	1205	239	2047	1556	2172	1731	348	665	1248	2143	1115	1536	307	2153	1785	1282	672	548	983	1105	2927	721	358	2251	1412	273	1806	2388	2105	1456	1918	2187	805	1298	1538	1185	1849	991	623	851	261	1674	529	784	1166	3327	1962	1713	449	957	1553	872	1958	1948	858	340	1570	551	1346	1701	1941	1613	267	1856	1623	1979	1933	2249	989	738	1645	2017	625	996	1552	1494	1785	1296	2568	1373	2201	1725	1468	1150	945	1119	607	683	941	1493	1089	1911	1952	910	1235	2121	808	1909	1633	797	2266	1538	1942	58	1230	1419
CHD4	1099	895	1045	1324	3345	1125	1371	429	414	936	1427	4994	3506	4219	4539	25	2124	2389	4420	158	1988	3129	1911	2682	652	768	2618	121	84	614	2195	1653	3787	1	531	1748	1892	1299	1859	1374	720	1972	1283	455	2114	536	685	2033	3643	2489	2138	3403	50	380	414	20	188	540	698	13509	4175	825	551	3770	1728	164	2418	551	325	2722	2894	464	772	1316	2548	1178	2832	676	1193	655	1985	553	3391	740	880	3203	1901	2843	3728	1506	1163	244	4229	3319	2293	2018	2946	3075	1046	36	1614	593	352	989	3960	4199	4477	4119	1740	3118	3092	1514	245	3158	646	3247	3778	1342	568	974	583	2427	2868	2529	2063	2736	4599	2557	3096	1034	98	1593	2300	665	1	217	22	1331	885	1074	1047	5622	47	101	5329	6131	4728	937	4484	36	319	1622	616	4739	4651	105	865	1370	1810	1412	1545	1679	3157	2094	22	1981	3696	3642	3135	4180	3536	384	871	1628	1623	630	3053	2403	3590	2396	180	633	1821	250	593	7	897	3362	436	3337	80	980	1604	898	3630	521	633	268	1779	2291	984	3454	212	1922	3721	5247	2664	2264	1675	1710	2002	2391	498	1535	1499	446	632	3307	2041	1112	2098	2262	566	3779	4012	3783	236	877	1004	193	984	35	4964	2777	2066	980	96	4235	1776	1586	1601	2858	2127	2344	3688	1957	2842	3273	87	2343	675	1723	2794	2103	61	1004	1219	458	798	1274	1355	2197	2462	4160	2449	654	2571	644	486	2268	1533	32	1554	3775	184	3689	783	683	296	349	450	2797	142	2681	3829	1617	2070	142	1868	1262	1561	1629	3499	131	987	475	3179	2676	2548	4297	68	2891	1379	1373	2363	1369	246	3481	469	770	4503	780	410	996	123	3	1352	4027	1720	2519	459	3316	4	221	2437	3728	2820	395	2037	3008	3623	3167	25	2064	1136	332	228	672	3250	471	677	4258	314	3823	579	640	2754	1167	2047	3339	787	3296	870	818	2853	2139	1801	234	372	684	713	1204	2071	987	947	521	2388	3836	4036	1185	4394	1868	4914	1071	2	170	2544	1802	666	2282	1950	3428	1942	1156	2734	3909	2509	500	458	190	1988	1644	1184	1748	1445	894	22	4389	919	4031	4644	4057	403	1035	868	1922	2669	2494	358	42	2028	1243	208	6	1244	1480	2594	696	1750	194	1	2250	1254	3635	1739	2243	4134	2241	2066	727	2503	3799	3595	299	3819	3201	862	225	4199	2050	2175	2825	2120	3748	644	1178	522	1837	3186	2034	484	704	1230	1029	1261	1524	979	725	13	665	615	1376	1045	469	2595	1969	1176	1130	509	2805	12	2276	2973	1991	1981	471	199	1302	725	975	2459	1240	129	2429	1620	1432	2177	1870	1148	1989	1311	1510	1815	977	2331	595	655	429	1956	2920	589	1268	543	1204	1021	1926	379	1705	1899	287	332	1723	403	1115	604	176	784	1236	1777	2766	3255	2743	283	4360	1630	1749	886	1046	754	532	2558	2013	93	2605	3395	3870	70	503	1941	1675	2053	1416	760	1515	1367	620	1235	284	1754	297	1301	538	2358	39	3558	4125	2480	1220	956	1607	1663	532	868	1651	801	303	635	817	175	1786	2447	1417	1415	1131	1155	2475	2213	18	2672	534	1137	467	2489	770	132	957	3473	974	1959	1288	792	1100	1302	1499	2634	664	2620	497	26	756	1510	1538	2184	2312	1318	124	1094	1751	745	1237	1022	461	2623	2047	198	705	587	16	3005	2739	1303	2501	482	1158	301	568	895	139	1995	1138	1754	1508	310	469	863	2249	1094	1126	150	1492	1640	1094	610	380	609	859	3115	477	210	2597	1109	189	1460	2510	1851	1246	3192	3053	857	812	1145	2007	1438	2506	1047	1649	153	1934	310	516	763	3312	1904	1400	508	916	1098	693	1653	2857	644	220	1130	346	1031	1698	1967	1313	170	1878	1342	1365	2367	2303	512	838	1006	1418	424	770	1457	1067	1676	1182	2567	932	2799	1866	1660	761	622	748	375	534	972	1990	797	1291	1296	724	1081	1948	690	1902	2271	820	2258	1696	2444	49	867	893
CREB1	1697	2493	4703	5897	9373	4388	4552	1407	1460	3889	4758	16442	12764	15492	15275	62	7935	7826	13127	621	6458	10852	6974	8918	2276	2285	9703	254	228	2711	7299	6204	12019	1	2180	6255	7435	4559	6180	4626	2948	7104	4308	1656	7064	1584	1731	7103	11019	7235	6426	10448	203	1139	2006	72	828	2434	2935	4175	44425	2937	2324	12297	6238	798	10003	2028	848	8146	10076	1559	3126	3991	6118	5351	10135	2927	5037	2667	8286	2951	11563	3149	3688	11719	3658	10479	12979	4523	4112	1064	12800	11559	7127	6035	9826	10724	4046	153	5441	1977	1357	3047	13800	12868	13982	13650	6645	8583	10559	4162	1023	9949	1973	9177	12084	4279	1587	3176	3140	9215	11702	6686	6147	10494	14819	7371	9167	3725	365	6810	8704	3000	3	892	97	4080	2717	3604	4183	16307	398	289	13867	19372	15542	3249	14126	90	1021	5994	3305	15072	14968	243	3973	3504	5249	5487	5982	4972	8887	5891	23	6759	13266	10996	10744	12064	9867	1255	4085	5969	8064	1959	9874	7949	13103	8054	703	2667	5803	620	1809	15	3689	11371	1571	11650	354	3940	6323	3535	11407	1933	2208	894	5767	7257	2972	11733	576	6644	13312	13407	10912	7722	5346	5845	8282	5870	1632	4968	5697	1717	2620	11576	7355	3614	8095	8769	2461	12353	12543	12864	748	3265	2991	765	2827	108	17430	10546	6992	2030	194	14130	5202	5071	4197	8848	6845	7862	12525	6079	9323	10272	288	6901	2182	6597	10457	7251	151	3508	4514	1651	3152	5810	6009	8067	9719	12866	9597	2242	8994	2357	1473	6849	4906	74	4269	11472	500	8554	3213	2461	954	1384	1288	8275	496	6706	12101	6937	6245	659	7466	5584	6055	5343	12386	405	4405	1725	10799	7114	6882	13206	258	8100	6130	5784	6651	3743	633	11747	1599	2856	14376	2305	1655	4096	307	9	6624	12439	4893	10045	1734	10260	9	873	8994	12204	10833	1411	8263	10961	13360	9490	51	6817	4006	1044	869	2525	8659	997	2469	14392	1095	11955	1796	1736	10309	3434	8577	11113	2218	7969	3550	2779	9735	6083	5713	1007	1358	2116	2898	3759	7388	4370	2421	1081	7714	12356	13355	4539	15390	7034	17716	3327	22	512	7923	7388	2816	5992	5828	11178	5860	4345	8772	13014	8987	1728	915	434	6050	4945	3939	5456	4564	2862	70	13779	2935	12750	15437	13126	1469	3037	4570	8115	8966	9551	1329	120	6649	5113	890	9	5350	3580	8735	2120	4756	1054	2	9316	5946	12203	5075	7962	13766	6209	6093	2098	6353	11827	11305	1207	12670	9657	2864	984	14797	8293	8600	9146	7509	13729	2810	4335	2205	7179	10085	5286	1372	2328	4942	4222	3640	5355	3168	2020	34	1554	2058	4737	3581	1581	9811	7510	4223	3796	1729	10783	31	8717	10424	8280	6550	1830	694	4204	3533	4293	7584	4317	487	8401	5559	4045	6860	5386	2790	7499	3802	4779	6900	3408	7109	2231	1862	1357	6466	9213	1951	5029	1662	4094	3338	5479	1452	4193	5413	1003	828	5516	1328	3836	2335	632	2671	4277	6233	10707	12154	10840	1468	14629	5778	6432	3121	4371	2004	1589	7514	6973	272	6037	8171	13479	202	1620	6031	4825	6769	4365	3198	5411	5429	2074	4700	869	5484	1015	4481	1784	7605	100	11124	14341	7777	4300	4066	5664	5815	2092	3532	4050	2727	1063	2412	2910	517	6292	7258	5776	4982	4191	4784	6949	6826	44	8042	1829	2489	1648	7617	2748	394	3855	11643	3803	6321	4027	2268	4046	3995	5134	9168	2191	7295	1830	53	2333	3797	6482	6606	7785	4734	410	3697	6280	3185	4932	2315	1653	9608	6602	776	2646	1725	91	10738	8094	4311	7900	1474	3320	1118	2517	3455	570	6578	4337	6635	5317	987	1666	3321	7633	3453	4437	714	6310	5669	3765	1764	1335	2482	3119	11673	1797	784	8531	4089	559	5549	8604	6853	4462	9540	9957	2406	3401	4400	4954	5217	7021	2831	4360	552	6076	1224	1970	2947	12680	6696	5148	1489	2936	4264	2384	6140	8546	2254	701	4479	1345	3704	5629	6345	4680	659	6170	4930	5824	7139	7970	2287	2298	4475	6074	1575	2657	4806	4219	5742	3927	9098	3587	9231	6404	5248	2963	2436	2936	1540	1811	3348	6083	2928	5489	5521	2521	3692	7011	2275	6506	6556	2407	7686	5415	8073	133	3264	3634
CREB3	600	980	1918	2309	1713	1770	1699	666	1108	1792	1725	3071	3316	3404	2845	12	2833	2351	3153	439	1254	2471	1879	2261	1122	1013	2985	36	146	1438	2363	2492	2439	1	1046	1685	2672	2195	2484	1872	1407	2172	1522	791	1952	748	532	2423	1640	1083	1354	1813	40	575	1117	41	700	1333	1081	825	2937	8157	1283	2082	2347	489	2605	1315	357	2409	2913	806	1386	1351	939	2267	2580	1439	2411	1531	2915	1427	3133	1589	1737	3158	681	2674	2802	1607	1858	723	2352	2921	2077	1968	2585	2489	1718	51	1979	844	763	859	2662	2102	2250	2538	2435	2019	2384	824	727	2198	872	1401	2556	1459	652	1357	1451	2243	3371	1474	1555	2800	2567	2002	2284	1685	281	2502	2716	1166	4	614	78	1403	1102	1493	998	3505	102	15	1496	3838	3700	840	3545	4	157	2011	1216	3482	3104	102	2001	588	1610	2041	2191	766	1401	1470	13	2008	3533	2596	2702	2209	2169	470	1660	1996	2828	652	1940	2536	3175	2883	435	1327	2292	173	937	3	1772	2827	856	2650	105	1850	2424	1743	2875	1432	985	583	2020	1609	771	2405	87	2218	3084	2374	3229	2336	1747	2008	2930	942	830	1769	2549	905	1508	2964	2473	1371	2610	2707	1388	2552	2832	3168	445	1734	476	266	480	68	3687	3229	2065	229	82	3163	2144	1841	1170	2346	2049	2629	3219	1619	2184	2132	203	1688	1339	2045	3191	2348	149	1650	1890	1174	1316	2470	2432	2586	2713	2834	3080	1035	2810	1159	729	1999	1820	17	1510	2283	300	1414	1923	1132	308	741	218	1766	280	896	2049	2835	1849	262	2507	1785	1873	2430	3362	219	2016	961	2759	1429	1215	2510	169	1823	2117	2333	1275	1146	245	2743	794	1385	2735	507	1123	1489	111	3	2408	2804	1462	3261	966	2432	1	568	2917	2721	3117	574	2521	3214	3290	2073	19	1849	1959	611	672	1252	1247	310	1082	3033	340	2321	912	602	3257	1006	2774	2768	888	1448	1643	1138	2729	1397	1709	679	336	694	895	1347	2782	1831	893	324	1592	2807	2639	1982	3332	2807	3679	1879	22	271	2338	2400	1042	1188	1529	2467	1536	1794	2189	2643	2812	949	144	51	903	1730	1678	1906	1774	1241	41	2608	1243	2383	2989	2637	764	1114	1724	2680	2186	2905	488	37	2146	1963	483	2	2354	963	2024	1000	1492	348	2	3073	2268	2998	1179	2362	3216	1247	1962	931	718	2490	1931	906	2490	1896	1441	627	3057	2601	2720	2313	2183	3177	1471	1764	1178	2457	2279	1167	623	1191	2117	1970	1299	2095	1543	799	10	290	1017	1871	1373	653	3066	2178	1407	1566	1041	2809	6	2493	3321	2531	2162	965	451	1959	1785	1905	2134	1089	293	2325	1910	1459	1774	1636	833	2434	1358	1731	2507	1484	2559	1147	763	714	2173	2504	1027	2008	774	1560	1343	1226	1087	802	1485	540	186	1930	747	1835	1162	384	1030	1737	2645	3227	3300	3374	926	3298	1933	2530	1343	2007	567	645	1876	2581	193	1616	1954	3122	143	862	1645	1578	2069	1634	1588	2605	2081	967	2114	492	1970	686	1812	938	2158	39	2327	2857	2517	1770	1834	2210	2566	1093	1654	1155	1329	651	1262	1697	313	2396	2403	2359	2242	1816	1985	2021	1823	21	1793	871	732	1023	2300	1184	226	1770	2660	1684	1995	1580	865	1795	1530	2103	2730	987	1762	1239	29	968	673	2584	2091	2649	1839	254	1496	2252	1619	2091	725	923	2909	2251	508	1251	791	85	3112	2514	1740	2206	641	1041	646	1025	1468	421	2428	1971	2581	2054	654	807	1586	2375	1703	1987	473	2638	2238	1519	805	786	1277	1191	3256	896	469	2499	1734	322	2123	2741	2576	1848	2180	2384	971	1701	1704	1690	2011	1197	789	993	385	1985	624	1042	1432	3580	2260	2339	597	1243	2089	1126	2447	2203	1050	404	1929	769	1590	1908	2218	2040	446	2252	2423	2246	2266	2608	1507	934	2047	2652	899	1189	1892	1812	2142	1606	2702	1711	2473	2634	1911	1460	1222	1356	889	839	1170	1803	1501	2385	2232	1531	2032	2579	1025	2204	1891	1047	2730	1797	2288	94	1491	1529
CREBL2	433	846	1755	2078	1292	1567	1554	623	756	1686	1511	2461	2777	2738	2254	8	2305	1956	2536	403	973	2007	1571	1844	1064	811	2474	14	153	1319	2048	2393	1931	1	984	1348	2315	1510	2024	1578	1311	1853	1373	737	1715	651	460	2022	1224	820	1115	1415	41	495	1088	36	563	1237	970	551	2324	1283	6329	1620	2043	461	2187	974	318	1613	2432	750	1354	1122	714	1891	2047	1350	1778	1166	2258	1294	2541	1489	1658	2601	456	2198	2158	1313	1376	596	1891	2291	1803	1410	2080	1992	1522	48	1698	820	663	573	2136	1653	1756	1993	2180	1310	1889	613	597	1819	775	978	1894	1260	791	1240	1239	1779	2847	935	1290	2299	2010	1606	1836	1838	233	2172	2455	1086	5	597	75	1192	1010	1308	861	2737	91	23	1062	3042	3001	738	2878	4	125	1696	1079	2809	2472	80	1755	395	1378	1804	1975	535	982	1085	17	1649	2869	2167	2232	1659	1694	438	1428	1822	2474	535	1522	2076	2489	2073	382	1155	1639	147	691	2	1865	2230	796	2127	89	1700	2188	1504	2091	936	895	478	1747	1348	608	1939	64	1902	2476	1814	2735	1972	1437	1691	2593	621	723	1428	1803	926	1234	2359	2021	1140	2210	2249	1304	2035	2318	2540	395	1286	314	260	327	80	2973	2662	1744	87	85	2405	1524	1586	883	1940	1809	1949	2586	1296	1786	1634	146	1310	952	1782	2664	2081	129	1444	1730	884	1245	2208	2138	2170	2235	2197	2545	929	2306	1054	695	1653	1550	20	1316	1784	226	1051	1510	1321	281	745	189	1402	274	536	1611	2350	1481	255	1903	1517	1553	1661	2763	211	1797	893	2279	1112	892	1958	170	1282	1818	2107	830	814	219	2236	764	1284	2176	402	801	1432	104	2	2117	2222	1206	2752	878	2029	1	481	2389	2250	2594	519	2126	2667	2704	1570	13	1526	1379	578	516	1051	910	258	1007	2384	275	1813	812	570	2699	870	2467	2263	698	1057	1472	992	2300	1089	1330	656	261	549	789	1180	2067	1690	753	209	1301	2326	2081	1809	2701	2164	2913	1252	18	247	2008	1988	929	888	1172	1999	1252	1623	1733	2110	2418	1107	70	24	654	1377	1482	1565	1503	1084	34	2098	1412	1855	2424	2138	777	905	1551	2325	1796	2446	396	28	1805	1807	420	1	2049	781	1512	860	1198	296	2	2607	2123	2511	976	1880	2644	993	1602	800	415	1976	1500	718	2028	1513	989	602	2539	2187	2255	1844	1789	2564	1334	1621	1070	2237	1880	881	556	1064	1895	1682	1094	1781	1103	734	8	210	907	1601	1257	586	2599	1879	1200	1390	757	2339	2	2095	2548	2166	1710	862	397	1388	1426	1610	1753	905	299	1879	1624	1239	1511	1348	647	2186	1166	1552	2181	1376	1733	1000	744	652	1879	2075	884	1826	729	1438	1113	973	737	598	1218	537	151	1571	646	1328	1131	263	983	1517	1941	2766	2772	2732	869	2621	1740	1912	1120	1757	477	596	1485	2172	173	1285	1653	2478	134	791	1344	1384	1719	1685	1453	1904	1673	882	1741	469	1697	537	1595	803	1836	38	1900	2257	2068	1551	1717	1959	1860	988	1504	947	1175	622	1187	1289	300	1875	1635	2362	1753	1637	1838	1684	1504	19	1509	819	612	910	1893	1134	227	1513	2141	1531	1672	1633	688	1864	1374	1802	2372	908	1454	923	23	866	486	2520	1782	2191	1574	229	1665	1857	1451	1877	614	876	2478	1916	503	1155	685	89	2613	1693	1547	1782	609	928	488	1012	1338	375	2069	1740	2516	1795	470	797	1469	2049	1178	1686	423	2276	1892	1397	734	761	1162	1134	2554	865	459	2070	1436	263	2181	2292	2190	1622	1796	1921	863	1509	1623	1211	1726	829	660	715	394	1673	591	958	1346	3032	1986	1745	516	1105	1740	999	2138	1844	952	416	1684	711	1248	1652	1931	1731	436	1890	1772	2030	1926	2217	1166	799	1873	2074	796	1057	1639	1713	2138	1697	2373	1506	2028	1887	1472	1382	1154	1278	740	757	1001	1414	1287	2343	2028	1077	1394	2232	973	2124	1660	885	2282	1462	1829	81	1333	1431
CREM	1243	2053	3033	3809	9148	3100	3338	987	1104	2671	3572	13943	9360	11706	13080	43	5577	6345	10739	477	6122	8892	5422	7463	1695	1814	7065	244	195	1843	5476	4354	10989	1	1434	4660	5260	3491	4665	3544	1988	5568	3218	1161	5453	1228	1483	5220	10265	6513	5706	9346	177	887	1270	52	571	1597	2197	3770	12297	2082	1620	32977	4595	530	5442	1507	761	7143	7845	1201	1956	3303	6258	3937	8137	1965	3612	1873	5868	1982	9111	2041	2474	8603	3570	8181	10727	3781	3265	776	12181	8945	5817	5107	8460	8906	2984	51	4123	1537	947	2607	11073	11888	12643	12108	4672	8541	9094	3958	730	8708	1452	9345	11260	3507	1227	2378	1673	7662	8057	6818	5780	8100	12790	6221	8149	2680	249	4555	6545	2399	4	652	78	3411	2042	2746	3048	13639	116	158	11672	14989	11236	2469	10445	70	757	4588	2718	12195	12827	211	2570	3670	4134	3994	4406	4487	8879	5558	25	5587	8989	9839	8484	11193	9007	1009	2402	4291	4963	1554	8599	6106	10137	6280	495	1815	4754	516	1481	3	2511	9137	1146	9423	310	2628	4392	2462	10552	1407	1688	660	4582	6085	2568	9590	553	4981	10688	11974	7199	5772	4316	4435	5497	6174	1275	4004	4051	1209	1866	9091	5594	2866	5991	6710	1632	10658	10172	10179	609	2378	2662	563	2493	79	13224	7248	5156	1976	161	12038	4315	4095	3895	7572	5421	6229	9761	5113	7880	9077	247	6207	1733	4943	7509	5370	136	2497	3083	1224	2002	3837	4034	5916	7034	11363	6727	1701	6751	1741	1168	5700	3858	53	3424	11192	421	8525	2191	1901	776	997	1059	7248	334	7148	10968	4683	5357	572	5679	4252	4796	4361	9076	309	2917	1238	8918	6573	6801	11827	243	7779	4213	3995	6514	3485	500	9094	1171	2021	13101	2026	1200	2919	253	5	4785	10532	4152	6957	1246	8931	4	618	6602	10144	7823	1183	6253	8005	10027	8587	50	5678	2979	801	602	1807	8644	796	1723	10175	818	10888	1402	1486	7338	2666	5531	9052	1693	7613	2423	2077	7470	5929	5031	693	1097	1783	2328	3072	5615	2897	2082	971	6332	10394	11552	3064	12014	4986	13894	2622	25	427	6122	5478	2215	5872	5426	9272	5198	3094	7353	10825	6499	1304	938	441	3687	4052	2999	4394	3641	2228	38	12499	2328	11687	13511	11726	1062	2505	3309	5568	7357	7027	1046	102	5436	3563	533	8	3637	2938	5308	1681	4106	888	2	6604	3694	9884	4640	6308	11289	5950	5034	1791	7293	11219	10294	826	10472	8543	2357	649	11912	5832	6222	7773	5934	10796	1851	3164	1500	5221	8568	4923	1078	1791	3314	2874	2980	3943	2570	1587	25	1505	1551	3477	2714	1283	6760	5413	3235	2847	1405	7202	12	6770	7838	5580	5025	1284	508	3274	2122	2880	6527	3627	343	6706	4341	3351	5187	4619	2616	5124	3089	3707	5307	2537	5865	1643	1420	1076	4669	7359	1492	3493	1243	3071	2586	4539	1018	4068	4835	776	586	4441	985	3013	1672	495	2155	3032	4716	7285	8766	7678	952	12051	4421	5062	2542	3042	1597	1310	6488	5198	202	5043	6664	10707	148	1237	5077	3653	5368	3484	2228	3895	4285	1542	3435	653	4277	761	3365	1340	6146	83	9612	12022	6239	3212	2740	4150	4472	1373	2369	3343	2161	796	1716	2200	396	4524	6306	3878	3731	3015	3274	5639	5657	40	6873	1377	2190	1175	6306	2044	300	2648	9501	2629	5140	3152	1848	2898	2946	3786	6911	1596	6410	1345	56	1730	3290	4329	5166	5990	3574	291	2899	4719	2085	3420	1971	1128	6697	5114	526	1864	1387	69	7706	7382	3297	6532	1066	2600	768	1798	2377	402	4979	2894	4635	3928	751	1203	2428	5822	2742	3101	477	4261	4129	2731	1388	997	1730	2263	8571	1246	594	6419	3012	413	3900	6604	4967	3186	8838	8232	1936	2350	3085	4054	3968	6391	2356	3991	411	4834	787	1332	2080	8385	4815	3730	1232	2359	3031	1878	4411	7262	1623	566	3171	1049	2616	4412	4934	3431	483	4637	3638	3660	5363	6113	1511	1896	2890	3882	1189	1955	3691	3013	4177	2947	6884	2505	7434	4615	4109	2036	1685	2074	1038	1257	2554	5255	2108	3730	3803	1857	2631	4947	1702	4792	5324	1864	5677	4382	6630	108	2291	2808
CSRNP1	969	1722	3789	4454	3714	3264	3421	1203	1254	3201	4165	6674	7174	7288	5996	13	5349	4682	6521	588	2696	4979	3567	4345	1892	1657	5767	76	212	2401	4835	4677	5079	1	1947	3282	5780	3185	4283	3929	2464	4280	2850	1358	3963	1201	1092	4696	3597	2417	2718	3868	98	944	1753	55	805	2144	1993	1728	6238	2347	2043	4595	17981	741	5429	1659	598	3993	5996	1323	2585	2373	2361	3915	5223	2542	3738	2135	5210	2337	6401	2709	3050	6540	1263	5497	5658	2950	2849	954	4968	5887	4218	3256	5230	5216	2969	109	4292	1559	1159	1337	5666	4615	4950	5276	4860	3655	4775	1798	889	4580	1486	3049	5069	2721	1193	2521	2486	4519	7058	2578	3164	5589	5632	4067	4701	2952	346	4768	5575	2023	4	858	105	2673	2067	2752	2126	7519	262	74	4144	8585	8110	1795	7562	4	369	3735	2109	7571	6632	149	3288	1340	3343	3915	4394	1525	3008	2814	27	3811	7507	5424	5767	4692	4495	921	3040	4265	5633	1178	4027	4935	6435	4947	650	2217	3753	330	1298	3	3046	5827	1353	5514	202	3259	4747	3302	5437	1646	1703	794	3902	3207	1421	4947	217	4374	6362	5138	6634	4699	3252	3769	5995	2155	1371	3210	3978	1574	2268	5999	4570	2445	5081	5197	2197	5411	6271	6859	625	2532	1028	451	1006	113	8037	6535	3941	622	124	6263	3411	3512	2150	4876	4259	4652	6870	3180	4449	4265	248	3377	1703	3904	6695	5028	172	2825	3502	1425	2500	4592	4540	5009	5308	5734	6094	1765	5627	1849	1234	3886	3359	36	3010	4665	417	3229	2664	1915	515	1199	476	3774	436	2066	4482	5206	3527	459	4423	3378	3525	3590	7146	369	3485	1531	5668	3031	2734	5407	235	3434	3954	4530	2330	1807	485	5863	1373	2408	6006	1104	1378	3074	228	3	4539	6111	2863	6619	1533	5189	2	814	5714	5760	6401	1001	4942	6598	7105	4123	32	3825	2840	931	816	2050	3133	605	2059	6459	625	4813	1484	1189	6538	2022	5838	5856	1482	3167	2972	2029	6218	2848	3160	981	730	1270	1710	2409	4753	3254	1615	539	3440	6084	5540	3540	7125	4777	7840	2454	22	379	4976	4622	1874	2441	2882	5234	3218	3335	4322	5639	5793	1528	324	137	2172	3895	3064	4318	3313	2548	64	5368	2224	4990	6656	5636	1326	1920	3152	5315	4569	5896	899	66	4112	3886	768	2	4211	1946	4061	1588	2916	597	3	6108	4550	6980	2411	4442	7034	2701	3821	1604	1838	5314	4209	1061	5356	3979	1885	945	6716	5161	5292	4540	4214	6525	2350	3302	1893	5160	4758	2525	1326	1930	3857	3970	2301	4652	2216	1550	16	675	2061	3298	2648	1214	6501	4291	2647	2822	1309	5846	4	4989	6240	5022	3971	1550	631	2977	2740	3263	4218	2016	422	4534	3539	2731	3679	3876	1641	5026	2583	3541	4809	2748	4045	1780	1526	1099	4335	5288	1670	3844	1295	3043	2270	2816	1253	1771	2880	913	413	3602	1102	2728	2012	494	1890	3155	4292	6984	7048	6670	1319	6970	3737	4112	2172	3467	1103	1137	3663	4814	262	3282	4216	6494	207	1383	3073	3121	3973	3123	2674	4033	3600	1935	3570	716	3749	892	3980	1504	4278	69	5058	5931	4928	3293	3327	4131	4073	1804	2912	2159	2275	978	2106	2331	481	4194	3964	4440	3790	3223	3843	4110	3581	29	4170	1609	1364	1532	4570	2173	387	3031	5417	3060	3855	2900	1563	3174	2893	3878	5808	2148	3655	1566	37	1793	1362	5030	4310	5178	3400	373	2741	4047	2653	3818	1444	1498	6002	4363	755	2211	1307	101	6653	4163	3198	4291	1179	2182	863	1843	2648	572	4684	3488	4974	3895	762	1398	2786	4799	2418	3519	651	4833	4189	2850	1424	1205	2070	2377	6481	1588	719	4996	3109	423	4152	5588	4743	3292	4731	4828	1777	2798	3322	2822	3591	2431	1523	1959	551	3871	1041	1696	2509	7769	4454	3720	904	2320	3472	1899	4563	4692	1864	599	3436	1208	2587	3795	4373	3590	639	4330	3627	4276	4513	5244	1956	1660	3678	4429	1441	2106	3496	3343	4062	2920	5723	2947	4896	4332	3431	2533	2029	2404	1360	1443	2108	3538	2489	4445	4310	2026	2797	4972	1786	4269	4031	1861	5308	4008	4415	123	2611	2758
CSRNP2	158	345	595	728	475	541	547	303	324	590	573	803	914	902	731	9	862	700	831	168	323	664	566	813	426	350	872	11	70	768	698	749	648	1	382	520	807	564	665	667	498	645	474	288	545	295	163	763	393	258	352	472	6	248	485	25	276	517	366	164	798	489	461	530	741	2119	737	379	131	590	800	322	479	431	232	660	695	490	685	461	796	502	870	559	585	872	168	736	724	475	502	276	669	778	669	589	718	697	535	18	647	294	351	262	720	596	570	662	765	456	649	229	304	596	310	373	651	533	235	486	539	582	937	361	446	755	642	588	656	540	131	726	781	405	4	252	97	419	382	471	208	894	27	11	281	984	986	241	925	1	49	614	378	953	835	39	659	168	481	639	657	190	354	412	5	575	935	756	724	583	638	146	596	576	820	245	526	767	827	729	366	738	616	57	268	2	589	739	352	701	31	597	739	628	736	419	327	434	622	502	452	708	27	643	795	602	895	672	517	543	855	243	276	508	679	364	477	813	696	446	753	750	485	692	757	857	180	489	105	117	107	27	989	916	579	54	42	799	596	600	365	659	614	715	848	475	604	583	82	508	428	631	885	707	71	586	598	401	458	768	720	728	762	771	838	360	813	405	272	636	533	10	489	616	112	366	581	382	109	290	55	494	132	206	524	781	544	83	695	545	564	640	968	98	657	403	796	392	328	681	80	428	626	681	314	337	93	774	291	495	741	168	370	471	41	3	724	762	440	913	612	688	2	261	838	743	861	207	719	883	892	574	5	503	547	249	246	497	324	94	357	805	99	624	351	204	924	296	797	732	284	371	759	370	785	428	499	346	72	215	270	442	722	594	286	108	411	779	678	646	863	772	962	532	19	101	695	706	351	360	452	693	654	565	581	717	755	323	33	16	180	543	527	614	523	471	19	711	398	627	770	765	284	361	568	814	614	821	168	11	660	578	217	1	738	274	496	379	399	84	3	868	727	862	346	643	868	363	619	350	151	729	492	331	675	539	436	295	837	762	797	634	631	821	585	600	437	710	626	316	257	415	690	680	445	714	393	252	6	94	443	580	412	215	853	656	422	502	297	765	3	685	855	722	618	374	194	537	586	806	620	337	140	664	545	464	535	541	233	712	454	519	743	521	657	407	300	276	686	720	376	824	281	518	396	331	336	263	423	231	55	622	263	497	449	109	363	619	693	878	904	904	444	860	622	704	453	649	188	229	517	777	94	459	522	857	66	365	500	499	616	500	572	699	612	375	633	211	631	241	627	347	650	20	668	773	702	547	589	671	642	452	603	358	446	268	501	485	119	670	591	705	656	579	636	575	571	8	464	319	261	390	627	436	88	603	724	585	547	505	292	586	508	655	725	381	508	404	20	338	183	751	637	766	653	144	456	697	593	649	242	411	826	662	223	434	290	92	848	647	556	616	229	341	190	357	467	196	726	663	771	648	205	296	561	712	464	684	339	806	710	499	292	347	484	376	858	336	212	680	785	116	626	756	763	609	628	613	339	582	536	470	630	257	258	267	172	625	460	419	520	990	686	615	205	455	627	425	739	637	354	186	633	293	480	612	679	689	221	677	631	667	629	764	499	323	690	762	330	668	564	566	691	505	793	603	689	650	624	519	440	421	595	330	429	565	503	723	688	450	537	806	404	656	546	383	796	575	642	45	541	507
CTCF	1594	1836	5341	6974	4454	4610	4270	1341	1237	3859	3787	14787	11565	15617	12399	30	7144	5777	9334	632	2733	7785	4829	5368	2033	1984	7778	72	229	2522	6259	6082	8457	1	2508	5591	7678	3824	5054	3630	3018	5921	3861	1690	6871	1390	1357	6017	7600	4451	4080	7645	112	926	2031	49	810	2534	2487	2418	10003	2605	2187	5442	5429	737	97677	1846	535	5183	7525	1370	3529	2737	2678	4614	7559	3051	4193	2451	7425	2814	8725	3250	4047	11267	1500	9600	11262	2977	3406	980	7024	10722	5697	3584	6981	8705	3677	590	4836	1843	1237	1508	11847	9850	11097	10369	6834	4446	7277	1959	929	7328	2009	4081	7498	2832	1412	2864	3416	6801	12762	3423	3138	8819	12684	4996	5940	3476	346	7902	7040	2241	6	897	87	3441	2546	3236	4017	10847	2560	2112	15768	19999	15787	3171	11600	589	1816	4964	2651	10949	11385	135	4106	1315	5045	5297	5933	3329	4160	3332	32	5025	17611	6772	10365	8433	6663	1100	4811	7466	9998	1248	6591	6569	11295	6894	636	2400	4343	408	1563	12	3633	9467	1465	10240	213	3982	6361	3132	7402	1667	2201	706	4831	4004	1324	7672	244	5527	10678	8956	14632	7585	4583	4592	9210	2391	1457	3901	5221	1831	2481	9775	5806	2787	7070	6859	2517	10671	10479	10049	717	2969	2222	659	2305	139	17205	11000	7035	422	131	10504	3680	3855	2242	6223	5633	6410	9818	5232	6789	8717	212	4092	1695	5227	10736	7120	147	3221	4590	1440	3851	6068	6182	6961	8539	7577	10123	2100	7481	2148	1461	4612	3593	56	3382	6532	413	3889	3129	2310	700	1369	929	6521	511	2011	8491	7802	4136	441	5703	4123	4312	3712	10883	375	4538	1667	7511	4449	3354	10247	241	5198	5563	6396	4019	2097	578	12434	1542	2773	8925	1425	1458	4570	376	5	5631	8642	3592	9496	1507	7927	5	776	7932	8780	8777	1038	6094	9321	12600	6650	29	5289	3552	1001	874	2210	4497	928	2749	44353	730	7697	1451	1393	9392	3468	11075	9508	1898	4485	3265	2762	8831	2991	3576	973	1009	1528	2204	2818	6276	4359	1523	494	7271	10065	11029	4352	15536	6637	15751	2434	24	511	6723	5919	2408	3068	3371	8316	3786	4572	6934	11024	9728	1734	255	81	26013	3378	3452	4028	3733	2275	64	9186	2528	8281	11659	8230	1519	2413	3868	7831	6867	8850	994	65	5110	5227	855	18	5264	2852	38233	1720	3174	892	4	8076	7270	9700	2926	5504	10514	2953	4399	1616	2181	7273	8950	1168	12798	7332	2077	1033	14187	7862	7694	6320	5955	11735	2713	4192	2163	7186	8553	3670	1110	2056	4937	3890	2624	4548	2505	1924	28	709	1840	4640	3344	1409	10697	7562	3430	3254	1332	18204	31	7276	8374	9481	5988	1937	666	3707	3689	3953	5068	2306	477	6741	5122	2884	8256	3758	1885	8330	2971	4639	5885	3119	4842	2049	1857	1368	7091	8765	1703	4566	1481	3663	2920	3747	1312	1761	3497	914	1106	4022	1228	3245	2296	567	2285	3706	5671	12494	13181	11118	1433	11501	4532	4817	2370	4185	1826	1471	5234	5890	276	4467	7201	11907	226	1396	4284	4697	5689	3707	3067	5014	4630	1846	4291	747	4327	952	3875	1533	6273	84	7961	11275	6199	3876	4391	5391	5021	2042	3609	3062	2436	1069	2326	2593	537	7410	4846	6241	4311	4053	5411	5390	5263	38	6094	1887	1655	1603	5994	2714	456	3778	10065	3898	4994	3204	1676	3914	3561	4659	8744	1986	6074	1665	25	2118	3999	7155	5289	6393	3988	366	3324	5324	3082	4912	1869	1634	10989	5390	786	2870	1328	80	11483	4632	3617	6095	1642	3088	1135	2836	3823	541	5765	4199	6565	4936	852	1789	3103	6810	2763	4005	594	6338	4924	3862	1421	1177	2293	3714	12322	2210	690	8308	3300	520	6023	7812	6105	4107	5847	7799	1878	3279	4757	4078	4346	4496	2145	3131	546	4471	1178	1891	2793	17629	7071	5101	1186	2272	4089	1899	5433	6459	2224	693	4246	1284	4027	4645	5291	3908	627	5268	4527	7700	7020	6968	2254	1703	4706	6689	1475	2217	4281	4315	5102	3656	8678	3378	7022	6198	3783	3032	2494	3094	1287	1681	3050	3756	2574	5926	6175	2238	3417	6543	2049	6471	4910	1915	7121	3872	6091	125	3002	3214
DBP	466	756	1399	1607	1226	1351	1280	556	856	1337	1296	2177	2314	2394	2019	11	1982	1706	2097	374	882	1871	1433	1588	859	834	2066	37	132	1051	1687	1777	1741	1	807	1174	1905	1621	1790	1335	1058	1625	1165	599	1515	589	421	1720	1211	825	1035	1369	25	449	838	37	606	969	804	551	2028	1315	974	1507	1659	379	1846	5415	302	1799	2035	621	1060	1002	735	1643	1851	1060	1654	1223	2045	1066	2197	1163	1289	2190	491	1921	1991	1117	1469	614	1732	2078	1563	1428	1855	1848	1311	46	1438	685	573	729	1958	1554	1712	1842	1793	1495	1704	618	606	1633	665	1024	1889	1047	515	1009	1009	1574	2328	1170	1165	2000	1859	1446	1658	1242	250	1818	1923	904	4	507	73	1096	844	1097	711	2283	58	14	1013	2553	2452	541	2332	1	113	1514	901	2383	2182	89	1441	442	1245	1523	1619	591	1042	1066	14	1478	2429	1862	1946	1684	1578	403	1114	1489	1939	458	1443	1816	2250	2029	345	975	1701	159	767	1	1300	2039	668	1933	78	1326	1749	1232	2067	1080	806	445	1511	1211	547	1776	81	1598	2200	1700	2272	1697	1318	1367	2063	681	659	1354	1770	731	1135	2112	1723	1107	1871	1908	1019	1850	2032	2190	413	1354	342	204	353	56	2524	2226	1516	177	64	2287	1609	1353	906	1760	1517	1916	2199	1280	1625	1608	180	1258	1028	1458	2202	1714	128	1203	1419	956	1033	1776	1754	1848	1916	2015	2165	856	2002	909	606	1467	1315	15	1165	1700	317	1018	1481	868	247	553	155	1346	218	634	1527	2013	1397	184	1844	1289	1373	1757	2308	164	1455	763	1901	1063	939	1880	144	1435	1487	1697	959	931	219	1931	643	1033	1945	397	896	1126	92	2	1689	1971	1160	2207	690	1788	2	453	2041	1920	2127	473	1779	2168	2308	1539	18	1381	1401	554	578	903	928	224	867	2149	230	1725	669	486	2183	805	1935	1982	688	1091	1214	915	1968	1091	1279	531	240	565	703	1067	1969	1329	628	244	1216	2031	1925	1389	2316	1977	2514	1381	21	198	1707	1675	803	955	1121	1759	1119	1317	1629	1919	1953	743	102	35	666	1275	1216	1378	1289	912	32	1933	972	1739	2132	1912	648	912	1239	1881	1593	2037	339	32	1567	1429	381	2	1640	720	1499	823	1150	244	2	2105	1651	2130	895	1667	2278	937	1472	743	497	1770	1449	751	1848	1436	1183	491	2208	1842	1921	1700	1560	2211	1086	1338	849	1800	1716	880	505	924	1538	1386	1043	1482	1286	636	9	228	800	1397	1043	499	2147	1600	968	1186	862	2025	3	1851	2265	1771	1596	771	356	1433	1274	1288	1587	859	223	1706	1465	1076	1353	1224	646	1759	1037	1288	1772	1137	1820	908	648	592	1600	1867	743	1460	614	1154	1049	902	801	613	1163	457	154	1404	602	1406	898	312	838	1247	1928	2260	2263	2295	676	2332	1443	1804	1009	1386	458	524	1391	1805	165	1201	1432	2175	122	647	1254	1191	1599	1208	1187	1811	1578	706	1589	380	1451	611	1373	667	1634	35	1707	2027	1817	1321	1393	1590	1868	807	1221	915	1040	512	925	1350	263	1794	1789	1703	1612	1309	1439	1480	1304	13	1349	710	583	763	1681	931	199	1283	1952	1270	1493	1157	665	1286	1080	1481	1961	780	1346	955	22	742	503	1820	1557	1898	1399	209	1126	1628	1141	1527	575	682	2120	1650	413	979	605	76	2199	1805	1301	1634	509	812	565	784	1127	348	1744	1440	1854	1517	536	655	1241	1769	1343	1421	352	1797	1586	1162	637	606	938	962	2262	709	388	1853	1261	299	1519	1964	1771	1341	1633	1760	761	1207	1300	1367	1504	875	602	755	348	1447	471	762	1106	2440	1674	1782	495	954	1517	841	1728	1612	774	367	1411	608	1220	1438	1610	1431	350	1596	1736	1677	1599	1910	1175	725	1462	1839	651	899	1401	1350	1581	1215	1978	1255	1807	1863	1301	1073	957	1018	643	627	885	1347	1056	1713	1613	1203	1461	1817	767	1611	1415	793	1942	1317	1661	75	1104	1147
DDIT3	183	366	408	447	671	473	475	193	239	453	511	930	817	929	891	12	687	685	797	162	493	833	634	788	346	402	776	44	88	353	649	575	827	1	240	479	614	511	606	507	365	672	431	257	631	269	237	619	764	601	654	772	13	192	251	23	155	312	276	325	848	357	318	761	598	131	535	302	2051	728	776	250	350	494	495	498	774	333	485	331	618	353	844	351	405	794	335	780	875	466	477	177	868	845	656	621	778	779	499	11	590	279	208	322	865	791	841	856	599	713	818	393	183	784	239	678	802	475	269	425	249	658	770	578	567	809	912	671	735	422	86	553	703	353	4	191	42	455	332	424	219	885	10	4	559	943	802	191	781	2	51	556	318	907	914	46	393	396	491	552	531	441	660	631	13	684	870	833	752	782	734	173	316	470	502	207	738	694	810	740	133	322	606	90	249	1	419	836	260	829	29	415	554	410	827	292	356	195	582	643	328	802	85	626	902	830	708	740	617	463	598	498	259	606	506	242	352	875	732	487	678	748	319	840	841	864	213	403	271	93	234	26	948	757	642	223	50	889	595	560	570	768	614	659	770	662	780	788	82	679	356	545	712	592	69	421	449	282	339	509	552	694	678	902	650	349	714	345	243	661	495	16	481	857	120	618	378	345	146	216	132	711	92	477	828	539	698	77	632	474	579	588	840	71	439	267	795	586	558	851	69	668	451	512	547	437	118	786	238	368	859	236	259	354	49	2	497	811	573	703	268	787	2	155	750	819	687	186	592	691	819	762	13	630	403	243	163	323	545	115	283	835	95	802	271	282	675	337	562	842	299	675	387	415	783	620	596	180	69	311	236	491	644	399	325	160	646	846	856	452	869	632	966	439	18	78	687	544	310	629	643	766	557	462	803	824	664	277	142	66	449	575	438	598	515	395	11	880	396	846	924	829	235	479	363	600	695	689	130	17	641	425	107	1	477	361	572	393	546	89	2	652	430	864	527	626	889	534	638	372	437	803	803	221	827	713	392	156	893	666	708	759	643	923	335	447	280	564	799	518	221	347	479	437	537	549	414	309	5	207	312	578	369	208	675	591	366	423	272	660	3	752	773	584	662	304	161	443	327	429	682	494	98	786	543	497	638	552	336	558	453	484	603	399	674	375	244	297	561	727	284	483	239	438	498	469	205	398	618	202	102	601	272	459	317	96	383	428	587	685	738	689	235	931	560	613	472	474	255	229	758	617	70	532	618	868	61	271	636	490	689	516	383	543	520	284	515	159	538	185	511	258	719	16	766	894	704	465	424	573	573	268	397	513	372	196	311	382	95	527	711	517	553	476	470	645	640	8	590	249	360	263	684	356	111	424	846	416	663	482	292	472	458	535	681	290	633	269	18	285	336	557	620	674	516	91	438	551	355	498	268	236	700	623	159	327	274	42	698	732	488	777	206	337	157	296	375	128	619	440	583	518	159	234	424	671	453	435	135	539	549	416	260	238	350	305	772	252	182	726	459	85	519	664	583	466	759	812	343	403	456	505	593	536	303	494	141	570	169	257	399	702	597	496	249	358	467	345	554	717	306	205	504	223	370	534	611	539	151	593	511	488	598	689	293	319	440	496	240	353	516	468	561	466	702	390	786	606	540	365	308	330	229	223	356	606	347	491	492	360	388	622	313	584	624	323	664	594	779	41	370	422
DLX6	1259	1840	2660	3232	6550	2851	2990	990	1338	2613	3086	9789	7310	8876	9277	35	4900	5266	7592	547	3797	6781	4311	5705	1627	1771	5766	208	204	1859	4722	3950	7948	1	1481	3764	4634	3613	4322	3195	1911	4594	2818	1242	4587	1186	1195	4534	7015	4414	4306	6696	82	854	1386	53	805	1666	1697	2722	8146	2409	1613	7143	3993	590	5183	1799	728	22943	6068	1110	2026	2836	4610	3325	6278	1887	3416	2038	5105	1861	7451	2056	2334	6930	2586	6181	8148	2881	3241	890	8086	7349	4882	4301	6394	6890	2811	91	3761	1313	1000	2247	8144	8044	8606	8524	4185	6685	6816	2855	888	6862	1374	6285	8365	3082	1180	2242	1782	5500	6464	5199	4340	6416	8967	5015	6148	2460	333	4222	5121	1785	4	740	84	2683	1811	2480	2017	9089	152	111	7653	10334	8118	1672	7465	33	516	3864	1806	8970	9210	167	2582	2834	3570	3569	3683	3197	6204	4341	25	4462	7531	7240	6765	8031	6668	779	2238	3496	4068	1354	6607	5319	7965	5975	570	1822	4640	418	1498	2	2461	7280	1200	7487	153	2520	3898	2474	8111	1707	1625	733	3932	4546	2080	7011	462	4248	8107	8097	6085	5136	3824	3207	4725	4411	1182	3444	4016	1190	1953	7221	4844	2617	4985	5407	1723	7968	7852	7579	626	2512	1991	498	1848	75	9779	5949	4465	1586	150	9319	4162	3502	3249	6044	4477	5791	7439	4429	6296	7501	266	5038	1980	3893	6357	4540	155	2415	2872	1456	1994	3446	3675	5084	5597	8085	5750	1594	5613	1765	1113	4775	3183	42	2993	7624	463	5655	2520	1668	674	1001	797	5739	363	4594	7781	4366	4515	407	4795	3024	3487	4359	7188	306	2783	1268	6508	4929	4754	8349	218	6259	3311	3529	4981	3090	439	6997	1112	1904	8953	1427	1345	2243	187	2	3667	7682	3538	5581	1272	6933	2	669	5655	7599	5764	915	4583	5943	7752	6593	44	4379	2965	850	761	1806	5778	607	1531	8441	599	7874	1301	1336	5673	2086	4497	7046	1622	5605	2304	1964	6255	4568	4149	795	692	1408	1584	2624	5209	2710	1747	844	5047	7804	8554	2862	9091	4784	10072	2882	24	394	5189	4236	1685	4505	4245	7007	4232	2797	5947	8086	5388	1313	788	366	3630	3529	2569	3779	2947	2031	42	8651	2060	8171	9267	8049	1079	2347	2383	4512	5524	5823	731	70	4301	2873	584	7	3335	2397	5402	1698	3394	501	2	5084	3209	7753	3565	4742	8452	4286	4362	1660	4490	7799	7205	1099	7912	6158	2397	743	8812	4902	5154	6185	4747	8194	1897	2776	1483	4164	6769	3764	995	1709	3107	2740	2659	3497	2686	1410	22	1218	1489	3301	2207	977	5675	4380	2533	2660	1499	5980	8	5357	6654	4613	4540	1327	581	3200	2308	2615	5353	2593	365	5574	3811	2820	4338	3802	2079	4540	2678	3109	4397	2334	5513	1697	1295	1076	4086	5977	1408	3137	1152	2650	2409	3515	1218	3314	3993	796	603	3840	1079	3175	1652	498	1861	2722	4689	5878	6975	6424	1070	8994	3723	4299	2313	2869	1364	1125	5339	4543	239	4036	5442	8223	180	1199	4252	3254	4735	2958	2130	3962	3497	1508	3359	671	3646	891	3129	1236	5297	68	7366	8605	5042	2835	2585	3665	4560	1385	2284	2838	1999	837	1684	2418	409	4336	5845	3578	3463	2806	2975	4649	4525	33	5377	1339	1862	1228	5125	1966	310	2518	7542	2434	4202	2734	1624	2735	2611	3339	5443	1526	4871	1589	48	1547	2378	3974	4503	5041	3346	333	2528	4187	2048	3166	1652	1193	5829	4330	594	1798	1243	80	6273	6375	2875	5491	1057	2342	869	1584	2297	482	4276	2733	4107	3437	931	1192	2371	4881	2958	2842	550	3829	3738	2534	1274	1018	1758	2030	7112	1291	623	5535	2830	445	3447	5308	4432	2976	6651	6615	1692	2303	2840	3926	3471	4853	1911	3234	466	4072	838	1328	2042	6646	4333	3903	1162	2148	2934	1682	3934	5715	1597	584	2954	1039	2574	3732	4198	3147	538	3999	3830	3480	4476	5168	1855	1696	2768	3730	1156	1856	3208	2809	3718	2632	5615	2356	6105	4814	3559	1986	1699	1915	1125	1192	2181	4292	2012	3435	3355	2202	2958	4502	1587	4188	4347	1705	4986	3739	5579	116	2165	2386
DMAP1	1378	2386	4601	5835	6066	4267	4320	1365	1454	3960	4396	10974	10930	11692	10044	33	7290	6837	10375	668	4330	7962	5334	6562	2317	2218	8011	144	239	2821	6567	6036	8289	1	2334	4847	6970	4165	5957	4327	3006	6207	3945	1572	5974	1530	1505	6383	6472	4347	4517	6684	142	1104	2059	69	898	2516	2707	2894	10076	2913	2432	7845	5996	800	7525	2035	776	6068	28813	1603	3037	3369	4127	5146	8193	3042	4758	2610	7323	2879	9514	3271	3757	9720	2377	8519	9207	4029	3817	1099	8389	9115	6114	4741	7883	8227	3933	104	4988	1988	1369	2053	9242	7861	8600	8891	6356	5894	7714	2982	1038	7290	1845	5527	8354	3599	1536	3110	3054	7168	10196	4301	4747	8674	9599	6040	7057	3778	371	6329	7790	2763	4	947	105	3746	2599	3539	3567	12474	216	97	7572	13840	12595	2645	11923	16	506	5320	2961	11793	10802	224	4042	2166	4688	5170	5833	2847	5423	4492	24	5721	11178	8347	8689	8096	7320	1226	3826	5658	7489	1545	6671	6795	10233	6929	712	2657	5113	474	1700	6	3716	9120	1615	8739	286	3933	6143	3498	8424	1970	2163	889	5398	4986	2098	7927	309	6447	10343	8781	9567	6663	4701	5366	8013	4103	1649	4467	5370	1807	2660	9208	6490	3341	7573	7993	2558	8779	9621	10555	755	3157	1885	674	1807	131	13041	9185	5613	1105	168	10158	4663	4777	3206	7249	5978	6617	10665	4875	7093	6980	288	5474	2148	5781	9382	6925	175	3497	4406	1672	3053	5957	6028	7354	8106	9306	9065	2231	7984	2311	1515	5624	4490	56	3960	7909	488	5724	3313	2461	772	1484	845	5990	500	3821	7739	6823	5214	645	6222	4667	5021	4729	10614	413	4405	1816	8738	4981	4508	9010	267	5673	5467	5863	4008	2646	560	9258	1629	2911	9928	1666	1629	3925	274	5	6417	9740	4195	9688	1762	8036	2	924	7933	9114	9796	1277	7417	9930	10744	6640	47	5828	3777	1115	902	2452	5757	847	2437	9983	933	8061	1790	1582	9408	2795	7933	9069	1922	5421	3570	2616	8118	4372	4666	1110	994	1706	2289	3351	6572	4239	2163	846	5700	9497	9127	4459	11353	6527	12660	3193	21	478	6939	6688	2558	4082	4526	8136	4677	4322	6764	9161	8136	1809	564	251	3510	4285	3869	4859	4401	2672	69	9137	2887	8356	10801	9250	1566	2675	4173	7293	7120	8531	1170	92	5744	5051	864	3	5322	2851	5944	2017	4094	826	2	9003	5746	9656	3651	6792	10755	4215	5317	2048	3523	8441	7212	1244	8741	6531	2503	1059	10739	7557	7780	7227	6329	10319	2817	4319	2317	6920	7562	4042	1338	2392	4859	4182	3185	5111	3003	1946	23	1098	2043	4414	3472	1549	9137	6418	3752	3669	1665	8604	15	7596	9531	7205	5796	1825	733	3941	3437	4177	6230	3058	475	6858	5104	3667	5454	4586	2370	6756	3391	4597	6531	3409	5848	2209	1885	1345	5832	7873	1998	4840	1694	3948	3042	4219	1510	2763	4482	1032	513	4827	1314	3605	2417	591	2454	4044	5789	9755	10564	9875	1535	11124	5132	5660	2946	4321	1550	1501	5832	6520	278	4916	6584	10275	214	1667	4762	4275	5806	4121	3276	5212	4996	1994	4556	887	5067	1038	4254	1828	6366	96	8129	9777	6957	4296	4124	5478	5447	2169	3520	3109	2774	1160	2482	2875	551	5723	6010	5733	4811	4134	4767	5978	5634	41	6679	1943	2031	1796	6538	2708	427	3765	8783	3849	5626	3809	2027	4050	3792	5018	8364	2117	5500	1841	44	2211	2282	6427	5869	7132	4479	441	3561	5711	3222	4839	1997	1724	8715	5996	840	2689	1602	102	9445	6140	4095	6528	1397	2988	1054	2432	3379	624	6306	4359	6469	5082	978	1679	3377	6831	3212	4410	704	6246	5483	3651	1734	1412	2502	3061	9843	1836	827	7421	3884	536	5392	7831	6415	4216	7136	7730	2275	3452	4260	4142	4947	4735	2283	3192	611	5243	1217	2035	2994	11110	6107	4946	1262	2844	4341	2352	5922	7028	2262	723	4376	1438	3459	5217	5933	4498	700	5780	4764	5628	6414	7198	2412	2124	4533	5818	1723	2598	4687	4206	5412	3757	8160	3613	7576	5779	4570	3073	2474	2996	1531	1812	2847	5013	3028	5571	5540	2469	3545	6525	2218	5936	5775	2250	7223	4720	6660	143	3297	3586
DMTF1	317	604	1097	1261	1036	1017	1072	452	493	1053	1059	1656	1743	1786	1489	7	1464	1495	1655	288	697	1357	1027	1244	940	630	1672	21	127	844	1358	1400	1308	1	644	917	1444	1031	1318	1066	829	1170	888	461	1160	462	361	1351	938	628	761	1048	35	424	637	35	355	726	609	464	1559	806	750	1201	1323	322	1370	621	250	1110	1603	4251	822	811	730	1172	1377	852	1088	749	1356	740	1665	900	1037	1607	367	1446	1459	955	887	374	1329	1512	1278	1012	1430	1348	951	24	1144	609	468	428	1455	1169	1265	1335	1422	1004	1257	509	375	1213	516	836	1306	859	463	1086	680	1216	1782	725	878	1480	1392	1176	1289	1007	157	1340	1504	691	4	350	72	891	982	899	599	1888	35	17	921	2042	1972	483	1908	3	96	1144	684	1862	1659	74	1040	365	996	1339	1302	384	812	818	17	1109	1893	1573	1547	1254	1228	342	858	1171	1430	365	1064	1405	1589	1332	299	763	1121	124	494	3	988	1476	666	1418	68	1018	1371	937	1400	599	639	365	1195	1158	464	1347	63	1217	1616	1351	1707	1276	958	1105	1593	574	542	1014	1169	596	770	1515	1300	805	1371	1406	743	1364	1590	1680	285	837	254	173	254	60	1911	1686	1127	123	64	1573	1021	1072	708	1348	1472	1252	1680	941	1226	1173	129	1002	652	1111	1647	1508	99	927	1060	542	777	1320	1285	1390	1385	1503	1586	644	1501	671	514	1152	1056	16	957	1236	166	877	897	684	213	475	126	1043	195	519	1188	1415	1021	169	1228	959	997	1086	1778	152	1094	588	1625	842	709	1432	120	933	1159	1283	669	592	188	1467	740	1068	1613	334	518	928	90	2	1312	1551	892	1742	563	1386	2	349	1499	1486	1675	378	1375	1730	1719	1140	10	1038	867	385	337	712	780	225	673	1602	205	1263	793	431	1693	644	1450	1482	485	882	948	670	1527	812	924	412	175	408	523	794	1317	990	556	194	937	1575	1410	1109	1695	1352	1894	864	20	187	1389	1267	604	736	865	1280	883	1111	1163	1417	1575	586	88	26	523	1039	1042	1117	1060	758	24	1389	803	1293	1671	1422	587	655	958	1458	1218	1555	297	18	1231	1133	287	1	1234	641	1036	573	945	188	3	1623	1227	1661	698	1241	1761	747	1139	611	397	1383	1103	465	1369	1053	667	386	1635	1389	1409	1211	1186	1658	831	1043	702	1476	1240	723	416	771	1203	1100	786	1236	742	601	6	205	649	1013	866	439	1630	1192	834	915	519	1507	6	1399	1610	1311	1121	591	284	932	841	994	1214	647	265	1271	1063	1147	1026	946	537	1360	843	1109	1354	917	1180	672	782	439	1255	1344	851	1205	500	1233	799	744	509	480	901	495	118	1150	448	915	716	190	657	1009	1235	1726	1806	1701	527	1719	1166	1269	732	1082	378	427	1069	1394	119	1011	1171	1645	117	737	1011	936	1127	998	903	1169	1092	611	1113	324	1167	393	1061	585	1219	34	1457	1528	1441	1095	1038	1511	1225	660	976	705	802	525	758	823	224	1209	1153	1308	1207	1264	1135	1213	1023	6	1101	559	467	616	1311	918	166	974	1385	1004	1162	990	553	1048	1176	1459	1560	627	1207	592	23	915	372	1409	1254	1399	1072	159	890	1210	892	1161	459	583	1556	1501	386	775	680	77	1743	1197	1278	1220	422	700	347	751	878	270	1580	1133	1443	1373	314	527	954	1544	853	1103	271	1375	1213	925	565	658	742	795	1619	605	411	1351	995	173	1261	1546	1400	1064	1429	1297	631	918	1078	867	1113	664	520	597	314	1186	386	611	1041	1917	1408	1113	358	767	1203	723	1363	1284	637	299	1103	512	805	1126	1299	1117	277	1522	1148	1192	1269	1441	707	875	1124	1244	542	750	1127	1245	1217	992	1520	963	1319	1202	1037	856	741	835	502	525	704	1032	867	1304	1270	708	851	1366	876	1246	1413	646	1450	1033	1216	63	861	1130
DNMT1	665	978	2328	2666	1628	2033	2399	752	713	2072	1816	3472	3762	3863	3124	15	3063	2493	3255	431	1080	2668	2029	2195	1182	1002	3240	22	155	1479	3127	2726	2608	1	1271	1909	3064	1845	2456	1912	1607	2523	1836	917	2318	740	581	2604	1627	1070	1386	1919	38	571	1234	45	566	1521	1182	772	3126	1386	1354	1956	2585	479	3529	1060	350	2026	3037	822	9229	1203	995	2223	2634	1640	2052	1383	2878	1544	3262	2231	2049	3552	470	2898	3002	1433	1604	651	2395	3187	2387	1660	2663	2759	1838	102	2213	951	727	619	2970	2318	2447	2773	2834	1563	2460	750	601	2530	868	1278	2458	1432	786	1577	1761	2184	3953	1110	1459	3057	2825	2169	2285	1782	244	3413	2988	1268	4	609	82	1455	1382	1601	1086	3431	162	74	1833	4263	4105	879	3669	7	201	2190	1326	3760	3444	77	2158	536	1909	2378	2503	623	1350	1367	21	1981	4128	2775	3019	2323	2383	553	1927	2417	3403	700	2035	2738	3508	2632	437	1390	2055	179	710	5	1904	3031	911	2950	98	2521	3225	1780	2690	989	1063	499	2538	1708	656	2587	99	2465	3265	2414	3890	2737	1877	1990	3508	856	869	1697	2303	1129	1360	3135	2464	1339	2863	2780	1515	2883	3233	3348	429	1581	431	285	445	106	4222	3717	2313	103	79	3228	1815	1933	1001	2354	2369	2570	3379	1757	2400	2176	144	1691	962	2160	3722	2951	121	1737	2200	871	1653	2785	2783	2785	2949	2697	3470	1075	2961	1148	804	2147	1709	30	1626	2230	280	1342	1713	1126	303	831	228	1983	296	628	2241	3087	1847	251	2399	1774	1794	1845	3804	218	2312	1036	2947	1441	1197	2761	178	1621	2319	2762	985	882	276	3227	895	1584	2964	514	844	1792	121	2	2591	2932	1608	3567	975	2709	3	536	3175	3021	3287	551	2578	3320	3796	2084	17	1961	1639	604	594	1241	1254	341	1305	3729	295	2440	870	684	3445	1115	3423	3114	927	1485	1742	1360	3099	1381	1562	685	352	664	975	1392	2594	2033	772	245	1863	3231	2889	2612	3886	2840	4000	1336	25	234	2717	2387	1158	1108	1449	2793	1678	2215	2222	3085	3220	932	94	33	1391	1607	1700	1879	1767	1175	47	2740	1236	2494	3341	2889	940	1035	1852	3098	2426	3573	506	35	2239	2229	519	1	2548	1062	2587	976	1471	388	3	3296	2878	3470	1248	2271	3586	1220	2120	911	542	2663	2000	703	2878	2106	1034	670	3616	2904	2968	2310	2224	3450	1557	1996	1217	2888	2546	1179	638	1202	2793	2092	1317	2249	1256	1219	13	289	1050	1968	1557	738	3681	2542	1403	2028	762	3489	6	2688	3255	3054	2274	1036	436	1662	1746	1943	2193	1031	309	2442	2086	1447	2199	1673	746	3312	1489	2029	2667	1661	2069	1176	985	735	2602	2898	984	2237	747	1865	1317	1298	774	750	1522	612	278	1845	712	1526	1329	345	1100	1839	2434	3938	3897	3663	965	3569	2180	2306	1294	2232	686	685	1945	2656	183	1699	2262	3411	174	885	1670	1844	2183	1678	1720	2303	2019	1058	2169	468	2013	592	1917	861	2372	49	2692	3094	2472	1885	2194	2437	2204	1152	1896	1205	1313	697	1366	1375	384	2505	1981	2750	2168	1964	2376	2150	1909	20	2097	979	690	945	2322	1411	294	1984	2992	1948	1976	1600	803	1930	1734	2271	3109	1087	1973	967	21	1122	676	3018	2315	2698	2047	273	1568	2312	1697	2494	763	992	3514	2371	533	1422	770	83	3563	2057	1766	2240	819	1260	644	1262	1908	395	2593	2127	2899	2348	529	1009	1715	2816	1336	1998	402	2900	2369	1851	857	784	1404	1508	3614	1110	509	2805	1829	313	2524	2893	2693	1976	2430	2572	981	1850	2205	1595	2110	1130	853	905	389	2074	721	1111	1558	4383	2759	2196	555	1254	2084	1073	2600	2511	1250	446	2110	774	1632	2025	2392	2050	386	2427	2163	2852	2511	2908	1343	900	2394	2679	836	1257	1928	2121	2363	1728	3245	1823	2648	2381	1805	1673	1426	1631	808	906	1291	1619	1390	2696	2649	1161	1628	2963	1095	2567	2135	996	2987	1791	2269	92	1627	1755
DNMT3B	582	1191	1664	1962	2746	1853	1787	627	889	1651	1908	4351	3867	4417	4161	24	2922	2865	3900	405	1991	3416	2534	3110	1085	1151	3304	99	161	1231	2614	2367	3520	1	911	2186	2797	1994	2378	1900	1250	2566	1733	777	2731	751	811	2680	3045	2051	2214	3039	64	611	919	48	501	1083	1097	1316	3991	1351	1122	3303	2373	431	2737	1002	494	2836	3369	811	1203	10671	1855	2039	3299	1275	1938	1166	2728	1182	3805	1308	1554	3770	1251	3393	3851	1801	1811	546	3612	3743	2495	2288	3295	3423	1813	50	2165	946	693	1252	4016	3412	3692	3770	2575	2712	3437	1480	528	3107	917	2568	3503	1743	775	1427	989	2914	3677	2117	2108	3529	4091	2520	2972	1624	247	2518	2989	1164	4	509	68	1809	1183	1598	1287	4337	92	61	2990	4863	4221	1029	4043	10	258	2682	1246	4334	4260	116	1647	1409	1925	2179	2335	1543	2568	2238	24	2709	4155	3458	3534	3207	2900	589	1301	2119	2471	701	3071	2886	3761	3078	413	1145	2321	304	904	3	1579	3734	829	3686	118	1594	2467	1558	3519	972	1130	550	2348	2515	1271	3540	197	2451	4154	3804	3545	2829	2255	2059	2886	1755	839	2239	2128	859	1239	3903	2927	1674	2864	3139	1129	3603	3789	3878	521	1463	1024	331	939	60	4701	3470	3262	678	117	4077	2115	2029	1757	3224	2492	2789	3828	2416	3225	3216	190	2499	1177	2331	3413	2513	135	1556	1845	889	1260	2167	2346	2954	3168	3930	3125	1191	3219	1242	771	2504	2011	42	1761	3487	293	2405	1488	1244	449	700	484	2730	274	1927	3379	2546	2483	317	2547	1882	2134	2312	3744	215	1762	817	3389	2282	2078	3763	163	2596	1971	2278	1942	1447	295	3481	775	1248	3906	908	858	1533	168	2	2318	3649	1998	3323	866	3346	2	496	3201	3605	3308	658	2635	3416	4021	3018	35	2558	1582	671	445	1152	2314	423	1083	3931	389	3456	915	807	3163	1327	2686	3576	1042	2506	1507	1245	3331	2179	2257	569	347	920	1029	1663	2665	1758	1177	454	2568	3698	3865	1758	4330	2676	4770	1610	23	266	2873	2590	1133	2137	2234	3334	2030	1778	3274	3622	3155	946	368	192	1754	2032	1714	2162	1949	1334	33	3832	1392	3641	4225	3531	730	1460	1572	2704	2847	3168	479	48	2470	1856	377	3	2150	1877	2450	1120	1969	331	3	3050	1974	3782	1880	2667	4095	2083	2273	1117	1665	3414	3351	704	3685	2861	1380	489	4094	2782	2872	3170	3246	4133	1217	1794	1016	2661	3335	1883	693	1205	1990	1718	1610	2074	1454	948	12	595	1019	2089	1499	732	3209	2483	1572	1673	915	3398	10	3219	3403	2628	2487	924	425	1741	1308	1656	2874	1624	274	3125	2361	1658	2471	2029	1149	2548	1563	1965	2641	1496	2600	1216	811	835	2329	3083	957	1983	842	1685	1667	1825	754	1349	2214	554	341	2259	806	1813	1163	315	1207	1703	2448	3386	3662	3391	737	4331	2171	2452	1518	1831	856	731	2770	2715	175	2094	2649	3947	136	847	2350	1764	2635	1914	1418	2265	2059	943	1994	489	2190	556	1943	899	2775	48	3361	4346	2991	1839	1726	2244	2389	927	1468	1728	1359	588	1186	1467	284	2310	2703	2250	2095	1760	1953	2623	2431	21	2611	864	1168	848	2921	1299	225	1660	3635	1587	2602	1696	1015	1758	1628	2076	3274	972	2372	938	37	1015	1153	2471	2566	2882	2011	225	1680	2449	1347	1965	901	767	3226	2497	446	1222	835	74	3546	2790	1865	3026	684	1344	497	1035	1473	382	2490	1746	2598	2079	455	799	1543	2745	1634	1838	410	2377	2221	1592	832	720	1163	1335	3662	863	460	3129	1783	257	2197	3156	2609	1769	3014	3322	1185	1503	1820	1840	2170	2172	1050	1645	357	2331	570	896	1367	3690	2552	2157	728	1334	1822	1180	2393	2939	1042	457	1904	740	1430	2175	2488	1994	451	2352	2066	2060	2461	2946	1090	1088	1751	2184	790	1300	2176	1808	2241	1741	3159	1530	3250	2482	2058	1328	1147	1292	759	797	1278	2443	1320	2212	2180	1221	1515	2603	1079	2407	2374	1141	2831	2114	3064	93	1421	1588
DPF2	954	1167	1114	1467	6122	1491	1987	569	477	1240	1908	7701	5093	6541	7587	34	2866	4121	5688	222	2785	5178	3225	4298	970	929	3837	192	104	789	3248	2187	6642	1	824	2772	2658	1730	2389	1886	855	3100	1612	679	3302	690	904	2787	6329	4133	3702	5829	28	452	589	44	267	729	812	2548	6118	939	714	6258	2361	232	2678	735	495	4610	4127	730	995	1855	17017	1413	4401	882	1313	805	2479	635	5300	892	1073	4830	2313	4236	6319	1665	1645	249	7336	5352	3900	3249	4948	5451	1495	33	2383	726	451	1922	6556	7080	7397	7071	2296	5330	5279	2564	321	5936	773	6176	6934	2239	807	1557	653	3770	3982	4471	3480	4269	7495	4251	4984	1263	122	2336	3036	739	4	290	37	1578	1200	1418	919	7212	59	101	7475	7938	5528	1059	5054	25	429	2341	553	7009	7566	87	1068	2749	3059	2312	2171	2883	6057	3811	20	2990	4659	5946	4887	7234	6072	486	990	2247	1768	814	5319	3565	5854	3488	246	834	2873	284	841	3	1174	5450	738	5576	36	1219	2110	1223	6086	581	838	394	2596	4108	1889	5806	391	2592	5908	7060	3495	3421	2622	1356	2519	4839	593	2156	1916	560	749	5153	2958	1556	2917	3247	808	6553	6430	5361	298	1054	1742	345	1626	47	7508	3668	2974	1488	101	7202	2594	2331	2503	4672	3545	3877	5402	3488	4944	5639	133	4375	1003	2482	4120	3447	66	1228	1488	553	957	1517	1735	3116	3527	6205	3492	792	3513	899	661	3732	1828	32	2067	6782	242	5472	1000	871	479	483	670	4871	220	4465	6658	2013	3452	140	2670	1492	2002	2317	4933	182	1266	700	5112	4590	4564	7183	75	5301	1589	1737	4172	2311	315	5579	722	1121	7862	1140	423	1076	137	2	1594	6307	2627	3069	587	5664	3	272	3609	5834	3508	440	2482	3606	5645	5547	39	3304	1406	386	269	939	6033	460	751	6326	358	6921	768	1034	3200	1431	2306	5411	996	5343	1035	1104	4330	4171	3038	330	434	914	821	1574	2931	1345	1212	644	4406	6387	6954	1469	7094	2468	7635	1400	15	225	3619	2333	633	4025	3542	5650	3826	1476	4406	6797	3251	646	805	414	2579	2390	1382	2578	1699	1176	20	7331	1247	7013	7596	6838	609	1456	871	2461	4527	3775	376	28	2735	1353	255	6	1509	1910	3410	979	2462	141	2	2704	1366	6005	2813	2885	6645	3789	3359	1245	4824	6804	6209	425	6507	5203	1286	311	6979	2955	3070	4792	3259	5887	814	1533	643	2183	5383	3479	619	821	1494	1345	1677	2086	1392	881	6	1350	784	1764	1186	507	3562	2702	1522	1564	641	3821	10	3345	4045	2438	3060	594	307	1887	815	1148	4131	1890	243	3816	2454	2173	3193	3060	1844	2810	1961	2135	2526	1301	3744	766	1019	565	2899	4592	875	1654	664	1734	1384	2870	412	2990	3141	524	405	2515	503	1747	822	176	1135	1400	2506	3517	4787	3823	421	6792	2431	2362	1337	1460	871	809	4309	2784	110	3337	4673	6073	110	775	3524	2441	3225	1867	941	1911	1743	839	1763	325	2338	338	1830	551	3888	35	6810	7006	3222	1480	1228	2310	2432	647	1043	2041	998	511	822	1032	220	2608	4023	1780	1772	1725	1439	3412	3801	25	4770	860	1468	525	3606	1365	197	1219	5915	1167	2658	1730	928	1421	1718	2180	3503	845	4098	598	33	1024	1872	1872	3065	3277	2051	166	1442	2610	883	1734	1284	561	3757	3106	312	897	916	38	3882	4607	1848	3987	644	1720	335	787	1203	208	2889	1328	2191	2312	461	610	1229	3657	1611	1376	209	1946	2245	1440	706	565	813	1141	4656	614	354	3695	1616	166	1820	3428	2556	1567	6266	5127	995	1116	1488	2790	1994	4615	1645	2675	253	2693	384	624	1126	4191	2983	1967	762	1334	1342	852	2095	4667	878	286	1660	454	1365	2737	2706	1714	228	2761	1875	1759	3042	3419	641	1251	1212	1592	492	1035	1819	1648	2241	1445	3925	1152	4504	2576	2202	992	802	932	495	554	1606	3181	952	1621	1633	945	1321	2787	1111	2906	3507	928	2976	2573	4022	62	1119	1381
DR1	800	1562	3447	4138	2660	2942	2849	989	1197	2868	2810	5435	5969	5960	4674	15	4667	3802	5462	529	2384	4203	3002	3579	1646	1447	4955	41	185	2133	3965	3998	3982	1	1646	2676	4558	3010	3966	2978	2445	3801	2725	1103	3343	1040	898	4032	2604	1825	2116	2971	101	805	1605	52	765	1980	2000	1178	5351	2267	1891	3937	3915	660	4614	1643	498	3325	5146	1172	2223	2039	1413	13669	4828	2255	3731	2123	4927	2296	5277	2433	2774	5583	817	4779	4644	2557	2671	960	3924	4825	3551	2700	4433	4270	2678	58	3221	1515	1028	1025	4579	3525	3758	4216	4164	2913	4060	1444	892	3612	1220	2123	4113	2170	1007	2192	2371	4083	6000	1872	2837	4909	4369	3146	3754	2627	321	4200	4978	2089	4	808	93	2644	1805	2400	1806	6042	142	34	2217	6591	6549	1389	6259	5	185	3348	2302	6067	5252	159	3053	804	2680	3379	4112	1077	2010	2156	17	3271	6087	4473	4870	3674	3505	912	2775	3816	5232	1076	3293	4037	5438	4351	576	1944	3325	283	1155	2	2645	4767	1224	4536	231	2861	4191	2576	4555	1570	1488	703	3347	2538	1037	4099	124	3764	5350	3840	5686	3924	2744	3565	5325	1426	1267	2789	3777	1425	2274	4975	3995	2184	4522	4615	1970	4280	4894	5796	575	2571	711	381	710	91	6453	5644	3194	247	115	5272	3112	3367	1669	3956	3480	3978	5592	2479	3644	3407	245	2616	1489	3553	5580	4196	148	2464	3072	1383	2144	4344	4092	4314	4790	4741	5381	1577	4702	1661	1116	3112	2951	26	2464	3695	390	2304	2590	1751	416	1085	338	2869	367	1336	3468	4779	2821	487	4266	3423	3442	3257	6118	293	3375	1396	4859	2194	1980	4187	237	2682	3802	4079	1714	1452	352	4738	1207	2136	4763	951	1399	2866	177	3	4445	4972	2376	5888	1377	4196	2	720	4888	5079	5879	1050	4974	5980	5900	3186	19	3241	2683	846	779	1813	2127	515	1901	5008	535	3708	1306	973	5900	1719	5161	4806	1305	2217	2670	1793	4718	2165	2835	865	637	1102	1717	2139	4359	2887	1343	400	2585	4902	4424	3178	5766	4482	6296	2268	24	333	4055	4280	1910	1780	2336	4265	2441	3058	3534	4426	4964	1327	143	44	1334	2576	2826	2981	3113	1856	58	4321	1963	3917	5468	4841	1179	1601	3278	4918	3890	5167	908	75	3637	3679	720	1	3784	1463	3051	1383	2396	611	2	5775	4208	5255	1974	4486	5628	2132	3253	1353	1050	4169	3223	1021	4229	3076	1731	829	5484	4523	4753	3707	3624	5471	2174	2965	1774	4638	3836	1809	891	1745	3422	3054	1977	3388	2123	1300	12	390	1483	2898	2479	1150	5534	3785	2293	2372	1288	5021	5	4435	5530	4568	3375	1411	579	2722	2637	3096	3472	1732	357	3855	3086	2264	3033	2579	1333	4260	2049	2958	4269	2409	3463	1672	1314	947	3605	4219	1434	3406	1133	2685	1977	2184	1258	1130	2369	798	271	3012	985	2442	1805	498	1649	2741	4040	5927	5894	5851	1211	5678	3264	3757	1950	3101	962	985	2944	4161	224	2564	3250	5488	187	1237	2484	2592	3342	2667	2507	3643	3487	1403	3375	653	3154	886	2838	1447	3539	67	3935	4748	4146	2889	3025	3619	3627	1633	2820	1745	2065	864	1873	2223	440	3661	3446	3965	3637	2856	3425	3328	2889	28	3233	1332	1039	1371	3994	1912	324	2749	4481	2954	3311	2474	1342	2835	2498	3314	5090	1480	2856	1530	29	1531	982	4394	3511	4349	2910	314	2460	3550	2419	3399	1187	1293	5067	3616	704	1982	1108	94	5536	3532	2723	3579	961	1639	873	1805	2373	491	4020	3042	4281	3416	726	1266	2470	4085	2212	3108	590	4278	3601	2504	1255	1105	1957	2145	5612	1507	682	4163	2711	451	3630	4694	4162	2836	3699	3981	1559	2509	2992	2386	3301	1696	1172	1465	499	3256	962	1510	2240	6434	3785	3413	757	1922	3255	1685	3976	3974	1636	558	3015	1065	2443	3217	3750	3106	556	3644	3406	3864	3860	4403	1969	1352	3532	4039	1357	1847	3059	3018	3471	2588	4899	2622	4094	3731	2830	2252	1839	2212	1174	1271	1783	2885	2172	3922	3860	1882	2601	4203	1508	3613	3212	1612	4559	2856	3596	106	2369	2710
DRAP1	1288	2238	3873	4778	6289	4037	3877	1172	1330	3508	3832	11492	10043	12000	10939	32	6521	6320	9403	623	4393	8196	5239	6320	2018	2173	7263	169	220	2357	5956	5271	8888	1	1879	4806	6359	3988	5225	3762	2555	5921	3804	1415	6114	1383	1409	5765	7458	4593	4663	7544	160	984	1740	55	777	2127	2483	2832	10135	2580	2047	8137	5223	695	7559	1851	774	6278	8193	1377	2634	3299	4401	4828	28339	2540	4225	2358	6926	2665	8978	2728	3158	9365	2403	8671	10280	3589	3653	973	8869	9718	5743	4488	7685	8813	3670	104	4613	1749	1144	2092	10069	8799	9494	10016	5572	6050	8230	3164	937	7866	1616	6220	8886	3331	1411	2749	2539	7226	9274	4620	4977	8818	10608	5587	6792	3267	337	5967	7136	2611	4	861	87	3746	2330	3134	3069	11363	177	135	8183	13070	11308	2162	10452	15	581	5162	2842	10923	11070	193	3474	2367	4410	4768	5026	3114	6138	4649	24	5923	10563	8385	8974	8504	7219	1138	3292	4979	6514	1640	7737	6497	10098	6626	593	2236	4876	499	1576	5	3236	9342	1438	9602	323	3308	5394	2976	8484	1742	2136	767	4855	4895	2057	8216	331	5645	10555	9014	8974	6604	4802	4538	6862	4435	1470	4494	4761	1533	2352	9343	6265	3301	6990	7397	2214	9527	9402	9789	776	2881	2090	561	1976	109	12687	8454	5747	1258	158	10769	4367	4308	3349	7180	5592	6527	9501	5299	7609	8109	256	5692	1957	5320	8477	5876	160	3031	3828	1492	2575	4912	5330	6887	8024	9372	8024	2066	7149	2257	1368	5378	3932	46	3427	8467	448	5728	2889	2215	756	1187	872	6408	433	4136	8770	5990	5146	572	6512	4918	5432	4405	9707	361	3765	1523	7949	5019	4703	9677	248	5976	4946	5030	4459	2717	550	9215	1412	2480	10183	1870	1534	3391	275	4	5592	9245	4290	8367	1439	8075	4	760	7186	9048	9045	1251	7553	9101	10520	7428	46	5831	3433	1033	758	2150	5846	762	2135	10452	899	8758	1525	1524	8275	2685	6884	9168	1959	5850	2995	2616	7823	4599	4878	885	997	1821	2429	3315	6257	3539	1912	799	6303	9343	10215	3832	11573	5815	12979	2803	24	420	6413	6276	2431	4635	4802	8101	4550	3778	7124	9817	7423	1647	632	263	4305	3991	3355	4530	3812	2460	62	9936	2574	9363	10846	10044	1328	2699	3882	6786	7488	8037	1157	112	5471	4217	736	4	4557	2861	6542	1996	3912	863	3	8089	4920	9333	3740	7096	10247	4236	4834	1901	4008	8484	8167	1100	9689	6835	2352	855	11263	7087	7331	7531	6100	10701	2391	3743	1902	6051	8051	4205	1165	2095	4225	3558	3104	4406	2730	1785	24	1066	1822	4391	2953	1354	8050	6145	3328	3225	1544	8654	18	7584	8274	6932	5815	1716	683	3491	2824	3517	6061	3079	438	6990	5075	3265	5556	4271	2220	6280	3030	4030	5739	2966	5718	2159	1610	1390	5334	7537	1690	4138	1472	3445	3126	4005	1258	2817	4613	928	657	4668	1321	3524	2072	562	2322	3419	5274	8595	9797	8820	1284	11052	4645	5299	2877	3846	1606	1410	6281	5820	242	4565	6522	10235	185	1414	4841	3989	5929	3853	2830	4579	4630	1727	4109	747	4521	927	3860	1511	6500	85	8293	10315	6339	3710	3516	4856	5043	1777	3017	3073	2475	997	2110	2606	487	5425	5886	4996	4217	3640	4238	5511	5472	37	6476	1663	1989	1456	6189	2471	409	3359	9497	3251	5486	3434	1835	3552	3274	4345	7544	1862	5441	1664	37	1954	2564	5547	5360	6425	4012	356	3247	5312	2688	4273	1799	1417	8101	5428	681	2435	1428	88	8677	6087	3671	6904	1290	2737	992	2154	3078	523	5404	3614	5607	4503	851	1472	2880	6278	3117	3698	597	5254	4727	3341	1493	1161	2241	2774	9438	1563	694	7445	3390	475	4777	7128	5745	3663	7132	8240	2047	2976	3878	4038	4560	5158	2109	3557	520	4783	1010	1702	2584	9847	5866	4634	1296	2368	3658	1948	5093	6779	2032	702	3860	1177	3120	4605	5439	3940	583	5076	4325	4992	5714	6746	2047	1941	3769	4881	1382	2207	4180	3685	4739	3421	7662	3026	7878	5231	4065	2550	2184	2567	1246	1524	2558	4866	2519	4753	4817	2315	3167	5875	1928	5450	5289	1999	6480	4363	6908	125	2738	3211
DZIP1	513	981	2260	2719	1617	1921	1954	742	808	2008	1786	3136	3625	3603	2820	10	2918	2393	3176	418	1112	2444	1855	2112	1207	971	3070	20	156	1517	2522	2694	2360	1	1421	1668	2931	1787	2421	1822	1632	2283	1633	854	2064	727	507	2469	1460	975	1276	1694	46	660	1205	45	615	1425	1085	676	2927	1439	1350	1965	2542	490	3051	1060	333	1887	3042	852	1640	1275	882	2255	2540	8799	2123	1365	2813	1469	3118	1859	2047	3282	450	2764	2737	1514	1590	661	2235	2925	2220	1614	2583	2520	1765	80	2044	965	772	672	2700	2043	2137	2456	2753	1552	2273	715	617	2224	944	1165	2299	1437	689	1457	1551	2178	3761	1024	1499	2844	2572	1962	2266	1871	267	2764	2940	1197	4	643	79	1410	1262	