	SOX5	HDAC2	FOSL2	LCOR	ZFX	ARID4A	LIN54	PATZ1	ZNF331	IRF2	ERF	KDM2A	GABPB1	ZNF574	EGR1	ZNF687	THAP11	ZGPAT	ZNF219	POU2F1	KAT8	TBX2	HDAC1	HOXA3	MED1	RXRB	ZMYM4	FOXA3	PAXIP1	TEAD3	SMAD4	ELF3	ZNF217	THRA	FOXK1	MIXL1	CEBPG	CEBPA	NCOA2	HOMEZ	FOXO1	MYBL2	REPIN1	ZNF614	PITX1	ATF2	DMAP1	MYC	MAZ	SPEN	NONO	RXRA	YEATS4	NR2C2	ZNF48	UBTF	PHF8	ZFY	HMGXB4	ZNF501	ZFP91	DRAP1	GATAD1	MNX1	HNF1B	E2F8	ETV5	TARDBP	TEAD1	RARA	FOXP4	HNF4A	TCF7L2	ISL2	IKZF5	RBPJ	LCORL	MGA	PHF21A	POGZ	FOXA2	BCL6	NFIL3	STAG1	RAD21	CTCF	SAP130	MAX	SALL1	ARID4B	ARID3A	ARID5B	TFAP4	SOX6	GATAD2A	ZUFSP	ZNF496	GRHL1	SCMH1	GPBP1L1	CENPX	ZNF382	HMGA1	MATR3	NR3C1	MTA3	ATRX	MLLT10	ZNF10	ZMAT5	TERF1	REXO4	PREB	LRRFIP1	CERS6	JDP2	DDIT3	RORA	NFE2	CSRNP2	ZFP62	KLF16	ZNF484	PLSCR1	ZNF577	ZNF720	ZNF17	ATAD3A	ZBTB1	GLMP	NPAS2	ZNF432	NFIB	SETDB1	ZNF326	ZBTB24	NCOA5	PAF1	ZNF530	ZNF260	ZNF75D	ZNF660	MAFG	ZNF597	HOXA7	ZNF562	TRIM24	FLYWCH1	ZNF513	PRDM4	ZNF570	AKAP8L	TBP	TEAD2	GPN1	ZFP14	ZNF549	CENPBD1	ZNF737	ELK4	FOXM1	ZNF180	ZNF251	CREM	ZNF672	HSF2	FOXO4	KLF13	SMAD9	PBX3	RARG	XBP1	RBAK	ZNF296	ZNF850	ZNF550	KIAA2018	NR1H2	ZNF569	ZNF20	ZNF512	ADNP	ZNF841	ZNF7	ATF4	THYN1	AKNA	ZFP36L2	NFE2L1	ZFAT	ZC3H4	ZBTB49	SP110	ZFYVE20	FUBP1	MTF1	ZNF468	PAWR	ZNF101	IRF1	ZNF30	MZF1	ZNF778	DMTF1	PIN1	CBX2	ZNF490	CC2D1A	ZKSCAN5	ZNF367	ZNF576	ZBTB46	ZNF146	ZBED5	ISX	ZBTB8A	ZNF460	ZNF33A	RNF219	ETS1	DBP	BHLHA15	TRAFD1	TSC22D1	ZNF674	CENPT	ZNF234	JUNB	AFF4	ZNF615	PRMT3	STAT5B	ZNF354B	ZSCAN22	THAP8	ATF5	PBX2	MLXIP	ZSCAN30	ZNF707	RFX3	TCF3	ZNF775	ZNF3	ZNF646	FOSL1	ZBTB37	MYRF	HOXA9	ZNF780A	ATF6	CREBL2	TIGD3	ZBTB44	ZNF253	ZNF773	JARID2	ZNF713	ZFP41	MYNN	ZNF383	ZNF318	ZNF25	KLF15	E2F2	THAP4	ZNF879	SNAPC5	SOX18	ZNF571	CHCHD3	LBX2	NFATC3	ZNF83	BATF2	ZNF526	ZNF485	GTF3A	TEF	ZNF703	ZHX2	ZFP64	ZSCAN12	GMEB2	MAF1	NFAT5	ZNF552	EEA1	E2F5	ZNF138	REL	ZBTB42	TOE1	ZHX3	MTF2	ZXDC	ZNF446	FUBP3	DNMT1	ZNF572	ZNF865	SP140L	ZNF512B	SSRP1	ZNF839	CAMTA2	ZNF256	CREB3	PAX8	DZIP1	ZNF827	ZNF678	SATB2	TP53	RELA	HHEX	ZFHX3	ONECUT2	HLF	USF2	ZBTB39	ZCCHC11	ZNF557	GZF1	ZNF527	ZNF740	NRF1	ZNF235	ZNF790	MTERF2	KLF9	ZBTB14	ZNF616	IRX3	EED	IKZF4	ZZZ3	ZBTB3	ZSCAN20	WIZ	RFXANK	ZNF589	ZNF44	ZFP37	GLI4	SNAI1	NCOA1	ARHGAP35	IRF5	ZNF786	ZC3H8	ZFP82	ZNF567	ZNF333	ZNF329	BRCA1	ZBTB10	PRDM15	ZNF34	ZNF337	ZNF652	NR2F1	FOXQ1	MEF2A	KDM1A	DNMT3B	ZBTB21	SNAPC4	ZNF608	ZNF782	ZNF704	ZNF546	ZNF558	ZNF224	ZNF276	ATF7	HES4	ZNF225	TMF1	ZNF33B	ZNF510	ETV6	ELF4	ELK1	SP2	ZC3H13	ZNF160	ZNF749	ZNF781	ZBTB4	PHF5A	MED8	ZNF816	ZNF776	ZNF619	ZNF724P	SAFB2	AHR	SMAD1	MTERF4	NAIF1	ARID2	CBX1	ZNF181	ZNF136	ZBTB7A	ZBTB2	NR0B2	AKAP8	ZIK1	THAP7	STAT6	JUND	ZNF629	ZNF121	SMYD3	ZNF431	BRF2	ZNF644	ONECUT1	GATA2	ATF3	SIX4	ZNF12	CEBPD	GATA4	NFKBIZ	ZSCAN29	HNF4G	HOXD1	DR1	ETV4	KDM4B	SRF	ZNF670	FBXL19	ZNF143	ZNF142	ZNF639	HINFP	JRK	ZHX1	ZNF564	ZBTB26	ZNF784	ZNF232	ZNF230	KLF12	ZNF891	ZNF883	ZNF598	HBP1	ZNF761	ZNF709	NFYB	HIVEP1	MXD1	NRL	TCF7	THRB	KDM6A	DPF2	HMG20B	RERE	SIX1	ZMYM2	ZNF878	ATF1	HIC2	TCF12	ZBTB34	SKIL	ZSCAN5A	JUN	ZFP1	MED13	NKX3	E2F1	TIGD6	ZNF280B	ZNF451	KLF11	TSC22D2	ZNF18	ZNF275	ZNF343	ZNF766	TOPORS	BRD4	ZNF746	ZFP36L1	SNAPC2	SRY	ZNF697	ZNF548	SMC3	FOXA1	PPARG	CREB1	ZNF609	TFE3	SMAD3	GABPA	ZBTB25	NFIA	GFI1	MEF2D	ZNF710	KDM5B	SP4	TFDP1	TAF1	GMEB1	E2F4	KMT2B	MYPOP	ZNF605	ZNF350	SMAD7	ZNF788	ZNF580	TFDP2	ELF1	YEATS2	POGK	HNF1A	MIER3	ZNF792	SP5	ZBTB7B	ZBTB40	NFYC	ZNF483	ZNF747	ZNF543	MXD3	BCL3	IRF9	ZNF563	PRDM10	KAT7	MEIS1	ZSCAN25	ZNF263	ZNF441	ZNF335	CSRNP1	ZFP90	ZNF800	ZNF414	ZNF768	ZNF777	ZNF274	MIER2	ZBTB33	EP300	ZNF280D	NACC2	MLX	ZNF264	ZNF281	GATAD2B	ZBTB43	PHF20	ZNF691	ZNF547	ZNF407	FOXC1	ZNF124	CCDC6	ZNF607	ZMAT3	ZBED4	ESRRA	HMGXB3	ZSCAN31	KMT2A	ZNF772	MXD4	ARNT2	MEIS2	HOXA10	KDM3A	HOXA5	ZNF511	ZSCAN9	ZNF430	RFXAP	ZNF556	ZNF221	ZNF205	SFPQ	NFYA	BORCS8	ZBTB38	SP1	GLYR1	NFKB2	THAP9	ZSCAN21	MTA1	SALL2	USF1	ZNF770	CBX5	BAZ2A	TGIF2	ZNF317	ARNTL	CBFB	KLF6	ZNF503	ZBTB20	ZKSCAN8	ZNF362	NR5A1	FOXJ3	RREB1	TEAD4	ZMYM3	DLX6	ZNF292	AHDC1	HMG20A	FOXP1	PROX1	RCOR2
SOX5	93197	91734	91005	92468	84604	84669	86010	85917	86682	84782	83938	79549	79897	82452	82391	88171	95573	100471	100707	91498	92656	92848	91246	89687	97011	96992	97177	99971	100021	95811	94575	94511	77048	74958	74717	76206	76767	81200	80706	74164	72213	71142	69875	72090	72741	72654	68244	66569	66068	66594	71490	70712	69541	71322	69495	68029	67762	75007	74246	73939	73150	73584	73565	73358	76860	78153	76687	77846	84796	84669	83681	83745	81911	81544	80163	79667	82628	81754	82789	85671	90426	88718	87536	89487	103901	96374	121728	113605	110934	108153	112940	112653	102549	108637	107942	935	679	812	95	7	428	298	303	1202	1460	1370	2205	2080	1861	1901	7258	7571	7318	6726	6622	7295	7775	7851	7440	6288	5900	6041	6116	6556	6474	6312	6157	5631	5810	2682	3042	2903	3347	3499	3343	3655	3934	4123	4266	4466	4717	4709	5456	4967	5187	5444	11218	10169	9568	9705	10355	9959	10049	10075	7931	8245	8525	8697	9462	9093	8586	8763	8602	8723	9223	13965	13779	13731	14058	13684	14042	14166	14457	13336	13301	13381	13440	13619	13828	13808	12046	11758	11594	12187	12413	11226	11674	11254	10848	11364	11156	11867	11777	11627	12690	12872	12645	12694	12786	12870	12302	12070	12249	12264	12672	12530	12763	12859	12668	14751	14355	14470	15568	14964	15150	15218	16439	16568	16969	16076	16267	16050	15937	16011	15604	15332	15767	19468	18544	17870	18218	17781	17001	17132	17014	16930	18251	17358	17233	17234	17602	17543	17359	18900	19548	20955	20490	19152	19338	19298	18739	18561	18268	18471	18293	18308	17947	18057	17828	18122	18066	21150	21212	20745	21512	21245	21490	22002	22165	19603	19411	19424	19618	19143	20260	19836	20171	20443	21705	21320	20990	20451	20228	24579	25211	24789	25171	24148	24525	24553	25405	25584	25830	25557	23619	23693	23801	24363	24289	24039	23946	24643	25380	25403	22624	22472	22729	22893	21972	22079	22185	22354	25081	24028	23394	25816	28524	27607	36139	27198	27720	26317	26976	26575	26728	27452	26916	26825	26949	26687	27565	25889	26082	26641	27771	27613	27376	28806	28259	28701	29618	29213	28510	28792	28178	28594	31317	29099	29217	30018	30256	30585	28861	28190	28644	30167	30120	30054	29668	29624	32721	32412	31174	31475	30920	29468	28827	32617	32588	31354	31183	31086	31732	31315	31446	32559	29931	30003	30880	30955	31254	31255	31679	31221	33913	34441	34946	34940	35227	35240	36498	36346	36283	33616	33348	33770	33226	33587	32777	33226	34213	33764	33131	33681	33350	33308	32235	32661	32871	32491	32388	34730	35543	36335	35455	35636	34570	34916	52940	47687	49894	43468	45041	44700	46802	46453	45547	45401	44611	43785	39963	42568	41386	40281	41464	40720	39173	40150	39583	40349	41433	41080	41013	42427	41604	42057	41217	41261	40228	40678	41163	43337	43871	43674	41790	42113	41481	41740	44626	38822	41304	41061	43341	43421	44284	42251	42127	42212	37789	38171	38745	40769	40617	40677	40741	39139	38978	37505	36392	35226	35955	37347	37037	37409	36775	37167	37161	39098	39271	38915	39666	39243	38051	38491	39102	66081	71304	69300	65630	65749	65364	63673	60270	60894	62247	63649	60925	60990	57700	57745	60929	59860	60517	60327	62057	61049	59916	63173	63682	64630	62975	61896	63478	62715	63015	69596	66877	66095	66503	66385	45896	45437	46773	46337	45782	44134	45812	45609	44989	48685	47547	47948	47192	46396	45032	45212	44800	45116	45595	45931	43619	43264	42658	46800	46363	52481	47806	48939	50103	51732	49974	51301	50951	46256	48682	48325	47308	47968	50634	49778	47762	48677	48883	49879	49484	55835	57550	56985	56778	55991	57024	56568	56835	58146	58295	58756	54074	53645	53950	53825	56060	55157	54536	54413	53880	51217	50428	50039	50232	50192	50335	51389	50637	51456	52941	52189	52558	53721	53821	52926	52628	56265	53483	54591	54434	58439	60230	57994	55833	55752	57475	57510	63491	63098	62607	59024	56162
HDAC2	91734	91869	90697	92057	87480	87561	87568	87597	86897	85495	85306	82811	82973	85043	84614	92451	97130	101116	100113	93642	93637	93667	92307	91624	97096	96674	97233	98803	99265	95760	94578	94630	76616	74999	74805	75576	75276	78888	79388	72618	71717	71495	70777	72133	73164	73235	69877	69437	68592	68909	73147	72130	71387	72542	71655	70707	70460	78009	77187	76440	76225	75123	75282	75620	78284	79083	77291	78503	83318	83370	82851	82382	81002	81079	81186	80742	83538	83183	83368	85194	88480	87362	86298	90458	104326	99377	122944	115184	112113	110275	111923	111137	103416	107740	106874	990	726	848	93	10	434	274	287	1249	1494	1407	2182	2148	1909	1937	7617	7848	7572	6947	6953	7447	7764	7617	7336	6491	6164	6301	6378	6870	6659	6501	6297	5821	6025	2799	3131	2995	3569	3581	3541	3823	4020	4204	4469	4607	4966	4860	5485	5165	5317	5539	10703	10475	9904	10021	10627	10439	10445	10359	8257	8597	8750	8825	9836	9580	8850	9078	8972	9206	9512	14141	14221	14382	14569	14329	14312	14520	14592	13879	13714	13997	13796	14087	14138	14108	12330	12107	11854	12188	12402	11311	11957	11629	11313	11716	11538	12151	12239	12214	13072	13384	13043	13114	13164	13190	12814	12507	12562	12718	12961	12707	13007	13113	13032	15268	14820	14936	15911	15710	15716	15755	16840	16767	16991	16891	16874	16781	16389	16465	16051	16047	16369	18791	18641	18094	18628	17941	17307	17748	17723	17534	18441	17668	17692	17556	17735	17620	17576	18778	19288	20320	20333	19752	19938	19747	19216	19263	18884	19167	19034	19184	18538	18744	18640	18760	18665	21740	21906	21672	22439	22047	22403	22501	22685	20327	20410	20142	20204	19967	21108	20789	21037	21183	22013	21671	21458	20901	20705	25691	26298	25714	26076	25233	25767	25631	26458	26473	25990	25940	24550	24743	24901	24995	25339	25001	24305	24676	25369	25339	23704	23541	23394	23637	22826	23202	23183	23334	25439	24615	24059	24510	27434	27096	34903	27961	28071	26916	27435	27374	27887	28660	28316	28027	28023	27672	28242	27252	27016	27558	29000	28818	28668	29228	29084	29264	30015	30002	29360	29463	29195	29369	31886	30488	30447	30832	31187	31434	30033	29400	29805	30627	31127	30854	30455	30287	32193	31827	31036	30943	30381	29429	29033	33523	33483	32613	32713	32695	32923	32512	32628	33225	31379	31442	32156	32003	32030	32338	32437	32237	35776	35908	36181	35863	36381	36369	37037	37194	36631	35197	34810	34854	34634	34952	34316	34511	35007	34305	33942	34395	34239	34848	33624	34132	34288	33914	33575	34997	35455	36358	36276	35817	35522	35549	50917	45784	47891	43394	44423	44284	45983	45952	45565	45748	45000	44427	41697	43197	41739	41324	42234	41684	41050	41444	40899	41723	42305	42069	42265	43384	42681	43072	42663	42976	42058	42625	42680	44506	45049	45142	43672	43740	43524	43585	42220	38357	39985	39741	42583	42377	43100	42580	41884	42004	38648	38553	38798	40432	40717	40523	40488	39563	39405	38962	37999	36930	37530	37995	38005	38448	37782	38236	38416	40192	40158	39888	40242	39828	39915	39794	40299	65895	69443	68652	65197	65160	65573	63852	61546	61662	61538	63222	61520	60944	60452	60414	62815	62305	62918	62598	63265	62455	61767	65313	65778	66691	64486	64043	65070	64354	64557	69536	66918	66433	67373	67664	47491	47170	47814	47486	47229	46159	47312	47465	47078	49439	48464	48658	48641	48061	46291	46357	46189	46429	46573	46858	45678	45152	44590	46741	47726	51242	48483	49007	49827	51931	50142	51303	50937	48636	50301	50040	49332	49817	51429	51127	49473	49987	50112	50758	50311	57225	59070	58433	58318	57751	57854	57478	58022	58947	58896	59045	55670	55141	55147	55099	56710	56257	56481	56319	56055	53724	52657	52579	52468	51717	52043	53046	52302	53083	53474	53312	53443	54315	54580	53973	53758	55749	53541	54249	54303	57549	58786	57968	56108	56412	56865	57267	61619	60438	60425	57214	54810
FOSL2	91005	90697	92311	92132	87442	86660	86360	87760	86486	85473	85240	84094	83010	85088	84441	93449	96817	100412	100154	93744	92938	92781	91130	90888	96263	96811	96591	98783	97514	96758	94463	94829	75919	74946	74173	75639	75171	78979	78223	71891	71362	69802	70192	71770	72408	72328	68698	68954	67962	68172	72221	71841	69967	71287	71853	70203	69359	77237	77769	76694	76372	74009	74590	75356	78499	77854	77046	77389	83777	82889	81673	81542	79833	79562	80678	80307	83262	82170	82295	83854	88340	86880	85908	99880	113581	108794	122935	115464	112661	110732	111627	111367	103500	107152	107135	957	715	827	93	11	431	269	292	1232	1439	1327	2197	2058	1880	1922	7385	7650	7409	6809	6838	7211	7503	7415	7423	6340	6022	6167	6271	6589	6498	6443	6173	5708	5792	2755	3073	2907	3504	3552	3448	3720	3929	4153	4375	4464	4831	4719	5512	5049	5225	5397	10587	10203	9812	9781	10367	10131	10199	10158	7975	8372	8490	8594	9743	9244	8659	8828	8787	8896	9377	13886	13992	14114	14424	13827	13986	14182	14295	13630	13339	13793	13440	13762	13627	13704	12184	12011	11558	11973	12119	11080	11656	11385	11103	11417	11318	11973	12000	11828	12863	12866	12863	12787	12822	12909	12509	12198	12296	12251	12596	12601	12742	12898	12836	14830	14659	14668	15477	15366	15251	15282	16545	16346	16537	16336	16511	16523	16093	16157	15710	15648	15911	18757	18176	17661	18269	17586	17001	17278	17126	17172	18068	17218	17264	16998	17416	17212	17115	18451	19162	20560	19873	19483	19549	19280	18909	18765	18453	18544	18564	18612	18363	18290	18221	18392	18247	21451	21380	20999	21892	21520	21681	21963	22290	19867	19917	19815	19938	19557	20469	20483	20777	20830	21460	21043	20739	20670	20305	24798	25590	25293	25590	24744	25033	25073	25842	25857	25423	25369	24555	24135	24233	24418	25052	24993	24072	24351	25223	25312	23302	22851	22813	22820	22412	22690	22635	22701	24658	24007	23790	24102	26877	26488	34760	27416	27328	26707	26820	26699	27884	28442	27555	27395	27380	27021	27630	26692	26363	26693	28577	28320	28054	28480	28350	28619	29369	29411	28779	29046	28650	28734	31032	29720	29814	30419	30610	30619	29609	28865	29366	30136	30373	30241	29961	29753	32158	31440	30326	30366	30139	29056	28546	32693	32769	32200	31937	31868	32256	31838	32083	32593	30626	31050	31353	31535	31456	31774	31443	31455	34769	35290	35478	35103	35781	35909	36440	36179	35781	34436	34508	34284	33960	34486	33861	34045	34074	33475	33435	33727	33620	34334	32751	33554	33468	33095	32952	34189	35319	36123	36073	34872	34740	34601	50750	45415	47074	43189	43566	43955	45740	44624	44870	45033	44184	43406	40713	42555	41311	40198	41393	40954	40140	40592	40001	41211	41483	41086	41305	43017	42109	42388	42014	42115	41846	42026	42440	43686	44373	44263	42474	43193	42733	43214	41666	38170	39110	38967	42001	41547	42287	41843	41085	40914	38434	37589	37782	39676	39717	40066	39766	38576	38413	37821	37385	36510	36811	37458	37681	37693	37028	37583	37822	39190	39349	39296	39444	38802	39147	39294	39635	73945	69369	68019	63952	63940	64934	63630	60650	61118	61465	62061	60527	60139	59943	59624	62039	61021	61593	61566	61940	61666	61039	64864	65827	66070	64344	62853	64460	63865	63822	68235	66248	65628	66435	66963	46406	45870	46975	46500	46388	45416	46806	46988	46296	48954	47550	48122	48234	48130	45634	45761	45104	45607	46292	46017	45690	44548	44087	46517	48311	50658	47876	47878	48826	50867	49570	50155	49939	47516	50128	49472	48908	49374	50833	50265	48650	49105	49548	50030	49675	56385	58142	57405	57627	56877	57040	56875	57889	58538	58312	58485	54639	54239	54513	54065	55939	55462	55215	55749	55735	52663	52441	52037	51922	50908	51157	52389	52226	52443	53667	52272	52814	53416	53749	53169	52975	54421	52573	53753	53766	57194	57454	58427	56138	55934	55950	56595	60410	59936	59649	56114	53921
LCOR	92468	92057	92132	93771	87665	86884	87256	88200	87861	86564	86160	83937	82868	85403	84514	92930	97726	101608	101410	94005	94062	93644	91920	91389	97317	98107	98365	100209	99253	97892	95514	95914	77433	75956	75251	77153	76780	80683	79635	73903	72503	71331	71384	72874	73443	73468	69226	69063	68438	68506	72913	72219	70723	72056	72179	70339	69901	77515	77973	77159	76473	74782	75174	75524	79209	78971	77522	78717	85099	83921	83050	83093	81102	81222	81721	81063	84150	82887	83358	85530	90249	88305	87559	99921	113712	108656	123832	116213	113583	111351	113471	113189	104316	108963	109005	995	707	845	91	10	431	284	294	1240	1527	1426	2265	2152	1955	1977	7528	7781	7574	6951	6903	7412	7795	7753	7547	6480	6094	6266	6407	6767	6653	6512	6258	5844	5938	2793	3132	3001	3545	3663	3461	3799	4062	4227	4447	4637	4888	4818	5556	5173	5359	5505	10795	10447	9954	10122	10648	10222	10417	10364	8216	8626	8828	8882	9946	9406	8830	9059	8977	9066	9481	14187	14287	14475	14718	13936	14386	14500	14688	13820	13707	14005	13915	13992	14225	14059	12533	12124	11790	12323	12398	11413	11926	11703	11324	11561	11633	12370	12290	12028	13224	13167	13092	13202	13069	13166	12776	12617	12539	12630	12867	12958	13154	13286	13029	15171	14926	14940	15755	15652	15500	15785	16767	16797	17032	16546	16795	16851	16625	16389	16041	15910	16239	18810	18509	18187	18597	17918	17386	17584	17468	17526	18246	17505	17686	17622	17700	17628	17662	19004	19565	20467	20384	19833	19806	19646	19393	19063	18820	19046	18897	18911	18683	18786	18519	18720	18770	21887	21852	21498	22224	21892	22317	22503	22842	20182	20338	20044	20276	20039	20865	20792	21052	21166	21901	21489	21223	21083	20657	25201	25975	25631	25901	25120	25249	25547	26130	26344	26273	25911	24967	24476	24469	24944	25482	25378	24459	25032	25992	25839	23822	23392	23295	23460	22822	22988	23170	23113	25132	24542	24133	24843	27686	27345	35652	27640	27963	27251	27454	27249	28228	28447	27710	27767	27553	27620	28230	26771	26725	27243	29043	28583	28350	29076	28836	29383	30169	29664	29578	29519	29177	29155	31710	30303	30291	31173	31166	31052	30169	29365	29632	30615	30732	30651	30611	30483	32618	32060	30929	31144	30670	29637	28915	33360	33323	32710	32505	32292	32501	32334	32699	33032	30966	31559	31737	32059	32120	32085	32126	31816	34825	35275	35986	35491	36363	36402	37117	36658	36469	34790	35026	34778	34501	35023	34267	34360	34714	34396	33901	34285	34393	34312	32876	33890	33794	33599	33646	35038	35489	36642	36303	35907	35301	35338	52227	46794	48506	43421	44562	44692	46711	45685	45695	46064	45021	44149	40949	42765	42003	41019	42006	41739	40291	41177	40394	41798	42452	41820	41925	43700	42702	42932	42626	42401	42203	42489	43118	44400	45012	44724	42895	43564	42991	43515	42664	38767	40095	40010	42847	42583	43525	42622	41866	41859	38709	38257	38726	40248	40888	40731	40834	39165	39139	38162	37721	36965	37302	38101	38327	38034	37591	38186	38272	39837	39782	39500	39965	39751	39458	39629	40313	74234	70622	69482	65104	65183	65645	64643	60988	61862	62404	63623	61476	61354	60115	59714	62491	61230	61980	61851	63003	62290	61848	65449	66544	66439	64915	63502	64887	64239	64499	69386	67422	66714	67034	67795	46983	46427	47860	47246	46859	45875	47254	47377	46583	49391	48469	48807	48709	48373	46050	46490	45731	46286	46943	46782	45778	44962	44568	47601	48390	51481	48558	49079	49848	51868	50052	51386	50769	47704	50586	50076	49508	49815	51862	50874	49102	49550	50227	50627	50321	57283	58995	58177	58229	57597	57855	57720	58572	59180	59097	59479	55302	54844	55374	55026	56883	56320	55619	56462	55986	52953	52873	52300	52228	51325	51765	52788	52443	52925	54291	53364	53418	54492	54394	53833	53538	55539	53466	54733	54914	57879	59153	59132	56739	56704	57283	57795	62122	61383	60957	57681	55411
ZFX	84604	87480	87442	87665	91337	90155	87419	88422	84107	83963	84745	88282	87516	87751	86265	100189	96825	97997	95397	95319	91906	91302	90747	92044	93045	92456	93515	92850	92614	92728	91015	91524	72447	72389	72103	70862	69428	70670	72521	65825	67774	68290	70209	69589	70259	70568	70211	73553	71734	71548	74126	72736	72423	72021	74406	74491	73737	81908	81654	79840	81642	74835	76424	78563	79145	77551	75786	76537	76927	77323	76791	75319	75001	75644	79788	79591	82308	82902	81125	80136	80718	80855	79789	94935	106737	109827	121217	115351	110931	111368	105333	103684	101872	101614	100573	991	773	877	98	12	421	238	267	1286	1572	1444	2286	2074	2007	2050	7992	8240	7959	7064	7402	7369	7234	6543	7033	6867	6466	6755	6709	7018	6905	6704	6347	6145	6059	2974	3274	3055	3743	3702	3773	3911	3950	4310	4728	4805	5202	5127	5336	5433	5470	5611	9011	10615	10537	10236	10968	10999	10815	10707	8586	8732	8632	8744	10386	10266	9194	9470	9441	9986	9944	13915	14517	15191	14986	14817	14571	14547	14226	14762	14306	14809	14007	14546	14219	14301	12141	11997	11930	11684	11866	11080	12165	11860	11809	11978	11758	12294	12692	12798	13322	13485	13789	13786	13502	13554	13427	12982	12999	13098	13322	12772	12871	13107	13140	15642	15648	15454	15814	16466	16019	16088	16900	16325	16046	17536	17203	17607	17005	16757	16833	17134	17230	16628	18069	17815	18605	17801	17503	17934	18495	18086	17791	17519	17517	17341	17474	16911	17173	17514	17783	18117	19039	20171	20559	19857	19432	20235	19563	19562	19805	20033	19006	19412	19584	19248	19061	22491	22560	22583	23407	23334	23200	22423	23058	21291	21438	21169	20913	21058	21971	22167	22208	21959	21366	21265	21285	20997	21179	27068	27125	26900	27004	26913	27272	27178	27548	27315	25223	25662	25803	25893	26106	25537	26843	26704	24300	23263	24324	24297	25086	24918	23888	23941	24012	24764	24374	24288	24599	24532	24609	20598	23057	24212	31043	28726	27187	27028	27065	27609	29560	30319	30569	29705	29385	28504	28549	29159	28479	28187	30876	30288	30309	28881	29570	29234	29651	30760	29946	29717	30361	30338	31247	32080	32198	31923	32032	31989	31235	31336	31167	30358	31485	31250	31250	30661	29337	29390	29432	28190	27865	28395	27835	34174	34342	34260	34264	34486	34286	33754	33811	33022	33309	33450	33548	33083	32846	33001	32441	32965	38554	37852	37312	36466	36755	37275	36719	36734	35615	37358	36824	36037	36499	36057	36111	36271	34528	33875	34507	34649	34259	36612	35550	36321	35783	35569	35088	33641	33791	35400	36491	34339	36003	35042	44009	39510	41069	41237	40982	41612	42479	42646	43204	44452	43385	43635	43850	43282	40731	41185	41767	41646	43151	42353	41733	43254	42467	42299	42812	43531	43533	43268	44006	44645	44941	45182	44707	45206	45792	46495	45581	45997	46737	46624	34667	35903	35017	34555	38963	37868	37982	40591	39419	39186	38950	37400	36846	38048	38533	38310	38233	37647	38219	40345	40130	39461	39324	37572	38567	38932	38777	39036	39300	40538	40404	40366	39697	39339	42286	40927	41393	68233	63270	64068	60619	60607	63080	61484	61821	60726	57908	58959	59322	58327	64473	64188	64898	65295	65054	65322	63141	62663	63058	67848	68750	68621	64887	66102	66072	65900	65589	65702	64097	64633	66816	67310	48871	48424	48020	47909	48356	48811	48928	50077	49979	49132	48228	48671	50194	50538	46925	46655	47035	47322	46984	46574	49150	48090	47342	44980	48993	46403	47221	46776	46978	49436	48685	48371	48672	52447	51962	52178	52248	51883	50595	51600	51078	50895	50398	50187	49774	58458	59931	59105	59709	59139	57237	57062	58356	58325	57259	57048	56290	56052	55656	54943	55292	56241	58053	58427	58662	56854	55837	56147	56017	53103	53367	54660	54540	54298	53253	53220	53408	53116	54106	53767	53701	51776	50605	51193	51235	52605	52299	55466	54331	54860	52723	53791	53516	51974	52782	49767	49060
ARID4A	84669	87561	86660	86884	90155	90383	87792	87171	83633	83533	83965	86385	86379	86947	85627	97663	96668	98005	95156	94492	91996	91254	91186	91634	93117	91862	93317	92585	92818	91565	90224	90989	72347	71860	72255	70535	69620	70750	73100	66163	67707	69119	69908	69542	70206	70810	70733	72747	71146	71287	74081	72102	72813	72515	73399	73764	73924	81323	80416	78762	80248	75116	76364	77685	78196	77811	75543	76570	76674	77389	77284	75216	75423	76144	79468	79358	81854	82701	81172	80615	80491	80852	79954	88249	100193	102205	120711	114033	109737	110341	105116	103259	100981	101540	99864	979	747	885	104	12	428	249	265	1277	1560	1435	2222	2146	1973	2067	7992	8289	8093	7032	7378	7511	7353	6734	7073	6933	6526	6671	6663	7143	7018	6772	6392	6056	6111	2967	3292	3098	3670	3623	3751	3930	4055	4320	4688	4740	5211	5103	5308	5489	5524	5590	9248	10720	10563	10187	10989	10990	10941	10705	8604	8789	8750	8830	10303	10309	9283	9511	9394	10077	10048	13972	14681	15074	15102	15014	14691	14769	14222	14653	14401	14630	14010	14603	14281	14468	12049	11967	12104	11599	11968	11146	12295	11794	11807	12127	11848	12274	12669	12846	13337	13682	13782	13687	13582	13558	13530	12873	13135	13088	13432	12624	12950	13172	12994	15841	15610	15518	15900	16438	16277	16104	17044	16633	16372	17683	17399	17546	17028	16813	16894	17181	17257	16956	18380	18163	18840	17968	17661	17989	18532	18228	17935	17785	17766	17567	17517	17096	17271	17539	17954	18342	19085	20214	20703	20096	19439	20284	19671	19654	19762	20167	18904	19482	19477	19336	19064	22339	22538	22808	23519	23373	23333	22599	23049	21311	21442	21226	21046	20909	22187	21936	22165	22005	21700	21614	21581	21103	21328	27298	27350	27029	27059	26855	27366	27243	27857	27338	25452	25946	25358	25857	26219	25605	26593	26232	24349	23421	24311	24234	24930	24906	24112	24212	24002	24798	24402	24267	25027	24803	24553	20998	23534	24627	31283	28841	27486	27000	27418	27672	29280	30169	30650	29694	29498	28498	28684	29300	28583	28371	30663	30295	30323	29168	29729	29206	29851	31011	29987	29959	30440	30400	31583	31895	32095	31867	31932	32483	31019	31332	31283	30629	31640	31495	31182	30881	29549	29469	29790	28808	28023	28655	28080	34384	34450	34163	34258	34375	34372	33852	33742	33096	33322	33221	33744	33112	32905	32990	32851	33214	38801	38209	37415	36676	36863	37128	36764	37146	36298	37304	36366	36103	36541	35836	35942	36113	35037	34216	34793	34729	34447	36315	35923	36258	35670	35496	35046	33752	34032	35428	36416	34787	36069	35391	44283	39851	41562	41546	41467	41945	42852	43474	43630	44573	43460	43974	44310	43328	40856	41609	42120	41781	43253	42484	42112	43240	42554	42599	42932	43517	43356	43503	43798	44905	44720	44940	44370	45384	45817	46579	45869	45739	46737	46371	35164	35727	35434	34944	39275	38486	38459	40878	40000	40142	38445	37647	37042	38322	38949	38631	38514	38400	38824	40819	40163	39143	39312	37789	38482	39231	38866	39082	39433	40606	40688	40388	39847	39578	42323	40902	41442	62894	63486	64171	61577	60882	63189	61584	62186	60943	57749	59519	59648	58468	63912	64067	64779	65723	65261	65439	63779	62964	62866	67412	67865	68249	64547	66136	65916	65821	65536	66342	64306	64801	66820	66804	49151	48804	48057	48096	48355	48623	48904	49867	49917	49299	48527	48676	49778	49704	47058	46781	47407	47413	46950	46861	48216	48085	46869	44556	48200	46908	47550	46982	47226	49904	48743	48902	49140	52679	51326	52067	51976	51686	50428	51882	51166	51178	50199	50232	50031	58521	60240	58932	59702	59334	57262	56945	57976	58643	57346	57284	56493	56421	55431	55193	55331	56224	58555	58149	58203	56965	55495	55624	55641	53039	53245	54669	54010	54409	52816	53121	53494	53409	54348	53760	53982	52465	51049	51230	51493	52856	53106	54901	54047	54511	53289	53626	54256	52412	53244	50216	49348
LIN54	86010	87568	86360	87256	87419	87792	87131	85101	83252	82793	82636	83104	83781	84790	83812	93218	95450	97735	95421	92522	91449	90695	90545	89976	93180	91741	94130	93578	93877	91168	89843	90823	72453	71410	72475	71439	70807	72935	74433	68019	67840	69461	69015	69296	70214	70584	69964	70147	68931	69431	72847	70345	71839	71722	71119	71295	72033	78766	77759	76453	77169	74426	75166	75588	76740	77373	74929	76043	77910	78174	78292	76675	76592	77151	78661	78349	80694	82075	80909	81976	82328	81932	80958	86405	98780	98691	119248	112406	108470	107729	106386	104741	99847	102396	100464	968	713	854	89	7	421	237	248	1174	1507	1386	2148	2074	1889	1978	7716	7990	7735	6829	6966	7340	7337	7084	7090	6685	6280	6428	6457	6932	6736	6493	6350	5774	5892	2875	3180	3001	3535	3556	3468	3784	3933	4157	4530	4571	5077	4865	5303	5316	5385	5591	9476	10533	10177	9851	10749	10517	10549	10362	8245	8486	8554	8672	10046	9861	9026	9169	9032	9731	9696	13792	14201	14470	14555	14615	14368	14512	14013	13929	13947	14018	13750	14162	14037	14275	11892	11617	11861	11581	11908	11071	12052	11428	11383	11978	11542	11923	12307	12376	12832	13410	13279	13156	13172	13163	13056	12428	12789	12665	13164	12377	12843	12913	12753	15347	14888	14943	15592	15746	15837	15777	16612	16577	16498	17117	16882	16797	16376	16368	16384	16496	16704	17401	18174	17987	18640	17552	17175	17505	18036	17602	17887	17518	17656	17483	17349	16944	17109	17620	18116	18683	19188	19645	20284	19747	18961	19687	19087	19087	19264	19475	18308	18701	18810	18650	18498	21534	22033	22152	22768	22723	22765	22250	22507	20622	20660	20444	20386	20237	21587	21280	21304	21240	21543	21390	21169	20581	20829	26697	26586	26120	26272	25827	26526	26303	27140	26711	25367	25598	24661	25089	25463	24869	25599	25084	23844	23547	24259	24015	23953	24035	23510	23666	23113	23808	23489	23546	24867	24362	23800	22118	24608	25201	32431	28214	27227	26439	27031	27243	28073	28971	29753	28668	28734	27753	28220	28170	27486	27726	29439	29235	29472	28775	29197	28815	29573	30331	29321	29217	29530	29811	31203	30979	31000	30900	31259	31751	30027	30198	30393	30192	30915	30929	30400	30205	29943	29620	29812	29211	28234	28555	28167	33656	33658	32962	33126	33163	33593	32898	32712	32579	32225	32048	32648	32154	32183	32100	32691	32313	37667	36896	36473	36023	36209	35904	36175	36725	36102	35970	35098	35070	35315	34745	34564	34935	34922	33933	34063	34140	33752	34737	34782	34945	34271	34301	34063	33724	33966	35069	35501	34864	35395	35125	46117	41737	43329	41460	41923	42125	43432	44193	43663	44213	43038	43497	43256	42898	40408	41221	41799	41074	42049	41459	41122	42004	41782	41968	42107	42566	42541	42814	42723	43611	43144	43385	42930	44404	44851	45642	45107	44219	45003	44684	37391	35835	36615	35880	39971	39284	39667	40808	40530	41115	37260	37411	37014	38409	39235	38701	38604	38192	38719	39990	38807	37758	37941	37338	37453	38464	38088	38164	38419	40010	39862	39518	39559	39131	40995	39638	40277	61860	64744	64505	63332	61451	63025	61321	61968	60323	57815	60185	59497	58409	61647	62029	63414	64201	63832	64122	63187	62216	61718	65507	65858	66357	63103	64758	64985	64473	64342	66738	64322	64188	65950	65462	48067	48031	47237	47318	47087	47014	47447	48278	48389	48701	48090	47706	48194	47653	46190	46028	46305	46384	46127	46188	46227	46403	45311	44326	46033	47835	47167	46843	47358	50059	48389	48889	49128	51183	49822	50513	50280	50097	49939	50971	49939	49968	48980	49348	49678	57192	59301	57777	58223	57986	56520	56511	56695	57926	56994	57067	55297	55357	54371	54572	54732	55404	57561	56580	56032	54981	53182	53585	53859	51707	51570	53332	52483	52751	52091	52582	52666	53063	53362	53018	53188	53137	51286	51529	51619	53522	54807	54339	53767	53789	54034	54183	56530	54837	55257	51886	50467
PATZ1	85917	87597	87760	88200	88422	87171	85101	87803	83927	83165	83709	85492	84246	85328	84293	96115	95280	97283	95806	93127	90462	90314	89162	90165	92819	92842	92508	93505	93017	92829	91260	91258	72797	72697	71548	71389	70783	72787	73783	67015	68597	67765	69169	69504	70152	70245	68025	70790	69385	68911	72234	71578	69714	70361	72474	71469	70309	78610	78727	77218	78359	73085	74337	76039	77651	76147	75100	75841	78349	78373	77653	76932	75748	76015	79129	78765	81704	80601	80179	79559	82381	82407	80985	95579	107835	107314	119456	113346	109895	109232	105791	104760	101243	101952	101634	969	742	831	92	11	414	245	275	1239	1522	1388	2202	2063	1958	1982	7613	7853	7677	6914	7060	7207	7386	6832	7102	6576	6214	6340	6510	6711	6621	6561	6220	5916	5906	2789	3096	2977	3541	3586	3696	3808	3921	4244	4519	4628	4994	4866	5141	5249	5286	5305	9588	10319	10200	9996	10588	10506	10456	10273	8263	8628	8526	8638	9887	9763	8971	9106	9097	9344	9482	13674	14103	14684	14593	14219	14102	14183	14128	14224	13682	14405	13614	14091	13781	13764	12002	11853	11522	11630	11745	10995	11779	11516	11331	11431	11506	12218	12269	12211	13156	13047	13264	13269	13087	13165	12883	12580	12456	12574	12752	12616	12582	12880	12834	15130	15072	15213	15504	15823	15421	15652	16595	16168	16132	16712	16695	17039	16571	16415	16078	16305	16385	17172	17891	17501	18225	17558	16959	17513	17660	17541	17547	17295	17152	16998	17171	17015	16984	17731	18185	18815	19136	19693	19747	19386	19068	19279	18837	19016	19098	19223	18582	18922	18851	18822	18656	21913	21727	21654	22603	22204	22157	22023	22395	20364	20500	20407	20169	20286	21028	21175	21453	21340	21162	20959	20739	20703	20479	25632	26072	25911	25957	25677	25828	25881	26360	26370	25072	25214	25181	24740	24884	25101	25923	25840	23915	23344	24464	24604	23943	23656	23194	23273	22945	23668	23441	23393	24260	23903	24070	21935	24291	24817	31999	27715	27019	26615	26684	26741	28537	29381	28674	28410	27933	27524	27796	27733	27132	27069	29502	28849	29020	28303	28681	28484	29207	29680	29005	29133	29248	29034	30862	30620	30699	30878	30860	30859	30218	29915	29892	29751	30663	30359	30245	29878	30145	30073	29422	28919	28678	28308	27557	33117	33393	33025	32759	32775	32700	32443	32695	32442	31489	31943	32246	32129	31881	32095	31175	31960	36016	36242	35958	35341	35805	36329	36260	35969	35195	35632	35428	34989	34896	35017	34925	34807	33703	33170	33617	33863	33642	35375	33737	34623	34540	33964	33862	33233	33791	35295	35948	34150	35030	34192	46043	41105	42892	41410	41613	41923	43294	42799	43362	44064	43380	43000	41628	42170	40712	40089	40851	40943	41195	40856	40536	41928	41567	41208	41462	42898	42159	42454	42565	42882	42886	43237	43181	43873	44527	44566	43133	44222	44253	44509	37074	36584	36461	36226	39833	39245	39400	40510	39337	38836	38458	37035	36842	38318	38429	38532	38385	37639	37696	38379	38428	37818	37818	37156	37880	37786	37454	38021	38044	39451	39340	39568	38791	38623	40247	39868	40336	69382	64814	64990	60360	61254	62916	61569	59983	60035	58824	59334	58907	58365	61571	61269	62610	61942	62301	62257	61333	60889	61213	65758	66495	66564	63922	63549	64169	63795	63997	65689	64236	64261	65872	66742	47037	46346	46859	46698	46715	46587	47196	48095	47448	48471	47005	47886	49037	49242	45630	45607	45685	45986	45917	45845	47287	45740	45181	45317	48715	47681	46572	46650	47119	49300	48712	48669	48547	49046	50642	50161	50164	50200	49880	50028	49253	49373	49571	49519	48788	56659	57884	57572	57900	57331	56406	55948	57637	57423	56980	56813	54609	54424	54439	53549	55125	55342	55688	56555	56755	54442	53797	53564	53346	51430	52018	52894	52766	52886	52771	51917	52387	52364	53247	52771	52573	52097	50819	51554	51555	53639	53537	56149	54359	55004	53301	53872	55365	54609	54801	51950	50547
ZNF331	86682	86897	86486	87861	84107	83633	83252	83927	83253	81878	81793	80685	79912	81980	80928	89445	92964	96338	95309	89637	89320	88752	87326	87308	91682	92202	92769	93857	93234	91874	89855	90398	72703	71860	71247	72306	71652	74745	74536	68987	68162	67732	68064	69171	69424	69687	66584	66866	66004	66080	70002	68932	67939	68810	69297	67980	67556	74808	75122	73923	73748	71646	72290	72594	75442	75197	73647	74735	79478	78600	78078	77520	75956	76516	77603	77144	79768	78835	78913	80544	83835	82757	81760	92375	104859	102003	116817	110027	107092	105712	106197	105831	98693	101861	101714	963	712	820	91	7	426	262	305	1279	1512	1427	2246	2105	1941	1960	7457	7742	7536	6929	6811	7255	7552	7301	7105	6388	6143	6263	6321	6680	6589	6455	6189	5878	5925	2783	3102	2980	3422	3573	3540	3756	3942	4216	4354	4529	4806	4757	5225	5133	5193	5356	10004	10197	9857	9966	10502	10119	10345	10268	8140	8373	8539	8554	9730	9363	8671	8927	8854	9004	9330	13753	13855	14133	14385	13874	14059	14126	14112	13503	13478	13824	13574	13796	13785	13778	12181	11687	11469	11839	11922	11139	11714	11556	11137	11416	11347	12071	12003	11917	12910	12964	12846	12894	12800	12930	12590	12313	12328	12370	12557	12615	12689	12944	12661	14754	14546	14625	15372	15396	15155	15231	16083	16165	16336	16347	16403	16433	16062	16078	15850	15694	15931	17614	17958	17534	17935	17529	16906	17070	17184	17117	17361	17057	17087	16958	17055	16958	17061	17984	18405	19187	19212	19366	19382	19062	18806	18806	18453	18683	18450	18625	18094	18311	18182	18374	18291	21243	21332	21064	21824	21465	21715	21849	22173	19881	19792	19678	19732	19427	20384	20326	20579	20584	21219	20666	20690	20329	20247	24683	25455	25125	25211	24626	24875	25077	25493	25674	25198	25138	24339	23918	24127	24292	24849	24590	23460	24199	24715	24618	23196	22882	22762	22878	22368	22665	22722	22767	24254	23706	23539	22949	25540	25758	33131	26842	26766	26438	26519	26390	27448	27763	27247	27264	27131	26944	27449	26378	26280	26465	28401	28028	27756	28023	28046	28308	29046	28957	28649	28609	28503	28472	30666	29676	29708	30304	30168	30263	29301	28649	28896	29509	29798	29559	29615	29364	30667	30134	29530	29460	28972	28410	27604	32306	32394	31772	31828	31584	31818	31537	31696	31830	30402	30815	31057	31252	31163	31348	30985	31006	34271	34652	35050	34570	35344	35134	35719	35296	35120	34121	34137	33918	33710	33931	33384	33615	33456	33072	32772	33178	33239	33580	32349	33183	32998	32819	32668	33433	33777	34882	34891	34315	34195	34193	48266	43133	44863	41326	42184	42463	43873	43254	43610	43730	42758	42361	40067	41197	40261	39587	40295	40094	39283	39843	39395	40531	40671	40346	40465	42015	41352	41492	41357	41298	41029	41496	41654	42866	43442	43502	41742	42240	42138	42404	38999	36434	37308	37074	40397	39888	40676	40403	39696	39417	36938	36658	36827	37901	38890	38539	38849	37408	37541	37316	37091	35998	36330	36589	37188	36728	36489	37035	36967	38595	38409	37991	38466	38265	38603	38476	38981	67944	65738	65263	60923	61232	62318	61290	58614	59149	58665	59769	58393	57928	58464	58196	60456	59485	60133	60061	60585	59859	59481	62877	64132	64098	62345	61392	62265	62062	62267	65715	63924	63568	64150	64584	45542	44992	45939	45533	45339	44738	45858	46081	45476	47424	46535	46679	46999	46747	44510	44692	44320	44777	45176	44944	44459	43771	43446	45236	46247	48218	46283	46546	47151	49437	47786	48822	48321	46810	48784	48533	48002	48469	49739	49029	47481	47988	48186	48374	48530	55169	56747	56042	56326	55749	55208	55181	56170	56746	56505	56616	53358	53063	53205	52793	54370	54018	53795	54572	54089	51591	51262	50933	50907	49887	50066	51212	50660	50934	51675	51190	51233	51868	52102	51791	51759	52573	50890	51908	51662	54244	55281	55437	53741	53650	53990	54268	57525	56575	56556	53103	51697
IRF2	84782	85495	85473	86564	83963	83533	82793	83165	81878	81497	81408	80995	79945	81674	80490	89733	92827	95240	93747	89299	88772	87652	86305	86520	90546	90940	91468	92064	91181	90640	88355	89517	71230	70795	70366	71517	70189	72790	72840	67788	66981	66888	67567	68249	68335	68920	66149	66827	66011	66138	69487	68312	67834	68178	69099	67935	67749	74847	75627	74110	73885	71195	72164	72489	74961	74555	72987	73730	77879	76824	76100	75388	74280	74942	76883	76462	78794	78060	77589	79272	81663	80744	80229	92727	104932	102806	116065	109026	105912	105393	104518	103608	97442	100089	100039	956	709	810	95	11	404	266	288	1251	1529	1374	2227	2081	1908	1947	7409	7694	7469	6839	6805	7144	7391	7118	7015	6356	6112	6243	6281	6610	6480	6455	6123	5799	5856	2728	3016	2933	3456	3504	3518	3700	3932	4146	4366	4537	4821	4791	5193	5132	5192	5307	9575	10111	9882	9846	10366	10090	10316	10084	8029	8347	8477	8460	9711	9335	8671	8975	8866	9095	9196	13463	13842	14198	14352	13781	13889	14073	13951	13416	13378	13835	13371	13569	13614	13573	12033	11562	11246	11640	11654	11015	11680	11322	11133	11285	11312	11948	12048	11844	12798	12937	12760	12877	12760	12814	12559	12201	12284	12300	12461	12442	12502	12758	12607	14697	14569	14473	15164	15365	15214	15181	15903	15905	16016	16139	16394	16179	15983	16029	15761	15679	15926	17079	17737	17358	17735	17226	16855	16984	16987	16998	17262	16736	16940	16747	16800	16669	16757	17770	18011	18609	18808	19299	19162	18841	18871	18771	18403	18590	18393	18646	18137	18354	18157	18391	18185	21178	21360	20941	21807	21514	21625	21588	22103	19725	19799	19634	19760	19560	20253	20434	20684	20612	20853	20402	20459	20111	20076	24865	25275	24969	25081	24686	25031	25097	25430	25519	24898	24849	24101	23794	24031	24006	24875	24663	23103	23744	24307	24266	23176	22993	22671	22719	22317	22648	22539	22579	23966	23458	23446	22041	24662	24954	32180	26671	26456	26285	26296	26315	27589	27865	27466	27260	27048	26765	27140	26515	26168	26470	28356	28021	27743	27771	27839	28090	28862	28621	28492	28443	28438	28287	30407	29643	29618	30287	30170	30084	29213	28661	28937	29238	29484	29578	29406	29259	30024	29280	28864	28891	28108	28039	27286	32067	32104	31794	31750	31625	31576	31408	31572	31357	30427	30808	30979	31192	31064	31083	31017	30836	34568	34690	34810	34190	35122	34944	35391	34874	34804	34011	34211	33557	33641	33879	33421	33653	33282	32751	32769	32932	32976	33320	32325	33272	32903	32657	32720	32955	33054	34257	34545	33938	33854	33687	46645	41710	43406	40623	41191	41639	42994	42335	42921	43254	42239	41782	40091	40717	39790	39228	39895	39852	39664	39777	39213	40476	40513	39996	40016	41766	41081	41126	41232	41182	41208	41527	41775	42709	43174	43351	41931	42176	42227	42557	37317	35770	35955	35668	39300	38730	39437	39787	39077	39017	36511	36124	36145	36977	38327	37821	38202	36872	37135	37384	36892	36122	36274	36342	37053	36659	36345	36648	36948	38369	38227	37653	38032	37841	38585	38339	38706	68263	64043	64119	60097	59895	61486	60712	58421	58957	57470	58684	57757	56993	58629	58359	60125	59679	60126	60088	60428	59342	59189	62877	64111	63848	61931	61240	62253	62001	61753	64399	63056	62854	63208	63906	45396	45165	45672	45251	45068	44763	45791	46097	45506	46984	46242	46222	46736	46460	44195	44611	44242	44493	44760	44612	44522	43839	43457	44722	46097	47126	45855	45775	46302	48560	46984	47815	47611	47192	48459	48466	48328	48358	49100	48704	47460	47572	47900	47781	48276	54941	56644	55690	56011	55396	54537	54705	55766	56137	55997	55996	52879	52619	52765	52429	53694	53759	53859	54599	54273	51827	51228	51082	51149	49394	49605	50990	50295	50631	51283	50780	50962	51266	51421	51302	51417	51442	50030	51155	51078	52898	53781	54754	53016	53023	53033	53086	55650	54739	54638	51268	50254
ERF	83938	85306	85240	86160	84745	83965	82636	83709	81793	81408	81561	82024	80557	82145	81158	91135	92774	94998	93236	89725	88572	87595	86174	86907	90329	90645	90651	91519	90463	90533	88153	89255	70869	70988	70225	70817	69486	71639	72210	66575	66740	66505	67497	68308	68301	68724	66254	67590	66657	66469	69624	68864	67866	68083	69714	68652	68018	75423	76214	74706	74804	71371	72406	73113	75460	74369	72876	73637	77142	76227	75676	74384	73654	74262	77120	76691	78990	78076	77479	78249	80689	80130	79425	93112	104796	103865	116021	109120	106180	105908	103611	102639	97490	99216	99321	976	757	852	105	12	421	263	299	1301	1582	1432	2308	2107	1970	2014	7542	7826	7740	7009	7043	7251	7468	7004	7049	6495	6247	6370	6497	6751	6691	6688	6220	6016	5992	2816	3101	2975	3506	3517	3688	3845	3950	4325	4487	4678	4938	4931	5254	5246	5296	5331	9377	10260	10130	10075	10496	10317	10595	10330	8314	8477	8452	8496	9828	9633	8871	9162	9071	9236	9354	13588	13959	14539	14561	14009	14012	14238	14046	13857	13608	14078	13627	13866	13835	13682	11982	11747	11416	11618	11650	11094	11831	11703	11341	11402	11495	12247	12255	12123	13099	13068	13027	13153	12931	13057	12714	12522	12377	12601	12634	12569	12672	12936	12840	14983	14880	14870	15351	15736	15438	15390	16078	16011	15935	16476	16640	16565	16299	16190	15967	16030	16100	16927	17917	17379	17795	17550	17026	17150	17295	17366	17287	16988	17007	16820	16926	16753	16961	17603	17860	18468	18714	19536	19376	19091	19105	19103	18693	18952	18697	18980	18450	18677	18480	18598	18459	21558	21562	21234	22188	21665	21851	21858	22193	20008	20189	19990	20087	19862	20569	20686	21052	21039	20949	20382	20647	20341	20371	25022	25653	25425	25446	25047	25329	25378	25689	25882	25005	25003	24420	24179	24380	24479	25325	25123	23278	23720	24349	24406	23570	23359	23017	22939	22759	23095	22921	22915	24108	23677	23848	21721	24107	24563	31530	26761	26461	26539	26396	26460	28045	28346	27677	27692	27453	27126	27509	26779	26515	26763	28771	28465	28237	28076	28234	28108	29040	28992	28861	28747	28867	28545	30567	30147	30119	30699	30436	30227	29757	29263	29144	29595	29929	29747	29802	29483	29838	29158	28820	28746	28071	28120	27290	32411	32519	32106	32218	32058	31899	31841	31933	31563	30921	31297	31409	31550	31459	31568	31122	31155	34973	35216	35147	34726	35392	35452	35498	35114	34717	34487	34659	34169	34143	34332	34061	34111	33323	32909	32840	33301	33226	33957	32743	33747	33443	33224	32940	33091	33012	34327	34829	33856	34122	33712	45573	40889	42611	40580	40837	41489	42603	42041	42771	43362	42064	41953	40509	40799	39937	39365	39989	39979	39916	40119	39591	40970	40677	40131	40284	42011	41396	41417	41676	41651	41762	42218	42258	43081	43433	43711	42218	42780	42709	43197	36306	35802	35541	35177	39044	38233	38874	39688	38742	38376	36952	36216	36085	36971	38019	37768	37982	36843	37187	37508	37383	36607	36871	36567	37411	36846	36643	37052	37338	38618	38385	38047	38200	38002	39155	38830	39175	68323	63383	63732	59269	59588	61336	60542	58217	59161	57191	58189	57540	56925	59301	59180	60525	59961	60573	60375	60318	59364	59678	63453	64520	64321	62327	61593	62414	62288	62054	64245	63106	62787	63479	64225	45520	45372	45856	45578	45418	45334	46277	46639	45988	47124	46340	46615	47426	47283	44535	44810	44514	44961	44943	44747	45404	44545	44102	44572	46772	46635	45931	45743	46143	48269	47052	47539	47481	47542	49153	49130	48843	48904	49309	48949	47859	47960	48281	48017	48355	55319	56773	55978	56471	55741	54736	54897	56217	56427	56159	56012	53105	53045	52985	52606	53801	53977	54288	55042	54932	52534	51947	51821	51716	49873	50065	51417	50842	51273	51497	50868	51013	51350	51663	51449	51511	51060	49947	50772	50847	52486	52923	54855	52912	53190	52655	52692	54604	53772	53654	50251	49739
KDM2A	79549	82811	84094	83937	88282	86385	83104	85492	80685	80995	82024	87943	85171	85280	83131	98347	93337	93613	91110	91798	88017	86684	85668	88043	87853	88446	88972	88147	86296	89781	86837	87984	68611	69542	68542	68228	66150	66897	67629	62105	64389	64458	67526	66558	66807	67270	66317	70974	69252	68640	70776	69817	68664	67922	72678	71887	70700	78693	80555	77934	79498	71062	73523	75766	76571	73467	72403	72482	73653	72414	71723	70523	69878	70897	76503	76234	78637	78282	76252	75295	76317	76115	75479	103355	113719	118785	115955	110889	107297	107773	100052	98729	98203	96159	96184	968	729	834	100	13	405	211	266	1278	1570	1433	2286	1998	1980	2001	7752	7955	7892	7046	7210	7064	6937	6110	6800	6564	6293	6530	6511	6757	6679	6722	6090	6086	6037	2853	3119	2933	3625	3583	3816	3802	3889	4211	4563	4647	5099	4999	5167	5301	5307	5332	8248	10221	10378	10104	10524	10593	10511	10389	8421	8505	8359	8459	10104	9939	8931	9224	9302	9619	9495	13329	14155	14820	14736	14198	14024	14003	13676	14159	13923	14429	13421	14009	13530	13697	12013	11733	11296	11137	11275	10652	11771	11661	11530	11410	11500	12252	12387	12451	12973	12978	13380	13298	13030	13136	12932	12676	12515	12532	12611	12651	12340	12829	12610	15054	15300	15077	15158	16256	15437	15468	16071	15499	15062	16924	16740	17117	16577	16217	16192	16487	16529	15349	17095	17149	17694	17142	17004	17355	17708	17475	16759	16671	16837	16657	16603	16079	16414	16589	16931	16855	17687	19700	19587	19063	18883	19647	18874	18995	19038	19356	18575	19032	18945	18762	18466	21844	21656	21710	22655	22398	22259	21519	22291	20465	20771	20596	20252	20508	20937	21674	21727	21281	20345	20146	20374	20295	20409	25730	26150	25989	25886	26099	26330	26305	26322	26126	24188	24428	25632	24818	25055	24494	26338	26307	23209	22581	23719	23418	24383	24173	23187	23121	23208	23965	23618	23627	23423	23484	23929	18984	20928	22716	29281	27202	25772	26410	25920	26550	29112	29388	29194	28641	28198	27349	27326	28119	27292	26918	30030	29303	29243	27420	28318	28076	28399	29069	28952	28707	29421	28956	29635	31015	31190	30954	30696	30463	30445	30329	29944	29235	29896	29945	30120	29339	27854	27377	27597	26545	26421	26993	26339	32658	32906	33221	33132	33162	32678	32525	32685	31402	32159	32712	32209	32076	31506	31904	30717	31573	36828	36342	35752	34720	35633	35899	34991	34406	33762	36016	36125	34870	35068	35319	35156	35311	32972	32447	33348	33179	32973	35297	33825	35098	34160	34208	33994	31631	31941	33827	35141	32610	34285	33222	41238	37013	37918	39094	38333	39742	40264	39495	40995	42375	41138	41228	41768	40792	39163	39112	39471	39917	41392	40610	39868	41911	40683	40226	40438	42184	41705	41444	42557	42932	43921	44056	43918	43360	43841	44387	43366	44402	45132	45464	31234	33852	31989	31651	36492	34996	35367	38303	36926	36441	37192	35208	34522	35253	36379	36019	36225	35350	36188	38335	38868	38521	38018	36231	37700	36901	36977	37647	37749	38625	38169	38293	37528	37252	40832	39733	39972	75293	59661	60599	56200	56359	59605	59452	58823	58440	55213	55262	56227	55199	62704	61824	62241	61925	62062	62385	60096	59831	60635	65577	67246	66081	63078	63245	63370	63294	62832	61504	61343	61743	62944	64527	46726	46034	46020	45660	46123	47298	47290	48375	48027	46760	45962	46495	48500	49402	45013	45012	45145	45478	45460	44394	48553	46667	46024	43583	48252	43079	45262	43966	43943	46652	46106	45617	45747	49955	50586	50452	51029	50348	48737	49161	48875	48575	48498	47564	47826	56009	57283	56422	57353	56820	54339	54487	56810	56086	54868	54463	53453	53819	53625	52415	52994	53833	55128	56915	56885	54801	54517	54718	54315	50821	51257	52626	52737	52217	51730	50772	50946	50644	51172	51349	51286	48196	47760	48696	49051	49160	48521	53720	52483	52596	49715	50498	49311	47919	48504	45606	45679
GABPB1	79897	82973	83010	82868	87516	86379	83781	84246	79912	79945	80557	85171	84667	84261	82736	95906	92847	93524	90673	91087	87887	87051	86618	87816	88216	87458	89027	88013	87615	87845	86164	87063	68470	68618	68917	67113	65692	66704	68549	62338	64230	65262	67100	66141	66802	67433	67409	70592	68993	68761	71055	69174	69598	69003	71436	71495	71199	78744	78505	76572	78255	71565	73521	75430	75437	74068	72405	72867	72809	72943	72745	70908	71085	71916	75891	75797	78104	79067	76985	76346	75998	76383	75350	91304	102115	106350	115095	109891	105678	105784	99773	98172	96935	96230	94916	938	728	843	99	13	422	232	265	1234	1540	1406	2212	2048	1934	1996	7747	7989	7822	6859	7154	7101	6971	6285	6756	6641	6286	6518	6539	6800	6714	6561	6130	6004	5992	2847	3159	2944	3523	3556	3682	3811	3843	4096	4577	4567	5067	4934	5130	5314	5333	5363	8425	10286	10363	9952	10631	10595	10472	10373	8389	8505	8352	8508	10081	10058	9007	9207	9179	9803	9588	13478	14007	14746	14687	14500	14043	14083	13631	14156	13929	14277	13479	14077	13654	13868	11669	11497	11517	11092	11273	10629	11896	11454	11508	11696	11420	11933	12415	12472	12860	13185	13316	13306	13033	13101	13045	12591	12653	12534	12762	12357	12373	12635	12514	15183	15097	14939	15181	16064	15655	15630	16071	15918	15348	17050	16766	17070	16410	16250	16315	16586	16582	15800	17301	17272	17793	17109	16962	17330	17869	17434	17099	16971	16931	16909	16810	16253	16468	16606	16903	17240	17931	19463	19905	19163	18657	19759	18991	18966	19121	19470	18191	18846	18956	18589	18338	21596	21773	21982	22785	22593	22436	21626	22134	20607	20812	20649	20211	20354	21345	21513	21633	21212	20643	20516	20584	20212	20488	26399	26312	26139	26158	26118	26604	26412	26644	26287	24154	24777	25110	24979	25303	24591	25904	25663	23228	22215	23276	23022	24190	24130	23180	23258	23102	24139	23574	23645	23837	23711	23732	19552	21568	22955	29467	27716	25942	25978	26035	26665	28444	29216	29809	28716	28477	27437	27348	28423	27504	27220	29944	29371	29483	27707	28592	28221	28377	29611	28855	28525	29427	29322	29924	30997	31129	30782	30692	30879	30033	30347	30179	29238	30291	30179	29966	29539	27775	27557	28047	26860	26324	27238	26728	32970	33031	33124	33266	33286	33241	32634	32499	31698	32394	32460	32549	32016	31619	31873	31387	31815	37644	36587	36023	35115	35489	35601	34940	35084	34318	36215	35451	34932	35317	34765	34887	35085	33409	32655	33403	33393	33013	35003	34377	35285	34171	34364	33996	31915	32275	33658	34677	32828	34640	33696	41444	37270	38514	39636	38915	39813	40252	40801	41515	42328	41283	41848	42779	41683	38900	39648	40040	40040	41874	40816	40292	41639	40688	40614	40985	41880	41876	41683	42387	43180	43512	43818	43270	43465	43956	44953	44217	44237	45446	45142	32330	33708	32825	32193	36947	35913	35850	38391	37642	37631	36835	35644	34943	35840	36996	36509	36429	36076	36859	39272	38840	38320	37977	36154	37041	37239	37362	37647	37879	38971	38681	38578	38008	37619	41121	39558	40023	65181	59685	60399	57794	57290	59981	58732	60013	58152	54682	55933	56577	55320	62177	62117	62483	63165	62907	63152	60800	60211	60507	65209	65986	65711	62111	63637	63669	63321	63020	62507	61182	61685	63664	63962	47177	46832	45969	45996	46352	47263	47313	48171	48409	47039	46182	46467	48135	48299	45076	44836	45556	45560	45194	44565	47491	46624	45774	42770	46556	43917	45138	44528	44494	47230	46294	46061	46309	51040	49770	50460	50748	49986	48278	49411	49176	48961	48233	47788	47829	56093	57468	56515	57237	57150	54738	54538	55943	56166	54523	54353	53976	53953	53317	52774	52659	53729	56122	56338	56087	55149	53594	54242	54180	51019	51163	52744	52609	51964	50871	50756	50904	50862	51780	51596	51551	49376	48241	48590	48677	49580	49619	52019	51907	51820	50237	50662	50457	48667	49653	46292	45867
ZNF574	82452	85043	85088	85403	87751	86947	84790	85328	81980	81674	82145	85280	84261	85255	83432	95538	94084	95406	92917	92084	89337	88589	87974	88909	90199	89876	91164	90435	90017	90148	88267	89091	70475	70532	70411	69576	68019	69292	70881	64790	66187	66726	68310	67909	68466	68886	68095	70670	69240	69211	71691	70297	70164	69901	71995	71594	71267	78749	78998	77240	78346	72472	74278	75718	76607	75329	73672	74245	75372	75111	74735	73327	73056	73859	77645	77412	79644	79963	78396	78297	78889	78952	77866	92924	104259	106586	117046	111306	107505	107350	102641	101294	98526	98915	97936	977	746	861	100	12	430	237	266	1289	1568	1428	2257	2033	1992	2012	7781	8057	7939	7026	7216	7229	7241	6607	6974	6658	6379	6522	6563	6890	6759	6672	6251	6048	6005	2884	3181	2998	3589	3639	3697	3841	3944	4214	4630	4624	5115	5008	5198	5365	5379	5438	8895	10416	10400	10203	10766	10646	10641	10470	8449	8574	8560	8585	10189	9963	9043	9292	9249	9629	9649	13680	14208	14750	14789	14529	14259	14380	14002	14256	14012	14391	13728	14257	13922	13999	11913	11716	11623	11486	11599	10950	12052	11738	11598	11787	11600	12216	12484	12483	13077	13278	13348	13409	13268	13268	13221	12675	12809	12760	12915	12501	12701	12966	12832	15380	15318	15164	15461	16079	15755	15824	16352	16164	15857	17145	16904	17063	16590	16457	16375	16559	16695	16361	17585	17640	18128	17509	17173	17488	17954	17734	17322	17239	17350	17135	17052	16721	16885	17218	17410	17958	18518	19875	19994	19415	19166	19810	19088	19256	19207	19558	18532	19052	19014	18796	18691	21902	21959	22041	22791	22577	22652	22032	22478	20661	20860	20693	20450	20580	21296	21743	21606	21464	21014	20816	20920	20593	20728	26296	26450	26272	26371	26148	26531	26453	26754	26509	24796	25197	25272	25214	25372	24987	26026	25875	23514	23108	24006	23816	24336	24187	23492	23495	23380	23997	23740	23746	24207	23993	24122	20519	22702	23974	30551	27787	26559	26560	26557	26989	28854	29223	29528	28768	28462	27689	27865	28223	27646	27460	29975	29376	29510	28154	28882	28537	29034	29843	29185	29096	29732	29466	30559	31228	31320	31129	31148	31210	30379	30397	30209	29768	30604	30422	30397	29938	28720	28647	28647	27904	27346	27876	27399	33260	33379	33288	33443	33368	33285	32867	32853	32146	32392	32550	32691	32309	32030	32239	31739	32155	37239	36648	36293	35413	36088	36143	35618	35614	35048	36105	35765	35139	35409	35208	35093	35179	33888	33121	33718	33818	33570	35220	34376	35197	34510	34374	34126	32822	33017	34458	35302	33741	35036	34254	43596	39137	40495	40382	40239	40860	41670	41808	42481	43385	42255	42484	42516	41910	39967	40275	40539	40709	41718	41245	40849	42089	41402	41091	41581	42625	42278	42218	42925	43491	43635	43836	43544	43946	44510	45108	44113	44449	45254	45176	34163	34945	34239	33787	38313	37216	37514	39580	38645	38523	37356	36344	35971	36880	37987	37481	37571	36844	37582	39111	38982	38240	38132	36886	37935	37696	37705	38163	38217	39505	39369	39027	38628	38355	41021	39861	40399	67015	61940	62492	59202	58935	61418	60367	60231	59415	56541	57731	57899	56857	62137	62080	62817	63062	63016	63221	61649	60925	61179	65674	66605	66374	63178	63898	64209	63967	63623	64088	62844	63219	64516	65278	47394	46856	46632	46539	47000	47291	47534	48457	48302	47847	47052	47230	48449	48459	45720	45468	45908	46024	45702	45485	47501	46526	45798	44039	47310	45452	46114	45601	45723	48495	47387	47383	47486	50669	50324	50633	50789	50457	49413	49999	49569	49531	49011	48648	48700	56725	58218	57234	57840	57458	55497	55335	56862	57034	56011	55780	54553	54663	54105	53577	53962	54727	56242	56852	56549	54999	54038	54164	54185	51384	51692	53078	52771	52507	51876	51625	51861	51812	52569	52356	52492	50619	49565	50151	50205	51397	51561	53870	52910	53232	51747	52266	52700	51169	51784	48577	47895
EGR1	82391	84614	84441	84514	86265	85627	83812	84293	80928	80490	81158	83131	82736	83432	82639	93535	92796	94456	92183	90855	88248	87974	87142	87675	89806	89265	89955	89963	89627	88954	87643	88284	70034	69918	69803	68725	67637	69360	70913	64488	65941	66262	67187	67264	68035	68243	67314	69330	68076	68145	70728	69420	69189	69206	70624	70381	69966	77381	76902	75692	76736	71974	73233	74544	75459	74692	73026	73662	74911	75357	74834	73271	73134	73558	76812	76563	78922	79215	78020	77645	78680	78654	77591	88391	100052	101043	115906	109773	105882	105845	101916	100322	97428	98271	97048	973	740	842	97	13	416	243	274	1234	1501	1396	2187	2067	1912	1983	7672	7911	7731	6922	7037	7186	7211	6703	6883	6611	6214	6395	6419	6827	6610	6570	6183	5905	5971	2857	3102	2960	3525	3564	3649	3777	3885	4176	4507	4582	5012	4926	5161	5278	5292	5358	9155	10291	10104	9926	10579	10538	10503	10288	8213	8349	8410	8508	9854	9756	8894	9142	8999	9512	9501	13479	13984	14457	14554	14203	13981	14203	13874	14027	13747	14076	13553	13993	13747	13758	11721	11647	11462	11380	11457	10790	11797	11559	11324	11496	11439	12008	12231	12303	12923	13079	13188	13149	12927	13050	12812	12442	12602	12465	12769	12311	12523	12682	12669	15091	14850	14837	15163	15753	15513	15455	16263	15985	15774	16882	16666	16770	16335	16208	16166	16340	16486	16561	17582	17424	17999	17385	16838	17274	17643	17416	17265	17046	17197	16790	16928	16545	16671	17087	17373	17993	18628	19455	19739	19215	18838	19385	18815	19018	18986	19225	18214	18772	18669	18572	18273	21446	21678	21681	22562	22221	22177	21740	22212	20406	20402	20317	20116	20036	21012	21061	21244	21016	20795	20671	20695	20327	20549	25872	26108	25795	25831	25567	26049	25922	26342	26225	24567	24921	24614	24707	24990	24538	25590	25357	23294	22797	23670	23654	23841	23788	23073	23094	22819	23561	23272	23272	24076	23762	23700	20845	23107	23920	30485	27401	26370	26145	26353	26548	28068	28838	28968	28178	28118	27279	27530	27723	27128	26952	29223	28865	28922	27847	28438	28178	28756	29496	28767	28801	29122	29029	30314	30566	30674	30630	30543	30818	29740	29886	29722	29561	30257	30143	29833	29683	28853	28722	28696	28052	27330	27652	27181	32840	33035	32522	32733	32783	32845	32279	32296	31859	31673	31630	32066	31683	31494	31646	31200	31579	36499	36181	35809	35099	35476	35676	35482	35501	34731	35465	34961	34664	34888	34471	34334	34580	33409	32896	33249	33380	33094	34721	33827	34562	34108	34048	33627	32643	33057	34278	34971	33349	34650	33836	43599	39152	40777	40224	40233	40661	41641	41881	42304	42993	41994	42212	41907	41722	39533	39853	40355	40071	41098	40591	40242	41313	40838	40635	41057	41878	41712	41719	42030	42819	42634	42955	42671	43466	43920	44420	43413	43759	44278	44181	34808	34969	34603	34279	38326	37591	37594	39469	38620	38265	37393	36447	35633	36990	37510	37640	37257	36889	37158	38608	38228	37369	37554	36545	37162	37357	37252	37528	37649	38950	38868	38782	38307	37906	40207	39366	39747	63472	61876	62308	58967	59094	61068	59642	59320	58789	56343	57649	57644	56484	60915	61031	61815	62081	62075	62102	60672	60172	60266	64491	65323	65357	62246	63022	63233	62907	62770	63944	62265	62458	64384	64551	46779	46314	46207	46094	46210	46431	46882	47534	47585	47373	46405	46727	47990	47757	45245	45086	45144	45334	45154	44936	46261	45664	44945	43750	46479	45850	45721	45478	45875	48122	47225	47267	47439	49578	49442	49757	49616	49470	48745	49565	48841	48947	48423	48373	48037	55862	57372	56583	56993	56633	55232	55000	55895	56324	55479	55383	54050	53726	53290	52972	53422	54067	55571	55750	55740	54029	52925	52993	52962	50836	50934	52247	51789	51962	51104	51139	51310	51413	52120	51803	51820	50741	49500	49921	49687	51434	51548	53503	52553	52925	51672	52036	53060	51547	52223	48868	48280
ZNF687	88171	92451	93449	92930	100189	97663	93218	96115	89445	89733	91135	98347	95906	95538	93535	112451	104046	104287	101204	103602	97861	97095	96475	99211	98605	98195	98761	97737	96694	99654	97224	97414	76147	76917	75731	74559	72696	73326	75071	67603	71383	71187	74898	73483	74357	74556	74315	80314	77848	77301	79520	78335	77083	76214	81535	81241	79475	89079	90063	87201	90055	79218	81957	85584	85542	82052	80910	80985	80637	80686	79933	78716	78049	78590	85172	85147	88391	88492	85845	83286	84203	84543	83499	111225	123319	129058	130318	125146	120555	121231	111283	109326	110084	107272	106847	1032	808	925	110	13	451	244	259	1320	1584	1497	2327	2105	2035	2164	8529	8669	8485	7371	7799	7714	7310	6546	7252	7252	6686	7103	7003	7401	7200	7087	6592	6395	6390	3125	3419	3174	3964	3898	4046	4141	4075	4517	4972	4986	5517	5357	5563	5668	5803	5818	9105	11156	11193	10653	11414	11724	11364	11212	8974	9129	9023	9099	10960	10865	9644	9889	9948	10530	10563	14634	15582	16087	15937	15621	15131	15123	14674	15890	15173	15634	14554	15330	14677	14827	12741	12831	12466	11961	12265	11386	12729	12379	12517	12433	12363	13005	13381	13490	14111	14176	14580	14420	14131	14228	14143	13650	13627	13636	13956	13456	13316	13635	13640	16499	16654	16553	16510	17579	16871	16872	17931	16968	16354	18572	18161	18995	18078	17636	17695	18189	18199	16887	18624	18610	19554	18502	18357	19011	19495	19137	18586	18278	18321	18134	18073	17404	17711	17968	18667	18436	19603	21259	21770	20985	20264	21490	20553	20527	20947	21251	20099	20642	20751	20356	20116	23902	23594	23801	24701	24810	24465	23485	24211	22507	22832	22548	22053	22357	23215	23624	23918	23369	22160	22347	22148	22106	22317	28547	28664	28544	28633	28812	29034	28971	29202	28926	26075	26644	27929	27591	27727	26934	28893	28939	25854	23795	25553	25587	26725	26565	25118	25218	25379	26540	25931	25790	25468	25787	26117	20704	23019	24524	32070	30472	28370	28272	28327	28973	31702	32710	32831	31672	31270	30119	29935	31358	30228	29631	33084	32330	32274	30120	31162	30618	30875	32321	31421	31601	32157	32007	32721	34087	34384	33768	33877	33723	33280	33425	33287	31960	33412	33121	33014	32253	30267	30393	30395	28726	28938	29272	28795	36049	36403	36678	36600	36828	36463	35878	35964	34733	35732	35934	35643	35201	34668	34945	33740	34886	41321	40686	39525	38387	39034	39948	38419	38212	37215	40152	39556	38478	38987	38718	38959	39033	36225	35512	36758	36478	35982	39599	37826	38948	38287	37898	37450	34630	35308	37407	39229	35583	38161	36592	44734	40256	41354	43089	41980	43139	44177	43510	44805	46755	45804	45647	46697	45698	42843	43319	43899	44122	46266	44990	44104	46376	44839	44626	45297	46405	46137	46020	46916	47707	48881	48840	48288	47931	48541	49360	48302	49581	50608	50602	34387	37320	35393	35224	40033	38701	38506	42546	40985	40183	41945	38948	38270	39805	39681	39808	39445	39022	39739	42721	43036	42768	42266	39637	41130	41226	40936	41549	41770	42757	42510	42950	41309	41210	45559	44044	44192	80327	65780	66841	62548	62834	66189	65132	65732	64249	61039	61341	62403	61057	70514	69668	69550	69691	69443	69990	66618	66660	67784	73430	74914	74069	69927	70787	70688	70421	70059	68395	67659	68194	70802	72234	52090	51190	50749	50758	51529	52445	52388	54009	53811	51906	50570	51714	54186	55394	49932	49406	50121	50525	50273	49290	54195	52038	51061	47455	54069	47553	49898	48739	48606	51559	51279	50531	50866	56206	56223	55896	56630	56057	53383	54820	54716	54128	53935	53259	52289	62509	63625	63029	63935	63324	60715	60298	62838	62008	60340	59892	59871	59879	59243	58281	58507	59906	61940	63185	64137	61393	61158	61113	60729	56908	57541	58563	58909	58612	57099	56201	56642	55935	57359	56908	56586	53403	52653	53270	53780	54543	53348	59479	57862	58685	54536	56086	54230	52525	53500	51031	50244
THAP11	95573	97130	96817	97726	96825	96668	95450	95280	92964	92827	92774	93337	92847	94084	92796	104046	106805	108693	106503	102635	101417	100370	99288	99403	103127	103018	103873	104210	103588	102728	100355	101683	80515	80297	80202	80192	79069	81474	82232	75720	75684	76348	76910	77253	77830	78236	76243	77380	76283	76419	79988	78319	78263	78608	79237	78710	78476	86713	86963	85201	85707	81663	83162	83529	85788	85265	83286	84138	87592	86941	86363	84925	84330	85056	87543	87278	89873	89762	88864	89970	91804	91196	90414	103404	117089	116389	132864	124865	121123	120753	118350	117031	111303	113448	112882	1090	790	907	102	14	480	296	313	1379	1724	1579	2448	2305	2136	2196	8462	8791	8531	7654	7780	8069	8227	7863	7840	7259	6978	7105	7151	7560	7390	7301	6960	6496	6550	3156	3495	3341	3935	3963	3971	4212	4406	4661	5022	5072	5613	5413	5847	5833	5914	6070	10719	11500	11289	11097	11895	11547	11699	11520	9147	9417	9510	9625	11102	10778	9917	10136	10049	10522	10563	15436	15713	16144	16244	15848	15743	15946	15658	15430	15376	15689	15158	15622	15478	15464	13454	13096	12899	12927	13146	12346	13324	12860	12594	13025	12783	13413	13631	13587	14312	14668	14657	14658	14531	14569	14341	13854	13991	13997	14310	13980	14216	14435	14173	16870	16720	16514	17243	17525	17400	17269	18392	18175	18076	18691	18648	18540	18227	18196	18027	18042	18246	19218	19968	19692	20258	19431	19090	19444	19564	19322	19756	19158	19328	19160	19140	18734	19039	19773	20181	20941	21127	21905	22109	21607	21216	21608	20963	21214	21077	21405	20588	20882	20752	20880	20560	23949	24210	24156	25059	24624	24813	24565	25052	22604	22745	22609	22503	22374	23461	23589	23623	23464	23730	23242	23288	22929	22947	28937	29147	28778	28878	28363	28963	28813	29391	29212	28185	28262	27502	27578	27836	27464	28420	28186	26403	26356	27099	27244	26460	26500	25922	25973	25482	26084	25930	25879	27347	26804	26573	24684	27413	27955	36065	30898	30061	29676	29751	29965	31412	32135	32248	31498	31266	30594	31070	30667	30086	30317	32624	32074	32150	31588	31862	31892	32681	33030	32321	32325	32559	32535	34413	34112	34121	34396	34365	34687	33329	33113	33196	33459	33885	33832	33583	33346	33588	33021	32844	32537	31635	31767	30985	36888	36902	36465	36492	36418	36620	36185	36116	35728	35335	35421	35708	35558	35420	35521	35610	35656	40625	40248	39992	39317	40050	39770	40240	40064	39556	39493	38907	38617	38665	38873	38341	38648	38069	37311	37331	37749	37287	38467	37647	38463	37679	37744	37506	37311	37536	38777	39439	38308	38782	38394	51745	46606	48338	45990	46227	47000	48424	48218	48548	49028	47762	47936	46703	46787	45094	45016	45721	45486	46396	45623	45110	46352	46130	45863	46023	47375	46989	46952	47098	47745	47580	47874	47837	48986	49392	49808	48903	48682	49144	49193	41481	40058	40412	39860	44219	43520	43998	45235	44387	44618	41506	41125	40875	42090	43346	42768	43024	41965	42439	43333	42581	41710	41807	41193	41971	41948	41667	42001	42322	43956	43594	43322	43417	43016	44745	43988	44404	75324	71918	72178	68792	67863	69877	68970	67655	67104	64813	66285	65641	64701	67905	67857	69547	69468	69710	69821	69263	68168	68040	72433	73257	73371	70665	70836	71618	71155	70845	73456	71649	71405	72485	72891	52362	52416	52155	51906	51759	51802	52492	53037	52838	53858	52826	52893	53474	53385	50748	51095	50871	50997	50981	50959	51484	50811	50126	50197	52577	52901	52116	51767	52463	54985	53528	54077	54150	55265	55460	55779	55587	55495	55684	55868	54725	54755	54585	54631	55110	62975	65016	63747	64400	63665	62330	62396	63596	64378	63353	63476	60756	60628	60363	60136	61068	61234	62590	62552	62218	60274	59138	59073	59216	56645	56919	58857	57987	58399	58284	58051	58028	58684	58861	58636	58847	58418	56750	57623	57791	59642	60487	61556	60037	60232	59746	59875	62372	60897	61083	57438	56199
ZGPAT	100471	101116	100412	101608	97997	98005	97735	97283	96338	95240	94998	93613	93524	95406	94456	104287	108693	112505	110677	104525	104407	103595	102609	101961	107231	106899	108072	108939	108740	106079	104157	105087	84022	83052	83033	83669	82968	86388	86706	80031	78929	79183	78890	80067	80537	80996	78162	78141	77171	77544	81805	80029	80218	80762	80390	79508	79518	87738	87509	86006	86066	83877	84553	84844	87389	87879	85745	86908	91695	91289	90778	89703	88552	89101	90238	89670	92507	92573	92166	94270	96876	95827	94781	103509	118211	115148	136737	128312	124536	123062	123754	122622	114721	118772	117940	1115	789	924	107	11	483	316	323	1408	1712	1585	2473	2376	2173	2255	8536	8860	8568	7758	7883	8175	8517	8361	8137	7296	6952	7128	7189	7691	7499	7252	7099	6561	6707	3175	3535	3387	3954	4000	3935	4269	4437	4734	5016	5145	5538	5492	6085	5812	5976	6244	11472	11780	11326	11126	12060	11565	11759	11585	9217	9526	9739	9818	11139	10871	9965	10241	10075	10495	10694	15780	15935	16256	16486	16038	16159	16286	16008	15564	15568	15805	15430	15778	15846	15899	13707	13464	13317	13413	13697	12586	13536	13037	12771	13248	12969	13481	13761	13762	14674	14924	14771	14826	14813	14748	14554	14002	14199	14239	14651	14249	14570	14660	14473	17119	16764	16650	17657	17611	17688	17577	18660	18849	18907	18952	18938	18767	18379	18494	18245	18139	18504	20482	20722	20174	20844	19924	19377	19748	19894	19689	20356	19633	19839	19674	19792	19377	19646	20617	21117	22137	22242	22175	22446	22009	21553	21769	21266	21498	21390	21508	20705	21058	21032	21041	20939	24267	24673	24440	25270	24922	25219	25038	25448	22919	22913	22769	22769	22490	23765	23592	23773	23820	24413	24043	23913	23330	23302	29122	29493	29083	29138	28567	29128	28950	29862	29679	28967	28873	27763	27840	28165	27890	28621	28241	27127	27436	28008	27954	26655	26584	26319	26414	25749	26308	26142	26247	28238	27411	26942	26348	29618	29542	38287	31330	31038	30185	30485	30527	31450	32276	32289	31680	31739	30998	31577	30924	30510	30800	32885	32500	32316	32513	32538	32566	33552	33670	33109	32912	32990	33055	35436	34360	34418	34772	35036	35362	33716	33370	33640	34339	34566	34473	34122	34035	35433	34635	34213	33985	33174	32699	32171	37563	37667	36839	36801	36684	37182	36678	36607	36837	35598	35572	36236	36077	36030	36134	36507	36078	40771	40490	40544	40114	40737	40581	41077	41320	40882	39763	39146	39134	39145	39068	38526	38991	39179	38356	37989	38447	38217	38934	38040	38549	38282	38086	37822	38671	39020	40230	40392	39857	39682	39651	55195	49909	51837	47723	48658	49012	50650	50525	50305	50658	49485	49329	47271	48344	46375	46126	47054	46493	46194	46324	45838	46842	47099	46904	47173	48340	47798	48086	47772	48383	47641	48083	48206	49739	50467	50815	49345	49130	49354	49397	45256	41979	43044	42755	46519	45986	46850	46953	46370	46605	42508	42614	42527	44059	44976	44696	44683	43624	43629	44072	42876	41836	42235	42265	42541	42956	42441	42821	43031	44890	44757	44292	44757	44300	45185	44483	45143	75360	75936	75377	72227	71284	72430	70988	69022	68816	67624	69501	68048	67218	68179	68425	70656	70428	70778	70688	71060	69910	69133	73308	74068	74459	71925	71950	72852	72370	72385	76702	74123	73580	74576	74775	53253	53136	53374	53041	52824	52159	53311	53528	53396	55029	54374	54125	54445	53746	51811	52059	51757	51928	52242	52330	51569	51268	50378	51543	53126	56027	53773	53860	54635	57186	55367	56370	56249	55477	56166	56394	55876	56099	57173	57213	55599	55840	55653	56259	56415	64259	66235	65074	65380	64876	64229	64061	64701	65802	65322	65513	62053	61778	61512	61493	62669	62776	63638	63332	62884	60579	59334	59267	59394	57860	57912	59609	58753	59410	59540	59523	59339	60384	60530	60036	60043	61257	58971	59854	60032	62925	64223	63597	62036	62053	62700	62746	66747	65457	65414	61510	59520
ZNF219	100707	100113	100154	101410	95397	95156	95421	95806	95309	93747	93236	91110	90673	92917	92183	101204	106503	110677	110285	102427	102491	102099	100467	99761	106046	106408	106823	108877	108087	105847	103813	104308	83880	82278	81563	83353	83171	87340	86857	79791	78622	77521	77464	78991	79707	79636	75889	75324	74514	74762	79580	78381	77295	78659	78421	76846	76310	84633	84815	83570	83248	81530	82036	82393	85931	86016	84459	85600	92072	91275	90574	90088	88285	88257	88630	88056	91354	90472	90756	93085	97691	95772	94749	105784	121092	115749	134992	126434	123459	120996	123423	122863	113511	118323	117998	1090	769	928	107	11	483	299	309	1330	1630	1499	2412	2300	2085	2156	8184	8470	8136	7437	7490	7993	8296	8315	8045	7077	6587	6793	6869	7360	7193	7013	6858	6304	6418	3056	3363	3254	3833	3843	3759	4081	4304	4573	4817	4993	5341	5238	5988	5511	5777	6091	11713	11403	10657	10743	11574	11096	11196	11123	8766	9206	9408	9579	10781	10263	9538	9698	9708	9846	10398	15364	15426	15542	15675	15301	15462	15631	15677	14937	14929	15083	14881	15206	15307	15157	13399	13002	12900	13347	13491	12243	12898	12525	12146	12599	12493	13205	13183	13179	14200	14331	14156	14175	14171	14206	13818	13370	13558	13672	14149	13922	14098	14164	13989	16317	16142	16041	17186	16924	16874	16896	18241	18183	18386	17977	18212	18197	17735	17826	17350	17370	17709	20585	20153	19698	20358	19388	18709	18945	19066	18883	19874	19015	19146	18986	19163	18971	19045	20255	21281	22263	22008	21453	21668	21358	20835	20781	20381	20699	20509	20521	20073	20166	20083	20094	20168	23499	23569	23247	24061	23813	24104	24338	24696	21944	21854	21812	21843	21546	22817	22472	22811	22872	23776	23460	23009	22773	22333	27414	28300	27887	28127	27261	27679	27626	28578	28538	28263	28021	27028	26554	26850	26892	27440	27149	26654	26952	27730	27753	25573	25312	25271	25422	24619	25000	25127	25148	27404	26514	26029	26819	30069	29544	38697	30198	30391	29169	29712	29496	30360	30903	30512	30259	30227	29808	30557	29393	29143	29676	31318	31052	30870	31452	31294	31663	32724	32478	31816	31848	31535	31720	34387	32855	32871	33485	33768	33915	32527	31927	32291	33101	33420	33313	33008	32849	35266	34673	33852	33740	33257	32202	31392	36057	36276	35286	35179	35106	35542	35170	35255	35845	33889	34125	34648	34701	34775	34856	34950	34815	38351	38731	39014	38697	39303	39293	40034	39993	39750	37976	37844	37718	37403	37742	36969	37436	37823	37126	36820	37337	37040	37496	36237	36840	36772	36510	36457	37864	38390	39606	39427	38864	38468	38467	56256	50684	52519	47245	48344	48441	50471	49776	49415	49797	48738	48002	44926	46989	45421	44575	45727	45174	44187	44678	44170	45431	45682	45384	45604	47156	46219	46701	46174	46228	45739	46146	46428	48167	48775	48870	46950	47264	46986	47318	46420	41690	43438	43176	46429	46124	47075	46193	45668	45434	41754	41545	41963	43832	44237	43958	44060	42653	42500	41875	41114	40088	40451	41255	41382	41438	40849	41279	41609	43397	43241	43115	43451	42933	42998	42999	43611	78089	76482	75227	71072	70788	71446	69926	66961	67317	67536	69005	66785	66506	65762	65479	68234	67251	67759	67692	68743	67973	67227	70994	71989	72402	70396	69285	70758	69992	70316	75428	73034	72303	73295	73632	51334	50671	51798	51318	51037	49901	51220	51459	50995	53627	52554	52765	52839	52407	49981	50305	49875	50239	50808	50828	49703	49178	48322	51266	52167	56005	52535	53205	54085	56164	54668	55870	55230	52463	54729	54282	53679	54176	55975	55465	53603	54155	54381	55084	54747	62318	64086	63332	63549	62595	62726	62528	63240	64285	64086	64404	60168	59658	59971	59694	61696	61164	60946	61272	60769	58002	57315	56974	56822	56143	56410	57512	56868	57639	58636	57749	58058	58980	59070	58633	58364	60397	57994	59229	59379	62904	64217	63638	61429	61329	62079	62514	67383	66570	66150	62608	59777
POU2F1	91498	93642	93744	94005	95319	94492	92522	93127	89637	89299	89725	91798	91087	92084	90855	103602	102635	104525	102427	100533	97741	97106	96384	97129	99569	99147	99922	99989	99402	99174	97152	97865	77754	77279	77027	76661	75353	77311	78462	71615	72926	72994	74312	74329	75119	75341	73915	76269	74729	74855	77997	76577	76053	76117	77800	77312	76889	85131	85082	83581	84518	79105	80410	82027	83576	82288	80627	81154	83483	83487	82772	81457	80837	81387	84729	84578	87312	87584	86133	86086	87613	87467	86443	100437	113430	114188	128622	121845	117777	117418	113388	112024	108191	109171	108228	1048	767	910	114	10	469	250	285	1321	1613	1504	2343	2198	2036	2152	8281	8535	8257	7434	7597	7780	7761	7261	7587	7156	6725	6908	6893	7338	7215	7063	6693	6310	6366	3039	3359	3196	3843	3872	3866	4088	4175	4488	4860	4915	5434	5291	5695	5636	5778	5881	10035	11118	10906	10690	11362	11340	11290	11118	8883	9068	9152	9214	10792	10496	9635	9784	9747	10307	10344	14821	15239	15618	15765	15398	15181	15369	15049	15247	14903	15240	14628	15153	14869	14991	12760	12665	12521	12357	12591	11759	12847	12376	12278	12543	12392	12934	13195	13222	13937	14183	14238	14158	14035	14015	13932	13477	13584	13587	13934	13418	13611	13864	13713	16371	16205	16174	16591	17057	16769	16762	17748	17430	17157	18237	18030	18253	17722	17578	17430	17695	17804	18308	19106	18968	19647	18746	18429	18715	19112	18775	18878	18456	18553	18317	18473	18007	18165	18771	19241	19805	20370	21201	21494	20934	20494	21016	20309	20395	20553	20790	19802	20261	20175	20172	19960	23312	23452	23405	24257	24094	24224	23565	24108	21982	22090	21955	21946	21741	22804	22926	23111	22930	22746	22426	22411	22058	22177	28165	28328	27934	28013	27699	28294	28148	28742	28375	26853	27109	26873	26862	27071	26612	27714	27694	25704	24859	25959	25935	25871	25754	25078	25121	24824	25568	25201	25174	26105	25913	25760	22947	25588	26387	34131	29995	28826	28553	28726	28947	30637	31335	31494	30668	30490	29676	29901	30144	29341	29341	31852	31361	31435	30423	30910	30586	31353	32139	31332	31422	31578	31616	33073	33187	33300	33400	33359	33480	32420	32377	32388	32234	33006	32835	32501	32330	31856	31609	31335	30741	30174	30246	29685	35696	35883	35472	35603	35542	35654	35165	35273	34840	34497	34535	34788	34568	34296	34489	34211	34560	39822	39400	38896	38159	38673	38978	38658	38725	38007	38614	38064	37637	37716	37678	37340	37731	36662	35890	36449	36478	36151	37935	36831	37604	36961	36791	36538	35629	36181	37592	38420	36663	37707	36948	48557	43659	45462	44207	44134	44813	46026	45889	46329	47093	46218	46284	45726	45567	43363	43459	44063	43895	44818	44324	43644	45299	44646	44413	44807	46085	45670	45683	45765	46647	46557	46863	46718	47447	47881	48517	47588	47765	48194	48281	38861	38607	38185	37829	42139	41198	41471	43423	42489	42434	40829	39595	39229	40764	41215	41111	40923	40180	40697	42070	41519	40834	40820	39874	40589	40837	40518	40751	40991	42567	42443	42340	41818	41541	43819	42835	43254	72769	68746	68943	65562	65095	67265	65812	65342	64646	62366	63519	63363	62253	66789	66707	67891	67965	67997	68174	66845	66155	66220	71029	71917	71809	68457	69109	69674	69252	68951	70309	68714	68838	70584	70938	51171	50746	50491	50381	50536	50550	51214	52039	51811	51995	50966	51206	52435	52567	49437	49228	49412	49598	49506	49127	50870	49875	49045	47958	51375	50394	50264	49977	50407	52951	51617	51879	52070	54158	54379	54394	54388	54175	53718	54181	53482	53428	53022	53026	52860	61349	62903	61956	62498	62056	60477	60298	61652	62027	61056	60950	59090	59034	58556	58130	58634	59186	60902	61211	61188	59070	58056	58036	58070	55526	55686	57138	56824	56858	56456	56042	56392	56552	57270	56727	56650	55665	54357	54979	55001	56841	57010	59443	58017	58404	57045	57663	58866	57405	57816	54676	53490
KAT8	92656	93637	92938	94062	91906	91996	91449	90462	89320	88772	88572	88017	87887	89337	88248	97861	101417	104407	102491	97741	97519	96247	95296	94954	99317	99044	100533	100747	100244	98324	96263	97612	77833	77030	77187	77464	76424	79207	79801	73910	72965	73624	73681	74362	74828	75286	73158	73278	72321	72548	76347	74610	74973	75377	75471	74599	74899	82308	82381	80843	80987	78418	79249	79370	81833	81921	79765	80857	84747	84020	83476	82485	81551	82384	83911	83483	86177	86184	85495	87449	89062	88132	87510	96784	110204	108239	127197	119286	115682	114986	114511	113074	106209	109524	108808	1030	765	883	104	13	465	288	310	1300	1614	1521	2421	2268	2049	2133	8107	8423	8135	7378	7420	7715	7999	7718	7551	6959	6653	6823	6838	7266	7120	6944	6733	6288	6353	3011	3354	3171	3807	3778	3809	4022	4271	4463	4780	4834	5299	5171	5680	5543	5632	5816	10426	11085	10743	10584	11381	11059	11176	11016	8763	8998	9132	9304	10642	10336	9480	9737	9637	10048	10062	14733	15065	15385	15529	15222	15138	15419	15076	14679	14717	14966	14630	14889	14926	14950	13012	12608	12449	12463	12732	11944	12779	12312	12109	12426	12266	12892	13107	12970	13799	14074	13982	13990	13968	13969	13724	13202	13428	13424	13682	13355	13636	13854	13650	16103	15821	15733	16659	16640	16692	16600	17558	17566	17572	17825	17833	17708	17322	17441	17219	17206	17456	18754	19422	19006	19480	18693	18393	18539	18724	18571	19003	18470	18593	18424	18454	18232	18365	19192	19548	20379	20578	20922	21070	20671	20438	20577	20155	20242	20205	20448	19607	19948	19892	19936	19763	22887	23234	22982	23918	23617	23765	23640	24103	21513	21706	21486	21531	21204	22354	22331	22349	22455	22777	22375	22410	21974	22004	27496	27825	27385	27535	27058	27619	27504	28029	27957	27210	27068	26236	26255	26550	26286	27052	26722	25367	25709	26282	26157	25213	25179	24752	24859	24307	24816	24662	24822	26397	25743	25319	23986	27056	27190	35075	29384	28868	28465	28604	28745	29904	30358	30587	29857	29875	29270	29723	29103	28643	29087	30974	30652	30665	30405	30459	30601	31449	31520	31072	31005	31250	31096	33292	32563	32448	32965	32979	33156	31823	31529	31696	31993	32421	32411	32222	32056	32825	31907	31810	31587	30668	30612	29958	35341	35295	34801	34827	34631	34977	34577	34518	34377	33500	33676	34124	34009	34013	33926	34397	33998	38598	38236	38324	37764	38408	38133	38453	38518	38164	37487	37121	36827	36880	36798	36367	36728	36637	35952	35832	36239	36003	36548	35821	36328	35866	35970	35795	36183	36131	37365	37620	37072	37193	37023	50670	45679	47383	44336	44980	45416	46722	46827	46787	47240	46023	45994	44632	45009	43285	43263	43849	43598	43603	43562	43096	44121	44143	43932	44080	45344	44940	44963	45008	45476	45100	45436	45512	46729	47314	47762	46628	46344	46642	46633	40976	38862	39496	38975	42881	42385	43002	43624	43064	43437	39683	39691	39610	40596	42062	41464	41484	40559	40832	41370	40446	39481	39805	39663	39978	40311	39844	40312	40467	42190	41961	41347	41835	41468	42534	41694	42368	70520	69931	69716	66806	65750	67232	66127	64836	64309	62529	64314	63263	62471	64224	64362	66175	66425	66559	66596	66541	65400	65007	69036	69620	69738	67359	67541	68517	68022	67760	71016	68872	68624	69430	69668	50009	49935	50114	49721	49527	49274	50096	50454	50266	51660	50933	50615	50983	50561	48502	48851	48605	48781	48844	48929	48535	48330	47676	48108	49548	51531	50291	49989	50566	53123	51355	52391	52119	52630	52804	53237	52822	52902	53379	53489	52215	52426	52125	52461	52872	60293	62241	60938	61405	60893	59756	59913	60673	61581	60876	61174	58165	57927	57693	57761	58451	58628	59657	59580	59071	57193	55945	55862	56256	54253	54316	56016	55106	55681	55650	55629	55572	56282	56382	56154	56380	56529	54851	55722	55769	57746	59145	59030	57664	57670	58005	58131	61106	59689	59766	56066	54707
TBX2	92848	93667	92781	93644	91302	91254	90695	90314	88752	87652	87595	86684	87051	88589	87974	97095	100370	103595	102099	97106	96247	96347	95353	94641	99298	98344	99243	100468	100629	97612	96554	96693	77917	76586	76760	76462	76172	79255	80231	73037	72981	73210	72779	73697	74666	75056	72627	72832	71749	72078	75891	74614	74397	75166	74633	74119	73935	81672	80525	79794	80211	77796	78275	78903	81010	81469	79705	80544	84056	84492	84132	82879	82289	82366	83290	83054	85773	86032	85749	86659	89127	88513	87233	92051	105827	102923	126158	118681	115039	113666	113701	112342	106178	109583	108077	999	767	860	103	11	444	261	291	1282	1580	1487	2321	2234	2007	2061	8006	8262	8016	7125	7307	7717	7908	7604	7553	6941	6585	6652	6717	7134	7060	6809	6585	6104	6199	2933	3302	3119	3741	3690	3681	3940	4144	4439	4727	4785	5223	5123	5677	5437	5601	5746	10647	10929	10518	10388	11176	10907	10954	10806	8571	8910	9001	9133	10348	10208	9329	9560	9462	9875	10035	14521	14750	15093	15249	14960	14931	15074	15029	14611	14441	14661	14395	14693	14622	14718	12539	12427	12385	12419	12668	11599	12490	11958	11877	12234	11981	12553	12750	12832	13530	13812	13738	13812	13759	13722	13506	13119	13279	13215	13547	13068	13487	13574	13449	15965	15539	15570	16309	16482	16411	16437	17386	17349	17465	17717	17581	17488	17136	17124	16912	16978	17141	18975	19173	18730	19393	18654	17944	18357	18551	18275	18841	18329	18358	18096	18320	18134	18132	19016	19380	20513	20772	20544	21038	20512	20002	20280	19834	19943	19946	20081	19219	19542	19449	19540	19415	22578	22912	22788	23547	23309	23436	23347	23540	21404	21306	21263	21122	20907	22207	21976	22088	22060	22678	22395	22130	21679	21690	27335	27528	27085	27248	26643	27160	27128	27940	27700	26735	26846	25707	26006	26210	26026	26630	26216	25200	25041	25759	25809	24772	24828	24372	24492	24024	24437	24207	24375	26145	25472	24954	24419	27353	27244	35037	29269	28817	27934	28405	28415	29236	30113	30197	29544	29589	28899	29389	28913	28482	28603	30457	30199	30256	30308	30253	30281	30825	31497	30575	30576	30580	30760	32897	31939	32051	32190	32547	32868	31252	31083	31307	31667	32253	32206	31677	31542	32465	32243	31720	31387	30674	30203	29801	34889	34994	34155	34316	34397	34589	34064	34012	34287	33157	33133	33748	33517	33564	33546	33831	33590	38147	38042	37913	37407	37683	37780	38237	38477	37914	37106	36449	36485	36553	36217	35904	36204	36200	35465	35405	35722	35336	36253	35722	35927	35710	35554	35223	35911	36303	37268	37473	36637	36978	36661	50650	45530	47586	44430	45202	45106	46790	47046	46616	46984	45971	45844	44114	45067	42845	42898	43717	43090	43233	43177	42808	43716	43800	43648	43959	44816	44361	44629	44389	45090	44378	44743	44615	46242	46995	47182	45964	46039	46040	45988	41727	39043	40086	39641	43127	42829	43151	43412	42884	43042	39900	39567	39462	41324	41478	41356	41292	40536	40638	41044	40055	38858	39367	39307	39271	40059	39497	39840	39984	41695	41730	41446	41394	41167	42022	41422	42048	66364	70077	69584	66630	66256	67117	65375	64154	63508	62537	64367	63078	62278	63615	63878	65742	65641	65781	65801	65556	64845	64127	68185	68648	69381	66604	66886	67556	67154	67210	71085	68331	68150	69660	69402	49824	49298	49535	49439	49176	48496	49438	49837	49742	51189	50247	50243	50654	50048	48174	48089	48067	48369	48356	48501	47940	47665	46738	47536	49276	51942	49692	50085	50846	52981	51478	52277	52169	51821	52343	52275	51835	52170	52741	53280	51700	52017	51590	52329	51954	59713	61422	60603	60579	60298	59705	59444	59843	60923	60495	60437	57841	57409	57070	56887	58016	58068	59186	58675	58638	56639	55412	55204	55346	53932	54145	55382	54747	55140	55120	55199	55287	55869	56493	55735	55721	56754	54640	55307	54979	58039	59036	58723	57194	57518	57784	58066	61538	60286	60450	57083	54949
HDAC1	91246	92307	91130	91920	90747	91186	90545	89162	87326	86305	86174	85668	86618	87974	87142	96475	99288	102609	100467	96384	95296	95353	95173	94131	98275	96691	98445	98762	99581	95529	95054	95348	76666	75126	75924	74905	74599	77496	78972	71702	71776	72583	71908	72595	73575	73941	72665	72605	71340	71965	75704	73735	74520	74918	73789	73767	74100	81597	79806	79040	79771	77226	77795	78599	79923	80943	78612	79866	82236	83040	83060	81529	81434	81429	82231	81881	84655	85881	85283	86044	87247	86941	85716	88219	101850	99790	125061	117634	113625	112281	112175	110538	104897	108134	106084	1018	720	863	97	9	442	267	258	1197	1495	1444	2170	2187	1947	2033	7926	8278	7887	6883	7257	7617	7575	7467	7346	6926	6408	6586	6596	7124	6924	6583	6479	5918	6141	2910	3272	3109	3660	3670	3571	3893	4072	4211	4636	4674	5118	4985	5581	5383	5588	5797	10427	10792	10377	10090	11064	10886	10749	10673	8388	8670	8865	9004	10205	10192	9316	9335	9172	9871	10069	14329	14608	14726	14924	15031	14759	14908	14580	14498	14512	14283	14095	14665	14544	14493	12192	12071	12267	12077	12521	11354	12379	11628	11637	12161	11846	12109	12594	12697	13291	13807	13614	13562	13588	13511	13456	12722	13170	13070	13579	12806	13277	13177	13082	15850	15303	15397	16087	16116	16252	16194	17389	17216	17257	17595	17324	17443	16792	16896	16838	16891	17197	18709	18956	18594	19320	18185	17586	18131	18544	18061	18706	18157	18175	18119	18100	17814	17785	18490	19069	20112	20247	20111	20916	20412	19486	20068	19516	19510	19731	19984	18718	19302	19227	19109	19091	22196	22471	22680	23334	23158	23365	22947	23175	21126	21233	20977	20857	20667	22238	21809	21827	21792	22478	22343	21990	21292	21472	27403	27338	26909	27091	26515	27159	26930	27992	27545	26193	26540	25456	25848	26179	25685	26184	25755	24900	24315	25271	25157	24497	24564	24176	24351	23698	24443	24149	24203	25849	25314	24450	23838	26692	26706	34458	29239	28566	27093	28028	28120	28657	29809	30451	29444	29586	28681	28933	28945	28162	28570	30238	30017	30129	29945	30060	29786	30470	31536	30084	30179	30251	30733	32540	31809	31818	31698	32163	32952	30677	30841	31123	31357	32139	32002	31417	31340	31764	31714	31490	30756	29965	29585	29389	34686	34792	33846	34100	34231	34641	33801	33618	33899	33134	32781	33666	33040	33186	33110	33773	33310	38468	38064	37735	37236	37269	37270	37657	38351	37654	36949	35973	36244	36243	35678	35398	35979	36058	35049	35041	35258	34917	36299	35987	35919	35602	35296	34970	35271	35927	36672	37001	36224	36707	36501	49106	44673	46529	43692	44351	44225	45887	46571	45733	46326	45271	45550	44465	44915	42078	42864	43522	42545	43184	42843	42645	43246	43456	43479	43759	44052	44088	44459	43932	45127	44093	44406	44085	45875	46558	47346	46149	45711	46139	45821	40852	38063	39429	38952	42276	42027	42232	42841	42470	43059	39199	39256	38983	40941	41124	40778	40481	40220	40214	41180	39689	38611	39073	38522	38571	39914	39399	39543	39721	41434	41591	41245	41232	40652	42047	41032	41706	63005	68828	68180	66530	65363	66178	64061	64174	62648	61075	63598	62446	61394	63308	63878	65618	66081	65864	66119	65349	64736	63827	67806	67958	68907	65502	66775	67284	66595	66740	70419	67332	67278	69221	68606	49622	49424	49091	49103	48923	48310	49063	49569	49748	50581	49876	49718	50231	49597	47815	47547	47957	47869	47853	48136	47541	47698	46530	46377	48078	50847	49147	49447	50107	52567	50931	51677	51677	52265	51455	51986	51513	51622	51926	52885	51555	51867	51039	51778	51467	59220	61223	60015	60277	59956	59129	58784	58823	60247	59272	59610	57621	57302	56619	56699	57059	57667	59264	58389	58073	56478	54707	55032	55043	53750	53767	55071	54385	54924	54005	54679	54840	55500	56057	55245	55210	56169	53908	54126	54086	57203	58211	57119	56157	56571	56957	57306	60616	59050	59396	56028	53721
HOXA3	89687	91624	90888	91389	92044	91634	89976	90165	87308	86520	86907	88043	87816	88909	87675	99211	99403	101961	99761	97129	94954	94641	94131	94661	97241	96311	97370	97572	97802	95977	94762	94934	76001	75308	75126	74318	73621	75771	77214	70285	71066	71621	72070	72376	73395	73630	72138	73793	72448	72522	75742	74501	74137	74476	75021	74814	74534	82523	81732	80347	81440	77041	78053	79352	80709	80301	78528	79416	81406	81800	81433	80167	79568	79952	82319	82015	84910	85186	84304	84373	85878	85528	84421	93195	106150	105820	124713	118052	114033	113322	110618	109229	105047	106498	105438	994	763	862	93	10	440	244	287	1303	1573	1443	2266	2182	1989	2054	8079	8362	8082	7200	7450	7639	7679	7182	7372	6985	6551	6728	6755	7159	6951	6805	6493	6168	6170	2949	3263	3081	3717	3730	3764	3992	4137	4339	4685	4755	5234	5167	5520	5496	5599	5659	10040	10817	10587	10466	11163	11091	10913	10848	8646	8900	8944	8976	10417	10290	9350	9554	9483	10006	10095	14460	14800	15203	15276	15035	14788	14966	14702	14809	14601	14821	14259	14754	14482	14655	12441	12370	12234	12155	12405	11425	12503	12026	11893	12261	12001	12581	12862	12809	13562	13834	13786	13846	13735	13714	13581	13027	13257	13212	13486	13012	13228	13397	13378	16007	15786	15771	16250	16608	16418	16267	17430	17073	16956	17748	17564	17752	17300	17149	17039	17227	17279	17983	18789	18459	19222	18337	17810	18290	18722	18424	18457	18138	18191	17948	18020	17739	17833	18391	18770	19518	19937	20546	20941	20388	19781	20429	19835	19911	20065	20270	19168	19666	19733	19523	19407	22688	22889	23002	23681	23446	23557	23095	23416	21504	21510	21418	21189	21171	22194	22193	22369	22253	22185	22049	22031	21524	21574	27309	27542	27292	27383	26988	27460	27334	27944	27733	26179	26514	25924	26166	26364	26126	26911	26672	24898	24373	25376	25394	25053	25037	24429	24499	24123	24743	24459	24608	25646	25285	25059	22746	25512	26101	33373	29257	28350	27638	28026	28289	29568	30493	30535	29898	29720	28942	29127	29358	28615	28705	30827	30547	30513	29824	30179	29893	30547	31335	30444	30385	30694	30828	32510	32257	32348	32432	32476	32662	31381	31430	31457	31406	32208	31971	31797	31374	31156	31223	30756	30197	29670	29613	29153	34866	34981	34381	34547	34595	34715	34103	34271	34058	33459	33469	33968	33632	33459	33533	33317	33611	38605	38261	37757	37226	37699	38012	37751	37939	37213	37512	36766	36531	36785	36569	36341	36430	35740	34897	35323	35490	35187	36868	35967	36421	36096	35806	35364	34932	35435	36841	37458	35821	36779	36201	47868	43107	44868	43388	43511	43903	45183	45219	45387	46243	45282	45248	44404	44515	42239	42498	43127	42859	43636	43100	42615	43812	43490	43464	43778	44678	44205	44396	44560	45351	45064	45373	44958	46127	46665	47253	46112	46377	46811	46629	38634	37836	38083	37574	41522	40759	41029	42559	41646	41590	39789	38950	38553	39972	40603	40291	40181	39630	39871	41081	40313	39500	39662	38789	39283	39909	39452	39826	39975	41458	41580	41389	40777	40554	42518	41692	42185	66930	67534	67446	64224	64098	65798	64043	63566	62706	60847	62489	62019	60894	64549	64495	65917	66113	66068	66111	65173	64450	64079	68540	69234	69557	66296	67155	67606	67088	66887	69254	66914	67166	68829	69184	49725	49311	49188	49147	49151	48997	49628	50380	50204	50627	49718	49906	50900	50615	48116	47753	48097	48339	48092	48068	48848	48310	47409	46597	49639	49753	49140	48907	49395	51924	50604	50927	51072	52536	52562	52810	52502	52357	52199	52795	51912	51928	51581	51778	51427	59653	61394	60328	60691	60468	59003	58673	59543	60251	59376	59387	57556	57392	56942	56537	57320	57790	59223	59168	59342	57204	55916	56069	56143	53932	54227	55429	54966	55285	54676	54518	54907	55131	55778	55274	55158	54817	53164	53825	53812	55966	56419	57678	56414	57061	55856	56635	58291	56886	57248	54250	52707
MED1	97011	97096	96263	97317	93045	93117	93180	92819	91682	90546	90329	87853	88216	90199	89806	98605	103127	107231	106046	99569	99317	99298	98275	97241	103453	102558	103040	104640	104864	101312	100159	100487	80838	79408	79311	79789	79718	83421	83982	76697	75837	75739	74753	76323	77267	77435	74343	73778	72839	73389	77618	76331	75951	77136	75951	75064	74985	82983	82139	81073	81134	79896	79961	80438	83204	83849	82078	83128	88007	88435	87681	86827	85723	85668	85904	85548	88618	88619	88475	90245	93489	92402	91158	96158	110797	105780	130515	122402	118958	116943	118631	117810	109609	114057	113014	996	754	874	100	10	451	289	283	1270	1550	1438	2273	2244	1986	2085	7918	8276	7999	7245	7265	7775	8093	8085	7770	6936	6524	6644	6718	7142	6954	6743	6643	6093	6215	2934	3310	3137	3737	3740	3663	3994	4246	4522	4688	4758	5171	5067	5804	5400	5642	5807	11362	11068	10463	10361	11285	10977	10901	10790	8536	8898	9097	9261	10350	10033	9324	9477	9337	9909	10116	14906	14989	15082	15355	15041	15126	15276	15233	14670	14559	14703	14520	14845	14846	14939	12791	12605	12510	12739	13113	11869	12611	12149	11845	12287	12211	12620	12838	12832	13716	13957	13811	13797	13786	13762	13584	13111	13300	13283	13719	13237	13691	13728	13721	16021	15635	15741	16671	16471	16503	16502	17785	17791	18053	17625	17748	17661	17230	17359	17043	16979	17378	19862	19906	19134	19754	18869	18139	18612	18645	18339	19413	18723	18727	18587	18697	18580	18561	19651	20223	21457	21424	20779	21125	20789	20208	20341	19978	20101	20045	20134	19457	19657	19650	19670	19506	22832	23143	22833	23636	23456	23687	23707	23950	21519	21428	21238	21355	21037	22397	22016	22171	22243	23224	22930	22548	22121	21841	27337	27678	27168	27540	26754	27153	27176	28075	28013	27475	27346	25809	26147	26359	26371	26665	26476	25649	25847	26608	26681	25008	24808	24627	24931	24029	24512	24365	24478	26673	25971	25312	25796	28978	28581	36853	29739	29585	28241	28973	28724	29439	30362	30204	29565	29755	29243	29769	28901	28602	29086	30517	30463	30271	30855	30568	30731	31626	31899	30987	31171	30846	31079	33729	32062	32113	32566	32972	33408	31555	31167	31556	32350	32810	32643	32152	32091	33979	33632	32718	32752	31930	31054	30605	35466	35511	34391	34470	34501	35046	34372	34419	35062	33322	33246	33994	33818	33977	33993	34402	34064	38060	38443	38279	37956	38345	38492	39154	39582	38929	37115	36714	36871	36652	36609	36216	36511	37130	36170	35928	36294	36064	36818	35894	36168	36146	35815	35541	36982	37510	38303	38174	37819	37565	37490	53367	48457	50421	45841	47031	46747	48687	48933	48116	48415	47474	47157	44312	46045	44070	43865	44781	43996	43574	43689	43331	44302	44807	44485	44809	45723	45086	45606	45023	45603	44625	44941	45073	47120	47764	47913	46239	46364	46259	46172	44616	40677	42316	41875	44867	44764	45401	44904	44501	44626	40881	40850	40817	42826	42807	42876	42680	41924	41555	41346	40198	39049	39722	40043	39928	40765	39939	40453	40548	42495	42671	42316	42678	42189	42228	41930	42583	69852	73535	72708	69349	69031	69640	67542	65562	65278	65086	66986	65119	64537	64072	64414	66747	66541	66811	66655	67074	66246	65365	69296	69815	70590	68123	68026	69033	68393	68511	73742	70837	70147	71536	71451	50418	50012	50590	50324	49951	48807	50179	50373	50121	52403	51411	51569	51524	50757	49010	49077	48777	49090	49203	49751	48270	48017	47217	49130	50259	54439	51277	51850	52806	54821	53109	54177	54054	51911	53285	52910	52330	52764	54025	54219	52518	53153	52793	53843	53268	60744	62615	61746	61813	61167	61338	60992	61233	62597	62352	62397	59054	58378	58298	58302	59708	59775	60095	59524	59679	56996	55754	55566	55653	54744	55076	56102	55539	56228	56511	56535	56579	57525	57880	57048	56969	59019	56590	57378	57402	60802	61936	60820	59129	59485	60176	60291	64964	63924	63695	60457	57829
RXRB	96992	96674	96811	98107	92456	91862	91741	92842	92202	90940	90645	88446	87458	89876	89265	98195	103018	106899	106408	99147	99044	98344	96691	96311	102558	102945	102911	105053	103962	102693	100186	100781	80866	79882	78885	80698	80216	84011	83473	77135	75902	74780	74886	76430	77142	77175	72826	72942	72097	72205	76775	76067	74396	75814	76025	74233	73516	81877	82268	81296	80708	78622	79361	79607	83216	82898	81634	82591	88959	88056	86976	86936	84843	85070	85819	85358	88519	87108	87497	89466	94146	92508	91546	103506	118311	112854	130245	122118	119094	117168	118981	118455	109536	114035	114118	1028	757	884	90	12	459	297	321	1288	1581	1454	2334	2182	2004	2083	7866	8216	7896	7251	7175	7738	8048	7978	7816	6734	6404	6549	6600	7070	6898	6756	6570	6088	6178	2938	3316	3122	3753	3858	3702	4001	4203	4496	4615	4796	5127	5018	5786	5359	5554	5751	11373	10940	10303	10443	11169	10747	10932	10777	8472	8944	9070	9152	10332	9861	9175	9402	9371	9478	9931	14832	15039	15023	15311	14707	15036	15078	15289	14469	14387	14681	14476	14636	14713	14612	13053	12720	12220	12738	13013	11890	12533	12161	11763	12134	12122	12771	12801	12564	13851	13800	13642	13750	13747	13750	13344	13109	13120	13275	13588	13505	13659	13856	13693	15710	15636	15711	16464	16307	16139	16417	17617	17562	17841	17301	17621	17485	17279	17181	16894	16709	17039	19754	19546	19006	19491	18757	18150	18372	18283	18318	19225	18386	18548	18242	18463	18406	18394	19822	20470	21432	21319	20754	20726	20591	20231	20102	19708	19896	19769	19763	19568	19673	19423	19614	19606	22750	22760	22386	23204	22945	23199	23443	23902	21137	21188	21025	21179	20874	21852	21777	22049	22206	22963	22543	22225	21943	21666	26509	27192	26853	27098	26270	26631	26607	27364	27523	27369	27052	26032	25660	25745	26078	26650	26578	25657	26145	26980	27198	24866	24534	24355	24558	23811	24107	24251	24226	26343	25587	25343	25887	28831	28388	37169	29181	29356	28513	28683	28574	29653	29988	29277	29242	29112	28852	29554	28261	28010	28455	30307	30006	29722	30488	30290	30630	31575	31250	30895	30907	30671	30590	33390	31727	31708	32563	32685	32729	31672	30785	31107	32116	32271	32135	31980	31873	34162	33663	32405	32727	32152	30981	30176	34899	34961	34265	34001	33788	34185	33873	34275	34574	32586	32972	33372	33757	33644	33724	33761	33539	36734	37375	37764	37327	38031	38239	38972	38593	38391	36568	36704	36421	36071	36638	35949	36099	36439	35908	35462	35947	35854	36358	34675	35609	35593	35264	35119	36762	37322	38498	38268	37519	37080	37041	54121	48690	50589	45640	46663	46679	48820	47795	47818	48211	47266	46301	43090	44943	44061	43065	44079	43817	42597	43102	42476	43876	44299	43899	43957	45810	44800	45063	44711	44743	44193	44591	45221	46654	47132	47056	45118	45862	45314	45788	44494	40747	41975	41796	44815	44489	45397	44757	43916	43599	40776	40258	40529	42352	42447	42568	42575	41190	40936	40256	39609	38656	39189	39895	40193	40141	39411	39942	40184	41938	41871	41698	42024	41691	41521	41669	42253	76870	73710	72968	68039	68277	69109	67781	64352	65227	65469	66583	64652	64131	63458	63106	65855	64650	65386	65191	66192	65466	64890	68839	69841	69963	68235	66914	68423	67711	67797	72759	70790	69972	70468	71190	49296	48916	50042	49519	49291	48248	49724	49724	49042	51888	50797	51184	51354	50958	48421	48677	48102	48686	49114	49206	48203	47135	46800	49737	50955	53991	50971	51382	52204	54325	52728	53917	53442	50341	53232	52568	51897	52535	54222	53369	51690	52141	52635	53263	53007	60195	61796	61252	61350	60470	60626	60579	61482	62316	62160	62360	58036	57751	58088	57751	59853	59371	58655	59296	59040	55863	55510	55255	54992	53953	54421	55624	55023	55731	56948	55908	56133	57016	57129	56547	56353	58276	56293	57438	57451	60754	61795	61903	59522	59622	59967	60316	64777	64033	63636	60209	57834
ZMYM4	97177	97233	96591	98365	93515	93317	94130	92508	92769	91468	90651	88972	89027	91164	89955	98761	103873	108072	106823	99922	100533	99243	98445	97370	103040	102911	105823	105567	105111	102371	100011	101250	80984	79299	79688	81128	80444	84415	83651	78180	75957	76322	75700	76672	77332	77690	74639	73908	72845	73671	78034	75816	76658	77276	76436	75393	75864	83432	83405	81967	81624	80010	80688	80393	83590	84316	81936	83373	89090	87830	87610	87277	85492	86036	86145	85655	88344	88757	88463	92292	94598	92560	91652	103406	117608	114228	131258	123442	120013	117637	120391	119490	110052	115109	114158	1010	704	900	99	11	463	286	295	1270	1579	1449	2328	2200	1967	2056	8047	8366	8003	7218	7280	7776	7980	8089	7711	6988	6505	6652	6681	7225	7012	6779	6734	6038	6210	2963	3291	3165	3706	3866	3510	3911	4161	4254	4699	4801	5200	5073	5823	5454	5700	6005	11089	11195	10408	10502	11347	10765	10956	10951	8632	8943	9173	9346	10530	10117	9388	9484	9409	9917	10142	14887	15071	15206	15405	15163	15230	15277	15203	14317	14702	14616	14638	14951	14935	15058	13032	12522	12726	12840	13037	11968	12699	12081	11935	12493	12122	12647	12965	12863	13641	14172	13887	13809	13874	13858	13764	12982	13382	13301	13868	13476	13852	13861	13599	16228	15775	15599	16738	16508	16627	16585	17680	18023	17973	17723	17765	17729	17084	17412	17084	17063	17391	19624	19482	19188	19945	18692	18325	18549	18909	18499	19406	18541	18981	18721	18840	18365	18515	19569	20260	21153	21209	20795	21453	20986	20310	20481	20042	20111	20106	20426	19421	19639	19650	19710	19647	22715	23109	23034	23658	23557	23789	23641	23989	21470	21655	21415	21450	21168	22670	22369	22247	22332	23400	22865	22674	22036	21968	27504	27867	27387	27596	26941	27589	27254	28387	28071	27549	27234	26476	26164	26580	26150	26952	26510	25699	26145	27005	26488	25143	24958	24947	24952	24246	24762	24547	24712	26826	26021	25263	25648	28633	28484	37587	29824	29520	28311	28979	28870	29595	30255	30573	29814	29819	29164	29738	29118	28692	29253	30916	30563	30536	30683	30832	31125	31753	31906	31081	31004	31069	31239	33668	32404	32246	32780	33016	33840	31732	31378	31841	32515	32692	32738	32445	32099	33937	33107	32568	32487	31687	31097	30527	35519	35594	34754	34664	34675	35179	34642	34658	34725	33522	33697	34167	34098	34107	34111	34827	34089	38714	38138	38585	38119	38620	38209	38753	39084	39185	37494	37085	36976	36797	36808	36185	36692	37330	36514	36216	36310	36129	36403	35968	36263	35618	35898	35704	36755	37150	38218	38187	37932	37648	37869	54384	48848	50495	45663	46732	46894	48735	48565	48012	48329	46965	46879	44830	46057	44118	43983	44976	44281	43651	44066	43263	44415	44718	44497	44860	45806	45553	45602	45334	45773	45269	45525	45722	47240	47848	48402	46915	46570	46694	46667	44145	39730	41597	41121	44613	44206	45224	44712	44708	45146	39868	40404	40619	42041	43502	42388	42507	41472	41855	41912	40437	39482	39746	40037	40208	40595	40132	40617	40828	42767	42701	41780	42524	42091	42721	41971	42774	76033	73835	72532	70395	68181	69138	68004	66276	65569	64963	66938	64880	64505	64708	64514	67310	67099	67261	67525	68294	66886	65883	69571	70430	70584	68407	68592	69699	68769	69182	73543	70888	70281	70941	70973	50628	50348	50627	50288	49933	49283	50384	50663	50408	52293	51802	51432	51396	50870	49167	49187	48941	49294	49763	49682	48648	48632	47617	49403	50004	53474	51298	51342	52069	55024	52867	53813	53616	53007	53301	53446	53146	53194	54636	54526	52647	53020	52704	53440	53539	61068	63462	61813	62050	61694	60999	61062	61543	62901	62247	62642	59015	58768	58715	58631	59871	59612	60448	60031	59373	57155	55900	56255	56273	54888	54806	56551	55722	56087	56991	56810	56583	57831	57411	57106	57244	58708	56449	57268	57677	60376	62439	60918	59530	59074	60413	60774	65164	63783	63507	59672	57197
FOXA3	99971	98803	98783	100209	92850	92585	93578	93505	93857	92064	91519	88147	88013	90435	89963	97737	104210	108939	108877	99989	100747	100468	98762	97572	104640	105053	105567	107933	107312	104315	102302	102533	82905	81020	80659	82561	82612	87083	86216	79668	77773	76657	75988	77759	78500	78512	74169	73075	72300	72621	77652	76691	75586	77149	76157	74418	74261	82271	82134	81369	80646	79805	80259	80146	83907	84483	83039	84072	91456	90577	89648	89901	87575	87598	87102	86488	89695	88699	89281	92208	97423	95108	94233	103247	118475	111912	132541	123974	121166	118297	122244	122064	111473	117079	116748	1033	749	885	93	8	451	302	318	1282	1579	1477	2320	2241	2014	2056	7885	8263	7947	7257	7239	7808	8149	8248	7962	6862	6389	6524	6706	7148	6957	6804	6654	6073	6218	2908	3319	3189	3710	3798	3610	3960	4263	4428	4665	4765	5127	5023	5846	5361	5667	5906	11810	11050	10356	10442	11281	10761	10893	10868	8508	8970	9200	9347	10362	9844	9220	9395	9317	9493	9957	15109	15011	14970	15319	14755	15052	15256	15388	14375	14475	14564	14591	14729	14910	14825	13151	12720	12490	13060	13308	12082	12572	12152	11729	12304	12132	12752	12804	12663	13812	14050	13668	13761	13795	13754	13403	13025	13324	13298	13764	13534	13895	13945	13679	15958	15586	15551	16757	16357	16447	16503	17801	17955	18145	17463	17681	17569	17255	17252	16887	16793	17117	20570	19759	19273	19801	18971	18251	18505	18492	18280	19664	18690	18714	18588	18712	18717	18670	20250	20927	22268	21801	20797	21101	20895	20385	20104	19784	20011	19883	19941	19614	19513	19483	19620	19624	22759	22924	22628	23356	23109	23337	23753	24015	21307	21196	21092	21189	20846	22127	21781	21927	22128	23404	23067	22603	22236	21939	26823	27408	26952	27280	26236	26606	26739	27749	27772	27719	27502	26138	25837	25973	26264	26547	26255	26011	26521	27288	27120	24834	24489	24579	24783	23808	24116	24236	24336	26978	26011	25342	27114	30213	29443	38692	29422	29811	28429	28962	28831	29346	30013	29468	29220	29305	29196	29763	28297	28185	28802	30320	30111	29951	30839	30495	31019	31883	31630	31059	31194	30794	30884	33811	31951	31734	32623	32768	33271	31497	30810	31199	32459	32698	32452	32066	32120	35177	34427	33427	33461	32881	31510	30962	35127	35379	34316	34170	34041	34653	34084	34289	35099	32739	32915	33543	33685	33867	33907	34181	33852	37013	37550	37931	37783	38313	38407	39350	39247	39119	36675	36535	36684	36150	36682	35892	36330	37025	36422	35862	36278	36173	36460	34978	35552	35589	35334	35239	37405	38012	39067	38520	38223	37506	37718	56436	50876	52831	46570	47947	47909	50117	49444	48845	48767	47926	47173	43470	45822	44655	43718	44971	44247	42831	43524	42924	44122	44830	44432	44448	46129	45144	45610	44829	45062	44202	44678	45094	46820	47568	47628	45505	45842	45336	45711	46942	41441	43723	43354	46142	46146	47030	45577	45205	45225	40921	40883	41456	43438	43604	43552	43506	42053	41762	40826	39763	38729	39194	40345	40409	40537	39841	40398	40315	42312	42439	42045	42774	42284	41787	41868	42410	76595	76319	74526	70621	70234	70475	68949	65514	65881	66868	68502	65629	65506	63468	63251	66431	65370	66097	65862	67439	66477	65636	69149	69822	70336	68740	67504	69119	68389	68676	74631	72211	71263	71877	72028	49926	49445	50692	50190	49659	48352	49961	49891	49363	52805	51466	51783	51275	50780	48822	49122	48560	48958	49671	49851	47846	47292	46814	50454	50673	55713	51497	52311	53375	55501	53749	55102	54581	50818	53064	52781	52003	52723	54895	54094	52087	52655	53033	53868	53750	60614	62606	61826	61869	60968	61626	61299	61885	63215	63199	63492	58752	58310	58664	58530	60636	59882	59326	59489	59040	56072	55356	55080	55099	54452	54783	55954	55402	56093	57373	56716	56787	58011	58054	57322	56973	59968	57463	58583	58818	62594	64248	62538	60463	60128	61565	61931	67562	66807	66369	62624	59491
PAXIP1	100021	99265	97514	99253	92614	92818	93877	93017	93234	91181	90463	86296	87615	90017	89627	96694	103588	108740	108087	99402	100244	100629	99581	97802	104864	103962	105111	107312	108615	102576	102094	101638	82970	80292	80603	81100	82008	86585	86737	79253	77367	77279	75261	77320	78493	78604	75025	73228	72233	72936	77948	76706	76427	78042	75208	74624	74635	82647	80410	80180	80076	80297	79958	80110	83166	84813	82975	84364	90172	91008	90410	90388	88554	87996	86473	86238	89393	89316	90158	92604	96846	95064	93757	92585	108314	101359	131759	123380	119966	116892	121478	120626	110919	116922	115331	1002	732	897	89	7	451	291	316	1281	1584	1452	2299	2263	1948	2031	7980	8233	7839	7079	7202	7881	8223	8230	7851	6835	6419	6555	6615	7089	6924	6750	6641	6005	6167	2879	3326	3168	3645	3722	3611	3936	4170	4394	4608	4694	5116	5070	5831	5296	5618	5958	11856	11060	10211	10282	11268	10787	10799	10804	8586	8861	9173	9336	10180	9982	9176	9310	9277	9606	10046	15050	14879	14927	15280	15052	15177	15264	15378	14469	14398	14465	14601	14820	14953	14931	12846	12467	12632	13024	13341	11969	12517	11969	11800	12330	12161	12479	12691	12795	13661	13981	13700	13756	13833	13765	13410	12916	13365	13272	13800	13207	13778	13681	13616	15976	15392	15560	16726	16301	16487	16569	17921	17916	18250	17562	17621	17501	17102	17196	16994	16909	17278	20651	19816	19080	19807	19006	18175	18499	18612	18236	19819	18750	18690	18592	18927	18759	18750	20038	20775	22238	22036	20580	21174	20938	20063	20190	19810	19979	19955	19963	19220	19452	19466	19535	19487	22657	22937	22736	23449	23291	23567	23880	23877	21339	21196	21084	21084	20710	22300	21725	21844	22083	23465	23184	22686	22116	21791	27158	27451	27089	27466	26464	26921	26964	27973	27910	27572	27503	25700	25867	26215	26328	26350	25886	25983	26005	26797	26786	24559	24574	24413	24874	23883	24224	24137	24363	27163	25983	25176	27269	30447	29452	38512	29877	29857	28088	29087	28901	28846	29999	30102	29320	29621	29087	29877	28644	28509	28992	30222	30062	30214	31073	30594	30979	31801	31926	30934	31087	30782	31077	33832	31913	31890	32220	32833	33463	31156	30879	31388	32376	32848	32767	32151	32234	34731	34714	33726	33534	32900	31437	31106	35538	35321	34160	34214	34238	34804	34021	34088	35386	33029	32747	33778	33516	33909	33993	34608	33883	37821	37948	38195	38126	38093	38117	39456	39780	39309	36860	36188	36632	36374	36279	35651	36181	37275	36543	35935	36439	35988	36342	35773	35627	35814	35646	35344	37465	38133	38840	38539	38253	37754	37875	56134	50647	52769	46707	48282	47806	49983	50255	48758	48856	48321	47585	44275	46451	44276	44171	45267	44148	43185	43661	43284	43859	44675	44695	45043	45806	45110	45693	44747	45328	44023	44378	44482	46943	47866	47899	46287	46072	45706	45459	47566	41441	44381	44008	46244	46560	47144	45639	45471	45861	40947	41301	41721	44193	43717	43776	43528	42491	42107	41333	39802	38554	39415	40152	39622	40881	40030	40399	40530	42655	42771	42507	43091	42453	41886	41787	42644	67291	76134	74240	71470	70877	70550	67997	66048	65555	66330	68700	66011	65752	63240	63686	66700	66301	66599	66559	67699	66569	65193	68913	68891	70321	67908	67886	69250	68265	68701	75433	71635	71091	72534	71733	50375	50053	50713	50515	49896	48359	49832	49918	49671	52989	51625	51924	51238	50235	49030	48944	48719	49070	49253	49985	47393	47427	46483	49692	49496	56241	51574	52769	53916	55891	54125	55481	54815	51657	52788	52547	51632	52235	54420	54420	52314	53161	52708	54404	53479	60744	62696	61818	61832	61071	62003	61293	61263	62729	62751	62915	59207	58438	58521	58493	60189	59717	60110	59038	58603	56447	54903	54814	54948	54909	54910	55986	55221	56228	56646	56744	56744	58157	58386	57497	57219	60750	57614	58183	58079	62925	64472	61699	59936	60029	61767	62178	68044	67156	66972	63485	59591
TEAD3	95811	95760	96758	97892	92728	91565	91168	92829	91874	90640	90533	89781	87845	90148	88954	99654	102728	106079	105847	99174	98324	97612	95529	95977	101312	102693	102371	104315	102576	103461	99884	100435	80264	79210	77976	80608	79783	83567	82047	75767	75127	73737	74640	75952	76288	76318	72040	72944	71983	71975	76373	75559	73521	74706	76453	74173	73214	81699	82947	81583	81248	77828	78901	79713	83413	82197	81160	81881	88944	86824	85653	85977	83562	83794	85295	85055	88020	86389	86603	88273	93372	91416	90720	111827	125879	121993	130065	122333	119686	117781	118289	117885	109728	113233	113800	1057	735	913	104	13	462	305	312	1278	1588	1483	2324	2159	2002	2033	7958	8157	7890	7247	7148	7630	7990	7847	7801	6781	6343	6534	6561	7019	6880	6885	6568	6075	6177	2865	3323	3104	3675	3795	3645	3944	4147	4447	4691	4796	5086	5012	5703	5324	5542	5670	11002	10901	10288	10445	11052	10692	10890	10829	8520	8737	9121	9135	10331	9800	9140	9348	9340	9374	9821	14726	15024	14957	15314	14562	14856	14862	15187	14429	14242	14640	14342	14541	14553	14407	13079	12691	12156	12747	12739	11730	12362	12163	11729	12087	12046	12781	12772	12464	13728	13737	13616	13674	13642	13635	13243	13015	12991	13084	13419	13344	13551	13771	13494	15781	15603	15636	16545	16376	16067	16146	17599	17310	17562	17341	17436	17595	17210	17089	16617	16636	16820	19295	19101	18826	19162	18517	18041	18271	18122	18203	18930	18119	18184	18017	18255	18042	18261	19531	20209	20973	20858	20689	20522	20282	20170	19804	19422	19775	19628	19683	19473	19501	19233	19448	19511	22736	22699	22163	23117	22902	23018	23330	23697	20869	21101	20836	21084	20824	21619	21674	21958	22145	22666	22132	21970	22056	21583	26178	26988	26710	26889	26133	26503	26626	27158	27406	27069	26594	26270	25507	25471	25943	26730	26628	25516	25851	26976	26904	24709	24328	24154	24401	23787	23978	24069	24039	25891	25250	25271	25198	28101	27766	37010	28887	28890	28561	28364	28235	29680	30019	29148	28975	28822	28671	29337	28148	27921	28221	30306	29830	29473	30031	30072	30252	31247	30793	30721	30689	30524	30116	32776	31515	31652	32582	32354	32327	31539	30639	30832	31732	32123	32009	31697	31478	33845	33003	31902	31940	31637	30615	29792	34526	34722	34215	33976	33698	33912	33699	33991	34202	32376	32941	33030	33524	33391	33484	33121	33415	36434	37047	37271	36933	37959	38006	38527	37687	37897	36283	36875	36367	35903	36699	35962	36192	36006	35422	35183	35595	35692	36188	34370	35377	35295	35083	35005	36167	36643	38049	38246	36930	36674	36394	53399	47788	49510	44980	45766	46156	48259	46677	47126	47697	46569	45746	42709	44481	43751	42403	43618	43389	42268	42797	42062	43865	43973	43266	43393	45617	44418	44741	44648	44492	44484	44641	45301	46186	46771	46613	44688	45638	45073	45850	43357	40094	40876	40765	44071	43388	44297	44123	43367	42944	40402	39489	39819	41636	41709	42045	41957	40348	40462	39769	39586	38891	39079	39576	40153	39533	38971	39645	39869	41461	41175	41172	41556	41199	41379	41533	41875	83482	72919	72146	66900	67010	68389	67433	63741	64775	64985	65469	63713	63513	63619	63012	65408	63935	64842	64768	65416	65001	64799	68824	70228	69884	68386	66443	68037	67498	67494	71500	70109	69312	69648	71008	48929	48418	49768	49104	48882	48090	49425	49694	48915	51372	50089	50822	51013	51154	48065	48420	47657	48374	48982	48601	48788	47287	46840	49715	51419	52896	50375	50633	51307	53522	52040	52909	52553	50039	53200	52525	52121	52412	54087	53003	51328	51842	52718	52619	52417	59809	61312	60761	61155	60216	60192	60078	61623	61703	61705	62077	57674	57299	57830	57274	59284	58716	58048	59333	59064	55590	55799	55238	55070	53817	54170	55251	55101	55598	56923	55326	55838	56381	56438	56042	55841	57136	55253	56918	57174	59806	60394	62195	59569	59281	59024	59375	63164	62580	62285	58981	56797
SMAD4	94575	94578	94463	95514	91015	90224	89843	91260	89855	88355	88153	86837	86164	88267	87643	97224	100355	104157	103813	97152	96263	96554	95054	94762	100159	100186	100011	102302	102094	99884	98683	97983	79333	77854	76871	77805	77900	81513	81481	74390	74267	72713	73012	74277	75226	75058	71516	71992	70937	71234	75415	74784	73024	74429	74427	73290	72220	80594	80283	79440	79523	76796	77405	78500	81309	81013	79998	80866	86105	86239	85164	85160	83359	82930	83710	83393	86671	85670	85904	87078	91695	90494	88985	99698	113936	109505	127284	119854	116872	114390	115720	115264	107596	111346	110837	1001	765	868	99	11	429	273	309	1296	1497	1432	2268	2127	1955	2022	7741	8015	7767	6989	7112	7515	7787	7636	7568	6721	6261	6403	6473	6888	6708	6609	6417	5909	6019	2873	3202	3039	3666	3667	3613	3883	4077	4323	4548	4665	5049	4922	5623	5261	5483	5663	11128	10597	10139	10115	10871	10588	10601	10556	8320	8720	8859	8978	10088	9804	8981	9146	9058	9338	9776	14501	14591	14695	14878	14400	14646	14606	14916	14328	14144	14346	13969	14465	14353	14189	12561	12435	12053	12520	12654	11454	12083	11786	11512	11857	11794	12396	12453	12363	13427	13528	13385	13376	13400	13486	13050	12734	12757	12842	13346	12984	13242	13252	13204	15605	15251	15462	16086	16077	15893	15978	17332	17043	17309	17027	17238	17297	16846	16698	16491	16429	16699	19226	18881	18294	19072	18297	17586	18062	18083	17826	18641	18013	18119	17786	17990	17944	17797	19117	19903	20871	20788	20049	20498	20188	19501	19680	19144	19347	19426	19430	18891	19145	18959	19060	19005	22338	22287	22012	22897	22538	22786	22805	23214	20887	20765	20655	20441	20451	21468	21369	21593	21728	22415	22232	21745	21474	21202	25988	26680	26468	26727	25978	26175	26292	27095	27074	26286	26383	25538	25315	25363	25732	26164	25918	25214	24930	26127	26025	24204	23956	23727	23989	23454	23783	23625	23761	25778	25017	24619	25208	28050	27521	36031	28805	28693	27467	27872	27819	28910	29640	28906	28764	28621	28299	28677	28127	27716	27901	29846	29381	29108	29666	29587	29874	30476	30672	30010	30184	29967	29895	32431	31075	31181	31596	31865	32059	30810	30196	30558	31221	31842	31570	31204	30970	32955	32916	31678	31492	31320	29982	29543	34057	34313	33512	33249	33365	33687	33145	33460	34008	32120	32298	32893	32711	32853	32938	32649	32721	36225	36915	36820	36489	37060	37377	37930	37692	37482	36016	35867	35809	35471	35865	35257	35450	35408	34751	34709	35064	34855	36107	34354	35007	35188	34700	34524	35561	36446	37591	37558	36359	36392	36066	52396	47090	49038	44622	45390	45459	47405	46653	46636	46965	46263	45548	42431	44387	42845	42244	43166	42698	41758	42203	41789	43045	43393	42848	43284	44618	43788	44162	43798	44050	43442	43796	43934	45586	46240	46204	44044	45074	44699	44936	43364	39708	41057	40883	43553	43512	43995	43622	42594	42211	40251	39298	39683	41927	41277	41606	41408	40213	39997	39487	38943	38076	38572	38716	38994	39402	38499	39182	39284	40880	41131	41107	40924	40624	40893	40948	41493	73113	71881	70596	65921	67038	67396	65619	62979	63340	63888	64838	63010	62600	62385	62263	64821	63551	64154	64145	64423	64106	63442	67443	68213	68970	66428	65731	66743	66109	66603	71067	68610	68246	69398	69966	48534	47599	49108	48704	48530	47306	48595	48917	48461	50653	49455	50168	50402	50099	47463	47355	47156	47564	47845	47984	47570	46394	45825	48249	49956	52613	49597	50279	51030	52958	51673	52642	52162	49807	52117	51417	50984	51393	52739	52363	50732	51311	51555	52278	51265	58824	60510	59981	60109	59270	59554	59084	59932	60418	60321	60387	57001	56622	56890	56243	58153	57802	57441	57999	58125	54940	54643	54107	53967	53276	53811	54380	54223	54807	55462	54593	54901	55567	56352	55352	55034	56822	54658	55570	55650	59436	59957	60314	57993	58424	58206	58952	63046	62275	62057	58897	56179
ELF3	94511	94630	94829	95914	91524	90989	90823	91258	90398	89517	89255	87984	87063	89091	88284	97414	101683	105087	104308	97865	97612	96693	95348	94934	100487	100781	101250	102533	101638	100435	97983	98995	78995	78194	77497	79097	78311	81759	81286	75280	74233	73713	73924	75074	75477	75697	72281	72529	71547	71895	76037	74678	74128	74778	75349	73735	73463	81292	81955	80534	80174	77882	78752	78987	82355	81891	80181	81353	86733	85646	84969	84296	82817	83255	84667	83804	86717	85889	85813	87934	91670	90002	89394	103024	116989	113287	128191	120374	117209	115616	116563	115888	107607	111471	111503	1014	748	884	98	11	462	295	314	1279	1597	1476	2330	2224	2026	2069	7937	8251	7993	7275	7238	7660	8046	7843	7671	6791	6446	6608	6686	7066	6973	6795	6571	6088	6239	2917	3256	3146	3679	3852	3693	3952	4213	4465	4684	4760	5191	5039	5746	5433	5540	5797	10845	10935	10397	10438	11189	10750	10978	10856	8529	8861	9038	9145	10339	9887	9279	9459	9364	9650	9919	14584	14881	15060	15218	14766	14885	15043	15077	14407	14309	14645	14295	14672	14689	14671	12864	12505	12278	12684	12784	11802	12531	12211	11781	12198	12103	12768	12901	12748	13710	13846	13703	13749	13643	13717	13365	12970	13167	13140	13520	13465	13571	13716	13474	15842	15595	15483	16467	16406	16209	16309	17412	17343	17580	17390	17522	17464	17153	17088	16780	16761	17047	19237	19229	18875	19337	18667	18058	18236	18330	18186	18903	18230	18424	18140	18265	18015	18136	19290	19856	20821	20694	20670	20672	20399	20159	20123	19616	19968	19727	19863	19358	19510	19374	19563	19400	22651	22797	22426	23313	22945	23220	23299	23718	21192	21233	21106	21275	20835	21810	21867	22080	22072	22666	22262	22077	21779	21595	26569	27219	26894	27008	26345	26687	26744	27397	27393	27011	26804	26039	25677	25842	25896	26603	26459	25210	25809	26587	26508	24789	24495	24328	24449	23837	24303	24198	24223	26153	25505	25234	24953	27993	27711	36133	29007	28900	28362	28505	28303	29495	29920	29508	29206	29186	28695	29339	28439	28124	28483	30379	30103	29795	30093	30200	30377	31341	31073	30602	30765	30511	30489	32885	31773	31869	32486	32400	32616	31416	30677	31094	31964	31978	31953	31771	31614	33393	32584	31778	31805	31237	30668	29769	34652	34781	34058	33994	33888	34191	33817	33967	34182	32721	32915	33285	33526	33464	33608	33602	33414	37112	37309	37560	37165	37729	37711	38463	38129	37975	36493	36575	36373	36004	36425	35924	36151	36235	35547	35383	35739	35671	35997	34861	35612	35334	35260	35025	36014	36593	37717	37716	36992	36803	36608	52432	47119	48937	44611	45556	46050	47630	46979	46993	47329	46198	45883	43341	44695	43526	42688	43543	43243	42552	42960	42454	43809	43868	43493	43557	45302	44498	44831	44311	44611	44222	44762	44997	46271	46728	46890	45293	45530	45523	45537	42712	39485	40502	40266	43635	43180	44046	43676	43225	43077	39778	39590	39696	41151	41940	41580	41848	40589	40538	40391	39585	38688	39015	39550	39901	39773	39280	39641	40015	41594	41425	41066	41619	41153	41603	41287	41776	76131	71631	70897	66968	66550	67737	66535	64011	64480	63613	65145	63364	62822	63257	63172	65471	64773	65198	65225	65994	64962	64359	68171	69350	69278	67492	66584	68030	67400	67307	71395	69656	68889	69353	69861	49183	48879	49605	49195	48887	48220	49550	49555	49126	51393	50416	50501	50779	50352	48177	48335	47806	48514	48706	48598	48075	47358	46829	48787	50080	52437	50006	50411	51022	53366	51697	52673	52594	50816	52545	52332	51955	52133	53624	53050	51419	51772	52104	52424	52434	59619	61500	60510	60925	60112	59858	59813	60740	61539	61358	61487	57596	57314	57445	57211	58728	58562	58538	59007	58480	55879	55285	55061	54994	53738	53778	55305	54652	55345	56118	55329	55533	56102	56295	55859	55900	57032	55035	56315	56371	59048	60098	60529	58403	58175	58771	58828	62548	61918	61422	58008	55993
ZNF217	77048	76616	75919	77433	72447	72347	72453	72797	72703	71230	70869	68611	68470	70475	70034	76147	80515	84022	83880	77754	77833	77917	76666	76001	80838	80866	80984	82905	82970	80264	79333	78995	64589	62892	62561	63301	63380	66502	66563	61090	60427	59447	59132	60585	61083	60997	58000	57501	56928	57095	60788	60275	58999	60176	59637	58548	58230	64415	63913	63396	63122	62365	62431	62735	65310	65812	64374	65514	70196	70269	69393	69287	67897	67730	67690	67349	69682	69208	69695	71081	74564	73461	72468	75225	86871	82348	101774	95607	93266	91263	93463	93151	86038	90053	89490	834	614	725	84	9	375	234	263	1119	1359	1241	2004	1879	1674	1693	6450	6685	6491	5928	5957	6390	6643	6529	6272	5583	5310	5386	5516	5734	5707	5664	5342	5110	5094	2408	2653	2595	2967	3004	3052	3270	3481	3671	3841	3989	4222	4234	4603	4484	4578	4712	9125	8994	8612	8623	9166	8763	8986	8873	7060	7402	7523	7556	8385	8132	7507	7787	7713	7737	7987	12067	11933	12320	12493	12015	12345	12359	12495	11859	11709	12021	11988	11901	12092	11962	10561	10213	10009	10428	10561	9738	10194	9951	9683	9931	9853	10507	10520	10322	11306	11264	11125	11330	11272	11332	10906	10768	10825	10768	10906	11024	11234	11245	11208	12893	12645	12777	13453	13304	13282	13403	14074	14158	14426	14230	14256	14121	14075	13908	13810	13600	13798	15793	15803	15367	15740	15356	14679	14872	14846	14958	15377	14980	14973	14845	14908	14962	15005	15956	16366	17252	17273	16674	16809	16523	16400	16241	16191	16319	16154	16091	15682	15947	15801	15904	16018	18434	18605	18241	18957	18562	18894	19050	19389	17128	17167	17004	17025	16990	17699	17463	17791	18004	18466	18271	18080	17874	17630	21247	22102	21698	22053	21284	21410	21735	22093	22484	22140	21861	20869	20812	20850	21169	21471	21125	20577	21075	21791	21641	19999	19734	19724	19910	19376	19508	19624	19677	21326	20788	20497	20854	23195	22948	29374	23321	23567	22844	23189	23060	23755	23962	23438	23531	23498	23523	23789	22697	22697	23015	24379	24144	24023	24638	24553	24678	25418	25220	24819	24832	24648	24820	26883	25645	25577	26139	26340	26307	25365	24826	25083	25826	26093	25929	25846	25698	26981	27050	26118	26112	25771	25024	24429	28209	28216	27542	27365	27263	27475	27315	27579	28086	26113	26414	26900	26983	27134	27136	27030	26866	29251	30021	30273	30082	30502	30743	31279	30985	30747	29233	29261	29342	29164	29345	28855	29051	29198	28891	28617	29006	28812	28867	27893	28491	28622	28244	28308	29475	29769	30829	30316	30164	30107	29793	43275	38575	40489	36516	37425	37449	39007	38570	38373	38584	37999	37287	34407	35926	35283	34505	35333	34928	33900	34594	34105	35112	35517	35226	35490	36573	35796	36188	35825	35703	35082	35644	35774	37201	37832	37792	36208	36583	35990	36411	35721	32420	33758	33587	35961	35832	36490	35567	35142	34825	32666	32362	32626	33888	34131	34269	34260	33128	33008	32126	31787	30873	31258	32040	32080	32130	31745	32260	32285	33611	33737	33373	33752	33429	33170	33348	33911	55306	58538	57644	53922	54768	54854	53520	50761	51535	51620	53135	51405	51043	50041	49995	52124	51280	51956	51652	52394	52062	51547	54244	54739	55453	53714	52977	53941	53567	53896	57999	56082	55634	56171	56427	39547	39029	40167	39782	39462	38435	39576	39609	39119	41498	40664	40837	40841	40309	38799	38833	38459	39015	39024	39301	38039	37548	37116	39529	39857	43250	40685	41389	41970	43615	42089	43287	42905	39994	42114	41752	41126	41633	43293	42581	41120	41596	41934	42670	41929	47784	49168	48753	48475	48039	48395	48190	48588	49205	49427	49556	46476	46110	46299	46028	47480	46986	46807	46969	46746	44340	43762	43628	43593	43120	43629	44174	43521	44040	45150	44782	44574	45458	45781	45155	44793	46666	44935	45830	45384	48479	49590	48855	46998	47284	47995	48519	51941	51244	51031	48172	46284
THRA	74958	74999	74946	75956	72389	71860	71410	72697	71860	70795	70988	69542	68618	70532	69918	76917	80297	83052	82278	77279	77030	76586	75126	75308	79408	79882	79299	81020	80292	79210	77854	78194	62892	62737	61540	62692	62010	64544	64737	59480	59199	58263	58720	59885	60153	60328	57051	57403	56947	56819	60396	59789	58264	59401	59712	58393	57845	64241	64610	63716	63413	61633	62021	62537	65133	64755	63730	64564	68682	68320	67478	66872	65784	66121	67074	66819	69084	67700	68037	69036	72359	71575	70852	79330	90064	86647	100564	94569	92352	91096	91322	91142	85130	87842	87909	849	646	722	81	11	364	231	293	1151	1367	1262	1944	1864	1749	1706	6550	6742	6636	6041	6024	6300	6710	6320	6226	5506	5398	5422	5478	5818	5785	5717	5342	5158	5144	2395	2688	2590	3029	3082	3157	3284	3528	3768	3816	4005	4245	4192	4547	4513	4536	4632	8787	8777	8644	8746	9088	8869	9092	8917	7102	7451	7470	7431	8472	8223	7561	7894	7796	7803	7939	11863	11870	12345	12523	12011	12206	12274	12393	11728	11682	12081	11806	11919	12006	11853	10516	10297	9783	10178	10453	9668	10171	10044	9708	9833	9856	10635	10609	10355	11355	11187	11131	11232	11225	11388	10810	10767	10584	10754	10801	10969	11000	11337	11121	12846	12577	12719	13301	13465	13189	13320	13981	13945	14118	14116	14301	14142	14052	13952	13703	13671	13801	15248	15743	15058	15477	15422	14649	14849	14776	14920	15171	14826	14785	14605	14745	14975	14764	15855	16042	16879	16763	16818	16654	16399	16481	16281	15968	16261	16032	16095	15833	16075	15850	15922	15915	18653	18520	18106	18924	18473	18689	18969	19204	17140	17184	17138	17034	17034	17383	17541	17907	18047	18366	17910	17960	17620	17598	21199	21886	21717	21838	21198	21438	21591	21782	22267	21950	21791	20770	20709	20719	21164	21555	21324	20256	20908	21545	21746	20054	19697	19784	19807	19434	19502	19621	19564	21109	20625	20543	20175	22360	22408	28461	23086	23327	23067	22823	22838	24013	24126	23216	23567	23351	23334	23761	22663	22632	23024	24477	24146	23892	24353	24327	24355	25128	24893	24709	24650	24698	24484	26703	25592	25635	26405	26142	25993	25474	24813	24985	25635	25763	25671	25781	25538	26810	26497	25661	25894	25323	24637	24073	27748	27899	27552	27436	27265	27250	27139	27462	27704	26150	26537	26791	27182	26902	27075	26743	26794	29112	29856	30115	29886	30398	30624	31109	30599	30283	29318	29489	29288	28986	29257	28971	28993	28706	28524	28418	28709	28704	29036	27612	28410	28789	28344	28301	29046	29333	30300	30127	29713	29369	29442	41738	37289	38970	35864	36682	36769	38144	37460	37991	37934	37213	36640	34174	35498	35077	34151	34757	34740	33928	34345	34014	34986	35219	34728	34924	36428	35731	35760	35788	35678	35195	35762	35886	36934	37600	37278	35643	36404	36006	36470	34089	32275	32710	32497	35166	34842	35453	35048	34173	33961	32363	31996	31950	33208	33525	33644	33625	32634	32492	31964	31820	30920	31307	31779	32282	31791	31461	31979	32048	33298	33235	33019	33196	33052	33143	33281	33722	58352	56880	56793	52099	53280	54028	53226	50119	51440	50953	51849	50774	50193	50106	49922	51877	50955	51614	51329	51855	51292	51059	54085	54938	55284	53785	52744	53597	53325	53384	56934	55551	55024	55384	56081	39132	38652	39766	39333	39273	38540	39544	39706	38932	41086	40053	40444	41056	40407	38319	38666	38388	38639	38810	38841	38394	37393	37358	39426	40521	42219	40207	40661	41117	42588	41459	42447	41989	39664	42146	41852	41290	41561	43053	42137	40851	41486	41908	42024	41811	47572	48734	48323	48394	47922	47877	47684	48668	48984	48941	49173	45707	45695	45889	45254	47168	46641	46221	47025	46762	44410	44137	43686	43517	42864	43338	43978	43453	43895	44838	44150	44230	44804	45122	44706	44642	45761	43999	45201	44838	47246	47732	48354	46512	46779	46897	46888	49817	49349	48968	46174	45134
FOXK1	74717	74805	74173	75251	72103	72255	72475	71548	71247	70366	70225	68542	68917	70411	69803	75731	80202	83033	81563	77027	77187	76760	75924	75126	79311	78885	79688	80659	80603	77976	76871	77497	62561	61540	62101	61964	61526	64123	64720	59664	59007	59066	58502	59461	60029	60295	58256	57587	57056	57432	60520	59374	59636	60157	59303	58635	58895	64639	63829	63383	63122	62480	62756	62707	64536	65329	63745	64516	67993	67919	67446	66433	66078	66237	66860	66351	68206	68358	68322	70107	71619	71053	70233	73128	84117	81392	100165	93950	91113	89862	91063	90279	84116	87563	86384	831	608	700	83	9	372	234	262	1110	1384	1277	2016	1872	1737	1730	6523	6856	6708	6131	6104	6427	6662	6458	6291	5641	5366	5538	5561	5942	5818	5765	5396	5185	5195	2436	2735	2602	3071	3081	3072	3356	3505	3653	3959	4039	4311	4221	4639	4559	4641	4687	8694	8956	8729	8733	9314	8931	9090	9007	7256	7461	7461	7584	8592	8350	7806	7978	7805	8072	8133	11940	12027	12383	12652	12331	12507	12574	12402	11776	11911	12068	11932	12086	12234	12124	10498	10022	10074	10314	10505	9701	10402	10147	9860	10222	10058	10636	10643	10522	11333	11509	11193	11378	11435	11455	11064	10947	10898	10978	11118	10939	11191	11335	11137	13050	12756	12765	13398	13465	13589	13604	14022	14293	14271	14475	14473	14176	14157	14065	13940	13867	14024	15521	15856	15341	15641	15506	14866	15107	15070	15108	15359	15029	14957	14839	15134	14995	14980	15656	15947	16785	16733	16909	17015	16757	16594	16741	16345	16409	16221	16469	15774	16112	16032	16146	16046	18572	18819	18649	19193	18764	19156	19099	19391	17388	17435	17421	17389	17164	17979	17876	18027	18144	18584	18295	18317	17762	17865	22142	22376	22084	22154	21759	22030	22102	22477	22475	22035	22137	20883	20912	21210	21292	21641	21255	20272	20855	21356	21133	20275	20157	20100	20137	19728	19779	19717	19989	21545	20820	20472	20173	22212	22432	28580	23643	23295	22995	23307	23119	23868	24190	24322	23886	23925	23615	24111	23286	23108	23377	24699	24628	24634	24639	24551	24794	25547	25457	25144	25131	25120	24987	26798	26121	25932	26393	26386	26792	25371	25124	25331	25956	25961	26048	26029	25944	26610	26132	25840	25844	24909	24989	24542	28415	28396	27778	27936	27619	27893	27639	27716	27884	26775	26870	27262	27290	27249	27448	27711	27180	30561	30345	30742	30415	30868	30418	31169	30998	30924	29771	29433	29628	29405	29335	29069	29299	29485	28904	28738	29074	28913	28947	28506	28985	28817	28765	28714	29383	29540	30185	29950	30010	29914	29751	41546	37160	38844	36116	36813	36928	38149	38177	38101	37937	37211	37183	35427	36042	34920	34660	35386	34968	34762	34867	34561	35302	35506	35245	35423	36457	35965	36256	35985	36320	35698	36027	36249	37453	37889	38230	37166	36758	36794	36871	33813	31557	32537	32008	35083	34726	35300	34860	34833	34913	31802	32219	31962	32946	33935	33781	33883	32935	33120	32963	32347	31341	31775	31963	32218	32226	32024	32423	32459	33707	33801	33233	33676	33320	33915	33478	34107	53162	56446	56041	53349	53247	54207	52801	51534	51393	50192	51992	50922	50228	50482	50733	52672	52505	52790	52606	53015	52024	51526	54499	54895	55286	53526	53577	54345	53946	54011	57240	55299	55092	55681	55338	39922	39946	40097	39842	39687	39092	40000	40055	39817	41474	40701	40547	40548	39972	38816	39141	38749	38950	39107	39226	38153	38076	37793	38716	38991	42152	40286	40581	41164	42993	41646	42334	42321	41434	41952	42215	41762	41898	42940	42752	41667	42003	41641	42205	42376	47862	49495	48661	48890	48497	47926	47934	48203	49321	48761	49211	46475	46340	46081	46080	46899	46708	47582	47187	46528	45282	44093	44073	44289	43223	43314	44534	43815	43835	44524	44401	44523	45135	45355	44948	45119	45970	44501	45007	44630	46857	48009	47089	46215	45944	47114	46790	50030	48883	49089	45391	44322
MIXL1	76206	75576	75639	77153	70862	70535	71439	71389	72306	71517	70817	68228	67113	69576	68725	74559	80192	83669	83353	76661	77464	76462	74905	74318	79789	80698	81128	82561	81100	80608	77805	79097	63301	62692	61964	65135	63540	66942	65443	61516	59456	58951	58710	60220	60326	60461	56534	55740	55481	55831	59428	58455	57744	58575	58817	56888	56753	62697	64212	63101	61727	61397	61727	61154	64917	64921	63326	64495	70899	68768	68087	67970	66272	66822	67196	66422	68597	67174	67743	70521	74520	72481	72414	85154	96233	91994	101106	94458	92632	90925	93798	93651	84992	89177	89761	847	599	694	89	9	358	249	284	1085	1379	1226	2000	1836	1656	1658	6293	6431	6360	6039	5754	6176	6689	6542	6193	5274	5223	5219	5335	5602	5532	5579	5144	5025	5085	2274	2575	2518	2895	3038	3040	3137	3435	3667	3708	3870	4085	4045	4553	4353	4441	4538	8894	8682	8383	8551	8890	8338	8819	8729	6915	7157	7390	7289	8265	7742	7354	7612	7570	7521	7701	11855	11922	12012	12295	11745	12036	12191	12241	11200	11431	11788	11596	11484	11773	11665	10555	10028	9612	10336	10243	9609	10059	9916	9502	9741	9732	10498	10309	9985	11049	11024	10761	10872	10955	10942	10633	10379	10438	10509	10560	10853	10959	11139	10914	12451	12371	12318	13131	12978	12956	12979	13715	14032	14166	13725	13997	13667	13774	13653	13378	13019	13326	15581	15568	15096	15138	15041	14618	14509	14294	14563	15220	14549	14704	14400	14644	14559	14639	15847	16280	16814	16579	16523	16264	16152	16398	15721	15627	15904	15591	15669	15562	15576	15306	15671	15745	18116	18188	17603	18335	17884	18355	18611	19000	16617	16579	16539	16782	16669	17038	17160	17344	17527	18179	17595	17687	17413	17309	20583	21418	21044	21251	20507	20853	20985	21352	21652	21973	21347	20615	19847	20157	20471	20873	20886	19877	21360	21625	21601	19586	19195	19392	19471	18916	18889	19102	19118	20926	20311	20104	20554	22784	22714	29682	22646	23017	22862	22800	22547	23490	23362	22505	22821	22671	22768	23386	21872	21914	22344	23865	23499	23247	24099	23730	24372	25120	24390	24504	24438	24210	24060	26353	24997	24859	25990	25598	25701	24956	24033	24299	25474	25144	25187	25158	25070	27408	26312	25414	26063	25425	24749	24061	27608	27447	26855	26792	26520	26594	26777	26773	27081	25232	25897	26091	26527	26519	26515	26796	26296	28448	28915	29421	29221	30129	29858	30657	30041	30348	28320	28829	28448	28133	28730	28116	28172	28715	28282	27867	28355	28451	27772	26788	27775	27419	27519	27648	29164	29114	30176	29730	29894	28817	29101	43402	39050	40447	35649	36817	37077	38665	37546	37857	37828	36782	36257	33343	34742	34926	33661	34672	34306	32939	33870	33269	34234	34832	34049	34249	35918	35160	35364	35257	34865	34349	34830	35630	36367	36782	36525	35144	35435	34938	35550	35107	31857	32943	32780	35449	34979	36113	34979	34464	34444	31194	31411	31803	32666	33883	33350	33925	32429	32393	31349	31093	30235	30529	31541	31826	31261	30745	31244	31577	32907	32546	32047	33058	32892	32144	32441	32942	63803	58105	57545	53444	53290	53949	53793	50047	51341	51344	52225	50529	50252	48872	48494	50826	49788	50607	50443	52049	51146	50681	53370	54419	54063	53583	51799	53154	52849	52835	56883	55728	54953	54308	55151	38395	38202	39179	38667	38333	37610	38819	38647	37907	40794	40004	40000	39686	39212	37786	38421	37408	37882	38443	38513	37174	36439	36548	39541	39584	42184	40091	40174	40991	42841	41131	42240	41883	38777	41281	41017	40660	40969	42999	41652	40255	40748	41166	41414	41907	46860	48349	47618	47833	47002	47171	47467	48236	48970	49239	49167	45228	44962	45354	45355	46918	46360	45532	46311	45509	42956	43090	42524	42593	41795	42142	43290	42531	43084	44702	44100	43647	44719	44231	44131	44163	45804	44334	45628	45415	47633	49111	48572	46656	46475	47686	47501	51256	50678	50266	46916	45819
CEBPG	76767	75276	75171	76780	69428	69620	70807	70783	71652	70189	69486	66150	65692	68019	67637	72696	79069	82968	83171	75353	76424	76172	74599	73621	79718	80216	80444	82612	82008	79783	77900	78311	63380	62010	61526	63540	63991	67803	66219	61500	59413	58577	57788	59620	59906	60113	56133	54753	54490	54512	58670	58103	57028	58413	57268	55776	55516	61602	61734	61318	60254	60591	60530	60082	63628	64140	62967	64197	70471	69511	68694	69000	66937	67105	66320	65809	68167	66959	67794	70746	74888	73001	72557	79490	91248	85146	100265	93612	91847	89430	93677	93507	84523	89478	89523	805	564	675	80	8	378	230	256	995	1236	1117	1816	1756	1603	1580	6053	6292	6105	5566	5498	6006	6528	6562	6066	5089	4884	4962	5096	5473	5350	5246	5102	4630	4802	2231	2544	2454	2820	2874	2710	3105	3281	3416	3556	3678	3908	3866	4531	4145	4326	4439	9120	8440	7889	8073	8605	8090	8411	8310	6543	6970	7086	7189	7971	7465	7040	7338	7180	7208	7542	11484	11476	11451	11776	11274	11689	11668	11930	10860	10902	11172	11178	11208	11499	11298	10145	9775	9498	10031	10333	9423	9604	9458	9088	9414	9325	9837	9871	9609	10531	10630	10474	10454	10586	10664	10186	9955	10047	10097	10428	10504	10772	10740	10582	12163	11926	12014	12779	12400	12453	12620	13509	13699	14090	13288	13496	13238	13370	13116	12904	12545	12864	15805	15415	14693	14986	14750	13995	14250	13846	14163	15052	14302	14222	14207	14379	14418	14438	15786	16233	17201	16858	15882	15852	15932	15733	15288	15041	15391	15015	15132	14939	14966	14848	15035	15107	17484	17624	17140	17735	17392	17759	18278	18504	16239	16050	16020	16139	15981	16617	16509	16689	16977	18002	17461	17233	17023	16680	20122	20719	20395	20711	19884	20047	20267	20921	21098	21416	21062	19758	19488	19533	20085	20265	19922	19696	20585	21286	21307	18707	18517	18821	18860	18215	18184	18408	18437	20633	19824	19459	21199	23423	22939	30197	22279	22919	22027	22281	22010	22422	22788	22002	22113	22082	22198	22809	21309	21270	21807	23024	22770	22547	23722	23143	23693	24550	23943	23716	23845	23265	23342	25977	23997	24025	24992	25091	25218	24082	23185	23541	24912	24865	24720	24550	24559	27128	26696	25517	25968	25468	24421	23795	26798	26688	26019	25869	25567	26030	25900	26033	26796	24561	24848	25237	25678	25759	25875	26173	25717	27586	28255	28762	28536	29224	29181	30239	29829	29809	27464	27727	27840	27372	27992	27149	27266	28297	27842	27149	27735	27706	27189	26198	26750	26810	26749	26744	28843	29226	29936	29455	29365	28440	28708	43971	39708	41056	35731	36996	37000	39114	38068	37731	37548	36616	36015	32655	34658	34220	33167	34137	33694	32101	32989	32609	33355	34081	33710	33680	35147	34314	34688	34180	33808	33339	33632	34128	35611	36207	35917	34175	34672	33864	34573	36557	32015	33787	33794	35708	35577	36649	34945	34643	34693	31086	31316	31806	33292	33562	33494	33665	32297	32018	30692	30023	29167	29734	30891	30863	30819	30193	30747	30797	32169	32272	31950	32563	32300	31327	31535	32323	59615	58780	57490	53925	53904	53838	52915	49264	50446	51433	52512	50253	50041	47561	47331	50057	48950	49643	49386	51094	50552	49488	52031	52810	53095	52195	51038	52105	51755	52059	57196	55195	54466	54353	54647	37694	37239	38575	38121	37641	36300	37809	37567	36823	40085	39304	39477	38811	38284	36980	37310	36866	37230	37722	37906	36081	35446	35303	38894	38468	42973	39503	40101	40928	42734	41149	42240	41717	37838	40248	39921	39302	39730	42125	41019	39354	39883	40492	41242	41179	45805	47467	46947	46766	46167	46758	46809	47313	48138	48222	48731	44395	44185	44619	44415	46323	45595	44737	44983	44452	41864	41655	41297	41232	41170	41389	42178	41808	42539	43881	43199	43106	44313	43961	43568	43473	46027	44153	45232	45254	48173	49768	48157	46369	46071	47470	47460	52207	51938	51316	48408	46303
CEBPA	81200	78888	78979	80683	70670	70750	72935	72787	74745	72790	71639	66897	66704	69292	69360	73326	81474	86388	87340	77311	79207	79255	77496	75771	83421	84011	84415	87083	86585	83567	81513	81759	66502	64544	64123	66942	67803	72843	70060	65267	62287	60810	59466	61727	62511	62272	57285	55035	54837	55299	59890	59518	58254	60069	58210	56304	56081	62160	62513	62080	60620	62067	61958	61052	65325	66272	65254	66450	74861	73329	72733	73533	70891	70385	68423	68066	70570	69097	70533	74338	79976	77139	76762	83717	96677	88223	104354	97185	95659	92082	98816	99085	87792	94433	94432	773	540	639	73	9	344	249	275	978	1193	1114	1810	1780	1526	1509	5852	6172	5913	5495	5334	5917	6584	6946	6250	5020	4805	4868	4967	5357	5254	5109	5174	4551	4711	2161	2474	2335	2855	2941	2654	2999	3237	3397	3445	3640	3844	3744	4578	3996	4262	4413	9953	8383	7699	7913	8538	7989	8199	8189	6312	6843	7053	7196	7863	7307	6886	7167	7047	6987	7419	11688	11572	11261	11718	11145	11669	11678	12007	10745	10766	10847	11139	11074	11326	11351	10288	9896	9562	10352	10629	9450	9533	9270	8886	9315	9294	9718	9718	9463	10526	10619	10217	10262	10475	10523	10058	9846	10026	9987	10304	10469	10768	10727	10585	12060	11674	11705	13035	12039	12397	12460	13738	13935	14513	12980	13394	13079	13152	13126	12747	12337	12771	16925	15525	14907	15273	14771	14056	14120	13676	13947	15527	14345	14412	14301	14779	14705	14660	16239	17022	18243	17530	15701	15903	15967	15614	14997	14851	15155	14883	14819	14831	14779	14601	14870	14954	17221	17612	16876	17472	17184	17688	18392	18554	15913	15759	15727	16136	15720	16474	16204	16457	16779	18176	17777	17388	17143	16614	19927	20674	20171	20618	19521	19860	19884	20738	21017	21900	21092	19791	19254	19257	19960	19917	19691	20099	21160	21897	21807	18568	18267	18678	18889	17929	17852	18190	18296	21076	20040	19302	22888	25302	24222	32570	22467	23518	22008	22548	22086	22141	22534	21870	21761	21920	21954	22881	21013	21053	21781	22704	22474	22284	23939	23259	23924	24945	24021	23860	24028	23163	23420	26386	23808	23754	24902	25036	25105	23887	22944	23493	25336	24946	24949	24621	24616	28697	27952	26416	27035	26825	24998	24517	26877	26641	25822	25577	25432	26007	25793	25996	27278	24238	24621	25074	25716	25849	25850	26555	25880	27241	27931	28823	28807	29418	29252	30721	30349	30534	27181	27524	27766	27084	27822	26737	27165	28690	28345	27405	27871	27900	27111	25984	26397	26793	26463	26554	29620	30323	30869	29822	30337	28706	29175	47345	42776	44193	36979	38684	38631	41148	39689	38838	38595	37873	36616	32634	35373	35054	33747	34971	34250	32050	33135	32728	33336	34540	34189	34192	35708	34608	35169	34153	33928	33012	33373	34148	36099	36554	35894	34356	34551	33549	34218	39980	33553	36226	36093	37522	37606	38938	36281	36214	36428	31568	31992	33026	34616	34758	34726	34770	33240	32916	30833	29777	28786	29503	31261	31042	31116	30268	30809	30983	32423	32641	32300	33356	32847	31129	31820	32408	63303	62702	60150	57264	56618	55890	54787	50744	51769	54045	55036	52068	52053	47495	47307	50756	49288	50067	50049	52214	51571	50252	52668	53210	53891	53226	51542	53364	52524	52931	59719	57346	56158	56030	55991	37976	37600	39200	38681	37930	36191	37876	37487	36645	41120	40067	40268	39124	38421	37490	37926	37171	37537	38448	38686	35849	35367	35048	40219	39116	45436	40687	41603	42711	44174	42528	43826	43313	37642	40625	39919	39100	39966	43041	41799	39606	40363	40924	42062	41961	46497	48200	47714	47453	46558	48094	47941	48267	49302	49668	50160	45186	44738	45355	45377	47694	46510	45220	45266	44784	41860	41604	41118	41291	41698	41755	42662	42217	43053	45028	44021	44232	45664	45020	44436	44128	48305	45882	47085	47292	51241	52900	50209	47993	47762	49744	50095	56104	56013	55252	52231	48959
NCOA2	80706	79388	78223	79635	72521	73100	74433	73783	74536	72840	72210	67629	68549	70881	70913	75071	82232	86706	86857	78462	79801	80231	78972	77214	83982	83473	83651	86216	86737	82047	81481	81286	66563	64737	64720	65443	66219	70060	70203	64261	62537	61858	59995	62032	62890	62998	59426	57338	56931	57461	61828	60891	60265	61911	59498	58366	58421	64594	63307	63098	62585	63904	63324	62960	65991	67577	66310	67486	73066	73282	72719	72437	71257	70952	69138	68883	71131	70779	71911	74084	78116	76693	75518	73412	85985	78788	104443	97358	95058	92395	97158	97015	87938	93607	92706	843	589	727	80	7	386	246	244	1067	1304	1215	1904	1844	1653	1624	6335	6627	6385	5845	5779	6409	6839	6926	6448	5491	5142	5290	5328	5781	5656	5543	5359	4849	5085	2327	2645	2589	2955	2975	2889	3159	3451	3598	3750	3882	4137	4040	4738	4334	4548	4764	9884	8913	8309	8391	9048	8716	8858	8779	6976	7302	7524	7448	8231	7902	7429	7579	7524	7557	7987	12120	11969	12009	12356	11957	12339	12404	12536	11648	11487	11692	11832	11968	12091	11969	10575	10178	10136	10620	10934	9772	10184	9939	9511	9885	9862	10217	10309	10211	11116	11278	10915	11027	11135	11159	10728	10521	10639	10771	11046	10784	11234	11190	11145	12799	12257	12651	13483	12933	13261	13350	14214	14393	14972	14109	14284	13877	13747	13924	13458	13349	13729	17029	16300	15490	15935	15546	14690	14873	14805	14829	15895	15235	15153	14991	15264	15432	15263	16509	17079	18551	17823	16670	16885	16751	16389	16093	15976	16172	16025	15975	15438	15708	15553	15791	15648	18260	18460	18132	18858	18440	18781	19309	19287	17090	16863	16865	16955	16683	17679	17200	17436	17713	18985	18736	18412	17904	17645	21360	21895	21501	21891	20938	21195	21311	22178	22367	22679	22347	20431	20717	20783	21201	21029	20620	20864	21396	22008	22008	19666	19520	19704	20010	19053	19190	19308	19460	21997	21099	20292	22580	25194	24249	31194	23563	24195	22722	23595	23181	23120	23849	23290	23294	23465	23360	23977	22403	22561	23222	23890	23928	23719	25063	24609	24901	25797	25478	24747	24958	24482	24803	27508	25313	25254	25894	26196	26607	24932	24376	24887	26095	26346	26129	25843	25851	28394	28253	27269	27538	26851	25580	25201	28387	28133	27248	27155	27130	27636	27194	27278	28436	26011	26061	26826	26811	27146	27146	27474	27160	29320	29939	30399	30492	30466	30576	31816	31961	31597	28915	28845	29230	28832	28948	28349	28814	29953	29352	28586	29212	29028	28831	27970	28222	28557	28102	28226	30515	30999	31393	30555	31098	30102	30514	45891	41421	43569	37932	39297	38895	40802	40807	39849	39335	38698	38301	34705	37043	35990	35200	36102	35359	34033	34751	34446	34875	35878	35711	35828	36748	36089	36570	35622	35775	34586	35085	35311	37616	38278	37923	36258	36364	35697	35833	39259	33812	36242	35971	37863	38106	38786	36919	36761	36878	32712	33422	33694	35600	35382	35533	35369	34584	34021	32608	31540	30278	31098	32438	31933	32542	31851	32442	32228	34027	34291	33817	34492	34181	32912	33197	33904	53651	61690	60030	57204	57366	56728	54957	52265	52638	53666	55541	52973	52950	49500	49886	52680	51926	52399	52212	53741	52954	51875	54267	54475	55620	54333	53613	54803	54009	54563	60848	57970	57252	57653	57373	39843	39514	40640	40239	39797	38184	39656	39407	39028	42207	41217	41516	40733	39708	38936	39177	38766	38970	39388	39923	37224	37248	36757	40389	39689	46006	41592	42620	43647	45061	43476	44787	44302	40131	41918	41644	40711	41458	43936	43205	41431	42185	42229	43535	42910	48204	49818	49207	49064	48583	49509	49153	48993	50362	50604	51023	47120	46392	46604	46610	48496	47737	47324	46786	46424	44252	43390	42999	43138	43483	43611	44433	43525	44458	45437	45276	45457	46596	46824	45971	45682	49187	46634	47283	47149	51036	52439	49768	48182	48083	49980	49956	55546	55031	54518	51539	48711
HOMEZ	74164	72618	71891	73903	65825	66163	68019	67015	68987	67788	66575	62105	62338	64790	64488	67603	75720	80031	79791	71615	73910	73037	71702	70285	76697	77135	78180	79668	79253	75767	74390	75280	61090	59480	59664	61516	61500	65267	64261	60921	57599	57295	55623	57599	57716	58069	54327	51877	51877	52376	56261	55192	55001	56330	54613	53073	53501	58679	58780	58110	56773	58733	58429	57171	60746	62222	60472	61794	67940	67102	66484	66330	64904	65183	63698	63361	65051	64089	65016	69323	72257	70465	69989	71744	82906	76404	95789	88744	86959	84893	90106	90018	80253	85972	86045	777	559	665	72	9	355	254	292	1067	1294	1208	1938	1745	1587	1593	5931	6212	6082	5634	5405	5940	6623	6594	6016	5083	4933	4948	5066	5417	5408	5270	5075	4748	4824	2181	2452	2444	2757	2884	2743	3060	3276	3429	3504	3658	3879	3897	4376	4060	4247	4426	8992	8370	7861	8111	8598	7863	8287	8209	6651	6829	7141	7131	7708	7329	7034	7119	7137	7047	7315	11251	11152	11309	11641	11129	11662	11734	11793	10386	10790	10961	11173	11115	11433	11352	10163	9462	9519	9989	10162	9402	9519	9326	8995	9390	9301	9838	9796	9545	10583	10549	10182	10470	10474	10569	10231	9890	10065	9982	10242	10433	10587	10747	10431	12030	11584	11705	12593	12126	12397	12484	12993	13691	13925	12987	13312	12839	12944	13098	12737	12297	12680	15561	15157	14523	14690	14554	14006	13927	13666	13771	14621	14034	14115	14178	14168	14320	14409	15429	15801	16856	16436	15742	15593	15620	15517	15156	14995	15228	14823	14804	14646	14648	14605	14746	14916	16946	17345	16860	17428	17112	17464	17959	18255	15801	15829	15741	15920	15581	16355	16043	16207	16533	17786	16928	17115	16630	16309	19708	20270	19921	20262	19475	19771	19816	20293	20656	21165	20709	19304	18768	19299	19496	19521	19146	19015	20571	20803	20746	18397	18089	18505	18536	17834	17718	18126	18165	20434	19455	19009	20725	23147	22488	29167	21669	22338	21618	21971	21472	21706	21863	21423	21441	21492	21590	22357	20435	20852	21386	22314	22232	21960	23249	22773	23285	24247	23272	23345	23244	22906	22815	25408	23608	23380	24458	24347	24542	23336	22610	23029	24402	24040	23955	24146	24052	26510	25657	25162	25682	24784	23983	23367	26162	25996	25331	25157	24885	25288	25194	25417	25987	23866	24216	24635	25211	25401	25267	25865	25101	26586	27199	28001	28016	28598	28121	29335	28970	29385	26676	26947	27014	26644	27021	26360	26492	27761	27528	26631	27204	27146	25889	25417	25934	25799	26032	25964	28347	28324	28863	28047	29151	27777	28221	43190	38610	40181	34785	36186	36097	37722	37320	36805	36507	35469	35015	31667	33588	33514	32417	33220	32689	31084	32131	31637	32175	33319	32782	32690	34178	33495	33637	33171	32768	31956	32461	33201	34733	35181	34939	33244	33247	32692	33009	35667	30841	33020	32710	34768	34850	35903	33848	33832	34118	29497	30586	31003	31929	33236	32655	33114	31579	31268	29858	29077	28115	28631	30187	29973	29773	29413	29870	29890	31474	31289	30522	31838	31591	30186	30524	31335	53357	56805	55838	52699	52069	52220	51172	47670	48802	49302	50964	48706	48737	45309	45070	48252	47336	48054	47610	50157	48675	47742	49774	50170	50621	50232	48987	50325	50013	50185	55622	53602	52757	52235	52217	36551	36216	37484	36940	36476	35204	36505	36166	35726	38915	38606	37958	37146	36328	36147	36496	35741	35986	36644	36776	34234	34249	34138	37628	36536	41838	38507	39227	40109	41577	39661	41236	40543	36663	38798	38540	37852	38355	40917	39737	37767	38663	38850	39713	40112	44315	46218	45159	45316	44539	45015	45414	45506	46460	47045	47264	43010	42630	43105	43270	44999	44018	43365	43344	42397	40207	39853	39564	39758	39699	39605	40691	39901	40315	42186	42128	41806	43096	42544	42281	42365	45109	43149	44080	43775	46489	48682	46030	44446	44109	46433	46224	51320	50745	50124	46660	45035
FOXO1	72213	71717	71362	72503	67774	67707	67840	68597	68162	66981	66740	64389	64230	66187	65941	71383	75684	78929	78622	72926	72965	72981	71776	71066	75837	75902	75957	77773	77367	75127	74267	74233	60427	59199	59007	59456	59413	62287	62537	57599	57011	55782	55648	56984	57373	57498	54347	53870	53410	53506	57166	56586	55248	56617	56118	54845	54399	60325	59998	59580	59031	58619	58482	59023	61064	61722	60456	61379	65768	65766	65038	64570	63638	63466	63730	63211	65542	64574	64989	66560	69816	68786	68007	71637	82329	78021	95327	89297	87247	85591	87417	87298	80696	84165	83914	792	597	680	75	8	344	208	258	1106	1312	1185	1908	1762	1632	1600	6041	6386	6246	5756	5711	6046	6358	6181	5947	5250	5059	5122	5212	5543	5505	5431	5157	4860	4840	2301	2568	2442	2821	2828	2907	3116	3279	3487	3584	3772	3973	3958	4382	4300	4420	4402	8647	8352	8170	8193	8688	8307	8504	8450	6778	7001	7126	7074	7916	7629	7169	7378	7290	7274	7657	11367	11307	11586	11832	11378	11683	11662	11810	11093	11084	11348	11264	11304	11478	11368	9988	9664	9400	9928	10007	9219	9565	9424	9152	9411	9367	10031	9958	9768	10798	10760	10552	10622	10614	10722	10254	10198	10135	10332	10280	10337	10540	10583	10490	12139	11884	12108	12546	12698	12468	12701	13297	13391	13549	13448	13538	13305	13187	13124	13013	12791	13010	14922	15074	14366	14785	14571	13908	14112	14077	14168	14561	14138	14121	13915	14031	14251	14051	15043	15324	16319	16309	15859	15862	15708	15580	15363	15147	15346	15219	15233	14948	15018	15019	15080	15057	17516	17460	17154	17838	17415	17769	17952	18196	16251	16243	16184	16048	16059	16709	16412	16747	16955	17597	17196	17088	16723	16580	20050	20630	20549	20735	19986	20163	20419	20773	21084	20879	20818	19561	19476	19686	19987	20248	19854	19206	19878	20518	20346	18904	18609	18637	18777	18424	18360	18485	18544	20287	19456	19327	19797	21912	21768	27805	22020	22232	21583	21790	21580	22387	22564	21949	22272	22157	22027	22401	21190	21354	21773	23076	22878	22536	23287	22995	23190	24099	23660	23558	23527	23397	23359	25384	24070	24053	24743	24787	24842	23912	23258	23436	24304	24591	24247	24373	24298	25619	25519	24615	24919	24334	23618	23044	26348	26598	25936	25722	25708	25799	25644	25892	26472	24669	24993	25292	25566	25520	25605	25537	25206	27451	28067	28508	28282	28564	28815	29521	29233	29060	27411	27684	27545	27364	27561	27244	27293	27379	27074	26841	27317	27209	27316	26119	26746	27008	26585	26729	27862	28131	28855	28545	28383	27923	28133	40625	36318	38186	34390	35328	35306	36647	36384	36291	36152	35517	35206	32365	33819	33266	32576	33225	32861	31784	32582	32219	32999	33499	32987	33195	34293	33786	33981	33684	33531	32940	33568	33725	35051	35590	35475	33903	34201	33867	34144	33530	30707	31946	31686	33973	33776	34290	33543	33048	32770	30642	30645	30760	31876	32244	32379	32297	31395	31211	30248	29919	29056	29549	30087	30291	30137	29809	30336	30238	31643	31649	31334	31746	31413	31115	31356	31956	52622	55017	54167	50471	51562	51812	50388	47563	48560	48744	49722	48468	48030	46886	46836	49019	48077	48773	48405	49250	48670	48313	51049	51488	52038	50694	49716	50612	50293	50600	54684	52953	52408	52822	53040	37061	36617	37808	37364	37152	36155	37367	37382	36746	38845	38157	38513	38479	37900	36358	36502	36157	36406	36621	36985	35788	35192	35043	37325	37614	40711	38177	38798	39466	40897	39740	40668	40266	37570	39594	39272	38658	39221	40764	39914	38633	39375	39311	40111	39694	44878	46138	45683	45778	45215	45476	45260	45922	46191	46388	46725	43546	43270	43494	43031	44647	44287	43842	44090	43701	41660	41334	40925	40947	40545	40954	41573	41158	41320	42315	41910	42070	42606	43089	42304	42201	44104	42238	43156	42729	45532	46362	45934	44154	44342	45079	45140	48754	48129	47966	44985	43580
MYBL2	71142	71495	69802	71331	68290	69119	69461	67765	67732	66888	66505	64458	65262	66726	66262	71187	76348	79183	77521	72994	73624	73210	72583	71621	75739	74780	76322	76657	77279	73737	72713	73713	59447	58263	59066	58951	58577	60810	61858	57295	55782	57099	55718	56655	57258	57670	56033	54717	54264	54653	57910	56214	57225	57586	56086	55743	56507	61653	60633	59988	59785	59823	59873	59366	61183	62574	60617	61781	64309	64510	64639	63214	63078	63616	63683	63230	64766	65382	65392	67417	68239	67754	67044	66109	76500	73700	95179	89101	86424	85463	86856	85780	79775	83463	82070	794	592	698	73	10	363	226	237	1018	1304	1174	1905	1845	1612	1660	6239	6497	6413	5807	5828	6165	6480	6249	5915	5410	5146	5294	5308	5657	5614	5437	5228	4913	4997	2362	2597	2534	2843	2854	2933	3100	3368	3542	3762	3827	4119	4066	4316	4273	4370	4546	8207	8644	8267	8341	8869	8455	8752	8556	6905	7076	7194	7216	8098	7932	7460	7613	7488	7784	7884	11442	11483	11875	12085	12019	11878	12117	11758	11183	11330	11401	11443	11636	11727	11717	9911	9441	9769	9757	9986	9294	10051	9667	9362	9768	9649	10008	10163	10116	10640	11066	10753	10928	10919	10785	10712	10274	10493	10423	10685	10274	10722	10717	10607	12584	12168	12101	12861	12779	13008	12994	13385	13796	13785	13885	13814	13404	13329	13508	13427	13281	13472	14769	15385	14762	15200	14742	14161	14339	14513	14344	14846	14500	14443	14468	14476	14368	14328	14940	15108	15840	16052	16136	16430	16024	15914	15992	15683	15733	15513	15794	14998	15235	15312	15297	15202	17602	18093	17932	18514	18225	18402	18433	18522	16757	16679	16538	16618	16414	17455	17133	17139	17213	17943	17444	17542	17063	17103	21363	21505	21089	21162	20678	21194	21182	21624	21581	21255	21135	19719	19975	20531	20353	20588	20048	19256	20024	20094	20045	19354	19286	19187	19352	18793	18946	19024	19195	20684	19925	19485	19154	21262	21612	27145	22552	22499	21923	22352	22227	22567	23126	23283	22929	23054	22580	23117	22244	22334	22497	23578	23553	23490	23735	23713	23571	24527	24527	24025	23798	23954	23990	25760	24926	24784	25100	25299	25752	24165	24140	24342	24785	24920	24869	24771	24694	25426	24673	24735	24844	23766	23838	23481	27308	26992	26463	26692	26409	26853	26433	26355	26511	25662	25537	26250	26014	26276	26145	26666	26185	29402	29310	29432	29146	29395	28896	29756	30081	29624	28536	28015	28209	28200	27935	27610	27864	28506	27875	27366	27853	27721	27410	27610	27696	27264	27563	27427	28132	28055	28794	28662	29019	28577	28967	39406	35660	37285	34235	35292	35112	36266	36976	36479	36428	35259	35670	34196	34631	33351	33364	33867	33421	33200	33343	33262	33550	33835	33771	33882	34589	34388	34622	34262	34823	33920	34435	34372	35826	36287	36669	35692	35034	35208	35132	32402	29720	31171	30549	33747	33325	33787	33513	33591	33966	29969	31012	30782	31658	33021	32235	32450	31811	31928	31922	30840	29877	30369	30699	30506	30871	30717	30927	31191	32493	32413	31707	32377	32116	32323	31789	32503	47549	53839	53565	51843	50885	51500	50395	49244	49033	47621	49852	48783	48051	48022	48429	50216	50533	50560	50401	51117	49930	49130	51687	51838	52477	50900	51299	51708	51430	51315	55026	52569	52587	53148	52705	38289	38415	38504	38235	37863	37307	38081	38126	38150	39409	39178	38780	38337	37749	37148	37313	37300	37143	37223	37352	36094	36474	35939	36803	36801	40222	38487	38841	39466	41332	39708	40590	40536	39904	39719	40213	39734	39916	40834	40986	39710	40214	39515	40143	40591	45727	47587	46433	46693	46409	45833	45692	45790	46989	46590	46902	44530	44242	43795	44070	44785	44740	45781	44840	44250	43151	41892	41848	42253	41183	41061	42485	41470	42005	42071	42643	42499	43219	43077	42968	43049	44247	42616	42872	42811	44552	46255	44373	43673	43695	45077	44674	47896	46642	46935	43922	42703
REPIN1	69875	70777	70192	71384	70209	69908	69015	69169	68064	67567	67497	67526	67100	68310	67187	74898	76910	78890	77464	74312	73681	72779	71908	72070	74753	74886	75700	75988	75261	74640	73012	73924	59132	58720	58502	58710	57788	59466	59995	55623	55648	55718	56485	56863	56955	57231	55510	56107	55528	55386	58336	57047	56862	57041	57889	57150	57036	62727	63051	61827	62066	59497	60356	60432	62261	62291	60454	61237	63898	63381	62947	61873	61320	61981	63867	63549	65533	65210	64638	65601	67038	66555	65894	74804	84470	84011	95791	90202	87646	87234	86007	85131	80794	82506	82195	820	632	728	77	8	355	217	247	1115	1334	1253	1973	1785	1677	1731	6434	6735	6520	5908	5936	6192	6371	5853	5908	5528	5286	5405	5462	5726	5691	5623	5251	5072	5064	2412	2672	2507	2939	2986	3061	3190	3378	3586	3791	3911	4219	4227	4348	4459	4536	4624	7880	8696	8593	8517	9042	8685	8826	8754	7081	7313	7322	7376	8335	8131	7513	7710	7693	7789	7983	11477	11773	12209	12324	11877	11963	11954	11797	11512	11640	11826	11589	11787	11749	11657	10099	9767	9823	9764	9877	9371	10087	9857	9493	9823	9623	10324	10389	10286	10983	11097	11056	11178	11071	11036	10854	10533	10586	10649	10726	10717	10789	10994	10652	12689	12591	12541	13015	13279	13062	13020	13556	13644	13483	14046	13898	13918	13807	13684	13699	13542	13772	14141	15066	14859	15101	14783	14453	14504	14740	14756	14413	14346	14506	14395	14130	14094	14319	14844	15056	15337	15808	16477	16583	16158	16123	16138	15880	15967	15863	15952	15381	15696	15556	15608	15576	18096	18145	17974	18664	18439	18580	18497	18815	16871	17092	16946	16892	16762	17531	17418	17670	17742	17680	17388	17546	17132	17251	21219	21606	21424	21453	21177	21545	21517	21729	21861	21090	21106	20560	20436	20769	20613	21282	20853	19599	20018	20366	20235	19896	19673	19301	19424	19210	19487	19536	19455	20421	19897	19958	18161	20018	20730	26245	22536	22312	22261	22102	22391	23494	23547	23436	23359	23219	22870	23185	22612	22434	22700	24377	23943	23863	23592	23727	23864	24479	24524	24366	23998	24272	24164	25613	25377	25341	25826	25521	25700	24849	24625	24710	24783	25089	24863	24995	24788	24813	24369	24399	24061	23479	23561	22968	27319	27388	27069	27118	27046	27023	26862	26992	26497	26070	26191	26563	26589	26529	26438	26239	26180	29556	29546	29675	29230	29720	29530	29898	29435	29244	29112	28980	28718	28696	28763	28497	28574	28027	27747	27741	27990	27935	28210	27676	28244	27979	28026	27816	27772	27642	28611	29139	28475	28704	28713	38062	34149	35390	33759	34211	34700	35507	35359	35881	36301	35330	35347	34191	34161	33429	33101	33639	33585	33368	33721	33299	34152	34097	33826	34092	34903	34664	34559	34935	35019	34853	35312	35271	36022	36550	36806	35537	35913	35900	36153	30188	29490	29746	29367	32603	32007	32634	33179	32449	32373	30758	30324	30406	30929	32203	31613	31920	31043	31314	31689	31565	30833	30907	30727	31270	30829	30881	31248	31268	32402	32186	31785	32089	31929	32936	32396	33044	54620	52628	52967	49645	49673	51015	50441	48846	49226	47406	48538	48050	47420	49475	49364	50704	50429	50805	50602	50653	49830	49752	52568	53712	53514	51847	51621	52053	51894	52037	53673	52546	52332	52811	53430	38286	38058	38524	38260	38288	38045	38727	38950	38786	39485	38837	38886	39444	39269	37344	37472	37376	37572	37596	37582	37588	37364	36952	37229	38384	38803	38397	38350	38681	40571	39333	40031	39813	40042	40772	41053	40817	40855	41196	40952	40067	40362	40128	40160	40533	46337	47670	46838	47085	46779	45661	45795	46760	47019	46775	46747	44565	44578	44312	44102	45097	45045	45496	45935	45383	43939	43342	43164	43121	41627	41953	42922	42457	42674	42822	42709	42579	43026	43211	42965	43220	42823	41633	42571	42224	43432	44382	45230	43942	43957	44004	44081	45791	44648	44776	41820	41425
ZNF614	72090	72133	71770	72874	69589	69542	69296	69504	69171	68249	68308	66558	66141	67909	67264	73483	77253	80067	78991	74329	74362	73697	72595	72376	76323	76430	76672	77759	77320	75952	74277	75074	60585	59885	59461	60220	59620	61727	62032	57599	56984	56655	56863	57867	57882	58276	55718	55567	55044	55118	58513	57475	56770	57500	57674	56533	56217	62017	62183	61428	61076	59925	60277	60379	62691	62876	61232	62339	65906	65297	64745	63783	63211	63700	64737	64274	66406	65567	65596	66969	69210	68528	67946	73191	83598	80831	96626	90690	88170	87466	87906	87224	81329	84357	84116	811	606	706	80	8	357	240	263	1108	1371	1246	1959	1818	1715	1727	6342	6610	6490	5927	5880	6266	6559	6239	6041	5349	5258	5362	5448	5787	5743	5586	5302	5028	5079	2411	2670	2580	2932	2999	3026	3250	3387	3545	3806	3904	4127	4209	4508	4491	4442	4571	8381	8700	8561	8592	8997	8603	9000	8738	7027	7294	7359	7398	8365	8027	7459	7708	7669	7668	7778	11624	11710	12144	12333	11799	12033	12213	12123	11469	11534	11789	11670	11696	11887	11692	10332	9921	9782	9971	10127	9636	10069	9905	9591	9792	9712	10418	10361	10163	11072	10990	11030	11066	11125	11135	10800	10632	10610	10716	10737	10760	10852	11051	11040	12607	12445	12571	13086	13213	12993	13173	13659	13918	13858	14019	14092	13781	13833	13676	13598	13284	13520	14784	15331	14926	15182	14995	14533	14591	14572	14670	14727	14467	14623	14452	14390	14422	14613	15440	15437	16228	16352	16511	16437	16169	16235	16030	15815	16015	15734	15849	15522	15648	15564	15661	15668	18196	18322	17835	18707	18188	18506	18708	18949	16986	16808	16817	16812	16715	17355	17312	17525	17626	18002	17583	17712	17307	17313	20982	21707	21195	21447	20956	21137	21151	21618	21784	21533	21348	20406	20316	20542	20794	21169	20701	19570	20528	20998	20913	19790	19465	19366	19426	19084	19145	19224	19301	20772	20161	20047	19284	21433	21626	27355	22683	22682	22495	22465	22550	23252	23496	22964	23116	23142	22912	23395	22231	22281	22523	23941	23822	23496	23964	23846	24048	24800	24584	24318	24250	24248	24072	26022	25124	25117	25805	25692	25647	24936	24195	24461	25098	25147	24927	25197	25043	25711	25286	25030	25035	24378	24253	23363	27362	27343	26925	27058	26661	26874	26765	26887	26947	25715	25909	26289	26599	26452	26501	26389	26339	28755	29288	29570	29331	29859	29750	30363	29860	29701	28784	28945	28768	28626	28669	28331	28505	28407	28131	27789	28209	28253	28180	27338	27835	27887	27815	27505	28552	28483	29392	29312	29150	28986	28916	40115	35744	37394	34820	35363	35595	36853	36474	36868	36934	35998	35880	33771	34366	34098	33361	34018	33833	33163	33646	33348	34160	34409	34103	34055	35285	34861	35081	35002	34822	34482	34976	35037	36019	36783	36718	35108	35612	35355	35599	32409	30709	31290	30993	34051	33430	34081	34028	33283	33110	31037	30997	30979	31743	32954	32455	32902	31666	31920	31457	31271	30274	30732	31065	31538	31145	30889	31325	31447	32707	32479	32061	32676	32456	32472	32339	32957	53724	54693	54574	50830	51194	52309	51403	48655	49833	48833	50012	49005	48631	48812	48757	50440	49706	50461	50054	50843	50105	49828	52610	53323	53427	52163	51230	52146	51934	52061	54948	53649	53357	53613	53821	38287	37922	38923	38472	38420	37563	38687	38718	38345	39829	39355	39450	39560	38940	37346	37765	37467	37715	37942	37986	37186	36642	36429	37861	38588	40585	39153	39303	39642	41579	40071	41187	40601	39148	40800	40930	40327	40566	41808	41102	40054	40434	40519	40663	40791	46298	47444	46920	47321	46570	46297	46374	47193	47584	47640	47777	44740	44625	44727	44390	45657	45506	45327	45652	45308	43336	42819	42591	42590	41774	41941	42921	42274	42686	43292	43200	42919	43599	43749	43442	43359	44223	42729	43793	43299	45298	46254	46337	44872	44963	45346	45407	47993	47258	47037	43897	43269
PITX1	72741	73164	72408	73443	70259	70206	70214	70152	69424	68335	68301	66807	66802	68466	68035	74357	77830	80537	79707	75119	74828	74666	73575	73395	77267	77142	77332	78500	78493	76288	75226	75477	61083	60153	60029	60326	59906	62511	62890	57716	57373	57258	56955	57882	58747	58689	56317	56129	55308	55732	58893	57944	57350	58289	57902	57078	56762	62876	62444	61760	61627	60487	60748	60954	62975	63371	61972	62879	66023	66304	65818	64964	64175	64527	65044	64714	66958	66328	66638	67836	70126	69291	68594	72334	83114	80256	97563	91874	89296	87932	88765	87974	82301	85416	84674	828	616	704	82	11	345	205	250	1065	1348	1228	1918	1800	1665	1678	6330	6514	6438	5920	5857	6179	6516	6143	6071	5435	5341	5324	5361	5626	5655	5568	5220	5030	5014	2367	2613	2523	2925	2970	2993	3227	3348	3592	3752	3895	4183	4184	4522	4406	4510	4554	8450	8639	8446	8454	8943	8709	8816	8705	7015	7176	7195	7313	8267	7987	7405	7629	7571	7749	7840	11704	11649	12009	12195	11874	11924	12117	12079	11484	11457	11705	11575	11727	11727	11654	10114	9827	9728	9980	10099	9403	10029	9781	9501	9659	9663	10303	10243	10096	10937	10987	10808	11055	10942	10941	10613	10511	10395	10609	10684	10588	10729	10872	10773	12626	12298	12387	12937	13021	12995	13068	13583	13659	13875	13933	14046	13736	13842	13670	13371	13284	13565	14941	15273	14839	15225	14943	14253	14548	14607	14623	14892	14530	14506	14372	14520	14457	14468	15257	15497	16285	16360	16333	16399	16105	16056	15885	15752	15949	15749	15847	15404	15505	15520	15539	15448	18040	18144	17946	18515	18137	18371	18524	18893	16857	16837	16836	16720	16622	17323	17207	17465	17479	17889	17557	17569	17260	17170	21120	21690	21248	21384	20991	21129	21268	21661	21820	21379	21291	20298	20343	20482	20662	21069	20681	19739	20218	20741	20629	19583	19427	19374	19412	19013	19070	19116	19211	20663	20136	19914	19609	21626	21783	27610	22783	22838	22321	22621	22545	23207	23508	23047	23099	23018	22794	23296	22321	22237	22457	23817	23709	23670	23847	23816	23925	24549	24539	24304	24204	24083	24190	25928	25166	25126	25588	25595	25632	24631	24417	24501	25040	25212	25164	25116	24900	25926	25537	24862	25071	24389	24036	23598	27437	27425	26771	26938	26824	26898	26630	26870	27115	25730	25925	26387	26437	26359	26563	26413	26332	29185	29387	29696	29300	29788	29602	30305	30195	29716	28861	28720	28539	28489	28616	28203	28283	28313	27957	27728	28118	28085	28222	27413	27897	27928	27827	27697	28428	28629	29278	29301	29090	28931	28950	40281	36150	37748	34862	35564	35689	37035	36893	36744	36925	36133	36084	34021	34848	34080	33434	34176	33933	33511	33671	33412	34173	34519	34134	34264	35334	34895	35156	34862	35085	34386	34746	35000	36281	36813	36676	35514	35830	35446	35688	33056	30869	31779	31449	34133	33850	34374	34051	33566	33561	31416	31360	31320	32299	32909	32687	32781	31970	31946	31767	31303	30333	30616	30961	31189	31149	30884	31211	31432	32768	32669	32384	32585	32348	32496	32412	32974	52792	55169	54855	51665	51998	52654	51355	49413	49772	49267	50436	49436	48956	49064	49166	50805	50313	50801	50724	51013	50319	50017	52885	53328	53727	52047	51802	52470	52132	52190	55622	53779	53316	54067	54258	38619	38305	38859	38507	38406	37696	38658	38890	38440	40236	39283	39526	39617	39047	37616	37723	37455	37758	37661	37926	37157	36803	36431	37801	38688	40996	39284	39483	40068	41855	40336	41316	41006	39612	40996	40785	40501	40737	41761	41288	40125	40608	40505	41067	40851	46397	47826	47251	47189	46875	46741	46509	46923	47769	47623	47480	45012	44900	44575	44491	45819	45474	45757	45871	45357	43756	43036	42838	42919	41945	42340	43080	42455	42876	43292	43137	43192	43805	44125	43620	43532	44646	43024	43792	43293	45814	46738	46466	45053	45291	45656	45774	48602	47619	47794	44832	43697
ATF2	72654	73235	72328	73468	70568	70810	70584	70245	69687	68920	68724	67270	67433	68886	68243	74556	78236	80996	79636	75341	75286	75056	73941	73630	77435	77175	77690	78512	78604	76318	75058	75697	60997	60328	60295	60461	60113	62272	62998	58069	57498	57670	57231	58276	58689	59109	56737	56466	55818	56126	59295	58178	57952	58648	58181	57526	57494	63211	62820	62140	61836	60760	61116	61233	63240	63714	62148	63085	66270	66244	65842	64778	64307	64806	65302	65129	66898	66534	66607	68050	69818	69248	68524	72158	82578	80076	97771	91720	89363	88309	88748	88027	82404	85415	84416	857	602	717	78	10	356	222	277	1128	1355	1253	1988	1849	1728	1710	6418	6703	6613	6044	6068	6321	6625	6282	6046	5461	5401	5454	5501	5776	5747	5709	5323	5114	5140	2405	2663	2587	3018	2976	3117	3258	3481	3647	3881	3956	4195	4224	4485	4541	4522	4603	8445	8752	8712	8672	9056	8788	8955	8849	7136	7346	7394	7319	8416	8180	7713	7954	7792	7914	7949	11672	11810	12267	12455	12137	12246	12366	12358	11649	11599	11986	11750	11970	11870	11826	10243	9943	9833	10049	10312	9583	10213	9994	9732	9984	9816	10510	10452	10386	11104	11196	11090	11239	11201	11298	10936	10797	10668	10740	10814	10774	10974	11016	11037	12919	12596	12590	13219	13285	13237	13314	13756	13995	13967	14219	14243	14002	13975	13793	13727	13487	13710	14969	15523	15030	15373	15123	14601	14796	14732	14787	15005	14791	14672	14567	14723	14623	14639	15409	15548	16256	16406	16642	16681	16397	16319	16377	16059	16300	15950	16144	15554	15892	15819	15900	15831	18288	18490	18160	18942	18575	18762	18888	19181	17213	17173	17145	17052	16949	17571	17582	17721	17814	18156	17746	17921	17401	17463	21577	21868	21570	21798	21218	21494	21675	21973	22111	21737	21646	20450	20644	20896	20967	21352	20975	19771	20544	20877	20823	20009	19770	19658	19730	19338	19556	19573	19648	20985	20406	20192	19561	21619	21949	27778	22872	23036	22628	22718	22746	23538	23830	23606	23494	23505	23097	23523	22577	22755	22897	24370	24049	24023	24201	24052	24277	24937	24916	24561	24498	24602	24451	26311	25562	25562	26079	25984	26057	25087	24649	24910	25422	25546	25417	25376	25257	25917	25518	25229	25299	24550	24327	23876	27743	27674	27192	27323	27271	27296	27127	27194	27414	26313	26446	26759	26833	26783	26905	26877	26744	29680	29847	30108	29658	30162	30059	30630	30302	30024	29286	29136	28979	28980	28896	28644	28696	28828	28254	28189	28530	28480	28561	27834	28446	28347	28232	28117	28641	28803	29640	29444	29371	29240	29302	40283	36153	37840	35189	35877	36078	37275	37287	37219	37124	36443	36314	34396	35043	34166	33860	34370	34195	33971	34165	33825	34419	34797	34579	34630	35728	35357	35344	35312	35460	34882	35544	35424	36623	37186	37325	35950	36119	36073	36206	32723	30923	31613	31224	34360	33895	34447	34439	33778	33882	31431	31484	31418	32210	33242	32969	33118	32274	32283	32229	31599	30821	31195	31328	31489	31581	31364	31613	31784	32974	32979	32529	32957	32717	33018	32787	33394	52395	54997	54977	51763	52020	52730	51784	49787	50190	49089	50739	49723	49171	49436	49486	51276	51113	51412	51196	51549	50743	50547	53378	53766	54220	52383	52270	52955	52658	52803	56028	53962	53766	54322	54612	39009	38821	39352	38936	38770	38051	39162	39242	38950	40411	39850	39782	40010	39331	37878	38139	38063	38291	38201	38342	37562	37284	37098	37958	38703	41123	39527	39547	40161	41909	40594	41388	41315	40267	41231	41391	40977	41079	42098	41586	40527	40970	40786	41220	41293	46855	48386	47732	47821	47483	46907	46899	47501	48129	47902	48043	45517	45086	45091	44955	46036	45923	46251	46269	45800	44212	43264	43249	43388	42384	42486	43663	42734	43183	43512	43672	43372	44096	44301	44030	43959	44880	43293	43859	43664	45810	46936	46432	45344	45229	45615	45797	48486	47572	47610	44503	43630
DMAP1	68244	69877	68698	69226	70211	70733	69964	68025	66584	66149	66254	66317	67409	68095	67314	74315	76243	78162	75889	73915	73158	72627	72665	72138	74343	72826	74639	74169	75025	72040	71516	72281	58000	57051	58256	56534	56133	57285	59426	54327	54347	56033	55510	55718	56317	56737	56965	56786	56070	56362	58855	56749	58449	58070	57294	57698	58496	63686	62347	61391	62259	60285	60464	60897	61448	62482	60308	61251	61508	62359	62498	60472	61266	61664	63132	62889	64557	65823	64932	65556	64885	64994	64373	64368	73853	74588	94867	89126	85662	85845	84129	82483	79059	81074	79073	808	612	726	70	6	342	206	243	1072	1348	1241	1915	1847	1672	1735	6539	6848	6635	5890	6138	6248	6317	5754	5785	5653	5428	5582	5564	5891	5824	5602	5293	5086	5111	2450	2662	2591	3004	2909	3107	3267	3337	3518	3904	3926	4269	4185	4342	4522	4537	4695	7531	8878	8733	8464	9220	8986	8990	8826	7189	7380	7324	7363	8459	8452	7690	7890	7796	8211	8056	11442	11631	12346	12480	12394	12134	12285	11764	11736	11823	11927	11693	12038	11958	11968	9895	9428	9949	9579	9983	9362	10218	9778	9788	10029	9854	10121	10470	10602	10930	11306	11290	11295	11237	11187	11096	10691	10822	10786	11057	10490	10791	10805	10753	13062	12537	12631	13026	13278	13369	13419	13740	13778	13672	14519	14214	14117	13758	13755	13909	13964	14149	14063	15366	14877	15403	14869	14483	14718	15139	14891	14540	14615	14628	14743	14325	14205	14321	14506	14698	15251	15561	16535	16888	16430	15996	16666	16272	16116	16236	16487	15155	15819	15963	15652	15494	18184	18579	18576	19124	19004	19132	18646	18869	17507	17453	17391	17090	16953	18223	17849	17839	17745	17876	17745	17836	17198	17524	22320	22184	21946	21965	21814	22233	22163	22532	22374	21067	21388	20367	20887	21374	20814	21415	20766	19449	19351	19852	19591	20105	20219	19627	19817	19501	20098	19783	19927	20805	20226	19780	17625	19682	20484	25437	23292	22427	22023	22399	22687	23340	23888	24552	23960	23919	23330	23437	23394	23147	23134	24506	24512	24636	23875	24186	23878	24420	25157	24450	24180	24827	24810	25848	25876	25910	25792	25985	26339	24880	25116	25218	24938	25565	25445	25344	25330	24098	23866	24594	23892	22718	23628	23288	28022	27818	27506	27830	27791	27795	27305	27138	26890	26920	26682	27370	26798	26904	26865	27058	26782	31129	30627	30248	29941	29893	29665	29788	30151	29673	29958	29016	29202	29421	28709	28648	28922	28809	28078	27988	28381	28085	28584	29024	29004	28312	28722	28209	27822	27906	28344	28930	28667	29236	29071	36407	32994	34413	33904	34024	34156	34736	36191	35778	36138	35022	35823	35688	35141	33130	33886	34282	33589	34574	34259	34160	34450	34334	34421	34615	34999	35144	35033	35254	35892	35355	35939	35403	36563	36974	37695	37097	36495	37097	36643	29517	28949	29408	28806	32256	31825	31851	32924	32783	33033	30526	30758	30353	31103	32328	31694	31671	31501	31862	33009	32098	31075	31508	30647	30784	31620	31628	31712	31935	33035	32994	32464	32623	32273	33871	32657	33384	45285	51292	51653	50307	49467	50876	49319	49970	48814	46020	48375	48213	47229	50256	50548	51488	52593	52332	52145	51431	50454	50028	53096	53202	53717	51104	52534	52625	52375	52184	53915	51814	52154	53333	52748	39467	39287	38948	38802	38748	38784	39245	39527	39895	39618	39474	39014	39455	38910	37870	37808	38180	38030	37691	37870	37670	38133	37259	35724	37140	38577	38343	38330	38464	40729	39285	39783	40052	42052	40615	41720	41160	41027	40583	41584	40767	41023	40036	40271	40407	46698	48321	47255	47469	47434	45996	45965	45893	47018	46150	46249	45323	45093	44348	44488	44306	45017	46827	46012	45559	45036	43522	43682	44029	42350	42193	43528	42729	42975	41892	43070	42832	43195	43743	43189	43460	43191	41665	41697	41430	42738	43858	43109	43220	43224	43746	43526	44913	43440	43945	40858	40443
MYC	66569	69437	68954	69063	73553	72747	70147	70790	66866	66827	67590	70974	70592	70670	69330	80314	77380	78141	75324	76269	73278	72832	72605	73793	73778	72942	73908	73075	73228	72944	71992	72529	57501	57403	57587	55740	54753	55035	57338	51877	53870	54717	56107	55567	56129	56466	56786	59833	58287	58015	59829	58566	58699	58195	59967	60350	59977	66294	65640	64186	66051	60253	61558	63464	63179	62233	60721	61160	60200	60927	60691	59039	59546	60065	63813	63674	65621	66360	64766	63488	62947	63718	62840	72108	81248	84743	95946	91439	87861	88551	82782	81276	80859	80163	78776	799	643	723	85	11	354	175	225	1122	1351	1239	1948	1735	1700	1726	6634	6858	6817	5946	6227	6172	6055	5256	5736	5716	5482	5643	5632	5931	5828	5710	5228	5215	5193	2469	2743	2544	3045	2967	3208	3252	3311	3522	3956	3968	4371	4311	4337	4623	4560	4598	7007	8850	8882	8632	9102	9107	9070	8929	7244	7333	7246	7263	8624	8650	7692	8008	7935	8395	8211	11356	11889	12623	12560	12471	12032	12124	11606	12242	11824	12265	11640	12109	11696	11828	9904	9778	9816	9411	9677	9094	10199	9912	9879	9967	9828	10352	10608	10748	11062	11273	11498	11488	11284	11286	11126	10844	10877	10849	10950	10542	10628	10801	10868	13093	12990	12968	12937	13787	13405	13372	13725	13418	13004	14766	14336	14592	14115	13942	13950	14180	14277	13261	14811	14650	15307	14769	14519	14941	15389	15085	14304	14566	14476	14387	14142	13783	14084	14010	14192	14510	15300	16668	16910	16395	16131	16854	16314	16348	16400	16783	15637	16169	16300	15923	15722	18605	18566	18831	19515	19320	19229	18501	18897	17722	17815	17678	17237	17469	18158	18247	18473	18203	17522	17555	17693	17280	17549	22428	22460	22359	22354	22317	22573	22578	22743	22552	20587	21179	21160	21382	21751	21014	22104	21957	19711	18735	19617	19532	20787	20761	19803	19832	19940	20687	20244	20192	20265	20137	20280	16319	17984	19274	24162	23428	22072	22024	22284	22636	24335	24831	25230	24628	24308	23516	23470	24179	23624	23308	25394	25036	25185	23715	24360	23725	24118	25216	24476	24512	25072	24951	25502	26451	26540	26207	26271	26228	25658	25908	25762	24859	25886	25488	25665	25090	23127	23326	23770	22811	22148	23038	22667	28162	28301	28220	28433	28493	28234	27854	27724	27050	27732	27587	27686	27240	26979	27244	26500	27139	31841	31261	30669	29980	30118	30421	29700	29859	28890	30956	30218	29699	30077	29666	29769	29951	28278	27626	28419	28455	27914	30042	29416	30081	29272	29303	28773	27097	27370	28507	29556	27785	29535	28517	34182	30761	31952	33330	32740	33277	33685	34412	35011	35958	34979	35551	36170	35075	32982	33710	33909	33882	35449	34678	34261	35433	34463	34574	35037	35402	35484	35434	36071	36752	36884	37126	36603	36904	37353	38099	37323	37773	38510	38354	26704	28398	27637	27131	31105	30059	29948	32559	31721	31363	31669	30410	29653	30427	31072	31060	30753	30617	31111	33106	33073	32488	32393	30716	31468	31797	31839	32149	32361	33049	33039	32981	32267	31964	34924	33692	34021	51116	49672	50697	47842	48253	50378	49108	49915	48908	45760	46971	47653	46626	52597	52549	52630	53302	52980	53158	51174	50563	51097	54964	55568	55510	52260	53558	53426	53300	53057	52503	51330	51950	53786	54192	40018	39461	39088	39070	39420	40154	40084	40915	41183	39810	39051	39451	40841	40985	38249	37890	38613	38772	38152	37974	40241	39477	38702	36019	39125	37024	38113	37700	37558	39862	39181	38955	39197	42983	42209	42601	42716	42351	40744	41847	41745	41594	40914	40536	40313	47433	48563	47859	48470	48223	46336	45935	47134	47160	46060	45703	45621	45794	45109	44597	44495	45582	47371	47610	47676	46694	45565	45867	45900	43314	43635	44521	44379	44006	42750	42961	43109	42879	43938	43652	43445	41518	40700	40817	40731	41460	41314	43694	43392	43952	42111	42612	41890	40440	41255	38677	38502
MAZ	66068	68592	67962	68438	71734	71146	68931	69385	66004	66011	66657	69252	68993	69240	68076	77848	76283	77171	74514	74729	72321	71749	71340	72448	72839	72097	72845	72300	72233	71983	70937	71547	56928	56947	57056	55481	54490	54837	56931	51877	53410	54264	55528	55044	55308	55818	56070	58287	57163	56851	58877	57430	57580	57116	58732	58954	58692	64558	64196	62780	64136	59509	60621	61912	62070	61451	59873	60401	59892	60543	60222	58309	58739	59578	62923	62855	64783	64979	63670	62765	62520	63324	62372	70697	79641	82782	94234	89563	86176	86704	81835	80382	79525	78978	77858	811	649	729	80	13	362	201	240	1110	1361	1246	1957	1803	1753	1717	6667	6890	6761	5951	6233	6205	6155	5316	5761	5689	5454	5690	5650	5829	5845	5693	5231	5240	5195	2464	2714	2569	3041	2955	3271	3285	3324	3626	3896	4023	4404	4327	4323	4605	4611	4613	7128	8819	8887	8673	9113	9189	9067	8976	7247	7385	7233	7271	8501	8623	7756	7916	7876	8251	8200	11330	11855	12695	12521	12361	12017	12089	11644	12138	11871	12246	11630	12070	11788	11937	9965	9708	9817	9520	9668	9188	10231	9925	9892	9902	9888	10339	10607	10751	10935	11272	11523	11393	11180	11289	11137	10843	10896	10834	10902	10567	10714	10815	10773	13100	12942	12805	12968	13760	13370	13272	13551	13407	13099	14623	14317	14440	14021	13907	14116	14215	14163	13241	14761	14610	15180	14764	14427	14728	15301	14973	14121	14534	14439	14335	14127	13826	14060	14193	14284	14489	15162	16690	16733	16384	16154	16770	16341	16287	16361	16614	15560	16172	16209	15889	15661	18306	18566	18749	19354	19201	19116	18465	18874	17669	17740	17643	17235	17346	18095	18039	18255	18067	17519	17465	17587	17209	17540	22152	22377	22203	22082	22275	22393	22426	22610	22378	20638	21136	21018	21235	21519	20941	21961	21624	19586	18931	19655	19563	20602	20534	19680	19782	19728	20339	20113	19988	20281	20073	20101	16336	18018	19388	24233	23163	22070	22140	22162	22639	24123	24559	24772	24295	24086	23365	23432	23913	23456	23186	25196	24859	24691	23577	24246	23808	24162	25053	24402	24260	24891	24634	25423	26270	26353	26062	25934	26248	25423	25595	25374	24727	25571	25296	25364	25041	23203	23232	23757	22841	22185	23093	22611	27858	27868	27806	28072	28103	27878	27426	27366	26691	27337	27336	27516	27077	26691	26993	26306	26845	31252	30812	30450	29785	29950	29977	29798	29595	29120	30557	29673	29416	29858	29359	29480	29594	28145	27597	28074	28244	27987	29312	29099	29591	28966	28861	28571	27121	27092	28221	28978	27854	29223	28538	34309	30720	32128	33170	32803	33335	33759	34289	34860	35541	34617	35366	35619	34522	32767	33245	33619	33653	34745	34330	34106	34948	34226	34169	34461	35134	35086	34852	35512	36128	36267	36709	36118	36600	36943	37582	36825	37133	37753	37567	26589	28259	27655	27036	31062	30123	30091	32193	31541	31105	31037	30221	29429	30211	31054	30744	30887	30432	31080	32711	32599	31908	32000	30638	31330	31443	31530	31687	31919	32770	32676	32462	32025	31726	34355	33299	33575	50312	49335	50352	47345	47916	49955	48846	49046	48645	45412	46630	47215	46285	51383	51475	51619	52137	52141	52158	50564	50009	50316	53874	54463	54501	51651	52797	52334	52491	52380	52130	51128	51539	53010	53153	39461	38988	38514	38637	38856	39399	39547	40358	40472	39400	38780	38837	40246	40215	37793	37598	38094	38242	37801	37575	39213	38773	38110	35851	38655	36822	37706	37520	37427	39690	38852	38811	39025	42115	41511	42057	42102	41837	40397	41446	41031	41144	40303	40010	39993	46778	47931	47176	47688	47626	45672	45566	46675	46756	45814	45681	45167	45026	44421	44053	44246	45072	46634	46899	46559	45824	44765	44962	44831	42745	42777	43996	43398	43364	42312	42582	42620	42531	43267	43003	43275	41364	40629	40915	40394	41224	41365	43353	43007	43303	42085	42247	42103	40503	41175	38388	38637
SPEN	66594	68909	68172	68506	71548	71287	69431	68911	66080	66138	66469	68640	68761	69211	68145	77301	76419	77544	74762	74855	72548	72078	71965	72522	73389	72205	73671	72621	72936	71975	71234	71895	57095	56819	57432	55831	54512	55299	57461	52376	53506	54653	55386	55118	55732	56126	56362	58015	56851	56943	58891	57277	57979	57571	58394	58775	58797	64716	63764	62726	63862	59766	60824	62075	62094	61856	59928	60618	60198	60940	60629	58856	59508	59923	63026	62907	64730	65412	63930	63737	62850	63546	62690	69164	78167	80900	94376	89638	86295	86467	82504	80966	79423	79573	78054	816	615	723	76	12	352	201	242	1081	1339	1213	1951	1784	1681	1712	6558	6812	6680	5955	6077	6185	6055	5437	5719	5680	5392	5570	5605	5821	5776	5559	5192	5137	5095	2413	2670	2555	2993	2985	3164	3235	3299	3538	3871	3951	4324	4232	4279	4516	4567	4568	7172	8734	8755	8541	9136	8938	8929	8898	7218	7256	7145	7221	8429	8493	7706	7835	7887	8334	8137	11346	11828	12397	12455	12217	12016	11988	11656	11884	11754	12099	11572	12025	11694	11836	9852	9520	9711	9530	9705	9239	10092	9860	9757	9902	9781	10293	10498	10560	11009	11182	11244	11368	11230	11256	11037	10738	10759	10762	10897	10415	10684	10768	10638	12933	12722	12780	12804	13525	13283	13274	13513	13432	13034	14530	14176	14307	13971	13798	13914	14057	14022	13323	14843	14693	15037	14777	14323	14693	15089	14896	14281	14390	14421	14369	14267	13896	14051	14112	14195	14553	15261	16522	16828	16242	16049	16724	16145	16128	16192	16562	15443	15989	15957	15770	15661	18232	18509	18453	19171	19000	19007	18371	18873	17501	17534	17463	17108	17161	17969	17957	18169	17901	17502	17330	17411	17019	17431	22222	22106	21946	22039	21966	22234	22182	22387	22381	20598	21070	20691	20977	21301	20835	21685	21308	19390	18995	19522	19415	20360	20326	19521	19638	19685	20242	19891	20003	20207	19946	19901	16632	18333	19451	24485	23147	21980	21947	22000	22464	23799	24260	24779	24172	24039	23326	23232	23633	23235	23059	24971	24646	24901	23527	23916	23785	24169	24973	24355	24251	24759	24806	25496	26115	26100	25983	25934	26071	25091	25431	25305	24644	25514	25221	25340	25004	23479	23490	23736	23101	22238	23060	22699	27922	27818	27734	27907	28019	27885	27419	27347	26760	27167	27090	27357	26898	26794	26795	26529	26629	31314	30721	30260	29571	29959	29899	29573	29797	29025	30330	29494	29388	29609	29044	29173	29251	28065	27609	28092	28118	27859	29120	28957	29342	28770	28848	28462	27197	27205	28179	28866	27901	29082	28553	34667	31171	32495	33096	33095	33384	33805	34611	34862	35626	34799	35225	35585	34720	32732	33552	33657	33566	34883	34082	33951	35037	34211	34098	34481	34939	35051	34957	35447	36032	36011	36518	35904	36470	36912	37636	37085	36899	37675	37398	27305	28447	27893	27331	31156	30408	30409	32391	31662	31758	30775	30247	29451	30288	31271	30969	30827	30577	31110	32787	32538	31786	31763	30601	31067	31512	31410	31622	31729	32741	32648	32446	31936	31834	34224	32959	33536	48902	49530	50498	48155	48204	50183	48939	49528	48455	45516	46958	47493	46451	51339	51366	51738	52602	52371	52324	50888	50095	50345	53871	54251	54379	51504	52732	52725	52514	52388	52455	51163	51390	53121	53046	39410	39188	38757	38634	38925	39331	39362	40091	40366	39350	38793	38890	40070	39607	37857	37771	38078	38042	37471	37653	38823	38485	38036	35613	37910	37211	38037	37661	37739	39731	39016	38968	39114	42380	41304	41967	41848	41585	40611	41326	40975	41072	40229	40106	40158	46708	48085	47226	47686	47586	45858	45511	46332	46740	45609	45576	45147	45127	44572	44345	44015	45044	46900	46595	46474	45674	44354	44686	44742	42590	42728	43793	43246	43023	42140	42646	42597	42688	43340	42979	43211	41669	40701	40806	40662	41446	41765	43231	42986	43240	42392	42473	42567	41031	41648	38931	38916
NONO	71490	73147	72221	72913	74126	74081	72847	72234	70002	69487	69624	70776	71055	71691	70728	79520	79988	81805	79580	77997	76347	75891	75704	75742	77618	76775	78034	77652	77948	76373	75415	76037	60788	60396	60520	59428	58670	59890	61828	56261	57166	57910	58336	58513	58893	59295	58855	59829	58877	58891	61717	59814	60308	60153	60503	60607	60756	66632	65920	64815	65742	62467	63268	64222	64780	64990	63079	64037	64693	65144	64958	63399	63637	64175	66273	66035	68054	68813	67764	67657	67975	68151	67218	72997	82982	83929	99407	94149	90778	90519	88069	86759	83878	84890	83540	851	621	738	82	7	390	194	210	1077	1344	1213	1908	1801	1701	1733	6716	6973	6790	5946	6213	6430	6361	5906	6077	5795	5484	5656	5706	6087	5967	5755	5423	5137	5204	2484	2802	2678	3110	3101	3171	3311	3391	3544	3986	3998	4397	4262	4521	4593	4702	4823	7932	9090	8915	8747	9306	9298	9228	9035	7372	7484	7436	7563	8675	8646	7853	7937	7938	8387	8437	11807	12250	12711	12717	12591	12376	12421	12122	12263	12145	12344	11907	12400	12315	12149	10240	9988	10163	9962	10141	9566	10388	10061	10006	10248	10060	10448	10807	10750	11342	11590	11695	11577	11537	11521	11413	10949	11131	11089	11251	10881	11040	11208	10978	13333	13026	13142	13452	13812	13556	13638	14235	14123	13910	14822	14602	14719	14307	14232	14220	14354	14488	14392	15579	15270	15853	15281	14898	15222	15650	15287	15022	14971	15057	14879	14718	14661	14719	14978	15179	15650	16248	17039	17489	16969	16510	16948	16533	16636	16735	16931	15857	16401	16354	16197	16161	18806	18994	18999	19740	19565	19583	19153	19418	17951	18006	17885	17603	17569	18604	18408	18553	18500	18294	18399	18201	17778	17953	22779	22890	22605	22713	22438	22818	22687	23183	23153	21628	21947	21458	21683	21902	21651	22301	21890	20404	20017	20787	20638	20872	20829	20196	20285	20060	20713	20563	20464	21084	20844	20674	18254	20256	20989	26441	24099	23200	22748	23048	23452	24396	24913	25246	24875	24695	24066	24171	24272	23823	23901	25561	25307	25324	24621	25009	24665	25253	25960	25082	25032	25390	25525	26738	26741	26776	26692	26970	27276	25901	26145	25984	25612	26453	26137	26256	25935	25029	25081	25303	24564	23962	24243	23881	28809	29069	28475	28657	28646	28718	28229	28246	27981	27677	27586	28082	27657	27641	27695	27464	27694	31873	31765	31332	30902	31008	30930	31108	31156	30607	30977	30425	30235	30400	29956	30009	30086	29450	28816	29091	29180	28975	30160	29885	30027	29679	29722	29250	28613	28652	29748	30361	29394	30422	30019	37910	34110	35694	34970	35161	35398	36178	37094	36973	37524	36633	37022	36809	36296	34573	34752	35324	35065	35753	35385	35174	36093	35616	35630	35997	36450	36425	36344	36719	37174	36991	37402	36766	37842	38509	38903	37929	37876	38464	38295	30453	30304	30494	30010	33434	32852	33065	34461	33875	33828	32083	31873	31369	32372	33168	32822	32758	32470	32896	33878	33346	32471	32779	31806	32238	32694	32518	32794	32911	34164	34096	33824	33519	33274	35113	34019	34779	52024	53643	54046	51711	51499	52958	51698	51733	50960	48561	50416	50036	49219	52562	52779	53591	54008	54043	53922	53122	52433	52254	55650	56125	56479	53754	54741	54746	54553	54650	55860	54107	54348	55774	55724	40617	40461	40285	40233	40388	40308	40779	41262	41402	41156	40662	40643	41404	41215	39228	39186	39485	39522	39260	39429	39750	39565	38929	37683	39613	39821	39886	39809	40125	42187	41026	41442	41364	43308	42748	43225	43071	42997	42497	43115	42515	42558	41865	41994	41980	48435	50025	49117	49630	49321	47895	47646	48459	48990	48308	48187	46958	46878	46331	46114	46439	47060	48425	48264	47980	46954	45662	45847	46038	44212	44224	45360	44853	45035	44150	44598	44666	44772	45519	45104	45092	44474	43167	43427	43377	44646	45249	45721	45370	45667	45185	45370	46599	45071	45452	42833	41974
RXRA	70712	72130	71841	72219	72736	72102	70345	71578	68932	68312	68864	69817	69174	70297	69420	78335	78319	80029	78381	76577	74610	74614	73735	74501	76331	76067	75816	76691	76706	75559	74784	74678	60275	59789	59374	58455	58103	59518	60891	55192	56586	56214	57047	57475	57944	58178	56749	58566	57430	57277	59814	59453	58214	58745	59673	59370	58589	65018	64364	63675	64362	60801	61555	62876	63844	63340	62140	62603	63971	64827	64078	62874	62636	62774	65214	64947	67131	67000	66357	65815	67401	67531	66505	72847	83000	82856	97744	92469	89610	89220	86466	85502	82773	83714	82753	806	637	712	74	8	330	188	225	1118	1331	1217	1970	1794	1678	1690	6485	6749	6656	5966	6110	6261	6332	5713	6070	5550	5380	5553	5534	5816	5765	5717	5241	5150	5124	2426	2662	2566	3032	3018	3197	3260	3350	3643	3912	3990	4274	4261	4463	4546	4608	4566	7881	8660	8796	8543	9008	8948	8986	8963	7187	7304	7275	7299	8438	8428	7592	7889	7817	8009	8099	11563	11823	12408	12478	12129	12054	12149	12068	12152	11724	12168	11713	11990	11844	11742	10025	9954	9788	9792	10052	9383	9966	9996	9765	9824	9878	10427	10531	10420	11186	11105	11345	11289	11292	11345	10940	10910	10614	10842	10899	10662	10805	10892	11015	12960	12782	12886	13089	13506	13127	13333	13824	13576	13500	14417	14281	14295	14128	13850	13796	13920	13926	14263	15177	14832	15325	15005	14409	14911	14929	14869	14797	14612	14528	14317	14357	14348	14320	14878	15108	15700	16084	16738	16754	16354	16078	16494	16144	16157	16219	16343	15672	16034	16023	15927	15779	18512	18516	18395	19227	18863	18894	18694	19059	17416	17340	17400	17121	17127	17781	17666	18158	18021	17840	17684	17617	17333	17501	21809	22086	21936	22230	21752	21979	21933	22209	22331	21106	21414	20794	21063	21019	21213	21705	21627	19918	19602	20484	20460	20439	20185	19691	19647	19645	19919	19757	19897	20480	20335	20331	18264	20042	20704	25938	23259	22622	22402	22516	22541	24005	24517	24157	24069	23772	23318	23473	23269	23052	22935	24777	24533	24446	24040	24229	23934	24492	25131	24587	24612	24705	24684	25950	25924	26008	26112	26117	25932	25492	25176	25278	25029	25784	25537	25588	25222	24817	25055	24590	24137	23835	23597	23328	27876	27993	27807	27771	27823	27681	27350	27549	27486	26738	26873	27249	26988	26844	26982	26381	26767	30465	30537	30370	29806	30195	30661	30448	30236	29432	30006	29777	29428	29578	29386	29275	29409	28306	27923	28343	28544	28251	29435	28542	29156	29110	28725	28636	28158	28445	29466	29910	28572	29470	28958	37720	33674	35223	34603	34659	34750	35827	35877	36339	36826	36208	36074	35179	35238	33857	33729	34179	34182	34630	34389	34117	35142	34896	34513	34813	35803	35327	35478	35621	35973	35875	36284	36111	36684	37415	37669	36478	37163	37133	37300	30343	30406	30242	29942	33230	32589	32452	33780	32816	32399	32252	31063	30821	31984	31947	32480	32071	31581	31731	32457	32374	31644	31833	31288	31611	31702	31648	31940	32054	33057	33182	33096	32581	32492	33957	33408	33749	52553	53165	53537	49896	50958	52123	50753	49785	49681	48317	49244	49136	48354	51153	51058	52047	51887	52237	51851	51162	50684	51033	54485	55266	55319	52698	52890	53335	53075	52936	54719	53203	53393	54604	54980	39420	39000	39327	39073	39256	39142	39576	40132	39947	40283	39448	39986	40892	40595	38192	37983	38253	38544	38045	38098	39077	38203	37868	37283	39894	39681	39053	38997	39423	41241	40316	40483	40568	41218	42082	41974	41746	41757	41565	41846	41144	41332	41223	41216	40914	47244	48501	48028	48214	47902	46923	46690	47565	47773	47401	47200	45609	45737	45302	44749	45688	45977	46776	47145	47079	45549	44759	44557	44532	42869	43509	44150	43789	43953	43615	43266	43717	43631	44543	44068	43733	43499	42209	42839	42576	44322	44299	46077	44716	45486	44220	44815	45752	44940	45297	42678	41806
YEATS4	69541	71387	69967	70723	72423	72813	71839	69714	67939	67834	67866	68664	69598	70164	69189	77083	78263	80218	77295	76053	74973	74397	74520	74137	75951	74396	76658	75586	76427	73521	73024	74128	58999	58264	59636	57744	57028	58254	60265	55001	55248	57225	56862	56770	57350	57952	58449	58699	57580	57979	60308	58214	60061	59476	58737	59536	60280	65674	64298	63261	64163	61797	62216	62787	62947	64037	61575	62568	62551	63363	63592	61642	62312	62786	64646	64373	66057	67598	66361	66933	65904	66165	65394	67178	76711	78222	97186	91555	88076	88218	85984	84123	81101	82890	80727	803	625	701	78	10	360	211	235	1060	1353	1237	1897	1813	1693	1730	6668	6999	6746	5944	6171	6303	6253	5814	5883	5776	5461	5646	5669	5943	5877	5605	5330	5093	5133	2527	2756	2564	3045	2980	3095	3255	3408	3461	3983	3958	4353	4285	4453	4621	4623	4777	7587	8998	8806	8527	9227	9088	9070	8888	7231	7317	7422	7432	8569	8650	7817	7949	7838	8472	8256	11628	12010	12464	12438	12588	12274	12477	11855	11995	12096	12096	11792	12199	12038	12151	9918	9780	10127	9660	9953	9386	10428	9862	9831	10222	9895	10197	10662	10713	10938	11549	11491	11447	11233	11360	11335	10695	11023	10898	11183	10483	10891	10897	10880	13214	12766	12732	13084	13508	13658	13445	13935	13969	13632	14827	14526	14407	13995	14044	14165	14304	14438	14151	15387	15019	15715	15015	14610	14869	15448	15027	14758	14842	14859	14809	14564	14202	14483	14608	14734	15329	15765	16736	17262	16709	16199	16850	16332	16297	16517	16848	15469	16191	16114	15929	15720	18251	18771	19002	19578	19398	19417	18865	19140	17806	17784	17692	17321	17352	18460	18143	18210	18080	18138	17864	18077	17354	17757	22900	22588	22349	22389	22227	22725	22513	22970	22691	21267	21806	20840	21315	21856	21038	21740	21279	19790	19619	19907	19626	20460	20533	19983	20150	19772	20409	20240	20260	21044	20629	20085	17694	19840	20633	25840	23727	22754	22229	22702	23037	23816	24435	25383	24505	24580	23768	23861	24161	23588	23575	25194	25033	25126	24182	24725	24200	24724	25751	24712	24611	25093	25247	26346	26350	26485	26421	26337	26845	25257	25716	25738	25443	26047	26003	25708	25651	24458	24173	24746	24175	22956	23718	23551	28475	28512	27950	28345	28431	28543	27824	27626	27339	27546	27312	27934	27194	27222	27319	27555	27323	32097	31330	31004	30600	30508	30197	30210	30829	30265	30729	29614	29642	30041	29211	29279	29599	29241	28532	28663	28786	28525	29317	29763	29791	29010	29314	28858	28142	28125	28883	29530	28979	29794	29596	36706	33360	34703	34426	34466	34500	35297	36580	36170	36640	35631	36576	36716	35805	33475	34564	34968	34425	35540	35006	34882	35298	34974	35172	35490	35473	35876	35855	36039	36993	36256	36779	36240	37310	37695	38652	37988	37375	38260	37672	29476	29290	29602	28946	32558	32044	32152	33554	33303	33726	31040	31324	30728	31509	32766	32054	31963	31920	32424	33966	32872	31895	32218	31083	31435	32432	32197	32236	32559	33756	33685	33062	33152	32787	34803	33430	34108	47186	51902	52470	51331	50199	51772	50337	51255	49824	46697	49223	49027	47958	51663	52259	52992	54124	53670	53808	52769	51728	51242	54501	54661	55231	52167	54083	54035	53728	53548	54732	52745	53017	54511	53897	40480	40302	39533	39697	39667	39900	39996	40614	41055	40350	40250	39754	40333	39801	38699	38453	39100	38935	38509	38636	38819	39262	38277	36354	37903	39027	38956	38915	39126	41392	39988	40376	40649	43476	41542	42591	42288	42135	41234	42546	41792	42003	40967	41209	41181	47908	49497	48290	48698	48689	47044	46905	46865	48191	47018	47069	46458	46185	45231	45341	45118	46217	48168	47278	46841	46264	44621	44990	45206	43396	43316	44718	43883	44024	42829	43789	43764	44078	44551	44083	44410	43700	42291	42253	42183	43376	44273	43800	43966	44102	44415	44142	45473	43650	44371	41261	40757
NR2C2	71322	72542	71287	72056	72021	72515	71722	70361	68810	68178	68083	67922	69003	69901	69206	76214	78608	80762	78659	76117	75377	75166	74918	74476	77136	75814	77276	77149	78042	74706	74429	74778	60176	59401	60157	58575	58413	60069	61911	56330	56617	57586	57041	57500	58289	58648	58070	58195	57116	57571	60153	58745	59476	59925	58731	58955	59420	65256	63390	62849	63498	61603	61993	62604	63274	64135	62271	63157	64005	65125	65004	63586	63841	64068	65052	64907	66831	67825	67146	67721	67822	68031	67005	67176	77463	76957	97829	92211	89004	88309	87254	86037	82212	84473	82500	826	616	714	75	8	362	197	227	1077	1358	1238	1912	1848	1666	1682	6525	6814	6630	5877	6089	6298	6372	5975	6045	5658	5433	5510	5536	5864	5818	5628	5308	5096	5069	2405	2683	2585	3037	2978	3075	3229	3412	3589	3871	3950	4279	4277	4444	4494	4561	4637	8031	8889	8686	8448	9183	9029	8919	8863	7115	7257	7353	7352	8470	8481	7665	7909	7763	8236	8178	11650	11763	12382	12441	12335	12261	12321	12008	11874	11778	11947	11761	12103	11976	11989	10027	9709	9902	9840	10152	9398	10210	9785	9687	10030	9896	10210	10484	10518	10982	11245	11252	11291	11273	11199	11073	10655	10860	10782	11084	10472	10866	10856	10880	13115	12723	12722	13165	13398	13410	13465	13884	13899	13886	14561	14311	14154	13880	13815	13997	13949	14038	14610	15416	15027	15470	15065	14460	14821	15152	14889	15026	14754	14867	14665	14671	14531	14478	14870	15065	15862	16260	16541	17051	16545	16034	16647	16139	16175	16324	16556	15401	15860	15970	15791	15715	18139	18623	18691	19199	19112	19262	18805	19097	17288	17439	17461	17193	17122	18109	17847	17963	17876	18114	17962	17984	17468	17575	22477	22350	22069	22188	21789	22266	22201	22597	22467	21318	21614	20577	21094	21371	21010	21484	21012	19820	19664	20217	20151	20179	20329	19751	19940	19484	19950	19830	19962	21023	20456	20105	18594	20738	21187	26668	23565	22874	22168	22810	22808	23437	24305	24847	24156	24111	23430	23678	23688	23186	23274	24728	24424	24737	24197	24383	24226	24734	25410	24641	24484	24789	25054	26231	26067	26040	25954	26180	26576	25123	25369	25342	25235	25857	25784	25679	25374	24920	25127	25080	24639	23597	23919	23923	28381	28063	27745	27887	27948	28081	27545	27539	27472	27054	26829	27440	26920	27075	27185	27337	27133	31409	30818	30700	30223	30295	30151	30383	31037	30166	30152	29267	29396	29662	28939	29049	29134	29089	28314	28474	28617	28324	29037	29111	29276	28939	28759	28579	28503	28620	29136	29561	29053	29582	29431	38213	34717	36143	34776	35345	35211	36170	37116	36600	36968	36102	36712	35952	35954	33775	34405	34863	34301	35309	34563	34509	34977	34929	34955	35302	35660	35650	35680	35786	36481	35837	36044	35688	37048	37606	38099	37473	37057	37507	37042	31388	30183	30933	30355	33555	33099	33184	33911	33632	34106	31300	31634	31177	32201	32911	32610	32458	32253	32469	33353	32368	31357	31721	31086	31201	32213	31923	31955	32325	33376	33674	33049	33067	32850	34163	33207	33829	47655	53575	53630	51902	51469	52480	50781	51229	49907	48075	50205	49636	48778	50987	51468	52558	53335	53072	52947	52249	51493	51014	54252	54406	55122	52234	53611	53765	53417	53252	55663	53272	53475	54925	54400	40044	39961	39576	39457	39490	39166	39737	40097	40300	40820	40086	39983	40197	39728	38494	38280	38740	38675	38307	38639	38334	38463	37700	36880	38136	40249	39290	39351	39773	41859	40775	40982	41112	42419	41470	41971	41765	41666	41693	42351	41397	41747	40678	41557	41258	47436	49115	48155	48490	48164	47380	46928	47085	48161	47238	47452	46151	45908	45319	45346	45542	46173	47671	46841	46459	45797	44088	44280	44585	43088	43151	44413	43544	43868	43315	43796	43810	44275	44750	44288	44341	44607	42804	42976	42769	44846	45645	44835	44621	44647	44980	45075	47024	45658	46251	43265	42023
ZNF48	69495	71655	71853	72179	74406	73399	71119	72474	69297	69099	69714	72678	71436	71995	70624	81535	79237	80390	78421	77800	75471	74633	73789	75021	75951	76025	76436	76157	75208	76453	74427	75349	59637	59712	59303	58817	57268	58210	59498	54613	56118	56086	57889	57674	57902	58181	57294	59967	58732	58394	60503	59673	58737	58731	61419	60758	60009	66436	67355	65501	66597	61215	62647	64148	64841	63577	62259	62634	63605	63403	62727	61564	61335	61946	65771	65531	67468	67240	65901	65448	66358	66453	65589	80020	89308	91654	98670	93956	90861	91026	86249	85026	83473	83180	82582	850	660	753	85	10	347	200	244	1150	1377	1274	2011	1832	1749	1762	6737	6948	6877	6140	6276	6305	6236	5590	5888	5729	5583	5743	5703	5922	5950	5895	5356	5316	5267	2513	2733	2609	3068	3083	3268	3295	3421	3682	3947	4157	4374	4362	4462	4689	4628	4625	7434	8925	9090	8876	9264	9179	9247	9134	7372	7492	7443	7489	8613	8618	7763	8152	8075	8207	8241	11642	12148	12876	12770	12444	12316	12299	12119	12299	12029	12580	11927	12253	12001	12105	10317	10224	9972	9844	9844	9476	10336	10202	9963	10039	10059	10662	10763	10774	11456	11463	11654	11651	11500	11478	11241	11132	10940	11018	11060	11030	10982	11184	11088	13195	13120	13182	13303	14006	13512	13544	13946	13748	13440	14765	14551	14777	14430	14224	14072	14280	14370	13764	15144	14972	15462	15092	14898	15136	15378	15329	14597	14752	14707	14605	14464	14199	14458	14744	14996	15066	15785	17173	16966	16588	16700	17040	16564	16676	16648	16692	16129	16400	16483	16412	16166	18891	18928	18759	19649	19370	19355	18971	19384	17832	18013	17813	17605	17631	18167	18392	18622	18555	17812	17819	17935	17718	17802	22290	22653	22401	22547	22432	22604	22699	22708	22806	21237	21547	21659	21592	21665	21387	22526	22321	20053	19902	20741	20601	21025	20793	20093	20049	20127	20629	20354	20405	20635	20507	20807	17259	19000	20225	25549	23552	22636	22884	22841	23075	24781	25084	24884	24532	24361	23845	23706	24092	23546	23504	25711	25263	25102	24067	24552	24447	24905	25369	25028	24942	25356	25159	26027	26725	26867	26746	26579	26414	26139	25981	25845	25387	26120	25808	26093	25541	24482	24214	24310	23732	23245	23705	23104	28327	28612	28543	28471	28646	28244	28035	28124	27282	27577	27875	27813	27736	27355	27540	26773	27241	31331	31192	30987	30208	30738	31088	30505	30029	29558	30826	30780	30216	30311	30222	30176	30189	28692	28333	28819	28870	28660	30118	28978	30032	29527	29477	29161	27962	27987	29387	30105	28620	29713	29105	36634	32709	33963	34204	33931	34595	35083	35230	36066	36935	35869	35967	35880	35302	34111	33972	34375	34532	35320	35074	34533	35897	35210	34867	35185	36355	36034	35839	36596	36767	37049	37520	37439	37503	37949	38300	37169	37773	38378	38465	28361	29766	28760	28562	32387	31350	31548	33379	32593	31848	32232	30825	30540	31066	32025	31818	31955	31168	31722	32990	33398	32794	32675	31520	32501	31924	32124	32467	32694	33565	33304	33164	32719	32528	34806	34057	34393	58025	52131	52939	48946	49765	52016	51070	50350	50320	47721	48517	49047	48072	52974	52464	53011	52927	52998	53083	51831	51361	51872	55552	56667	56265	53890	53969	54155	54101	54053	53861	53224	53395	54405	55351	40018	39521	39797	39532	39851	40409	40525	41296	40985	40385	39960	40212	41528	41692	38749	38637	38981	39111	39112	38387	40586	39632	39146	37664	40790	38395	39259	38794	38789	40890	40218	40284	40218	42449	43052	43137	43261	42975	42173	42410	41970	41992	41789	41386	41329	48061	49274	48583	49280	48826	47091	47074	48553	48259	47691	47372	46095	46141	46007	45346	45929	46415	47432	48280	48423	46581	46133	46148	45940	43533	44147	45129	44732	44532	44167	43906	43998	43922	44436	44265	44283	42673	41857	42592	42336	43189	43170	46014	45055	45333	43624	44272	43995	42939	43365	40529	40623
UBTF	68029	70707	70203	70339	74491	73764	71295	71469	67980	67935	68652	71887	71495	71594	70381	81241	78710	79508	76846	77312	74599	74119	73767	74814	75064	74233	75393	74418	74624	74173	73290	73735	58548	58393	58635	56888	55776	56304	58366	53073	54845	55743	57150	56533	57078	57526	57698	60350	58954	58775	60607	59370	59536	58955	60758	61221	60921	67008	66711	65058	66677	61195	62543	64157	64045	63251	61638	62211	61379	62173	62027	60121	60629	61166	64896	64703	66634	67345	65726	64713	64450	65098	64009	73492	82707	86280	97705	92918	89134	89773	84544	82900	82282	81682	80321	811	660	744	86	11	372	184	218	1125	1385	1260	1967	1805	1735	1758	6785	7004	6902	6096	6317	6258	6131	5395	5798	5849	5496	5777	5769	5958	5959	5821	5330	5298	5247	2547	2764	2591	3132	3062	3265	3333	3386	3644	4033	4125	4511	4432	4383	4687	4669	4689	7185	8975	9060	8741	9344	9257	9117	9080	7413	7493	7398	7492	8793	8772	7837	8166	8075	8558	8381	11645	12097	12889	12684	12616	12268	12312	11975	12428	12137	12495	11913	12322	12022	12198	10215	9806	10071	9583	9913	9402	10332	10053	10097	10118	10041	10486	10857	10948	11196	11464	11662	11705	11479	11589	11423	11059	11076	11119	11184	10816	10901	11049	10978	13218	13174	13089	13263	14000	13647	13635	13909	13739	13342	14935	14592	14874	14284	14240	14306	14510	14542	13424	15106	15001	15521	14981	14827	15057	15571	15354	14620	14746	14781	14707	14500	14082	14333	14336	14567	14678	15606	17041	17245	16633	16382	17092	16663	16669	16731	16971	15800	16497	16594	16228	16052	18852	18993	19035	19750	19720	19632	18919	19346	17961	18137	17978	17551	17739	18495	18514	18698	18491	17828	17860	17925	17666	17877	22792	22817	22650	22755	22720	23037	22972	23072	23020	21019	21576	21554	21707	22046	21397	22522	22173	20055	19283	20137	19826	21128	20972	20061	20180	20167	20878	20572	20644	20691	20406	20585	16625	18409	19705	24756	23828	22547	22461	22543	23162	24756	25112	25551	24885	24724	23911	23832	24420	23949	23742	25810	25359	25473	24128	24717	24241	24575	25621	24959	24881	25316	25303	25937	26872	26959	26604	26647	26692	26133	26302	26057	25192	26133	25914	26085	25625	23731	23709	24266	23217	22573	23577	23100	28572	28646	28616	28823	28865	28673	28242	28277	27448	28074	28118	28257	27676	27394	27649	27034	27372	32264	31563	31194	30444	30784	30967	30313	30348	29578	31373	30619	30232	30462	30076	30106	30350	28841	28283	28907	28899	28510	30306	29767	30435	29696	29716	29272	27764	27760	28960	29975	28382	30050	29284	34995	31514	32913	33927	33546	33987	34377	35031	35614	36411	35647	36084	36646	35562	33439	34191	34470	34431	35756	35225	34813	35954	35211	35080	35561	35980	36138	35836	36494	37230	37327	37644	37247	37507	38040	38600	37922	38208	39015	38832	27402	28945	28141	27662	31705	30839	30646	33091	32307	32072	31972	30900	30211	30835	31762	31474	31389	31056	31803	33718	33562	32858	32841	31201	32104	32118	32450	32590	32746	33724	33486	33389	32674	32594	35429	34181	34614	52153	50799	51633	48812	49063	51293	49969	50660	49656	46542	47993	48581	47496	53250	53126	53231	54103	53743	53884	52078	51469	51939	55725	56139	56312	53026	54361	54159	54083	53943	53539	52274	52825	54460	54946	40591	40058	39662	39639	40059	40658	40668	41546	41741	40295	39818	40050	41429	41552	38792	38458	39167	39254	38884	38483	40679	40152	39330	36395	39763	37650	38804	38330	38378	40548	39769	39752	39936	43611	42770	43269	43321	42905	41585	42571	42274	42295	41366	41146	41160	48278	49464	48611	49192	49060	46913	46666	47807	48061	46934	46622	46416	46337	45801	45419	45283	46237	47873	48283	48219	47235	46046	46593	46338	43998	44286	45128	44862	44679	43341	43796	43786	43570	44502	44181	44343	42295	41483	41634	41586	42135	42243	44374	44111	44429	42976	43610	43018	41470	42332	39442	39346
PHF8	67762	70460	69359	69901	73737	73924	72033	70309	67556	67749	68018	70700	71199	71267	69966	79475	78476	79518	76310	76889	74899	73935	74100	74534	74985	73516	75864	74261	74635	73214	72220	73463	58230	57845	58895	56753	55516	56081	58421	53501	54399	56507	57036	56217	56762	57494	58496	59977	58692	58797	60756	58589	60280	59420	60009	60921	61531	67081	66128	64693	66010	61932	62775	63818	63563	63682	61349	62147	61126	61621	62041	59820	60548	61446	64554	64402	66028	67531	65865	65683	63958	64557	63716	69193	78268	81979	97104	91984	88251	88882	84421	82453	81141	81450	79421	808	631	729	74	9	358	201	248	1129	1380	1272	1970	1837	1759	1760	6834	7065	6894	6114	6344	6312	6218	5542	5849	5855	5611	5826	5830	6041	6092	5825	5390	5290	5253	2555	2785	2653	3086	3111	3280	3340	3444	3618	4043	4086	4491	4462	4391	4762	4687	4785	7094	9059	9136	8754	9480	9329	9238	9114	7425	7519	7396	7461	8885	8854	7941	8211	8149	8736	8425	11687	12159	12889	12866	12830	12524	12583	11848	12253	12230	12459	12024	12373	12111	12435	10069	9718	10184	9596	9845	9546	10553	10151	10150	10335	10135	10438	10917	11022	11206	11638	11733	11772	11570	11572	11537	11012	11214	11142	11253	10758	11025	11181	11020	13369	13021	13064	13314	13915	13874	13747	13894	13951	13507	15036	14721	14668	14377	14295	14449	14518	14658	13500	15344	15241	15586	15073	14944	15135	15746	15390	14701	14805	14952	14929	14760	14244	14575	14378	14451	14709	15443	17075	17441	16853	16497	17333	16727	16674	16800	17132	15772	16483	16574	16299	16132	18767	19102	19380	19979	19844	19802	19054	19480	18177	18214	18127	17736	17787	18803	18728	18775	18459	18066	17909	18112	17593	17936	23333	23167	22785	22804	22829	23403	23074	23384	23132	21226	21746	21389	21787	22300	21417	22421	22028	19916	19376	19957	19637	21135	21133	20284	20352	20340	21037	20646	20804	20895	20741	20471	16664	18452	20007	24817	24009	22676	22640	22756	23293	24573	25156	26224	25092	25017	24116	24062	24631	24124	23909	25852	25575	25784	24311	24844	24506	24906	25836	25168	24933	25682	25683	26124	27057	27181	26818	26782	27126	25975	26409	26293	25387	26268	26223	26192	25788	23751	23439	24416	23440	22396	23686	23384	28972	28660	28748	29101	29216	29004	28507	28302	27433	28333	28104	28450	27907	27721	27720	27753	27638	32956	32003	31448	30763	30859	30585	30382	30674	30024	31507	30536	30234	30658	29825	30169	30390	29303	28621	29131	29193	28764	29891	30351	30524	29508	29863	29494	27926	27753	28642	29669	28784	30097	29584	34956	31622	32846	33991	33578	34099	34353	35709	35743	36508	35262	36323	37388	35792	33552	34566	34809	34554	36224	35471	35226	36043	35254	35295	35682	35892	36296	36034	36624	37525	37331	37808	37123	37672	38168	39019	38843	38139	39250	38730	27346	28553	28157	27323	31682	30850	30792	33117	32668	32976	31049	31018	30176	30799	32403	31491	31488	31459	32235	34521	33687	32893	32901	31242	31801	32517	32681	32768	32865	33990	33766	33358	33105	32947	35698	33980	34566	48730	50381	51268	50001	49011	51279	50018	51580	49887	45989	48076	48640	47384	53081	53400	53689	55098	54485	54648	52888	51871	52051	55708	55896	55994	52857	54781	54518	54489	54028	53917	52334	52822	54525	54258	40904	40908	39846	39923	40164	40846	40748	41631	41959	40564	40371	39923	40962	40837	39049	38844	39490	39314	38769	38649	40083	40296	39353	36170	38453	37549	38895	38267	38402	40809	39708	39583	40051	44626	42297	43451	43407	42849	41553	42780	42394	42476	41195	40961	41452	48232	49933	48613	49276	49206	46918	46913	47348	48135	46736	46742	46746	46765	45770	45671	45095	46257	48755	48259	47783	47532	45813	46384	46655	43989	43853	45345	44582	44470	43095	44012	43746	43898	44528	44340	44677	42740	41633	41464	41649	42004	42664	43506	43757	43842	43225	43313	43172	41195	42242	39253	39159
ZFY	75007	78009	77237	77515	81908	81323	78766	78610	74808	74847	75423	78693	78744	78749	77381	89079	86713	87738	84633	85131	82308	81672	81597	82523	82983	81877	83432	82271	82647	81699	80594	81292	64415	64241	64639	62697	61602	62160	64594	58679	60325	61653	62727	62017	62876	63211	63686	66294	64558	64716	66632	65018	65674	65256	66436	67008	67081	73871	72995	71365	73061	67570	68810	70583	70387	69712	67896	68442	67800	68597	68489	66523	67041	67703	71149	71140	73255	74452	72562	71848	71219	71693	70660	80078	90317	94041	107926	102428	98320	99005	93325	91563	90445	90188	88486	925	704	805	96	12	389	207	235	1181	1466	1336	2074	1908	1878	1885	7333	7663	7410	6520	6867	6804	6608	5895	6307	6337	5976	6218	6148	6480	6380	6235	5802	5666	5642	2717	2986	2844	3367	3318	3489	3589	3618	3819	4337	4374	4814	4746	4806	5024	5036	5139	7967	9704	9740	9362	10072	10005	9921	9857	7954	8019	7986	8016	9481	9517	8503	8719	8712	9261	9083	12644	13229	13840	13759	13792	13357	13390	12855	13490	13197	13488	12813	13420	13001	13170	10924	10808	10930	10501	10746	10144	11230	10815	10821	11118	10789	11204	11642	11834	12117	12475	12668	12649	12434	12389	12394	11881	11956	11982	12203	11616	11767	11942	11909	14438	14210	14192	14357	15030	14735	14788	15289	15014	14598	16231	15874	16011	15468	15431	15446	15732	15779	14858	16450	16221	16902	16236	15947	16480	16957	16603	16137	16066	16078	15966	15900	15327	15649	15637	15868	16170	17154	18489	18836	18141	17709	18650	17960	17927	18127	18487	17106	17732	17970	17589	17411	20429	20554	20819	21493	21399	21320	20543	21079	19513	19715	19402	19053	19124	20283	20190	20271	19967	19506	19469	19468	19095	19418	24927	24770	24681	24650	24674	25145	24934	25249	24936	22886	23474	23357	23672	24123	23265	24297	23973	21844	20873	21825	21589	22798	22771	21851	21952	21986	22701	22362	22345	22569	22286	22178	18328	20525	21711	27544	26061	24618	24479	24594	25102	26716	27329	28144	27081	27024	26032	26017	26784	26024	25837	28161	27644	27784	26293	26904	26563	26898	28048	27208	26968	27746	27750	28351	29289	29431	29011	29109	29333	28121	28695	28445	27558	28762	28551	28246	27927	26115	26086	26535	25436	24782	25718	25337	31249	31343	31180	31376	31480	31214	30836	30760	29971	30588	30472	30706	30109	29861	30154	29777	29960	35546	34627	34066	33253	33424	33605	33136	33324	32423	34231	33300	32871	33211	32519	32758	32961	31605	30866	31544	31452	31124	33017	32723	33216	32337	32390	32051	30251	30414	31621	32722	31120	32668	31912	38804	34982	36279	37200	36777	37247	37770	38685	38991	39940	38939	39656	40220	39241	36587	37530	38015	37688	39470	38552	38148	39164	38444	38456	38799	39114	39423	39221	39956	40795	40717	41050	40361	40990	41549	42427	41848	41717	42810	42210	30451	31780	31193	30560	34795	33964	33887	36333	35493	35600	34660	33894	33141	34047	34880	34504	34462	34157	34751	37145	36517	35774	35793	33968	34718	35322	35380	35469	35707	36849	36695	36547	36021	35607	38664	37098	37735	56794	55955	56925	54450	54114	56448	55013	56181	54630	51162	52830	53366	52180	58189	58531	58703	59641	59232	59434	57321	56571	56941	61132	61566	61735	58134	59912	59816	59403	59193	59087	57336	57981	60063	60236	44520	44180	43542	43467	43857	44417	44439	45406	45578	44225	43648	43927	45046	45276	42620	42125	42824	42819	42498	42184	44099	43843	42826	39952	43136	41371	42598	42046	42155	44514	43654	43602	43895	48172	46633	47296	47281	46750	45398	46675	46335	46223	45318	45189	44956	52795	54257	53216	53907	53763	51493	51343	52282	52707	51394	51203	50986	50875	50111	49692	49498	50655	52888	52855	52641	51735	50431	50784	50797	48079	48293	49562	48974	48943	47504	47952	48067	47959	48885	48404	48524	46569	45496	45648	45736	46688	46820	48738	48445	48918	47368	48021	47615	45803	46777	43895	43477
HMGXB4	74246	77187	77769	77973	81654	80416	77759	78727	75122	75627	76214	80555	78505	78998	76902	90063	86963	87509	84815	85082	82381	80525	79806	81732	82139	82268	83405	82134	80410	82947	80283	81955	63913	64610	63829	64212	61734	62513	63307	58780	59998	60633	63051	62183	62444	62820	62347	65640	64196	63764	65920	64364	64298	63390	67355	66711	66128	72995	75011	72096	73407	66485	68635	70060	70882	68968	67446	67833	68734	67217	67015	65441	65096	66552	71446	70938	73156	72814	71054	70792	71003	70978	70723	93299	102867	106917	108046	102666	99081	100311	93835	92165	90472	89551	89722	927	685	800	90	10	403	227	271	1227	1482	1342	2157	1925	1858	1905	7266	7533	7327	6582	6707	6575	6648	5938	6262	6055	5946	6205	6147	6375	6321	6235	5760	5636	5597	2701	2989	2744	3336	3340	3593	3589	3649	4006	4276	4425	4782	4624	4770	5023	4972	5017	7600	9652	9782	9457	9969	9895	9896	9690	7842	7987	7915	8034	9509	9302	8331	8736	8705	9083	8886	12519	13281	13923	13860	13391	13278	13261	12745	13134	13053	13630	12763	13150	12857	13013	11381	10984	10691	10520	10548	10238	11171	10876	10820	10842	10840	11487	11653	11613	12280	12332	12531	12547	12300	12327	12196	11880	11818	11802	11824	11814	11665	11986	11938	14169	14332	14121	14286	15059	14624	14486	15068	14906	14422	15929	15680	16056	15592	15334	15358	15460	15491	14332	16316	16257	16662	16029	16114	16184	16675	16434	15583	15684	15888	15896	15432	14931	15526	15684	15931	15747	16650	18468	18488	17861	17953	18376	17800	17820	17929	18176	17334	17819	17691	17640	17379	20308	20499	20384	21238	20961	20948	20461	20969	19211	19511	19229	19123	19158	19692	20216	20230	20063	19032	18899	19250	18883	19165	24226	24682	24268	24210	24382	24562	24638	24763	24556	22906	23037	23805	23094	23506	22884	24425	24261	21625	21438	22232	22276	22944	22542	21682	21654	21741	22452	22061	22095	22110	22077	22481	17787	19827	21370	27259	25488	24313	24878	24407	25036	27212	27439	27188	26675	26391	25641	25746	26313	25578	25300	27980	27372	27293	25815	26646	26266	27007	27355	27204	26876	27458	27127	28130	29081	29028	29062	28969	28640	28497	28299	28172	27382	28002	28006	28170	27697	26306	25423	25983	25125	24607	25563	24611	30740	30815	30962	31086	31086	30591	30626	30443	29277	29992	30524	30192	30064	29725	29747	29233	29617	34379	33931	33500	32657	33518	33543	32901	32351	31973	33534	33573	32493	33010	32869	32903	32727	31224	30767	31224	31207	31134	32612	31645	32639	31778	31923	31642	29946	29695	31447	32603	30912	32065	31590	38518	34949	35682	36424	35940	37105	37441	37211	38442	39691	38389	38604	39170	37842	36763	36817	36962	37566	38520	38222	37431	39046	38074	37733	37991	39392	39143	38821	39731	40180	40778	40905	40980	40705	40918	41594	40646	41090	41929	42339	29285	31346	29938	29494	34182	32866	33444	36122	34814	34630	34285	33010	32618	32629	34565	33620	34151	33369	34171	36184	36342	35839	35427	34011	35204	34571	34686	35263	35527	36371	35982	35671	35341	35151	38053	36740	37225	68026	55498	56775	53073	52637	55653	55593	54966	54693	51221	52040	52622	51404	58173	57344	57799	57956	57982	58361	56763	55971	56582	61013	62334	61233	58816	58900	59061	59166	58672	57635	57310	57877	58479	59983	43546	43100	42948	42842	43174	44092	44059	45032	44783	43753	43359	43330	45000	45482	41960	42173	42312	42683	42542	41729	44665	43549	42809	40424	44596	40184	42283	41188	41186	43835	42776	42830	43002	46712	46859	47134	47482	46957	45700	45936	45599	45449	45340	44260	44873	52371	53807	52705	53494	53128	50604	51189	52901	52669	51622	51096	50073	50199	50092	49428	49514	50416	51745	52959	52705	50849	50567	50794	50672	47322	47616	49135	48803	48782	48027	47699	47456	47272	47697	47953	48114	45469	44892	45839	46038	45632	45950	49621	48508	48606	46838	47241	46242	44937	45356	42509	42983
ZNF501	73939	76440	76694	77159	79840	78762	76453	77218	73923	74110	74706	77934	76572	77240	75692	87201	85201	86006	83570	83581	80843	79794	79040	80347	81073	81296	81967	81369	80180	81583	79440	80534	63396	63716	63383	63101	61318	62080	63098	58110	59580	59988	61827	61428	61760	62140	61391	64186	62780	62726	64815	63675	63261	62849	65501	65058	64693	71365	72096	70569	71349	65696	67243	68624	69740	67979	66431	66937	67929	67294	66894	65383	65053	66021	70330	69893	72011	72099	70445	69988	70598	70507	70183	85906	96046	98855	105819	100526	97175	97539	92423	90863	88990	88585	88185	897	660	766	93	13	378	214	250	1197	1430	1330	2048	1871	1816	1859	7141	7372	7264	6472	6549	6565	6542	5941	6349	6082	5834	6060	5981	6275	6240	6176	5672	5527	5441	2622	2912	2774	3270	3355	3408	3512	3558	3868	4175	4314	4657	4576	4772	4934	4909	4963	7922	9567	9583	9287	9803	9719	9787	9621	7748	7853	7780	7918	9388	9128	8318	8592	8521	8861	8798	12276	13131	13626	13557	13215	12982	13042	12815	13018	12855	13281	12595	13023	12743	12774	10933	10760	10540	10337	10555	10056	10995	10730	10607	10703	10616	11329	11421	11400	12105	11985	12232	12304	12072	12260	11954	11684	11598	11670	11750	11616	11595	11892	11682	13965	13984	13867	14167	14775	14346	14275	14886	14725	14299	15723	15454	15698	15288	14953	15029	15171	15159	14431	16003	16029	16579	15970	15737	15977	16295	16130	15723	15552	15679	15562	15429	15072	15329	15604	15896	15875	16696	18232	18290	17736	17575	18064	17472	17630	17535	17820	17098	17507	17366	17299	17188	20047	20016	20074	20868	20650	20637	20031	20660	18898	19029	18998	18733	18695	19407	19666	19860	19680	18902	18840	18829	18721	18854	23784	24175	23847	23924	23830	24181	24197	24302	24343	22653	22824	23074	22923	23044	22647	23858	23828	21500	21033	21939	21804	22298	22131	21513	21311	21403	21947	21591	21668	21916	21751	22027	18216	19968	21349	27160	25114	24002	24437	24120	24508	26467	26634	26747	26138	25934	25341	25406	25537	25179	24932	27470	26953	26905	25624	26293	25904	26412	27024	26856	26563	27023	26781	27688	28461	28471	28585	28248	28182	27744	27692	27568	27087	27734	27635	27649	27365	25957	25710	25833	25169	24583	25198	24704	30219	30339	30399	30500	30318	30281	30108	30006	29202	29473	29785	29529	29581	29120	29302	28907	29162	33778	33376	32970	32279	32855	32895	32488	32048	31607	32860	32800	32004	32326	32241	32142	32244	30737	30175	30821	30694	30607	31975	31145	32001	31287	31416	31150	29716	29793	31262	32145	30507	31874	30931	38790	34710	35943	36360	35792	36891	37452	37192	38330	39263	38293	38371	38565	37778	36279	36414	36859	36828	37842	37483	36796	38460	37673	37222	37571	38897	38436	38472	38945	39423	39969	40139	39987	40077	40429	40996	40117	40402	40988	41306	29829	31442	30407	29958	34279	33076	33404	35724	34838	34549	34107	32723	32255	32959	34089	33820	33954	33125	33740	35547	35618	35070	34803	33701	34542	34262	34206	34508	34875	35839	35448	35355	35064	34783	37468	36255	36581	62514	55411	56277	52888	52619	55191	54659	54266	53838	50830	51687	52247	51076	56876	56431	56752	56840	56983	57122	55758	55281	55737	59805	60972	60248	57543	57903	58057	57984	57743	57175	56828	57059	58139	58887	43097	42628	42426	42217	42505	43140	43400	44086	43892	43441	42701	42826	44209	44419	41546	41472	41530	41940	41656	41192	43324	42223	41907	40036	43196	40576	41923	41079	41205	43542	42508	42655	42901	45767	45825	46159	46349	46001	45065	45516	45076	44746	44608	43982	44420	51509	52793	51868	52537	52134	50267	50329	51710	51602	50719	50667	49393	49596	49092	48741	48907	49631	51064	51817	51566	49917	49365	49541	49592	46606	46846	48263	47853	47711	47286	46914	46873	46726	47380	47232	47249	45243	44591	45338	45177	45728	45869	49020	47955	48282	46621	47133	46790	45198	45906	42966	43124
ZFP91	73150	76225	76372	76473	81642	80248	77169	78359	73748	73885	74804	79498	78255	78346	76736	90055	85707	86066	83248	84518	80987	80211	79771	81440	81134	80708	81624	80646	80076	81248	79523	80174	63122	63413	63122	61727	60254	60620	62585	56773	59031	59785	62066	61076	61627	61836	62259	66051	64136	63862	65742	64362	64163	63498	66597	66677	66010	73061	73407	71349	73489	66024	67915	70181	70010	68217	66681	67093	66567	66790	66439	64931	64945	65663	70234	70154	72441	72865	70958	69560	69435	70029	69065	85168	94908	99493	106451	101651	97781	98493	91608	89892	89768	88362	87400	868	675	799	91	13	387	220	230	1167	1432	1310	2055	1882	1815	1882	7194	7376	7312	6408	6692	6581	6412	5628	6206	6173	5842	6147	6031	6354	6297	6156	5679	5540	5539	2682	2956	2768	3319	3272	3461	3538	3569	3782	4271	4261	4716	4597	4746	4991	4925	5005	7630	9545	9596	9251	9857	9886	9801	9677	7804	7888	7784	7856	9408	9346	8277	8601	8520	9041	8983	12348	13115	13722	13628	13429	12997	13041	12577	13340	12913	13273	12555	13175	12725	12800	10803	10715	10620	10239	10391	9824	10967	10685	10704	10714	10606	11108	11477	11498	11961	12158	12512	12426	12093	12135	12096	11675	11706	11656	11882	11510	11510	11695	11674	14217	14087	14067	14078	14920	14469	14419	15005	14529	14105	15899	15524	15881	15364	15159	15197	15420	15535	14197	15934	15993	16582	15882	15708	16139	16658	16296	15537	15581	15666	15598	15332	14851	15170	15203	15609	15581	16501	18147	18469	17775	17373	18262	17577	17617	17864	18155	17127	17468	17560	17379	17040	20129	20156	20349	21179	21029	20944	20094	20595	19203	19398	19226	18776	19006	19794	19970	20121	19754	18925	18938	19018	18773	19094	24296	24424	24277	24206	24390	24549	24581	24729	24582	22265	22894	23374	23299	23555	22739	24288	24142	21597	20465	21490	21534	22578	22547	21583	21436	21504	22423	22026	21894	21814	21833	22078	17452	19431	20818	26623	25531	23990	24029	24150	24675	26573	27411	27598	26750	26408	25456	25504	26375	25602	25212	27891	27192	27326	25599	26485	25987	26298	27418	26719	26595	27212	27129	27688	28903	28987	28640	28532	28518	28058	28286	28065	27003	28149	27889	27901	27334	25412	25561	25740	24610	24164	24978	24494	30484	30733	30798	30891	30978	30724	30295	30257	29319	30060	30226	30171	29727	29339	29606	28832	29527	34765	34099	33346	32528	32979	33348	32485	32383	31454	33789	33152	32358	32876	32471	32631	32747	30762	30270	31072	30965	30487	32827	31908	32730	31938	32019	31532	29429	29559	31243	32438	30201	32031	31111	37442	33672	34843	36262	35496	36313	36768	37086	38020	39137	38143	38444	39525	38169	36181	36618	37030	37089	38775	37873	37210	38809	37705	37501	38021	38862	38770	38608	39352	39986	40690	40845	40404	40180	40793	41525	40825	41253	42138	42248	28872	31040	29724	29278	33662	32579	32606	35574	34424	34213	34532	32789	32111	33033	33860	33518	33440	33180	33763	36168	36256	35769	35406	33522	34532	34562	34638	34895	35142	35978	35874	35904	34993	34842	38181	36795	37163	61077	54532	55536	52489	52472	55177	54142	54815	53818	50356	51331	52056	50924	58176	57793	57767	58314	58077	58248	56063	55503	56296	60710	61592	61162	57738	58837	58764	58600	58288	57312	56420	56966	58761	59668	43640	43179	42532	42696	43192	43909	43825	44994	45039	43476	42701	43024	44796	45352	41673	41593	42138	42280	41940	41332	44519	43310	42607	39440	43673	40051	41820	40826	40831	43323	42773	42327	42678	47065	46415	46733	47189	46682	44678	45871	45583	45460	44827	44285	44267	52120	53257	52582	53118	52881	50548	50339	52031	51866	50493	50105	50007	50093	49473	48787	48800	49774	51894	52457	52553	51230	50257	50632	50526	47449	47797	49021	48658	48498	47201	46982	47268	46917	47785	47588	47553	45048	44313	44722	44846	45305	44836	48559	47770	48418	45925	46618	45645	44018	44804	42245	42004
DRAP1	73584	75123	74009	74782	74835	75116	74426	73085	71646	71195	71371	71062	71565	72472	71974	79218	81663	83877	81530	79105	78418	77796	77226	77041	79896	78622	80010	79805	80297	77828	76796	77882	62365	61633	62480	61397	60591	62067	63904	58733	58619	59823	59497	59925	60487	60760	60285	60253	59509	59766	62467	60801	61797	61603	61215	61195	61932	67570	66485	65696	66024	64353	64748	64960	66047	66545	64536	65409	66738	67075	66964	65124	65502	66059	67881	67677	69305	69938	69333	69946	70033	70135	69418	71213	81608	81358	101511	95460	92039	92103	90450	89053	85019	86971	85500	865	647	739	79	12	388	237	278	1148	1445	1291	2014	1925	1795	1805	6921	7137	7042	6288	6396	6645	6759	6256	6307	5895	5696	5822	5894	6188	6161	5939	5581	5402	5418	2575	2854	2719	3129	3092	3255	3453	3585	3854	4095	4122	4507	4508	4660	4830	4775	4851	8238	9308	9206	9064	9645	9409	9572	9342	7551	7738	7777	7809	8809	8815	8090	8344	8248	8643	8520	12201	12492	12980	13162	13043	12986	13043	12619	12455	12379	12592	12369	12619	12676	12643	10620	10244	10356	10307	10578	10058	10853	10431	10331	10616	10388	10890	11106	11142	11736	11929	11804	11973	11896	11867	11622	11253	11469	11461	11482	11044	11572	11618	11456	13685	13371	13395	13777	14088	14189	14072	14407	14618	14464	15211	15157	14838	14664	14698	14677	14623	14832	15105	16405	15825	16274	15950	15347	15549	15850	15732	15703	15425	15457	15426	15343	15190	15345	15719	15767	16492	16812	17649	17719	17298	17237	17479	17085	17064	17001	17287	16409	16743	16759	16744	16728	19264	19647	19611	20198	19870	20107	19825	20137	18262	18325	18188	18160	17969	18856	18682	19010	19043	19042	18634	18780	18346	18530	23387	23476	23055	23176	22822	23283	23186	23575	23564	22651	22841	21483	22011	22365	22165	22690	22249	20693	21040	21299	21345	21238	21286	20793	20939	20617	21078	20870	20985	21995	21456	21195	19114	21388	22070	27565	24491	23873	23711	23922	23974	24840	25460	25803	25231	25179	24659	25020	24541	24431	24292	25884	25858	25851	25460	25595	25390	26157	26530	26027	25782	26239	26212	27513	27307	27363	27616	27519	27757	26585	26539	26547	26666	27026	27032	26896	26803	26182	25717	26134	25809	24742	25398	24854	29571	29387	29126	29345	29219	29218	28928	28818	28646	28201	28110	28752	28450	28566	28465	28791	28380	32658	32218	31987	31644	31838	31553	32009	32130	31455	31480	30775	30782	30997	30663	30432	30696	30427	29767	29833	30175	30037	30335	30294	30570	30100	30268	29893	29861	29770	30470	30866	30566	30908	30766	39557	35668	37396	36183	36566	36891	37661	38634	38496	38776	37440	38061	37515	37053	35568	35816	36347	35960	36467	36251	36109	36736	36733	36348	36757	37295	37270	37412	37550	37984	37371	37959	37635	38772	39292	39741	39016	38455	38993	38748	31920	31270	31719	31039	34864	34237	34519	35508	35099	35296	32614	32793	32325	33122	34374	33993	34035	33706	33978	34728	33923	32860	33346	32939	33118	33399	33378	33503	33739	34980	34895	34399	34677	34465	35689	34687	35381	50777	55266	56064	53570	53118	54631	53243	53063	52453	49957	51922	51471	50628	53000	53526	54630	55459	55282	55120	54682	53460	53437	56556	56821	57266	54898	55747	56108	55871	55533	57586	55872	55769	56950	56548	41547	41685	41575	41254	41117	41053	41615	42037	41973	42550	41874	41672	41982	41439	40167	40333	40466	40437	40188	40260	39972	40186	39576	38935	40001	41552	41079	41035	41432	43460	42125	42655	42728	44066	43401	44135	43644	43597	43737	44005	43321	43502	42854	42937	43383	49520	51146	50224	50511	50296	48994	49065	49349	50347	49764	49859	48196	47868	47341	47534	47845	48180	49623	48980	48514	47811	46091	46266	46673	45036	44816	46359	45296	45654	45107	45825	45521	46059	46461	46215	46413	46110	44740	44987	44780	46255	47193	46946	46522	46598	46774	46553	48391	46944	47226	44079	43750
GATAD1	73565	75282	74590	75174	76424	76364	75166	74337	72290	72164	72406	73523	73521	74278	73233	81957	83162	84553	82036	80410	79249	78275	77795	78053	79961	79361	80688	80259	79958	78901	77405	78752	62431	62021	62756	61727	60530	61958	63324	58429	58482	59873	60356	60277	60748	61116	60464	61558	60621	60824	63268	61555	62216	61993	62647	62543	62775	68810	68635	67243	67915	64748	65937	66207	67095	66977	65120	65804	66975	66901	66600	64873	65211	66085	68499	68222	69973	70378	69304	69942	70051	70070	69266	76865	86977	88056	103005	97155	93658	94073	90903	89560	86097	87389	86251	851	662	778	88	11	375	219	253	1163	1442	1314	2076	1902	1801	1808	6966	7239	7124	6396	6469	6575	6635	6064	6249	5987	5759	5867	5897	6165	6150	6009	5631	5502	5487	2588	2853	2723	3250	3230	3353	3474	3640	3880	4143	4180	4532	4504	4632	4809	4832	4932	8060	9273	9309	9165	9699	9589	9556	9383	7581	7741	7736	7785	9004	8998	8215	8431	8372	8791	8561	12200	12595	13279	13291	13040	12849	13028	12625	12582	12521	12843	12355	12646	12592	12623	10763	10369	10401	10344	10425	9906	10816	10541	10494	10615	10483	10956	11231	11189	11725	11954	11934	12052	11937	11872	11792	11399	11475	11437	11622	11211	11515	11697	11539	13817	13495	13391	13827	14301	14213	14087	14526	14560	14394	15363	15106	15029	14774	14768	14795	14911	14908	14787	16098	15857	16216	15836	15497	15686	15939	15823	15619	15467	15528	15445	15415	14998	15256	15565	15747	16090	16623	17769	17971	17408	17315	17641	17307	17241	17219	17458	16668	17019	16994	16908	16750	19528	19745	19759	20456	20240	20293	19794	20236	18525	18583	18484	18298	18246	19108	19169	19190	19089	18985	18582	18810	18348	18623	23577	23639	23366	23388	23117	23625	23610	23831	23637	22414	22836	22168	22263	22665	22203	22985	22721	20930	20893	21415	21217	21634	21575	21007	21051	20807	21215	21114	21300	21917	21483	21400	18739	20738	21802	27363	24579	23855	23875	23790	24059	25362	25906	26191	25611	25518	24858	25088	24894	24595	24485	26400	26131	26238	25337	25683	25603	26305	26700	26162	26002	26431	26289	27495	27750	27572	27844	27764	27922	26914	27003	26908	26766	27102	27165	27004	26968	26006	25549	25965	25377	24442	25035	24719	29774	29637	29513	29694	29651	29609	29258	29231	28555	28757	28791	29006	28719	28637	28711	28653	28635	33260	32504	32309	31742	32207	31908	31937	31917	31483	32074	31539	31117	31306	31055	31089	31201	30438	29793	30191	30357	30073	30811	30566	31217	30385	30575	30295	29639	29492	30436	31071	30451	31045	30832	39221	35205	36672	36072	36256	36611	37353	37863	38226	38626	37541	37994	37938	37273	35606	35994	36252	36159	37189	36433	36269	37206	36874	36589	36792	37756	37636	37516	37954	38447	38316	38672	38403	39155	39394	40110	39598	39186	39810	39650	30979	31051	30973	30200	34491	33653	33913	35249	34716	35165	32766	32743	32192	32672	34198	33691	33828	33262	33878	35057	34479	33836	33688	32987	33541	33522	33667	33880	33988	35226	35017	34431	34586	34173	36250	35196	35738	55260	55182	55827	53407	52640	54607	53625	53750	52820	49953	51496	51732	50638	54352	54534	55358	55929	55949	55936	54943	54001	54066	57604	58149	58096	55635	56524	56780	56726	56226	57220	55942	56125	57239	57099	42020	42224	41753	41338	41514	41729	42115	42471	42684	42520	41961	41805	42608	42371	40504	40743	40853	40777	40489	40565	41132	41022	40393	39179	41122	40953	41140	40876	41204	43294	42049	42394	42512	44931	44119	44793	44605	44400	44044	44388	43847	43932	43283	43187	43713	50045	51676	50611	51413	50897	49309	49345	50059	50647	49828	49773	48526	48361	47918	47857	48000	48576	50258	50005	49438	48558	47208	47375	47632	45275	45323	46833	46166	46148	45607	45887	45990	46154	46529	46399	46610	45611	44597	44991	44846	45901	46587	47375	46909	46828	46539	46331	47583	46076	46641	43250	43106
MNX1	73358	75620	75356	75524	78563	77685	75588	76039	72594	72489	73113	75766	75430	75718	74544	85584	83529	84844	82393	82027	79370	78903	78599	79352	80438	79607	80393	80146	80110	79713	78500	78987	62735	62537	62707	61154	60082	61052	62960	57171	59023	59366	60432	60379	60954	61233	60897	63464	61912	62075	64222	62876	62787	62604	64148	64157	63818	70583	70060	68624	70181	64960	66207	68063	68004	67317	65701	66246	66337	67103	66637	65037	65111	65669	68989	68782	71025	71583	70106	69336	69527	70163	68852	79015	89073	91565	103887	98855	95222	95175	90597	89243	87685	87581	86364	881	670	792	101	14	391	216	240	1184	1440	1306	2048	1865	1797	1838	7099	7343	7142	6313	6577	6600	6492	5878	6270	6053	5760	5966	5944	6276	6193	6049	5621	5485	5417	2633	2894	2757	3279	3213	3392	3473	3531	3790	4185	4182	4663	4542	4715	4891	4864	4927	7966	9404	9427	9131	9652	9655	9567	9542	7668	7755	7723	7742	9097	9115	8190	8367	8360	8834	8729	12328	12740	13378	13412	13143	12879	12944	12577	12937	12629	12950	12425	12946	12551	12719	10566	10487	10504	10286	10454	9841	10783	10564	10501	10591	10469	10991	11274	11253	11838	12020	12172	12178	11966	12008	11879	11536	11580	11457	11690	11356	11351	11615	11598	13901	13695	13771	13925	14574	14281	14189	14703	14380	14060	15662	15279	15478	14987	14851	14857	15101	15156	14655	15851	15697	16356	15801	15441	15800	16236	15986	15531	15525	15554	15390	15280	14944	15059	15340	15611	16008	16557	17793	18123	17487	17135	17872	17302	17342	17447	17706	16660	17184	17202	17032	16783	19739	19829	19849	20750	20508	20461	19786	20238	18737	18924	18701	18381	18552	19285	19283	19532	19269	18866	18772	18823	18565	18738	23747	23863	23794	23766	23700	23989	23945	24176	23988	22095	22761	22629	22770	23009	22448	23414	23162	21215	20446	21408	21190	22060	21901	21094	21145	21042	21810	21432	21419	21738	21543	21540	18305	20169	21276	26999	25067	23869	23633	23880	24270	25751	26340	26599	26020	25850	25003	25124	25563	24884	24795	27009	26546	26618	25355	25952	25534	25971	26980	26225	26178	26718	26635	27388	28083	28055	27990	27963	28098	27149	27456	27335	26569	27604	27323	27280	26983	25520	25734	25773	24878	24383	25028	24481	30018	30067	29993	30065	30104	30012	29460	29643	28991	29377	29201	29482	28963	28797	28952	28440	28795	33688	33133	32724	32030	32158	32422	32051	32134	31504	32735	32007	31628	31941	31478	31545	31876	30362	29766	30372	30388	30075	31800	31112	31762	31099	31116	30774	29291	29693	30781	31633	30166	31494	30732	38263	34331	35683	36277	35882	36346	36971	37533	37879	38776	38017	38184	38407	37751	35553	36125	36532	36408	37662	37024	36587	37826	37000	37009	37351	38162	38074	37985	38329	39097	39156	39488	38977	39454	39983	40649	39812	40148	40745	40546	30186	31267	30659	30128	34044	33197	33132	35334	34410	34297	33800	32748	32092	33241	33744	33521	33535	33043	33715	35243	35076	34346	34359	33069	33750	34051	33992	34198	34256	35422	35286	35287	34616	34420	37060	35857	36319	56302	54797	55455	52550	52832	54903	53326	53759	52790	50110	51362	51821	50660	55915	55806	56284	56755	56523	56753	55085	54467	54801	58765	59248	59355	56263	57450	57343	57031	56991	57285	55811	56194	57990	58218	42709	42144	41857	41719	42238	42606	42726	43478	43776	42702	42036	42376	43629	43662	41085	40842	41209	41275	40974	40667	42555	41837	41180	39056	41925	40676	41293	40879	41086	43186	42323	42419	42566	45578	45092	45383	45525	45098	44074	44796	44540	44595	43769	43817	43554	50711	52043	51296	51731	51649	49942	49538	50536	50949	49874	49733	49031	48772	48493	47997	48152	48797	50599	50889	50572	49422	48206	48683	48542	46332	46605	47503	47228	46990	46128	46111	46351	46311	47310	46748	46831	45310	44320	44694	44361	45683	45622	47714	47093	47477	46122	46498	46794	45365	46012	43078	42502
HNF1B	76860	78284	78499	79209	79145	78196	76740	77651	75442	74961	75460	76571	75437	76607	75459	85542	85788	87389	85931	83576	81833	81010	79923	80709	83204	83216	83590	83907	83166	83413	81309	82355	65310	65133	64536	64917	63628	65325	65991	60746	61064	61183	62261	62691	62975	63240	61448	63179	62070	62094	64780	63844	62947	63274	64841	64045	63563	70387	70882	69740	70010	66047	67095	68004	70171	68747	67459	67901	70654	70100	69260	68345	67642	67974	71000	70730	73030	72639	71795	72070	73746	73344	72738	85947	96969	96854	107224	101457	98328	97882	95262	94115	90269	91398	91123	893	649	778	87	12	385	222	242	1165	1393	1304	2031	1900	1778	1825	6971	7222	7099	6362	6379	6671	6752	6261	6526	5965	5739	5882	5829	6142	6163	6072	5695	5342	5385	2566	2823	2719	3256	3290	3301	3466	3566	3854	4083	4226	4567	4515	4838	4790	4902	4948	8559	9461	9310	9193	9623	9552	9649	9419	7566	7802	7662	7846	9110	8782	8151	8347	8280	8555	8743	12374	12900	13182	13430	12888	12951	12898	12938	12722	12549	12895	12406	12804	12588	12654	11059	10717	10474	10518	10658	10107	10740	10577	10422	10537	10538	11139	11259	11128	11990	11854	11985	12074	11885	11970	11656	11509	11391	11515	11634	11476	11464	11846	11742	13700	13747	13730	14158	14442	14069	14151	14852	14703	14651	15190	15206	15320	15166	14943	14660	14862	14891	15427	16345	16001	16456	16000	15579	15947	16038	15887	15822	15487	15689	15473	15564	15326	15417	16019	16306	16682	17170	17996	18015	17569	17391	17711	17256	17208	17232	17323	16924	17250	17113	17046	17016	19753	19739	19638	20372	20126	20179	19965	20482	18451	18631	18491	18490	18399	19100	19079	19433	19486	19035	18840	18812	18662	18703	23323	23787	23350	23572	23238	23556	23506	23901	23957	22830	23079	22611	22337	22537	22494	23353	23374	21420	21405	22295	22258	21772	21666	21091	21027	21072	21347	21065	21189	21981	21863	21842	19557	21694	22319	28550	24958	24276	24431	24239	24398	25987	26390	25947	25654	25390	24960	25209	24770	24664	24662	26652	26338	26244	25790	26042	25934	26557	26865	26551	26436	26684	26453	28005	27878	27835	28235	28031	27891	27490	27028	27186	27077	27668	27345	27499	27201	27115	26775	26393	26162	25586	25712	25194	29888	30067	29868	29806	29723	29662	29541	29659	29334	28625	29053	29120	29184	28865	29045	28822	28915	32798	32775	32622	31993	32657	32797	32761	32382	31889	32059	32228	31553	31634	31807	31538	31587	30708	30242	30514	30536	30654	31448	30456	31284	30874	30813	30664	30352	30506	31680	32147	31070	31580	31044	41534	37039	38483	37263	37359	37942	39035	38592	39207	39737	38923	38665	37718	37871	36670	36367	37080	36849	37148	36966	36516	37954	37552	37124	37353	38820	38135	38333	38662	38792	38865	39185	39239	39885	40198	40447	39302	39821	39843	40177	32669	32776	32411	32104	35779	34909	35478	36565	35806	35480	34210	33304	32952	34100	34797	34739	34855	33809	34143	34837	34768	34221	34111	33758	34317	33916	33730	34262	34569	35660	35532	35246	35218	35048	36362	35743	36171	63029	57946	58301	54643	54654	56427	55514	54409	54419	52573	53415	53149	52292	55404	55120	56309	56006	56281	56244	55726	55187	55234	59114	60352	59828	57656	57441	58014	57732	57423	59106	58095	57861	58816	59254	42580	42199	42496	42262	42076	42134	42833	43289	43087	43966	42541	43102	43897	43766	41225	41459	41209	41645	41456	41249	42172	41221	41021	40731	43284	42604	42470	42021	42519	44479	43458	43762	43601	44590	45564	45392	45389	45401	45423	45345	44566	44582	44525	44503	44614	51195	52474	51815	52249	51623	50567	50486	51696	51926	51575	51340	49167	49263	49141	48634	49482	49810	50605	50997	50886	49013	48331	48191	48281	46216	46538	47714	47334	47422	47619	47004	47223	47346	47736	47534	47388	46791	45849	46589	46488	47934	48214	50433	48846	49034	48026	48631	49878	48769	48867	45933	45257
E2F8	78153	79083	77854	78971	77551	77811	77373	76147	75197	74555	74369	73467	74068	75329	74692	82052	85265	87879	86016	82288	81921	81469	80943	80301	83849	82898	84316	84483	84813	82197	81013	81891	65812	64755	65329	64921	64140	66272	67577	62222	61722	62574	62291	62876	63371	63714	62482	62233	61451	61856	64990	63340	64037	64135	63577	63251	63682	69712	68968	67979	68217	66545	66977	67317	68747	69769	67546	68610	70798	71109	70854	69288	69263	69749	70963	70438	72520	73143	72606	73933	74599	74204	73459	76550	87735	86398	106442	100105	96862	96078	95898	94572	89151	92183	90889	898	659	789	81	9	381	229	252	1146	1447	1314	2071	1970	1790	1842	7036	7386	7139	6341	6501	6821	6953	6581	6503	6092	5840	5944	5960	6339	6252	6055	5787	5498	5452	2623	2916	2765	3249	3222	3234	3482	3659	3844	4155	4243	4580	4555	4816	4810	4967	5109	8791	9650	9368	9214	9914	9554	9703	9558	7667	7892	7965	8044	9102	8988	8374	8426	8310	8791	8831	12564	12819	13304	13349	13285	13244	13323	13000	12719	12716	12912	12728	13011	13028	12952	10900	10607	10856	10791	10991	10336	11114	10677	10464	10793	10628	11087	11320	11343	11981	12206	12072	12246	12215	12121	11966	11529	11757	11610	11957	11483	11836	11917	11773	14146	13542	13649	14279	14359	14409	14342	15012	15095	15048	15594	15412	15118	15030	15045	15033	15029	15155	15921	16739	16401	16882	16257	15836	16016	16247	16092	16137	15950	16097	15945	15780	15577	15798	16328	16688	17197	17573	18032	18400	17932	17546	17943	17532	17488	17568	17647	16651	17110	17203	17143	17078	19826	19979	20003	20635	20395	20659	20433	20625	18802	18757	18633	18615	18425	19483	19193	19283	19360	19610	19283	19400	18830	19088	23939	24026	23661	23808	23326	23826	23823	24277	24254	23303	23493	22258	22604	23108	22732	23189	22770	21463	21870	22121	22063	21688	21685	21348	21528	21146	21439	21311	21442	22715	22206	21745	20508	22846	23247	29302	25242	24787	24296	24637	24674	25514	26144	26321	25817	25873	25332	25584	25190	24921	25195	26700	26498	26452	26213	26458	26265	26848	27445	26622	26582	26853	26920	28486	27886	27898	28176	28319	28718	27157	27150	27334	27498	28038	27792	27568	27585	27613	27218	27268	26960	25931	26170	25699	30357	30285	29783	30053	30037	30186	29642	29671	29604	29009	29008	29475	29258	29340	29202	29440	29241	33237	33076	33011	32572	32733	32534	33041	33281	32741	32374	31666	31745	31765	31350	31204	31523	31552	30887	30712	31004	30745	31274	31092	31350	30805	31099	30828	30891	30863	31811	32026	31703	31958	31916	42404	38388	39973	37837	38369	38463	39576	40265	39961	40331	39207	39548	38414	38584	36744	37114	37715	37262	37326	37504	37138	37867	37771	37663	37849	38678	38498	38524	38565	39053	38412	39037	38750	40091	40658	41235	40004	39677	39977	39886	34512	32953	33654	33078	36565	36153	36434	37141	36666	36911	33792	33948	33933	34839	35900	35403	35414	34882	35244	35697	34806	33704	34171	33999	34143	34576	34364	34538	34731	36175	36116	35509	35817	35445	36580	35839	36519	54877	58817	58956	56495	55957	57086	55711	54863	54356	52586	54699	53697	52879	54765	54941	56303	56764	56849	56625	56785	55587	55176	58467	58831	59170	57003	57573	57912	57654	57714	60418	58336	58187	59168	58898	42907	42824	42752	42553	42362	42148	42796	42974	43258	43922	43319	43087	43397	42945	41681	41585	41605	41786	41623	41768	41195	41340	40671	40522	41688	43753	42532	42970	43247	45548	43931	44566	44740	45069	44745	45422	45000	45101	45233	45671	44582	45015	44368	44841	44766	51361	53068	52096	52266	52026	51045	50860	51209	52226	51780	51877	49602	49487	48940	49155	49622	49946	51110	50675	50266	48819	47582	47709	47830	46406	46382	47639	46823	47365	47076	47469	47354	47966	48355	47792	48006	48527	46714	47019	46970	48891	50117	49338	48577	48684	49344	49081	51824	50389	50757	47258	46226
ETV5	76687	77291	77046	77522	75786	75543	74929	75100	73647	72987	72876	72403	72405	73672	73026	80910	83286	85745	84459	80627	79765	79705	78612	78528	82078	81634	81936	83039	82975	81160	79998	80181	64374	63730	63745	63326	62967	65254	66310	60472	60456	60617	60454	61232	61972	62148	60308	60721	59873	59928	63079	62140	61575	62271	62259	61638	61349	67896	67446	66431	66681	64536	65120	65701	67459	67546	66313	66737	69576	69870	69320	68049	67792	68011	69355	69080	71223	71063	70767	71545	73401	73102	71983	77747	88879	86927	104405	98180	95188	94375	93688	92956	88019	90298	89500	842	662	744	86	10	388	224	246	1118	1371	1249	1989	1903	1739	1742	6698	6929	6814	6153	6176	6498	6728	6365	6414	5765	5566	5625	5702	5943	5956	5820	5554	5295	5243	2496	2741	2640	3170	3124	3187	3373	3507	3737	3996	4008	4357	4289	4736	4670	4693	4788	8746	9178	8934	8868	9415	9264	9319	9137	7350	7611	7592	7673	8698	8593	7837	8146	8131	8298	8398	12204	12343	12902	12855	12678	12568	12705	12574	12314	12138	12472	12141	12390	12408	12273	10705	10413	10257	10473	10598	9764	10476	10221	10035	10274	10288	10725	10931	10811	11635	11619	11637	11624	11604	11587	11271	11112	11138	11162	11298	11039	11295	11480	11398	13406	13208	13165	13623	13930	13706	13814	14560	14349	14526	14770	14803	14723	14515	14343	14241	14268	14373	15879	16255	15704	16154	15638	15145	15433	15623	15440	15749	15236	15316	15180	15099	15179	15244	15744	16202	17105	17104	17376	17553	17176	16925	17164	16708	16837	16752	16839	16309	16549	16487	16439	16337	19090	19347	18999	19828	19509	19653	19529	19923	18003	18042	17915	17922	17692	18489	18406	18665	18590	18937	18667	18583	18296	18087	22755	22886	22792	22920	22476	22818	22892	23237	23330	22460	22564	21646	21710	21878	21992	22446	22139	21029	21134	21713	21729	20952	20828	20479	20523	20072	20655	20460	20588	21753	21464	21136	20093	22430	22608	28714	24500	24058	23465	23761	23727	24797	25337	25077	24765	24648	24305	24619	24230	23933	23958	25666	25463	25365	25274	25359	25250	25995	26258	25845	25654	25876	25713	27509	26785	26874	27297	27198	27300	26328	26067	26240	26516	26975	26738	26600	26458	27077	26746	26335	26160	25460	25423	24993	29090	29080	28759	28785	28801	28791	28525	28637	28779	27722	27660	28188	28098	28175	28309	28138	28172	31543	31765	31630	31235	31597	31757	32007	32084	31483	31066	30678	30641	30626	30483	30177	30461	30157	29538	29574	29857	29745	30386	29723	30191	30034	29740	29555	29895	30168	30915	31271	30505	30828	30503	41622	37491	39239	37053	37471	37539	38882	38996	38968	39098	38209	38274	36640	37466	35898	35587	36224	35928	36033	36061	35815	36652	36643	36348	36551	37747	37200	37393	37212	37529	37037	37615	37503	38596	39143	39345	38205	38439	38423	38436	34101	32441	33019	32693	35711	35533	35643	36056	35430	35481	33435	33018	32850	34136	34542	34557	34503	33800	33821	34040	33460	32584	32965	32879	33036	33358	32958	33260	33460	34782	34838	34523	34504	34254	35144	34611	35150	56389	57911	57643	54461	54710	55851	54170	53193	53046	51811	53355	52455	51842	52855	53120	54628	54617	54779	54589	54475	53705	53513	56816	57310	57803	55457	55605	56432	56040	55926	58691	56862	56783	57850	57906	41310	41042	41301	41162	40915	40550	41498	41851	41518	42667	41847	41903	42356	41856	40105	40236	40206	40431	40185	40311	40258	39744	39356	39809	41396	43057	41396	41737	42184	44046	42820	43581	43358	43047	43772	43818	43581	43506	44075	44183	43084	43359	43296	43670	43448	49719	51311	50470	50643	50297	49706	49402	50026	50824	50509	50354	48029	47788	47529	47495	48533	48598	49107	49081	48978	47201	46191	46162	46291	44991	45166	46330	45799	45893	46117	45734	46190	46358	46990	46453	46521	47023	45404	46128	45890	47936	48536	49044	47899	47884	47815	48076	50466	49605	49684	46733	45567
TARDBP	77846	78503	77389	78717	76537	76570	76043	75841	74735	73730	73637	72482	72867	74245	73662	80985	84138	86908	85600	81154	80857	80544	79866	79416	83128	82591	83373	84072	84364	81881	80866	81353	65514	64564	64516	64495	64197	66450	67486	61794	61379	61781	61237	62339	62879	63085	61251	61160	60401	60618	64037	62603	62568	63157	62634	62211	62147	68442	67833	66937	67093	65409	65804	66246	67901	68610	66737	67741	70682	70904	70449	69531	68975	69143	70055	69802	71969	71990	71858	72940	74794	74230	73374	77053	88309	86251	105455	99185	96167	95180	95350	94319	88787	91807	90746	878	644	757	74	6	365	219	257	1153	1401	1287	2072	1877	1777	1764	6835	7087	6904	6223	6327	6672	6854	6536	6473	5840	5697	5767	5745	6124	6066	5970	5691	5272	5375	2533	2853	2681	3193	3185	3258	3425	3552	3809	4058	4112	4452	4397	4746	4683	4792	4898	8956	9340	9039	9027	9654	9392	9481	9336	7517	7728	7827	7807	8915	8721	7971	8211	8225	8477	8553	12364	12534	12961	13104	12870	12923	13023	12836	12447	12383	12597	12401	12607	12716	12637	10793	10509	10450	10643	10860	10160	10828	10430	10243	10566	10370	10935	11110	10930	11778	11863	11773	11918	11832	11865	11549	11252	11365	11386	11637	11394	11551	11687	11552	13686	13287	13369	13959	14191	14080	14034	14807	14889	14836	15168	15027	14980	14762	14651	14576	14490	14692	15939	16559	15954	16430	15998	15407	15698	15843	15698	15951	15609	15676	15474	15635	15511	15518	16315	16606	17239	17443	17715	17885	17496	17111	17330	17084	17086	17089	17115	16442	16805	16724	16782	16753	19499	19640	19381	20144	19955	20109	19969	20275	18334	18256	18112	18135	17912	18917	18740	18848	19016	19267	19076	18927	18512	18497	23112	23376	23013	23205	22813	23118	23095	23645	23709	22920	23003	21927	22054	22298	22359	22812	22365	21401	21440	22145	22145	21342	21210	20796	20920	20654	20895	20940	20938	22300	21647	21453	20641	22934	23052	29396	24773	24539	23885	24185	24195	25012	25580	25473	25230	25170	24746	25001	24459	24309	24448	25955	25801	25697	25825	25872	25706	26555	26725	26159	26149	26072	26141	28060	27258	27367	27599	27847	28047	26597	26527	26732	26890	27387	27262	27173	27017	27505	27223	26955	26739	26043	25887	25375	29727	29598	29100	29210	29256	29220	28912	29109	29114	28092	28107	28573	28448	28708	28577	28646	28514	32079	32111	32103	31854	32042	32112	32577	32531	32281	31520	31006	31020	31031	30899	30604	30659	30588	30079	30163	30387	30193	30464	30237	30531	30320	30212	29965	30521	30603	31502	31603	31260	31300	31198	42637	38311	40076	37368	38204	38280	39598	39731	39457	39863	38987	38919	37195	37831	36416	36363	37081	36542	36484	36548	36318	37067	37257	37037	37226	38078	37763	37768	37858	38118	37496	37948	37935	39251	39930	39985	38768	38956	38942	38895	34944	32934	33771	33432	36507	36157	36499	36690	36145	36303	33611	33589	33422	34622	35457	35086	35176	34479	34519	34567	33998	33026	33508	33292	33520	33766	33551	34000	33963	35275	35363	35032	35199	34828	35532	35116	35742	55811	58769	58621	55733	55769	56540	55126	53740	53753	52491	54255	53248	52421	53642	53569	55433	55236	55471	55389	55428	54508	54205	57327	57906	58345	56287	56332	56967	56469	56703	59860	57787	57550	58541	58475	41906	41584	42104	41810	41809	40985	42059	42267	42042	43203	42505	42708	42983	42447	40777	40873	40745	40901	40814	41139	40436	40219	39663	40384	41426	43823	42134	42383	43012	44938	43533	44289	44182	43556	44235	44336	43948	44125	44761	44794	43548	44029	43682	44249	44131	50343	51968	51141	51253	50918	50370	50160	50698	51390	51127	51278	48844	48524	48196	48173	49289	49303	49893	49528	49307	47700	46647	46574	46688	45570	45808	46740	46163	46469	46450	46760	46761	47321	47613	47069	47106	48018	46155	46831	46583	48864	49838	49490	48314	48467	48808	48811	51828	50666	50865	47743	46547
TEAD1	84796	83318	83777	85099	76927	76674	77910	78349	79478	77879	77142	73653	72809	75372	74911	80637	87592	91695	92072	83483	84747	84056	82236	81406	88007	88959	89090	91456	90172	88944	86105	86733	70196	68682	67993	70899	70471	74861	73066	67940	65768	64309	63898	65906	66023	66270	61508	60200	59892	60198	64693	63971	62551	64005	63605	61379	61126	67800	68734	67929	66567	66738	66975	66337	70654	70798	69576	70682	78535	76495	75732	75997	73741	73855	73264	72856	75204	73932	74729	77776	82913	80549	80201	91544	104618	97884	111030	103709	101898	99305	103628	103758	93642	99043	99365	902	592	738	83	13	383	276	291	1110	1356	1244	1992	1880	1729	1680	6505	6814	6615	6226	5900	6531	7140	7269	6831	5585	5412	5444	5453	5897	5861	5789	5666	5095	5246	2401	2726	2646	3049	3241	3007	3318	3572	3790	3839	4048	4236	4202	4952	4509	4697	4844	10061	9119	8640	8815	9390	8880	9122	9119	7050	7442	7819	7896	8601	8108	7664	7910	7825	7781	8167	12685	12559	12534	12935	12262	12804	12875	13061	11810	12012	12230	12285	12227	12499	12414	11286	10794	10373	11108	11247	10231	10490	10270	9939	10248	10205	10865	10728	10448	11656	11612	11317	11417	11550	11650	11094	11039	10922	11037	11358	11491	11732	11829	11633	13236	12930	13154	14191	13472	13629	13770	14953	15077	15491	14516	14771	14587	14579	14478	13997	13730	14069	17383	16743	16283	16515	15992	15429	15496	15175	15340	16494	15564	15582	15626	15872	15863	15931	17429	18000	18997	18496	17523	17329	17380	17130	16664	16482	16745	16447	16439	16468	16520	16199	16445	16677	19123	19346	18576	19283	19023	19451	20030	20344	17588	17571	17467	17733	17468	18137	18179	18270	18659	19635	19060	18933	18750	18194	21860	22813	22280	22667	21603	22049	22087	22804	22908	23653	23040	21875	21300	21434	21971	22097	21966	21785	22782	23412	23465	20647	20232	20510	20677	19936	19766	20187	20174	22509	21754	21291	23217	25920	25052	33257	24498	25001	24379	24398	24060	24609	25081	24062	24127	24159	24161	25006	23213	23299	23996	25116	24902	24659	25881	25473	25953	27118	26117	26196	26206	25721	25635	28424	26336	26306	27333	27510	27407	26411	25510	25876	27282	27071	27118	26799	26894	30141	29197	27932	28569	28143	26892	25996	29394	29375	28592	28291	27934	28354	28346	28673	29371	26940	27372	27596	28197	28380	28293	28581	28242	30165	30829	31552	31367	32248	32061	33178	32687	32837	30135	30507	30458	29897	30624	29846	30193	31010	30614	30042	30405	30453	29920	28601	29236	29429	29245	29416	31666	32087	33001	32237	32497	31125	31461	48694	43599	45313	39335	40647	40887	42839	41522	41299	41241	40320	39395	35738	37893	37804	36310	37542	37147	35326	36204	35621	36627	37513	36978	36909	38704	37746	38035	37531	37225	36589	36887	37615	39117	39733	39379	37607	37989	37199	37746	40302	35370	37176	36960	39362	39084	40250	38409	38173	38240	34018	34327	34857	36460	36840	36950	37008	35368	35166	33568	32893	32005	32469	33955	34040	33593	33019	33637	33643	35345	35191	34938	35838	35564	34241	34831	35310	68959	64853	63407	59487	59278	59452	58564	54533	55680	56948	57718	55288	55267	52437	52007	55077	53596	54610	54362	56147	55528	54678	57549	58403	58707	57827	55772	57592	57059	57310	62868	61079	59997	59817	60325	41228	40982	42506	41857	41329	39984	41621	41170	40608	44179	43184	43329	42768	42391	40808	41321	40309	40873	41531	41591	39672	39114	38734	43099	42793	47405	43541	44170	45142	46858	45185	46529	45848	41438	44515	43798	43176	43706	46591	45101	43232	43863	44694	45128	45273	50530	52145	51543	51468	50699	51525	51564	52346	53063	53329	53787	48882	48554	49161	48983	51275	50184	49178	49761	48919	46151	45826	45393	45394	45162	45327	46444	46085	46770	48579	47441	47580	48812	48435	48058	47710	50631	48459	49894	49924	53058	54570	53646	51298	50836	52231	52329	57496	57372	56598	53362	50880
RARA	84669	83370	82889	83921	77323	77389	78174	78373	78600	76824	76227	72414	72943	75111	75357	80686	86941	91289	91275	83487	84020	84492	83040	81800	88435	88056	87830	90577	91008	86824	86239	85646	70269	68320	67919	68768	69511	73329	73282	67102	65766	64510	63381	65297	66304	66244	62359	60927	60543	60940	65144	64827	63363	65125	63403	62173	61621	68597	67217	67294	66790	67075	66901	67103	70100	71109	69870	70904	76495	77271	76128	76176	74548	74064	73024	72555	75415	74501	75501	77493	81799	80559	79456	79500	92848	85607	110481	103281	100916	98092	102093	101953	93328	98420	97570	889	667	765	90	9	403	269	278	1127	1374	1308	2031	1933	1736	1788	6716	7011	6718	6257	6222	6785	7164	7150	6802	5787	5474	5580	5685	6145	5917	5793	5686	5231	5321	2506	2776	2738	3133	3181	3141	3399	3656	3873	4034	4102	4404	4357	5005	4607	4820	4970	10316	9368	8790	8879	9612	9161	9267	9317	7374	7628	7908	7955	8745	8435	7916	8055	7931	8032	8443	12824	12568	12606	12917	12685	12908	13048	13198	12289	12188	12370	12351	12506	12623	12592	10997	10720	10608	11172	11428	10249	10701	10520	10073	10414	10337	10875	10859	10704	11815	11885	11605	11599	11646	11767	11215	11086	11273	11247	11626	11414	11804	11751	11648	13562	13099	13306	14056	13793	13926	14022	15126	15175	15616	14852	15149	14773	14584	14659	14275	14233	14509	17736	16902	16161	16806	16342	15560	15792	15619	15522	16661	16069	15867	15599	15901	16215	15940	17206	17804	19280	18804	17607	17873	17721	17206	16868	16716	16939	16896	16873	16532	16614	16404	16585	16575	19332	19405	19086	19794	19441	19683	20196	20232	17938	17745	17790	17765	17650	18639	18068	18565	18614	19991	19585	19188	18791	18588	22411	23050	22659	23198	22097	22363	22515	23310	23491	23539	23350	21663	21818	21732	22410	22303	21939	22020	22321	23119	23119	20714	20562	20738	20966	20175	20243	20358	20504	22929	22091	21444	23529	26085	25168	32684	24805	25333	23998	24733	24335	24480	25248	24638	24638	24673	24676	25214	23835	23815	24320	25274	25301	24994	26348	25756	26137	26858	26787	26117	26440	25813	26127	28714	26694	26686	27274	27661	27863	26348	25912	26274	27470	27618	27518	27093	27132	29800	29901	28458	28712	28229	26765	26540	29697	29777	28763	28498	28485	29156	28455	28851	29935	27420	27501	28298	28203	28539	28703	28780	28592	30846	31612	32024	32024	32048	32241	33458	33349	33165	30767	30481	30935	30544	30766	30054	30497	31231	30576	30169	30780	30401	30549	29517	29920	30362	29782	29659	31745	32725	33189	32505	32500	31653	31734	47884	43015	45098	39751	41049	40612	42595	42271	41739	41338	40880	40258	36317	38863	37886	36959	38094	37195	35843	36596	36326	37076	37828	37444	37674	38862	37779	38475	37571	37787	36778	37221	37434	39606	40111	39946	38040	38599	37800	38066	40581	35781	37755	37584	39437	39701	40265	38633	38380	38013	35072	35008	35377	37515	36731	37320	37058	35947	35519	34058	33402	32261	32986	34073	33810	34320	33586	33877	34073	35752	35976	35758	36202	35891	34944	35190	35812	58241	64571	63041	59156	60140	59785	57718	54702	55348	56578	58082	55754	55546	52744	52835	55675	54573	55197	54954	56238	55714	54631	57548	57827	58986	57328	56543	57705	57178	57480	63394	60738	59987	60783	60516	41973	41508	42675	42348	41899	40449	41931	41720	4126