	ADNP	AFF4	AHDC1	AHR	AKAP8	AKAP8L	AKNA	ARHGAP35	ARID2	ARID3A	ARID4A	ARID4B	ARID5B	ARNT2	ARNTL	ATAD3A	ATF1	ATF2	ATF3	ATF4	ATF5	ATF6	ATF7	ATRX	BATF2	BAZ2A	BCL3	BCL6	BHLHA15	BORCS8	BRCA1	BRD4	BRF2	CAMTA2	CBFB	CBX1	CBX2	CBX5	CC2D1A	CCDC6	CEBPA	CEBPD	CEBPG	CENPBD1	CENPT	CENPX	CERS6	CHCHD3	CREB1	CREB3	CREBL2	CREM	CSRNP1	CSRNP2	CTCF	DBP	DDIT3	DLX6	DMAP1	DMTF1	DNMT1	DNMT3B	DPF2	DR1	DRAP1	DZIP1	E2F1	E2F2	E2F4	E2F5	E2F8	EEA1	EED	EGR1	ELF1	ELF3	ELF4	ELK1	ELK4	EP300	ERF	ESRRA	ETS1	ETV4	ETV5	ETV6	FBXL19	FLYWCH1	FOSL1	FOSL2	FOXA1	FOXA2	FOXA3	FOXC1	FOXJ3	FOXK1	FOXM1	FOXO1	FOXO4	FOXP1	FOXP4	FOXQ1	FUBP1	FUBP3	GABPA	GABPB1	GATA2	GATA4	GATAD1	GATAD2A	GATAD2B	GFI1	GLI4	GLMP	GLYR1	GMEB1	GMEB2	GPBP1L1	GPN1	GRHL1	GTF3A	GZF1	HBP1	HDAC1	HDAC2	HES4	HHEX	HIC2	HINFP	HIVEP1	HLF	HMG20A	HMG20B	HMGA1	HMGXB3	HMGXB4	HNF1A	HNF1B	HNF4A	HNF4G	HOMEZ	HOXA10	HOXA3	HOXA5	HOXA7	HOXA9	HOXD1	HSF2	IKZF4	IKZF5	IRF1	IRF2	IRF5	IRF9	IRX3	ISL2	ISX	JARID2	JDP2	JRK	JUN	JUNB	JUND	KAT7	KAT8	KDM1A	KDM2A	KDM3A	KDM4B	KDM5B	KDM6A	KIAA2018	KLF11	KLF12	KLF13	KLF15	KLF16	KLF6	KLF9	KMT2A	KMT2B	LBX2	LCOR	LCORL	LIN54	LRRFIP1	MAF1	MAFG	MATR3	MAX	MAZ	MED1	MED13	MED8	MEF2A	MEF2D	MEIS1	MEIS2	MGA	MIER2	MIER3	MIXL1	MLLT10	MLX	MLXIP	MNX1	MTA1	MTA3	MTERF2	MTERF4	MTF1	MTF2	MXD1	MXD3	MXD4	MYBL2	MYC	MYNN	MYPOP	MYRF	MZF1	NACC2	NAIF1	NCOA1	NCOA2	NCOA5	NFAT5	NFATC3	NFE2	NFE2L1	NFIA	NFIB	NFIL3	NFKB2	NFKBIZ	NFYA	NFYB	NFYC	NKX3	NONO	NPAS2	NR0B2	NR1H2	NR2C2	NR2F1	NR3C1	NR5A1	NRF1	NRL	ONECUT1	ONECUT2	PAF1	PATZ1	PAWR	PAX8	PAXIP1	PBX2	PBX3	PHF20	PHF21A	PHF5A	PHF8	PIN1	PITX1	PLSCR1	POGK	POGZ	POU2F1	PPARG	PRDM10	PRDM15	PRDM4	PREB	PRMT3	PROX1	RAD21	RARA	RARG	RBAK	RBPJ	RCOR2	REL	RELA	REPIN1	RERE	REXO4	RFX3	RFXANK	RFXAP	RNF219	RORA	RREB1	RXRA	RXRB	SAFB2	SALL1	SALL2	SAP130	SATB2	SCMH1	SETDB1	SFPQ	SIX1	SIX4	SKIL	SMAD1	SMAD3	SMAD4	SMAD7	SMAD9	SMC3	SMYD3	SNAI1	SNAPC2	SNAPC4	SNAPC5	SOX18	SOX5	SOX6	SP1	SP110	SP140L	SP2	SP4	SP5	SPEN	SRF	SRY	SSRP1	STAG1	STAT5B	STAT6	TAF1	TARDBP	TBP	TBX2	TCF12	TCF3	TCF7	TCF7L2	TEAD1	TEAD2	TEAD3	TEAD4	TEF	TERF1	TFAP4	TFDP1	TFDP2	TFE3	TGIF2	THAP11	THAP4	THAP7	THAP8	THAP9	THRA	THRB	THYN1	TIGD3	TIGD6	TMF1	TOE1	TOPORS	TP53	TRAFD1	TRIM24	TSC22D1	TSC22D2	UBTF	USF1	USF2	WIZ	XBP1	YEATS2	YEATS4	ZBED4	ZBED5	ZBTB1	ZBTB10	ZBTB14	ZBTB2	ZBTB20	ZBTB21	ZBTB24	ZBTB25	ZBTB26	ZBTB3	ZBTB33	ZBTB34	ZBTB37	ZBTB38	ZBTB39	ZBTB4	ZBTB40	ZBTB42	ZBTB43	ZBTB44	ZBTB46	ZBTB49	ZBTB7A	ZBTB7B	ZBTB8A	ZC3H13	ZC3H4	ZC3H8	ZCCHC11	ZFAT	ZFHX3	ZFP1	ZFP14	ZFP36L1	ZFP36L2	ZFP37	ZFP41	ZFP62	ZFP64	ZFP82	ZFP90	ZFP91	ZFX	ZFY	ZFYVE20	ZGPAT	ZHX1	ZHX2	ZHX3	ZIK1	ZKSCAN5	ZKSCAN8	ZMAT3	ZMAT5	ZMYM2	ZMYM3	ZMYM4	ZNF10	ZNF101	ZNF12	ZNF121	ZNF124	ZNF136	ZNF138	ZNF142	ZNF143	ZNF146	ZNF160	ZNF17	ZNF18	ZNF180	ZNF181	ZNF20	ZNF205	ZNF217	ZNF219	ZNF221	ZNF224	ZNF225	ZNF230	ZNF232	ZNF234	ZNF235	ZNF25	ZNF251	ZNF253	ZNF256	ZNF260	ZNF263	ZNF264	ZNF274	ZNF275	ZNF276	ZNF280B	ZNF280D	ZNF281	ZNF292	ZNF296	ZNF3	ZNF30	ZNF317	ZNF318	ZNF326	ZNF329	ZNF331	ZNF333	ZNF335	ZNF337	ZNF33A	ZNF33B	ZNF34	ZNF343	ZNF350	ZNF354B	ZNF362	ZNF367	ZNF382	ZNF383	ZNF407	ZNF414	ZNF430	ZNF431	ZNF432	ZNF44	ZNF441	ZNF446	ZNF451	ZNF460	ZNF468	ZNF48	ZNF483	ZNF484	ZNF485	ZNF490	ZNF496	ZNF501	ZNF503	ZNF510	ZNF511	ZNF512	ZNF512B	ZNF513	ZNF526	ZNF527	ZNF530	ZNF543	ZNF546	ZNF547	ZNF548	ZNF549	ZNF550	ZNF552	ZNF556	ZNF557	ZNF558	ZNF562	ZNF563	ZNF564	ZNF567	ZNF569	ZNF570	ZNF571	ZNF572	ZNF574	ZNF576	ZNF577	ZNF580	ZNF589	ZNF597	ZNF598	ZNF605	ZNF607	ZNF608	ZNF609	ZNF614	ZNF615	ZNF616	ZNF619	ZNF629	ZNF639	ZNF644	ZNF646	ZNF652	ZNF660	ZNF670	ZNF672	ZNF674	ZNF678	ZNF687	ZNF691	ZNF697	ZNF7	ZNF703	ZNF704	ZNF707	ZNF709	ZNF710	ZNF713	ZNF720	ZNF724P	ZNF737	ZNF740	ZNF746	ZNF747	ZNF749	ZNF75D	ZNF761	ZNF766	ZNF768	ZNF770	ZNF772	ZNF773	ZNF775	ZNF776	ZNF777	ZNF778	ZNF780A	ZNF781	ZNF782	ZNF784	ZNF786	ZNF788	ZNF790	ZNF792	ZNF800	ZNF816	ZNF827	ZNF83	ZNF839	ZNF841	ZNF850	ZNF865	ZNF878	ZNF879	ZNF883	ZNF891	ZSCAN12	ZSCAN20	ZSCAN21	ZSCAN22	ZSCAN25	ZSCAN29	ZSCAN30	ZSCAN31	ZSCAN5A	ZSCAN9	ZUFSP	ZXDC	ZZZ3
ADNP	5589	410	1192	819	822	276	333	712	762	2028	1827	2001	1966	1192	1185	158	603	1466	890	307	440	415	789	69	435	1204	1046	1587	422	1215	786	978	774	523	1148	960	381	1274	311	1096	1432	923	1434	258	376	21	243	464	975	600	433	133	969	158	1576	466	183	1259	1378	317	665	582	954	800	1288	513	782	572	1238	490	1617	597	655	1734	1181	1686	642	786	268	1045	1636	1233	423	904	1497	733	958	258	511	1731	1257	1622	1744	1114	1226	1368	263	1492	388	1146	1670	649	344	628	1074	1738	946	722	1380	1917	1140	1381	644	106	1196	1243	391	4	200	31	582	648	922	1959	1982	678	492	1037	942	1008	593	1171	926	10	948	1686	1392	1639	1697	1123	1283	1242	1960	1301	161	461	1050	383	664	1668	347	1614	699	1110	629	1597	432	429	199	983	888	405	866	1131	1703	1396	1708	1307	917	1335	837	333	732	1023	374	475	182	1013	613	1173	1167	459	1757	1777	1792	165	691	157	32	2172	1394	1967	924	843	595	1284	1090	1349	1734	1039	1330	1394	69	1001	456	1715	1328	56	628	808	378	594	930	992	1162	1354	1551	451	1306	450	351	1060	744	756	1502	141	648	427	198	311	1234	130	1598	1213	946	1126	672	756	869	1545	98	778	356	1454	782	55	1326	460	977	899	589	117	1725	328	546	1816	312	334	889	1753	863	1435	333	1638	176	1382	1810	1937	1300	1025	705	237	269	486	1180	1715	1636	324	399	1625	1642	563	538	1539	877	234	314	641	1289	416	186	1156	1640	1778	797	2181	1238	2155	599	16	121	1332	855	860	925	828	1238	1848	1454	350	987	777	628	837	752	484	558	1647	1983	1021	342	526	568	1224	1291	1484	875	822	660	1576	441	766	1145	1652	292	1896	897	439	720	1564	1435	312	1792	1133	479	240	1925	1254	1288	1269	1048	1784	518	740	424	1127	1506	870	272	449	880	707	607	915	669	425	303	390	799	1589	1016	545	733	375	1198	1538	1090	374	181	803	658	662	1121	523	122	1210	964	775	1300	896	515	1364	721	931	1069	614	1164	431	418	295	906	1527	374	826	297	749	569	327	578	905	234	885	283	797	475	155	496	716	1164	1690	1824	1655	276	1993	963	517	542	788	332	1200	1125	81	1827	2159	1955	61	339	995	1189	1099	766	564	994	886	408	877	186	916	285	743	327	1291	1604	1795	1143	761	733	990	1088	411	640	505	271	448	626	143	1229	1280	997	921	801	871	1379	1054	1381	384	665	322	1184	554	105	727	1688	717	947	729	407	718	745	928	1512	400	1322	428	18	433	1061	1111	1275	811	98	655	1065	550	900	814	355	1647	1091	193	501	308	35	1706	1262	710	1174	385	653	291	452	734	143	1156	758	1118	958	276	407	667	1300	707	735	147	1114	966	738	349	284	488	605	1864	384	169	1561	694	147	945	1370	1103	764	1385	1493	449	597	830	1389	842	1144	483	666	152	1040	268	357	560	2034	1216	1022	329	539	768	408	980	1332	465	183	781	272	803	960	1066	776	139	1055	953	1217	1563	1287	516	397	771	1053	301	494	845	772	1036	720	1524	598	1371	1086	803	555	486	550	294	361	550	892	503	914	916	544	758	1179	454	1159	1073	445	1261	841	1167	43	649	581
AFF4	410	6701	1676	1395	1389	538	616	1323	1394	2652	2620	2789	2439	2049	1892	309	1212	2150	1456	563	861	853	1304	138	1023	1860	1760	2215	752	1947	1266	1726	1415	970	1864	1237	491	1811	562	1919	1770	1366	1826	442	715	33	366	861	1692	980	846	310	1722	345	1782	756	366	1840	2386	604	978	1191	1167	1562	2238	981	1406	897	1863	884	2459	1011	1189	2384	1887	2366	1297	1234	419	1723	2354	1723	794	1485	2151	1348	1591	532	692	2258	1706	2045	2296	1776	1712	2047	419	2013	641	1481	2187	1180	599	1074	1762	2476	1335	1561	2254	2392	1752	2041	1233	200	1737	2007	855	4	427	58	903	1194	1574	2647	2405	1225	682	1435	1516	1644	796	1523	1421	14	1771	2396	2193	2228	1909	1481	1799	2000	2425	1982	333	922	1586	600	1221	2380	638	2307	1221	1765	1163	2273	745	826	424	1617	1409	710	1242	1931	2526	977	2388	1946	1548	2025	1118	627	1503	1540	664	878	358	1971	1171	2074	2109	886	2252	2367	2519	394	1052	239	61	2842	2190	2606	1636	1670	1167	1997	1773	1863	2515	1506	1975	1956	221	1592	811	2333	1861	110	1120	1315	703	910	1600	1695	1991	2164	2166	880	2113	893	581	1657	1394	1323	2178	272	1121	897	310	563	1703	194	2090	1817	1686	1713	1286	1513	1574	2368	159	1321	680	2240	965	98	1625	814	1618	1214	943	386	2336	622	1018	2406	518	621	1600	2385	1404	2454	701	2129	389	2130	2270	2577	1891	1692	1192	486	356	921	1525	1783	2145	718	575	2367	1602	1141	980	2280	1450	432	577	1227	1849	823	342	1609	2176	2332	1425	2655	1845	3001	1145	18	173	1991	1320	1458	1423	1328	1990	2290	2106	681	938	1428	1289	1545	1404	957	1020	2196	2626	1647	574	996	1129	1886	1924	2180	1541	1579	1094	1585	844	1374	2367	2320	417	2642	1512	807	995	2174	1907	471	2230	1508	917	406	2431	1944	2004	1983	1793	2538	949	1327	788	1814	2014	1246	530	901	1440	1328	1090	1551	1034	681	357	795	1479	2376	1520	965	1132	650	2020	2357	1732	713	332	1237	1000	1269	1837	1048	205	1947	1566	1287	1411	1459	835	1875	1150	1438	1740	1137	1768	872	691	592	1381	2134	741	1576	869	1306	1137	551	900	1455	406	1518	583	1194	864	245	902	1271	1716	2379	2545	2378	564	2696	1499	937	1100	1366	574	1760	1894	147	1369	1668	2460	115	673	1444	1316	1782	1317	1069	1615	1414	719	1437	376	1591	440	1403	682	1920	2083	2401	2003	1304	1266	1648	1658	729	1157	1031	455	870	1045	261	1644	1742	1602	1541	1281	1365	1704	1666	1732	689	775	679	1899	1003	229	1238	2277	1235	1730	1264	709	1270	1233	1557	2153	778	1676	676	28	776	1738	1742	1976	1436	182	1179	1583	1062	1487	640	621	2291	1762	353	895	658	61	2346	1851	1315	1899	507	985	400	761	1080	288	1869	1337	1843	1529	361	605	1142	1872	1108	1371	287	1724	1677	1162	640	558	918	927	2387	689	382	2036	1317	220	1521	2097	1787	1310	2061	2116	884	1146	1295	1277	1578	1227	754	1090	295	1602	485	776	1035	2599	1785	1459	539	994	1373	892	1725	1983	783	363	1350	566	1101	1565	1743	1447	314	1725	1485	1572	1750	2062	826	817	1336	1549	623	971	1480	1317	1622	1269	2161	1182	2109	1720	1479	1006	800	956	584	656	895	1553	1006	1568	1532	852	1110	1892	803	1708	1703	901	2035	1505	1989	73	1128	1106
AHDC1	1192	1676	29737	2367	2775	887	947	2237	3112	12051	7509	9633	12190	4505	5390	397	4220	7034	4198	1164	1414	1445	2943	159	1590	4750	3600	9829	1331	4164	2636	3294	2995	1583	4363	2438	989	4511	1051	4342	9518	4959	8220	808	1103	54	526	1323	7274	1713	1292	438	3714	475	4333	1226	671	6550	6066	1036	1628	2746	6122	2660	6289	1617	2630	1422	4246	1342	7884	1680	1993	7106	5187	9358	2860	2571	571	6235	7649	5190	1233	4192	7569	2344	3474	879	2650	9026	8244	10629	10903	3837	7748	7590	596	8098	1324	8734	10036	3245	1058	2024	5686	6341	6222	4657	6194	11668	5611	7345	2208	252	3651	4768	1404	4	524	79	1603	2269	3544	10507	10037	2071	3473	3818	3218	3461	4087	8725	4922	22	4357	5340	7152	7189	10173	5007	8016	5160	8150	5276	496	1600	4040	1319	2021	7768	1017	7923	2148	3474	2096	9049	1150	1396	621	3834	4438	2503	3926	4081	8792	3521	5567	4885	3550	4279	5875	1084	3155	3173	1003	1490	489	4508	2295	4635	5110	1411	9387	8830	8211	502	1856	556	60	10950	5063	10553	3646	3332	3360	6609	4607	5388	8246	4525	6825	8198	212	5542	1514	6039	4571	125	2102	2540	1046	1704	2925	3139	4659	7090	5156	1310	5594	1394	959	5171	3125	2992	9723	354	1799	1460	703	855	6543	346	9659	3564	4618	4079	2585	3075	3652	6419	297	2268	1133	7152	3973	108	7245	1419	3129	6145	3184	418	7519	958	1648	12192	1542	949	3114	9035	3418	5176	1059	7779	580	5388	9097	8224	7653	4560	2391	668	481	1578	8038	7489	10191	1194	1350	7567	7054	2012	1661	6275	5279	631	1339	2393	4378	1796	922	5647	6570	10379	2482	10647	3890	12079	2263	27	399	5253	5353	4645	4754	2417	6206	9831	5227	1075	3446	3528	2445	3700	2825	1848	1933	10525	12101	3093	928	2142	1886	4027	5970	5506	3710	2825	2529	4851	1411	3470	4388	8161	641	9739	3703	1586	6491	9862	9047	743	9226	4771	2088	610	9723	4470	4674	6650	4606	8718	1539	2557	1319	3796	7447	4353	974	1494	2634	2334	2287	3239	2074	1305	1546	1302	2716	5483	3607	2328	2589	1099	5038	6225	4334	1037	454	2744	1654	2199	5814	2644	310	5502	3612	2840	3737	4123	2350	4255	2794	3082	3972	2153	5204	1306	1202	819	2980	6297	1291	2787	1027	2474	2085	872	3871	4137	706	3763	845	2556	1458	333	1719	3146	3823	5588	7070	5971	816	10389	3526	1713	1941	2423	1149	5734	4296	204	4682	6014	9446	133	1070	4600	3372	4534	2901	1748	3185	2819	1347	2798	624	3707	581	2821	1161	5300	8984	10619	5174	2605	2153	3437	3753	1266	1880	1730	681	1441	1769	330	3767	5573	3067	2949	2514	2589	4970	4867	6508	1256	2022	1049	5453	1711	254	2183	8374	2089	4032	2644	2083	2375	2439	3174	5433	1361	5643	1109	46	1400	3410	4473	5037	3057	300	2259	3969	1725	2747	2077	987	5615	4297	503	1573	1211	85	6342	6463	2701	5485	974	2385	582	1289	1927	389	4136	2414	3712	3276	723	986	2092	4868	2402	2553	450	3411	3532	2206	1223	864	1415	1852	6724	1055	536	5303	2549	277	3144	5343	4131	3349	7963	7189	1603	1954	2451	3656	3038	6454	2233	3569	401	5085	731	1164	1708	6625	4025	3040	1163	2145	2397	1593	3631	6475	1376	463	2621	880	2049	3752	4108	2805	431	3873	3004	2882	4602	5032	1261	1713	2325	3022	1058	1685	2977	2443	3465	2360	5539	2040	6377	4019	4305	1738	1407	1612	1001	1509	2230	4619	1768	2906	2930	1621	2319	4126	1516	4031	4707	1656	4661	3753	5704	89	1901	1979
AHR	819	1395	2367	12741	2496	862	1008	2646	2324	4718	5143	5503	4714	3896	3328	596	1734	4015	2571	843	1439	1449	2234	195	1750	3461	3402	3941	1382	4197	2183	2865	2343	1900	3520	2374	978	3665	935	3426	2728	2210	3047	685	1371	50	692	1658	2476	1770	1567	630	3264	541	4542	1351	473	2851	4267	1017	2033	1853	1491	2942	4037	1921	2626	1741	3802	1932	4494	2098	2429	4928	3782	4519	1934	2289	767	2460	4724	3083	1355	2711	4106	2625	2870	884	973	4294	2777	3448	4223	3713	2457	3806	749	3801	1111	2075	3715	1825	967	1884	3181	5383	1767	2141	4493	4479	2810	3148	2204	311	4061	3938	1624	4	782	82	1617	2035	3090	4830	4555	2544	867	2592	3098	3365	1129	2197	2210	23	3208	4966	3606	4422	3131	2615	3138	3535	4948	3668	492	1602	2752	965	2334	4604	1082	4491	2454	3677	2148	3921	1290	1552	616	2966	2253	983	2076	3333	4840	1586	5499	3938	2873	4532	1397	1023	2665	2908	1293	1740	596	3648	2009	4025	4028	1743	4354	4353	4697	656	2041	374	105	5624	4578	4663	2419	2490	1609	3546	3088	3513	4584	2812	3640	3423	192	2605	1351	5090	3786	169	2069	2687	1158	1877	3440	3862	4015	3660	4828	1573	3928	1692	1017	2777	2345	2051	3648	317	2188	1580	487	976	3044	355	3470	4166	2816	3248	2539	2688	2625	4483	264	2818	1191	3951	1514	155	2472	1750	3575	1578	1347	365	4645	1049	1807	4106	758	1070	3322	4067	2265	4785	1131	3909	586	4195	4119	5346	3238	3029	2072	866	682	1546	1983	3780	3665	1095	990	4594	2339	2096	1864	4257	2045	735	986	1952	3565	1116	357	3110	4527	4479	2583	5538	3656	5666	1860	22	309	3506	1808	2300	2212	2741	3613	4504	4407	1224	2144	2231	2131	2520	2380	1618	1733	3844	4736	3463	1061	1618	2283	3983	3424	4520	2577	3133	1510	3556	1442	2017	4207	4155	740	4943	2338	1273	1041	3622	3352	912	4366	2961	1443	732	4927	4009	4058	3627	3289	5022	1818	2500	1413	3942	3922	1914	789	1496	2957	2491	1764	2793	1698	1226	486	1321	2967	4803	3316	1763	2114	1086	4088	4374	3329	1424	605	2214	1999	2346	3161	1658	361	3733	3231	1948	2977	2274	1125	4023	1844	2664	3467	2038	2943	1663	1169	1123	2716	4072	1226	2733	1067	2275	2085	968	1084	2336	698	2556	1039	2237	1633	410	1580	2127	3210	5260	5203	4920	1093	5156	2784	1530	1884	2667	912	2964	3511	201	2284	3176	4740	159	1084	2501	2341	3314	2300	2079	3021	2822	1251	2718	581	2545	731	2506	1056	3563	3772	4541	3518	2416	2783	3157	3155	1320	2164	1785	815	1638	1865	396	3372	2923	3546	2723	2514	3093	3057	2860	3039	1230	1051	1149	3247	1793	332	2324	4462	2362	3052	2086	1096	2496	2132	2837	4494	1307	2659	1241	29	1352	3890	3012	3667	2544	277	2139	3045	1959	3003	1028	1110	4926	3104	603	1800	951	85	4970	2882	2335	3465	913	1664	752	1579	2332	482	3311	2521	3683	2943	595	1221	2150	3659	1951	2466	456	3591	2956	2288	1019	909	1615	1971	5087	1244	570	4215	2235	378	3318	4095	3590	2404	3307	3880	1342	2183	2732	2198	2915	1918	1124	1560	455	2655	773	1224	1902	5895	3640	3021	827	1533	2618	1354	3289	3330	1431	618	2638	977	2056	2809	3141	2600	540	3103	2850	3710	3331	3881	1637	1162	2698	3286	1027	1583	2784	2602	2992	2282	4414	2118	3938	3088	2277	1957	1754	1982	912	1003	1606	2427	1735	3405	3436	1577	2068	3676	1300	3391	2814	1343	3840	2464	3508	98	1983	2193
AKAP8	822	1389	2775	2496	13237	1093	898	2450	2453	4874	5433	5421	4442	3966	3682	479	1798	3752	2403	844	1470	1351	2396	173	1753	4191	3511	3830	1498	3908	2162	2888	2564	1897	3317	2319	946	3089	920	3534	2684	2124	2949	726	1439	46	636	1681	2588	1699	1554	524	3421	547	4205	1280	475	2990	4320	1072	2399	1787	1987	2849	3877	1954	2605	1650	3706	1729	4689	2402	2308	4914	3534	4281	2081	2202	735	2642	4429	3406	1384	2872	3947	2308	2881	900	1044	3963	2868	3475	4049	3595	2687	3597	698	3576	1138	2341	3883	2097	1057	2099	3244	5257	1942	2347	4185	4234	3197	3510	2197	282	4038	4104	1543	4	669	87	1679	2070	2886	5183	4376	2491	1129	2884	3008	3363	1137	2353	2251	15	2835	4845	3966	4401	3380	2868	2932	3769	4879	3613	512	1649	2927	943	2307	4383	1090	4127	2916	4052	2178	3984	1183	1253	638	3434	2423	1088	2157	3301	4635	1628	5075	3651	2561	4432	1818	1095	2398	2982	1217	1636	610	3414	1910	3711	3654	1705	4111	4703	4917	504	1961	370	106	5708	4641	4785	2616	2720	1641	3702	3310	3610	4910	2496	3463	3247	210	2758	1307	5021	3976	135	2132	2708	1060	1869	3402	3314	3746	3579	4634	1359	4099	1420	1033	3055	2402	2377	3600	395	2003	1427	409	991	2970	354	3435	3834	2663	3316	2394	2586	2619	4792	289	2681	1227	4294	1760	132	2728	1766	3381	1759	1379	538	4615	1096	1865	4548	880	1009	3214	4549	2379	4758	1147	3988	643	4224	4191	5340	3195	2923	2090	730	660	1622	2481	3608	3793	1138	992	4423	2450	2200	1647	4259	2281	793	928	1876	3538	1203	412	2776	4367	4238	3291	5345	3680	5797	1815	26	302	3863	1940	2303	2651	2698	3282	4363	4311	1124	1744	2370	2280	2728	2478	1558	1637	3817	4906	3207	1035	1438	2318	4088	3694	4819	2807	3086	1646	3248	1319	2292	4229	4442	735	5257	2838	1287	1427	4071	3150	845	4119	2767	1378	742	4864	3833	3924	3480	3134	4853	1837	2539	1490	3719	3674	2048	814	1539	3333	2582	1696	2936	1718	1510	629	1304	2534	4889	3035	1800	2536	995	3644	4587	3114	1197	513	2322	2064	2449	3194	1588	341	3436	2697	2163	2738	2530	1259	4143	2067	2778	3518	2084	3037	1398	1280	872	2833	4074	1265	3097	1060	2368	1729	926	1373	2296	703	2678	840	2080	1590	413	1467	2392	3252	5266	5326	4953	1017	5140	2952	1547	1676	2695	929	2858	3641	224	2537	3203	4698	181	1092	2353	2527	2984	2300	2042	2997	2728	1275	2758	606	2797	673	2473	1059	3327	3970	4488	3559	2442	2486	3180	2983	1377	2247	1705	810	1662	1741	409	3263	2988	3358	2839	2476	2828	3080	2960	3223	1289	1064	1156	3405	1800	425	2352	4170	2369	2896	2198	1144	2333	2271	2928	4386	1341	2841	1189	28	1380	3633	3334	3857	2725	307	2018	3015	1979	3048	1175	1161	4603	3301	607	1753	979	85	4877	3091	2331	3237	907	1697	721	1443	2125	455	3539	2660	3661	3020	617	1165	2110	3778	1827	2583	439	3528	3195	2237	1067	936	1657	1875	4886	1242	579	3759	2426	367	3070	4123	3662	2609	3728	3735	1349	2188	2606	2236	2804	1832	1251	1562	451	2920	818	1330	1906	5856	3559	2868	723	1751	2527	1380	3361	3653	1532	500	2685	932	2076	3080	3385	2660	463	3287	2745	3298	3496	4002	1539	1215	2806	3213	1032	1617	2613	2553	3118	2154	4459	2219	3742	3149	2570	1952	1633	1867	948	1123	1713	2566	1779	3297	3221	1512	2062	3867	1397	3510	3090	1352	4010	2498	3255	109	2037	2151
AKAP8L	276	538	887	862	1093	4181	420	844	868	1442	1679	1672	1317	1341	1200	208	549	1166	801	353	595	480	796	74	746	1182	1183	1156	586	1274	779	988	1000	744	1071	742	389	957	382	1216	805	656	884	302	774	27	308	647	747	666	623	187	1203	303	1317	556	193	990	1365	452	752	627	569	989	1172	742	948	629	1214	650	1474	774	848	1503	1039	1245	738	789	327	875	1338	1114	583	953	1224	839	1048	406	387	1182	898	1022	1205	1235	845	1102	321	1055	470	683	1173	1017	407	812	957	1628	636	791	1265	1235	1054	1151	841	156	1206	1309	555	4	300	63	636	763	949	1609	1319	925	353	891	986	1135	358	704	734	12	955	1536	1271	1298	1039	925	847	1448	1469	1191	268	708	961	399	826	1331	451	1235	912	1188	870	1262	525	495	344	981	817	438	787	1073	1399	514	1608	1124	862	1446	538	452	794	1044	514	677	305	1110	675	1177	1183	645	1215	1422	1525	227	741	145	49	1741	1457	1446	918	984	533	1145	1071	1110	1532	806	1011	965	113	851	562	1517	1245	68	840	934	480	705	1226	1129	1218	1144	1447	506	1359	550	397	1019	881	865	1140	207	776	553	158	395	952	181	1002	1284	894	1031	810	849	954	1539	145	1015	521	1390	539	73	845	612	1132	558	508	250	1408	442	732	1390	276	451	1070	1390	780	1576	513	1230	303	1405	1248	1602	973	903	822	318	309	644	751	1025	1137	481	359	1343	747	909	575	1356	755	501	346	623	1164	468	184	839	1344	1243	1028	1589	1221	1779	688	17	127	1251	622	741	852	908	993	1317	1344	437	470	838	844	932	896	619	617	1142	1490	1014	449	512	819	1328	1103	1382	1002	1075	593	966	508	789	1391	1376	277	1592	958	494	401	1251	961	367	1201	900	559	510	1443	1218	1282	1114	1050	1466	932	895	582	1204	1133	633	361	607	1033	984	631	1083	626	459	196	569	835	1549	974	629	753	412	1153	1443	988	465	244	851	820	913	1062	526	161	1098	902	792	830	898	466	1208	780	902	1129	796	1021	520	525	365	1009	1292	528	1187	462	855	618	419	493	757	300	1185	339	748	611	161	537	877	1095	1637	1649	1562	454	1558	1172	648	613	988	352	896	1245	119	831	948	1422	80	469	800	871	927	791	757	1113	932	548	1011	254	974	316	944	479	1052	1203	1375	1193	881	897	1087	1015	568	863	660	384	852	669	181	1043	971	1108	1010	891	965	1004	943	934	522	372	496	1102	680	235	856	1215	878	956	790	429	856	836	1052	1331	533	914	501	18	535	1208	1150	1271	940	151	742	1037	819	1046	413	701	1410	1102	281	661	385	53	1508	1067	888	1005	387	594	306	557	710	225	1229	981	1270	1037	279	453	791	1245	696	998	248	1257	1140	769	431	447	669	654	1473	536	284	1154	953	157	1032	1321	1233	976	1167	1137	528	838	893	784	945	509	470	501	215	1055	387	537	759	1858	1154	977	285	711	985	572	1194	1129	562	214	963	396	773	1063	1130	1249	239	1155	974	1098	1162	1305	631	514	1043	1143	454	631	915	877	1084	790	1342	856	1162	1074	924	780	594	694	463	486	632	874	713	1101	1101	585	770	1467	554	1142	1020	538	1303	860	1029	58	786	789
AKNA	333	616	947	1008	898	420	3935	1015	984	1471	1637	1714	1435	1440	1222	314	685	1298	896	428	680	649	808	112	840	1194	1279	1282	574	1420	1212	1205	1016	807	1081	825	420	1113	480	1275	895	755	998	365	641	29	539	728	906	1108	756	290	1254	324	1206	856	239	1338	1454	493	713	889	477	1197	1330	808	1316	936	1493	797	1584	837	949	1549	1225	1439	920	1105	500	861	1488	1106	793	1072	1335	975	1066	489	620	1289	876	1081	1306	1304	1150	1248	512	1169	560	691	1337	802	371	754	1150	1670	883	866	1433	1335	996	1213	942	202	1297	1352	631	4	427	62	612	870	1116	1590	1425	1083	333	830	1109	1221	482	758	865	10	1150	1531	1264	1427	1077	882	1064	1300	1569	1560	298	734	1278	715	991	1453	529	1366	986	1261	951	1515	947	603	385	1179	841	501	765	1103	1583	516	1608	1245	984	1475	498	492	1084	1360	567	948	345	1314	821	1343	1446	771	1303	1369	1573	368	1037	167	39	1725	1476	1600	1241	973	671	1337	1107	1362	1551	960	1177	1163	185	942	948	1540	1209	122	892	1047	874	735	1284	1317	1332	1371	1515	687	1434	710	482	1030	1037	859	1259	261	1161	706	230	492	937	205	1090	1450	1054	1296	988	1022	1410	1395	161	1075	580	1363	504	97	1074	674	1261	785	779	179	1358	486	786	1352	281	793	1258	1380	790	1572	601	1287	375	1452	1367	1617	1103	1043	1108	450	490	725	646	922	1243	569	390	1401	772	934	636	1442	772	458	435	800	1433	573	209	856	1366	1364	1004	1637	1409	1787	1143	20	175	1198	714	871	789	942	1239	1303	1460	628	427	949	1022	1066	1043	742	773	1217	1493	1090	517	713	894	1316	1067	1454	1033	1263	545	977	647	815	1486	1387	407	1610	964	604	358	1285	1080	641	1291	919	1014	404	1412	1322	1388	1279	1195	1571	834	937	681	1299	1242	627	389	759	1127	1061	757	1106	1053	480	152	647	1048	1482	1066	728	910	782	1348	1607	1121	625	322	1153	947	980	1199	679	207	1257	1103	790	822	898	506	1233	762	997	1309	895	1363	737	449	514	972	1290	602	1079	485	830	835	714	441	861	394	1063	523	1103	707	263	652	954	1412	1565	1583	1653	558	1678	1055	1019	818	1058	416	996	1320	143	880	964	1548	107	530	945	859	1157	930	907	1371	1126	598	1150	361	1115	494	1054	602	1179	1203	1478	1443	991	1037	1176	1421	682	930	859	428	782	1139	218	1290	1401	1256	1216	1023	1092	1141	953	949	576	469	661	1298	706	151	962	1393	953	1140	885	539	972	835	1117	1417	615	962	845	29	531	1325	1121	1433	1029	178	869	1221	906	1072	411	563	1482	1156	351	754	470	71	1581	1380	980	1209	388	606	404	585	805	319	1247	1035	1367	1093	450	495	928	1211	1080	1116	310	1326	1225	798	524	516	714	684	1588	544	351	1308	963	223	1168	1497	1360	1010	1161	1263	654	908	908	957	1114	609	446	573	299	1087	387	611	831	1707	1171	1327	427	753	1150	731	1284	1175	562	303	1019	546	897	1051	1209	1103	361	1170	1342	1151	1138	1364	958	573	1067	1353	570	716	1154	1021	1128	953	1387	960	1341	1361	1067	855	730	762	562	478	672	1044	862	1248	1202	959	1165	1295	603	1135	999	654	1383	1007	1263	72	844	851
ARHGAP35	712	1323	2237	2646	2450	844	1015	10871	2326	4117	4665	4717	3925	3776	3136	578	1522	3420	2189	782	1513	1384	2081	199	1854	3315	3466	3320	1491	3841	2104	2751	2351	2009	3168	2209	994	2926	930	3278	2152	1798	2450	678	1444	48	712	1821	2162	1792	1686	602	3201	590	3806	1337	453	2613	3960	1053	2072	1651	1240	2868	3508	2008	2658	1710	3602	1927	4175	2201	2438	4360	3276	3810	1964	2078	789	2163	4016	2922	1394	2589	3511	2430	2671	907	860	3441	2288	2856	3458	3552	2159	3220	747	3189	1107	1688	3194	1866	924	1872	2806	4848	1502	2009	3918	3591	2652	2976	2339	301	3690	3780	1573	4	832	88	1538	2063	2725	4467	3854	2615	716	2378	2900	3298	881	1765	1890	23	2757	4476	3330	3869	2646	2382	2653	3319	4252	3331	520	1668	2615	958	2438	3907	1093	3741	2511	3528	2177	3532	1297	1415	608	2789	2055	878	1832	3101	4209	1354	4670	3446	2454	4315	1174	1096	2405	2829	1331	1785	637	3277	1839	3663	3648	1812	3595	3914	4320	603	1957	334	110	4913	4208	4080	2338	2468	1405	3245	2956	3150	4285	2334	3073	2833	193	2278	1277	4548	3562	161	2123	2616	1164	1890	3519	3533	3609	3301	4240	1461	3800	1572	1055	2652	2315	2048	3088	332	2206	1549	408	1028	2480	339	2835	3880	2500	3061	2438	2494	2533	4179	289	2776	1240	3672	1259	152	2166	1805	3494	1395	1186	339	3879	1072	1852	3736	698	1124	3281	3736	2017	4498	1197	3505	668	3920	3783	4642	2753	2648	2069	828	678	1512	1633	2800	3109	1110	876	3962	1952	2174	1675	3815	1815	824	936	1818	3294	1062	323	2360	3887	3644	2698	4690	3458	4942	1800	24	327	3284	1518	1939	2055	2618	2962	3690	4022	1284	1360	2117	2191	2455	2365	1573	1702	3254	4172	3060	1122	1450	2311	3725	3004	4112	2584	3203	1284	2750	1309	1939	4043	3727	732	4504	2418	1226	811	3341	2645	917	3557	2459	1397	783	4155	3658	3736	3117	2842	4322	1855	2502	1535	3735	3245	1569	794	1582	2899	2541	1694	2784	1649	1172	403	1334	2664	4404	2945	1687	2143	1057	3552	4089	2969	1356	592	2127	2070	2370	2937	1446	356	3214	2764	1920	2372	2168	1039	3671	1823	2595	3443	2099	2689	1528	1171	989	2621	3593	1245	2770	965	2212	1839	995	985	2051	733	2481	996	2049	1666	396	1450	2309	3101	4738	4689	4516	1165	4553	2667	1570	1733	2682	899	2534	3428	229	2198	2776	4266	189	1079	2114	2211	2966	2257	2105	2945	2620	1250	2742	607	2569	768	2409	1136	3162	3320	3803	3309	2419	2716	3093	2926	1436	2270	1766	847	1717	1773	426	3036	2683	3440	2758	2489	3002	2815	2454	2672	1255	943	1244	3090	1746	335	2386	3719	2444	2749	2127	1117	2481	2107	2771	3972	1317	2400	1257	27	1368	3796	2916	3535	2472	314	2088	2966	2055	2917	1039	1197	4297	3030	679	1769	959	90	4531	2674	2327	2972	929	1581	716	1506	2206	494	3271	2610	3593	2887	612	1207	2179	3439	1794	2553	517	3605	2965	2236	1095	964	1663	1899	4370	1344	599	3634	2265	357	3172	3812	3451	2470	3028	3388	1324	2229	2635	1949	2768	1521	1051	1295	479	2669	804	1311	1980	5168	3290	2821	768	1643	2679	1429	3286	3078	1474	576	2595	987	1922	2600	3065	2611	517	3022	2720	3403	3092	3653	1662	1177	2891	3236	1115	1555	2625	2621	2927	2227	3981	2156	3494	3020	2348	2055	1738	1994	1020	1148	1526	2248	1877	3404	3370	1589	2076	3533	1323	3085	2664	1314	3652	2317	3083	116	1953	2147
ARID2	762	1394	3112	2324	2453	868	984	2326	14355	5013	5195	5411	4606	3891	3457	465	2061	3656	2278	861	1468	1311	2151	178	1766	3548	3409	3856	1461	4202	2126	2784	3229	1815	3135	2111	957	2941	968	3476	2992	2176	3130	771	1296	57	592	1620	3065	1725	1511	505	4165	573	3703	1296	511	3086	4396	1059	1816	1908	1908	2810	3832	1786	2679	1562	3602	1652	4751	1985	2271	4616	3409	4252	2365	2101	712	2590	4304	3125	1370	2675	3796	2203	3398	916	1103	3944	2896	3536	4065	3498	2972	3614	695	3449	1208	2450	3914	2118	948	1848	3139	4904	2143	2454	3985	4381	3177	3682	2254	314	3278	3951	1421	4	652	99	1602	2138	2789	5256	4412	2344	1144	2540	2803	3142	1342	2532	2247	23	2874	4782	3921	4255	3341	2605	3180	3659	4571	3609	545	1678	2742	982	2196	4350	1054	4114	2385	3324	2640	4073	1275	1258	625	3003	2346	1134	2022	3285	4731	1564	4668	3380	2408	4200	1773	1087	2400	2859	1181	1635	597	3372	1876	3755	3853	1592	4111	4530	5065	512	1818	369	83	5661	4300	4752	2555	2635	1722	3645	3184	3337	5092	2439	3346	3322	209	2584	1267	4668	3579	141	2170	2560	1072	1901	3232	3191	3591	3717	4169	1319	4244	1387	951	2992	2645	2307	3653	345	1948	1496	410	918	2888	353	3488	3570	2683	3092	2350	2485	2728	4469	292	2505	1123	4196	1512	121	2683	1646	3160	1986	1458	391	4235	1062	1834	4634	827	1017	3195	4617	2182	4740	1138	3910	663	4164	4361	5076	3212	2854	2099	720	607	1578	2580	3345	3658	1198	924	4254	2578	2219	1443	4655	2235	790	984	1859	3412	1389	477	2643	3962	4177	2635	5161	3477	5886	1918	23	336	3657	2063	2234	2404	2455	3318	4198	4285	1135	1681	3427	2353	3592	2586	2165	1758	3886	5090	2831	1001	1566	2145	3646	3302	4162	2778	3000	1655	2895	1204	2386	4196	4915	642	5215	2575	1202	1587	4017	3363	831	4049	2623	1466	720	4585	3622	3675	3404	3198	4732	1721	2487	1450	3674	3547	1978	1230	1504	2796	3105	1693	3715	1682	1198	566	1780	2427	4599	2746	1845	2113	1006	3612	4569	2883	1126	482	2218	1935	2349	3216	1558	329	3393	2576	2150	2314	3232	1340	3455	1950	2584	3330	2019	3069	1326	1190	825	2411	3833	1326	2827	1037	2315	1761	932	1491	2289	697	2773	860	2034	1517	371	1398	2397	3133	4931	5095	4760	1006	5211	2751	1588	1628	2519	902	2892	3558	208	2593	3064	4813	179	1062	2382	2315	2997	2369	1958	3004	2493	1665	2577	593	2837	697	3147	1231	3231	3897	4532	3841	2478	2407	3093	2978	1374	2095	1742	799	1579	1772	392	2978	3041	3151	2773	2425	2687	3172	2675	3254	1140	1129	1225	3477	1590	289	2180	4024	2250	2885	2260	1204	2336	2208	2905	4247	1847	2862	1167	36	1401	3546	3242	3860	2520	296	2071	2986	2008	2712	1108	1164	4269	3313	601	1571	1033	95	4945	3230	2435	3228	946	1713	639	1340	1955	454	3519	2617	3627	2852	600	1048	2011	3585	1819	2565	502	3457	3134	2107	1152	958	1582	1755	4627	1179	585	3671	2307	323	3068	4156	3438	2443	3611	3679	1434	2027	2406	2174	2581	2106	1341	1598	449	2943	804	1302	1870	5535	3267	2670	736	1778	2615	1521	3339	3533	1354	499	2504	950	1862	2771	3218	2699	518	3276	2650	2958	3370	3826	1438	1335	2629	3205	1135	1650	2670	2419	3078	2173	4078	2163	3629	3251	2741	1870	1488	1770	1048	1138	1653	2817	1895	3142	3054	1506	2067	3564	1404	3104	3199	1500	3895	3353	3386	101	1920	2025
ARID3A	2028	2652	12051	4718	4874	1442	1471	4117	5013	58707	14050	18446	21144	8357	8552	637	6156	11651	6411	1768	2391	2458	4647	244	2769	8097	6706	15902	2455	8324	4285	5644	4873	3065	7635	4512	1678	8108	1687	7538	15200	7743	13614	1173	2050	74	868	2562	11062	2982	2400	908	6525	789	12499	2125	909	9533	10710	1621	3403	4219	7552	5315	11178	3072	5011	2661	8371	2906	13029	3300	3982	13149	9335	16083	4511	4318	1076	8637	13675	8111	2104	6516	12591	4214	5956	1394	3298	15501	12711	17392	18205	7352	10657	12090	1014	12252	2132	12048	15687	4601	1756	3380	9285	12396	8910	6698	11371	20322	8306	10932	4058	383	7629	8973	2796	4	921	100	2909	3919	6311	16060	16635	4083	4150	6265	6010	6412	6352	11996	6760	38	7231	12038	11442	12841	16074	7266	12392	8829	14804	9024	712	2748	6185	1991	3903	13242	1685	13934	4097	6814	3634	14103	1988	2409	894	6292	6209	3106	5568	7262	15527	5053	12208	8783	5940	8996	7272	1732	5322	5951	1882	2608	815	7807	3800	8815	9321	2617	16128	14761	14219	808	3338	813	122	20129	10052	17790	5507	5269	4599	10080	7495	8769	14083	7132	10798	13472	302	7878	2291	11543	8201	164	3692	4866	1739	3407	5962	6289	8658	11374	10490	2398	9696	2475	1603	7775	4950	4533	14904	534	3327	2630	1017	1433	10405	583	15908	7558	6821	7440	5194	5804	5616	11533	435	4545	1856	11642	5469	162	10561	3214	6298	8831	4373	700	13777	1681	3022	19514	2394	1642	6533	14674	5399	10317	1787	12494	870	9834	14547	15425	11993	7539	4313	1136	903	2583	11585	15221	15629	1837	1955	13010	10021	3621	3100	11283	6976	1048	2181	3946	7877	2474	1106	9615	11461	17548	4704	19688	7505	22098	3503	20	564	8862	7296	6700	6700	4780	10164	16523	10245	1916	8795	5315	3988	5812	4691	2948	3167	17187	20740	6524	1561	3367	4153	8322	10055	10397	5955	5551	4137	11775	2190	5107	8828	13344	1211	16395	5513	2258	8472	15072	14849	1257	16264	8360	3129	1036	17362	8673	8962	10605	8126	15750	2820	4663	2305	7652	12450	6490	1490	2458	5212	4263	3558	5628	3383	2191	1862	2186	5241	10856	7296	3994	4079	1721	9367	10982	7493	1918	735	4476	3487	4207	8573	3973	495	9337	6321	4309	7129	6170	3226	8554	4129	5401	6989	3615	7926	2310	2019	1496	5335	10912	2025	5104	1705	4402	3647	1494	4950	6088	1039	5897	1402	4116	2478	622	2870	4401	6860	11817	13953	11901	1442	17682	5988	2736	3191	4612	1761	8822	7378	277	7411	9848	16823	221	1708	6941	5666	7682	4794	3369	5765	5450	2208	4937	897	5835	1070	4736	1799	8802	13924	18032	9015	4649	4377	6161	6282	2173	3671	2876	1158	2510	3006	577	7254	8283	6295	5232	4536	5176	7796	7643	10096	2047	2845	1772	8566	3009	464	4039	14344	4000	6774	4332	2368	4462	4210	5508	10160	2309	8976	1877	59	2461	7057	7210	8956	5081	429	4057	6781	3233	5320	2750	1730	11058	7190	818	2881	1816	91	12278	9082	4570	9029	1689	3944	1147	2603	3852	591	7088	4490	7194	5794	1113	1842	3457	8529	3684	4569	704	6607	5973	4230	1816	1394	2558	3562	13061	1960	808	9822	4145	575	6214	10181	7332	4676	11496	11935	2484	3530	4909	5702	5436	9379	3373	5239	582	6486	1241	2031	3061	14356	7627	5588	1697	3080	4462	2432	6419	9972	2466	739	4792	1466	3881	6049	6890	4811	657	6599	5375	6404	8262	8809	2351	2473	4634	6292	1682	2784	5201	4529	6204	4336	10256	3712	10550	7110	5452	3162	2636	3183	1572	1900	3751	6641	2979	5917	6082	2686	3917	7529	2357	7337	7308	2474	8537	5785	9162	143	3450	3736
ARID4A	1827	2620	7509	5143	5433	1679	1637	4665	5195	14050	42113	16121	13325	9071	8389	755	4959	9531	5276	1644	2647	2481	4685	264	3219	8140	7493	10600	2828	8957	4299	6000	4968	3580	7312	4635	1741	7425	1737	7931	8286	5402	8418	1215	2422	84	986	3000	7882	3316	2777	1012	7174	914	11368	2314	817	7310	10930	1743	3762	3867	5093	5969	10043	3625	5566	3043	9168	3380	12071	3866	4570	13175	8884	11894	4596	4399	1204	6173	11782	7547	2420	6300	10412	4577	6004	1578	2241	11193	7808	9977	11580	8493	7112	9581	1154	9305	2545	6728	10548	4183	1762	3675	8441	13711	5085	5353	10752	12806	7384	8666	4491	459	8386	9530	2992	5	1085	106	3082	4138	6603	14655	12373	4998	2606	6100	6372	7121	3630	6578	5204	27	6740	12803	9286	11573	9792	6510	8059	8526	13715	8540	814	3125	6024	1880	4474	11569	1845	11238	4764	7651	4117	10258	2221	2454	986	6443	5181	2312	4641	7531	12886	3893	13032	8380	5612	10513	4756	1811	5090	6566	2086	3011	922	7759	3731	9291	9346	3025	11422	13202	14393	851	3686	796	147	17371	11101	13349	5296	5340	3563	8934	7557	8444	13568	5890	8647	8649	323	6302	2420	12643	8839	195	4163	5491	1892	4181	7265	7329	8990	9326	11674	2537	10014	2634	1726	6770	5201	4946	9616	528	3867	2791	854	1656	7624	594	9851	8749	6004	7637	5588	5906	5446	11646	478	5339	2056	10962	4110	185	7076	3769	7311	4922	3122	663	12574	1842	3418	12850	2132	1886	7674	12516	4871	12060	1972	10396	1022	10091	11401	14838	8163	7051	4539	1226	1026	2862	7432	10830	10362	1950	1853	11462	6614	4149	3049	10413	5004	1207	2141	3737	8209	2406	943	7419	10881	12044	5373	16031	8090	17435	3508	26	555	9259	4784	5202	5831	5283	8292	12367	10721	2079	5661	4962	4479	5718	5033	3054	3274	10680	14235	7257	1767	2969	4941	9436	8955	11046	5939	6580	3587	9086	2256	4722	10247	11288	1256	14166	5582	2270	4254	10540	9099	1402	11622	6684	2816	1240	13966	9257	9462	8608	7914	13410	3275	5083	2667	8698	9634	4917	1481	2694	5928	5008	3315	6064	3305	2261	1309	2350	5271	12550	7348	4119	4273	1827	9079	11756	7197	2152	821	4751	4226	4927	7433	3459	553	8252	6138	4272	6440	5454	2795	8954	4299	5667	7623	4023	7021	2496	2200	1573	5803	10257	2233	5892	1846	4598	3517	1685	3276	5025	1124	5667	1482	4213	2779	666	2820	4777	7170	13399	14556	13098	1770	14289	6124	2939	3193	5185	1754	6865	7946	335	6122	8413	14096	253	1846	5678	5501	7023	4842	3855	6369	5877	2293	5434	982	6043	1151	5069	2013	7786	10767	12849	8469	5005	5079	6684	6585	2517	4253	3207	1285	2852	3291	624	7614	7090	7162	5639	4945	5951	7288	6840	8708	2334	2335	2110	7964	3240	496	4566	11248	4640	6601	4454	2312	4791	4526	6060	10793	2443	6812	2102	49	2601	8149	7750	8812	5372	489	4156	7016	3916	5932	2447	2029	11602	7248	921	3268	1783	104	12827	7294	4803	7651	1712	3723	1243	2789	4173	715	7663	5197	8057	6194	1094	2029	3864	8629	3713	5301	766	7878	6527	4456	1903	1548	2845	3854	13400	2158	904	9392	4498	602	6806	9898	7997	5208	8908	9523	2576	4038	5219	5034	5712	5666	2829	3752	659	6284	1409	2330	3496	16103	7851	6107	1461	3252	5127	2551	7204	8774	2695	798	5252	1661	4256	6397	7083	5264	797	6989	5701	7344	8150	9049	2790	2379	5532	7550	1871	2986	5529	5092	6580	4490	10557	4234	9131	7229	5396	3816	2938	3541	1748	2091	3540	5921	3427	6864	7013	2883	4291	8242	2527	7701	6983	2618	9048	5376	7860	158	3851	4069
ARID4B	2001	2789	9633	5503	5421	1672	1714	4717	5411	18446	16121	55631	18452	9320	8914	794	5799	11730	6510	1768	2678	2770	4908	283	3187	8552	7540	14055	2809	9436	4622	6158	5075	3512	8153	4882	1787	8892	1842	8231	12053	7051	11779	1249	2395	77	1003	2951	9949	3404	2738	1027	7288	902	15395	2394	929	8876	11692	1786	3863	4417	6541	5960	12000	3603	5556	3067	9611	3416	13189	3829	4605	14576	10387	16078	4764	4741	1207	7994	14876	8140	2406	6828	13178	4840	6354	1606	3023	15259	10903	14265	16066	8331	9011	11987	1192	11955	2428	9483	13788	4598	1853	3716	9823	14841	7046	6248	12788	18322	8095	10039	4490	452	9007	9782	3078	5	1111	105	3173	4256	7102	16292	16081	4867	3430	6548	6650	7226	5138	9471	6453	38	7846	14214	10716	13583	13058	7191	11114	9301	15938	9584	801	3099	6556	2123	4487	14110	1865	14661	4727	7730	4052	12641	2279	2728	980	6793	6022	2917	5498	7825	16140	4803	15234	9700	6476	10554	6207	1892	5816	6677	2165	3034	928	8490	4099	9930	10371	2988	15440	14805	14743	952	3751	909	145	21338	11462	16771	5715	5503	4337	10124	8046	9401	14582	7572	10950	12219	332	7712	2524	13089	8918	208	4099	5599	1948	3950	7128	7465	9803	11224	12396	2715	10399	2840	1814	7589	5297	4770	12744	565	3911	2953	1080	1655	9901	606	13925	8980	6965	8132	5888	6455	5946	12314	481	5333	2030	11702	5019	185	9157	3750	7376	6822	3855	735	15335	1880	3376	16156	2470	1926	7579	14146	5541	12185	1973	12276	1008	10623	13465	16650	11020	8050	4774	1282	1034	2892	9581	16514	13751	1977	2023	13791	8870	4089	3381	11770	6242	1194	2414	4139	8595	2492	1033	10068	12461	16585	5296	19988	8343	23169	3768	26	592	9247	6413	6370	6559	5393	10480	16197	11534	2172	10212	5379	4502	6075	5105	3163	3450	14671	18081	7804	1792	3578	4897	9616	10611	11612	6159	6455	4148	13845	2438	5068	10350	13243	1308	16146	5698	2427	6188	12867	13146	1444	16074	8469	3215	1202	18195	10034	10202	10710	9098	16904	3247	5230	2611	8758	12476	6141	1551	2730	5969	4925	3640	6104	3557	2438	1550	2403	5965	12539	8266	4333	4452	1916	10502	11928	8146	2263	850	4946	4089	4784	8491	4064	564	9896	6956	4401	8048	5981	3097	9628	4273	5824	7602	4030	7944	2700	2260	1763	5998	11635	2209	5836	1905	4712	4096	1672	4179	6017	1180	6110	1600	4566	2797	696	3107	4799	7511	13945	15910	13770	1735	17553	6354	3030	3518	5171	1930	8694	8107	329	6781	9815	16038	261	1853	6951	5918	8209	5119	3823	6471	6193	2337	5486	999	6252	1179	5267	2018	9247	13092	16996	9055	5047	5074	6886	7016	2467	4192	3263	1332	2861	3415	645	8443	8168	7273	5685	5040	6098	8002	7988	9927	2322	2803	2000	8773	3353	535	4520	14720	4588	7467	4520	2439	4945	4566	6086	11302	2536	8336	2148	55	2698	8242	7574	9099	5432	487	4426	7402	3745	5943	2623	1998	12897	7587	930	3330	1859	102	13705	8490	4963	9475	1868	4052	1301	2921	4385	719	7703	5115	8202	6325	1155	2066	3874	9049	4042	5220	769	7626	6505	4633	1908	1530	2862	4107	14874	2211	904	10935	4565	612	7088	10513	8135	5193	10545	12013	2666	3988	5535	5756	5931	7979	3222	4871	675	6670	1399	2277	3454	17563	8567	6451	1744	3231	5079	2595	7063	9931	2759	860	5331	1645	4498	6547	7346	5340	798	7086	5889	7738	8733	9580	2788	2536	5393	7468	1874	3029	5820	5213	6692	4745	11310	4211	11082	7774	5630	3619	3007	3571	1724	2106	3834	6587	3354	6933	7108	3019	4378	8402	2597	8109	7459	2679	9312	5852	9584	160	3806	4180
ARID5B	1966	2439	12190	4714	4442	1317	1435	3925	4606	21144	13325	18452	60443	7735	8132	678	5665	11693	6908	1815	2200	2456	4408	243	2541	7519	6144	17111	2288	7863	4056	5289	4431	2766	7539	4277	1625	8406	1567	6987	16763	8197	14474	1080	1883	68	827	2363	10521	2845	2254	867	5996	731	12197	2019	891	9277	10044	1489	3124	4161	7587	4674	10939	2820	4484	2554	7963	2757	12200	3013	3595	12908	9342	16883	4025	4147	1014	8885	13869	7857	1918	6408	13130	4191	5709	1328	3739	17179	13784	18734	20041	6833	10375	12475	994	12837	2029	12951	15932	4407	1634	3079	9090	12306	8996	6354	11113	22360	7875	10509	3625	370	7351	8109	2518	5	927	91	2629	3611	6067	15414	17203	3841	4276	6205	5626	5940	6968	13141	7002	35	7162	11166	10874	12237	17341	7217	12790	8243	14887	8662	678	2527	5998	2014	3583	13391	1582	14208	3752	6308	3344	13857	1880	2416	850	5960	6162	3275	5727	6785	15494	5242	12283	8747	5995	8339	7487	1540	5183	5536	1721	2500	746	7683	3629	8421	8918	2470	16984	14352	13323	849	3150	873	118	20227	9331	17767	5284	4905	4500	9614	7040	8631	13438	7440	10986	13466	261	8013	2304	11022	7764	189	3333	4512	1643	3242	5527	6196	8442	11034	10250	2321	8969	2488	1520	7426	4499	4209	15668	498	3264	2450	1151	1379	11006	511	16822	7116	6775	6958	4861	5507	5362	10647	409	4270	1734	11073	5970	157	11274	2812	5832	8902	4352	649	14287	1519	2692	19719	2296	1533	5893	13818	5120	9496	1634	12304	846	9172	14267	14820	12247	7414	4076	1143	851	2413	12206	15808	17370	1651	1946	12964	10143	3229	3039	10706	7047	971	2169	3735	7359	2281	1087	10331	11798	18742	4216	20328	6895	22729	3312	28	545	8146	7377	6871	6716	4377	10192	18228	9463	1852	8816	4960	3675	5424	4238	2792	2966	18555	20986	6339	1495	3364	3644	7631	10262	9908	5400	5119	3937	11657	2231	4654	8020	12797	1086	15690	5193	2245	8947	15233	16272	1238	17559	8801	3178	976	18313	8660	8765	10887	7922	15722	2619	4279	2074	6993	12973	6627	1369	2259	4784	3931	3408	5153	3141	2035	1846	1991	5256	10283	7484	3805	3912	1656	9210	10140	7466	1963	775	4355	3200	3780	8296	4078	479	9266	6503	3932	7391	5877	3199	8133	3905	5015	6505	3306	7699	2385	1882	1591	5196	10825	1831	4657	1575	3878	3650	1394	4870	5925	1022	5532	1454	4057	2337	578	2846	3910	6365	11072	13437	11309	1394	17640	5637	2579	3235	4218	1749	8723	6868	275	6842	9824	16481	200	1554	7278	5559	7597	4443	3094	5336	5061	2069	4605	855	5367	986	4442	1606	8778	14151	19267	7970	4162	4075	5652	6089	1940	3311	2686	1077	2359	2900	532	7244	8089	5863	4689	4199	4880	7408	8027	10012	1993	2874	1618	8155	2842	441	3697	15085	3664	6597	3871	2154	4073	3847	5030	9505	2139	8802	1824	59	2208	6539	6703	7831	4786	410	3725	6529	2951	4908	2705	1604	11076	6594	787	2734	1683	89	11424	8827	4157	8930	1599	3757	1057	2423	3621	584	6478	4019	6587	5387	1103	1675	3259	8011	3636	4103	685	6078	5543	3875	1616	1270	2326	3358	12875	1828	752	9779	3863	505	5720	8963	6807	4266	11197	11952	2332	3291	4562	5679	5150	10503	3188	5262	546	5972	1123	1803	2831	14024	7351	5539	1838	2871	3971	2170	5874	9638	2242	766	4460	1383	3762	5794	6358	4404	664	6013	5057	6413	7831	8310	2240	2293	4168	5811	1491	2598	4892	4328	5664	3956	9780	3356	10547	6758	4983	2928	2470	2868	1452	1692	3576	6342	2693	5486	5636	2599	3734	7088	2198	7024	6746	2277	7850	5445	9220	137	3157	3466
ARNT2	1192	2049	4505	3896	3966	1341	1440	3776	3891	8357	9071	9320	7735	23135	5677	674	3205	6206	3779	1221	2125	2009	3408	218	2769	5745	5698	6418	2163	6442	3359	4483	4016	2855	5348	3551	1647	5025	1601	5864	4671	3492	4911	1040	2112	66	886	2782	4702	2833	2305	841	5349	862	7037	1982	687	4900	7290	1464	3063	2922	2866	4667	6521	2918	4401	2510	6631	2863	8012	3207	3646	8449	5876	7379	3318	3395	1072	4012	7515	5053	2081	4590	6611	3662	4581	1393	1576	6620	4566	5658	6846	5828	4374	6083	1049	5851	1760	3714	6293	3245	1427	2948	5425	8938	3125	3791	7163	7178	5686	5619	3470	400	5977	6748	2469	4	979	105	2400	3175	4695	8823	7328	4027	1600	4018	4747	5222	2059	3762	3464	25	4666	8319	6235	7186	5331	4221	5073	6082	8374	6069	714	2607	4496	1458	3670	7311	1549	6984	3839	5738	3433	6718	1907	2007	922	4589	3631	1683	3232	5289	8037	2458	8506	5807	4025	7339	2634	1549	3891	4901	1743	2544	818	5685	2912	6338	6486	2577	6936	7598	8479	777	2977	540	125	9879	7702	8051	4020	4108	2528	5915	5054	5834	8472	3969	5615	5415	271	4138	2036	8461	6006	181	3732	4193	1661	3002	5596	5579	6211	6176	7642	2048	7007	2187	1402	5342	3832	3381	5857	460	3232	2261	602	1332	4671	491	5727	6341	4258	5442	3994	4234	4254	7749	404	4242	1724	7012	2458	167	4226	2961	5346	2904	2174	511	7623	1522	2779	7328	1337	1627	5537	7559	3503	8109	1731	6380	903	7906	7176	9118	5155	4673	3464	1069	911	2403	3856	5943	6116	1659	1346	7358	3983	3381	2455	7046	3431	1114	1489	2885	5814	1851	657	4389	6844	7113	4275	9319	6064	10005	2870	27	439	5852	3032	3550	3863	4049	5399	7288	7112	1710	3054	3725	3426	4186	3779	2474	2560	6340	8247	5277	1465	2364	3760	6669	5796	7479	4437	5118	2423	5424	1889	3381	7130	7204	1046	8716	4106	1863	2286	6570	5340	1234	6850	4437	2266	1087	8167	6545	6704	5667	5227	8414	2852	3897	2211	6053	6111	3035	1209	2217	4661	4088	2593	4670	2627	1761	848	1976	4055	8149	4981	2864	3312	1535	6227	7836	5039	1824	748	3548	3390	4025	5073	2451	459	5742	4359	3166	4121	3787	1850	6135	3013	4069	5580	3170	4983	2164	1743	1328	4178	6523	1847	4552	1471	3588	2710	1462	2094	3555	984	4204	1293	3241	2287	552	2166	3752	5114	8588	8909	8423	1681	8797	4533	2464	2640	4220	1297	4650	5885	293	3918	5075	8350	230	1561	3863	3784	4923	3623	3163	4947	4299	1860	4261	815	4370	1017	3960	1669	5342	6357	7731	5830	3820	3966	4931	4863	2098	3423	2609	1114	2456	2687	542	5154	4797	5406	4390	3872	4465	4968	4520	5059	1736	1624	1703	5428	2526	420	3709	7030	3585	4636	3390	1785	3759	3463	4563	7126	1986	4391	1794	38	2064	6053	5055	6218	4123	410	3171	5135	3220	4650	1673	1716	7585	5232	817	2549	1444	99	8193	5014	3653	5251	1328	2616	1044	2230	3198	619	5589	4124	6013	4614	918	1627	3187	5974	2884	4103	745	6009	5000	3422	1551	1351	2419	2814	8401	1781	811	6322	3647	507	4917	6661	5866	4034	5725	6154	2000	3352	3951	3463	4445	3161	1862	2477	589	4558	1222	1947	2916	9779	5588	4529	1086	2613	4027	2092	5428	5695	2169	694	4665	1309	3156	4560	5169	4295	694	5143	4442	5287	5575	6373	2420	1837	4454	5599	1578	2465	4142	3936	4954	3419	7057	3486	6117	5267	4023	2947	2396	2819	1574	1672	2616	4154	2812	5268	5153	2390	3362	6139	2010	5328	4745	2077	6519	4009	5435	136	3018	3215
ARNTL	1185	1892	5390	3328	3682	1200	1222	3136	3457	8552	8389	8914	8132	5677	21815	588	3460	6262	3767	1234	2148	1820	3739	212	2260	5374	4780	6878	1930	5500	3078	4097	3534	2363	4839	3135	1278	4795	1285	5210	5531	3758	5565	950	1701	62	792	2048	5190	2351	1956	698	4682	700	5673	1706	685	5266	6837	1495	2493	2865	4121	3802	6320	2393	3587	2088	5403	2179	7628	2597	3005	7695	5442	7384	3116	3200	892	4741	7317	5453	1754	4338	6624	3117	4169	1170	1784	7047	5255	6425	7321	5046	5065	6332	857	6187	1533	4903	6982	3175	1326	2999	5378	7595	3849	4017	6620	7715	5118	5960	2982	347	5001	5986	2126	6	836	96	2427	2829	4313	8691	7722	3201	2225	4104	4605	4619	2551	4834	3920	27	4541	7127	6848	7158	6293	4596	5476	5660	8011	5559	615	2220	4350	1406	2973	7270	1523	7032	3166	4809	2838	6856	1633	1760	836	4409	4290	1912	3450	4701	7826	2775	7062	5367	3842	6015	3669	1366	3650	4147	1469	2092	698	5247	2740	5423	5760	2155	7064	7644	7967	682	2543	515	110	9665	6548	8259	3877	3904	2791	6114	5567	5545	8325	4169	5853	5884	231	5067	1939	7351	5908	169	2822	3566	1443	2364	4486	4559	5750	6137	6947	1844	6231	1936	1274	4904	3542	3305	6563	427	2671	1956	616	1179	5219	434	6489	5185	4417	4922	3528	3919	3921	7131	378	3501	1553	7311	3104	157	5005	2246	4430	3618	2490	489	7294	1538	2653	8371	1417	1342	4607	7808	3528	6709	1481	6797	766	6336	7195	8523	5657	4670	2935	945	775	2058	4945	6019	6927	1627	1348	7160	4773	2855	2142	6532	4075	963	1437	2666	5286	1832	754	4724	6748	7582	3588	9006	5095	9755	2634	24	417	5604	3594	3939	4408	3438	5527	7612	6273	1484	2926	3623	3058	4072	3395	2215	2365	7047	8578	4415	1373	2224	3019	5604	5886	6781	4130	4136	2444	4856	1775	3482	5817	7300	913	8704	4059	1930	3356	7150	5994	1077	7097	4362	2167	899	8104	5785	5927	6265	5081	7945	2273	3307	1784	5201	6288	3563	1122	1974	3919	3364	2483	4082	2412	1623	1142	1716	3565	6817	5047	3200	2986	1416	5755	7157	4734	1507	672	3253	2559	3241	5312	2527	446	5548	4097	3433	4103	3956	2100	5358	2970	3752	5005	2765	5011	1839	1831	1174	3852	6333	1834	3926	1312	3563	2498	1169	2614	3766	983	4110	1152	3049	2003	478	2033	3213	4651	7285	8103	7222	1260	8537	4179	2120	2377	3498	1287	4842	5250	247	4223	5386	8077	198	1574	4202	3591	4691	3322	2621	4114	3785	1676	3735	750	4093	859	3506	1457	5241	7327	7910	5521	3350	3223	4868	4475	1722	2877	2275	1106	2098	2368	465	4640	5009	4466	3869	3699	3725	4824	4696	5412	1653	1729	1464	5309	2562	372	3012	6969	2992	4401	3102	1667	3245	3432	4449	6523	1752	4936	1555	39	2087	4903	4920	5766	3816	375	2864	4648	2608	3968	1766	1421	6538	5395	780	2198	1559	97	7244	5333	3734	5266	1198	2543	859	1993	2722	564	5530	3424	5041	4568	802	1388	2808	6179	2731	3444	627	4832	4405	2926	1439	1345	2102	2461	7600	1488	766	5918	3249	431	4192	6156	5178	3454	6843	6221	1900	2832	3374	3575	3908	3938	1952	2743	569	4364	1025	1636	2762	8319	5443	4001	1089	2441	3556	1887	4748	5878	1885	652	3576	1196	2731	4400	4813	3683	602	5152	3883	4190	5065	5923	1936	2082	3531	4319	1317	2191	3696	3811	4308	3058	6560	2877	6032	4537	3791	2466	2018	2346	1298	1461	2441	4325	2414	4290	4258	2071	2794	5297	2062	4930	5139	1875	5691	3843	5437	121	2655	3150
ATAD3A	158	309	397	596	479	208	314	578	465	637	755	794	678	674	588	1727	255	663	540	226	378	394	430	91	428	598	638	617	302	712	478	525	444	456	595	404	276	598	250	579	434	448	483	191	367	20	238	450	323	439	403	181	588	168	622	374	162	547	668	288	431	405	222	529	623	418	541	408	645	492	718	479	503	740	577	669	397	477	236	464	703	527	380	489	627	579	554	254	237	630	467	501	634	659	391	626	257	616	272	342	571	397	226	396	488	780	335	368	704	618	483	536	483	123	706	631	331	4	326	44	335	462	581	713	676	569	160	455	561	598	242	358	454	14	591	708	585	651	462	439	512	616	710	631	160	377	545	260	525	705	302	670	548	655	501	646	378	411	200	569	427	234	413	555	729	276	799	620	563	739	232	263	539	582	338	437	187	655	429	641	682	445	643	616	660	267	472	96	40	780	724	700	513	467	363	600	535	620	628	512	575	568	78	476	357	751	596	105	466	548	351	371	659	685	656	619	714	393	651	436	294	488	457	404	626	111	536	358	151	282	510	99	490	684	552	555	506	519	553	642	72	569	328	619	286	93	414	334	634	306	325	112	665	285	435	603	154	323	588	567	414	737	318	613	192	692	593	754	560	518	442	331	255	347	225	459	616	301	230	674	364	463	402	683	396	230	269	454	647	249	80	482	660	657	557	768	647	820	455	18	85	574	377	479	394	483	599	645	694	332	211	434	469	505	504	384	397	613	662	592	296	383	490	645	532	707	518	635	257	475	420	367	704	626	185	722	449	346	117	571	508	323	661	503	374	230	701	628	622	610	598	731	427	515	362	660	620	317	205	408	598	550	388	562	380	299	69	345	597	710	586	305	529	307	656	687	581	431	243	451	439	487	589	408	120	632	606	386	489	409	222	637	377	476	648	453	556	467	238	377	533	612	310	553	318	432	461	292	194	450	210	505	363	501	382	104	401	452	610	741	745	764	357	740	530	406	459	572	266	503	655	85	391	475	712	78	274	516	421	588	459	486	589	520	291	555	172	507	240	522	271	632	555	683	629	472	553	603	615	326	497	432	270	392	476	121	603	549	645	558	509	591	537	522	435	322	275	332	572	401	126	504	680	497	594	447	232	504	423	572	657	314	452	336	15	295	675	527	650	493	97	456	591	470	566	192	296	753	555	216	433	237	54	729	532	492	604	217	305	183	339	455	183	620	555	666	566	190	299	509	603	482	524	145	658	549	442	256	269	415	387	746	316	202	664	499	100	580	672	646	492	537	631	311	511	498	414	586	340	231	316	182	492	203	320	480	824	620	611	273	318	561	328	622	573	334	247	563	275	419	494	566	539	196	559	560	667	511	654	456	294	581	621	281	363	545	543	578	476	668	485	660	565	454	447	421	433	241	255	346	406	454	641	626	398	456	664	299	595	481	310	661	455	621	38	425	463
ATF1	603	1212	4220	1734	1798	549	685	1522	2061	6156	4959	5799	5665	3205	3460	255	15267	4519	2558	756	973	1088	2266	107	1123	3078	2437	4829	723	2904	1839	2341	2135	1175	3076	1817	588	2831	757	2998	4514	2849	4320	559	727	36	305	903	5919	1254	973	813	2696	323	2661	882	493	3797	4330	697	1080	1991	2785	2384	4393	1112	2331	1104	3465	1201	4977	1121	1406	4529	3886	5127	2478	1917	471	3345	4637	3003	823	2685	4456	1711	2362	553	1310	4802	3946	4880	5304	2629	4215	4747	462	4153	772	3904	4981	2063	713	1341	4288	4369	3135	3210	4547	5595	3235	4056	1558	130	2373	3870	1670	5	376	54	1191	1574	2713	5756	5293	1464	1931	1926	2191	2388	2217	3723	2774	13	3263	3939	4367	4475	4536	2648	4271	3468	5050	3535	315	1101	2740	811	1380	4679	685	4765	1429	2466	1446	4903	827	979	427	2582	2733	1451	2336	2895	5501	1841	3827	3164	2376	3014	2781	785	2368	2305	682	1099	319	3170	1768	3369	3880	879	4901	4702	5507	348	1379	295	38	6122	3551	5569	2491	2411	2332	4217	3002	3306	5190	2770	4105	4488	161	3257	1010	3986	2641	80	1449	1668	735	1137	2168	2252	3354	4747	3496	1009	3843	1006	654	3077	2444	2049	4845	258	1266	1162	404	552	3434	179	4965	2538	2982	3393	2732	3006	2626	4281	177	1677	677	4768	1952	65	3577	1279	2189	3143	1940	267	4238	662	1135	5731	1220	788	2889	5296	2381	3923	773	4468	354	3722	5266	5147	4049	3037	1674	470	350	1029	3613	3583	4696	867	846	4679	3532	1475	1162	4059	2913	400	1116	1994	3234	1361	678	2961	3846	5236	1726	5680	2836	6580	1624	18	243	3439	3014	2921	2556	1697	3939	4793	3615	756	1928	2507	1696	2589	2215	1388	1381	5077	6075	2688	596	1558	2104	3199	3631	3801	2715	2096	1603	2720	1037	2547	3547	4927	540	5614	2394	1067	2973	4792	4728	465	4927	2849	1382	355	5243	3164	3517	4021	3311	5561	1031	1788	861	2949	4134	2377	666	1065	1873	1695	1721	2348	1597	923	785	922	1971	3483	2577	1761	1616	929	3836	4411	2628	702	275	1745	1168	1743	3565	2350	200	3718	2354	1975	2304	2446	1309	2696	1736	1988	2814	1422	3148	1005	715	606	1630	3615	886	1999	701	1805	1522	588	2107	2739	439	2606	596	1657	934	314	1222	1808	2653	3887	4436	4025	531	5926	2659	1152	1594	1706	677	3437	2941	119	2621	3096	5452	76	755	2620	1818	3039	2077	1282	2246	2512	918	1993	397	2428	448	1948	821	3323	4430	5466	3553	1859	1549	2358	2540	774	1326	1289	442	945	1285	232	2204	3366	2191	2216	1673	1789	3173	2799	3276	642	1224	663	3476	1121	141	1476	4617	1507	3006	1886	1163	1688	1740	2131	3758	942	3245	792	35	1008	2440	2966	3284	2004	157	1728	2581	1185	1847	1031	633	3462	2941	287	1011	844	39	4204	3854	1980	3601	546	1447	449	1083	1272	224	2724	1627	2642	2145	386	682	1359	3179	1579	1834	316	2335	2350	1511	884	595	997	1251	4456	688	370	3469	1866	245	2226	3656	2795	1825	4161	4178	1252	1306	1756	2067	2343	2913	1227	2177	236	2836	470	718	1205	4148	2576	2031	653	1406	1787	1191	2505	3707	930	331	1824	600	1348	2329	2844	2042	285	2633	2096	1891	2764	3390	889	1143	1623	2188	733	1188	2186	1689	2452	1738	3655	1425	3878	2653	2490	1115	942	1214	656	741	1317	3063	1238	2097	2093	1093	1484	2684	977	2474	2928	1162	3202	2599	3553	59	1242	1710
ATF2	1466	2150	7034	4015	3752	1166	1298	3420	3656	11651	9531	11730	11693	6206	6262	663	4519	28623	5368	1591	1944	2194	3973	233	2192	5825	4977	9804	1847	6265	3430	4396	3795	2426	6206	3670	1320	6501	1368	5672	8609	5643	8575	951	1692	61	761	2036	7140	2434	1981	894	4885	653	7305	1849	826	6669	7813	1329	2637	3334	5092	4134	8078	2410	3895	2278	6227	2481	8970	2586	3076	9024	6970	10367	3305	3605	949	6424	9741	5882	1710	4732	8759	3658	4708	1136	2290	10187	7648	9626	10713	5468	6952	8810	906	8659	1585	6983	9502	3456	1408	2697	6571	8841	5406	4885	8633	11430	5959	7171	3006	365	5719	6639	2436	4	871	89	2255	2957	4938	10349	10798	3251	2981	4387	4581	4806	3948	7158	5314	28	5928	7973	7782	8575	8858	5285	7947	6386	10246	6711	608	2166	4939	1556	3088	9461	1402	9838	3208	5151	2874	9221	1660	2155	788	4774	4910	2271	4364	5477	10551	3823	8723	6906	5004	6400	4897	1364	4478	4491	1556	2228	704	6249	3185	6627	7090	2104	10366	9448	9555	808	2781	595	114	12009	7281	11058	4427	4133	3672	7172	5526	6577	9077	5743	8102	8640	250	6005	1985	8253	5875	175	2853	3714	1480	2534	4552	5039	6642	8239	7510	2077	6915	2250	1300	5494	3692	3476	9507	463	2802	2141	777	1218	7220	419	9773	5696	5594	5746	4104	4700	4475	8196	360	3626	1542	8182	3971	164	6790	2409	4741	5152	3192	546	9430	1336	2379	10542	1710	1389	4878	9246	4332	7439	1450	8548	732	7261	9293	10225	8088	5726	3226	1074	757	2070	6719	8768	9500	1455	1546	9310	6685	2804	2595	8131	5290	891	1767	3293	6048	1959	878	6852	8291	10835	3572	11862	5688	12741	2819	26	461	6330	5162	5293	4890	3646	7779	10443	7070	1577	5025	4018	3051	4387	3632	2414	2531	10063	11495	5262	1291	2851	3228	6055	7167	7553	4493	4254	2911	7012	2087	3848	6446	9141	1004	10418	4236	2016	4804	9084	9222	1154	10328	6025	2533	831	11087	6586	6867	7788	6073	10892	2305	3605	1824	5667	8905	4552	1149	1996	4016	3371	3028	4291	2784	1794	1401	1782	4445	7487	5444	2897	3235	1554	7318	7785	5830	1756	704	3537	2651	3247	6306	3508	408	7397	5111	3250	5520	4472	2350	6053	3181	4072	5288	2816	5766	2179	1609	1460	4013	7751	1609	3930	1402	3312	3170	1213	3363	4931	922	4437	1336	3386	2043	542	2366	3258	5128	8089	9164	8203	1261	11381	4763	2237	2918	3654	1380	6558	5497	240	4824	6563	10517	185	1403	5360	4055	6176	3681	2709	4441	4353	1738	3885	731	4275	909	3753	1391	6883	8999	10996	6055	3488	3412	4652	4984	1704	2821	2371	976	2041	2576	485	5231	6114	4736	4051	3530	4004	5616	5766	6488	1656	2182	1414	6117	2454	426	3144	10112	3099	5391	3266	1804	3401	3233	4138	7293	1817	5810	1628	45	1891	5232	5330	6229	3909	356	3106	5063	2464	4069	1890	1368	7912	5175	711	2300	1425	86	8200	6501	3452	7001	1271	2795	968	2129	3024	557	5259	3386	5312	4388	899	1501	2871	6209	3036	3451	586	4880	4479	3230	1440	1143	2079	2728	9291	1603	672	7531	3331	471	4594	6754	5516	3547	7714	8604	2011	2825	3769	4212	4519	5888	2171	3778	519	4751	999	1577	2472	9169	5720	4473	1355	2440	3403	1907	4798	6927	1960	730	3747	1232	3019	4624	5217	3781	608	4863	4206	4937	5606	6529	1998	1883	3527	4537	1307	2249	4088	3634	4670	3302	7504	2847	7947	5116	3983	2488	2122	2494	1252	1402	2608	4918	2374	4476	4524	2223	3055	5688	1874	5330	5171	1933	6230	4456	7084	123	2704	3050
ATF3	890	1456	4198	2571	2403	801	896	2189	2278	6411	5276	6510	6908	3779	3767	540	2558	5368	16629	1380	1308	1413	2764	171	1558	3432	3042	5578	1192	3599	2146	2804	2328	1585	3776	2293	923	3955	894	3482	5264	3778	5207	652	1241	41	599	1448	4089	1623	1345	640	3052	498	3903	1250	590	3892	4573	881	1714	2278	3061	2519	4522	1569	2333	1523	3656	1677	5004	1727	1944	5356	3981	5977	1952	2219	679	4296	5378	3489	1204	3104	5288	2490	2855	795	2828	6863	4612	5445	6240	3207	3635	5048	682	5003	1025	4157	5415	2284	976	1808	3741	5198	3158	2969	4922	6526	3568	4105	1863	274	3462	3752	1515	4	724	73	1443	1868	3019	5798	5953	2103	1774	2757	2737	2954	2718	4501	3308	21	3503	4298	4487	4727	4902	3129	4678	3792	5749	3908	446	1552	3152	967	1997	5373	965	5452	2071	3140	1904	5082	1132	1388	634	2833	3882	2373	4056	3261	5863	2491	4976	3953	3148	3732	2802	892	2697	2708	1040	1501	533	3809	1991	3793	4099	1448	5713	5307	5096	617	1821	535	86	6780	4278	6306	2812	2698	2303	4141	3265	4003	5124	3372	4661	4627	197	3630	1372	4773	3465	153	1868	2318	1046	1624	2817	3128	3826	4482	4393	1372	4097	1529	918	3393	2282	2132	5505	326	1917	1390	757	868	4071	290	5725	3337	3532	3386	2415	2826	2760	4511	244	2324	1094	4704	2481	135	3898	1494	2834	2909	1861	365	5450	888	1530	5968	1075	974	2837	5134	2619	4285	1071	4635	539	4286	5197	5754	4548	3471	2044	794	583	1442	3826	4917	5832	970	1041	5232	3836	1882	1739	4416	3278	678	1164	2080	3555	1286	524	4129	4951	6165	2294	6634	3456	7394	1857	23	272	3686	2992	3303	3098	2239	4396	6137	3889	1038	2578	2395	1960	2667	2209	1547	1541	5839	6421	3184	907	1748	1926	3500	4248	4387	2665	2647	1796	3692	1545	2308	3843	5008	664	5912	2671	1425	2896	5291	5481	846	5992	3891	1673	621	6345	4027	3965	4663	3723	6028	1597	2176	1201	3208	5031	2706	761	1315	2479	2209	1858	2610	1747	1094	950	1214	2713	4416	3369	1728	2056	1072	4261	4453	3466	1238	538	2254	1761	2199	3752	2532	312	4224	3097	2063	3383	2697	1431	3615	1989	2430	3248	1829	3586	1553	1063	1037	2533	4433	1053	2498	974	2036	1980	828	1967	2925	671	2701	976	2212	1365	376	1548	2009	3093	4551	5099	4680	943	6434	3018	1508	2078	2352	896	3860	3389	190	2850	3731	5501	151	937	3509	2511	3450	2171	1780	2825	2589	1191	2593	520	2730	638	2441	958	3904	5072	6580	3479	2124	2129	2745	3023	1135	1861	1511	710	1412	1681	338	3142	3592	2904	2515	2223	2420	3284	3687	3638	1109	1400	923	3558	1598	315	2071	5616	1973	3294	1984	1110	2114	2033	2552	4092	1186	3299	1128	31	1217	3090	3204	3668	2597	240	1898	3151	1684	2606	1164	976	4583	3092	529	1509	944	75	4548	3808	2136	4008	804	1646	664	1339	1870	418	3186	2154	3231	2690	606	997	1889	3587	1932	2219	462	3095	2870	1985	914	792	1406	1547	5202	1036	529	4234	2275	341	2635	3893	3331	2203	4319	4784	1294	1873	2223	2574	2858	3722	1370	2231	394	2874	703	1103	1669	5227	3442	2816	956	1606	2184	1242	2971	3971	1312	567	2385	807	1961	2908	3104	2468	455	2978	2639	3097	3359	3817	1424	1218	2301	2789	877	1556	2447	2248	2826	1928	4285	1859	4722	3065	2470	1598	1395	1535	879	924	1657	3042	1533	2705	2750	1485	1958	3591	1227	3249	3031	1270	3622	2699	4148	91	1798	1880
ATF4	307	563	1164	843	844	353	428	782	861	1768	1644	1768	1815	1221	1234	226	756	1591	1380	4601	590	472	955	82	651	1132	1047	1616	502	1215	747	985	889	607	1192	769	370	1272	386	1216	1682	1469	1771	335	539	29	309	585	1104	668	617	226	1062	267	1117	504	333	1207	1463	425	586	767	895	858	1278	637	826	574	1066	585	1635	660	732	1490	1178	1623	706	801	317	1290	1499	1103	501	948	1397	821	1020	398	506	1701	1301	1544	1720	1108	1218	1460	327	1408	436	1149	1533	835	404	678	1090	1546	997	880	1372	1849	1180	1265	738	148	1068	1210	539	4	317	65	507	734	945	1682	1635	784	590	902	995	1022	1169	1208	997	8	1112	1348	1410	1363	1454	1014	1254	1239	1646	1253	266	650	1018	461	731	1495	449	1523	768	1039	791	1501	497	499	346	1031	963	581	967	1089	1677	813	1443	1205	998	1191	844	390	906	892	461	583	380	1281	697	1186	1264	628	1553	1547	1653	248	653	165	38	1910	1341	1769	976	934	756	1290	1079	1201	1543	1021	1337	1332	112	1094	603	1423	1141	82	711	813	479	566	964	1004	1171	1383	1345	515	1339	600	410	1120	846	787	1576	158	735	604	193	372	1166	181	1675	1071	1160	1023	758	894	948	1472	129	837	503	1586	758	71	1200	494	986	893	681	158	1512	396	600	1629	345	388	923	1510	823	1339	495	1464	269	1432	1481	1634	1276	1005	727	312	288	609	1094	1294	1564	443	440	1466	1110	776	549	1483	1014	366	388	692	1174	574	222	1195	1402	1643	820	1873	1162	1970	754	18	154	1190	898	1030	1000	780	1345	1688	1249	487	799	901	718	943	816	620	641	1586	1888	968	403	643	653	1092	1199	1312	932	913	667	1018	562	823	1215	1518	221	1695	880	541	742	1493	1523	423	1617	1079	700	318	1710	1256	1236	1385	1219	1808	660	813	505	1086	1456	788	342	564	910	831	702	978	644	427	403	528	908	1347	1055	662	766	439	1288	1450	1072	477	227	817	637	761	1189	781	193	1318	959	747	1075	966	511	1087	735	927	1095	729	1166	573	429	409	928	1284	512	926	418	733	700	396	674	941	358	923	379	788	590	134	555	745	1082	1361	1551	1432	439	1766	1079	596	709	855	381	1151	1129	120	989	1146	1706	94	461	1170	854	1083	797	704	997	884	493	879	275	941	268	881	423	1186	1479	1844	1195	818	799	993	1039	487	675	657	380	635	677	171	1005	1186	989	886	849	873	1152	1168	1142	474	550	493	1151	678	129	745	1622	698	1014	778	409	847	742	981	1342	504	1079	483	21	451	1021	1038	1248	900	145	736	1021	664	921	433	447	1370	1084	289	606	422	78	1391	1196	809	1190	346	616	240	461	657	238	1087	836	1126	933	256	420	775	1145	746	853	288	1059	1027	705	409	408	618	602	1542	465	255	1261	834	131	928	1276	1078	815	1342	1426	520	757	781	862	937	1108	532	720	203	1011	325	474	679	1512	1092	941	390	686	815	592	1060	1230	483	261	885	403	666	1017	1044	943	264	1081	917	927	1134	1203	565	510	793	937	393	685	938	868	967	753	1368	730	1316	1007	883	681	573	623	440	366	637	1059	688	987	971	578	665	1198	530	1058	973	487	1168	943	1264	62	689	666
ATF5	440	861	1414	1439	1470	595	680	1513	1468	2391	2647	2678	2200	2125	2148	378	973	1944	1308	590	6345	826	1589	155	1188	1962	1987	1871	897	2163	1326	1656	1485	1179	1738	1264	599	1642	597	1956	1329	1144	1500	505	942	40	509	1059	1310	1122	1064	366	1892	426	1997	859	346	1627	2317	940	1182	1085	970	1646	2018	1207	1565	1034	2046	1097	2468	1284	1449	2450	1823	2128	1249	1304	520	1307	2278	1909	959	1513	1959	1358	1668	620	596	1969	1344	1639	1971	2032	1399	1871	522	1806	695	1088	1904	1189	581	1495	1618	2633	1035	1218	2159	2026	1633	1822	1404	231	2009	2179	913	5	515	79	1283	1270	1600	2550	2183	1550	503	1434	1974	1843	624	1132	1147	16	1608	2662	2218	2216	1630	1464	1518	2040	2379	1995	402	1112	1594	678	1447	2213	886	2099	1505	2009	1338	2037	880	823	485	1713	1572	657	1242	1789	2342	840	2553	1841	1445	2358	787	726	1399	1730	815	1065	417	1839	1130	2026	2099	1129	2026	2244	2488	388	1180	237	53	2785	2380	2386	1458	1499	913	1906	2124	1897	2499	1354	1757	1680	153	1366	844	2524	2222	130	1316	1549	770	1060	1958	1877	2019	1892	2362	897	2210	955	643	1639	1459	1319	1819	225	1316	927	282	692	1481	246	1689	2098	1495	1770	1366	1435	1539	2371	189	1592	843	2389	812	123	1330	1032	1888	924	834	223	2141	936	1486	2337	457	725	1898	2260	1249	2557	799	2023	479	2256	2154	2613	1612	1504	1304	541	469	1018	1122	1579	1848	970	556	2197	1233	1355	935	2221	1141	536	556	1107	1929	757	265	1371	2156	2086	1591	2600	1988	2836	1188	20	227	1931	974	1205	1306	1528	1727	2089	2294	786	771	1386	1333	1555	1426	1005	1072	1857	2417	1673	792	926	1328	2126	1697	2333	1647	1821	853	1499	818	1247	2278	2203	451	2588	1434	895	576	1979	1568	649	2018	1439	948	542	2301	1997	2077	1804	1723	2407	1168	1480	945	2101	1852	995	539	1019	1736	1566	1004	1741	1028	737	276	892	1482	2474	1623	1069	1308	718	1998	2382	1633	795	383	1315	1217	1459	1752	934	300	1845	1549	1530	1330	1349	704	2041	1146	1540	1977	1309	1681	924	987	625	1569	2043	1062	1728	642	1724	1139	689	691	1258	634	1550	613	1284	1030	241	897	1414	1825	2625	2708	2531	753	2559	1598	1040	1029	1626	569	1474	2073	160	1344	1589	2431	134	937	1432	1372	1678	1357	1289	1721	1517	837	1618	433	1647	497	1513	768	1778	2122	2196	2018	1507	1531	2189	1744	900	1390	1120	709	1059	1178	289	1767	1634	1913	1688	1757	1670	1707	1492	1591	786	648	825	1870	1308	212	1427	2073	1404	1599	1333	725	1458	1671	2078	2295	854	1715	796	21	1202	2066	1740	2101	1557	208	1253	1785	1334	1741	623	765	2333	2133	506	1096	894	92	2557	1666	1781	1728	592	932	438	1015	1250	355	2288	1629	2102	2033	433	737	1328	2244	1157	1594	386	2066	1800	1265	743	836	1032	1074	2447	772	536	1988	1476	248	1801	2209	2046	1489	2080	1857	845	1398	1472	1236	1533	936	688	824	365	1643	563	885	1513	2888	2149	1674	509	1043	1748	936	1972	1867	876	397	1558	659	1152	1622	1860	1621	391	2175	1632	1762	1804	2127	1041	1081	1671	1876	723	1012	1586	1816	1740	1365	2247	1407	1941	1734	1488	1232	1045	1118	717	731	994	1464	1240	1925	1866	962	1236	2061	1144	1851	2001	902	2119	1454	1758	74	1224	1551
ATF6	415	853	1445	1449	1351	480	649	1384	1311	2458	2481	2770	2456	2009	1820	394	1088	2194	1413	472	826	6271	1159	150	937	1772	1703	2081	675	2018	1290	1445	1336	960	1790	1202	573	1768	604	1792	1652	1287	1765	479	747	31	400	889	1470	1013	811	347	1657	350	1940	834	402	1771	2218	630	1002	1151	929	1447	2173	971	1412	956	1932	1006	2420	1033	1162	2391	1937	2418	1210	1303	456	1455	2476	1628	794	1406	2119	1418	1559	546	605	2190	1527	1917	2253	1844	1504	2134	459	2002	634	1294	2013	1101	570	1013	1743	2428	1153	1302	2342	2355	1571	1817	1191	205	1842	2010	883	4	479	68	888	1138	1623	2422	2377	1263	636	1254	1553	1566	744	1386	1379	20	1842	2295	1917	2252	1658	1379	1873	1971	2402	2029	316	887	1552	590	1223	2371	605	2362	1256	1754	1183	2178	809	940	401	1614	1280	632	1160	1717	2564	913	2431	2039	1648	2015	937	635	1646	1532	632	924	347	2054	1282	2013	2189	903	2268	2247	2399	489	1114	174	67	2682	2169	2467	1394	1349	1183	2010	1643	1803	2261	1703	2046	2119	141	1618	808	2288	1671	135	1186	1379	715	947	1567	1791	2081	2131	2127	896	2067	982	577	1579	1316	1219	2118	247	1140	843	276	508	1742	169	1979	1836	1621	1755	1386	1538	1529	2221	171	1298	666	2023	908	106	1426	881	1595	1064	895	276	2278	619	968	2160	483	687	1658	2177	1388	2258	652	2055	399	2123	2147	2554	1943	1691	1158	604	396	845	1163	1813	2045	660	587	2331	1455	1108	1046	2222	1259	438	674	1292	1872	704	302	1575	2056	2396	1389	2605	1778	2854	1090	20	174	1904	1302	1425	1231	1321	2057	2238	2133	683	1109	1402	1183	1507	1295	993	948	2159	2430	1677	601	1180	1178	1906	1784	2191	1473	1568	935	1701	931	1308	2013	2221	427	2454	1308	788	723	1956	1945	576	2275	1496	929	406	2406	1933	2057	2021	1775	2611	986	1306	782	1851	2169	1184	504	901	1460	1355	1214	1580	1002	717	295	798	1660	2101	1597	919	1214	716	2160	2188	1870	808	388	1160	1000	1234	1807	1016	203	2114	1658	1119	1483	1268	662	1789	1031	1319	1730	1118	1679	1034	609	744	1314	2070	702	1447	652	1227	1337	560	719	1482	434	1536	709	1264	848	249	912	1205	1666	2273	2388	2269	610	2636	1476	942	1145	1387	554	1794	1873	150	1237	1594	2448	111	641	1429	1220	1916	1257	1096	1548	1449	740	1478	347	1444	459	1379	597	1993	1984	2398	1977	1308	1259	1633	1694	747	1138	1013	490	860	1082	248	1603	1703	1645	1487	1311	1405	1648	1551	1499	651	735	663	1765	957	209	1221	2345	1198	1770	1203	649	1260	1178	1461	2124	771	1522	709	25	769	1786	1658	1960	1401	193	1159	1642	1061	1440	613	650	2231	1747	351	901	617	57	2356	1663	1286	2046	486	904	425	819	1132	301	1710	1302	1800	1506	388	613	1118	1879	1158	1373	280	1736	1544	1222	660	579	891	984	2436	652	360	2129	1253	220	1575	2072	1860	1296	1778	2142	793	1127	1356	1226	1638	1211	629	1036	302	1525	419	702	1022	2476	1785	1561	549	870	1329	778	1683	1832	786	416	1417	547	1060	1436	1673	1450	309	1634	1534	1574	1668	2010	897	755	1299	1572	571	883	1493	1280	1573	1269	2107	1150	2164	1687	1380	1020	946	1006	569	587	858	1494	968	1612	1589	960	1151	1828	752	1692	1563	782	1976	1420	2039	78	1039	1154
ATF7	789	1304	2943	2234	2396	796	808	2081	2151	4647	4685	4908	4408	3408	3739	430	2266	3973	2764	955	1589	1159	11565	171	1470	3218	3012	3726	1243	3398	1924	2558	2218	1577	3039	2053	851	3071	852	3144	3102	2359	3238	652	1120	44	513	1354	3116	1470	1344	653	2882	480	3311	1114	479	3006	3984	1131	1615	1844	2347	2472	3566	1592	2218	1425	3198	1407	4300	1676	1991	4359	3321	4101	1963	2044	601	2835	4097	3322	1128	2659	3812	2051	2653	770	1227	4097	2947	3539	4029	3147	2807	3680	595	3485	947	2654	3819	1958	943	2120	3132	4486	2090	2354	3881	4216	3043	3356	1976	229	3180	3641	1477	4	567	80	1736	1877	2666	4799	4236	2008	1263	2604	3036	3042	1533	2701	2326	23	2800	4200	4066	4204	3414	2831	3121	3356	4557	3258	453	1417	2653	900	1920	4153	1137	3970	2018	3110	1782	3794	1012	1198	605	2775	3276	1296	2642	2866	4407	1716	4314	3271	2466	3665	2010	971	2304	2513	1055	1388	503	3007	1726	3233	3416	1435	3960	4348	4444	473	1691	360	82	5163	3875	4530	2338	2490	1717	3632	3513	3321	4566	2489	3501	3286	181	2735	1162	4389	3799	128	1803	2230	909	1537	2769	2802	3297	3495	4041	1245	3631	1322	938	2909	2264	2087	3660	312	1707	1357	433	895	2913	313	3735	3152	2761	2965	2196	2378	2352	4148	259	2223	1071	4271	1898	123	2838	1441	2821	1920	1430	345	4122	1122	1847	4605	885	844	2801	4360	2216	3986	1024	3829	504	3761	4097	4841	3126	2858	1819	645	531	1295	2677	3326	3760	1190	921	4114	2656	1844	1453	3841	2325	671	942	1775	3172	1243	461	2835	4088	4149	2316	4935	3183	5246	1585	22	292	3388	2037	2346	2597	2294	3222	4160	3804	1016	1710	2235	1941	2496	2218	1458	1616	3839	4716	2778	998	1349	1977	3410	3313	4035	2528	2573	1517	2768	1185	2224	3554	4154	626	4753	2472	1346	1759	3898	3429	732	4031	2786	1306	637	4516	3335	3408	3416	3040	4489	1490	2247	1231	3328	3542	2131	753	1311	2425	2105	1578	2554	1599	1128	746	1166	2280	4060	2736	1702	1941	966	3483	4025	2801	1005	454	2024	1613	2017	3187	2045	375	3275	2583	2302	2584	2425	1338	3337	1859	2550	3179	1799	2847	1257	1335	823	2485	3705	1310	2458	925	2457	1682	771	1458	2300	782	2535	780	1975	1397	352	1334	1997	2859	4349	4686	4143	831	4745	2786	1325	1694	2223	856	2878	3195	190	2581	3213	4430	159	1183	2585	2254	2783	2146	1671	2483	2508	1141	2375	533	2566	609	2225	965	3176	4153	4283	3275	2190	2174	3112	2740	1143	1904	1531	844	1412	1562	361	2771	2900	2850	2452	2532	2443	2973	2776	3221	1065	1101	1004	3238	1950	269	1991	3945	2020	2778	2048	1089	2128	2319	2895	4001	1173	3004	1016	27	1491	3052	2959	3496	2439	267	1922	2846	1608	2547	1156	984	3967	3314	560	1513	1119	79	4340	3059	2446	3102	818	1590	594	1433	1862	383	3428	2127	3105	2962	537	1041	1873	3794	1710	2161	440	3009	2695	1982	1003	981	1401	1690	4382	1078	607	3514	2136	307	2707	3735	3179	2193	3876	3570	1276	1895	2245	2125	2498	2211	1215	1657	447	2692	704	1084	1953	4815	3501	2523	690	1599	2311	1287	2949	3418	1302	479	2324	846	1755	2804	3003	2344	461	3268	2362	2633	3110	3567	1232	1402	2235	2592	921	1449	2371	2598	2694	1966	4030	1832	3522	2674	2273	1665	1370	1673	812	937	1560	2554	1533	2761	2714	1284	1680	3311	1499	3001	3149	1201	3424	2387	3104	103	1738	2292
ATRX	69	138	159	195	173	74	112	199	178	244	264	283	243	218	212	91	107	233	171	82	155	150	171	615	134	201	220	218	120	242	164	195	153	165	206	151	96	227	97	202	175	155	190	86	120	15	91	137	135	146	153	67	212	70	221	132	88	204	239	127	155	161	104	185	220	156	172	137	196	136	249	164	182	245	225	236	164	162	92	179	253	213	124	178	218	193	196	89	94	229	178	205	226	227	176	222	92	223	108	152	207	144	111	173	184	268	140	141	236	246	167	195	182	46	220	232	133	4	109	26	150	162	212	239	244	170	84	184	201	216	87	156	182	16	211	262	222	243	197	179	192	223	241	217	67	121	188	103	175	246	114	236	185	215	158	216	111	148	65	206	160	79	152	205	259	140	272	235	190	245	100	115	202	188	132	142	79	215	163	223	239	138	233	241	247	89	166	43	24	284	247	239	169	171	146	218	207	204	229	201	219	207	45	175	113	258	218	48	163	200	115	157	213	212	240	216	228	160	216	147	121	189	170	170	221	56	163	142	76	110	188	45	205	240	200	193	164	182	171	235	39	183	98	228	124	42	183	120	209	120	122	47	234	117	163	226	71	90	204	214	166	256	94	232	79	227	219	259	210	198	145	116	80	115	105	179	207	126	108	236	167	142	151	240	162	89	108	166	207	105	43	203	244	235	184	248	212	284	147	15	39	223	162	177	135	191	222	231	245	144	102	167	179	181	190	131	163	224	250	192	128	139	143	220	197	237	186	190	145	179	137	166	239	235	72	267	171	123	62	207	203	105	220	179	124	74	239	222	214	220	215	258	144	187	125	235	232	148	79	147	188	161	146	185	143	127	43	120	205	249	203	125	178	124	241	234	199	135	83	154	147	139	204	145	59	219	203	171	198	164	107	218	150	187	207	159	185	150	114	135	176	229	136	183	132	175	183	101	81	182	103	186	126	172	146	42	156	159	204	261	269	251	113	267	179	125	159	187	101	211	218	43	150	195	246	39	117	179	171	206	183	168	205	182	122	190	69	190	99	175	103	218	220	242	210	182	190	219	192	110	179	170	110	128	169	57	211	194	209	205	185	207	189	174	181	104	136	123	224	150	63	168	231	173	223	174	105	203	173	201	257	132	182	123	14	140	228	206	214	168	43	182	189	143	194	83	105	256	215	78	151	113	25	261	187	183	210	90	138	78	131	178	64	219	189	232	208	78	126	162	222	161	168	53	201	189	175	98	112	145	152	246	125	92	225	167	51	219	242	204	161	206	228	125	160	204	167	190	150	99	133	79	177	67	127	163	276	225	194	113	118	186	138	217	205	139	108	197	113	153	174	211	189	79	211	199	219	187	232	134	133	178	203	106	123	199	187	204	186	248	160	237	202	162	160	150	175	73	98	127	165	147	224	210	131	160	224	129	217	187	125	232	174	208	27	158	181
BATF2	435	1023	1590	1750	1753	746	840	1854	1766	2769	3219	3187	2541	2769	2260	428	1123	2192	1558	651	1188	937	1470	134	7611	2325	2485	2185	1130	2705	1575	1970	1916	1442	2121	1537	738	1829	732	2465	1331	1160	1589	600	1242	41	608	1420	1504	1438	1319	446	2401	768	2475	1051	353	1859	2821	844	1479	1231	789	2133	2357	1517	2137	1335	2617	1519	2963	1619	1802	2977	2135	2489	1469	1519	646	1476	2616	2065	1202	1944	2308	1676	1989	854	660	2210	1484	1787	2253	2499	1488	2132	674	2011	896	1096	2183	1498	639	1398	1935	3309	1078	1475	2605	2219	1871	2118	1690	270	2475	2669	1239	4	624	109	1130	1468	1966	3111	2534	2014	452	1563	2042	2222	617	1129	1278	8	1831	3045	2397	2532	1668	1538	1722	2434	2856	2397	689	2020	1943	740	1797	2533	888	2388	1890	2466	1825	2391	1088	956	787	1961	1502	1019	1383	2179	2781	773	3119	2194	1605	2919	755	818	1624	2159	995	1435	573	2330	1358	2499	2572	1414	2299	2604	2994	426	1483	288	64	3327	2959	2778	1774	1888	1009	2209	2028	2218	3044	1445	1993	1840	171	1546	1111	3124	2418	136	1681	1930	1032	1401	2570	2441	2441	2279	2898	1044	2752	1122	724	1913	1772	1526	2033	268	1646	1123	301	758	1620	320	1821	2629	1701	2181	1715	1781	1967	3193	222	2093	1037	2609	806	115	1387	1362	2388	954	894	243	2646	812	1417	2515	460	946	2390	2607	1332	3151	1491	2281	581	2810	2543	3136	1779	1707	1622	618	561	1351	1153	1694	2042	915	578	2534	1208	2360	1089	2665	1297	790	607	1264	2329	840	267	1408	2497	2352	2037	3073	2474	3398	1491	20	263	2300	998	1334	1934	1786	1907	2442	2723	918	668	1653	1692	1831	1740	1270	1203	2094	2750	2127	823	1000	1765	2647	2057	2819	1932	2377	829	1683	982	1371	2905	2581	527	3092	1762	924	530	2353	1662	812	2266	1642	1145	699	2728	2565	2681	2095	2066	2882	1601	1809	1271	2485	2097	972	646	1194	2180	2068	1158	2134	1222	807	275	1091	1754	3028	2014	1300	1583	830	2312	2941	1945	987	453	1627	1681	2399	2019	1044	293	2149	1774	1466	1460	1582	726	2396	1413	1724	2437	1580	2036	1098	842	690	1877	2391	1037	2698	773	1619	1267	852	721	1334	586	1882	685	1486	1237	282	1036	1833	2190	3176	3170	3109	1005	3018	1956	1286	1270	2009	655	1640	2564	190	1553	1675	2925	139	888	1472	1561	1942	1567	1669	2183	1875	963	2018	524	1989	580	1882	959	2064	2180	2611	2425	1740	1871	2173	2098	1208	1753	1346	655	1380	1408	320	2123	1885	2400	2095	1786	2072	1919	1756	1678	922	676	1051	2151	1245	243	1784	2408	1741	1816	1528	841	1776	1492	2092	2622	1045	1636	1017	26	979	2587	2119	2605	1929	265	1439	2161	1707	2129	732	1012	2840	2153	550	1294	772	107	3015	1988	1708	2017	625	1026	530	1087	1443	454	2386	2045	2596	2059	486	826	1663	2313	1369	2089	678	2680	2318	1494	838	853	1356	1245	2921	966	514	2350	2336	281	2088	2646	2505	1861	2130	2150	1013	1747	1706	1374	2002	906	787	828	398	1990	1024	1090	1487	3560	2192	1976	552	1336	1970	1183	2464	2116	1025	410	1933	737	1485	1957	2231	2079	482	2242	2037	2236	2176	2601	1358	927	2202	2478	924	1815	1832	1834	2124	1527	2706	1809	2301	2131	1831	1515	1254	1345	1296	874	1209	1764	1533	2395	2262	1236	1570	2595	1102	2169	1886	1062	2593	1773	2077	81	1568	1516
BAZ2A	1204	1860	4750	3461	4191	1182	1194	3315	3548	8097	8140	8552	7519	5745	5374	598	3078	5825	3432	1132	1962	1772	3218	201	2325	21649	4965	6231	1970	5626	3069	4071	3556	2473	4808	3212	1329	4695	1248	5099	4781	3397	5026	974	1754	57	765	2150	4542	2363	2048	712	4835	698	6149	1687	649	4722	6567	1358	3127	2614	3248	3965	5956	2522	3658	2200	5417	2341	7337	3047	3180	7375	5342	6949	3147	2989	943	3993	6962	4934	1789	4009	6142	3169	4088	1164	1466	6392	4722	5808	6659	5198	4466	5723	881	5735	1553	3982	6281	2864	1348	2648	4978	7756	3254	3576	6331	7106	4793	5441	3068	371	5851	5982	2115	5	843	93	2257	2887	4175	8264	7128	3353	1708	3861	4276	4603	2044	4029	3340	28	4315	7401	5947	6849	5631	4210	5093	5567	7586	5379	624	2207	4026	1305	3112	6844	1419	6646	3810	5685	2901	6353	1609	1774	771	4922	3562	1546	3121	4881	7455	2506	7310	5446	3711	6463	2919	1444	3397	4192	1583	2156	724	4981	2616	5707	5780	2253	6724	7455	7750	667	2618	518	108	9173	6721	7715	3638	3694	2437	5638	4897	5261	7734	3899	5423	5380	239	4058	1691	7413	5645	156	2926	3715	1394	2673	4658	4680	5509	5646	6636	1797	6169	1924	1311	4492	3503	3248	5777	417	2696	1993	561	1212	4667	432	5761	5449	3930	4738	3377	3663	3703	7105	345	3585	1549	6463	2543	160	4322	2503	4664	3042	2085	474	6843	1430	2500	7418	1274	1331	4743	7221	3387	7001	1479	6267	817	6268	7004	8326	5036	4426	2930	922	801	2037	4158	5811	6040	1553	1328	6860	4097	2957	2195	6534	3330	963	1334	2634	5163	1746	656	4391	6445	6883	4324	8606	5194	9243	2491	27	404	5660	3117	3443	3682	3716	5162	6969	6518	1508	3029	3474	3083	3894	3446	2180	2368	6284	8077	4386	1387	2153	3144	5721	5241	7197	4061	4340	2356	5078	1676	3342	6075	6900	970	8211	3802	1624	2515	6338	5316	1067	6671	4184	1952	912	7616	5499	5715	5318	4662	7547	2373	3526	1961	5470	5732	3003	1131	1994	4533	3444	2381	4236	2333	1994	922	1736	3564	7169	4397	2594	3567	1387	5536	6969	4537	1591	640	3082	2704	3259	4941	2270	432	5180	3956	3015	3898	3669	1797	5949	2838	3796	5030	2809	4562	1832	1616	1132	3688	6088	1696	3924	1304	3297	2465	1248	2172	3485	898	3901	1125	2935	2092	528	1911	3282	4599	7740	8018	7378	1323	8175	4158	2066	2297	3660	1258	4503	5233	258	3888	5140	7854	217	1428	3667	3618	4624	3282	2753	4203	3731	1692	3772	756	3989	893	3463	1443	5042	6401	7243	5389	3441	3477	4522	4278	1825	3020	2288	1007	2124	2348	512	4623	4597	4717	3889	3451	3954	4636	4202	5318	1616	1560	1518	5109	2327	379	3154	6668	3172	4293	3148	1644	3330	3180	4132	6523	1753	4391	1553	39	1896	5277	4777	5596	3711	379	2889	4520	2643	4103	1641	1482	6787	4842	742	2305	1345	96	7500	4711	3400	4936	1289	2512	923	1985	2930	552	5053	3614	5255	4166	831	1518	2797	5631	2598	3528	602	5055	4367	3125	1466	1211	2152	2607	7461	1589	727	5842	3175	479	4490	6136	5165	3494	5677	5937	1880	2959	3660	3320	3856	3454	1910	2446	541	4207	1076	1742	2553	8577	5143	3986	1008	2280	3570	1927	4785	5542	1957	630	3632	1204	2728	4083	4806	3676	584	4769	3892	4575	5065	5816	2020	1763	3791	4608	1414	2141	3681	3478	4461	3124	6526	2997	5782	4676	3684	2612	2172	2532	1294	1525	2398	3880	2473	4588	4459	2023	2932	5368	1840	4837	4609	1905	5802	3767	5015	137	2688	2906
BCL3	1046	1760	3600	3402	3511	1183	1279	3466	3409	6706	7493	7540	6144	5698	4780	638	2437	4977	3042	1047	1987	1703	3012	220	2485	4965	18851	5066	2010	5558	2847	3912	3450	2668	4392	3029	1337	4160	1247	4840	3483	2705	3800	920	1915	52	846	2337	3575	2492	2393	746	4677	749	5982	1777	575	3950	6036	1400	2726	2367	2187	3998	5271	2694	3751	2264	5389	2437	6606	2895	3321	7106	4846	5852	2876	2914	988	3171	6060	4317	1912	3826	5287	3123	3895	1230	1317	5296	3549	4454	5387	5180	3429	4773	929	4667	1594	2850	5029	2701	1460	2639	4371	7510	2433	3046	5714	5713	4127	4639	3654	376	5200	6089	2118	4	913	100	2203	2886	3920	7243	5905	3641	1196	3533	4089	4665	1450	2919	2710	28	3855	6994	5101	6098	4268	3628	3989	5082	6750	4946	650	2289	3737	1297	3668	5957	1409	5561	3417	5057	3036	5354	1707	1773	823	3994	3119	1335	2740	4503	6439	1936	7182	4861	3329	6435	2023	1452	3197	4207	1652	2255	772	4666	2456	5283	5325	2338	5524	6313	6861	690	2606	480	123	8047	6457	6434	3323	3505	2030	4908	4422	4742	6995	3235	4489	4270	238	3295	1737	7186	5309	180	2999	3790	1472	2691	4933	4854	5182	4857	6460	1822	5845	1940	1281	3983	3320	2990	4632	403	2884	2290	502	1310	3727	466	4453	5604	3500	4481	3360	3482	3519	6428	355	3756	1622	5800	2036	168	3384	2577	4861	2247	1734	445	6160	1426	2567	6039	1094	1433	4810	6145	2914	6876	1549	5317	835	6011	5807	7517	4066	3924	2921	982	859	2087	3032	4766	4872	1533	1192	5995	3077	3000	2188	5753	2681	1044	1242	2415	4885	1571	534	3510	5804	5654	3862	7522	5107	8118	2467	27	422	4997	2309	2799	3195	3650	4383	5772	6201	1807	2382	3097	3111	3598	3357	2133	2721	4983	6729	4347	1377	1908	3241	5684	4686	6267	3796	4510	1937	4478	1597	2925	6001	5826	928	7153	3518	1582	1600	5242	4146	1143	5484	3597	1866	1025	6586	5318	5487	4578	4228	6677	2574	3536	2056	5409	4856	2507	1051	2038	4163	3603	2157	4058	2206	1582	677	1748	3473	6884	4157	2490	2973	1323	5139	6470	4204	1612	695	3044	2881	3383	4263	2003	432	4632	3709	2782	3375	3243	1589	5352	2627	3702	4893	2869	4057	1878	1600	1171	3668	5433	1717	3945	1284	3173	2371	1335	1601	2857	895	3615	1154	2809	2143	504	1866	3239	4437	7444	7539	7074	1437	7130	3885	2129	2225	3704	1182	3681	5068	270	3310	4267	6764	227	1389	3114	3276	4022	3636	2828	4232	3681	1669	3729	771	3824	919	3390	1495	4414	5215	6089	4976	3484	3600	4450	4187	1894	3068	2374	1060	2232	2392	519	4494	3945	5466	3873	3533	4016	4252	3611	4325	1648	1337	1639	4659	2307	380	3232	5606	3272	3889	3441	1581	3877	3029	4093	6098	1775	3561	1615	32	1889	6040	4294	5361	3607	380	3321	4326	2897	4157	1443	1611	6439	4533	798	2345	1282	97	7117	4106	3266	4236	1233	2251	940	1950	2944	607	4874	3713	6095	4123	830	1555	2869	5119	2492	3672	649	5313	4339	3065	1425	1283	2234	2640	6856	1640	747	5238	3167	464	5061	5773	5109	3533	4716	4939	1805	3037	3558	2917	3752	2464	1617	1901	580	3945	1109	1812	2634	8460	4811	3892	928	2326	3755	1890	4854	4729	1983	657	3646	1269	2695	3904	4499	3719	649	4529	3847	4604	4766	5443	2147	1634	4023	4839	1445	2148	3637	3586	4960	3533	5986	3160	5007	4478	3419	2746	2209	2642	1375	1484	2246	3428	2569	5387	4656	2098	2924	5213	1859	5144	4099	1834	5562	3375	4445	121	2792	2850
BCL6	1587	2215	9829	3941	3830	1156	1282	3320	3856	15902	10600	14055	17111	6418	6878	617	4829	9804	5578	1616	1871	2081	3726	218	2185	6231	5066	41535	1878	6338	3505	4556	3856	2379	6533	3633	1384	6926	1366	5967	12737	6888	11445	954	1669	69	769	2015	8433	2439	1931	724	5079	648	8311	1741	827	7948	8289	1308	2608	3520	6642	3982	8888	2360	3760	2173	6353	2353	10035	2519	3013	10182	7462	12952	3386	3576	886	7932	10967	6688	1693	5304	10471	3670	4842	1120	2838	12964	11141	14381	15248	5561	8902	10386	903	10855	1717	10645	13003	3907	1414	2698	7183	9477	7626	5646	9097	16352	6803	8850	3001	349	5871	6639	2159	4	858	84	2224	3095	5044	12502	13967	3164	4025	5126	4674	4956	5432	10748	6343	30	6007	8412	9140	9696	13265	6073	10023	6916	11783	7227	602	2185	5293	1698	3001	10786	1372	11306	3165	5157	2876	11798	1652	2116	757	5006	5104	2660	4638	5670	12159	4541	9249	7243	5219	6582	6554	1340	4481	4589	1486	2170	685	6479	3166	6859	7281	2100	13480	11430	10656	766	2720	671	104	15208	7529	14121	4705	4322	4073	8159	5886	7319	10681	6321	9149	10707	255	7091	2065	8856	6416	181	2855	3684	1470	2622	4491	5004	6897	9187	8055	2002	7395	2199	1316	6343	3802	3673	13078	454	2801	2123	919	1181	9172	453	13345	5695	6028	5734	3942	4568	4672	8773	369	3551	1547	9194	5158	157	9259	2279	4709	7380	3841	572	11453	1307	2304	14911	1924	1353	4683	11332	4536	7569	1468	10198	747	7560	11122	11518	10279	6269	3426	1036	762	2142	9981	11396	14163	1463	1723	10627	8632	2802	2658	8710	6535	893	1860	3284	6257	2032	970	8322	9785	14691	3595	15105	5749	16709	2916	26	457	6793	6473	6137	6158	3572	8567	14882	7499	1561	6011	4210	3113	4614	3662	2442	2523	14373	15976	5209	1254	2888	2973	6134	8513	7981	4621	4213	3330	8268	2061	4062	6494	10522	978	12737	4590	2081	7645	12714	12569	1125	13320	7182	2790	850	14187	7036	7150	9103	6575	12450	2279	3539	1811	5588	10995	5782	1180	1943	3976	3325	2988	4346	2818	1733	1672	1748	4397	8226	5882	3034	3317	1483	7440	8336	6220	1733	699	3742	2684	3236	7023	3507	432	7813	5386	3380	6015	5066	2755	6415	3395	4168	5398	2902	6594	2109	1632	1383	4334	8888	1613	3955	1414	3326	3129	1174	4256	5243	915	4746	1316	3509	2002	504	2495	3294	5337	8561	10378	8921	1224	13930	4777	2250	2871	3593	1513	7440	5748	255	5628	7853	12570	181	1361	6244	4563	6394	3765	2639	4537	4177	1796	3929	743	4543	887	3820	1425	7502	11475	14801	6535	3465	3279	4677	5141	1690	2754	2325	972	2035	2534	477	5802	6970	4700	4047	3472	3893	6223	6813	7919	1722	2436	1407	6796	2454	409	3140	12118	3030	5509	3303	1884	3407	3273	4219	7596	1787	7098	1617	49	1857	5244	5669	6587	4138	349	3183	5414	2465	4112	2196	1391	8725	5464	698	2270	1453	83	8755	7769	3493	7595	1354	3131	907	2009	3014	550	5455	3423	5412	4509	950	1438	2880	6573	3208	3490	579	4970	4733	3233	1453	1096	2034	2728	10191	1548	672	7864	3372	436	4605	7225	5649	3672	9825	9806	2053	2827	3722	4841	4470	8059	2640	4491	507	5067	1000	1571	2400	10375	5979	4620	1549	2546	3305	1904	4887	8085	1931	705	3776	1205	3100	4964	5447	3804	604	5057	4233	5132	6347	6870	1975	1977	3489	4721	1318	2260	4059	3537	4769	3288	7948	2882	8756	5586	4257	2506	2086	2413	1262	1442	2953	5482	2359	4424	4494	2275	3188	5926	1878	5788	5694	1987	6465	4656	7793	120	2711	2904
BHLHA15	422	752	1331	1382	1498	586	574	1491	1461	2455	2828	2809	2288	2163	1930	302	723	1847	1192	502	897	675	1243	120	1130	1970	2010	1878	7105	2148	1156	1636	1395	1147	1705	1213	641	1599	544	1878	1231	985	1368	577	836	44	446	1018	1111	1046	984	304	1947	382	2475	807	240	1481	2334	644	1271	911	824	1646	1879	1421	1478	973	2000	1042	2382	1322	1528	2529	1751	2076	1124	1136	444	1203	2262	1722	862	1465	1937	1265	1537	557	565	1952	1340	1635	1950	2084	1270	1715	447	1714	720	998	1867	1099	563	1178	1482	2852	892	1075	2070	2115	1617	1779	1411	198	2092	2111	809	4	443	62	989	1259	1518	2704	2196	1541	403	1515	1665	1968	458	1025	1051	16	1437	2731	1989	2265	1665	1408	1400	1900	2466	1910	330	1034	1508	589	1368	2207	682	2051	1592	2028	1255	1999	743	761	392	1664	1234	508	1123	1808	2340	745	2792	1959	1312	2570	741	688	1230	1633	818	1022	405	1761	1009	1988	1977	1087	2053	2420	2531	306	1136	258	64	3008	2456	2375	1376	1464	714	1814	1794	1873	2621	1210	1671	1508	131	1257	743	2741	2270	99	1249	1592	691	1240	2044	1939	1942	1746	2488	786	2273	786	594	1538	1327	1305	1656	202	1207	871	237	651	1442	256	1592	2233	1352	1643	1290	1276	1391	2476	195	1611	787	2160	763	106	1293	991	2214	787	694	218	2352	693	1134	2250	377	647	1859	2320	1077	2704	750	2000	446	2253	2124	2710	1514	1436	1189	434	428	962	1110	1872	1769	705	548	2237	1116	1307	902	2237	1038	519	485	959	1823	633	201	1326	2289	2057	1596	2805	1951	2981	1030	17	202	1992	791	1020	1298	1557	1609	2180	2417	717	856	1244	1405	1426	1402	924	989	1787	2502	1666	739	738	1309	2101	1770	2342	1619	2119	777	1787	692	1123	2315	2201	418	2653	1479	724	502	2022	1451	545	1995	1392	792	539	2578	2029	2049	1638	1687	2378	1119	1485	986	2194	1825	905	504	919	1703	1450	867	1623	932	715	242	813	1372	2778	1632	1107	1246	583	1857	2412	1611	728	338	1322	1222	1380	1629	753	244	1713	1472	1119	1335	1295	691	2094	1167	1603	2068	1327	1567	787	794	508	1635	2151	785	1668	608	1356	919	627	629	1067	464	1416	484	1122	1005	228	795	1374	1776	2966	2878	2703	666	2624	1496	966	873	1542	562	1373	1984	164	1294	1662	2476	129	706	1179	1360	1538	1285	1244	1678	1421	793	1567	378	1794	444	1363	706	1687	1987	2224	1917	1680	1575	1829	1641	923	1357	1052	538	983	1018	269	1828	1540	2002	1638	1458	1918	1646	1419	1737	860	521	815	1802	1030	212	1516	2114	1455	1425	1259	682	1442	1298	1730	2427	818	1447	739	18	841	2208	1781	2064	1469	221	1150	1652	1281	1704	632	774	2543	1792	431	1241	607	72	2724	1555	1384	1574	588	1004	400	846	1231	343	2010	1597	2110	1756	451	711	1289	2030	1027	1541	317	2155	1776	1263	683	614	991	1149	2582	831	405	1971	1343	211	1845	2253	1968	1472	1843	1794	755	1334	1517	1203	1470	886	670	688	317	1602	507	833	1183	3340	1927	1605	402	1356	1578	1009	1946	1847	888	306	1516	641	1188	1865	1786	1482	326	1869	1467	1971	1850	2129	957	736	1725	1961	677	925	1493	1567	1718	1305	2299	1333	1854	1829	1411	1268	937	1187	619	729	949	1324	1175	1949	2138	891	1212	2077	881	1853	1605	794	2139	1336	1624	77	1243	1262
BORCS8	1215	1947	4164	4197	3908	1274	1420	3841	4202	8324	8957	9436	7863	6442	5500	712	2904	6265	3599	1215	2163	2018	3398	242	2705	5626	5558	6338	2148	23381	3288	4415	4193	2801	5224	3493	1450	5371	1387	5609	4556	3348	4871	1016	2056	59	911	2442	4324	2672	2315	825	5780	807	7561	1905	614	4634	6970	1444	3064	2797	2658	4558	6359	2931	4162	2437	6255	2827	7705	3151	3688	8392	5852	7313	3142	3423	1030	3778	7659	5075	1980	4186	6510	3670	5165	1351	1399	6892	4459	5732	6863	6049	4130	5997	1021	5857	1757	3504	6204	2973	1405	2828	5125	8896	2918	3444	7113	7436	4730	5350	3384	422	6275	6535	2314	4	993	97	2368	3178	4707	8500	7512	3976	1473	4118	4868	5341	1909	3576	3282	24	4741	8367	5982	7552	5411	4225	5014	5936	8435	5907	718	2530	4238	1480	3613	7448	1532	7205	3749	5841	3700	6455	1869	2053	880	4701	3476	1564	3155	5086	7963	2377	8984	5949	4038	7479	2495	1524	3847	4613	1812	2493	802	5578	2805	6254	6290	2560	7102	7560	8221	792	2901	531	125	10013	7532	7933	3795	3902	2315	5862	4979	5674	8169	4227	5603	5423	260	3966	1969	8504	6240	188	3188	4140	1628	2919	5429	5657	6169	5941	7917	2091	6619	2255	1428	4448	3687	3283	5762	442	3265	2257	598	1340	4865	487	5693	6616	4151	5219	3917	4139	4045	7627	381	4241	1743	6760	2505	170	4113	2771	5638	2747	2064	522	7612	1505	2711	7213	1301	1580	5441	7237	3355	7918	1711	6598	882	6950	7054	9200	5040	4666	3292	1097	889	2327	3775	6534	6017	1572	1416	7326	3736	3319	2458	7839	3171	1098	1436	2758	5779	1719	593	4648	7220	7237	4104	9767	5851	9947	2744	24	472	5795	2813	3431	3739	4096	5538	7369	7430	1760	3731	3984	3329	4596	3643	2667	2535	6200	8292	5119	1484	2319	3570	6564	5459	7506	4272	5076	2421	5941	1907	3231	6816	7769	1013	8546	3855	1818	1984	6276	5350	1256	7161	4469	2146	1063	8253	6409	6548	5561	5286	8291	2760	3903	2134	6311	6184	3001	1284	2159	4634	4299	2494	5032	2537	1807	826	2183	4250	8136	5044	2782	3378	1518	6271	7381	4981	1857	755	3454	3086	3703	5029	2354	449	5583	4651	3026	4508	4186	1866	6460	2851	4247	5683	3089	4737	2188	1700	1420	4299	6576	1805	4418	1484	3506	2834	1379	1831	3449	987	4119	1332	3309	2324	542	2195	3424	5155	8951	9054	8346	1531	8621	4510	2288	2577	4165	1343	4421	5667	277	3865	5291	8428	228	1505	3732	3733	4924	3615	3181	4696	4313	2063	4255	781	4171	977	4401	1584	5394	6418	7681	5786	3848	4080	4963	4911	1979	3312	2581	1132	2408	2740	557	5409	4665	5577	4237	3913	4834	4938	4468	5215	1889	1580	1714	5340	2656	433	3581	7185	3562	4586	3233	1683	3818	3269	4458	7468	2239	4277	1774	37	2045	6192	4916	6144	4075	408	3260	4990	3038	4677	1624	1681	7934	5013	812	2627	1427	100	8518	4638	3619	5196	1366	2690	1020	2200	3415	641	5418	3956	5948	4639	864	1697	3191	5931	2878	3998	710	5756	4777	3491	1504	1317	2374	3033	8644	1772	794	6564	3566	485	5210	6861	5833	3835	5461	6106	1991	3294	4157	3426	4225	3280	1828	2312	587	4357	1174	1835	2844	10241	5758	4655	1088	2474	4018	2034	5280	5548	2108	729	4104	1470	3104	4532	5076	4103	709	4961	4405	5529	5390	6391	2341	1797	4255	5266	1516	2414	4317	4031	4774	3478	7316	3275	6104	4990	3705	2995	2475	2919	1484	1565	2504	3950	2733	5371	5470	2312	3175	6021	2011	5369	4608	2001	6387	4383	5419	136	3024	3248
BRCA1	786	1266	2636	2183	2162	779	1212	2104	2126	4285	4299	4622	4056	3359	3078	478	1839	3430	2146	747	1326	1290	1924	164	1575	3069	2847	3505	1156	3288	10907	2780	2217	1614	2788	1946	861	2740	871	3014	2670	1963	2765	657	1164	43	728	1419	2552	2050	1351	525	2840	509	3244	1519	472	3357	3678	939	1619	1798	1629	2625	3513	1583	2732	1741	3549	1525	4142	1738	1914	4118	3125	3872	1980	2348	789	2250	3946	2779	1482	2433	3448	2097	2516	846	1127	3553	2568	3179	3685	3042	3063	3358	781	3140	1061	2190	3695	1812	864	1624	2891	4191	2219	2166	3701	3836	2650	3112	1930	285	3069	3432	1348	4	677	84	1355	1837	2540	4331	3940	2179	999	2113	2533	2760	1238	2250	2066	20	2687	3918	3356	3764	3100	2377	2872	3238	4271	3858	481	1478	2957	1137	2005	3879	962	3784	2079	2954	1906	3990	1521	1231	639	2682	2117	1019	1923	2809	4223	1427	4051	3077	2345	3512	1583	977	2294	3145	1026	1670	524	3107	1766	3286	3416	1438	3679	3880	4174	560	2084	319	76	4734	3666	4439	2730	2288	1653	3283	2727	3435	4107	2406	3137	3150	230	2408	1548	4025	2980	156	1845	2239	1316	1553	2797	2880	3299	3407	3841	1231	3523	1399	878	2620	2177	1974	3321	422	2096	1331	384	832	2705	314	3162	3384	2485	3219	2135	2311	2981	3776	235	2218	1064	3551	1455	141	2767	1443	2732	1978	1605	341	3690	903	1556	3870	742	1203	2794	3831	2027	3891	1039	3446	593	3624	3778	4412	2981	2556	2249	740	700	1396	2094	3040	3392	1026	849	3813	2265	1907	1406	3682	2014	679	903	1765	3553	1101	470	2387	3532	3849	2220	4503	3452	4899	2186	21	291	3165	1879	2127	2128	2168	3122	3742	3624	1074	1610	2195	2002	2368	2156	1481	1564	3427	4230	2550	922	1529	1911	3205	2913	3731	2470	2709	1386	2902	1245	2003	3498	3766	785	4315	2304	1174	1284	3449	2994	939	3682	2405	1707	644	4065	3215	3377	3169	2798	4222	1507	2093	1290	3067	3352	1754	737	1412	2444	2211	1623	2524	1997	1078	511	1171	2292	3786	2545	1570	1994	1245	3320	4179	2798	1102	515	2335	1909	2050	2916	1517	295	3136	2528	1833	2218	2154	1144	3090	1701	2244	2991	1826	3293	1367	968	875	2184	3403	1124	2362	874	1990	1717	1124	1264	2122	645	2489	882	2370	1341	433	1340	1998	3390	4017	4199	4172	950	4486	2446	1863	1603	2249	798	2703	3184	201	2242	2727	4218	159	1004	2252	2017	2896	2070	1785	3052	2570	1111	2567	582	2456	805	2218	1029	2998	3387	3976	3294	2146	2146	2688	3253	1210	1840	1626	724	1388	2077	357	2998	3348	2740	2705	2144	2359	2740	2376	2656	1049	1060	1088	3099	1435	266	2030	3752	1951	2638	1946	1089	2062	1816	2466	3622	1165	2477	1372	25	1186	3004	2819	3335	2281	272	1849	2782	1716	2463	977	989	3719	2829	553	1476	938	88	4062	3342	2121	3033	782	1436	773	1221	1782	460	2899	2215	3078	2470	707	920	1904	3109	2162	2229	457	3005	2652	1852	1008	850	1415	1531	4245	1063	570	3354	2058	386	2598	3533	3146	2191	3097	3370	1236	1880	2152	2352	2449	1922	1069	1546	431	2563	706	1112	1658	4405	2895	2935	756	1473	2350	1312	2914	3060	1222	486	2267	882	1891	2442	2801	2320	481	2744	2970	2635	2835	3381	1616	1170	2228	2965	970	1406	2310	2144	2607	1970	3555	1917	3374	3340	2311	1662	1402	1562	931	950	1402	2436	1651	2741	2664	1748	2334	3109	1173	2773	2563	1277	3400	2243	3096	89	1691	1834
BRD4	978	1726	3294	2865	2888	988	1205	2751	2784	5644	6000	6158	5289	4483	4097	525	2341	4396	2804	985	1656	1445	2558	195	1970	4071	3912	4556	1636	4415	2780	14663	2836	2146	3870	2700	1046	3697	1055	3959	3261	2462	3512	769	1544	53	767	1856	3331	2242	1817	662	3768	571	4443	1650	535	3938	5245	1152	2241	2101	2194	3544	4664	2147	3348	2082	4597	2044	5378	2349	2642	5570	4225	5066	2517	2820	898	3109	5094	3789	1633	3389	4679	2762	3291	968	1229	4628	3324	4053	4712	4018	3514	4238	830	4193	1320	2756	4786	2278	1091	2207	3870	5932	2503	3011	4921	4956	3532	4047	2582	302	4116	4649	1845	3	766	88	1845	2374	3320	5990	5192	2894	1172	3034	3378	3754	1340	2732	2561	18	3335	5508	4647	4999	4090	3214	3549	4228	5966	4577	558	1873	3678	1250	2565	5093	1206	4827	2775	3994	2425	5076	1595	1510	675	3428	2689	1222	2445	3893	5548	1832	5601	4089	2963	4991	2128	1211	2764	3719	1372	1988	629	3933	2102	4464	4548	1886	4797	5193	5741	566	2476	406	98	6559	5057	5830	3455	3377	1937	4141	3673	4366	5805	2888	4000	3831	251	3087	1661	5596	4345	131	2401	2953	1375	2074	3888	3864	4220	4400	5532	1540	4626	1623	1146	3392	2800	2685	4294	411	2610	1651	475	1085	3369	383	4070	4649	3117	3985	2832	3036	3391	5372	304	3028	1350	4932	1865	138	3451	2015	3904	2269	1787	401	5183	1186	2111	5275	936	1271	3992	5273	2617	5674	1268	4633	695	4813	5130	5996	3716	3379	2675	814	799	1743	2906	3800	4395	1266	1070	5067	2864	2420	1853	4848	2582	833	1061	2145	4512	1397	519	3150	4955	4899	3047	6208	4471	6583	2343	22	329	4160	2282	2687	2867	2900	3802	5037	4794	1276	1826	2640	2601	2999	2837	1751	1922	4477	5654	3631	1212	1690	2674	4437	4022	5163	3174	3570	1763	3627	1505	2564	5286	5043	889	5922	3102	1490	1700	4710	3750	1030	4705	3167	1792	830	5576	4559	4535	4023	3673	5574	2042	2891	1640	4298	4312	2201	894	1694	3260	2848	1924	3327	2276	1344	637	1438	2842	5482	3492	1997	2440	1275	4306	5706	3507	1352	557	2871	2459	2793	3795	1825	371	3917	3252	2341	2913	2811	1500	4395	2214	3077	4098	2355	3907	1622	1351	975	3115	4677	1439	3240	1271	2652	1994	1214	1606	2637	770	2999	974	2633	1765	486	1669	2684	4126	5810	6096	5956	1183	5933	3385	2043	2034	2975	1043	3342	4085	219	2890	3786	5653	187	1237	2772	2741	3495	2617	2391	3740	3406	1396	3256	638	3195	892	2841	1256	3887	4498	5183	4176	2807	2896	3496	3959	1533	2481	1960	871	1795	2271	449	3969	3923	3769	3402	2799	3294	3580	3278	3754	1452	1169	1326	3957	1916	314	2642	4892	2670	3345	2497	1317	2682	2485	3315	4928	1468	3279	1499	33	1543	4162	3734	4382	2972	340	2349	3574	2309	3348	1263	1281	5228	3618	661	1898	1116	78	5464	4003	2690	3793	1036	1922	917	1731	2391	504	4001	2901	4112	3390	786	1296	2450	4202	2430	2909	494	4096	3549	2481	1225	1051	1814	2114	5871	1377	628	4426	2611	442	3456	4660	4025	2836	4269	4308	1537	2510	2899	2848	3239	2403	1424	1794	484	3332	894	1453	2148	6415	3985	3637	833	1946	3074	1612	3858	4150	1632	575	2930	1085	2600	3345	3783	2969	547	3683	3467	3836	3908	4484	1947	1438	3118	3892	1206	1798	3026	2908	3519	2478	4999	2467	4363	3820	2873	2237	1803	2129	1075	1230	1848	2921	2097	3697	3666	1887	2650	4206	1544	3767	3450	1570	4520	2951	3860	116	2340	2539
BRF2	774	1415	2995	2343	2564	1000	1016	2351	3229	4873	4968	5075	4431	4016	3534	444	2135	3795	2328	889	1485	1336	2218	153	1916	3556	3450	3856	1395	4193	2217	2836	12267	1813	3317	2190	974	2886	955	3643	2844	2182	3002	798	1414	48	678	1677	3020	1872	1578	549	3929	667	3559	1335	507	3195	4327	1066	1912	1900	1886	2978	3762	1822	2920	1630	3771	1845	4822	2026	2244	4639	3390	4161	2269	2203	762	2612	4266	3289	1402	2833	3817	2287	3537	1009	1051	3768	2819	3423	3986	3479	3010	3621	744	3467	1209	2411	3847	2283	978	1963	3196	4805	2189	2527	4081	4113	3271	3731	2214	313	3317	4037	1618	4	677	105	1608	2069	2763	5076	4268	2517	1226	2422	2906	3118	1268	2438	2341	19	2854	4490	3982	4083	3299	2752	3097	3733	4659	3683	548	1810	2899	1058	2263	4254	1091	4053	2428	3388	2747	4158	1316	1259	747	2947	2429	1212	2126	3212	4597	1612	4517	3467	2433	4097	1820	1131	2425	2981	1191	1739	593	3546	1883	3740	3864	1673	3996	4358	4960	505	1947	345	82	5387	4350	4613	2691	2831	1835	3635	3174	3476	4928	2483	3419	3365	214	2685	1451	4611	3601	137	2249	2542	1202	1822	3257	3229	3652	3893	4146	1335	4184	1418	935	3087	2574	2422	3603	364	2109	1466	393	904	2957	365	3417	3561	2767	3309	2469	2630	2890	4570	279	2612	1238	4261	1638	119	2713	1745	3157	2047	1608	393	4200	1045	1867	4480	862	1133	3255	4547	2277	4584	1298	3901	674	4296	4361	4962	3229	2768	2180	764	662	1704	2576	3122	3650	1207	931	4213	2593	2333	1546	4684	2382	862	966	1904	3582	1371	539	2512	3993	4043	2736	5012	3595	5456	1988	22	330	3655	2098	2380	2538	2490	3338	4167	4080	1150	1558	3212	2270	3413	2499	2146	1683	3804	4815	2981	1007	1648	2231	3785	3409	4208	2857	3014	1526	2883	1320	2413	4039	4785	706	5005	2823	1384	1599	4078	3243	892	3896	2669	1563	769	4514	3749	3888	3479	3162	4722	1907	2480	1517	3511	3581	1989	1149	1495	2844	3085	1922	3707	1738	1129	603	1747	2478	4441	2822	1891	2171	1056	3558	4532	3017	1198	513	2312	2084	2555	3273	1602	318	3512	2606	2215	2381	3171	1311	3421	1998	2560	3396	2077	3147	1396	1172	859	2515	3830	1312	2842	1009	2334	1747	1027	1518	2344	719	2808	852	2065	1541	397	1486	2452	3206	4659	4834	4593	1103	5003	2901	1738	1766	2636	868	2848	3596	213	2569	2982	4842	172	1148	2432	2371	3050	2341	2039	3023	2640	1644	2745	598	2762	731	3126	1203	3301	3852	4392	3618	2488	2354	3112	3053	1414	2174	1704	792	1659	1825	407	2983	3095	3150	2864	2433	2667	3081	2783	3020	1157	1110	1234	3407	1674	284	2314	4058	2249	2852	2200	1279	2410	2295	2896	4029	1738	2897	1244	38	1391	3485	3229	3846	2707	317	2084	3096	2049	2861	1148	1186	4207	3316	600	1591	1071	99	4580	3426	2408	3251	901	1701	688	1484	1960	464	3511	2628	3605	3016	647	1054	2161	3638	1859	2691	610	3521	3246	2164	1142	1033	1628	1685	4623	1167	584	3636	2497	369	2989	3996	3489	2621	3677	3600	1471	2173	2390	2253	2823	2005	1240	1589	412	2996	905	1340	1935	5053	3216	2743	760	1969	2601	1620	3420	3563	1377	491	2651	953	1982	2920	3277	2783	515	3284	2810	2979	3425	3815	1566	1341	2737	3231	1065	1708	2653	2443	3123	2193	4039	2230	3672	3165	2746	1930	1524	1783	1214	1149	1622	2876	1937	3138	3041	1579	2208	3603	1474	3143	3045	1494	3952	3390	3350	100	2096	2063
CAMTA2	523	970	1583	1900	1897	744	807	2009	1815	3065	3580	3512	2766	2855	2363	456	1175	2426	1585	607	1179	960	1577	165	1442	2473	2668	2379	1147	2801	1614	2146	1813	8573	2289	1658	799	2027	746	2463	1452	1269	1692	572	1181	45	573	1410	1599	1407	1311	484	2464	498	2974	1058	365	1911	3006	829	1607	1250	855	2445	2555	1632	2121	1362	2724	1456	3114	1752	1974	3368	2354	2688	1589	1568	675	1436	2880	2406	1138	2187	2496	1749	1989	767	630	2422	1584	1973	2430	2703	1607	2325	611	2183	882	1147	2313	1392	709	1428	2084	3675	1085	1482	2807	2584	1958	2248	1845	264	2653	2900	1181	4	645	86	1266	1649	1997	3422	2767	2070	477	1746	2137	2840	600	1180	1274	17	1934	3514	2506	2882	1880	1715	1820	2515	3129	2543	450	1350	1969	769	1901	2841	882	2639	1974	2649	1699	2608	1073	1051	518	2120	1543	642	1352	2334	3074	882	3522	2471	1719	3615	746	899	1712	2211	1040	1548	516	2415	1347	2735	2691	1430	2577	2902	3281	445	1587	300	83	3775	3171	3004	1806	2356	1018	2364	2231	2355	3265	1548	2206	1991	169	1549	946	3392	2720	139	1696	2065	907	1495	3087	2631	2632	2378	3154	1118	2860	1116	817	1945	1791	1594	2141	260	1663	1156	298	849	1739	291	1990	2965	1767	2249	1825	1817	1914	3135	213	2553	1018	2841	893	142	1503	1431	2673	986	908	251	2835	909	1516	2761	527	895	2585	2850	1435	3516	970	2541	577	2950	3060	3459	1946	1888	1611	636	582	1216	1204	1999	2160	978	677	2849	1313	1734	1243	2823	1261	679	668	1324	2480	880	270	1565	2776	2571	2127	3436	2628	3749	1400	22	247	2511	1045	1352	1503	2004	2129	2646	3127	946	949	1572	2226	1809	2285	1177	1314	2273	3448	2258	896	1066	1880	2880	2195	3073	1968	2472	936	2012	955	1453	3170	2775	578	3395	2277	922	529	2516	1853	727	2532	1745	1099	670	3015	2646	2733	2167	2087	3175	1518	1896	1260	2870	2285	1125	645	1234	2280	2015	1214	2157	1306	908	244	1034	1874	3383	2138	1299	1611	802	2573	3173	2141	1014	430	1686	1634	1886	2130	1028	286	2250	1918	1482	1612	1604	990	2709	1399	1964	2575	1706	1974	1126	932	692	1974	2654	1033	2182	751	1766	1300	825	732	1419	605	1877	730	1451	1308	327	1058	1850	2370	3661	3573	3465	939	3379	2038	1274	1209	2096	705	1761	2576	185	1628	1952	3155	162	884	1507	1709	2070	1679	1734	2249	2075	966	2223	503	2034	627	1845	1220	2163	2386	2813	2571	1900	2085	2394	2158	1218	2307	1410	689	1377	1400	345	2227	1915	2595	2404	1889	2280	2141	1768	1955	987	711	1002	2796	1285	262	1859	2645	2478	1991	1613	866	1884	1677	2216	3028	1025	1774	975	22	1079	2853	2230	2737	1859	269	1623	2194	1693	2216	745	991	3158	2307	651	1421	768	88	3486	2050	1757	2056	726	1169	604	1121	1694	426	2561	2107	2808	2238	472	960	1663	2557	1405	2021	401	2803	2293	1690	902	799	1323	1442	3273	1362	535	2564	1712	301	2476	2917	2617	1924	2256	2376	1044	1743	2016	1429	1996	979	809	834	461	2026	676	1104	1524	4090	2468	2097	539	1276	2100	1181	2537	2822	1176	440	2022	812	1494	1995	2350	2010	448	2347	2082	2560	2404	2711	1308	937	2779	2571	1241	1228	1982	2001	2270	1689	2983	1820	2433	2289	1786	1597	1296	1545	799	954	1215	1653	1484	2631	2593	1184	1642	2689	1082	2349	2006	1076	2851	1742	2147	93	1624	1679
CBFB	1148	1864	4363	3520	3317	1071	1081	3168	3135	7635	7312	8153	7539	5348	4839	595	3076	6206	3776	1192	1738	1790	3039	206	2121	4808	4392	6533	1705	5224	2788	3870	3317	2289	18961	3185	1225	5057	1171	4739	4924	3652	5154	876	1650	54	725	2005	4516	2172	1853	789	4280	645	5839	1625	672	4594	6207	1170	2523	2566	3100	3801	5921	2283	3465	2076	5314	2378	6645	2458	2906	7076	5458	6989	2707	2973	922	4444	6926	4554	1563	4027	6361	3340	3917	1050	1619	6698	4948	5959	6877	4698	4423	6020	839	5974	1317	4168	6235	2876	1265	2475	4868	7265	3377	3713	6518	7116	4465	5214	2689	317	4959	5544	2175	4	831	84	2032	2592	4012	7450	7232	3047	2053	3558	3959	4241	2108	4245	3865	24	4404	6545	5820	6335	5467	3922	5070	5083	7455	5212	567	1983	4153	1235	2812	6769	1269	6764	2959	4543	2634	6420	1461	1874	738	3900	3420	1626	3107	4536	7321	2759	7104	5501	4061	5662	2976	1248	3575	3857	1482	2056	662	4934	2618	5398	5602	1976	6975	6744	7057	703	2562	466	102	8438	6197	7397	3686	3671	2652	5201	4412	5104	6770	4148	5614	5468	218	4234	1661	6818	4972	151	2549	3249	1300	2401	4264	4518	5346	5757	6297	1824	5585	1925	1204	4186	3080	2912	6123	410	2551	1889	619	1107	4939	378	5953	4982	4256	4650	3367	3785	3671	6506	294	3412	1442	6119	2706	158	4371	2247	4233	3164	2171	464	6950	1253	2170	6874	1275	1272	4334	6569	3393	6376	1415	6101	699	5979	6532	7656	5315	4413	2761	953	745	1897	4047	5718	6128	1311	1260	6875	4178	2623	2342	6164	3809	840	1426	2688	4962	1601	640	4671	6504	7058	3275	8152	4943	8576	2385	24	380	4974	3361	3798	3739	3270	5377	7106	5678	1429	3174	3129	2697	3505	3059	2009	2119	6439	7661	4664	1236	2152	2969	5292	5468	6145	3661	3879	2225	5046	1825	3015	5557	6590	949	7550	3610	1827	2867	6250	5691	1026	6851	4529	1930	813	7711	5572	5685	5490	4703	7546	2207	3160	1693	4887	6073	3146	993	1763	3588	3102	2465	3725	2325	1495	982	1572	3710	6394	4511	2296	2695	1268	5627	6252	4610	1626	625	2980	2566	3124	4657	2443	378	5450	4043	2704	4280	3500	1795	5075	2605	3431	4537	2519	4341	1904	1445	1225	3546	6055	1442	3583	1245	2934	2498	1078	2270	3619	823	3591	1168	2751	1889	516	2005	2841	4301	6791	7186	6643	1223	7934	3979	1978	2480	3306	1158	4669	4659	237	3527	4740	7358	190	1285	3827	3259	4703	3063	2509	3860	3734	1540	3516	647	3506	850	3227	1272	5196	6081	7260	4692	2989	3158	3987	4052	1606	2651	2063	919	1889	2224	468	4324	4416	4227	3541	3100	3651	4276	4449	4549	1461	1585	1295	4664	2187	389	2899	6893	2891	4179	2761	1481	3049	2795	3663	5899	1584	4149	1456	39	1690	4691	4282	4998	3390	334	2675	4090	2362	3770	1469	1293	6535	4237	674	2106	1230	83	6442	4826	2951	5101	1130	2298	906	1953	2741	503	4480	3125	4683	3857	753	1402	2616	5065	2495	3130	578	4453	3952	2885	1247	1061	1976	2356	7198	1513	653	5770	3003	463	3939	5416	4536	3129	5518	6012	1719	2644	3363	3211	3997	3461	1679	2541	500	3784	966	1489	2270	7430	4751	3771	1037	2179	3133	1745	4185	5272	1768	674	3318	1100	2664	3866	4372	3416	530	4167	3571	4558	4634	5370	1836	1541	3389	4180	1254	2035	3430	3213	3966	2817	6118	2635	5899	4183	3223	2312	1976	2320	1158	1299	2150	3667	2147	4024	4047	1913	2654	4933	1634	4445	4011	1662	5183	3592	5117	123	2462	2727
CBX1	960	1237	2438	2374	2319	742	825	2209	2111	4512	4635	4882	4277	3551	3135	404	1817	3670	2293	769	1264	1202	2053	151	1537	3212	3029	3633	1213	3493	1946	2700	2190	1658	3185	11105	904	3246	821	3108	2716	2079	2970	646	1231	30	561	1451	2580	1522	1373	592	2850	474	3813	1165	431	2818	3945	888	1836	1733	1612	2725	3804	1633	2459	1520	3555	1705	4157	1830	2050	4432	3537	4189	1882	2108	694	2391	4196	2911	1188	2592	3846	2190	2550	756	882	3902	2739	3309	3984	3202	2447	3561	621	3421	908	2217	3685	1705	934	1697	3213	4703	1744	2310	4053	4054	2689	3057	1933	223	3428	3742	1588	3	617	65	1466	1845	2713	4570	4212	2193	957	2322	2752	2853	1110	2189	2074	17	2856	4337	3512	4027	3075	2496	3075	3308	4599	3343	417	1420	2644	842	2032	4151	945	4053	2126	3216	1864	3742	1093	1280	530	2667	2161	914	1971	3051	4439	1666	4600	3380	2551	3812	1524	933	2245	2654	1074	1509	540	3136	1747	3508	3576	1516	4001	4034	4474	517	1866	320	79	5081	4003	4505	2335	2391	1469	3237	2864	3204	4325	2593	3408	3191	157	2486	1138	4370	3331	111	1873	2278	954	1657	2942	3111	3424	3529	4151	1268	3560	1378	934	2630	2110	1889	3377	298	1823	1362	393	828	2741	279	3409	3458	2524	3176	2445	2562	2305	4222	236	2374	1054	3804	1451	99	2445	1669	2950	1669	1236	312	4129	919	1610	4072	807	915	3129	3986	2199	4237	995	3646	517	3827	4197	4810	2986	2769	1886	675	562	1380	2096	3333	3454	956	918	4134	2379	1884	1546	3905	2009	644	889	1741	3274	1039	371	2652	3947	4090	2391	4893	3269	5092	1621	11	322	3338	1777	2206	2128	2389	3210	4099	3781	1044	1775	2050	1935	2362	2187	1443	1526	3679	4433	3188	931	1337	2201	3659	3295	4106	2499	2701	1452	3023	1187	1941	3861	4049	703	4540	2239	1132	1228	3637	3187	741	3974	2656	1239	610	4495	3700	3711	3268	2988	4576	1637	2251	1277	3404	3530	1757	728	1347	2590	2168	1586	2569	1554	1131	549	1143	2443	4196	2948	1631	1936	939	3662	4058	2907	1176	446	1976	1827	2183	2862	1469	305	3261	2709	1820	2720	2180	1069	3471	1720	2407	3083	1757	2757	1361	1070	853	2381	3613	1086	2462	863	2098	1683	791	1102	2195	649	2386	824	1976	1438	385	1355	2024	2922	4493	4646	4332	902	4702	2725	1316	1675	2403	827	2778	3155	162	2401	3093	4574	147	929	2327	2253	2921	2124	1814	2644	2624	1132	2473	478	2359	664	2233	981	3180	3600	4208	3114	2139	2260	2752	2717	1182	1903	1492	686	1415	1620	345	2898	2811	2934	2494	2196	2631	2927	2669	2879	1034	987	986	3091	1547	283	2117	4077	2040	2704	1947	1083	2143	1992	2520	3955	1153	2555	1089	19	1247	3252	2848	3328	2364	245	1878	2838	1727	2615	1037	973	4181	2888	506	1542	892	55	4331	2817	2091	3130	834	1515	682	1503	2018	361	3041	2214	3228	2638	541	1052	1933	3364	1700	2232	411	3122	2704	2034	926	797	1486	1664	4652	1088	496	3647	2054	369	2741	3617	3143	2192	3249	3560	1232	1933	2382	2125	2579	2008	1040	1453	379	2627	737	1131	1622	4914	3204	2618	691	1390	2272	1191	2906	3246	1322	473	2316	787	1925	2536	2994	2322	413	2846	2492	3084	3089	3543	1375	1085	2421	2874	896	1413	2334	2245	2776	1990	4076	1891	3582	2738	2183	1684	1432	1666	843	963	1431	2300	1549	2905	2833	1352	1853	3341	1206	2971	2667	1174	3554	2366	3145	82	1768	2062
CBX2	381	491	989	978	946	389	420	994	957	1678	1741	1787	1625	1647	1278	276	588	1320	923	370	599	573	851	96	738	1329	1337	1384	641	1450	861	1046	974	799	1225	904	4397	1199	671	1271	963	795	1065	350	592	30	340	942	801	746	701	236	1264	267	1518	563	239	1150	1470	440	874	716	640	1044	1323	813	997	689	1360	748	1597	870	1000	1709	1243	1546	792	828	359	914	1564	1180	566	1076	1418	924	1116	430	415	1388	1036	1197	1402	1379	944	1289	347	1296	487	801	1332	819	457	757	1073	1851	721	752	1465	1493	1379	1183	909	155	1396	1371	582	4	349	75	631	855	1045	1712	1508	1006	394	1000	1139	1213	445	870	844	15	1065	1677	1334	1499	1131	1045	1118	1348	1673	1367	242	693	1065	405	946	1556	512	1452	1001	1336	887	1396	546	588	302	1107	904	455	817	1226	1656	641	1790	1359	971	1566	586	481	918	1096	571	717	311	1256	748	1355	1364	744	1479	1557	1656	263	808	189	55	1956	1602	1571	912	934	592	1272	1151	1277	1696	1000	1266	1180	90	954	582	1752	1391	93	1090	1037	497	912	1264	1294	1350	1278	1593	602	1495	635	469	1389	906	812	1223	177	880	604	203	443	1068	187	1217	1412	986	1148	885	922	1000	1569	131	1083	568	1387	610	90	934	672	1272	702	552	130	1554	484	747	1499	317	452	1152	1512	837	1633	504	1422	299	1748	1538	1816	1137	1050	841	371	322	648	790	1240	1297	515	434	1566	912	851	667	1505	801	399	395	740	1308	474	180	1002	1506	1468	1062	1862	1322	1874	744	25	182	1367	707	849	888	1038	1200	1516	1513	516	671	927	827	1034	920	695	695	1344	1692	1144	496	597	841	1365	1208	1558	1037	1183	555	1225	583	837	1368	1491	290	1756	1019	528	438	1409	1120	411	1453	1049	587	371	1670	1437	1434	1218	1117	1667	798	969	639	1362	1308	674	400	627	1141	988	709	1129	699	529	222	591	1003	1704	1117	671	950	458	1280	1517	1147	589	269	866	813	886	1185	597	182	1267	1090	781	989	924	469	1351	778	985	1285	842	1135	597	499	407	1034	1440	535	1027	400	866	706	429	519	852	361	1008	422	869	680	175	606	890	1197	1747	1780	1682	626	1792	1080	660	679	1054	401	1066	1304	112	996	1197	1690	101	460	977	916	1136	903	833	1108	956	579	1060	261	998	339	974	484	1266	1435	1590	1304	956	986	1171	1160	614	875	703	387	706	732	202	1206	1107	1277	1089	1012	1136	1158	1007	1161	500	459	560	1231	731	141	950	1510	911	1047	871	497	974	844	1101	1487	607	1058	547	22	566	1369	1180	1356	1005	157	832	1171	816	1157	444	513	1672	1224	330	753	415	62	1690	1140	907	1192	458	766	300	635	923	240	1265	1033	1393	1153	299	543	909	1392	755	950	259	1356	1148	904	498	451	692	750	1737	580	292	1392	891	155	1209	1458	1334	1010	1273	1350	532	880	1029	877	1006	758	510	586	231	1105	347	581	819	1931	1323	1085	336	714	993	618	1272	1285	631	268	1336	421	752	1059	1240	1018	248	1212	1076	1274	1230	1423	675	485	1086	1298	469	666	1005	1037	1187	915	1526	888	1343	1300	935	815	684	761	458	477	646	930	755	1222	1219	674	872	1373	572	1268	1067	569	1422	983	1255	58	786	877
CBX5	1274	1811	4511	3665	3089	957	1113	2926	2941	8108	7425	8892	8406	5025	4795	598	2831	6501	3955	1272	1642	1768	3071	227	1829	4695	4160	6926	1599	5371	2740	3697	2886	2027	5057	3246	1199	21083	1174	4546	5850	4241	6052	795	1461	51	685	1768	4497	1952	1715	710	3963	545	6787	1515	631	4587	5974	1160	2318	2731	3302	3343	6114	2064	2934	1890	4816	1990	6604	2167	2664	7242	5789	7693	2595	3009	818	4688	7547	4509	1410	3805	6884	3137	3811	943	1722	7998	5344	6706	7628	4667	4504	6404	777	6549	1315	4520	6557	2593	1257	2310	4977	7541	3429	3301	6812	8322	4396	5007	2505	299	5066	5182	1913	4	783	77	1939	2479	4027	7445	7806	2669	1929	3867	3966	4182	2513	4734	3898	25	4768	6859	5509	7049	6067	4048	5776	4958	7945	5183	550	1780	3787	1277	2621	7461	1222	7586	2702	4358	2352	6279	1327	1928	654	3877	3506	1683	3305	4380	7807	3143	7917	5719	4266	5413	3145	1163	3624	3540	1406	1847	600	4830	2576	5398	5574	1816	7698	7096	6938	724	2315	538	97	9181	5977	7892	3288	3240	2516	5384	4348	5156	6921	4794	6168	6098	216	4430	1595	6828	4942	174	2330	3119	1213	2250	3723	4357	5290	5749	6500	1777	5443	1972	1209	4120	2930	2706	6498	398	2328	1920	733	1112	5369	390	6752	4881	4324	4463	3183	3616	3302	6373	323	3066	1305	5976	2918	158	4736	1905	4112	3232	2045	510	7411	1192	1962	7058	1277	1118	3982	6604	3372	6078	1266	6390	658	5781	6816	8304	5534	4741	2575	917	691	1788	4346	7340	6642	1244	1363	7329	4685	2289	2313	6421	3629	770	1357	2634	4869	1560	571	5775	6965	7856	2949	9239	4720	9226	2100	23	434	4987	3400	3837	3642	3159	5883	7897	6000	1408	4620	3044	2522	3383	2992	1925	2133	7039	8159	4461	1190	2195	2578	4961	5386	6188	3436	3500	2534	6278	1753	2876	5167	6756	860	7646	3194	1702	2799	6226	6556	964	7874	4790	1848	704	8357	5510	5410	5752	4795	8133	1931	2986	1556	4960	6658	3373	952	1686	3340	2712	2294	3447	2306	1545	1094	1523	3794	6417	4619	2264	2691	1245	5959	5922	4638	1565	622	2799	2203	2627	4674	2534	402	5646	4476	2587	5206	3465	1828	5345	2439	3543	4417	2347	4231	1845	1413	1300	3456	6117	1360	3204	1308	2770	2623	972	2076	3805	849	3495	1172	2902	1751	457	1989	2529	4198	6917	7487	6630	1080	8301	3814	1680	2395	3046	1189	5027	4431	229	3800	5522	7827	185	1211	4275	3395	4876	3024	2262	3613	3593	1509	3281	630	3361	788	3119	1162	5406	6633	7935	4774	2953	3013	3882	4094	1391	2328	2039	863	1753	2176	437	4534	4620	4140	3321	3050	3591	4541	4571	5255	1434	1711	1225	4846	2198	376	2657	7697	2605	4344	2653	1442	2932	2662	3413	6397	1509	4254	1310	35	1585	4481	4211	4929	3281	309	2677	4146	2041	3453	1598	1169	7016	4134	641	2065	1182	80	6889	4469	2846	5294	1164	2407	843	1933	2771	486	4194	2759	4465	3657	718	1349	2466	5100	2537	2811	516	4056	3673	2812	1177	956	1802	2477	7779	1404	599	6345	2732	387	4004	5620	4369	2819	5409	6608	1661	2376	3335	3345	3614	4469	1781	2734	484	3687	868	1318	2063	7937	4990	3801	1150	1858	2850	1606	3913	5253	1661	707	3160	1091	2557	3784	4235	3069	543	3979	3531	4537	4563	5320	1664	1505	2889	3733	1124	1920	3473	3103	3761	2786	6370	2327	6176	4022	2966	2145	1854	2218	1013	1164	2146	3661	1980	3760	3937	1805	2345	4678	1552	4485	3985	1601	5064	3444	5441	107	2251	2608
CC2D1A	311	562	1051	935	920	382	480	930	968	1687	1737	1842	1567	1601	1285	250	757	1368	894	386	597	604	852	97	732	1248	1247	1366	544	1387	871	1055	955	746	1171	821	671	1174	4403	1232	1080	848	1142	334	566	25	302	925	986	748	651	242	1201	295	1371	589	269	1186	1530	462	740	751	690	1040	1383	727	1025	670	1292	727	1632	783	866	1570	1269	1526	906	866	344	981	1514	1183	577	970	1354	877	1081	410	433	1390	1043	1274	1448	1327	1055	1332	342	1254	470	872	1375	842	442	714	1128	1658	786	863	1479	1551	1428	1278	890	137	1251	1392	584	4	330	78	650	840	1046	1719	1528	926	417	937	1092	1166	503	909	838	15	1126	1621	1383	1512	1175	1001	1171	1353	1601	1324	282	651	1045	433	880	1529	486	1465	910	1207	878	1403	546	600	327	1125	960	479	774	1179	1648	607	1618	1273	953	1412	640	453	978	1051	557	677	290	1235	793	1330	1381	688	1469	1568	1707	279	766	162	50	1871	1475	1590	973	972	722	1347	1175	1199	1639	998	1263	1287	114	1003	596	1594	1266	87	1141	953	525	697	1149	1193	1318	1355	1493	591	1454	640	449	1434	982	867	1315	175	808	649	207	427	1076	173	1299	1300	1000	1178	924	995	1045	1567	135	989	512	1437	631	77	1010	617	1180	757	642	165	1469	461	727	1519	323	482	1151	1576	877	1592	528	1434	298	1706	1502	1717	1194	1087	792	359	330	641	832	1221	1307	512	413	1501	961	838	625	1509	838	378	435	807	1255	518	211	1001	1426	1493	971	1740	1264	1930	772	18	157	1350	812	881	895	979	1249	1445	1513	543	708	985	861	1038	952	716	729	1365	1693	1137	466	664	850	1341	1154	1469	1048	1117	618	1148	553	936	1412	1503	304	1714	961	529	502	1391	1230	403	1455	1018	652	334	1588	1295	1369	1249	1146	1673	732	955	579	1282	1312	757	402	674	1066	943	750	1098	726	499	215	595	1000	1521	1044	679	836	460	1341	1519	1112	535	238	846	749	889	1239	654	172	1245	1013	818	936	960	485	1261	783	986	1248	815	1130	607	484	418	950	1358	583	1010	435	882	773	444	566	935	358	1075	424	848	641	179	611	900	1193	1625	1696	1581	646	1753	1064	649	671	986	397	1119	1275	118	980	1121	1679	99	495	919	914	1172	936	784	1076	1035	546	1014	282	1032	339	975	504	1251	1377	1566	1368	969	924	1194	1162	568	840	738	393	672	761	201	1119	1169	1194	1041	951	1037	1173	977	1108	480	490	533	1267	710	141	859	1479	869	1118	872	515	963	848	1089	1474	623	1094	545	21	580	1264	1177	1360	946	160	852	1098	751	1009	473	501	1492	1209	313	684	458	73	1657	1148	949	1269	410	688	292	595	818	240	1291	969	1299	1074	290	491	842	1286	786	908	270	1216	1119	891	507	428	651	707	1598	536	300	1368	898	156	1168	1479	1253	972	1281	1367	593	835	971	850	1063	756	490	649	241	1072	329	515	787	1746	1229	1049	356	674	973	620	1205	1256	590	280	1293	432	741	1022	1203	1056	264	1170	1061	1116	1189	1382	609	555	981	1121	482	672	1046	980	1123	904	1451	821	1355	1149	994	755	698	718	463	461	631	1026	763	1149	1146	631	819	1259	615	1163	1120	616	1358	1031	1238	51	750	848
CCDC6	1096	1919	4342	3426	3534	1216	1275	3278	3476	7538	7931	8231	6987	5864	5210	579	2998	5672	3482	1216	1956	1792	3144	202	2465	5099	4840	5967	1878	5609	3014	3959	3643	2463	4739	3108	1271	4546	1232	20551	4471	3343	4711	947	1871	59	800	2159	4435	2423	2022	717	4696	763	5911	1720	619	4534	6383	1351	2604	2680	2787	4032	5765	2469	3802	2168	5610	2462	7138	2774	3123	7306	5121	6571	2999	3015	932	3821	6666	4627	1886	4017	5835	3176	4136	1300	1493	6163	4391	5331	6234	5104	4189	5533	926	5395	1576	3672	5910	2982	1264	2628	4844	7629	3066	3461	6332	6618	4616	5257	2977	376	5107	5861	2102	4	841	106	2128	2834	4194	7900	6678	3439	1625	3610	4205	4457	2056	3712	3307	23	4235	7081	5837	6349	5046	3918	4674	5438	7366	5441	666	2337	4053	1300	3141	6535	1368	6312	3275	4810	3052	6155	1708	1709	888	4146	3360	1648	3074	4692	7152	2388	7240	5116	3620	6134	2634	1362	3459	4225	1531	2228	725	5094	2578	5449	5691	2172	6279	6802	7515	674	2668	504	90	8698	6671	7302	3673	3699	2460	5314	4593	5130	7540	3687	5130	5027	250	3908	1874	7224	5270	165	2949	3594	1450	2561	4666	4742	5383	5566	6542	1806	6803	1964	1208	4345	3493	3101	5560	424	2808	1971	569	1151	4384	448	5305	5346	3967	4796	3488	3744	3814	6946	344	3624	1568	6378	2371	147	4043	2456	4514	2910	2074	487	6704	1360	2453	6781	1238	1392	4750	6913	3168	6930	1571	5871	820	6368	6469	7935	4813	4297	3002	924	792	2641	4232	5392	5661	1499	1237	6544	3780	3083	2179	6298	3362	998	1335	2655	5119	1742	643	4115	6091	6451	3695	8199	5247	8884	2620	24	417	5348	2970	3393	3667	3477	5071	6562	6154	1503	2769	3451	3060	3828	3357	2225	2237	5891	7515	4501	1259	2169	3199	5750	5198	6438	3928	4419	2280	4799	1714	3147	6092	6524	917	7770	3728	1709	2314	6047	4964	1106	6165	4026	2080	941	7239	5684	5808	5177	4752	7434	2536	3461	1957	5161	5559	2889	1088	1970	4074	3596	2412	4192	2335	1542	848	1744	3579	7017	4300	2551	2923	1379	5472	6880	4456	1606	654	3181	2929	3604	4649	2281	417	5268	3893	2896	3719	3559	1789	5251	2747	3548	4867	2763	4563	1890	1570	1179	3676	5807	1677	4027	1352	3205	2511	1269	2090	3374	866	3955	1139	2866	1963	482	1940	3336	4542	7327	7710	7217	1416	7794	4170	2184	2394	3648	1153	4262	5208	264	3696	4626	7482	191	1417	3605	3458	4444	3189	2811	4334	3817	1676	3746	760	3960	878	3518	1443	4845	5883	6989	5212	3329	3370	4338	4252	1873	2962	2278	976	2160	2369	475	4528	4460	4524	3858	3412	3826	4491	4097	4673	1583	1552	1490	4879	2229	361	3298	6360	3033	4147	3019	1639	3229	3148	4029	6242	1775	4105	1611	36	1830	5087	4591	5502	3845	362	2788	4532	2739	4038	1582	1517	6515	4645	744	2188	1345	101	7042	4676	3211	4774	1163	2347	886	1937	2772	576	4950	3574	5125	4102	800	1392	2766	5293	2624	3680	703	5119	4985	2978	1384	1197	2192	2376	7273	1497	725	5601	3262	438	4190	5884	5106	3573	5320	5532	1834	2936	3357	3148	3954	3149	1754	2336	518	4135	1132	1753	2503	8354	4904	3952	1052	2403	3426	1923	4773	5275	1875	627	3614	1201	2801	4145	4644	3864	630	4631	3901	4430	4977	5684	2085	1706	3788	4709	1369	2270	3648	3458	4298	2955	6227	3043	5507	4570	3732	2574	2050	2428	1440	1494	2321	4730	2494	4430	4374	2061	2912	5391	1822	4692	4402	1907	5683	3649	4974	118	2754	2791
CEBPA	1432	1770	9518	2728	2684	805	895	2152	2992	15200	8286	12053	16763	4671	5531	434	4514	8609	5264	1682	1329	1652	3102	175	1331	4781	3483	12737	1231	4556	2670	3261	2844	1452	4924	2716	963	5850	1080	4471	44507	8462	15187	720	949	47	474	1208	8338	1640	1224	578	3597	393	7449	1211	764	7015	6472	938	1627	3045	6329	2604	7458	1460	2549	1392	4489	1400	8285	1553	1908	7903	6147	11736	2758	2680	553	7156	9136	5385	1056	4169	8978	2554	3710	768	2842	12472	10886	14252	14919	3989	8386	9359	569	9474	1288	10779	11798	3204	1134	1975	6342	7094	7270	4804	7338	16402	5750	7670	2063	220	4052	4890	1573	4	543	59	1608	2240	3911	10374	12166	1887	3836	4070	3384	3486	7678	10689	5594	26	5117	6255	7639	8067	13360	5109	9702	5375	9682	5692	426	1399	4079	1371	1943	8950	954	9749	2015	3518	1931	10078	1096	1575	568	3848	4590	2596	4300	4349	10543	4313	6806	5617	4221	4404	6237	962	3582	3174	964	1377	426	5031	2510	5127	5717	1278	11884	9773	8908	621	1882	579	61	13126	5395	12455	3632	3190	3723	6876	4686	5714	8642	5554	8148	10278	211	6188	1505	6379	4560	129	1945	2484	990	1682	2728	3212	5182	8173	5725	1480	5797	1561	985	5361	2994	2809	11943	361	1735	1535	874	783	8217	307	13999	3699	5132	4510	3008	3680	3607	6749	265	2237	992	7905	4720	116	8704	1395	3107	7414	3544	476	9305	912	1538	13986	1791	888	3177	9563	3801	5323	959	8670	460	5810	9979	9255	9198	5200	2449	730	471	1489	9414	11434	12838	1075	1427	8648	8210	1804	1946	7085	5819	533	1586	2672	4645	1775	885	7636	7556	13280	2365	13228	4071	15297	2173	24	390	5426	6135	5372	4924	2475	7551	12664	5689	1124	6792	3495	2200	3700	2758	1824	1925	13668	14980	3641	828	2411	1902	4233	6902	5973	3622	2678	2999	7977	1586	3464	4528	8957	666	10537	3503	1605	7446	10987	12745	732	12399	6243	2436	487	12316	5090	5228	7888	5461	10966	1368	2508	1061	3940	9325	5076	948	1377	2613	2187	2482	3205	2168	1391	1695	1271	3293	5817	4650	2476	2483	1110	6006	6321	4845	1148	499	2717	1577	2081	5936	3235	292	6561	4158	2746	5206	4207	2393	4737	2695	3213	3945	1983	5486	1493	1159	1125	3035	6959	1132	2641	1076	2414	2504	795	4020	4681	688	3836	953	2648	1338	335	1889	2323	3950	6118	7990	6576	707	12098	3734	1562	2218	2378	1194	6600	4172	177	5011	6968	11061	125	986	5601	3721	5204	2900	1673	3112	3103	1343	2730	551	3495	601	2814	973	6106	10060	13841	5203	2531	2115	3403	3791	1034	1746	1674	654	1317	1805	324	4221	5878	3121	2822	2462	2571	5221	5705	6970	1170	2280	869	5629	1817	311	2100	10499	1954	4551	2578	1508	2350	2447	3009	5867	1334	6576	1068	57	1380	3409	4410	4945	3030	243	2395	4114	1502	2706	2069	850	6367	4286	434	1543	1205	56	6786	6555	2640	6370	1021	2491	624	1433	2100	340	3979	2191	3736	3216	682	1026	1900	5052	2444	2285	384	3213	3349	2359	1069	737	1374	1909	7890	1038	458	6313	2382	313	3239	5588	4071	2485	8230	8513	1578	1864	2617	4108	3271	8412	2387	4335	339	4051	660	965	1591	7689	4392	3264	1403	1882	2175	1403	3429	6699	1347	552	2620	840	2226	3736	4040	2691	402	3779	3031	3162	5207	5200	1167	1619	2084	2988	858	1630	3061	2469	3477	2438	5989	1887	7248	4108	3371	1572	1346	1598	838	1001	2383	4657	1577	2815	2995	1538	2170	4193	1400	4297	4615	1491	4753	3838	6592	97	1816	2076
CEBPD	923	1366	4959	2210	2124	656	755	1798	2176	7743	5402	7051	8197	3492	3758	448	2849	5643	3778	1469	1144	1287	2359	155	1160	3397	2705	6888	985	3348	1963	2462	2182	1269	3652	2079	795	4241	848	3343	8462	19953	8429	585	896	39	437	1070	4751	1354	1115	509	2718	352	4000	1035	654	4306	4517	761	1386	2214	3702	2116	4663	1276	2046	1204	3278	1260	5294	1339	1654	5155	4156	6527	1949	2058	516	4566	5652	3435	958	2842	5504	2102	2741	658	1719	7177	5677	7030	7512	2982	4922	5766	531	5742	942	5433	6441	2233	914	1634	3920	4962	3995	3143	4982	8300	3888	4655	1663	205	3017	3605	1311	4	545	64	1268	1746	2901	6231	6992	1609	2287	2743	2530	2714	4738	5521	3792	16	3664	4165	4786	5061	6539	3238	5263	3726	6102	4039	367	1199	3052	982	1665	5640	823	5976	1657	2690	1581	5933	918	1290	486	2805	3030	1656	2910	3129	6401	2870	4688	3985	3267	3266	3434	820	2664	2368	863	1157	420	3778	1911	3705	4037	1147	6666	5922	5704	532	1544	365	63	7440	3963	6988	2750	2488	2585	4423	3262	3913	5323	3726	5252	5579	187	3899	1224	4445	3228	133	1563	1963	850	1397	2280	2567	3676	5236	4029	1248	4203	1315	847	3505	2239	2123	6603	306	1478	1290	589	715	4752	238	7411	2821	3736	3251	2234	2688	2689	4672	225	1885	831	5169	2760	124	4974	1197	2442	3861	2157	393	5863	787	1300	6974	1203	755	2412	5757	2662	3902	842	5335	409	4250	5803	5823	5138	3528	1827	640	439	1208	4901	5857	6647	884	1105	5550	4712	1496	1549	4782	3721	496	1160	2019	3426	1398	589	4790	4907	7062	1898	7521	3180	8147	1682	22	271	3736	3670	3616	3131	1970	5083	7171	3884	917	3718	2479	1740	2605	2107	1429	1487	7015	7875	2753	748	1829	1571	3141	4401	4095	2603	2151	2098	4252	1371	2431	3375	5587	596	6325	2546	1335	3758	5952	6813	656	6812	3994	1889	453	7052	3661	3809	4998	3781	6880	1218	1939	957	2963	5682	3109	728	1171	2060	1829	1862	2402	1735	1034	1306	1037	2479	4134	3192	1710	1896	918	4201	4374	3393	1025	435	2029	1339	1670	3862	2318	272	4577	3011	2022	3653	2918	1647	3266	1988	2332	2903	1598	3703	1280	934	912	2200	4524	958	2131	883	1833	1889	673	2441	3286	578	2655	829	2028	1154	302	1458	1827	2978	4174	5022	4399	699	7084	2839	1265	1819	1910	903	4281	3056	154	3169	4304	6442	134	831	3961	2526	3668	2175	1446	2441	2358	1053	2135	458	2469	512	2152	796	4146	5832	7644	3494	1974	1821	2553	2769	891	1484	1417	590	1130	1490	282	2958	3974	2459	2237	1958	2121	3590	3804	4336	926	1654	750	3761	1475	270	1699	6435	1621	3240	1951	1077	1935	1908	2374	4178	1073	3933	906	37	1119	2635	3147	3489	2258	210	1835	2909	1265	2165	1356	765	4336	3015	409	1283	931	63	4473	4078	2012	4258	802	1815	531	1158	1675	311	2955	1808	2844	2390	553	891	1594	3523	1909	1895	360	2519	2570	1870	865	684	1170	1475	5271	908	431	4249	1924	264	2403	3775	3024	1986	4876	5422	1211	1560	2065	2686	2577	4684	1576	2601	317	2881	563	902	1363	4867	3114	2448	988	1474	1815	1200	2596	4333	1069	496	2027	706	1637	2727	3008	2130	361	2835	2325	2479	3472	3715	1051	1195	1763	2314	751	1347	2383	1991	2600	1858	4189	1522	4727	2968	2418	1321	1172	1384	697	824	1616	3162	1325	2312	2374	1254	1686	3156	1136	2982	3133	1158	3428	2756	4440	88	1537	1643
CEBPG	1434	1826	8220	3047	2949	884	998	2450	3130	13614	8418	11779	14474	4911	5565	483	4320	8575	5207	1771	1500	1765	3238	190	1589	5026	3800	11445	1368	4871	2765	3512	3002	1692	5154	2970	1065	6052	1142	4711	15187	8429	37659	777	1189	46	553	1436	7688	1813	1415	676	3868	472	7506	1369	772	6696	6684	1048	1919	3039	5829	2971	7544	1694	2812	1615	4855	1712	8119	1796	2201	7940	6320	11015	2837	2904	700	6848	9070	5295	1207	4195	8707	2845	3862	854	2524	11487	9530	12297	13059	4275	7645	8863	660	8949	1336	9138	10670	3127	1234	2160	6196	7303	6464	4713	7558	14394	5600	7260	2290	261	4497	5243	1832	4	633	72	1826	2399	4097	9887	11433	2177	3340	4100	3713	3773	6981	9146	5376	27	5232	6667	7541	7990	11504	4964	8847	5546	9614	5792	470	1610	4224	1363	2185	8866	1073	9652	2293	3804	2132	9394	1185	1694	620	3997	4412	2371	4154	4544	10240	4146	7183	5870	4434	4808	5634	1039	3726	3428	1098	1571	506	5220	2655	5456	5975	1487	11187	9455	8757	645	2097	544	74	12345	5745	11655	3720	3411	3616	6718	4792	5776	8453	5597	7890	9577	205	5951	1629	6631	4756	134	2177	2780	1092	1887	3160	3632	5500	7993	6111	1585	5935	1760	1057	5237	3175	2920	10791	383	1994	1692	855	912	7692	318	12884	4097	5183	4747	3229	3929	3673	7037	294	2599	1118	7684	4231	127	7753	1716	3459	6362	3179	492	9196	1030	1744	12179	1688	1002	3550	9201	3906	5720	1111	8339	535	6041	9360	9227	8644	5217	2587	837	554	1634	8248	10621	11192	1135	1466	8714	7601	2049	2178	7202	5440	628	1614	2800	4935	1816	846	7420	7505	12068	2614	12394	4421	14040	2292	21	389	5599	5705	5328	4711	2795	7462	11731	5916	1233	6509	3553	2403	3800	2917	1940	2064	12076	13309	4116	974	2497	2213	4622	6852	6212	3677	3004	2965	7843	1731	3468	4935	8750	778	10084	3556	1696	6289	9806	11369	812	11523	6111	2460	580	11638	5515	5600	7584	5591	10788	1614	2753	1289	4359	8967	4743	961	1540	2946	2450	2586	3376	2329	1463	1601	1348	3557	6122	4763	2476	2567	1181	6205	6533	4970	1304	550	2831	1846	2340	5807	3243	339	6654	4308	2833	5377	4203	2319	5021	2752	3329	4137	2150	5451	1646	1260	1191	3215	6929	1239	2975	1173	2614	2610	910	3700	4651	759	3872	1052	2816	1521	398	1998	2519	4152	6508	8069	6789	854	11441	3967	1682	2386	2670	1202	6512	4419	196	4825	6717	10496	158	1094	5527	3784	5359	3023	1952	3392	3379	1413	2976	597	3576	673	2991	1057	6151	9429	12572	5224	2725	2397	3636	3960	1213	2007	1835	765	1498	1985	371	4434	5825	3438	3092	2707	2889	5166	5642	6646	1253	2205	974	5556	1997	356	2306	10343	2188	4632	2732	1569	2623	2609	3252	6061	1457	6237	1191	51	1536	3776	4567	5053	3181	267	2531	4240	1720	3081	2000	983	6626	4446	484	1749	1217	67	6955	6240	2776	6511	1086	2542	709	1642	2358	377	4209	2437	4068	3498	735	1156	2124	5252	2607	2548	455	3603	3619	2603	1137	845	1550	2084	8063	1176	535	6487	2623	354	3496	5667	4287	2696	7707	8514	1664	2108	2935	4045	3555	7560	2252	4056	399	4140	761	1110	1819	7870	4734	3531	1372	1954	2483	1506	3706	6542	1486	609	2880	907	2403	3848	4295	2915	457	4028	3279	3572	5188	5509	1353	1659	2433	3291	969	1787	3260	2731	3715	2619	6265	2090	7354	4311	3440	1797	1553	1836	946	1101	2372	4501	1736	3239	3311	1687	2327	4500	1504	4472	4737	1607	5042	3931	6543	95	2039	2306
CENPBD1	258	442	808	685	726	302	365	678	771	1173	1215	1249	1080	1040	950	191	559	951	652	335	505	479	652	86	600	974	920	954	577	1016	657	769	798	572	876	646	350	795	334	947	720	585	777	2985	455	33	270	492	742	575	495	178	944	248	905	449	192	854	1104	424	571	611	452	805	984	660	796	515	948	499	1188	629	702	1149	888	1049	721	657	278	694	1085	888	450	781	970	656	808	387	337	990	718	850	980	947	790	912	249	860	401	593	949	636	307	612	864	1217	579	640	1015	1036	818	968	691	132	932	1038	469	4	249	60	515	617	814	1209	1037	737	310	709	834	870	313	612	615	11	804	1162	1012	1075	791	722	793	982	1093	963	227	534	776	371	637	1074	382	1027	723	939	666	1018	451	419	293	866	704	361	622	876	1141	426	1166	921	673	1072	440	403	710	811	401	521	259	924	631	930	997	527	994	1110	1183	217	604	136	21	1287	1094	1128	734	766	540	949	896	903	1190	688	904	844	100	712	455	1130	966	84	677	744	419	567	872	902	959	962	1058	467	1125	452	365	832	801	667	900	142	631	470	135	324	742	144	868	946	738	860	643	697	770	1103	117	758	423	1085	396	68	699	486	961	558	460	126	1020	388	564	1077	224	385	875	1129	649	1179	432	945	264	1068	1060	1212	863	757	614	270	238	544	593	780	892	450	339	1043	650	672	448	1091	619	315	305	591	915	499	173	642	1017	1003	811	1175	934	1348	595	18	156	994	544	650	666	734	880	1005	1110	403	391	766	716	800	758	558	525	940	1153	794	360	505	640	999	860	1084	919	975	466	721	415	716	1052	1107	218	1224	750	431	344	985	844	318	970	706	507	302	1086	957	974	890	850	1152	568	748	504	976	863	505	316	511	823	732	557	852	541	424	174	458	736	1122	740	620	667	388	943	1108	815	393	195	653	594	724	879	509	146	904	776	689	654	720	432	935	635	788	988	652	862	477	377	318	727	949	457	805	313	693	566	379	406	651	297	831	325	639	505	137	468	727	895	1184	1202	1158	345	1233	817	532	552	780	290	807	980	106	714	764	1154	78	425	692	700	841	716	621	837	740	453	803	270	974	271	747	431	886	974	1074	1060	899	687	906	826	496	662	559	299	532	573	179	817	839	874	836	758	851	838	709	793	372	400	428	925	518	106	849	983	658	802	706	452	704	655	836	1052	465	792	414	20	450	973	905	1056	778	127	628	864	644	798	362	414	1077	966	248	631	403	68	1220	864	762	910	299	480	216	440	599	211	974	766	987	837	234	351	687	997	611	780	228	956	903	642	420	374	545	540	1107	417	257	956	699	120	844	1113	995	763	928	927	516	666	737	615	791	500	399	440	206	863	292	469	620	1282	882	752	258	788	739	607	978	928	455	192	768	339	566	967	926	818	248	927	785	815	896	1029	486	494	789	843	423	537	801	764	862	670	1075	700	968	870	800	579	493	547	402	381	523	797	619	848	947	521	648	950	490	859	848	509	1059	775	886	52	647	651
CENPT	376	715	1103	1371	1439	774	641	1444	1296	2050	2422	2395	1883	2112	1701	367	727	1692	1241	539	942	747	1120	120	1242	1754	1915	1669	836	2056	1164	1544	1414	1181	1650	1231	592	1461	566	1871	949	896	1189	455	5527	34	520	1146	992	1117	1088	360	1753	485	2003	838	251	1386	2059	637	1234	919	589	1605	1740	1205	1526	1046	2017	1241	2183	1345	1434	2257	1577	1907	1014	1168	534	1087	1968	1576	936	1483	1753	1324	1546	643	514	1702	1160	1356	1728	1892	1048	1589	552	1565	675	783	1621	1335	553	1171	1387	2485	727	1075	1968	1667	1422	1525	1266	238	1958	1990	900	4	564	83	881	1128	1493	2317	1907	1616	318	1221	1604	1689	401	821	915	12	1365	2249	1810	1816	1266	1293	1261	2073	2206	1782	396	1121	1462	596	1458	1916	709	1837	1492	1922	1363	1769	848	731	501	1424	1142	591	1077	1612	2057	646	2392	1673	1211	2261	516	665	1206	1619	821	1099	457	1717	1000	1862	1831	1174	1774	1943	2166	355	1164	214	72	2534	2268	2073	1360	1411	715	1588	1506	1732	2204	1125	1516	1396	139	1178	831	2351	1844	120	1319	1507	755	1076	2010	1926	1918	1684	2237	820	2008	916	599	1431	1216	1127	1510	218	1354	858	244	640	1255	239	1340	2039	1272	1678	1299	1328	1424	2189	183	1654	848	1972	617	111	1029	1136	1822	685	698	224	1958	635	1151	1830	335	742	1818	1875	1058	2355	841	1720	471	2081	1861	2351	1342	1282	1233	507	521	1019	759	1338	1589	666	489	1913	877	1376	926	1992	993	763	498	949	1780	624	177	1131	1907	1734	1620	2343	1929	2525	1089	26	183	1697	736	1034	1159	1411	1432	1906	1968	767	555	1173	1238	1360	1250	952	905	1591	2055	1668	665	757	1336	2071	1566	2164	1387	1813	657	1383	775	967	2174	1932	415	2281	1293	699	318	1759	1251	664	1731	1313	884	762	2112	2012	2025	1619	1555	2197	1578	1386	931	1824	1595	752	496	890	1730	1553	914	1617	910	655	180	852	1363	2299	1608	932	1213	638	1733	2192	1529	834	374	1224	1366	1531	1490	742	245	1640	1396	1034	1212	1196	535	1925	1053	1299	1815	1222	1537	915	666	562	1477	1771	773	1665	621	1222	927	651	515	985	496	1579	583	1153	985	227	797	1356	1658	2396	2440	2389	855	2231	1732	1018	1001	1612	526	1226	1882	165	1130	1336	2178	130	708	1131	1242	1420	1175	1340	1698	1435	804	1566	375	1461	490	1455	662	1549	1668	1930	1710	1277	1484	1661	1602	896	1380	1004	572	1337	1082	262	1645	1369	1862	1511	1416	1639	1403	1366	1222	740	495	780	1551	989	217	1464	1886	1363	1368	1161	587	1351	1201	1600	1927	797	1220	823	21	752	2013	1520	1897	1511	222	1142	1643	1318	1731	531	1043	2210	1597	436	1064	561	92	2186	1398	1248	1472	518	805	472	860	1156	371	1761	1556	1957	1588	402	694	1334	1760	1049	1542	431	2054	1693	1216	621	694	1102	960	2257	797	407	1762	1401	229	1601	1888	1869	1442	1549	1641	696	1410	1337	1072	1502	651	604	631	340	1438	599	863	1196	2693	1746	1576	450	940	1508	820	1835	1607	861	369	1516	619	1161	1470	1650	1806	361	1649	1576	1845	1640	1927	1092	662	1780	1860	685	1011	1368	1449	1634	1211	2045	1368	1751	1613	1346	1227	1021	1085	743	675	984	1205	1103	1881	1763	956	1220	2231	850	1685	1390	748	2018	1299	1534	73	1277	1191
CENPX	21	33	54	50	46	27	29	48	57	74	84	77	68	66	62	20	36	61	41	29	40	31	44	15	41	57	52	69	44	59	43	53	48	45	54	30	30	51	25	59	47	39	46	33	34	217	27	41	35	41	36	19	55	25	48	37	23	53	69	35	45	48	44	52	55	45	52	35	58	41	64	42	46	68	59	64	48	43	26	48	66	58	41	52	61	47	56	29	33	65	47	58	63	56	53	51	29	56	39	47	65	46	22	37	52	72	35	27	63	64	53	63	45	30	51	60	33	4	23	16	39	42	51	74	58	46	24	43	55	56	32	45	40	4	45	70	69	69	54	45	45	66	65	63	25	39	51	32	43	56	35	67	43	52	48	59	33	31	27	60	49	35	40	54	68	28	71	56	41	59	32	31	41	54	33	43	29	70	38	57	64	36	62	68	76	20	38	22	4	79	66	65	54	55	42	68	63	61	83	44	51	47	19	42	42	63	55	20	52	51	36	38	53	52	53	60	60	38	69	31	24	60	59	51	61	18	45	32	21	34	51	28	57	55	48	52	42	37	51	64	22	49	30	74	30	18	47	37	49	43	36	16	64	34	44	75	24	34	60	84	38	68	37	62	48	74	65	75	52	41	44	27	28	43	47	53	58	35	32	63	37	41	34	57	50	27	21	38	56	38	46	40	59	61	54	75	55	81	44	17	15	66	41	37	44	44	58	59	69	29	20	48	48	57	42	43	36	60	72	48	33	34	43	57	57	55	58	56	34	50	39	41	60	65	20	66	52	32	22	68	51	27	59	50	43	32	64	58	52	58	57	69	37	46	45	52	56	42	34	35	43	49	42	53	40	30	12	34	48	69	50	34	41	29	55	74	49	33	22	45	48	36	54	33	19	64	50	56	41	43	37	49	38	51	57	48	57	37	38	24	45	63	29	52	30	43	31	38	39	41	23	56	30	39	29	7	34	52	60	71	80	73	29	76	52	41	32	43	24	49	57	29	46	51	68	13	37	45	57	44	38	40	61	43	38	51	26	52	25	46	35	52	65	68	57	56	44	53	49	44	42	39	26	42	34	16	51	49	48	53	48	46	56	49	47	44	31	27	48	38	18	53	59	40	44	46	34	42	47	55	56	36	56	32	16	36	49	54	65	73	43	39	60	45	54	28	35	63	61	28	34	38	19	73	66	49	54	31	30	14	32	38	35	59	56	63	54	32	29	41	62	41	79	20	59	57	42	31	35	36	37	73	35	31	58	42	9	45	65	56	51	63	56	36	40	46	40	44	35	30	37	24	55	31	38	51	80	55	48	21	50	52	42	53	61	36	23	58	39	45	53	50	51	26	54	47	52	62	56	37	37	50	56	32	42	50	49	57	49	62	49	55	63	56	41	35	39	35	30	39	54	41	49	50	43	52	53	40	54	57	38	60	51	59	32	67	43
CERS6	243	366	526	692	636	308	539	712	592	868	986	1003	827	886	792	238	305	761	599	309	509	400	513	91	608	765	846	769	446	911	728	767	678	573	725	561	340	685	302	800	474	437	553	270	520	27	2251	554	409	700	563	189	805	276	795	606	155	805	898	355	566	501	267	765	777	615	793	668	896	563	945	666	694	946	722	858	516	681	390	521	884	703	592	710	784	660	704	342	411	744	540	624	796	873	602	740	410	736	399	373	788	562	284	543	609	1049	510	471	842	756	632	704	624	163	891	847	421	4	340	61	424	580	683	944	845	792	187	604	750	798	231	422	489	9	665	936	792	823	631	566	592	827	959	902	236	570	800	471	690	879	400	827	722	847	666	878	638	418	285	701	538	305	512	708	922	353	1009	772	604	972	274	352	623	829	455	631	262	800	531	824	844	614	787	854	911	220	666	132	38	1057	963	956	760	626	402	766	715	859	942	561	677	658	132	568	608	1004	808	96	629	733	587	508	908	866	842	764	989	447	874	522	368	687	609	565	700	181	806	455	161	386	587	176	619	950	656	805	603	650	834	881	110	769	450	830	298	76	616	471	843	444	451	114	843	376	562	809	170	538	802	802	490	962	438	801	296	907	808	985	656	579	704	325	399	519	307	557	747	372	255	848	437	668	420	890	459	389	258	486	874	325	115	513	863	786	720	986	885	1041	722	19	132	745	376	509	534	659	701	805	894	435	205	563	632	656	619	477	515	735	887	722	390	443	613	845	663	922	645	821	316	635	427	474	900	822	276	984	590	393	148	781	588	536	775	605	605	342	877	863	874	768	707	931	653	672	504	839	747	357	247	525	798	740	484	738	648	319	91	465	683	943	726	457	619	489	818	959	730	475	243	707	685	671	734	374	174	744	709	497	573	576	321	837	513	646	870	613	825	500	324	345	708	816	411	760	339	552	512	485	276	486	306	682	342	724	529	188	412	601	850	995	990	1028	453	981	693	663	500	760	289	591	905	115	543	608	909	87	395	599	550	731	599	661	852	732	421	755	235	685	392	700	410	723	743	851	855	648	721	795	900	483	677	564	345	582	737	157	824	785	864	785	686	759	696	617	581	410	302	472	782	507	142	654	821	661	660	569	329	650	518	734	851	403	596	592	18	359	888	746	881	695	147	567	773	648	778	263	438	964	753	281	584	310	69	957	775	650	745	279	393	303	421	597	256	834	738	888	738	336	369	705	781	695	745	252	913	796	559	351	363	533	464	992	414	252	812	659	170	759	884	869	675	732	745	416	692	640	647	710	348	294	320	233	671	285	456	604	1091	796	860	277	493	780	449	856	723	422	233	712	391	623	686	759	757	263	766	842	820	724	870	690	378	784	852	412	490	706	711	728	621	886	647	812	843	648	623	559	548	379	346	471	617	581	854	821	647	735	877	434	758	614	415	896	597	753	51	611	597
CHCHD3	464	861	1323	1658	1681	647	728	1821	1620	2562	3000	2951	2363	2782	2048	450	903	2036	1448	585	1059	889	1354	137	1420	2150	2337	2015	1018	2442	1419	1856	1677	1410	2005	1451	942	1768	925	2159	1208	1070	1436	492	1146	41	554	7075	1224	1333	1237	427	2144	517	2495	969	312	1666	2516	726	1521	1083	729	1980	2127	1425	1822	1226	2368	1404	2645	1638	1770	2775	1976	2300	1274	1366	634	1254	2415	1875	1078	1716	2115	1593	1833	733	576	2031	1389	1658	2064	2348	1256	1959	624	1920	790	956	1914	1299	646	1318	1678	3123	878	1292	2400	2084	2085	1845	1565	247	2375	2421	1078	4	646	96	1059	1406	1760	2841	2316	1933	407	1503	1865	2061	553	977	1113	15	1673	2860	2134	2309	1525	1532	1566	2214	2695	2121	441	1258	1729	637	1725	2342	832	2243	1769	2339	1656	2189	954	891	530	1828	1383	607	1219	2034	2536	750	2974	2089	1499	2777	669	771	1477	1900	1013	1253	512	2102	1166	2329	2268	1376	2162	2410	2713	410	1371	270	93	3125	2774	2495	1568	1649	867	1967	1880	2057	2739	1360	1824	1667	160	1337	915	2951	2284	141	1883	1830	850	1338	2401	2306	2269	2018	2761	966	2425	1057	728	2119	1504	1363	1827	251	1531	1009	271	790	1507	273	1653	2517	1484	1963	1550	1590	1700	2662	175	1981	954	2315	760	129	1267	1309	2259	842	791	222	2463	780	1365	2242	420	828	2182	2289	1237	2951	913	2127	512	2833	2312	2930	1640	1543	1439	600	582	1134	888	1694	1890	828	569	2408	1075	1646	1075	2436	1105	671	583	1136	2130	679	212	1349	2335	2172	1879	2920	2279	3139	1280	23	226	2151	890	1181	1328	1775	1721	2288	2526	899	764	1428	1491	1600	1507	1096	1098	1900	2549	1988	809	872	1640	2486	1843	2657	1695	2157	781	1720	891	1218	2662	2329	498	2800	1584	829	379	2142	1531	730	2161	1524	1002	637	2596	2373	2432	1872	1861	2686	1459	1677	1131	2309	1950	866	584	1088	2067	1864	1069	1930	1097	791	223	987	1589	2904	1890	1112	1443	730	2177	2714	1779	998	414	1440	1537	1751	1796	925	283	1924	1677	1292	1417	1403	637	2362	1226	1659	2223	1465	1798	1031	822	662	1789	2244	923	1952	719	1513	1109	754	634	1230	581	1587	660	1316	1154	281	920	1579	2014	3017	3037	2968	1162	2780	1809	1158	1114	1851	607	1488	2256	178	1384	1623	2644	164	820	1373	1446	1777	1436	1539	2011	1735	890	1810	421	1672	566	1663	809	1882	2011	2372	2075	1575	1853	2013	1891	1103	1600	1216	656	1238	1263	322	1971	1657	2261	1868	1653	1958	1776	1524	1602	840	593	953	1923	1167	239	1639	2287	1656	1674	1369	725	1671	1448	1936	2447	983	1549	923	26	963	2426	1899	2296	1693	248	1380	1929	1570	2009	631	936	2704	1946	506	1248	676	92	2797	1723	1568	1829	644	1002	547	1017	1457	425	2219	1879	2389	1911	478	863	1534	2169	1194	1745	433	2459	2017	1487	748	770	1252	1231	2791	959	489	2180	1603	278	2034	2383	2271	1699	1930	2007	853	1616	1684	1272	1758	832	720	725	396	1729	649	1029	1401	3397	2157	1843	491	1110	1836	1003	2242	1963	1094	395	2190	696	1339	1700	1997	1835	416	2041	1786	2247	2015	2349	1255	766	2074	2286	801	1123	1641	1773	2004	1417	2531	1637	2130	1964	1574	1475	1225	1319	792	828	1068	1416	1357	2285	2164	1078	1425	2363	987	2035	1711	934	2419	1550	1855	76	1411	1467
CREB1	975	1692	7274	2476	2588	747	906	2162	3065	11062	7882	9949	10521	4702	5190	323	5919	7140	4089	1104	1310	1470	3116	135	1504	4542	3575	8433	1111	4324	2552	3331	3020	1599	4516	2580	801	4497	986	4435	8338	4751	7688	742	992	35	409	1224	28779	1723	1307	849	3859	412	4850	1156	619	5980	6643	918	1530	2901	4649	3363	6886	1526	3200	1481	5023	1620	7793	1602	1998	7154	5803	8819	3355	2668	608	5503	7541	4652	1116	3897	7135	2398	3386	762	2243	8597	6953	8871	9638	3869	6771	7555	585	6760	1200	7028	8721	2893	978	1848	6503	6768	5272	4632	6899	10418	5007	6593	2173	192	3649	5623	2120	2	464	54	1660	2256	3857	9330	9045	2053	2878	3111	3212	3579	3867	6866	4373	10	4742	6063	6909	7115	8134	4144	7316	5123	8269	5294	413	1513	3878	1216	2017	7563	891	7860	2033	3598	2015	8153	1118	1367	537	3761	4162	2291	3644	4169	9084	2995	6061	4761	3519	4563	4624	1047	3401	3396	910	1516	416	4776	2488	5071	5819	1220	8445	7887	8681	453	1959	486	33	10520	5389	9644	3520	3333	3303	6325	4433	4958	8280	4166	6529	7529	195	4973	1373	6116	4078	97	2019	2497	978	1671	3107	3297	4984	7366	5427	1366	5821	1387	889	4625	3404	2856	8476	320	1718	1590	672	779	5822	257	8787	3758	4445	4926	3815	4226	3634	6574	235	2367	918	7388	3169	76	5980	1824	3219	5325	2918	383	7164	903	1564	10301	1716	993	4108	8679	3395	5864	1040	7067	467	5587	8617	8373	6861	4684	2429	617	424	1485	6517	6836	8388	1166	1168	7331	6032	2055	1617	6300	4584	507	1520	2658	4718	1829	857	5107	6217	9250	2479	9797	4196	11643	2196	12	349	5110	4749	4265	3961	2404	6199	8424	5470	1024	3641	3565	2455	3733	3084	1909	1927	9186	10845	3892	793	2126	2840	4776	5770	5753	3840	2979	2448	4801	1360	3511	5259	7860	670	9250	3346	1390	5223	8294	8383	623	8548	4525	1941	480	9041	4813	5181	6305	4978	9145	1463	2591	1214	4356	6738	3815	883	1453	2711	2361	2335	3327	2146	1241	1192	1267	2815	5507	3986	2577	2320	1191	5791	6660	4073	965	356	2556	1687	2389	5383	3241	253	5637	3526	2755	3617	3741	2048	4182	2524	2941	4086	2003	4799	1330	1035	799	2525	5740	1203	2844	991	2532	2174	830	3341	3982	581	3749	773	2422	1297	388	1730	2639	3893	6072	7201	6322	704	9980	3703	1619	2132	2404	977	5353	4275	154	4138	5144	9019	88	981	4124	2901	4475	2901	1784	3175	3507	1276	2802	540	3560	589	2789	1154	5015	7627	9782	5273	2665	2177	3407	3653	1089	1911	1715	580	1338	1760	295	3480	5110	3217	3121	2404	2617	4770	4423	5469	993	1814	936	5253	1573	192	2137	7689	2148	4375	2639	1636	2357	2409	3066	5748	1316	5158	1059	41	1386	3592	4354	4949	2886	212	2404	3843	1661	2643	1590	867	5431	4257	384	1397	1129	46	6623	5928	2793	5511	799	2082	596	1475	1838	299	4055	2370	3821	3154	555	910	1895	4757	2217	2599	399	3464	3440	2160	1138	776	1352	1806	7000	953	476	5362	2538	318	3202	5501	4095	2610	6722	6773	1679	1847	2483	3243	3249	5282	1896	3308	285	4133	643	1011	1669	6846	3832	2918	974	1914	2493	1618	3664	5803	1235	425	2526	855	2036	3485	4073	2856	377	3822	2963	2855	4404	5005	1181	1595	2337	3214	974	1669	3141	2407	3498	2448	5551	2030	6189	3894	3597	1617	1309	1636	884	1048	2061	4517	1712	3015	3063	1497	2106	3996	1376	3744	4442	1586	4733	3773	5543	72	1863	2309
CREB3	600	980	1713	1770	1699	666	1108	1792	1725	2982	3316	3404	2845	2833	2351	439	1254	2434	1623	668	1122	1013	1470	146	1438	2363	2492	2439	1046	2672	2050	2242	1872	1407	2172	1522	746	1952	748	2423	1640	1354	1813	575	1117	41	700	1333	1723	8157	1283	445	2347	489	2558	1315	357	2409	2913	806	1386	1351	939	2267	2580	1439	2411	1531	2915	1427	3133	1589	1737	3158	2319	2802	1607	1858	723	1553	2921	2070	1412	1947	2489	1718	1979	763	859	2428	1663	2043	2538	2435	2019	2384	727	2198	872	1361	2556	1459	652	1357	2130	3371	1474	1555	2800	2567	2002	2284	1685	281	2502	2716	1166	4	614	78	1102	1493	2011	3232	2766	2001	588	1610	2041	2191	766	1401	1470	13	2008	3142	2497	2702	2031	1721	1940	2536	3175	2883	435	1327	2292	937	1772	2827	856	2650	1850	2424	1743	2875	1432	985	583	2020	1525	771	1356	2218	3084	949	3229	2336	1747	2930	942	830	1769	2549	905	1508	502	2473	1371	2610	2707	1388	2552	2750	3168	445	1734	266	68	3551	3012	3163	2144	1841	1170	2346	2049	2629	3219	1619	2184	2132	203	1688	1339	3191	2348	149	1650	1890	1174	1316	2470	2432	2586	2524	3069	1035	2810	1159	729	1999	1820	1510	2283	300	1923	1132	308	741	1766	280	2049	2835	1849	2507	1785	1873	2430	2921	219	2016	961	2745	955	116	1823	1390	2333	1275	1146	245	2743	794	1385	2735	507	1123	2408	2804	1462	3242	966	2432	568	2917	2721	3290	2073	1849	1959	611	672	1252	1247	1947	2321	912	602	2768	1448	1643	1138	2729	1397	679	694	1347	2782	893	324	1592	2582	2639	1982	3332	2807	3679	1879	22	271	2320	1188	1529	1536	1794	2189	2643	2812	949	903	1730	1678	1906	1774	1241	1243	2383	2989	2107	764	1114	1701	2680	2186	2905	1941	2354	963	2024	1000	1492	2934	2686	664	3216	1790	931	718	2482	1931	906	2490	1726	1441	627	2909	2601	2720	2313	2183	3177	1471	1764	1178	2457	2279	1167	623	1191	2117	1970	1224	2095	1543	799	290	1017	1871	3066	2043	1305	1566	1041	2493	3321	2162	965	451	1959	1785	1905	2134	1089	293	2325	1910	1459	1537	1636	833	2434	1358	1731	2443	1484	2559	1147	763	714	1772	2504	1027	2008	774	1560	1343	1087	802	1485	540	1930	747	1835	1162	384	1030	1737	2645	3227	3300	3374	926	3298	1933	1738	1343	2007	645	1876	2581	193	1616	1872	3122	143	862	1645	1578	2069	1634	1588	2605	2081	967	2114	492	1970	686	1812	938	2158	2327	2857	2517	1770	1834	2210	2566	1093	1654	1329	651	1262	1697	313	2396	2403	2358	2242	1816	1985	2021	1823	1793	871	732	1023	2300	1184	226	1770	2660	1684	1995	1580	865	1795	1530	2103	2730	987	1762	1239	29	968	2584	2091	2649	1839	254	1496	2252	1619	2091	725	923	2909	2251	508	1251	791	85	3112	2514	1740	2206	641	1041	646	1025	1468	421	2428	1971	2581	2054	654	807	1586	2375	1703	1987	473	2638	2238	1519	805	786	1277	1191	3256	896	469	2499	1734	322	2123	2741	2576	1848	2180	2384	971	1701	1704	1690	2011	1197	789	993	385	1985	624	1042	1432	3580	2260	2339	597	1243	2089	1126	2447	2203	1050	404	1929	769	1590	1908	2218	2040	446	2252	2423	2246	2266	2608	1507	934	2047	2652	899	1189	1892	1812	2142	1606	2702	1711	2473	2634	1911	1460	1222	1356	889	839	1170	1803	1501	2385	2232	1531	2032	2579	1025	2204	1891	1047	2730	1797	2288	94	1491	1529
CREBL2	433	846	1292	1567	1554	623	756	1686	1511	2400	2777	2738	2254	2305	1956	403	973	1981	1345	617	1064	811	1344	153	1319	2048	2393	1931	984	2315	1351	1817	1578	1311	1853	1373	701	1715	651	2022	1224	1115	1415	495	1088	36	563	1237	1307	1283	6329	413	2043	461	2151	974	318	1613	2432	750	1354	1122	714	1891	2047	1350	1778	1166	2258	1294	2541	1489	1658	2601	1943	2158	1313	1376	596	1292	2291	1790	1026	1641	1992	1522	1698	663	573	1950	1322	1599	1993	2180	1310	1889	597	1819	775	953	1894	1260	791	1240	1687	2847	935	1290	2299	2010	1606	1836	1838	233	2172	2455	1086	5	597	75	1010	1308	1696	2666	2201	1755	395	1378	1804	1975	535	982	1085	17	1649	2642	2092	2232	1489	1403	1522	2076	2489	2073	382	1155	1639	691	1865	2230	796	2127	1700	2188	1504	2091	936	895	478	1747	1306	608	1191	1902	2476	747	2735	1972	1437	2593	621	723	1428	1803	926	1234	493	2021	1140	2210	2249	1304	2035	2260	2540	395	1286	260	80	2885	2531	2405	1524	1586	883	1940	1809	1949	2586	1296	1786	1634	146	1310	952	2664	2081	129	1444	1730	884	1245	2208	2138	2170	1974	2537	929	2306	1054	695	1653	1550	1316	1784	226	1510	1321	281	745	1402	274	1611	2350	1481	1903	1517	1553	1661	2458	211	1797	893	2273	723	124	1282	1215	2107	830	814	219	2236	764	1284	2176	402	801	2117	2222	1206	2737	878	2029	481	2389	2250	2704	1570	1526	1379	578	516	1051	910	1476	1813	812	570	2263	1057	1472	992	2300	1089	656	549	1180	2067	753	209	1301	2210	2081	1809	2701	2164	2913	1252	18	247	1995	888	1172	1252	1623	1733	2110	2418	1107	654	1377	1482	1565	1503	1084	1412	1855	2424	1849	777	905	1526	2325	1796	2446	1660	2049	781	1512	860	1198	2536	2214	488	2644	1462	800	415	1971	1500	718	2028	1444	989	602	2399	2187	2255	1844	1789	2564	1334	1621	1070	2237	1880	881	556	1064	1895	1682	1048	1781	1103	734	210	907	1601	2599	1780	1121	1390	757	2095	2548	1710	862	397	1388	1426	1610	1753	905	299	1879	1624	1239	1322	1348	647	2186	1166	1552	2131	1376	1733	1000	744	652	1611	2075	884	1826	729	1438	1113	737	598	1218	537	1571	646	1328	1131	263	983	1517	1941	2766	2772	2732	869	2621	1740	1103	1120	1757	596	1485	2172	173	1285	1589	2478	134	791	1344	1384	1719	1685	1453	1904	1673	882	1741	469	1697	537	1595	803	1836	1900	2257	2068	1551	1717	1959	1860	988	1504	1175	622	1187	1289	300	1875	1635	2362	1753	1637	1838	1684	1504	1509	819	612	910	1893	1134	227	1513	2141	1531	1672	1633	688	1864	1374	1802	2372	908	1454	923	23	866	2520	1782	2191	1574	229	1665	1857	1451	1877	614	876	2478	1916	503	1155	685	89	2613	1693	1547	1782	609	928	488	1012	1338	375	2069	1740	2516	1795	470	797	1469	2049	1178	1686	423	2276	1892	1397	734	761	1162	1134	2554	865	459	2070	1436	263	2181	2292	2190	1622	1796	1921	863	1509	1623	1211	1726	829	660	715	394	1673	591	958	1346	3032	1986	1745	516	1105	1740	999	2138	1844	952	416	1684	711	1248	1652	1931	1731	436	1890	1772	2030	1926	2217	1166	799	1873	2074	796	1057	1639	1713	2138	1697	2373	1506	2028	1887	1472	1382	1154	1278	740	757	1001	1414	1287	2343	2028	1077	1394	2232	973	2124	1660	885	2282	1462	1829	81	1333	1431
CREM	133	310	438	630	524	187	290	602	505	908	1012	1027	867	841	698	181	813	894	640	226	366	347	653	67	446	712	746	724	304	825	525	662	549	484	789	592	236	710	242	717	578	509	676	178	360	19	189	427	849	445	413	2135	715	162	786	365	147	593	915	269	476	445	195	779	895	477	741	496	948	566	920	516	565	959	914	878	552	570	278	516	907	616	352	622	846	613	635	230	220	865	551	655	863	770	489	889	227	722	224	404	741	412	244	433	848	1042	324	524	984	799	541	638	522	73	813	976	660	4	247	36	403	484	731	976	888	615	180	450	649	738	264	343	431	11	733	949	788	882	543	508	635	736	1015	788	145	401	661	228	550	898	281	907	578	786	522	794	338	377	178	661	547	204	534	737	1000	285	1017	748	616	903	207	285	602	701	350	459	181	766	502	883	942	410	830	787	996	198	530	89	36	1026	914	909	550	581	400	720	662	704	902	569	775	705	70	550	308	948	722	73	483	593	309	425	787	805	823	861	935	377	810	409	260	582	578	454	697	125	521	428	126	280	562	73	767	839	603	851	784	795	610	928	71	647	307	903	259	73	477	522	775	316	301	86	827	263	437	805	210	328	912	793	508	1011	306	742	153	870	919	997	612	673	491	248	229	331	237	486	675	293	215	904	391	518	452	860	420	206	319	531	808	289	80	484	863	820	622	979	820	1046	439	17	80	730	349	542	410	625	731	821	863	310	195	512	500	561	569	387	418	743	887	880	284	377	736	902	727	955	616	707	289	504	361	478	979	870	250	940	514	331	123	729	674	227	831	620	360	195	943	864	917	725	747	1011	453	615	377	904	721	342	194	401	682	593	426	626	477	327	59	338	620	915	759	425	478	337	947	925	623	370	162	476	519	650	648	642	102	802	623	495	550	471	197	783	410	577	791	481	590	436	284	305	508	743	320	635	262	538	482	256	181	531	199	585	282	487	403	158	402	552	703	989	996	993	296	988	763	370	591	603	228	599	752	63	456	545	949	66	261	504	440	676	536	541	645	767	308	627	156	561	219	562	287	720	667	864	754	580	622	667	681	343	522	453	239	402	475	135	607	631	764	656	558	673	627	565	501	249	225	295	715	391	99	564	837	561	726	489	276	581	510	611	911	337	549	334	15	344	811	652	758	540	77	523	674	478	648	236	292	887	673	161	414	256	41	948	649	575	708	210	326	244	442	513	125	704	589	774	655	166	318	500	761	447	579	130	794	649	525	288	249	434	445	998	333	173	800	556	140	712	838	758	544	637	777	322	525	597	423	719	282	197	308	133	625	204	329	452	1046	697	654	209	355	610	371	730	645	379	186	592	257	478	537	711	643	150	699	613	751	676	809	417	292	640	720	278	365	586	593	645	523	906	516	779	613	542	440	409	487	252	291	346	511	419	747	754	395	475	757	316	634	584	312	814	560	697	33	446	649
CSRNP1	969	1722	3714	3264	3421	1203	1254	3201	4165	6525	7174	7288	5996	5349	4682	588	2696	4885	3052	1062	1892	1657	2882	212	2401	4835	4677	5079	1947	5780	2840	3768	3929	2464	4280	2850	1264	3963	1201	4696	3597	2718	3868	944	1753	55	805	2144	3859	2347	2043	715	17981	741	5340	1659	598	3993	5996	1323	2585	2373	2361	3915	5223	2542	3738	2135	5210	2337	6401	2709	3050	6540	4728	5658	2950	2849	954	3285	5887	4200	1782	3687	5216	2969	4292	1159	1337	5179	3642	4465	5276	4860	3655	4775	889	4580	1486	2982	5069	2721	1193	2521	4341	7058	2578	3164	5589	5632	4067	4701	2952	346	4768	5575	2023	4	858	105	2067	2752	3735	7083	5875	3288	1340	3343	3915	4394	1525	3008	2814	27	3811	6617	5109	5767	4308	3447	4027	4935	6435	4947	650	2217	3753	1298	3046	5827	1353	5514	3259	4747	3302	5437	1646	1703	794	3902	3030	1421	2707	4374	6362	1977	6634	4699	3252	5995	2155	1371	3210	3978	1574	2268	729	4570	2445	5081	5197	2197	5411	6135	6859	625	2532	451	113	7660	6055	6263	3411	3512	2150	4876	4259	4652	6870	3180	4449	4265	248	3377	1703	6695	5028	172	2825	3502	1425	2500	4592	4540	5009	4975	6075	1765	5627	1849	1234	3886	3359	3010	4665	417	2664	1915	515	1199	3774	436	4482	5206	3527	4423	3378	3525	3590	6179	369	3485	1531	5650	1984	163	3434	2367	4530	2330	1807	485	5863	1373	2408	6006	1104	1378	4539	6111	2863	6569	1533	5189	814	5714	5760	7105	4123	3825	2840	931	816	2050	3133	4428	4813	1484	1189	5856	3167	2972	2029	6218	2848	981	1270	2409	4753	1615	539	3440	5591	5540	3540	7125	4777	7840	2454	22	379	4930	2441	2882	3218	3335	4322	5639	5793	1528	2172	3895	3064	4318	3313	2548	2224	4990	6656	4154	1326	1920	3117	5315	4569	5896	3660	4211	1946	4061	1588	2916	5809	6444	890	7034	3465	1604	1838	5275	4209	1061	5356	3520	1885	945	6321	5161	5292	4540	4214	6525	2350	3302	1893	5160	4758	2525	1326	1930	3857	3970	2158	4652	2216	1550	675	2061	3298	6501	3974	2487	2822	1309	4989	6240	3971	1550	631	2977	2740	3263	4218	2016	422	4534	3539	2731	3252	3876	1641	5026	2583	3541	4675	2748	4045	1780	1526	1099	3482	5288	1670	3844	1295	3043	2270	1253	1771	2880	913	3602	1102	2728	2012	494	1890	3155	4292	6984	7048	6670	1319	6970	3737	2067	2172	3467	1137	3663	4814	262	3282	4039	6494	207	1383	3073	3121	3973	3123	2674	4033	3600	1935	3570	716	3749	892	3980	1504	4278	5058	5931	4928	3293	3327	4131	4073	1804	2912	2275	978	2106	2331	481	4194	3964	4438	3790	3223	3843	4110	3581	4170	1609	1364	1532	4570	2173	387	3031	5417	3060	3855	2900	1563	3174	2893	3878	5808	2148	3655	1566	37	1793	5030	4310	5178	3400	373	2741	4047	2653	3818	1444	1498	6002	4363	755	2211	1307	101	6653	4163	3198	4291	1179	2182	863	1843	2648	572	4684	3488	4974	3895	762	1398	2786	4799	2418	3519	651	4833	4189	2850	1424	1205	2070	2377	6481	1588	719	4996	3109	423	4152	5588	4743	3292	4731	4828	1777	2798	3322	2822	3591	2431	1523	1959	551	3871	1041	1696	2509	7769	4454	3720	904	2320	3472	1899	4563	4692	1864	599	3436	1208	2587	3795	4373	3590	639	4330	3627	4276	4513	5244	1956	1660	3678	4429	1441	2106	3496	3343	4062	2920	5723	2947	4896	4332	3431	2533	2029	2404	1360	1443	2108	3538	2489	4445	4310	2026	2797	4972	1786	4269	4031	1861	5308	4008	4415	123	2611	2758
CSRNP2	158	345	475	541	547	303	324	590	573	789	914	902	731	862	700	168	323	653	498	267	426	350	480	70	768	698	749	648	382	807	509	571	667	498	645	474	267	545	295	763	393	352	472	248	485	25	276	517	412	489	461	162	741	2119	725	379	131	590	800	322	479	431	232	660	695	490	685	461	796	502	870	559	585	872	632	724	475	502	276	475	778	663	442	600	697	535	647	351	262	651	486	524	662	765	456	649	304	596	310	359	651	533	235	486	541	937	361	446	755	642	588	656	540	131	726	781	405	4	252	97	382	471	614	908	732	659	168	481	639	657	190	354	412	5	575	852	738	724	495	529	526	767	827	729	366	738	616	268	589	739	352	701	597	739	628	736	419	327	434	622	494	452	456	643	795	270	895	672	517	855	243	276	508	679	364	477	236	696	446	753	750	485	692	738	857	180	489	117	27	937	866	799	596	600	365	659	614	715	848	475	604	583	82	508	428	885	707	71	586	598	401	458	768	720	728	707	833	360	813	405	272	636	533	489	616	112	581	382	109	290	494	132	524	781	544	695	545	564	640	913	98	657	403	789	270	67	428	458	681	314	337	93	774	291	495	741	168	370	724	762	440	905	612	688	261	838	743	892	574	503	547	249	246	497	324	482	624	351	204	732	371	759	370	785	428	346	215	442	722	286	108	411	733	678	646	863	772	962	532	19	101	693	360	452	654	565	581	717	755	323	180	543	527	614	523	471	398	627	770	686	284	361	563	814	614	821	612	738	274	496	379	399	843	766	185	868	568	350	151	729	492	331	675	515	436	295	790	762	797	634	631	821	585	600	437	710	626	316	257	415	690	680	427	714	393	252	94	443	580	853	613	395	502	297	685	855	618	374	194	537	586	806	620	337	140	664	545	464	467	541	233	712	454	519	734	521	657	407	300	276	589	720	376	824	281	518	396	336	263	423	231	622	263	497	449	109	363	619	693	878	904	904	444	860	622	468	453	649	229	517	777	94	459	504	857	66	365	500	499	616	500	572	699	612	375	633	211	631	241	627	347	650	668	773	702	547	589	671	642	452	603	446	268	501	485	119	670	591	705	656	579	636	575	571	464	319	261	390	627	436	88	603	724	585	547	505	292	586	508	655	725	381	508	404	20	338	751	637	766	653	144	456	697	593	649	242	411	826	662	223	434	290	92	848	647	556	616	229	341	190	357	467	196	726	663	771	648	205	296	561	712	464	684	339	806	710	499	292	347	484	376	858	336	212	680	785	116	626	756	763	609	628	613	339	582	536	470	630	257	258	267	172	625	460	419	520	990	686	615	205	455	627	425	739	637	354	186	633	293	480	612	679	689	221	677	631	667	629	764	499	323	690	762	330	668	564	566	691	505	793	603	689	650	624	519	440	421	595	330	429	565	503	723	688	450	537	806	404	656	546	383	796	575	642	45	541	507
CTCF	1576	1782	4333	4542	4205	1317	1206	3806	3703	12499	11368	15395	12197	7037	5673	622	2661	7305	3903	1117	1997	1940	3311	221	2475	6149	5982	8311	2475	7561	3244	4443	3559	2974	5839	3813	1518	6787	1371	5911	7449	4000	7506	905	2003	48	795	2495	4850	2558	2151	786	5340	725	95083	1815	520	5069	7374	1334	3489	2672	2608	4544	7420	2991	4114	2405	7307	2779	8569	3202	3985	11101	7253	11110	2887	3342	965	3719	10587	5561	1877	4628	8566	3620	4749	1212	1453	10790	6504	8791	10212	6730	4334	7173	920	7221	1959	3893	7353	2772	1386	2819	6358	12584	3335	3055	8693	12490	4900	5810	3422	332	7815	6919	2208	6	883	82	2491	3166	4882	10020	9473	4040	1267	4951	5223	5848	3224	4054	3259	31	4935	13433	6204	10207	7598	4551	6481	6460	11135	6787	623	2362	4272	1529	3569	9334	1440	10096	3917	6259	3086	7255	1632	2163	695	4749	3439	1275	3261	5428	10513	2822	14471	7493	4521	9086	2320	1428	3836	5130	1807	2449	754	5711	2731	6947	6740	2472	10512	10095	9846	701	2921	646	136	15847	9316	10324	3615	3798	2185	6104	5527	6294	9612	5155	6679	8602	205	4015	1662	10570	7000	144	3162	4515	1408	3794	5980	6093	6847	6336	9966	2058	7331	2110	1434	4529	3506	3309	6390	406	3079	2271	685	1341	6435	503	8342	7690	4063	5612	4048	4232	3644	8912	367	4472	1643	7323	2765	157	5084	3062	6298	3939	2053	564	12272	1502	2719	8722	1386	1432	5540	8437	3530	9272	1478	7806	751	7803	8633	12413	6535	5195	3479	980	859	2167	4371	38081	7544	1400	1366	9380	4397	3209	2728	8699	2930	958	1488	2761	6165	1483	476	7169	8909	10874	4278	15317	6535	15483	2377	23	502	6557	2992	3298	3722	4495	6834	10860	9566	1709	25912	3305	3389	3948	3648	2225	2485	8127	11443	6156	1491	2368	3745	7716	6751	8718	4094	5170	2803	37908	1693	3100	7275	8377	1056	10304	3886	1584	2101	7098	8807	1146	12604	6515	2024	1018	13297	7761	7584	6203	5853	11568	2674	4114	2125	7063	8438	3590	1083	2012	4865	3818	2376	4461	2451	1889	686	1804	4582	10523	6834	2983	3189	1297	7162	8225	5895	1909	652	3644	3639	3891	4974	2255	464	6639	5040	2811	7775	3680	1839	8218	2910	4558	5570	3064	4751	2018	1828	1336	5099	8624	1662	4498	1442	3591	2869	1273	1704	3415	894	3947	1206	3189	2246	555	2246	3632	5577	12313	12978	10937	1413	11304	4477	2092	2329	4113	1447	5152	5771	271	4381	6829	11739	219	1359	4215	4623	5607	3642	3011	4920	4553	1807	4219	726	4232	931	3798	1498	6179	7824	11097	6047	3791	4338	5292	4918	1996	3562	2391	1052	2287	2535	527	7304	4753	6150	4234	3981	5334	5278	5173	5963	1860	1620	1568	5885	2674	449	3723	9930	3838	4908	3147	1643	3857	3495	4568	8596	1944	5949	1638	24	2070	7062	5186	6271	3914	358	3264	5230	3032	4830	1836	1606	10831	5298	775	2826	1299	77	11285	4532	3547	6004	1614	3035	1117	2808	3777	526	5648	4111	6459	4853	834	1759	3056	6698	2707	3925	581	6239	4833	3801	1391	1149	2253	3666	12164	2175	669	8212	3246	510	5937	7657	5985	4043	5730	7680	1828	3225	4682	4014	4282	4397	2095	3070	537	4383	1161	1850	2742	17376	6960	5015	1158	2230	4012	1859	5345	6342	2183	678	4187	1259	3974	4557	5202	3842	609	5175	4454	7616	6883	6855	2218	1653	4638	6579	1447	2182	4192	4240	5025	3596	8533	3313	6898	6087	3704	2972	2457	3049	1266	1642	2996	3665	2527	5849	6077	2201	3358	6452	2009	6371	4810	1859	7002	3788	5984	120	2948	3147
DBP	466	756	1226	1351	1280	556	856	1337	1296	2125	2314	2394	2019	1982	1706	374	882	1849	1250	504	859	834	1114	132	1051	1687	1777	1741	807	1905	1519	1650	1335	1058	1625	1165	563	1515	589	1720	1211	1035	1369	449	838	37	606	969	1156	1315	974	365	1659	379	1815	5415	302	1799	2035	621	1060	1002	735	1643	1851	1060	1654	1223	2045	1066	2197	1163	1289	2190	1698	1991	1117	1469	614	1206	2078	1557	1033	1412	1848	1311	1438	573	729	1803	1252	1580	1842	1793	1495	1704	606	1633	665	1002	1889	1047	515	1009	1514	2328	1170	1165	2000	1859	1446	1658	1242	250	1818	1923	904	4	507	73	844	1097	1514	2250	1963	1441	442	1245	1523	1619	591	1042	1066	14	1478	2179	1789	1946	1546	1260	1443	1816	2250	2029	345	975	1701	767	1300	2039	668	1933	1326	1749	1232	2067	1080	806	445	1511	1153	547	1071	1598	2200	758	2272	1697	1318	2063	681	659	1354	1770	731	1135	404	1723	1107	1871	1908	1019	1850	1995	2190	413	1354	204	56	2438	2109	2287	1609	1353	906	1760	1517	1916	2199	1280	1625	1608	180	1258	1028	2202	1714	128	1203	1419	956	1033	1776	1754	1848	1821	2156	856	2002	909	606	1467	1315	1165	1700	317	1481	868	247	553	1346	218	1527	2013	1397	1844	1289	1373	1757	2059	164	1455	763	1891	714	109	1435	972	1697	959	931	219	1931	643	1033	1945	397	896	1689	1971	1160	2198	690	1788	453	2041	1920	2308	1539	1381	1401	554	578	903	928	1421	1725	669	486	1982	1091	1214	915	1968	1091	531	565	1067	1969	628	244	1216	1885	1925	1389	2316	1977	2514	1381	21	198	1697	955	1121	1119	1317	1629	1919	1953	743	666	1275	1216	1378	1289	912	972	1739	2132	1572	648	912	1221	1881	1593	2037	1418	1640	720	1499	823	1150	2044	1937	569	2278	1346	743	497	1768	1449	751	1848	1338	1183	491	2092	1842	1921	1700	1560	2211	1086	1338	849	1800	1716	880	505	924	1538	1386	1002	1482	1286	636	228	800	1397	2147	1489	908	1186	862	1851	2265	1596	771	356	1433	1274	1288	1587	859	223	1706	1465	1076	1206	1224	646	1759	1037	1288	1730	1137	1820	908	648	592	1352	1867	743	1460	614	1154	1049	801	613	1163	457	1404	602	1406	898	312	838	1247	1928	2260	2263	2295	676	2332	1443	1235	1009	1386	524	1391	1805	165	1201	1374	2175	122	647	1254	1191	1599	1208	1187	1811	1578	706	1589	380	1451	611	1373	667	1634	1707	2027	1817	1321	1393	1590	1868	807	1221	1040	512	925	1350	263	1794	1789	1703	1612	1309	1439	1480	1304	1349	710	583	763	1681	931	199	1283	1952	1270	1493	1157	665	1286	1080	1481	1961	780	1346	955	22	742	1820	1557	1898	1399	209	1126	1628	1141	1527	575	682	2120	1650	413	979	605	76	2199	1805	1301	1634	509	812	565	784	1127	348	1744	1440	1854	1517	536	655	1241	1769	1343	1421	352	1797	1586	1162	637	606	938	962	2262	709	388	1853	1261	299	1519	1964	1771	1341	1633	1760	761	1207	1300	1367	1504	875	602	755	348	1447	471	762	1106	2440	1674	1782	495	954	1517	841	1728	1612	774	367	1411	608	1220	1438	1610	1431	350	1596	1736	1677	1599	1910	1175	725	1462	1839	651	899	1401	1350	1581	1215	1978	1255	1807	1863	1301	1073	957	1018	643	627	885	1347	1056	1713	1613	1203	1461	1817	767	1611	1415	793	1942	1317	1661	75	1104	1147
DDIT3	183	366	671	473	475	193	239	453	511	909	817	929	891	687	685	162	493	826	590	333	346	402	479	88	353	649	575	827	240	614	472	535	507	365	672	431	239	631	269	619	764	654	772	192	251	23	155	312	619	357	318	147	598	131	520	302	2051	728	776	250	350	494	495	498	774	333	485	331	618	353	844	351	405	794	694	875	466	477	177	694	845	651	267	538	779	499	590	208	322	811	693	797	856	599	713	818	183	784	239	671	802	475	269	425	643	770	578	567	809	912	671	735	422	86	553	703	353	4	191	42	332	424	556	868	857	393	396	491	552	531	441	660	631	13	684	711	776	752	731	562	738	694	810	740	133	322	606	249	419	836	260	829	415	554	410	827	292	356	195	582	575	328	495	626	902	455	708	740	617	598	498	259	606	506	242	352	157	732	487	678	748	319	840	813	864	213	403	93	26	920	720	889	595	560	570	768	614	659	770	662	780	788	82	679	356	712	592	69	421	449	282	339	509	552	694	829	647	349	714	345	243	661	495	481	857	120	378	345	146	216	711	92	828	539	698	632	474	579	588	781	71	439	267	792	428	53	668	267	512	547	437	118	786	238	368	859	236	259	497	811	573	692	268	787	155	750	819	819	762	630	403	243	163	323	545	642	802	271	282	842	675	387	415	783	620	180	311	491	644	325	160	646	726	856	452	869	632	966	439	18	78	684	629	643	557	462	803	824	664	277	449	575	438	598	515	395	396	846	924	562	235	479	362	600	695	689	569	477	361	572	393	546	642	841	166	889	570	372	437	798	803	221	827	591	392	156	857	666	708	759	643	923	335	447	280	564	799	518	221	347	479	437	517	549	414	309	207	312	578	675	546	346	423	272	752	773	662	304	161	443	327	429	682	494	98	786	543	497	569	552	336	558	453	484	592	399	674	375	244	297	453	727	284	483	239	438	498	205	398	618	202	601	272	459	317	96	383	428	587	685	738	689	235	931	560	358	472	474	229	758	617	70	532	595	868	61	271	636	490	689	516	383	543	520	284	515	159	538	185	511	258	719	766	894	704	465	424	573	573	268	397	372	196	311	382	95	527	711	517	553	476	470	645	640	590	249	360	263	684	356	111	424	846	416	663	482	292	472	458	535	681	290	633	269	18	285	557	620	674	516	91	438	551	355	498	268	236	700	623	159	327	274	42	698	732	488	777	206	337	157	296	375	128	619	440	583	518	159	234	424	671	453	435	135	539	549	416	260	238	350	305	772	252	182	726	459	85	519	664	583	466	759	812	343	403	456	505	593	536	303	494	141	570	169	257	399	702	597	496	249	358	467	345	554	717	306	205	504	223	370	534	611	539	151	593	511	488	598	689	293	319	440	496	240	353	516	468	561	466	702	390	786	606	540	365	308	330	229	223	356	606	347	491	492	360	388	622	313	584	624	323	664	594	779	41	370	422
DLX6	1259	1840	6550	2851	2990	990	1338	2613	3086	9533	7310	8876	9277	4900	5266	547	3797	6669	3892	1207	1627	1771	3006	204	1859	4722	3950	7948	1481	4634	3357	3938	3195	1911	4594	2818	1150	4587	1186	4534	7015	4306	6696	854	1386	53	805	1666	5980	2409	1613	593	3993	590	5069	1799	728	22943	6068	1110	2026	2836	4610	3325	6278	1887	3416	2038	5105	1861	7451	2056	2334	6930	5211	8148	2881	3241	890	5209	7349	4874	1643	3991	6890	2811	3761	1000	2247	7600	6323	7932	8524	4185	6685	6816	888	6862	1374	6192	8365	3082	1180	2242	5388	6464	5199	4340	6416	8967	5015	6148	2460	333	4222	5121	1785	4	740	84	1811	2480	3864	8443	8413	2582	2834	3570	3569	3683	3197	6204	4341	25	4462	5913	6486	6765	7649	4494	6607	5319	7965	5975	570	1822	4640	1498	2461	7280	1200	7487	2520	3898	2474	8111	1707	1625	733	3932	3973	2080	3562	4248	8107	3099	6085	5136	3824	4725	4411	1182	3444	4016	1190	1953	615	4844	2617	4985	5407	1723	7968	7588	7579	626	2512	498	75	9384	5410	9319	4162	3502	3249	6044	4477	5791	7439	4429	6296	7501	266	5038	1980	6357	4540	155	2415	2872	1456	1994	3446	3675	5084	6601	5725	1594	5613	1765	1113	4775	3183	2993	7624	463	2520	1668	674	1001	5739	363	7781	4366	4515	4795	3024	3487	4359	6345	306	2783	1268	6483	3272	138	6259	1794	3529	4981	3090	439	6997	1112	1904	8953	1427	1345	3667	7682	3538	5531	1272	6933	669	5655	7599	7752	6593	4379	2965	850	761	1806	5778	6712	7874	1301	1336	7046	5605	2304	1964	6255	4568	795	1408	2624	5209	1747	844	5047	6151	8554	2862	9091	4784	10072	2882	24	394	5157	4505	4245	4232	2797	5947	8086	5388	1313	3630	3529	2569	3779	2947	2031	2060	8171	9267	3705	1079	2347	2345	4512	5524	5823	3719	3335	2397	5402	1698	3394	4874	7383	926	8452	3721	1660	4490	7741	7205	1099	7912	4521	2397	743	8398	4902	5154	6185	4747	8194	1897	2776	1483	4164	6769	3764	995	1709	3107	2740	2505	3497	2686	1410	1218	1489	3301	5675	3934	2337	2660	1499	5357	6654	4540	1327	581	3200	2308	2615	5353	2593	365	5574	3811	2820	3789	3802	2079	4540	2678	3109	4277	2334	5513	1697	1295	1076	3169	5977	1408	3137	1152	2650	2409	1218	3314	3993	796	3840	1079	3175	1652	498	1861	2722	4689	5878	6975	6424	1070	8994	3723	2261	2313	2869	1125	5339	4543	239	4036	5277	8223	180	1199	4252	3254	4735	2958	2130	3962	3497	1508	3359	671	3646	891	3129	1236	5297	7366	8605	5042	2835	2585	3665	4560	1385	2284	1999	837	1684	2418	409	4336	5845	3576	3463	2806	2975	4649	4525	5377	1339	1862	1228	5125	1966	310	2518	7542	2434	4202	2734	1624	2735	2611	3339	5443	1526	4871	1589	48	1547	3974	4503	5041	3346	333	2528	4187	2048	3166	1652	1193	5829	4330	594	1798	1243	80	6273	6375	2875	5491	1057	2342	869	1584	2297	482	4276	2733	4107	3437	931	1192	2371	4881	2958	2842	550	3829	3738	2534	1274	1018	1758	2030	7112	1291	623	5535	2830	445	3447	5308	4432	2976	6651	6615	1692	2303	2840	3926	3471	4853	1911	3234	466	4072	838	1328	2042	6646	4333	3903	1162	2148	2934	1682	3934	5715	1597	584	2954	1039	2574	3732	4198	3147	538	3999	3830	3480	4476	5168	1855	1696	2768	3730	1156	1856	3208	2809	3718	2632	5615	2356	6105	4814	3559	1986	1699	1915	1125	1192	2181	4292	2012	3435	3355	2202	2958	4502	1587	4188	4347	1705	4986	3739	5579	116	2165	2386
DMAP1	1378	2386	6066	4267	4320	1365	1454	3960	4396	10710	10930	11692	10044	7290	6837	668	4330	7813	4573	1463	2317	2218	3984	239	2821	6567	6036	8289	2334	6970	3678	5245	4327	3006	6207	3945	1470	5974	1530	6383	6472	4517	6684	1104	2059	69	898	2516	6643	2913	2432	915	5996	800	7374	2035	776	6068	28813	1603	3037	3369	4127	5146	8193	3042	4758	2610	7323	2879	9514	3271	3757	9720	7280	9207	4029	3817	1099	5462	9115	6091	2100	5288	8227	3933	4988	1369	2053	8550	6142	7750	8891	6356	5894	7714	1038	7290	1845	5414	8354	3599	1536	3110	6931	10196	4301	4747	8674	9599	6040	7057	3778	371	6329	7790	2763	4	947	105	2599	3539	5320	11027	9611	4042	2166	4688	5170	5833	2847	5423	4492	24	5721	9435	7736	8689	7533	5300	6671	6795	10233	6929	712	2657	5113	1700	3716	9120	1615	8739	3933	6143	3498	8424	1970	2163	889	5398	4490	2098	3951	6447	10343	3185	9567	6663	4701	8013	4103	1649	4467	5370	1807	2660	837	6490	3341	7573	7993	2558	8779	9342	10555	755	3157	674	131	12491	8350	10158	4663	4777	3206	7249	5978	6617	10665	4875	7093	6980	288	5474	2148	9382	6925	175	3497	4406	1672	3053	5957	6028	7354	7964	9035	2231	7984	2311	1515	5624	4490	3960	7909	488	3313	2461	772	1484	5990	500	7739	6823	5214	6222	4667	5021	4729	9003	413	4405	1816	8707	3277	162	5673	3109	5863	4008	2646	560	9258	1629	2911	9928	1666	1629	6417	9740	4195	9630	1762	8036	924	7933	9114	10744	6640	5828	3777	1115	902	2452	5757	7173	8061	1790	1582	9069	5421	3570	2616	8118	4372	1110	1706	3351	6572	2163	846	5700	8387	9127	4459	11353	6527	12660	3193	21	478	6897	4082	4526	4677	4322	6764	9161	8136	1809	3510	4285	3869	4859	4401	2672	2887	8356	10800	5880	1566	2675	4108	7293	7120	8531	5013	5322	2851	5944	2017	4094	8557	8870	1078	10755	4656	2048	3523	8381	7212	1244	8741	5455	2503	1059	10167	7557	7780	7227	6329	10319	2817	4319	2317	6920	7562	4042	1338	2392	4859	4182	2959	5111	3003	1946	1098	2043	4414	9137	5875	3485	3669	1665	7596	9531	5796	1825	733	3941	3437	4177	6230	3058	475	6858	5104	3667	4851	4586	2370	6756	3391	4597	6278	3409	5848	2209	1885	1345	4541	7873	1998	4840	1694	3948	3042	1510	2763	4482	1032	4827	1314	3605	2417	591	2454	4044	5789	9755	10564	9875	1535	11124	5132	2550	2946	4321	1501	5832	6520	278	4916	6350	10275	214	1667	4762	4275	5806	4121	3276	5212	4996	1994	4556	887	5067	1038	4254	1828	6366	8129	9777	6957	4296	4124	5478	5447	2169	3520	2774	1160	2482	2875	551	5723	6010	5731	4811	4134	4767	5978	5634	6679	1943	2031	1796	6538	2708	427	3765	8783	3849	5626	3809	2027	4050	3792	5018	8364	2117	5500	1841	44	2211	6427	5869	7132	4479	441	3561	5711	3222	4839	1997	1724	8715	5996	840	2689	1602	102	9445	6140	4095	6528	1397	2988	1054	2432	3379	624	6306	4359	6469	5082	978	1679	3377	6831	3212	4410	704	6246	5483	3651	1734	1412	2502	3061	9843	1836	827	7421	3884	536	5392	7831	6415	4216	7136	7730	2275	3452	4260	4142	4947	4735	2283	3192	611	5243	1217	2035	2994	11110	6107	4946	1262	2844	4341	2352	5922	7028	2262	723	4376	1438	3459	5217	5933	4498	700	5780	4764	5628	6414	7198	2412	2124	4533	5818	1723	2598	4687	4206	5412	3757	8160	3613	7576	5779	4570	3073	2474	2996	1531	1812	2847	5013	3028	5571	5540	2469	3545	6525	2218	5936	5775	2250	7223	4720	6660	143	3297	3586
DMTF1	317	604	1036	1017	1072	452	493	1053	1059	1621	1743	1786	1489	1464	1495	288	697	1329	881	425	940	630	1131	127	844	1358	1400	1308	644	1444	939	1152	1066	829	1170	888	440	1160	462	1351	938	761	1048	424	637	35	355	726	918	806	750	269	1323	322	1334	621	250	1110	1603	4251	822	811	730	1172	1377	852	1088	749	1356	740	1665	900	1037	1607	1270	1459	955	887	374	919	1512	1272	669	1102	1348	951	1144	468	428	1337	954	1143	1335	1422	1004	1257	375	1213	516	816	1306	859	463	1086	1166	1782	725	878	1480	1392	1176	1289	1007	157	1340	1504	691	4	350	72	982	899	1144	1714	1470	1040	365	996	1339	1302	384	812	818	17	1109	1775	1525	1547	1136	1010	1064	1405	1589	1332	299	763	1121	494	988	1476	666	1418	1018	1371	937	1400	599	639	365	1195	1130	464	832	1217	1616	581	1707	1276	958	1593	574	542	1014	1169	596	770	335	1300	805	1371	1406	743	1364	1561	1680	285	837	173	60	1836	1591	1573	1021	1072	708	1348	1472	1252	1680	941	1226	1173	129	1002	652	1647	1508	99	927	1060	542	777	1320	1285	1390	1300	1582	644	1501	671	514	1152	1056	957	1236	166	897	684	213	475	1043	195	1188	1415	1021	1228	959	997	1086	1595	152	1094	588	1617	563	96	933	739	1283	669	592	188	1467	740	1068	1613	334	518	1312	1551	892	1727	563	1386	349	1499	1486	1719	1140	1038	867	385	337	712	780	1064	1263	793	431	1482	882	948	670	1527	812	412	408	794	1317	556	194	937	1473	1410	1109	1695	1352	1894	864	20	187	1375	736	865	883	1111	1163	1417	1575	586	523	1039	1042	1117	1060	758	803	1293	1671	1150	587	655	946	1458	1218	1555	1122	1234	641	1036	573	945	1556	1525	327	1761	1037	611	397	1379	1103	465	1369	972	667	386	1538	1389	1409	1211	1186	1658	831	1043	702	1476	1240	723	416	771	1203	1100	755	1236	742	601	205	649	1013	1630	1111	788	915	519	1399	1610	1121	591	284	932	841	994	1214	647	265	1271	1063	1147	926	946	537	1360	843	1109	1325	917	1180	672	782	439	1071	1344	851	1205	500	1233	799	509	480	901	495	1150	448	915	716	190	657	1009	1235	1726	1806	1701	527	1719	1166	747	732	1082	427	1069	1394	119	1011	1120	1645	117	737	1011	936	1127	998	903	1169	1092	611	1113	324	1167	393	1061	585	1219	1457	1528	1441	1095	1038	1511	1225	660	976	802	525	758	823	224	1209	1153	1307	1207	1264	1135	1213	1023	1101	559	467	616	1311	918	166	974	1385	1004	1162	990	553	1048	1176	1459	1560	627	1207	592	23	915	1409	1254	1399	1072	159	890	1210	892	1161	459	583	1556	1501	386	775	680	77	1743	1197	1278	1220	422	700	347	751	878	270	1580	1133	1443	1373	314	527	954	1544	853	1103	271	1375	1213	925	565	658	742	795	1619	605	411	1351	995	173	1261	1546	1400	1064	1429	1297	631	918	1078	867	1113	664	520	597	314	1186	386	611	1041	1917	1408	1113	358	767	1203	723	1363	1284	637	299	1103	512	805	1126	1299	1117	277	1522	1148	1192	1269	1441	707	875	1124	1244	542	750	1127	1245	1217	992	1520	963	1319	1202	1037	856	741	835	502	525	704	1032	867	1304	1270	708	851	1366	876	1246	1413	646	1450	1033	1216	63	861	1130
DNMT1	665	978	1628	2033	2399	752	713	2072	1816	3403	3762	3863	3124	3063	2493	431	1080	2637	1714	586	1182	1002	1615	155	1479	3127	2726	2608	1271	3064	1619	2241	1912	1607	2523	1836	874	2318	740	2604	1627	1386	1919	571	1234	45	566	1521	1530	1386	1354	476	2585	479	3489	1060	350	2026	3037	822	9229	1203	995	2223	2634	1640	2052	1383	2878	1544	3262	2231	2049	3552	2482	3002	1433	1604	651	1545	3187	2375	1117	2057	2759	1838	2213	727	619	2720	1844	2228	2773	2834	1563	2460	601	2530	868	1249	2458	1432	786	1577	2083	3953	1110	1459	3057	2825	2169	2285	1782	244	3413	2988	1268	4	609	82	1382	1601	2190	3561	3020	2158	536	1909	2378	2503	623	1350	1367	21	1981	3770	2670	3019	2049	1951	2035	2738	3508	2632	437	1390	2055	710	1904	3031	911	2950	2521	3225	1780	2690	989	1063	499	2538	1656	656	1510	2465	3265	1034	3890	2737	1877	3508	856	869	1697	2303	1129	1360	525	2464	1339	2863	2780	1515	2883	3195	3348	429	1581	285	106	4049	3487	3228	1815	1933	1001	2354	2369	2570	3379	1757	2400	2176	144	1691	962	3722	2951	121	1737	2200	871	1653	2785	2783	2785	2460	3464	1075	2961	1148	804	2147	1709	1626	2230	280	1713	1126	303	831	1983	296	2241	3087	1847	2399	1774	1794	1845	3442	218	2312	1036	2935	987	124	1621	1507	2762	985	882	276	3227	895	1584	2964	514	844	2591	2932	1608	3548	975	2709	536	3175	3021	3796	2084	1961	1639	604	594	1241	1254	2596	2440	870	684	3114	1485	1742	1360	3099	1381	685	664	1392	2594	772	245	1863	3059	2889	2612	3886	2840	4000	1336	25	234	2702	1108	1449	1678	2215	2222	3085	3220	932	1391	1607	1700	1879	1767	1175	1236	2494	3340	2519	940	1035	1829	3098	2426	3573	2024	2548	1062	2587	976	1471	3126	3033	615	3586	1959	911	542	2660	2000	703	2878	2045	1034	670	3455	2904	2968	2310	2224	3450	1557	1996	1217	2888	2546	1179	638	1202	2793	2092	1259	2249	1256	1219	289	1050	1968	3681	2410	1301	2028	762	2688	3255	2274	1036	436	1662	1746	1943	2193	1031	309	2442	2086	1447	2000	1673	746	3312	1489	2029	2604	1661	2069	1176	985	735	2159	2898	984	2237	747	1865	1317	774	750	1522	612	1845	712	1526	1329	345	1100	1839	2434	3938	3897	3663	965	3569	2180	1190	1294	2232	685	1945	2656	183	1699	2170	3411	174	885	1670	1844	2183	1678	1720	2303	2019	1058	2169	468	2013	592	1917	861	2372	2692	3094	2472	1885	2194	2437	2204	1152	1896	1313	697	1366	1375	384	2505	1981	2750	2168	1964	2376	2150	1909	2097	979	690	945	2322	1411	294	1984	2992	1948	1976	1600	803	1930	1734	2271	3109	1087	1973	967	21	1122	3018	2315	2698	2047	273	1568	2312	1697	2494	763	992	3514	2371	533	1422	770	83	3563	2057	1766	2240	819	1260	644	1262	1908	395	2593	2127	2899	2348	529	1009	1715	2816	1336	1998	402	2900	2369	1851	857	784	1404	1508	3614	1110	509	2805	1829	313	2524	2893	2693	1976	2430	2572	981	1850	2205	1595	2110	1130	853	905	389	2074	721	1111	1558	4383	2759	2196	555	1254	2084	1073	2600	2511	1250	446	2110	774	1632	2025	2392	2050	386	2427	2163	2852	2511	2908	1343	900	2394	2679	836	1257	1928	2121	2363	1728	3245	1823	2648	2381	1805	1673	1426	1631	808	906	1291	1619	1390	2696	2649	1161	1628	2963	1095	2567	2135	996	2987	1791	2269	92	1627	1755
DNMT3B	582	1191	2746	1853	1787	627	889	1651	1908	4219	3867	4417	4161	2922	2865	405	1991	3334	2278	767	1085	1151	1844	161	1231	2614	2367	3520	911	2797	1798	2101	1900	1250	2566	1733	716	2731	751	2680	3045	2214	3039	611	919	48	501	1083	2901	1351	1122	445	2373	431	2672	1002	494	2836	3369	811	1203	10671	1855	2039	3299	1275	1938	1166	2728	1182	3805	1308	1554	3770	2962	3851	1801	1811	546	2568	3743	2487	962	2248	3423	1813	2165	693	1252	3773	2768	3332	3770	2575	2712	3437	528	3107	917	2517	3503	1743	775	1427	2855	3677	2117	2108	3529	4091	2520	2972	1624	247	2518	2989	1164	4	509	68	1183	1598	2682	4074	3889	1647	1409	1925	2179	2335	1543	2568	2238	24	2709	3369	3188	3534	2996	2178	3071	2886	3761	3078	413	1145	2321	904	1579	3734	829	3686	1594	2467	1558	3519	972	1130	550	2348	2242	1271	1996	2451	4154	1597	3545	2829	2255	2886	1755	839	2239	2128	859	1239	407	2927	1674	2864	3139	1129	3603	3663	3878	521	1463	331	60	4522	3199	4077	2115	2029	1757	3224	2492	2789	3828	2416	3225	3216	190	2499	1177	3413	2513	135	1556	1845	889	1260	2167	2346	2954	3315	3103	1191	3219	1242	771	2504	2011	1761	3487	293	1488	1244	449	700	2730	274	3379	2546	2483	2547	1882	2134	2312	3307	215	1762	817	3372	1505	113	2596	1141	2278	1942	1447	295	3481	775	1248	3906	908	858	2318	3649	1998	3290	866	3346	496	3201	3605	4021	3018	2558	1582	671	445	1152	2314	2999	3456	915	807	3576	2506	1507	1245	3331	2179	569	920	1663	2665	1177	454	2568	3250	3865	1758	4330	2676	4770	1610	23	266	2848	2137	2234	2030	1778	3274	3622	3155	946	1754	2032	1714	2162	1949	1334	1392	3641	4224	2234	730	1460	1538	2704	2847	3168	2177	2150	1877	2450	1120	1969	2928	3603	501	4095	1985	1117	1665	3389	3351	704	3685	2333	1380	489	3859	2782	2872	3170	3246	4133	1217	1794	1016	2661	3335	1883	693	1205	1990	1718	1532	2074	1454	948	595	1019	2089	3209	2276	1455	1673	915	3219	3403	2487	924	425	1741	1308	1656	2874	1624	274	3125	2361	1658	2220	2029	1149	2548	1563	1965	2548	1496	2600	1216	811	835	1825	3083	957	1983	842	1685	1667	754	1349	2214	554	2259	806	1813	1163	315	1207	1703	2448	3386	3662	3391	737	4331	2171	1227	1518	1831	731	2770	2715	175	2094	2562	3947	136	847	2350	1764	2635	1914	1418	2265	2059	943	1994	489	2190	556	1943	899	2775	3361	4346	2991	1839	1726	2244	2389	927	1468	1359	588	1186	1467	284	2310	2703	2248	2095	1760	1953	2623	2431	2611	864	1168	848	2921	1299	225	1660	3635	1587	2602	1696	1015	1758	1628	2076	3274	972	2372	938	37	1015	2471	2566	2882	2011	225	1680	2449	1347	1965	901	767	3226	2497	446	1222	835	74	3546	2790	1865	3026	684	1344	497	1035	1473	382	2490	1746	2598	2079	455	799	1543	2745	1634	1838	410	2377	2221	1592	832	720	1163	1335	3662	863	460	3129	1783	257	2197	3156	2609	1769	3014	3322	1185	1503	1820	1840	2170	2172	1050	1645	357	2331	570	896	1367	3690	2552	2157	728	1334	1822	1180	2393	2939	1042	457	1904	740	1430	2175	2488	1994	451	2352	2066	2060	2461	2946	1090	1088	1751	2184	790	1300	2176	1808	2241	1741	3159	1530	3250	2482	2058	1328	1147	1292	759	797	1278	2443	1320	2212	2180	1221	1515	2603	1079	2407	2374	1141	2831	2114	3064	93	1421	1588
DPF2	954	1167	6122	1491	1987	569	477	1240	1908	7552	5093	6541	7587	2866	4121	222	2785	5092	3061	895	970	929	2347	104	789	3248	2187	6642	824	2658	1629	2194	1886	855	3100	1612	640	3302	690	2787	6329	3702	5829	452	589	44	267	729	4649	939	714	195	2361	232	2608	735	495	4610	4127	730	995	1855	17017	1413	4401	882	1313	805	2479	635	5300	892	1073	4830	3476	6319	1665	1645	249	5008	5352	3889	609	2848	5451	1495	2383	451	1922	6197	5882	6958	7071	2296	5330	5279	321	5936	773	6102	6934	2239	807	1557	3722	3982	4471	3480	4269	7495	4251	4984	1263	122	2336	3036	739	4	290	37	1200	1418	2341	6623	6995	1068	2749	3059	2312	2171	2883	6057	3811	20	2990	3322	5317	4887	6979	3928	5319	3565	5854	3488	246	834	2873	841	1174	5450	738	5576	1219	2110	1223	6086	581	838	394	2596	3580	1889	2981	2592	5908	2890	3495	3421	2622	2519	4839	593	2156	1916	560	749	280	2958	1556	2917	3247	808	6553	6216	5361	298	1054	345	47	7232	3267	7202	2594	2331	2503	4672	3545	3877	5402	3488	4944	5639	133	4375	1003	4120	3447	66	1228	1488	553	957	1517	1735	3116	4838	3479	792	3513	899	661	3732	1828	2067	6782	242	1000	871	479	483	4871	220	6658	2013	3452	2670	1492	2002	2317	4444	182	1266	700	5103	3234	63	5301	667	1737	4172	2311	315	5579	722	1121	7862	1140	423	1594	6307	2627	3046	587	5664	272	3609	5834	5645	5547	3304	1406	386	269	939	6033	5404	6921	768	1034	5411	5343	1035	1104	4330	4171	330	914	1574	2931	1212	644	4406	4722	6954	1469	7094	2468	7635	1400	15	225	3589	4025	3542	3826	1476	4406	6797	3251	646	2579	2390	1382	2578	1699	1176	1247	7013	7596	1982	609	1456	866	2461	4527	3775	2327	1509	1910	3410	979	2462	2559	5892	375	6645	2689	1245	4824	6756	6209	425	6507	3545	1286	311	6668	2955	3070	4792	3259	5887	814	1533	643	2183	5383	3479	619	821	1494	1345	1594	2086	1392	881	1350	784	1764	3562	2348	1397	1564	641	3345	4045	3060	594	307	1887	815	1148	4131	1890	243	3816	2454	2173	2890	3060	1844	2810	1961	2135	2477	1301	3744	766	1019	565	2146	4592	875	1654	664	1734	1384	412	2990	3141	524	2515	503	1747	822	176	1135	1400	2506	3517	4787	3823	421	6792	2431	977	1337	1460	809	4309	2784	110	3337	4535	6073	110	775	3524	2441	3225	1867	941	1911	1743	839	1763	325	2338	338	1830	551	3888	6810	7006	3222	1480	1228	2310	2432	647	1043	998	511	822	1032	220	2608	4023	1776	1772	1725	1439	3412	3801	4770	860	1468	525	3606	1365	197	1219	5915	1167	2658	1730	928	1421	1718	2180	3503	845	4098	598	33	1024	1872	3065	3277	2051	166	1442	2610	883	1734	1284	561	3757	3106	312	897	916	38	3882	4607	1848	3987	644	1720	335	787	1203	208	2889	1328	2191	2312	461	610	1229	3657	1611	1376	209	1946	2245	1440	706	565	813	1141	4656	614	354	3695	1616	166	1820	3428	2556	1567	6266	5127	995	1116	1488	2790	1994	4615	1645	2675	253	2693	384	624	1126	4191	2983	1967	762	1334	1342	852	2095	4667	878	286	1660	454	1365	2737	2706	1714	228	2761	1875	1759	3042	3419	641	1251	1212	1592	492	1035	1819	1648	2241	1445	3925	1152	4504	2576	2202	992	802	932	495	554	1606	3181	952	1621	1633	945	1321	2787	1111	2906	3507	928	2976	2573	4022	62	1119	1381
DR1	800	1562	2660	2942	2849	989	1197	2868	2810	5315	5969	5960	4674	4667	3802	529	2384	4134	2519	858	1646	1447	2472	185	2133	3965	3998	3982	1646	4558	2625	3544	2978	2445	3801	2725	1044	3343	1040	4032	2604	2116	2971	805	1605	52	765	1980	3363	2267	1891	779	3915	660	4544	1643	498	3325	5146	1172	2223	2039	1413	13669	4828	2255	3731	2123	4927	2296	5277	2433	2774	5583	4217	4644	2557	2671	960	2480	4825	3531	1702	3289	4270	2678	3221	1028	1025	4139	2723	3383	4216	4164	2913	4060	892	3612	1220	2064	4113	2170	1007	2192	3922	6000	1872	2837	4909	4369	3146	3754	2627	321	4200	4978	2089	4	808	93	1805	2400	3348	5767	4649	3053	804	2680	3379	4112	1077	2010	2156	17	3271	5550	4265	4870	3323	2712	3293	4037	5438	4351	576	1944	3325	1155	2645	4767	1224	4536	2861	4191	2576	4555	1570	1488	703	3347	2422	1037	2191	3764	5350	1382	5686	3924	2744	5325	1426	1267	2789	3777	1425	2274	665	3995	2184	4522	4615	1970	4280	4788	5796	575	2571	381	91	6226	5238	5272	3112	3367	1669	3956	3480	3978	5592	2479	3644	3407	245	2616	1489	5580	4196	148	2464	3072	1383	2144	4344	4092	4314	4280	5366	1577	4702	1661	1116	3112	2951	2464	3695	390	2590	1751	416	1085	2869	367	3468	4779	2821	4266	3423	3442	3257	5307	293	3375	1396	4838	1414	154	2682	2379	4079	1714	1452	352	4738	1207	2136	4763	951	1399	4445	4972	2376	5851	1377	4196	720	4888	5079	5900	3186	3241	2683	846	779	1813	2127	3134	3708	1306	973	4806	2217	2670	1793	4718	2165	865	1102	2139	4359	1343	400	2585	4632	4424	3178	5766	4482	6296	2268	24	333	4030	1780	2336	2441	3058	3534	4426	4964	1327	1334	2576	2826	2981	3113	1856	1963	3917	5468	4021	1179	1601	3222	4918	3890	5167	3235	3784	1463	3051	1383	2396	5546	4724	895	5628	2971	1353	1050	4161	3223	1021	4229	2874	1731	829	5179	4523	4753	3707	3624	5471	2174	2965	1774	4638	3836	1809	891	1745	3422	3054	1869	3388	2123	1300	390	1483	2898	5534	3552	2166	2372	1288	4435	5530	3375	1411	579	2722	2637	3096	3472	1732	357	3855	3086	2264	2601	2579	1333	4260	2049	2958	4115	2409	3463	1672	1314	947	2917	4219	1434	3406	1133	2685	1977	1258	1130	2369	798	3012	985	2442	1805	498	1649	2741	4040	5927	5894	5851	1211	5678	3264	1947	1950	3101	985	2944	4161	224	2564	3132	5488	187	1237	2484	2592	3342	2667	2507	3643	3487	1403	3375	653	3154	886	2838	1447	3539	3935	4748	4146	2889	3025	3619	3627	1633	2820	2065	864	1873	2223	440	3661	3446	3965	3637	2856	3425	3328	2889	3233	1332	1039	1371	3994	1912	324	2749	4481	2954	3311	2474	1342	2835	2498	3314	5090	1480	2856	1530	29	1531	4394	3511	4349	2910	314	2460	3550	2419	3399	1187	1293	5067	3616	704	1982	1108	94	5536	3532	2723	3579	961	1639	873	1805	2373	491	4020	3042	4281	3416	726	1266	2470	4085	2212	3108	590	4278	3601	2504	1255	1105	1957	2145	5612	1507	682	4163	2711	451	3630	4694	4162	2836	3699	3981	1559	2509	2992	2386	3301	1696	1172	1465	499	3256	962	1510	2240	6434	3785	3413	757	1922	3255	1685	3976	3974	1636	558	3015	1065	2443	3217	3750	3106	556	3644	3406	3864	3860	4403	1969	1352	3532	4039	1357	1847	3059	3018	3471	2588	4899	2622	4094	3731	2830	2252	1839	2212	1174	1271	1783	2885	2172	3922	3860	1882	2601	4203	1508	3613	3212	1612	4559	2856	3596	106	2369	2710
DRAP1	1288	2238	6289	4037	3877	1172	1330	3508	3832	11178	10043	12000	10939	6521	6320	623	4393	8078	4522	1278	2018	2173	3566	220	2357	5956	5271	8888	1879	6359	3513	4664	3762	2555	5921	3804	1323	6114	1383	5765	7458	4663	7544	984	1740	55	777	2127	6886	2580	2047	895	5223	695	7420	1851	774	6278	8193	1377	2634	3299	4401	4828	28339	2540	4225	2358	6926	2665	8978	2728	3158	9365	7472	10280	3589	3653	973	5616	9718	5716	1809	4900	8813	3670	4613	1144	2092	9325	6860	8648	10016	5572	6050	8230	937	7866	1616	6124	8886	3331	1411	2749	7068	9274	4620	4977	8818	10608	5587	6792	3267	337	5967	7136	2611	4	861	87	2330	3134	5162	10315	10106	3474	2367	4410	4768	5026	3114	6138	4649	24	5923	8515	7711	8974	7958	4979	7737	6497	10098	6626	593	2236	4876	1576	3236	9342	1438	9602	3308	5394	2976	8484	1742	2136	767	4855	4369	2057	3861	5645	10555	3256	8974	6604	4802	6862	4435	1470	4494	4761	1533	2352	685	6265	3301	6990	7397	2214	9527	9130	9789	776	2881	561	109	12196	7588	10769	4367	4308	3349	7180	5592	6527	9501	5299	7609	8109	256	5692	1957	8477	5876	160	3031	3828	1492	2575	4912	5330	6887	8015	7994	2066	7149	2257	1368	5378	3932	3427	8467	448	2889	2215	756	1187	6408	433	8770	5990	5146	6512	4918	5432	4405	8204	361	3765	1523	7920	3368	147	5976	2852	5030	4459	2717	550	9215	1412	2480	10183	1870	1534	5592	9245	4290	8307	1439	8075	760	7186	9048	10520	7428	5831	3433	1033	758	2150	5846	8118	8758	1525	1524	9168	5850	2995	2616	7823	4599	885	1821	3315	6257	1912	799	6303	7986	10215	3832	11573	5815	12979	2803	24	420	6369	4635	4802	4550	3778	7124	9817	7423	1647	4305	3991	3355	4530	3812	2460	2574	9363	10845	5996	1328	2699	3823	6786	7488	8037	4651	4557	2861	6542	1996	3912	7686	8802	1035	10247	4118	1901	4008	8437	8167	1100	9689	5561	2352	855	10777	7087	7331	7531	6100	10701	2391	3743	1902	6051	8051	4205	1165	2095	4225	3558	2870	4406	2730	1785	1066	1822	4391	8050	5596	3090	3225	1544	7584	8274	5815	1716	683	3491	2824	3517	6061	3079	438	6990	5075	3265	4944	4271	2220	6280	3030	4030	5500	2966	5718	2159	1610	1390	4038	7537	1690	4138	1472	3445	3126	1258	2817	4613	928	4668	1321	3524	2072	562	2322	3419	5274	8595	9797	8820	1284	11052	4645	2270	2877	3846	1410	6281	5820	242	4565	6304	10235	185	1414	4841	3989	5929	3853	2830	4579	4630	1727	4109	747	4521	927	3860	1511	6500	8293	10315	6339	3710	3516	4856	5043	1777	3017	2475	997	2110	2606	487	5425	5886	4993	4217	3640	4238	5511	5472	6476	1663	1989	1456	6189	2471	409	3359	9497	3251	5486	3434	1835	3552	3274	4345	7544	1862	5441	1664	37	1954	5547	5360	6425	4012	356	3247	5312	2688	4273	1799	1417	8101	5428	681	2435	1428	88	8677	6087	3671	6904	1290	2737	992	2154	3078	523	5404	3614	5607	4503	851	1472	2880	6278	3117	3698	597	5254	4727	3341	1493	1161	2241	2774	9438	1563	694	7445	3390	475	4777	7128	5745	3663	7132	8240	2047	2976	3878	4038	4560	5158	2109	3557	520	4783	1010	1702	2584	9847	5866	4634	1296	2368	3658	1948	5093	6779	2032	702	3860	1177	3120	4605	5439	3940	583	5076	4325	4992	5714	6746	2047	1941	3769	4881	1382	2207	4180	3685	4739	3421	7662	3026	7878	5231	4065	2550	2184	2567	1246	1524	2558	4866	2519	4753	4817	2315	3167	5875	1928	5450	5289	1999	6480	4363	6908	125	2738	3211
DZIP1	513	981	1617	1921	1954	742	808	2008	1786	3072	3625	3603	2820	2918	2393	418	1112	2410	1569	637	1207	971	1592	156	1517	2522	2694	2360	1421	2931	1583	2147	1822	1632	2283	1633	813	2064	727	2469	1460	1276	1694	660	1205	45	615	1425	1526	1439	1350	477	2542	490	2991	1060	333	1887	3042	852	1640	1275	882	2255	2540	8799	2123	1365	2813	1469	3118	1859	2047	3282	2408	2737	1514	1590	661	1478	2925	2209	1180	1984	2520	1765	2044	772	672	2461	1616	1939	2456	2753	1552	2273	617	2224	944	1131	2299	1437	689	1457	2066	3761	1024	1499	2844	2572	1962	2266	1871	267	2764	2940	1197	4	643	79	1262	1613	2036	3453	2749	2116	447	1825	2204	2484	592	1182	1277	20	1934	3519	2513	2875	1887	1716	1784	2534	3241	2527	438	1379	1975	776	1917	2863	894	2684	2023	2756	1704	2598	1101	997	523	2151	1526	668	1418	2303	3085	880	3613	2433	1678	3392	779	867	1664	2227	1069	1429	555	2399	1335	2689	2683	1523	2554	2932	3331	420	1522	301	86	3860	3280	3051	1796	1871	966	2363	2235	2427	3375	1470	2145	1922	175	1591	1024	3542	2766	144	1693	2116	965	1543	2825	2680	2667	2376	3312	1072	3075	1154	805	1976	1801	1600	2132	245	1723	1191	318	874	1710	307	1981	3053	1714	2251	1835	1793	1943	3188	216	2209	992	2797	885	140	1550	1466	3219	953	893	260	2900	882	1522	2772	492	909	2599	2838	1424	3576	973	2503	587	2971	2760	3526	1858	1889	1635	627	590	1237	1184	2030	2204	896	655	2854	1308	1738	1182	2837	1251	691	646	1273	2490	836	237	1582	2867	2579	2188	3564	2611	3805	1461	22	241	2473	991	1341	1552	1995	2036	2678	3105	1013	902	1576	1811	1874	1806	1213	1297	2265	3117	2289	886	1018	1873	2899	2258	3107	2254	2766	942	2038	948	1391	3208	2772	552	3393	1805	895	488	2545	1804	754	2528	1733	1088	677	3114	2751	2827	2243	2127	3189	1552	1955	1257	2853	2296	1098	621	1236	2335	2037	1174	2123	1272	921	258	1073	1874	3519	2190	1526	1611	820	2591	3227	2096	1046	442	1675	1695	1912	2165	1037	332	2240	1944	1459	1642	1608	827	2819	1419	1977	2890	1679	2085	1139	942	687	2032	2670	1036	2225	716	1691	1263	860	705	1370	608	1885	692	1539	1370	311	1061	1829	2395	3779	3705	3603	954	3412	2040	1254	1231	2112	710	1715	2631	179	1610	1942	3169	164	914	1529	1657	2013	1702	1755	2300	2037	1018	2059	511	2498	598	1865	975	2214	2350	2858	2588	2446	2121	2410	2213	1202	1831	1405	687	1377	1413	353	2349	1903	2654	2126	1925	2789	2072	1776	1979	1066	688	1062	2286	1310	254	2255	2677	1952	1970	1644	898	1902	1625	2186	3038	1018	1773	1011	21	1043	2981	2235	2766	1967	278	1615	2211	1767	2337	744	986	3223	2296	560	1940	765	98	3500	1967	1803	2122	719	1174	569	1121	1666	440	2570	2120	2864	2262	474	923	1718	2585	1368	2080	449	2924	2333	1682	869	822	1354	1464	3335	1083	521	2585	1750	291	2467	2947	2675	1968	2262	2337	1009	1802	1919	1477	2013	986	795	823	432	2043	670	1161	1582	4262	2517	2113	533	1500	2146	1350	2609	2288	1145	420	1975	826	1471	2245	2363	2071	485	2360	2081	2575	2421	2752	1327	901	2345	2647	1003	1220	1950	2048	2263	1708	3049	1825	2434	2338	1812	1681	1344	1558	822	910	1256	1615	1603	2679	3119	1243	1650	2776	1101	2390	1966	1052	2851	1735	2163	98	1615	1691
E2F1	782	1406	2630	2626	2605	948	1316	2658	2679	5011	5566	5556	4484	4401	3587	541	2331	3895	2333	826	1565	1412	2218	172	2137	3658	3751	3760	1478	4162	2732	3348	2920	2121	3465	2459	997	2934	1025	3802	2549	2046	2812	796	1526	52	793	1822	3200	2411	1778	741	3738	685	4114	1654	485	3416	4758	1088	2052	1938	1313	3731	4225	2123	13361	2203	5148	2499	5136	2288	2553	5087	3877	4422	2529	2599	958	2262	4533	3249	1774	3089	3972	2582	2987	1057	1061	3828	2532	3227	4011	3870	3015	3822	915	3370	1245	1976	3978	2113	887	1958	3667	5610	2024	2540	4583	4085	3011	3542	2396	343	3774	4592	2013	4	786	95	1660	2206	3097	5427	4386	2844	806	2352	3085	3492	1124	1989	2042	19	3081	5177	3959	4411	3124	2533	3067	3829	5193	4340	565	1935	3294	1205	2507	4458	1176	4245	2695	3839	2488	4469	1748	1392	735	3061	2269	1000	2005	3513	5090	1335	5282	3641	2507	4747	1309	1166	2576	3897	1295	2089	677	3762	2075	4228	4415	1852	4018	4445	5577	554	2475	348	90	5903	4803	5057	3130	2913	1697	3648	3249	3804	5386	2348	3376	3261	253	2490	1703	5140	3744	162	2403	2834	1505	2055	3877	3791	4022	4222	4906	1450	4546	1526	981	2997	2838	2331	3534	404	2558	1617	380	969	2691	370	3268	4408	2712	4047	3105	3109	3390	4850	286	3025	1268	4521	1330	144	2646	2314	3615	1854	1561	309	4390	1133	1980	4535	845	1480	4077	4697	2234	5387	1344	3875	742	4586	4632	5436	3093	2946	2752	834	781	1684	2005	2969	3512	1239	871	4436	2126	2586	1626	4425	2060	881	1079	2040	4231	1264	453	2314	4200	4187	2948	5402	4271	5997	2407	21	327	3723	1764	2194	2301	2768	3399	4208	4595	1234	1312	2543	2513	2864	2723	1817	1775	3676	4949	3597	1088	1622	2931	4471	3593	4735	3073	3492	1360	3010	1350	2293	4911	4432	892	5286	2722	1316	1092	3970	3070	1061	3965	2703	1871	813	4845	4536	4770	3492	3290	5150	2129	2706	1727	4125	3587	1659	862	1657	3211	2954	1834	3239	2162	1139	377	1473	2663	4929	3234	2038	2238	1312	4109	5343	3203	1302	553	2702	2742	3026	3236	1600	338	3655	2858	2154	2332	2409	1164	3822	1967	2580	3839	2214	3504	1578	1194	957	2607	3953	1434	3171	1025	2444	1848	1353	1175	2213	725	2952	972	2372	1679	503	1527	2665	3899	5350	5382	5405	1212	5396	3031	2102	1854	2866	882	2764	3934	222	2448	2899	5190	166	1168	2367	2381	3208	2451	2326	3724	3341	1378	3145	658	3018	900	2706	1360	3301	3669	4477	3997	2742	2698	3350	3568	1645	2518	1852	798	1730	2291	408	3437	3493	3654	3322	2611	3084	3108	2660	2844	1201	997	1372	3551	1660	291	2587	4186	2586	3069	2302	1352	2576	2314	3120	4488	1440	2773	1565	34	1424	4007	3304	4099	2704	317	2218	3370	2339	3109	1129	1279	4600	3408	651	1795	1076	95	5128	3707	2586	3339	867	1542	862	1686	2143	522	3712	2921	3969	3121	796	1149	2331	3729	2196	2956	597	4002	3427	2257	1205	1037	1805	1842	5257	1327	638	3862	2574	436	3253	4360	3941	2800	3400	3694	1439	2349	2667	2363	3132	1636	1101	1445	485	3114	917	1476	2110	5893	3470	3284	749	1886	3134	1618	3742	3469	1508	527	2807	993	2335	2942	3461	3005	567	3433	3409	3464	3538	4106	1973	1325	3148	3986	1243	1739	2812	2713	3258	2397	4413	2496	3884	3855	2804	2094	1714	2012	1234	1258	1690	2813	2112	3596	3475	1978	2739	3855	1413	3320	2974	1547	4255	2805	3456	112	2213	2378
E2F2	572	897	1422	1741	1650	629	936	1710	1562	2661	3043	3067	2554	2510	2088	408	1104	2278	1523	574	1034	956	1425	137	1335	2200	2264	2173	973	2437	1741	2082	1630	1362	2076	1520	689	1890	670	2168	1392	1204	1615	515	1046	35	668	1226	1481	1531	1166	496	2135	461	2405	1223	331	2038	2610	749	1383	1166	805	2123	2358	1365	2203	6909	2704	1486	2743	1483	1632	2840	2224	2514	1381	1750	740	1434	2592	1907	1163	1769	2322	1620	1797	692	760	2234	1516	1880	2286	2277	1678	2216	723	2024	793	1147	2295	1263	651	1278	2004	3104	1241	1456	2593	2306	1716	1961	1531	247	2372	2573	1209	4	583	85	1055	1366	1894	2893	2535	1799	485	1519	1905	2098	598	1143	1288	16	1811	2866	2243	2490	1836	1583	1744	2228	2883	2495	403	1239	2108	849	1568	2561	819	2446	1670	2317	1537	2547	1196	960	507	1875	1379	631	1285	2026	2773	841	3005	2185	1611	2720	776	745	1592	2222	906	1378	473	2160	1326	2395	2424	1219	2322	2517	2883	426	1644	254	74	3140	2728	2852	1908	1678	996	2074	1908	2341	2826	1489	2056	1872	168	1520	1172	2901	2212	129	1482	1778	1057	1254	2287	2298	2365	2322	2852	990	2498	1083	713	1745	1619	1376	2004	315	1782	1043	287	707	1628	261	1864	2616	1655	2329	1726	1796	2036	2723	196	1889	904	2460	867	112	1653	1282	2241	1037	1033	242	2527	744	1283	2423	463	1025	2309	2479	1362	2951	903	2226	512	2575	2466	3013	1814	1769	1653	599	651	1070	1056	1732	2062	811	591	2551	1226	1591	1105	2489	1252	629	641	1248	2498	752	258	1433	2479	2407	1772	2990	2500	3188	1501	21	236	2128	1028	1384	1415	1719	2004	2405	2600	855	801	1489	1520	1715	1621	1126	1150	2126	2682	2106	812	1028	1630	2527	2064	2682	1804	2116	844	1862	970	1342	2711	2457	720	2896	1624	853	533	2220	1741	819	2330	1699	1240	583	2713	2472	2585	2060	1974	2851	1362	1691	1089	2373	2145	1032	570	1096	1990	1732	1135	1879	1476	784	254	950	1709	2802	1997	1183	1435	954	2377	2894	1925	964	415	1751	1667	1723	1920	1025	271	2123	1793	1304	1564	1452	716	2311	1219	1597	2265	1459	2139	1093	755	697	1726	2312	899	1947	708	1469	1195	868	643	1333	548	1755	700	1658	1125	431	1030	1578	2361	2976	2993	3007	843	2912	1837	1369	1232	1815	636	1704	2263	175	1437	1725	2797	136	772	1460	1454	1922	1476	1497	2165	2016	897	1937	437	1783	714	1688	826	2042	2111	2511	2259	1621	1751	2034	2319	1020	1551	1175	600	1176	1613	293	2193	2079	2226	1988	1680	1907	1784	1615	1673	847	637	877	2051	1144	238	1594	2459	1609	1804	1445	762	1616	1432	1892	2574	941	1619	1147	24	891	2411	1906	2339	1694	249	1414	2009	1438	1934	690	868	2699	1969	475	1212	689	87	2852	2119	1555	1997	619	988	703	1038	1418	385	2173	1777	2376	1907	597	850	1531	2207	1513	1778	388	2344	1986	1479	731	692	1192	1221	2923	873	446	2331	1584	370	1983	2449	2282	1706	1961	2171	922	1517	1677	1581	1890	959	707	829	357	1775	596	968	1339	3259	2123	2205	532	1128	1878	1014	2144	1989	1011	413	1746	723	1565	1778	2029	1792	397	2045	2122	2201	2064	2392	1430	836	1877	2314	800	1116	1708	1709	1937	1483	2582	1496	2248	2195	1607	1350	1203	1297	766	790	1045	1571	1312	2247	2134	1388	1743	2333	914	2030	1703	946	2443	1564	2047	94	1417	1442
E2F4	1238	1863	4246	3802	3706	1214	1493	3602	3602	8371	9168	9611	7963	6631	5403	645	3465	6227	3656	1066	2046	1932	3198	196	2617	5417	5389	6353	2000	6255	3549	4597	3771	2724	5314	3555	1360	4816	1292	5610	4489	3278	4855	948	2017	58	896	2368	5023	2915	2258	948	5210	796	7307	2045	618	5105	7323	1356	2878	2728	2479	4927	6926	2813	5148	2704	23651	3226	7871	3058	3437	8659	6199	7610	3354	3622	1130	3672	7593	4884	2092	4592	6729	3589	4302	1256	1599	6712	4375	5631	6891	5606	4462	6241	1078	5696	1629	3565	6575	2998	1229	2688	5863	9285	3163	3844	7374	7243	4558	5420	3268	378	5861	6939	2690	5	947	99	2261	2963	4690	8944	7471	3929	1383	3630	4577	5000	1939	3485	3239	19	4684	8315	6029	7154	5315	3902	5104	5742	8996	6413	656	2480	4687	1513	3443	7345	1462	7144	3595	5512	3276	6980	2021	1920	826	4334	3398	1546	3074	5131	8415	2218	8794	5667	3897	7176	2396	1421	3724	5345	1612	2615	741	5557	2845	6419	6715	2403	7009	7376	9364	719	3164	498	111	10289	7626	8431	4157	3977	2462	5649	4826	6141	8660	3820	5523	5383	245	3922	2037	8381	5680	174	3173	3995	1706	2976	5546	5622	6216	6590	8035	1947	6900	2088	1272	4447	3788	3165	5746	461	3275	2139	557	1207	4534	430	5717	6467	4033	6290	4644	4780	4457	7549	352	4162	1630	6938	2226	165	4289	3261	5223	2922	2168	421	7748	1411	2618	7361	1435	1724	5868	7547	3343	8247	1606	6285	852	6959	7451	9221	5075	4658	3652	1038	929	2250	3630	5937	6044	1505	1224	7365	3652	3251	2394	6801	3174	1014	1569	2840	6270	1662	632	4106	6849	7188	4030	9574	6190	10329	2952	24	408	5564	2913	3476	3595	3781	5378	7449	6945	1611	2889	3449	3361	4010	3651	2353	2345	6327	8207	5646	1346	2206	4139	6853	6031	7584	4366	4924	2076	5671	1787	3174	7399	7002	1128	8595	3866	1778	2159	6499	5302	1246	6890	4437	2328	1001	8498	7485	7791	5589	5213	8656	2752	3735	2118	5937	5965	2816	1118	2076	4477	3918	2476	4372	2780	1595	644	1852	3900	8049	5110	2828	3093	1608	6366	8265	4993	1754	688	3640	3662	4129	4849	2423	428	5700	4251	2940	3957	3538	1722	6008	2719	3650	5455	2991	5133	2055	1580	1239	3905	6472	1714	4295	1303	3338	2587	1488	1870	3355	898	4114	1237	3349	2138	603	2138	3577	5410	8608	8948	8853	1473	8894	4426	2559	2564	3989	1201	4380	5647	264	3695	4841	8657	197	1442	3619	3590	4835	3432	3036	5078	4698	1736	4189	759	4251	1025	3746	1608	5204	6198	7713	5677	3665	3772	4685	5098	1969	3328	2416	1001	2272	2792	479	5311	5105	5249	4397	3657	4360	4625	4318	4721	1602	1473	1581	5227	2305	364	3587	7145	3554	4504	3136	1709	3564	3207	4264	6886	1841	4273	1903	36	1889	5783	4732	6006	3924	378	3002	5072	3073	4435	1558	1584	7585	4968	755	2434	1308	102	8058	5230	3502	5202	1230	2328	1116	2305	3016	591	5294	3899	5694	4387	924	1498	3040	5687	3003	3998	689	5802	4762	3153	1435	1236	2328	2653	8897	1648	745	6163	3443	549	4670	6463	5690	3848	5380	6050	1900	3197	3718	3520	4451	2943	1669	2286	551	4377	1161	1853	2726	9965	5333	4740	1019	2383	4023	1981	5237	5464	2023	648	3895	1236	3248	4295	5018	4050	653	4865	4605	5365	5369	6190	2483	1717	4288	5845	1515	2239	3885	3719	4645	3197	6959	3292	6112	5670	3849	2752	2279	2625	1461	1598	2401	3996	2665	5082	5003	2559	3665	5789	1881	5072	4480	1928	6300	3810	5327	130	2932	3187
E2F5	490	884	1342	1932	1729	650	797	1927	1652	2906	3380	3416	2757	2863	2179	492	1201	2481	1677	585	1097	1006	1407	136	1519	2341	2437	2353	1042	2827	1525	2044	1845	1456	2378	1705	748	1990	727	2462	1400	1260	1712	499	1241	41	563	1404	1620	1427	1294	566	2337	502	2779	1066	353	1861	2879	740	1544	1182	635	2296	2665	1469	2499	1486	3226	7603	3064	1695	1772	3255	2458	2763	1414	1570	685	1408	2919	1994	1116	1902	2571	1898	2047	762	617	2423	1560	1898	2498	2487	1412	2385	708	2236	785	1058	2238	1357	612	1326	2161	3549	971	1481	2952	2354	1816	2049	1634	254	2670	2863	1422	4	694	80	1130	1416	2127	3224	2718	2023	393	1452	2122	2204	602	1069	1297	17	1995	3202	2389	2613	1662	1563	1862	2436	3210	2477	398	1398	1978	720	1793	2750	833	2704	1874	2522	1746	2520	1074	992	516	1919	1368	629	1286	2274	3078	832	3425	2362	1682	3062	650	759	1664	2262	1005	1406	513	2445	1359	2725	2788	1382	2558	2586	3278	462	1545	248	83	3560	3097	2936	1788	1798	995	2153	1984	2389	3096	1549	2138	1987	156	1583	1037	3260	2410	141	1686	1897	935	1377	2665	2640	2691	2566	3139	1073	2744	1183	731	1857	1664	1408	2115	248	1753	1079	293	703	1699	242	1958	2838	1712	2532	2079	2084	1906	3012	194	2150	942	2637	757	131	1367	1568	2392	908	868	211	2835	791	1376	2527	506	967	2631	2617	1442	3322	939	2319	516	2908	2729	3349	1915	1798	1631	658	606	1221	891	1843	2172	801	574	2768	1148	1709	1246	2764	1250	685	690	1378	2482	720	239	1506	2645	2564	2011	3339	2572	3586	1393	21	204	2224	979	1424	1443	1808	2083	2742	2799	881	787	1536	1569	1795	1663	1244	1114	2259	2815	2535	775	1019	1993	2903	2304	3056	1859	2368	764	1901	1069	1274	3091	2630	602	3162	1661	892	430	2366	1749	786	2488	1854	1129	648	3057	3121	3225	2239	2177	3177	1606	1781	1175	2564	2285	930	609	1093	2219	2024	1235	2136	1188	776	196	1039	1938	3125	2299	1196	1527	819	2631	3070	2107	1129	471	1582	1818	2072	1964	1040	261	2337	1946	1308	1636	1468	647	2581	1244	1634	2431	1509	2016	1236	801	785	1777	2462	900	2093	710	1616	1273	805	599	1358	539	1833	712	1445	1201	331	1087	1694	2174	3316	3360	3336	998	3239	2036	1291	1379	1991	636	1683	2479	159	1393	1750	3138	126	807	1526	1530	2061	1537	1676	2193	2032	946	2000	424	1804	621	1849	854	2148	2173	2736	2322	1725	1903	2160	2136	1125	1752	1248	625	1282	1411	300	2181	1877	2472	2020	1782	2131	1835	1774	1617	854	637	918	2106	1196	253	1769	2722	1766	1911	1416	775	1766	1494	1994	2728	1026	1615	1040	17	955	2670	1952	2499	1830	216	1465	2198	1642	2169	683	935	3078	2091	490	1265	682	83	3116	1967	1612	2099	609	938	603	1156	1566	407	2318	1951	2619	2063	520	864	1613	2361	1367	1931	459	2667	2200	1524	748	743	1300	1231	3249	955	463	2552	1735	323	2126	2579	2517	1813	2000	2321	919	1692	1791	1351	2128	908	686	809	364	1872	652	1033	1500	3673	2276	2113	565	1141	1937	994	2375	2118	1037	470	1962	708	1487	1820	2192	1962	419	2188	2061	2568	2186	2576	1415	810	2187	2474	804	1178	1785	1830	2116	1535	2841	1686	2449	2178	1682	1470	1262	1409	824	834	1125	1630	1348	2453	2351	1243	1666	2603	929	2184	1792	950	2678	1729	2186	87	1523	1622
E2F8	1617	2459	7884	4494	4689	1474	1584	4175	4751	13029	12071	13189	12200	8012	7628	718	4977	8970	5004	1635	2468	2420	4300	249	2963	7337	6606	10035	2382	7705	4142	5378	4822	3114	6645	4157	1597	6604	1632	7138	8285	5294	8119	1188	2183	64	945	2645	7793	3133	2541	920	6401	870	8569	2197	844	7451	9514	1665	3262	3805	5300	5277	8978	3118	5136	2743	7871	3064	34191	3402	3950	11061	7797	11030	4250	4160	1118	6301	10674	6939	2243	5809	9455	4169	5614	1482	2337	10144	7565	9694	10899	6964	7409	9051	1086	8925	2079	6986	10088	4142	1654	3318	7680	10983	5403	5439	9568	11751	6999	8331	3979	426	6924	8397	2801	5	1020	103	2779	3715	5831	12690	11352	4342	2971	5182	5659	6116	3619	6970	5291	30	6297	10093	8802	10120	9185	6111	8150	7863	11609	7858	767	2864	5737	1802	3965	10534	1725	10326	4130	6610	3837	9978	2096	2312	980	5840	5169	2435	4502	6619	11683	3816	10284	7498	5203	8526	4983	1700	4889	5726	1888	2780	912	7243	3562	7838	8344	2729	10542	11127	11825	854	3340	669	120	14275	9258	12256	5063	5052	3784	8518	6768	7635	11878	5795	8392	8817	300	6335	2344	10495	7405	192	3773	4778	1833	3316	6085	6275	7884	9009	9320	2318	8810	2460	1581	6554	4743	4309	9511	525	3501	2570	782	1456	7326	547	9430	7285	5958	6857	4806	5277	5327	10005	439	4662	1915	9674	3982	178	7000	3207	6127	5275	3345	618	10355	1682	2991	11959	1925	1746	6522	11261	4710	9652	1867	9561	968	8879	10654	12421	8125	6349	4065	1140	956	2656	7123	9117	9890	1873	1743	10231	6726	3715	2808	9543	5308	1141	1927	3601	7256	2336	991	6642	9256	11173	4757	13917	7103	14620	3486	29	523	7818	5110	5231	5512	4588	7962	10981	8940	1925	4797	4889	4007	5431	4584	2919	3062	10263	12915	6101	1608	3032	4189	7819	7881	9437	5557	5731	3323	7487	2196	4680	8374	10429	1157	12540	5233	2224	4747	10207	8884	1352	10581	6122	2809	1135	11941	7995	8343	8277	6846	11918	3026	4500	2396	7290	8987	4692	1425	2502	5228	4557	3293	5564	3142	2078	1413	2199	4837	9802	6159	3652	4027	1773	8138	10014	6546	1958	795	4274	3583	4352	7233	3319	519	7836	5566	4025	5497	5253	2647	7459	3837	4926	6797	3600	6779	2400	1947	1492	4995	8817	2067	5077	1680	4186	3369	1566	3501	5106	1064	5520	1440	3989	2543	606	2578	4316	6354	10481	11552	10461	1613	12885	5618	2808	3121	4671	1569	6838	7135	307	5712	7442	12161	238	1721	5424	4778	6583	4460	3471	5709	5151	2126	4935	921	5493	1103	4675	1832	7293	10013	11680	7803	4512	4346	5902	5990	2258	3738	2933	1182	2629	3101	565	6313	6924	6120	5122	4415	5041	6704	6234	7616	2078	2292	1895	7421	2912	449	4087	10302	3989	6071	4089	2226	4324	4065	5362	9073	2247	6450	1954	48	2370	6890	6524	7961	5006	462	3794	6326	3407	5227	2231	1825	9452	6614	883	2845	1737	97	10530	7294	4381	7390	1553	3346	1110	2496	3659	671	6805	4586	6979	5483	1053	1783	3563	7645	3568	4708	780	6711	5884	3950	1811	1459	2668	3275	11006	1902	853	8392	4182	546	5838	8685	7105	4637	8703	8975	2424	3692	4518	4684	5271	5696	2590	3836	623	5950	1293	2063	3163	11973	6821	5356	1440	3065	4559	2469	6413	8128	2434	756	4690	1528	3625	5712	6467	4901	740	6288	5258	5890	7056	7993	2530	2327	4754	6179	1705	2760	5008	4467	5937	4048	8961	3853	8536	6444	5157	3238	2623	3111	1683	1889	3174	5895	3151	5876	5916	2711	3862	7194	2348	6579	6408	2445	7978	5291	7617	145	3449	3695
EEA1	597	1011	1680	2098	2402	774	837	2201	1985	3300	3866	3829	3013	3207	2597	479	1121	2586	1727	660	1284	1033	1676	164	1619	3047	2895	2519	1322	3151	1738	2349	2026	1752	2458	1830	870	2167	783	2774	1553	1339	1796	629	1345	42	666	1638	1602	1589	1489	516	2709	559	3202	1163	351	2056	3271	900	2231	1308	892	2433	2728	1859	2288	1483	3058	1695	3402	9181	2216	3574	2496	2935	1660	1653	715	1575	3144	2426	1295	2173	2731	1944	2260	850	664	2597	1737	2089	2658	2976	1584	2465	696	2453	978	1195	2464	1554	741	1541	2224	4035	1095	1596	3057	2666	2104	2349	1953	300	3348	3089	1335	4	709	80	1347	1707	2224	3698	2951	2350	479	1874	2397	2619	655	1238	1351	17	2015	3792	2731	2961	1955	1899	1911	2753	3466	2738	485	1536	2179	794	2113	2976	978	2833	2683	3375	1957	2777	1175	1090	554	2604	1619	716	1460	2580	3287	962	3842	2612	1826	3636	806	940	1800	2445	1149	1523	577	2615	1420	2973	2933	1694	2743	3113	3492	474	1679	319	106	4036	3571	3265	1966	2033	1024	2471	2392	2643	3509	1651	2346	2065	173	1715	1074	3812	2958	147	1896	2282	1011	1689	3052	2894	2869	2544	3545	1178	3106	1243	877	2146	1888	1745	2262	286	1892	1164	316	907	1854	308	2103	3247	1850	2498	1952	1968	2115	3472	240	2445	1115	3052	920	139	1564	1650	2928	974	912	284	3122	966	1651	2907	525	991	2821	3019	1575	3788	1033	2707	591	3255	3001	3812	2062	2001	1791	689	655	1355	1196	2138	2368	997	653	3082	1355	1894	1316	3072	1387	764	700	1402	2670	845	243	1679	3027	2771	2731	3791	2881	4065	1544	22	285	2681	1066	1410	1668	2202	2187	2934	3308	1029	936	1719	1871	1961	1901	1312	1314	2404	3264	2546	1022	1078	2076	3175	2442	3619	2141	2800	973	2158	1019	1516	3445	2992	603	3643	2025	977	501	2716	1894	827	2699	1921	1202	747	3317	2991	3040	2355	2332	3479	1732	2077	1351	2994	2458	1075	669	1312	2906	2254	1299	2391	1323	1196	264	1157	2051	3750	2383	1386	2145	854	2738	3437	2292	1123	511	1803	1897	2163	2267	1107	335	2477	2086	1554	1754	1695	773	3221	1539	2038	2834	1801	2235	1232	1004	766	2177	2816	1095	2414	854	1835	1398	953	736	1484	635	2024	757	1632	1434	373	1142	2049	2469	3956	3971	3849	1105	3616	2249	1393	1363	2329	731	1836	2846	213	1666	2094	3398	178	925	1662	1795	2167	1746	1881	2491	2164	1067	2280	506	2193	663	2045	1014	2325	2580	3054	2657	2046	2365	2552	2379	1281	2065	1454	765	1488	1486	372	2510	2073	2872	2329	2061	2502	2170	1963	2039	1065	704	1125	2422	1377	284	2094	2904	2101	2086	1683	929	2041	1753	2389	3172	1163	1897	1071	21	1108	3162	2438	2890	2135	287	1693	2403	1899	2530	787	1105	3490	2492	603	1549	831	91	3634	2123	1932	2201	763	1215	661	1243	1832	468	2779	2329	3016	2376	549	1039	1906	2758	1490	2227	481	3132	2548	1818	923	883	1472	1518	3596	1101	537	2769	1914	330	2601	3084	2928	2145	2367	2504	1040	2007	2133	1572	2212	1011	820	876	436	2178	723	1235	1751	4427	2705	2302	588	1391	2309	1211	2817	2507	1244	468	2245	852	1664	2181	2529	2230	465	2564	2273	2858	2647	2932	1501	968	2638	2830	946	1316	2064	2194	2498	1760	3189	1960	2641	2426	1985	1818	1520	1716	905	995	1361	1789	1598	2894	2857	1324	1847	3027	1162	2547	2138	1102	3072	1858	2325	95	1773	1814
EED	655	1189	1993	2429	2308	848	949	2438	2271	3982	4570	4605	3595	3646	3005	503	1406	3076	1944	732	1449	1162	1991	182	1802	3180	3321	3013	1528	3688	1914	2642	2244	1974	2906	2050	1000	2664	866	3123	1908	1654	2201	702	1434	46	694	1770	1998	1737	1658	565	3050	585	3985	1289	405	2334	3757	1037	2049	1554	1073	2774	3158	2047	2553	1632	3437	1772	3950	2216	11615	4196	3030	3542	2246	1945	793	1813	3699	2683	1398	2462	3201	2165	2558	904	759	3185	2020	2537	3131	3492	1974	2944	727	2783	1131	1446	2906	1766	899	1827	2620	4776	1335	1837	3598	3306	2500	2768	2254	307	3476	3591	1450	4	764	82	1558	1942	2535	4310	3524	2576	592	2171	2728	3147	770	1447	1580	23	2439	4534	3097	3679	2347	2188	2259	3130	4069	3208	519	1630	2439	904	2298	3607	1078	3400	2517	3423	2144	3294	1279	1249	595	2644	1899	780	1703	2961	3926	1103	4666	3144	2135	4284	917	1048	2071	2721	1324	1676	629	3001	1590	3431	3375	1777	3294	3775	4164	519	1897	356	103	4924	4534	3825	2184	2290	1208	2981	2795	2944	4178	1973	2766	2469	206	1896	1194	4490	3456	149	2064	2634	1157	2032	3422	3323	3302	2961	4134	1322	3672	1357	953	2434	2256	2002	2698	302	2084	1439	357	1000	2120	357	2544	3811	2183	2801	2229	2192	2353	4065	282	2698	1194	3523	1085	158	1881	1755	3511	1215	1038	300	3761	1099	1875	3487	605	1040	3222	3606	1808	4483	1162	3265	640	3804	3526	4575	2366	2397	1971	731	669	1439	1463	2870	2754	1094	784	3665	1648	2163	1482	3613	1547	819	802	1583	3130	1035	316	2099	3632	3314	2684	4582	3338	4840	1742	24	327	3176	1245	1655	1842	2561	2713	3467	4004	1193	1472	1954	2144	2242	2237	1465	1598	2837	4035	2840	1091	1239	2280	3632	2750	3921	2689	3135	1271	2858	1136	1844	3912	3485	680	4746	2222	1120	647	3561	2343	872	3306	2235	1331	793	3961	3359	3465	2704	2664	4098	1854	2449	1551	3715	2899	1336	773	1459	2895	2471	1447	2708	1533	1106	320	1284	2301	4432	2735	1767	2038	988	3226	4014	2621	1229	510	2034	2063	2323	2646	1262	376	2873	2484	1833	2151	1972	963	3517	1747	2463	3537	1968	2508	1327	1153	860	2458	3375	1301	2685	932	2163	1580	989	876	1716	708	2251	857	1864	1615	348	1308	2225	2977	4846	4706	4474	1142	4298	2491	1532	1510	2556	869	2189	3336	217	2015	2518	4097	184	1077	1950	2137	2606	2053	2517	2910	2537	1216	2564	611	2538	722	2231	1129	2788	3045	3623	3188	2406	2700	2983	2738	1462	2232	1661	833	1658	1731	417	2891	2381	3346	2652	2385	2960	2652	2161	2509	1183	843	1257	2928	1607	297	2313	3401	2359	2440	2024	1064	2334	2106	2723	3958	1262	2278	1201	27	1363	3686	2806	3365	2333	305	1967	2743	2062	2787	898	1199	4175	2871	677	1754	934	97	4518	2419	2248	2602	898	1482	678	1441	2137	486	3181	2621	3560	2734	562	1197	2039	3274	1643	2509	504	3557	3001	2116	1004	979	1601	1841	4248	1294	637	3305	2166	369	3113	3696	3303	2386	2810	2979	1257	2148	2549	1792	2461	1290	1030	1072	486	2538	796	1631	1980	5468	3171	2626	617	1580	2638	1596	3194	2914	1418	501	2476	1020	1865	2478	3501	2493	536	2956	2520	3261	2999	4106	1610	1104	2845	3285	1138	1498	2556	2566	2860	2149	4302	2179	3125	2919	2225	2032	1646	1967	975	1130	1491	2015	1870	3343	3403	1454	2001	3339	1316	2901	2535	1298	4108	2153	2713	104	1964	2093
EGR1	1734	2384	7106	4928	4914	1503	1549	4360	4616	13149	13175	14576	12908	8449	7695	740	4529	9024	5356	1490	2450	2391	4359	245	2977	7375	7106	10182	2529	8392	4118	5570	4639	3368	7076	4432	1709	7242	1570	7306	7903	5155	7940	1149	2257	68	946	2775	7154	3158	2601	959	6540	872	11101	2190	794	6930	9720	1607	3552	3770	4830	5583	9365	3282	5087	2840	8659	3255	11061	3574	4196	38615	8433	11652	4056	4194	1147	6157	11417	7075	2246	6231	10181	4411	5661	1470	2464	11131	7500	9535	11213	7394	6476	9156	1112	9061	2074	6431	10048	3934	1702	3377	7850	12884	4909	5193	10144	12260	6801	8010	4142	435	7813	8841	2879	5	1036	103	2841	3748	6073	13043	11658	4643	2593	5673	5922	6733	3399	6525	5084	29	6392	11503	8741	10841	8985	5984	7942	7879	12764	8053	747	2888	5750	1805	4248	11076	1714	10795	4414	7010	3823	9767	2103	2419	939	5855	5137	2437	4617	6775	12096	3763	12349	8038	5484	9799	4553	1683	4935	6078	1952	2881	855	7383	3520	8258	8532	2825	11085	11611	12000	854	3422	732	128	16062	10373	12569	5013	5175	3452	8407	6736	8064	12188	5837	8403	8388	276	6134	2302	11804	7995	189	3783	5048	1801	3659	6793	6943	8190	8639	10735	2392	9111	2571	1616	6369	4566	4200	9311	507	3680	2672	839	1507	7372	542	9367	8099	5801	7209	5101	5512	5199	10521	439	5075	1941	9771	3962	186	6819	3558	6631	4694	3012	611	12262	1682	3109	11859	1948	1786	6833	11166	4658	10627	1823	9644	933	9301	10969	13753	7913	6671	4237	1183	967	2687	6670	10765	10071	1787	1700	10974	6330	3753	3018	9601	4932	1126	1994	3577	7569	2177	859	7109	10260	11624	4915	15189	7544	15995	3382	29	513	7853	4617	5116	5568	4839	8020	11958	9718	1981	5730	4569	4141	5257	4642	2845	3129	10276	13480	7019	1612	2901	4498	8765	8932	10207	5476	6051	3249	9148	2213	4355	9012	10467	1197	12983	5351	2205	4261	10001	8836	1368	11229	6527	2694	1133	13184	8837	8898	8353	7157	12603	3074	4643	2420	7742	9356	4753	1352	2493	5548	4604	3112	5456	3145	2128	1322	2155	5138	11138	6863	3619	4005	1748	8637	10392	6979	2077	805	4456	3981	4644	7049	3332	510	7961	5926	3868	6220	5019	2680	8316	3689	5119	6908	3652	6708	2492	2020	1556	5497	9677	2007	5298	1652	4199	3460	1555	3185	4857	1063	5302	1473	4037	2568	631	2694	4364	6583	11933	13059	11733	1654	13342	5664	2773	3144	4858	1637	6648	7312	294	5597	7855	12613	239	1677	5434	5047	6631	4582	3586	5923	5424	2091	5154	892	5394	1065	4715	1835	7451	9976	12380	7648	4537	4655	6002	6185	2276	4036	2938	1197	2686	3075	580	7134	6645	6851	5296	4598	5471	6680	6805	7706	2112	2198	1828	7666	3012	456	4229	10874	4380	6190	4097	2133	4600	4095	5398	9738	2268	6351	1978	46	2365	7660	6544	8077	5035	430	3980	6648	3582	5513	2283	1833	10892	6589	866	3019	1653	101	11541	6948	4370	7407	1585	3425	1176	2617	3922	662	6832	4791	7543	5682	1014	1872	3617	7908	3568	4745	756	7220	5936	4119	1734	1415	2694	3539	12492	2028	825	8998	4194	583	6346	8968	7379	4759	8319	9068	2354	3770	4876	4759	5457	5540	2565	3630	612	5715	1318	2123	3228	14687	7364	5772	1401	2973	4660	2325	6594	8499	2495	777	4914	1482	4041	5977	6546	4908	732	6326	5441	6936	7459	8387	2644	2180	5222	6919	1771	2743	5039	4725	6146	4245	9735	3918	8793	6691	4879	3336	2728	3278	1640	1893	3319	5595	3088	6560	6369	2808	4027	7641	2320	7315	6264	2384	8273	5003	7591	150	3551	3795
ELF1	1181	1887	5187	3782	3534	1039	1225	3276	3409	9335	8884	10387	9342	5876	5442	577	3886	6970	3981	1178	1823	1937	3321	225	2135	5342	4846	7462	1751	5852	3125	4225	3390	2354	5458	3537	1243	5789	1269	5121	6147	4156	6320	888	1577	59	722	1976	5803	2319	1943	914	4728	632	7253	1698	694	5211	7280	1270	2482	2962	3476	4217	7472	2408	3877	2224	6199	2458	7797	2496	3030	8433	24835	9732	3577	3490	982	4816	8586	5093	1628	5312	8718	3531	4101	1062	1732	8187	5601	7192	8420	5206	5031	7333	851	6792	1430	4905	7379	2891	1307	2547	7601	9439	3685	4031	8141	9103	4814	5730	2952	285	5530	6510	2473	4	795	84	2150	2812	4690	9047	8693	3151	1982	4028	4361	4810	2615	4899	4002	26	5320	7855	6213	7957	6653	4405	6455	5666	8938	5882	556	2038	4335	1399	2932	8253	1307	8423	3095	4954	2714	7114	1560	2004	717	4450	3751	1685	3404	5005	9518	2939	8529	6118	4447	6405	3360	1345	3961	4382	1509	2142	665	5503	2954	6223	6672	2023	8148	7951	8659	722	2648	512	103	10696	6921	9034	3732	3839	2845	6249	4981	5759	8269	4700	6636	6662	225	4775	1717	7826	5378	158	2716	3584	1362	2440	4579	4935	6123	6864	7353	1943	6288	2073	1312	4678	3535	3074	7055	407	2642	2104	703	1171	5618	380	7260	5656	4608	5680	4256	4693	3877	7349	323	3521	1428	7240	2955	154	5083	2617	4771	3553	2257	452	8171	1287	2212	8418	1605	1358	5511	7884	3775	7535	1331	7022	695	6579	8034	9407	6168	5271	3096	961	732	1909	4593	7375	7290	1382	1427	8180	4867	2700	2403	6901	3736	812	1717	2926	5565	1764	659	5528	7416	8677	3496	10235	5327	11079	2481	24	448	5666	3683	4081	3959	3614	6346	8433	6892	1516	4147	3488	3015	3994	3541	2200	2407	7779	9266	5405	1268	2362	3580	6121	6327	7354	4157	4208	2481	6139	1861	3422	6657	7632	974	8832	3682	1749	3082	7059	6940	1008	8370	4980	2036	743	9383	6396	6548	6426	5398	9548	2184	3503	1767	5859	6967	3634	1048	1953	3884	3226	2568	3958	2555	1722	1051	1647	4003	7356	5101	2757	2937	1444	7065	7304	5219	1643	648	3144	2627	3296	5296	2798	403	6276	4575	2948	4761	3746	1971	5793	2697	3839	5103	2718	4882	1974	1476	1285	3746	6722	1525	3822	1307	3166	2820	1158	2224	3975	863	4074	1217	3147	1982	533	2234	3109	4793	7998	8738	7889	1165	9639	4176	2001	2595	3514	1286	5316	5207	235	4018	5669	8942	171	1294	4193	3533	5286	3498	2609	4148	4468	1613	3702	693	3961	883	3460	1376	5742	7136	8774	5584	3413	3399	4407	4559	1639	2787	2276	917	1901	2385	462	4941	5145	4769	3872	3342	4041	4966	4786	5560	1526	1753	1334	5562	2235	379	3044	8134	3083	5028	3079	1674	3264	3026	3897	7067	1706	4573	1529	38	1790	5206	4750	5686	3631	327	3009	4739	2455	3919	1647	1319	7489	4806	660	2257	1287	80	8045	5120	3302	5918	1183	2462	929	2185	2961	485	4890	3333	5190	4088	783	1431	2708	5670	2725	3371	540	4856	4195	3095	1352	1068	2007	2711	8762	1547	667	6701	3139	475	4499	6416	5213	3337	5966	7152	1852	2748	3666	3479	4280	4308	1811	2989	498	4350	906	1532	2394	9243	5294	4226	1105	2159	3399	1831	4607	5890	1888	670	3547	1169	2806	4235	4913	3548	565	4510	3907	4769	5116	6107	1898	1712	3522	4521	1311	2040	3866	3404	4292	3159	7037	2793	6717	4612	3612	2395	2054	2482	1158	1396	2281	4204	2246	4474	4521	2063	2802	5300	1678	4950	4539	1808	5844	3837	5923	125	2524	3049
ELF3	1686	2366	9358	4519	4281	1245	1439	3810	4252	16083	11894	16078	16883	7379	7384	669	5127	10367	5977	1623	2128	2418	4101	236	2489	6949	5852	12952	2076	7313	3872	5066	4161	2688	6989	4189	1546	7693	1526	6571	11736	6527	11015	1049	1907	64	858	2300	8819	2802	2158	878	5658	724	11110	1991	875	8148	9207	1459	3002	3851	6319	4644	10280	2737	4422	2514	7610	2763	11030	2935	3542	11652	9732	43793	4029	4075	1059	7669	12848	6950	1930	6328	12413	4142	5312	1255	2997	13609	10227	13215	15007	6410	8315	11012	996	11039	1872	9467	12592	4001	1581	2973	9115	11556	6720	5767	10666	16225	6931	8674	3504	372	6963	7772	2609	5	915	90	2504	3379	5834	13055	14033	3788	3478	5435	5354	5535	4930	9746	6019	30	6839	10362	9167	11015	11898	6290	10733	7680	12847	7972	660	2445	5639	1806	3503	12032	1566	12939	3640	6044	3251	11298	1853	2354	846	5473	5448	2799	5005	6395	13868	4499	11268	8066	5725	7785	6152	1506	5045	5277	1662	2407	753	7232	3532	7817	8434	2425	13546	12077	11636	853	3036	752	119	16580	8793	14936	4877	4626	4081	8720	6442	7882	11589	6828	9999	11487	252	7178	2181	10167	6840	181	3264	4360	1592	3002	5288	5884	7899	9788	9349	2263	8259	2494	1476	6651	4233	3908	12194	466	3178	2392	969	1279	8964	465	12974	6798	6341	6798	4706	5364	5049	9600	400	4141	1673	9663	4651	159	8537	2922	5562	6544	3552	614	12119	1495	2616	14450	2075	1550	5921	11649	4924	8974	1599	10318	797	8473	11835	13267	10348	6839	3847	1120	857	2348	8600	13498	13008	1584	1754	11757	8412	3161	2948	9552	5993	985	2069	3594	6975	2162	972	8770	10017	15070	4102	16187	6597	18337	3183	27	513	7527	6178	6050	5842	4189	9381	14179	8716	1777	7958	4532	3534	5125	4031	2661	2808	13927	15513	6250	1407	3196	3701	7299	8931	9301	5125	4956	3524	10596	2198	4322	7706	11158	1094	13234	4798	2082	6398	11721	12456	1242	14153	7382	2830	948	14884	8124	8276	9668	7314	14160	2582	4123	2019	6664	11029	5564	1277	2186	4648	3842	3229	4864	3029	2018	1594	1974	5125	9291	6616	3352	3724	1650	8806	9379	7010	1883	736	3974	3142	3796	7494	3667	467	8794	5973	3676	6622	5128	2721	7461	3593	4602	6142	3180	7068	2384	1775	1584	4726	9414	1751	4443	1533	3708	3568	1345	3923	5524	980	5190	1451	3950	2248	574	2669	3740	6007	10086	11944	10240	1399	14953	5221	2514	3151	4159	1590	8010	6538	260	5777	8187	13343	203	1468	6377	4809	7132	4181	3041	5167	4995	1941	4418	797	5014	960	4321	1569	7975	11375	15061	7278	3978	3839	5358	5794	1916	3238	2658	1062	2268	2818	516	6543	7140	5550	4508	4008	4638	6643	6955	8198	1855	2527	1539	7390	2737	429	3607	12992	3523	6332	3680	2046	3885	3680	4711	8667	2038	7095	1749	53	2099	6210	6137	7315	4591	374	3554	6147	2919	4774	2180	1532	10022	6183	746	2646	1574	94	10440	7692	3947	8354	1485	3323	1068	2460	3496	576	6053	3925	6266	5032	993	1625	3153	7398	3495	3963	655	5869	5177	3752	1575	1223	2326	3169	11796	1742	733	9130	3734	531	5365	8215	6437	4067	9317	10687	2197	3252	4336	5000	5068	7812	2709	4593	547	5557	1110	1762	2722	12243	6878	5322	1610	2593	3876	2067	5600	8476	2195	751	4256	1293	3476	5235	5996	4278	644	5592	4829	5908	6850	7743	2242	2113	4064	5471	1467	2476	4599	4078	5356	3792	8975	3253	9714	6237	4668	2805	2375	2827	1438	1611	3129	5833	2651	5211	5356	2550	3543	6759	2087	6464	6120	2141	7396	4977	8525	126	2989	3373
ELF4	642	1297	2860	1934	2081	738	920	1964	2365	4511	4596	4764	4025	3318	3116	397	2478	3305	1952	706	1249	1210	1963	164	1469	3147	2876	3386	1124	3142	1980	2517	2269	1589	2707	1882	792	2595	906	2999	2758	1949	2837	721	1014	48	516	1274	3355	1607	1313	552	2950	475	2887	1117	466	2881	4029	955	1433	1801	1665	2557	3589	1514	2529	1381	3354	1414	4250	1660	2246	4056	3577	4029	12621	2059	695	2306	3830	2758	1228	2799	3644	1961	2315	766	955	3459	2489	3178	3612	2979	2925	3430	578	3013	1027	2277	3528	1801	830	1609	3536	4470	1990	2390	3799	3906	2754	3250	1980	258	2786	3677	1499	4	542	74	1436	1816	2593	4659	3916	1990	1043	2019	2418	2748	1276	2195	1988	25	2754	4206	3450	3857	3046	2270	2909	3192	4068	3310	427	1361	2455	930	1826	3811	921	3713	2003	2887	1814	3720	1160	1115	534	2673	2109	1016	1791	2970	4442	1331	3954	2897	2193	3591	1607	1046	2193	2672	985	1422	493	3006	1764	3326	3592	1275	3598	3955	4649	458	1716	338	68	4969	4090	4234	2286	2416	1684	3443	2845	2951	4553	2146	3122	3069	211	2323	1136	4010	2914	121	1837	2111	1014	1557	2730	2728	3178	3646	3614	1200	3663	1133	839	2659	2596	2150	3318	298	1642	1327	383	776	2428	289	3214	3079	2442	2968	2355	2480	2487	3938	259	2116	965	3980	1353	122	2515	1519	2706	1890	1364	311	3651	963	1529	4148	848	957	3192	4307	2095	4321	987	3512	600	3552	3975	4497	2877	2676	1850	643	519	1289	2214	2685	3286	1105	862	3772	2263	1887	1264	3629	1948	582	917	1789	3030	1313	573	2188	3430	3716	2313	4480	3007	5300	1767	23	324	3292	1962	2105	2038	2164	3066	3546	3803	944	1308	2329	2182	2496	2452	1474	1549	3502	4477	2609	887	1397	2170	3340	2971	3754	2938	2643	1414	2269	1099	2359	3877	3900	617	4847	2282	1106	1478	3777	3084	698	3539	2249	1344	543	4010	3093	3345	3062	2894	4435	1395	2178	1248	3384	3094	1767	828	1389	2338	2064	1620	2559	1583	1105	472	1165	2116	3859	2400	1895	1857	956	3421	4171	2567	966	409	1944	1590	2147	2903	1556	288	3164	2270	2056	1945	2180	1227	2958	1764	2219	3205	1831	2761	1167	968	727	2003	3253	1185	2400	925	2076	1614	902	1332	2126	576	2500	752	1856	1318	346	1276	2243	2771	4227	4401	4159	822	4664	2369	1463	1498	2139	805	2666	3182	192	2291	2645	4276	143	996	2097	1909	2703	2134	1937	2596	2478	1082	2243	572	2644	606	2127	1133	2811	3353	3940	3551	2283	2039	2739	2654	1187	1804	1560	640	1252	1617	348	2468	2849	2653	2528	2055	2246	2939	2310	2758	948	1051	1058	3182	1370	225	1853	3525	1967	2792	2052	1233	2007	1956	2506	3822	1190	2588	1018	34	1263	2984	2949	3425	2172	267	1895	2706	1684	2278	999	912	3579	3026	494	1366	934	74	4394	2993	2245	2959	730	1397	577	1317	1657	422	3114	2211	3110	2425	516	933	1751	3136	1658	2323	407	2926	2813	1814	1123	806	1304	1565	4041	967	525	3192	2005	300	2633	3743	3093	2121	3142	3301	1360	1742	2087	1833	2474	1784	1088	1592	389	2763	624	1386	1611	4681	2733	2301	616	1595	2283	1675	2922	3148	1203	409	2106	848	1603	2395	3431	2287	454	2846	2332	2391	2904	3817	1225	1246	2200	2698	1040	1375	2415	2051	2639	2003	3872	1931	3244	2763	2582	1568	1276	1559	879	1048	1342	2575	1684	2644	2606	1343	1803	2912	1222	2582	2834	1403	3862	2366	2984	99	1678	1920
ELK1	786	1234	2571	2289	2202	789	1105	2078	2101	4318	4399	4741	4147	3395	3200	477	1917	3605	2219	801	1304	1303	2044	162	1519	2989	2914	3576	1136	3423	2348	2820	2203	1568	2973	2108	828	3009	866	3015	2680	2058	2904	657	1168	43	681	1366	2668	1858	1376	570	2849	502	3342	1469	477	3241	3817	887	1604	1811	1645	2671	3653	1590	2599	1750	3622	1570	4160	1653	1945	4194	3490	4075	2059	10565	907	2449	4100	2874	1365	2836	3855	2189	2522	843	1106	3769	2624	3240	3834	3100	2865	3567	755	3274	1000	2237	3865	1764	887	1678	3308	4373	2155	2253	3933	3991	2626	3039	1847	268	3132	3543	1529	4	661	83	1402	1827	2716	4356	4055	2134	1062	2249	2625	2835	1201	2228	2199	20	2857	3968	3416	3951	3189	2434	2967	3198	4457	3631	474	1453	2987	1118	1929	4027	993	3937	2001	3011	1888	3996	1346	1290	588	2679	2150	1055	1974	2832	4373	1466	4195	3205	2492	3550	1624	919	2385	2927	1047	1660	531	3143	1824	3378	3536	1404	3803	3920	4273	548	2115	303	66	4809	3797	4490	2662	2402	1662	3355	2779	3513	4229	2494	3325	3229	218	2590	1509	4100	3012	152	1827	2231	1192	1494	2780	2936	3329	3536	4033	1304	3518	1419	903	2659	2206	1952	3446	385	2077	1407	411	853	2767	318	3357	3442	2608	3288	2265	2492	2801	3881	249	2296	1058	3749	1505	129	2815	1490	2805	1854	1602	333	3971	913	1502	3961	800	1113	3026	3883	2126	3915	1043	3601	593	3594	3840	4525	3060	2719	2112	749	691	1361	2113	3052	3498	985	891	3905	2281	1878	1485	3782	2119	657	943	1783	3582	1122	422	2581	3707	3996	2245	4670	3449	4932	1962	24	287	3158	1930	2254	2227	2176	3236	3880	3682	1078	1601	2167	1892	2440	2223	1495	1540	3657	4333	2862	901	1459	2079	3335	3113	3865	2523	2584	1407	2908	1272	2088	3590	3884	785	4365	2271	1230	1353	3534	3178	940	3860	2565	1596	620	4217	3451	3587	3392	3000	4404	1553	2200	1236	3262	3496	1832	746	1381	2472	2128	1632	2498	1978	1127	530	1178	2404	3813	2779	1686	1924	1201	3592	4113	2871	1139	506	2230	1852	2095	3016	1645	329	3295	2647	1867	2472	2199	1157	3200	1654	2297	3022	1748	3145	1383	970	903	2279	3462	1085	2414	915	1926	1748	975	1215	2220	668	2506	901	2437	1398	469	1397	1991	3287	4131	4258	4215	884	4518	2573	1679	1687	2281	837	2804	3105	195	2227	2832	4245	151	992	2339	2062	2834	2092	1789	2831	2760	1139	2575	525	2412	767	2250	985	3084	3479	4107	3287	2130	2143	2699	3198	1142	1843	1645	746	1372	1995	332	3075	3269	2817	2637	2155	2450	2764	2626	2721	1084	1018	1022	3104	1519	273	1974	3905	2002	2774	1933	1086	2070	1860	2439	3771	1148	2550	1320	28	1189	3040	2818	3401	2348	269	1866	2808	1692	2482	1000	951	3840	2841	507	1528	918	82	4102	3235	2063	3183	778	1439	773	1384	1767	450	2940	2126	3107	2477	650	990	1888	3174	2187	2248	450	2934	2660	1910	947	822	1431	1627	4430	1054	510	3525	2079	371	2615	3588	3119	2168	3173	3482	1272	1859	2190	2347	2645	1898	1054	1562	407	2542	672	1056	1640	4460	3000	2943	719	1468	2349	1281	2880	3121	1229	505	2278	905	2007	2553	2877	2300	462	2751	2793	2701	2917	3425	1560	1155	2219	2854	945	1455	2421	2196	2628	1996	3777	1881	3477	3013	2240	1637	1434	1587	873	930	1459	2479	1618	2719	2676	1658	2052	3142	1191	2850	2555	1246	3390	2322	3181	102	1788	2019
ELK4	268	419	571	767	735	327	500	789	712	1076	1204	1207	1014	1072	892	236	471	949	679	317	520	456	601	92	646	943	988	886	444	1030	789	898	762	675	922	694	359	818	344	932	553	516	700	278	534	26	390	634	608	723	596	278	954	276	965	614	177	890	1099	374	651	546	249	960	973	661	958	740	1130	685	1118	715	793	1147	982	1059	695	907	2601	637	1089	839	608	917	1035	776	799	384	393	920	622	757	947	996	709	941	417	830	365	439	937	583	322	604	907	1256	520	626	1079	897	730	830	727	155	1026	1096	609	4	347	59	496	604	801	1159	1019	832	191	605	839	901	249	461	538	10	805	1146	962	998	714	644	687	963	1173	1032	233	611	916	423	758	1035	438	1008	806	1000	699	1072	607	450	280	827	586	320	607	878	1134	350	1199	922	706	1143	275	393	729	987	499	709	300	981	613	1026	1062	629	966	1012	1140	242	775	143	38	1232	1145	1155	852	796	461	876	817	992	1117	658	837	801	116	667	595	1175	930	94	709	801	552	608	1021	1008	999	999	1161	500	1021	533	368	777	734	646	855	186	816	493	171	398	657	155	758	1124	711	1002	776	764	935	1102	112	856	472	1056	313	78	662	624	955	445	467	123	1028	404	617	976	172	543	1051	989	619	1207	472	897	291	1072	1019	1197	795	715	781	314	393	532	360	606	859	425	275	1036	479	749	527	1050	556	352	305	577	1052	380	141	550	1014	978	839	1177	1062	1237	729	18	128	896	445	607	591	781	836	974	1036	428	221	656	693	718	740	534	531	876	1084	953	366	471	793	1071	836	1124	816	942	343	678	499	594	1149	1044	387	1159	712	455	153	951	728	459	919	735	622	327	1084	1026	1074	883	816	1145	669	776	514	1024	898	431	278	542	892	787	578	844	689	388	90	471	765	1138	887	537	674	490	1022	1177	836	500	243	750	805	860	792	480	158	927	796	603	654	632	297	971	571	700	1008	668	917	568	368	374	751	944	443	840	333	671	560	502	267	590	276	756	376	729	579	264	498	727	976	1195	1204	1210	458	1183	802	703	581	806	303	732	990	114	602	687	1138	85	413	660	645	838	661	737	954	910	435	877	260	787	424	755	407	867	867	1024	960	752	816	880	947	523	758	576	319	593	747	198	922	873	970	898	748	857	756	690	603	404	313	467	882	530	129	760	987	766	804	665	396	755	638	851	1024	464	672	598	17	425	1059	842	997	751	154	680	873	728	870	300	418	1093	868	267	581	336	68	1121	947	723	839	298	396	411	546	663	236	965	837	1017	853	345	417	738	936	689	826	240	1042	892	671	383	384	597	539	1181	441	246	934	736	225	843	1030	977	766	819	891	458	743	752	701	889	354	300	353	219	776	324	506	658	1264	912	944	299	530	851	532	981	859	454	231	824	389	700	752	922	828	243	893	924	959	844	1016	712	377	905	1020	419	530	758	785	866	683	1080	742	953	901	727	666	589	612	417	392	497	669	633	950	912	694	782	988	417	849	706	435	1049	723	864	62	687	700
EP300	1045	1723	6235	2460	2642	875	861	2163	2590	8637	6173	7994	8885	4012	4741	464	3345	6424	4296	1290	1307	1455	2835	179	1476	3993	3171	7932	1203	3778	2250	3109	2612	1436	4444	2391	914	4688	981	3821	7156	4566	6848	694	1087	48	521	1254	5503	1553	1292	516	3285	475	3719	1206	694	5209	5462	919	1545	2568	5008	2480	5616	1478	2262	1434	3672	1408	6301	1575	1813	6157	4816	7669	2306	2449	637	19805	6694	4426	1119	3781	6891	2529	3241	769	2401	7917	6839	7944	8366	3333	5711	6584	617	7029	1083	6693	7830	2849	1069	1935	4801	5487	5084	4298	5725	8700	4742	5728	1897	245	3425	4155	1490	4	613	77	1502	2006	3263	7496	8179	1857	2938	3490	2968	3138	3171	6830	4809	20	4177	4425	6157	5882	7443	4244	6284	4476	7018	4544	457	1421	3738	1166	1907	6787	991	6885	1925	3178	1868	7282	1042	1437	635	3295	4024	2308	3638	3618	7358	3421	5076	4625	3654	3657	4959	967	3100	2747	1003	1393	526	4240	2265	4109	4621	1351	7800	6839	6412	563	1758	539	85	8490	4479	8370	3457	3209	3090	5425	3947	4764	6484	4407	6116	6448	203	5296	1515	5257	4015	138	1836	2280	1020	1509	2623	2970	4291	5901	4719	1417	4652	1519	975	4415	2507	2551	8229	346	1782	1461	817	865	5686	308	7720	3159	4526	3686	2453	3106	3214	5392	294	2213	1086	5946	3564	133	5952	1307	2776	4500	2573	443	6881	893	1468	8404	1357	874	2747	7052	3266	4428	1025	6393	504	4700	6738	6901	6506	4340	2112	757	515	1450	6259	6171	8029	1023	1226	6822	5983	1800	1803	5428	4951	667	1354	2402	3958	1556	719	5483	6198	8248	2262	8294	3577	9092	1999	22	323	4385	4577	4545	4379	2228	5555	8079	4263	1064	3009	2974	2046	3196	2443	1730	1766	8238	8758	3203	860	2022	1753	3640	5671	4819	3071	2450	2311	4251	1575	2922	3982	6781	644	7866	3266	1612	5298	7750	7463	754	7919	4740	1738	558	8063	4330	4321	6203	4311	7402	1477	2297	1152	3284	6772	4068	833	1340	2415	2092	2218	2827	1989	1188	1369	1245	2896	4674	3636	1993	2131	1041	4790	5143	3941	1189	516	2503	1546	2080	4794	2600	299	5132	3545	2482	3968	3631	2033	3866	2434	2755	3485	1885	4586	1474	1121	997	2814	5653	1123	2550	1063	2229	2157	752	3226	3944	673	3248	927	2430	1339	326	1778	2109	3386	4749	5842	5090	820	8271	3287	1493	2144	2233	1017	5331	3666	199	3795	4997	7133	144	1005	4330	2927	4174	2524	1662	2826	2752	1262	2597	540	2998	602	2576	942	4986	7125	8449	4115	2201	2011	2967	3323	1078	1723	1584	690	1372	1637	329	3392	4683	2778	2643	2283	2372	4040	4893	5059	1168	1821	929	4432	1732	330	1980	7286	1906	3781	2299	1298	2195	2197	2719	4645	1269	4439	1047	45	1268	2941	3771	4208	2804	255	2098	3383	1501	2543	1484	916	5042	3647	492	1453	1057	77	4962	5455	2360	5114	889	2025	596	1289	1829	375	3551	2045	3278	2834	625	977	1930	4220	2192	2148	463	2930	3107	2084	1010	816	1371	1650	5908	1036	503	4947	2350	279	2679	4456	3522	2297	6527	6376	1471	1814	2258	3224	3125	5194	1818	3145	391	3361	716	1024	1578	5413	3697	2902	1123	1812	2066	1331	3055	5395	1280	551	2421	798	2005	3465	3631	2543	415	3350	2752	2820	3852	4475	1210	1419	2089	2561	886	1583	2649	2259	3080	2150	4985	1797	5834	3357	2788	1579	1330	1533	899	915	1962	3897	1549	2581	2602	1464	1937	3785	1317	3616	3818	1357	4020	3320	5210	94	1802	1920
ERF	1636	2354	7649	4724	4429	1338	1488	4016	4304	13675	11782	14876	13869	7515	7317	703	4637	9741	5378	1499	2278	2476	4097	253	2616	6962	6060	10967	2262	7659	3946	5094	4266	2880	6926	4196	1564	7547	1514	6666	9136	5652	9070	1085	1968	66	884	2415	7541	2921	2291	907	5887	778	10587	2078	845	7349	9115	1512	3187	3743	5352	4825	9718	2925	4533	2592	7593	2919	10674	3144	3699	11417	8586	12848	3830	4100	1089	6694	36903	6749	2040	5760	10637	4206	5358	1346	2490	11826	8274	10698	12243	6659	7210	9916	1055	9781	1891	7357	10579	3849	1582	3110	7877	11347	5523	5278	10411	13527	6568	7972	3653	392	7232	7864	2654	4	977	96	2595	3475	5807	12228	12362	3949	2960	5325	5476	5790	3845	7623	5544	36	6780	10598	8558	10737	9672	5964	9120	7642	12198	7908	684	2555	5558	1778	3735	11698	1611	12009	3907	6300	3378	10116	1943	2450	875	5562	5079	2422	4551	6465	12873	4062	11558	8179	5707	8190	5139	1568	5112	5399	1792	2550	785	7328	3586	7951	8421	2524	11920	11355	11209	877	3176	700	126	15152	9021	13033	4784	4609	3809	8376	6471	7760	11126	6611	9284	9945	254	6595	2194	10361	7022	184	3327	4532	1667	3154	5598	6235	8135	9126	9476	2349	8231	2558	1506	6255	4255	3882	10226	485	3297	2479	884	1392	8055	492	10645	7148	6147	6780	4692	5318	5007	9569	404	4379	1739	9143	4131	168	7285	2999	5832	5276	3167	616	11418	1558	2773	11914	1945	1642	5958	10777	4831	9190	1664	9667	867	8512	10789	12955	9029	6604	3804	1147	906	2404	7022	11786	10766	1648	1709	11318	7269	3296	2984	9467	5338	1023	1956	3643	7039	2145	900	7990	9911	12938	4292	14931	6794	15822	3183	30	478	7478	5343	5493	5467	4397	8861	12454	8943	1853	7101	4534	3588	5102	4160	2707	2898	11353	13408	6332	1486	3133	3864	7464	8392	9356	5106	5246	3380	9767	2237	4287	7801	10514	1133	12434	4831	2160	4842	10001	10176	1282	12330	6741	2727	997	13341	8085	8320	8965	7050	13181	2723	4238	2115	6982	10179	5015	1332	2264	4896	4033	3295	4996	3060	2071	1419	2028	5274	9542	6453	3341	3829	1704	8879	9316	7020	1986	765	4003	3244	3911	7076	3429	472	8571	6004	3665	6495	4896	2581	7650	3527	4737	6245	3298	6691	2465	1845	1617	4812	9242	1861	4625	1542	3838	3619	1400	3411	5310	1011	5215	1483	3965	2393	609	2624	3764	6008	10356	11715	10284	1462	13810	5288	2563	3149	4324	1580	7498	6635	278	5507	7750	12463	212	1559	5845	4729	7041	4280	3129	5279	4941	1997	4572	843	5025	1007	4403	1624	7860	10260	12854	7203	4184	4125	5561	5850	2010	3426	2714	1113	2366	2909	535	6583	6807	5882	4696	4191	4940	6462	6459	7556	1903	2367	1638	7172	2821	468	3731	11837	3721	6315	3734	2062	4114	3713	4922	8930	2114	6432	1865	54	2187	6576	6154	7361	4615	392	3601	6141	3020	4928	2152	1648	10217	6265	775	2756	1601	99	10532	7051	4077	8100	1526	3298	1106	2501	3661	616	6184	4102	6501	5163	1001	1721	3266	7430	3510	4138	696	6125	5295	3892	1604	1312	2388	3274	11633	1868	775	9277	3829	542	5599	8254	6644	4212	8496	10062	2245	3371	4518	4733	5192	6372	2522	4099	572	5486	1163	1828	2877	12288	7015	5340	1482	2716	4090	2150	5768	8008	2319	785	4391	1389	3589	5316	6082	4429	698	5736	5016	6236	6775	7830	2376	2153	4327	5726	1525	2498	4755	4287	5479	3876	9011	3408	9345	6229	4576	2965	2499	2966	1483	1716	3000	5558	2748	5557	5635	2637	3618	6875	2127	6503	5995	2189	7463	4931	8311	135	3116	3486
ESRRA	1233	1723	5190	3083	3406	1114	1106	2922	3125	8111	7547	8140	7857	5053	5453	527	3003	5882	3489	1103	1909	1628	3322	213	2065	4934	4317	6688	1722	5075	2779	3789	3289	2406	4554	2911	1180	4509	1183	4627	5385	3435	5295	888	1576	58	703	1875	4652	2070	1790	616	4200	663	5561	1557	651	4874	6091	1272	2375	2487	3889	3531	5716	2209	3249	1907	4884	1994	6939	2426	2683	7075	5093	6950	2758	2874	839	4426	6749	20583	1515	4148	6241	2901	3882	1048	1657	6598	4906	6268	6946	4567	4782	5802	829	5958	1452	4645	6556	2774	1269	2658	4831	6913	3619	3586	6009	7576	4848	5505	2685	322	4726	5389	1856	4	753	92	2159	2632	3833	8086	7406	2893	2057	3962	4137	4364	2200	4755	3579	26	4103	6403	6041	6606	6629	4704	5297	5177	7555	5048	592	1988	3950	1296	2743	6700	1329	6609	2891	4448	2571	6359	1449	1658	787	4042	3768	1680	3212	4359	7170	2790	6469	5100	3584	5645	3605	1272	3209	3791	1380	1974	658	4624	2494	4989	5124	1962	6954	7272	7255	627	2319	520	105	8938	5920	7833	3530	3793	2603	5604	4847	5158	7277	3937	5484	5647	220	4343	1682	6768	5554	152	2616	3215	1315	2242	4113	4051	5084	5673	6152	1612	5544	1743	1225	4445	3093	3066	6358	411	2478	1801	596	1122	5032	413	6196	4713	4006	4417	3083	3403	3459	6597	340	3391	1443	6966	3530	141	5354	2047	4061	3408	2250	472	6803	1348	2304	8028	1283	1180	4085	7284	3307	6044	1375	6365	670	5733	7081	7886	5565	4240	2678	859	708	1890	5098	6045	6833	1470	1317	6621	4651	2523	2049	6174	3692	852	1336	2447	4818	1627	663	4627	6611	7417	3270	8605	4650	8938	2331	19	398	5206	3420	3594	4090	3164	5081	7466	5664	1369	3023	3231	2915	3614	3308	1957	2133	6711	8419	3984	1302	2036	2636	4997	5321	6232	3789	3722	2243	4847	1613	3197	5246	6821	863	7924	3956	1730	3141	6803	5735	956	6853	4142	1863	851	7780	5105	5337	5429	4446	7363	2124	3124	1656	4662	6228	3662	1040	1740	3518	3027	2291	3724	2172	1542	1164	1556	3275	6365	4091	2426	2788	1253	5137	6400	4418	1393	617	2954	2420	2918	4867	2328	423	5058	3787	2982	3945	3648	2004	5022	2751	3477	4504	2507	4521	1653	1629	1065	3632	6013	1624	3492	1226	3142	2278	1083	2354	3499	903	3660	1070	2745	1825	457	1873	2839	4192	6649	7444	6561	1149	7910	3952	1925	2190	3174	1213	4553	4698	227	4115	5296	7697	195	1393	3688	3456	4422	3061	2368	3730	3459	1530	3557	694	3743	804	3161	1405	4954	7075	7473	4930	3052	3006	4199	4018	1599	2807	2059	956	1846	2122	452	4309	4669	4070	3599	3280	3449	4555	4358	5195	1575	1620	1339	5223	2290	348	2797	6652	3012	3958	2801	1521	2929	2993	3830	5839	1595	4493	1393	37	1796	4437	4450	5182	3503	339	2620	4236	2291	3647	1650	1349	6232	4600	716	2040	1342	90	6540	4864	3184	4825	1149	2320	864	1839	2556	511	4718	3118	4528	4010	823	1335	2551	5428	2465	3098	562	4385	3983	2739	1326	1159	1941	2302	7054	1584	689	5497	2947	429	3841	5497	4676	3067	6143	5844	1718	2577	3124	3539	3549	3928	1802	2645	524	3954	996	1524	2410	7583	4842	3695	1017	2208	3073	1687	4270	5816	1726	593	3224	1096	2541	4074	4351	3294	547	4435	3536	4054	4679	5324	1748	1733	3468	3903	1309	1983	3330	3354	3941	2768	6103	2633	5577	4154	3296	2330	1890	2221	1181	1285	2281	3798	2160	3902	3841	1861	2597	4861	1824	4572	4581	1710	5238	3508	4910	118	2407	2776
ETS1	423	794	1233	1355	1384	583	793	1394	1370	2104	2420	2406	1918	2081	1754	380	823	1710	1204	501	959	794	1128	124	1202	1789	1912	1693	862	1980	1482	1633	1402	1138	1563	1188	566	1410	577	1886	1056	958	1207	450	936	41	592	1078	1116	1412	1026	352	1782	442	1877	1033	267	1643	2100	669	1117	962	609	1702	1809	1180	1774	1163	2092	1116	2243	1295	1398	2246	1628	1930	1228	1365	608	1119	2040	1515	5861	1460	1771	1331	1463	653	630	1686	1166	1349	1729	1882	1330	1637	590	1556	697	877	1807	1120	508	1103	1484	2523	951	1142	1993	1750	1436	1663	1336	252	1867	1983	901	4	520	76	908	1151	1487	2324	1886	1581	356	1214	1593	1671	522	920	956	14	1425	2287	1808	1899	1387	1218	1312	1850	2213	2013	389	1118	1638	724	1376	1980	705	1854	1490	1907	1362	1981	1095	783	483	1515	1142	569	1026	1650	2105	652	2393	1670	1199	2222	603	657	1289	1934	770	1191	421	1781	1043	1878	1932	1090	1763	1953	2229	386	1334	217	60	2490	2250	2209	1586	1394	780	1659	1567	1899	2246	1145	1554	1438	168	1166	992	2334	1783	127	1323	1500	906	1066	1929	1849	1901	1731	2234	831	2088	913	613	1453	1403	1153	1558	263	1436	868	266	634	1224	226	1395	2106	1320	1793	1324	1375	1758	2151	188	1572	795	2021	632	107	1238	1045	1801	811	833	213	1998	678	1132	1928	376	882	1846	1939	1062	2410	816	1733	491	2119	1888	2349	1399	1336	1468	525	551	981	815	1305	1624	735	441	1883	932	1424	875	2003	1010	583	521	1023	1996	683	226	1079	1859	1799	1594	2299	2043	2610	1440	21	202	1728	805	1044	1148	1441	1506	1877	2093	754	521	1276	1311	1396	1319	963	939	1627	2080	1642	610	815	1367	2037	1604	2120	1527	1788	674	1351	792	1050	2225	1904	521	2303	1341	701	393	1774	1274	739	1753	1280	1079	533	2066	1891	1997	1609	1552	2215	1220	1390	995	1868	1649	784	503	953	1679	1572	931	1650	1108	636	182	865	1372	2304	1533	1008	1215	825	1796	2369	1566	795	381	1480	1424	1516	1561	823	263	1651	1435	1144	1087	1187	595	1842	1033	1325	1852	1243	1769	923	676	580	1404	1810	835	1620	609	1237	995	855	597	1053	488	1462	600	1362	947	279	794	1476	1890	2385	2408	2457	758	2326	1437	1278	1005	1532	504	1305	1954	177	1141	1312	2196	114	724	1202	1218	1487	1207	1297	1956	1544	745	1619	417	1588	552	1409	755	1550	1650	1980	1881	1419	1433	1690	1789	983	1332	1085	559	1018	1286	259	1752	1684	1795	1666	1447	1565	1490	1331	1238	715	547	836	1619	986	195	1432	1870	1310	1449	1170	676	1329	1230	1628	1959	791	1290	971	25	805	1945	1607	1985	1462	235	1125	1674	1311	1644	572	771	2126	1682	431	1034	613	87	2308	1726	1354	1535	488	730	510	871	1132	384	1917	1605	1986	1615	520	663	1270	1766	1259	1603	382	2036	1778	1193	669	682	1071	906	2291	759	418	1785	1348	276	1575	2006	1986	1449	1595	1653	804	1377	1335	1192	1565	742	582	693	327	1563	560	897	1198	2733	1700	1698	466	1001	1658	916	1916	1621	825	359	1475	619	1252	1527	1673	1625	404	1746	1778	1742	1710	1948	1197	722	1632	2054	706	1011	1411	1428	1651	1183	2036	1426	1739	1944	1500	1165	1012	1066	770	740	939	1351	1196	1827	1768	1139	1480	1947	849	1657	1411	856	2007	1285	1605	81	1245	1169
ETV4	904	1485	4192	2711	2872	953	1072	2589	2675	6516	6300	6828	6408	4590	4338	489	2685	4732	3104	948	1513	1406	2659	178	1944	4009	3826	5304	1465	4186	2433	3389	2833	2187	4027	2592	1076	3805	970	4017	4169	2842	4195	781	1483	52	710	1716	3897	1947	1641	622	3687	600	4628	1412	538	3991	5288	1102	2057	2248	2848	3289	4900	1984	3089	1769	4592	1902	5809	2173	2462	6231	5312	6328	2799	2836	917	3781	5760	4148	1460	16757	6599	2784	3167	985	1568	5517	4050	4964	5808	3876	3706	4987	760	4845	1164	3716	5443	2502	1023	2167	5472	6835	2889	3284	5359	5912	3799	4433	2405	301	4072	4689	1862	5	691	82	1666	2152	3378	6650	6004	2736	1580	3141	3337	3852	1837	3657	3025	17	3511	5397	4804	5288	4700	3429	4335	4310	6284	4295	516	1817	3554	1133	2437	5605	1167	5453	2599	3862	2300	5321	1391	1425	696	3347	3023	1563	2790	3781	6327	2115	5682	4178	3104	4972	2626	1129	2781	3423	1219	1910	614	4090	2140	4386	4702	1799	5464	5625	6050	535	2143	430	73	7435	5177	6592	3095	3574	2162	4640	3810	4519	6259	3130	4508	4464	209	3620	1543	5874	4226	144	2274	2830	1225	1956	3894	3718	4403	4791	5343	1456	4773	1565	1038	3780	2775	2471	5149	344	2229	1557	502	936	3778	360	4972	4136	3486	3966	2761	3081	3165	5398	307	3145	1316	5487	2253	129	3813	1967	3569	2682	1819	343	5771	1085	1870	6284	1043	1140	4154	5891	2705	5490	1233	4970	655	4911	6002	6550	4421	3601	2483	764	647	1695	3439	4494	5459	1194	1048	5560	3514	2372	1736	4796	3046	823	1177	2087	4065	1452	581	3518	5200	5864	2917	7009	4011	7621	2151	25	389	4129	2728	3019	3471	2707	4219	5951	4701	1227	1975	2701	2696	3119	2925	1749	1789	5469	6706	3667	1077	1680	2688	4460	4654	5342	3175	3406	1688	3655	1473	2575	4997	5532	752	6587	3559	1517	2533	5596	4566	915	5501	3414	1727	768	6379	4645	4744	4685	3802	6372	1946	2770	1534	4156	4817	2674	875	1574	3135	2719	1914	3158	1993	1272	928	1368	2767	5515	3540	2044	2340	1133	4622	5599	3705	1301	577	2666	2280	2964	4046	2044	366	4382	3224	2458	3092	2895	1770	4277	2245	2858	4014	2245	3973	1534	1257	903	3062	4898	1314	3121	1030	2506	1913	1054	1892	2831	727	3185	948	2443	1629	422	1658	2668	3613	5621	6253	5798	1103	6745	3245	1812	1972	2899	999	3784	4199	221	3127	3938	6100	165	1134	3130	2756	3625	2554	2171	3363	3154	1366	3102	631	3268	696	2797	1336	3972	5233	6224	4252	2636	2616	3366	3458	1472	2603	1828	789	1707	1878	390	3601	3788	3567	3249	2642	2984	3662	3671	3968	1314	1315	1217	4507	1759	276	2565	5446	2798	3465	2368	1354	2507	2407	3158	4879	1388	3472	1304	37	1424	3894	3705	4444	3082	309	2243	3798	2173	3194	1317	1187	5341	3747	655	1833	1118	90	5471	4159	2582	4078	930	1801	738	1723	2191	476	3917	2746	3972	3211	675	1147	2299	4269	2164	2906	552	4050	3554	2293	1141	998	1758	1896	6037	1402	600	4477	2629	355	3147	4698	4126	2861	4755	4826	1528	2357	2632	2657	3403	2856	1400	2100	494	3486	868	1381	2024	6544	3921	3210	862	1989	2682	1522	3796	4849	1526	538	2860	982	2260	3513	3791	2995	517	3615	3107	3595	3932	4584	1690	1388	3253	3607	1267	1758	2819	2708	3316	2300	5073	2399	4763	3623	3015	2003	1600	1919	1124	1194	1975	3327	1926	3446	3397	1806	2398	4218	1438	3722	3544	1485	4408	2955	4187	105	2216	2448
ETV5	1497	2151	7569	4106	3947	1224	1335	3511	3796	12591	10412	13178	13130	6611	6624	627	4456	8759	5288	1397	1959	2119	3812	218	2308	6142	5287	10471	1937	6510	3448	4679	3817	2496	6361	3846	1418	6884	1354	5835	8978	5504	8707	970	1753	61	784	2115	7135	2489	1992	846	5216	697	8566	1848	779	6890	8227	1348	2759	3423	5451	4270	8813	2520	3972	2322	6729	2571	9455	2731	3201	10181	8718	12413	3644	3855	1035	6891	10637	6241	1771	6599	33015	3878	4750	1191	2646	11346	8234	10432	11811	5712	6802	9126	902	9397	1647	7583	10390	3553	1450	2789	8503	10647	5543	5193	9186	12607	6108	7502	3143	347	6234	6897	2440	5	868	90	2337	3079	5173	11256	11717	3433	2985	4950	4871	5182	3723	7638	5399	27	5930	8802	7932	9451	9660	5635	8528	6748	11342	6810	617	2212	5197	1599	3226	10285	1425	10548	3384	5486	2974	9490	1717	2138	806	5010	4823	2463	4501	5654	11455	3892	9783	7135	5160	7010	5163	1406	4430	4784	1554	2282	708	6329	3166	7000	7412	2229	11051	10221	10078	763	2871	626	103	13807	7817	12309	4519	4432	3549	7657	5853	7162	10140	5895	8369	8930	249	6407	2022	9123	6287	175	2965	3982	1487	2690	4839	5375	6885	8324	8446	2069	7218	2246	1367	5868	3872	3538	9962	457	2916	2204	851	1200	7454	451	10301	6057	5604	6047	4219	4797	4528	8608	361	3823	1597	8591	4152	159	7125	2609	5040	5261	3118	546	10571	1360	2388	11769	1843	1424	5469	10137	4395	8040	1471	9021	754	7452	9961	11465	8516	6119	3465	1050	781	2157	7141	10153	10712	1456	1606	10125	7021	2938	2687	8184	5286	909	1829	3221	6265	1941	858	7470	9188	11921	3764	13449	5936	14573	2813	27	467	6594	5166	5257	5476	3806	7769	11874	7598	1608	5409	4021	3261	4578	3708	2440	2521	11072	12503	5713	1346	2673	3432	6634	8064	8325	4546	4486	3056	7884	2048	3922	7034	9611	1007	11428	4478	2040	5302	9996	9587	1148	11440	6378	2418	849	12459	7337	7443	8308	6395	11570	2377	3758	1853	6054	9291	4808	1175	2016	4262	3512	2893	4381	2806	1811	1426	1802	4427	8468	5853	2941	3314	1482	7739	8301	6153	1763	716	3687	2868	3568	6580	3335	435	7433	5320	3375	5907	4620	2465	6721	3212	4220	5610	2909	6139	2175	1707	1427	4398	8376	1613	4133	1416	3404	3066	1234	3347	4791	910	4645	1308	3583	2111	558	2427	3401	5354	8930	10405	9118	1284	12275	4788	2253	2902	3810	1461	6783	5850	255	5126	7115	11075	189	1416	5478	4273	6173	3787	2792	4622	4526	1805	4093	746	4544	909	3877	1447	6979	9766	12044	6464	3609	3563	4868	5154	1774	2997	2417	974	2105	2603	489	5827	6272	5063	4156	3654	4272	5799	6203	7143	1729	2131	1415	6511	2483	419	3332	10584	3275	5553	3317	1834	3499	3329	4346	7729	1873	5987	1610	43	1917	5579	5517	6570	4166	343	3230	5471	2668	4291	1939	1454	8812	5566	698	2419	1421	89	8953	6675	3616	7192	1326	2927	980	2254	3200	547	5507	3584	5672	4572	870	1543	2915	6573	3146	3637	613	5312	4796	3380	1399	1168	2145	2855	10321	1628	677	7882	3499	461	4800	7299	5821	3734	8199	8959	2036	2955	3954	4390	4712	6150	2351	3844	518	4968	1041	1651	2518	10796	6183	4743	1377	2477	3543	1924	5081	7566	2048	706	3859	1183	3191	4961	5475	3885	613	5088	4368	5327	6086	6909	2074	1949	3820	4961	1366	2253	4135	3709	4775	3387	8062	2985	8342	5430	4126	2593	2222	2577	1296	1472	2783	5115	2408	4741	4829	2319	3225	6083	1912	5728	5488	1948	6567	4450	7182	127	2777	3144
ETV6	733	1348	2344	2625	2308	839	975	2430	2203	4214	4577	4840	4191	3662	3117	579	1711	3658	2490	821	1358	1418	2051	193	1676	3169	3123	3670	1265	3670	2097	2762	2287	1749	3340	2190	924	3137	877	3176	2554	2102	2845	656	1324	47	660	1593	2398	1718	1522	613	2969	535	3620	1311	499	2811	3933	951	1838	1813	1495	2678	3670	1765	2582	1620	3589	1898	4169	1944	2165	4411	3531	4142	1961	2189	776	2529	4206	2901	1331	2784	3878	10733	2695	882	1000	3778	2594	3157	3754	3235	2358	3536	725	3469	1014	2054	3473	1860	937	1798	3068	4681	1783	2220	4030	3842	2707	3068	2069	284	3442	3638	1606	4	809	85	1452	1896	2827	4452	4102	2362	911	2269	2736	2928	1112	2106	2261	22	2895	4213	3459	3840	2843	2450	2921	3314	4411	3426	470	1549	2782	916	2146	4107	1022	3975	2230	3238	2054	3741	1288	1423	632	2622	2108	1040	1956	3077	4430	1504	4550	3429	2658	3885	1477	988	2486	2770	1217	1698	557	3397	1847	3657	3719	1639	3884	3849	4266	634	1931	321	90	4880	4034	4295	2435	2550	1652	3250	2856	3326	4157	2594	3330	3190	183	2507	1347	4411	3242	168	1938	2460	1135	1713	3077	3393	3567	3544	4070	1431	3688	1609	943	2693	2193	1993	3418	327	2113	1410	433	874	2829	300	3190	3511	2741	3091	2385	2557	2547	4039	232	2553	1150	3743	1474	148	2350	1626	3063	1640	1382	326	4048	960	1683	3820	757	1098	3134	3831	2183	4319	1101	3566	608	3827	3838	4647	3069	2777	2084	859	651	1453	1922	3038	3438	1007	865	4098	2217	2005	1744	3816	2112	714	1007	1968	3313	1094	386	2635	3874	3997	2471	4734	3344	5005	1790	22	300	3164	1857	2309	2198	2388	3236	4014	3769	1132	1589	2099	2007	2422	2213	1556	1551	3573	4220	3126	984	1592	2124	3561	3239	4021	2492	2916	1351	2862	1435	1963	3922	3861	714	4432	2393	1370	1150	3466	3040	910	3812	2695	1469	705	4345	3636	3721	3373	2998	4483	1785	2319	1353	3379	3579	1809	757	1416	2692	2383	1748	2617	1651	1084	515	1255	2718	4180	2896	1551	1991	1054	3597	4026	3087	1417	608	2147	1907	2271	2949	1663	316	3426	2876	1867	2599	2185	1088	3458	1756	2364	3193	1904	2831	1624	1061	1069	2404	3697	1150	2568	990	2057	1913	937	1163	2241	660	2411	1007	2078	1500	395	1481	2103	2925	4371	4520	4352	1060	4644	2630	1558	1838	2483	821	2804	3250	185	2115	2768	4340	174	1005	2398	2117	3070	2094	1926	2881	2586	1188	2605	541	2464	709	2364	1029	3319	3426	4105	3191	2229	2387	2850	2882	1277	2047	1607	747	1545	1792	362	2979	2799	3047	2646	2276	2627	2719	2756	2658	1120	1041	1061	3057	1598	312	2244	4031	2177	2815	1969	1060	2239	1985	2558	3793	1265	2474	1232	27	1207	3334	2817	3418	2478	262	1890	2887	1879	2671	994	1046	4259	2862	587	1620	882	87	4241	2844	2127	3274	860	1475	681	1470	2029	461	3106	2351	3268	2726	595	1077	2002	3305	1885	2372	476	3235	2785	2072	976	890	1523	1663	4459	1121	566	3696	2174	360	2749	3559	3263	2302	3066	3552	1270	2024	2383	2054	2859	1814	1042	1470	436	2595	728	1182	1785	4776	3205	2817	825	1565	2347	1292	3003	3193	1343	600	2443	879	1940	2644	2923	2459	505	2843	2685	3243	2996	3522	1602	1100	2580	2988	1001	1466	2474	2343	2789	2034	3921	2004	3623	2886	2223	1791	1588	1794	962	982	1501	2335	1696	3009	2944	1545	1998	3372	1233	2956	2607	1241	3541	2362	3352	99	1918	2021
FBXL19	958	1591	3474	2870	2881	1048	1066	2671	3398	5956	6004	6354	5709	4581	4169	554	2362	4708	2855	1020	1668	1559	2653	196	1989	4088	3895	4842	1537	5165	2516	3291	3537	1989	3917	2550	1116	3811	1081	4136	3710	2741	3862	808	1546	56	704	1833	3386	1979	1698	635	4292	647	4749	1438	590	3761	4988	1144	2213	2165	2383	3221	4613	2044	2987	1797	4302	2047	5614	2260	2558	5661	4101	5312	2315	2522	799	3241	5358	3882	1463	3167	4750	2695	15377	1038	1203	4949	3611	4391	5066	4128	3432	4453	821	4472	1310	2915	4752	2442	1123	2191	3735	5765	2586	2879	5015	5388	3783	4188	2440	326	4140	4613	1741	4	775	99	1761	2302	3368	6017	5416	2789	1463	3012	3496	3642	1617	3056	2821	26	3503	5459	4623	5116	4215	3329	3919	4384	5848	4282	579	1920	3358	1137	2567	5223	1199	5179	2659	3921	2972	4897	1401	1490	763	3408	2842	1333	2590	3729	5666	2031	5648	4269	3134	4782	2308	1188	2892	3397	1359	1864	642	4080	2180	4335	4450	1874	5145	5350	5760	633	2140	393	100	6743	5174	5805	3103	3112	2091	4335	3718	4229	5716	3241	4241	4229	223	3316	1570	5604	4229	162	2435	2931	1280	2049	3651	3799	4299	4474	5100	1546	4768	1715	1084	3543	2720	2608	4495	373	2305	1666	485	994	3771	388	4376	4216	3299	3850	2808	3078	3172	5388	298	2989	1378	5000	2113	147	3389	1961	3639	2432	1792	428	5251	1156	2005	5360	1029	1178	3642	5345	2714	5310	1323	4817	688	4982	5169	6167	3968	3422	2381	844	701	1790	3133	4429	4637	1236	1104	5202	3179	2377	1894	5801	2801	886	1145	2211	4203	1402	540	3469	4965	5223	2990	6487	4178	6768	2131	23	337	4224	2503	2859	3021	2875	4133	5322	4880	1265	2436	3432	2450	3802	2656	2341	1927	4777	5938	3609	1113	1844	2489	4459	4054	5135	3206	3422	1867	3985	1542	2640	4664	5936	792	6017	2982	1513	1896	4859	4142	989	5121	3340	1678	817	5740	4483	4572	4249	3797	5840	2071	2792	1570	4072	4635	2466	1157	1638	3220	3345	2071	4060	1977	1352	775	1931	3054	5296	3529	2027	2440	1167	4382	5246	3698	1385	597	2568	2259	2719	3839	1942	365	4216	3254	2357	3147	3652	1464	4242	2261	2977	3916	2241	3666	1648	1317	1086	3080	4668	1398	3179	1114	2611	2142	1043	1738	2807	790	3132	1024	2422	1718	406	1666	2540	3692	5650	5921	5525	1170	6065	3466	1778	2083	2969	1015	3511	4131	215	3005	3835	5992	191	1189	2995	2792	3660	2619	2323	3401	3033	1808	3094	613	3103	768	3637	1161	4088	4835	5545	4137	2714	2758	3482	3538	1471	2411	1944	884	1803	2057	407	3691	3636	3685	3079	2802	3137	3655	3471	3789	1371	1285	1262	3935	1951	337	2644	5237	2524	3356	2413	1311	2719	2497	3225	4863	1951	3373	1348	31	1563	4029	3653	4419	3112	314	2356	3602	2196	3323	1279	1298	5172	3699	635	1868	1171	98	5424	3770	2648	3960	993	1985	782	1644	2393	490	3925	2864	4068	3395	719	1223	2387	4275	2153	2881	595	3929	3591	2464	1180	1036	1815	2064	5816	1333	621	4569	2704	383	3478	4632	4043	2772	4339	4452	1555	2463	2853	2734	3201	2670	1465	2020	464	3292	927	1419	2103	6201	3963	3260	901	1906	2824	1552	3752	4249	1576	601	2991	1028	2272	3339	3714	3097	531	3665	3217	3606	3883	4544	1740	1429	3010	3585	1106	1816	3058	2833	3522	2491	5052	2461	4469	3586	2856	2128	1762	2008	1144	1180	1958	3105	2006	3589	3515	1687	2360	4286	1572	3810	3496	1551	4538	3790	4072	104	2231	2338
FLYWCH1	258	532	879	884	900	406	489	907	916	1394	1578	1606	1328	1393	1170	254	553	1136	795	398	620	546	770	89	854	1164	1230	1120	557	1351	846	968	1009	767	1050	756	430	943	410	1300	768	658	854	387	643	29	342	733	762	763	663	230	1159	351	1212	573	208	1000	1369	468	727	693	451	1028	1144	772	1057	692	1256	762	1482	850	904	1470	1062	1255	766	843	384	769	1346	1048	653	985	1191	882	1038	3859	393	1158	800	965	1171	1259	803	1075	369	1044	526	627	1120	798	350	719	983	1591	621	730	1255	1206	964	1134	863	209	1227	1254	571	4	347	83	545	788	981	1543	1281	1016	273	822	1069	1103	370	678	741	13	952	146