	MEIS2	POGZ	SUZ12	MXD3	DLX6	RBPJ	MXI1	MGA	RBFOX2	HNF1A	POLR2A	ARNTL	ZNF788	POU2F1	TFAP4	ZMYM3	NFYB	NFIL3	RFXAP	ARID5B	CEBPG	NRL	ZBTB38	SAP130	SFPQ	E2F4	POLR2G	HOMEZ	PHF8	YEATS2	ELF3	SALL1	ARNT2	EP300	SRY	DR1	MYC	POGK	NFYC	KAT8	ERF	STAG1	ZNF292	KLF16	ZBTB40	GABPA	ZNF614	NFKB2	UBTF	IRF9	HCFC1	ZNF792	THAP9	ZNF225	HMGXB4	ZNF563	GABPB1	MAX	ZNF670	H3K4me3	ZNF768	ELF1	SPEN	HDAC1	SOX6	ZFP91	MYBL2	ATF2	ZNF608	YEATS4	MNX1	RFX1	PHF21A	FOSL2	ZNF772	FOXO1	RREB1	FOXK1	SMAD7	GMEB1	TARDBP	KDM3A	DRAP1	ARID3A	ZNF527	IKZF5	ARID4B	HOXA3	ZGPAT	PHF20	SRF	NFYA	HNRNPL	ZNF687	XRCC5	DMAP1	ZNF143	SALL2	ZNF232	GATAD1	THAP11	AGO2	ETV5	ARID4A	BRCA1	ZNF501	FOXA3	ZFY	TBX2	KMT2A	RFX3	KDM2A	ZNF350	MED1	ISL2	SIN3A	RAD21	RFX5	POLR2AphosphoS5	TAF15	ZNF48	ZMYM4	ZFX	ZNF766	LIN54	HDAC2	RXRA	TEAD3	YY1	ZNF485	TFDP2	TAF1	MNT	CTCF	FOXA1	EGR1	ZNF574	NONO	SP4	ZNF777	SP1	MAZ	PATZ1	FOXA2	SMC3	ZNF646	H3K4me1	GATAD2A	KDM1A	ZNF263	HNF1B	ZBTB10	KMT2B	FOXK2	CREB1	CSRNP1	ZNF526	SOX5	ZNF865	NR2C2	ZNF219	LCORL	CBX5	H2AFZ	ZNF362	SMAD4	NR2F6	NCOA1	PPARG	TEAD1	TEAD4	HNRNPLL	SP2	KDM5A	ZNF770	KLF12	IRF2	ZNF384	SIN3B	ZBTB25	CREM	SP5	ETV4	SOX13	ZNF639	ZNF264	ZSCAN9	ATF1	ZFP1	LCOR	SRSF1	ASH2L	NCOA2	MIXL1	E2F8	ZNF607	RBM39	TCF7L2	PROX1	FOXP4	FOXP1	BCL6	RARA	NR2F1	CEBPA	NR2F2	KDM6A	THRB	FOXJ3	NFIC	PAXIP1	ZNF317	AHDC1	HNF4A	HLF	H3K27ac	RXRB	HNF4G	HMG20A	HHEX	MLX	RCOR2	SMAD3	GATAD2B	GFI1	ZNF503	ATF4	NR5A1	SKI	THRA	GATA4	DPF2	RERE	ONECUT1	ZNF652	PITX1	MEF2D	NACC2	REST	ZNF609	NFIA	TBL1XR1	SIX4	ZNF217	MED8	ZNF644	ETS1	ZKSCAN8	ZNF331	MIER2	TCF7	ZFHX3	STAT6	NCOR1	MIER3	KDM4B	TBP	CEBPB	EHMT2	MEF2A	TCF12	CEBPD	TBX3	GATA2	USF1	MYPOP	ZNF773	PBX2	NRF1	ZBTB33	PRDM10	TGIF2	ZSCAN31	H3K9ac	ZNF12	H3K4me2	ZNF710	ZNF605	ZNF18	ATF3	CCDC6	ZNF414	KDM5B	JUNB	JUND	ZBTB37	JUN	ATF7	ZBTB43	ZBTB26	ESRRA	ZBTB7B	ZNF800	ZNF781	ZMAT3	ZNF280D	ZBTB7A	REPIN1	ZNF3	TFDP1	MXD4	CHD4	ZNF697	MTA1	HIC2	ZIK1	ZNF221	ZFP37	BHLHE40	ZBED4	ZNF883	E2F1	HMGXB3	CHCHD3	SNAPC4	ZNF329	ZNF564	NFAT5	ZHX3	BCL3	ZNF407	BRD4	PRDM15	ZNF761	HINFP	ZBTB14	HIVEP1	ZNF598	ZNF547	ZNF274	ZNF446	TFE3	CHD2	IKZF4	RNF2	ZNF281	E2F5	ZNF776	ZNF724P	GMEB2	ZNF276	CBFB	IRF5	ZNF235	ZNF709	ZNF430	ZNF548	NR0B2	MXD1	ZBTB34	ZNF121	SKIL	ZNF343	AGO1	RBM22	RAD51	ZNF441	ZBTB20	NFE2L2	MED13	ZNF746	FOSL1	USF2	MAFK	MAFF	SIX1	ZEB1	H3K79me2	ZSCAN22	ZNF747	TOPORS	ZNF44	CBX1	BAZ2A	BRF2	SATB2	SAFB2	ZNF616	ZNF33B	TIGD6	HOXD1	ZNF335	GLI4	SNAI1	ZNF483	MTERF2	RFXANK	ZSCAN25	ZFP64	HNRNPUL1	FUS	MTF2	ZNF572	ZNF543	PHF5A	ZNF511	ZNF580	FOXC1	ZSCAN21	ZNF691	ZNF205	EED	MLXIP	AKAP8	JRK	ZNF878	ZNF431	PRMT3	GLYR1	HBP1	HOXA5	ONECUT2	MEIS1	ZNF816	NKX3	KLF6	GZF1	ZNF160	NFKBIZ	HOXA9	ZHX2	FOXQ1	HMG20B	HOXA10	ZMYM2	ZNF460	ZBTB2	ZNF827	MBD1	TEF	ZBTB4	HNRNPK	PCBP1	ELF4	THAP7	ZC3H13	BORCS8	FBXL19	BATF2	ZNF224	ZZZ3	NAIF1	ZNF589	ZNF839	ZNF280B	DZIP1	FOXO4	SNAPC2	MTERF4	ZNF556	ZNF124	ZNF24	ZNF629	ZNF703	ZNF784	ARID2	ZFP90	TP53	ZNF275	MAF1	ZBTB39	ZSCAN29	SREBF1	ZNF782	KAT7	ZFP36L1	AHR	KLF11	REL	RCOR1	TSC22D2	FUBP3	ZNF780A	SMAD1	KLF9	ZNF181	ZNF678	TMF1	ZSCAN5A	ZXDC	ZNF34	GTF3A	ZBTB21	ZNF142	ZNF558	HES4	ZFP82	ZNF740	ZNF891	ZNF552	ZNF230	WIZ	SMYD3	ZNF25	ZC3H8	ZNF510	ZNF567	ZNF707	ZNF256	ZNF138	ZHX1	EEA1	ZNF619	ZNF790	ZSCAN20	ZNF704	TOE1	ZKSCAN1	ELK1	CREB3	THAP4	RELA	HSF2	ZNF879	ZNF749	IRX3	DNMT1	ARHGAP35	CAMTA2	LBX2	ZBTB42	ZNF451	ZNF333	E2F2	PIN1	KLF15	GTF2F1	CREBL2	ETV6	ZNF786	TCF3	ZNF546	ZBTB3	ZNF615	ZNF337	DNMT3B	ZNF512B	SNAPC5	ZNF136	ZNF253	THAP8	ZNF557
MEIS2	7999	2375	187	1336	1614	2220	2190	2799	2326	2220	2346	1731	2116	3127	3193	1522	1151	2309	1634	2935	1900	1170	1559	3692	1370	2015	2421	1593	2183	1677	2620	3455	1659	2391	1026	1202	2463	1837	1258	2695	2419	1674	1480	2274	1627	1945	1662	1676	2318	1260	752	1712	1443	743	2359	1446	2815	3658	1031	1899	1465	2178	2192	3026	2967	2436	2264	2080	772	2278	2673	291	2501	2743	1621	2258	1382	2080	1607	1912	2488	1316	2044	3013	485	2309	3267	3086	3106	1491	1119	1727	1057	3039	1712	2014	1321	1478	1308	2214	2889	1255	2484	2959	867	2089	2722	2628	3058	1563	435	2446	1941	3178	2470	1267	2748	492	1874	1158	2200	2817	2740	1082	2764	2883	2755	2529	1731	501	1881	2182	1490	1914	2323	2720	2866	2740	1774	1303	2761	2214	2482	2457	831	401	1473	2567	2110	1457	2178	884	1676	958	2733	1160	495	2483	622	2226	2712	2354	1371	206	1250	2889	2520	678	1857	1961	1678	1836	1001	892	1335	1174	2278	452	475	1461	2252	1925	2212	2752	927	1524	1351	1182	799	2390	658	2333	2340	1758	2492	1368	1752	2576	1645	2521	1764	2420	2571	1358	1977	1229	1196	1014	1778	1065	2645	1415	1673	2387	906	2345	2677	1895	1616	766	1512	1366	1455	1285	1765	1892	1771	1816	1971	2006	1194	1306	1202	1328	659	2176	1745	1348	1298	2097	1656	861	1243	2211	1235	1127	1236	1211	2423	1150	1333	800	717	1441	1638	870	1482	1193	483	605	1281	1203	1318	1369	1676	1632	550	787	1411	1423	1157	1431	1516	1495	1088	1512	1578	1763	973	1451	1408	1051	1877	703	2171	548	1188	2022	1663	1083	1379	1766	1147	838	1375	1118	1276	1890	314	1871	1529	394	1229	1580	1127	858	1450	773	1407	1210	1111	1165	1142	464	761	763	1063	867	550	1253	1332	1257	860	1013	1050	948	1320	835	1320	1180	649	1941	561	633	794	1473	690	964	906	615	666	1429	716	598	1284	1645	917	999	1382	1061	883	1575	924	624	523	275	1240	1392	161	1215	1264	674	859	415	455	1061	666	394	397	1290	967	476	537	1235	915	689	753	645	659	959	1471	1013	584	603	1011	636	492	1316	447	357	752	410	420	1191	525	1315	1506	1262	1537	1189	1329	727	629	793	1003	1182	986	482	1536	910	1749	814	1406	815	1211	1341	548	852	1081	625	1286	768	1213	1515	1084	362	1016	577	914	625	832	776	533	725	781	975	1615	1082	671	714	668	867	836	415	973	532	364	905	766	1384	983	657	1094	652	947	796	1254	547	864	656	635	1014	272	774	941	982	772	729	709	368	721	525	561	613	443	900	539	813	906	688	458	348	749	1097	868	958	681	699	1112	753	984	651	805	448	584	615	494	392	650	612	1074	613	596	640	659	802	462	282	829	618	643	394	447	495	908	733	555	731	462	492	561	926	619	494	422	521	568	425	764	495	522	782	591	400	516	481	359	481	567	502	375	636
POGZ	2375	19969	470	2054	2479	4173	3894	5755	4915	4388	5026	2711	3804	6218	6519	3038	2543	5065	2448	6855	4331	2100	2667	8071	2344	3816	5205	4414	4717	3431	5244	7571	2685	5248	1536	2371	4441	3207	2642	5782	4093	3189	2858	4196	2935	4357	3000	2577	4412	2047	1786	2763	3087	1177	4900	2376	5793	8170	1709	4334	2466	4630	4149	6354	7344	5002	5024	3886	1081	4241	4804	647	5108	5668	2726	4245	2473	4211	3110	3970	4920	2204	4075	7264	740	4213	6399	6132	6496	3323	2066	3161	1793	6349	3305	3916	2396	2174	1566	4601	6135	2316	4882	5787	1174	4332	6018	5093	6095	3193	742	4713	3890	6421	4564	2267	5719	1004	4137	2178	3875	7640	5598	1274	6186	5918	5420	5311	3631	629	3520	4604	2557	4012	5384	5046	5421	5554	3467	2087	6229	4017	4471	5874	1839	756	3328	6089	4934	2094	4392	1128	3604	1766	6249	1835	1067	5242	991	4804	5736	4583	2441	714	2518	5762	5237	1028	3408	4300	3388	3843	2203	2253	2524	1688	4409	1204	1100	2483	5374	3379	4272	5962	1482	2157	2051	2814	1319	5051	1234	5257	4796	3446	4637	2149	3676	5393	3704	5026	3831	4912	5173	2766	4807	2467	2327	1783	3402	2466	6242	2643	3829	5452	2107	5116	5589	3942	3471	1370	2357	2843	2373	2178	3229	2873	3409	3413	3487	3487	2131	2481	1909	2847	1244	4183	3128	2143	2050	3802	3018	1540	1924	4283	2159	2996	1798	1934	4512	1783	2849	1388	1145	3118	2924	1203	3087	2971	1164	909	1979	2521	2469	2615	3137	2932	513	834	2937	2657	2025	2020	2501	3088	1763	2799	3121	3170	1495	2623	2209	1653	3646	1122	4293	962	2166	3476	2213	1615	2365	2949	1570	1245	2006	2099	1995	3432	519	3376	2395	771	1404	2580	1670	1132	2483	772	2336	1751	1747	1997	1872	591	1323	1035	1545	915	692	1948	2334	1992	1268	1574	1589	1411	2450	1483	2148	1854	832	3248	1161	820	1190	2478	1086	1661	1234	1272	933	2355	1057	907	2021	2603	1386	1565	2417	1730	1516	2431	1402	1014	896	585	1800	2349	394	1673	1834	1106	1695	908	963	1935	1223	897	524	2107	1471	765	915	2116	1381	717	1140	786	963	1400	1661	1657	853	997	1507	860	684	1933	699	670	1204	677	702	1864	789	2049	2387	2086	2321	1802	2123	1121	589	1057	1602	1884	1278	600	2513	1357	2291	1318	1796	1279	1391	2007	793	1172	1503	791	2229	1121	1840	2240	2357	683	1758	765	1328	798	1360	1342	1023	1375	1242	1507	2657	1598	948	1146	1202	1589	1161	634	1598	758	523	1317	1120	2406	1441	1230	1545	855	1560	1275	1744	650	1247	756	1026	1682	453	1061	1678	1495	1054	968	1048	520	887	714	807	977	625	1164	670	1094	1620	932	679	519	1301	1433	1214	1279	1031	1026	1854	959	1545	930	1240	588	1009	875	771	619	651	782	1835	803	1009	884	706	1073	675	502	1062	607	796	524	610	610	1204	919	747	1002	710	590	739	1319	971	608	566	635	1040	547	1001	739	598	1012	891	563	757	575	556	630	847	638	538	621
SUZ12	187	470	1967	301	135	388	623	580	733	324	782	209	441	766	620	149	508	265	282	331	236	276	281	815	245	688	785	190	756	549	452	658	339	210	196	335	592	389	497	706	405	283	122	430	419	779	227	356	523	266	821	241	511	157	653	309	896	846	187	772	296	783	557	619	445	695	450	355	136	535	569	112	375	412	302	225	117	479	458	725	454	226	522	491	103	378	747	671	625	597	291	556	178	858	393	486	916	287	169	731	929	350	432	759	177	603	388	777	501	405	110	682	512	419	267	370	424	135	692	339	404	540	754	148	801	374	402	432	657	83	549	715	394	490	228	595	800	734	519	324	521	544	401	252	136	47	38	270	274	224	480	99	538	142	793	226	167	237	91	695	338	325	213	165	161	330	262	98	153	270	271	647	389	436	216	256	616	89	230	280	724	273	382	268	233	157	169	429	112	301	186	576	199	211	466	247	538	272	53	222	82	228	181	102	197	77	16	67	168	43	286	237	80	201	93	507	314	149	39	36	116	56	213	120	188	163	271	133	206	222	142	25	52	126	69	274	227	129	163	158	164	148	124	173	155	62	98	106	335	138	39	33	111	94	281	93	465	138	42	48	136	124	129	80	481	333	79	76	567	309	256	212	303	488	96	405	184	391	153	323	221	150	452	46	287	36	119	367	149	155	158	198	177	150	215	185	197	345	28	509	329	37	143	219	89	140	294	86	234	169	227	366	303	78	220	128	163	119	76	253	324	205	146	186	204	225	249	196	267	233	121	246	273	98	160	156	208	202	152	359	119	292	136	109	250	270	158	175	349	115	130	101	168	175	98	102	191	146	16	121	145	49	254	43	41	73	109	101	72	235	165	98	112	231	160	90	130	93	111	199	166	320	109	123	178	115	84	179	93	58	168	86	112	204	86	186	246	268	251	163	194	157	66	113	167	124	117	48	299	188	252	68	182	122	142	238	91	142	98	95	376	72	66	207	112	47	269	98	129	67	123	178	214	211	173	180	309	162	111	158	178	204	125	96	215	103	71	159	147	242	179	105	96	77	173	132	229	87	155	109	80	142	78	132	201	140	138	121	135	74	125	74	84	132	80	136	84	139	144	118	91	82	114	192	169	202	142	128	256	116	193	87	110	66	130	115	108	76	98	113	184	115	153	122	83	159	96	48	126	85	99	72	72	80	137	116	91	142	88	83	90	157	119	124	72	82	138	69	129	96	44	140	86	63	79	54	34	95	95	72	70	67
MXD3	1336	2054	301	7147	856	1909	2306	2795	3034	1642	2858	1518	2143	2931	2553	1014	1448	1243	1535	2019	1092	1732	1757	3291	1335	2424	2909	1008	3021	2014	1992	2980	2073	1254	1443	1594	2824	2162	1473	2603	2193	1319	930	2298	1971	1897	1286	2184	2808	1655	1155	1558	2052	1095	2895	2021	3349	3342	1052	2843	1986	2207	2428	2776	2178	3003	1771	1623	891	2571	2933	302	1836	1897	1792	1397	757	1624	1966	2420	2134	1362	1988	2168	590	1942	3044	2725	2818	2167	1170	1768	1164	3503	1747	2374	1525	1618	1224	2430	2763	1863	1974	3107	904	2532	1746	3092	2640	2044	406	2990	2087	2276	1573	1539	2117	530	2342	1658	2565	2557	3078	1105	2765	2100	2164	1801	2125	630	2326	2884	1663	2115	1136	2796	2903	3046	2267	1695	2098	2616	2141	1259	469	273	376	1488	1079	1420	1890	768	2234	503	2377	1415	690	1397	581	2103	1960	1711	1208	339	841	1963	1500	612	1001	1083	1049	2638	1431	1391	1381	1271	1880	271	712	1435	1471	1525	1809	1682	1165	1010	1184	905	569	1572	897	2388	1367	1033	2457	1689	2480	1676	579	1401	583	1543	1487	615	907	417	289	465	821	261	1610	1321	673	1172	421	2258	1776	980	466	191	880	517	1126	866	1221	1067	1388	794	1241	1326	745	309	482	516	372	1518	1350	972	979	1229	944	462	705	1239	1165	450	722	756	1917	863	271	251	580	505	1198	761	1646	563	290	296	910	667	669	456	1921	1885	659	298	1868	1164	1013	1255	1757	2042	782	1823	1168	1981	1030	1258	1555	999	2617	428	1406	304	699	2161	1202	1120	1048	1482	1211	1026	1572	1042	1296	1880	198	2257	1930	158	1205	1530	804	1066	1584	693	1219	1140	1617	1474	1121	628	885	943	1223	1002	587	1614	1904	1358	898	1130	1187	1238	1613	1129	1764	1606	864	1531	729	856	1099	1125	946	1409	1094	880	822	1375	1020	795	1633	1752	1059	1439	2058	754	841	937	1145	899	479	337	1313	1038	67	908	1090	340	1011	204	183	366	432	516	394	1405	1111	611	625	1363	1011	683	987	791	879	1299	1021	1086	789	753	1034	785	499	1273	465	339	1033	578	538	1343	436	1138	1561	1644	1777	1254	1205	1055	577	816	1058	967	973	527	1904	968	1486	419	1022	859	1090	1548	634	972	725	740	1437	599	563	1384	808	274	1348	741	911	563	861	1056	712	852	1006	1234	2027	1097	888	924	887	1065	949	567	1364	739	476	891	1004	1391	946	580	687	600	1128	934	1275	481	990	695	538	837	257	950	1236	1000	958	785	943	366	827	525	646	790	511	993	668	1086	906	779	529	425	570	1250	1106	1316	859	751	1556	928	1234	768	762	563	720	717	614	510	672	802	1105	833	809	824	690	989	434	254	803	690	818	404	443	610	1079	904	690	1003	636	636	644	1182	813	596	535	624	610	574	879	639	392	978	513	441	608	432	300	526	609	652	508	556
DLX6	1614	2479	135	856	8177	2114	1611	2424	1696	2582	1780	1531	1619	2568	3033	1457	869	2941	1366	3413	2516	857	1094	3607	1202	1379	1862	2061	1517	1346	2744	3193	1136	3002	671	893	1754	1401	1045	2615	2179	1551	1362	2150	1264	1789	1751	1100	1590	895	539	1529	1087	568	1767	970	1974	3320	901	1258	944	1838	1589	2900	3376	1716	2676	2195	573	1825	2026	244	2638	2915	1282	2549	1467	2262	1223	1430	2452	1095	1862	3518	361	2192	2833	2664	3191	1009	1022	1348	782	2118	1251	1629	1033	1072	1079	1884	2771	799	2461	2230	723	1658	3187	1894	3032	1166	397	1624	1565	3397	2949	878	2643	390	1469	719	1569	2722	2077	828	2507	3152	2784	2787	1178	377	1316	1513	1130	1339	2982	2092	2229	2182	1188	860	3037	1535	2122	3166	974	461	2081	3214	2785	1099	2042	769	1347	1125	2908	874	377	3038	558	2141	3058	2395	1226	205	1460	2954	2933	662	2320	2600	2106	1105	648	699	1073	899	2281	698	378	1373	2816	1689	2191	3233	704	1639	1316	1432	920	2705	470	2347	2943	2565	2278	1007	1146	3001	2198	3078	2502	2931	3013	1666	2751	1715	1703	1162	2496	1822	3230	1292	2362	3006	1274	2416	3084	2277	2308	1224	1667	1827	1598	1345	1982	2263	2035	2297	1984	2157	1489	1812	1622	2020	932	2418	1871	1392	1325	2498	1925	1084	1416	2428	1134	1473	1349	1426	2371	1140	2018	1315	744	2017	1787	771	1301	1651	700	816	1257	1535	1713	1981	1257	1313	388	465	972	1296	1079	1130	1139	1155	1160	1208	1602	1423	815	1408	1068	919	1262	863	2436	584	1429	1682	1658	904	1268	1531	939	699	998	1116	935	1679	363	1281	1134	519	886	1179	947	600	1252	642	1172	1013	756	846	1013	320	621	529	803	600	440	885	884	1074	751	809	794	617	1003	662	876	800	457	1970	388	428	515	1416	465	623	637	436	502	1229	478	409	925	1260	679	621	853	1077	770	1584	678	413	457	201	938	1505	222	1276	1014	844	692	557	616	1535	689	387	320	992	711	403	433	963	744	629	537	463	499	641	1299	887	433	469	799	449	412	969	378	373	382	324	324	915	530	1336	1215	918	1097	901	1220	532	525	583	871	1166	765	342	1036	711	1474	1095	1011	719	1114	1079	459	655	1154	456	1042	840	1455	1306	1093	353	684	417	769	646	681	451	372	670	588	716	1144	895	485	562	510	744	646	327	699	381	333	807	524	1142	936	725	1076	569	745	663	1039	521	670	528	650	965	190	577	694	910	577	659	508	301	560	416	458	467	388	670	356	562	892	501	364	284	716	823	613	597	495	581	792	529	750	522	782	349	488	494	398	348	528	434	883	403	482	453	522	591	442	288	706	472	418	308	412	363	651	525	346	511	318	335	467	648	446	417	331	388	496	294	581	407	484	533	569	352	444	449	346	394	492	366	257	540
RBPJ	2220	4173	388	1909	2114	13857	3386	4576	3800	3729	3937	2528	3459	5265	5449	2463	1881	4028	2139	5144	3309	1863	2380	6243	2170	2984	4135	2814	3697	3024	4449	5796	2311	4019	1300	1863	3914	2813	2098	4832	3963	2843	2292	3945	2471	3398	2863	2315	3810	1843	1457	2688	2612	1067	4155	1974	4675	6241	1523	3239	2284	3847	3602	5107	5232	4224	3866	3417	966	3455	4147	494	4374	4630	2476	3654	2364	3593	2769	3192	4273	2240	3453	5280	698	4002	5509	4958	5393	2495	1779	2512	1818	5190	3066	3405	2169	1955	1475	3880	5074	1971	4192	4795	1037	3632	4673	4218	5091	2575	639	4167	3443	5155	3743	1922	4676	763	3174	1912	3590	4746	4649	1131	4738	4962	4786	4488	2969	633	2921	3578	2228	3327	3831	4330	4596	4564	2851	1751	4715	3524	4234	4211	1662	611	2611	4758	3705	2005	3862	1100	2865	1513	4710	1651	877	4177	826	3854	4651	4091	2345	475	2013	4860	4421	986	3035	3531	2912	3017	1622	1699	2067	1486	4044	862	895	2441	4069	3136	3542	4620	1403	1986	2081	2118	1285	4206	1062	3964	3917	2838	3938	1942	3082	4227	2902	3987	2876	4123	4191	2234	3408	2014	1979	1723	2709	1853	4593	2139	2620	4042	1464	3991	4720	3091	2697	1173	2297	2329	2368	1962	2729	2588	2819	2823	3136	3385	1905	2033	1845	2023	1138	3505	2773	1910	1853	3354	2725	1438	1810	3601	1879	1892	1697	1976	4021	1739	2185	1141	1076	2481	2780	1252	2465	2069	716	883	1763	1986	2056	2049	2649	2511	488	663	2266	2419	1944	1919	2236	2442	1595	2462	2546	2800	1367	2268	1929	1551	2935	981	3556	812	1791	2913	1978	1536	2022	2896	1484	1171	1840	1765	1896	3073	450	2899	2305	629	1336	2436	1735	1061	2147	785	2085	1764	1548	1597	1750	549	1110	960	1401	822	696	1724	2025	1724	1114	1360	1505	1167	2126	1338	1868	1657	711	3008	937	737	1027	2325	921	1301	1139	1057	857	2303	939	732	1755	2344	1293	1316	1943	1588	1353	2463	1308	1017	834	446	1627	2071	290	1581	1821	925	1342	701	752	1669	1109	683	502	1902	1282	694	815	1831	1206	675	1046	741	896	1248	1631	1587	786	810	1410	762	668	1902	700	547	1003	622	674	1700	819	2119	2402	1863	2107	1753	2114	1026	599	1144	1466	1719	1196	527	2298	1199	2135	1011	1669	1118	1289	1898	736	1034	1531	696	1840	1107	1863	2040	1695	548	1439	699	1349	704	1265	1125	937	1141	1147	1414	2394	1495	809	1044	1080	1335	1091	559	1451	696	478	1274	1019	2164	1476	1055	1409	806	1337	1128	1597	644	1091	748	892	1539	339	1006	1535	1388	1083	1015	927	491	923	667	739	910	639	1127	594	975	1406	864	625	511	1105	1258	1086	1113	919	969	1645	937	1366	789	1137	551	904	807	742	576	637	720	1598	706	964	772	611	946	623	471	1002	567	722	553	529	574	1089	827	691	967	577	547	698	1230	797	590	512	562	912	503	1005	693	632	938	829	553	705	579	519	604	793	567	484	615
MXI1	2190	3894	623	2306	1611	3386	15969	5288	5274	2925	5516	2536	3512	5696	5597	2002	2666	3146	2301	4281	2684	2090	2559	7434	2111	4211	5432	2228	4942	3422	4121	6023	2818	3057	1600	2351	5102	3072	2733	4960	3654	2907	1838	3771	2801	4093	2235	2678	4532	2057	2050	2389	3068	1178	5022	2509	6002	7383	1502	5109	2469	4504	4133	5494	4539	5029	3486	2975	1106	4184	4627	1039	3812	4339	2515	2856	1864	3399	3017	4103	3883	1938	4052	4797	720	3462	6658	5404	5130	3484	1818	3344	1879	6755	3301	3903	2542	2212	1528	4584	5613	2725	3994	6253	1214	4174	4066	5375	4751	3057	1103	5026	3587	4739	2830	3046	4758	1120	4436	2380	3647	4800	5643	1277	5405	4270	4100	3984	3849	677	3771	4987	3700	4183	3195	5046	5322	5578	3831	2306	4793	4394	4200	3406	1542	535	1689	3775	2964	2088	3694	1069	3409	1556	5330	1838	966	3282	884	4008	4093	3535	1990	589	1632	4291	3473	863	2138	2692	2326	4294	2431	2366	2167	1778	3718	774	1237	2271	3677	3173	3440	3717	1551	1611	1772	2165	945	3196	1214	4338	2787	2142	4125	2178	3970	3394	1796	3084	1966	3137	3324	1630	2606	1167	1118	1185	1851	984	3750	2007	1669	3092	1135	4556	3835	2306	1582	646	1843	1374	1873	1524	2079	1858	2563	1905	2681	2537	1365	1160	1090	1353	842	2829	2337	1688	1656	2398	2020	1060	1305	2642	1637	1295	1484	1382	3474	1348	1202	608	897	1604	2278	1052	3204	1687	486	556	1403	1488	1589	1160	3649	2772	616	822	3342	2277	1883	2282	2402	3487	1309	3305	1891	2984	1402	2322	2184	1458	3521	788	3273	602	1534	3242	1835	1418	1734	2394	1548	1221	2006	1525	1967	2965	359	3815	2878	457	1514	2264	1502	1214	2315	807	2586	1708	1778	2099	1761	664	1176	1115	1515	1014	701	1936	2347	1821	1278	1507	1633	1716	2248	1388	2158	1886	924	2767	1283	864	1286	2071	1297	1600	1279	1416	912	2092	1091	854	2050	2458	1311	1687	2688	1270	1314	1860	1390	1228	1006	609	1823	1662	291	1246	1664	775	1827	654	689	991	869	900	524	1961	1408	720	832	1913	1279	725	1203	864	939	1496	1483	1621	884	897	1454	916	670	1964	626	480	1406	630	681	1766	720	1802	2282	2035	2409	1726	1758	1129	614	1207	1421	1574	1297	625	2630	1489	2061	735	1624	1179	1292	1930	754	1096	1145	846	2218	903	1161	2028	1453	473	1964	787	1310	632	1128	1496	1055	1294	1234	1674	2625	1478	994	1144	1149	1427	1209	622	1567	785	544	1239	1163	2077	1272	961	1229	702	1406	1194	1670	618	1179	799	756	1376	597	1060	1534	1411	1087	954	1111	567	911	645	781	978	661	1211	672	1194	1222	935	643	511	1122	1526	1311	1439	1112	1091	1855	1002	1446	823	1070	564	938	863	766	558	691	869	1690	844	960	931	735	1095	595	457	1090	700	887	513	535	660	1263	973	759	996	662	618	735	1352	888	682	580	637	976	572	1011	731	501	1122	729	509	734	553	410	632	780	662	543	624
MGA	2799	5755	580	2795	2424	4576	5288	26873	7202	4619	7195	3585	4577	7955	7617	3186	3079	4729	2912	6651	3988	2864	3291	10302	2847	5093	7588	3136	6838	3882	5451	8830	3574	4994	2068	2778	6655	4011	3136	6516	4638	3966	3153	4674	3632	5111	2921	3545	6490	2645	1937	2965	3990	1465	6794	3367	8147	11661	2014	6692	3154	5452	5178	7852	7415	7420	5068	3865	1436	5789	6576	866	6832	5814	3396	4045	2504	4084	4178	5180	5426	2352	4723	7371	848	4589	8229	7328	7368	4263	2332	3800	2621	10477	3921	5183	3004	2709	1995	5219	7017	3419	5360	8264	1329	6148	5773	7748	7588	3674	883	6320	4966	6931	4420	2899	6754	1111	5397	2872	4916	7131	8312	1624	8146	6106	5943	5544	4340	859	4907	6425	3678	5529	5126	6651	6856	7539	4537	3344	6406	5401	5604	5658	2011	853	3828	5980	4987	2880	5080	1479	4093	1835	7085	2449	1062	5041	1252	5656	5993	5405	2448	915	2574	6167	5412	1263	3206	3981	3367	5570	2693	2823	3143	2178	4476	1117	1161	2665	5424	3989	4849	5784	1672	2359	2192	2983	1243	4767	1513	6433	4622	3019	5923	2900	5155	5663	3767	4937	3405	4911	5257	2669	4265	2199	2104	1885	3187	2088	6438	2814	3267	5372	1865	7159	5546	3817	2921	1119	2649	2406	2390	2403	3437	2894	3597	3439	3698	3570	2138	2217	1751	2513	1233	4352	3400	2431	2053	3959	3060	1357	1792	4339	2333	2249	1865	1866	4526	1706	2570	1226	1293	2921	2794	1180	3706	2709	893	838	2065	2229	2395	2319	4505	4095	677	947	4184	2769	2391	2513	3276	4425	1741	4792	3062	4290	2046	2725	2885	1998	5004	1192	4260	1016	2144	4288	2622	1791	2545	3573	2385	1612	2667	2315	2644	3945	506	5110	3176	808	1826	3422	2212	1470	3268	947	3189	2095	2366	2617	2014	773	1577	1328	2067	1252	730	2661	3130	2446	1691	2070	2018	2077	3021	1914	2929	2457	1171	3844	1358	1059	1854	2726	1370	2065	1580	1439	1187	2483	1345	1016	2784	3424	1730	1976	3342	1916	1844	2856	1866	1500	1131	751	2308	2372	378	1818	2355	1060	2472	887	925	1675	1432	1169	669	2565	1874	870	923	2507	1739	906	1482	1042	1224	1874	1865	1961	1103	1219	1977	1158	743	2532	837	651	1600	941	877	2435	803	2239	2708	2716	3085	2139	2231	1490	771	1415	1958	2243	1674	764	3135	1495	2639	1197	2179	1625	1728	2314	980	1325	1466	1097	2483	1273	1752	2701	2378	755	2260	1042	1563	858	1604	1749	1206	1747	1551	2105	3439	1929	1298	1516	1340	2038	1461	739	2021	973	778	1615	1469	2765	1533	1263	1740	1099	1868	1686	2187	776	1485	900	1111	2064	582	1348	1888	1861	1183	1081	1438	500	983	832	997	1194	682	1498	846	1495	1689	1302	836	649	1330	1993	1811	1802	1395	1277	2449	1218	1951	1048	1444	698	1204	1114	915	793	827	1028	2080	998	1158	1154	918	1422	716	507	1233	854	1064	535	970	842	1589	1221	881	1234	824	767	921	1697	1124	727	734	749	1155	706	1083	904	641	1416	1047	670	926	652	624	757	955	822	696	732
RBFOX2	2326	4915	733	3034	1696	3800	5274	7202	27509	3779	9458	2800	4310	7314	6437	2190	3399	3115	2831	4488	2694	3030	3084	9803	2723	5751	10748	2102	8849	3910	4268	7357	3859	3236	2334	3259	6327	4085	3317	6036	3852	3581	2155	4251	3709	5069	2200	3706	7436	2773	2370	2436	4265	1616	7560	3895	9405	10000	1980	9915	3485	5480	5219	7358	5538	7766	4165	3151	1552	6180	6648	865	5003	4306	3229	2744	1543	3281	4167	5605	4744	2183	4988	5681	866	3674	7729	6513	6517	4896	2289	4013	3074	11320	3781	5262	3207	2914	1828	5370	6764	5707	4529	8559	1373	5948	3992	8704	6267	4132	864	7058	4621	5510	3440	3330	6063	1172	6926	3867	5041	6167	8838	1586	7659	4525	4828	3944	5192	853	4716	8599	3288	6081	3352	6789	6783	9470	5251	4013	5599	6253	5613	3558	1333	649	1962	3858	3214	2741	4283	1504	4464	1341	6641	2582	1247	3123	1063	5299	4407	4168	1983	840	1921	4740	3669	1212	2093	2493	2463	7329	3281	3622	3006	2405	3703	811	1343	2469	4419	3615	4391	3980	1872	1752	1732	2675	897	3352	1958	7028	2970	1998	5260	2955	6626	4131	2092	3249	1772	3390	3379	1695	2664	1262	1081	1219	2007	1165	4346	2477	1784	3405	1284	8468	3849	2686	1327	498	1561	1235	1773	1832	2604	2193	2941	2013	2905	2586	1818	1015	1032	1556	893	3202	2603	1708	1917	2698	2034	967	1288	2699	2319	1010	1345	1264	3463	1121	1293	664	1078	1783	2050	1061	4303	1829	489	557	1795	1505	1590	1322	3744	3960	768	856	4885	2336	2105	2172	3371	6560	1221	5769	2387	4014	1934	2373	2876	1916	5392	788	3371	671	1483	4268	1972	1512	2004	3173	2274	1557	2711	1918	2878	3503	311	4518	3010	609	1753	3120	1736	1535	3176	828	2492	1960	2594	2891	1860	870	1715	1468	2087	1274	720	2828	3456	2712	1750	2081	1990	2643	3002	1937	3130	2565	1387	2677	1676	1172	1628	2460	1505	2395	1614	1673	1176	2342	1568	1228	2970	3313	1735	2103	3754	1444	1581	2009	1915	2057	1473	652	2197	1844	224	1729	2166	671	2075	589	575	990	1067	2023	666	2511	1933	884	956	2435	1733	889	1679	1088	1226	2003	1662	1861	1219	1320	1861	1226	727	2506	797	742	2275	925	880	2499	680	1760	2406	2811	3139	1998	1867	1669	649	1565	1790	1793	1532	784	3140	1522	2547	787	1894	1669	1605	2307	1012	1380	1115	1206	2642	1042	1041	2472	1693	582	2837	1097	1245	755	1401	2619	1611	1844	1637	2434	3402	1790	1387	1551	1439	2106	1484	793	2131	1106	812	1525	1603	2583	1311	1081	1310	1054	1970	1735	2167	737	1581	960	979	1737	641	1369	2132	1653	1199	995	1619	480	944	806	1016	1262	690	1499	922	1712	1500	1317	880	671	1124	2224	1946	2092	1687	1495	2619	1245	1994	1015	1272	747	1279	1107	896	820	828	1128	2019	1164	1174	1355	984	1538	643	438	1166	886	1131	527	669	922	1650	1324	986	1321	922	808	937	1787	1281	792	771	804	1325	739	1146	886	552	1673	906	667	908	534	510	787	902	850	782	623
HNF1A	2220	4388	324	1642	2582	3729	2925	4619	3779	17705	3875	2761	3099	4836	5566	2464	1686	5000	2089	6211	4160	1619	2042	6763	2063	2562	4122	3119	3239	2454	4517	5714	2140	5474	1218	1740	3375	2642	1856	4453	3468	2308	2345	3603	2249	3149	2669	1972	3345	1696	1183	2426	2235	967	3470	1854	3956	6340	1504	3010	1843	3387	3019	5258	6452	3721	4433	3484	979	3207	3753	501	4840	4981	2299	3853	2251	3585	2362	2888	4398	1837	3408	6779	642	3614	5162	4587	5518	2119	1799	2301	1628	4608	2388	3109	1883	1852	1398	3322	4811	1829	4122	4416	950	3165	5634	3771	5565	2223	613	3257	3053	5755	4761	1713	4490	692	3160	1606	3020	4976	4269	1082	4767	5370	4975	4640	2441	557	2529	3326	2119	2633	5510	3998	3974	4340	2527	1532	5712	3152	4102	5824	1304	764	3945	5719	4768	1819	4198	1126	2456	1721	5259	1588	772	5327	981	4111	5274	4134	1989	370	2649	5149	5146	1029	3509	4238	3534	2562	1418	1523	2087	1403	3601	1163	767	2268	5126	3163	3757	5993	1295	1998	1893	2323	1315	4559	961	4467	5138	3418	3854	1786	2580	5511	3917	5140	4130	4981	5065	2635	4721	2776	2615	1908	3587	2888	6419	2098	3606	5068	2033	4830	5137	3597	3709	1600	2459	2745	2273	2198	3400	3206	3289	3406	3379	3504	2410	2691	2421	3097	1426	3961	2920	2078	1955	4416	3057	1560	2098	4089	2017	2163	1846	1917	3833	1579	3434	1769	1135	3329	2669	1095	2479	2802	948	1055	1951	2355	2653	3092	2423	2431	480	722	2082	2062	1796	1819	2116	2431	1762	2460	2734	2522	1388	2221	1927	1541	2524	1168	3990	961	2221	2975	2145	1390	2116	2726	1368	1092	1721	1801	1797	2933	488	2474	1960	827	1195	2541	1657	1009	2030	708	2039	1567	1409	1458	1571	540	1076	926	1350	802	639	1606	1691	1713	1107	1596	1517	1118	1922	1180	1727	1437	718	3109	834	719	945	2439	798	1248	1093	976	947	2146	872	708	1646	2235	1400	1224	1715	1776	1329	2689	1429	847	841	413	1514	2234	346	1801	1864	1106	1344	886	925	2173	1203	757	565	1840	1307	635	726	1740	1259	724	1032	718	830	1150	1704	1414	728	814	1579	748	615	1787	662	1046	930	564	584	1876	790	1967	1993	1693	1996	1688	1896	964	588	1061	1410	1741	1206	560	1900	1099	2072	1404	1896	1135	1359	1695	725	970	1558	755	1683	1247	2120	2075	1792	625	1416	706	1134	758	1217	1062	856	1120	1058	1367	2105	1482	832	1000	1091	1289	1069	560	1278	667	483	1286	932	2276	1307	1084	1453	866	1319	1147	1487	613	1062	706	989	1787	345	1084	1327	1339	919	895	924	435	789	764	738	895	564	1082	704	962	1456	856	741	564	1061	1241	1032	1036	908	952	1472	860	1460	722	1196	548	1033	894	703	564	617	712	1565	685	870	762	639	968	602	431	911	553	708	486	575	557	1106	850	649	887	563	526	709	1161	769	557	516	544	860	492	876	647	661	908	942	557	715	565	479	623	722	573	486	597
POLR2A	2346	5026	782	2858	1780	3937	5516	7195	9458	3875	24607	2864	4367	7460	6582	2350	3631	3393	2905	4735	2933	2870	3030	9962	2686	5645	10126	2328	8295	4090	4577	7567	3698	3492	2158	3268	6270	3956	3567	6334	3985	3062	2420	4293	3671	5360	2336	3516	6880	2645	2464	2559	4222	1509	6976	3582	8725	9952	1938	9005	3250	5719	5264	7262	5656	7422	4360	3301	1456	6041	6316	954	5228	4633	3191	2901	1738	3485	4064	5558	4789	2097	5533	5891	849	3873	8059	6751	6491	4918	2334	4255	2668	10445	3705	5327	3311	2795	1825	5553	6990	4502	4725	8555	1382	5801	4293	8283	6288	4044	921	6631	4688	5712	3418	3475	5590	1279	7675	3263	4836	6398	8544	1551	7792	4754	4928	4268	5085	816	4707	8670	3411	5304	3597	6617	6873	8739	5176	3514	5968	5990	5422	3889	1243	680	2009	4148	3555	2755	4475	1415	4554	1539	7001	2400	1222	3404	1076	5391	4617	4292	2106	1024	1987	4861	3876	1150	2240	2723	2553	6355	3292	3524	2912	2313	3949	819	1395	2507	4756	3778	4394	4253	1829	1896	1825	2864	968	3569	1751	6637	3157	2166	5253	2814	5799	4199	2385	3500	1975	3452	3589	1842	2905	1354	1314	1310	2121	1177	4704	2499	1848	3760	1359	8149	4105	2913	1501	559	1708	1342	1907	1893	2626	2156	2992	2148	3002	2695	1843	1193	1089	1619	931	3340	2736	1794	1983	2778	2156	1072	1365	2964	2252	1268	1503	1374	3677	1210	1369	701	1128	1994	2218	1088	4897	1979	544	542	1762	1603	1719	1384	3852	3751	726	973	4788	2242	2268	2326	3250	6018	1313	5548	2397	4024	1873	2488	2801	1836	5026	810	3666	701	1653	4214	2026	1577	2080	3081	2052	1520	2593	1956	2696	3527	373	4523	3021	603	1755	3077	1751	1455	3169	845	2614	1933	2409	2770	1985	796	1644	1400	1975	1210	735	2639	3192	2655	1685	1985	1962	2400	2905	1885	2901	2418	1261	2894	1681	1086	1551	2550	1467	2176	1565	1694	1115	2337	1435	1126	2800	3250	1681	2010	3438	1495	1622	2084	1858	1723	1411	719	2218	1894	271	1640	2165	735	2169	682	684	1037	1122	1554	650	2461	1840	866	970	2389	1660	848	1558	1031	1166	1892	1670	1941	1130	1252	1824	1141	745	2429	807	661	1963	827	851	2383	747	1833	2427	2668	2999	2009	1915	1542	644	1505	1814	1811	1528	732	3096	1595	2487	811	1925	1578	1560	2261	985	1339	1141	1105	2671	1009	1121	2441	1750	584	2640	1030	1224	730	1365	2219	1457	1816	1586	2252	3322	1789	1265	1479	1415	2056	1433	762	2023	1021	767	1526	1508	2606	1365	1083	1370	949	1874	1642	2132	726	1496	929	949	1760	686	1319	2055	1640	1176	1009	1485	489	926	770	976	1209	683	1447	845	1573	1525	1243	834	625	1232	2048	1759	1919	1531	1419	2463	1186	1897	993	1273	710	1230	1055	881	774	821	1063	2029	1060	1164	1244	909	1427	674	458	1204	833	1079	522	654	845	1569	1238	898	1221	860	742	894	1688	1178	772	718	756	1338	703	1133	883	539	1519	920	666	903	567	491	773	893	799	718	639
ARNTL	1731	2711	209	1518	1531	2528	2536	3585	2800	2761	2864	9285	2402	3566	3497	1735	1361	2520	1624	3238	2099	1408	1726	4210	1666	2040	2968	1689	2586	1907	2718	3769	1851	2667	1135	1350	3019	2111	1480	3012	2569	1655	1582	2550	1811	2203	1754	1724	2635	1460	829	1815	1797	839	2769	1648	3240	4342	1255	2320	1490	2430	2541	3642	3430	2975	2563	2198	885	2665	2987	319	3054	2965	1873	2342	1442	2277	1950	2347	2913	1428	2304	3400	549	2577	3679	3334	3478	1739	1353	1802	1318	3696	1800	2541	1444	1497	1180	2530	3269	1511	2618	3509	808	2565	2964	3009	3570	1671	447	2643	2391	3381	2444	1423	2900	504	2239	1318	2346	3227	3279	1008	3349	3153	3138	2692	1864	549	2189	2624	2147	2100	2467	3064	3105	3289	2145	1311	3143	2625	2835	2656	868	514	1714	2899	2417	1501	2593	906	1834	1087	3153	1375	584	2749	742	2892	3029	2778	1446	272	1585	3127	2849	839	1953	2138	1791	2075	1159	1117	1574	1126	2434	555	526	1642	2585	2252	2417	2937	1042	1466	1438	1376	889	2499	770	2728	2565	1823	2947	1585	2110	2941	1944	2672	1966	2612	2817	1627	2146	1346	1347	1168	1842	1186	3245	1571	1823	2605	1003	2964	2925	2129	1708	839	1944	1483	1551	1533	2021	1864	2037	1925	2143	2167	1294	1494	1301	1372	758	2495	2123	1612	1310	2618	1837	946	1259	2613	1442	1165	1266	1242	2479	1143	1446	810	880	1675	1822	884	1689	1363	510	647	1460	1313	1511	1314	2495	1931	479	497	1638	1538	1353	1471	1737	1821	1191	1885	1777	2141	1163	1635	1626	1246	2173	788	2327	654	1373	2311	1599	1097	1677	1957	1123	969	1532	1374	1494	2218	320	2221	1837	442	1072	2066	1328	924	1724	674	2062	1269	1205	1191	1205	508	896	796	1162	761	568	1435	1510	1308	864	1333	1347	982	1704	1015	1503	1273	662	2507	650	663	925	1761	700	1083	996	746	855	1471	825	645	1458	1941	1210	1135	1626	1267	1037	1906	1222	763	595	596	1305	1566	166	1258	1559	636	1626	424	445	1093	782	471	502	1510	1099	552	539	1407	1043	629	904	648	766	1047	1275	1137	641	723	1362	733	518	1540	496	384	761	466	510	1559	598	1449	1634	1509	1722	1431	1418	848	629	952	1210	1380	1055	523	1647	922	1550	808	1512	985	1084	1428	638	870	1097	669	1357	905	1189	1630	1324	458	1225	646	946	616	1038	857	671	898	912	1252	1829	1216	768	870	866	1096	988	463	1101	594	426	1069	857	1825	1006	750	1057	735	1098	927	1260	519	932	591	739	1324	301	960	1009	1210	768	762	844	377	690	678	641	739	507	975	652	885	1054	747	632	475	734	1063	986	982	813	765	1278	805	1304	662	944	499	846	815	573	495	564	634	1266	655	742	698	564	878	549	311	789	560	655	399	461	535	986	791	558	768	534	530	640	1035	696	476	484	505	634	485	739	568	578	849	804	457	618	500	401	544	637	555	425	544
ZNF788	2116	3804	441	2143	1619	3459	3512	4577	4310	3099	4367	2402	12741	5245	4705	2301	2000	2925	2285	3921	2396	2162	2620	5722	2266	3302	4529	2029	4306	3064	3563	5267	2683	2807	1594	2142	4280	3092	2088	4379	3450	2534	2131	3464	2948	3294	2293	2621	4319	2156	1587	2393	2983	1268	4542	2409	5143	5911	1577	3927	2466	3759	3831	4892	4409	4807	3121	2931	1106	3804	4551	502	3840	3719	3128	2742	1762	2917	3028	3658	3939	2133	3245	4413	794	3486	5243	4766	4750	2968	1870	2673	1931	5762	3099	3544	2269	2208	1572	3865	4723	2339	3529	5117	1090	3976	3591	4650	5051	2783	622	4553	3703	4317	2922	2109	4047	809	3520	2162	3685	4508	5018	1296	4759	3974	4011	3541	3194	737	3153	4151	2297	3536	2728	4414	4764	4926	3304	2085	3918	4219	3820	2981	1353	575	1595	3512	2667	2110	3690	1118	3043	1177	4234	1861	962	3010	890	3723	3699	3591	2186	509	1611	3879	3304	972	2074	2439	2096	3572	1925	1953	2113	1725	3391	592	952	2178	3202	2757	3211	3428	1491	1756	1734	1833	1036	3203	1218	3780	2796	2033	3875	2204	3487	3612	1980	2992	1785	3008	3068	1638	2307	1286	1217	1233	1892	947	3564	2111	1710	2924	1030	3846	3600	2348	1559	689	1747	1465	1892	1744	2232	1996	2374	2040	2539	2557	1370	1332	1172	1286	823	3024	2484	1664	1539	2637	2056	1033	1303	2858	1807	1295	1293	1471	3331	1454	1206	700	1010	1584	2252	1131	2538	1453	497	564	1565	1456	1515	1224	2709	2700	588	566	2640	2160	1809	1831	2827	2837	1311	2712	2169	3017	1410	1970	2144	1597	3441	733	2834	653	1405	3087	1771	1498	1957	2656	1578	1285	2070	1752	2016	3136	345	3036	2399	455	1459	2660	1633	1222	2299	813	1977	1664	1835	1784	1631	672	1201	1108	1696	977	684	1989	2375	1855	1154	1609	1699	1420	2336	1537	2178	1936	894	2441	985	893	1197	2048	1045	1588	1314	1173	996	2148	1166	894	2011	2557	1469	1534	2356	1431	1349	1995	1490	1138	833	432	1770	1752	182	1381	1884	605	1403	460	477	1017	910	700	557	2389	1443	769	869	2018	1312	708	1218	878	1007	1511	1514	1525	882	933	1496	914	646	2035	635	468	1195	706	762	1907	728	1773	2352	2130	2374	1893	1838	1408	610	1230	1564	1570	1327	613	2591	1299	2089	754	1693	1174	1294	1867	812	1171	1206	843	2002	905	1248	2075	1626	526	1724	853	1302	670	1337	1299	1042	1360	1304	1623	2708	1584	994	1147	1206	1453	1239	667	1659	840	562	1280	1207	2340	1362	937	1286	795	1540	1209	1746	638	1260	825	827	1503	376	1148	1564	1394	1119	968	1119	487	969	752	848	1034	632	1218	743	1199	1357	1004	705	571	976	1485	1284	1353	1062	1053	1900	1058	1586	915	1092	641	996	919	824	664	724	965	1727	874	1067	931	705	1161	564	445	1062	665	860	519	551	693	1263	970	794	1085	710	661	780	1419	961	653	618	666	950	597	1027	795	572	1111	830	566	776	545	500	634	846	689	568	663
POU2F1	3127	6218	766	2931	2568	5265	5696	7955	7314	4836	7460	3566	5245	25597	8263	3531	3380	5028	3172	6958	4183	2954	3677	10689	3106	5413	7707	3482	6932	4418	6072	9711	3788	5045	2163	3033	6625	4345	3469	7178	5392	4675	3392	5299	3847	5561	3358	3724	6767	2843	2364	3327	4253	1575	7499	3579	8798	11114	2126	6720	3520	6093	5779	8314	7665	7818	5184	4388	1484	5816	7556	939	6479	6526	3672	4580	3021	4657	4501	5601	6011	2810	5364	7888	964	5288	9073	8046	8016	4525	2493	4232	2830	10385	4923	5218	3362	2953	2077	6071	7991	3600	5931	8840	1473	6326	6223	7740	7906	4007	1011	7307	5386	7517	4716	3214	7565	1273	5819	3157	5527	7778	8488	1679	8166	6627	6556	6210	5063	903	4816	6759	3588	6254	5144	7334	7779	8168	5144	3233	7089	6118	6407	5624	2679	942	3439	6285	5073	3117	5807	1578	4457	2006	7590	2467	1228	5270	1381	6014	6431	5890	2961	890	2590	6807	5844	1269	3513	4328	3669	5842	3046	2985	3309	2352	5335	1132	1330	3021	5812	4543	5135	5996	1895	2489	2409	3121	1365	5308	1619	6389	4750	3387	6079	3030	5561	5776	3715	5170	3500	5150	5435	2906	4350	2330	2191	2060	3158	1982	6387	2917	3259	5267	1961	6776	6176	3927	2998	1209	2668	2540	2744	2542	3583	3024	3653	3478	4139	4087	2272	2401	1863	2520	1308	4775	3629	2511	2348	4198	3399	1564	1985	4810	2424	2305	2046	2110	5236	2045	2494	1342	1341	2924	3240	1430	4053	2741	928	857	2240	2345	2493	2304	4229	4047	746	1098	4356	3294	2672	2659	3483	4445	1900	4582	3277	4404	2008	3103	3001	2086	5177	1239	4742	1005	2283	4577	2636	1984	2768	3957	2284	1636	2772	2386	2998	4419	546	4727	3371	793	1958	3649	2406	1545	3318	1026	3142	2378	2459	2656	2340	826	1663	1429	2062	1268	863	2736	3307	2519	1726	2090	2198	2157	3132	2005	2974	2559	1262	3838	1526	1146	1638	3144	1470	2135	1665	1645	1227	2882	1466	1105	2950	3553	1828	2032	3319	2006	1942	3076	1897	1614	1248	704	2486	2512	383	1934	2539	1131	2200	923	993	1720	1490	1123	705	2713	1924	910	1047	2667	1723	918	1564	1095	1261	1982	2048	2149	1134	1201	1997	1170	845	2867	897	672	1800	952	949	2472	905	2450	3173	2883	3301	2464	2523	1575	782	1582	2035	2224	1707	790	3586	1729	2891	1234	2339	1643	1747	2575	1041	1421	1664	1100	2762	1312	1901	2915	2431	750	2398	1056	1834	902	1675	1990	1421	1756	1653	2176	3694	2057	1263	1533	1448	2011	1511	785	2179	1048	754	1746	1683	3087	1734	1346	1837	1060	1978	1642	2321	803	1549	999	1158	2102	665	1415	2077	1906	1379	1220	1436	659	1147	866	1020	1291	780	1587	880	1554	1773	1247	868	677	1483	2051	1739	1967	1437	1503	2597	1263	2005	1148	1466	762	1273	1131	1002	768	888	1087	2265	1087	1276	1270	964	1456	760	594	1330	871	1097	638	760	857	1659	1250	996	1327	875	806	982	1777	1196	799	742	803	1316	715	1289	957	707	1485	1066	720	941	699	669	833	1020	837	709	807
TFAP4	3193	6519	620	2553	3033	5449	5597	7617	6437	5566	6582	3497	4705	8263	33627	3908	2938	7293	2884	9940	6144	2479	3392	12433	2802	4665	6785	4384	5763	3929	7160	10779	3222	7698	1738	2509	6224	3821	3102	7098	5468	5972	3782	5336	3267	5332	3712	3162	6110	2409	1989	3451	3433	1330	6685	2845	7948	12182	1935	5651	3403	5988	5048	8302	9670	6704	5709	4881	1301	5048	6243	932	6940	8475	3245	5874	3898	5314	3828	4563	6113	2749	5120	9694	849	5383	9901	8255	8286	3625	2346	3705	2967	10320	5062	4614	2885	2547	1913	5557	8030	3154	6833	8113	1292	5395	8739	7115	8179	3600	1028	6634	4541	8827	5781	2928	9682	1197	5050	2779	5236	7964	8151	1478	7524	8510	7842	8024	4615	806	4360	5681	3524	7351	8278	6844	7263	7279	4222	2784	8526	5405	7488	8881	3692	935	5455	9031	6574	3257	5662	1519	3859	2319	7908	2090	1145	7644	1359	5895	8202	6516	2989	699	3238	9287	8120	1209	4714	6128	5053	5040	2446	2339	3293	2060	5703	1642	1134	3042	6715	5104	5428	8979	1743	2622	2455	3011	1512	7114	1415	6088	6813	4360	5592	2547	4878	7541	5680	7092	5500	7392	7853	3906	6908	3403	3104	2650	4202	2986	8887	2831	4497	8415	3015	6772	8181	5577	4834	1845	3240	3526	2988	2671	4171	3576	4255	4861	4883	5139	2634	3263	2647	3729	1743	5421	3703	2692	2495	5107	4578	1916	2513	5957	2324	3414	2527	2417	6202	2246	4161	1819	1269	4105	3624	1436	3700	4211	1127	1133	2312	3404	3186	3733	4758	3465	643	1142	3764	3638	2652	2751	2973	3753	2338	4345	3484	3783	1861	3578	2627	1933	4215	1425	5917	1180	2789	4288	2780	2020	2905	4271	2095	1408	2379	2283	2920	4125	646	4485	3061	964	1785	3426	2679	1330	2851	941	3487	2447	2030	2184	2182	709	1383	1261	1833	1108	809	2309	2686	2242	1722	1801	1937	1818	2773	1692	2458	2155	1021	4573	1301	954	1407	3632	1272	1764	1457	1416	1079	2940	1228	967	2320	3076	1652	1738	2751	2142	2093	3615	1656	1415	1259	748	2257	2737	570	1982	2442	1524	2255	1345	1405	2561	1796	1171	635	2427	1634	814	966	2360	1528	841	1343	935	1079	1649	2075	1953	959	1066	1740	988	812	2780	914	756	1552	842	849	2121	913	2551	2967	2383	2902	2267	2664	1298	759	1448	1838	2189	1542	693	3212	1560	2726	1577	2232	1471	1646	2343	963	1256	1824	944	2467	1443	2529	2678	2522	865	2115	921	1830	967	1549	1846	1242	1440	1429	1887	3143	1894	1066	1301	1258	1706	1345	673	1893	896	683	1553	1339	2765	1743	1387	2085	1021	1728	1436	2050	729	1324	884	1184	1987	586	1226	1837	1738	1286	1147	1219	613	1064	794	924	1110	735	1400	758	1305	1685	1096	782	613	1597	1772	1436	1584	1234	1420	2148	1131	1713	1001	1389	665	1112	992	891	652	782	931	2057	931	1150	1003	860	1180	761	620	1207	754	923	656	801	707	1399	1072	883	1146	717	685	956	1564	1004	695	636	716	1119	607	1185	839	728	1203	1003	626	835	683	653	714	929	710	607	754
ZMYM3	1522	3038	149	1014	1457	2463	2002	3186	2190	2464	2350	1735	2301	3531	3908	12741	934	3090	1305	3952	2711	1111	1692	4460	1438	1585	2496	1917	2174	1597	2886	4373	1311	3216	718	919	2510	1714	1087	2799	2376	2368	2358	2176	1447	2011	1885	1353	2506	1116	625	1737	1479	611	2635	1130	2992	4679	999	1941	1710	2351	2143	3581	4032	2797	2423	2163	550	2097	2668	281	3182	3525	1559	2611	1806	2172	1739	1768	2829	1401	1999	3952	449	2540	3626	3438	3411	1255	1039	1365	1281	4069	2140	1962	1156	1120	930	2163	3092	1019	2708	3210	578	2375	3441	2700	3531	1418	389	2522	2246	3699	2452	974	3879	445	1752	1047	2315	3419	3252	662	3045	3710	3423	3296	1692	418	1666	2035	1311	2719	3251	2772	2995	2853	1612	1009	3361	2124	2967	3641	1472	539	2529	3809	3737	1535	2687	715	1478	1009	2967	957	466	3172	663	2543	3338	3085	1689	293	1828	3671	3486	637	2126	2610	2004	1609	734	824	2101	844	2455	917	410	1345	2618	2064	2208	3575	743	1451	1237	1151	878	3003	582	2439	2917	2006	2441	1143	1809	3184	2602	3075	2402	2962	3338	1864	2953	1513	1603	1309	1916	1225	3796	1413	2087	3676	1218	2792	3424	2662	2121	840	1581	2237	1484	1472	1975	1656	1781	2338	2243	2338	1041	1756	1217	1601	876	2922	2104	1374	1082	2457	2002	895	1146	2898	1092	1690	1140	1366	2717	1241	1688	805	710	1939	1789	804	1374	1797	567	541	1127	1544	1413	1554	1737	1497	263	484	1270	1781	1329	1203	1363	1321	1180	1793	1816	1783	892	1418	1145	1074	1744	687	2461	655	1275	1796	1313	1016	1638	2054	918	789	1130	1706	1416	2011	522	1739	1265	847	850	1887	1450	618	1370	529	1440	1159	908	791	1030	315	684	561	867	480	378	1004	1118	1046	728	909	943	627	1334	844	1058	976	392	1966	434	437	596	1674	459	721	696	463	560	1364	496	411	979	1503	835	709	1040	1197	1396	1721	817	553	510	253	1106	1511	249	922	1283	677	864	565	576	1136	784	434	352	1187	782	424	537	1193	700	361	608	429	527	709	990	941	471	498	890	429	396	1398	417	314	473	376	473	1054	553	1283	1530	1073	1355	1221	1390	599	379	709	1000	1088	821	316	1390	723	1233	750	1163	680	723	1010	585	609	938	405	990	633	1198	1322	2222	937	766	415	868	416	938	628	592	628	670	798	1414	959	455	594	586	799	662	360	918	406	338	776	584	1498	929	877	1551	474	862	705	1004	382	645	454	612	1128	197	627	887	881	641	573	503	372	534	467	467	576	381	691	393	550	859	496	419	345	654	784	603	585	498	661	939	570	828	538	704	380	584	511	480	334	373	381	1006	377	608	413	381	529	370	395	585	316	401	321	359	337	623	487	396	578	334	319	437	718	492	302	309	330	512	298	572	448	397	539	615	336	474	368	503	330	542	350	285	400
NFYB	1151	2543	508	1448	869	1881	2666	3079	3399	1686	3631	1361	2000	3380	2938	934	9669	1545	1787	2042	1398	1409	1410	4060	1202	3017	3557	1393	3259	2201	2171	3219	1722	1476	1061	1810	2692	1832	3812	3014	1975	1200	953	2100	1772	2616	1187	1693	2625	1291	1450	1323	2070	775	2768	1564	3709	4095	927	3300	1439	2822	2435	3065	2411	3094	2353	1747	716	2533	2740	515	2315	2117	1519	1357	854	1912	1894	2718	2158	1067	2900	2585	473	1869	3513	3014	2884	2334	1269	3574	1077	3974	1703	2325	1771	1351	959	2796	3311	1620	2080	3549	802	2588	1994	3264	2674	1915	590	2854	2217	2399	1563	1817	2149	1038	3110	1458	2078	3152	3281	826	3837	2093	2118	1984	2306	472	2512	3371	1809	2117	1582	2891	2993	3430	2691	1483	3149	2552	2203	1738	498	255	596	1769	1558	1177	2078	673	2264	775	3539	1247	601	1569	493	2443	1957	1800	1092	444	974	1997	1700	555	1068	1298	1171	2837	2483	1594	1182	1140	2007	429	893	1323	2535	1752	1892	1821	1028	943	969	1793	557	1696	845	2636	1400	1141	2382	1346	2416	1789	786	1531	838	1510	1516	782	1314	560	451	559	976	431	1946	1205	757	1513	673	2737	1896	1172	605	296	874	635	1039	813	1203	1040	1453	891	1257	1268	869	395	527	769	452	1609	1371	837	1009	1175	1006	538	765	1262	966	635	728	692	1732	726	521	301	554	791	1194	648	2280	944	325	323	735	808	900	593	2180	1717	429	883	2167	1171	1092	1207	1488	2195	695	1995	1054	1888	859	1321	1323	864	2218	409	1679	319	792	2001	976	909	972	1293	948	814	1252	927	1107	1720	219	2363	1597	239	942	1216	721	800	1509	492	1259	979	1180	1582	1438	456	855	706	984	697	503	1273	1488	1151	827	964	1017	1008	1400	945	1400	1201	627	1487	940	595	803	1084	979	1028	873	1041	599	1199	733	576	1328	1504	836	1029	1650	741	699	898	893	786	545	483	1100	957	99	795	895	313	1225	324	322	534	529	496	330	1238	935	518	556	1115	879	465	744	556	638	930	889	1067	598	648	903	632	601	1048	450	323	832	419	422	1118	441	1053	1313	1357	1387	944	1027	725	400	681	895	967	750	407	1483	904	1278	482	995	751	852	1202	509	725	671	579	1507	504	610	1230	812	294	1235	541	697	456	738	930	753	909	840	1036	1658	954	659	752	782	983	786	442	1071	568	325	827	745	1175	796	541	641	457	899	833	1071	431	803	571	455	788	524	723	964	939	712	668	778	334	619	411	524	640	463	825	472	842	843	591	419	338	716	966	848	935	705	653	1244	673	970	562	736	435	599	611	473	395	531	614	1072	565	632	664	504	772	443	261	684	496	591	344	340	480	819	698	469	719	464	409	498	833	615	509	375	493	673	417	666	526	330	763	477	377	525	365	247	467	534	457	373	405
NFIL3	2309	5065	265	1243	2941	4028	3146	4729	3115	5000	3393	2520	2925	5028	7293	3090	1545	25123	1802	9655	7676	1202	1958	8929	1865	2203	3594	4479	2595	2407	6084	7505	1678	8259	842	1282	3182	2228	1784	4956	3880	3498	2827	3871	1909	3495	3210	1538	2891	1275	1074	2627	1820	677	3341	1285	3765	7635	1283	2485	1584	3798	2823	5552	8720	3246	5067	4410	711	2768	3368	575	5238	7476	1988	5348	3336	4630	2067	2364	4548	1810	3466	9176	530	4059	6231	5357	6276	1690	1711	2102	1491	4729	2727	2771	1671	1422	1206	3369	5632	1288	5275	4390	801	2892	8798	3481	5935	1995	692	3141	2802	7530	5493	1621	6521	769	2707	1194	2817	5667	4231	862	4679	7355	6110	6801	2261	426	2259	2641	2101	3586	8649	3849	4104	3889	2037	1135	7114	2719	4728	9227	2643	882	5594	9037	6505	1842	3976	1005	2168	2121	6227	1168	664	8007	1010	4161	7526	4972	2353	388	3044	7747	7358	843	4747	6669	4780	1954	1074	1211	2062	1064	4437	1752	696	2324	6429	3620	4171	9179	1048	2153	2033	2479	1402	6347	737	4330	7156	4621	3696	1400	2100	6915	5427	7024	6425	7438	7844	3587	8944	3532	3248	2442	4387	3606	8298	2009	5003	8022	5205	4872	7613	5074	5743	2073	2921	3670	2623	2195	3622	3274	4327	4728	4160	4518	2484	3500	2799	4119	1705	4573	3077	2249	1993	4776	3977	1944	2425	5130	1635	3549	2267	2233	4966	1911	4794	1987	1014	4352	3211	1150	2382	5488	1165	1160	1774	4091	3170	4182	2712	1962	322	849	1734	2572	1973	1922	1687	1999	2122	2318	2811	2264	1196	3096	1530	1276	1980	1439	5685	1048	3048	3116	2233	1499	2180	2825	1115	871	1350	1745	1662	2834	628	2357	1749	939	1062	2100	1780	728	1774	658	2407	1633	989	1036	1613	327	846	681	1040	560	598	1200	1278	1370	973	1075	1133	741	1599	904	1255	1094	457	3676	684	481	686	2755	622	800	807	811	631	2119	578	487	1183	1884	993	833	1211	1746	1419	3068	929	674	884	438	1400	2339	591	1559	1686	1584	1350	1369	1433	2809	1339	919	422	1505	946	506	685	1435	915	553	720	505	608	803	1564	1352	508	589	1144	530	599	1690	663	676	575	402	470	1238	796	2076	2029	1289	1630	1448	2058	643	521	881	1223	1665	993	398	1676	1045	1858	1643	1543	934	1155	1518	599	753	1622	520	1563	1203	2525	1825	2067	750	1013	450	1307	1101	1032	741	672	926	800	1010	1710	1238	523	759	770	1067	825	375	963	439	379	1080	680	1826	1340	1217	1674	683	1031	850	1228	538	793	563	942	1488	316	706	1123	1188	815	844	627	452	717	557	564	678	515	864	414	648	1242	616	488	384	1509	894	766	688	647	820	1079	651	971	621	1052	411	710	618	569	397	480	483	1398	446	712	500	486	604	598	537	840	380	460	481	561	399	788	563	470	637	377	351	554	863	513	402	364	388	810	326	765	499	586	590	789	438	565	553	465	453	644	389	320	524
RFXAP	1634	2448	282	1535	1366	2139	2301	2912	2831	2089	2905	1624	2285	3172	2884	1305	1787	1802	7849	2398	1551	1453	1631	3549	1472	2485	2953	1393	2794	2024	2256	3122	1879	1833	1158	1644	2705	2062	1852	2828	2206	1561	1225	2305	1847	2120	1548	1952	2631	1510	1071	1617	1907	872	2778	1737	3181	3592	1081	2586	1597	2374	2416	3017	2629	2895	2260	1958	833	2727	2783	465	2472	2272	1784	1732	1078	1949	1960	2415	2441	1404	2281	2697	556	2220	3202	3021	2987	1962	1285	2264	1177	3409	1899	2298	1647	1771	1371	2508	3020	1545	2208	3185	996	2505	2200	3030	2876	1891	575	2784	2269	2805	2188	1517	2430	963	2352	1411	2317	2881	3029	1198	3162	2452	2502	2191	2064	561	2226	2767	1610	2089	1728	2818	3024	3142	2242	1562	2614	2568	2334	1922	694	394	849	2089	1717	1503	2229	957	2100	795	2882	1349	665	1937	612	2378	2288	2176	1391	357	1153	2341	2024	723	1412	1554	1405	2347	1547	1346	1440	1462	2182	434	702	1517	2187	1750	2034	2154	1108	1505	1240	1362	784	2017	848	2562	1822	1422	2562	1566	2196	2086	1145	1999	1119	1901	1896	1033	1437	825	766	794	1477	632	2201	1424	1115	1842	732	2565	2192	1491	949	482	1132	943	1354	1164	1529	1652	1640	1340	1602	1676	982	749	816	942	586	1881	1664	1161	1166	1645	1326	706	973	1759	1287	807	1035	1007	2102	1011	751	484	726	1036	1450	826	1850	993	406	471	1075	984	1049	916	1795	1884	537	477	1795	1338	1168	1334	1770	1972	929	1882	1426	2030	1014	1308	1563	1111	2257	502	1837	479	945	2143	1450	1054	1297	1670	1329	959	1510	1171	1304	2071	263	2071	1682	308	1229	1625	978	949	1617	738	1305	1184	1315	1528	1304	517	905	873	1167	883	551	1450	1613	1466	955	1159	1160	1129	1548	1057	1512	1342	724	1640	729	691	872	1303	837	1166	983	824	732	1493	840	696	1468	1756	1036	1145	1664	1018	898	1253	1037	782	600	300	1241	1276	110	1206	1211	429	983	308	320	741	594	449	407	1432	1101	568	630	1357	1029	697	901	697	774	1076	1286	1119	674	697	1074	725	739	1325	472	350	862	518	498	1332	542	1304	1570	1509	1658	1241	1300	889	582	846	1113	1141	979	503	1668	968	1749	650	1151	898	1196	1431	628	972	915	681	1501	696	908	1483	1063	364	1251	651	928	616	909	875	684	868	931	1156	1852	1172	790	888	836	1053	912	506	1161	614	429	945	870	1493	1038	666	971	629	1097	938	1502	601	1010	761	619	1023	400	847	1101	1054	840	775	840	372	776	552	634	746	496	956	569	960	1015	755	513	414	686	1278	966	1035	810	794	1318	824	1141	688	834	501	714	671	589	485	693	703	1225	676	754	723	705	952	450	305	902	682	696	410	454	557	957	806	582	811	517	523	605	1065	720	598	483	598	686	486	792	588	484	862	584	458	579	471	368	530	624	536	425	625
ARID5B	2935	6855	331	2019	3413	5144	4281	6651	4488	6211	4735	3238	3921	6958	9940	3952	2042	9655	2398	35721	8229	1929	2829	12180	2412	3272	5006	5577	3943	3196	7881	10797	2427	11083	1344	1822	4695	3129	2281	6491	5068	4454	3723	5064	2739	4573	3817	2523	4459	1887	1300	3386	2618	1050	4981	2115	5698	10758	1680	3614	2541	5059	3945	7365	12175	4860	6120	4954	1026	3922	4898	759	6785	10124	2688	6574	4100	5590	2966	3299	5678	2447	4385	12257	722	5249	8221	7227	8325	2486	2103	2750	2221	7241	3911	3724	2183	2008	1706	4423	7229	1994	6930	6154	1093	4256	11954	5252	7959	2872	888	4821	3815	9814	6913	2118	8521	916	3702	1904	4309	7882	6175	1276	6289	9517	8221	9112	3335	682	3291	3907	2800	4957	12010	5542	5769	5378	2951	1895	9303	3903	6342	12925	3077	1104	7333	12554	8332	2700	5105	1377	3093	2420	7748	1697	886	10775	1322	5360	10142	6528	2939	579	3852	10450	9697	1049	5704	8492	6250	3230	1543	1619	2857	1628	5499	2263	856	2850	7740	4731	5400	12759	1422	2691	2511	2778	1555	8206	1052	5834	9266	5390	4891	2079	3341	9308	7326	8993	8153	9736	10647	4767	10510	4348	3852	2936	5197	4379	11581	2670	6418	11000	4352	6203	9965	6696	7366	2456	3438	4191	3099	2664	4652	3943	4860	6275	5319	5520	2898	3948	3189	5219	1988	5729	3765	2795	2435	5830	5144	2165	2803	6566	2054	4557	2709	2538	6229	2307	6162	2341	1193	5393	3676	1381	3073	5864	1487	1297	2155	4342	3915	5111	3902	2833	539	1044	2562	3190	2454	2418	2397	2650	2591	3240	3588	3203	1625	3763	2139	1671	3193	1827	6942	1294	3643	3796	2887	2048	2872	3837	1697	1267	1942	2250	2378	3713	763	3433	2513	1101	1561	2992	2479	1077	2503	913	3319	2220	1570	1596	1990	555	1147	1011	1501	915	766	1811	2039	1870	1420	1494	1599	1242	2270	1385	1923	1702	757	4763	918	767	1151	3537	941	1287	1171	975	890	2694	942	737	1848	2607	1390	1316	1984	2180	1918	3677	1360	919	1089	601	1971	2890	774	1912	2183	2232	1946	1766	1836	3183	1631	1105	559	2002	1320	708	850	2004	1278	816	1021	753	916	1282	1939	1742	786	853	1524	773	735	2298	867	850	1035	649	682	1734	853	2473	2720	1927	2366	1966	2585	998	731	1102	1653	2163	1340	577	2507	1346	2489	2059	1986	1286	1565	2124	864	1082	1888	755	1975	1490	2901	2420	2736	975	1496	731	1756	1135	1368	1238	903	1199	1158	1430	2575	1669	860	1067	1019	1410	1147	562	1492	701	555	1388	1047	2386	1672	1479	2073	908	1407	1217	1735	690	1119	804	1181	1885	375	1027	1587	1559	1127	1111	947	571	1002	685	797	901	648	1195	624	997	1620	887	646	508	1649	1381	1136	1196	910	1123	1711	932	1435	923	1320	565	901	827	747	571	696	750	1738	709	976	777	745	932	748	640	1093	634	731	622	810	570	1163	868	697	951	588	550	775	1275	802	591	511	603	996	498	1051	720	694	935	975	571	733	675	649	622	829	610	471	725
CEBPG	1900	4331	236	1092	2516	3309	2684	3988	2694	4160	2933	2099	2396	4183	6144	2711	1398	7676	1551	8229	24395	1087	1609	7514	1592	1874	3099	3790	2291	2091	5094	6380	1447	7026	748	1102	2677	1915	1635	4265	3281	3381	2398	3405	1683	2939	2798	1303	2436	1086	888	2272	1607	608	2894	1146	3294	6536	1118	2250	1347	3281	2321	4648	7453	2755	4401	3821	632	2412	2798	507	4324	6533	1681	4507	2911	3986	1796	2035	3795	1511	2966	7733	427	3364	5277	4509	5309	1452	1493	1830	1216	4090	2337	2420	1448	1191	1063	2910	5020	1125	4323	3758	698	2480	7424	3000	4884	1714	630	2720	2392	6123	4557	1377	5962	678	2301	1010	2368	4927	3588	746	4092	6169	4989	5895	1903	393	1950	2290	1815	3513	7514	3229	3551	3339	1746	988	5924	2269	3964	8066	2774	814	4769	7981	5636	1570	3262	835	1908	1873	5345	1007	525	6629	874	3641	6554	4158	2059	345	2826	6464	6107	736	3924	5921	4320	1696	948	1062	1884	888	3770	1744	583	2064	5378	2910	3482	7704	863	1871	1825	2147	1267	5253	581	3692	6024	3890	3183	1214	1771	5622	4717	5766	5382	6191	6371	3013	10619	2917	2710	2018	3830	3011	6704	1735	4119	7076	4983	4222	6166	4388	4897	1755	2468	3173	2341	1896	3113	2676	4540	4054	3439	3735	2121	2952	2387	3629	1513	3746	2560	1955	1753	3773	3467	1654	2149	4164	1436	3287	2035	2007	4344	1723	3998	1739	899	3839	2811	1022	2098	8156	1111	1059	1544	5281	2659	3542	2423	1741	298	760	1499	2334	1700	1702	1455	1789	2017	2104	2396	1933	1018	2837	1328	1090	1716	1261	4917	924	2683	2746	1987	1303	1823	2337	989	777	1178	1545	1351	2385	600	2021	1525	835	944	1673	1505	647	1543	578	2072	1356	870	918	1458	302	750	608	921	501	538	1030	1095	1172	835	960	989	638	1379	797	1085	962	413	3201	608	418	620	2364	551	709	708	668	557	1768	487	420	1048	1558	834	736	1054	1508	1312	2423	802	571	763	355	1206	2019	504	1388	1391	1370	1202	1224	1274	2430	1145	835	357	1289	834	462	590	1211	808	510	579	450	548	696	1348	1197	461	537	985	482	538	1364	579	541	458	356	420	1045	674	1821	1718	1111	1405	1220	1781	567	462	732	1051	1441	860	371	1384	885	1616	1457	1314	814	1016	1362	517	649	1503	474	1348	1049	2213	1558	1828	752	823	392	1162	966	871	616	550	813	676	899	1480	1088	467	670	650	957	733	341	846	390	335	969	596	1520	1187	1080	1453	599	881	783	1073	475	670	483	840	1255	269	605	947	1041	717	787	566	394	651	479	517	557	467	766	369	586	1104	523	416	336	1335	769	668	595	548	685	924	565	864	570	925	354	577	532	471	364	435	438	1211	371	591	456	408	543	514	462	744	366	405	418	520	336	702	521	392	543	331	321	473	729	443	366	324	351	700	307	661	445	542	542	693	402	508	501	420	425	566	351	280	492
NRL	1170	2100	276	1732	857	1863	2090	2864	3030	1619	2870	1408	2162	2954	2479	1111	1409	1202	1453	1929	1087	7583	1748	3275	1402	2237	2985	979	3058	1896	1800	2908	1924	1180	1492	1619	2694	2050	1390	2527	1917	1356	1105	2042	2183	1871	1186	2090	2851	1657	1036	1382	2259	1135	2943	1923	3330	3445	1087	2900	1842	2126	2314	2889	2288	3233	1697	1513	861	2487	2845	317	1990	1768	1788	1270	761	1468	2170	2352	2089	1302	1920	2246	650	1830	3000	2567	2713	2054	1270	1658	1335	3732	1780	2309	1457	1528	1133	2275	2605	1844	1853	3130	845	2770	1607	3064	2700	1932	407	2970	2349	2184	1539	1393	2120	519	2349	1626	2408	2539	3145	987	2839	1922	2211	1704	2031	804	2121	2858	1404	2161	1151	2587	2712	3056	2193	1638	1978	2469	1971	1294	544	290	495	1576	1164	1381	2003	745	2065	494	2312	1437	622	1307	572	2133	1873	1874	1185	367	877	1824	1484	660	925	1038	959	2628	1419	1410	1317	1146	1739	268	648	1257	1557	1409	1783	1543	1009	968	1025	971	532	1514	957	2433	1220	939	2345	1642	2553	1623	692	1370	589	1376	1353	652	945	438	325	461	842	273	1690	1369	730	1235	398	2399	1692	1029	456	196	796	536	984	921	1237	991	1324	857	1173	1183	721	357	446	566	359	1589	1431	902	831	1271	934	444	610	1292	1184	455	648	680	1677	716	290	251	615	562	1093	664	1600	611	231	266	807	668	670	476	1655	2012	526	324	1773	1149	982	1141	1723	2059	692	1885	1193	2092	1227	1094	1422	1073	2609	385	1335	320	711	2015	1065	989	1056	1444	1147	1062	1532	1150	1297	1892	170	2016	1589	184	1065	1718	889	962	1621	592	1102	989	1604	1439	1027	587	945	970	1143	852	486	1591	2002	1363	819	1166	1180	1039	1734	1301	1740	1640	780	1293	691	785	996	996	801	1285	1000	801	796	1253	963	719	1575	1718	1071	1232	1903	800	826	882	1133	915	503	284	1179	1076	73	852	1175	318	997	199	173	371	456	538	414	1422	1077	611	570	1370	981	589	978	729	857	1245	938	1015	785	770	1072	745	441	1291	427	294	833	597	614	1385	388	1004	1413	1673	1616	1229	1076	1075	437	811	1157	922	894	499	1833	849	1342	418	1076	858	965	1270	649	921	644	653	1324	586	506	1315	876	288	1211	771	818	472	967	897	745	874	977	1215	1951	1060	825	1180	889	1099	874	601	1714	945	461	883	973	1445	840	582	690	665	1094	935	1309	475	985	641	527	913	255	959	1143	954	868	678	915	297	682	530	629	797	456	929	653	991	886	777	527	420	546	1117	1057	1156	826	688	2033	870	1287	733	770	561	734	741	584	610	618	748	1113	749	819	760	593	1045	389	242	742	578	729	340	427	630	1000	836	633	952	612	599	633	1093	777	516	516	561	630	542	727	636	357	955	535	449	607	381	360	511	616	605	504	486
ZBTB38	1559	2667	281	1757	1094	2380	2559	3291	3084	2042	3030	1726	2620	3677	3392	1692	1410	1958	1631	2829	1609	1748	10601	4047	1609	2416	3137	1442	3003	2105	2541	3843	2090	1921	1335	1578	3196	2239	1456	2926	2528	2430	1467	2417	2094	2198	1610	2116	3110	1880	1113	1766	2092	1067	3370	1907	3760	4298	1169	2758	2023	2573	2926	3308	2980	3540	2027	1950	884	2685	3287	309	2449	2673	1951	1980	1268	1950	2140	2547	2635	1589	2245	3098	701	2322	3694	3496	3219	2085	1275	1914	1504	4735	2352	2400	1629	1701	1226	2644	3163	1885	2525	3603	912	2801	2531	3379	3252	2066	424	3343	2438	3085	1947	1480	3467	582	2419	1699	2793	3165	3671	1086	3063	2732	2829	2603	2377	624	2357	2869	1723	3155	1915	3192	3326	3374	2393	1618	2655	2868	2657	2097	1219	404	1345	2459	1756	1701	2468	804	2099	674	2814	1470	744	2127	734	2507	2555	2465	1590	328	1186	2818	2324	691	1432	1609	1485	2647	1340	1316	1676	1282	2381	420	675	1499	1898	1878	2226	2416	1151	1213	1240	1068	674	2212	836	2575	1825	1378	2735	1721	2606	2313	1195	2016	1122	2056	2196	1052	1527	734	690	793	1130	475	2515	1482	1112	2045	616	2698	2503	1588	946	354	1194	993	1265	1167	1490	1302	1610	1305	1713	1790	883	772	719	815	550	2030	1769	1263	998	1765	1402	620	831	1930	1287	830	945	987	2350	988	666	401	705	934	1523	829	1710	879	307	370	1090	894	935	775	2055	1947	526	375	1928	2195	1204	1317	1923	1995	917	1971	1525	2109	1102	1417	1637	1160	2700	518	1904	457	983	2274	1334	1165	1442	1843	1249	1008	1615	1332	1549	2202	257	2345	1835	307	1195	2034	1262	1084	1613	711	1456	1254	1511	1358	1164	606	879	947	1220	890	577	1609	1905	1454	882	1257	1348	1149	1684	1211	1748	1594	790	1724	711	793	994	1398	868	1304	1116	882	852	1552	1015	739	1597	1842	1137	1289	1833	998	1086	1311	1166	911	634	304	1418	1293	146	980	1273	445	987	343	325	595	570	582	448	1537	1171	608	690	1739	1037	579	1130	774	838	1344	1107	1137	722	708	1172	787	506	1583	500	342	1012	574	620	1414	547	1293	1737	1662	1916	1550	1375	1019	492	1086	1297	1047	1049	550	2386	1002	1524	498	1230	895	983	1480	660	962	834	691	1482	689	732	1586	1204	467	1310	738	1158	507	1312	989	752	896	1007	1335	2080	1234	799	937	918	1063	955	549	1403	722	468	943	1008	1686	996	677	930	600	1194	957	1356	498	998	649	643	1058	278	945	1278	1088	939	723	870	367	766	611	649	861	486	998	641	1021	983	825	567	466	687	1192	996	1176	850	795	1561	899	1243	781	815	524	803	740	677	519	611	768	1350	850	871	790	607	931	448	334	831	608	754	444	446	600	1027	855	824	948	571	624	652	1235	758	545	497	533	660	532	821	627	418	935	646	436	619	418	393	507	661	604	481	543
SAP130	3692	8071	815	3291	3607	6243	7434	10302	9803	6763	9962	4210	5722	10689	12433	4460	4060	8929	3549	12180	7514	3275	4047	44305	3435	6426	10391	5485	8944	4966	9006	13349	4219	9254	2444	3347	7985	4866	4168	9312	6400	6367	4329	6557	4346	7346	4205	4167	8220	3091	2560	3974	4801	1710	9252	3980	11131	16387	2461	9778	4030	7798	6430	10914	11870	9112	7307	5694	1711	6958	8094	1433	8623	10482	4040	6629	4293	6481	5099	6275	7371	3048	6722	12439	1020	6265	13598	10008	10661	5249	2993	4885	3447	14023	5757	6270	3830	3224	2420	7328	10721	4603	8323	11304	1628	7411	10749	9928	10251	4756	1431	8690	5960	11039	6857	4001	11174	1522	7402	3603	6432	9887	11049	1875	10352	9988	9017	9570	5892	966	5565	8651	4575	8426	10036	8911	9187	10020	5842	3947	10557	7146	8733	10841	3904	1259	6705	11164	8396	3926	6915	1891	5289	2872	10725	2769	1374	9277	1711	7603	10169	7830	3259	1197	4031	10688	9342	1477	5489	7594	5968	7037	3487	3862	4083	2690	6689	2211	1524	3611	8705	6000	6900	10707	2055	3074	2952	4125	1708	7957	1904	8857	8077	5263	7216	3364	6610	8960	6236	8503	6755	8670	9474	4463	8612	3797	3522	2986	4992	3738	10914	3559	5634	9548	3843	10265	9825	6289	5923	2057	3581	4018	3461	3063	4961	4126	5378	5558	5690	5678	3158	3725	2927	4509	2079	6333	4489	3174	2999	5849	4973	2183	2866	6554	2752	3976	2924	2694	6951	2517	4922	2135	1533	4951	4087	1577	5081	5137	1457	1287	2602	4002	3830	4295	5679	4661	849	1540	5332	3990	3229	3431	3853	6258	2721	6637	4102	5019	2429	4358	3379	2362	5858	1880	7426	1354	3669	5572	3428	2371	3297	4802	2648	1850	3130	2851	3497	4925	818	5613	3826	1183	2219	4010	2950	1673	3932	1135	4124	2820	2739	2995	2730	895	1895	1585	2349	1417	955	3083	3672	2841	2186	2337	2372	2552	3534	2221	3347	2819	1406	5353	1730	1260	1827	4143	1637	2406	1818	1740	1349	3254	1635	1267	3154	4029	2025	2271	3876	2422	2480	4006	2148	1885	1657	939	2898	3292	793	2296	2889	2084	2966	1767	1858	2981	1951	2290	815	2999	2144	1023	1097	2957	1908	1122	1745	1196	1391	2183	2389	2499	1311	1437	2258	1314	962	3344	1123	976	2028	1027	1043	2803	996	2915	3440	3131	3682	2694	2998	1741	905	1746	2283	2709	1864	881	3922	2004	3397	1866	2684	1978	2091	2901	1225	1566	2018	1277	3100	1717	2754	3324	3116	1077	2777	1161	2122	1267	1794	2427	1614	2127	1817	2483	4082	2249	1432	1690	1549	2390	1684	864	2349	1153	923	1955	1764	3313	1990	1742	2329	1239	2222	1935	2568	879	1707	1092	1421	2468	760	1558	2330	2152	1460	1384	1643	720	1274	945	1152	1393	872	1782	952	1761	2032	1404	966	741	2028	2372	2028	2153	1712	1764	2858	1360	2244	1345	1729	837	1371	1276	1077	874	998	1205	2465	1200	1382	1388	1122	1613	910	734	1445	996	1193	709	1021	948	1832	1389	1063	1431	975	869	1115	1946	1364	853	822	870	1464	785	1403	1063	794	1700	1262	786	1063	849	742	901	1119	913	804	888
SFPQ	1370	2344	245	1335	1202	2170	2111	2847	2723	2063	2686	1666	2266	3106	2802	1438	1202	1865	1472	2412	1592	1402	1609	3435	7803	1973	2835	1346	2629	1900	2179	3014	1743	1852	1082	1383	2462	2034	1311	2691	2196	1563	1343	2242	1788	2007	1556	1637	2582	1436	920	1529	1895	829	2820	1559	3046	3504	1208	2456	1484	2223	2300	3084	2791	2917	2154	1887	799	2368	2744	309	2539	2326	1792	1750	1133	1863	2011	2301	2540	1478	2006	2758	562	2183	3084	2697	2977	1753	1258	1690	1239	3336	1788	2250	1417	1460	1053	2368	2843	1631	2135	3254	756	2584	2210	2704	2943	1678	404	2707	2341	2623	1973	1297	2493	502	2157	1421	2259	2868	2916	876	3152	2424	2554	2175	1859	527	1857	2480	1480	2086	1808	2646	2703	3058	2116	1322	2398	2458	2337	1958	838	433	1094	2237	1828	1307	2305	728	1869	848	2660	1314	631	1955	610	2446	2313	2751	1377	312	1152	2338	2093	1116	1443	1619	1419	2131	1198	1236	1478	1100	2095	430	593	1465	2042	1711	2022	2177	1002	1181	1201	1231	794	1978	843	2528	1815	1416	2545	1500	2142	2199	1295	1938	1235	1949	1925	1142	1523	941	872	846	1376	784	2374	1423	1283	1877	662	2585	2219	1623	1085	561	1213	1060	1329	1284	1612	1393	1642	1343	1716	1635	1003	918	886	917	619	1949	1760	1228	1076	1796	1390	794	956	1841	1256	826	982	1063	2034	1016	811	546	832	1183	1543	813	1555	993	345	480	1179	1005	1120	884	1643	1855	379	404	1589	1385	1204	1196	1725	1865	867	1822	1519	1974	1074	1282	1456	1686	2142	552	1864	473	1031	2045	1215	966	1348	1694	1117	914	1423	1256	1291	2048	257	1788	1527	352	939	1716	1105	855	1553	567	1272	1152	1223	1181	1107	444	888	777	1130	652	466	1368	1544	1266	745	1158	1119	901	1544	1063	1483	1258	620	1616	634	604	782	1325	649	1067	910	734	701	1430	761	638	1405	1737	1006	1009	1496	1018	946	1362	1044	878	663	270	1140	1270	143	970	1277	476	935	354	357	757	637	451	408	1501	1056	535	594	1428	1000	516	938	596	718	1002	1066	1077	660	680	1119	660	495	1384	439	362	786	710	572	1357	598	1269	1524	1764	1567	1262	1289	832	402	969	1087	1131	969	433	1605	860	1436	536	1247	943	923	1261	609	815	918	590	1233	703	880	1491	1119	415	1151	758	857	452	955	831	683	937	925	1207	1669	1101	718	867	811	1061	900	514	1100	605	516	957	816	1610	956	748	851	669	1086	925	1154	456	918	569	871	1081	237	802	1114	1033	746	684	823	326	653	573	615	789	465	857	530	813	960	667	551	432	664	965	887	897	784	694	1244	760	1130	634	854	473	799	682	625	509	487	591	1154	581	805	687	474	784	455	328	724	448	596	389	374	496	925	683	560	751	496	459	595	991	676	429	460	450	654	417	699	572	421	787	647	445	633	425	381	483	657	494	430	454
E2F4	2015	3816	688	2424	1379	2984	4211	5093	5751	2562	5645	2040	3302	5413	4665	1585	3017	2203	2485	3272	1874	2237	2416	6426	1973	15021	5627	1711	5473	3302	3375	5305	3058	2076	1770	2574	4652	3145	3003	4693	3177	2638	1404	3390	2898	3950	1814	2924	4770	2170	2129	2073	3168	1257	5087	2847	6304	6665	1481	5569	2626	4274	4054	4992	3692	5248	3307	2554	1194	4436	4736	719	3447	3172	2486	2084	1195	2696	3064	4337	3471	1844	3713	3910	726	2923	5550	5129	4744	3748	1814	3620	1662	6825	3003	3688	2671	2451	1596	4376	5135	2844	3410	5819	1292	4200	2940	5647	4350	3174	773	5185	3403	3978	2634	2654	4031	1059	4546	2629	3680	4780	5589	1438	6139	3352	3355	2983	4009	703	4650	5357	2647	4100	2109	4982	5252	5762	4059	2839	4105	4494	3758	2318	1026	400	751	2614	2068	2068	3192	1157	3569	977	4918	1909	1070	2235	809	3770	3133	2949	1668	685	1351	3397	2516	826	1538	1831	1780	5008	2786	2501	2124	2058	3104	591	1262	2097	3182	2706	3159	2749	1627	1518	1473	2120	780	2597	1280	4287	1976	1582	3981	2292	4243	2809	1125	2296	1049	2380	2301	1130	1699	799	569	800	1464	597	2768	1862	1111	2134	831	4274	2868	1646	809	360	1200	823	1518	1312	1854	1729	2184	1367	2173	1977	1215	577	733	989	619	2351	1988	1323	1472	1801	1466	752	1027	1955	1625	702	1058	1050	2883	1058	700	422	825	1005	1741	928	3076	1192	402	455	1270	1095	1165	851	2935	2976	710	739	3639	1933	1550	1788	2550	3545	1028	3253	1689	2944	1405	1912	2239	1401	3838	585	2403	452	1080	3253	1656	1269	1487	2242	1876	1222	2057	1430	1951	2816	261	4325	2505	331	1549	2132	1115	1290	2309	800	1929	1604	1983	2749	1664	722	1222	1179	1633	1171	680	2146	2573	1938	1425	1566	1647	2075	2218	1475	2345	2023	1064	2091	1356	978	1374	1717	1611	1813	1357	1506	967	2010	1193	958	2213	2424	1341	1714	2770	1074	1171	1470	1440	1268	782	540	1827	1379	132	1324	1559	476	1526	379	369	688	769	740	519	1947	1494	718	831	1858	1407	818	1256	929	1002	1601	1480	1516	936	987	1425	1010	660	1823	625	474	1651	784	673	1797	585	1547	2071	2166	2423	1605	1604	1242	629	1100	1404	1405	1260	658	2586	1357	2224	635	1432	1205	1443	1923	794	1194	938	954	2287	820	829	1939	1275	442	2214	869	1187	705	1057	1719	1083	1302	1308	1714	2744	1458	1137	1164	1204	1535	1256	639	1677	856	564	1223	1253	2004	1199	822	1063	761	1522	1222	1812	685	1293	895	715	1271	553	1114	1578	1359	1082	925	1256	499	913	632	811	1001	629	1248	740	1346	1230	1038	646	521	948	1793	1465	1606	1178	1117	1982	1023	1552	843	1034	623	933	873	751	634	794	946	1631	950	952	1035	905	1241	583	374	1101	819	1006	507	561	718	1345	1113	809	1121	733	688	750	1454	1001	788	638	737	956	636	1046	759	497	1200	682	541	720	494	398	681	751	710	595	664
POLR2G	2421	5205	785	2909	1862	4135	5432	7588	10748	4122	10126	2968	4529	7707	6785	2496	3557	3594	2953	5006	3099	2985	3137	10391	2835	5627	27883	2417	8771	4158	4747	7789	3816	3750	2272	3330	6415	4076	3518	6553	4123	3493	2533	4485	3830	5518	2448	3687	7149	2763	2455	2660	4449	1581	7433	3717	9123	10333	2043	9546	3354	5911	5386	7564	6060	7875	4599	3421	1529	6310	6577	895	5584	4910	3347	3016	1854	3558	4335	5727	5064	2218	5556	6256	870	4042	8236	6847	6790	5095	2438	4188	3044	11202	4027	5574	3397	2914	1910	5660	7215	5209	4926	8734	1406	6243	4510	8662	6675	4133	889	7035	4991	5979	3688	3436	6084	1239	7687	3578	5069	6547	8962	1607	8073	4965	5168	4424	5149	845	4684	8805	3378	5760	3868	6803	7017	9375	5212	3601	6070	6114	5656	4184	1501	703	2467	4447	3877	2859	4712	1516	4634	1512	7148	2547	1249	3595	1126	5665	4887	4559	2165	1084	2154	5020	4140	1249	2391	2876	2662	6754	3300	3796	3082	2399	4043	916	1401	2594	5023	3865	4696	4500	1865	1981	1893	2977	997	3752	1956	7353	3403	2287	5452	2959	6353	4495	2623	3702	2093	3655	3854	1941	3094	1472	1376	1426	2271	1365	5012	2654	2056	3939	1472	9011	4329	3041	1667	606	1771	1498	1989	1998	2829	2334	3164	2332	3087	2841	1979	1305	1172	1761	1010	3563	2880	1866	2057	2965	2329	1093	1432	3099	2390	1370	1505	1449	3759	1286	1581	779	1213	2135	2310	1148	4775	2100	601	598	1878	1715	1743	1540	3895	3950	730	950	4845	2355	2344	2353	3403	6619	1381	5967	2555	4265	1997	2567	2900	1984	5286	896	3797	768	1715	4317	2117	1625	2113	3270	2179	1612	2728	2093	2803	3652	366	4484	3065	687	1789	3211	1869	1501	3406	876	2602	2031	2504	2819	2023	827	1788	1440	2084	1240	741	2781	3386	2830	1799	2113	2006	2377	3041	1984	3082	2513	1311	3001	1677	1133	1563	2637	1455	2278	1610	1687	1192	2391	1514	1190	2926	3457	1757	2059	3568	1581	1696	2196	1940	1980	1736	711	2275	1988	297	1757	2294	790	2218	736	714	1130	1188	1754	693	2596	1961	906	994	2495	1718	897	1657	1058	1221	1971	1723	2023	1213	1331	1952	1206	772	2546	828	721	2074	866	905	2561	754	1917	2532	2804	3098	2073	1978	1607	655	1600	1893	1945	1565	773	3144	1596	2620	843	2003	1726	1634	2344	1047	1388	1219	1136	2725	1063	1192	2563	1853	679	2682	1061	1314	779	1465	2353	1571	1992	1660	2400	3459	1841	1323	1582	1458	2210	1479	805	2083	1070	804	1602	1575	2714	1428	1147	1414	1069	2001	1795	2218	751	1588	960	1006	1913	674	1373	2120	1722	1209	1046	1580	498	967	813	1021	1265	722	1514	890	1645	1573	1305	909	675	1243	2138	1901	1974	1644	1466	2583	1220	2007	1056	1341	749	1306	1141	932	820	834	1108	2058	1106	1195	1306	936	1520	694	487	1230	869	1093	548	703	884	1638	1277	941	1278	915	775	946	1748	1250	787	746	783	1454	729	1164	920	563	1597	957	714	958	592	528	794	945	817	756	658
HOMEZ	1593	4414	190	1008	2061	2814	2228	3136	2102	3119	2328	1689	2029	3482	4384	1917	1393	4479	1393	5577	3790	979	1442	5485	1346	1711	2417	13375	1922	1945	4194	4748	1296	4642	693	1070	2112	1632	1589	3624	2854	2134	1864	2750	1440	2560	2405	1196	1925	1017	767	2002	1381	580	2327	1055	2716	4824	968	1630	1103	2722	2045	3573	5039	2153	3597	2873	557	1985	2355	375	3248	4502	1486	3493	2178	3195	1536	1825	3102	1359	2640	5426	420	2928	3971	3534	4265	1365	1244	1771	925	2865	1881	2031	1196	1070	954	2603	3882	881	3463	2913	700	2101	5103	2320	3737	1565	507	2239	2008	4726	3436	1136	4098	583	1971	880	1963	4555	2719	700	3236	4399	3694	4285	1660	377	1721	1971	1500	2083	4824	2700	2851	2636	1560	835	4514	1889	2819	5114	1536	559	3088	5152	3968	1197	2800	641	1800	1473	4040	899	545	4725	628	2738	4500	3055	1688	320	1829	4343	4221	624	3084	3998	2843	1471	963	917	1274	836	3224	1022	529	1676	3894	2340	2734	5073	799	1571	1588	1755	1117	3925	550	3015	4181	3127	2710	1104	1462	4062	2957	4142	3686	4138	4478	2257	4381	2084	2156	1491	2788	2263	4895	1522	3375	4495	1944	2925	4644	3088	3535	1307	2004	2517	1924	1488	2304	2112	2503	2796	2505	2773	1621	2238	1765	2473	1130	2907	2222	1588	1479	2865	2521	1255	1688	3225	1136	2786	1519	1696	3390	1491	2727	1245	789	2657	2363	922	1703	2516	1012	845	1259	2096	2026	2387	1883	1495	286	627	1263	1849	1411	1333	1248	1355	1504	1343	1924	1706	846	1982	1160	956	1465	1057	3533	689	1964	1978	1603	1182	1496	1771	829	742	1069	1319	1065	2032	449	1773	1358	589	801	1317	1083	595	1418	548	1572	1152	803	839	1303	294	678	531	804	484	504	954	1031	1019	692	814	886	551	1081	795	968	900	397	2588	587	416	574	1802	559	639	674	604	529	1466	476	400	975	1426	757	659	924	1214	894	1803	717	446	565	370	1090	1766	392	1106	1082	1149	998	868	945	1836	848	530	307	1126	747	414	550	1104	751	442	569	423	510	656	1122	1040	429	460	885	423	512	1125	458	500	417	314	380	944	594	1645	1570	1009	1198	1033	1523	522	409	598	933	1300	773	336	1273	802	1378	1060	1106	728	868	1193	447	613	1226	411	1161	831	1665	1383	1494	429	786	391	975	626	795	515	469	712	620	716	1364	985	449	582	608	799	648	331	791	371	285	843	569	1298	1047	904	1064	476	831	729	940	421	634	431	689	1034	246	598	852	974	650	727	538	390	616	412	462	516	443	686	349	558	1070	456	366	293	1018	700	605	555	470	539	879	538	783	522	827	355	512	483	449	324	417	404	1018	380	574	438	397	513	508	370	625	362	394	371	411	322	626	490	351	538	303	324	427	663	415	331	297	331	632	283	609	434	451	489	571	354	460	463	344	390	528	334	247	443
PHF8	2183	4717	756	3021	1517	3697	4942	6838	8849	3239	8295	2586	4306	6932	5763	2174	3259	2595	2794	3943	2291	3058	3003	8944	2629	5473	8771	1922	21951	4059	3958	6857	3756	2442	2321	3175	6120	4044	3190	6066	3776	3060	2148	4178	3724	4941	2214	3761	7175	2794	2407	2479	4463	1686	7451	3730	8981	9113	1959	8943	3475	5350	5198	6928	4881	7646	3789	2981	1533	6024	6397	819	4593	3796	3209	2458	1488	3119	4294	5552	4451	2305	4544	4970	936	3631	7411	6141	6178	5027	2203	3838	2551	10322	3670	5215	3199	2897	1853	5481	6550	4384	4195	8202	1382	6070	3452	8511	5777	4202	860	6920	4749	4782	2997	3224	5025	1100	6237	3431	5007	5932	8696	1604	7399	4096	4354	3597	4955	862	4617	8038	3049	5294	2579	6353	6610	8271	5018	3776	4834	5836	4923	2845	1179	584	983	3340	2732	2619	4126	1402	4631	1160	6064	2501	1263	2567	996	5088	3927	3905	2087	1048	1746	4084	3130	1164	1797	2181	2082	6609	3206	3669	2897	2330	3686	677	1414	2477	3881	3237	4014	3225	1876	1708	1739	2519	931	3085	1819	6333	2369	1799	5002	2897	5991	3413	1561	2687	1267	2837	2736	1482	2097	968	775	1037	1701	700	3596	2448	1361	2736	1008	6891	3420	2174	928	420	1395	1052	1835	1737	2343	1880	2608	1655	2610	2316	1489	739	835	1216	784	2999	2496	1577	1701	2278	1777	913	1098	2466	2091	960	1170	1273	3374	1231	784	498	1057	1298	2069	1131	3893	1474	465	493	1616	1316	1351	931	3535	3879	764	786	4602	2225	2036	2137	3326	5662	1219	5054	2186	4030	1836	2217	2812	1892	5395	652	2884	589	1304	4009	1828	1543	1904	3057	2231	1603	2677	1951	2641	3482	329	4353	3034	460	1778	3042	1591	1521	3119	836	2294	1955	2604	2797	1921	879	1690	1456	2052	1260	734	2801	3531	2615	1692	2030	2023	2410	3032	2057	3148	2617	1365	2461	1571	1178	1601	2181	1492	2337	1617	1658	1214	2354	1559	1218	2913	3220	1725	2067	3692	1347	1583	1750	1917	1698	1064	609	2177	1760	167	1455	2019	539	1899	463	424	761	987	1500	681	2485	1933	943	958	2471	1649	875	1642	1085	1275	2010	1619	1941	1257	1313	1839	1201	759	2380	804	556	1990	974	921	2492	723	1773	2481	2840	3042	2053	1928	1690	637	1423	1830	1678	1501	778	3226	1574	2500	711	1843	1584	1538	2291	1030	1399	1078	1156	2626	983	940	2430	1670	558	2627	1102	1320	720	1410	2165	1439	1872	1671	2199	3471	1802	1335	1562	1474	2087	1448	840	2183	1105	818	1480	1596	2671	1409	1054	1284	998	1985	1701	2177	746	1565	1028	943	1712	591	1428	2167	1622	1274	1054	1565	514	1039	816	998	1284	713	1484	919	1665	1507	1279	909	688	1108	2124	1909	2027	1626	1407	2689	1253	2028	1083	1267	753	1240	1138	946	824	865	1134	2006	1165	1256	1315	960	1543	646	451	1206	894	1127	561	631	922	1622	1280	1000	1356	940	810	952	1795	1299	802	768	815	1241	758	1189	956	549	1632	863	689	942	559	563	743	947	844	789	655
YEATS2	1677	3431	549	2014	1346	3024	3422	3882	3910	2454	4090	1907	3064	4418	3929	1597	2201	2407	2024	3196	2091	1896	2105	4966	1900	3302	4158	1945	4059	10513	3354	4376	2346	2158	1403	2151	3642	2624	2320	4517	3208	1945	1430	3385	2605	3517	2101	2370	3489	1855	1971	2208	2951	1098	4042	2050	4566	4945	1370	3732	2066	3885	3533	4096	3499	3994	3099	2692	949	3425	3667	527	2980	3152	2258	2201	1500	2939	2713	3538	3261	1877	3287	3631	703	3087	4712	4170	4225	3315	1683	2719	1431	4647	2650	3404	2325	1935	1353	4170	4640	2011	3324	4436	1156	3538	3088	4122	3714	2811	684	4061	3220	3526	2417	2237	3120	841	3573	1917	3055	3940	4270	1141	4351	3274	3182	3033	3065	623	3066	3921	2262	2866	2116	3801	4273	4252	3024	1764	3476	3348	3039	2335	1092	384	947	2875	2170	1640	3058	882	3327	1078	4105	1606	971	2386	652	3413	3094	2697	1929	637	1331	2956	2557	782	1762	2145	1789	3282	2126	2252	1695	1511	3284	601	1155	2216	3153	2316	2938	2697	1498	1485	1641	2050	1010	2619	1114	3521	2204	1868	3407	1922	3105	2474	1200	2268	1316	2362	2274	1185	1896	902	774	921	1500	739	2648	1834	1223	2095	884	3340	2998	1637	1107	537	1417	1114	1827	1278	1697	1574	2121	1449	1939	2134	1169	795	903	1035	740	2374	2086	1319	1422	1825	1621	920	1175	2008	1487	1031	1107	1316	2886	1338	796	470	856	1107	2085	1071	2554	1234	514	539	1179	1222	1235	916	2478	2332	539	590	2556	2020	1618	1798	2109	2787	1176	2269	1675	2611	1193	1901	1828	1359	2949	643	2406	467	1204	2631	1445	1376	1445	1974	1300	1184	1783	1459	1463	2639	321	2894	2325	339	1284	1847	1103	1071	2070	752	1706	1446	1618	1874	1782	579	1116	953	1322	884	720	1734	2072	1664	1031	1322	1433	1257	1954	1351	1920	1714	793	2185	1159	812	1084	1629	1096	1386	1163	1362	845	1891	964	792	1768	2116	1193	1377	2133	1055	1033	1366	1226	991	708	485	1519	1491	197	1110	1318	534	1301	447	461	841	720	654	446	1758	1255	719	807	1656	1137	661	1043	740	898	1279	1309	1638	793	833	1293	802	694	1537	606	415	977	582	678	1567	703	1762	2148	1849	1924	1500	1714	1049	532	947	1351	1361	1085	529	2233	1298	1852	652	1361	1034	1195	1816	726	1037	1115	736	2110	727	1043	1758	1161	415	1616	708	1211	619	1051	1067	972	1264	1186	1400	2316	1304	878	1023	1239	1348	1102	599	1437	710	480	1108	1017	1891	1314	886	946	643	1314	1074	1510	604	1122	764	688	1202	384	980	1471	1254	1071	988	1022	515	949	601	739	906	637	1064	640	1042	1201	827	611	494	1060	1279	1138	1205	937	901	1665	926	1368	826	1019	598	893	845	716	577	683	796	1516	729	958	819	631	1016	605	416	1069	606	742	482	487	602	1101	875	656	973	638	574	666	1191	837	632	525	604	942	562	985	736	496	961	705	530	692	568	399	608	772	573	488	574
ELF3	2620	5244	452	1992	2744	4449	4121	5451	4268	4517	4577	2718	3563	6072	7160	2886	2171	6084	2256	7881	5094	1800	2541	9006	2179	3375	4747	4194	3958	3354	21549	7673	2446	6150	1385	1926	4274	2927	2385	6094	4791	3912	2650	4580	2672	4949	3325	2406	4016	1855	1650	3050	2660	1025	4723	2087	5624	8173	1608	3650	2301	5824	3797	5961	7176	4392	4938	4098	1039	3709	4451	623	5103	6714	2545	4893	3063	4715	2832	3380	4859	2218	4230	7630	682	4556	7076	5975	6672	2898	1954	2872	1838	6079	3536	3564	2272	2003	1645	4553	6525	1992	6402	5511	1111	3931	7254	4752	5990	2774	776	4554	3489	7201	4785	2254	6673	884	3761	1858	3766	5979	5386	1250	5441	6601	5663	6361	3324	649	3294	3983	2650	4430	6353	4967	5344	4959	3013	1861	6499	3735	4955	6724	2678	773	4146	7180	5249	2274	4390	1174	3180	2006	6202	1632	945	6404	1021	4516	6650	4794	2584	600	2599	6629	6082	975	4139	5353	4026	3174	1813	1818	2253	1585	5025	1385	955	2753	5582	3774	5143	6963	1481	2251	2363	2566	1433	5544	1028	4724	5706	4145	4414	2026	3146	5734	4040	5757	4660	5841	6310	2896	5692	2658	2685	2026	3546	2808	6703	2335	4049	5909	2477	4905	6732	4091	4297	1601	2813	3097	2808	2135	3294	3072	3639	3785	3719	4148	2372	2843	2294	3071	1504	4251	3193	2253	2229	4097	3522	1712	2279	4550	1908	2848	2111	2269	5110	2077	3440	1556	1106	3273	3331	1339	2913	3271	1110	1067	1883	2809	2664	3039	3179	2578	580	867	2533	2811	2166	2232	2315	2698	2048	2844	2857	2945	1434	2941	2065	1528	3036	1367	4930	944	2490	3328	2424	1772	2246	3026	1513	1199	1924	1888	1964	3273	596	3291	2461	794	1501	2363	1843	1095	2333	904	2535	1987	1559	1659	2008	568	1099	998	1440	928	798	1801	1996	1797	1259	1418	1533	1263	2040	1292	1867	1631	799	3841	1002	770	1086	2781	1021	1315	1181	1142	848	2407	917	760	1831	2462	1272	1321	1978	1705	1486	2785	1279	934	917	516	1884	2452	494	1690	1888	1459	1524	1153	1229	2299	1251	839	503	1945	1295	690	823	1823	1227	782	1040	791	891	1284	1768	1744	769	824	1479	810	724	2017	753	641	1025	601	633	1684	835	2381	2570	1874	2223	1811	2235	991	708	1066	1503	1940	1294	574	2426	1379	2270	1375	1763	1233	1459	2071	769	1064	1715	749	2074	1202	2211	2224	2006	678	1587	708	1607	925	1212	1184	945	1403	1143	1392	2484	1529	845	1013	1055	1325	1093	555	1404	688	528	1329	1063	2172	1601	1255	1638	803	1373	1144	1659	650	1096	763	983	1635	399	978	1485	1483	1102	1124	938	587	1035	651	745	889	642	1170	627	1022	1435	888	631	484	1378	1384	1184	1231	962	1042	1669	930	1375	893	1213	581	863	821	716	533	716	770	1632	727	911	796	705	928	680	534	1137	671	756	567	671	587	1180	887	654	948	573	574	723	1230	776	591	525	585	996	516	1125	700	656	968	857	540	716	676	503	621	796	593	460	721
SALL1	3455	7571	658	2980	3193	5796	6023	8830	7357	5714	7567	3769	5267	9711	10779	4373	3219	7505	3122	10797	6380	2908	3843	13349	3014	5305	7789	4748	6857	4376	7673	36267	3679	7864	2129	2817	7104	4308	3333	7866	5962	6399	4181	5832	3787	5896	3963	3769	6980	2728	2149	3689	4092	1564	8032	3393	9171	14025	2068	6557	3793	6495	5743	9228	10601	7857	6100	5130	1428	5829	7340	1002	7526	9189	3545	6259	4098	5659	4471	5197	6638	2911	5549	10799	956	5861	10554	9354	9127	4282	2527	4017	3086	12066	5761	5230	3185	2847	2218	6173	8922	3535	7239	9180	1443	6398	9146	8230	9029	4051	1086	7884	5268	9748	5947	3138	10486	1275	5810	3112	5996	9520	9412	1683	8546	9050	8365	8735	5262	896	4937	6633	3768	7898	8408	7817	8330	8283	4825	3208	9038	6093	7747	9118	4120	1164	5629	9766	7077	3592	6378	1682	4498	2400	8594	2386	1231	7830	1587	6543	8983	7038	3265	909	3401	9838	8524	1250	4780	6430	5129	5790	2761	2758	3660	2281	6144	1729	1267	3263	7131	5187	5877	9179	1843	2828	2737	3279	1538	7501	1551	7001	7039	4588	6538	2951	5636	7958	5933	7445	5729	7613	8451	4149	7277	3451	3228	2688	4330	3090	9554	3089	4912	8863	3228	7501	8781	5890	4953	1848	3284	3590	3186	2830	4374	3596	4579	5264	5175	5325	2719	3419	2541	4002	1747	5937	3992	2917	2774	5275	4712	1967	2545	6552	2434	3720	2526	2449	6602	2515	4143	1817	1311	4314	3782	1529	4135	4400	1346	1075	2374	3565	3264	3673	4865	3942	775	1260	4320	3880	2802	2913	3279	4295	2436	4795	3745	4378	2052	3692	2939	2003	5147	1555	6086	1254	2865	4778	3098	2275	3143	4531	2283	1643	2655	2544	3254	4661	694	5037	3359	1023	2078	3789	2816	1482	3323	1075	3736	2575	2399	2473	2397	794	1522	1411	2003	1327	900	2666	3230	2515	1807	1977	2157	2127	3089	1955	2858	2549	1178	4714	1453	1103	1701	3829	1440	2026	1616	1522	1178	3043	1390	1068	2731	3480	1785	2013	3217	2273	2276	3668	1815	1494	1399	757	2604	2922	571	2072	2584	1592	2360	1365	1428	2515	1713	1297	710	2567	1833	912	1053	2618	1685	992	1485	1072	1236	1919	2159	2147	1101	1162	1942	1104	838	3012	991	743	1738	945	956	2333	930	2660	3331	2773	3298	2480	2798	1506	865	1523	2044	2415	1702	762	3687	1742	2997	1789	2330	1594	1860	2654	1037	1384	1864	1079	2729	1475	2500	2980	2961	1009	2310	1032	2081	1117	1707	1932	1347	1607	1589	2066	3793	2096	1240	1440	1369	1955	1466	752	2195	1002	795	1695	1528	3001	1874	1536	2221	1066	1913	1584	2264	791	1439	970	1262	2158	612	1379	2040	1904	1401	1272	1358	675	1220	828	1008	1196	773	1615	842	1517	1864	1235	807	659	1700	2023	1687	1905	1328	1521	2556	1236	1931	1218	1489	741	1180	1067	968	732	916	1045	2275	1062	1268	1133	979	1349	803	663	1322	869	1093	667	893	806	1593	1248	973	1259	816	803	995	1754	1142	774	709	774	1271	714	1295	930	756	1388	1090	684	905	753	714	802	1008	833	697	871
ARNT2	1659	2685	339	2073	1136	2311	2818	3574	3859	2140	3698	1851	2683	3788	3222	1311	1722	1678	1879	2427	1447	1924	2090	4219	1743	3058	3816	1296	3756	2346	2446	3679	9439	1636	1625	1990	3337	3022	1787	3161	2508	1724	1225	2632	2287	2396	1535	2376	3515	1962	1254	1780	2329	1216	3645	2410	4155	4332	1326	3595	2140	2754	3006	3605	2802	3721	2349	1985	1126	3229	3653	359	2597	2328	2162	1723	977	1963	2383	3018	2757	1558	2490	2908	689	2331	3782	3408	3439	2511	1434	2278	1402	4473	2084	2817	1834	2025	1355	2929	3467	2252	2395	3982	1094	3128	2207	3887	3394	2304	471	3581	2587	2958	2052	1782	2827	648	2951	1989	2907	3326	3924	1290	3614	2524	2635	2203	2601	669	2830	3623	1964	2636	1593	3543	3552	4024	2907	2110	2726	3371	2672	1732	687	382	687	1954	1565	1642	2413	927	2498	690	3140	1754	786	1799	724	2750	2446	2320	1404	428	1098	2518	1914	788	1302	1404	1343	3243	1731	1687	1727	1567	2276	361	830	1699	2016	1948	2290	2116	1325	1241	1337	1236	716	1991	1029	3109	1670	1265	3152	2010	2961	2223	949	1819	898	1885	1867	923	1286	690	543	689	1160	495	2202	1565	973	1610	630	3028	2186	1348	750	345	1093	784	1316	1493	1590	1429	1855	1126	1718	1638	1010	586	738	754	520	1919	1721	1474	1187	1612	1231	639	911	1683	1417	632	963	974	2230	974	547	403	782	812	1491	896	2043	875	345	427	1196	911	955	706	2154	2411	659	421	2366	1541	1214	1469	2223	2520	964	2338	1526	2386	1216	1491	2044	1292	3025	582	1865	399	960	2999	1470	1166	1357	1808	1451	1178	1899	1307	1633	2386	244	2706	2025	273	1355	1950	1048	1248	1856	727	1502	1318	1817	1800	1258	798	1021	1100	1516	1055	636	1969	2208	1587	1044	1428	1465	1490	1878	1307	2102	1818	992	1788	972	959	1219	1422	1144	1608	1476	1026	958	1661	1160	892	1974	2146	1266	1528	2256	1013	1020	1299	1371	1042	635	350	1545	1313	94	1126	1387	423	1155	270	262	581	623	601	483	1707	1415	643	717	1701	1314	748	1235	915	979	1483	1280	1219	873	858	1348	1084	584	1590	527	420	1327	693	646	1669	561	1343	1745	1933	2225	1459	1365	1182	604	1045	1273	1263	1171	677	2225	1128	1792	563	1297	1108	1229	1752	737	1127	883	932	1677	838	786	1828	1086	371	1728	844	1052	658	1050	1268	823	1021	1152	1549	2410	1428	1078	1054	1027	1278	1148	631	1477	834	521	1115	1147	1800	1063	720	885	757	1401	1151	1511	580	1166	773	689	1135	347	1049	1363	1263	982	838	1162	477	860	649	829	921	556	1210	732	1324	1157	935	651	493	717	1533	1317	1486	1072	864	1723	983	1396	826	972	623	890	802	720	594	708	910	1424	928	907	973	786	1153	506	312	891	759	945	447	462	686	1313	1103	784	1051	675	690	733	1414	893	646	641	675	753	632	928	695	488	1173	660	518	685	487	404	643	702	747	589	602
EP300	2391	5248	210	1254	3002	4019	3057	4994	3236	5474	3492	2667	2807	5045	7698	3216	1476	8259	1833	11083	7026	1180	1921	9254	1852	2076	3750	4642	2442	2158	6150	7864	1636	26943	853	1254	3157	2199	1715	4823	3692	2636	2945	3735	1929	3384	3119	1488	2881	1316	831	2615	1671	687	2847	1373	3643	7981	1358	2254	1519	3611	2732	5819	10046	3107	5311	4051	804	2777	3357	653	5728	8047	1973	5618	3312	4544	1960	2207	4583	1684	3297	10094	486	4018	5921	5344	6472	1508	1722	1968	1674	4771	2400	2770	1546	1400	1267	3030	5429	1399	5490	4357	760	2746	9756	3555	6440	1766	752	2790	2693	8086	6243	1518	6164	754	2653	1198	2805	5816	4292	928	4758	7994	6795	7079	2085	490	2174	2633	2160	2700	10372	3944	3932	3862	1936	1128	8353	2666	5117	10991	1837	974	6748	10022	7542	1972	3868	1144	1938	2200	6303	1219	557	9122	1091	4336	8313	5266	2144	284	3330	8269	8207	912	5050	7153	5399	1845	977	1054	2187	1093	4083	1947	583	2206	7229	3840	4449	10699	1076	2265	2018	2352	1402	6737	788	4751	8699	4558	3780	1413	2038	8439	6698	8005	7459	8292	8911	4194	8941	4148	3827	2660	4838	4291	10110	2112	5832	9365	3657	5503	8089	6112	6715	2334	3119	3890	2542	2317	4120	3560	4248	5308	4491	4606	2712	3848	3059	4700	1781	4855	3156	2444	2108	5283	4371	1977	2557	5616	1758	3821	2502	2213	4830	1834	6082	2264	1055	5176	3071	1105	2370	5126	1312	1236	1931	3810	3621	4849	2736	1979	380	898	1629	2406	2004	1873	1708	2016	2188	2384	3072	2288	1264	3091	1586	1330	1925	1700	6052	1193	3262	2894	2424	1533	2399	3044	1090	898	1402	1772	1875	2704	693	2288	1672	1030	1090	2282	2007	772	1831	672	2545	1665	982	1010	1511	383	895	746	1132	634	581	1241	1234	1419	1061	1123	1122	789	1669	868	1258	1086	523	3919	695	521	756	3084	617	868	841	664	669	2098	639	514	1266	1962	1031	884	1220	1932	1505	3298	972	686	891	448	1447	2455	741	1709	1888	1992	1421	1550	1630	2958	1452	876	447	1515	1011	511	639	1431	1017	634	755	565	653	832	1647	1297	557	638	1207	575	602	1792	711	768	626	402	459	1323	766	1979	1873	1250	1663	1412	2035	660	604	951	1261	1804	1068	458	1540	977	1884	1859	1577	1024	1209	1526	629	768	1665	582	1418	1300	2732	1861	2257	776	1096	530	1192	887	1103	835	667	909	824	1077	1689	1287	614	784	725	1042	889	393	951	490	424	1145	713	1766	1272	1230	1756	774	1035	942	1249	562	832	562	1001	1525	318	722	1050	1253	790	819	672	443	710	571	628	662	523	899	455	706	1268	660	504	371	1345	933	783	740	680	898	1051	715	988	645	1103	430	699	617	542	445	522	496	1300	486	684	561	535	642	621	538	818	429	530	488	674	423	844	635	461	656	418	397	615	900	559	422	409	446	795	368	770	530	620	667	843	490	597	589	462	523	657	446	348	562
SRY	1026	1536	196	1443	671	1300	1600	2068	2334	1218	2158	1135	1594	2163	1738	718	1061	842	1158	1344	748	1492	1335	2444	1082	1770	2272	693	2321	1403	1385	2129	1625	853	5473	1272	1982	1616	1058	1848	1503	904	690	1540	1641	1333	867	1574	2123	1325	784	1102	1524	896	2182	1641	2475	2452	860	2223	1406	1550	1771	2092	1603	2272	1310	1149	780	1936	2150	223	1407	1291	1351	992	500	1108	1522	1796	1559	935	1461	1546	472	1370	2172	1920	1995	1623	953	1287	878	2654	1203	1735	1096	1254	986	1719	1983	1469	1332	2327	725	1968	1182	2332	1985	1485	295	2146	1572	1661	1175	1052	1506	396	1742	1231	1806	1886	2343	901	2051	1421	1510	1208	1518	594	1612	2193	1106	1458	797	2036	2039	2273	1729	1330	1452	1936	1423	863	301	245	254	1041	789	1058	1388	605	1585	362	1705	1144	493	965	468	1599	1382	1300	820	248	636	1329	1055	521	704	721	715	1947	1089	1085	1040	983	1295	182	477	1016	1103	1027	1339	1136	843	763	882	713	406	1078	683	1841	897	751	1853	1375	1811	1243	414	974	401	1054	1085	481	642	302	197	326	595	182	1168	1028	518	859	358	1843	1229	767	318	146	597	371	787	674	948	784	1099	590	850	938	571	217	349	415	267	1110	1066	743	757	934	660	329	529	922	912	341	558	516	1274	597	200	197	454	377	812	533	1223	424	261	234	708	479	479	369	1250	1587	556	243	1397	785	680	917	1414	1655	609	1395	898	1561	952	887	1242	816	1976	351	1056	226	560	1704	923	807	849	1061	930	847	1298	819	1029	1395	157	1516	1281	129	935	1233	603	875	1265	522	805	817	1318	1133	801	540	733	832	1005	824	469	1331	1557	1047	699	986	953	938	1218	948	1422	1276	726	1033	525	723	819	808	700	1128	868	636	670	974	851	669	1349	1381	873	1085	1581	589	630	695	936	674	360	212	1060	825	55	709	971	244	723	140	115	289	303	436	355	1086	949	485	477	1129	828	591	850	660	714	1072	777	824	688	609	849	681	376	992	372	262	793	466	428	1121	320	819	1109	1347	1389	959	854	859	435	656	873	747	782	458	1446	744	1110	347	843	748	887	1135	538	797	545	658	1104	496	412	1116	641	212	1075	647	670	492	712	773	519	666	791	1012	1555	904	762	876	726	875	790	469	1150	698	425	738	819	1079	691	435	542	597	934	760	1005	393	814	514	454	678	192	762	901	785	700	603	809	276	642	431	568	663	395	839	581	935	723	658	444	342	457	1036	953	1054	759	520	1376	732	1022	657	637	479	598	598	481	484	564	689	925	682	631	718	557	859	333	176	606	574	675	265	360	565	913	791	550	787	513	547	551	952	659	450	485	491	483	493	664	503	336	873	424	362	503	338	241	443	496	547	418	456
DR1	1202	2371	335	1594	893	1863	2351	2778	3259	1740	3268	1350	2142	3033	2509	919	1810	1282	1644	1822	1102	1619	1578	3347	1383	2574	3330	1070	3175	2151	1926	2817	1990	1254	1272	7131	2672	2060	1786	2728	1953	1127	933	2113	1872	2138	1179	1938	2772	1512	1272	1398	2163	961	2862	1779	3248	3361	1046	3090	1637	2371	2460	2889	2384	3014	1949	1641	826	2602	2739	337	2089	1816	1691	1263	670	1633	2007	2595	2213	1243	2547	2362	546	1898	3095	2680	2770	2272	1269	2155	1222	3442	1648	2430	1640	1699	1130	2510	2852	1894	1911	3145	954	2573	1715	3088	2631	2044	391	2835	2289	2383	1680	1646	1925	664	2881	1644	2222	2761	3100	1026	3076	1894	2077	1704	2163	525	2279	3204	1634	1963	1198	2753	2821	3273	2437	1564	2403	2597	2011	1330	366	278	331	1511	1132	1296	2054	756	2201	634	2760	1364	676	1357	527	2311	1824	1786	1136	346	857	1807	1437	590	932	1087	1023	2716	1749	1590	1330	1324	1864	291	752	1372	1921	1562	1893	1591	1095	1034	1053	1275	582	1501	967	2515	1267	995	2439	1525	2499	1694	636	1428	606	1399	1321	644	941	479	333	483	968	340	1743	1412	647	1250	418	2660	1699	1020	431	188	760	496	1009	882	1245	1153	1469	831	1233	1201	949	337	473	563	366	1531	1390	905	1043	1238	903	508	677	1189	1312	413	717	699	1711	693	330	248	614	595	1171	662	2254	659	204	303	898	661	737	490	1687	1881	493	414	1984	1110	1022	1136	1681	2353	701	1844	1218	1978	988	1126	1496	999	2432	360	1504	333	721	2097	1068	903	1042	1331	1122	926	1444	1016	1169	1883	169	2056	1632	190	1065	1444	725	938	1595	564	1084	993	1402	1662	1121	532	1013	863	1146	816	486	1461	1754	1458	888	1103	1131	1142	1624	1096	1608	1427	741	1323	867	684	883	1016	918	1329	982	969	702	1306	861	758	1521	1697	1008	1235	1876	778	748	914	1086	888	535	304	1162	1009	68	990	1041	291	929	215	193	393	436	552	402	1386	1072	584	622	1328	1001	586	937	658	785	1116	1024	1078	709	787	1023	750	485	1176	443	379	958	495	529	1335	452	1075	1360	1486	1565	1127	1052	948	442	799	1024	988	878	480	1674	896	1491	414	980	840	1008	1354	586	952	628	673	1482	561	512	1337	757	293	1364	659	703	472	852	977	759	936	969	1226	1838	1036	823	911	968	1100	912	527	1195	670	408	867	882	1382	834	603	673	578	1077	922	1297	513	1107	677	522	889	332	877	1135	963	787	678	924	344	684	505	645	758	470	847	558	985	948	745	500	415	597	1152	1001	1104	835	738	1442	809	1140	631	767	513	732	676	596	533	594	709	1139	695	743	757	591	938	417	251	802	577	694	361	375	555	965	794	565	831	591	498	574	1050	805	579	511	588	813	494	731	580	350	876	504	428	556	348	275	525	598	533	477	469
MYC	2463	4441	592	2824	1754	3914	5102	6655	6327	3375	6270	3019	4280	6625	6224	2510	2692	3182	2705	4695	2677	2694	3196	7985	2462	4652	6415	2112	6120	3642	4274	7104	3337	3157	1982	2672	18769	3669	2711	5436	4042	3665	2401	4112	3375	4249	2391	3550	5875	2579	2030	2623	3687	1483	6184	3120	7329	8824	1774	5827	3302	4804	4861	6249	5166	6464	3579	3165	1353	5358	5845	658	4493	4463	3055	3011	1954	3306	3694	4640	4439	2325	4095	5157	875	3808	7005	6442	5845	3894	1995	3435	2528	8697	3857	4769	2854	2720	1905	4848	5960	3399	4321	7075	1320	5036	4143	6824	5699	3516	727	6163	4315	5335	3247	2786	5595	950	4809	2875	4738	5549	7081	1581	6146	4689	4833	4241	4354	838	4387	5913	3500	5205	3147	5879	6381	6674	4274	2979	4914	5156	5057	3430	1689	609	1873	4116	3000	2781	4141	1385	3823	1259	5419	2221	1130	3364	1081	4583	4400	4179	2349	656	1790	4836	3859	1043	2209	2649	2394	5176	2536	2554	2647	2200	3857	691	1157	2413	3694	3398	3883	3956	1717	1944	1842	2098	992	3592	1479	4881	3020	2065	4689	2638	4858	3900	2149	3354	1841	3407	3592	1875	2564	1286	1219	1294	1946	888	4139	2326	1737	3543	1092	5245	4103	2661	1510	612	1974	1435	1993	1851	2404	2119	2716	2253	2859	2873	1464	1258	1119	1411	831	3332	2635	1835	1686	2787	2224	1001	1302	3059	2014	1350	1396	1421	3829	1457	1221	649	1014	1668	2316	1143	3245	1672	524	522	1665	1534	1544	1239	4211	3330	732	696	3752	2597	2000	2234	2958	3887	1387	3810	2285	3575	1692	2363	2575	1768	4599	789	3177	725	1462	3695	2089	1633	2113	3167	2082	1466	2449	1871	2623	3492	358	4485	3153	479	1882	3172	1955	1451	2726	952	2848	1986	2255	2393	1835	795	1406	1333	1852	1263	752	2454	2984	2358	1523	1797	1946	2133	2777	1754	2665	2339	1132	3014	1322	1062	1620	2450	1361	2002	1552	1461	1110	2376	1367	1063	2515	2992	1625	1981	3257	1485	1605	2181	1677	1441	991	663	2100	1859	218	1553	2117	675	2069	513	501	946	994	997	623	2349	1690	846	940	2252	1515	843	1410	1028	1171	1808	1699	1780	1055	1097	1689	1089	684	2392	752	506	1656	843	849	2194	737	1891	2590	2544	2927	2098	2000	1439	761	1400	1754	1713	1503	728	3160	1533	2460	793	1799	1367	1526	2202	918	1325	1190	1013	2387	994	1171	2340	1789	562	2236	994	1468	721	1461	1757	1234	1441	1485	2006	3294	1774	1216	1358	1330	1699	1401	746	1976	995	706	1410	1396	2501	1416	990	1476	926	1718	1454	2139	733	1443	935	886	1631	520	1311	1822	1578	1277	1011	1343	522	1024	782	928	1155	675	1435	846	1473	1444	1176	773	634	1070	1903	1584	1788	1310	1374	2336	1235	1785	1013	1189	696	1104	1029	891	692	836	1025	1931	1028	1147	1126	908	1357	643	461	1209	848	1061	547	678	804	1461	1188	936	1239	809	783	896	1700	1120	780	695	779	1074	705	1138	877	589	1370	858	599	837	577	546	702	892	826	662	734
POGK	1837	3207	389	2162	1401	2813	3072	4011	4085	2642	3956	2111	3092	4345	3821	1714	1832	2228	2062	3129	1915	2050	2239	4866	2034	3145	4076	1632	4044	2624	2927	4308	3022	2199	1616	2060	3669	11005	1912	3751	2958	2085	1558	3112	2553	2755	1896	2510	3933	2064	1418	2083	2614	1268	4091	2419	4592	5014	1512	3803	2342	3134	3311	4191	3535	4206	2762	2423	1154	3502	4026	415	3177	2941	2425	2221	1354	2401	2718	3317	3283	1876	2780	3643	727	2813	4375	3933	4126	2721	1629	2411	1564	4926	2508	3138	2009	2170	1438	3340	4039	2304	2878	4481	1071	3516	2833	4220	3984	2563	558	4008	3031	3516	2572	1901	3413	677	3086	2096	3283	3912	4354	1312	4182	3138	3252	2750	2871	693	2967	3839	2084	3060	2140	3871	4034	4448	3074	2220	3207	3648	3162	2362	1006	457	1064	2689	2090	1809	2899	1031	2780	884	3647	1816	891	2353	774	3288	3020	2906	1805	450	1370	3117	2553	931	1698	1908	1758	3439	1816	1805	1999	1657	2753	472	892	1986	2528	2244	2687	2702	1427	1505	1562	1507	946	2544	1130	3491	2203	1658	3543	2117	3262	2721	1412	2320	1323	2447	2389	1298	1784	1015	863	925	1538	802	2761	1872	1394	2200	895	3370	2812	1807	1159	561	1405	1149	1680	1833	1946	1738	2212	1530	2151	2102	1187	905	979	1066	675	2421	2076	1726	1392	2095	1635	874	1122	2189	1643	944	1142	1222	2773	1237	872	606	909	1238	1863	1059	2201	1244	481	566	1402	1248	1232	967	2386	2689	642	493	2451	1811	1424	1617	2404	2663	1195	2521	1850	2682	1331	1782	2178	1487	3280	688	2297	533	1199	3208	1602	1277	1625	2208	1631	1223	2005	1618	1779	2813	326	2797	2266	400	1396	2238	1261	1268	2098	745	1683	1504	1873	1845	1506	824	1133	1142	1611	1050	690	2031	2326	1744	1125	1555	1576	1515	2097	1417	2198	1898	980	2043	949	957	1226	1699	1122	1648	1527	1087	966	1950	1143	920	2016	2374	1402	1576	2365	1206	1187	1621	1428	1095	695	391	1657	1521	140	1295	1587	519	1254	367	346	828	748	642	539	1937	1525	713	775	1870	1347	758	1244	910	1021	1537	1398	1412	896	908	1454	1103	635	1799	601	478	1351	728	681	1821	657	1552	1993	2106	2334	1667	1650	1245	618	1154	1408	1430	1263	682	2328	1244	2015	712	1497	1148	1298	1846	816	1156	1099	932	1838	929	1054	1964	1342	460	1766	849	1211	690	1172	1332	898	1127	1251	1613	2564	1498	1069	1131	1088	1367	1225	674	1554	830	567	1234	1182	2069	1277	869	1058	805	1477	1218	1680	608	1254	816	835	1352	358	1135	1493	1357	1074	905	1181	478	941	714	862	1016	596	1237	764	1296	1290	986	714	565	861	1570	1352	1475	1103	969	1824	1056	1492	885	1062	639	988	874	789	656	737	916	1580	921	1002	973	760	1174	580	364	938	740	944	487	502	724	1346	1065	818	1119	697	684	776	1435	969	659	656	678	818	609	1010	738	544	1164	744	574	758	547	482	658	786	733	596	614
NFYC	1258	2642	497	1473	1045	2098	2733	3136	3317	1856	3567	1480	2088	3469	3102	1087	3812	1784	1852	2281	1635	1390	1456	4168	1311	3003	3518	1589	3190	2320	2385	3333	1787	1715	1058	1786	2711	1912	9815	3151	2186	1382	1033	2316	1793	2706	1382	1724	2603	1324	1465	1557	2055	780	2831	1562	3720	4154	962	3185	1451	2933	2505	3168	2575	3069	2542	1943	735	2543	2781	523	2462	2349	1606	1560	1036	2140	1931	2734	2314	1203	3041	2783	495	2079	3645	3117	3032	2294	1337	3682	1101	3905	1802	2370	1793	1384	1002	2925	3470	1601	2247	3574	821	2620	2262	3226	2796	1929	623	2893	2238	2610	1729	1823	2321	1056	3065	1440	2135	3269	3284	853	3868	2347	2280	2240	2334	513	2573	3312	1884	2197	1805	2990	3073	3452	2717	1446	3295	2635	2373	1946	641	286	773	2004	1765	1238	2208	686	2287	893	3669	1269	629	1834	529	2547	2174	1964	1252	426	1084	2221	1942	605	1267	1536	1372	2752	2465	1597	1266	1149	2242	480	916	1462	2692	1885	2016	2038	1078	1057	1153	1885	684	1896	814	2699	1658	1380	2522	1370	2399	1923	922	1754	1036	1722	1740	918	1530	692	572	683	1131	583	2088	1280	908	1642	768	2750	2126	1298	802	396	1050	817	1233	928	1342	1180	1645	1060	1401	1500	970	572	694	886	579	1771	1530	986	1102	1372	1206	660	921	1447	1076	759	854	894	1962	885	665	392	640	905	1386	758	2274	1091	376	438	842	950	1027	747	2248	1782	438	911	2141	1317	1175	1329	1549	2155	821	1972	1170	1964	925	1454	1411	936	2207	508	1861	345	941	2061	1108	1000	1063	1389	985	850	1333	1025	1162	1850	253	2444	1723	293	982	1243	784	795	1549	566	1371	1054	1162	1549	1581	475	847	736	1012	699	563	1279	1497	1184	841	977	1091	993	1425	961	1413	1225	624	1683	955	622	839	1260	994	1040	889	1061	622	1370	737	614	1346	1563	867	1056	1619	827	739	1037	907	788	597	490	1149	1093	136	919	973	395	1231	369	369	666	569	494	363	1291	962	544	603	1165	927	529	768	592	663	953	996	1162	599	630	960	670	649	1122	483	331	791	410	436	1138	519	1257	1470	1347	1442	1037	1187	747	434	743	930	1044	806	431	1523	960	1379	543	1042	773	914	1337	536	768	794	617	1560	602	773	1348	888	295	1257	550	821	507	770	908	771	903	870	1070	1707	1021	716	763	793	967	831	460	1057	570	355	899	774	1282	918	640	706	488	964	848	1107	454	847	594	501	845	519	724	997	1012	748	774	801	353	693	439	560	658	512	873	491	851	877	610	431	348	811	988	856	933	711	708	1234	686	979	575	798	452	640	621	512	422	529	616	1182	552	674	652	497	755	512	291	743	501	606	390	370	489	881	698	473	748	464	441	522	872	619	517	428	506	725	436	726	529	388	775	527	397	544	420	280	502	567	491	384	455
KAT8	2695	5782	706	2603	2615	4832	4960	6516	6036	4453	6334	3012	4379	7178	7098	2799	3014	4956	2828	6491	4265	2527	2926	9312	2691	4693	6553	3624	6066	4517	6094	7866	3161	4823	1848	2728	5436	3751	3151	20581	5037	3486	2666	5308	3514	5521	3404	3209	5308	2426	2347	3242	3872	1392	6121	2844	7278	9016	1911	5576	2922	6013	4924	6989	6763	6051	5305	4343	1294	5067	5588	804	5496	5890	3162	4312	2721	4828	3818	4883	5384	2573	4954	7030	839	4894	8104	6883	7562	4416	2321	3740	2162	7631	3929	4898	3114	2558	1891	6056	7828	2876	5695	7114	1403	5260	5979	6431	6520	3756	945	6050	4589	6709	4680	2949	6022	1114	5281	2609	4623	6871	6808	1513	7111	6168	5641	5589	4444	792	4254	5872	3147	4631	4779	5931	6622	6741	4194	2545	6346	4886	5255	5238	2194	718	2918	5989	4728	2538	4858	1390	4463	1953	7027	2191	1185	5069	1041	5494	6048	4959	2740	934	2486	5875	5249	1172	3588	4431	3529	4726	2734	2981	2704	2074	5245	1207	1346	3132	5688	3846	4948	5651	1834	2394	2472	3196	1477	5075	1460	5871	4724	3632	5319	2553	4481	5107	3316	4824	3442	4959	4960	2626	4350	2253	2195	1830	3308	2218	5649	2708	3191	4808	2044	5778	5851	3537	3180	1331	2580	2658	2905	2285	3226	3028	3764	3267	3623	3902	2224	2281	2014	2577	1329	4247	3321	2191	2297	3701	3185	1633	2113	4093	2216	2346	2034	2220	5017	2000	2479	1284	1263	2871	3323	1424	3753	2819	1017	1014	1991	2547	2471	2388	3682	3441	673	971	3655	2931	2385	2494	2938	3940	2005	3610	2892	3805	1715	3061	2551	1884	4174	1199	4455	900	2236	3959	2417	1872	2291	3348	1907	1514	2414	2179	2297	3892	534	4070	3025	753	1742	2802	1856	1342	2995	941	2663	2139	2103	2416	2314	715	1485	1239	1780	1130	870	2300	2759	2312	1533	1805	1895	1713	2670	1749	2544	2223	1031	3782	1406	999	1412	2760	1329	1807	1479	1547	1079	2688	1292	1000	2382	3075	1620	1752	2827	1768	1611	2592	1650	1310	1077	713	2129	2394	397	1829	2110	1154	1971	929	974	1965	1312	989	603	2390	1684	875	984	2319	1548	887	1371	939	1142	1698	1946	2117	1018	1104	1778	1028	853	2275	833	654	1414	784	827	2168	908	2510	2903	2454	2698	2036	2436	1336	741	1309	1861	2129	1458	681	2992	1628	2759	1301	2021	1479	1720	2456	951	1319	1740	962	2690	1279	2019	2533	2069	679	2088	921	1677	965	1428	1560	1255	1767	1483	1813	3165	1821	1119	1371	1386	1850	1383	737	1866	906	648	1558	1327	2650	1772	1356	1607	981	1768	1497	2072	769	1450	971	1059	1845	556	1270	1934	1714	1285	1240	1260	616	1112	763	928	1133	777	1435	796	1344	1707	1085	791	611	1498	1740	1503	1581	1264	1267	2225	1164	1776	1085	1459	712	1145	1051	901	723	856	956	2070	944	1171	1054	853	1305	822	569	1315	784	961	607	729	774	1448	1127	860	1197	750	707	880	1543	1069	752	664	753	1230	669	1231	894	712	1264	975	682	888	738	574	773	962	738	628	762
ERF	2419	4093	405	2193	2179	3963	3654	4638	3852	3468	3985	2569	3450	5392	5468	2376	1975	3880	2206	5068	3281	1917	2528	6400	2196	3177	4123	2854	3776	3208	4791	5962	2508	3692	1503	1953	4042	2958	2186	5037	14051	3144	2173	4231	2552	3594	2906	2542	3859	1968	1498	2900	2614	1123	4465	2195	4951	6297	1573	3311	2391	4059	3639	4971	4971	4232	3823	3464	1095	3577	4267	479	4090	4780	2546	3658	2354	3660	2809	3270	4147	2283	3634	5150	750	4163	5851	5053	5475	2648	1786	2685	1712	5302	3238	3380	2092	2051	1662	4154	5417	2012	4420	4902	1140	3751	4685	4317	4952	2719	664	4438	3364	5233	3610	2060	4950	779	3321	1934	3705	4860	4722	1333	4714	4850	4557	4538	3113	711	3194	3671	2442	3698	3650	4527	4876	4551	3020	1916	4587	3661	4164	3976	1936	606	2344	4637	3386	2134	3840	1138	3008	1471	4686	1716	904	4075	888	3745	4725	3902	2429	479	1978	4755	4169	937	3004	3457	2753	3140	1758	1665	2126	1627	4253	899	917	2610	3737	3120	3672	4469	1490	2017	2249	1991	1290	4092	1040	3831	3754	3045	4094	2130	3079	3931	2553	3781	2683	3965	4109	2075	3264	1804	1759	1603	2529	1621	4277	2136	2478	3657	1471	3750	4745	2790	2477	1143	2303	2230	2524	1865	2616	2474	2839	2621	3011	3397	1806	1886	1723	1903	1111	3451	2808	1940	1996	3132	2672	1349	1816	3445	1800	1847	1661	1989	4220	1914	1916	1059	1070	2126	2895	1355	2570	1979	808	876	1736	1907	1948	1875	2840	2591	626	690	2384	2515	1903	2042	2348	2452	1675	2500	2387	2859	1422	2353	2120	1555	3103	1000	3479	760	1753	3063	2156	1712	2003	2747	1602	1274	1990	1774	1889	3187	448	3135	2533	575	1541	2335	1627	1192	2278	920	2232	1915	1671	1686	1926	623	1120	1057	1490	1016	807	1837	2126	1744	1171	1476	1608	1305	2074	1394	2007	1755	835	3224	939	856	1191	2322	1062	1410	1264	1128	939	2287	1037	825	1878	2434	1345	1449	2118	1515	1340	2319	1376	1024	837	489	1875	2071	297	1518	1765	915	1429	710	759	1595	1045	632	527	1944	1390	731	850	1925	1272	790	1157	836	984	1414	1682	1665	827	840	1505	857	713	1988	684	538	1099	649	665	1712	844	2260	2637	1984	2297	1844	2150	1072	701	1155	1509	1823	1333	615	2510	1333	2257	1031	1718	1212	1431	2173	774	1142	1569	825	1955	1099	1756	2172	1684	556	1572	770	1536	839	1241	1158	896	1191	1192	1499	2571	1574	917	1073	1088	1348	1171	599	1517	762	532	1312	1121	2193	1596	1090	1403	810	1397	1161	1657	661	1171	819	887	1542	388	1082	1568	1523	1195	1160	1051	537	1104	696	784	962	676	1259	698	1116	1399	897	671	544	1163	1434	1226	1329	995	1001	1754	1009	1469	962	1211	619	947	875	781	593	739	841	1630	799	1003	870	748	1029	666	491	1102	713	829	574	612	635	1259	963	749	1086	630	646	751	1344	839	623	577	658	953	569	1107	743	655	1041	862	566	775	635	506	653	838	676	518	723
STAG1	1674	3189	283	1319	1551	2843	2907	3966	3581	2308	3062	1655	2534	4675	5972	2368	1200	3498	1561	4454	3381	1356	2430	6367	1563	2638	3493	2134	3060	1945	3912	6399	1724	2636	904	1127	3665	2085	1382	3486	3144	70415	1765	2869	1548	2702	2000	1874	3806	1280	786	1779	1795	745	6554	1518	5478	7465	980	3259	2512	3604	2532	3693	4184	4578	2408	2565	707	2554	3568	408	3115	4728	1696	2739	2622	2344	2506	2144	2946	1937	2233	5839	582	2809	6177	4323	3983	1546	1209	1793	2218	8921	6587	2119	1478	1521	1100	2945	4480	2066	3392	4268	726	3552	4065	4184	3703	1790	494	5820	2551	4031	2488	1193	34304	583	2087	1758	3496	4565	5089	913	3862	3725	3728	5436	3256	472	2369	2632	1760	33673	4443	3931	4814	3848	2212	2003	3276	3351	4826	4781	20621	629	2922	4587	3039	2478	3258	882	1789	917	3746	1121	940	2998	975	2588	3857	3481	1991	543	2368	4486	3926	675	2295	3537	2912	3267	1026	1187	2203	1213	3179	2028	511	1584	2277	2227	2450	3552	846	1340	1336	1187	818	3769	670	2820	2427	2661	2746	1410	3523	2846	2039	2765	1868	3240	3123	1756	3658	1280	1119	1413	1700	1036	3077	1461	1618	3632	2027	3082	4035	2354	1632	678	1435	1584	1659	1364	1925	1621	1920	2370	2359	2762	1064	1199	1028	2273	1200	2523	1745	1238	1214	2093	2537	856	1125	2565	1120	1678	1098	1323	3294	1563	1384	708	707	1473	1847	887	1532	2245	518	544	1112	1584	1221	1712	2963	1989	375	555	2109	3705	1387	1348	1697	1753	1210	3001	1702	2070	952	1697	1449	1051	2473	600	2841	567	1248	2209	1482	1147	1509	2609	1532	753	1207	1234	2035	2475	414	2586	1644	562	1129	1898	1533	751	1480	564	2079	1489	1104	1058	1097	363	701	706	992	632	457	1265	1564	1172	994	1020	1157	1176	1428	1047	1401	1217	526	2010	584	493	804	1818	644	941	803	564	603	1606	672	501	1208	1543	931	909	1397	1057	1493	1504	898	896	984	297	1242	1248	326	1070	1195	665	1153	1179	1133	1154	886	695	407	1213	905	451	546	1335	830	455	749	511	595	899	1105	1055	517	517	997	537	468	1818	578	354	911	678	569	1143	540	1430	1942	1404	1663	1459	1534	761	436	874	974	1008	836	401	2092	787	1574	844	1150	761	891	1243	563	692	918	518	1137	685	1093	1567	1447	536	995	479	1443	582	980	1234	671	640	745	1015	1824	1074	564	713	561	867	709	378	1109	454	435	827	763	1554	1058	920	1466	503	974	761	1212	439	696	491	604	1157	213	710	976	904	754	648	631	351	711	485	463	672	422	751	407	687	904	612	447	385	688	1089	750	813	648	1055	1211	590	1001	539	689	347	626	532	579	336	452	484	1084	484	730	521	523	630	414	506	676	428	506	404	533	344	743	570	592	633	387	386	490	910	560	396	344	385	580	319	638	529	408	649	515	337	485	365	440	374	510	358	329	462
ZNF292	1480	2858	122	930	1362	2292	1838	3153	2155	2345	2420	1582	2131	3392	3782	2358	953	2827	1225	3723	2398	1105	1467	4329	1343	1404	2533	1864	2148	1430	2650	4181	1225	2945	690	933	2401	1558	1033	2666	2173	1765	10763	1996	1348	1820	1755	1247	2582	1016	472	1572	1455	594	2292	1105	2786	4577	905	1763	1325	2134	1967	3465	3847	2715	2268	1913	529	1986	2605	287	3112	3091	1495	2410	1769	1947	1572	1647	2670	1218	2014	3707	409	2344	3500	3242	3168	1184	915	1273	1386	3803	1828	1939	1061	997	850	1933	2757	1032	2517	3192	520	2224	3181	2711	3464	1591	364	2222	2135	3365	2314	981	3287	416	1753	952	2200	3351	3223	624	2951	3437	3165	3005	1455	416	1499	2097	1174	2149	3024	2531	2810	2784	1453	951	3033	1847	2740	3382	1020	592	2368	3492	2756	1460	2470	680	1575	969	2719	912	340	2918	685	2291	3101	2872	1452	268	1379	3375	3133	613	1929	2322	1786	1592	675	715	1392	733	2285	530	289	1150	2482	1936	2071	3305	589	1373	1152	1043	755	2733	559	2482	2694	1740	2332	1074	1667	3063	2594	2935	2284	2768	3027	1634	2619	1411	1585	1208	1932	1170	3681	1420	2126	3390	1110	2681	3084	2460	2025	789	1473	1690	1289	1427	1896	1531	1659	2069	2071	2036	1087	1676	1178	1465	767	2697	1932	1371	1040	2404	1871	757	1103	2891	1032	1638	1032	1180	2557	1104	1638	836	671	1818	1584	685	1402	1619	528	438	1107	1428	1339	1513	1483	1458	244	486	1206	1345	1200	1139	1278	1187	1127	1649	1795	1768	850	1250	1103	968	1731	641	2264	665	1194	1675	1291	930	1427	1861	857	769	1055	1404	1220	1855	334	1584	1192	458	800	1867	1413	565	1329	489	1288	1043	854	700	920	267	687	489	842	418	339	1006	1052	992	693	879	846	537	1300	821	984	900	359	1753	435	357	551	1535	358	673	633	369	528	1158	453	372	966	1458	806	645	1015	1140	993	1638	805	505	444	219	1023	1429	232	892	1220	630	737	511	560	1084	762	430	326	1106	712	378	424	1160	646	342	535	409	515	648	900	867	423	528	839	417	349	1313	413	282	377	325	423	1048	465	1108	1329	1018	1272	1092	1217	536	331	613	946	1019	770	294	1256	636	1133	717	1150	659	653	907	513	548	860	357	852	607	1140	1229	1302	435	610	389	701	379	912	466	520	579	638	731	1335	902	418	603	492	721	563	335	851	374	305	759	549	1384	822	600	1043	445	764	694	971	361	602	360	572	1101	195	597	848	786	535	541	468	262	444	418	455	530	302	617	358	493	824	454	356	285	607	679	566	549	458	525	941	529	762	503	669	373	494	468	413	328	344	345	932	341	551	415	333	493	320	275	506	288	338	271	341	311	597	431	351	492	347	291	462	677	417	266	254	301	496	262	461	374	356	513	555	317	445	323	484	296	499	309	272	378
KLF16	2274	4196	430	2298	2150	3945	3771	4674	4251	3603	4293	2550	3464	5299	5336	2176	2100	3871	2305	5064	3405	2042	2417	6557	2242	3390	4485	2750	4178	3385	4580	5832	2632	3735	1540	2113	4112	3112	2316	5308	4231	2869	1996	14407	2690	3610	2852	2627	4011	2006	1619	2774	2838	1175	4630	2312	5086	6311	1615	3819	2424	4041	3697	5249	5143	4434	4096	3638	1101	3736	4297	493	4099	4740	2544	3564	2209	3867	2909	3525	4262	2288	3667	5229	758	4080	5890	5046	5743	2867	1880	2767	1740	5335	3143	3653	2238	2122	1666	4360	5718	2234	4147	5109	1200	3824	4664	4494	4959	2941	684	4583	3566	5105	3771	2280	4705	823	3589	2060	3764	4953	4770	1342	5066	4846	4488	4345	3251	711	3295	4015	2482	3529	3635	4671	4860	4869	3246	1981	4738	3885	4254	3954	1812	625	2135	4591	3490	2055	3750	1154	3311	1529	5041	1822	933	3992	864	4016	4815	3873	2381	555	2002	4667	4090	1018	2924	3538	2856	3408	1905	1975	2140	1761	4182	946	1020	2778	4012	3144	3604	4478	1567	2016	2283	2208	1364	4056	1151	4165	3770	2994	4199	2159	3360	3978	2552	3754	2713	4001	3998	2075	3409	1858	1715	1498	2653	1774	4214	2183	2427	3574	1678	4084	4634	2740	2474	1179	2213	2138	2712	1997	2656	2583	3222	2609	3036	3369	1868	1796	1796	2025	1142	3422	2739	1888	2065	3065	2652	1432	1856	3281	1885	1748	1751	1946	4212	1856	1964	1065	1084	2249	2887	1342	2795	2286	806	954	1731	2202	2017	1882	2828	2815	646	687	2507	2500	1942	2125	2397	2842	1777	2718	2393	2967	1469	2457	2197	1600	3236	1045	3569	757	1853	3224	2126	1662	1909	2766	1634	1318	2028	1795	1965	3203	459	3164	2573	599	1494	2318	1509	1184	2385	900	2214	1903	1718	1837	2003	644	1201	1088	1564	1032	802	1911	2232	1839	1263	1493	1599	1375	2235	1398	2074	1812	917	3136	1038	884	1192	2357	1104	1519	1311	1167	926	2352	1059	847	1964	2523	1373	1504	2255	1503	1331	2238	1395	1077	890	469	1821	2054	287	1605	1840	949	1474	685	746	1655	1032	767	532	1995	1408	749	830	1919	1342	832	1149	857	997	1415	1691	1739	855	916	1483	891	763	1938	675	580	1153	656	707	1795	811	2235	2582	2060	2287	1753	2167	1136	729	1175	1569	1850	1292	627	2476	1429	2412	1135	1633	1239	1557	2270	813	1166	1618	864	2082	1180	1802	2128	1613	566	1690	803	1544	873	1225	1269	983	1258	1238	1552	2694	1583	996	1145	1127	1462	1200	639	1580	811	576	1339	1140	2178	1597	1161	1350	859	1481	1231	1708	679	1245	869	923	1487	390	1075	1653	1512	1191	1164	1095	561	1113	678	836	980	737	1279	710	1174	1453	951	683	528	1186	1496	1280	1386	1038	1050	1826	1045	1495	957	1231	619	943	888	769	631	799	867	1672	824	999	919	798	1086	661	491	1123	732	838	565	600	672	1290	1003	730	1076	675	633	761	1361	893	658	614	691	1023	574	1115	768	672	1086	826	603	764	679	557	675	841	664	554	705
ZBTB40	1627	2935	419	1971	1264	2471	2801	3632	3709	2249	3671	1811	2948	3847	3267	1447	1772	1909	1847	2739	1683	2183	2094	4346	1788	2898	3830	1440	3724	2605	2672	3787	2287	1929	1641	1872	3375	2553	1793	3514	2552	1548	1348	2690	9943	2817	1596	2354	3420	1939	1585	1806	2705	1177	3546	2241	4092	4400	1391	3507	2027	3053	3132	3788	3136	3781	2573	2123	1031	3235	3531	435	2743	2558	2402	1863	1048	2338	2473	3084	2880	1532	2546	3152	645	2504	3869	3515	3664	2786	1665	2217	1401	4409	2127	3042	1997	1849	1415	3183	3661	2089	2707	3989	1025	3289	2529	3823	3628	2432	535	3566	2908	3083	2203	1855	2690	656	3043	1798	2855	3390	3891	1219	3781	2759	2862	2364	2540	758	2656	3584	1893	2419	1928	3326	3637	3845	2697	1827	2866	3153	2542	2127	669	408	913	2288	1899	1577	2579	918	2757	865	3360	1624	850	2045	709	3102	2576	2443	1567	506	1241	2521	2205	814	1438	1682	1423	3005	1887	1933	1700	1465	2471	520	934	1758	2597	1866	2661	2347	1353	1359	1362	1593	782	2120	1094	3346	1925	1458	3153	1958	2848	2475	1141	2053	1176	2040	2087	1083	1613	833	704	762	1383	675	2473	1745	1246	1913	724	3251	2397	1574	952	451	1202	915	1420	1247	1689	1504	1895	1341	1717	1733	1011	718	767	951	553	2130	1911	1299	1238	1754	1343	773	956	1814	1471	800	1006	1021	2313	1007	713	469	814	1054	1600	865	2175	1038	464	438	1201	1020	1057	844	2103	2362	607	446	2170	1500	1321	1497	2241	2659	972	2157	1556	2522	1422	1503	1792	1342	2977	581	2032	461	1034	2572	1457	1215	1429	1778	1338	1193	1828	1447	1522	2364	271	2502	1976	320	1281	1987	1080	1148	1980	735	1430	1300	1707	1743	1354	654	1105	1091	1462	992	602	1775	2175	1663	1001	1341	1405	1228	1934	1345	1979	1782	903	1815	893	858	1163	1410	995	1477	1165	1068	885	1636	1085	834	1882	2142	1205	1388	2194	1059	1043	1312	1265	970	646	358	1526	1398	139	1110	1473	468	1200	348	333	668	650	692	482	1895	1283	679	702	1665	1159	719	1126	816	950	1372	1233	1337	853	842	1284	857	532	1528	540	400	1026	610	618	1608	561	1398	1770	1904	1979	1477	1414	1261	571	959	1371	1291	1117	571	2115	1169	1701	619	1296	1052	1231	1644	748	1062	928	818	1853	771	844	1664	1173	408	1552	822	994	611	1106	1063	873	1282	1123	1405	2289	1299	956	1201	1132	1343	1072	636	1633	890	541	1089	1092	1790	1089	776	908	789	1354	1076	1490	594	1152	761	685	1133	321	1038	1363	1195	995	818	1047	409	809	606	743	918	525	1110	685	1137	1123	887	600	480	838	1363	1200	1326	995	843	1917	990	1394	861	955	610	851	825	691	691	700	885	1430	849	879	904	685	1121	498	359	993	713	841	418	492	670	1154	946	686	1028	645	668	732	1238	891	614	582	647	780	590	943	706	481	1057	679	511	712	489	385	586	716	662	523	602
GABPA	1945	4357	779	1897	1789	3398	4093	5111	5069	3149	5360	2203	3294	5561	5332	2011	2616	3495	2120	4573	2939	1871	2198	7346	2007	3950	5518	2560	4941	3517	4949	5896	2396	3384	1333	2138	4249	2755	2706	5521	3594	2702	1820	3610	2817	17749	2238	2364	4182	1770	2305	2204	3104	969	4721	2181	6834	7142	1524	5011	2090	5970	3904	5376	4835	4725	3930	2980	991	3989	4323	735	4134	4295	2358	2894	1732	3567	2894	4024	3903	1754	3840	5039	595	3447	6129	5218	5281	3836	1913	3189	1622	6467	2909	3726	2714	1927	1363	4748	5979	2364	5404	5658	1040	4054	4268	5148	4728	2842	813	4598	3516	4862	3063	2566	4611	904	4415	2013	3297	5034	5408	1074	5738	4292	4029	4023	3540	557	3373	4925	2564	3952	3536	4700	5266	5358	3474	1965	4919	3864	4026	3820	1480	520	1926	4121	3368	1857	3711	974	3455	1496	5726	1593	1068	3451	794	4588	4217	3490	1888	782	1799	4137	3718	842	2371	3011	2424	3887	2544	2565	2049	1607	3772	927	1173	2287	4590	3014	5038	3890	1466	1684	1657	2718	1028	3340	1173	4569	3149	2437	4032	1946	3611	3662	2171	3396	2384	3216	3568	1878	3079	1607	1407	1292	2176	1517	4239	2014	2219	3464	1378	4725	4063	2524	1978	885	1774	1657	1911	1504	2274	2086	2641	2244	2521	2540	1605	1465	1253	1745	979	3001	2536	1578	1692	2566	2071	1178	1415	2785	1650	1446	1371	1477	3314	1310	1700	847	984	1909	2282	1014	3069	1897	701	696	1439	1619	1737	1517	2844	2548	456	861	3043	2138	1874	1876	2175	3429	1217	2905	2035	2868	1332	2149	1891	1417	3173	850	3355	621	1602	2971	1702	1318	1706	2314	1314	1095	1824	1588	1733	2754	351	3230	2267	513	1226	2009	1278	996	2260	691	2007	1527	1524	1947	1753	494	1164	895	1317	805	610	1717	2051	1692	1175	1330	1433	1360	2029	1288	1863	1591	754	2605	1211	684	1041	2047	1046	1298	1058	1370	750	1947	873	713	1803	2230	1153	1298	2178	1195	1144	1894	1200	1060	849	521	1654	1782	265	1260	1617	803	1526	666	711	1231	975	857	457	1818	1231	659	767	1652	1143	618	974	654	790	1200	1406	1635	705	811	1335	727	600	1645	635	465	1058	550	611	1643	691	1735	2031	1784	1964	1456	1678	969	491	952	1372	1611	1112	493	2171	1276	1936	855	1500	1141	1195	1722	646	929	1164	674	2211	863	1323	1843	1493	503	1787	635	1095	619	1002	1228	1057	1558	1135	1405	2272	1245	792	1020	1117	1439	1005	537	1372	655	480	1160	989	1989	1212	1033	1121	701	1303	1049	1533	591	1087	723	718	1370	455	884	1436	1277	875	879	955	470	748	565	666	854	560	1009	544	956	1198	846	591	445	1206	1304	1159	1168	1007	982	1674	825	1312	782	1008	500	843	768	640	556	565	692	1485	664	845	771	566	944	575	424	1110	552	658	413	520	513	1026	770	567	840	538	467	617	1085	780	549	483	535	960	459	947	629	486	924	755	517	657	507	366	545	684	530	454	523
ZNF614	1662	3000	227	1286	1751	2863	2235	2921	2200	2669	2336	1754	2293	3358	3712	1885	1187	3210	1548	3817	2798	1186	1610	4205	1556	1814	2448	2405	2214	2101	3325	3963	1535	3119	867	1179	2391	1896	1382	3404	2906	2000	1755	2852	1596	2238	9247	1507	2284	1251	897	2164	1605	733	2604	1250	2799	4085	1116	1791	1416	2581	2208	3364	3733	2464	2886	2620	715	2191	2570	322	2937	3460	1738	2871	1969	2704	1771	2002	3025	1644	2406	3834	516	2890	3715	3295	3741	1466	1205	1662	1106	2973	2049	2196	1383	1309	1094	2665	3507	1096	3003	3001	769	2302	3599	2534	3431	1710	488	2524	2201	3734	2823	1249	3330	520	1913	1156	2311	3348	2827	875	3028	3625	3254	3411	1812	459	1895	2100	1496	2119	3033	2728	2961	2822	1757	1066	3348	2155	2773	3291	1291	499	2038	3626	2832	1351	2624	766	1899	1203	3222	1131	570	3319	616	2514	3516	2829	1859	310	1535	3487	3266	725	2437	2863	2243	1725	926	1009	1418	992	3042	692	618	1900	2874	2112	2476	3514	1032	1561	1717	1439	1147	3186	693	2588	3070	2504	2732	1317	1778	3031	2211	3087	2388	3105	3147	1664	2808	1519	1599	1260	2153	1481	3389	1541	2160	3015	1289	2519	3564	2328	2250	995	1838	1960	1968	1450	2020	1925	2179	2160	2283	2537	1393	1693	1503	1646	931	2599	2070	1505	1390	2436	2193	1111	1496	2724	1262	1737	1378	1680	3185	1550	1728	934	825	1870	2272	1040	1669	1750	665	752	1282	1695	1564	1673	1794	1651	384	500	1370	1813	1429	1414	1519	1435	1444	1498	1872	1855	930	1702	1358	1098	1791	810	2664	603	1458	2035	1509	1225	1488	1971	1058	870	1231	1342	1222	2209	401	1898	1595	504	981	1583	1187	773	1484	653	1461	1349	1057	996	1429	403	759	651	995	624	598	1175	1291	1174	772	978	1025	725	1377	950	1239	1107	499	2316	592	544	691	1712	640	850	817	678	646	1660	617	532	1202	1589	909	851	1211	1195	983	1723	885	634	589	273	1227	1592	247	1118	1217	768	870	583	653	1410	821	427	356	1330	921	521	618	1309	888	536	723	539	665	861	1231	1193	562	558	1021	527	557	1319	530	397	567	430	503	1112	708	1749	1845	1261	1450	1254	1689	696	470	781	1063	1294	900	412	1530	898	1565	839	1200	798	1010	1419	562	757	1289	525	1277	829	1520	1511	1276	416	942	525	1085	595	899	651	591	767	788	954	1614	1114	590	705	732	921	814	428	968	482	351	969	680	1508	1229	867	1108	583	981	811	1140	498	806	587	694	1123	225	727	1064	1029	861	843	654	403	775	520	561	663	524	796	446	710	1066	568	446	384	858	914	723	735	637	638	1090	671	954	622	894	446	644	594	548	390	506	515	1140	490	728	534	467	660	529	366	748	434	520	449	416	438	807	617	502	727	413	410	522	866	562	419	406	416	672	392	774	519	532	663	626	438	561	481	407	479	630	420	330	513
NFKB2	1676	2577	356	2184	1100	2315	2678	3545	3706	1972	3516	1724	2621	3724	3162	1353	1693	1538	1952	2523	1303	2090	2116	4167	1637	2924	3687	1196	3761	2370	2406	3769	2376	1488	1574	1938	3550	2510	1724	3209	2542	1874	1247	2627	2354	2364	1507	9553	3529	1966	1274	1771	2590	1257	3750	2269	4268	4345	1228	3529	2253	2706	2909	3474	2790	3946	2154	1925	1006	3243	3635	369	2369	2314	2124	1641	983	1886	2519	2910	2624	1627	2426	2801	720	2384	3808	3443	3443	2547	1357	2202	1526	4689	2285	2817	1864	2033	1584	2955	3393	2171	2355	3908	1068	3310	2121	3950	3321	2400	466	3776	2804	2937	2083	1739	2773	633	2854	1966	3056	3239	3937	1347	3525	2523	2670	2235	2599	725	2698	3517	1751	2815	1445	3378	3654	3840	2711	2118	2549	3178	2619	1642	812	342	626	2008	1434	1807	2471	952	2580	594	2929	1656	765	1724	643	2613	2389	2294	1490	472	1091	2409	1910	742	1212	1365	1291	3242	1674	1684	1637	1638	2294	360	789	1565	1919	1817	2204	2035	1214	1307	1316	1178	655	1967	1098	2966	1600	1229	2940	1973	3133	2043	840	1803	750	1790	1765	821	1153	567	442	619	1118	350	2056	1614	842	1586	531	2896	2196	1308	574	253	992	650	1318	1072	1474	1379	1617	1096	1529	1624	867	459	554	689	474	1940	1687	1080	1155	1520	1169	531	802	1614	1334	589	820	879	2243	995	388	295	708	685	1436	845	1955	727	335	339	1038	791	792	623	2102	2273	685	387	2215	1443	1206	1413	2125	2470	914	2280	1416	2515	1200	1424	1785	1224	3229	462	1704	381	859	2504	1428	1241	1265	1845	1560	1213	1824	1273	1566	2318	223	2621	2050	227	1465	1986	1037	1170	1923	803	1420	1296	1874	1809	1282	667	1068	1028	1371	1131	638	1880	2342	1711	1098	1382	1434	1378	1970	1442	2051	1906	886	1738	845	927	1200	1303	1004	1505	1208	959	921	1566	1093	858	1858	2058	1245	1495	2306	917	982	1101	1305	1028	607	341	1532	1237	86	1108	1306	383	1127	240	213	466	554	657	460	1636	1272	667	698	1642	1159	786	1132	858	994	1468	1237	1263	867	853	1224	859	547	1568	516	357	1053	686	683	1621	500	1328	1826	1929	2034	1527	1347	1204	634	973	1269	1141	1087	567	2243	1083	1890	514	1273	999	1276	1703	715	1119	803	778	1654	697	632	1640	1031	342	1447	838	1085	641	1085	1102	844	1044	1148	1414	2419	1319	967	1079	1031	1249	1036	635	1627	811	558	1037	1156	1738	1076	665	888	680	1318	1070	1690	582	1181	819	618	1096	325	1107	1364	1139	1072	852	1029	405	885	617	718	939	520	1141	740	1194	1056	878	609	503	675	1522	1225	1435	953	932	1879	998	1468	857	878	622	859	836	701	576	801	875	1334	868	952	892	794	1216	448	297	967	775	870	441	516	687	1179	954	751	1099	694	684	716	1324	922	673	557	696	771	631	931	724	437	1117	577	480	671	459	398	561	713	697	561	640
UBTF	2318	4412	523	2808	1590	3810	4532	6490	7436	3345	6880	2635	4319	6767	6110	2506	2625	2891	2631	4459	2436	2851	3110	8220	2582	4770	7149	1925	7175	3489	4016	6980	3515	2881	2123	2772	5875	3933	2603	5308	3859	3806	2582	4011	3420	4182	2284	3529	21369	2662	1877	2468	3958	1588	7085	3463	8278	8970	1877	7017	3640	4725	4876	6542	5111	7390	3405	2904	1427	5317	6394	666	4737	4113	3168	2764	1833	2937	3920	4733	4463	2396	4027	5080	943	3714	6954	6054	5939	3946	1992	3296	2844	10063	4056	4475	2686	2739	1742	4615	5819	4045	4198	7627	1267	5486	3766	7732	5857	3795	729	6636	4649	5022	3146	2756	5980	924	4997	3229	5180	5606	8107	1516	6523	4359	4795	3867	4504	863	4190	6641	2737	5964	2936	6160	6414	7386	4450	3663	4590	5550	5249	3211	1587	643	1681	3823	2809	2900	4122	1410	3858	1085	5253	2306	1157	2966	1068	4590	4242	4337	2177	723	1742	4709	3618	1096	2033	2393	2229	6203	2563	2676	2989	2162	3574	627	1087	2339	3434	3300	3872	3676	1714	1795	1760	1923	952	3414	1617	5383	2754	1888	4720	2732	5600	3861	2090	3038	1624	3297	3298	1741	2329	1176	1070	1286	1803	772	4013	2361	1627	3313	1030	5819	3833	2550	1322	531	1599	1308	1830	1931	2463	2021	2545	2056	2941	2676	1441	1139	1005	1295	797	3209	2536	1723	1696	2707	2112	932	1187	2947	2049	1145	1269	1361	3629	1366	1084	615	1082	1507	2167	1145	3363	1567	444	482	1682	1437	1453	1103	3285	3722	714	698	3872	2355	1984	2011	3187	4362	1298	4463	2366	3738	1739	2126	2698	1869	5074	716	2962	715	1362	3814	1897	1542	2098	3301	2443	1456	2534	1914	2737	3536	344	4087	2841	503	1759	3347	2023	1451	2765	823	2263	2052	2389	2362	1690	823	1469	1388	2010	1194	696	2646	3256	2394	1648	1929	1964	2225	2916	1895	2857	2440	1219	2499	1347	1078	1540	2311	1295	2156	1540	1366	1163	2330	1443	1127	2653	3065	1732	1936	3310	1504	1688	2108	1821	1597	995	494	2139	1752	186	1485	2118	648	1661	483	457	826	1007	1239	662	2385	1774	827	935	2407	1555	810	1545	1022	1197	1885	1638	1713	1137	1162	1744	1100	681	2552	765	533	1909	1045	891	2372	700	1758	2517	2659	3070	2183	1983	1573	626	1476	1767	1682	1540	760	3211	1424	2393	738	1883	1444	1438	2161	998	1341	1096	1067	2238	1009	1089	2388	1718	600	2386	1031	1406	681	1533	2072	1329	1472	1549	2065	3288	1736	1234	1435	1327	1799	1377	796	2043	1015	751	1397	1506	2635	1362	1022	1413	970	1838	1510	2092	700	1439	932	935	1744	491	1380	2014	1579	1223	987	1397	500	973	819	955	1283	657	1392	866	1503	1430	1200	831	663	977	2032	1722	1894	1430	1343	2516	1196	1898	1011	1145	715	1173	1019	967	752	779	1027	1890	1085	1273	1178	941	1379	575	470	1121	826	1043	571	594	822	1525	1215	989	1273	883	776	920	1750	1218	724	701	742	1106	710	1139	870	566	1462	877	628	874	514	613	683	903	802	718	651
IRF9	1260	2047	266	1655	895	1843	2057	2645	2773	1696	2645	1460	2156	2843	2409	1116	1291	1275	1510	1887	1086	1657	1880	3091	1436	2170	2763	1017	2794	1855	1855	2728	1962	1316	1325	1512	2579	2064	1324	2426	1968	1280	1016	2006	1939	1770	1251	1966	2662	6813	1020	1420	2016	1088	2801	1863	3104	3152	1109	2628	1770	2067	2492	2722	2220	2929	1712	1564	875	2429	2756	287	1940	1822	1795	1365	786	1517	1978	2335	2147	1308	1857	2201	621	1858	2804	2522	2643	1982	1165	1695	1129	3326	1684	2234	1458	1620	1150	2218	2567	1713	1843	2926	841	2495	1676	2872	2621	1853	383	2748	2146	2202	1582	1327	2069	516	2157	1540	2339	2467	2935	1026	2641	1941	2103	1722	1990	610	2054	2654	1469	2003	1191	2556	2633	2909	2195	1549	1993	2548	1960	1296	520	329	507	1554	1156	1318	1903	759	2014	538	2279	1422	681	1403	630	2124	1870	1828	1177	319	907	1884	1535	703	1004	1095	1090	2394	1348	1352	1370	1225	1811	265	640	1313	1525	1471	1752	1601	1085	997	1068	934	603	1548	884	2299	1287	1037	2354	1640	2280	1694	658	1409	671	1448	1422	715	944	477	397	520	836	290	1715	1310	781	1231	417	2216	1714	1097	542	263	877	591	1068	969	1249	1085	1385	870	1286	1280	751	430	542	540	412	1565	1379	1019	908	1367	978	502	701	1368	1174	511	738	733	1725	797	359	283	627	608	1195	733	1529	590	266	323	956	669	739	516	1678	1819	550	310	1736	1139	988	1164	1785	1946	738	1766	1224	1925	1040	1181	1499	1111	2492	433	1436	334	782	2085	1095	1002	1158	1433	1155	997	1532	1119	1322	1870	191	1934	1603	218	1045	1692	897	1032	1516	635	1134	1035	1521	1374	1014	611	887	905	1217	855	536	1597	1872	1331	815	1203	1205	1104	1589	1189	1699	1552	831	1348	665	821	973	1088	838	1347	1061	848	830	1330	1197	761	1577	1689	1097	1243	1833	820	833	995	1138	857	475	277	1255	1095	84	916	1092	311	896	212	188	432	433	488	424	1425	1117	593	603	1711	995	603	1202	776	870	1473	996	1012	760	739	1086	775	483	1330	451	346	969	607	538	1400	464	1083	1424	1677	1700	1340	1115	1056	476	1030	1324	966	974	546	2055	935	1396	414	1114	877	976	1345	637	947	714	726	1386	631	576	1378	877	310	1261	769	847	497	966	946	707	871	996	1250	1912	1131	863	909	899	1039	951	582	1284	727	446	910	975	1524	859	579	730	601	1165	948	1251	482	1040	651	606	934	264	945	1181	987	871	693	919	335	744	567	652	836	473	949	652	1012	903	799	563	469	576	1152	1042	1189	880	717	1515	862	1266	884	776	553	760	732	613	522	593	777	1174	898	820	822	610	997	422	253	744	597	754	400	406	610	1033	876	800	968	607	624	645	1175	797	560	521	557	599	546	795	639	396	980	598	456	615	405	358	496	638	609	512	489
HCFC1	752	1786	821	1155	539	1457	2050	1937	2370	1183	2464	829	1587	2364	1989	625	1450	1074	1071	1300	888	1036	1113	2560	920	2129	2455	767	2407	1971	1650	2149	1254	831	784	1272	2030	1418	1465	2347	1498	786	472	1619	1585	2305	897	1274	1877	1020	5489	1007	1816	620	2162	1169	2637	2550	735	2455	1136	2373	2000	2157	1558	2221	1610	1352	523	1931	1930	382	1323	1488	1124	912	470	1688	1501	2274	1675	876	1746	1724	380	1423	2403	2289	2091	2150	1080	1692	663	2564	1397	1824	1835	1166	665	2371	2691	1217	1649	2432	641	1942	1448	2388	1772	1642	429	2226	1704	1645	1064	1447	1353	546	2201	1192	1510	1990	2346	574	2444	1510	1432	1385	2106	311	1773	2374	1378	1503	870	2017	2452	2390	1827	1071	1851	1900	1436	947	299	143	98	1119	922	760	1533	377	1963	529	2415	836	723	939	300	2144	1332	1148	908	450	572	1268	1054	372	632	907	813	2042	1480	1641	885	922	1825	294	995	1171	1964	1099	1517	1090	963	605	704	1318	435	1143	702	2012	828	808	1730	991	1848	1029	202	901	363	912	837	382	727	299	87	239	587	190	1086	873	317	756	297	1765	1275	594	173	128	504	269	830	473	698	646	1011	439	852	877	507	85	247	378	265	1034	927	519	699	648	589	478	498	706	740	259	403	483	1347	539	117	102	420	321	979	512	1599	500	221	207	488	481	530	248	1497	1164	288	260	1629	1002	829	920	1127	1777	450	1238	700	1346	594	1055	910	655	1642	183	1153	136	480	1399	570	662	613	811	586	601	917	688	702	1313	101	1646	1252	127	625	837	341	594	1009	332	874	664	888	1184	962	329	632	553	654	471	393	919	1158	940	543	702	769	767	948	744	1056	900	454	926	780	417	559	699	719	781	599	1046	436	1090	515	464	953	1009	634	791	1227	410	435	441	651	642	420	282	761	629	56	497	557	145	703	166	148	257	303	388	234	946	680	410	496	850	601	316	588	409	458	698	639	931	421	440	639	424	348	714	328	245	655	302	363	802	377	797	1016	990	988	732	788	602	227	493	659	538	534	243	1210	782	947	224	656	514	578	964	350	543	439	381	1479	322	324	845	440	188	1067	368	562	276	508	682	680	778	704	765	1199	642	446	572	782	735	578	376	806	390	235	520	570	1003	614	466	384	292	742	532	819	334	632	470	276	528	272	517	865	583	577	469	536	284	492	295	356	536	332	537	341	573	610	464	346	299	582	694	616	677	565	507	949	495	674	420	451	315	508	434	417	318	372	453	876	417	543	486	300	569	338	255	613	318	456	280	199	306	572	445	376	534	358	289	332	650	452	383	296	325	582	300	559	388	221	533	323	305	358	238	145	298	385	329	267	264
ZNF792	1712	2763	241	1558	1529	2688	2389	2965	2436	2426	2559	1815	2393	3327	3451	1737	1323	2627	1617	3386	2272	1382	1766	3974	1529	2073	2660	2002	2479	2208	3050	3689	1780	2615	1102	1398	2623	2083	1557	3242	2900	1779	1572	2774	1806	2204	2164	1771	2468	1420	1007	8555	1750	837	2708	1491	3015	3878	1154	2057	1632	2555	2374	3236	3253	2651	2668	2503	780	2366	2777	301	2701	3188	1860	2499	1689	2492	1859	2173	2818	1630	2478	3343	590	2811	3633	3299	3489	1725	1266	1773	1180	3160	2047	2388	1496	1456	1246	2759	3363	1287	2801	3116	887	2406	3175	2746	3244	1866	479	2717	2262	3379	2532	1366	3001	556	2151	1254	2424	3172	2971	1000	2985	3304	2960	2964	1964	542	2165	2400	1612	2098	2549	2918	3093	2964	1945	1265	3001	2388	2673	2745	994	450	1547	3062	2321	1488	2480	806	2136	1001	3064	1294	653	2824	643	2469	3126	2563	1823	316	1357	3110	2831	691	2109	2360	1892	1951	1096	1131	1449	1143	2818	554	656	1896	2515	2054	2355	3082	1165	1554	1747	1303	1041	2780	737	2495	2687	2153	2714	1496	1965	2676	1776	2632	1834	2698	2768	1375	2217	1188	1228	1074	1717	1078	2881	1579	1727	2490	1003	2454	3118	1939	1704	775	1660	1559	1814	1370	1822	1730	2002	1771	2004	2322	1256	1317	1247	1288	821	2344	1987	1414	1398	2141	1850	945	1355	2361	1282	1424	1208	1510	2985	1495	1284	718	818	1399	2079	1050	1790	1371	610	647	1229	1366	1338	1343	1905	1804	507	457	1556	1692	1381	1498	1665	1602	1345	1594	1712	2025	1032	1708	1519	1151	2035	809	2431	531	1299	2160	1597	1312	1422	1892	1125	979	1478	1305	1293	2196	349	2134	1820	383	1164	1624	1178	921	1623	732	1468	1354	1251	1189	1491	515	827	798	1135	809	670	1335	1493	1299	845	1091	1164	891	1477	992	1443	1302	656	2250	648	681	857	1687	776	1030	958	770	698	1700	770	634	1391	1786	990	1087	1498	1133	986	1605	1034	686	570	310	1374	1531	210	1154	1286	722	939	493	525	1155	707	442	415	1469	1029	582	673	1372	965	629	828	705	735	1037	1273	1286	629	640	1111	666	587	1386	547	385	709	458	497	1276	676	1740	1904	1402	1658	1365	1662	816	569	845	1142	1287	1027	506	1731	1017	1661	749	1217	881	1126	1591	609	869	1206	625	1396	801	1303	1585	1195	403	1138	592	1133	661	940	778	616	803	921	1091	1821	1191	745	794	817	1007	952	477	1141	581	419	1007	819	1599	1276	830	1057	604	1082	880	1276	521	873	685	666	1092	258	830	1135	1116	949	945	783	439	908	556	659	725	568	951	558	886	1080	728	510	409	823	1026	922	961	704	725	1249	810	1105	762	909	516	739	677	588	461	625	669	1232	609	769	679	566	784	548	365	844	560	654	452	448	515	944	743	553	838	525	511	578	1028	644	512	480	538	710	463	894	576	515	801	614	461	608	534	408	525	659	536	395	603
THAP9	1443	3087	511	2052	1087	2612	3068	3990	4265	2235	4222	1797	2983	4253	3433	1479	2070	1820	1907	2618	1607	2259	2092	4801	1895	3168	4449	1381	4463	2951	2660	4092	2329	1671	1524	2163	3687	2614	2055	3872	2614	1795	1455	2838	2705	3104	1605	2590	3958	2016	1816	1750	11223	1293	4306	2267	4752	4939	1400	4343	2147	3323	3328	4121	3318	4686	2591	2126	986	3530	3855	538	2898	2563	2342	1711	1056	2328	3031	3555	2999	1688	2809	3244	768	2562	4363	3739	3884	3189	1637	2424	1691	5339	2494	3387	2238	1979	1367	3535	4021	2363	2678	4527	1060	4081	2387	4294	3739	2649	617	4084	3771	3029	2059	2032	2864	774	3447	2049	3087	3625	4495	1108	4401	2751	2963	2438	3092	716	2789	4133	1992	2961	1664	3583	3946	4366	3067	1969	2894	3408	2736	1912	828	374	708	2238	1887	1692	2952	872	3036	827	3685	1751	903	1818	684	3346	2539	2589	1572	696	1219	2477	2108	829	1269	1580	1372	3521	2117	2387	1791	1505	2574	447	1066	1771	2725	1946	2640	2115	1308	1269	1284	1755	737	2094	1266	3691	1705	1330	3257	1990	3505	2218	926	1852	879	1873	1817	1007	1413	680	512	710	1250	457	2410	1853	959	1765	612	3647	2353	1463	643	287	1028	748	1384	1155	1602	1320	1779	1154	1613	1646	976	501	570	771	531	2176	1955	1121	1161	1637	1237	674	799	1695	1445	643	817	928	2285	972	498	346	893	905	1560	836	2382	938	360	353	1036	912	1005	626	2233	2424	530	511	2586	1562	1407	1531	2204	3088	896	2665	1549	2893	1276	1506	1779	1376	3407	465	1907	428	945	2536	1221	1191	1385	1883	1356	1278	1885	1485	1618	2500	246	2609	2115	301	1241	2087	1115	1070	2233	685	1458	1246	1853	1847	1457	607	1273	981	1376	882	602	1876	2414	1760	969	1467	1456	1247	2154	1634	2121	1879	849	1721	1044	815	1143	1365	988	1477	1174	1176	900	1674	1066	833	1929	2191	1285	1423	2336	976	1022	1170	1347	1125	741	413	1436	1337	96	1020	1325	364	1288	313	269	523	646	799	498	1846	1295	783	720	1731	1154	658	1118	770	990	1374	1160	1479	911	959	1324	843	583	1580	560	369	985	665	768	1757	554	1388	1880	2009	1908	1480	1377	1220	468	984	1438	1215	1062	526	2223	1166	1754	480	1393	1069	1097	1585	800	1032	806	726	1991	678	685	1654	1178	397	1547	814	1001	501	1292	1066	1048	1373	1288	1465	2395	1263	919	1200	1194	1468	1051	731	1669	810	539	1067	1128	1899	1049	793	845	690	1377	1153	1582	583	1186	760	674	1207	382	1096	1484	1176	1017	841	1089	418	779	615	721	1073	580	1042	685	1068	1109	884	648	521	831	1321	1261	1269	1030	896	1974	999	1538	835	946	641	941	890	775	672	688	798	1476	798	1083	908	610	1168	493	355	959	599	776	420	456	695	1097	883	699	1034	678	602	718	1239	893	615	567	618	907	594	886	785	424	1092	671	530	736	464	406	553	789	630	547	537
ZNF225	743	1177	157	1095	568	1067	1178	1465	1616	967	1509	839	1268	1575	1330	611	775	677	872	1050	608	1135	1067	1710	829	1257	1581	580	1686	1098	1025	1564	1216	687	896	961	1483	1268	780	1392	1123	745	594	1175	1177	969	733	1257	1588	1088	620	837	1293	3889	1647	1163	1784	1789	683	1572	1154	1173	1329	1544	1272	1698	976	901	566	1422	1593	169	1031	1025	1087	794	451	895	1233	1342	1201	808	1048	1225	557	1056	1620	1419	1497	1203	738	976	707	1897	1012	1302	867	1004	741	1280	1470	1087	1036	1654	568	1500	944	1676	1472	1175	255	1642	1344	1225	910	825	1187	326	1241	989	1378	1394	1701	654	1495	1089	1238	972	1139	421	1162	1557	815	1190	650	1466	1478	1643	1252	980	1099	1452	1102	729	305	195	216	834	609	821	1114	482	1244	258	1268	895	428	746	373	1215	1062	1022	726	230	537	1007	824	431	544	594	594	1462	844	837	790	765	1017	150	390	741	811	764	997	874	635	612	675	503	333	859	559	1388	709	579	1357	1029	1396	950	301	775	322	841	772	359	490	222	156	267	495	136	895	842	399	662	254	1263	962	638	242	110	464	298	636	557	752	642	815	489	653	731	424	176	284	311	238	921	852	598	555	770	543	275	396	723	715	260	426	456	993	483	140	150	420	272	666	469	891	308	168	187	529	406	363	291	965	1102	409	179	1028	654	565	685	1097	1144	499	1029	751	1183	649	709	908	647	1500	259	810	181	454	1226	656	670	674	843	719	690	936	706	776	1103	122	1113	1000	99	717	1019	505	702	962	419	587	626	1030	863	640	448	566	604	773	629	371	1000	1252	868	517	746	742	677	1020	830	1118	1030	544	764	409	574	621	592	530	871	723	506	540	817	678	530	960	1022	689	820	1172	468	491	502	749	539	295	164	786	664	41	563	627	194	519	121	102	218	234	327	289	869	695	450	395	924	632	455	667	541	612	817	637	639	570	482	659	538	300	790	296	208	569	401	408	866	270	649	863	1035	1012	808	700	775	327	543	719	535	587	331	1153	574	899	278	659	536	609	861	452	635	448	465	828	384	326	862	502	171	734	531	555	354	679	564	436	541	648	775	1200	719	557	620	589	663	607	514	933	522	307	569	663	882	542	366	434	396	757	610	845	330	669	454	360	564	137	669	757	584	615	451	595	219	513	382	448	653	305	611	447	682	582	493	389	288	354	739	689	794	555	440	1065	604	797	523	495	399	471	512	526	388	427	534	702	561	656	526	402	712	290	149	483	418	496	252	271	443	661	587	476	699	428	457	460	762	566	385	379	435	352	405	533	460	261	668	347	307	413	284	249	325	416	428	356	335
HMGXB4	2359	4900	653	2895	1767	4155	5022	6794	7560	3470	6976	2769	4542	7499	6685	2635	2768	3341	2778	4981	2894	2943	3370	9252	2820	5087	7433	2327	7451	4042	4723	8032	3645	2847	2182	2862	6184	4091	2831	6121	4465	6554	2292	4630	3546	4721	2604	3750	7085	2801	2162	2708	4306	1647	26003	3498	8811	9871	1965	7866	3748	5403	5132	6750	5539	8050	3951	3330	1483	5583	6560	700	4826	4908	3288	3039	2276	3431	4571	5173	4804	2769	4328	6078	988	4138	8366	6498	6567	4324	2204	3542	2795	10901	5673	4848	3015	2931	1849	5518	6980	4016	4571	7981	1373	6422	4263	7685	6024	3993	796	7973	4953	5345	3291	2892	8467	1060	5220	3394	5562	6470	8362	1605	7108	4738	4895	4883	5216	899	4504	6615	3014	8604	3225	6451	7172	7640	4697	3725	4806	5938	5734	3645	3959	726	1684	4671	3381	2942	4740	1412	4307	1300	6039	2431	1388	3213	1119	4955	4765	4616	2549	1059	2095	5065	3941	1182	2263	2977	2731	6274	2734	3243	3106	2306	4418	989	1272	2667	3767	3327	4072	3861	1821	1851	1960	2378	1098	4032	1708	5860	2732	2517	5090	2883	6102	3669	1901	3113	1634	3418	3284	1772	2762	1185	956	1307	1949	937	3954	2541	1634	3314	1209	6208	4389	2482	1268	568	1644	1420	2195	1878	2557	2061	2783	2045	3012	2985	1488	1025	1025	1515	991	3409	2707	1796	1773	2634	2303	1031	1270	3035	2047	1304	1329	1571	4139	1648	1044	641	1145	1568	2446	1268	3580	1812	539	599	1681	1563	1520	1217	3664	3900	737	743	4142	3059	2160	2246	3351	4944	1430	5138	2401	4122	1852	2344	2800	1956	5301	739	3268	665	1515	4041	1995	1703	2108	3443	2415	1605	2627	2074	2894	3972	399	4319	3107	590	1808	3258	1834	1531	3114	895	2593	2126	2537	2562	1985	837	1587	1431	1975	1237	778	2727	3446	2470	1629	2143	2165	2276	2965	2110	3074	2601	1276	2703	1441	1148	1623	2381	1413	2231	1607	1510	1260	2525	1522	1162	2765	3199	1817	2012	3373	1475	1706	1981	1981	1676	1198	574	2203	1892	252	1531	2080	632	1861	604	610	983	1104	1396	719	2484	1873	930	997	2563	1634	872	1621	1071	1275	1994	1679	1975	1222	1244	1940	1154	795	2672	818	554	1904	1102	986	2538	794	2067	2913	2876	3110	2415	2185	1661	671	1466	1892	1776	1528	771	3505	1580	2620	818	2063	1570	1574	2335	1055	1381	1211	1092	2526	1033	1156	2595	1964	653	2414	1056	1784	765	1510	2078	1402	1683	1644	2171	3540	1835	1303	1540	1463	2017	1444	834	2161	1071	801	1523	1587	2894	1612	1308	1494	998	1972	1667	2188	752	1557	1067	1005	1936	513	1474	2114	1693	1333	1135	1492	555	1111	876	981	1323	766	1507	932	1541	1559	1260	952	759	1120	2111	1772	1909	1487	1488	2644	1249	2127	1066	1278	764	1304	1178	999	809	862	1078	2026	1134	1336	1241	955	1515	691	552	1223	856	1076	611	662	873	1581	1237	1054	1355	905	814	954	1808	1244	776	765	769	1245	746	1187	993	593	1529	973	699	940	633	663	781	1009	831	725	722
ZNF563	1446	2376	309	2021	970	1974	2509	3367	3895	1854	3582	1648	2409	3579	2845	1130	1564	1285	1737	2115	1146	1923	1907	3980	1559	2847	3717	1055	3730	2050	2087	3393	2410	1373	1641	1779	3120	2419	1562	2844	2195	1518	1105	2312	2241	2181	1250	2269	3463	1863	1169	1491	2267	1163	3498	9225	4059	4115	1234	3658	2082	2456	2814	3299	2504	3626	1942	1650	1093	3082	3673	379	2322	1987	2018	1416	744	1629	2265	2820	2391	1379	2190	2516	629	2006	3383	3094	3147	2442	1344	1979	1342	4478	1931	2646	1648	1825	1281	2568	3092	2331	2091	3788	956	3016	1823	3848	3119	2156	453	3383	2408	2553	1767	1612	2571	595	2766	1914	2815	3011	3846	1250	3329	2176	2365	1829	2451	679	2528	3547	1757	2486	1292	3316	3299	3787	2704	2132	2410	3168	2460	1390	477	415	497	1636	1253	1547	2118	902	2303	563	2775	1626	725	1457	746	2542	2077	2067	1163	392	951	2171	1621	749	1072	1087	1125	3204	1654	1634	1670	1472	1905	296	659	1464	1719	1731	2110	1745	1182	1099	1163	1041	595	1582	1086	2936	1368	1029	2896	1982	2877	1953	759	1495	681	1601	1576	778	984	474	367	551	908	333	1927	1484	804	1348	474	2921	1836	1191	504	224	891	562	1064	1057	1448	1181	1583	913	1482	1354	838	405	514	611	410	1646	1491	1059	1013	1379	981	503	673	1423	1312	477	816	726	1904	772	380	346	655	638	1182	712	1826	653	305	315	1089	688	769	530	1916	2254	677	362	2254	1215	1049	1246	2077	2562	811	2350	1289	2306	1248	1258	1841	1179	3020	482	1557	349	796	2486	1319	1074	1248	1645	1428	1103	1843	1174	1561	2048	213	2451	1829	229	1222	1893	943	1198	1850	674	1285	1183	1823	1636	1073	710	1026	1087	1404	1075	566	1958	2225	1543	1037	1380	1374	1437	1794	1279	2115	1820	1199	1506	802	979	1230	1231	973	1602	1198	933	894	1396	1136	881	2311	2077	1201	1469	2286	883	984	1089	1312	998	543	304	1507	1168	79	1003	1270	356	1048	208	186	414	490	628	482	1591	1346	643	616	1552	1205	751	1175	903	993	1499	1114	1107	926	862	1220	916	501	1507	484	383	1299	688	607	1615	435	1136	1538	1868	2070	1347	1149	1184	591	949	1184	1088	1117	602	2054	962	1611	467	1171	1037	1178	1555	715	1033	729	880	1555	722	577	1565	996	349	1625	854	882	588	952	1296	810	997	1086	1459	2222	1238	1047	1077	964	1235	1071	622	1460	869	563	1024	1381	1644	918	618	770	731	1343	1090	1402	497	1084	687	642	1032	308	1018	1315	1125	904	753	1118	361	779	602	755	861	506	1109	744	1265	967	920	627	480	602	1462	1321	1731	1055	819	1727	989	1372	824	868	590	842	799	650	638	690	876	1276	932	828	1144	781	1131	448	270	800	757	889	391	473	742	1239	1049	743	1021	696	695	746	1336	944	598	609	674	670	629	855	694	409	1203	590	479	699	411	356	605	672	669	577	556
GABPB1	2815	5793	896	3349	1974	4675	6002	8147	9405	3956	8725	3240	5143	8798	7948	2992	3709	3765	3181	5698	3294	3330	3760	11131	3046	6304	9123	2716	8981	4566	5624	9171	4155	3643	2475	3248	7329	4592	3720	7278	4951	5478	2786	5086	4092	6834	2799	4268	8278	3104	2637	3015	4752	1784	8811	4059	29565	11927	2194	8959	4234	7105	5977	8172	6415	8977	4471	3816	1662	6405	7741	1024	5620	5538	3655	3535	2347	4065	4788	6071	5408	2865	5150	6413	1035	4600	9277	7856	7598	5308	2490	4488	3268	13170	5299	5549	3697	3220	2092	6422	8271	4745	6112	9518	1538	6840	4904	9409	7092	4381	1065	8939	5463	6294	3815	3509	8155	1260	6409	3907	6175	7360	9787	1782	8558	5492	5792	5170	5882	978	5386	8311	3648	8077	3834	7952	8308	9277	5733	4293	6237	7003	6782	4138	2613	722	1996	4961	3697	3372	5166	1641	4893	1542	7401	2744	1434	3828	1271	6103	5420	5145	2732	1013	2234	5941	4599	1279	2587	3243	2890	7700	3532	3647	3481	2611	4698	945	1445	2912	4853	4289	5524	4622	2025	2130	2132	2897	1144	4304	1919	6649	3461	2494	5817	3230	6991	4594	2402	3862	2206	4042	4229	2218	3242	1478	1321	1555	2246	1138	4925	2821	2125	4053	1556	7093	4921	3003	1783	712	2041	1703	2332	2144	2917	2406	3342	2546	3448	3327	1769	1383	1267	1755	1054	3845	3122	2043	2069	3136	2675	1198	1524	3527	2335	1569	1632	1648	4519	1743	1455	770	1202	1928	2716	1350	4114	2247	713	657	1971	1972	1838	1439	4495	4405	849	1064	5204	3248	2519	2552	3659	5509	1612	5398	2745	4541	2072	2971	3145	2135	5991	968	3985	792	1805	4724	2325	1872	2379	3855	2654	1707	2992	2272	3287	4141	424	5289	3437	620	2075	3645	2243	1681	3402	1017	3085	2378	2820	3012	2234	934	1772	1572	2276	1406	855	3049	3793	2684	1922	2234	2312	2701	3422	2201	3376	2881	1423	3339	1728	1285	1874	2915	1620	2507	1778	1745	1305	2754	1694	1282	3116	3622	1924	2299	3964	1656	1919	2481	2104	1959	1218	761	2559	2174	285	1741	2495	892	2370	671	695	1158	1245	1442	745	2778	2079	980	1062	2718	1796	985	1782	1199	1369	2199	1929	2171	1294	1369	2026	1305	842	2995	909	617	2162	1194	1033	2694	827	2171	3032	3142	3476	2471	2289	1820	789	1671	2023	2038	1714	863	3807	1769	2898	936	2209	1741	1730	2597	1104	1521	1393	1242	2905	1188	1386	2814	2136	696	2855	1189	1789	872	1657	2546	1648	1959	1799	2410	3923	2016	1449	1659	1543	2190	1610	886	2418	1187	872	1645	1743	3042	1653	1234	1622	1099	2142	1793	2417	805	1669	1076	1085	1944	691	1550	2252	1850	1442	1190	1652	642	1178	900	1089	1401	785	1652	994	1789	1659	1390	953	741	1419	2373	2019	2226	1693	1656	2946	1367	2185	1228	1376	820	1338	1220	1038	859	940	1202	2285	1241	1371	1404	1087	1628	740	553	1378	982	1216	638	764	965	1788	1404	1119	1465	993	895	1048	1982	1381	853	819	884	1304	806	1351	1009	650	1725	1019	721	977	673	653	805	1033	939	822	787
MAX	3658	8170	846	3342	3320	6241	7383	11661	10000	6340	9952	4342	5911	11114	12182	4679	4095	7635	3592	10758	6536	3445	4298	16387	3504	6665	10333	4824	9113	4945	8173	14025	4332	7981	2452	3361	8824	5014	4154	9016	6297	7465	4577	6311	4400	7142	4085	4345	8970	3152	2550	3878	4939	1789	9871	4115	11927	45679	2448	9432	4387	7703	6590	10868	11340	9884	6822	5375	1718	7088	8566	1280	8665	9433	4086	6215	4104	5968	5315	6316	7381	3144	6495	11274	1069	6170	12717	10467	10306	5209	2946	4916	3864	16316	6306	6411	3898	3308	2384	7098	10239	4747	7926	11555	1621	7743	9338	10748	10325	4728	1273	9379	6140	10321	6285	3837	12094	1520	7265	3853	6809	10297	12026	1908	10743	9401	8915	9124	6208	1008	5969	8689	4766	10016	8786	9310	9629	10387	5953	4401	9912	7391	9093	9499	4317	1297	6265	9890	7682	4192	7050	1929	5232	2639	10168	2841	1413	7978	1808	7573	9263	7876	3325	1189	3751	10152	8721	1481	4861	6497	5414	7760	3481	3612	4213	2705	6431	1896	1464	3480	7861	5863	6677	9387	2049	3013	2801	3922	1621	7538	1911	8601	7008	4647	7345	3431	7210	8364	6014	7595	5650	7774	8442	4174	7323	3432	3259	2842	4565	3144	10037	3561	4960	9064	3263	9711	8798	6092	4773	1783	3510	3655	3230	3102	4755	3868	4954	5185	5431	5389	2911	3434	2547	4032	1850	6290	4391	3156	2806	5549	4757	1989	2603	6545	2772	3727	2632	2548	6792	2380	4136	1893	1519	4466	3869	1551	4919	4533	1313	1133	2624	3589	3431	3721	6438	4827	826	1438	5705	4219	3191	3283	3897	5811	2516	6711	4136	5175	2438	4016	3449	2376	6243	1655	6524	1378	3047	5479	3332	2346	3381	5042	2963	1875	3128	2892	3793	5088	747	6221	3838	1178	2245	4336	3119	1708	3944	1111	4543	2799	2817	3055	2596	923	1892	1617	2374	1439	913	3168	3823	2939	2231	2387	2454	2787	3683	2286	3454	2940	1419	5233	1796	1266	2033	4147	1660	2494	1853	1759	1389	3237	1668	1272	3244	4077	2068	2347	4007	2458	2517	3885	2185	1959	1619	1017	2884	3113	614	2249	2929	1653	3220	1447	1505	2586	1956	1850	844	3016	2196	1029	1121	3005	1963	1095	1767	1215	1414	2222	2332	2422	1318	1447	2243	1345	943	3502	1119	861	2096	1180	1081	2858	986	2793	3456	3272	3754	2767	2976	1817	907	1797	2318	2674	1884	877	4043	1931	3329	1787	2704	1939	2055	2820	1227	1576	1943	1279	3087	1630	2513	3305	3205	1048	2854	1211	2174	1153	1920	2497	1660	2022	1856	2531	4203	2308	1474	1710	1559	2381	1682	889	2470	1183	951	1942	1793	3403	1955	1685	2382	1262	2245	1926	2638	882	1717	1086	1420	2487	754	1597	2324	2142	1472	1328	1665	690	1216	945	1153	1401	851	1778	983	1777	2036	1441	983	753	1818	2435	2026	2191	1697	1837	2980	1402	2271	1291	1704	841	1397	1256	1091	882	983	1199	2510	1235	1416	1390	1112	1637	908	719	1433	993	1238	715	1107	987	1843	1424	1118	1448	993	892	1147	2012	1375	855	843	880	1434	810	1379	1072	779	1702	1229	782	1054	825	812	904	1128	940	790	876
ZNF670	1031	1709	187	1052	901	1523	1502	2014	1980	1504	1938	1255	1577	2126	1935	999	927	1283	1081	1680	1118	1087	1169	2461	1208	1481	2043	968	1959	1370	1608	2068	1326	1358	860	1046	1774	1512	962	1911	1573	980	905	1615	1391	1524	1116	1228	1877	1109	735	1154	1400	683	1965	1234	2194	2448	5479	1867	1128	1622	1662	2389	1954	2021	1583	1327	1022	1756	1944	199	1723	1567	1308	1250	739	1345	1431	1670	1818	1050	1435	1941	430	1569	2177	1903	2147	1378	968	1233	865	2352	1203	1655	1045	1137	862	1668	2048	1188	1552	2159	586	1891	1567	1977	2092	1273	281	1899	1660	1852	1431	978	1677	371	1578	1043	1588	1911	2105	687	2096	1715	1786	1460	1371	400	1413	1866	1071	1378	1260	1875	1907	2147	1493	1001	1696	1788	1624	1373	452	284	668	1527	1313	936	1600	609	1405	590	1943	1019	490	1353	462	1789	1645	1624	947	225	874	1595	1455	601	1058	1139	958	1579	927	995	1062	882	1485	330	444	1102	1495	1192	1573	1504	802	906	926	898	619	1386	658	1900	1305	1027	1848	1173	1543	1537	886	1366	883	1383	1402	843	1108	676	610	589	1023	578	1674	1113	1247	1322	504	1940	1556	1140	781	434	884	754	959	909	1181	1095	1259	940	1187	1149	701	631	670	704	421	1403	1256	933	820	1301	962	560	696	1306	958	581	758	794	1459	717	586	400	635	837	1113	602	1164	697	306	383	899	716	781	633	1146	1396	346	297	1213	976	852	912	1253	1466	677	1297	1092	1466	828	933	1116	948	1602	456	1359	362	781	1522	936	730	963	1205	834	747	1147	999	1018	1441	225	1309	1143	264	744	1228	752	710	1216	458	870	839	966	951	829	398	721	629	898	536	372	1112	1162	975	615	873	870	716	1194	805	1184	977	537	1157	476	527	624	964	547	868	739	590	570	1037	660	518	1110	1316	810	783	1184	710	689	966	848	646	401	213	917	973	98	740	973	361	711	225	234	573	500	389	330	1115	838	432	432	1052	797	456	713	515	601	789	847	817	548	557	891	556	411	987	369	288	614	396	403	1097	435	942	1076	1094	1160	947	961	680	371	659	870	883	742	388	1185	669	1103	472	921	1150	740	1008	508	678	673	508	997	562	683	1092	861	423	906	511	644	408	747	676	549	742	690	913	1260	796	602	706	656	867	739	406	842	499	338	730	671	1167	753	607	654	547	859	707	916	392	750	468	533	791	173	661	814	850	609	559	692	293	520	449	524	595	366	707	455	691	741	540	444	328	495	792	775	748	984	548	966	626	890	556	687	412	592	563	446	440	416	490	864	506	590	563	433	658	378	236	567	420	513	299	303	431	726	597	441	624	421	407	488	800	558	376	416	405	474	378	583	458	355	682	494	375	507	357	286	419	498	425	386	390
H3K4me3	1899	4334	772	2843	1258	3239	5109	6692	9915	3010	9005	2320	3927	6720	5651	1941	3300	2485	2586	3614	2250	2900	2758	9778	2456	5569	9546	1630	8943	3732	3650	6557	3595	2254	2223	3090	5827	3803	3185	5576	3311	3259	1763	3819	3507	5011	1791	3529	7017	2628	2455	2057	4343	1572	7866	3658	8959	9432	1867	32663	3252	5242	4821	7084	4708	7722	3741	2676	1473	5927	6100	921	4398	3652	2928	2060	1168	2928	4220	5452	4138	1907	4493	4987	820	3186	7657	5772	5725	4911	2139	3779	2438	11559	3491	4999	3124	2741	1645	5203	6411	4868	3868	8445	1278	6103	3236	8178	5521	4083	873	6678	4500	4514	2691	3480	5363	1149	6454	3423	4556	5604	8360	1442	7529	3823	3977	3378	4903	774	4389	8199	3101	5964	2725	6225	6345	8223	5030	4003	4745	5924	5008	2964	1232	599	916	3066	2873	2538	3814	1319	4471	1163	6390	2354	1244	2316	1031	4996	3686	3564	1654	1459	1706	3897	2914	1066	1488	1953	1972	6856	3279	4284	2850	2281	3289	813	1424	2220	3903	3127	3796	3104	1737	1430	1456	2595	735	2709	1839	6614	2044	1552	4735	2730	6233	3205	1356	2469	1165	2601	2521	1266	2188	834	473	850	1463	656	3409	2274	1113	2639	1199	9797	3068	1975	652	278	1070	763	1527	1462	2135	1608	2522	1434	2381	1972	1356	441	603	1299	748	2677	2180	1341	1602	1955	1488	791	921	2050	1868	684	1008	953	2927	913	662	389	925	1247	1709	877	4099	1627	390	364	1347	1211	1214	831	3487	3794	695	804	4864	1896	1920	2088	3109	8876	997	8047	1929	3892	1741	1986	2629	1750	5265	536	2801	457	1150	3912	1575	1332	1631	2682	2153	1463	2511	1740	2588	3107	268	4155	2831	476	1605	2690	1269	1402	3089	692	2169	1637	2470	2788	1734	832	1642	1377	1888	1162	635	2618	3342	2432	1669	1928	1853	2519	2805	1914	2971	2413	1337	2115	1616	1094	1488	2115	1456	2269	1469	1654	1091	2042	1488	1184	2769	3042	1582	2002	3578	1091	1480	1506	1789	1807	1193	602	2034	1529	152	1304	1795	421	1960	483	444	633	937	3348	619	2272	1842	864	879	2262	1566	788	1581	975	1145	1898	1408	1792	1206	1298	1637	1155	668	2219	730	550	2029	951	866	2334	576	1477	2100	2685	2820	1820	1608	1612	527	1317	1644	1495	1342	689	2933	1519	2295	631	1668	1601	1384	2108	974	1276	834	1104	2501	842	714	2149	1545	655	2680	1040	1094	671	1152	2372	1513	1904	1567	2253	3163	1573	1317	1499	1402	2135	1354	773	1990	1053	819	1343	1553	2382	1176	1038	1159	898	1820	1696	2021	633	1477	978	836	1618	604	1312	2070	1454	1098	888	1568	452	878	688	920	1207	663	1355	857	1615	1332	1199	865	662	1051	2058	1872	1977	1666	1377	2548	1132	1918	966	1152	695	1174	1056	849	786	771	1082	1810	1102	1137	1276	913	1483	592	418	1071	818	1051	464	564	866	1522	1211	911	1236	894	727	863	1639	1235	756	719	746	1219	698	1065	876	430	1594	784	622	845	483	463	690	837	777	763	554
ZNF768	1465	2466	296	1986	944	2284	2469	3154	3485	1843	3250	1490	2466	3520	3403	1710	1439	1584	1597	2541	1347	1842	2023	4030	1484	2626	3354	1103	3475	2066	2301	3793	2140	1519	1406	1637	3302	2342	1451	2922	2391	2512	1325	2424	2027	2090	1416	2253	3640	1770	1136	1632	2147	1154	3748	2082	4234	4387	1128	3252	10763	2517	2684	3230	2718	3741	1868	1779	945	2818	3407	322	2312	2402	1889	1739	1089	1700	2211	2533	2526	1616	2135	2687	703	2223	3605	3273	3262	2214	1204	1841	1576	4845	2635	2462	1609	1766	1190	2640	3201	2147	2318	3668	865	2884	2153	3748	3053	2264	428	3802	2387	2720	1825	1543	3576	539	2535	2030	3250	3038	3905	1088	3153	2558	2779	2310	2624	633	2426	3246	1542	3510	1532	3272	3497	3661	2442	1957	2450	2989	2846	1692	1161	352	788	2115	1521	1697	2223	858	2219	506	2690	1518	776	1661	659	2346	2362	2253	1519	378	1033	2665	2014	676	1210	1351	1367	3249	1454	1436	1745	1386	2150	350	698	1454	1596	1733	2032	2077	1159	1070	1145	921	579	2067	1008	2622	1540	1146	2569	1687	3096	2037	909	1618	736	1863	1810	843	1180	523	417	613	936	316	2015	1367	803	1702	518	2628	2188	1339	621	226	886	749	1145	1029	1393	1148	1463	1094	1582	1643	772	468	540	645	442	1815	1404	1042	1043	1489	1201	529	739	1597	1229	597	759	839	2291	952	412	292	577	683	1289	829	1772	758	256	297	973	786	709	596	2018	2006	604	331	2056	1545	1106	1216	1943	2151	894	2256	1324	2091	1045	1335	1606	1107	2863	425	1671	368	746	2277	1176	1131	1223	1954	1366	971	1583	1161	1583	2135	267	2406	1792	284	1246	1927	1093	1032	1561	608	1326	1303	1622	1448	1078	644	898	975	1250	964	544	1655	2012	1515	988	1215	1291	1297	1677	1231	1838	1693	846	1490	720	833	1033	1309	933	1443	1113	852	816	1602	1009	808	1639	1788	1130	1359	2049	865	1082	1118	1174	984	563	255	1337	1096	93	958	1151	374	931	235	204	432	493	546	452	1470	1172	596	680	1522	1026	613	1066	782	893	1284	1089	1076	772	748	1066	758	485	1520	504	370	1229	718	634	1492	462	1150	1662	1704	1877	1461	1314	1098	476	945	1102	902	989	519	2181	970	1561	435	1147	868	1019	1439	677	975	724	728	1433	612	631	1506	1036	369	1405	757	997	514	957	1189	823	856	1012	1310	2128	1162	856	924	910	1094	969	588	1429	750	478	890	1000	1628	973	641	959	630	1221	976	1327	502	972	703	566	1008	248	986	1377	945	997	708	938	376	812	591	661	841	476	976	673	1064	934	819	571	486	558	1319	1079	1299	887	833	1626	897	1234	751	737	521	771	700	668	502	643	780	1181	845	860	814	689	976	398	328	733	612	810	442	414	615	1045	915	786	998	630	635	663	1230	832	553	548	589	613	550	924	651	408	1023	537	450	601	363	372	495	599	610	529	496
ELF1	2178	4630	783	2207	1838	3847	4504	5452	5480	3387	5719	2430	3759	6093	5988	2351	2822	3798	2374	5059	3281	2126	2573	7798	2223	4274	5911	2722	5350	3885	5824	6495	2754	3611	1550	2371	4804	3134	2933	6013	4059	3604	2134	4041	3053	5970	2581	2706	4725	2067	2373	2555	3323	1173	5403	2456	7105	7703	1622	5242	2517	19311	4267	5740	5155	5304	4077	3283	1119	4357	4818	775	4351	4756	2668	3206	2106	3753	3271	4308	4277	2185	4253	5465	743	3834	6739	5796	5720	4012	2053	3437	1965	7171	3587	4026	2868	2224	1566	5056	6353	2662	5798	6182	1186	4496	4643	5650	5153	3199	866	5339	3875	5229	3343	2748	5578	1019	4731	2345	3898	5490	6014	1249	5984	4772	4458	4544	4063	658	3791	5237	2827	4931	3750	5160	5783	5846	3810	2292	5205	4336	4568	4080	2186	591	2094	4542	3488	2178	4094	1133	3769	1487	5803	1841	1131	3770	898	4627	4594	3890	2298	808	1964	4697	4049	954	2568	3271	2714	4337	2591	2603	2305	1810	4203	932	1244	2507	4521	3343	5043	4277	1636	1836	1895	2598	1144	3864	1309	4735	3372	2604	4260	2189	4049	3900	2332	3574	2391	3632	3797	1860	3313	1529	1427	1388	2224	1370	4375	2186	2142	3741	1457	4917	4413	2742	2009	825	1880	1789	2149	1710	2419	2174	2813	2371	2752	2886	1678	1492	1308	1771	1038	3245	2630	1690	1828	2724	2379	1220	1541	3059	1855	1620	1458	1658	3818	1564	1698	844	1030	1932	2539	1188	3289	2143	709	701	1553	1883	1717	1625	3258	2785	554	879	3319	2561	2050	2088	2495	3574	1445	3298	2274	3180	1444	2388	2133	1570	3578	820	3467	695	1635	3255	1888	1541	1859	2728	1549	1258	1992	1754	2015	3143	398	3682	2616	562	1462	2366	1565	1159	2440	793	2261	1795	1772	2130	1963	602	1299	1061	1502	930	727	1942	2344	1970	1358	1544	1655	1590	2294	1478	2157	1859	881	2898	1312	802	1198	2277	1195	1539	1247	1459	915	2271	1060	863	2034	2508	1385	1495	2453	1398	1358	2063	1428	1208	991	595	1845	1850	288	1441	1811	775	1688	700	736	1308	1060	874	508	2080	1425	752	894	1914	1289	699	1148	778	935	1403	1585	1778	853	921	1512	859	699	1947	743	526	1273	663	740	1856	770	1972	2400	2050	2309	1773	1965	1146	584	1135	1519	1636	1255	568	2550	1425	2150	880	1704	1211	1333	1977	786	1083	1310	792	2400	925	1422	2081	1656	545	1921	770	1391	714	1212	1404	1172	1649	1266	1594	2641	1459	934	1146	1231	1552	1155	634	1600	781	546	1284	1168	2248	1424	1118	1310	797	1460	1216	1762	662	1217	849	833	1541	507	1060	1639	1398	1078	1009	1078	542	936	672	783	1003	667	1192	656	1120	1367	955	696	536	1260	1499	1288	1353	1103	1136	1898	966	1499	859	1136	584	971	879	789	626	691	815	1738	791	1010	895	694	1085	660	473	1219	658	796	535	594	613	1226	938	732	1010	646	569	730	1306	893	662	558	625	1088	537	1110	738	575	1067	819	575	741	588	457	635	806	615	536	612
SPEN	2192	4149	557	2428	1589	3602	4133	5178	5219	3019	5264	2541	3831	5779	5048	2143	2435	2823	2416	3945	2321	2314	2926	6430	2300	4054	5386	2045	5198	3533	3797	5743	3006	2732	1771	2460	4861	3311	2505	4924	3639	2532	1967	3697	3132	3904	2208	2909	4876	2492	2000	2374	3328	1329	5132	2814	5977	6590	1662	4821	2684	4267	14131	5379	4342	5330	3343	2926	1230	4443	5037	601	3937	3726	2772	2719	1614	3078	3242	4269	4065	2085	3688	4533	795	3470	5715	5327	5069	3720	1914	3120	1921	6494	3161	3963	2582	2405	1630	4467	5348	2800	3871	5857	1240	4382	3600	5569	4882	3200	690	5045	3797	4530	2843	2458	4218	914	4289	2486	3968	4979	5873	1397	5349	4026	4086	3548	3748	755	3718	5034	2679	3815	2632	5005	5347	5690	3835	2387	4338	4509	4047	2871	1179	523	1430	3393	2570	2172	3717	1133	3529	1154	4793	1987	1052	2902	922	4224	3795	3579	2058	626	1592	4056	3264	970	2054	2330	2052	4298	2407	2420	2327	1904	3575	593	1151	2320	3444	2935	3514	3333	1636	1716	1711	2039	962	3160	1299	4369	2610	1972	4268	2433	4030	3324	1770	2854	1601	2925	3051	1634	2198	1173	1110	1157	1701	838	3590	2102	1575	2906	982	4391	3578	2397	1355	587	1683	1293	1841	1670	2133	1886	2431	1893	2588	2547	1349	1128	1024	1199	767	2960	2475	1656	1603	2492	1944	1029	1235	2715	1835	1152	1277	1317	3330	1336	1013	571	954	1559	2192	1110	2866	1405	481	542	1579	1319	1444	1084	3042	2947	673	648	3160	2156	1810	1919	2681	3437	1215	3056	2054	3172	1529	2120	2346	1660	3944	719	2847	612	1363	3382	1803	1466	2001	2587	1685	1329	2241	1695	2123	3180	305	3616	2609	411	1583	2678	1596	1357	2422	833	2152	1775	1996	2178	1716	729	1258	1210	1688	1114	742	2225	2646	2018	1290	1668	1771	1712	2402	1568	2408	2093	1030	2534	1242	986	1368	2023	1258	1817	1424	1418	1014	2185	1357	950	2272	2697	1492	1693	2717	1338	1336	1917	1531	1225	829	526	1949	1752	186	1371	1872	570	1546	468	469	894	871	827	568	2161	1570	768	884	2289	1413	758	1427	955	1082	1771	1515	1660	967	981	1559	994	653	2101	657	487	1500	726	755	1974	731	1771	2347	2267	2593	1892	1805	1283	640	1367	1743	1575	1396	666	3037	1445	2164	711	1691	1250	1341	2012	841	1240	1136	936	2309	922	1104	2163	1540	501	2050	913	1299	690	1273	1526	1075	1378	1375	1802	2903	1658	1090	1242	1331	1556	1291	690	1746	887	606	1297	1300	2357	1341	910	1224	815	1602	1295	1772	644	1315	839	835	1473	481	1208	1696	1471	1152	950	1220	527	957	723	859	1067	659	1295	779	1319	1360	1060	698	567	1056	1618	1450	1605	1211	1128	2096	1109	1660	1027	1147	651	1013	943	825	633	741	938	1852	997	1069	1022	794	1201	604	454	1122	752	966	526	528	743	1354	1099	918	1159	739	728	824	1604	985	717	644	694	974	661	1078	782	536	1239	806	566	789	531	492	665	841	727	614	668
HDAC1	3026	6354	619	2776	2900	5107	5494	7852	7358	5258	7262	3642	4892	8314	8302	3581	3065	5552	3017	7365	4648	2889	3308	10914	3084	4992	7564	3573	6928	4096	5961	9228	3605	5819	2092	2889	6249	4191	3168	6989	4971	3693	3465	5249	3788	5376	3364	3474	6542	2722	2157	3236	4121	1544	6750	3299	8172	10868	2389	7084	3230	5740	5379	25853	8180	7305	5724	4453	1623	5807	6711	1004	6869	6519	3519	4883	2955	4924	4261	5332	6209	2613	4945	8112	907	5040	8987	7672	8097	4306	2477	3879	2740	9702	3983	5186	3098	2820	1996	5785	7722	3654	5883	8653	1383	6077	6650	7401	8092	4000	1056	6445	5125	7628	5258	3301	6821	1168	5493	3045	5093	7561	8016	1584	8237	7232	6853	6064	4489	866	4493	6549	3531	5155	5856	6800	7047	7955	4713	3105	7441	5637	6218	6346	1916	946	3966	6762	5879	2947	5452	1589	4398	2149	7786	2464	1132	5777	1332	6187	6825	6098	2654	824	2845	7011	6252	1365	3845	4704	3947	5498	2835	3248	3178	2254	5104	1255	1353	3028	6418	4511	5292	6542	1816	2545	2402	3366	1460	5629	1638	6939	5442	3708	6128	2881	5251	6487	4517	5773	4277	5726	6020	3280	5023	2970	2740	2213	3886	2703	7216	2965	4324	6068	2236	7401	6410	4566	3730	1702	2880	3168	2796	2819	4057	3537	4033	3938	4385	4254	2545	2959	2373	3123	1453	5105	3862	2614	2422	4800	3601	1763	2202	5308	2480	2455	2214	2174	5119	1931	3188	1616	1381	3663	3305	1364	3844	3155	1032	1045	2385	2669	2932	2876	4038	3984	692	1090	4014	2919	2489	2726	3316	4719	2001	4747	3466	4283	2052	3058	2917	2176	4936	1365	4985	1116	2467	4490	2690	1909	2843	3965	2223	1627	2703	2507	2882	4285	598	4331	3240	992	1805	3695	2405	1458	3348	959	3033	2262	2376	2553	2205	811	1634	1359	2052	1155	791	2654	3155	2478	1715	2038	2033	2022	3147	1956	2880	2451	1191	3903	1409	1065	1520	3191	1402	2065	1593	1535	1172	2803	1408	1110	2672	3545	1789	1968	3367	2114	1910	3347	1888	1569	1187	696	2307	2729	394	2015	2569	1215	2194	951	1020	2168	1595	1457	688	2653	1901	905	977	2630	1717	922	1530	1036	1227	1868	2123	2059	1147	1274	1971	1161	806	2740	902	719	1686	885	910	2516	907	2433	2838	2748	3121	2242	2515	1504	745	1547	2035	2336	1615	760	3211	1723	2887	1554	2353	1868	1806	2455	1055	1396	1753	1105	2641	1502	2279	2825	2614	843	2358	1032	1586	935	1635	1914	1372	1823	1602	2189	3446	1975	1271	1492	1418	2051	1519	795	2054	1037	785	1702	1491	2950	1660	1399	1915	1131	1954	1684	2240	784	1538	964	1283	2137	630	1385	2068	1886	1267	1163	1475	629	1028	867	1047	1250	766	1521	862	1515	1804	1225	889	666	1489	1985	1716	1777	1600	1349	2525	1239	1951	1116	1555	739	1227	1127	941	797	832	1020	2199	1055	1229	1176	939	1431	750	562	1253	834	1046	610	748	840	1610	1207	931	1316	846	759	1003	1743	1187	759	744	759	1193	720	1209	921	730	1485	1125	705	962	713	699	764	1030	812	707	737
SOX6	2967	7344	445	2178	3376	5232	4539	7415	5538	6452	5656	3430	4409	7665	9670	4032	2411	8720	2629	12175	7453	2288	2980	11870	2791	3692	6060	5039	4881	3499	7176	10601	2802	10046	1603	2384	5166	3535	2575	6763	4971	4184	3847	5143	3136	4835	3733	2790	5111	2220	1558	3253	3318	1272	5539	2504	6415	11340	1954	4708	2718	5155	4342	8180	34889	5865	6363	4932	1213	4550	5559	883	7404	8916	3092	6227	3743	5476	3616	4047	6132	2514	4629	11965	792	5261	8501	7311	8655	3068	2355	3085	2499	8171	3944	4362	2549	2332	1798	4770	7467	2633	6536	7016	1189	5044	10392	5951	8755	3214	940	5280	4579	9565	7010	2405	8011	1024	4316	2349	4498	8148	6901	1369	7287	9111	8127	8175	3621	726	3548	4808	3042	5062	10672	6052	6161	6301	3579	2253	9167	4585	6519	11609	2755	1217	6875	10956	8307	2826	5612	1458	3523	2506	8171	2048	957	10637	1436	5901	9375	6835	2791	675	3913	9471	9106	1182	5325	7444	5700	3928	1974	2127	3163	1832	5288	2154	950	2910	8127	4716	5495	12304	1509	2726	2460	3189	1578	7727	1324	6579	8692	4926	5428	2374	4042	9348	7051	8858	7617	8928	9284	4488	9123	4280	3678	2842	5351	4275	11193	3198	6151	9930	3869	7239	8931	6295	6494	2360	3312	4076	3009	2842	4869	4020	4929	5770	5172	5199	3030	3845	3114	5021	1879	5934	4025	2843	2446	6004	4820	2101	2692	6444	2445	3963	2587	2487	5880	2121	5829	2361	1345	5316	3608	1358	3428	5372	1420	1251	2349	4099	3908	4932	3877	3292	547	1105	3072	3122	2562	2434	2793	3431	2442	3838	4045	3727	1850	3405	2410	1930	4045	1681	6316	1339	3299	4119	2852	1964	3064	3968	1904	1452	2214	2466	2568	4014	728	3506	2639	1143	1579	3312	2506	1186	2918	880	3223	2197	1864	1940	2054	630	1556	1135	1720	958	721	2113	2476	2130	1535	1749	1775	1445	2955	1671	2288	1981	886	4463	1108	848	1257	3448	1016	1746	1329	1141	1027	2756	1097	963	2148	3017	1575	1632	2574	2261	2039	3711	1572	1229	1234	629	2031	2968	637	2037	2407	1832	2071	1526	1589	3033	1741	1245	622	2364	1586	816	879	2310	1465	838	1223	838	1069	1462	2024	1869	928	1151	1742	918	750	2496	876	880	1193	749	823	2105	898	2475	2722	2286	2585	2090	2572	1237	707	1313	1862	2279	1424	636	2676	1389	2667	2049	2231	1461	1623	2186	981	1238	1852	861	2144	1523	2814	2611	2875	979	1740	840	1612	1047	1590	1423	1154	1491	1340	1716	2841	1786	994	1293	1198	1721	1279	667	1706	800	609	1550	1234	2678	1676	1522	2077	1026	1641	1438	1988	745	1392	836	1273	2058	490	1212	1728	1703	1149	1111	1164	553	946	766	907	1074	682	1318	710	1157	1746	1012	785	614	1626	1552	1324	1329	1142	1221	2006	1037	1711	1002	1450	642	1126	1015	860	718	740	818	1918	828	1120	936	769	1154	736	629	1149	627	794	592	818	680	1281	972	775	1088	790	603	883	1396	1101	651	620	660	1120	562	1055	819	696	1129	1065	664	848	693	675	670	955	680	568	707
ZFP91	2436	5002	695	3003	1716	4224	5029	7420	7766	3721	7422	2975	4807	7818	6704	2797	3094	3246	2895	4860	2755	3233	3540	9112	2917	5248	7875	2153	7646	3994	4392	7857	3721	3107	2272	3014	6464	4206	3069	6051	4232	4578	2715	4434	3781	4725	2464	3946	7390	2929	2221	2651	4686	1698	8050	3626	8977	9884	2021	7722	3741	5304	5330	7305	5865	24561	3968	3351	1516	5829	7062	821	5255	4622	3459	2998	2025	3360	4678	5495	4942	2627	4504	5823	973	4044	7878	6642	6682	4562	2248	3788	3068	11345	4758	5058	3171	2973	1903	5369	6693	4158	4563	8420	1387	6751	4185	7976	6622	3946	867	7410	5434	5475	3402	3002	6713	1132	5521	3405	5508	6435	8497	1640	7646	4820	5226	4461	4955	923	4588	6946	3099	6679	3269	6569	6998	7993	4970	3669	5225	6071	5592	3612	2298	677	2023	4306	3409	3057	4812	1486	4279	1286	6158	2578	1251	3278	1145	5257	4604	4805	2423	977	1961	5008	4038	1223	2195	2690	2519	6408	2985	3276	3236	2337	4011	775	1306	2469	4107	3546	4155	3988	1777	1884	1858	2477	989	3815	1765	5996	2985	2113	5308	2997	6267	4080	2265	3305	1724	3480	3495	1905	2667	1264	1122	1376	1981	931	4448	2588	1766	3596	1172	6538	4261	2740	1361	545	1708	1431	1990	1989	2818	2143	2802	2205	3028	2936	1538	1198	1034	1462	922	3559	2826	1808	1729	2876	2320	1021	1282	3177	2141	1233	1354	1417	3912	1480	1153	649	1119	1755	2330	1171	3652	1759	545	499	1739	1516	1583	1217	3784	4060	704	820	4318	2776	2209	2261	3445	4932	1353	5056	2504	4304	1918	2374	2842	2024	5705	767	3314	719	1511	4194	1996	1675	2249	3520	2369	1635	2764	2160	2917	3964	371	4412	3139	593	1875	3672	2123	1543	3200	921	2599	2107	2653	2694	1934	848	1666	1449	2090	1256	747	2871	3619	2481	1676	2131	2146	2225	3207	2206	3184	2717	1270	2789	1477	1149	1680	2509	1451	2274	1654	1567	1262	2494	1539	1175	2890	3402	1828	2100	3573	1577	1845	2210	1989	1761	1160	624	2195	1908	221	1555	2262	642	2036	554	537	930	1141	1285	699	2639	1933	940	967	2632	1672	869	1658	1079	1275	2029	1676	1967	1230	1287	1901	1200	753	2703	828	564	1859	1101	1000	2596	728	1916	2759	2965	3177	2359	2065	1712	699	1575	1919	1825	1574	781	3534	1589	2592	804	2097	1600	1560	2315	1048	1406	1146	1098	2567	1026	1130	2598	1984	631	2379	1112	1595	722	1691	2054	1433	1758	1686	2255	3683	1873	1321	1586	1456	2167	1477	855	2322	1098	821	1530	1627	2860	1495	1085	1495	1011	1993	1721	2319	743	1561	978	985	1882	593	1468	2105	1695	1341	1058	1527	544	1061	840	1017	1340	723	1529	899	1590	1544	1296	911	702	1128	2091	1855	1939	1517	1470	2830	1274	2118	1104	1289	763	1275	1160	1012	803	862	1102	2133	1150	1336	1274	938	1570	645	509	1241	881	1112	582	672	906	1612	1269	1047	1378	913	821	981	1824	1273	792	748	776	1208	748	1182	967	572	1572	955	717	952	580	618	748	988	851	763	709
MYBL2	2264	5024	450	1771	2676	3866	3486	5068	4165	4433	4360	2563	3121	5184	5709	2423	2353	5067	2260	6120	4401	1697	2027	7307	2154	3307	4599	3597	3789	3099	4938	6100	2349	5311	1310	1949	3579	2762	2542	5305	3823	2408	2268	4096	2573	3930	2886	2154	3405	1712	1610	2668	2591	976	3951	1942	4471	6822	1583	3741	1868	4077	3343	5724	6363	3968	17429	3822	992	3658	3862	594	5023	5201	2404	4018	2249	4185	2646	3350	4471	1937	3770	6619	616	3903	5796	5050	6056	2678	2009	2846	1435	4829	2597	3599	2202	1871	1511	4056	5648	1863	4460	4933	1117	3591	5743	4105	5521	2657	745	3685	3303	5905	4752	2194	4604	901	3660	1687	3055	5620	4433	1205	5837	5718	4960	4875	2834	586	3143	3773	2407	2773	5295	4144	4441	4670	2855	1651	5907	3252	3898	5732	1501	721	3497	5753	5226	1801	3737	1094	3103	1954	6116	1680	862	5221	873	4358	5486	4211	2119	661	2564	5146	5055	1030	3666	4503	3682	2886	1914	2109	2025	1492	4119	1345	1105	2551	5755	3043	4048	5752	1399	2209	2105	3012	1430	4784	1056	5075	5053	3620	4354	1915	2790	5261	3783	4954	3978	4945	4963	2634	4792	2765	2488	1777	3798	3202	5809	2254	3836	5032	2205	5289	5271	3828	3639	1601	2452	2923	2616	2150	3340	3161	3518	3313	3324	3486	2364	2616	2243	3143	1385	3953	3117	2095	2139	3836	3037	1643	2139	3856	1913	2310	1984	2034	4160	1741	3270	1580	1205	3546	2897	1188	3068	3087	1168	1148	1906	2568	2652	2875	2706	2635	553	840	2401	2320	1917	2021	2175	2956	1795	2676	2749	2828	1406	2434	2004	1539	2716	1214	4163	931	2204	3159	2230	1513	2032	2606	1397	1242	1838	1923	1632	3115	540	2949	2271	882	1281	2025	1375	1007	2395	784	2141	1658	1479	1864	1950	551	1226	930	1432	869	715	1662	1843	1810	1159	1399	1442	1182	1908	1265	1797	1540	775	3275	1049	725	1041	2308	1148	1240	1146	1131	826	2224	878	750	1743	2360	1253	1243	1886	1710	1277	2430	1261	911	992	508	1639	2264	402	1748	1697	1109	1491	946	1007	2289	1280	895	502	1866	1366	698	823	1760	1345	786	1013	714	868	1201	1711	1623	738	886	1487	812	737	1702	691	678	866	546	591	1653	845	2163	2203	1774	1968	1507	2072	969	644	960	1484	1989	1217	588	1984	1340	2230	1557	1671	1257	1489	1909	737	1036	1647	784	1989	1258	2101	2143	1973	622	1506	692	1263	878	1139	975	894	1365	1113	1389	2270	1499	872	1020	1060	1467	1113	548	1320	672	526	1345	964	2077	1504	1312	1515	860	1356	1234	1573	667	1102	834	991	1673	423	938	1420	1504	1007	1051	1000	525	902	634	767	862	647	1127	611	1029	1521	869	630	482	1293	1298	1157	1093	965	894	1549	863	1331	813	1307	588	897	824	698	607	700	749	1589	684	872	801	669	990	721	526	1049	619	740	514	656	588	1178	919	601	904	573	497	699	1106	771	634	562	620	1069	520	989	722	654	945	879	614	754	657	499	687	801	617	473	658
ATF2	2080	3886	355	1623	2195	3417	2975	3865	3151	3484	3301	2198	2931	4388	4881	2163	1747	4410	1958	4954	3821	1513	1950	5694	1887	2554	3421	2873	2981	2692	4098	5130	1985	4051	1149	1641	3165	2423	1943	4343	3464	2565	1913	3638	2123	2980	2620	1925	2904	1564	1352	2503	2126	901	3330	1650	3816	5375	1327	2676	1779	3283	2926	4453	4932	3351	3822	14285	822	2905	3366	473	3762	4834	2096	3509	2208	3602	2252	2758	3800	1929	3078	5088	594	3497	4862	4517	4870	2137	1646	2273	1348	4128	2489	2878	1845	1684	1376	3476	4731	1529	3695	4023	966	2946	4730	3425	4373	2223	643	3334	2889	4848	3674	1689	4308	848	2718	1476	2796	4425	3708	1052	4186	4649	4143	4280	2449	531	2506	2932	2057	2870	3994	3618	3871	3835	2361	1395	4471	2923	3588	4391	1679	555	2554	4659	3671	1662	3271	981	2543	1553	5028	1380	764	4197	798	3563	4550	3575	2163	416	1964	4454	4162	874	3004	3809	3009	2391	1432	1496	1761	1293	3746	978	841	2356	4279	2708	3108	4570	1266	1883	1998	2357	1299	4032	838	3530	3989	2988	3517	1664	2396	3919	2796	3902	3040	4013	4076	2206	3962	2053	1916	1574	2791	1906	4277	1850	2649	3869	2090	3633	4507	2894	2826	1262	2148	2320	2442	1822	2568	2480	3181	2730	2926	3226	1843	2038	1894	2222	1171	3298	2548	1766	1779	3065	2663	1462	1908	3296	1605	1945	1865	1886	3871	1714	2279	1231	1010	2447	2762	1237	2309	2674	835	968	1559	2370	2087	2179	2365	2152	482	645	1896	2212	1726	1815	1901	2191	1678	2053	2182	2372	1173	2770	1737	1327	2340	1055	4411	741	2678	3847	1888	1464	1786	2371	1229	1063	1576	1605	1532	2759	438	2441	1973	623	1210	1962	1331	918	1883	745	1944	1610	1265	1379	1738	488	948	850	1187	790	756	1434	1636	1492	970	1170	1285	1005	1752	1112	1570	1402	660	2877	796	640	890	2134	859	1095	1006	998	756	2094	798	639	1491	1996	1096	1117	1591	1431	1170	2117	1091	812	746	399	1455	1961	312	1503	1557	976	1183	745	811	1786	976	593	436	1640	1143	609	755	1549	1077	670	866	655	754	1056	1546	1485	656	700	1214	677	695	1566	614	507	796	495	582	1392	776	2019	2104	1538	1796	1502	1971	850	596	934	1307	1558	1085	493	1901	1155	1968	1160	1462	997	1275	1778	639	914	1549	645	1877	1011	1865	1847	1559	540	1260	609	1267	774	1060	859	742	987	978	1170	2043	1392	725	881	955	1169	991	497	1235	615	441	1147	883	1834	1418	1048	1274	712	1160	965	1369	614	985	703	826	1312	322	868	1259	1229	984	1000	830	455	918	603	668	786	602	991	539	890	1286	766	562	441	1559	1102	979	995	770	828	1338	833	1175	794	1080	526	796	724	649	489	644	675	1541	612	809	695	594	805	607	452	949	545	634	506	510	504	995	763	581	839	494	494	619	1042	687	547	469	542	832	448	933	612	626	806	739	510	650	593	439	566	700	515	422	633
ZNF608	772	1081	136	891	573	966	1106	1436	1552	979	1456	885	1106	1484	1301	550	716	711	833	1026	632	861	884	1711	799	1194	1529	557	1533	949	1039	1428	1126	804	780	826	1353	1154	735	1294	1095	707	529	1101	1031	991	715	1006	1427	875	523	780	986	566	1483	1093	1662	1718	1022	1473	945	1119	1230	1623	1213	1516	992	822	3813	1330	1441	141	1102	969	973	796	423	815	1056	1238	1164	721	993	1207	333	994	1504	1321	1446	1052	667	904	631	1783	855	1166	747	911	661	1168	1418	997	1019	1578	481	1345	937	1537	1419	964	228	1432	1063	1215	950	767	1160	278	1172	825	1219	1329	1554	645	1445	1079	1154	912	1055	339	1136	1448	788	1069	699	1394	1393	1598	1204	894	1097	1363	1133	722	252	213	296	855	688	722	1032	504	1021	310	1252	809	378	796	363	1177	1031	1012	583	171	585	1063	866	460	624	620	609	1274	715	700	788	760	965	186	304	744	858	845	1074	912	614	600	622	508	368	858	524	1298	782	589	1318	943	1207	973	449	811	446	855	853	486	579	354	268	349	576	262	952	751	707	727	263	1313	941	638	380	232	564	378	627	600	821	727	868	561	771	750	488	278	418	399	257	880	792	652	598	802	596	334	434	811	702	266	505	456	955	467	269	254	382	403	653	426	839	357	160	253	635	419	473	382	900	1057	352	192	970	633	535	629	993	1111	471	1031	711	1063	648	642	914	638	1275	310	858	227	484	1188	699	531	636	855	663	576	893	635	776	975	146	1062	885	126	622	870	502	620	905	387	647	622	804	778	569	408	529	568	744	548	317	936	965	763	544	733	689	652	892	644	966	828	555	789	379	493	572	682	457	779	664	426	519	765	585	499	958	965	665	707	993	505	518	660	701	488	271	143	701	671	37	582	674	221	528	121	111	311	294	291	286	797	680	334	325	772	672	421	593	482	522	704	688	558	468	462	661	520	291	747	276	234	592	365	282	855	288	641	755	881	947	719	650	607	335	523	620	608	611	378	948	513	824	336	642	872	660	787	401	551	448	500	742	495	406	852	546	250	789	485	479	347	516	540	397	501	582	748	1002	643	546	546	481	641	604	316	659	461	290	557	572	802	515	363	455	494	696	539	739	327	609	393	381	569	125	563	614	633	488	427	584	219	429	363	432	458	291	592	425	628	550	491	360	277	322	725	671	716	834	431	774	536	729	414	497	341	447	458	350	362	380	457	633	463	443	531	425	591	279	139	433	435	521	218	251	395	674	551	364	539	375	386	437	669	475	350	375	374	341	359	471	390	292	619	361	300	399	252	202	354	377	416	309	323
YEATS4	2278	4241	535	2571	1825	3455	4184	5789	6180	3207	6041	2665	3804	5816	5048	2097	2533	2768	2727	3922	2412	2487	2685	6958	2368	4436	6310	1985	6024	3425	3709	5829	3229	2777	1936	2602	5358	3502	2543	5067	3577	2554	1986	3736	3235	3989	2191	3243	5317	2429	1931	2366	3530	1422	5583	3082	6405	7088	1756	5927	2818	4357	4443	5807	4550	5829	3658	2905	1330	16165	5285	612	4241	3628	2842	2632	1485	3067	3438	4510	4098	2077	3776	4631	792	3421	5918	5527	5415	3889	2003	3295	2007	7221	3073	4604	2693	2660	1845	4451	5463	3269	3789	6407	1318	4734	3507	6229	5188	3412	687	5220	3996	4701	3177	2619	4295	896	4671	2622	4117	5125	6284	1572	5986	3960	4083	3418	3873	772	3883	5757	2877	3925	2717	5203	5614	6269	4008	2964	4357	4733	4099	2978	1047	563	1486	3366	2823	2328	3645	1333	3731	1214	5136	2160	1077	2832	927	4427	3764	3670	1983	737	1702	3919	3202	1092	2012	2297	2112	4708	2484	2722	2475	2228	3449	650	1119	2307	3592	2892	3621	3368	1669	1950	1730	2197	991	3025	1465	5131	2683	1963	4542	2550	4447	3486	1874	3022	1686	2916	2983	1619	2284	1204	1166	1148	2079	1002	3679	2276	1760	2954	1090	5469	3453	2396	1364	593	1676	1362	1862	1839	2375	2182	2642	1994	2615	2442	1451	1162	1081	1433	790	2939	2503	1734	1695	2520	1915	990	1230	2679	1966	1164	1385	1350	3247	1284	1137	658	1065	1714	2084	1083	3140	1559	574	606	1666	1453	1482	1198	3132	3268	720	662	3399	2011	1801	2009	2887	4104	1290	3632	2178	3428	1649	2069	2469	1770	4273	716	2874	672	1411	3614	2035	1458	1980	2728	2040	1402	2383	1809	2233	3216	340	3721	2787	494	1704	2761	1512	1395	2703	896	2180	1771	2188	2402	1714	771	1434	1271	1825	1211	708	2405	2842	2399	1459	1843	1824	1981	2539	1654	2591	2203	1140	2557	1279	1041	1477	2068	1303	1950	1465	1407	1072	2155	1318	1070	2478	2905	1571	1842	3014	1399	1426	1874	1653	1316	875	546	1997	1824	179	1557	1884	614	1711	470	475	940	935	1063	610	2251	1691	813	856	2225	1536	871	1428	987	1109	1752	1658	1695	1082	1105	1655	1069	684	2147	715	531	1643	791	777	2137	730	1784	2280	2392	2728	1841	1824	1405	715	1308	1662	1677	1426	708	2779	1435	2456	863	1740	1439	1564	2141	883	1312	1184	992	2346	1005	1130	2279	1630	533	2214	986	1194	764	1306	1666	1131	1512	1471	1899	2998	1674	1173	1315	1299	1733	1353	717	1833	965	691	1398	1376	2390	1349	973	1368	920	1736	1433	2096	741	1432	914	910	1653	474	1267	1837	1566	1157	973	1312	484	934	764	906	1122	677	1370	837	1452	1452	1143	789	590	1022	1966	1582	1732	1342	1238	2186	1132	1770	981	1210	678	1097	1015	830	723	832	1010	1906	1003	1087	1127	944	1379	632	409	1203	847	1030	525	621	809	1466	1172	896	1207	799	740	872	1592	1103	774	678	751	1024	711	1095	830	563	1353	894	634	837	580	502	704	875	792	675	701
MNX1	2673	4804	569	2933	2026	4147	4627	6576	6648	3753	6316	2987	4551	7556	6243	2668	2740	3368	2783	4898	2798	2845	3287	8094	2744	4736	6577	2355	6397	3667	4451	7340	3653	3357	2150	2739	5845	4026	2781	5588	4267	3568	2605	4297	3531	4323	2570	3635	6394	2756	1930	2777	3855	1593	6560	3673	7741	8566	1944	6100	3407	4818	5037	6711	5559	7062	3862	3366	1441	5285	19441	717	4898	4532	3295	3256	2044	3441	3949	4889	4791	2458	4110	5582	913	4092	6936	6324	6291	3996	2093	3513	2577	8923	3970	4508	2815	2792	1952	4894	6168	3521	4468	7358	1335	5521	4258	6919	6281	3596	806	6346	4683	5393	3628	2737	5686	1011	4816	3084	5057	5994	7265	1629	6579	4837	5078	4311	4327	888	4284	6029	2971	5214	3329	6278	6441	7130	4521	3228	5047	5515	5224	3642	1617	722	1977	4164	3231	2779	4453	1452	3921	1371	5592	2353	1111	3552	1184	4875	4608	4559	2394	692	1952	4996	4034	1167	2453	2868	2593	5529	2637	2617	2870	2207	3963	711	1142	2543	3987	3569	4111	4131	1764	2019	1979	2272	1092	3825	1554	5339	3256	2390	5199	2849	5160	4258	2371	3584	2157	3692	3806	2087	2786	1580	1430	1464	2203	1215	4412	2510	2121	3558	1215	5424	4312	2797	1807	911	2015	1673	2130	2117	2832	2430	2889	2395	3219	3070	1726	1536	1417	1615	953	3668	2935	1959	1942	3159	2500	1178	1492	3406	2160	1400	1504	1597	3931	1584	1530	1009	1136	1899	2499	1233	3247	1775	637	632	1971	1628	1899	1501	3504	3680	763	819	3822	2544	2099	2228	3232	4068	1471	4025	2612	3910	1811	2415	2794	1944	5058	896	3426	776	1627	4102	2193	1698	2268	3343	2221	1567	2649	2046	2720	3777	416	4162	3027	568	1852	3403	2033	1501	2918	971	2553	2127	2430	2418	1904	832	1516	1394	1985	1293	806	2724	3318	2326	1554	1999	2019	2134	2947	1914	2942	2548	1305	2961	1320	1131	1665	2585	1383	2142	1624	1429	1172	2575	1491	1117	2933	3280	1751	1999	3317	1650	1657	2432	1834	1534	974	567	2231	2046	216	1653	2284	769	1804	575	594	1150	1131	999	662	2504	1833	874	944	2460	1643	898	1550	1073	1227	1968	1862	1820	1125	1161	1813	1143	728	2561	764	557	1810	955	911	2338	773	2027	2718	2743	3154	2249	2110	1552	753	1495	1873	1885	1565	763	3302	1525	2580	911	2042	1483	1663	2327	972	1387	1327	1094	2422	1180	1486	2608	1878	600	2293	1051	1526	792	1583	1963	1291	1530	1553	2071	3484	1883	1280	1440	1368	1822	1466	759	2127	1058	776	1513	1662	2774	1508	1073	1494	1046	1886	1523	2159	738	1481	958	1013	1804	531	1384	1935	1713	1324	1090	1399	571	1078	845	981	1211	693	1529	865	1563	1523	1235	851	647	1108	2010	1722	2033	1387	1360	2507	1224	1950	1105	1288	731	1190	1076	947	713	877	1063	2037	1118	1210	1281	962	1424	647	473	1225	880	1085	573	657	849	1610	1258	987	1331	863	806	953	1801	1205	768	726	797	1076	728	1223	905	660	1463	943	640	880	604	618	731	943	841	708	769
RFX1	291	647	112	302	244	494	1039	866	865	501	954	319	502	939	932	281	515	575	465	759	507	317	309	1433	309	719	895	375	819	527	623	1002	359	653	223	337	658	415	523	804	479	408	287	493	435	735	322	369	666	287	382	301	538	169	700	379	1024	1280	199	921	322	775	601	1004	883	821	594	473	141	612	717	3859	651	724	349	430	343	603	476	707	591	222	591	909	96	544	1157	826	834	584	311	585	233	1204	472	555	417	325	225	749	924	387	645	1123	171	719	742	907	815	425	1346	741	568	754	464	615	785	448	690	342	465	795	929	175	994	690	697	679	613	87	552	774	577	688	747	813	781	880	621	355	907	670	633	807	238	96	455	625	692	273	617	133	546	329	990	260	113	594	124	715	613	568	229	134	276	672	575	131	345	472	411	772	485	457	335	271	538	166	210	312	794	481	567	682	208	229	210	466	139	495	170	874	509	327	595	296	633	595	325	556	422	546	590	327	545	231	223	188	428	220	781	280	333	645	295	899	616	434	306	122	227	227	236	191	340	291	373	360	456	339	215	200	165	308	128	463	377	227	227	366	318	204	207	392	208	213	243	170	458	167	276	120	142	384	295	132	515	424	128	95	200	288	378	269	518	436	74	191	632	288	287	294	361	582	162	643	274	461	195	352	275	201	539	120	598	93	316	522	226	176	248	312	207	160	284	224	250	406	54	520	426	97	177	286	178	147	353	81	363	214	268	326	295	86	162	139	189	138	94	289	366	248	184	195	206	243	345	260	330	268	126	376	230	104	217	310	178	236	171	233	118	284	153	105	285	335	183	232	405	198	188	257	200	214	358	114	224	206	56	177	235	134	287	114	128	175	160	116	65	265	200	101	109	273	184	76	145	101	126	215	190	235	134	112	194	120	142	275	85	81	208	85	93	237	82	203	282	303	283	210	212	155	61	164	210	183	143	63	332	190	273	130	258	149	164	238	96	132	156	97	377	131	170	266	220	90	241	110	122	83	160	217	179	217	170	216	368	204	118	164	171	274	144	90	239	110	59	156	170	285	148	166	178	79	199	175	252	81	162	98	122	181	342	144	198	173	123	116	147	88	95	86	89	148	89	153	81	166	165	117	72	81	212	205	157	181	132	135	279	120	197	103	157	70	143	112	118	70	83	105	263	104	136	116	103	154	80	51	150	66	93	50	83	87	163	115	79	133	73	73	101	169	124	90	49	84	126	65	124	105	73	154	98	63	85	64	47	78	96	60	65	63
PHF21A	2501	5108	375	1836	2638	4374	3812	6832	5003	4840	5228	3054	3840	6479	6940	3182	2315	5238	2472	6785	4324	1990	2449	8623	2539	3447	5584	3248	4593	2980	5103	7526	2597	5728	1407	2089	4493	3177	2462	5496	4090	3115	3112	4099	2743	4134	2937	2369	4737	1940	1323	2701	2898	1031	4826	2322	5620	8665	1723	4398	2312	4351	3937	6869	7404	5255	5023	3762	1102	4241	4898	651	21011	5706	2797	4234	2671	3888	3201	3695	5111	2124	3988	7445	660	4314	6770	6039	6582	2981	2046	2967	2218	7047	3274	3905	2239	2086	1561	4092	5871	2355	4967	6191	1009	4555	5926	5411	6897	2726	705	4450	3982	6758	4756	2141	5820	912	3993	2066	3857	6080	6083	1213	6496	6332	6009	5441	3116	642	3234	4490	2503	3940	5569	5159	5306	5793	3248	2085	6334	4117	5313	6152	1770	832	4260	6352	5554	2354	4522	1362	2998	1859	6158	1814	842	5475	1084	4993	6016	5581	2209	594	2736	6245	5897	1138	3693	4400	3688	3585	1891	1997	2683	1662	4096	1266	846	2459	5559	3764	4366	6263	1405	2309	2015	2706	1327	5169	1218	5473	5273	3362	4807	2174	3622	5989	4634	5486	4114	5363	5660	3083	4728	2869	2717	2137	3714	2715	7064	2424	3861	5977	2059	6118	5841	4486	3671	1480	2598	2999	2440	2524	3947	3210	3397	3781	3959	3847	2281	2910	2194	2896	1367	4557	3365	2301	2074	4424	3386	1557	2046	4963	2073	2378	1962	2050	4408	1691	3248	1605	1275	3688	2777	1144	3045	2983	957	1004	2100	2486	2621	2839	2956	3151	471	862	2775	2379	2203	2046	2576	3126	1741	3538	3091	3314	1652	2408	2214	1757	3329	1192	4287	1098	2204	3375	2338	1541	2554	3522	1743	1258	2073	2095	2248	3443	541	3174	2256	904	1396	3002	2129	1061	2623	754	2391	1952	1614	1840	1787	520	1296	1014	1638	830	604	1930	2139	1907	1358	1653	1590	1420	2406	1458	2058	1693	800	3352	1023	729	1120	2754	917	1380	1193	1028	924	2237	949	765	1947	2798	1430	1302	2104	1965	1693	3033	1468	1112	998	493	1820	2336	381	1701	2227	1138	1679	916	979	2125	1523	854	574	2151	1478	686	764	2038	1399	717	1119	731	933	1304	1716	1676	848	930	1690	867	684	2231	748	642	1131	652	727	1955	810	2090	2277	2028	2300	1798	2130	1044	606	1202	1632	2074	1457	567	2257	1186	2275	1354	1929	1370	1449	1903	821	1058	1506	791	1841	1256	2247	2329	2290	774	1706	742	1223	785	1355	1266	1001	1399	1223	1574	2474	1602	868	1202	1034	1632	1153	567	1452	711	565	1422	1062	2418	1413	1205	1713	987	1514	1311	1713	651	1174	735	1097	1957	438	1004	1488	1536	950	938	1038	483	814	730	808	933	598	1153	619	1040	1496	1101	737	545	1154	1448	1422	1176	1066	1104	1730	929	1479	842	1282	559	1008	890	767	651	625	715	1645	699	948	890	698	1006	640	481	978	597	712	500	663	608	1195	880	668	906	586	533	776	1253	846	547	558	575	986	495	933	728	618	1038	969	601	813	587	572	644	849	582	512	624
FOSL2	2743	5668	412	1897	2915	4630	4339	5814	4306	4981	4633	2965	3719	6526	8475	3525	2117	7476	2272	10124	6533	1768	2673	10482	2326	3172	4910	4502	3796	3152	6714	9189	2328	8047	1291	1816	4463	2941	2349	5890	4780	4728	3091	4740	2558	4295	3460	2314	4113	1822	1488	3188	2563	1025	4908	1987	5538	9433	1567	3652	2402	4756	3726	6519	8916	4622	5201	4834	969	3628	4532	724	5706	30323	2531	5595	3879	5101	2851	3225	5085	2307	4146	9118	689	4869	7668	6551	7198	2447	2028	2707	2154	7092	4063	3537	2200	1944	1600	4381	6789	2097	6120	5781	1073	4024	8998	4869	6839	2618	833	4915	3700	8042	5331	2161	8234	1008	3588	1864	3986	6485	5684	1200	5669	7669	6731	7927	3287	646	3070	3775	2784	5268	8502	5236	5486	5111	2922	1766	7228	3838	5832	9349	3461	963	5443	9265	6490	2506	4736	1263	2979	2193	7218	1589	869	7759	1228	4827	8379	5527	2913	520	3082	8341	7549	980	4489	6838	5106	3083	1626	1658	2627	1504	5208	1854	912	2753	6327	4145	4741	8836	1365	2373	2375	2717	1492	6579	1013	4956	6857	4328	4445	1964	3279	6899	5238	6810	5853	7086	8056	3875	7791	3261	2952	2454	3956	3199	7986	2425	4676	7484	3426	5498	7874	4845	5476	1943	3057	3499	2983	2348	3789	3285	4550	4767	4483	4788	2490	3270	2666	3789	1693	4795	3369	2461	2322	4630	4265	1947	2502	5327	1920	3741	2581	2360	5584	2211	4401	1805	1132	3912	3524	1390	3025	4790	1205	1140	2011	3821	3209	3691	3707	2626	521	1005	2438	3260	2344	2396	2262	2750	2393	3176	3056	2980	1543	4222	2039	1583	2944	1959	8176	1112	4076	3752	2546	1909	2449	3394	1536	1203	1885	2084	2214	3423	714	3233	2366	974	1475	2665	2220	1016	2312	886	3187	2015	1423	1499	2005	525	1116	976	1404	881	778	1668	1904	1818	1302	1432	1506	1179	2141	1286	1785	1584	741	4290	943	687	1033	3191	923	1217	1131	1028	838	2552	868	692	1721	2432	1264	1253	1853	1888	1773	3141	1276	1043	1227	610	1877	2485	938	1780	2022	2622	1833	1765	1863	2517	1444	967	528	1896	1281	671	844	1830	1192	761	983	736	835	1181	1811	1746	716	821	1442	753	727	2144	816	639	946	567	679	1657	841	2358	2648	1817	2229	1893	2399	951	700	1168	1555	1977	1287	542	2406	1366	2334	1579	1850	1202	1436	2023	776	1009	1796	745	2059	1285	2544	2236	2314	834	1461	689	1700	976	1282	1139	933	1143	1114	1414	2461	1554	788	1031	997	1368	1121	528	1381	641	524	1310	1004	2233	1586	1445	1843	837	1339	1137	1632	656	1046	802	1027	1663	449	969	1434	1490	1107	1086	900	571	988	681	765	891	645	1160	596	985	1478	856	638	501	1767	1287	1090	1113	881	1083	1589	894	1345	878	1233	564	889	811	723	547	687	710	1709	654	936	763	673	891	720	641	1072	597	677	598	705	565	1115	830	658	878	548	537	716	1175	755	565	523	578	1057	469	1031	671	687	910	911	564	689	702	570	619	784	588	453	695
ZNF772	1621	2726	302	1792	1282	2476	2515	3396	3229	2299	3191	1873	3128	3672	3245	1559	1519	1988	1784	2688	1681	1788	1951	4040	1792	2486	3347	1486	3209	2258	2545	3545	2162	1973	1351	1691	3055	2425	1606	3162	2546	1696	1495	2544	2402	2358	1738	2124	3168	1795	1124	1860	2342	1087	3288	2018	3655	4086	1308	2928	1889	2668	2772	3519	3092	3459	2404	2096	973	2842	3295	349	2797	2531	8799	1947	1231	2067	2358	2702	2846	1628	2392	3050	674	2497	3680	3281	3459	2228	1554	1956	1434	3996	2114	2665	1697	1759	1349	2835	3346	1858	2503	3632	967	3028	2442	3405	3719	2092	482	3241	2714	3051	2208	1550	2782	596	2581	1652	2717	3166	3562	1167	3450	2767	2868	2416	2234	660	2373	3091	1696	2417	1860	3213	3284	3560	2492	1693	2720	3200	2629	2044	842	463	1071	2408	1889	1599	2596	908	2293	814	2985	1593	704	2124	697	2727	2616	2572	1524	377	1250	2635	2279	840	1565	1714	1512	2646	1445	1458	1620	1349	2397	412	698	1663	2229	1940	2373	2402	1226	1399	1411	1319	863	2210	946	2884	2028	1537	2969	1864	2565	2683	1323	2129	1251	2155	2169	1167	1585	935	849	899	1442	725	2533	1694	1285	1978	722	2882	2497	1664	1104	533	1282	1045	1453	1390	1773	1591	1796	1439	1838	1870	1086	918	915	972	614	2223	1945	1353	1276	1935	1449	779	1008	2019	1453	890	1051	1124	2366	1134	819	558	875	1147	1691	898	1881	1013	423	520	1245	1049	1122	928	1945	2182	569	436	1936	1531	1308	1437	2480	2217	1046	2082	1658	2397	1200	1438	1759	1329	2680	616	2018	520	1100	2433	1447	1218	1502	1950	1308	1119	1738	1392	1529	2380	277	2268	1885	333	1214	1954	1234	1097	1870	723	1415	1348	1568	1501	1314	584	1049	955	1503	900	584	1698	1953	1517	983	1345	1357	1142	1827	1312	1867	1601	823	1858	771	818	1034	1484	878	1361	1138	869	876	1625	987	765	1723	2102	1186	1308	1911	1136	1037	1476	1225	944	615	325	1448	1452	144	1160	1450	482	1115	359	354	771	679	550	495	2177	1259	665	688	1627	1147	704	1057	815	915	1296	1252	1230	784	823	1252	834	571	1578	552	378	931	614	613	1576	601	1421	1811	1799	1919	1460	1486	1299	564	997	1282	1313	1117	567	1993	1040	1689	632	1337	1016	1179	1568	699	1016	1002	758	1539	829	953	1713	1232	401	1393	788	1034	603	1110	954	763	1186	1118	1363	2142	1347	904	1028	973	1272	1042	589	1361	736	510	1088	1038	1803	1117	789	994	725	1302	1067	1444	553	1089	715	714	1211	277	1005	1284	1214	946	845	991	416	833	658	710	875	567	1091	691	1086	1133	846	598	477	736	1297	1177	1198	904	804	1559	951	1345	813	960	588	822	793	681	644	667	941	1347	777	883	834	666	1034	522	338	880	657	774	433	488	673	1108	918	650	953	629	594	710	1205	838	564	571	611	753	545	872	700	508	1022	690	509	716	510	426	592	732	625	535	605
FOXO1	2258	4245	225	1397	2549	3654	2856	4045	2744	3853	2901	2342	2742	4580	5874	2611	1357	5348	1732	6574	4507	1270	1980	6629	1750	2084	3016	3493	2458	2201	4893	6259	1723	5618	992	1263	3011	2221	1560	4312	3658	2739	2410	3564	1863	2894	2871	1641	2764	1365	912	2499	1711	794	3039	1416	3535	6215	1250	2060	1739	3206	2719	4883	6227	2998	4018	3509	796	2632	3256	430	4234	5595	1947	15333	2798	4366	1974	2201	4034	1802	2955	6223	537	3749	5180	4664	5335	1597	1451	1921	1368	4123	2460	2514	1498	1445	1261	3140	4821	1300	4366	3945	810	2669	6467	3224	5059	1900	590	3006	2514	6018	4429	1445	5154	619	2309	1273	2828	4764	3795	942	3982	5814	5160	5274	2176	504	2161	2458	1961	2731	6006	3574	3825	3538	1986	1241	5569	2602	4056	6237	1813	725	3723	6161	4623	1764	3376	951	2065	2047	4674	1204	635	5699	849	3411	5691	4139	2197	297	2260	6077	5514	814	3754	4670	3476	1923	1003	1038	1765	1102	3973	1080	589	2150	4658	3130	3450	6184	1071	1945	1966	1934	1286	5036	698	3547	5347	3656	3438	1445	2015	5295	3951	5616	5006	5474	5706	2846	5102	2798	2782	1947	3701	2717	5931	1870	3860	5506	2160	3716	5838	3816	4189	1771	2630	2982	2438	2025	3016	2882	3108	3742	3466	3884	2170	2973	2414	2960	1300	3949	2751	2064	1901	3976	3236	1624	2084	4405	1568	2679	1918	2067	4396	1838	3419	1584	918	3139	2917	1199	1979	2966	944	1008	1751	2680	2518	2983	2338	1963	418	735	1550	2300	1733	1739	1706	1688	1883	1925	2539	2113	1119	2334	1551	1250	2050	1167	4125	915	2074	2521	2102	1482	1993	2667	1145	895	1429	1593	1648	2625	522	2211	1759	737	1138	2041	1658	864	1690	695	2106	1585	1104	1050	1561	466	814	774	1096	704	640	1266	1375	1364	890	1086	1180	843	1531	951	1337	1183	559	3225	631	584	786	2473	727	952	909	708	674	2039	702	559	1272	1857	1033	976	1338	1572	1268	2695	966	666	688	350	1371	2120	395	1492	1595	1142	1098	942	1002	2198	1125	585	434	1478	997	510	651	1464	921	602	790	590	671	946	1552	1287	585	596	1119	606	589	1648	583	510	705	469	496	1259	760	1966	1999	1352	1703	1472	1944	739	565	909	1205	1580	1040	448	1794	1034	1799	1367	1481	927	1160	1582	600	828	1606	579	1422	1159	2231	1770	1695	550	1041	536	1239	748	1023	806	613	803	836	1034	1799	1284	611	742	776	956	868	437	1076	502	398	1054	783	1747	1321	1031	1459	690	1044	879	1232	529	829	586	879	1357	260	780	1134	1172	897	847	717	451	817	580	594	700	525	925	484	769	1190	654	514	394	1094	1005	799	862	663	776	1142	727	1009	689	995	442	642	627	562	411	545	577	1318	569	721	595	568	651	534	443	805	473	572	496	510	441	872	683	581	738	435	445	584	954	609	467	408	472	712	410	863	511	622	710	717	448	562	549	470	499	615	478	344	577
RREB1	1382	2473	117	757	1467	2364	1864	2504	1543	2251	1738	1442	1762	3021	3898	1806	854	3336	1078	4100	2911	761	1268	4293	1133	1195	1854	2178	1488	1500	3063	4098	977	3312	500	670	1954	1354	1036	2721	2354	2622	1769	2209	1048	1732	1969	983	1833	786	470	1689	1056	451	2276	744	2347	4104	739	1168	1089	2106	1614	2955	3743	2025	2249	2208	423	1485	2044	343	2671	3879	1231	2798	10893	2278	1294	1271	2495	1266	1834	3784	375	2398	3620	3044	3189	858	864	1165	1043	3082	2122	1608	988	850	780	2076	3079	711	2776	2555	480	1754	3738	2059	3028	1162	491	2229	1733	3447	2387	823	4048	426	1288	689	1920	2894	2547	544	2418	3672	3099	3688	1394	300	1315	1408	1153	2603	3415	2263	2563	2212	1179	682	3117	1637	2792	3686	1986	465	2520	4040	3284	1297	2265	599	1230	1037	2831	726	391	3421	552	2083	3583	2810	1710	189	1370	3707	3412	504	2297	3131	2336	1105	533	591	1152	641	2583	688	344	1351	2601	1983	2065	3730	627	1278	1317	1088	894	3405	414	2012	3025	2241	2003	847	1332	2975	2514	3028	2576	3227	3314	1758	3183	1528	1635	1280	1890	1411	3393	1205	2088	3360	1375	2037	3561	2377	2476	1007	1647	2119	1611	1289	1745	1543	1904	2280	2088	2431	1165	1742	1416	1660	897	2355	1638	1213	1078	2262	2180	942	1332	2988	906	1951	1241	1392	2870	1359	1928	877	609	1813	1929	843	1188	1923	583	595	1020	1766	1475	1781	1541	1160	224	515	929	1795	1277	1183	1045	851	1311	1268	1659	1370	651	1602	921	804	1224	805	2691	581	1485	1531	1217	954	1290	1766	733	575	825	1044	1012	1711	365	1434	1105	466	704	1364	1239	469	1038	455	1400	1030	619	516	1051	233	508	431	634	376	407	737	773	801	611	673	775	422	969	631	789	705	280	2018	349	324	443	1616	358	501	535	360	445	1278	362	299	700	1123	653	522	715	1037	866	1596	611	420	556	195	845	1247	326	875	1040	867	668	665	726	1357	859	330	268	885	564	325	394	888	555	327	432	335	394	499	923	883	326	360	707	313	404	1117	420	248	287	287	344	787	513	1321	1372	801	1019	1016	1346	414	325	553	767	939	648	270	1114	644	1065	774	957	520	633	955	387	467	1022	307	803	664	1452	1122	1085	352	517	296	955	431	722	407	367	467	500	577	1138	828	324	452	443	563	490	261	643	292	244	666	418	1146	885	701	985	394	621	554	746	332	491	333	523	924	176	491	683	687	570	592	375	356	536	375	372	410	369	561	277	402	737	364	338	265	794	576	428	403	332	521	690	399	627	405	630	270	448	400	378	233	323	310	793	281	496	300	302	376	361	339	509	253	299	339	317	239	488	374	311	419	252	239	346	550	330	247	215	259	469	215	506	346	433	378	453	306	338	385	360	279	423	254	196	362
FOXK1	2080	4211	479	1624	2262	3593	3399	4084	3281	3585	3485	2277	2917	4657	5314	2172	1912	4630	1949	5590	3986	1468	1950	6481	1863	2696	3558	3195	3119	2939	4715	5659	1963	4544	1108	1633	3306	2401	2140	4828	3660	2344	1947	3867	2338	3567	2704	1886	2937	1517	1688	2492	2328	895	3431	1629	4065	5968	1345	2928	1700	3753	3078	4924	5476	3360	4185	3602	815	3067	3441	603	3888	5101	2067	4366	2278	14301	2307	2936	3977	1845	3327	5603	575	3725	5338	4688	5321	2436	1707	2479	1263	4253	2476	2994	2032	1650	1353	3893	5257	1529	4137	4363	968	3102	5746	3542	4719	2310	752	3403	2961	5286	3889	2002	4408	833	2934	1485	2758	4693	3875	1009	4488	5134	4554	4644	2636	527	2610	3112	2431	2701	5006	3797	4160	3922	2473	1415	5096	2892	3645	5257	1606	613	2734	5205	4115	1603	3445	932	2802	2254	5087	1352	792	4735	778	3842	5045	3622	2199	500	2035	5077	4573	842	3189	4176	3051	2448	1683	1789	1754	1315	4084	1094	1015	2457	4779	3001	3484	5119	1309	1866	2024	2456	1309	4236	900	3871	4420	3302	3674	1639	2432	4387	2962	4633	3991	4552	4672	2473	4365	2326	2156	1698	3269	2261	4846	1928	3096	4234	2019	3763	5068	3029	3374	1593	2346	2459	2525	1814	2653	2642	3193	2990	3285	3372	1918	2235	2090	2507	1171	3442	2705	1889	1957	3301	2799	1743	1987	3549	1562	2113	1853	1939	4004	1721	2655	1299	1006	2701	2921	1186	2474	2736	912	981	1637	2481	2429	2335	2615	2185	457	777	2031	2254	1777	1936	1832	2281	1748	2098	2247	2367	1161	2481	1683	1326	2332	1071	3950	766	2024	2758	1930	1489	1766	2335	1158	1035	1558	1599	1499	2698	479	2545	2072	645	1162	1881	1330	860	1926	749	2141	1530	1230	1426	1874	460	947	789	1144	732	708	1403	1606	1484	955	1169	1283	974	1705	1085	1501	1330	640	3149	896	626	850	2244	885	1023	969	1111	690	2073	754	621	1446	1956	1038	1102	1621	1402	1129	2383	1034	777	785	509	1428	2014	375	1380	1473	1081	1343	855	928	1901	971	688	424	1602	1066	601	737	1504	1032	640	832	613	720	1014	1518	1527	650	663	1184	638	658	1522	617	518	756	487	540	1363	769	1979	2056	1510	1746	1394	1896	832	577	891	1304	1649	1028	456	1836	1263	1929	1188	1455	1007	1260	1772	614	860	1578	613	1929	1107	1952	1791	1549	545	1264	592	1252	763	1024	879	836	1105	988	1131	2011	1281	678	863	992	1151	960	482	1169	558	415	1116	841	1805	1366	1092	1251	696	1119	934	1356	590	944	702	845	1272	391	815	1299	1234	981	982	785	513	898	553	636	753	593	972	494	849	1236	723	549	434	1264	1069	930	961	760	777	1346	790	1091	770	1049	495	770	689	617	448	624	624	1445	591	789	674	574	790	623	474	970	510	620	472	505	472	958	738	545	793	487	452	597	940	664	546	446	511	850	432	927	568	611	764	770	509	613	570	428	537	677	495	385	600
SMAD7	1607	3110	458	1966	1223	2769	3017	4178	4167	2362	4064	1950	3028	4501	3828	1739	1894	2067	1960	2966	1796	2170	2140	5099	2011	3064	4335	1536	4294	2713	2832	4471	2383	1960	1522	2007	3694	2718	1931	3818	2809	2506	1572	2909	2473	2894	1771	2519	3920	1978	1501	1859	3031	1233	4571	2265	4788	5315	1431	4220	2211	3271	3242	4261	3616	4678	2646	2252	1056	3438	3949	476	3201	2851	2358	1974	1294	2307	12645	3346	3152	1860	2767	3640	759	2753	4609	3793	4112	2814	1602	2339	1677	5670	2827	3152	2085	1959	1331	3403	4082	2309	2771	4658	1053	4980	2664	4297	3931	2492	563	4279	3532	3340	2296	1888	3633	735	3214	2075	3242	3839	4602	1153	4429	2994	3157	2798	2949	673	2801	3895	1937	3483	2007	3760	4006	4437	3053	2084	3097	3546	3101	2276	1414	438	1104	2727	2190	1797	3775	957	2804	868	3655	1726	828	2138	757	3222	2874	2976	1649	677	1309	2894	2474	912	1541	1808	1625	3542	2033	2107	1951	1521	2709	525	903	1818	2638	2103	2577	2454	1260	1367	1403	1630	773	2457	1203	3645	1938	1597	3361	2479	3445	2503	1257	2089	1139	2185	2149	1158	1708	857	709	843	1437	634	2755	1823	1255	2132	697	3665	2716	1697	920	418	1155	962	1533	1327	1827	1505	1906	1402	1848	1924	1039	726	717	955	612	2380	2037	1247	1182	1854	1496	723	901	2048	1478	842	968	1076	2552	1113	681	443	922	1102	1688	878	2243	1090	394	438	1169	1042	1072	833	2262	2526	546	518	2504	1746	1426	1546	2304	2897	960	2895	1711	2970	1335	1534	1893	1414	3343	527	2101	503	1050	2665	1343	1272	1498	2157	1493	1275	1827	1543	1743	2661	294	2597	2056	372	1259	2183	1211	1083	2301	678	1572	1387	1818	1767	1421	613	1244	1011	1408	921	551	1925	2383	1668	1068	1490	1459	1294	2154	1612	2134	1868	878	1843	957	820	1108	1468	964	1497	1171	1046	934	1713	1076	865	1928	2289	1337	1433	2204	1092	1093	1336	1400	1131	726	380	1521	1403	131	1086	1431	418	1270	358	349	663	795	742	484	1840	1359	755	692	1772	1226	678	1133	779	1003	1399	1208	1418	937	927	1408	851	583	1735	590	403	1089	747	955	1738	563	1470	1974	2060	1995	1565	1472	1198	507	1041	1424	1285	1102	556	2270	1112	1821	575	1461	1155	1125	1635	788	1040	901	783	1722	747	825	1767	1332	452	1549	806	1172	545	1195	1166	975	1243	1237	1485	2422	1343	936	1165	1065	1409	1109	659	1564	813	560	1125	1135	1988	1146	827	1020	742	1438	1190	1589	579	1203	770	723	1336	361	1141	1414	1236	1015	842	1082	431	856	644	737	1013	584	1098	689	1099	1142	896	660	560	808	1371	1251	1267	1045	938	1920	976	1561	876	1023	596	970	922	752	649	657	799	1432	819	1032	904	671	1174	517	357	881	649	776	455	502	675	1162	908	709	1038	710	601	726	1246	941	630	568	624	849	582	864	805	457	1105	727	548	745	465	468	582	817	619	681	556
GMEB1	1912	3970	725	2420	1430	3192	4103	5180	5605	2888	5558	2347	3658	5601	4563	1768	2718	2364	2415	3299	2035	2352	2547	6275	2301	4337	5727	1825	5552	3538	3380	5197	3018	2207	1796	2595	4640	3317	2734	4883	3270	2144	1647	3525	3084	4024	2002	2910	4733	2335	2274	2173	3555	1342	5173	2820	6071	6316	1670	5452	2533	4308	4269	5332	4047	5495	3350	2758	1238	4510	4889	707	3695	3225	2702	2201	1271	2936	3346	13807	3846	1954	3661	4200	757	3152	5586	4994	4980	3992	1982	3346	1744	6453	2900	4048	2812	2452	1571	4570	5342	2880	3455	5879	1227	4627	3068	5457	4685	3254	761	5028	3875	3979	2653	2597	3598	1016	4540	2541	3700	4783	5628	1351	5724	3463	3600	3081	3830	738	3823	5350	2770	3593	2194	4918	5120	5825	4077	2539	4103	4450	3619	2417	922	479	919	2760	2317	1942	3511	1103	3728	1147	5153	2064	1061	2384	857	4262	3232	3215	1793	740	1500	3345	2647	1008	1684	1996	1894	4640	2709	2750	2226	1923	3284	580	1265	2218	3555	2745	3284	2755	1682	1550	1592	2351	911	2679	1395	4590	2186	1730	4261	2381	4181	2939	1297	2449	1260	2411	2383	1312	1836	959	750	957	1576	727	3057	2061	1322	2226	857	4540	2980	1826	948	478	1398	1055	1689	1540	2028	1775	2351	1514	2285	2096	1310	800	891	1086	701	2598	2260	1479	1508	2087	1593	889	1088	2200	1793	806	1093	1160	2877	1164	808	531	997	1236	1991	997	3038	1320	439	508	1446	1195	1376	898	2953	3141	615	679	3625	1934	1732	1870	2688	3745	1074	3141	1905	3205	1503	1933	2339	1608	3965	616	2561	513	1242	3395	1634	1340	1688	2293	1659	1340	2198	1662	1968	3068	293	3577	2657	393	1456	2399	1256	1313	2493	758	2008	1571	2178	2388	1715	715	1384	1204	1675	1037	700	2400	2841	2004	1252	1731	1739	1844	2436	1749	2638	2194	1045	2223	1331	1009	1356	1770	1308	1850	1408	1727	1009	2102	1222	981	2327	2642	1469	1704	2827	1227	1239	1616	1552	1331	832	549	1795	1605	141	1307	1687	461	1613	399	393	784	839	824	560	2160	1609	874	875	2086	1457	741	1354	907	1164	1646	1484	1671	1055	1045	1603	1004	686	2029	659	502	1510	749	778	2031	689	1671	2138	2342	2458	1717	1695	1314	584	1245	1594	1478	1298	648	2674	1364	2115	675	1649	1325	1356	1998	837	1193	1022	944	2411	897	948	2119	1416	487	2130	899	1151	621	1234	1586	1179	1493	1403	1820	2850	1571	1138	1292	1320	1722	1291	710	1751	877	580	1327	1313	2280	1274	918	1088	869	1745	1345	1825	651	1377	847	838	1456	534	1177	1701	1480	1094	940	1271	478	914	730	859	1106	665	1258	767	1319	1357	1053	739	584	1057	1639	1475	1584	1248	1088	2096	1104	1683	907	1150	652	1070	985	816	672	740	939	1867	920	1068	1061	746	1252	618	394	1096	718	944	504	526	739	1396	1070	827	1140	760	678	800	1521	1024	729	662	698	1017	682	1031	889	510	1290	787	581	868	512	457	656	924	713	633	601
TARDBP	2488	4920	454	2134	2452	4273	3883	5426	4744	4398	4789	2913	3939	6011	6113	2829	2158	4548	2441	5678	3795	2089	2635	7371	2540	3471	5064	3102	4451	3261	4859	6638	2757	4583	1559	2213	4439	3283	2314	5384	4147	2946	2670	4262	2880	3903	3025	2624	4463	2147	1675	2818	2999	1201	4804	2391	5408	7381	1818	4138	2526	4277	4065	6209	6132	4942	4471	3800	1164	4098	4791	591	5111	5085	2846	4034	2495	3977	3152	3846	16647	2297	3860	6260	789	4235	6301	5646	6169	3040	2016	2885	2044	6099	3271	3923	2381	2256	1648	4379	5805	2561	4526	5695	1151	4170	5316	4932	6028	2967	711	4626	3897	5859	4333	2241	5255	856	3847	2281	3863	5718	5465	1289	5650	5611	5305	4885	3353	689	3301	4346	2609	3711	4451	4944	5246	5610	3397	2096	5519	4156	4716	4862	1732	786	2995	5279	4352	2210	4326	1229	3250	1774	5629	2159	981	4647	1088	4624	5294	4667	2401	569	2300	5377	4939	1136	3340	3878	3243	3645	1973	2141	2431	1702	4336	969	1026	2628	4833	3459	4062	5192	1547	2208	2157	2573	1402	4615	1244	4881	4455	3188	4664	2239	3618	4998	3438	4615	3409	4581	4661	2595	3920	2443	2264	1811	3229	2189	5410	2383	3209	4583	1716	4925	5125	3577	3020	1419	2510	2611	2497	2338	3240	3001	3316	3154	3575	3599	2184	2487	2116	2388	1207	4171	3188	2192	2009	3964	2985	1579	1971	4170	2087	2102	1834	2048	4393	1815	2572	1372	1233	2867	3003	1270	2922	2478	863	937	2033	2233	2473	2370	2955	2955	567	769	2712	2573	2071	2107	2620	3085	1734	3017	2903	3175	1594	2448	2337	1754	3423	1077	3959	906	1961	3438	2245	1621	2345	3140	1644	1283	2132	2063	2189	3954	474	3233	2502	734	1450	2820	1849	1257	2469	824	2373	1859	1821	1888	1904	646	1268	1103	1601	955	724	2096	2343	2043	1297	1646	1672	1430	2341	1520	2227	1911	890	3239	1098	863	1228	2639	1085	1574	1350	1246	997	2489	1129	892	2059	2724	1512	1525	2318	2008	1490	2742	1509	1253	1006	496	1808	2338	318	1724	2053	947	1556	794	851	1893	1231	861	583	2217	1727	790	891	2110	1574	762	1243	850	1020	1463	1802	1682	929	946	1645	917	694	2193	710	638	1314	719	773	1996	878	2200	2456	2112	2479	1930	2269	1209	661	1318	1701	1955	1383	650	2586	1398	2354	1191	1928	1359	1493	2049	851	1187	1595	894	2123	1274	2003	2429	1972	656	1791	858	1431	787	1356	1400	1118	1380	1310	1720	3002	1932	1011	1171	1216	1570	1289	670	1662	802	597	1640	1172	2488	1524	1228	1567	954	1628	1515	1820	680	1312	840	1076	1768	416	1147	1672	1578	1129	1029	1119	527	955	766	858	1095	662	1438	721	1303	1819	985	756	593	1162	1528	1331	1362	1104	1136	1874	1053	1569	925	1524	625	1066	912	842	635	702	849	1860	856	1080	941	755	1113	669	517	1096	668	848	557	589	673	1298	1101	826	1079	671	649	816	1440	927	657	616	650	1023	588	1070	795	665	1120	943	630	837	627	583	761	879	655	581	653
KDM3A	1316	2204	226	1362	1095	2240	1938	2352	2183	1837	2097	1428	2133	2810	2749	1401	1067	1810	1404	2447	1511	1302	1589	3048	1478	1844	2218	1359	2305	1877	2218	2911	1558	1684	935	1243	2325	1876	1203	2573	2283	1937	1218	2288	1532	1754	1644	1627	2396	1308	876	1630	1688	808	2769	1379	2865	3144	1050	1907	1616	2185	2085	2613	2514	2627	1937	1929	721	2077	2458	222	2124	2307	1628	1802	1266	1845	1860	1954	2297	6819	1842	2557	568	2159	2971	2591	2799	1490	1107	1488	1175	2985	2094	1966	1289	1362	972	2302	2719	1296	2124	2643	731	2310	2175	2442	2548	1669	380	2724	2131	2465	1889	1135	2653	448	1709	1367	2321	2521	2629	838	2537	2368	2457	2238	1964	472	1876	2055	1279	2316	1611	2444	2604	2638	1785	1217	2145	2275	2318	1847	1201	362	882	2244	1529	1305	2165	737	1775	656	2243	1195	653	1873	520	2024	2270	2215	1595	296	1111	2364	2063	688	1463	1626	1408	1956	1008	1026	1351	1047	2203	473	569	1549	1688	1633	1811	2091	1008	1166	1289	972	834	2135	740	2023	1754	1472	2190	1305	2008	1886	1106	1770	1091	1971	1799	1026	1412	794	736	827	1200	627	1982	1357	1044	1695	603	1879	2287	1405	985	514	1142	1037	1466	1162	1414	1337	1468	1244	1630	1829	861	791	867	847	627	1843	1514	1080	1022	1566	1409	723	953	1731	1183	804	900	1137	2163	1161	702	476	687	924	1593	939	1338	863	353	491	1061	957	944	836	1520	1608	391	356	1334	1612	1137	1123	1522	1399	930	1502	1395	1751	866	1258	1317	1081	1946	495	1693	432	875	1765	1124	1060	1200	1757	1051	823	1248	1141	1276	2005	274	1760	1502	302	930	1582	1022	809	1331	557	1190	1228	1155	1062	1139	436	776	709	989	621	525	1236	1444	1162	740	993	1040	846	1456	993	1345	1205	562	1547	581	561	706	1264	670	978	856	674	637	1515	704	583	1219	1480	939	933	1348	907	862	1180	924	744	503	213	1058	1173	126	960	1129	419	732	316	320	738	552	360	370	1330	930	543	603	1264	873	478	806	563	707	903	1052	1036	613	610	961	580	514	1306	469	340	730	522	521	1111	581	1329	1624	1315	1433	1249	1402	792	415	798	1009	982	832	399	1617	839	1409	542	1075	748	830	1308	572	797	922	525	1162	638	922	1362	985	370	1005	555	1024	440	899	777	648	722	822	1005	1622	1037	621	734	768	893	793	469	1013	518	353	849	762	1480	1061	726	851	582	997	787	1127	486	854	590	585	986	193	769	1105	902	823	763	697	355	764	525	553	724	463	808	487	723	911	600	485	405	607	911	781	803	650	693	1163	728	1012	620	754	421	709	591	574	448	493	539	1055	562	760	586	481	713	449	342	695	433	549	448	334	442	808	625	556	787	455	417	513	927	617	445	423	452	600	400	752	546	476	716	565	420	538	410	397	448	586	419	387	437
DRAP1	2044	4075	522	1988	1862	3453	4052	4723	4988	3408	5533	2304	3245	5364	5120	1999	2900	3466	2281	4385	2966	1920	2245	6722	2006	3713	5556	2640	4544	3287	4230	5549	2490	3297	1461	2547	4095	2780	3041	4954	3634	2233	2014	3667	2546	3840	2406	2426	4027	1857	1746	2478	2809	1048	4328	2190	5150	6495	1435	4493	2135	4253	3688	4945	4629	4504	3770	3078	993	3776	4110	591	3988	4146	2392	2955	1834	3327	2767	3661	3860	1842	14575	4942	655	3548	5774	4950	5045	3110	1831	3379	1743	5695	2708	3560	2298	1956	1457	4210	5256	2290	4015	5250	1142	3825	4151	4807	4620	2858	722	4205	3361	4922	3170	2492	4039	1076	4964	2008	3331	4873	5088	1174	5240	4223	3925	3896	3314	635	3347	4948	2561	3163	3386	4517	4672	5244	3463	1934	5097	3782	3906	3627	1173	539	1987	3964	3103	1938	3693	1005	3291	1486	5198	1710	840	3539	821	3720	4102	3365	1989	595	1739	4121	3592	888	2489	2855	2402	3683	2345	2071	1945	1564	3700	778	1034	2215	4138	3238	3450	4003	1390	1759	1886	2355	1103	3408	1140	4154	3201	2522	3842	1954	3384	3608	2177	3400	2265	3355	3458	1622	2977	1420	1510	1271	2160	1380	4052	1998	2048	3272	1295	4757	4018	2470	1940	759	1904	1697	1979	1592	2232	2110	2596	2106	2451	2662	1871	1448	1312	1704	1045	3013	2503	1653	1860	2633	2135	1065	1565	2753	1764	1506	1371	1617	3498	1430	1594	826	978	1884	2344	1093	3773	1841	603	724	1477	1654	1660	1593	2849	2550	546	878	2891	1976	1895	1924	2243	3293	1377	3063	2056	2839	1349	2117	1944	1407	3055	809	3248	671	1528	2974	1809	1467	1697	2435	1408	1171	1861	1565	1764	2826	380	3218	2345	544	1371	2090	1422	1105	2278	791	1988	1643	1621	1860	1866	567	1213	997	1395	916	717	1783	2070	1892	1180	1384	1480	1295	2039	1313	1946	1688	815	2766	1161	781	1009	2045	1098	1403	1146	1293	839	2021	966	796	1875	2300	1224	1362	2135	1309	1227	1892	1283	1017	859	542	1675	1801	238	1474	1594	723	1495	634	670	1309	924	840	507	1871	1298	698	803	1748	1208	705	1051	749	872	1268	1478	1620	813	879	1376	838	726	1743	643	609	1122	570	604	1634	736	1963	2197	1865	2110	1594	1826	1017	574	1015	1397	1601	1188	547	2259	1270	2024	862	1563	1159	1282	1894	733	1031	1250	768	2068	888	1321	1990	1428	482	1656	715	1204	683	1072	1274	956	1258	1163	1497	2400	1442	911	1048	1072	1404	1079	579	1442	732	483	1278	1071	1968	1345	947	1220	691	1331	1163	1611	618	1130	791	770	1393	538	985	1501	1376	1022	1021	1012	502	905	617	730	876	657	1125	615	1078	1313	855	584	480	1139	1341	1177	1254	987	978	1696	888	1367	762	1086	562	882	822	688	563	683	788	1580	730	926	851	659	977	638	432	1058	626	735	516	540	622	1144	892	629	943	620	560	706	1222	816	619	523	602	1125	529	977	690	553	967	753	531	713	568	427	646	779	577	498	619
ARID3A	3013	7264	491	2168	3518	5280	4797	7371	5681	6779	5891	3400	4413	7888	9694	3952	2585	9176	2697	12257	7733	2246	3098	12439	2758	3910	6256	5426	4970	3631	7630	10799	2908	10094	1546	2362	5157	3643	2783	7030	5150	5839	3707	5229	3152	5039	3834	2801	5080	2201	1724	3343	3244	1225	6078	2516	6413	11274	1941	4987	2687	5465	4533	8112	11965	5823	6619	5088	1207	4631	5582	909	7445	9118	3050	6223	3784	5603	3640	4200	6260	2557	4942	37895	805	5330	8871	7504	8739	3216	2466	3370	2338	8084	4314	4357	2635	2414	1774	5015	7844	2615	6696	7036	1201	5135	10817	6005	8615	3322	950	5434	4413	9888	7064	2507	9681	1121	4679	2383	4575	8495	6930	1371	7321	9164	7859	8590	3937	688	3721	4961	3168	6669	11087	6031	6363	6452	3714	2276	9385	4660	6362	12104	4222	1172	7174	11173	8561	2767	5769	1413	3599	2570	8525	1958	1019	9658	1477	5862	9311	6729	2823	773	3946	9254	8928	1183	5480	7820	5982	4042	2078	2327	3162	1841	5627	2322	1037	3009	8286	4679	5535	11309	1576	2683	2479	3368	1612	7723	1263	6911	8569	5626	5549	2413	4008	9164	6544	8701	7438	8763	9128	4331	9478	4139	3650	2784	5298	4370	11300	2844	6216	9939	3991	7509	9131	6282	6466	2314	3304	4126	3083	2841	4891	4004	4927	5580	5196	5146	3052	3878	3088	5442	2027	5903	3995	2896	2483	5889	4770	2145	2716	6304	2309	3979	2602	2544	6053	2192	5772	2361	1349	5463	3703	1357	3632	5464	1464	1276	2276	3999	3962	5074	3913	3337	536	1155	3259	3290	2595	2496	2859	3594	2419	4013	3710	3958	1809	3477	2489	1874	3688	1687	6647	1264	3446	4214	2892	1955	2897	3868	1850	1389	2236	2415	2508	4136	755	3717	2696	1180	1599	3233	2365	1241	3103	861	3227	2215	1848	1999	2098	632	1371	1162	1712	963	745	2134	2421	2168	1549	1770	1794	1539	2529	1632	2253	1948	864	4486	1183	839	1246	3363	1073	1555	1356	1271	1020	2804	1065	869	2191	3203	1577	1507	2308	2249	2001	3599	1589	1197	1273	631	2095	2975	688	1992	2305	1883	2033	1662	1710	3150	1704	1360	607	2315	1611	784	942	2300	1541	815	1265	839	1017	1493	2044	1894	912	1000	1797	915	789	2497	890	999	1311	702	813	2059	913	2527	2787	2240	2664	2118	2610	1194	693	1308	1825	2297	1494	633	2797	1456	2673	2107	2176	1484	1624	2194	963	1179	1846	893	2262	1494	2786	2739	2971	975	1876	815	1668	1055	1545	1517	1107	1473	1348	1753	2915	1823	1005	1272	1197	1730	1279	664	1678	785	619	1549	1214	2731	1666	1654	2092	970	1682	1406	1947	726	1318	833	1241	2084	488	1154	1778	1722	1130	1089	1144	581	976	758	886	1079	698	1308	682	1175	1768	1026	774	609	1663	1581	1314	1351	1132	1220	1999	1025	1667	942	1471	607	1097	971	894	677	701	841	2008	825	1115	943	776	1128	759	678	1140	653	820	614	791	662	1312	992	817	1049	669	609	841	1441	921	627	605	631	1196	557	1073	821	674	1112	1079	663	861	681	648	710	917	643	560	686
ZNF527	485	740	103	590	361	698	720	848	866	642	849	549	794	964	849	449	473	530	556	722	427	650	701	1020	562	726	870	420	936	703	682	956	689	486	472	546	875	727	495	839	750	582	409	758	645	595	516	720	943	621	380	590	768	557	988	629	1035	1069	430	820	703	743	795	907	792	973	616	594	333	792	913	96	660	689	674	537	375	575	759	757	789	568	655	805	2327	710	999	867	917	679	457	622	462	1117	753	751	530	577	466	797	895	565	669	976	367	888	655	939	890	658	178	985	836	789	573	493	824	220	706	562	845	868	993	408	887	758	780	692	721	265	713	854	527	820	458	867	910	953	744	553	689	874	718	534	285	125	192	633	471	532	755	290	696	188	750	534	291	536	240	723	692	690	530	141	389	711	580	295	419	453	432	796	477	471	516	479	669	118	247	511	504	522	643	610	410	409	427	310	259	627	316	772	467	429	803	602	820	616	234	527	254	544	526	270	371	191	137	209	358	108	614	505	274	473	154	699	673	510	212	103	360	261	458	387	489	421	515	355	484	532	280	158	207	216	188	642	554	398	348	536	385	194	294	540	452	209	301	342	668	376	111	115	359	213	515	327	509	210	98	148	365	287	284	218	611	630	227	111	617	498	381	428	656	614	333	671	494	697	372	468	559	440	847	171	560	165	330	704	420	438	453	547	435	427	558	454	503	722	98	672	609	91	448	642	384	428	572	269	402	425	582	507	433	266	350	360	441	371	237	578	685	539	320	483	488	396	610	536	635	610	296	519	241	323	388	398	337	486	442	314	376	520	377	323	572	595	451	492	635	343	369	352	453	344	192	97	460	424	27	353	416	144	324	74	68	171	166	174	194	541	455	286	274	549	393	258	410	322	371	478	384	431	307	299	440	330	226	505	208	131	332	252	283	536	218	445	583	618	620	550	474	444	197	380	451	329	376	202	726	389	542	189	438	311	388	523	269	403	331	289	490	271	241	529	360	139	452	312	371	232	509	326	293	346	411	481	721	461	320	376	358	409	373	362	552	303	174	376	394	596	406	273	332	212	469	379	518	228	400	269	235	395	91	424	466	386	389	302	354	149	342	263	290	466	211	403	292	395	407	310	267	212	222	465	371	439	312	282	572	377	508	298	335	247	343	304	438	230	281	347	478	320	520	311	255	410	210	130	329	246	316	188	161	255	384	355	319	423	281	281	285	472	341	232	231	251	258	252	337	280	180	373	254	203	277	183	181	242	281	260	214	233
IKZF5	2309	4213	378	1942	2192	4002	3462	4589	3674	3614	3873	2577	3486	5288	5383	2540	1869	4059	2220	5249	3364	1830	2322	6265	2183	2923	4042	2928	3631	3087	4556	5861	2331	4018	1370	1898	3808	2813	2079	4894	4163	2809	2344	4080	2504	3447	2890	2384	3714	1858	1423	2811	2562	1056	4138	2006	4600	6170	1569	3186	2223	3834	3470	5040	5261	4044	3903	3497	994	3421	4092	544	4314	4869	2497	3749	2398	3725	2753	3152	4235	2159	3548	5330	710	13693	5559	4996	5498	2498	1779	2534	1721	4984	3048	3329	2067	1959	1557	3927	5136	1860	4267	4799	1077	3661	4827	4132	5086	2619	707	4150	3446	5253	3762	1965	4685	810	3189	1812	3509	4895	4528	1228	4695	4963	4665	4499	2893	681	2907	3530	2264	3282	3929	4345	4690	4441	2789	1716	4694	3460	4090	4277	1718	646	2552	4846	3767	2009	3861	1124	2974	1562	4721	1693	875	4310	866	3759	4761	3969	2441	497	2030	4833	4334	973	3034	3620	2865	2895	1618	1675	2092	1515	4220	907	893	2500	3993	3051	3561	4716	1428	2003	2172	2088	1299	4185	1054	3921	3988	3035	3958	1977	2937	4142	2885	4092	3005	4128	4239	2242	3492	1976	1951	1686	2742	1819	4584	2202	2732	3944	1514	3954	4829	3001	2741	1198	2304	2361	2499	1968	2746	2558	2835	2822	3131	3421	1851	2070	1786	2019	1125	3591	2844	1947	1960	3288	2779	1410	1807	3643	1777	1981	1738	1984	4175	1871	2136	1132	1084	2355	2898	1315	2604	2099	804	857	1762	2003	2044	2004	2618	2553	560	692	2210	2397	1985	2001	2226	2458	1714	2433	2472	2867	1412	2335	1971	1543	2881	1054	3672	841	1881	2926	2091	1649	2015	2793	1446	1225	1889	1805	1813	3145	444	2844	2298	629	1400	2363	1695	1081	2243	886	2146	1844	1547	1569	1854	582	1121	992	1415	916	748	1746	2001	1748	1175	1410	1524	1183	2052	1331	1876	1662	779	3094	884	766	1054	2298	957	1312	1166	1033	883	2244	954	771	1804	2383	1280	1302	1935	1556	1347	2406	1261	911	861	433	1735	2095	324	1542	1813	990	1312	722	793	1660	1073	637	504	1892	1298	699	819	1825	1235	731	1037	784	897	1283	1643	1659	787	845	1449	792	733	1901	674	528	954	610	660	1648	825	2191	2518	1865	2157	1724	2121	1024	658	1098	1517	1837	1251	577	2297	1296	2175	1043	1681	1159	1382	1988	776	1080	1565	749	1908	1042	1843	2109	1778	568	1434	721	1430	757	1240	1052	884	1168	1152	1418	2402	1521	849	1065	1051	1350	1134	586	1498	710	509	1274	1039	2134	1555	1102	1454	806	1354	1137	1595	657	1149	796	900	1542	374	1028	1502	1424	1111	1081	964	520	1000	679	772	919	656	1185	633	1031	1406	868	634	511	1147	1326	1156	1156	931	950	1661	965	1411	884	1203	607	910	835	759	580	714	749	1615	716	981	823	675	963	635	501	1057	626	734	543	593	612	1130	881	678	975	604	574	717	1230	807	600	541	629	940	512	1068	719	646	982	855	568	728	639	541	640	816	600	482	686
ARID4B	3267	6399	747	3044	2833	5509	6658	8229	7729	5162	8059	3679	5243	9073	9901	3626	3513	6231	3202	8221	5277	3000	3694	13598	3084	5550	8236	3971	7411	4712	7076	10554	3782	5921	2172	3095	7005	4375	3645	8104	5851	6177	3500	5890	3869	6129	3715	3808	6954	2804	2403	3633	4363	1620	8366	3383	9277	12717	2177	7657	3605	6739	5715	8987	8501	7878	5796	4862	1504	5918	6936	1157	6770	7668	3680	5180	3620	5338	4609	5586	6301	2971	5774	8871	999	5559	30921	8493	8669	4711	2649	4334	2962	11280	5505	5617	3456	2957	2201	6777	9199	3784	6655	9693	1519	6491	7474	8169	8137	4366	1223	8026	5369	8265	5162	3701	9404	1334	6213	3223	5728	8026	9049	1713	8597	7728	7075	7388	5224	924	5025	7163	4081	7794	6349	7455	8114	8389	5137	3269	7811	6204	7237	6960	4105	951	4042	7801	5815	3419	6010	1630	4878	2325	8438	2511	1295	6224	1365	6282	7487	6292	3111	1007	2980	7922	6788	1306	4143	5291	4358	5982	3133	3320	3409	2429	6022	1509	1454	3347	6427	4957	5516	7164	1928	2656	2704	3398	1529	6261	1662	6853	5516	4115	6213	3018	5791	6244	4313	5947	4235	6071	6332	3126	5478	2636	2477	2309	3643	2300	7226	3067	3539	6297	2466	7503	7291	4445	3572	1380	2911	2975	3089	2563	3798	3245	4111	3838	4380	4680	2444	2654	2184	2968	1586	5097	3768	2587	2549	4448	3841	1724	2276	5070	2418	2692	2339	2361	5982	2320	2927	1466	1378	3346	3603	1516	4372	3387	1029	1010	2176	2905	2755	2776	4793	4045	782	1242	4439	3680	2823	3210	3433	4961	2256	5269	3364	4474	2091	3430	3005	2132	5128	1360	5307	1073	2559	4702	2800	2125	2736	4148	2304	1724	2776	2457	3014	4534	642	4969	3641	893	2039	3542	2445	1527	3488	1087	3485	2545	2477	2703	2527	836	1702	1422	2092	1290	920	2704	3301	2547	1823	2121	2195	2127	3226	2049	2985	2604	1210	4378	1558	1152	1623	3435	1529	2124	1675	1638	1233	2951	1477	1150	2785	3527	1854	2091	3450	2068	2057	3238	1964	1681	1469	810	2521	2704	492	1983	2534	1305	2495	1194	1254	2150	1612	1668	733	2733	1917	977	1067	2675	1714	1017	1570	1072	1310	2005	2116	2333	1178	1274	2017	1199	912	2967	978	728	1724	941	995	2508	950	2732	3328	2885	3261	2504	2725	1580	807	1592	2097	2344	1671	797	3676	1907	3079	1420	2417	1700	1866	2691	1082	1466	1777	1124	2862	1387	2187	2969	2488	826	2391	1066	2049	1024	1657	1998	1465	1882	1675	2231	3746	2054	1297	1548	1474	2090	1565	820	2190	1069	806	1753	1596	3036	1906	1478	1969	1068	1988	1727	2361	832	1594	1034	1218	2175	707	1471	2147	1946	1416	1347	1484	663	1259	887	1061	1315	859	1636	887	1584	1807	1265	888	713	1654	2049	1796	1871	1466	1541	2632	1301	2061	1215	1562	798	1294	1175	1023	806	945	1113	2283	1094	1343	1204	989	1483	838	665	1392	907	1097	666	821	870	1672	1269	988	1350	900	802	1035	1781	1211	816	761	822	1346	742	1349	986	738	1498	1110	727	985	774	689	838	1073	840	735	852
HOXA3	3086	6132	671	2725	2664	4958	5404	7328	6513	4587	6751	3334	4766	8046	8255	3438	3014	5357	3021	7227	4509	2567	3496	10008	2697	5129	6847	3534	6141	4170	5975	9354	3408	5344	1920	2680	6442	3933	3117	6883	5053	4323	3242	5046	3515	5218	3295	3443	6054	2522	2289	3299	3739	1419	6498	3094	7856	10467	1903	5772	3273	5796	5327	7672	7311	6642	5050	4517	1321	5527	6324	826	6039	6551	3281	4664	3044	4688	3793	4994	5646	2591	4950	7504	867	4996	8493	23455	7472	4116	2286	3874	2565	9200	4424	4855	3119	2765	2027	5725	7625	3204	5889	7924	1418	5311	6464	7271	7226	3809	929	6446	4629	7580	4778	2912	7226	1206	5237	2792	5029	7465	7705	1610	7385	6916	6476	6125	5030	820	4623	6041	3428	5610	5331	6662	7670	7338	4437	2966	6975	5437	6205	5822	2319	808	3531	6602	4920	2976	5119	1542	4221	1924	7423	2179	1204	5403	1215	5765	6537	5505	2886	774	2601	7079	5988	1153	3589	4434	3621	5174	2676	2630	2999	2250	5236	1173	1281	2939	5779	4345	4944	6284	1835	2564	2328	3061	1371	5522	1416	5816	4972	3413	5577	2682	4858	5743	4074	5410	3670	5380	5724	2991	4697	2463	2385	2080	3333	2029	6421	2707	3246	5789	2137	6136	6272	4221	3233	1250	2712	2717	2715	2484	3385	3055	3705	3764	4135	4226	2156	2509	1957	2630	1318	4656	3370	2388	2251	4125	3418	1582	2034	4884	2238	2621	2101	2069	5368	2025	2625	1299	1213	3060	3233	1400	3783	3042	964	874	2117	2637	2392	2538	4166	3553	738	965	3895	3354	2473	2545	3082	3909	1969	3903	3099	3836	1799	3178	2669	1864	4489	1181	4766	1022	2297	4342	2668	1912	2714	3885	2103	1468	2470	2240	2802	4036	518	4684	3096	782	1910	3405	2274	1419	2900	1001	3099	2280	2173	2488	2174	766	1416	1320	1893	1257	887	2459	2860	2432	1636	1867	2029	2081	2798	1759	2633	2290	1105	3873	1395	1046	1544	3148	1396	1908	1522	1591	1115	2740	1318	1013	2511	3145	1651	1916	2965	1924	1835	3006	1682	1395	1162	684	2306	2439	371	1919	2334	1128	2043	922	969	1829	1375	1058	648	2420	1721	833	992	2365	1590	916	1395	1018	1153	1786	2023	1963	1036	1072	1787	1045	793	2659	840	617	1646	821	827	2171	867	2359	2959	2505	3004	2206	2488	1389	799	1414	1861	2067	1585	713	3230	1632	2745	1322	2104	1431	1733	2381	961	1337	1642	1002	2902	1231	1999	2627	2351	764	2279	959	1776	933	1554	1752	1212	1544	1490	1971	3337	1961	1151	1336	1352	1754	1387	713	1924	941	698	1557	1391	2755	1698	1239	1930	954	1790	1450	2170	761	1411	959	1080	1884	581	1281	1895	1711	1310	1160	1288	641	1090	784	930	1121	724	1487	808	1413	1706	1162	766	596	1758	1918	1542	1754	1253	1404	2272	1166	1774	1063	1340	685	1094	1014	909	686	876	1010	2294	999	1137	1104	943	1296	755	566	1312	841	1054	620	776	758	1494	1166	901	1211	777	761	913	1661	1065	777	678	762	1203	689	1221	873	701	1295	963	644	852	680	612	734	919	776	642	804
ZGPAT	3106	6496	625	2818	3191	5393	5130	7368	6517	5518	6491	3478	4750	8016	8286	3411	2884	6276	2987	8325	5309	2713	3219	10661	2977	4744	6790	4265	6178	4225	6672	9127	3439	6472	1995	2770	5845	4126	3032	7562	5475	3983	3168	5743	3664	5281	3741	3443	5939	2643	2091	3489	3884	1497	6567	3147	7598	10306	2147	5725	3262	5720	5069	8097	8655	6682	6056	4870	1446	5415	6291	834	6582	7198	3459	5335	3189	5321	4112	4980	6169	2799	5045	8739	917	5498	8669	7472	24489	3999	2465	3745	2488	8404	4108	5083	3016	2777	2042	5704	8141	3279	6184	7682	1440	5738	7475	6809	7968	3899	954	6405	4924	8164	5924	2876	7155	1126	5144	2912	5252	7568	7358	1642	7724	7513	6998	6629	4492	870	4398	5941	3330	5040	6400	6625	6896	7278	4388	2902	7555	5362	6074	6893	2337	905	4148	7602	6121	2860	5462	1563	4361	2268	7747	2394	1157	6651	1200	5880	7427	5922	2937	810	3075	7409	6691	1327	4405	5613	4450	5049	2585	2727	3160	2213	5576	1532	1202	3273	6685	4446	5410	7417	1861	2708	2663	3308	1615	6129	1561	6628	6246	4335	5932	2863	4857	6754	4478	6299	4868	6458	6607	3434	5798	3123	2927	2305	4374	3227	7448	2988	4462	6210	2562	6649	7210	4507	4492	1839	3099	3461	3148	2741	4140	3835	4396	4228	4610	4639	2801	3043	2692	3484	1549	5161	3832	2664	2562	4935	3915	1938	2448	5143	2487	2853	2398	2482	5659	2160	3687	1833	1415	3894	3682	1479	3852	3590	1188	1220	2384	3124	3204	3273	3902	3837	729	1043	3688	3154	2570	2611	3293	4117	2265	4017	3478	4068	1987	3360	2818	2086	4562	1482	5374	1108	2740	4444	2875	2028	2681	3873	2240	1593	2632	2521	2672	4296	653	4230	3186	1002	1835	3284	2224	1454	3249	1018	3063	2387	2335	2497	2278	790	1617	1364	2013	1219	856	2554	3075	2491	1651	2018	2024	1939	2991	1887	2812	2391	1163	4247	1342	1075	1563	3191	1345	1991	1615	1495	1187	2975	1406	1085	2655	3378	1767	1895	3046	2089	1894	3315	1849	1460	1184	673	2316	2810	496	2138	2459	1484	2077	1111	1212	2509	1513	1106	685	2631	1822	911	1012	2562	1736	1013	1502	1035	1233	1851	2191	2131	1117	1224	1968	1142	855	2572	901	811	1636	912	894	2407	950	2643	3051	2727	2986	2238	2672	1509	832	1471	1966	2425	1617	760	3202	1641	3015	1618	2305	1683	1913	2589	1033	1414	1947	1063	2623	1529	2504	2839	2569	836	2218	1011	1764	1069	1607	1808	1289	1748	1575	2010	3383	1979	1231	1501	1389	1978	1501	776	2012	996	743	1737	1489	2896	1833	1499	1876	1153	1892	1633	2238	835	1547	1027	1265	2092	555	1375	2110	1895	1331	1252	1402	633	1133	862	1023	1221	795	1535	884	1454	1854	1198	876	675	1560	1944	1655	1743	1404	1375	2399	1250	1942	1142	1588	759	1238	1121	961	803	899	1018	2128	1051	1230	1197	977	1421	821	614	1323	854	1028	653	798	843	1592	1208	935	1304	845	773	989	1710	1173	777	740	785	1249	697	1264	956	773	1427	1105	737	953	759	672	817	1020	839	717	797
PHF20	1491	3323	597	2167	1009	2495	3484	4263	4896	2119	4918	1739	2968	4525	3625	1255	2334	1690	1962	2486	1452	2054	2085	5249	1753	3748	5095	1365	5027	3315	2898	4282	2511	1508	1623	2272	3894	2721	2294	4416	2648	1546	1184	2867	2786	3836	1466	2547	3946	1982	2150	1725	3189	1203	4324	2442	5308	5209	1378	4911	2214	4012	3720	4306	3068	4562	2678	2137	1052	3889	3996	584	2981	2447	2228	1597	858	2436	2814	3992	3040	1490	3110	3216	679	2498	4711	4116	3999	11421	1631	2806	1367	5476	2345	3549	2485	2067	1300	4135	4603	2478	3030	4961	1075	3836	2352	4872	3643	2937	653	4287	3153	3112	1983	2366	2718	833	4124	2153	3093	4022	4868	1154	4722	2689	2749	2361	3332	632	3173	4830	2247	2901	1499	3929	4404	4869	3402	2153	3204	3644	2785	1670	536	303	392	2007	1659	1579	2748	889	3461	816	4172	1702	1047	1654	640	3643	2469	2332	1445	743	1078	2400	1927	734	1141	1405	1304	3969	2507	2664	1771	1700	2648	396	1226	1820	2899	2076	2985	1977	1487	1163	1224	1982	648	1952	1224	3921	1507	1261	3394	2020	3595	2125	727	1698	713	1714	1683	854	1252	562	353	554	1047	360	2231	1685	810	1554	596	3765	2221	1267	471	231	932	587	1257	1023	1451	1244	1796	999	1591	1507	947	341	474	689	451	1920	1733	1080	1160	1403	1044	617	766	1496	1391	535	771	810	2241	820	322	243	711	698	1474	784	2657	852	348	320	993	813	894	523	2463	2448	568	522	3055	1484	1359	1511	2259	3372	818	2654	1371	2654	1204	1613	1881	1270	3401	418	1923	325	867	2712	1210	1098	1277	1743	1292	1163	1832	1287	1548	2399	208	2957	2208	211	1235	1844	840	1141	2079	638	1526	1245	1818	2091	1447	633	1137	1056	1395	946	618	1918	2377	1734	1066	1408	1471	1516	1980	1415	2126	1851	924	1730	1152	873	1171	1323	1154	1610	1176	1433	873	1682	1101	863	1970	2167	1222	1524	2490	850	953	1020	1311	1098	630	520	1494	1180	90	955	1231	323	1342	282	257	439	608	747	462	1731	1340	719	752	1691	1154	668	1151	806	950	1468	1144	1439	865	897	1262	873	547	1511	571	379	1302	632	651	1663	500	1265	1760	1958	1999	1416	1327	1162	470	950	1254	1143	1183	532	2270	1204	1715	441	1259	1087	1118	1679	714	1047	738	784	2185	645	599	1644	1007	357	1852	815	874	552	938	1344	1010	1426	1215	1502	2378	1205	953	1079	1238	1465	1068	638	1541	776	518	1046	1112	1812	1008	732	752	654	1392	1097	1522	565	1144	768	630	1040	413	1034	1496	1137	928	756	1070	406	779	550	691	928	543	1061	679	1150	1091	1026	599	474	871	1408	1458	1387	1108	911	1835	948	1433	812	881	580	882	857	691	591	649	846	1500	823	889	913	670	1129	532	309	996	675	859	406	427	644	1136	937	693	1003	666	600	684	1292	906	633	551	628	844	588	913	696	383	1099	611	498	681	421	293	567	704	618	572	498
SRF	1119	2066	291	1170	1022	1779	1818	2332	2289	1799	2334	1353	1870	2493	2346	1039	1269	1711	1285	2103	1493	1270	1275	2993	1258	1814	2438	1244	2203	1683	1954	2527	1434	1722	953	1269	1995	1629	1337	2321	1786	1209	915	1880	1665	1913	1205	1357	1992	1165	1080	1266	1637	738	2204	1344	2490	2946	968	2139	1204	2053	1914	2477	2355	2248	2009	1646	667	2003	2093	311	2046	2028	1554	1451	864	1707	1602	1982	2016	1107	1831	2466	457	1779	2649	2286	2465	1631	7303	1549	923	2657	1479	1912	1320	1231	888	2035	2480	1234	1865	2498	736	2041	2040	2276	2417	1455	407	2153	1864	2259	1730	1212	2073	506	1980	1091	1711	2372	2369	778	2522	2070	2059	1864	1653	501	1680	2179	1324	1696	1738	2147	2259	2443	1763	1098	2244	2087	1864	1879	700	338	911	1919	1654	1048	1855	647	1695	751	2456	1054	542	1706	525	2122	1964	1855	1055	321	1028	1918	1796	651	1236	1506	1260	1779	1184	1253	1119	1006	1805	437	692	1308	2052	1412	1811	1917	932	1006	989	1304	666	1738	708	2212	1638	1309	2096	1233	1756	1935	1065	1685	1142	1695	1677	946	1487	814	677	670	1230	731	2066	1202	1081	1671	688	2299	1924	1360	910	493	970	845	1147	1015	1338	1240	1420	1103	1327	1380	864	692	762	905	548	1601	1477	982	990	1435	1138	698	845	1444	1061	706	848	855	1683	812	780	479	680	1020	1284	673	1557	967	375	468	924	888	963	849	1417	1530	382	386	1419	1101	1016	1058	1506	1705	752	1505	1185	1663	990	1165	1203	973	1699	509	1677	420	925	1659	1009	891	1069	1295	888	806	1147	1041	1006	1615	229	1584	1287	314	792	1245	765	721	1374	510	1037	890	1048	1097	1028	432	795	733	964	612	432	1161	1262	1117	709	955	905	772	1237	862	1241	1040	561	1341	619	549	684	1076	627	908	789	737	585	1208	686	529	1156	1382	851	891	1247	849	708	1003	877	684	497	247	987	1056	120	888	1074	423	1072	337	352	702	524	451	373	1326	902	493	509	1116	873	504	750	561	642	857	944	986	560	604	906	602	425	1080	402	340	599	385	446	1098	490	1078	1186	1168	1231	960	1045	784	400	717	927	966	749	395	1225	792	1207	563	993	782	848	1090	524	733	722	542	1285	623	761	1202	866	313	1022	552	727	452	756	683	625	936	793	987	1375	934	619	871	762	920	751	435	980	561	331	787	713	1264	813	650	683	610	921	758	1010	445	792	562	520	881	246	665	872	892	660	632	712	300	562	496	522	646	389	714	484	719	817	620	447	377	654	864	784	774	675	602	1136	641	919	584	716	450	657	592	481	550	465	606	987	529	637	607	463	726	425	302	685	422	545	338	369	466	820	626	472	657	434	407	489	799	581	433	403	469	602	381	627	501	402	696	548	418	531	377	303	444	558	444	374	434
NFYA	1727	3161	556	1768	1348	2512	3344	3800	4013	2301	4255	1802	2673	4232	3705	1365	3574	2102	2264	2750	1830	1658	1914	4885	1690	3620	4188	1771	3838	2719	2872	4017	2278	1968	1287	2155	3435	2411	3682	3740	2685	1793	1273	2767	2217	3189	1662	2202	3296	1695	1692	1773	2424	976	3542	1979	4488	4916	1233	3779	1841	3437	3120	3879	3085	3788	2846	2273	904	3295	3513	585	2967	2707	1956	1921	1165	2479	2339	3346	2885	1488	3379	3370	622	2534	4334	3874	3745	2806	1549	10889	1322	4676	2209	2873	2153	1904	1304	3468	4125	1989	2748	4343	1045	3193	2653	4013	3426	2336	652	3577	2715	3281	2245	2144	2895	1097	3606	1788	2706	3861	4037	1183	4461	2797	2771	2631	2850	570	3049	3947	2290	2678	2002	3685	3862	4198	3292	1861	3787	3292	2845	2179	777	363	843	2331	1978	1578	2691	884	2697	1023	4192	1512	781	2146	670	3073	2612	2453	1510	470	1265	2720	2253	722	1486	1771	1594	3341	2692	1875	1645	1545	2702	542	1024	1730	2969	2258	2517	2426	1297	1383	1319	2018	763	2224	978	3226	1888	1561	3146	1755	2920	2378	1105	2180	1193	2046	2098	1093	1706	825	715	795	1446	660	2518	1525	1121	1989	804	3250	2540	1557	952	454	1240	956	1423	1184	1587	1556	1929	1368	1831	1771	1121	733	809	1020	625	2080	1822	1205	1268	1713	1404	776	995	1790	1339	842	1056	1038	2412	996	752	431	757	1036	1648	840	2645	1198	370	454	1085	1087	1183	871	2548	2174	536	913	2586	1585	1365	1548	1965	2591	926	2332	1434	2314	1112	1706	1753	1157	2736	570	2221	416	1102	2588	1441	1113	1348	1707	1335	971	1620	1213	1460	2282	264	2898	2074	325	1262	1707	1019	1027	1831	717	1649	1313	1451	1928	1660	564	993	914	1229	872	609	1628	1871	1563	1033	1256	1346	1356	1748	1162	1775	1500	777	1919	1062	742	1022	1428	1155	1325	1112	1242	778	1641	914	746	1683	1926	1099	1306	2004	981	979	1302	1119	978	687	528	1402	1271	138	1145	1238	497	1359	405	406	743	646	577	418	1586	1195	611	720	1526	1134	623	999	736	773	1246	1296	1331	722	725	1182	801	672	1435	520	418	1136	533	542	1410	586	1423	1759	1681	1861	1349	1376	940	541	979	1138	1236	1046	533	1979	1140	1806	622	1272	982	1158	1573	604	977	910	719	1874	718	841	1670	1107	389	1573	667	948	587	930	1188	857	1087	1047	1349	2063	1243	832	925	982	1197	1003	530	1241	662	418	1065	963	1652	1050	745	948	603	1202	1012	1478	591	1066	733	613	1055	574	912	1234	1193	870	803	971	417	766	563	659	826	546	1011	584	1026	1057	778	536	438	861	1318	1023	1185	911	900	1490	825	1215	686	896	493	787	734	626	486	640	757	1416	710	807	807	685	959	528	339	960	629	738	447	453	564	1049	838	632	882	568	549	634	1127	760	642	498	603	808	512	835	615	422	934	637	458	635	433	317	547	674	561	480	568
HNRNPL	1057	1793	178	1164	782	1818	1879	2621	3074	1628	2668	1318	1931	2830	2967	1281	1077	1491	1177	2221	1216	1335	1504	3447	1239	1662	3044	925	2551	1431	1838	3086	1402	1674	878	1222	2528	1564	1101	2162	1712	2218	1386	1740	1401	1622	1106	1526	2844	1129	663	1180	1691	707	2795	1342	3268	3864	865	2438	1576	1965	1921	2740	2499	3068	1435	1348	631	2007	2577	233	2218	2154	1434	1368	1043	1263	1677	1744	2044	1175	1743	2338	462	1721	2962	2565	2488	1367	923	1322	10421	4576	2077	1863	1126	1114	817	1837	2366	2067	1910	2937	557	2254	1877	2913	2584	1349	296	2736	2087	2359	1515	1121	3253	432	1976	1516	2210	2135	3294	654	2522	2200	2489	2053	1805	446	1585	2425	1201	3109	1631	2483	2562	3023	1753	1235	2149	2278	2683	1767	1037	345	1312	2159	1402	1358	1982	739	1382	511	2117	1078	464	1638	543	1931	2077	2202	1084	212	914	2287	2073	578	1130	1279	1173	2355	959	915	1334	944	1579	310	411	1024	1630	1654	1710	1986	711	921	842	740	500	1717	970	2073	1558	913	1946	1157	2582	1925	1258	1643	923	1687	1857	1021	1216	699	675	743	941	434	2174	1184	855	1990	468	2494	2027	1535	778	287	872	715	905	958	1184	993	1161	1200	1376	1404	717	734	563	629	447	1598	1306	854	795	1480	1317	481	647	1620	1044	624	644	700	1677	694	625	302	548	902	1056	568	1365	786	173	245	836	718	763	612	1537	1423	319	329	1383	1337	1018	951	1342	1737	636	1990	1142	1662	831	974	1115	912	1983	372	1516	461	721	1580	902	777	1097	1736	927	731	1122	936	1422	1586	185	1623	1172	279	841	1769	2045	646	1269	427	1085	988	995	931	768	345	786	594	867	527	329	1137	1311	1092	720	859	854	726	1462	884	1204	1062	494	1270	530	458	628	1241	507	859	726	483	560	1092	612	500	1096	1379	823	810	1312	843	850	1120	850	946	659	227	873	905	100	737	1135	371	814	251	250	439	524	530	335	1122	756	430	434	1042	701	391	690	454	557	749	783	823	523	610	819	513	355	1356	398	275	625	373	485	1100	380	867	1180	1162	1326	1074	940	673	326	822	860	783	670	348	1372	639	1100	372	955	666	651	958	510	609	580	447	924	483	608	1090	845	295	860	472	689	309	893	773	829	637	722	977	1412	818	509	663	601	759	635	381	980	482	333	676	660	1187	683	493	767	485	797	720	1027	369	676	462	447	840	212	659	850	778	613	516	608	244	496	443	476	596	346	661	421	634	679	559	411	340	451	794	746	724	576	699	1122	623	861	463	562	381	572	521	481	373	387	450	909	450	627	522	372	652	296	234	522	343	463	283	312	378	672	538	448	603	385	345	467	791	575	353	339	372	673	338	506	437	315	635	452	318	452	297	328	330	483	388	302	339
ZNF687	3039	6349	858	3503	2118	5190	6755	10477	11320	4608	10445	3696	5762	10385	10320	4069	3974	4729	3409	7241	4090	3732	4735	14023	3336	6825	11202	2865	10322	4647	6079	12066	4473	4771	2654	3442	8697	4926	3905	7631	5302	8921	3803	5335	4409	6467	2973	4689	10063	3326	2564	3160	5339	1897	10901	4478	13170	16316	2352	11559	4845	7171	6494	9702	8171	11345	4829	4128	1783	7221	8923	1204	7047	7092	3996	4123	3082	4253	5670	6453	6099	2985	5695	8084	1117	4984	11280	9200	8404	5476	2657	4676	4576	48687	6957	6072	3883	3394	2260	6559	8815	5821	6370	11545	1601	8357	6147	11578	8619	4678	1180	10379	6317	7631	4236	3776	12605	1424	7192	4280	7029	8521	12830	1912	10031	6686	7209	6785	6580	1053	5779	9363	4064	12535	5532	9252	9419	10695	6272	5106	7408	7911	8797	5985	4787	990	4301	6605	4960	4428	6240	1906	5036	1685	8298	2941	1478	4807	1605	6798	6559	6527	2906	1207	2815	7671	6247	1400	3038	3961	3668	8842	3650	3960	4337	2817	5026	1324	1477	2921	5474	5032	5571	6000	2030	2340	2210	2969	1126	5234	2117	7761	4225	2754	6460	3492	8485	5834	3732	4782	2836	5094	5592	2870	4337	1859	1675	2058	2580	1302	6798	3096	2513	6147	1946	9686	6150	4157	2175	740	2263	2049	2378	2441	3445	2609	3545	3411	4110	3991	1877	1760	1336	2266	1261	4691	3459	2291	2168	3762	3446	1250	1605	4472	2456	1936	1768	1733	5068	1828	1989	908	1267	2525	2803	1321	4525	2796	724	608	2082	2150	2078	1837	5484	4893	858	1174	6018	4216	2836	2815	3976	6815	1705	7672	3109	5217	2368	3175	3370	2318	6938	1050	4715	1010	2047	5130	2558	2036	2844	4683	3122	1881	3227	2586	4004	4569	505	5895	3666	854	2274	4563	3038	1755	3883	1069	3690	2627	3044	3135	2250	970	1928	1690	2430	1475	848	3314	4134	2891	2256	2485	2489	2995	3822	2497	3674	3111	1534	3713	1845	1335	2037	3620	1677	2658	1890	1745	1418	2830	1772	1350	3382	4040	2089	2399	4245	1932	2461	2993	2296	2225	1664	828	2833	2282	369	1814	2813	1025	2832	926	886	1278	1554	2120	871	2987	2273	1038	1089	2949	1888	1020	1884	1247	1433	2340	1939	2309	1386	1527	2191	1404	858	3619	1061	629	2276	1335	1174	3000	819	2215	3229	3410	3791	2768	2445	1959	813	1885	2222	2180	1833	914	4250	1821	3030	1070	2451	1902	1805	2644	1223	1569	1338	1320	2977	1228	1443	3011	2736	1032	2998	1269	2018	911	2024	2814	1819	2052	1941	2692	4315	2172	1528	1814	1601	2435	1674	922	2639	1255	1044	1793	1882	3304	1676	1352	2017	1183	2305	2003	2644	823	1743	1087	1171	2270	750	1636	2338	1955	1498	1213	1788	661	1196	943	1160	1493	802	1770	1028	1900	1745	1495	1043	794	1467	2585	2193	2345	1847	1943	3233	1420	2391	1289	1477	856	1434	1305	1105	904	981	1244	2422	1289	1477	1477	1129	1743	740	639	1384	1022	1255	666	964	1042	1853	1468	1174	1505	1047	924	1150	2081	1466	869	855	905	1417	835	1341	1088	639	1878	1138	760	1058	681	749	854	1107	969	850	817
XRCC5	1712	3305	393	1747	1251	3066	3301	3921	3781	2388	3705	1800	3099	4923	5062	2140	1703	2727	1899	3911	2337	1780	2352	5757	1788	3003	4027	1881	3670	2650	3536	5761	2084	2400	1203	1648	3857	2508	1802	3929	3238	6587	1828	3143	2127	2909	2049	2285	4056	1684	1397	2047	2494	1012	5673	1931	5299	6306	1203	3491	2635	3587	3161	3983	3944	4758	2597	2489	855	3073	3970	472	3274	4063	2114	2460	2122	2476	2827	2900	3271	2094	2708	4314	753	3048	5505	4424	4108	2345	1479	2209	2077	6957	19455	2740	1884	1838	1242	3460	4518	2095	3235	4567	889	3843	3411	4327	3855	2363	571	5507	3187	3742	2411	1750	7923	743	2848	2169	3750	4331	4975	1042	4127	3641	3635	4018	3464	585	2731	3349	1940	7634	2729	4047	4806	4325	2802	1977	3433	3663	4164	3039	4590	521	1642	3827	2614	2197	3382	943	2501	922	3740	1423	1033	2712	793	2961	3616	3350	2204	605	1440	3934	3193	716	1823	2487	2182	3639	1563	1653	2009	1436	3248	758	853	1853	2487	2399	2594	3161	1205	1386	1449	1354	838	3291	1036	3300	2250	1917	3063	1711	3838	2644	1672	2499	1446	2697	2626	1372	2248	940	872	1035	1408	694	2992	1656	1302	2778	967	3034	3533	2071	1214	457	1264	1220	1725	1367	1784	1520	1868	1636	2339	2444	942	937	850	1099	782	2513	1919	1232	1249	1914	2005	814	1035	2456	1279	1335	1038	1278	3279	1492	921	491	764	1275	1940	1026	2120	1371	460	408	1106	1252	1181	1027	2558	2225	455	583	2343	2553	1607	1563	2045	2192	1167	2793	1694	2521	1091	1780	1675	1273	2949	581	2617	515	1184	2412	1387	1310	1493	2518	1511	1019	1556	1374	1903	2760	339	2753	1987	402	1219	2204	1461	979	1794	664	1927	1590	1458	1437	1386	490	958	885	1191	799	566	1614	2029	1443	1091	1258	1411	1237	1846	1360	1781	1631	703	1982	853	662	1016	1767	897	1217	1011	929	812	1872	850	694	1558	1921	1190	1208	1809	1120	1265	1402	1156	1092	873	343	1475	1339	209	984	1398	584	1131	551	547	806	811	604	449	1567	1120	613	720	1608	1000	527	989	643	820	1146	1138	1368	726	715	1210	686	575	1853	604	402	1106	758	699	1443	632	1558	2209	1751	1877	1738	1643	982	444	975	1217	1151	990	467	2379	1098	1729	569	1330	879	1006	1509	694	917	912	620	1584	691	1020	1686	1291	448	1342	639	1410	502	1120	1157	965	965	1053	1252	2273	1233	710	929	916	1127	940	541	1373	618	438	986	973	1965	1219	905	1167	592	1241	987	1447	536	943	678	624	1234	334	932	1286	1071	989	801	801	468	882	577	625	884	535	962	567	889	1095	759	611	487	759	1230	956	1023	803	1036	1617	788	1269	727	824	471	849	709	735	465	563	686	1306	642	968	716	603	886	486	465	842	523	666	485	452	490	943	745	705	865	559	487	611	1151	778	520	463	524	853	445	884	675	448	840	621	472	615	438	478	500	676	493	422	514
DMAP1	2014	3916	486	2374	1629	3405	3903	5183	5262	3109	5327	2541	3544	5218	4614	1962	2325	2771	2298	3724	2420	2309	2400	6270	2250	3688	5574	2031	5215	3404	3564	5230	2817	2770	1735	2430	4769	3138	2370	4898	3380	2119	1939	3653	3042	3726	2196	2817	4475	2234	1824	2388	3387	1302	4848	2646	5549	6411	1655	4999	2462	4026	3963	5186	4362	5058	3599	2878	1166	4604	4508	555	3905	3537	2665	2514	1608	2994	3152	4048	3923	1966	3560	4357	751	3329	5617	4855	5083	3549	1912	2873	1863	6072	2740	13761	2485	2265	1611	4299	5111	2837	3575	5622	1146	4288	3438	5221	4750	3208	644	4734	3791	4248	2930	2441	3713	853	4312	2297	3699	4634	5420	1320	5373	3824	3926	3340	3416	728	3476	5109	2771	3252	2649	4518	4836	5419	3499	2285	4052	4071	3708	2924	991	526	1435	3299	2797	2023	3453	1121	3605	1260	4776	2005	976	2823	827	4167	3616	3372	1961	689	1610	3598	3132	1022	2001	2391	2083	3959	2258	2576	2187	1779	3301	621	1105	2280	3587	2702	3370	3236	1556	1756	1761	2183	1049	2966	1358	4706	2743	1972	4121	2248	3844	3277	1866	2848	1705	2852	2877	1593	2297	1226	1218	1171	1938	1057	3530	2199	1698	2830	1091	4977	3365	2309	1418	620	1723	1399	1864	1728	2257	1948	2586	1884	2405	2381	1472	1166	1131	1325	801	2895	2416	1642	1602	2383	1855	1008	1271	2558	1902	1230	1368	1405	3144	1285	1178	669	1041	1690	2132	1083	3031	1580	562	586	1548	1489	1497	1212	2992	2929	617	630	2995	1946	1793	1956	2551	3762	1291	3087	2120	3174	1523	2078	2264	1656	3696	767	2818	646	1442	3243	1787	1448	1839	2442	1585	1366	2180	1767	1959	3048	341	3380	2739	479	1475	2464	1396	1249	2559	782	2038	1582	1979	2091	1738	690	1398	1127	1658	1040	706	2090	2543	2210	1203	1677	1604	1594	2407	1570	2340	2014	1000	2593	1191	925	1327	2074	1147	1751	1357	1319	991	2078	1201	945	2225	2663	1444	1657	2740	1387	1262	1790	1543	1201	838	556	1781	1793	225	1452	1787	635	1710	527	533	997	931	982	557	2139	1534	797	814	2050	1414	752	1275	882	1048	1570	1497	1694	1004	1038	1584	979	647	1910	656	521	1309	683	750	2029	724	1801	2219	2210	2386	1737	1749	1297	645	1181	1618	1617	1321	625	2525	1372	2120	754	1633	1311	1348	2018	832	1163	1219	894	2189	956	1178	2090	1559	500	1920	894	1145	704	1260	1373	1102	1492	1375	1739	2748	1556	1079	1286	1292	1696	1248	713	1698	883	607	1322	1243	2203	1334	1000	1159	874	1609	1367	1819	687	1324	818	835	1510	440	1185	1749	1490	1101	979	1239	441	885	719	856	1034	672	1272	753	1285	1393	1059	724	571	1042	1558	1427	1484	1197	1094	2052	1083	1687	917	1199	646	1057	967	808	716	744	901	1772	915	1040	1018	739	1242	602	408	1093	728	936	467	604	751	1321	1040	776	1118	740	671	803	1427	988	681	646	689	1025	660	1036	788	553	1219	817	608	823	564	478	649	848	736	629	629
ZNF143	1321	2396	916	1525	1033	2169	2542	3004	3207	1883	3311	1444	2269	3362	2885	1156	1771	1671	1647	2183	1448	1457	1629	3830	1417	2671	3397	1196	3199	2325	2272	3185	1834	1546	1096	1640	2854	2009	1793	3114	2092	1478	1061	2238	1997	2714	1383	1864	2686	1458	1835	1496	2238	867	3015	1648	3697	3898	1045	3124	1609	2868	2582	3098	2549	3171	2202	1845	747	2693	2815	417	2239	2200	1697	1498	988	2032	2085	2812	2381	1289	2298	2635	530	2067	3456	3119	3016	2485	1320	2153	1126	3883	1884	2485	8911	1615	1155	2963	3650	1693	2267	3416	922	2715	2102	3344	2811	1953	509	3054	2403	2570	1831	1672	2350	609	2762	1463	2249	2792	3353	996	3412	2288	2326	2172	2408	500	2322	3118	1702	2251	1547	2813	3253	3322	2330	1530	2556	2588	2257	1716	682	317	731	1916	1586	1355	2228	793	2319	749	3148	1256	749	1666	569	2766	2141	1991	1288	506	1018	2096	1864	644	1167	1489	1354	2580	1611	1735	1326	1289	2318	412	866	1515	2507	1633	2089	1914	1153	1165	1101	1558	659	1827	855	2675	1573	1240	2490	1472	2419	1857	889	1709	915	1660	1622	881	1314	647	543	685	1171	484	1980	1362	862	1589	570	2707	2019	1226	720	331	935	727	1185	950	1254	1262	1531	1105	1379	1489	874	531	621	787	498	1697	1494	985	1002	1358	1136	651	819	1447	1169	629	828	850	1951	872	542	335	664	791	1402	713	1987	843	313	362	918	816	881	717	1941	1798	477	406	2072	1396	1217	1268	1650	2229	808	1890	1244	1978	958	1380	1428	1016	2275	447	1676	398	851	2014	1153	973	1117	1469	1067	920	1353	1097	1227	1918	199	2219	1668	244	1057	1502	838	861	1535	639	1218	1033	1292	1568	1250	489	951	763	1056	788	555	1362	1601	1339	848	1088	1113	1107	1516	1067	1500	1314	653	1506	836	642	844	1166	876	1095	934	1080	664	1435	792	635	1437	1594	964	1107	1672	818	798	999	1002	845	554	341	1136	1101	99	933	1061	406	1052	286	279	551	569	539	389	1369	979	576	642	1285	937	586	849	615	722	1059	1059	1238	629	684	1034	652	498	1207	470	302	806	474	535	1250	492	1165	1466	1439	1503	1152	1175	856	473	807	1044	995	828	440	1678	962	1502	517	1060	772	1004	1294	572	832	759	615	1641	590	694	1301	905	318	1315	616	826	493	855	858	768	998	975	1132	1768	1019	718	838	912	1069	866	498	1119	562	401	923	813	1423	921	636	782	529	1030	812	1258	545	919	659	530	917	294	796	1090	949	772	677	813	352	674	490	581	729	492	844	532	840	894	728	495	390	723	1112	926	996	763	779	1311	767	1110	613	747	464	719	654	585	465	608	657	1197	615	734	662	547	862	441	301	864	553	648	383	412	497	885	710	541	775	498	463	535	983	685	541	461	513	748	458	745	572	398	785	535	439	545	397	295	502	612	477	429	481
SALL2	1478	2174	287	1618	1072	1955	2212	2709	2914	1852	2795	1497	2208	2953	2547	1120	1351	1422	1771	2008	1191	1528	1701	3224	1460	2451	2914	1070	2897	1935	2003	2847	2025	1400	1254	1699	2720	2170	1384	2558	2051	1521	997	2122	1849	1927	1309	2033	2739	1620	1166	1456	1979	1004	2931	1825	3220	3308	1137	2741	1766	2224	2405	2820	2332	2973	1871	1684	911	2660	2792	325	2086	1944	1759	1445	850	1650	1959	2452	2256	1362	1956	2414	577	1959	2957	2765	2777	2067	1231	1904	1114	3394	1838	2265	1615	7131	1259	2377	2760	1730	1936	3044	989	2496	1841	3000	2669	1901	432	2844	2186	2503	1907	1433	2275	548	2265	1580	2359	2617	3019	1194	2833	2104	2201	1848	2121	572	2149	2765	1572	2154	1290	2729	2876	3057	2261	1727	2141	2658	2136	1419	634	328	509	1687	1270	1438	1964	886	2051	580	2520	1391	730	1509	590	2283	1994	1948	1273	332	965	2018	1587	675	1069	1239	1178	2500	1387	1397	1453	1488	1925	324	695	1447	1680	1527	1890	1758	1132	1195	1096	1046	653	1698	859	2449	1410	1108	2485	1617	2346	1801	779	1612	735	1552	1493	783	1072	590	451	570	1080	382	1808	1351	820	1373	511	2352	1815	1170	617	287	904	637	1170	1053	1369	1352	1493	1021	1498	1395	795	500	605	678	445	1612	1434	1033	991	1375	1035	581	751	1452	1192	532	856	837	1886	835	440	337	679	681	1291	748	1668	729	289	364	998	788	806	616	1691	1873	568	322	1833	1266	1016	1184	1845	2017	797	1799	1271	1880	976	1239	1568	1132	2374	460	1569	347	818	2195	1261	984	1180	1533	1336	966	1486	1125	1301	1990	203	2049	1638	212	1168	1651	874	1019	1537	652	1167	1078	1477	1555	1056	582	875	945	1219	915	535	1576	1765	1463	973	1230	1225	1254	1544	1091	1681	1457	783	1375	744	785	959	1141	839	1341	1024	889	793	1460	932	760	1546	1710	1080	1237	1747	841	856	1011	1125	855	539	265	1228	1103	81	1090	1132	378	875	245	226	497	496	483	399	1437	1155	604	624	1419	1060	684	1032	731	827	1219	1180	1043	733	718	1095	761	499	1335	454	349	1018	574	506	1395	511	1123	1469	1589	1738	1289	1191	986	522	870	1069	961	977	535	1796	902	1691	497	1099	875	1122	1384	626	1002	763	717	1481	661	661	1475	900	302	1340	722	867	564	917	976	703	854	941	1203	1899	1157	831	883	882	1064	957	545	1189	662	432	896	924	1522	906	672	820	608	1197	934	1507	572	1077	756	605	1001	289	909	1182	983	840	710	911	362	736	587	669	817	499	957	635	995	954	821	575	453	605	1357	1051	1118	884	835	1408	839	1187	701	791	546	762	726	647	497	669	761	1231	795	806	793	706	1017	428	286	841	676	754	421	396	554	1064	860	694	895	586	570	616	1134	786	582	533	605	660	533	799	621	423	956	588	437	588	411	319	509	598	602	474	538
ZNF232	1308	1566	169	1224	1079	1475	1528	1995	1828	1398	1825	1180	1572	2077	1913	930	959	1206	1371	1706	1063	1133	1226	2420	1053	1596	1910	954	1853	1353	1645	2218	1355	1267	986	1130	1905	1438	1002	1891	1662	1100	850	1666	1415	1363	1094	1584	1742	1150	665	1246	1367	741	1849	1281	2092	2384	862	1645	1190	1566	1630	1996	1798	1903	1511	1376	661	1845	1952	225	1561	1600	1349	1261	780	1353	1331	1571	1648	972	1457	1774	466	1557	2201	2027	2042	1300	888	1304	817	2260	1242	1611	1155	1259	5307	1675	1991	1064	1534	2094	815	1715	1525	2046	2012	1297	339	1885	1548	1957	1576	1038	1623	384	1499	952	1657	1873	2025	1008	1960	1782	1724	1507	1317	517	1507	1768	1096	1346	1187	1917	2070	1987	1424	1143	1632	1712	1545	1302	474	260	644	1463	1184	1221	1480	759	1483	520	1754	1015	445	1375	456	1574	1683	1492	1002	241	785	1608	1412	532	1032	1103	984	1491	871	877	973	1054	1470	261	431	1104	1347	1129	1458	1523	756	1168	1083	772	569	1384	591	1691	1361	1041	1823	1209	1454	1472	781	1451	814	1375	1455	703	1022	595	534	555	1072	484	1489	1123	856	1319	520	1720	1584	1077	710	341	855	687	1049	798	1099	1197	1168	1044	1041	1242	731	571	607	673	439	1400	1243	864	952	1194	946	487	725	1228	923	622	790	740	1552	878	540	354	577	700	1038	643	1175	620	391	365	799	681	677	716	1264	1332	574	274	1132	922	801	1054	1273	1327	781	1242	1006	1546	816	966	1126	837	1658	437	1257	357	712	1530	1254	924	919	1190	1026	865	1170	908	965	1416	221	1438	1242	203	1151	1105	725	773	1309	763	909	906	1060	1067	944	446	706	655	910	867	503	1095	1239	1136	754	851	903	806	1162	833	1155	1125	596	1324	438	619	719	959	620	876	818	521	622	988	664	549	1152	1363	773	899	1259	736	647	853	838	551	409	210	1063	1050	86	946	914	397	718	236	238	540	425	341	344	1075	823	451	462	982	774	690	679	606	635	894	1002	829	562	580	831	606	416	972	364	232	548	387	395	1012	375	993	1186	1154	1273	925	983	735	585	614	869	900	811	392	1284	764	1411	540	845	717	1152	1162	516	798	757	536	1071	561	669	1084	770	268	846	579	774	630	724	568	468	687	713	874	1454	886	628	678	623	806	721	446	931	537	385	769	703	1033	803	493	770	496	822	716	1170	520	804	631	501	733	182	716	751	836	706	695	660	289	683	429	506	573	408	801	492	774	765	594	389	311	551	1023	815	890	597	586	1043	700	919	669	693	485	514	581	468	418	703	594	879	551	602	579	615	766	363	210	799	608	597	300	434	496	803	678	453	672	437	471	510	812	576	526	399	522	516	433	665	482	390	709	479	350	484	408	294	451	496	488	366	599
GATAD1	2214	4601	731	2430	1884	3880	4584	5219	5370	3322	5553	2530	3865	6071	5557	2163	2796	3369	2508	4423	2910	2275	2644	7328	2368	4376	5660	2603	5481	4170	4553	6173	2929	3030	1719	2510	4848	3340	2925	6056	4154	2945	1933	4360	3183	4748	2665	2955	4615	2218	2371	2759	3535	1280	5518	2568	6422	7098	1668	5203	2640	5056	4467	5785	4770	5369	4056	3476	1168	4451	4894	749	4092	4381	2835	3140	2076	3893	3403	4570	4379	2302	4210	5015	797	3927	6777	5725	5704	4135	2035	3468	1837	6559	3460	4299	2963	2377	1675	15607	6563	2660	4400	6221	1309	4614	4217	5576	5043	3432	878	5457	4005	4879	3273	2807	4623	1044	4685	2408	3949	5471	5825	1384	5965	4507	4314	4189	4047	733	3924	5216	2911	4047	3117	5107	5853	5819	3896	2311	4800	4431	4229	3409	1714	568	1561	3986	3181	2147	4021	1122	4090	1523	5733	1938	1217	3368	891	4672	4265	3731	2398	801	1817	4293	3692	1005	2445	3011	2497	4356	2684	2995	2253	1877	4375	807	1415	2761	4294	3115	3878	3731	1708	1871	2070	2676	1215	3651	1300	4824	3106	2603	4488	2329	4119	3555	1942	3227	2048	3347	3318	1812	2771	1448	1296	1309	2127	1220	3751	2252	1857	3087	1327	4619	4132	2366	1771	860	1951	1676	2397	1793	2338	2142	2834	2163	2791	2947	1631	1346	1378	1628	1022	3199	2654	1732	1891	2634	2234	1242	1566	2899	1890	1500	1493	1712	3961	1672	1381	780	1059	1734	2733	1279	3298	1822	705	733	1590	1745	1765	1414	3257	2973	639	781	3374	2595	2037	2247	2630	3653	1531	3109	2201	3268	1456	2510	2300	1661	3775	893	3295	633	1632	3452	1942	1648	1895	2634	1594	1379	2171	1814	1971	3362	412	3726	2846	480	1592	2389	1411	1255	2523	870	2336	1826	1969	2258	2167	679	1327	1149	1630	1058	836	2111	2532	2018	1289	1626	1759	1607	2346	1594	2318	2058	953	2962	1360	935	1272	2243	1341	1677	1351	1550	985	2408	1157	933	2171	2661	1442	1665	2652	1368	1316	1959	1514	1241	935	630	1908	1947	250	1442	1752	773	1693	605	649	1235	962	944	538	2175	1537	821	922	2061	1390	783	1265	892	1048	1544	1647	1937	945	969	1558	950	771	1988	700	510	1300	705	769	1922	845	2141	2627	2251	2477	1868	2103	1276	657	1182	1605	1712	1319	629	2774	1609	2324	894	1730	1267	1494	2227	845	1206	1446	908	2528	1021	1430	2236	1594	538	2012	834	1494	756	1244	1405	1168	1543	1383	1726	2922	1654	1027	1213	1345	1647	1287	676	1718	830	583	1353	1241	2355	1564	1116	1280	800	1582	1292	1851	690	1304	888	876	1504	508	1176	1778	1525	1203	1135	1179	612	1094	717	849	1067	724	1310	735	1275	1458	1040	710	573	1278	1573	1413	1492	1142	1127	2028	1075	1607	968	1227	661	1054	962	829	644	781	940	1908	878	1106	995	746	1210	725	507	1212	743	911	561	556	697	1347	1022	802	1134	709	662	785	1425	961	714	624	689	1085	614	1135	817	616	1169	863	611	790	644	483	687	849	697	587	681
THAP11	2889	6135	929	2763	2771	5074	5613	7017	6764	4811	6990	3269	4723	7991	8030	3092	3311	5632	3020	7229	5020	2605	3163	10721	2843	5135	7215	3882	6550	4640	6525	8922	3467	5429	1983	2852	5960	4039	3470	7828	5417	4480	2757	5718	3661	5979	3507	3393	5819	2567	2691	3363	4021	1470	6980	3092	8271	10239	2048	6411	3201	6353	5348	7722	7467	6693	5648	4731	1418	5463	6168	924	5871	6789	3346	4821	3079	5257	4082	5342	5805	2719	5256	7844	895	5136	9199	7625	8141	4603	2480	4125	2366	8815	4518	5111	3650	2760	1991	6563	24857	3265	6002	7969	1461	5642	6805	7099	7100	3909	1042	6858	4851	7342	4966	3210	7396	1222	5694	2860	4976	7405	7588	1576	7774	6862	6216	6338	4934	818	4583	6350	3563	5761	5544	6625	7443	7506	4684	2848	7144	5598	6025	5959	2923	804	3256	6842	5293	2781	5245	1454	4600	2181	7918	2257	1294	5658	1165	6135	6904	5411	2918	976	2749	6803	5913	1218	3868	5049	3964	5253	3005	3155	2984	2251	5733	1406	1405	3336	6289	4255	5190	6369	1901	2512	2551	3418	1550	5575	1538	6261	5231	3944	5744	2767	4984	5661	3718	5338	3968	5520	5672	2976	5182	2554	2408	2035	3601	2427	6251	2777	3465	5340	2520	6358	6519	3896	3608	1530	2758	2882	3127	2467	3498	3188	4263	3620	4126	4322	2384	2447	2239	2899	1422	4573	3492	2349	2456	4044	3541	1797	2230	4497	2306	2593	2190	2294	5552	2181	2817	1394	1319	3173	3630	1487	4025	3474	1068	1083	2102	3069	2729	2638	4127	3649	723	1078	4113	3356	2562	2716	3138	4395	2184	4078	3089	3923	1820	3369	2799	1957	4484	1283	5051	954	2452	4437	2633	1985	2502	3571	1952	1547	2550	2295	2610	4188	582	4430	3260	802	1848	3036	1977	1433	3077	992	3073	2309	2230	2534	2444	765	1559	1337	1927	1206	895	2481	2931	2386	1643	1945	2023	1993	2811	1816	2708	2320	1111	4046	1541	1055	1544	3105	1435	1925	1564	1699	1150	2860	1358	1056	2532	3200	1679	1879	3029	1882	1763	2874	1733	1473	1220	743	2340	2530	433	1894	2249	1226	2170	1026	1108	2105	1366	1126	660	2525	1783	881	1034	2414	1639	957	1455	1007	1177	1817	2003	2205	1073	1115	1843	1087	881	2528	868	719	1625	823	849	2257	934	2614	3063	2619	2952	2216	2568	1437	788	1462	1891	2218	1563	736	3214	1729	2859	1406	2133	1578	1788	2635	954	1367	1802	1045	2824	1391	2191	2718	2205	755	2334	972	1850	1045	1474	1781	1351	1801	1540	1956	3384	1960	1169	1413	1424	1943	1463	762	1960	942	711	1650	1427	2787	1825	1478	1764	996	1858	1518	2130	789	1475	1005	1153	1898	613	1333	2014	1806	1331	1278	1349	674	1179	818	985	1202	784	1503	826	1452	1765	1179	831	640	1613	1891	1646	1741	1379	1406	2351	1191	1827	1115	1459	727	1190	1071	933	743	874	1024	2172	1004	1202	1127	897	1325	815	595	1332	838	1031	629	751	771	1538	1191	917	1247	784	744	919	1652	1098	766	694	759	1276	693	1282	886	713	1372	1016	679	910	759	596	799	960	783	658	781
AGO2	1255	2316	350	1863	799	1971	2725	3419	5707	1829	4502	1511	2339	3600	3154	1019	1620	1288	1545	1994	1125	1844	1885	4603	1631	2844	5209	881	4384	2011	1992	3535	2252	1399	1469	1894	3399	2304	1601	2876	2012	2066	1032	2234	2089	2364	1096	2171	4045	1713	1217	1287	2363	1087	4016	2331	4745	4747	1188	4868	2147	2662	2800	3654	2633	4158	1863	1529	997	3269	3521	387	2355	2097	1858	1300	711	1529	2309	2880	2561	1296	2290	2615	565	1860	3784	3204	3279	2478	1234	1989	2067	5821	2095	2837	1693	1730	1064	2660	3265	13215	2160	4280	807	3163	1797	4353	3171	2263	383	4025	2459	2638	1674	1764	3331	574	3310	2526	2876	2894	4476	970	3617	2091	2538	1873	2761	562	2426	4200	1764	3447	1372	3431	3412	4602	2730	2134	2491	3375	2970	1424	769	323	658	1661	1172	1553	2202	903	2258	531	2994	1582	731	1377	628	2645	2057	2208	1038	278	941	2295	1690	721	944	1012	1126	3907	1758	1918	1684	1422	1816	312	669	1336	1809	1824	2160	1759	1116	919	929	1062	444	1572	1393	3479	1261	844	2740	1725	3880	2018	773	1467	599	1551	1559	813	999	516	334	557	863	302	2008	1447	723	1527	457	4172	1797	1255	410	158	733	460	887	951	1345	1101	1436	920	1472	1268	865	342	442	557	363	1556	1346	900	983	1342	953	451	586	1263	1350	350	667	607	1711	558	359	242	583	659	1017	638	2087	714	147	234	1026	663	709	455	1931	2137	550	358	2415	1329	1059	1111	1986	3638	642	2886	1241	2218	1151	1172	1675	1165	3058	368	1608	317	677	2383	1047	869	1122	1713	1273	930	1616	1064	1679	1906	137	2297	1726	201	1086	1828	977	986	1712	487	1288	1075	1638	1636	940	607	1046	961	1304	840	415	1763	2119	1654	988	1255	1162	1499	1774	1162	1931	1592	944	1282	926	796	945	1317	900	1594	1017	919	744	1291	1078	842	1799	1876	1098	1307	2273	775	901	1089	1244	1773	1197	309	1200	970	80	959	1244	328	1103	206	189	338	480	1132	444	1518	1218	555	562	1452	1102	581	1176	716	807	1286	995	995	858	867	1104	796	422	1492	458	454	1540	589	557	1555	413	917	1338	1734	1832	1233	999	1141	400	1262	1076	935	938	514	1948	860	1462	356	1084	1019	951	1379	631	888	573	791	1462	629	457	1401	847	309	1684	754	708	482	892	1642	1020	1000	1002	1700	1963	1071	924	985	859	1176	963	558	1297	760	540	861	1037	1480	773	543	687	711	1231	1039	1284	467	1019	646	604	9