	ADNP	AFF4	AGO1	AGO2	AHDC1	AHR	AKAP8	AKAP8L	AKNA	ARHGAP35	ARID2	ARID3A	ARID4A	ARID4B	ARID5B	ARNT	ARNT2	ARNTL	ASH2L	ATAD3A	ATF1	ATF2	ATF3	ATF4	ATF5	ATF6	ATF7	ATM	ATRX	BATF2	BAZ2A	BCL3	BCL6	BHLHA15	BHLHE40	BORCS8	BRCA1	BRD4	BRF2	CAMTA2	CBFB	CBX1	CBX2	CBX5	CC2D1A	CCAR2	CCDC6	CEBPA	CEBPB	CEBPD	CEBPG	CEBPZ	CENPBD1	CENPT	CENPX	CERS6	CHCHD3	CHD2	CHD4	CREB1	CREB3	CREBL2	CREM	CSRNP1	CSRNP2	CTCF	DBP	DDIT3	DLX6	DMAP1	DMTF1	DNMT1	DNMT3B	DPF2	DR1	DRAP1	DZIP1	E2F1	E2F2	E2F4	E2F5	E2F8	EEA1	EED	EGR1	EHMT2	ELF1	ELF3	ELF4	ELK1	ELK4	EP300	ERF	ESRRA	ETS1	ETV4	ETV5	ETV6	EZH2	FBXL19	FIP1L1	FLYWCH1	FOSL1	FOSL2	FOXA1	FOXA2	FOXA3	FOXC1	FOXJ3	FOXK1	FOXK2	FOXM1	FOXO1	FOXO4	FOXP1	FOXP4	FOXQ1	FUBP1	FUBP3	FUS	GABPA	GABPB1	GATA2	GATA4	GATAD1	GATAD2A	GATAD2B	GFI1	GLI4	GLMP	GLYR1	GMEB1	GMEB2	GPBP1L1	GPN1	GRHL1	GTF2F1	GTF3A	GZF1	H2AFZ	H3K27ac	H3K27me3	H3K36me3	H3K4me1	H3K4me2	H3K4me3	H3K79me2	H3K9ac	H3K9me3	H4K20me1	HBP1	HCFC1	HDAC1	HDAC2	HDAC6	HES4	HHEX	HIC2	HINFP	HIVEP1	HLF	HMG20A	HMG20B	HMGA1	HMGXB3	HMGXB4	HNF1A	HNF1B	HNF4A	HNF4G	HNRNPH1	HNRNPK	HNRNPL	HNRNPLL	HNRNPUL1	HOMEZ	HOXA10	HOXA3	HOXA5	HOXA7	HOXA9	HOXD1	HSF1	HSF2	IKZF1	IKZF4	IKZF5	IRF1	IRF2	IRF3	IRF5	IRF9	IRX3	ISL2	ISX	JARID2	JDP2	JRK	JUN	JUNB	JUND	KAT2B	KAT7	KAT8	KDM1A	KDM2A	KDM3A	KDM4B	KDM5A	KDM5B	KDM6A	KIAA2018	KLF11	KLF12	KLF13	KLF15	KLF16	KLF6	KLF9	KMT2A	KMT2B	LBX2	LCOR	LCORL	LIN54	LRRFIP1	MAF1	MAFF	MAFG	MAFK	MATR3	MAX	MAZ	MBD1	MBD4	MBNL3	MED1	MED13	MED8	MEF2A	MEF2D	MEIS1	MEIS2	MGA	MIER2	MIER3	MIXL1	MLLT10	MLX	MLXIP	MNT	MNX1	MTA1	MTA3	MTERF2	MTERF4	MTF1	MTF2	MXD1	MXD3	MXD4	MXI1	MYBL2	MYC	MYNN	MYPOP	MYRF	MZF1	NACC2	NAIF1	NBN	NCOA1	NCOA2	NCOA5	NCOR1	NFAT5	NFATC3	NFE2	NFE2L1	NFE2L2	NFIA	NFIB	NFIC	NFIL3	NFKB2	NFKBIZ	NFRKB	NFYA	NFYB	NFYC	NKX3	NONO	NPAS2	NR0B2	NR1H2	NR2C2	NR2F1	NR2F2	NR2F6	NR3C1	NR5A1	NRF1	NRL	ONECUT1	ONECUT2	PAF1	PATZ1	PAWR	PAX8	PAXIP1	PBX2	PBX3	PCBP1	PCBP2	PHB2	PHF20	PHF21A	PHF5A	PHF8	PIN1	PITX1	PLRG1	PLSCR1	POGK	POGZ	POLR2A	POLR2AphosphoS2	POLR2AphosphoS5	POLR2G	POU2F1	PPARG	PPARGC1A	PRDM10	PRDM15	PRDM4	PREB	PRMT3	PROX1	PRPF4	PTBP1	RAD21	RAD51	RARA	RARG	RBAK	RBFOX2	RBM22	RBM39	RBPJ	RCOR1	RCOR2	REL	RELA	REPIN1	RERE	REST	REXO4	RFX1	RFX3	RFX5	RFXANK	RFXAP	RNF2	RNF219	RORA	RREB1	RXRA	RXRB	SAFB2	SALL1	SALL2	SAP130	SATB2	SCMH1	SETDB1	SFPQ	SIN3A	SIN3B	SIX1	SIX4	SKI	SKIL	SMAD1	SMAD3	SMAD4	SMAD7	SMAD9	SMARCC2	SMARCE1	SMC3	SMYD3	SNAI1	SNAPC2	SNAPC4	SNAPC5	SNRNP70	SOX13	SOX18	SOX5	SOX6	SP1	SP110	SP140L	SP2	SP4	SP5	SPEN	SREBF1	SREBF2	SRF	SRSF1	SRSF4	SRSF9	SRY	SSRP1	STAG1	STAT5B	STAT6	SUZ12	SYNCRIP	TAF1	TAF15	TARDBP	TBL1XR1	TBP	TBX2	TBX3	TCF12	TCF3	TCF7	TCF7L2	TEAD1	TEAD2	TEAD3	TEAD4	TEF	TERF1	TFAP4	TFDP1	TFDP2	TFE3	TGIF2	THAP11	THAP4	THAP7	THAP8	THAP9	THRA	THRB	THYN1	TIGD3	TIGD6	TMF1	TOE1	TOPORS	TP53	TRAFD1	TRIM22	TRIM24	TSC22D1	TSC22D2	U2AF1	U2AF2	UBTF	USF1	USF2	WIZ	XBP1	XRCC5	YBX1	YEATS2	YEATS4	YY1	ZBED4	ZBED5	ZBTB1	ZBTB10	ZBTB14	ZBTB2	ZBTB20	ZBTB21	ZBTB24	ZBTB25	ZBTB26	ZBTB3	ZBTB33	ZBTB34	ZBTB37	ZBTB38	ZBTB39	ZBTB4	ZBTB40	ZBTB42	ZBTB43	ZBTB44	ZBTB46	ZBTB49	ZBTB7A	ZBTB7B	ZBTB8A	ZC3H13	ZC3H4	ZC3H8	ZCCHC11	ZEB1	ZFAT	ZFHX3	ZFP1	ZFP14	ZFP36	ZFP36L1	ZFP36L2	ZFP37	ZFP41	ZFP62	ZFP64	ZFP82	ZFP90	ZFP91	ZFX	ZFY	ZFYVE20	ZGPAT	ZHX1	ZHX2	ZHX3	ZIK1	ZKSCAN1	ZKSCAN5	ZKSCAN8	ZMAT3	ZMAT5	ZMYM2	ZMYM3	ZMYM4	ZNF10	ZNF101	ZNF12	ZNF121	ZNF124	ZNF136	ZNF138	ZNF142	ZNF143	ZNF146	ZNF160	ZNF17	ZNF18	ZNF180	ZNF181	ZNF20	ZNF205	ZNF207	ZNF217	ZNF219	ZNF221	ZNF224	ZNF225	ZNF230	ZNF232	ZNF234	ZNF235	ZNF24	ZNF25	ZNF251	ZNF253	ZNF256	ZNF260	ZNF263	ZNF264	ZNF274	ZNF275	ZNF276	ZNF280B	ZNF280D	ZNF281	ZNF282	ZNF292	ZNF296	ZNF3	ZNF30	ZNF317	ZNF318	ZNF326	ZNF329	ZNF331	ZNF333	ZNF335	ZNF337	ZNF33A	ZNF33B	ZNF34	ZNF343	ZNF350	ZNF354B	ZNF362	ZNF367	ZNF382	ZNF383	ZNF384	ZNF407	ZNF414	ZNF430	ZNF431	ZNF432	ZNF44	ZNF441	ZNF446	ZNF451	ZNF460	ZNF468	ZNF48	ZNF483	ZNF484	ZNF485	ZNF490	ZNF496	ZNF501	ZNF503	ZNF510	ZNF511	ZNF512	ZNF512B	ZNF513	ZNF526	ZNF527	ZNF530	ZNF543	ZNF546	ZNF547	ZNF548	ZNF549	ZNF550	ZNF552	ZNF556	ZNF557	ZNF558	ZNF562	ZNF563	ZNF564	ZNF567	ZNF569	ZNF570	ZNF571	ZNF572	ZNF574	ZNF576	ZNF577	ZNF580	ZNF589	ZNF597	ZNF598	ZNF605	ZNF607	ZNF608	ZNF609	ZNF614	ZNF615	ZNF616	ZNF619	ZNF629	ZNF639	ZNF644	ZNF646	ZNF652	ZNF660	ZNF670	ZNF672	ZNF674	ZNF678	ZNF687	ZNF691	ZNF697	ZNF7	ZNF703	ZNF704	ZNF707	ZNF709	ZNF710	ZNF713	ZNF720	ZNF724P	ZNF737	ZNF740	ZNF746	ZNF747	ZNF749	ZNF75D	ZNF761	ZNF766	ZNF768	ZNF770	ZNF772	ZNF773	ZNF775	ZNF776	ZNF777	ZNF778	ZNF780A	ZNF781	ZNF782	ZNF784	ZNF786	ZNF788	ZNF790	ZNF792	ZNF800	ZNF816	ZNF827	ZNF83	ZNF839	ZNF841	ZNF850	ZNF865	ZNF878	ZNF879	ZNF883	ZNF891	ZSCAN12	ZSCAN20	ZSCAN21	ZSCAN22	ZSCAN25	ZSCAN29	ZSCAN30	ZSCAN31	ZSCAN5A	ZSCAN9	ZUFSP	ZXDC	ZZZ3
ADNP	2233	45	138	193	338	132	155	40	50	109	131	687	544	605	644	3	244	281	417	26	174	364	265	303	63	47	326	10	12	96	213	182	469	64	251	238	137	190	136	71	237	140	43	312	35	50	224	488	310	277	463	4	38	68	10	51	68	76	364	523	90	58	426	168	28	546	65	24	266	309	40	108	81	275	181	301	70	148	84	326	87	422	93	120	511	132	390	462	120	122	51	504	397	299	192	353	400	109	4	179	34	43	136	595	539	586	567	214	339	347	169	50	429	73	370	506	122	42	99	110	327	546	269	148	379	615	247	374	95	21	265	326	72	3	34	10	81	81	111	39	473	8	4	391	320	367	60	226	1	20	123	114	633	666	6	127	132	244	176	227	201	330	195	3	163	528	424	422	582	437	21	113	206	308	59	296	238	606	241	32	87	200	40	83	3	94	418	47	408	8	107	203	114	424	70	38	35	175	210	121	413	15	190	463	843	463	264	141	144	333	240	39	110	204	59	88	366	171	75	232	252	76	499	493	574	21	115	79	34	81	4	797	405	183	15	5	632	174	201	95	302	207	276	520	216	302	344	15	253	84	236	470	322	12	107	128	71	84	208	190	222	346	441	447	50	277	53	45	225	157	2	128	475	18	335	114	49	45	39	43	338	30	174	511	250	148	19	269	153	191	153	494	25	148	66	420	343	227	560	12	398	236	184	261	129	21	489	40	69	570	96	61	100	9	2	218	537	118	399	71	476	1	27	314	568	376	22	252	394	631	335	4	232	154	30	36	76	404	54	57	701	51	530	44	69	391	94	329	388	136	597	114	69	379	196	154	43	50	76	86	84	267	126	78	29	276	548	536	126	724	233	746	88	9	18	271	166	72	196	188	381	263	123	248	603	317	47	19	10	301	136	100	145	136	68	1	558	79	511	648	566	34	62	152	311	352	357	30	7	195	95	14	1	129	91	511	62	134	33	2	336	205	471	128	244	571	231	201	70	256	502	435	53	556	375	86	43	638	297	297	305	199	559	86	118	60	272	383	227	36	55	156	113	70	153	82	40	4	76	61	103	56	27	427	316	144	94	59	406	3	278	371	319	217	66	28	162	163	149	230	125	28	234	184	120	380	194	127	322	127	166	265	94	252	52	53	42	247	369	38	157	40	118	71	117	68	141	168	47	87	156	40	112	80	19	89	113	210	501	561	481	43	623	210	186	76	130	118	73	260	205	14	754	894	621	6	32	210	321	181	107	78	180	241	69	143	37	196	40	124	58	262	2	449	527	239	122	121	153	194	67	94	241	74	34	74	95	14	279	276	167	138	125	163	387	267	3	353	69	157	63	248	73	17	126	461	97	171	93	54	98	98	168	414	58	373	60	9	54	197	218	201	264	156	23	89	197	99	156	277	44	416	174	25	74	43	12	434	324	99	225	40	84	29	98	100	28	221	110	199	152	44	43	115	280	88	114	33	229	151	112	38	34	68	92	574	63	29	318	118	19	159	329	225	117	397	302	68	96	146	450	135	299	82	160	24	195	56	53	85	748	228	190	72	88	111	70	190	326	49	29	127	47	149	223	216	133	25	175	158	348	474	261	74	54	164	227	44	81	132	126	180	80	399	87	285	179	138	86	56	71	52	48	110	179	69	158	171	66	116	268	65	274	212	60	266	171	193	14	116	99
AFF4	45	1395	185	384	229	192	213	74	88	181	213	507	504	536	447	5	317	316	409	32	235	371	281	379	95	85	375	10	23	158	249	257	394	89	230	312	188	341	232	123	287	161	47	276	64	62	285	344	211	250	328	5	53	92	11	49	104	151	76	467	108	105	414	264	60	292	95	61	288	395	72	115	146	180	338	480	136	235	125	344	143	443	127	176	439	73	395	416	186	154	69	432	411	240	254	410	397	206	2	266	98	90	128	458	383	415	446	264	301	360	174	77	366	109	275	384	156	76	132	157	327	495	219	309	400	414	232	320	148	32	271	349	146	3	60	19	264	107	165	30	604	2	4	189	402	470	223	507	1	53	182	153	490	425	29	192	123	211	229	257	165	251	222	3	260	471	433	362	367	319	82	165	294	344	98	284	285	438	312	59	169	265	19	92	1	148	425	65	385	25	163	280	179	407	107	75	60	243	233	165	430	19	248	455	346	427	274	213	195	340	179	67	195	221	80	125	424	297	145	317	326	119	385	363	469	47	150	92	48	85	7	567	397	191	78	12	536	325	342	167	323	219	281	434	227	301	312	59	269	130	265	426	272	24	137	170	127	96	251	267	264	366	433	400	93	330	90	69	245	229	9	182	401	63	239	156	101	56	76	42	288	32	200	384	295	252	51	331	259	306	261	534	27	197	89	391	246	208	400	23	269	250	259	244	163	87	407	67	100	410	96	107	155	21	1	235	416	153	471	131	358	1	52	334	400	562	136	534	625	487	309	4	249	196	46	46	132	267	40	61	441	49	403	77	70	620	252	367	413	102	232	178	123	373	231	335	54	31	90	126	155	302	113	128	49	248	457	427	210	504	281	607	158	13	11	301	297	120	212	241	277	286	157	294	426	306	77	23	11	124	212	145	217	218	160	11	458	101	396	493	470	56	95	194	342	340	367	53	7	259	193	107	1	211	145	269	136	185	34	2	534	247	419	171	430	481	200	267	151	197	422	319	76	396	299	145	55	483	319	325	343	282	487	129	180	105	296	334	183	66	106	192	184	113	227	144	77	2	56	120	187	115	49	454	300	154	124	91	273	1	332	421	336	246	99	48	181	172	213	283	153	34	314	237	161	262	221	130	299	158	195	304	149	260	106	78	70	241	304	83	270	153	185	115	134	92	145	201	53	16	213	66	151	115	31	135	160	254	429	473	443	84	528	223	262	143	172	100	62	267	282	27	188	231	459	13	79	219	183	225	138	152	209	253	104	193	58	237	52	213	96	298	5	345	442	317	186	172	206	229	96	159	175	144	64	108	154	24	260	248	221	218	157	209	233	282	6	221	99	96	94	272	133	35	179	388	150	241	156	71	150	135	218	354	102	269	90	12	78	93	261	224	329	190	31	114	226	168	199	76	68	419	203	40	115	94	16	382	306	141	298	52	99	32	101	123	40	264	167	279	200	54	62	182	246	124	195	62	282	240	123	61	72	101	119	442	77	54	299	208	20	185	351	277	156	371	307	124	136	160	191	201	168	101	169	39	232	75	88	140	533	255	208	82	168	175	136	271	298	71	51	179	78	168	262	266	180	57	218	209	292	245	313	117	86	220	226	89	176	214	178	219	141	375	156	325	233	209	145	85	95	106	57	136	269	126	215	236	105	128	306	94	251	238	128	314	222	302	19	166	163
AGO1	138	185	4809	1773	344	451	786	249	174	501	541	1197	1743	1681	919	6	1042	763	1351	42	536	812	609	684	212	141	1094	5	20	458	748	805	730	233	613	962	440	735	561	351	718	317	135	595	140	106	800	468	348	364	571	27	97	251	8	104	322	468	121	1334	300	281	864	823	102	1438	206	43	413	1201	138	402	208	161	888	1017	407	801	337	1268	465	1269	404	575	1458	85	1208	934	528	393	167	686	1024	574	354	1017	995	412	9	558	246	171	174	1043	635	674	901	848	473	777	274	114	666	244	315	716	324	130	347	656	1060	1959	237	411	1241	828	529	675	447	47	901	1331	465	2	81	13	363	297	364	154	1435	33	15	264	1327	1807	337	1299	2	80	464	642	1569	1040	29	577	84	521	625	911	213	198	276	5	563	1676	847	1116	714	626	168	740	946	1661	233	446	729	1395	775	106	379	508	56	205	3	392	911	149	919	49	518	857	469	825	200	133	73	582	387	197	817	22	668	1310	605	1870	744	394	887	1307	167	166	392	698	211	311	1077	682	267	974	997	291	785	1084	1568	52	385	95	62	107	11	1959	1498	432	25	8	1220	457	664	153	747	586	624	1500	385	617	505	50	429	207	862	1534	898	17	446	560	227	344	1035	899	873	1228	911	1441	146	943	164	140	505	644	5	406	639	81	338	426	231	61	169	37	531	52	156	674	1028	349	115	978	786	788	512	1850	45	656	223	1206	373	270	819	39	456	1068	915	238	183	110	1290	143	260	963	196	196	593	27	3	1098	1112	287	1698	279	822	1	113	1095	1014	1723	198	1346	1980	1614	508	7	552	478	75	85	257	324	100	225	1393	143	704	162	108	2057	579	1617	1017	184	261	536	243	1014	237	447	137	214	254	318	265	782	455	170	38	420	1213	891	613	1494	855	1885	310	4	44	878	829	380	192	338	713	503	516	533	1049	1131	170	15	4	351	439	460	460	566	285	32	827	256	705	1229	1144	143	124	858	1286	844	1225	182	15	684	758	185	1	674	190	896	160	372	175	2	1590	1200	1253	263	842	1405	370	519	212	141	891	548	157	911	575	240	142	1415	1069	1082	659	579	1473	376	534	290	1125	653	283	124	261	645	546	231	627	279	147	2	40	225	375	301	184	1597	908	518	369	164	1092	3	991	1316	1215	570	216	67	428	629	743	537	314	69	733	515	342	658	437	188	911	324	523	970	364	496	205	191	114	805	856	199	892	173	483	225	254	191	118	300	121	42	535	98	272	281	77	284	507	696	1761	1786	1712	198	1460	590	723	262	527	149	162	399	778	42	429	553	1214	25	140	355	458	480	344	404	624	845	200	471	93	593	118	501	222	586	10	665	983	850	516	539	670	551	266	447	366	309	119	305	309	44	728	468	811	555	418	704	599	606	9	505	226	84	224	740	298	100	480	872	468	594	347	181	449	335	659	1215	259	507	192	3	186	169	1010	638	901	489	38	333	618	439	618	173	178	1282	614	80	333	131	15	1454	581	405	541	115	190	95	396	344	71	805	555	911	609	97	152	454	828	222	582	115	998	596	368	160	135	246	345	1481	216	97	748	520	67	672	1076	861	488	700	634	244	376	501	377	576	184	156	211	58	646	182	213	340	2225	683	542	102	348	562	295	817	665	193	54	543	178	465	576	776	532	92	643	511	984	763	944	268	149	718	911	233	360	528	506	616	360	1138	446	686	656	529	379	229	357	229	192	297	463	309	783	787	233	360	846	230	731	520	214	972	492	530	18	413	496
AGO2	193	384	1773	13215	723	747	1262	346	310	899	1039	2615	4280	3784	1994	8	2252	1511	3479	66	1062	1529	1172	1436	369	176	2383	10	22	924	1452	1763	1551	449	1288	1963	807	1654	1102	673	1291	562	173	1038	186	146	1675	999	714	663	1125	63	140	476	6	185	607	926	201	2994	589	517	1809	1582	190	3447	325	58	799	2837	233	713	303	342	1894	2290	760	1636	542	2844	900	2740	837	1141	3431	147	2662	1992	1000	684	289	1399	2012	1122	667	2160	2160	722	12	1071	346	314	328	2097	1372	1424	1797	1734	863	1529	531	195	1300	540	599	1467	629	184	543	1540	2364	4745	455	865	2660	1661	951	1345	858	73	1948	2880	919	1	156	17	743	455	631	278	4172	32	100	658	2886	4868	1132	3638	4	286	860	1217	3654	2091	46	1348	158	977	1162	1774	457	410	457	5	940	4016	1829	2202	1527	1255	291	1642	2067	3907	454	881	1401	3204	1462	149	791	995	89	390	2	796	1860	227	1816	112	1078	1713	882	1674	381	175	112	1076	677	368	1608	42	1344	2876	1172	4025	1296	638	1918	3058	334	261	581	1422	377	551	2234	1379	431	2263	2258	544	1572	2208	3617	71	646	189	136	206	14	4747	3375	708	63	17	2638	959	1350	234	1346	1084	1255	3419	558	1017	844	88	733	400	1764	3521	1828	19	796	1037	414	589	2273	1863	1726	2725	1863	3399	213	2137	257	208	900	1176	6	721	1261	104	659	840	387	100	293	80	953	108	302	1288	2171	573	286	1989	1620	1601	951	4602	62	1307	413	2645	813	516	1690	60	920	2415	1844	557	356	178	2970	233	501	2008	358	352	1020	56	2	2478	2355	413	4384	548	1556	1	179	2304	2316	4502	348	3310	5209	3600	944	11	1059	988	97	139	514	773	180	304	3331	309	1559	268	157	5707	1197	3880	1971	294	460	1032	315	1906	442	983	259	387	383	574	422	1545	945	314	64	711	2538	1797	1176	3535	1730	4603	581	3	76	1631	1764	669	338	586	1472	1089	855	887	2295	2309	290	26	7	769	736	867	861	1046	480	31	1759	427	1377	2633	2491	203	179	1758	2730	1824	2800	331	33	1234	1393	339	2	1469	294	2066	246	583	350	2	4200	2526	2561	451	2087	3171	709	1026	334	359	2018	1012	266	1873	1126	482	244	3154	2297	2426	1282	1111	3265	766	1002	567	2363	1268	557	184	453	1286	1101	361	1218	467	205	4	71	376	593	477	253	4045	1931	1103	648	278	2095	2	2011	3269	2761	1075	362	116	903	1499	1684	970	532	112	1336	869	560	1329	775	317	1885	604	892	2089	657	1047	294	330	155	1679	1713	346	1700	356	843	307	480	357	242	444	179	63	955	134	487	464	109	458	1102	1284	4158	4476	4353	387	3279	1159	1462	415	986	243	220	607	1616	55	847	1019	2894	33	253	642	901	773	535	777	1328	1693	339	888	164	1151	165	942	428	999	18	1263	2057	1712	985	1087	1262	1064	530	842	543	505	173	576	533	63	1553	919	1592	1019	744	1297	1064	1317	15	1032	419	137	455	1447	452	112	961	1711	878	995	569	279	807	579	1244	2459	410	941	331	5	316	312	2119	1165	1876	938	50	555	1200	944	1182	309	325	2876	1104	124	562	229	13	3163	1101	675	917	167	288	133	731	565	109	1555	1097	1931	1098	176	216	825	1480	381	1211	220	2331	1304	601	250	250	389	557	3412	396	136	1338	963	97	1162	2218	1725	997	1342	1096	404	716	767	687	1116	350	323	363	79	1188	325	410	650	5821	1233	1086	176	711	1039	533	1799	1241	299	82	1017	309	910	1244	1518	1069	175	1255	970	2147	1684	1858	550	269	1594	2134	419	666	930	917	1231	580	2339	915	1287	1273	1019	754	370	558	443	371	628	935	599	1638	1583	405	686	1832	444	1492	937	418	1986	878	929	22	837	859
AHDC1	338	229	344	723	15117	437	557	126	170	378	638	6216	2600	3539	6418	16	973	1823	3316	48	1773	2649	1807	2724	213	137	1827	104	27	370	973	824	4986	203	1449	987	464	889	667	253	1265	330	144	1282	143	159	1002	5237	2903	2303	4119	18	101	205	15	110	216	314	719	4191	270	230	4771	756	99	1315	179	120	2362	1698	116	264	414	3075	647	2048	288	557	234	1111	291	2684	290	405	2376	1019	2142	4049	643	466	113	5832	2478	1605	1659	2987	3481	440	6	845	134	164	1364	4676	5985	6352	5821	769	3754	3096	1574	119	3860	296	4915	5122	991	150	405	336	2219	2125	3191	2023	1857	6007	1808	2964	363	49	853	1322	310	3	77	24	437	223	421	160	3430	8	10	4185	1249	1113	414	1046	8	106	567	317	4324	4968	10	442	1879	1258	693	1007	2185	4595	1939	2	940	1634	3606	2633	5605	3846	91	399	855	935	501	3375	1273	3246	1243	98	382	1159	116	433	2	317	2732	146	2724	19	360	781	386	4218	177	119	100	844	2159	1246	3776	327	623	3191	4894	1512	1044	699	548	1145	2824	163	523	589	162	252	2427	948	305	1039	1166	235	4215	3566	3146	64	320	1012	227	924	3	4960	1437	722	576	21	5129	1173	1196	966	2396	1146	1673	3267	1266	2167	3327	45	2213	379	1212	2121	1338	28	364	423	225	257	676	673	989	1669	3836	1737	155	1323	180	150	1813	713	5	685	5151	54	3478	339	233	249	171	401	2800	85	3358	5003	842	1217	87	1121	757	908	875	2394	83	480	232	2781	2816	2905	4987	34	3531	880	730	3293	1420	58	2776	134	209	6378	613	149	351	25	1	810	3861	486	1361	251	3427	1	93	1394	3829	1848	114	1421	2056	3259	3434	15	1232	604	77	77	278	4174	124	121	3773	239	5422	152	326	1784	442	1053	2620	258	2933	398	268	1761	2337	1483	155	333	396	350	350	1115	461	396	246	2088	4232	5087	427	4912	820	5634	433	15	77	1283	757	211	2244	1774	2910	2192	397	1793	4865	1255	180	319	231	1121	802	422	766	573	308	4	5993	304	5477	6151	5087	115	241	484	1068	2235	1575	144	17	1081	408	68	1	518	305	1618	245	812	80	2	1392	606	3209	1411	1322	4331	2613	1522	460	3884	5284	4387	157	4293	3237	573	121	4497	1224	1211	2512	1117	3465	306	466	221	959	2894	1758	129	246	485	412	380	616	360	153	2	663	235	388	201	100	1627	1434	843	465	206	1302	2	1223	1760	1056	1032	179	69	654	420	526	1932	831	78	1417	946	601	1431	1384	876	1112	741	738	1246	398	1715	180	198	109	1072	1912	176	615	164	432	269	1004	166	1746	1022	143	182	888	99	444	260	53	413	613	770	1766	2453	1980	145	4462	810	782	329	458	301	276	1640	909	41	1633	2087	4015	17	172	1473	947	832	463	278	569	862	243	473	117	871	93	578	212	1314	8	3918	5060	1317	504	399	648	856	224	297	816	266	103	271	308	37	1092	1638	618	491	406	551	1305	1788	9	2126	290	472	211	1474	312	41	427	3156	341	793	400	334	397	323	624	1721	222	2192	189	17	169	1178	711	946	1360	721	44	297	911	335	510	585	143	1623	831	89	300	204	22	1784	2754	431	1391	127	370	53	272	274	64	871	423	764	648	146	110	433	1165	368	525	140	804	720	324	143	151	199	277	2382	183	88	1137	553	43	552	1496	961	707	3821	2160	318	344	393	1162	549	2601	675	1216	58	1247	150	154	282	2513	820	657	381	593	389	322	815	2283	146	63	527	162	442	1191	1011	526	100	747	539	803	1305	1285	188	323	504	617	192	411	574	463	676	321	1710	355	1727	731	972	339	191	234	231	231	736	1352	264	574	614	228	331	1036	301	1052	1114	241	1055	913	1420	21	399	396
AHR	132	192	451	747	437	3127	470	132	259	604	509	1130	1365	1416	1127	14	982	768	1058	101	484	984	750	838	257	213	1072	8	30	474	729	783	938	207	635	1047	539	752	549	352	856	425	159	859	158	134	798	614	386	492	717	13	99	310	12	167	372	406	120	1139	379	324	801	731	145	1045	282	74	577	1101	163	407	311	255	787	1022	406	712	363	1082	515	1154	462	562	1287	222	1078	1102	437	494	201	790	1195	624	471	953	1052	576	14	633	153	209	221	1107	746	822	1055	829	527	981	289	184	897	261	433	861	364	134	349	442	875	1442	354	450	1203	964	544	703	426	72	1005	1094	456	3	160	25	394	275	366	184	989	20	5	271	828	1098	217	860	1	34	596	577	1267	1168	15	639	183	501	688	851	292	371	481	3	718	1333	919	1017	735	653	107	486	613	1089	183	650	775	1310	852	125	426	643	56	248	2	470	1111	177	1097	31	520	871	509	934	291	190	125	626	461	300	844	29	664	1285	688	1398	823	553	642	1176	243	168	547	671	258	389	1191	886	348	981	1086	375	995	933	1239	128	447	136	90	146	10	1472	1201	608	32	13	1212	554	640	256	828	615	772	1183	633	815	722	52	586	344	750	1324	825	42	430	526	328	331	891	958	946	1087	1007	1277	221	909	318	155	608	564	7	368	882	59	367	550	271	105	182	65	647	82	212	815	1072	538	123	870	712	748	638	1318	58	700	292	1031	408	305	932	57	524	797	868	345	321	54	1066	160	256	892	180	265	400	21	1	928	950	338	1274	330	915	1	139	1074	1054	1176	147	1013	1209	1379	691	11	636	490	143	124	313	376	86	175	1129	132	906	164	140	1199	283	1099	1083	268	394	505	295	1028	363	613	182	123	255	300	351	840	524	223	57	570	1182	1074	540	1401	840	1460	427	14	61	746	734	396	313	521	716	558	469	768	1091	1015	241	27	9	362	482	405	531	493	318	5	996	286	904	1149	1061	152	238	639	1054	807	1152	136	11	660	481	111	1	700	172	754	297	381	138	2	1192	762	1129	334	804	1248	443	529	302	209	888	722	259	1066	698	358	160	1286	1024	1048	872	705	1331	454	543	287	1017	878	353	137	281	653	566	304	609	320	158	4	99	271	574	229	129	1223	903	459	481	251	989	2	1071	1157	1012	685	332	114	447	555	675	683	395	94	850	755	351	782	481	208	939	311	542	995	366	666	347	167	232	687	843	188	652	156	425	356	264	218	174	442	150	53	564	185	438	349	79	323	457	726	1341	1329	1327	287	1331	640	774	418	588	199	161	579	829	43	492	641	1230	18	175	580	509	641	414	460	677	772	239	566	130	544	137	547	214	785	11	782	1077	813	496	615	672	706	249	433	400	369	146	363	436	45	760	636	827	567	460	768	621	692	6	535	250	157	289	739	326	59	509	1090	424	661	383	172	500	333	610	1115	264	557	259	12	175	199	928	585	894	574	54	382	699	443	658	176	204	1257	579	100	366	161	29	1201	666	433	779	107	229	87	385	389	109	713	548	895	599	126	156	530	781	366	561	166	904	682	384	156	149	279	336	1344	242	116	954	568	70	638	1011	852	488	748	861	302	461	495	455	662	373	195	294	93	609	181	213	368	1498	765	676	190	319	531	305	783	696	187	123	614	207	435	604	754	581	153	624	624	997	703	946	378	185	654	756	215	400	607	559	636	388	1119	441	949	636	472	409	283	342	259	163	347	554	342	818	821	329	386	866	261	741	506	234	878	558	764	27	431	504
AKAP8	155	213	786	1262	557	470	4001	270	196	514	528	1308	1662	1592	1102	11	1045	952	1186	62	490	934	694	822	249	159	1161	16	28	460	989	872	944	238	683	986	462	765	603	372	835	338	148	719	140	124	885	651	420	478	732	21	115	302	13	157	350	378	163	1258	314	326	904	794	141	1236	242	68	583	1181	170	506	244	432	799	1015	401	673	331	1100	445	1325	520	541	1448	120	1135	1066	458	462	180	951	1155	817	512	1061	1111	481	3	702	192	193	243	1168	851	877	1095	876	609	891	356	152	909	255	542	962	451	166	440	575	952	1671	426	480	1182	1020	692	835	437	58	1068	1245	428	3	108	25	324	290	401	97	1308	6	16	502	1034	1317	273	1027	1	90	510	493	1547	1191	14	605	251	705	683	895	291	481	446	4	581	1466	1061	1142	954	848	140	621	822	1246	236	598	856	1414	802	114	392	649	57	226	4	427	1098	176	1051	36	669	1030	505	990	231	153	116	749	529	298	978	36	624	1309	791	1565	798	473	604	1217	400	177	409	689	232	345	1175	740	293	911	918	334	974	1247	1466	80	404	145	89	157	11	1797	1431	513	60	6	1364	587	761	262	869	716	793	1415	522	780	656	69	637	309	893	1495	1016	27	448	538	249	335	925	816	894	1207	960	1400	169	973	226	162	671	560	6	507	882	91	538	439	237	69	160	55	715	76	260	881	973	500	81	979	681	743	552	1648	76	660	292	1249	617	419	1079	53	668	913	811	394	316	127	1298	175	296	1178	202	205	424	25	3	950	1202	371	1423	296	937	1	125	1154	1057	1505	156	1143	1600	1582	723	11	619	459	94	106	337	565	87	171	1371	159	1003	181	158	1565	534	1233	1144	200	480	504	265	1073	459	549	171	164	242	280	287	846	481	236	65	553	1332	1096	798	1523	870	1746	350	15	45	969	720	310	338	491	886	794	518	640	1232	1041	192	41	16	351	455	423	554	500	302	13	1065	277	964	1313	1257	136	164	709	1219	1011	1367	166	11	717	522	146	1	656	218	874	226	451	113	2	1369	901	1318	377	792	1500	533	707	283	335	1110	724	198	1085	732	287	153	1448	1060	1084	852	688	1462	434	553	292	984	866	446	129	290	807	580	269	650	319	209	4	125	245	424	227	130	1476	953	536	496	187	975	4	947	1308	1053	652	253	105	512	640	717	663	342	83	794	551	383	740	558	265	1086	404	598	959	371	707	227	233	135	878	920	202	864	187	483	250	304	201	252	400	163	54	584	119	383	335	71	275	513	711	1575	1625	1547	241	1471	729	722	319	604	175	164	562	878	46	543	709	1254	30	167	468	550	541	392	424	619	807	237	560	127	612	112	562	200	694	18	905	1136	829	521	543	663	614	287	446	356	321	145	353	337	48	797	632	782	588	473	669	664	797	9	613	287	135	250	756	367	113	516	1013	443	549	372	164	476	355	655	1126	260	626	231	12	205	168	926	724	986	636	55	348	688	424	695	221	205	1278	700	110	352	158	24	1281	760	429	686	120	219	98	376	380	82	802	563	916	641	140	170	491	881	309	557	134	949	679	416	164	174	293	310	1466	239	115	842	586	58	622	1033	885	523	949	781	255	446	511	513	640	327	224	296	77	659	200	227	379	1885	783	604	144	406	514	287	829	804	214	89	621	170	492	762	860	609	100	711	590	945	838	997	295	191	711	821	194	396	518	526	687	347	1230	456	845	678	528	442	263	331	240	179	388	580	340	774	736	263	359	984	270	893	616	225	999	529	654	27	478	481
AKAP8L	40	74	249	346	126	132	270	923	83	145	148	275	361	353	233	3	266	223	256	31	102	216	170	207	89	59	279	2	20	150	191	218	207	74	158	240	139	182	187	118	194	93	55	153	60	36	221	141	94	122	161	5	63	148	13	65	123	83	34	272	107	104	194	220	72	286	95	31	141	269	61	120	70	83	194	227	124	185	99	256	125	300	131	174	322	43	246	241	130	128	70	216	252	188	143	241	230	130	3	184	64	86	74	258	195	185	236	228	150	181	65	57	196	92	108	215	189	45	130	146	209	374	99	125	269	211	179	197	145	36	217	276	105	3	47	19	85	79	125	16	292	3	5	99	266	311	73	245	1	33	127	118	334	259	6	156	62	180	175	235	70	93	119	2	149	336	248	232	200	200	36	150	209	291	61	124	258	303	208	57	145	178	9	83	1	132	247	65	235	8	158	204	140	236	86	54	63	163	140	100	230	8	147	285	168	372	184	131	144	287	87	69	109	206	84	109	268	194	89	209	196	105	196	260	311	39	120	28	39	35	6	402	328	116	23	5	284	159	195	77	188	173	186	306	125	175	163	41	145	99	196	320	223	23	154	162	98	92	238	208	220	261	229	311	69	239	82	54	183	155	1	146	208	53	112	137	88	33	71	11	175	40	57	193	244	129	22	210	171	191	166	372	39	195	99	287	143	88	228	23	157	209	211	100	89	66	292	72	101	246	51	80	95	5	1	219	250	101	341	128	209	1	66	276	217	348	46	270	380	349	164	1	142	142	47	50	117	117	23	51	306	32	216	71	52	375	161	277	242	56	111	168	73	250	118	132	99	32	67	69	96	200	121	85	32	122	294	236	173	318	217	393	114	15	19	229	181	82	79	123	184	179	145	157	266	239	76	9	3	68	142	133	153	149	113	5	232	91	211	281	268	62	61	176	290	213	280	38	4	191	159	53	2	186	86	205	86	126	32	2	312	239	291	72	170	321	115	173	93	64	244	160	84	225	151	93	107	320	241	249	200	168	311	176	151	92	236	194	106	49	99	181	162	90	181	98	53	1	31	94	113	65	30	339	218	144	111	64	224	1	205	297	225	165	84	35	135	173	202	156	87	45	184	138	102	171	153	83	224	115	158	237	133	167	84	64	54	223	221	73	271	76	115	78	65	79	78	104	67	14	212	55	124	114	25	80	151	180	358	358	354	96	324	207	184	88	166	43	65	122	207	28	125	145	269	11	72	134	149	130	105	127	175	191	87	175	60	166	56	154	78	171	2	193	256	213	155	153	189	171	93	155	85	96	72	162	114	24	198	152	215	157	135	183	175	179	3	132	85	56	82	198	127	68	148	237	134	153	106	56	147	107	181	270	89	142	78	13	69	38	215	174	241	167	33	95	176	143	178	55	118	278	190	51	111	65	20	283	197	127	168	38	68	31	114	101	47	213	166	236	180	64	63	160	208	94	164	65	233	217	129	63	76	103	80	316	80	54	207	165	17	174	254	224	160	215	181	99	135	124	140	162	61	67	73	40	175	70	85	118	425	199	175	53	138	147	95	220	182	74	34	162	71	143	189	215	216	62	192	156	232	207	249	106	81	198	219	80	120	155	153	185	136	268	138	191	166	152	124	93	109	95	59	107	154	113	191	194	97	106	294	98	220	155	80	258	147	160	21	140	124
AKNA	50	88	174	310	170	259	196	83	1125	260	242	337	482	502	363	3	410	331	378	72	183	327	283	335	171	139	420	3	24	266	283	335	314	122	207	415	326	310	278	187	248	134	87	242	87	33	362	188	94	154	215	7	79	186	12	164	196	130	45	359	294	188	270	315	109	298	225	52	305	396	101	152	178	62	325	366	208	387	229	440	245	450	231	278	456	117	358	385	223	295	134	258	416	248	256	360	346	233	5	300	72	140	160	364	210	248	320	365	262	328	98	141	281	171	128	319	181	61	142	166	314	504	178	153	417	295	183	284	208	63	377	375	169	3	96	25	148	99	200	61	393	6	2	55	315	412	101	352	1	19	244	197	436	388	9	319	58	177	299	338	127	111	184	3	284	449	320	353	242	216	45	158	205	385	76	210	333	449	402	95	244	312	16	201	1	250	395	109	362	14	253	323	287	380	269	93	96	288	180	163	293	10	217	445	238	489	252	207	226	443	65	92	261	338	147	246	431	375	171	354	423	213	286	304	429	93	268	42	49	55	7	507	434	259	13	10	446	301	254	118	336	223	364	424	229	248	281	61	216	279	287	442	276	37	237	257	282	138	387	404	360	377	379	442	120	364	171	95	238	254	2	165	317	54	97	352	169	61	114	15	211	64	68	232	446	231	54	359	288	298	410	435	40	312	176	361	139	103	295	35	234	292	351	178	214	35	326	96	151	289	64	230	137	10	1	370	314	115	454	191	330	1	98	409	334	425	72	359	437	459	251	2	216	304	101	113	179	92	19	68	348	67	340	109	76	443	111	364	326	117	121	282	103	375	125	272	140	43	117	111	168	391	254	132	36	164	384	358	233	485	364	518	336	14	47	265	293	134	120	200	197	217	186	287	331	364	152	6	3	67	238	230	266	247	199	7	337	170	305	373	343	89	134	283	381	257	396	49	6	275	183	52	1	344	67	233	163	160	52	2	446	261	361	95	277	436	133	206	165	45	306	226	214	330	205	294	128	397	375	399	370	297	461	249	257	165	366	301	110	78	186	311	296	154	291	228	69	1	20	172	258	106	57	416	330	200	240	212	298	1	369	453	321	277	175	78	304	288	316	281	165	67	327	294	177	227	210	114	335	154	216	398	209	378	188	69	140	288	283	132	294	98	160	193	89	202	75	155	99	15	281	128	294	207	48	143	212	367	441	449	502	178	476	268	364	202	290	56	95	183	378	36	206	180	428	16	105	242	181	271	168	252	360	331	144	288	95	270	98	300	154	255	5	253	371	408	239	248	300	407	160	224	138	229	111	220	329	31	366	350	347	298	234	303	275	256	2	157	134	86	198	335	157	36	239	378	224	287	175	89	231	134	283	362	148	189	240	13	86	54	362	237	391	260	40	185	340	261	275	59	136	435	253	84	219	101	25	425	317	211	301	42	84	48	134	174	99	321	276	359	251	100	83	255	278	270	311	127	402	323	154	96	114	159	126	470	135	82	341	291	31	244	419	368	246	248	276	158	227	186	218	261	111	71	124	69	258	105	135	213	517	270	389	118	190	312	186	369	237	91	84	284	142	205	241	319	299	112	291	375	351	248	377	287	110	301	385	155	228	325	256	264	187	371	245	361	339	256	236	178	166	181	102	160	273	221	352	345	250	290	363	137	276	197	152	384	237	324	23	223	199
ARHGAP35	109	181	501	899	378	604	514	145	260	3047	564	1049	1369	1350	951	6	1051	768	1103	93	423	839	637	740	285	198	1112	6	30	556	815	915	762	250	528	1049	520	742	596	422	767	368	172	665	158	112	825	433	268	369	543	16	115	343	13	185	423	360	92	1081	405	380	706	810	160	972	273	66	511	1118	176	450	258	187	831	943	486	776	381	1121	526	1153	542	638	1248	144	1010	948	467	455	203	656	1086	644	416	870	911	564	10	654	166	236	205	878	590	636	864	948	461	793	236	170	738	284	303	712	411	144	364	547	840	1465	278	389	1134	759	506	689	520	81	1015	1140	458	3	164	29	329	296	425	170	1032	18	3	178	876	1236	234	944	1	36	533	534	1316	992	19	709	117	448	696	902	223	242	340	5	617	1355	887	932	587	561	102	518	603	1206	211	538	818	1211	826	140	448	617	48	258	1	549	975	193	921	37	633	968	542	859	300	181	123	664	433	261	707	21	686	1197	546	1364	787	451	681	1260	159	183	489	709	287	402	1076	808	323	989	1058	440	814	915	1239	110	421	74	83	96	11	1448	1209	495	15	8	1083	532	650	222	768	627	731	1234	490	671	572	60	474	325	746	1331	878	39	493	594	312	362	1041	1003	928	996	904	1239	219	959	287	162	571	577	4	405	705	61	265	598	300	78	194	36	504	89	131	637	1099	454	107	882	719	748	634	1355	63	770	300	1046	330	217	739	55	435	859	952	293	265	46	949	185	328	814	141	270	391	22	1	1003	906	276	1356	389	818	1	144	1119	1002	1221	125	1034	1278	1327	564	7	519	500	126	133	349	284	71	158	987	129	723	170	130	1321	244	1140	967	212	296	583	269	985	277	508	215	133	232	279	311	811	583	232	43	419	1081	871	647	1259	895	1431	412	14	67	751	685	345	224	389	613	522	517	617	921	1038	266	20	6	226	460	440	537	508	347	6	830	327	728	1088	959	160	206	738	1108	716	1159	126	8	657	504	112	1	787	143	633	259	360	142	2	1286	823	1079	248	743	1239	361	518	256	138	858	551	247	864	564	355	196	1146	968	1042	738	645	1247	508	599	327	1034	688	258	145	337	750	626	282	653	316	150	3	60	290	540	226	112	1273	856	456	509	225	865	1	973	1207	979	620	305	109	441	598	713	651	317	99	757	644	351	611	459	185	948	336	547	1028	425	645	291	163	197	707	794	225	720	148	462	319	222	237	154	365	164	31	610	151	414	411	69	301	522	753	1378	1363	1365	307	1304	660	755	381	653	149	173	459	871	48	483	578	1175	22	181	445	487	588	403	487	683	775	263	613	141	594	126	589	239	686	9	701	920	835	541	699	766	672	322	498	334	386	172	429	411	51	756	577	936	627	553	765	633	585	4	492	265	124	319	737	350	61	559	920	523	603	411	179	579	352	719	1056	292	510	271	14	202	136	1048	609	951	555	47	401	708	499	706	175	258	1221	644	135	388	182	27	1243	626	467	658	122	221	79	407	423	110	797	609	1016	648	130	186	592	802	339	625	183	1021	680	413	180	196	310	337	1278	272	123	825	600	61	733	1019	917	539	719	727	278	508	542	401	672	249	170	210	94	624	198	221	452	1505	735	686	160	379	650	349	897	687	209	113	658	239	404	583	782	629	146	707	626	998	729	953	399	203	799	850	246	417	608	633	683	434	1085	500	838	683	499	498	322	385	300	175	371	518	417	944	873	309	410	921	270	725	542	245	946	545	644	30	467	544
ARID2	131	213	541	1039	638	509	528	148	242	564	4553	1406	1752	1727	1217	3	1151	927	1497	68	666	965	711	968	291	180	1227	24	24	585	864	948	961	275	678	1308	554	829	940	401	783	368	160	722	172	121	977	719	481	499	783	23	132	356	14	168	379	427	178	1476	382	361	1035	1275	178	1121	251	78	663	1367	185	383	298	365	922	1163	457	823	342	1222	502	1489	477	633	1495	222	1216	1144	630	475	188	942	1161	727	547	1124	1114	473	6	939	183	239	263	1137	880	972	1081	948	690	934	407	164	879	300	531	966	491	139	369	522	1049	1793	432	521	1292	1058	713	914	520	74	970	1345	461	3	124	33	396	293	457	261	1641	13	2	479	1318	1696	378	1285	1	53	560	532	1684	1247	31	672	243	577	732	934	342	464	459	5	668	1667	1147	1179	882	795	116	547	720	1371	213	729	935	1450	864	135	478	661	62	264	1	492	1137	196	1070	56	601	948	757	1031	278	167	133	741	575	367	952	44	698	1497	896	1561	787	453	818	1386	332	214	481	700	275	368	1231	821	340	1087	1163	378	997	1213	1694	90	403	164	93	170	9	1926	1437	537	84	18	1358	619	760	269	932	695	796	1686	540	784	743	61	609	341	870	1523	970	31	542	599	301	367	1033	934	957	1194	1234	1454	216	1208	243	174	700	748	1	482	916	66	524	530	287	88	186	66	673	96	364	850	1070	528	131	1012	833	848	658	1744	68	721	287	1296	502	392	1001	40	622	1009	935	469	350	58	1207	169	315	1197	200	231	429	30	1	1097	1311	303	1701	367	1035	1	142	1218	1275	1642	144	1330	1795	1642	741	10	618	543	110	120	389	575	88	162	1243	161	948	194	146	1735	364	1346	1128	215	501	658	238	1373	442	626	230	175	257	325	353	938	604	311	79	554	1353	1063	618	1584	934	1935	412	12	65	925	834	372	364	498	807	662	504	687	1139	1190	247	45	15	315	909	526	959	616	524	7	1088	332	971	1438	1235	160	213	768	1233	883	1295	168	16	758	510	106	1	760	213	761	236	493	132	2	1604	879	1515	355	978	1654	538	619	286	349	1153	786	244	1094	760	365	177	1436	1112	1160	918	744	1518	483	624	339	1153	837	387	242	329	727	866	319	1087	319	158	3	115	447	486	276	133	1510	961	602	486	231	987	1	1074	1433	1093	624	268	105	500	603	754	733	363	90	839	610	396	704	874	280	957	408	605	1076	432	747	253	198	149	769	891	247	801	180	499	291	344	225	311	445	169	45	676	129	416	387	66	343	571	782	1721	1724	1657	275	1633	720	783	347	634	163	170	541	903	41	640	705	1499	21	206	544	557	587	433	472	708	812	370	573	133	696	128	911	269	745	14	947	1173	1044	599	610	779	716	321	467	416	366	158	425	431	50	804	695	878	666	541	767	752	717	7	694	248	171	339	864	345	60	561	1049	498	654	478	216	540	389	750	1302	471	665	245	14	221	214	1031	717	1083	642	54	406	751	521	672	229	225	1333	750	100	379	173	29	1523	802	496	735	141	239	88	372	379	105	904	629	1054	686	123	169	565	900	339	664	198	1090	775	385	205	210	281	340	1503	256	117	836	630	47	767	1215	957	539	947	811	332	462	532	476	625	396	260	311	88	707	208	244	418	2003	734	654	162	436	636	393	943	823	191	96	679	232	447	717	929	689	151	786	623	976	850	1067	344	250	780	917	264	435	643	574	732	426	1209	521	880	761	626	453	290	384	321	202	374	738	418	886	856	282	396	999	303	792	666	302	1070	898	741	26	501	514
ARID3A	687	507	1197	2615	6216	1130	1308	275	337	1049	1406	37895	7036	8871	12257	22	2908	3400	6911	76	3368	5088	3477	4927	460	288	4214	136	28	1005	2300	2134	8763	495	3227	2915	1201	2168	1541	669	2804	942	292	2823	277	333	2489	9478	5464	3999	7733	68	180	517	12	200	632	1183	1180	8525	653	557	8286	1958	219	6669	414	164	3518	4357	259	817	681	3878	2362	4942	785	1999	627	3910	1073	5549	825	1194	6031	1464	5465	7630	1473	1140	314	10094	5150	2897	2602	5535	6696	1073	12	1823	361	346	1883	9118	11087	12104	10817	2240	5298	5603	2570	261	6223	619	7438	8701	1494	279	758	1311	5039	6413	5074	3052	5015	11173	2841	4891	912	78	2797	4200	1271	3	166	29	1196	609	963	773	7509	39	99	7174	4013	4987	1360	3594	17	331	1456	1724	8112	9164	73	1351	2314	2365	1794	2529	3991	6466	2786	6	2098	6078	6779	5769	9939	6282	290	1517	2338	4042	999	5426	2739	7504	2673	181	893	2044	282	791	4	839	5330	322	5627	128	1065	2201	992	7064	426	271	164	1825	3446	1687	6647	459	1778	7030	8561	5434	2557	1357	2327	3688	3650	280	1089	1841	401	631	5229	2194	698	3322	3599	609	7723	6729	7321	103	833	1710	369	1662	10	11274	4660	1668	659	39	9888	1992	2309	1276	3995	2176	3013	7371	2192	3703	5626	86	3304	693	3168	5582	3233	30	915	1214	499	702	2308	2168	2696	4797	6619	5157	353	3337	381	284	2896	1730	14	1183	8569	111	5463	963	497	415	316	688	4770	163	4370	9176	2801	1846	349	3370	2585	2783	1624	6452	120	1507	478	5862	4331	4139	8928	82	5580	3259	2246	5442	2107	151	6362	262	525	11300	1155	409	1107	71	2	3216	7445	913	4970	605	5903	1	199	3643	7264	5891	401	4679	6256	7888	5480	23	2595	1549	159	146	633	6544	340	325	9681	631	9128	283	502	5681	1273	4008	5280	581	4126	1144	614	4136	3088	2483	280	909	950	1121	789	2697	1246	633	296	3784	7859	9131	1265	10799	2414	12439	815	9	129	2758	2507	1037	3150	2716	5196	3599	1079	3083	9254	3640	354	363	240	4222	1471	1000	1549	1371	710	20	11309	590	9658	11965	9385	212	420	2078	3714	4679	4533	488	52	2466	1263	210	2	1546	636	5839	439	1349	491	2	4961	2383	6260	2145	3632	8615	3962	2276	674	5772	9164	7820	330	8590	5982	1055	236	9694	3717	3721	4486	2496	7844	820	1348	560	3244	5146	2784	247	498	1493	1175	759	1611	726	298	10	778	468	976	521	319	5080	3913	2033	942	409	4314	6	3631	4631	3937	2215	459	139	1413	1539	1876	2975	1663	153	3009	1955	1079	3290	2249	1264	3098	1241	1545	3152	841	2892	408	425	236	2508	3868	375	1753	341	1097	549	1704	385	2361	1612	256	322	1722	191	861	569	141	890	1132	1947	5823	6930	6005	385	8739	2008	2262	745	1241	678	533	2544	2236	48	2971	3952	8495	31	304	2419	2001	1666	917	841	1581	2635	495	1179	192	1809	195	1308	443	2610	33	6304	9311	3103	1272	1225	1667	1774	526	869	1654	607	214	643	701	78	2767	2683	1948	1318	1020	1678	2415	3363	19	3707	572	755	449	2844	650	89	1162	6053	921	1894	861	418	1017	774	1589	4413	520	3946	390	19	400	2322	2421	1874	3203	1494	71	784	2095	864	1441	975	318	4575	1797	135	688	387	26	5135	4004	971	2527	321	648	177	1019	805	111	2059	1112	2253	1577	277	259	1025	2731	686	1314	296	2516	1712	894	289	268	458	813	6363	458	148	2787	1279	114	1632	3958	2413	1207	5889	3834	663	839	1115	2092	1576	3979	1172	2027	86	1941	357	392	682	8084	2118	1599	622	970	1128	677	2191	3710	359	123	1356	367	1220	2305	2315	1312	180	1770	1371	2687	3162	3050	536	509	1555	2276	407	886	1389	1154	1682	821	4413	943	3343	1850	1484	815	440	664	529	349	1477	2297	662	1848	1999	521	776	2664	607	2497	2084	513	2859	1768	2479	31	1026	1197
ARID4A	544	504	1743	4280	2600	1365	1662	361	482	1369	1752	7036	27139	9693	6154	17	3982	3509	6804	118	3015	4023	2893	3557	553	346	4647	58	38	1363	2728	2877	4596	701	3090	3783	1494	2589	1772	931	2746	1027	338	2658	305	314	3135	3781	2544	2187	3758	122	205	718	18	289	880	1626	720	7502	917	761	5304	2613	294	6350	521	136	2230	5622	347	1012	685	1863	3145	5250	1110	2811	829	5819	1565	6081	1164	1669	7490	765	6182	5511	1861	1306	423	4357	4902	2638	1896	4913	5472	1273	27	2040	386	469	904	5781	4563	4956	5488	3106	2785	4363	1841	361	3945	872	2844	4495	1256	294	885	1980	5658	9518	1858	1955	6221	5529	2407	3281	1219	124	3613	5879	1678	3	231	35	1274	713	1076	1008	7449	101	52	2905	5414	8445	1596	5264	2	321	1829	2432	8653	6095	87	2096	962	2294	2210	3308	1790	2305	1627	6	2268	7981	4416	5368	4776	3650	350	2262	2937	6622	645	2913	2852	7924	2854	244	1173	1982	238	739	3	1194	4799	388	4870	217	1581	2926	1342	4190	590	299	207	2070	1947	1044	4223	176	2208	7114	4495	7510	2643	1360	3430	5603	1774	346	1196	2471	531	825	5109	2576	802	4430	4772	842	4699	5816	9018	151	1033	819	331	791	15	11555	6515	1681	229	31	6794	1808	2320	758	3360	2369	2959	8264	1805	2893	2866	112	2336	787	3850	7358	3718	46	1256	1680	651	1047	3709	3107	3547	6253	4933	7075	372	4256	485	322	2256	2141	13	1385	4066	120	2575	1326	616	287	433	323	2976	189	1533	4390	3908	1511	454	4343	3549	3574	1759	8922	137	2193	628	6145	2539	1931	5117	100	2961	4761	3130	2124	1107	154	6472	341	691	5817	1124	599	1490	66	2	4961	6191	868	8202	786	4327	1	266	4481	5787	8555	433	6353	8734	8840	2994	25	2595	1849	199	210	820	3254	310	378	7087	769	4771	364	401	8559	1347	6199	4795	627	2055	1556	610	4263	1580	2238	390	1123	1138	1281	839	3185	1748	668	206	2555	6064	5354	1659	9180	3044	11304	957	14	141	3254	3654	1444	1447	1738	3801	2815	1300	2504	6228	4658	462	135	55	2134	1474	1306	1711	1704	833	25	5295	691	4453	7016	6697	264	418	3299	5400	4369	5857	691	52	2498	1749	268	1	2327	544	4268	490	1277	759	2	7790	3431	5695	1389	4255	7544	2152	2058	672	1883	5155	3639	447	5410	3169	888	348	8113	4963	5073	3525	2857	7969	1153	1720	770	4527	3653	1839	266	623	2056	1669	756	2023	799	332	9	446	607	1136	617	438	7627	4451	2390	1177	507	4567	5	4436	6407	5267	2358	577	206	1586	2454	2623	2304	1417	197	2957	1873	1082	3062	1881	927	3603	1189	1653	3989	1045	2495	521	492	298	3077	3895	496	2348	402	1289	615	1393	538	1012	1250	293	208	1896	246	988	750	161	907	1551	2379	8420	9281	8695	576	7682	2265	2847	859	1600	559	486	1840	2879	75	2271	3210	7645	36	380	1764	1973	1684	1024	1156	2231	3416	539	1469	258	2072	239	1644	572	2402	38	4178	5835	3433	1596	1654	2121	2094	710	1193	1260	789	276	884	909	75	3197	2322	2689	1599	1266	2252	2351	3056	21	3192	735	513	664	2886	753	119	1492	4759	1289	2159	984	474	1308	909	1986	5456	638	2436	537	18	475	1016	3522	2260	3649	1735	88	944	2511	1326	1866	736	455	5629	2034	176	925	384	33	6626	2670	1175	2254	316	638	197	1278	976	187	2583	1590	3168	1879	285	321	1306	3054	789	1900	377	3788	2193	1006	324	349	569	959	7882	552	189	2998	1593	137	2094	4473	3121	1578	3663	3001	722	1133	1303	1751	1941	1839	869	1192	117	2159	463	537	921	11545	2389	2010	463	1085	1547	803	3015	3006	425	153	1733	477	1551	2556	2747	1713	268	2187	1738	3668	3364	3632	791	480	2282	3735	554	1073	1694	1480	2037	983	5117	1293	3116	2406	1695	1165	579	822	669	457	1314	2163	911	2617	2735	652	1015	3382	746	2922	2094	607	3592	1702	2258	37	1341	1468
ARID4B	605	536	1681	3784	3539	1416	1592	353	502	1350	1727	8871	9693	30921	8221	17	3782	3679	6853	130	3398	4862	3430	4111	574	391	4702	104	41	1297	2675	2704	6071	657	3485	3746	1519	2547	1714	900	2951	1067	330	3111	326	342	3005	5478	3387	2905	5277	118	211	686	17	288	836	1558	893	8438	907	742	6427	2511	291	7794	544	161	2833	5617	359	988	774	2654	3095	5774	1069	2703	816	5550	1529	6213	1094	1580	7455	1029	6739	7076	1882	1392	417	5921	5851	2736	2339	5516	6655	1349	24	2054	398	446	1305	7668	6349	6960	7474	2885	3643	5338	2325	380	5180	806	4235	5947	1387	305	887	1724	6129	9277	2776	2444	6777	7801	2563	3798	1178	117	3676	5586	1638	3	240	37	1346	713	1082	1007	7503	74	95	4042	5269	7657	1668	4961	1	390	1907	2403	8987	7728	89	1871	1380	2445	2195	3226	2466	3572	2187	6	2527	8366	5162	6010	6297	4445	348	1998	2962	5982	728	3971	2969	8493	3079	237	1124	2116	283	821	4	1152	5559	387	6022	210	1477	2804	1269	5162	598	320	209	2097	2559	1360	5307	230	2147	8104	5815	8026	2971	1516	3320	5128	2477	350	1347	2429	537	822	5890	2691	859	4366	4878	802	6261	6292	8597	177	1034	1254	404	1194	17	12717	6204	2049	410	38	8265	1983	2418	1010	3768	2417	3267	8229	2320	3603	4115	108	2911	807	4081	6936	3542	50	1199	1596	665	941	3450	3044	3641	6658	5796	7005	419	4045	532	338	2587	2090	13	1306	5516	123	3346	1290	628	397	435	492	3841	187	2300	6231	3808	1777	430	4334	3513	3645	1866	8389	128	2091	593	6282	3126	2636	6788	104	3838	4439	3000	2968	1420	158	7237	349	669	7226	1242	603	1465	88	2	4711	6770	950	7411	761	5097	1	264	4375	6399	8059	456	6213	8236	9073	4143	23	2823	1823	218	209	797	4313	319	391	9404	810	6332	370	473	7729	1469	5791	5509	663	2975	1484	666	4534	2184	2549	380	1157	1223	1334	912	3202	1623	687	240	3620	7075	7291	1570	10554	2957	13598	1017	15	138	3084	3701	1454	2150	2276	4380	3238	1315	3089	7922	4609	467	241	138	4105	1562	1274	1753	1702	838	21	7164	706	6224	8501	7811	270	480	3133	5137	4957	5715	707	55	2649	1662	251	2	2172	603	6177	549	1378	747	2	7163	3223	6301	1724	4372	8137	2755	2176	738	2927	6244	5291	466	7388	4358	1024	319	9901	4969	5025	4378	3210	9199	1097	1675	735	4363	4680	2309	274	614	2005	1584	838	1917	832	358	10	534	597	1259	618	446	6954	4793	2495	1215	541	5505	6	4712	5918	5224	2545	605	206	1630	2127	2391	2704	1654	204	3347	2125	1110	3680	2068	1073	3694	1218	1657	3869	1035	2800	585	491	344	3014	4148	487	2231	409	1294	718	1612	527	1466	1529	305	282	1946	279	1087	735	157	978	1466	2361	7878	9049	8169	554	8669	2283	2862	920	1527	665	536	2361	2776	69	2488	3626	8026	35	374	2256	2057	1906	1073	1113	2049	3456	542	1466	252	2091	236	1636	553	2725	39	5070	7487	3488	1548	1620	2061	2201	687	1150	1478	798	282	840	945	86	3419	2656	2604	1594	1233	2190	2457	3435	20	3500	708	642	610	3067	757	122	1422	5982	1211	2333	985	461	1310	888	1964	5369	642	2980	541	17	480	1509	3301	2132	3527	1671	88	977	2521	1210	1781	826	426	5728	2017	179	924	413	34	6491	3245	1175	2732	348	689	207	1295	999	176	2508	1498	2985	1854	288	329	1301	3036	852	1796	358	3383	2092	1023	334	346	559	995	8114	561	199	3328	1565	141	2049	4474	3018	1504	4448	3715	727	1072	1343	1969	1928	2692	951	1586	126	2177	446	509	887	11280	2504	2039	568	1068	1483	806	2785	3364	429	168	1675	467	1541	2534	2733	1672	262	2121	1713	3605	3409	3680	782	523	2124	3269	552	1061	1724	1471	1988	986	5243	1204	3633	2304	1700	1066	584	820	638	448	1365	2344	870	2477	2632	673	989	3261	733	2967	2175	601	3433	1807	2704	38	1265	1474
ARID5B	644	447	919	1994	6418	1127	1102	233	363	951	1217	12257	6154	8221	35721	20	2427	3238	5834	106	2778	4954	3763	4860	428	322	3796	132	30	860	2004	1811	9736	452	3319	2575	1093	1870	1278	588	2694	850	283	2939	246	305	2139	10510	5864	4342	8229	41	167	475	13	215	555	918	1101	7748	634	498	7740	1697	194	4957	403	176	3413	3724	231	697	675	3948	1822	4385	701	1596	591	3272	941	4891	709	998	5542	1487	5059	7881	1199	1093	305	11083	5068	2872	2709	5400	6930	1051	26	1669	310	326	2232	10124	12010	12925	11954	1927	5197	5590	2420	270	6574	555	8153	8993	1490	256	685	1035	4573	5698	5111	2898	4423	12554	2664	4652	786	98	2507	3299	975	3	183	28	996	508	864	579	6203	77	64	7333	3240	3614	1105	2650	14	269	1346	1300	7365	9517	42	1196	2456	2479	1599	2270	4352	7366	2901	6	1990	4981	6211	5105	11000	6696	235	1238	2221	3230	850	5577	2420	7227	2489	173	755	1939	270	810	4	767	5249	303	5499	68	942	1887	868	6913	422	271	171	1653	3643	1827	6942	427	1587	6491	8332	4821	2447	1381	1619	3193	3852	258	1111	1628	365	603	5064	2124	648	2872	3093	550	8206	6528	6289	144	804	1836	435	1766	13	10758	3903	1756	651	38	9814	1912	2054	1297	3765	1986	2935	6651	2307	3676	5390	76	3438	731	2800	4898	2992	46	773	1047	503	649	1984	2019	2513	4281	6120	4695	342	2833	451	268	2795	1410	11	1049	9266	93	5393	915	472	508	311	774	5144	153	4379	9655	2523	1888	262	2750	2042	2281	1565	5378	120	1316	459	5360	4767	4348	9697	76	6275	2562	1929	5219	2059	126	6342	232	439	11581	1044	377	903	61	2	2486	6785	853	3943	511	5729	1	188	3129	6855	4735	289	3702	5006	6958	5704	23	2454	1420	189	150	577	7326	295	284	8521	601	10647	259	516	4488	1089	3341	5144	571	4191	947	622	3713	3189	2435	271	759	888	916	735	2398	1151	591	284	4100	8221	9965	1021	10797	2008	12180	816	14	135	2412	2118	856	3183	2803	5319	3677	901	3099	10450	2966	352	366	248	3077	1320	853	1388	1147	622	14	12759	526	10775	12175	9303	199	435	1543	2951	4731	3945	375	33	2103	1052	165	2	1344	561	4454	485	1193	331	2	3907	1904	5678	2165	3073	7959	3915	2155	694	6162	9308	8492	374	9112	6250	1135	222	9940	3433	3291	4763	2418	7229	731	1158	471	2618	5520	2936	221	444	1282	997	748	1320	690	278	7	813	435	1002	435	249	4459	3902	1946	923	410	3911	5	3196	3922	3335	2220	480	178	1377	1242	1496	2890	1649	156	2850	2048	975	3190	2180	1294	2829	1181	1368	2739	775	2887	465	372	290	2378	3837	328	1430	308	901	597	1631	359	2341	1555	257	337	1559	237	913	542	117	867	910	1735	4860	6175	5252	355	8325	1738	1975	766	1077	640	526	2538	1942	55	2736	3952	7882	29	286	2591	1918	1672	829	750	1381	2183	454	1082	192	1625	177	1195	388	2585	24	6566	10142	2503	1067	1050	1435	1706	465	737	1479	565	219	610	696	63	2700	2691	1702	1119	890	1492	2250	3537	16	3723	557	763	411	2670	589	85	1011	6229	802	1742	733	372	916	646	1360	3815	481	3852	418	20	322	2263	2039	1671	2607	1340	77	708	1971	757	1275	975	290	4309	1524	138	682	363	28	4256	3943	827	2473	281	649	151	886	722	138	1734	935	1923	1390	280	251	932	2386	725	1136	269	2115	1501	747	246	247	410	682	5769	398	142	2720	1147	101	1385	3203	2079	1026	5830	3817	571	753	976	2073	1422	4557	1104	1988	99	1680	309	305	624	7241	1966	1561	705	908	932	571	1848	3588	304	148	1171	339	1123	2183	2002	1163	199	1494	1276	2541	2857	2688	539	472	1287	1895	361	797	1267	1027	1407	720	3921	777	3386	1697	1286	731	433	562	461	299	1322	2163	570	1570	1711	525	745	2366	559	2298	1885	440	2397	1620	2511	27	887	1019
ARNT	3	5	6	8	16	14	11	3	3	6	3	22	17	17	20	57	9	14	17	1	11	19	13	18	5	2	15	6	1	7	9	7	18	2	12	11	5	13	7	3	12	3	3	9	3	4	12	17	12	11	16	1	1	3	1	3	3	7	5	23	5	3	18	6	2	7	3	5	12	14	4	2	7	15	7	14	5	6	3	12	3	18	4	4	14	4	14	17	9	6	3	22	18	14	15	17	18	7	1	11	2	6	4	20	23	20	21	9	18	18	13	2	18	2	23	18	10	3	7	4	15	16	16	18	14	19	13	16	4	2	10	12	7	1	1	1	6	4	5	1	17	1	1	14	9	10	4	13	2	3	8	5	21	24	1	7	12	10	9	10	9	17	16	1	12	15	18	13	18	16	4	8	9	8	6	15	10	18	14	4	7	11	3	6	6	5	17	3	16	1	7	9	5	19	1	1	5	10	14	9	16	2	9	19	20	14	10	9	6	8	14	3	10	7	2	4	17	9	4	9	13	4	19	21	18	1	4	9	4	8	1	23	14	8	5	1	22	12	12	10	14	14	14	17	12	14	14	1	18	4	9	17	11	1	6	5	3	2	6	6	9	12	18	15	2	8	4	2	15	7	8	7	19	1	17	7	3	4	2	4	15	2	15	18	7	11	7	11	9	12	10	21	2	6	4	16	14	14	17	1	16	7	6	15	7	1	20	2	4	20	5	3	7	1	5	8	20	4	13	6	19	3	3	14	18	12	3	12	16	19	14	2	9	10	2	1	4	16	1	2	18	7	20	3	4	14	6	9	16	3	14	9	5	13	14	14	3	3	4	2	6	11	6	7	2	11	22	19	5	21	9	24	3	1	2	10	6	3	12	12	20	17	4	13	20	12	4	2	1	7	3	5	5	7	4	1	21	3	21	24	22	2	3	6	11	18	14	2	1	10	7	3	1	5	7	11	4	10	3	1	12	5	19	11	12	19	22	12	7	16	23	17	2	17	14	4	2	21	13	12	14	13	21	4	7	3	10	16	8	2	6	5	7	6	9	5	5	4	6	4	5	4	4	11	10	10	6	2	11	5	11	14	12	9	1	2	7	5	10	14	5	1	16	10	7	14	9	5	9	5	12	15	8	13	1	2	2	7	11	3	6	1	8	7	9	3	10	8	4	4	13	2	6	3	1	5	2	9	11	14	13	4	19	10	10	5	5	4	5	13	11	1	10	11	19	1	2	12	10	8	6	5	5	7	3	5	2	9	2	5	4	13	3	13	21	11	5	3	5	9	3	3	9	5	2	6	4	2	9	8	3	7	7	5	11	12	6	15	4	1	3	11	3	1	5	16	5	7	4	1	6	6	7	12	3	15	2	1	3	8	7	9	13	8	2	4	10	5	5	7	4	15	9	2	4	7	1	13	19	5	10	4	5	2	3	2	4	7	4	7	9	2	2	5	11	6	5	4	9	8	4	2	2	3	3	17	3	2	12	8	1	6	16	9	6	20	12	2	2	4	9	11	11	5	6	1	11	4	3	4	17	8	9	1	8	3	5	10	19	4	1	7	3	5	11	9	5	2	9	8	9	10	13	6	4	7	7	3	6	8	8	6	2	13	4	14	9	6	3	2	2	5	2	8	11	8	3	6	2	2	11	5	12	9	6	11	9	12	2	10	7
ARNT2	244	317	1042	2252	973	982	1045	266	410	1051	1151	2908	3982	3782	2427	9	9439	1851	3109	113	1236	1985	1491	1855	460	294	2999	15	37	1078	1701	1969	1885	440	1502	2410	1094	1587	1314	675	1661	717	297	1404	293	224	2044	1286	875	911	1447	47	176	635	14	256	798	972	273	3140	759	632	2016	1754	281	2636	445	108	1136	2817	264	784	487	586	1990	2490	834	1800	646	3058	1144	3152	928	1182	3543	345	2754	2446	1021	891	344	1636	2508	1357	963	2290	2395	928	15	1428	301	393	423	2328	1593	1732	2207	1933	1160	1963	690	303	1723	521	898	1819	838	229	649	1327	2396	4155	706	1010	2929	1954	1493	1590	873	105	2225	3018	1026	3	203	35	753	493	737	428	3028	35	6	687	2338	3595	601	2520	2	86	1128	1254	3605	2524	47	1486	345	1048	1465	1878	630	750	786	5	1258	3645	2140	2413	1610	1348	220	1268	1402	3243	420	1296	1828	3408	1792	203	932	1280	108	462	2	959	2331	297	2276	92	1160	1962	1103	2052	480	244	194	1273	960	582	1865	55	1363	3161	1565	3581	1558	896	1687	3025	543	298	838	1567	419	675	2632	1752	556	2304	2498	690	1991	2320	3614	154	773	262	152	270	15	4332	3371	1052	102	20	2958	1126	1417	427	1721	1297	1659	3574	974	1491	1265	83	1093	604	1964	3653	1950	46	1084	1147	533	693	2256	2073	2025	2818	2349	3337	307	2411	418	250	1474	1278	7	788	1670	98	812	1055	468	126	306	94	1231	132	495	1678	2376	883	258	2278	1722	1787	1229	4024	91	1528	471	2750	923	690	1914	84	1126	2366	1924	754	563	98	2672	267	540	2202	421	452	823	49	2	2511	2597	561	3756	641	1919	1	217	3022	2685	3698	290	2951	3816	3788	1302	12	1214	1044	176	188	677	949	154	274	2827	350	1867	281	226	3859	635	2961	2311	477	784	1162	447	2386	738	1187	360	359	471	648	584	1879	1219	438	102	977	2635	2186	1235	3679	2025	4219	748	14	103	1743	1782	830	581	911	1718	1299	921	1316	2518	2383	390	55	27	687	972	858	1115	1021	643	20	2116	506	1799	2802	2726	209	335	1731	2907	1948	3006	347	28	1434	1029	233	1	1625	326	1724	415	782	339	2	3623	1989	2757	639	2043	3394	955	1196	488	547	2223	1404	398	2203	1343	658	295	3222	2706	2830	1788	1469	3467	945	1152	589	2329	1638	689	214	502	1483	1324	506	1415	580	240	4	195	481	860	441	246	3515	2154	1155	826	382	2084	3	2346	3229	2601	1318	479	165	927	1490	1728	1313	717	149	1699	1166	660	1541	1013	399	2090	689	1050	2287	733	1470	442	331	267	1633	1808	370	1549	276	890	489	623	403	403	716	237	85	1263	219	727	594	117	527	1072	1511	3721	3924	3887	535	3439	1424	1677	636	1248	312	293	974	1899	62	1086	1311	3326	28	301	964	1020	1063	702	910	1533	1834	431	1127	199	1216	203	1210	399	1365	18	1683	2446	1856	1054	1216	1396	1355	558	892	720	623	227	747	708	67	1642	1241	1818	1166	958	1477	1307	1422	14	1225	452	244	500	1565	547	85	1100	2230	893	1219	685	307	979	651	1371	2587	494	1098	434	11	336	361	2208	1292	2146	1171	71	643	1545	992	1414	371	392	2907	1348	163	669	276	31	3128	1429	802	1343	200	404	161	786	689	151	1669	1173	2102	1266	201	249	983	1800	602	1317	350	2410	1516	720	267	294	481	646	3552	426	167	1745	1148	100	1307	2386	2010	1126	1612	1535	518	915	907	885	1325	632	382	520	105	1326	368	434	732	4473	1459	1355	269	757	1153	594	1974	1526	325	146	1476	352	864	1387	1707	1313	228	1428	1290	2140	1727	2162	659	337	1608	2110	397	829	1178	1049	1401	695	2683	973	1780	1451	1108	844	478	631	560	342	724	1263	686	1817	1723	535	786	2225	483	1590	1135	429	2223	1157	1337	35	935	1027
ARNTL	281	316	763	1511	1823	768	952	223	331	768	927	3400	3509	3679	3238	14	1851	9285	2728	80	1376	2198	1635	2037	442	236	2311	54	29	768	1407	1435	2612	363	2062	1829	808	1308	1043	534	1471	539	212	1446	221	196	1626	2146	1363	1313	2099	33	149	444	13	197	508	650	442	3153	560	485	2585	1375	196	2100	348	105	1531	2541	255	558	500	1494	1350	2304	594	1191	476	2040	700	2947	655	848	3064	510	2430	2718	898	789	244	2667	2569	1677	1266	2417	2618	739	8	1216	250	289	636	2965	2467	2656	2964	1509	1842	2277	1087	225	2342	426	1966	2672	905	208	678	761	2203	3240	1314	1294	2530	2899	1533	2021	641	80	1647	2347	746	3	152	25	634	475	638	272	2964	19	11	1714	1885	2320	471	1821	1	81	922	829	3642	3153	36	982	839	1328	1347	1704	1003	1708	1189	6	1205	2769	2761	2593	2605	2129	176	857	1318	2075	384	1689	1630	3334	1550	160	669	1275	113	461	3	663	2577	288	2434	55	825	1460	791	2444	377	206	167	1210	1373	788	2327	141	1009	3012	2417	2643	1428	884	1117	2173	1347	237	762	1126	335	505	2550	1428	507	1671	1834	530	2499	2778	3349	118	591	445	180	424	9	4342	2625	946	257	23	3381	1258	1442	647	2123	1512	1731	3585	1143	1822	1823	73	1944	629	2147	2987	2066	39	733	857	423	466	1626	1518	1837	2536	2563	3019	256	1931	343	212	1612	1096	9	839	2565	75	1675	761	367	155	258	166	1837	126	1186	2520	1724	1097	172	1802	1361	1480	1084	3289	121	1135	403	2892	1627	1346	2849	69	1925	1638	1408	1372	808	79	2835	268	471	3245	497	336	671	43	2	1739	3054	598	2586	484	2495	1	180	2111	2711	2864	210	2239	2968	3566	1953	13	1353	864	155	144	523	1944	154	209	2900	596	2817	275	273	2800	595	2110	2528	377	1483	844	399	2218	1301	1310	276	319	447	504	518	1624	925	477	171	1442	3138	2925	904	3769	1497	4210	629	14	79	1666	1423	526	1093	1259	2143	1906	739	1551	3127	1950	299	120	69	868	944	723	1069	896	544	7	2937	471	2749	3430	3143	195	313	1159	2145	2252	2541	301	33	1353	770	149	1	1135	331	1655	376	880	209	2	2624	1318	2913	946	1689	3570	1511	1460	578	1446	2941	2138	328	2692	1791	616	223	3497	2221	2189	2507	1471	3269	655	912	425	1797	2167	1168	180	431	1047	885	549	1099	519	225	7	394	402	690	333	200	2635	2495	1626	662	332	1800	3	1907	2665	1864	1269	347	138	906	982	1225	1566	734	138	1642	1097	804	1538	1267	654	1726	739	1038	1811	640	1599	337	361	206	1494	1957	345	1252	250	846	430	782	306	810	889	244	117	1210	179	674	486	88	496	813	1260	2975	3279	3009	328	3478	1266	1357	568	924	311	286	1242	1532	53	1324	1735	3227	30	315	1191	1037	1006	637	634	1063	1444	368	870	184	1163	158	975	329	1418	32	2613	3029	1724	870	839	1304	1180	414	645	750	499	222	555	564	60	1501	1466	1273	932	855	1101	1374	1761	15	1582	449	320	379	1571	573	77	796	2479	696	1137	618	288	766	632	1222	2391	403	1585	344	14	335	555	1510	1246	1941	1055	60	552	1305	662	1035	458	285	2346	1362	157	549	307	29	2565	1864	815	1449	163	401	112	584	549	132	1559	849	1503	1210	174	217	805	1825	544	986	238	1648	1162	573	233	285	393	510	3105	326	167	1634	988	79	1015	2141	1585	885	2618	1754	457	648	742	1057	1042	1165	514	758	107	1255	280	301	652	3696	1431	1072	281	735	878	495	1458	1777	278	116	996	285	765	1559	1510	986	180	1333	1008	1490	1574	1873	479	375	1083	1311	304	641	969	960	1098	568	2402	698	1815	1123	985	646	371	463	424	255	742	1380	535	1205	1278	443	564	1722	502	1540	1324	393	1737	1054	1438	24	747	866
ASH2L	417	409	1351	3479	3316	1058	1186	256	378	1103	1497	6911	6804	6853	5834	17	3109	2728	23399	60	3127	3530	2375	3253	448	262	3748	89	23	1065	2264	2310	4371	525	2365	2899	1199	2383	1554	767	2284	818	269	2019	259	327	2467	4104	2629	2058	3692	95	183	553	8	201	701	1329	1020	6766	746	624	5615	2117	223	4090	399	118	2347	4706	283	824	605	2159	2515	4154	894	2298	649	4287	1180	4970	918	1364	5343	1117	4735	4724	1766	1060	339	4751	3831	2169	1847	4330	4477	1001	12	1683	375	373	983	4956	4940	5327	5228	2320	3224	3871	1843	255	3547	686	3263	4439	1175	244	720	1557	4569	6649	2366	2213	4824	5248	2189	3231	1027	76	2605	4590	1399	1	168	21	1167	597	918	970	7827	19	35	3639	4178	6614	1519	4872	6	183	1434	2012	6939	5333	95	1603	1168	1534	1729	2529	1788	2816	1640	4	1838	5860	4467	4198	4909	3895	306	1678	2073	4931	805	3015	2385	5816	2426	172	912	1701	235	653	3	943	3921	323	4002	165	1241	2299	1087	4317	471	237	149	1712	2058	1034	4043	232	1953	5871	5370	5286	2023	1101	3404	4167	2425	311	951	1912	433	656	4165	2094	619	3691	4134	648	4187	4491	6913	78	851	916	249	866	11	8601	4647	1219	468	29	5872	1693	2149	876	3073	1921	2333	6433	1407	2507	2936	90	2059	597	2812	5339	2760	21	985	1308	502	754	2820	2388	2589	4338	5075	4881	303	3373	347	253	2038	1918	12	1238	4308	80	3629	1033	499	219	334	327	2595	137	2522	4330	2966	1382	434	3226	2636	2699	1528	6752	78	1660	480	5224	2495	2257	4632	77	2865	3507	2433	2520	1186	94	4639	277	583	5923	865	456	1256	68	2	3921	5473	740	6333	620	3815	1	212	3491	5257	6637	376	5044	7353	6389	3052	17	2063	1443	127	164	627	3323	304	347	5320	571	4467	343	337	7028	1120	4688	3964	485	2223	1238	465	3396	1706	2086	292	874	891	1027	677	2562	1329	649	244	2012	5200	4804	1334	7001	2449	8857	827	2	124	2528	2741	1230	1715	1721	3380	2178	1110	2244	5034	3645	337	271	158	1484	1346	1111	1461	1524	669	19	5299	595	4496	6579	6136	226	364	2515	3890	3232	4369	505	39	2212	1562	238	1	1841	502	2820	397	1243	576	1	5923	2677	4881	1429	3737	6329	2434	1976	590	2594	5062	3833	329	4726	3385	769	249	6088	3487	3720	2959	2095	6261	904	1416	615	3691	3063	1624	241	539	1600	1322	682	1677	689	273	8	418	487	868	614	363	5383	3085	1797	974	399	3300	4	3521	5131	3896	1741	419	126	1283	1777	2054	2243	1269	146	2480	1509	931	2189	1638	849	2575	1031	1333	3346	829	2210	371	396	195	2203	2941	439	1781	337	1118	477	1278	470	1346	1198	229	176	1549	156	749	577	138	729	1344	1886	5996	6621	6270	418	6628	1842	2389	672	1237	500	392	1718	2334	53	1952	2439	6156	32	330	1510	1451	1371	862	916	1764	2675	444	1208	195	1745	189	1274	525	1908	31	3624	5248	2915	1394	1388	1757	1691	581	996	1306	663	205	685	710	72	2205	2103	2091	1359	1041	1728	2091	2453	16	2482	482	501	538	2523	592	66	1186	3840	1068	1804	880	450	1068	816	1664	4296	518	2450	401	8	416	1192	2775	1823	2908	1356	60	800	1914	1081	1463	629	361	4112	1751	136	689	343	18	5163	2777	989	1908	252	556	165	1044	772	118	2164	1306	2509	1532	244	262	1051	2487	592	1561	277	2936	1778	816	303	296	455	757	5612	445	149	2247	1235	116	1720	3621	2427	1298	3427	2588	643	862	1069	1454	1606	1921	782	1206	82	1900	365	456	771	7761	1810	1474	354	1019	1289	757	2403	2733	343	101	1344	408	1162	1952	2261	1383	201	1833	1359	2622	2608	2884	593	474	1824	2699	489	843	1424	1189	1750	802	3780	1066	2495	1812	1518	931	439	710	522	413	1033	1891	742	2083	2154	513	830	2512	605	2097	1866	560	2879	1577	1922	23	1080	1298
ATAD3A	26	32	42	66	48	101	62	31	72	93	68	76	118	130	106	1	113	80	60	273	32	105	108	85	68	62	115	2	22	79	80	96	102	38	38	117	96	66	57	70	79	30	34	87	36	15	90	67	23	62	72	3	28	69	12	55	75	29	10	71	81	66	64	85	40	73	72	25	83	79	43	57	61	19	67	96	67	81	70	107	87	115	81	80	122	67	90	116	57	77	50	79	119	63	78	90	101	95	4	84	12	56	51	107	58	57	100	101	46	104	17	56	100	61	45	90	58	17	49	43	72	129	53	33	119	79	48	65	73	39	107	81	47	3	68	17	31	30	64	9	65	9	1	13	63	73	29	59	1	7	94	48	104	114	2	100	26	55	84	81	67	47	75	2	106	112	81	85	58	60	7	33	50	88	13	76	100	112	105	47	79	89	5	51	1	83	105	43	104	6	86	101	85	95	78	51	41	79	54	56	78	4	64	118	72	127	85	91	46	119	27	31	97	92	50	84	120	113	63	89	112	78	97	86	84	63	77	12	24	16	4	118	114	97	1	5	106	82	58	56	99	65	105	65	99	84	95	22	71	79	61	124	63	36	68	82	80	58	108	120	106	99	96	113	52	91	83	36	80	61	1	57	105	23	16	97	49	34	38	7	78	26	9	60	120	92	11	86	83	90	97	90	21	87	62	82	47	17	91	28	52	60	88	50	71	14	98	36	60	65	27	70	25	4	1	83	61	44	101	60	90	1	44	114	71	68	16	58	71	120	86	1	79	77	56	45	58	17	6	20	97	7	107	36	34	78	18	82	96	66	39	76	57	94	44	99	42	12	58	26	66	99	40	34	17	69	92	102	75	125	98	134	86	14	14	73	78	38	49	90	42	73	52	102	106	99	58	4	2	15	61	71	76	72	62	1	104	50	88	85	87	37	61	76	100	68	106	11	2	67	41	10	1	105	25	71	87	40	13	2	102	62	82	27	46	108	24	59	70	10	79	74	75	97	77	88	51	105	82	95	105	100	122	76	67	54	87	108	41	32	69	84	94	60	80	60	30	1	7	57	103	27	11	98	85	34	95	73	91	1	100	97	76	103	88	51	76	69	89	94	78	32	108	101	51	72	52	34	93	60	51	116	64	94	98	24	88	80	81	43	84	40	41	81	21	62	29	61	34	7	86	75	79	58	8	66	67	98	105	102	116	75	119	84	97	86	88	20	43	71	106	28	49	43	104	5	37	89	53	91	50	82	91	73	43	87	40	74	36	84	51	95	5	64	108	98	55	91	82	109	53	82	35	70	47	66	88	10	105	89	99	81	68	94	77	101	2	38	64	46	65	86	48	28	82	112	73	93	60	27	68	42	82	85	52	55	68	11	31	15	105	77	105	85	23	57	103	81	91	18	50	127	56	42	73	32	17	103	80	65	99	14	31	16	45	55	49	96	91	97	75	30	25	75	76	80	87	35	111	83	39	28	43	58	37	124	51	36	106	89	6	73	105	104	74	64	87	47	83	60	66	100	60	35	45	38	70	37	50	69	125	89	108	63	45	83	44	99	68	33	47	85	54	57	69	80	86	53	70	95	112	65	102	91	36	82	91	46	69	86	78	81	59	94	74	107	91	76	74	67	45	52	28	65	70	70	108	97	82	76	110	39	93	43	51	100	62	105	19	64	56
ATF1	174	235	536	1062	1773	484	490	102	183	423	666	3368	3015	3398	2778	11	1236	1376	3127	32	9531	2357	1508	1964	189	149	1995	67	15	425	912	863	2228	164	1211	1231	635	1037	740	285	1241	448	124	1097	129	173	1078	2272	1552	1299	2147	115	91	206	7	77	254	745	505	4241	257	265	3934	873	98	1458	181	85	1432	2183	127	263	383	1191	1275	2355	336	1140	313	2120	583	2494	318	489	2424	631	2598	2566	985	587	179	2352	1991	1012	1069	2351	2427	493	5	786	161	156	588	2717	2421	2669	2772	933	1917	2456	1212	145	1934	249	1860	2338	722	118	330	416	2718	2897	1412	1395	2676	2664	1113	1662	372	33	1041	2351	947	2	81	19	639	251	377	496	3167	7	9	1529	1567	2595	554	2064	3	54	781	1318	3366	2737	51	545	898	592	740	1107	1135	1607	1088	2	1182	2378	2323	2248	2237	1691	137	501	740	1901	334	1755	1153	3061	1173	78	389	958	132	306	2	333	2088	120	2302	156	440	934	441	2267	177	134	87	823	1391	690	2419	156	769	3196	2693	2241	972	602	1648	1573	1123	134	544	822	178	279	2208	997	375	1549	2034	215	2178	2104	3512	46	382	570	134	509	5	3922	1961	624	433	26	2925	933	1079	679	1753	1002	1182	2983	869	1583	1775	45	1288	291	1512	2272	972	18	393	474	231	255	1074	905	1277	2165	3012	2098	155	1534	175	120	1101	946	10	601	2271	51	1708	382	255	150	144	207	1436	49	1530	2479	1178	875	284	2018	1793	1885	841	2950	40	655	188	2693	1315	1397	2431	61	1569	1621	971	1534	779	51	2038	127	208	2710	643	265	602	26	1	1982	2706	466	2519	273	2088	1	82	1507	2814	2864	246	2452	2977	3121	1696	13	1112	581	83	68	259	1632	131	140	2221	316	2246	148	191	2675	532	1743	2118	284	1360	532	225	1696	1165	1191	124	466	529	866	501	1362	542	380	166	1088	2455	2502	493	3279	1046	4125	370	6	74	1231	1396	819	1207	1191	1693	1197	453	1441	2421	1630	148	192	110	736	770	491	755	751	366	6	2564	285	2346	3189	3217	84	246	1521	1898	1673	2039	322	41	1304	624	73	1	713	270	1187	237	738	429	2	2490	948	2573	983	1971	3071	1546	1043	364	1522	2489	2195	137	2487	1862	417	92	3011	1633	1777	1678	1182	3418	350	636	226	1755	1672	879	106	231	569	504	410	734	381	139	5	288	224	410	286	205	1923	1552	930	415	263	1354	2	2050	2197	1781	758	196	51	513	574	860	1266	1248	62	1433	783	504	1231	860	445	1068	510	595	1593	342	1121	190	138	109	808	1295	188	738	150	524	238	702	186	875	794	101	113	812	82	356	227	88	393	535	859	2477	2695	2523	174	3308	1105	1618	438	460	290	200	1059	1020	26	966	1151	3052	12	129	861	592	747	435	375	639	1558	197	488	89	784	96	604	221	1054	22	1824	2656	1408	574	503	699	772	201	348	733	298	89	277	330	33	835	1067	833	606	402	707	1057	1233	10	1043	162	275	202	1268	257	34	453	2023	415	1011	406	236	435	339	634	2073	233	1334	175	10	182	699	1024	845	1294	586	31	425	860	374	509	314	136	1580	800	47	272	158	14	2283	1655	479	1128	92	250	81	460	310	52	897	473	979	617	89	100	428	1109	308	607	136	1041	707	351	138	120	175	337	2660	177	66	1120	596	71	706	1680	985	508	1916	1439	366	313	440	681	782	982	404	723	38	898	151	162	296	2969	732	633	185	484	511	344	944	1397	149	62	568	171	460	837	1053	576	90	731	575	921	1002	1319	220	222	626	926	191	408	677	455	706	379	1833	384	1303	702	711	316	181	295	230	161	471	1111	290	773	850	222	278	1002	237	795	890	251	1204	821	1067	14	426	666
ATF2	364	371	812	1529	2649	984	934	216	327	839	965	5088	4023	4862	4954	19	1985	2198	3530	105	2357	14285	2770	3181	382	304	3847	104	33	725	1549	1434	4013	332	1944	2043	966	1492	1077	494	2094	755	222	2163	224	262	1737	3962	2674	2370	3821	38	143	408	14	198	488	796	623	5028	545	448	4279	1380	177	2870	377	155	2195	2878	233	581	593	2038	1641	3078	615	1379	547	2554	859	3517	612	850	3618	835	3283	4098	987	949	299	4051	3464	1786	1865	3108	3695	933	11	1392	272	283	976	4834	3994	4391	4730	1538	2791	3602	1553	246	3509	441	3040	3902	1011	224	603	796	2980	3816	2179	1843	3476	4659	1822	2568	656	92	1901	2758	998	3	178	29	832	441	639	416	3633	35	30	2554	2053	2676	593	2191	6	110	1155	1352	4453	4649	43	995	1262	1331	1285	1752	2090	2826	1865	5	1738	3330	3484	3271	3869	2894	192	859	1348	2391	507	2873	1847	4517	1968	158	645	1546	190	510	4	640	3497	247	3746	69	798	1564	763	3674	398	260	159	1307	2678	1055	4411	197	1259	4343	3671	3334	1929	1237	1496	2340	1916	238	1000	1293	326	542	3638	1778	602	2223	2543	494	4032	3575	4186	151	703	811	215	745	13	5375	2923	1267	444	28	4848	1503	1605	968	2548	1462	2080	3865	1714	2762	2988	74	2148	596	2057	3366	1962	46	677	883	447	495	1591	1623	1973	2975	3822	3165	310	2152	417	231	1766	1169	9	874	3989	85	2447	790	415	251	263	312	2663	117	1906	4410	1925	1549	270	2273	1747	1943	1275	3835	98	1117	405	3563	2206	2053	4162	92	2730	1896	1513	2222	1160	98	3588	214	394	4277	645	363	742	33	3	2137	3762	776	2981	469	3298	1	171	2423	3886	3301	287	2718	3421	4388	3004	20	1726	970	184	150	493	2796	189	261	4308	399	4076	230	331	3151	746	2396	3417	455	2320	830	506	2759	1894	1779	236	473	643	848	695	1958	890	496	208	2208	4143	4507	866	5130	1684	5694	670	14	108	1887	1689	841	1786	1908	2926	2117	786	2442	4454	2252	309	257	155	1679	1080	700	1147	948	566	8	4570	451	4197	4932	4471	180	414	1432	2361	2708	2926	322	32	1646	838	142	2	1149	400	2565	483	1010	355	2	2932	1476	3800	1462	2309	4373	2087	1559	626	2279	3919	3809	334	4280	3009	774	199	4881	2441	2506	2877	1815	4731	634	978	422	2126	3226	1574	191	411	1056	890	607	1143	614	245	6	542	387	918	383	220	2904	2365	1183	794	380	2489	5	2692	2905	2449	1610	439	146	981	1005	1260	1961	1559	120	2356	1464	739	2212	1431	741	1950	826	1060	2123	619	1888	443	299	288	1532	2371	290	1170	259	796	557	976	314	1231	1299	225	194	1229	229	745	481	121	614	770	1369	3351	3708	3425	363	4870	1541	1877	756	918	452	323	1886	1576	56	1559	2163	4425	25	241	1678	1170	1418	700	675	1102	1845	376	914	174	1173	164	991	330	1971	27	3296	4550	1883	881	901	1175	1376	394	639	1048	526	199	515	644	64	1662	1883	1402	985	756	1235	1605	2134	16	1913	436	438	380	1850	518	82	850	3871	687	1485	650	322	754	562	1091	2889	415	1964	365	14	277	978	1636	1327	1996	1085	64	609	1455	660	1042	540	273	2796	1214	129	531	262	28	2946	2480	724	2019	194	439	147	764	594	125	1392	806	1570	1096	190	220	833	1834	633	979	232	1650	1187	649	218	229	380	582	3871	347	138	2104	991	99	1112	2372	1664	822	3065	2620	510	655	809	1274	1266	1945	555	1171	104	1327	261	292	539	4128	1502	1210	394	712	805	489	1491	2182	276	148	1006	307	828	1557	1640	995	173	1170	1052	1779	1761	2096	482	346	1095	1395	316	668	1063	868	1160	612	2931	695	2503	1229	997	609	387	497	391	255	798	1558	504	1265	1338	461	594	1796	436	1566	1312	375	1901	1286	1998	29	766	955
ATF3	265	281	609	1172	1807	750	694	170	283	637	711	3477	2893	3430	3763	13	1491	1635	2375	108	1508	2770	10629	2538	315	247	2592	63	33	558	1095	1057	2706	261	1745	1431	742	1041	760	428	1408	553	185	1533	176	186	1272	3003	2110	1841	2837	28	130	362	13	182	418	592	415	3496	459	371	2826	1016	165	2037	321	131	1408	2078	180	476	491	1316	1126	2117	470	1021	444	1912	701	2347	516	643	2719	570	2388	2941	674	670	242	3091	2353	1207	1597	2196	2708	727	9	960	192	239	1780	4222	2935	3124	3471	1152	1564	2481	1022	218	2334	311	2082	2647	727	183	482	643	2149	2971	1416	1195	2510	3350	1205	1640	487	83	1424	1933	748	3	167	27	568	339	483	269	2458	38	21	1758	1535	1986	457	1562	3	81	890	1055	3058	3123	27	795	765	961	940	1253	1609	2077	1221	4	1210	2344	2221	2173	2588	1883	140	713	974	1846	317	1982	1262	3178	1353	128	531	1078	119	369	2	552	2335	206	2505	56	644	1181	603	2306	324	203	147	891	2669	1416	3910	109	883	3061	2482	2495	1258	877	1088	1737	1131	186	696	949	253	424	2457	1292	438	1524	1795	419	2637	2427	2773	139	532	784	267	746	11	4016	2163	955	254	21	3329	1027	1097	641	1666	1023	1451	2725	1124	1803	1838	56	1570	516	1736	2415	1323	44	554	688	375	386	1240	1258	1477	2322	2434	2363	229	1513	344	177	1228	823	8	615	2718	77	1442	638	323	311	218	426	1710	90	1194	3096	1424	1078	181	1706	1321	1454	888	2713	84	889	321	2448	1588	1211	2928	78	1797	1471	1094	1357	680	78	2595	180	322	2948	457	304	554	30	2	1613	2408	541	2217	388	2031	1	152	1782	2623	2488	219	1935	2567	3103	1928	12	1244	724	155	133	399	1855	124	199	3111	654	3082	182	234	2373	541	1771	2268	384	1467	647	396	1771	1189	1172	207	352	502	619	479	1308	706	359	136	1602	2826	3134	671	3692	1239	4358	513	14	68	1282	1253	653	1097	1254	1978	1438	569	1574	3218	1534	253	224	159	1087	709	534	780	683	421	9	3308	319	3006	3405	3015	146	314	1032	1731	1949	2120	270	23	1165	617	128	1	887	298	1697	409	680	323	2	2186	1132	2448	954	1623	2999	1443	1068	454	1537	2715	2762	292	3203	2247	598	185	3578	1890	1847	2295	1357	3369	525	688	340	1506	2116	1056	146	304	872	712	601	834	451	172	8	390	324	689	279	198	2126	2180	1332	585	318	1780	4	1901	2069	1798	1087	372	137	726	814	1002	1314	1168	113	1565	1061	552	1571	913	491	1417	558	757	1503	499	1335	364	219	244	1124	1591	235	899	200	577	416	656	250	745	828	183	119	874	207	565	380	101	480	593	1003	2374	2742	2560	319	3360	1133	1440	593	734	349	234	1223	1148	51	1062	1418	2856	21	209	1236	850	939	486	548	857	1380	291	723	150	903	154	747	252	1307	31	2120	3441	1270	658	709	851	966	321	520	754	405	164	410	494	45	1277	1203	1003	702	573	866	1087	1561	14	1250	304	334	295	1269	398	74	667	2496	517	1076	475	229	589	417	790	1933	309	1291	309	12	222	686	1180	932	1412	790	58	443	1083	541	812	358	225	2023	882	116	440	213	26	2059	1595	550	1313	145	290	125	496	468	111	1022	648	1151	821	152	177	629	1233	480	724	205	1258	903	467	174	182	337	392	2790	258	124	1449	763	91	775	1656	1181	642	1880	1702	371	551	587	856	942	1477	409	784	92	933	210	270	452	3175	1038	931	325	514	636	361	1076	1442	215	133	790	223	621	1107	1107	783	160	884	810	1335	1280	1438	436	256	872	1117	254	545	756	639	852	445	1970	567	1708	927	714	479	321	369	313	191	588	1071	393	936	984	372	469	1339	323	1098	876	297	1338	869	1298	25	565	674
ATF4	303	379	684	1436	2724	838	822	207	335	740	968	4927	3557	4111	4860	18	1855	2037	3253	85	1964	3181	2538	13989	386	245	2933	102	31	936	1354	1327	3889	323	1798	1778	834	1327	1091	448	1719	606	215	1721	233	230	1681	4713	3633	2972	4540	38	169	444	13	217	498	719	594	4378	563	491	3819	1338	262	2192	347	178	2035	2586	225	515	570	1924	1469	2596	597	1280	497	2184	788	3171	596	778	3197	780	2813	3639	919	826	274	4248	2839	1524	1791	2980	3256	793	7	1226	241	331	1088	4550	4145	4541	4577	1388	2689	3193	1442	245	3108	411	3207	3825	1098	206	531	767	2641	3342	2220	1782	2834	4638	1703	2435	634	86	1564	2351	847	3	152	33	740	395	628	333	3523	24	21	2552	1922	2522	658	2045	7	128	1022	1011	4033	4114	34	958	1273	1175	1147	1509	2636	2969	1688	3	1356	2783	3289	2774	3722	2569	178	853	1161	2105	494	2503	1644	3705	1744	204	873	1382	152	514	3	659	2835	256	3012	72	759	1385	793	3348	380	214	198	1174	2305	1298	3835	197	1059	3764	3574	2707	1468	974	1270	2038	1676	222	824	1110	307	521	3222	1560	520	1839	2157	493	3374	3179	3756	116	596	831	223	785	9	4954	2506	1084	464	35	4446	1387	1544	940	2238	1255	1771	3597	1345	2279	2586	78	1942	601	1893	2889	1623	37	722	838	431	454	1492	1388	1657	2563	3518	2716	267	2125	357	197	1745	1126	11	807	3868	90	2339	754	407	240	235	330	2258	124	2003	4327	1617	1375	217	1929	1453	1645	1225	3481	104	1070	414	3278	2082	1939	3834	74	2647	1706	1324	2257	1081	101	3096	201	397	4184	564	336	663	46	2	1796	3397	631	2608	615	2856	1	169	2212	3409	2992	303	2435	3164	3653	2572	15	1378	885	150	142	536	2717	193	220	3754	375	4003	244	301	2941	651	2071	2819	396	2092	1025	403	2380	1829	1580	305	373	504	618	581	1640	865	514	195	1904	3644	4004	838	4579	1493	5378	683	15	102	1642	1521	665	1647	1672	2635	2275	684	2075	4157	1906	323	249	148	1323	1056	685	1095	885	588	11	4587	448	4097	4929	4006	167	337	1233	2069	2332	2431	273	33	1420	783	152	2	1099	404	1920	386	909	271	2	2637	1304	3316	1334	2006	3979	2075	1456	559	2423	3861	3663	331	3753	2804	811	229	4255	2178	2162	2634	1648	4263	660	879	422	1779	2670	1376	200	409	989	906	535	1088	540	205	8	569	420	739	361	199	2545	2120	1178	690	346	1868	4	2121	2642	1953	1264	375	130	883	922	1392	1762	1160	131	1997	1166	710	1828	1340	695	1610	799	899	1895	599	1823	362	259	223	1337	1936	293	1381	269	715	434	889	326	1230	1119	207	155	1229	182	646	486	96	516	787	1202	2802	3199	2912	375	4396	1327	1532	616	884	362	291	1595	1451	56	1434	1781	3833	29	269	1613	1029	1114	649	636	1036	1531	398	834	172	1161	163	1015	342	1567	22	2925	4599	1750	862	815	1050	1168	406	627	949	487	191	575	594	50	1423	1619	1235	931	694	1055	1424	1935	14	1659	363	442	395	1676	492	71	795	3177	604	1186	597	313	746	504	1011	2388	423	1867	350	15	265	945	1453	1179	1801	1005	71	540	1327	680	948	519	300	2333	1148	139	508	297	33	2526	2305	687	1665	160	424	116	605	515	124	1321	826	1424	957	187	185	761	1555	551	963	338	1583	1213	530	218	240	377	502	3183	320	142	1632	1175	74	947	2076	1534	868	2849	2179	467	672	694	1088	1082	1920	667	1032	91	1259	354	295	526	3545	1236	1051	388	718	794	530	1413	2006	250	124	954	302	727	1423	1457	1018	175	1144	996	1463	1622	1796	480	339	1030	1306	327	826	953	811	1066	555	2374	697	2002	1101	1033	595	348	454	533	260	777	1585	530	1180	1215	435	553	1652	434	1308	1204	371	1678	1202	1699	28	712	783
ATF5	63	95	212	369	213	257	249	89	171	285	291	460	553	574	428	5	460	442	448	68	189	382	315	386	1313	122	511	7	27	293	372	423	357	151	237	453	284	326	299	198	325	156	99	282	100	50	405	240	146	202	279	4	92	210	13	140	223	170	58	454	248	204	308	383	116	397	167	50	301	476	163	197	165	144	353	410	235	348	201	447	250	520	247	303	535	87	411	424	242	256	134	330	455	361	267	409	394	243	6	338	78	148	133	414	292	327	391	413	246	348	122	114	342	158	192	385	219	72	266	204	337	591	171	201	457	366	265	324	251	64	443	461	209	3	91	24	149	203	228	77	470	9	2	118	398	487	114	386	1	20	256	205	535	470	11	325	88	245	404	391	135	156	198	2	278	568	483	416	306	289	48	207	278	462	89	252	401	506	382	98	255	315	31	177	1	278	438	158	404	12	310	421	294	401	185	91	102	332	276	174	368	13	271	514	298	547	334	229	262	519	105	118	245	327	146	220	471	375	177	417	455	243	363	405	515	77	218	49	43	53	7	616	530	274	15	8	489	286	317	131	380	378	349	522	253	311	286	44	260	206	330	531	449	35	294	300	197	186	438	417	406	435	397	522	126	430	185	106	295	287	2	203	352	45	151	303	158	53	115	19	263	67	87	308	457	259	46	383	320	329	327	552	43	343	198	511	195	124	382	35	234	372	415	164	182	24	437	159	244	433	75	166	164	16	1	423	414	140	564	207	398	1	109	466	416	501	69	419	536	540	290	6	251	252	95	102	208	157	37	79	431	68	358	169	83	538	126	444	397	111	180	322	141	448	172	253	145	50	112	109	182	399	284	118	42	212	480	403	303	542	391	615	259	14	43	326	309	144	141	217	290	285	250	293	409	441	163	7	5	99	262	247	296	260	207	4	391	182	353	480	422	108	136	301	458	333	479	61	5	337	204	59	1	378	81	281	153	188	45	2	534	324	464	127	301	560	182	266	180	94	410	270	172	397	277	207	137	493	431	457	359	309	530	266	306	178	435	335	145	85	206	357	341	167	337	179	84	2	45	180	260	136	57	514	386	241	233	156	373	1	424	517	384	284	179	78	248	295	370	327	161	88	343	310	260	284	258	111	413	172	271	446	247	348	160	152	116	342	355	179	359	96	296	173	105	157	108	181	137	13	334	108	234	229	35	153	265	383	544	580	577	182	564	314	352	191	341	68	109	239	429	38	236	237	508	20	164	283	228	293	219	268	346	334	168	302	91	323	96	304	141	323	7	383	416	421	292	317	446	340	174	247	162	209	142	240	261	38	350	314	398	319	333	340	313	289	4	241	167	98	200	378	234	39	263	390	257	282	229	102	284	244	421	447	168	303	179	12	159	71	419	285	427	289	41	215	345	286	356	76	153	504	390	99	229	139	28	524	297	357	333	69	111	55	210	200	93	457	329	441	378	87	106	310	432	218	319	119	464	349	205	119	169	190	150	546	146	110	376	333	38	315	452	433	273	406	320	153	270	244	240	306	149	107	134	76	299	112	151	303	629	395	334	98	208	356	205	420	316	109	72	318	145	194	302	377	335	97	424	315	405	305	432	228	180	365	393	132	240	309	365	337	219	474	277	391	335	263	238	185	203	192	106	222	282	256	417	381	204	237	428	209	347	340	144	452	284	325	20	239	297
ATF6	47	85	141	176	137	213	159	59	139	198	180	288	346	391	322	2	294	236	262	62	149	304	247	245	122	839	314	5	27	170	217	239	281	72	146	306	219	195	189	132	220	105	69	238	80	48	239	195	109	160	211	4	59	116	12	78	135	100	50	282	153	117	231	236	69	247	131	59	212	264	75	133	153	73	220	295	141	227	142	294	190	330	148	184	351	132	271	328	162	199	81	234	353	202	189	267	287	215	4	218	73	93	105	324	207	239	299	255	175	295	99	92	275	101	150	251	141	63	130	101	228	353	150	146	333	272	168	211	165	45	273	280	121	3	86	21	148	109	146	60	252	7	2	65	239	263	55	220	1	10	224	163	311	332	9	200	74	147	209	200	128	127	179	3	256	344	240	270	206	195	43	113	147	244	49	216	256	324	306	72	163	206	21	105	1	168	332	76	325	12	156	251	189	305	143	98	71	211	158	127	252	13	179	363	240	357	245	215	169	294	78	74	243	228	92	146	351	296	162	260	321	135	277	262	303	100	181	50	41	47	5	361	327	239	26	9	328	206	186	143	276	180	250	276	252	274	290	34	193	166	196	323	192	35	162	188	154	105	243	281	284	280	313	299	120	276	150	65	205	168	2	127	285	42	103	202	106	49	65	24	211	28	87	229	291	219	40	260	213	241	249	319	30	210	110	265	146	98	281	35	168	186	231	133	152	29	291	82	114	242	60	140	118	7	1	237	236	126	304	125	259	1	72	301	259	263	54	241	276	348	259	4	193	182	92	61	116	97	28	52	297	37	283	82	64	261	110	252	285	146	141	176	127	293	135	241	75	30	112	85	176	268	126	93	32	192	292	322	179	367	237	399	182	14	26	223	217	123	152	229	186	163	151	272	296	284	102	18	8	101	179	159	196	168	142	3	311	113	283	295	284	63	148	176	283	219	285	34	4	217	137	29	1	239	69	213	161	150	44	2	285	179	284	108	199	333	114	174	128	63	230	243	121	289	206	174	73	323	253	279	290	242	375	161	180	93	263	287	116	64	112	218	210	147	216	134	69	2	24	117	245	90	44	276	240	124	182	130	253	1	307	285	251	252	156	82	173	165	200	244	162	50	298	247	139	212	164	74	244	118	152	264	127	250	167	71	137	198	240	92	194	80	147	182	79	98	71	173	71	23	201	121	178	128	35	130	151	240	312	308	335	112	368	200	251	169	205	70	70	211	284	34	141	167	328	12	76	216	139	277	138	167	226	223	95	207	64	184	57	216	95	258	7	225	318	275	170	188	219	244	107	158	138	161	81	136	184	22	234	245	232	203	151	208	201	223	4	119	89	89	99	240	123	34	179	320	157	258	124	74	167	120	215	277	109	162	122	12	79	73	255	174	281	181	38	133	247	164	194	71	85	318	194	54	137	78	21	322	221	173	286	44	73	40	114	125	59	234	184	262	202	67	70	166	239	177	208	60	277	203	129	60	78	115	106	358	78	61	307	205	29	195	294	264	156	204	272	127	148	167	157	234	135	71	130	51	176	67	95	136	351	232	235	111	121	178	109	254	213	77	82	207	84	133	181	212	207	79	211	239	246	201	281	160	84	193	235	81	148	228	178	206	141	282	166	302	217	174	140	116	130	114	70	122	196	138	246	242	153	160	274	100	234	175	111	281	189	292	26	144	169
ATF7	326	375	1094	2383	1827	1072	1161	279	420	1112	1227	4214	4647	4702	3796	15	2999	2311	3748	115	1995	3847	2592	2933	511	314	13679	84	37	1096	1865	2077	2916	488	1932	2574	1123	1764	1409	709	1930	765	305	1773	294	232	2209	2710	1998	1752	2746	57	189	634	15	265	815	977	488	4667	779	660	3267	1862	277	3097	464	147	1682	3243	305	816	580	1283	2097	2974	862	1878	702	3253	1177	3769	931	1240	4065	579	3255	3328	1141	981	353	2894	3063	1730	1656	2965	3193	1015	10	1551	311	415	829	3752	2885	3105	3466	2090	1885	2758	1255	316	2521	567	1948	2861	1037	247	757	1367	2971	4724	1345	1453	3452	3325	1833	2192	913	109	2369	3395	1132	3	206	32	844	568	785	475	3897	40	23	1597	2651	3912	714	2861	6	132	1257	1399	4490	3634	44	1551	737	1315	1616	2125	1604	1712	1207	4	1524	4041	2975	3003	2784	2194	232	1348	1580	3442	504	1978	2049	4342	2034	208	952	1514	164	547	4	987	2926	317	2930	108	1182	2085	1127	2898	499	254	204	1438	2485	1006	3710	131	1486	3959	2684	3924	1765	1029	1830	3281	1120	293	940	1613	447	691	3224	1919	595	2540	2831	728	2863	3185	4360	151	805	575	224	556	14	5479	3702	1192	229	25	4082	1418	1692	694	2236	1635	2022	4288	1275	2008	1955	88	1577	644	2296	4102	2300	45	1066	1220	561	706	2381	2161	2246	3242	3159	3695	322	2660	438	273	1811	1420	12	977	2751	106	1661	1094	501	203	319	221	1854	144	1118	3116	2504	1205	289	2588	2001	2061	1381	4561	105	1593	512	3549	1623	1287	3037	92	1891	2561	2015	1440	847	95	3320	296	598	3433	571	456	900	47	3	2712	3375	646	4009	668	2638	1	223	3208	3476	4214	323	3295	4317	4577	2052	18	1615	1170	179	194	683	1858	191	283	3792	421	3044	320	307	4268	756	3185	2913	472	1415	1196	484	2740	1198	1503	363	522	631	886	663	2143	1305	513	166	1531	3543	3316	1253	4778	2195	5572	808	15	116	2045	1999	893	1067	1314	2478	1825	987	1808	3583	2665	410	170	91	1145	1132	936	1275	1180	680	19	3362	565	3001	4119	3768	240	359	1864	3178	2456	3382	392	30	1659	1118	226	1	1704	377	2209	459	943	367	2	3938	2072	3438	1091	2459	4273	1563	1521	575	1339	3231	2525	419	3266	2226	793	305	4288	2940	3077	2363	1728	4437	982	1234	611	2536	2340	1121	228	526	1547	1342	579	1525	642	259	7	411	525	932	451	262	3814	2518	1331	881	439	2412	4	2631	3614	2814	1528	483	179	1081	1530	1806	1718	1417	164	2039	1331	837	1848	1314	603	2274	867	1186	2572	773	1820	452	379	267	1812	2223	407	1608	304	1005	509	814	416	778	956	269	129	1423	237	807	631	128	624	1127	1655	4194	4478	4303	536	4444	1717	1991	741	1252	382	325	1340	2008	68	1451	1796	4108	32	349	1386	1221	1226	795	951	1591	2014	472	1159	225	1428	209	1258	453	1668	24	2581	3618	2150	1126	1226	1583	1530	577	941	954	643	258	753	746	72	1859	1604	1910	1243	1031	1564	1588	1901	16	1675	504	336	533	1885	652	86	1187	2987	971	1397	753	333	1036	726	1498	3020	541	1671	449	13	383	723	2280	1511	2379	1345	79	719	1741	1023	1468	491	407	3245	1519	173	704	344	33	3499	1959	933	1622	213	451	165	834	704	164	1860	1205	2219	1414	212	264	1059	2098	642	1330	349	2486	1609	759	286	332	499	680	4115	435	186	1949	1237	110	1414	2682	2196	1188	2393	2035	590	925	960	1162	1400	1234	549	809	117	1522	365	443	784	5130	1686	1440	318	851	1195	644	2113	1974	338	142	1525	386	966	1650	1902	1380	229	1592	1353	2277	2032	2433	673	405	1692	2157	406	843	1248	1169	1532	757	3087	1008	2160	1569	1222	897	495	632	585	351	869	1535	693	1854	1823	557	804	2393	569	1794	1422	475	2420	1348	1632	36	1009	1117
ATM	10	10	5	10	104	8	16	2	3	6	24	136	58	104	132	6	15	54	89	2	67	104	63	102	7	5	84	305	1	8	21	13	126	4	37	23	17	22	24	6	39	7	5	34	7	7	25	140	118	93	133	3	2	2	1	3	3	15	27	121	7	4	125	18	4	25	8	11	84	52	3	5	19	79	15	65	5	11	5	27	8	81	6	8	48	38	69	117	20	19	4	139	73	38	78	82	97	14	1	27	6	3	38	113	138	140	137	14	106	103	70	8	110	6	122	118	43	6	13	4	68	49	84	70	64	133	52	77	7	1	17	35	11	1	1	1	13	7	14	2	101	1	1	104	38	27	18	34	1	5	23	9	98	121	2	7	55	26	14	19	138	115	61	1	37	41	99	60	121	91	6	7	12	18	14	97	44	80	46	2	11	41	44	10	5	5	70	4	90	3	7	13	10	103	6	5	7	19	89	43	126	13	19	96	133	28	31	24	19	20	89	5	21	15	3	6	83	29	16	25	33	4	97	122	86	2	11	36	6	29	1	113	36	26	26	2	131	40	42	53	71	30	41	65	45	78	102	2	71	12	44	40	32	1	7	6	4	3	8	11	24	46	100	33	5	34	4	3	60	20	5	21	122	2	106	8	3	9	3	17	81	5	89	144	12	49	9	34	24	33	25	67	1	8	4	84	84	79	124	4	90	19	12	85	42	4	74	4	5	134	26	5	9	3	3	16	96	22	25	7	89	3	2	38	85	50	10	43	47	73	101	1	36	15	3	3	6	86	6	4	96	12	131	5	18	41	22	16	75	9	88	10	6	49	70	49	2	18	23	18	18	38	9	14	8	55	100	135	8	102	27	137	17	1	3	38	25	8	75	64	100	63	7	61	117	21	1	17	9	54	31	9	28	12	17	1	135	9	131	125	121	3	6	9	19	66	41	3	1	31	8	4	1	10	13	44	10	27	4	1	32	9	92	77	51	92	83	49	13	104	114	123	4	111	98	87	2	105	32	28	76	37	108	4	7	3	19	95	60	3	10	9	10	14	17	11	6	4	37	6	11	3	8	28	34	22	9	6	29	5	38	49	30	19	5	2	14	10	13	57	43	1	54	24	18	43	41	27	18	23	13	29	6	52	8	7	3	24	40	4	13	4	15	9	30	4	56	48	5	7	24	2	13	3	4	8	7	20	28	45	36	1	112	22	32	11	7	16	10	72	23	1	39	45	87	1	5	59	22	31	12	5	13	22	12	14	2	20	5	15	4	34	3	93	125	30	11	6	12	17	2	6	46	8	2	3	10	2	22	57	8	14	9	8	40	63	4	46	3	19	4	43	11	1	7	89	5	22	13	5	9	9	13	33	10	68	5	1	6	47	9	26	33	19	1	9	27	6	8	16	2	34	27	1	5	10	1	31	72	11	48	3	12	5	10	5	2	24	6	14	15	6	3	8	26	12	9	4	17	14	3	5	5	8	5	52	3	3	29	21	3	6	26	18	9	93	71	7	5	5	34	20	67	23	45	2	32	4	4	7	45	15	10	13	18	7	6	16	55	2	3	9	4	10	28	24	14	2	20	17	13	37	29	6	9	9	11	2	14	9	10	14	9	43	11	49	22	23	7	3	5	7	2	16	43	3	9	9	8	7	21	8	25	29	8	26	28	51	1	8	10
ATRX	12	23	20	22	27	30	28	20	24	30	24	28	38	41	30	1	37	29	23	22	15	33	33	31	27	27	37	1	83	25	32	34	31	17	14	37	29	28	30	29	33	15	21	32	26	10	31	29	8	28	28	1	18	25	11	23	27	9	7	25	26	29	33	34	20	26	24	21	29	37	22	30	27	12	29	34	29	29	27	28	32	36	27	31	33	20	34	32	27	25	23	32	34	33	26	35	33	30	2	30	11	20	24	34	31	31	34	34	28	32	12	19	29	20	26	27	28	15	30	11	27	39	25	14	38	34	23	33	31	16	34	31	22	3	21	13	17	21	27	6	26	2	1	6	22	26	7	25	1	3	32	23	36	34	2	29	20	30	32	35	21	22	27	2	29	39	32	35	29	29	7	10	20	27	6	29	32	34	31	21	27	29	4	25	1	30	34	24	31	2	30	33	33	29	27	21	19	32	31	23	32	2	30	36	34	37	31	30	22	35	22	23	30	27	27	24	31	32	30	33	36	27	32	34	31	21	27	8	19	9	4	39	36	29	1	4	33	28	28	24	36	33	32	23	27	33	31	17	28	24	27	37	27	18	30	30	23	21	34	36	33	31	31	34	23	32	24	27	32	30	1	28	31	19	11	27	30	21	19	4	29	14	6	27	30	29	6	28	29	28	27	32	17	30	18	37	23	7	33	19	31	26	33	26	28	15	33	21	28	31	19	24	16	3	1	30	26	28	39	22	33	1	17	35	26	22	8	19	23	34	28	1	29	26	20	19	20	14	5	12	35	8	30	24	23	25	10	31	33	24	26	26	29	35	25	28	22	2	22	13	25	31	14	22	16	28	37	33	30	34	32	41	31	14	5	28	31	17	26	26	18	27	28	30	33	33	26	2	1	7	28	29	29	31	26	1	32	27	33	34	33	26	24	28	35	31	34	8	2	29	17	3	1	31	14	27	28	28	7	2	38	22	29	13	18	36	9	28	26	4	28	29	22	30	31	28	22	36	35	34	32	28	37	25	31	18	32	33	22	18	27	32	26	25	33	25	24	1	5	22	31	13	8	34	34	18	26	25	28	1	36	34	22	26	25	23	24	25	29	31	29	22	31	30	29	30	22	23	34	22	29	36	27	33	27	18	25	30	27	22	28	28	19	30	7	22	22	27	24	3	30	27	28	29	6	27	26	33	36	35	37	27	37	28	29	26	33	8	26	29	33	17	21	25	35	9	22	30	23	29	23	24	29	29	24	30	17	27	21	29	23	30	2	34	35	35	30	34	35	29	21	29	20	29	23	26	29	11	30	29	34	33	31	31	32	29	2	24	23	21	19	32	28	20	28	31	31	30	27	19	31	28	35	34	22	25	24	11	21	9	34	32	32	31	18	31	31	25	30	13	20	34	29	22	27	24	13	35	29	33	31	12	18	8	27	26	18	33	32	34	34	20	23	30	37	24	28	16	34	28	26	15	21	23	18	36	21	23	31	31	3	33	34	32	28	30	33	25	29	28	28	30	23	18	23	19	31	16	21	28	39	32	31	24	20	32	23	34	27	20	21	30	24	27	29	33	25	19	30	31	36	27	36	27	24	30	31	23	27	33	33	33	30	36	25	31	31	31	29	25	27	22	18	24	26	26	34	34	24	25	33	24	32	30	22	34	29	29	14	26	30
BATF2	96	158	458	924	370	474	460	150	266	556	585	1005	1363	1297	860	7	1078	768	1065	79	425	725	558	936	293	170	1096	8	25	3149	687	861	696	241	566	1009	500	661	700	348	628	305	152	518	174	75	893	379	230	281	467	13	129	375	15	192	426	370	70	1057	438	373	651	858	256	872	252	67	485	1079	175	366	243	157	823	911	447	820	368	1137	564	1236	478	591	1225	125	934	845	442	428	190	614	917	574	456	871	852	454	6	658	135	291	190	788	537	565	760	849	421	678	241	199	611	322	290	663	425	108	324	548	792	1449	268	346	1027	642	476	671	466	73	887	1138	451	3	124	38	276	240	389	109	1129	16	7	146	841	1317	239	990	2	29	508	446	1271	921	13	716	114	428	667	820	190	233	299	2	504	1303	832	849	520	503	85	589	509	1181	205	449	799	1151	750	217	765	587	40	251	2	515	849	188	778	27	589	863	629	792	315	138	186	570	394	400	670	19	544	1119	475	1283	621	355	606	1186	142	163	417	674	249	400	996	743	286	894	1024	408	668	825	1261	98	376	73	92	90	7	1474	1212	459	29	14	1021	550	652	189	682	543	671	1298	395	555	478	53	445	348	739	1280	762	32	536	558	349	342	1012	888	851	994	872	1216	182	997	255	149	594	604	4	381	609	59	224	577	293	66	171	31	438	102	144	523	967	389	92	832	659	716	644	1403	65	759	316	982	312	199	660	42	373	909	825	277	271	41	938	150	291	767	127	268	342	22	2	953	868	212	1335	579	721	1	152	1069	948	1265	132	1043	1323	1263	485	7	457	492	114	119	385	286	71	136	895	156	667	178	118	1387	234	1072	809	180	244	888	198	955	277	471	275	118	192	251	274	790	605	222	47	324	964	746	562	1240	831	1432	459	15	75	718	688	321	187	338	558	703	429	494	853	936	257	17	4	161	508	460	573	489	401	10	730	301	646	994	899	140	163	711	1085	694	1090	120	12	619	441	104	1	762	130	564	232	330	111	2	1288	785	1011	223	722	1213	359	508	236	135	844	459	286	785	508	350	208	1066	1049	1095	701	612	1169	538	562	336	919	580	225	140	317	711	681	269	713	274	114	3	55	301	420	191	109	1234	814	483	430	230	710	3	878	1173	885	501	275	94	456	675	943	573	283	103	656	510	327	525	475	163	799	362	471	956	404	672	251	153	158	683	687	218	992	140	395	249	186	258	160	294	152	27	619	145	385	377	59	271	527	696	1321	1323	1344	326	1231	632	711	335	645	104	150	363	879	48	515	455	1165	16	201	421	428	468	335	497	672	718	266	574	153	622	124	620	257	559	12	619	853	826	523	557	696	628	329	474	290	353	161	445	405	37	698	522	828	589	477	678	553	556	9	418	238	117	360	673	300	58	548	800	452	486	359	156	527	282	663	968	305	428	263	12	159	121	958	576	901	596	63	351	702	534	676	179	252	1128	607	122	369	165	35	1152	593	457	583	83	180	81	333	320	127	779	634	960	605	109	125	553	721	332	699	300	1047	780	324	174	203	305	290	1206	260	119	695	841	47	598	987	911	546	655	590	289	526	399	383	595	187	191	188	89	602	344	242	436	1528	627	600	148	402	627	346	885	607	164	93	654	212	415	580	760	697	170	681	624	856	655	904	412	200	786	858	242	632	578	522	637	340	994	534	745	617	555	496	290	330	510	182	359	603	456	835	747	335	398	938	282	659	456	271	903	540	583	28	483	462
BAZ2A	213	249	748	1452	973	729	989	191	283	815	864	2300	2728	2675	2004	9	1701	1407	2264	80	912	1549	1095	1354	372	217	1865	21	32	687	6581	1330	1550	375	1041	1614	738	1206	934	525	1260	563	213	1193	199	176	1391	1095	698	732	1211	17	149	431	15	182	510	582	277	2234	492	445	1539	1256	175	1872	314	84	963	2050	216	749	355	632	1328	1748	605	1184	494	1858	712	2218	755	879	2323	285	1914	1823	780	655	236	1431	1925	1163	790	1677	1773	704	7	1016	231	259	340	1830	1375	1501	1775	1421	1011	1504	563	189	1464	354	873	1546	592	211	568	872	1652	2718	682	803	2061	1699	1090	1348	631	78	1831	2086	715	3	156	30	553	436	592	318	2192	12	10	733	1621	2262	412	1697	1	55	818	850	2630	1974	22	956	363	887	1078	1372	505	738	663	4	936	2563	1740	1931	1438	1224	163	824	1042	2070	352	1104	1355	2365	1316	148	605	952	76	326	3	650	1825	245	1805	42	1013	1711	732	1614	325	207	142	1215	846	431	1471	58	1116	2319	1353	2433	1264	703	1105	2117	575	235	616	1046	326	463	1919	1194	434	1700	1805	513	1665	1964	2510	98	590	245	131	254	11	3005	2248	793	97	15	2216	837	1102	368	1417	1081	1235	2507	844	1242	1119	68	947	414	1320	2460	1585	33	679	847	350	549	1506	1363	1450	1913	1760	2252	226	1672	315	200	1022	970	6	696	1411	74	820	672	348	120	236	106	1072	98	493	1435	1642	734	161	1526	1115	1165	843	2658	73	1030	360	2034	815	633	1655	67	981	1531	1370	670	449	71	1905	234	426	1901	287	279	575	36	2	1691	2038	512	2471	431	1600	1	171	1870	2116	2389	178	1935	2495	2667	1134	8	953	738	111	134	451	905	121	216	2108	266	1550	240	226	2435	460	1950	1831	320	771	764	371	1821	648	895	227	273	351	439	439	1357	802	367	92	888	2118	1794	1141	2618	1419	2957	509	15	71	1428	1162	560	561	744	1380	1033	785	1062	1949	1772	263	72	34	625	752	649	832	814	447	12	1726	373	1525	2310	1969	197	269	1124	1899	1438	2289	233	17	1116	741	147	1	1129	278	1335	304	682	231	2	2342	1342	2110	558	1379	2534	786	973	376	538	1833	1199	259	1782	1129	430	205	2360	1703	1778	1344	1053	2414	645	891	439	1731	1350	604	175	397	1259	879	408	1033	434	278	5	186	361	635	340	188	2407	1496	835	813	283	1608	3	1656	2225	1749	951	347	116	645	932	1082	1094	550	121	1246	874	574	1132	835	364	1739	599	900	1665	560	1065	309	287	195	1153	1427	281	1089	198	761	373	490	267	390	635	207	72	928	160	566	451	91	416	766	1089	2632	2668	2528	340	2562	1088	1180	472	873	267	230	838	1369	53	934	1193	2403	27	242	809	832	866	585	660	998	1285	335	847	161	963	158	824	328	1127	19	1498	1908	1442	834	924	1136	982	422	655	558	464	197	503	483	67	1212	1024	1299	889	726	1095	1110	1059	12	1160	341	200	364	1261	458	71	807	1746	674	923	563	265	729	562	1053	1993	371	978	300	13	295	328	1542	1073	1569	902	61	514	1125	662	1049	310	287	2118	1062	129	518	227	28	2311	1132	671	1059	179	379	127	607	549	100	1255	855	1481	1004	166	224	727	1479	453	876	209	1552	1091	586	231	234	406	502	2438	322	151	1334	815	77	1012	1762	1457	772	1463	1309	395	641	761	732	948	649	368	468	93	1052	273	325	574	2949	1218	940	191	554	837	471	1362	1288	268	98	919	265	610	1040	1331	904	147	1122	889	1522	1336	1627	446	279	1145	1314	300	594	843	808	1057	541	2018	684	1372	1081	818	643	361	496	355	261	598	913	513	1261	1264	371	515	1539	386	1221	1002	348	1677	881	1079	31	687	795
BCL3	182	257	805	1763	824	783	872	218	335	915	948	2134	2877	2704	1811	7	1969	1435	2310	96	863	1434	1057	1327	423	239	2077	13	34	861	1330	6869	1383	387	1067	1870	827	1302	1041	626	1235	540	242	1070	220	159	1499	921	595	657	1030	31	156	504	14	233	628	649	201	2201	609	618	1439	1416	219	1946	381	86	885	2090	241	673	379	459	1461	1783	715	1327	537	2146	816	2363	767	995	2600	252	1942	1801	826	717	293	1241	1837	1113	738	1713	1739	736	13	1102	235	341	338	1668	1156	1259	1566	1572	891	1403	516	229	1266	449	689	1367	650	227	578	974	1717	3049	555	741	2111	1460	1010	1271	978	96	1686	2400	768	3	168	31	555	431	621	309	2247	34	10	532	1810	2618	469	1876	3	63	818	919	2654	1819	29	1162	262	867	1161	1584	403	558	562	4	971	2727	1606	1836	1244	1091	160	941	1137	2403	329	954	1414	2459	1346	168	742	988	82	401	1	928	1746	274	1652	62	959	1597	888	1580	410	212	173	1029	777	443	1370	51	1069	2300	1106	2623	1236	633	1230	2429	406	263	658	1208	379	582	1911	1314	481	1768	1878	605	1445	1791	2635	122	614	182	128	202	14	3168	2465	788	45	14	2120	864	1150	327	1335	1088	1253	2661	746	1088	950	74	841	484	1408	2724	1574	42	822	964	454	571	1797	1614	1546	1936	1662	2454	263	1855	357	226	1029	1036	4	652	1249	90	640	882	484	101	268	74	928	132	356	1200	1880	707	182	1628	1273	1279	967	2877	84	1207	434	2072	729	483	1444	74	874	1730	1591	599	458	62	1959	249	498	1688	305	363	649	32	1	1918	1930	431	2801	533	1467	1	214	2031	1948	2639	194	2099	2781	2736	992	10	959	816	146	176	512	730	124	218	2070	259	1366	261	195	2828	442	2224	1724	317	589	931	411	1783	552	873	314	289	378	482	456	1450	1014	359	86	737	2049	1585	1030	2666	1576	3083	612	14	89	1368	1250	549	440	654	1262	996	831	966	1820	1925	382	41	15	481	794	730	901	899	506	14	1526	544	1344	2113	1924	221	260	1311	2111	1425	2225	263	20	1161	868	178	1	1331	229	1265	319	644	253	2	2656	1512	2096	491	1451	2591	722	984	376	391	1660	1025	324	1591	979	503	268	2309	1921	1979	1297	1065	2481	769	983	502	1876	1193	547	202	451	1247	1067	414	1147	467	221	5	138	424	711	365	183	2646	1552	885	689	340	1614	1	1734	2405	1886	1033	386	140	776	1114	1274	1065	523	122	1245	920	562	1078	841	341	1609	574	923	1775	646	1110	349	304	201	1280	1452	339	1248	205	728	406	466	363	302	550	203	70	983	179	586	535	108	424	924	1237	2871	2933	2864	429	2554	1101	1273	506	1052	233	247	721	1539	57	871	1004	2385	32	270	713	827	839	712	745	1223	1362	380	913	200	1049	176	954	364	1055	19	1320	1731	1549	926	1000	1222	1095	471	775	531	516	203	599	573	59	1267	1002	1723	1013	808	1214	1081	1038	10	1006	405	186	458	1288	475	82	891	1614	779	967	727	283	1006	545	1177	2025	436	866	362	14	282	243	2061	1031	1666	954	68	697	1208	803	1152	302	343	2234	1105	154	568	254	31	2470	1109	709	1003	174	336	132	602	578	145	1396	999	2072	1076	175	239	850	1429	495	1106	270	1958	1230	628	262	290	418	552	2567	353	158	1347	931	92	1367	1900	1644	936	1299	1175	432	771	774	698	1015	480	315	405	106	1112	311	387	647	3314	1178	1026	212	675	979	546	1596	1168	284	116	1068	328	670	1091	1408	1041	197	1195	1024	1655	1403	1698	558	290	1348	1623	350	648	962	897	1395	755	1989	829	1335	1159	902	746	422	558	473	300	603	950	632	1739	1417	455	658	1672	451	1475	929	373	1747	886	1014	30	765	808
BCL6	469	394	730	1551	4986	938	944	207	314	762	961	8763	4596	6071	9736	18	1885	2612	4371	102	2228	4013	2706	3889	357	281	2916	126	31	696	1550	1383	24531	358	2495	1969	866	1481	1032	469	2266	667	243	2320	215	260	1716	7584	4335	3458	6191	28	133	396	13	191	457	684	888	5829	514	407	6284	1327	177	3411	346	165	2931	2852	200	537	616	3394	1399	3355	531	1172	474	2380	740	3852	559	794	4103	1155	3632	5841	919	860	260	8292	3965	2305	2308	4056	5149	894	26	1359	241	264	1458	7086	8719	9236	8687	1451	4476	4552	2034	224	5474	449	6437	7068	1316	217	586	788	3216	4042	4287	2578	3347	8763	2283	3853	617	84	1831	2411	715	3	173	26	792	415	673	323	4811	101	59	5450	2421	2601	843	2024	15	252	1090	912	5726	7496	35	885	2295	1932	1228	1838	3223	5927	2685	5	1635	3418	4981	3913	7977	4965	188	949	1687	2304	667	4138	1949	5380	2038	159	629	1692	210	664	2	591	4128	247	4267	58	739	1448	716	5870	364	243	148	1334	2562	1330	4993	386	1204	4959	6376	3381	1971	1228	1115	2275	3257	224	946	1219	309	504	4001	1724	543	2114	2280	462	6387	4979	4769	142	655	1332	309	1240	12	7774	2948	1390	605	30	7469	1719	1750	1198	3145	1565	2420	4911	1948	3115	4363	72	2976	645	2089	3692	2321	45	626	813	437	514	1491	1543	1911	3137	4945	3407	289	2213	392	224	2311	1101	10	910	7549	80	4398	730	382	364	250	517	4244	127	3714	7438	1790	1725	184	2046	1510	1722	1333	4110	95	1023	409	4191	3841	3827	7617	74	4993	1804	1376	4285	1794	101	5029	195	356	8307	794	321	702	42	1	1714	5363	771	2837	428	4689	1	163	2447	4912	3452	235	2663	3655	5150	4805	21	1952	1115	177	137	484	5701	205	242	6292	413	8447	213	440	3390	848	2395	4123	473	3588	753	539	2876	3001	2136	231	546	692	683	630	1901	894	516	258	3227	6673	7776	811	7613	1552	8670	706	14	92	1949	1565	612	2817	2494	4641	3356	731	2677	8464	2185	299	323	219	2171	1087	702	1156	920	530	13	9383	433	8012	8928	7075	175	400	1059	2146	3768	2925	274	29	1695	809	145	3	1054	474	3240	464	1029	228	2	2805	1420	4581	2043	2311	6205	3272	1928	647	5082	7464	6455	320	6703	4916	941	191	7392	2561	2472	3758	1911	5520	602	877	382	1873	4800	2595	173	379	988	823	602	1061	582	225	3	710	361	855	345	211	3297	2799	1364	730	358	2697	3	2362	2916	2372	1785	426	147	1180	969	1169	2377	1309	132	2370	1646	800	2536	1827	1085	2056	999	1126	2040	663	2389	423	322	273	1906	3110	263	1128	273	720	508	1344	300	2018	1397	224	271	1266	227	752	454	98	695	734	1373	3480	4433	3780	317	6458	1392	1517	661	868	506	399	2222	1541	52	2059	2962	5668	28	231	2199	1484	1403	690	609	1087	1660	400	862	171	1263	160	972	309	2171	20	5191	7588	1938	835	841	1087	1375	357	596	1184	495	174	495	611	59	2076	2250	1265	892	705	1107	1789	2899	14	2768	490	621	339	2166	496	78	801	5012	638	1418	597	323	706	546	1015	2856	376	2884	359	16	273	1581	1490	1368	2088	1107	68	548	1497	612	1022	710	243	3185	1222	123	541	302	26	3038	3513	656	2103	219	529	140	614	544	131	1412	764	1433	1096	217	216	797	1824	627	932	218	1601	1225	600	194	219	363	508	4260	329	136	2095	956	83	1009	2436	1610	855	5052	3105	484	638	774	1668	1159	3328	847	1639	95	1383	268	253	515	5094	1531	1261	559	790	727	473	1402	2940	253	141	965	282	901	1851	1589	957	173	1179	1035	1863	2132	2155	456	393	1033	1475	297	667	1010	825	1099	562	3008	627	2698	1394	1043	574	383	457	395	254	1031	1771	493	1182	1256	428	621	1877	449	1840	1491	361	1867	1297	2161	26	724	762
BHLHA15	64	89	233	449	203	207	238	74	122	250	275	495	701	657	452	2	440	363	525	38	164	332	261	323	151	72	488	4	17	241	375	387	358	1703	247	437	219	346	284	165	304	153	91	277	73	41	360	212	128	160	259	8	88	145	13	85	194	148	52	472	200	165	311	358	86	532	122	32	248	500	90	212	108	115	355	407	255	334	153	465	204	523	221	287	543	66	428	400	206	179	86	313	435	294	225	383	416	192	5	292	54	108	103	406	303	314	397	387	248	323	111	78	315	150	162	344	184	59	193	259	354	724	155	171	459	385	271	331	236	37	418	505	172	3	69	21	141	134	200	65	543	10	3	170	513	598	117	421	1	23	204	165	650	447	7	296	64	272	308	395	87	148	155	2	227	665	404	440	330	319	33	271	318	557	86	210	347	536	339	75	213	261	18	135	1	204	418	87	392	12	289	399	241	383	145	72	67	294	201	122	352	15	286	513	283	635	340	172	262	528	112	100	170	310	124	175	439	300	132	409	400	180	358	458	617	39	178	34	47	42	5	757	575	200	6	9	503	250	300	89	335	325	337	628	197	260	226	35	220	131	331	622	449	20	239	276	155	206	433	380	372	447	389	567	89	477	93	88	266	275	1	200	290	33	161	227	139	37	95	21	250	53	70	289	449	186	42	361	284	287	257	668	34	314	140	476	188	122	364	25	226	384	450	141	116	22	491	97	163	424	78	118	170	12	1	413	492	112	656	175	373	1	71	469	433	583	45	464	630	624	256	1	226	241	50	57	161	204	31	72	563	48	351	111	74	648	106	546	422	84	153	255	98	421	146	205	98	63	95	117	120	354	237	110	33	198	520	386	285	608	387	727	177	12	36	366	305	121	111	170	312	274	228	247	452	475	114	5	2	145	229	222	250	231	161	5	368	155	329	524	435	85	78	300	458	340	504	47	5	299	247	56	1	391	54	377	107	175	52	2	595	397	487	112	310	593	163	274	130	91	405	240	107	403	257	147	105	641	432	442	310	272	534	195	275	193	434	304	128	80	149	303	284	125	287	146	76	1	37	146	189	118	46	658	363	236	189	111	433	1	372	538	443	265	113	41	232	275	310	272	122	48	301	241	174	249	243	125	411	180	264	464	233	305	114	110	68	364	384	125	329	72	230	109	120	126	96	126	86	16	248	54	164	164	26	137	244	315	687	697	666	128	609	274	326	132	252	50	74	180	374	31	228	289	520	17	119	193	258	214	175	207	292	328	140	250	76	373	63	250	118	287	4	357	433	369	318	271	341	285	169	213	142	165	75	174	175	27	341	256	358	265	233	363	294	263	4	301	138	70	168	335	150	29	297	398	230	214	196	99	253	184	337	495	150	247	119	12	102	58	439	287	421	258	36	162	290	241	284	100	109	551	295	55	205	93	29	612	299	230	253	61	118	33	155	152	64	386	280	403	316	82	82	237	372	150	302	83	457	336	167	96	110	129	172	569	121	73	326	266	31	307	463	394	268	363	274	128	206	212	213	230	128	106	111	44	306	99	124	201	817	334	275	58	294	280	215	409	301	97	43	276	125	185	354	359	267	67	350	254	454	351	418	162	110	349	411	113	190	249	276	307	195	464	230	326	341	242	231	123	167	137	99	177	246	198	385	418	145	189	393	139	332	276	118	429	252	242	23	227	220
BHLHE40	251	230	613	1288	1449	635	683	158	207	528	678	3227	3090	3485	3319	12	1502	2062	2365	38	1211	1944	1745	1798	237	146	1932	37	14	566	1041	1067	2495	247	10875	1495	618	982	789	354	1330	502	160	1356	141	172	1268	2271	1428	1183	2072	39	99	312	2	124	334	655	374	3093	383	326	2286	1038	151	2565	228	66	1172	2038	158	427	395	1075	1084	1988	423	983	347	1929	602	2376	427	626	2763	402	2261	2535	614	618	207	2545	2232	1203	1160	2003	2393	555	11	920	192	194	674	3187	2734	2845	2967	1151	1442	2141	1114	146	2106	314	1886	2377	663	171	411	668	2007	3085	1148	989	2336	2883	1140	1566	434	45	1406	2008	683	1	87	15	566	301	418	269	2476	57	20	1533	1663	2169	416	1595	3	82	799	874	3033	2825	30	762	779	990	953	1237	934	1593	1030	3	991	2593	2039	2145	2535	1784	144	740	1085	1980	313	1572	1220	3099	1201	105	496	981	109	355	4	456	2146	179	2229	68	583	1134	567	2005	241	153	113	845	1215	680	2423	96	801	2663	2212	2640	1190	728	973	1821	1020	171	595	909	205	356	2214	1139	371	1442	1642	359	2305	2267	2877	53	442	547	156	519	8	4543	2285	890	218	17	3041	842	1024	456	1552	994	1407	3189	970	1547	1586	38	1695	482	2171	2553	1433	12	518	613	287	351	1291	1219	1548	2586	2141	2848	159	1526	246	143	1204	793	7	558	2233	52	1406	549	293	159	168	217	1608	89	1007	2407	1420	844	149	1649	1259	1371	808	2876	90	900	275	2322	1467	1143	2694	32	1625	1622	1102	1247	610	61	2605	129	289	2740	489	236	564	33	2	1526	2391	472	2294	347	1950	1	109	1683	2336	2614	203	1997	2602	3142	1653	13	1257	695	86	94	371	1630	144	169	3288	714	2721	140	207	2492	511	1910	2085	346	1224	618	317	1770	1107	1024	195	363	413	564	411	1305	830	333	110	1400	2779	2765	651	3736	1167	4124	417	3	66	1272	1259	528	910	1022	1965	1440	525	1320	3085	1572	205	111	73	1310	699	501	781	635	388	10	2966	321	2760	3223	2973	119	205	1030	1831	1965	2152	309	27	1037	602	122	1	805	283	2079	278	591	234	1	2264	1169	2373	898	1578	3025	1517	1048	398	1426	2639	2166	223	2838	1855	432	140	3487	2151	1973	2460	1306	3073	499	663	294	1458	1897	958	127	260	802	678	546	815	381	163	8	335	277	556	260	199	2263	3009	1734	439	235	1927	3	1706	2180	1866	996	260	80	649	921	1009	1171	713	76	1382	898	491	1591	911	454	1456	531	724	1430	442	1311	220	222	141	1187	1515	204	934	174	513	310	612	221	721	705	152	174	862	108	514	323	88	379	578	949	2599	2912	2679	229	3063	999	1142	435	700	307	197	1017	1112	28	1022	1440	2917	20	176	960	861	797	451	477	862	1218	264	614	108	861	112	721	231	1140	33	2032	2931	1275	643	587	817	909	284	449	675	300	127	381	395	41	1254	1099	976	642	527	852	992	1511	13	1288	277	262	253	1149	371	51	648	2257	432	892	407	182	537	375	768	1907	298	1246	252	4	193	641	1217	909	1417	787	28	420	1049	485	764	344	201	2053	857	80	397	171	12	2129	1411	487	1149	135	312	107	505	402	70	979	593	1158	758	143	140	580	1176	411	710	206	1285	856	420	162	160	279	378	2856	252	77	1385	722	66	757	1674	1216	647	1873	1461	340	503	533	855	818	1078	442	638	43	870	226	210	382	3690	1042	883	218	516	580	327	1109	1330	175	72	714	195	624	1083	1116	736	112	859	739	1326	1268	1415	326	223	813	1145	193	466	705	597	799	418	1977	497	1468	843	672	453	240	323	299	159	638	1020	372	880	947	319	416	1364	323	1161	818	266	1356	832	1131	9	532	616
BORCS8	238	312	962	1963	987	1047	986	240	415	1049	1308	2915	3783	3746	2575	11	2410	1829	2899	117	1231	2043	1431	1778	453	306	2574	23	37	1009	1614	1870	1969	437	1495	9223	1008	1569	1374	672	1602	695	262	1574	266	223	1893	1355	872	917	1480	54	175	587	14	253	697	822	246	2951	708	602	2050	1869	247	2617	426	103	1144	2748	273	752	506	626	1838	2400	820	1662	612	2744	1069	3089	865	1154	3351	454	2641	2484	1000	912	301	1689	2571	1399	918	2164	2385	964	20	1632	275	380	394	2461	1613	1803	2290	1919	1164	2011	721	298	1799	534	942	1833	769	225	620	1031	2272	3923	720	924	2922	2161	1224	1532	857	112	2202	2850	929	3	198	33	763	486	730	431	2819	49	16	765	2122	3163	577	2286	4	73	1191	1199	3446	2630	44	1382	390	1088	1417	1915	635	777	795	5	1361	3540	2105	2554	1701	1426	208	1053	1412	2908	365	1364	1753	3337	1742	201	846	1185	116	464	3	913	2402	290	2319	103	1067	1912	1159	2024	495	253	186	1327	958	585	1796	56	1307	3165	1635	3580	1622	912	1582	2974	611	272	883	1433	421	660	2694	1695	537	2246	2467	682	2108	2346	3457	161	732	281	149	307	14	4203	3075	1121	69	22	2857	1066	1398	411	1793	1268	1615	3439	1175	1560	1427	87	1139	628	1803	3484	1975	46	893	1076	541	649	2110	2027	2039	2625	2270	3294	322	2239	454	248	1238	1184	4	782	1787	93	885	1064	475	145	299	112	1342	131	498	1710	2419	932	257	2063	1658	1707	1234	3710	90	1471	477	2619	966	702	2035	75	1185	2121	1951	767	572	101	2571	272	524	2245	410	434	797	44	1	2378	2474	556	3471	616	2058	1	208	2564	2657	3322	263	2718	3459	3694	1376	13	1247	996	176	181	627	1011	165	268	2794	344	1919	266	245	3402	648	2763	2394	428	807	1088	447	2781	718	1245	349	368	502	661	587	1852	1196	415	87	1138	2727	2301	1079	3793	1899	4082	744	14	121	1669	1698	819	606	922	1667	1274	931	1428	2511	2422	386	54	15	887	1142	814	1297	1024	696	15	2158	521	1886	2841	2592	231	348	1606	2694	1814	2903	314	30	1375	977	192	1	1555	352	1824	426	756	309	2	3293	1781	3002	650	1933	3299	963	1116	483	523	2112	1509	415	2336	1402	635	276	3143	2547	2682	1849	1535	3384	900	1147	554	2395	1771	740	246	498	1415	1349	504	1532	535	258	5	198	553	962	438	231	3288	2068	1114	899	398	2273	2	2316	2998	2478	1312	469	159	918	1262	1514	1378	730	149	1685	1266	639	1541	1187	412	2080	672	1123	2289	706	1450	496	327	291	1538	1809	353	1474	271	862	537	597	387	394	748	232	112	1232	223	770	619	101	556	918	1495	3683	3767	3641	482	3383	1411	1611	641	1174	323	285	964	1826	57	1088	1414	3285	27	291	1038	1013	1115	708	846	1420	1768	470	1096	194	1208	191	1382	384	1423	21	1803	2523	1910	1073	1200	1429	1454	526	808	742	625	242	704	726	64	1678	1295	1819	1109	962	1562	1379	1434	12	1335	479	244	516	1587	578	81	1035	2338	859	1247	675	298	1004	602	1286	2708	564	1144	432	13	321	397	2164	1240	2118	1130	73	698	1545	913	1345	358	361	2888	1265	162	668	274	34	3133	1351	813	1386	205	426	143	745	721	157	1566	1070	2013	1264	188	258	997	1764	632	1213	327	2222	1418	693	249	293	472	667	3503	404	167	1853	1160	88	1373	2466	1981	1002	1660	1614	483	878	928	890	1230	765	404	556	116	1260	349	375	715	4315	1532	1365	267	712	1127	580	1867	1488	304	149	1282	377	860	1367	1673	1216	232	1341	1252	2128	1639	2142	653	319	1468	1805	390	789	1238	1062	1352	708	2708	902	1821	1356	987	833	481	625	553	297	701	1270	681	1791	1801	541	721	2115	489	1593	1147	418	2068	1339	1415	30	896	985
BRCA1	137	188	440	807	464	539	462	139	326	520	554	1201	1494	1519	1093	5	1094	808	1199	96	635	966	742	834	284	219	1123	17	29	500	738	827	866	219	618	1008	3517	784	598	355	748	375	160	691	150	116	821	624	384	468	698	18	123	314	12	195	356	660	121	1294	502	326	964	752	156	986	345	86	723	1146	172	382	301	254	954	1142	408	889	426	1292	532	1294	444	555	1349	251	1186	1111	513	570	238	760	1140	640	571	996	1051	493	7	653	162	216	254	1073	756	817	1033	845	709	968	354	202	810	272	421	896	377	126	343	451	1040	1538	412	482	1309	902	546	716	470	81	953	1227	493	3	152	27	439	262	376	205	1162	12	2	269	869	1278	255	1011	1	37	567	641	1383	1125	30	660	192	470	686	810	326	361	427	4	710	1373	950	1071	778	632	99	453	557	1187	200	700	821	1418	1011	132	434	741	65	286	2	486	1077	174	1079	42	540	841	534	1039	369	160	130	618	510	301	882	30	596	1403	715	1405	731	478	757	1185	246	177	518	830	231	409	1200	834	337	1026	1154	361	914	958	1442	131	513	134	68	145	6	1621	1255	565	56	14	1293	641	658	270	871	599	867	1329	589	761	714	67	539	422	820	1335	787	45	477	531	400	319	919	904	934	1214	1117	1320	203	961	280	151	582	620	3	384	843	88	368	628	276	80	174	50	609	84	252	801	1068	500	135	1045	802	821	787	1458	61	683	271	1168	420	326	878	78	579	910	845	433	372	49	1045	161	303	931	198	314	372	22	1	1075	1009	308	1382	311	882	1	151	1071	1174	1382	165	1183	1406	1473	672	10	622	610	138	145	324	381	62	150	1092	152	861	178	137	1373	306	1107	1037	379	379	537	243	1047	357	621	198	171	286	368	344	996	532	233	71	480	1124	1023	545	1443	989	1628	535	14	65	756	803	437	320	516	696	545	461	731	1035	1053	228	48	16	303	509	443	545	534	365	8	983	317	856	1189	1154	148	233	730	1105	785	1240	153	14	736	468	108	1	725	160	726	282	420	177	2	1347	734	1151	369	922	1330	435	533	297	219	917	727	285	1017	678	440	165	1292	1067	1153	857	726	1461	446	569	271	1060	809	312	132	291	653	590	305	620	414	148	4	81	287	515	236	130	1267	917	493	512	311	889	2	1156	1318	1057	638	278	112	561	658	713	672	450	91	843	628	361	921	488	199	912	344	517	1025	407	846	315	169	196	657	756	205	669	160	419	325	268	298	187	419	153	48	618	179	531	341	94	287	461	867	1387	1433	1477	281	1440	680	905	412	601	199	161	519	846	47	524	578	1384	21	187	546	472	611	391	478	770	922	255	635	165	578	161	607	229	699	11	751	1092	909	533	568	675	815	280	447	379	356	149	349	530	44	810	804	801	638	486	690	638	625	10	520	224	161	298	797	299	60	519	1051	473	657	392	170	497	325	618	1117	268	565	319	12	189	216	909	617	940	578	56	379	740	464	649	167	205	1157	627	111	368	159	31	1269	837	468	712	101	189	110	362	367	117	743	551	892	574	150	150	542	803	433	597	169	956	698	357	173	181	280	313	1449	240	117	859	558	75	612	1067	911	481	733	769	295	458	469	519	667	352	173	277	90	586	190	226	394	1601	692	799	182	346	616	326	865	673	187	111	604	224	467	576	796	605	155	654	769	865	690	967	437	205	668	860	244	391	607	547	641	395	1090	501	887	800	481	429	271	326	277	153	346	606	399	805	784	394	465	879	262	693	524	245	947	601	727	24	444	545
BRD4	190	341	735	1654	889	752	765	182	310	742	829	2168	2589	2547	1870	13	1587	1308	2383	66	1037	1492	1041	1327	326	195	1764	22	28	661	1206	1302	1481	346	982	1569	784	6381	901	515	1244	555	183	1113	187	190	1251	1104	718	726	1172	31	124	418	11	193	506	638	283	2246	523	441	1623	1175	167	1652	323	87	1074	2210	205	572	350	572	1458	1892	595	1229	532	1938	691	2078	627	843	2254	307	1970	1797	843	728	254	1419	1744	1080	768	1813	1791	672	7	980	241	255	359	1818	1321	1448	1712	1271	1114	1484	569	205	1364	403	807	1552	595	187	494	831	1692	2684	692	914	2018	1622	974	1245	677	63	1460	2004	736	2	142	25	738	419	547	329	2597	6	2	695	1713	2432	548	2123	2	43	793	940	2478	1929	50	965	336	813	1002	1351	465	672	639	4	964	2470	1713	1742	1451	1239	178	838	1092	1996	339	1019	1245	2432	1402	134	591	1064	134	371	3	611	1748	224	1709	68	775	1331	708	1677	368	191	125	999	749	406	1470	58	1108	2312	1362	2324	1162	693	1296	1993	562	231	579	1146	346	478	1839	1187	395	1696	1785	481	1537	1748	2489	79	672	254	115	246	11	2939	2140	704	105	20	2272	1070	1289	353	1319	946	1257	2446	745	1137	1069	83	867	442	1242	2326	1454	25	625	793	392	460	1477	1358	1359	1821	1810	2358	228	1557	282	208	925	939	9	684	1404	75	833	772	357	100	250	102	972	90	536	1370	1711	698	321	1563	1151	1184	1000	2709	60	1002	366	2023	770	640	1572	68	1047	1459	1363	739	517	65	1854	234	432	1745	296	310	653	35	2	1734	1907	448	2615	444	1522	1	144	1744	1992	2655	226	2202	2830	2519	1056	12	924	798	107	141	411	899	167	225	1925	231	1462	240	198	2712	553	2005	1724	281	706	750	339	1622	619	1017	205	248	324	463	406	1466	767	355	104	801	2021	1669	857	2515	1463	2841	580	9	76	1266	1209	627	532	733	1240	954	714	1025	1782	1668	265	44	21	456	689	663	782	850	429	12	1699	391	1404	2130	1965	190	229	1129	1778	1333	2018	222	23	1117	840	170	1	1047	283	1172	305	657	205	2	2592	1349	2043	565	1761	2376	771	960	390	521	1676	1187	279	1648	1112	466	204	2242	1726	1784	1287	1049	2386	613	838	402	1760	1269	567	172	390	982	812	376	967	516	220	4	154	347	614	393	202	2394	1446	771	604	309	1443	3	1664	2399	1879	918	329	101	778	958	1103	1048	523	95	1240	877	526	1040	788	390	1454	535	836	1663	528	1117	306	271	169	1166	1397	296	1077	270	701	349	472	331	389	591	180	53	846	134	559	431	105	403	743	1204	2481	2707	2635	330	2491	1071	1310	473	849	279	224	777	1306	49	842	1046	2233	27	232	735	739	822	559	644	1031	1339	329	859	150	898	168	806	338	1037	19	1303	1834	1439	811	868	1023	1136	400	656	674	437	172	482	561	61	1223	1098	1198	928	653	1030	1036	1105	13	992	341	195	355	1248	440	61	737	1663	691	927	546	259	693	515	975	1911	367	945	326	11	298	305	1484	1001	1498	850	58	523	1023	659	916	291	271	2080	924	110	463	235	26	2154	1223	606	1005	172	324	133	583	539	106	1234	776	1412	939	181	213	737	1316	467	873	192	1543	1001	541	218	222	351	483	2443	326	143	1241	774	99	951	1733	1340	763	1355	1174	436	609	677	800	960	619	331	456	83	975	252	314	541	2891	1090	1060	191	591	845	476	1314	1230	257	99	854	281	734	1017	1220	824	143	1037	948	1515	1249	1517	480	276	1076	1357	322	559	835	793	1005	547	1855	653	1299	1051	781	619	335	489	346	256	495	856	486	1229	1201	392	589	1438	364	1134	886	357	1503	852	998	29	685	819
BRF2	136	232	561	1102	667	549	603	187	278	596	940	1541	1772	1714	1278	7	1314	1043	1554	57	740	1077	760	1091	299	189	1409	24	30	700	934	1041	1032	284	789	1374	598	901	4219	401	902	427	192	754	187	155	1126	755	497	533	808	28	151	409	13	177	440	481	171	1563	468	408	1082	1212	209	1145	300	94	744	1414	188	434	329	399	1001	1208	481	980	404	1407	623	1651	510	671	1597	223	1289	1227	619	511	204	1017	1272	844	649	1238	1194	549	6	1054	209	282	274	1192	911	978	1154	1012	795	1032	450	183	921	341	578	1043	593	149	411	635	1143	1796	504	614	1390	1077	772	1009	523	76	1021	1457	530	3	122	36	468	316	444	196	1569	13	6	393	1096	1566	279	1221	1	50	591	601	1717	1326	29	766	312	573	797	981	349	507	537	3	686	1634	1259	1212	950	859	115	604	701	1435	285	751	1046	1590	994	155	608	753	79	321	2	539	1235	202	1180	52	634	995	852	1167	330	163	168	742	614	397	1029	54	730	1548	904	1585	873	489	802	1411	387	216	492	846	276	423	1342	947	355	1139	1250	423	1062	1206	1748	83	458	175	93	174	8	1963	1542	556	149	16	1481	729	878	353	1014	738	915	1739	601	815	813	74	708	410	972	1643	1071	32	606	622	374	394	1086	1011	1055	1279	1345	1515	207	1281	246	165	793	778	8	552	997	83	571	633	323	74	182	67	748	103	430	915	1159	569	144	1134	879	927	798	1839	67	813	335	1423	589	502	1054	48	723	1095	981	537	430	84	1258	189	335	1230	231	285	443	30	1	1154	1399	372	1649	434	1076	1	150	1347	1381	1660	198	1368	1718	1723	818	10	652	605	114	132	453	618	85	173	1328	177	1025	197	167	1733	409	1353	1206	254	542	733	255	1472	539	712	272	184	264	369	373	1029	734	331	94	555	1416	1142	693	1685	1060	1908	504	13	77	1000	859	430	432	578	967	793	553	771	1225	1226	251	62	36	351	872	491	951	640	574	14	1152	354	1041	1465	1355	155	255	852	1353	952	1413	172	18	873	551	144	2	828	220	830	278	540	160	2	1612	935	1574	449	1044	1705	640	772	349	380	1241	839	260	1147	838	421	210	1528	1272	1331	979	762	1639	605	683	360	1154	915	441	209	331	800	943	365	1100	364	164	3	131	452	536	282	135	1555	1030	611	487	247	1000	1	1137	1536	1185	740	292	97	551	752	942	797	389	96	956	648	441	793	874	292	1037	455	628	1159	450	895	265	200	155	816	973	259	905	173	567	293	372	280	333	494	175	69	762	134	443	414	80	336	654	871	1672	1722	1675	310	1736	806	921	389	698	197	175	572	1038	45	694	700	1623	26	235	588	559	669	455	518	817	937	396	669	157	751	142	916	290	797	15	993	1239	1088	666	632	818	774	361	533	508	378	168	474	465	56	852	771	933	707	593	782	749	778	6	646	241	172	338	885	376	57	630	1146	495	682	467	241	591	391	792	1315	452	697	266	15	216	238	1093	770	1163	716	56	421	823	576	758	249	266	1403	820	104	390	206	30	1495	913	526	807	121	256	92	430	393	114	968	688	1149	781	145	164	625	1001	382	761	269	1205	875	426	207	250	320	343	1627	239	130	898	746	66	727	1261	1069	672	1012	888	365	545	522	546	744	391	255	348	81	797	261	277	456	1888	793	705	180	548	683	451	1073	881	200	96	771	230	490	791	978	791	162	864	726	1026	930	1147	403	247	854	970	242	541	701	635	824	426	1312	556	965	801	695	535	272	345	423	230	420	833	460	944	916	338	454	1124	347	832	691	316	1182	963	787	28	572	557
CAMTA2	71	123	351	673	253	352	372	118	187	422	401	669	931	900	588	3	675	534	767	70	285	494	428	448	198	132	709	6	29	348	525	626	469	165	354	672	355	515	401	2123	456	228	129	383	140	68	560	261	168	223	331	10	88	264	13	135	296	246	71	688	268	279	455	569	115	666	195	46	318	740	127	305	167	108	591	620	317	538	262	733	338	777	381	463	847	105	646	573	346	310	155	418	630	482	282	628	587	331	6	409	126	163	139	548	370	393	518	611	301	487	151	129	435	205	189	457	266	92	255	379	538	993	185	287	709	455	354	462	384	60	648	760	294	3	118	25	211	183	296	111	761	10	1	116	668	894	181	696	1	28	335	358	846	621	14	486	81	295	435	701	132	146	201	3	366	905	563	601	384	376	63	365	385	822	155	303	512	777	523	98	296	412	33	175	1	363	604	148	559	24	440	607	397	561	203	115	96	430	293	157	463	15	437	750	344	905	455	272	462	910	101	147	297	458	216	331	675	510	214	661	679	290	498	601	823	76	300	54	65	64	11	993	826	325	11	9	690	383	573	129	506	422	462	824	280	392	330	53	306	220	490	863	550	33	350	403	239	265	805	636	562	662	573	809	150	624	196	127	373	422	1	273	409	54	162	381	195	55	151	23	305	66	83	377	694	292	78	568	464	464	422	920	42	624	219	655	202	132	466	41	273	619	612	184	180	36	636	148	231	573	97	185	269	16	1	666	586	168	940	263	518	1	108	697	710	860	85	707	915	875	341	5	344	320	84	103	234	174	50	131	651	90	441	141	92	922	173	761	577	140	194	396	183	599	180	334	156	73	136	190	216	517	362	175	41	252	684	538	433	816	586	975	300	14	50	496	475	229	150	247	390	329	333	374	570	710	171	10	3	133	318	460	351	504	238	8	494	225	436	790	622	123	140	488	676	443	739	88	9	434	349	89	1	513	93	387	172	270	88	2	901	563	671	162	506	839	220	479	172	81	543	324	192	538	338	242	143	717	628	676	458	402	784	341	410	243	678	410	159	109	236	494	434	193	455	220	129	1	37	206	336	164	71	883	548	322	338	175	559	1	638	799	641	370	203	79	301	440	480	414	199	82	451	384	238	368	318	188	571	238	366	645	288	413	186	130	125	492	489	164	497	115	321	205	162	190	103	216	125	18	386	111	276	266	52	177	379	496	913	929	938	227	845	410	491	220	412	104	119	285	569	41	316	334	757	21	148	298	318	359	268	349	485	498	194	447	125	399	104	385	281	426	8	428	573	584	371	428	507	437	229	505	244	266	134	293	295	40	474	389	600	505	359	491	424	372	4	347	180	100	236	614	228	50	354	558	532	376	299	131	387	242	489	695	197	315	204	13	132	84	697	416	625	378	45	300	445	362	462	117	176	759	429	110	268	128	27	843	406	324	385	96	151	66	258	281	87	545	430	664	427	102	128	376	518	216	429	121	696	465	265	151	149	231	215	817	267	99	488	386	36	483	684	611	375	433	413	209	332	345	275	397	138	136	136	83	421	132	187	318	1047	461	430	114	271	450	237	576	568	139	76	439	168	288	366	528	422	123	467	400	630	451	629	271	159	684	595	278	288	420	398	471	303	710	372	525	462	353	315	216	254	205	148	270	345	298	590	551	220	291	618	189	490	346	171	655	356	403	26	325	362
CBFB	237	287	718	1291	1265	856	835	194	248	767	783	2804	2746	2951	2694	12	1661	1471	2284	79	1241	2094	1408	1719	325	220	1930	39	33	628	1260	1235	2266	304	1330	1602	748	1244	902	456	7197	663	208	1576	201	237	1371	1717	1083	1113	1768	22	136	379	14	179	478	675	330	2681	455	421	2136	1199	176	1989	296	114	1229	2078	195	570	439	936	1306	2021	535	1156	465	2010	758	2295	573	757	2544	395	2271	2407	761	728	260	2098	2287	1250	1003	2082	2342	818	13	1077	209	251	502	2552	2063	2206	2568	1283	1436	2073	811	199	2039	343	1415	2075	807	208	543	811	1947	2754	1103	1135	2408	2368	1206	1633	573	69	1579	2102	837	3	146	27	639	392	550	286	2117	29	8	1051	1438	2042	404	1574	6	55	886	1090	2803	2673	31	870	761	930	1050	1364	736	1321	1164	6	1176	2525	2146	2106	1988	1574	170	811	1092	2012	371	1466	1374	2740	1388	136	559	1184	109	337	2	593	2244	222	2326	50	720	1330	678	2186	313	236	151	992	1040	570	1966	87	1131	2688	1817	2563	1515	928	1139	1885	887	212	731	1060	319	483	2352	1320	489	1770	1869	440	2334	2163	2703	99	626	390	136	367	11	3237	2259	929	254	18	2719	1056	1269	561	1576	1083	1429	2483	1132	1669	1584	67	1277	434	1446	2575	1496	36	554	716	353	496	1385	1375	1565	2092	2224	2376	245	1620	321	190	1173	899	6	690	2121	77	1130	663	363	143	239	149	1531	100	906	2119	1566	1023	191	1641	1199	1370	973	2747	74	1013	371	2320	1228	1106	2307	72	1437	1488	1253	1059	650	77	2369	197	363	2292	395	292	666	31	1	1682	2237	625	2354	425	1987	1	151	1950	2355	2337	221	1941	2391	2882	1618	13	1169	748	140	132	426	1358	143	222	2486	244	2162	191	227	2342	528	1951	2303	362	1161	682	441	1999	1178	1187	226	284	439	508	507	1493	741	396	123	1278	2629	2477	809	3043	1460	3254	524	14	87	1430	1264	689	930	1131	1800	1342	707	1485	2587	1713	268	126	69	863	776	575	860	750	445	13	2459	391	2182	2756	2550	167	295	1175	1904	1815	2185	238	19	1208	728	142	1	974	302	1606	396	697	292	2	2215	1313	2489	885	1538	2785	1266	1165	527	1119	2302	1931	269	2409	1738	483	186	2940	1914	1961	1710	1253	2860	592	825	378	1674	1938	884	163	335	934	773	471	942	489	208	3	276	338	752	340	187	2330	1692	762	591	295	1872	2	1891	2155	1956	1152	385	119	731	906	1094	1236	685	99	1604	1040	549	1527	1015	484	1552	605	852	1636	515	1182	348	269	227	1259	1714	264	1003	206	659	401	607	251	633	856	192	144	920	165	549	434	111	455	670	1109	2494	2625	2484	328	2975	1186	1340	545	829	339	227	1166	1253	47	963	1364	2668	25	232	1006	903	1044	572	594	918	1435	325	821	150	891	168	828	263	1401	17	1875	2496	1321	722	817	965	988	349	596	762	417	175	464	512	54	1212	1201	1192	812	638	1039	1105	1439	14	1158	330	277	326	1312	459	75	759	2330	625	1061	512	254	687	472	928	2024	348	1213	293	13	249	482	1438	1050	1505	870	61	540	1070	573	964	340	258	2252	954	127	484	215	30	2150	1554	584	1358	164	382	129	675	520	114	1141	706	1336	927	163	205	717	1435	453	779	204	1396	1008	568	194	202	371	489	2698	324	126	1595	840	91	929	1697	1317	765	1845	1660	426	572	724	851	1097	907	380	663	88	1037	249	258	481	2830	1205	961	239	622	706	425	1183	1435	263	118	877	249	681	1148	1306	848	142	1013	838	1602	1330	1625	410	264	1023	1228	272	546	800	757	975	541	2148	611	1700	979	734	548	345	454	329	237	555	1011	420	1148	1141	364	491	1465	362	1224	943	309	1561	988	1261	28	681	795
CBX1	140	161	317	562	330	425	338	93	134	368	368	942	1027	1067	850	3	717	539	818	30	448	755	553	606	156	105	765	7	15	305	563	540	667	153	502	695	375	555	427	228	663	2353	117	653	104	117	565	497	284	353	590	17	64	204	4	83	232	302	128	948	218	219	699	510	101	801	153	53	433	814	86	281	187	199	622	803	269	507	236	831	359	880	270	371	931	160	894	823	327	351	139	639	850	477	351	759	803	388	2	452	154	115	133	844	617	653	840	558	421	737	260	104	651	148	359	681	263	124	241	348	767	1062	249	412	922	752	408	492	275	30	690	875	384	1	75	14	364	201	273	151	765	4	2	210	620	879	171	684	6	18	425	496	977	897	23	384	138	354	476	547	175	276	324	4	477	997	726	773	589	518	93	351	434	817	178	550	579	992	595	71	268	477	42	139	1	304	819	105	864	36	325	603	346	716	143	120	63	434	340	185	728	22	488	984	557	990	603	393	511	808	176	118	334	491	168	233	830	569	237	719	796	243	758	722	1007	49	310	108	55	122	5	1121	904	397	38	14	950	392	496	167	606	420	537	923	447	644	559	32	428	193	589	944	588	11	294	354	169	228	592	625	639	832	823	940	116	644	179	110	427	378	9	278	641	41	292	323	191	54	107	45	453	46	188	685	698	379	90	720	556	603	391	1049	25	462	186	822	314	240	713	40	407	625	570	267	208	43	772	101	192	701	144	147	309	19	1	752	764	275	958	230	659	1	75	775	915	970	149	886	994	1047	500	10	467	331	70	61	211	292	64	129	849	135	654	104	103	956	234	824	815	173	312	343	204	781	297	437	122	109	168	256	228	630	366	145	38	394	860	817	389	1053	624	1097	242	4	63	594	588	365	232	349	575	407	356	536	830	692	156	24	9	248	341	263	390	353	229	6	791	188	692	879	906	96	139	551	825	603	884	110	14	509	393	78	1	477	147	546	176	299	112	2	937	577	891	305	712	943	350	405	204	166	699	590	129	815	509	199	86	966	782	821	621	532	1034	307	420	185	720	637	226	100	192	429	367	231	448	229	97	2	76	170	357	198	102	935	706	351	302	140	720	1	807	856	802	429	202	61	289	378	502	475	283	51	609	470	228	584	366	136	690	210	382	702	215	446	198	116	109	501	581	126	464	114	342	193	205	133	121	317	102	45	407	85	268	230	56	210	319	495	967	1015	962	152	1012	511	603	258	409	190	112	424	583	21	388	537	988	13	113	397	345	425	290	307	423	642	167	385	69	371	80	357	146	580	9	602	852	585	334	395	457	462	177	286	343	221	100	225	261	28	520	474	539	394	304	491	505	494	4	424	140	108	156	531	227	29	372	836	284	451	266	127	344	241	410	861	183	404	147	3	135	172	633	439	611	406	29	258	505	265	449	157	128	861	427	50	226	109	11	861	479	286	527	89	152	71	349	274	53	497	331	600	422	77	111	349	627	225	373	101	616	441	282	101	106	200	247	1034	160	65	667	387	51	411	706	598	325	589	618	207	292	359	342	495	285	137	206	41	432	138	143	263	1089	545	471	100	228	346	214	541	490	131	69	414	144	308	419	575	401	76	449	426	680	505	688	216	120	468	545	130	273	397	359	471	261	869	300	673	404	310	264	175	225	151	125	217	392	225	499	529	183	226	653	167	499	406	134	685	432	533	13	325	427
CBX2	43	47	135	173	144	159	148	55	87	172	160	292	338	330	283	3	297	212	269	34	124	222	185	215	99	69	305	5	21	152	213	242	243	91	160	262	160	183	192	129	208	117	981	194	110	46	214	164	101	134	178	4	55	117	11	67	171	100	28	270	119	111	199	214	62	279	98	32	161	264	61	147	90	76	193	234	143	204	112	280	150	293	143	180	321	69	256	258	146	142	78	199	280	189	141	240	256	143	31	191	53	87	70	245	186	210	242	233	159	225	80	60	220	79	127	224	139	54	127	134	205	384	101	105	269	236	226	199	136	32	253	270	113	3	51	20	100	83	140	62	213	69	1	63	271	293	43	200	1	8	163	134	320	275	8	188	61	153	203	229	87	107	114	2	168	337	247	242	206	196	28	138	144	315	66	155	230	314	210	54	128	180	22	80	1	139	243	74	240	11	162	237	171	238	95	58	60	186	129	103	206	12	172	305	206	350	220	133	145	316	71	68	143	198	103	124	275	225	107	244	263	122	231	240	312	35	134	29	41	32	7	394	308	169	12	5	279	142	173	83	208	185	198	319	153	184	176	27	156	110	188	326	243	18	204	155	105	148	246	244	234	253	242	305	71	262	91	60	233	171	2	107	203	24	107	165	83	25	65	10	156	35	53	192	244	135	28	235	188	190	173	329	28	188	111	267	112	77	215	18	139	215	235	108	105	17	264	74	96	241	54	86	117	11	1	227	250	103	315	101	229	1	61	307	255	274	30	220	279	337	177	2	159	145	53	56	110	102	28	66	299	37	230	69	49	291	73	283	254	74	118	153	91	261	112	161	91	41	85	77	95	226	197	70	32	126	288	241	173	341	242	356	135	14	33	198	180	88	90	122	191	152	146	165	270	245	85	11	5	82	148	124	166	143	129	5	243	98	223	295	252	63	71	172	269	215	290	29	6	200	133	21	1	182	60	204	96	134	41	2	290	205	289	95	179	319	120	158	85	66	233	182	85	251	193	106	71	303	277	278	213	170	313	149	155	105	249	193	85	66	102	187	182	114	206	104	64	1	28	106	150	72	45	346	237	137	140	86	249	1	238	293	249	172	106	40	124	166	180	188	99	45	206	178	122	194	160	70	250	99	170	256	124	192	88	68	64	209	211	67	181	44	122	98	69	82	74	120	64	24	165	60	123	132	34	97	152	198	335	347	338	129	345	184	201	108	177	54	70	136	238	33	140	175	308	17	74	161	157	155	132	138	183	192	94	184	56	170	47	187	88	192	3	231	274	224	151	159	194	190	102	138	119	96	68	137	134	25	214	182	226	187	170	197	180	187	5	165	77	46	97	190	104	23	181	264	137	166	122	65	172	108	189	250	113	166	91	12	66	54	249	169	247	173	31	113	198	139	201	66	74	311	197	54	123	59	20	301	191	141	185	57	88	24	121	128	53	207	171	253	187	58	70	168	226	112	171	72	257	199	136	67	73	118	105	330	87	52	209	161	18	181	245	234	165	208	200	96	154	151	150	180	90	68	87	38	180	66	80	133	405	203	184	57	130	167	109	226	199	72	45	231	81	120	186	211	173	52	197	185	257	191	242	120	88	206	256	76	126	173	161	178	123	265	129	210	233	159	126	114	123	97	65	113	161	125	220	227	98	136	251	87	205	163	80	257	174	186	20	137	156
CBX5	312	276	595	1038	1282	859	719	153	242	665	722	2823	2658	3111	2939	9	1404	1446	2019	87	1097	2163	1533	1721	282	238	1773	34	32	518	1193	1070	2320	277	1356	1574	691	1113	754	383	1576	653	194	7345	169	231	1263	1973	1282	1346	2059	19	121	331	12	146	371	532	359	2511	376	353	2037	994	137	2265	288	114	1226	1961	184	481	427	1041	1136	1989	438	897	403	1668	605	2173	451	686	2422	490	2298	2584	682	748	227	2144	2429	1210	1022	1945	2436	763	15	1015	229	210	574	2913	2114	2346	2776	1185	1411	2199	801	172	2197	318	1518	2190	635	197	503	517	1888	2732	1023	923	2398	2821	1202	1435	483	60	1497	1793	646	3	133	25	647	347	497	304	1926	22	15	1219	1375	1654	343	1296	16	62	890	908	2654	2803	30	698	616	1085	1030	1286	905	1403	1117	6	1238	2549	1989	2239	2099	1615	151	598	1084	1629	270	1688	1292	2886	1340	126	462	1027	117	340	2	501	2441	204	2563	33	590	1177	542	2043	260	226	117	1012	1096	616	2081	74	1001	2740	2023	2659	1595	997	960	1709	976	178	764	936	279	417	2381	1233	452	1624	1781	391	2524	2257	2511	113	570	471	174	445	9	3325	2067	1053	135	28	2800	909	1076	497	1630	1032	1371	2448	1401	1860	1733	58	1343	415	1333	2394	1528	39	495	674	320	430	1128	1208	1470	1990	2119	2349	254	1498	343	195	1125	811	7	620	2189	75	1159	577	343	206	220	210	1638	98	785	2353	1490	1057	168	1510	1092	1252	800	2491	76	841	322	2132	1235	959	2443	67	1533	1182	1185	1034	589	90	2408	170	323	2236	392	247	564	31	1	1445	2209	585	2087	365	2035	1	133	1805	2441	2106	171	1692	2165	2961	1688	14	1299	663	141	123	381	1436	152	220	2889	257	2224	184	265	1983	533	1740	2345	378	1311	581	410	2010	990	1108	184	229	410	477	510	1391	669	348	98	1710	2621	2711	643	3265	1273	3259	454	14	114	1377	1140	629	906	1129	1707	1263	649	1637	2707	1649	256	92	53	1363	695	499	797	671	381	7	2573	350	2363	2791	2425	154	303	923	1625	1669	2058	187	21	1055	623	111	1	820	333	1991	356	661	213	2	1952	1101	2401	858	1453	2664	1064	1002	459	982	2107	2149	250	2715	1683	451	154	2989	1789	1710	1786	1266	2918	514	736	317	1572	2054	922	152	321	776	637	429	845	456	207	7	367	291	748	313	173	2177	1687	777	628	277	2204	3	1929	1983	1813	1161	359	121	697	683	863	1238	740	99	1611	1143	553	1878	964	480	1590	576	847	1567	458	1186	343	241	238	1143	1709	234	860	204	609	455	640	218	536	923	179	143	856	191	601	387	83	475	523	1043	2423	2619	2358	266	2937	1091	1212	563	720	376	251	1288	1135	36	1087	1689	2795	22	200	1190	882	1088	569	493	838	1288	290	726	135	826	143	762	239	1439	16	2046	2722	1251	663	726	883	1002	297	464	768	406	165	393	477	49	1317	1286	1067	727	579	1006	1203	1484	10	1452	351	315	279	1306	456	72	623	2572	527	1098	499	220	601	451	833	2152	305	1182	263	12	253	507	1209	1010	1404	836	53	490	1041	440	830	378	198	2229	857	97	441	215	23	2157	1348	555	1375	164	380	112	647	530	96	1047	560	1155	871	141	198	634	1434	476	679	168	1163	903	524	159	167	314	461	2853	292	108	1732	713	76	883	1719	1202	583	1738	1859	388	513	701	928	949	1293	418	723	82	947	212	209	420	2906	1258	937	289	471	609	374	1058	1427	229	133	769	245	659	1148	1190	731	129	915	793	1519	1292	1524	358	241	772	1033	226	540	821	702	895	499	2186	494	1823	916	644	479	306	414	273	179	537	991	376	979	1059	321	415	1343	325	1200	922	281	1389	903	1372	25	565	732
CC2D1A	35	64	140	186	143	158	140	60	87	158	172	277	305	326	246	3	293	221	259	36	129	224	176	233	100	80	294	7	26	174	199	220	215	73	141	266	150	187	187	140	201	104	110	169	725	35	214	159	100	137	180	6	54	116	13	61	179	108	40	267	123	115	212	233	87	216	82	33	158	277	77	116	90	80	213	251	149	211	126	258	173	299	144	174	285	69	244	239	162	124	69	194	246	173	146	230	231	143	2	199	55	105	81	234	175	198	223	235	162	218	87	72	195	92	114	209	140	48	113	116	200	316	107	124	271	219	217	191	147	34	230	258	110	3	53	23	115	84	125	49	268	4	2	74	216	262	68	224	1	12	159	131	310	265	1	169	59	150	191	220	78	95	125	2	168	304	220	245	190	180	34	105	149	246	58	168	222	282	223	75	148	173	15	97	1	142	255	74	233	14	169	223	171	244	92	65	71	189	148	114	218	9	159	288	193	292	198	118	165	264	89	66	144	170	92	118	274	207	109	220	253	119	207	236	306	39	120	36	32	39	7	342	273	139	17	8	260	165	173	88	237	170	181	278	146	198	188	28	160	104	198	285	203	23	219	164	107	94	237	227	229	248	258	286	71	244	85	67	255	175	1	125	203	30	104	153	105	29	64	13	151	39	54	180	222	143	32	222	203	208	171	306	31	199	93	246	114	79	204	26	143	207	216	104	109	26	238	59	93	229	51	91	102	9	1	219	248	98	294	126	227	1	57	312	251	268	57	232	285	306	169	3	159	138	62	48	115	97	25	50	234	36	208	75	58	275	90	237	243	75	124	175	80	269	109	148	85	32	81	89	102	216	132	83	31	123	273	237	182	298	218	334	128	15	27	206	201	106	91	125	146	157	133	174	227	249	88	6	4	64	162	147	180	155	131	2	238	116	220	289	253	68	81	172	262	196	259	38	3	184	144	35	1	192	53	162	90	137	34	2	287	172	269	82	191	304	108	149	92	65	242	176	88	237	172	117	80	273	232	258	207	178	302	156	174	99	239	196	93	79	122	190	183	115	188	95	61	2	27	104	141	83	40	263	205	123	141	93	213	1	244	277	211	165	97	43	125	143	197	195	97	45	198	162	112	155	158	72	206	116	166	239	125	180	91	73	67	186	212	83	193	63	122	108	67	86	67	119	70	16	195	66	125	118	33	101	144	196	290	301	305	144	319	184	193	114	168	35	72	145	223	29	156	150	294	15	77	136	132	149	144	142	186	188	84	171	61	171	50	183	98	180	4	203	250	251	166	161	206	175	96	131	113	121	67	136	132	28	182	168	219	194	139	195	184	163	4	146	81	56	108	203	115	31	143	228	139	154	133	71	159	92	189	257	115	137	96	11	64	49	226	174	240	153	28	137	185	149	183	45	93	269	185	56	119	69	20	291	184	136	184	46	79	30	98	116	50	215	158	235	166	52	66	159	191	115	163	80	229	193	123	74	85	111	104	302	96	57	208	174	20	187	265	226	168	191	198	108	148	144	133	174	92	67	88	45	172	72	80	132	323	182	173	53	111	179	111	217	180	73	49	248	78	114	159	208	188	65	184	175	216	166	240	108	82	199	200	93	145	187	159	184	136	253	145	223	180	163	137	97	115	112	62	108	179	129	216	213	101	118	234	90	190	153	85	240	182	185	19	122	123
CCAR2	50	62	106	146	159	134	124	36	33	112	121	333	314	342	305	4	224	196	327	15	173	262	186	230	50	48	232	7	10	75	176	159	260	41	172	223	116	190	155	68	237	117	46	231	35	805	182	212	138	148	228	2	27	49	1	13	57	125	68	332	48	51	286	167	24	233	56	21	166	280	30	80	85	113	172	236	66	147	66	238	106	289	61	98	304	79	311	287	129	124	42	293	280	194	159	273	284	147	1	163	83	43	54	313	266	286	297	168	207	271	139	25	230	46	200	270	110	49	95	75	266	322	125	147	287	310	190	218	88	7	186	260	120	1	25	2	167	99	90	61	291	2	3	111	210	280	65	248	1	11	153	178	327	322	10	93	106	136	170	189	75	160	191	2	181	303	285	279	276	230	45	102	164	228	65	203	205	308	214	23	86	165	23	43	3	72	292	29	282	6	80	174	106	279	39	44	29	142	138	86	274	9	167	318	302	307	233	147	212	233	111	35	136	159	43	82	296	199	89	226	254	52	285	272	320	24	114	56	19	57	1	354	292	144	29	4	329	145	186	97	242	159	189	292	193	235	240	11	175	60	190	287	212	5	86	91	53	78	141	160	185	264	312	278	46	222	54	40	175	143	5	110	272	11	200	88	65	21	35	24	207	16	135	275	187	155	51	203	153	187	136	322	10	112	49	310	171	164	292	8	185	181	158	124	90	14	288	34	59	303	58	58	148	21	1	217	309	142	289	63	279	1	14	256	297	294	42	250	334	323	225	5	192	118	22	15	61	171	67	78	289	22	243	40	54	290	117	260	288	90	181	110	82	286	151	185	27	33	70	81	109	227	91	81	23	189	305	297	103	332	207	358	72	1	17	216	185	155	129	169	261	161	114	239	292	241	46	12	6	118	133	86	138	127	83	4	299	62	258	319	315	28	76	157	251	226	263	36	5	221	131	24	1	109	74	176	87	153	36	1	284	166	325	185	229	319	185	171	100	116	254	247	35	282	210	70	27	323	214	238	201	189	333	89	133	47	235	256	121	40	62	114	110	88	157	89	48	3	42	62	140	99	62	299	201	92	94	39	310	2	261	278	253	169	75	17	117	107	165	194	113	21	252	157	115	227	162	74	181	96	134	253	72	162	63	60	44	170	235	47	143	41	137	84	121	44	80	186	33	30	138	35	93	60	24	94	105	156	301	310	278	32	338	171	207	84	110	111	45	186	193	5	143	232	317	8	56	158	121	165	98	77	130	210	70	124	19	138	34	132	60	214	4	274	313	180	115	105	131	141	56	89	198	69	25	68	86	8	172	196	150	131	114	139	170	205	4	159	47	57	40	194	77	11	116	280	95	178	85	46	102	104	124	294	66	192	39	1	70	120	173	182	223	150	7	88	151	62	125	75	32	266	168	19	59	46	2	278	225	112	219	35	71	26	124	83	11	196	101	180	149	26	39	111	243	85	110	20	168	154	83	34	36	53	81	309	47	24	222	143	19	127	237	176	104	224	228	92	82	127	140	183	122	63	116	7	169	44	37	85	337	186	139	40	102	106	68	159	214	47	33	114	39	128	196	191	113	21	158	117	194	201	229	52	52	119	146	36	100	153	120	150	92	296	73	230	129	123	88	43	75	50	32	85	173	48	138	164	50	70	205	78	189	158	53	219	169	184	3	104	142
CCDC6	224	285	800	1675	1002	798	885	221	362	825	977	2489	3135	3005	2139	12	2044	1626	2467	90	1078	1737	1272	1681	405	239	2209	25	31	893	1391	1499	1716	360	1268	1893	821	1251	1126	560	1371	565	214	1263	214	182	7517	1259	838	877	1328	29	168	548	14	224	585	679	257	2553	603	507	1711	1385	244	2038	358	109	1068	2264	228	614	454	668	1496	1944	651	1391	513	2239	890	2652	701	910	2779	346	2133	2065	846	712	270	1586	2120	1245	905	1905	1987	759	14	1217	234	357	423	2039	1489	1619	1969	1565	1154	1683	671	263	1551	441	965	1670	761	199	568	980	1891	3145	728	902	2300	1827	1162	1467	659	88	1680	2339	758	3	160	35	585	413	603	284	2514	20	11	747	1791	2629	460	1959	1	77	930	910	2917	2206	32	1146	424	925	1217	1464	596	844	797	2	1071	2800	1927	2006	1500	1305	151	960	1115	2355	368	1160	1569	2669	1490	199	775	1105	106	404	4	775	1971	269	1939	67	880	1499	903	1843	420	201	184	1067	907	582	1664	49	1062	2551	1457	2747	1317	780	1203	2274	613	237	716	1184	361	544	2197	1440	465	1826	1965	545	1754	2010	2861	127	629	274	141	268	9	3449	2622	904	148	19	2479	1025	1231	439	1516	1146	1408	2885	931	1327	1248	77	1087	535	1588	2794	1586	43	818	927	466	542	1698	1555	1652	2184	2004	2575	256	2238	356	198	1142	1079	8	707	1617	98	860	849	390	126	259	109	1171	113	576	1530	1785	867	185	1753	1323	1411	1047	3093	85	1213	430	2258	914	745	1796	64	1109	1748	1422	761	540	84	2192	231	445	1978	360	362	631	32	2	1881	2214	508	2812	552	1697	1	191	2178	2209	2801	241	2194	2900	3001	1242	12	1039	865	153	156	727	1112	130	204	2333	294	1702	245	213	2876	512	2158	1929	350	812	970	373	2045	779	1057	318	275	367	494	485	1563	955	420	111	921	2236	1934	945	2939	1568	3379	639	14	97	1456	1367	619	634	840	1544	1235	769	1210	2154	1893	323	73	30	647	925	705	965	823	546	16	1913	440	1683	2410	2230	177	285	1315	2228	1634	2346	250	21	1203	782	171	1	1242	297	1449	359	729	221	2	2700	1455	2337	613	1599	2789	919	1107	447	636	1956	1304	343	1892	1265	541	257	2627	2097	2168	1576	1251	2799	793	941	476	1779	1471	674	192	406	1183	1037	442	1225	475	200	3	215	424	718	362	167	2698	1718	938	695	316	1675	4	1828	2469	1939	1121	389	139	792	1163	1415	1179	603	132	1475	972	592	1266	942	416	1637	617	881	1792	605	1325	369	295	218	1292	1511	323	1261	221	769	413	558	340	485	716	206	71	1122	179	604	499	100	469	867	1239	2842	3006	2915	414	2818	1225	1364	565	1030	264	239	932	1547	60	1002	1145	2696	24	264	886	873	944	593	721	1246	1428	378	939	195	1073	151	1015	337	1217	20	1568	2131	1572	875	908	1155	1126	474	725	642	506	213	598	598	62	1351	1132	1360	957	783	1110	1162	1220	15	1103	384	251	430	1358	493	74	926	1953	722	998	592	274	798	570	1141	2074	419	1044	348	16	254	344	1675	1117	1782	1049	70	546	1260	815	1115	349	324	2297	1134	138	546	248	32	2458	1301	684	1210	164	329	120	616	559	147	1371	931	1605	1061	179	206	822	1496	532	1068	319	1841	1470	599	218	262	431	467	2807	342	142	1484	963	83	1001	1959	1625	914	1558	1358	473	744	711	828	1106	665	390	505	100	1116	323	350	623	3370	1250	1060	241	620	890	515	1596	1344	267	126	1052	295	718	1221	1423	1129	196	1216	1031	1606	1455	1759	557	300	1233	1581	337	707	963	876	1147	556	2144	788	1519	1179	925	683	372	492	496	277	640	1468	595	1348	1318	448	625	1798	436	1348	1030	397	1827	1025	1194	30	795	792
CEBPA	488	344	468	999	5237	614	651	141	188	433	719	9478	3781	5478	10510	17	1286	2146	4104	67	2272	3962	3003	4713	240	195	2710	140	29	379	1095	921	7584	212	2271	1355	624	1104	755	261	1717	497	164	1973	159	212	1259	32271	8984	5373	10619	39	115	215	13	108	228	534	939	5925	302	242	6243	883	93	3748	218	172	2751	2297	142	322	522	3419	941	2977	325	762	287	1699	416	3224	307	477	3286	1247	3313	5692	763	657	155	8941	3264	1970	2225	3756	4744	581	10	1055	180	165	1722	7791	10130	10835	9366	952	4418	4365	2076	145	5102	306	6979	6916	1141	173	428	357	3079	3242	4390	2383	2771	9762	2021	3554	391	56	1231	1836	541	3	98	22	674	273	500	327	4731	45	102	6086	2160	2188	963	1771	19	281	812	727	5023	6957	25	487	2254	1600	881	1277	5705	6199	2448	5	1416	2762	4721	3446	9072	5306	145	514	1216	1495	611	4381	1510	4697	1571	104	405	1329	220	565	2	336	3492	161	3836	58	401	944	459	5243	209	171	98	1013	3131	1462	5714	407	831	4350	6813	2537	1412	961	938	1509	3237	155	703	800	180	298	3409	1246	416	1545	1759	239	6010	4521	4230	89	423	1593	308	1527	8	7323	2120	1119	625	30	7014	1385	1360	1153	2752	1311	1977	4265	1754	2851	4393	58	2695	461	1794	2786	1703	37	404	508	273	300	856	907	1342	2606	4792	2564	217	1684	259	164	2146	879	8	713	7320	77	4605	427	249	389	159	650	4017	87	3795	8944	1153	1486	163	1706	1314	1530	996	3276	85	599	263	3871	3814	3652	7316	59	5028	1376	945	4746	1805	104	4240	122	229	8553	859	211	500	37	1	1252	4728	650	2097	271	4222	1	97	1784	4807	2905	224	2210	3094	4350	4523	17	1743	827	116	88	317	5767	209	167	6801	380	8054	152	393	2664	786	1635	3408	380	3555	456	375	2332	2787	1828	132	545	639	646	498	1437	534	460	240	3183	5670	7313	493	7277	1072	8612	489	14	82	1523	1262	493	2826	2331	3945	2697	485	2382	7585	1708	186	347	236	3033	918	468	940	680	391	12	9792	315	8198	9123	6938	112	314	795	1557	3154	2198	237	35	1487	499	97	4	642	464	3658	328	894	197	2	2133	853	3920	1849	2054	5393	3236	1586	514	5146	6926	7091	203	6760	4978	970	109	6908	1848	1787	3472	1652	5182	333	607	216	1413	4098	2336	135	260	582	498	527	754	454	176	6	772	248	582	267	149	2329	2541	1286	530	256	2248	5	1896	2284	1764	1342	278	94	832	542	709	2184	1418	95	2000	1311	709	2394	1586	1007	1527	856	853	1613	453	2094	263	234	177	1404	2452	183	751	229	499	392	1230	213	2021	1272	164	270	1020	149	555	264	71	597	480	989	2667	3650	2978	182	5798	1132	1240	488	544	498	368	2032	1058	36	2037	2953	5449	20	154	2089	1383	1096	505	336	676	1314	293	568	116	1013	104	700	222	1753	19	4755	7638	1535	593	490	755	1022	212	355	1140	322	115	303	384	47	1590	1938	811	584	470	720	1581	2564	10	2619	325	667	186	1812	383	58	515	4423	374	1156	465	237	453	365	714	2314	270	3235	220	18	186	2161	912	1035	1514	797	47	396	1182	333	606	848	146	2305	923	69	353	256	19	2442	3042	446	1746	157	429	82	450	371	70	967	462	931	756	180	140	471	1395	467	570	139	984	835	427	137	142	213	375	3487	207	84	1586	634	60	692	1884	1120	579	4462	2808	379	391	505	1539	754	3867	932	1718	56	1108	169	152	284	4337	1111	853	557	606	450	322	929	2532	158	104	615	194	662	1417	1188	631	105	863	696	1180	1987	1585	248	350	560	870	187	461	720	532	780	362	2307	389	2217	915	794	341	217	269	244	177	979	1474	291	702	815	271	367	1312	350	1361	1254	278	1333	1088	1793	23	464	538
CEBPB	310	211	348	714	2903	386	420	94	94	268	481	5464	2544	3387	5864	12	875	1363	2629	23	1552	2674	2110	3633	146	109	1998	118	8	230	698	595	4335	128	1428	872	384	718	497	168	1083	284	101	1282	100	138	838	8984	20091	4981	8156	41	64	132	1	52	147	382	646	3857	181	147	3753	590	51	2386	132	133	1651	1580	80	193	321	2097	659	1841	198	533	206	1192	297	2101	172	316	2120	821	2143	3271	502	391	96	5126	1979	1178	1517	2321	2762	349	8	684	121	100	990	4790	5538	5983	5140	637	2746	2736	1323	86	2966	192	3850	3883	718	118	279	265	1897	2247	2521	1446	1822	5697	1401	2103	256	17	749	1320	370	1	44	5	427	180	304	222	3031	41	65	3436	1523	1627	626	1246	10	179	510	500	3155	4200	18	316	1271	973	544	846	4660	3532	1507	3	908	1812	2802	2051	5313	3271	93	383	786	1121	339	2516	962	3042	1042	49	257	888	258	345	2	199	2099	88	2352	55	245	590	274	3056	118	91	53	647	2100	889	3653	238	547	2819	4159	1657	863	614	675	1020	1849	88	441	500	106	179	2286	832	245	989	1169	150	3518	2819	2929	36	320	975	173	927	2	4533	1429	707	418	16	4113	915	903	794	1663	841	1193	2709	1094	1826	2461	29	1563	267	1183	1775	1058	7	265	310	149	175	593	563	853	1687	3087	1672	112	1185	129	98	1320	588	6	477	4170	49	3016	261	152	213	86	382	2441	43	2174	5488	727	1039	108	1198	944	1091	624	2305	39	377	137	2649	2239	2119	4219	28	2983	1020	611	2672	1037	59	2719	78	139	4682	591	128	344	25	1	852	2983	406	1474	172	2481	1	46	1244	2971	1979	152	1447	2100	2741	2535	16	1061	485	57	40	188	3498	165	111	4182	252	4471	94	252	1829	579	1128	2069	239	2153	309	241	1502	1604	1208	78	424	445	479	320	993	352	297	162	1923	3394	4083	316	4400	729	5137	286	1	45	993	853	326	1728	1471	2495	1602	293	1621	4489	1090	102	255	149	2021	586	310	595	449	247	7	5495	204	4558	5372	4013	58	184	594	1082	1908	1405	218	35	967	357	75	2	424	317	2245	195	604	138	1	1449	614	2478	1245	1458	3277	1925	1051	328	2908	3867	4239	114	3980	3159	736	64	4211	1219	1191	2129	1077	3474	202	380	132	938	2446	1401	85	158	362	317	314	504	298	109	6	638	154	337	159	110	1567	1647	851	318	143	1371	2	1234	1559	1161	840	151	37	530	383	448	1300	985	46	1357	759	453	1541	1041	662	879	561	527	1038	291	1334	125	152	91	882	1530	113	501	135	338	211	775	132	1256	867	95	153	629	70	308	152	57	346	326	646	1759	2329	1947	97	3590	790	843	300	322	308	211	1286	672	14	1330	1797	3381	17	97	1437	878	706	315	219	437	843	185	346	59	647	57	456	142	1078	16	2819	4704	992	400	308	487	620	117	229	821	189	55	183	236	20	979	1249	518	385	282	442	1024	1638	8	1619	187	438	105	1144	231	27	318	2834	248	725	296	156	271	246	448	1552	166	2029	136	6	124	1364	605	669	964	494	19	243	714	213	387	520	80	1408	601	31	199	161	6	1602	1763	289	1080	95	270	65	252	210	25	619	290	600	465	117	84	278	932	277	370	74	653	559	266	80	83	139	219	2286	111	49	967	417	57	438	1230	707	357	2469	1750	241	223	311	1019	474	2412	614	1010	18	697	94	110	186	2796	681	535	339	397	292	205	604	1573	103	42	418	109	381	913	772	412	45	563	449	758	1284	1013	145	200	378	620	111	298	453	339	513	246	1453	239	1371	613	531	204	113	170	135	93	609	936	166	447	526	160	228	849	216	814	812	170	884	716	1138	6	289	349
CEBPD	277	250	364	663	2303	492	478	122	154	369	499	3999	2187	2905	4342	11	911	1313	2058	62	1299	2370	1841	2972	202	160	1752	93	28	281	732	657	3458	160	1183	917	468	726	533	223	1113	353	134	1346	137	148	877	5373	4981	11527	5281	22	95	176	12	105	222	357	488	3001	249	223	2968	625	94	1566	192	146	1535	1489	112	257	370	1805	661	1654	281	551	255	1095	348	1935	262	396	1896	668	1883	2809	504	464	141	3810	1907	1063	1369	2061	2453	453	8	724	131	131	823	3821	3810	4103	3992	697	2304	2481	1137	126	2680	210	3000	3219	709	146	330	280	1619	1972	1995	1277	1745	4354	1312	1806	319	41	817	1195	377	3	106	23	404	224	351	165	2284	19	24	2390	1155	1211	425	1011	2	104	577	481	2669	3474	20	382	1081	885	607	867	3124	2817	1446	5	954	1563	2355	1848	3662	2409	97	365	718	1000	288	2096	972	2637	1090	95	311	912	143	344	2	271	2003	141	2195	38	326	669	360	2643	172	164	94	682	1693	789	2894	187	620	2547	3107	1524	957	753	582	1001	1518	120	515	556	160	258	2202	913	319	1036	1149	221	2964	2400	2473	82	333	722	156	661	8	3589	1367	727	361	18	3418	930	915	744	1538	848	1203	2229	1101	1788	2107	49	1498	335	1061	1628	997	33	311	379	214	239	646	667	900	1488	2568	1534	175	1161	215	140	1230	606	7	520	3392	66	2170	329	222	207	133	280	2010	64	1681	4091	791	1113	122	1087	808	950	672	1976	59	470	198	2276	1736	1658	3309	56	2414	812	668	2020	878	74	2379	120	195	3488	490	181	349	25	1	813	2486	457	1316	236	2190	1	89	1248	2521	1603	143	1254	1715	2345	2161	15	1025	510	111	79	248	2691	105	134	3088	212	3508	127	263	1505	452	998	1986	259	1869	354	290	1452	1483	1147	118	288	407	383	367	984	354	336	149	1766	2822	3359	402	3565	788	4002	337	14	56	1005	816	329	1481	1389	2052	1443	363	1607	3689	1042	154	212	118	1461	596	344	613	474	291	9	4120	252	3546	4099	3142	104	250	552	1023	1692	1319	169	24	888	382	78	2	479	299	1584	265	599	124	2	1298	612	2233	1058	1210	2763	1529	1016	412	2216	3081	3356	157	3203	2410	685	107	3404	1170	1162	1964	1077	3069	277	417	190	912	2204	1153	110	214	436	382	356	538	352	131	4	600	209	437	189	121	1437	1360	682	377	200	1252	2	1222	1453	1074	840	222	85	533	385	511	1223	859	75	1370	818	463	1424	982	613	894	551	557	1020	336	1243	212	170	154	845	1415	149	545	159	371	304	703	170	1045	906	128	130	651	126	378	247	58	388	373	695	1516	1916	1674	172	3124	794	844	393	395	273	203	1294	708	34	1078	1544	2777	19	135	1397	781	776	360	310	499	816	216	431	92	630	101	505	177	1121	8	2429	3806	967	422	406	534	681	169	300	668	250	104	246	312	34	938	1195	595	459	362	533	1014	1479	10	1428	224	400	154	1111	300	53	391	2583	318	789	351	181	370	293	516	1478	214	1549	192	14	159	855	659	699	989	556	41	304	705	282	455	433	123	1365	631	70	269	177	23	1399	1616	350	1131	102	289	68	317	287	63	695	341	670	511	124	117	381	944	348	426	116	688	591	328	107	123	187	273	2057	165	86	1043	472	53	498	1175	745	419	2123	1695	278	303	406	884	566	1983	515	874	60	716	133	134	243	2150	727	556	327	420	368	252	657	1479	133	85	467	161	403	921	824	493	86	593	514	786	1100	1049	214	207	452	591	161	370	541	419	571	304	1456	289	1366	633	537	269	189	240	178	126	514	923	226	554	593	227	277	880	252	818	775	196	919	719	1184	20	350	408
CEBPG	463	328	571	1125	4119	717	732	161	215	543	783	7733	3758	5277	8229	16	1447	2099	3692	72	2147	3821	2837	4540	279	211	2746	133	28	467	1211	1030	6191	259	2072	1480	698	1172	808	331	1768	590	178	2059	180	228	1328	10619	8156	5281	24395	41	123	267	13	130	302	608	835	5345	366	307	5378	1007	124	3513	257	170	2516	2420	163	392	501	2952	1102	2966	390	918	366	1874	551	3183	371	567	3229	1111	3281	5094	813	744	201	7026	3281	1823	2035	3482	4323	661	9	1088	211	204	1370	6533	7514	8066	7424	1111	3830	3986	1873	172	4507	335	5382	5766	1049	199	479	458	2939	3294	3542	2121	2910	7981	1896	3113	461	51	1384	2035	668	3	120	26	700	336	517	345	4222	32	72	4769	2104	2250	835	1789	10	224	885	888	4648	6169	27	595	1755	1505	989	1379	4983	4897	2213	6	1458	2894	4160	3262	7076	4388	156	616	1216	1696	541	3790	1558	4509	1616	129	474	1348	228	520	3	418	3364	180	3770	58	487	1086	521	4557	252	190	116	1051	2683	1261	4917	303	947	4265	5636	2720	1511	1022	1062	1716	2710	177	787	888	213	351	3405	1362	467	1714	1908	321	5253	4158	4092	94	483	1274	267	1224	8	6536	2269	1162	552	29	6123	1388	1436	1059	2560	1314	1900	3988	1723	2811	3890	54	2468	462	1815	2798	1673	34	482	596	284	356	1054	1092	1525	2684	4401	2677	228	1741	309	187	1955	957	9	736	6024	83	3839	501	319	341	191	504	3467	90	3011	7676	1303	1503	184	1830	1398	1635	1016	3339	88	736	289	3641	3013	2917	6107	65	4054	1499	1087	3629	1457	101	3964	157	271	6704	760	243	550	41	1	1452	4324	674	2291	324	3746	1	114	1915	4331	2933	235	2301	3099	4183	3924	19	1700	835	134	92	371	4717	193	193	5962	355	6371	169	383	2694	763	1771	3309	394	3173	566	418	2385	2387	1753	165	507	630	678	538	1551	620	443	224	2911	4989	6166	579	6380	1191	7514	510	14	80	1592	1377	583	2430	2149	3439	2423	557	2341	6464	1796	221	306	192	2774	925	537	969	750	425	10	7704	367	6629	7453	5924	131	335	948	1746	2910	2321	269	35	1493	581	103	2	748	443	3381	362	899	236	2	2290	1010	3795	1654	2098	4884	2659	1544	542	3998	5622	5921	220	5895	4320	966	136	6144	2021	1950	3201	1702	5020	405	676	280	1607	3735	2018	145	304	696	586	514	834	475	189	8	722	281	651	282	170	2436	2423	1202	570	272	2337	3	2091	2412	1903	1356	320	102	835	638	823	2019	1335	107	2064	1303	693	2334	1508	924	1609	840	871	1683	473	1987	296	247	204	1351	2337	218	899	223	577	421	1145	242	1739	1267	188	221	1041	155	578	346	82	579	548	1073	2755	3588	3000	224	5309	1211	1348	538	647	462	352	2007	1178	39	1828	2711	4927	22	188	2017	1312	1187	566	438	769	1448	311	649	133	1018	116	766	247	1781	18	4164	6554	1543	670	608	864	1063	255	420	1080	354	142	351	435	50	1570	1871	962	670	557	846	1545	2364	11	2398	339	600	228	1735	414	65	608	4344	443	1197	508	263	548	416	802	2392	295	2826	270	18	214	1744	1095	1090	1558	860	52	462	1206	413	729	752	181	2368	985	91	393	256	23	2480	2676	532	1821	176	420	103	525	427	72	1045	542	1085	834	186	161	565	1520	492	668	162	1146	921	471	154	160	267	420	3551	241	98	1718	733	65	797	1933	1214	632	3773	2798	402	450	591	1453	863	3287	814	1513	69	1118	202	196	369	4090	1220	944	497	599	543	364	1048	2396	196	118	708	210	685	1391	1289	702	121	960	746	1347	1884	1681	298	331	709	988	219	517	777	605	881	445	2396	456	2272	989	814	392	267	341	272	177	874	1441	336	870	924	306	408	1405	357	1364	1255	290	1455	1104	1825	27	523	650
CEBPZ	4	5	27	63	18	13	21	5	7	16	23	68	122	118	41	1	47	33	95	3	115	38	28	38	4	4	57	3	1	13	17	31	28	8	39	54	18	31	28	10	22	17	4	19	6	2	29	39	41	22	41	351	4	11	1	3	10	82	11	159	10	16	139	40	3	60	6	2	18	82	10	7	12	5	67	118	16	53	16	116	39	73	12	18	102	10	109	60	41	12	6	33	48	26	13	50	52	10	1	20	9	3	10	49	54	55	49	38	20	69	50	5	27	8	23	29	12	6	10	21	123	143	5	34	105	35	21	27	23	1	37	96	24	1	4	2	26	9	9	15	105	2	1	10	66	132	15	89	3	3	21	42	96	41	3	24	7	15	24	36	31	9	13	2	57	73	38	54	30	29	12	35	38	105	5	45	30	94	33	3	13	23	6	8	1	18	46	4	46	96	19	32	15	32	7	3	2	21	23	12	40	2	15	113	67	91	19	12	65	68	9	8	15	30	7	15	54	33	6	43	71	11	27	43	150	1	12	20	4	15	1	142	89	17	5	4	64	23	20	8	42	37	29	97	12	27	27	4	13	5	68	79	18	1	18	15	6	3	46	35	45	92	90	82	7	48	6	6	22	23	1	14	26	4	38	21	10	3	5	5	21	2	14	30	43	15	16	158	158	158	21	126	1	21	5	86	24	17	40	1	19	78	39	22	14	3	48	4	9	43	135	63	47	2	1	86	85	10	115	5	44	1	1	54	72	145	17	126	141	135	20	1	30	17	4	3	5	9	4	6	64	18	32	7	4	131	19	99	39	10	13	22	9	41	11	36	7	35	30	67	17	68	27	5	2	18	50	43	16	99	34	150	10	1	6	33	65	25	10	15	29	14	17	31	47	61	7	3	2	15	23	14	26	19	13	3	41	13	32	60	158	7	3	154	128	44	85	60	5	45	36	5	1	31	6	24	5	15	13	1	133	33	50	18	99	81	58	17	3	12	39	34	8	43	27	13	4	78	78	87	33	34	136	17	21	7	76	21	10	7	14	23	22	9	28	10	4	1	5	8	9	6	8	78	66	39	15	7	54	1	70	88	82	22	9	4	15	25	27	24	15	2	33	23	12	29	17	6	26	9	15	61	13	27	6	3	6	21	29	7	23	7	14	8	10	5	6	12	4	2	16	1	8	11	2	10	18	22	101	112	107	5	93	26	34	3	12	6	11	11	33	1	21	20	111	1	4	17	17	22	11	16	25	41	6	14	2	25	2	20	4	19	1	23	48	47	21	23	29	21	8	16	16	9	4	11	10	2	26	10	38	21	19	31	25	33	1	16	6	8	5	30	5	5	18	38	17	25	11	4	14	10	17	63	9	21	4	1	7	12	41	18	38	13	1	19	27	14	18	5	6	58	20	1	7	4	1	83	17	13	21	4	3	2	8	14	1	24	21	44	18	4	4	17	29	7	22	5	54	16	7	5	5	10	8	90	3	2	32	14	2	28	62	30	19	23	22	7	15	13	12	20	13	4	10	3	19	3	12	12	141	18	25	5	8	23	7	34	27	7	2	24	8	27	19	32	17	2	23	22	36	27	34	12	7	22	33	5	9	19	18	23	15	45	15	23	17	14	6	9	8	7	4	9	17	13	37	36	7	12	33	14	32	20	5	41	18	26	1	11	19
CENPBD1	38	53	97	140	101	99	115	63	79	115	132	180	205	211	167	1	176	149	183	28	91	143	130	169	92	59	189	2	18	129	149	156	133	88	99	175	123	124	151	88	136	64	55	121	54	27	168	115	64	95	123	4	477	83	13	58	82	48	26	182	97	94	136	163	58	151	75	31	115	183	67	92	85	49	159	157	117	147	81	173	94	194	97	120	198	43	166	158	109	102	52	140	177	135	115	169	148	98	2	140	35	82	65	161	127	134	153	170	134	132	56	46	129	79	86	141	114	34	98	66	154	221	86	79	180	149	117	166	102	31	155	186	83	3	41	20	71	58	98	32	172	2	1	49	139	171	38	148	1	8	108	81	203	164	8	132	56	111	135	154	55	79	96	2	123	203	172	166	120	116	22	68	106	170	36	107	162	187	153	47	107	120	15	81	1	101	170	60	162	4	117	157	128	157	87	49	60	135	114	86	155	3	104	193	122	208	132	98	93	176	58	55	109	151	69	99	179	152	82	144	171	85	143	161	201	37	113	25	40	31	4	221	197	109	13	4	176	111	135	73	161	141	137	194	102	129	119	34	111	80	127	198	145	20	122	122	91	85	150	153	150	164	173	188	70	176	72	59	131	140	1	98	138	28	72	114	81	30	58	11	118	37	40	122	174	111	18	153	130	141	124	204	34	140	80	188	80	56	138	19	101	152	165	91	92	22	165	65	69	154	42	71	73	6	1	153	172	78	209	99	145	1	56	183	159	185	29	160	199	198	115	1	102	116	41	39	92	83	17	41	155	25	144	64	49	194	64	162	158	55	82	129	59	178	91	102	78	15	54	47	86	153	112	91	29	92	178	147	126	187	159	224	106	15	26	151	131	60	65	100	107	119	101	127	155	183	70	7	3	39	128	108	136	114	100	1	149	88	139	188	163	58	68	123	175	132	175	20	4	164	78	18	1	161	47	110	68	106	19	2	199	120	189	56	124	205	85	121	72	42	164	115	69	146	109	97	63	182	165	170	144	124	193	101	120	94	179	129	65	54	80	129	143	76	153	81	42	1	24	90	104	60	23	188	142	111	83	76	143	1	167	195	142	116	76	37	113	119	150	133	77	40	134	116	94	106	131	72	158	106	118	182	98	136	70	54	53	135	140	67	148	46	88	76	60	75	59	85	63	12	134	52	99	103	16	70	116	152	203	207	204	74	210	130	155	82	137	32	52	105	149	33	115	103	202	14	75	106	113	118	98	107	142	137	89	128	58	163	44	142	74	121	2	142	167	173	161	111	148	126	88	104	84	94	60	104	100	20	135	124	138	130	127	148	127	112	2	102	59	57	87	153	92	30	140	154	105	129	102	58	121	85	144	176	90	118	74	13	50	37	154	138	169	134	29	81	128	111	129	51	79	187	151	39	118	53	22	203	154	128	129	30	57	16	74	83	46	153	127	165	133	48	40	125	157	96	137	65	163	149	89	54	81	90	63	192	70	50	140	129	10	128	186	169	135	152	131	85	119	94	98	122	72	50	70	42	143	59	70	107	226	136	123	52	151	119	117	164	132	57	36	138	69	102	167	166	136	58	154	126	147	146	174	85	80	146	143	76	106	130	122	125	106	182	122	148	134	114	110	73	81	87	48	73	136	100	146	169	86	89	161	80	132	128	95	178	144	137	18	114	108
CENPT	68	92	251	476	205	310	302	148	186	343	356	517	718	686	475	3	635	444	553	69	206	408	362	444	210	116	634	2	25	375	431	504	396	145	312	587	314	418	409	264	379	204	117	331	116	49	548	215	132	176	267	11	83	1589	13	169	313	217	35	554	292	281	337	463	155	504	191	44	299	560	125	265	170	87	453	457	297	443	242	631	353	631	342	394	682	83	486	481	253	270	144	349	539	357	278	487	461	285	5	439	84	186	130	446	303	317	435	486	228	395	126	158	393	206	141	384	342	83	230	314	405	754	148	190	574	363	302	382	294	71	550	584	232	3	106	30	159	149	249	69	526	10	2	64	474	639	128	486	1	26	316	278	662	525	13	460	64	251	429	436	102	132	180	3	314	652	469	424	313	323	54	291	300	618	112	258	556	661	434	116	344	363	15	174	1	365	465	139	446	20	362	515	392	441	219	114	117	340	251	202	383	14	338	585	274	654	354	224	329	648	71	128	263	388	193	270	548	448	192	504	529	299	386	421	610	80	248	46	59	57	10	761	676	299	11	10	562	320	337	122	383	336	428	643	242	324	284	50	257	245	446	689	452	36	372	363	219	210	590	542	520	577	468	648	136	541	195	101	357	315	1	217	361	48	120	395	183	53	138	18	264	75	66	293	555	259	51	489	366	396	374	702	47	492	249	538	174	101	383	33	232	478	479	145	181	32	490	115	216	404	82	173	187	11	1	527	424	150	697	265	400	1	121	618	485	656	70	526	658	671	295	3	252	307	96	108	275	142	29	87	534	81	422	115	87	702	141	547	435	127	128	370	146	535	174	272	229	62	131	161	180	449	376	146	38	199	536	416	355	666	502	745	290	15	52	384	416	207	112	220	346	310	291	302	481	494	183	8	5	93	301	265	349	262	246	7	417	182	373	508	497	118	119	398	607	370	603	81	6	346	227	74	1	462	77	348	174	187	63	2	684	432	533	119	369	657	210	291	158	54	493	263	217	444	268	243	212	583	603	616	418	390	628	477	343	203	483	357	126	100	212	465	449	188	443	186	87	3	29	241	302	118	54	656	481	277	277	166	411	1	456	627	495	334	207	77	273	407	479	329	174	84	381	324	195	319	293	110	501	204	292	534	283	414	195	102	129	407	371	157	447	88	244	169	103	176	107	174	131	20	422	100	258	261	38	168	333	416	673	705	731	271	635	463	435	241	436	82	104	223	497	42	252	261	607	19	153	285	291	288	225	348	437	411	200	383	104	366	84	402	146	334	6	376	489	447	312	376	422	409	195	303	196	232	138	378	286	35	433	311	492	353	331	428	340	340	6	231	175	87	219	370	217	42	380	476	288	308	240	106	319	210	411	485	211	282	201	13	103	76	522	313	490	397	50	228	427	362	450	98	250	596	375	105	254	101	30	582	327	270	339	73	116	60	219	239	103	444	396	541	368	97	115	370	430	231	415	187	606	454	232	107	155	228	157	666	167	89	410	384	36	346	509	496	358	360	348	162	364	271	271	370	112	120	122	68	352	157	186	294	787	393	389	117	228	376	207	525	330	119	83	426	149	260	350	417	510	118	419	419	530	396	512	295	125	465	531	140	279	349	360	409	249	543	340	427	357	315	314	218	247	241	121	243	319	278	496	471	218	262	650	209	425	264	154	548	338	350	25	331	293
CENPX	10	11	8	6	15	12	13	13	12	13	14	12	18	17	13	1	14	13	8	12	7	14	13	13	13	12	15	1	11	15	15	14	13	13	2	14	12	11	13	13	14	4	11	12	13	1	14	13	1	12	13	1	13	13	47	12	14	2	2	8	12	14	12	13	13	9	13	12	13	16	14	13	12	8	15	13	15	13	13	14	12	16	13	14	15	12	14	15	14	13	12	15	15	13	13	17	15	13	2	15	1	14	12	13	15	17	15	13	17	14	2	12	14	14	12	13	13	5	14	6	14	16	12	2	14	13	10	14	14	12	14	11	9	3	12	10	9	8	13	1	10	2	1	6	8	11	8	9	1	2	12	7	18	13	1	14	12	12	13	14	12	13	12	2	13	18	15	12	15	19	1	5	5	9	3	13	13	16	13	13	14	13	2	13	1	12	13	13	13	1	13	13	16	14	12	12	12	14	15	13	15	3	14	15	16	17	13	12	3	14	13	11	12	15	13	12	15	14	12	14	18	12	13	15	12	12	12	2	13	2	3	18	18	14	2	2	15	12	12	12	14	13	14	11	13	13	13	11	13	13	8	14	10	11	13	13	12	14	14	14	14	15	15	15	13	17	12	12	14	13	1	13	13	12	7	13	13	12	12	1	14	10	2	12	13	12	2	14	12	12	12	13	13	13	12	18	13	4	13	11	14	9	15	15	13	9	16	13	13	15	11	12	4	1	1	15	15	12	18	14	16	1	13	15	12	6	1	3	6	14	13	1	13	13	12	13	13	8	1	4	15	1	14	12	12	6	2	12	13	12	12	14	12	13	13	14	14	1	12	4	12	13	6	12	15	13	15	13	14	17	13	19	12	12	4	12	14	6	13	12	6	14	14	13	14	14	13	3	2	3	13	13	12	12	14	2	14	13	13	15	14	12	12	14	14	11	14	1	1	13	5	3	1	14	7	13	12	10	3	2	15	9	12	2	2	13	3	16	12	2	15	12	12	14	13	12	13	17	15	14	12	13	16	13	15	14	13	12	11	13	13	14	14	12	12	12	12	1	3	13	12	2	1	13	14	10	13	12	14	1	13	16	10	14	12	12	12	14	15	13	12	13	14	13	14	14	11	12	14	13	13	14	13	13	12	8	12	13	16	14	14	12	7	12	6	14	15	12	13	1	13	12	12	13	1	13	15	13	14	16	19	12	17	13	12	12	13	2	11	13	14	13	11	10	16	4	14	12	15	12	13	14	13	13	14	14	12	14	12	13	12	12	1	16	13	13	15	14	13	12	13	13	5	12	13	14	12	7	15	13	15	12	14	14	16	14	1	9	15	12	12	13	13	12	13	14	13	13	13	12	15	13	14	14	13	15	12	8	9	4	13	13	13	14	13	13	14	13	13	8	14	16	14	12	13	11	11	13	14	13	12	5	11	2	15	14	12	13	15	14	14	13	10	13	16	12	15	13	15	14	14	10	12	12	8	15	12	14	15	13	1	16	12	14	15	15	14	12	14	13	14	12	13	14	15	13	15	11	13	14	18	13	12	11	15	14	14	13	14	9	12	14	13	14	12	14	12	12	14	13	14	13	14	12	12	15	14	12	14	15	13	15	13	14	13	12	16	16	13	13	13	14	13	13	13	13	15	14	12	13	15	13	13	14	13	15	14	13	14	17	14
CERS6	51	49	104	185	110	167	157	65	164	185	168	200	289	288	215	3	256	197	201	55	77	198	182	217	140	78	265	3	23	192	182	233	191	85	124	253	195	193	177	135	179	83	67	146	61	13	224	108	52	105	130	3	58	169	12	629	158	77	23	216	200	154	138	212	95	204	163	35	192	237	79	127	101	48	191	203	148	216	156	263	162	268	174	191	282	56	201	232	129	174	110	161	254	184	183	225	208	160	6	193	34	109	123	214	134	138	188	222	132	180	51	124	185	130	76	181	152	44	115	120	163	306	112	74	243	160	121	167	149	57	249	236	102	3	83	22	63	76	148	24	204	8	1	42	179	217	51	171	1	8	140	95	263	236	6	241	42	130	188	200	75	75	106	4	161	270	203	186	150	142	14	122	127	240	40	124	207	277	243	74	170	207	11	138	1	182	223	92	206	5	193	242	201	232	177	65	83	175	127	115	171	6	140	251	132	281	174	127	112	274	44	73	148	216	107	165	252	220	115	214	235	180	178	180	246	64	155	17	36	27	5	305	269	157	3	5	261	204	159	74	189	151	235	256	133	158	158	42	131	173	181	283	180	28	178	184	175	94	254	259	227	229	213	283	76	218	117	69	168	160	1	118	188	39	53	237	111	42	77	7	135	54	27	136	277	154	20	226	172	192	238	270	30	222	146	210	79	43	176	28	142	192	213	114	129	19	222	77	109	188	34	148	78	5	1	237	180	73	270	139	194	1	84	249	184	237	37	189	241	280	160	1	118	189	74	99	127	64	17	44	215	33	205	80	46	255	50	221	201	73	79	182	76	227	81	135	129	15	64	57	94	235	176	78	27	96	233	196	171	281	232	299	212	14	37	152	157	62	60	116	130	148	131	157	219	218	123	5	2	29	149	142	173	139	137	1	191	121	179	211	190	75	84	184	232	159	262	23	3	173	101	33	1	221	31	163	113	91	28	2	271	166	230	40	141	270	80	148	104	26	212	129	166	199	145	186	107	248	243	251	204	177	270	195	169	107	221	177	71	52	121	222	206	111	197	141	57	2	17	125	178	54	19	257	222	118	162	126	176	2	221	268	183	173	140	64	195	211	209	180	89	58	186	190	106	157	135	68	232	110	152	253	157	237	117	55	82	205	172	81	207	63	100	110	44	141	54	98	77	5	200	79	187	154	28	92	152	223	268	282	300	136	282	176	220	133	221	27	64	114	246	36	140	122	258	12	84	156	132	163	118	176	228	207	106	198	74	186	83	209	99	171	2	167	208	228	158	198	206	250	109	166	80	149	87	160	193	25	239	202	235	187	159	207	170	172	2	109	109	64	146	191	116	33	177	225	149	151	128	62	162	92	198	204	106	124	159	12	50	32	244	133	245	179	34	127	217	186	205	46	115	275	188	82	142	67	23	245	201	147	186	33	62	36	93	129	84	206	211	242	164	87	60	194	184	172	207	104	263	199	114	74	82	127	70	280	102	69	216	192	27	166	240	237	171	169	170	93	187	127	171	180	72	58	64	57	165	88	104	158	307	189	240	79	125	209	133	243	141	64	58	199	103	145	167	199	209	80	189	231	241	167	253	201	78	213	239	89	156	175	184	184	127	244	163	215	215	153	171	140	107	136	63	139	158	173	242	208	169	183	262	111	202	127	89	235	161	186	20	158	134
CHCHD3	68	104	322	607	216	372	350	123	196	423	379	632	880	836	555	3	798	508	701	75	254	488	418	498	223	135	815	3	27	426	510	628	457	194	334	697	356	506	440	296	478	232	171	371	179	57	585	228	147	222	302	10	82	313	14	158	1961	244	41	665	328	287	390	548	168	592	201	56	320	690	139	337	167	89	532	567	354	551	270	722	411	747	414	456	775	93	602	568	308	292	155	383	623	414	309	540	567	370	5	457	88	205	138	525	338	372	508	608	253	460	129	156	466	207	163	434	291	93	247	415	494	934	160	237	679	420	440	430	348	71	640	715	308	3	117	30	179	190	282	97	683	13	1	86	598	832	171	646	1	29	364	329	811	602	13	540	58	291	441	544	124	123	189	2	362	837	540	541	342	337	58	376	345	764	142	294	565	766	522	122	367	397	32	183	1	380	582	156	530	26	466	611	437	535	222	114	127	401	273	206	434	13	427	715	314	848	436	277	434	798	84	119	279	468	218	294	644	511	208	620	666	337	461	525	749	79	289	41	59	48	11	923	801	339	5	6	663	364	390	124	443	391	464	773	275	361	316	51	282	230	496	832	521	31	483	417	245	250	689	628	586	664	551	795	139	617	200	113	517	375	1	243	408	39	143	429	208	50	151	8	295	76	56	327	667	280	61	564	456	475	417	874	44	565	259	619	197	124	441	43	245	596	587	181	198	34	600	136	248	481	87	205	234	17	1	633	520	153	879	290	486	1	122	824	591	796	84	657	827	826	326	7	294	340	101	108	277	138	40	94	625	79	453	136	81	870	167	726	549	133	164	433	164	607	176	299	204	86	150	186	206	517	403	140	43	233	635	471	462	794	582	895	315	15	50	444	471	234	119	238	344	339	342	325	558	613	186	9	3	103	330	299	355	312	262	7	483	209	417	630	584	120	125	476	695	457	729	82	6	432	302	89	1	540	77	363	188	234	78	2	836	526	646	131	448	774	202	330	172	50	537	298	220	496	347	261	169	709	667	698	442	390	765	418	410	249	607	410	133	119	233	537	494	202	488	210	94	2	31	239	319	129	79	823	572	308	320	189	490	1	579	771	617	356	229	83	311	455	519	374	205	87	440	383	227	358	304	110	606	226	323	654	309	443	212	115	133	483	467	169	504	104	295	189	129	197	94	196	141	22	389	103	270	288	46	183	375	476	848	878	893	340	790	433	497	239	469	78	112	243	572	49	303	315	722	18	146	317	286	345	251	378	516	489	192	400	113	397	105	436	170	401	9	418	561	536	362	448	491	446	243	350	208	238	144	336	294	39	471	337	585	419	356	496	378	378	7	267	176	86	254	438	225	41	420	563	337	336	254	108	392	236	477	604	223	323	209	13	122	83	665	366	600	390	49	254	453	405	495	102	211	748	424	106	270	130	31	742	387	328	407	82	132	65	243	266	115	530	458	658	437	101	131	400	485	232	445	175	710	502	266	131	164	243	222	800	185	101	490	436	42	424	625	586	408	446	403	184	405	315	282	419	128	118	120	74	398	172	198	321	970	457	435	113	255	433	254	628	391	153	86	614	167	278	397	504	479	117	473	453	644	441	584	307	152	570	607	178	326	378	425	464	272	672	387	515	447	347	349	226	261	249	130	274	337	317	640	567	244	321	646	217	462	319	162	634	388	392	28	342	351
CHD2	76	151	468	926	314	406	378	83	130	360	427	1183	1626	1558	918	7	972	650	1329	29	745	796	592	719	170	100	977	15	9	370	582	649	684	148	655	822	660	638	481	246	675	302	100	532	108	125	679	534	382	357	608	82	48	217	2	77	244	3969	93	1506	233	228	1080	640	103	1019	157	44	388	1191	107	258	169	171	867	1161	297	792	283	1356	500	1180	278	403	1402	115	1312	1002	454	341	128	695	939	505	376	927	980	352	6	493	160	130	147	943	652	692	927	658	440	896	346	113	631	167	361	682	259	98	227	455	1211	1728	230	446	1360	789	433	556	320	24	739	1331	521	1	83	12	392	212	245	202	1373	20	5	168	944	1616	273	1235	2	38	461	780	1409	970	26	493	140	307	527	713	236	225	300	4	553	1441	834	981	644	532	132	569	530	1404	192	587	631	1395	642	75	333	447	47	163	2	311	884	111	973	124	373	665	393	735	156	103	63	428	380	211	800	31	534	1406	670	1488	581	314	894	1126	191	115	315	568	154	249	1038	593	229	962	1121	214	755	819	1591	42	289	125	54	134	5	1796	1307	354	27	12	1099	401	534	149	650	488	561	1358	344	590	502	36	401	173	851	1320	704	12	331	386	172	226	784	729	758	1283	1049	1322	103	856	152	106	425	506	8	288	639	45	372	328	184	49	121	51	438	42	193	684	845	316	164	1062	940	955	398	1665	32	544	172	1208	381	271	762	39	392	1045	691	299	206	47	1116	91	185	869	271	198	496	33	1	1152	1023	243	1571	221	765	1	72	949	1161	1681	171	1413	1677	1526	475	9	527	409	65	46	220	318	176	127	1038	153	690	114	93	1676	310	1249	937	294	250	441	197	876	250	516	110	230	259	384	231	729	417	175	29	349	1038	841	429	1453	744	1730	230	2	34	634	856	469	198	333	666	459	342	509	961	957	125	17	9	251	367	319	407	443	251	11	820	190	675	1108	1282	89	99	886	1188	825	1242	232	17	619	482	100	1	525	125	584	153	291	273	2	1587	790	1098	348	1038	1243	469	435	181	176	812	606	132	908	591	202	94	1301	1127	1205	640	554	1541	334	417	190	1044	596	245	86	182	501	440	187	491	210	115	4	63	194	301	187	150	1347	908	483	280	147	853	2	1159	1279	1212	451	179	65	321	575	745	461	329	48	745	427	254	1005	362	142	711	252	360	893	259	452	165	130	95	624	633	151	591	125	328	148	257	137	133	303	97	31	460	69	252	200	63	222	381	565	1477	1587	1536	153	1342	548	745	241	408	156	112	339	621	21	353	434	1402	13	122	322	371	382	260	318	498	836	148	376	70	453	83	406	147	512	15	590	928	719	390	409	481	438	182	305	321	226	88	229	244	24	590	418	614	418	332	544	479	781	12	435	128	77	168	616	194	34	401	855	305	513	262	116	322	243	490	1085	192	451	157	2	123	196	768	449	751	400	22	261	549	345	461	145	136	1068	464	42	231	99	11	1248	494	303	515	65	137	70	322	241	43	594	424	736	450	65	87	366	648	207	456	118	802	502	258	104	101	186	233	1436	142	68	643	427	58	454	906	681	379	563	592	199	314	348	314	584	208	127	202	34	476	144	143	245	1845	498	441	88	275	400	226	698	521	133	59	453	120	383	527	645	448	72	523	432	720	597	771	217	129	538	731	156	294	410	379	493	267	985	365	648	446	376	279	157	236	184	121	256	455	232	599	612	172	227	709	184	576	429	156	737	465	445	8	327	429
CHD4	364	76	121	201	719	120	163	34	45	92	178	1180	720	893	1101	5	273	442	1020	10	505	623	415	594	58	50	488	27	7	70	277	201	888	52	374	246	121	283	171	71	330	128	28	359	40	68	257	939	646	488	835	11	26	35	2	23	41	93	3567	968	75	46	964	212	16	535	51	33	519	479	32	70	135	631	190	544	68	158	60	331	66	647	74	94	654	350	562	794	202	127	39	1030	575	390	396	667	717	125	1	206	56	35	245	974	1050	1127	1006	198	739	645	394	24	737	67	810	931	230	58	107	68	513	620	610	480	480	1087	440	654	95	10	233	393	81	1	13	4	162	92	101	74	1111	8	4	1046	563	476	109	396	5	22	150	127	992	1047	8	99	344	330	170	269	438	727	432	4	268	590	827	624	1023	833	31	100	279	295	143	589	355	782	333	15	88	299	73	114	1	69	629	37	623	16	112	218	103	824	51	38	27	239	452	248	817	49	173	753	1488	458	302	213	255	351	593	30	148	200	47	70	599	240	73	248	306	48	820	771	874	16	106	224	36	200	2	1178	478	202	164	8	1023	361	341	251	552	300	394	808	305	499	635	3	497	114	325	568	368	5	93	117	61	55	182	158	273	457	882	479	45	377	36	35	387	221	5	224	924	13	899	87	59	56	36	88	605	19	637	939	227	302	19	325	239	293	232	709	21	122	55	690	584	563	1004	7	674	277	184	615	281	16	751	28	51	1070	162	44	116	15	2	211	904	149	460	56	756	2	27	400	771	603	41	451	687	793	696	7	336	172	19	18	48	802	84	53	963	75	955	47	93	609	173	362	629	127	782	97	68	459	446	377	28	97	130	124	109	308	119	126	88	466	921	940	123	1023	212	1183	126	2	23	352	214	87	480	395	652	469	114	447	962	372	36	97	47	420	203	145	204	185	86	2	1071	86	970	1143	1023	26	83	154	348	570	411	57	10	314	135	14	1	129	155	562	77	258	37	1	430	193	734	341	449	963	548	406	122	716	977	839	44	871	718	125	21	964	330	317	575	288	802	65	143	49	301	664	431	41	55	132	86	123	164	96	52	2	141	61	122	78	45	503	384	217	118	53	402	3	339	494	320	271	41	17	195	110	133	429	206	10	358	216	187	429	322	229	307	188	211	320	106	431	41	80	27	331	541	41	144	62	133	90	247	49	390	298	36	82	238	23	117	57	23	113	118	234	593	681	564	30	1002	219	237	80	106	133	89	422	257	7	677	847	810	8	39	332	309	242	128	70	167	244	58	114	25	259	22	132	59	341	3	728	965	385	145	99	171	203	40	80	367	76	28	58	84	7	293	399	165	152	111	150	469	462	4	458	72	193	42	379	80	7	102	678	94	225	122	63	101	113	181	542	64	571	43	5	61	333	206	283	361	164	6	86	217	77	130	212	40	463	242	14	70	66	3	554	620	129	361	37	107	23	67	91	13	264	109	211	185	33	38	96	331	94	140	15	229	193	106	42	36	50	76	665	39	15	341	123	15	166	405	260	126	737	504	96	72	126	483	140	515	179	303	11	264	28	38	71	854	227	175	79	146	110	84	211	531	40	13	130	39	150	315	275	155	16	205	150	284	426	333	47	104	121	181	54	94	179	102	193	102	455	94	383	198	214	80	45	71	52	33	165	332	73	144	172	67	89	294	77	288	342	77	324	257	363	5	111	92
CREB1	523	467	1334	2994	4191	1139	1258	272	359	1081	1476	8525	7502	8438	7748	23	3140	3153	6766	71	4241	5028	3496	4378	454	282	4667	121	25	1057	2234	2201	5829	472	3093	2951	1294	2246	1563	688	2681	948	270	2511	267	332	2553	5925	3857	3001	5345	159	182	554	8	216	665	1506	968	27651	711	609	7665	2088	240	4967	415	146	2908	4776	291	787	677	2773	2760	5198	831	2381	701	4918	1335	5508	846	1224	6230	1111	5803	6202	1712	1185	366	6303	4686	2374	2350	5082	5739	1080	15	1764	353	358	1549	7218	6628	7162	7168	2310	3997	5087	2360	301	4674	618	4633	5848	1411	264	731	1463	5726	7401	3141	2699	5733	7177	2450	3832	930	80	2745	5153	1671	2	169	29	1269	577	878	945	7185	69	39	4115	4165	6390	1272	4489	11	229	1583	2415	7786	6837	91	1506	1691	1785	1833	2630	2739	4083	2211	4	2206	6039	5259	4977	5948	4240	301	1660	2117	4924	782	4040	2576	7423	2619	185	933	1955	276	689	6	914	4721	312	5064	244	1154	2279	1058	5237	439	261	169	1750	3229	1559	5964	329	1768	7027	6192	5791	2243	1246	3058	3984	2573	276	1089	1970	410	671	5041	2275	710	3531	4193	622	5517	5261	7848	87	868	1331	323	1240	12	10168	5090	1521	613	36	7493	1896	2255	1116	3544	2072	2733	7085	1829	3305	3951	80	2731	652	3516	5592	2743	27	973	1254	511	706	2708	2377	2916	5330	6116	5419	323	3415	387	251	2448	1884	16	1178	5650	96	3806	1022	513	347	329	530	3453	139	3207	6227	2929	1688	452	4192	3539	3669	1645	7138	101	1673	468	5969	3113	2998	6215	83	3772	3969	2312	3455	1574	122	5586	264	530	7157	1255	512	1265	59	3	4172	6158	867	6064	637	4601	1	197	3647	6249	7001	438	5618	7148	7590	4006	21	2408	1503	142	152	657	4236	331	313	6770	741	6096	296	398	6641	1184	4542	4710	574	3012	1225	556	3815	2411	2342	303	990	1024	1430	849	2882	1396	654	258	2831	6230	6455	1292	8594	2520	10725	804	6	135	2660	3047	1346	2324	2243	4228	2928	1063	2796	6741	3655	348	316	204	2272	1458	1034	1572	1490	740	23	6973	571	6197	8171	7786	207	391	3031	4481	4205	4793	661	61	2456	1429	224	2	1705	545	3746	445	1298	793	2	6040	2562	5629	1891	4186	7368	3227	2118	635	3570	6322	5305	352	6287	4428	912	236	7908	4149	4246	3924	2528	7918	929	1400	596	3685	3971	2060	232	483	1560	1295	780	1693	717	284	11	601	494	954	553	380	5253	3972	2188	922	462	3740	11	4105	5136	4423	1948	464	139	1352	1805	2151	2615	2136	149	2945	1731	976	2955	1854	971	2814	1127	1317	3360	827	2522	409	375	224	2368	3208	399	1832	343	1097	516	1526	434	1744	1445	241	249	1724	174	827	569	153	826	1277	1892	6158	6959	6453	431	7747	2118	2758	792	1264	602	439	2158	2287	48	2264	2967	7266	25	302	1985	1607	1581	893	887	1672	3148	464	1203	189	1747	192	1334	461	2327	38	4544	7018	2984	1264	1268	1664	1754	534	925	1508	619	202	697	728	65	2406	2335	2014	1345	1012	1718	2174	2933	17	2719	478	553	491	2674	612	82	1206	4923	961	1957	830	439	1044	752	1573	4465	529	2959	426	14	383	1609	2611	1842	2992	1396	62	791	2072	963	1427	746	342	4258	1769	126	696	349	24	5249	3423	984	2367	253	544	184	1108	750	121	2076	1203	2426	1505	230	257	1053	2552	664	1458	309	2775	1714	817	289	280	456	752	6528	404	157	2552	1343	137	1578	3702	2438	1252	4401	3222	638	866	1041	1684	1715	2561	920	1520	82	1943	369	404	730	8298	1891	1567	446	966	1180	700	2315	3094	336	119	1375	362	1276	2115	2334	1395	192	1763	1361	2690	2751	2985	590	462	1735	2591	434	881	1403	1150	1674	784	4234	996	3064	1789	1515	842	442	660	532	369	1238	2184	688	1948	2072	525	769	2661	600	2217	1892	514	2862	1698	2309	23	1054	1309
CREB3	90	108	300	589	270	379	314	107	294	405	382	653	917	907	634	5	759	560	746	81	257	545	459	563	248	153	779	7	26	438	492	609	514	200	383	708	502	523	468	268	455	218	119	376	123	48	603	302	181	249	366	10	97	292	12	200	328	233	75	711	2145	288	440	549	161	593	289	52	472	728	138	255	234	128	577	626	357	630	336	819	399	830	387	426	865	148	658	671	347	400	191	429	713	428	400	653	622	356	5	459	87	204	196	597	385	403	552	607	399	510	164	186	473	237	220	537	328	78	236	377	552	982	244	251	743	459	350	486	364	80	664	718	303	3	131	25	220	161	294	96	721	12	1	127	588	818	168	637	1	23	356	318	834	656	13	549	78	290	497	536	179	175	251	4	430	856	553	567	399	341	48	333	343	780	124	362	550	841	691	120	378	489	32	257	2	423	626	156	587	26	434	597	464	635	350	109	125	412	295	233	472	10	384	784	361	892	433	301	426	798	125	153	357	593	203	351	732	599	232	630	725	345	509	553	829	98	355	56	65	63	6	993	825	385	14	9	767	463	410	151	483	380	618	854	322	393	380	53	339	359	531	880	498	41	397	425	341	234	705	690	631	700	619	848	161	668	220	113	434	418	2	258	482	51	164	574	219	56	139	18	326	84	96	380	775	328	69	629	496	501	626	889	57	544	262	675	228	144	508	49	353	607	578	234	251	30	628	151	239	526	92	298	192	10	2	675	597	163	894	284	521	1	134	740	607	833	84	685	869	871	394	3	316	509	112	126	287	170	33	95	666	102	527	123	87	886	156	696	567	149	189	428	147	637	200	365	203	66	151	178	218	682	476	168	46	253	664	579	393	869	676	996	484	14	62	448	473	191	159	294	410	359	325	405	620	649	204	13	5	116	341	335	389	350	268	4	559	248	487	627	615	115	174	470	731	460	752	88	8	422	272	72	1	574	71	428	196	245	85	2	861	492	668	137	493	816	224	354	202	96	558	345	283	571	369	397	166	754	718	745	550	463	838	420	388	235	599	465	170	104	250	533	475	214	466	289	95	2	41	220	383	140	62	826	591	340	329	252	523	2	606	847	606	431	214	86	422	536	530	426	217	93	514	425	240	389	324	141	608	243	332	713	328	660	242	106	154	468	481	169	507	114	259	233	141	285	117	217	120	16	449	153	396	281	59	202	385	626	881	898	964	260	854	421	590	284	509	80	116	286	654	43	340	316	802	16	158	352	314	384	268	392	653	553	204	464	141	454	126	467	211	418	7	432	632	617	415	418	497	608	225	342	208	282	124	333	427	34	598	521	589	486	386	493	382	408	4	288	188	109	278	493	237	47	413	624	339	392	292	106	392	223	468	603	210	323	280	13	125	82	638	367	677	421	48	264	556	419	488	110	199	801	445	106	288	132	30	757	547	326	475	67	113	77	224	246	116	561	477	667	429	138	119	410	482	352	515	202	757	521	254	142	168	237	190	881	184	101	539	414	56	419	678	664	435	415	434	192	410	280	355	444	181	125	148	79	420	165	185	313	1022	454	582	128	300	499	274	641	400	145	89	476	176	320	380	516	502	142	499	630	612	469	657	401	166	533	669	189	316	454	402	465	271	665	390	560	595	401	361	244	232	290	149	258	414	339	622	569	349	430	670	214	476	327	200	658	379	465	25	345	329
CREBL2	58	105	281	517	230	324	326	104	188	380	361	557	761	742	498	3	632	485	624	66	265	448	371	491	204	117	660	4	29	373	445	618	407	165	326	602	326	441	408	279	421	219	111	353	115	51	507	242	147	223	307	16	94	281	14	154	287	228	46	609	288	1679	398	505	122	508	195	41	294	660	140	273	199	87	494	529	322	496	240	636	331	681	356	423	687	91	537	516	285	303	150	368	569	389	278	491	481	315	9	413	98	176	143	469	321	328	440	535	276	432	135	136	410	197	173	398	267	102	243	305	459	806	166	227	614	394	279	393	422	55	583	682	286	3	105	25	198	155	266	107	603	13	1	83	493	698	156	559	1	16	309	300	720	534	10	478	70	274	424	505	121	131	195	3	323	746	492	502	324	297	53	294	338	680	115	283	460	689	465	103	315	357	20	195	1	435	512	150	483	27	407	546	382	438	214	105	105	394	280	191	401	11	370	669	306	742	400	246	379	709	91	130	286	408	184	295	574	457	215	561	602	316	424	473	697	71	263	48	69	57	9	810	698	285	6	11	607	335	391	128	436	354	425	706	243	337	293	47	287	222	447	728	488	31	344	392	235	209	602	574	535	572	520	705	142	568	191	114	352	392	1	219	368	49	146	397	260	52	153	19	269	76	67	326	631	268	74	512	417	436	391	753	49	472	234	593	172	100	394	37	235	526	542	171	185	29	514	132	214	445	99	176	236	19	1	588	495	148	758	267	450	1	112	609	547	703	84	589	729	715	306	3	300	327	90	99	240	141	37	88	530	97	413	126	82	739	147	625	503	122	157	366	159	565	169	281	181	65	126	168	186	486	395	157	35	215	590	469	370	714	533	785	303	15	60	417	395	183	118	218	321	303	300	333	503	582	237	13	2	96	308	291	352	328	233	3	419	289	384	562	526	138	131	435	638	386	661	85	6	381	287	66	1	493	83	319	165	224	69	2	748	454	588	131	408	706	202	325	170	66	494	294	213	472	327	243	148	607	597	613	428	377	693	347	389	228	594	373	134	107	243	478	431	183	397	213	120	2	36	192	300	147	66	710	499	316	279	178	445	1	562	711	547	313	184	84	291	395	439	368	211	90	410	353	207	337	284	119	532	217	322	590	286	410	179	111	126	417	413	169	437	105	253	175	124	193	102	198	128	14	374	103	276	295	41	191	338	439	748	773	777	233	697	410	451	222	425	68	117	231	524	44	293	298	657	17	150	286	270	301	296	335	446	458	189	360	112	390	85	393	180	350	5	379	515	518	355	405	473	433	219	334	212	240	141	288	286	34	439	337	627	361	347	463	362	327	5	262	177	92	245	443	246	45	342	499	305	335	320	106	453	217	438	577	198	303	197	12	117	76	651	350	519	363	48	333	433	344	425	93	168	659	409	110	253	123	28	670	361	309	380	78	126	45	218	252	90	484	404	659	390	93	115	388	446	228	405	165	629	439	234	133	174	220	189	704	187	97	437	375	32	483	586	564	359	394	392	181	358	313	244	377	123	124	114	77	378	138	184	316	835	411	403	112	262	400	265	542	363	131	81	429	174	264	359	473	421	116	434	406	550	400	545	282	142	494	526	175	279	407	400	477	331	597	331	463	401	329	329	212	260	217	115	229	333	302	607	489	214	262	560	192	489	295	150	559	332	376	21	317	341
CREM	426	414	864	1809	4771	801	904	194	270	706	1035	8286	5304	6427	7740	18	2016	2585	5615	64	3934	4279	2826	3819	308	231	3267	125	33	651	1539	1439	6284	311	2286	2050	964	1623	1082	455	2136	699	199	2037	212	286	1711	6243	3753	2968	5378	139	136	337	12	138	390	1080	964	7665	440	398	21859	1426	150	2686	287	151	2816	3587	213	434	585	3251	1921	4138	530	1593	489	3182	847	4300	485	780	4365	1205	4521	5582	1393	949	275	7229	3737	2122	2160	4578	5095	783	6	1334	287	228	1425	6327	7120	7581	7308	1512	4486	4779	2302	214	4658	450	5529	6365	1214	208	544	652	4590	4853	3863	2826	4294	7266	2232	3714	636	61	1743	3555	1246	3	132	26	1043	405	648	678	6003	15	36	4820	2746	3903	1001	3089	8	167	1213	1964	6418	6735	75	876	2034	1544	1258	1953	2660	4900	2380	4	1879	3767	5126	4154	6520	4608	236	859	1630	2935	639	3894	1933	5779	2015	130	598	1656	223	592	3	541	3993	206	4339	202	680	1525	665	5757	301	205	120	1373	2768	1388	5091	337	1232	5688	6503	3664	1688	1056	2261	2566	3158	211	894	1329	278	466	4012	1652	546	2472	3016	367	5460	4716	6019	82	624	1223	276	1141	10	7861	3244	1120	621	33	7023	1707	1849	1158	3274	1693	2252	5424	1652	3001	4017	77	2684	532	2530	3987	2098	36	629	828	369	416	1695	1471	2019	3677	5755	3694	267	2382	294	226	2177	1384	11	961	6709	86	4421	642	401	305	253	480	3471	98	3947	6429	1919	1592	375	2969	2535	2692	1301	4952	86	1036	315	4998	3286	3510	6440	88	4119	2509	1557	3836	1644	105	4446	188	345	7578	1078	377	942	45	2	2899	5559	777	3881	423	4497	1	132	2528	5374	4756	345	3960	5023	5812	4193	20	2067	1072	127	108	442	4949	246	234	4988	521	6387	228	384	4419	953	2851	4069	473	3339	784	445	2933	2700	2183	195	794	874	1134	692	2187	842	549	261	2601	5815	6451	803	7131	1680	8705	637	14	106	2042	2203	1090	2605	2291	3887	2840	753	2562	6269	2638	265	334	217	1420	1198	742	1237	1192	553	9	7421	444	6685	8127	7513	161	336	2088	2887	3534	3444	493	53	2052	1030	125	2	1103	446	2277	372	1139	724	2	3972	1548	4833	1890	3200	6396	3338	1878	583	4870	6908	5581	232	5769	4437	774	155	6715	2697	2870	3468	2043	6289	574	1002	365	2725	3865	2170	178	398	929	772	614	1106	600	227	10	639	350	698	433	309	3434	2801	1601	693	369	2487	5	3153	3592	2890	1513	322	101	1086	946	1317	2414	1764	113	2388	1423	858	2271	1719	1048	1898	965	1085	2597	588	2214	300	301	188	1674	2714	291	1187	268	817	426	1395	281	1968	1376	192	216	1320	133	648	385	128	689	839	1407	4107	4891	4405	268	6685	1620	2197	644	815	495	393	2020	1645	41	2004	2618	5878	22	215	1788	1237	1271	707	580	1086	2507	345	815	149	1334	152	938	344	1941	35	4532	6659	2251	918	811	1155	1347	339	572	1230	487	156	468	545	52	1752	2128	1304	948	692	1159	1857	2578	14	2482	388	576	320	2247	454	66	745	4285	658	1627	653	363	685	557	1076	3491	362	2929	297	19	301	1605	1615	1421	2185	1013	54	629	1478	588	895	681	223	2873	1312	86	485	286	22	3701	3463	738	2013	170	444	129	755	504	85	1487	726	1540	1070	182	182	723	1908	527	959	189	1719	1147	572	211	197	303	544	4724	281	121	1919	917	98	1106	2776	1639	858	4675	2874	523	545	747	1490	1219	2677	821	1542	70	1495	229	264	470	5474	1344	1099	423	773	786	508	1531	2917	235	106	917	282	891	1743	1717	938	137	1235	936	1596	1997	2229	366	407	1024	1454	317	608	1063	782	1148	586	3202	637	2515	1152	1148	540	287	485	334	246	973	1838	455	1219	1388	363	476	1769	458	1630	1570	384	1965	1329	1966	28	698	1001
CSRNP1	168	264	823	1582	756	731	794	220	315	810	1275	1958	2613	2511	1697	6	1754	1375	2117	85	873	1380	1016	1338	383	236	1862	18	34	858	1256	1416	1327	358	1038	1869	752	1175	1212	569	1199	510	214	994	233	167	1385	883	590	625	1007	40	163	463	13	212	548	640	212	2088	549	505	1426	6161	225	1705	338	93	874	2005	238	582	385	469	1364	1710	682	1300	501	1909	782	2199	680	880	2247	236	1841	1632	813	670	264	1219	1716	1049	731	1617	1647	709	9	1219	252	320	332	1589	1120	1225	1511	1404	864	1352	526	222	1204	411	662	1322	631	191	523	820	1593	2744	529	730	1938	1405	946	1213	702	95	1529	2064	690	3	166	35	551	414	592	279	2136	20	5	551	1672	2354	431	1731	1	56	796	836	2464	1761	33	1024	286	819	1079	1405	410	561	587	4	932	2431	1588	1719	1154	1067	152	843	1078	2137	327	899	1348	2179	1276	174	703	932	89	376	1	710	1693	245	1544	76	873	1422	1001	1476	380	204	169	998	743	458	1308	48	1010	2191	1093	2388	1195	643	1152	2145	436	251	635	1104	366	532	1822	1174	452	1585	1718	520	1390	1697	2469	106	578	205	123	209	12	2841	2196	735	76	19	1975	883	1092	328	1325	1016	1160	2449	736	1052	938	73	829	460	1313	2353	1489	36	787	886	406	498	1628	1415	1452	1838	1680	2221	251	1702	328	216	996	972	3	672	1232	89	649	777	383	104	261	75	925	120	384	1168	1656	705	177	1512	1247	1269	924	2624	92	1112	395	1896	696	505	1376	61	821	1538	1437	562	453	73	1775	235	436	1632	295	344	654	31	1	1702	1814	439	2501	511	1418	1	180	1816	1835	2400	203	1933	2547	2467	953	11	875	754	135	151	519	720	131	236	1822	263	1330	240	192	2582	494	2023	1651	300	628	922	336	1970	576	837	301	260	370	464	464	1349	864	369	90	726	1918	1512	896	2386	1391	2769	574	14	92	1314	1216	575	439	650	1166	999	712	919	1664	1726	318	46	19	432	1049	713	1163	861	642	14	1490	427	1285	2048	1792	195	255	1195	1918	1377	1987	273	22	1054	795	168	1	1144	251	1121	328	638	226	2	2367	1355	2159	455	1369	2364	731	912	402	414	1575	980	310	1524	989	463	230	2090	1731	1854	1253	1047	2257	701	892	450	1751	1178	548	250	418	1072	1194	423	1343	456	217	4	143	519	660	368	185	2306	1461	877	656	302	1423	2	1606	2160	1675	940	373	120	744	946	1159	1028	502	123	1174	858	554	1037	1060	345	1470	585	859	1624	607	1052	324	289	206	1195	1378	320	1184	220	682	369	450	307	329	561	212	55	987	170	553	513	93	437	791	1123	2578	2587	2522	382	2394	1051	1150	467	907	221	221	713	1402	56	856	957	2152	28	271	719	759	813	571	662	1083	1256	455	857	183	958	169	1160	360	1034	13	1262	1639	1463	859	895	1134	1015	434	678	532	496	209	580	556	65	1168	940	1350	916	769	1127	1008	1006	6	912	381	191	424	1208	477	81	792	1519	680	895	602	256	770	500	1061	1934	550	847	337	14	274	261	1580	997	1566	905	66	548	1091	716	1017	290	326	1988	1031	145	537	236	29	2234	1073	705	1009	167	314	117	516	534	140	1305	899	1557	1016	157	217	780	1277	465	1002	273	1626	1123	542	237	271	390	470	2270	327	144	1229	933	67	1034	1799	1430	809	1264	1131	424	656	739	666	918	462	298	410	108	1019	304	339	602	2941	1082	965	218	590	879	495	1427	1133	266	108	986	305	612	1027	1315	953	179	1108	932	1518	1225	1593	500	285	1180	1369	340	643	897	817	1028	551	1861	707	1294	1052	858	651	376	519	459	262	558	978	593	1314	1269	404	581	1521	421	1152	894	389	1563	1134	1024	28	693	753
CSRNP2	28	60	102	190	99	145	141	72	109	160	178	219	294	291	194	2	281	196	223	40	98	177	165	262	116	69	277	4	20	256	175	219	177	86	151	247	156	167	209	115	176	101	62	137	87	24	244	93	51	94	124	3	58	155	13	95	168	103	16	240	161	122	150	225	659	200	93	34	151	234	71	120	86	39	216	211	137	212	130	269	176	277	154	167	282	45	219	216	126	130	78	163	224	181	159	213	208	143	2	210	40	138	78	191	140	132	192	217	122	171	68	93	166	112	87	180	154	44	107	134	169	307	85	89	243	154	146	191	133	46	214	247	126	3	64	35	82	65	124	22	224	2	2	23	189	262	54	214	1	14	154	107	274	225	2	201	38	109	179	195	56	72	104	2	146	271	212	187	121	136	20	147	111	243	51	122	232	260	200	113	252	182	6	93	2	167	212	76	197	6	163	211	211	203	124	58	116	155	127	169	187	4	136	254	127	268	166	117	133	259	40	60	132	186	94	133	234	198	96	209	231	140	163	187	263	47	121	21	37	28	5	312	271	144	11	9	239	168	163	65	172	140	195	255	123	144	152	33	125	134	188	282	178	24	193	168	137	105	236	231	225	239	225	272	66	239	103	57	179	156	3	110	165	38	48	177	111	31	67	8	122	47	35	136	231	130	25	228	180	197	199	296	27	205	128	224	90	55	176	24	104	204	194	88	101	22	222	69	110	169	36	107	84	7	2	223	199	73	286	214	175	1	80	268	192	265	47	226	267	280	147	1	120	151	66	56	150	60	20	40	215	41	180	64	41	284	65	220	188	70	67	230	69	237	92	139	124	21	68	76	85	217	168	77	24	89	222	187	171	266	224	304	161	15	32	176	198	97	63	113	132	208	134	139	210	198	96	5	4	31	177	127	186	127	161	4	200	102	178	216	227	63	71	190	258	161	252	38	1	182	109	31	1	214	44	141	100	85	31	2	276	163	247	65	172	265	91	149	90	28	213	124	119	197	136	139	89	242	259	265	189	172	275	202	168	104	193	151	61	77	103	204	227	112	221	86	37	2	17	129	149	53	26	254	204	128	121	89	177	3	215	269	212	140	110	54	133	185	268	147	80	46	172	148	100	142	155	56	204	93	115	225	140	210	104	44	67	175	165	77	266	62	99	81	46	105	53	85	65	11	184	64	124	115	18	87	160	184	274	286	294	139	261	186	204	120	187	31	49	111	220	30	131	105	262	9	81	131	122	146	115	158	195	182	104	183	71	189	56	199	89	155	5	169	215	199	155	151	175	161	110	153	85	112	71	156	147	19	191	154	204	173	159	181	131	167	6	87	83	48	119	176	109	26	174	218	133	120	120	55	157	98	182	195	121	121	111	12	43	37	222	149	231	181	47	114	186	169	189	54	107	251	164	63	124	67	32	239	187	126	169	37	55	25	100	103	62	201	194	230	163	60	54	173	182	126	201	150	251	206	99	55	87	118	72	283	91	59	180	248	18	153	217	229	174	169	146	96	176	108	125	172	59	68	58	45	155	145	94	146	313	169	172	56	134	177	119	230	147	61	49	214	81	124	171	200	220	81	184	192	209	171	219	135	70	206	230	88	204	139	147	196	129	236	159	211	159	166	151	105	96	209	57	120	185	151	203	205	122	140	253	108	184	118	100	230	173	166	22	158	134
CTCF	546	292	1438	3447	1315	1045	1236	286	298	972	1121	6669	6350	7794	4957	7	2636	2100	4090	73	1458	2870	2037	2192	397	247	3097	25	26	872	1872	1946	3411	532	2565	2617	986	1652	1145	666	1989	801	279	2265	216	233	2038	3748	2386	1566	3513	60	151	504	9	204	592	1019	535	4967	593	508	2686	1705	200	88013	357	80	1339	3252	217	829	404	870	1963	3163	733	1767	553	4100	1020	3694	802	1201	5641	435	4931	4430	1018	916	307	2700	3698	1826	1018	3182	4091	882	138	1370	311	311	594	5268	4840	5253	4454	2097	1480	2701	962	219	2731	597	1622	2855	754	214	631	1555	3952	8077	1357	978	4047	4917	1501	2051	811	68	2914	3593	1043	3	145	27	806	536	825	803	4591	919	596	2879	4563	5964	1108	3196	110	485	1120	1503	5155	4268	37	1347	408	1888	1629	2235	2122	1209	926	6	1416	8604	2633	4054	4038	2554	221	1959	3109	5433	453	2083	1946	5610	1929	165	771	1231	169	650	4	800	3282	278	3630	108	1069	2003	889	2556	357	245	136	1357	1303	531	3207	108	1470	4631	3185	7594	2316	985	2093	3968	855	254	785	1771	381	572	3529	1690	551	2770	2874	589	3947	4239	5554	103	718	1105	262	1214	13	10016	5000	1651	68	19	4677	1048	1467	411	1966	1491	1914	5529	1585	1928	2561	61	1346	503	2589	5214	2693	29	847	1150	422	970	2419	2115	2327	4183	2773	5205	296	2852	344	245	1345	1304	12	838	2374	83	1308	900	421	235	283	341	2594	143	627	3586	2815	852	233	2678	2117	2197	1059	5984	98	1487	435	3673	1781	1025	4319	61	2203	3525	2161	2147	752	140	6315	250	487	3661	686	382	1153	108	2	2901	3940	589	5294	512	2828	1	168	3060	4012	5304	242	3683	5760	6254	2201	13	1786	1357	136	160	547	1936	278	323	38692	478	3347	233	296	6081	1276	5380	3327	441	1263	1021	493	3101	765	1327	251	688	706	880	576	2089	1233	380	92	2603	4536	4375	1167	7898	2154	8426	574	9	139	2086	2046	856	861	1020	2693	1678	984	1662	5146	3483	323	60	27	20935	853	864	1060	1099	536	16	3836	509	3070	5062	4147	211	303	1937	3627	3001	3815	381	24	1696	1202	193	9	1458	425	33673	338	772	490	2	4722	2807	3711	762	2422	4830	1249	1239	411	1038	3276	3528	320	5987	3077	635	243	7351	3723	3587	2229	1740	5761	791	1217	520	2961	2882	1394	188	401	1438	1067	495	1341	523	259	7	214	380	863	437	271	5964	4034	1693	795	316	7634	12	2866	3925	4599	1790	494	146	1148	1947	1810	1328	840	154	1992	1382	617	4190	1183	578	3155	749	1238	2419	704	1512	371	371	229	2839	3180	348	1587	275	933	460	1021	372	491	800	226	330	1170	176	674	534	111	747	1039	1641	6679	7461	6446	377	5040	1495	1762	576	1130	584	392	1258	1843	44	1686	2719	5808	30	252	1249	1817	1181	720	762	1568	2251	393	1025	168	1311	159	1049	382	1787	23	2777	4379	2127	1037	1190	1467	1346	491	861	1049	516	220	591	601	65	3230	1422	1889	1072	925	1645	1517	2253	16	2149	499	409	424	1927	534	100	1082	3677	906	1388	655	302	909	675	1362	3598	444	2507	350	9	356	2143	2464	1429	2237	1152	58	664	1726	876	1366	641	315	4741	1340	138	681	274	26	4974	1509	784	1559	372	505	149	1431	820	126	1684	1061	2153	1336	215	247	899	2133	528	1202	257	2486	1454	801	221	224	411	827	6480	647	132	2345	1026	99	1517	2943	2074	1069	2169	2119	450	764	1058	1574	1345	1506	712	1181	85	1378	355	344	628	12535	1935	1478	426	642	1004	513	1943	1939	316	112	1198	286	1459	1621	1769	1085	164	1465	1182	3510	2920	2417	518	327	1619	3205	349	683	1081	1062	1414	722	3536	874	2098	2077	1033	777	431	590	426	351	1265	1154	571	1781	1888	457	693	2352	589	2458	1362	392	2443	1122	1447	26	877	978
DBP	65	95	206	325	179	282	242	95	225	273	251	414	521	544	403	3	445	348	399	72	181	377	321	347	167	131	464	8	24	252	314	381	346	122	228	426	345	323	300	195	296	153	98	288	82	56	358	218	132	192	257	6	75	191	13	163	201	157	51	415	289	195	287	338	93	357	1161	53	340	437	95	197	161	92	346	396	230	382	256	483	252	483	260	297	499	115	399	407	205	311	145	293	445	299	294	411	384	268	5	299	93	131	154	389	257	279	369	380	286	364	120	151	329	146	163	366	216	59	172	211	331	539	203	183	449	321	217	310	224	64	431	429	185	3	101	23	152	131	206	58	401	7	2	76	344	425	101	353	1	18	268	213	486	433	15	325	81	212	321	335	160	136	184	3	290	488	359	372	292	267	40	195	223	438	88	247	357	503	446	77	228	362	33	179	1	257	429	110	391	12	284	378	272	437	243	101	94	300	193	148	326	13	259	483	252	520	304	227	234	480	93	104	279	374	130	257	459	376	186	398	430	224	345	378	469	94	280	46	43	56	7	548	496	272	23	5	493	341	272	146	353	257	401	464	258	304	290	46	243	242	310	506	308	34	263	258	245	159	405	416	389	420	400	496	128	406	174	93	279	296	1	184	336	51	129	364	150	49	96	12	249	57	67	279	471	242	49	406	298	327	380	499	36	327	169	395	161	118	341	37	259	356	362	197	201	36	403	93	153	342	80	208	146	9	1	389	358	146	492	173	366	1	101	445	373	456	60	397	466	513	297	2	237	316	94	120	176	134	32	81	410	56	357	103	77	469	122	409	386	130	153	276	132	414	152	262	137	53	131	123	186	403	247	126	38	193	435	401	263	512	424	557	314	15	41	305	298	139	137	222	262	235	221	294	402	394	142	13	5	79	231	228	258	245	193	3	367	152	353	424	379	98	148	288	418	297	448	58	10	289	195	50	1	353	79	276	166	194	62	2	480	305	414	124	309	484	158	255	163	70	359	261	207	359	251	284	122	452	416	432	368	314	511	235	270	161	389	346	132	78	169	326	301	181	301	253	83	2	31	169	262	110	47	466	352	197	244	198	345	1	403	484	363	313	184	82	310	322	290	294	168	60	329	310	180	263	215	111	393	187	227	434	215	405	178	89	121	311	334	106	320	78	186	184	96	190	87	199	97	17	298	125	288	200	57	143	236	409	498	505	537	167	510	277	384	214	294	72	103	240	374	39	223	225	478	14	115	265	206	301	193	252	383	363	137	308	97	285	114	296	130	313	2	306	415	377	275	283	328	410	164	226	158	195	115	222	319	30	402	373	368	323	255	325	264	282	4	206	140	88	174	344	172	42	274	404	229	293	194	89	235	152	297	395	156	224	206	11	92	71	393	274	403	280	40	184	332	253	312	85	142	481	272	84	197	92	26	457	375	232	329	62	102	71	153	203	94	339	290	397	291	102	92	287	336	263	296	109	417	323	187	92	118	168	135	520	133	71	376	290	43	284	429	389	269	295	311	141	245	212	284	281	134	88	126	66	276	111	141	215	549	314	408	119	183	310	179	388	270	96	70	308	127	232	278	342	306	106	306	393	389	285	408	259	116	317	384	136	203	292	299	294	184	430	255	372	372	249	230	178	178	150	106	177	271	217	374	374	262	287	399	145	314	221	133	409	267	319	20	222	223
DDIT3	24	61	43	58	120	74	68	31	52	66	78	164	136	161	176	5	108	105	118	25	85	155	131	178	50	59	147	11	21	67	84	86	165	32	66	103	86	87	94	46	114	53	32	114	33	21	109	172	133	146	170	2	31	44	12	35	56	44	33	146	52	41	151	93	34	80	53	409	121	132	36	45	69	81	89	135	57	87	55	103	65	142	54	64	132	53	127	161	75	67	39	180	145	95	115	143	139	86	2	95	29	46	72	169	159	165	173	90	135	147	64	43	142	45	135	159	80	31	60	38	110	140	112	99	135	178	107	115	59	24	91	107	64	3	34	16	56	33	65	8	129	2	1	87	77	75	24	79	1	5	70	53	153	163	8	74	74	71	83	94	117	119	114	2	106	132	148	123	142	124	19	39	60	82	36	134	106	144	119	34	66	111	14	47	1	56	137	34	145	4	55	88	65	159	54	42	40	82	121	78	155	16	80	163	143	118	111	98	42	101	82	37	85	76	44	64	163	118	65	96	113	48	158	134	153	32	68	40	29	39	3	170	128	87	37	5	178	113	114	98	133	83	104	121	108	133	138	26	124	68	93	129	88	24	52	61	58	37	87	91	107	112	165	119	50	113	50	38	110	76	3	70	171	26	94	70	54	32	35	20	124	24	79	166	94	109	15	101	81	97	94	145	24	74	48	151	101	88	164	21	124	71	78	109	86	17	137	36	44	154	49	53	47	7	1	74	128	72	115	55	140	1	34	134	140	108	24	92	113	149	133	5	93	65	33	28	52	106	17	28	146	17	155	43	46	108	35	88	135	51	117	67	50	132	109	104	43	16	55	33	78	111	51	57	29	104	150	165	68	164	105	183	61	14	13	96	79	39	102	108	106	99	61	139	153	100	40	21	14	71	92	73	96	94	65	2	178	55	166	185	157	31	54	63	100	110	113	17	3	101	51	14	1	67	39	105	67	88	10	2	108	59	142	78	92	148	97	112	70	87	159	165	47	141	124	78	31	169	107	118	129	100	176	56	71	43	85	136	85	34	46	74	69	77	83	65	33	2	40	54	82	31	17	110	94	60	61	49	97	2	123	129	85	98	56	35	73	58	85	112	83	24	143	87	61	117	95	68	92	61	77	105	53	115	56	32	41	86	113	42	72	47	58	69	54	43	71	97	32	8	94	37	69	59	11	56	57	94	107	121	119	42	176	89	96	72	68	35	37	116	96	20	81	89	155	8	40	123	72	108	62	59	82	94	48	72	41	83	30	78	42	110	3	136	178	103	67	66	69	90	41	58	79	56	34	57	63	16	89	122	76	81	63	68	97	113	4	87	46	54	46	113	58	25	71	157	66	87	57	34	65	49	87	117	50	99	52	11	32	51	80	83	110	85	23	63	85	62	82	38	37	115	82	29	54	40	18	110	129	67	130	24	45	14	52	46	30	88	64	86	71	31	33	69	98	65	73	36	90	83	59	27	40	52	48	136	42	29	112	76	8	62	113	93	66	135	132	57	69	61	86	90	96	52	81	27	92	30	46	53	118	77	75	48	68	63	62	94	113	36	34	77	35	68	88	95	78	33	79	89	84	87	115	53	42	75	71	45	69	83	70	74	64	116	70	129	82	76	57	41	43	53	36	64	103	58	76	82	61	64	101	49	87	90	45	105	91	126	18	57	67
DLX6	266	288	413	799	2362	577	583	141	305	511	663	3518	2230	2833	3413	12	1136	1531	2347	83	1432	2195	1408	2035	301	212	1682	84	29	485	963	885	2931	248	1172	1144	723	1074	744	318	1229	433	161	1226	158	166	1068	2751	1651	1535	2516	18	115	299	13	192	320	388	519	2908	472	294	2816	874	151	1339	340	121	8177	1629	160	346	449	1812	893	1862	381	846	417	1379	465	2278	403	532	2092	700	1838	2744	670	706	225	3002	2179	1268	1349	2191	2461	581	8	895	169	207	844	2915	2982	3166	3187	918	2496	2262	1125	217	2549	333	2502	3078	840	168	416	382	1789	1974	1981	1489	1884	3214	1345	1982	433	83	1036	1430	436	3	139	23	496	284	459	205	2416	11	9	2081	1208	1258	387	1155	7	91	711	539	2900	3152	25	597	1224	947	794	1003	1274	2308	1455	4	1013	1767	2582	2042	3006	2277	115	451	782	1105	373	2061	1306	2664	1474	132	456	1299	110	412	2	428	2192	184	2281	41	478	895	525	2949	367	175	137	871	1429	863	2436	211	694	2615	2785	1624	1095	771	699	1262	1703	180	659	899	211	388	2150	1079	388	1166	1347	335	2705	2395	2507	115	528	616	148	557	6	3320	1535	769	482	21	3397	1276	1134	816	1871	1011	1614	2424	1140	1787	2565	78	1667	525	1130	2026	1179	40	449	524	382	324	853	856	1134	1611	2676	1754	192	1313	277	165	1392	744	6	662	2943	75	2017	600	283	184	187	222	1925	99	1822	2941	1100	1154	137	1348	869	1045	1114	2182	70	621	286	2141	1666	1715	2933	51	2297	972	857	2020	1095	59	2122	181	277	3230	465	299	372	23	1	1009	2638	530	1517	331	2418	1	133	1401	2479	1780	166	1469	1862	2568	2320	12	1079	751	138	132	342	2198	103	153	2643	201	3013	190	267	1696	457	1146	2114	301	1827	508	308	1679	1622	1325	194	244	397	390	412	1366	515	384	183	1467	2784	3084	537	3193	1072	3607	629	14	76	1202	878	378	1535	1416	1984	1584	467	1598	2954	1223	235	245	154	974	782	469	807	621	394	9	3233	327	3038	3376	3037	146	314	648	1188	1689	1589	190	18	1022	470	95	1	671	287	1551	351	744	135	2	1513	719	2452	1084	1301	3032	1713	1257	484	2018	3001	2600	285	2787	2106	646	164	3033	1281	1316	1970	1130	2771	418	588	257	1087	2157	1162	137	302	641	562	442	711	521	155	3	421	276	560	238	123	1590	1257	692	522	314	1251	4	1346	1825	1178	1013	296	113	769	617	684	1505	716	90	1373	904	569	1296	1077	584	1094	650	681	1264	467	1658	303	224	205	935	1531	206	716	166	488	373	689	272	1315	920	172	159	910	177	642	336	84	378	495	1039	1716	2077	1894	238	3191	883	1042	440	600	288	219	1426	998	50	1093	1457	2722	22	184	1160	770	936	492	434	823	1033	268	655	147	815	157	670	236	1220	15	2428	3058	1252	562	568	750	1079	260	409	725	349	153	366	528	43	1099	1639	800	670	502	699	1116	1416	10	1362	298	363	283	1292	391	58	529	2371	446	887	444	225	499	364	678	1565	284	1460	315	17	213	698	884	919	1260	765	58	403	938	457	648	353	201	1569	799	96	377	218	26	1658	2263	494	1336	134	346	118	377	361	109	915	533	876	679	194	154	529	1142	540	613	180	970	803	398	158	178	274	324	2229	223	117	1215	646	79	662	1423	1007	573	2498	1751	352	463	482	1076	704	1473	461	932	86	901	199	203	356	2118	901	886	284	569	591	348	925	1602	178	112	637	228	581	1014	992	651	133	809	828	944	1073	1282	388	280	623	860	224	458	699	577	745	407	1619	453	1529	939	719	417	279	327	292	160	558	1166	363	756	792	394	522	1097	320	969	965	296	1139	892	1316	32	501	510
DMAP1	309	395	1201	2837	1698	1101	1181	269	396	1118	1367	4357	5622	5617	3724	14	2817	2541	4706	79	2183	2878	2078	2586	476	264	3243	52	37	1079	2050	2090	2852	500	2038	2748	1146	2210	1414	740	2078	814	264	1961	277	280	2264	2297	1580	1489	2420	82	183	560	16	237	690	1191	479	4776	728	660	3587	2005	234	3252	437	132	1629	13761	294	776	564	1166	2430	3560	883	2091	681	3688	1147	4121	915	1297	4518	562	4026	3564	1492	1093	358	2770	3380	1839	1368	3370	3575	1036	5	1556	330	359	635	3537	2649	2924	3438	2210	1938	2994	1260	280	2514	607	1705	2848	956	241	719	1309	3726	5549	1212	1472	4299	3299	1728	2257	1004	87	2525	4048	1319	3	187	32	1025	571	832	689	4977	11	6	1435	3087	4999	982	3762	3	95	1372	1824	5186	3824	77	1484	620	1396	1604	2407	1091	1418	1178	6	1738	4848	3109	3453	2830	2309	274	1373	1863	3959	521	2031	2090	4855	2120	196	894	1497	159	604	3	925	3329	309	3301	139	1201	2234	1040	2930	464	259	169	1618	1442	767	2818	94	1749	4898	2797	4734	1966	1083	2576	3696	1218	314	979	1779	447	689	3653	2018	672	3208	3605	671	2966	3372	5373	98	818	533	246	527	12	6411	4071	1145	182	29	4248	1452	1902	586	2416	1633	2014	5183	1285	2132	1972	92	1723	645	2771	4508	2464	35	979	1243	512	683	2740	2374	2739	3903	3599	4769	316	2929	396	263	1642	1696	8	1022	2743	95	1690	1040	522	218	375	225	1855	147	1057	2771	2817	1219	427	2873	2325	2370	1348	5419	113	1657	499	4167	1593	1226	3132	91	1884	2995	2309	1325	754	87	3708	300	559	3530	630	430	1102	51	2	3549	3905	724	5215	646	2895	1	220	3138	3916	5327	349	4312	5574	5218	2001	17	1793	1203	148	176	625	1866	231	310	3713	556	2877	320	309	5262	838	3844	3405	441	1399	1239	467	3048	1131	1602	334	555	644	853	647	2298	1327	580	148	1608	3926	3365	1275	5230	2265	6270	752	14	116	2250	2441	1105	997	1271	2405	1790	1034	1864	3598	3152	381	121	61	991	1199	1038	1322	1398	649	18	3236	601	2823	4362	4052	240	332	2258	3499	2702	3963	440	33	1912	1358	209	1	1735	375	2119	410	1041	486	2	5109	2297	3923	1008	3031	4750	1497	1548	553	1178	3277	2391	363	3340	2083	704	274	4614	3380	3476	2593	1956	5111	936	1375	629	3387	2381	1171	239	542	1570	1285	602	1534	687	286	8	335	493	885	547	318	4475	2992	1710	917	426	2740	5	3404	4604	3416	1582	450	139	1121	1594	1920	1793	1042	150	2280	1448	817	1946	1387	646	2400	835	1260	3042	803	1787	391	375	229	1959	2442	432	1739	335	1057	512	931	437	669	1049	259	104	1490	181	782	626	135	656	1197	1819	5058	5420	5221	440	5083	1772	2189	706	1249	408	341	1405	2180	60	1559	1962	4634	29	328	1291	1262	1334	848	901	1558	2485	445	1163	209	1523	202	1272	487	1749	29	2558	3616	2559	1286	1302	1687	1611	575	945	1000	646	232	736	744	78	2023	1756	2014	1324	991	1698	1767	2074	19	1939	526	341	533	2199	614	85	1127	3144	988	1694	823	394	1048	724	1543	3791	526	1610	411	16	383	621	2543	1656	2663	1321	74	797	1781	1000	1427	500	371	3699	1584	148	728	330	32	4288	1948	967	1801	235	478	157	976	751	149	2029	1219	2340	1444	223	276	1083	2203	629	1427	310	2646	1658	808	316	310	468	750	4836	464	175	2219	1248	111	1570	3174	2248	1166	2383	2196	608	882	1040	1159	1556	1230	526	801	101	1655	360	420	753	6072	1737	1475	296	874	1242	716	2225	2120	349	133	1357	409	1094	1787	2139	1321	209	1677	1320	2462	2187	2665	617	387	1751	2285	481	856	1366	1185	1609	788	3544	1018	2388	1585	1311	894	458	713	528	380	827	1617	751	1979	2052	518	739	2386	557	1910	1510	498	2551	1393	1761	29	1059	1292
DMTF1	40	72	138	233	116	163	170	61	101	176	185	259	347	359	231	4	264	255	283	43	127	233	180	225	163	75	305	3	22	175	216	241	200	90	158	273	172	205	188	127	195	86	61	184	77	30	228	142	80	112	163	10	67	125	14	79	139	107	32	291	138	140	213	238	71	217	95	36	160	294	807	121	113	69	240	270	168	229	113	291	154	306	150	192	324	49	283	260	175	162	69	199	269	208	141	264	252	155	3	193	54	106	78	237	176	189	231	248	155	195	79	63	189	116	119	199	132	47	163	115	241	378	91	110	306	201	152	191	175	40	252	309	125	3	57	23	106	134	132	51	304	2	1	55	254	327	71	271	1	17	148	153	326	245	10	187	53	126	236	240	60	90	106	4	167	354	275	253	163	162	22	119	148	303	45	164	222	301	222	71	148	180	20	107	1	170	253	109	242	15	188	243	176	228	105	67	64	194	186	95	208	7	160	328	177	335	192	133	180	309	60	79	149	199	102	139	271	220	116	258	274	134	201	235	330	45	134	27	41	32	6	375	312	156	8	6	269	158	178	88	219	227	194	314	148	184	178	36	151	114	208	315	232	20	173	176	112	108	252	234	234	268	247	316	90	266	105	70	178	187	1	151	196	34	81	178	113	35	92	9	148	50	49	187	263	134	36	250	214	227	183	351	33	196	116	318	103	69	207	24	124	248	232	99	101	25	249	115	168	239	52	91	107	8	1	286	254	95	360	124	226	1	73	288	253	329	51	271	350	330	166	6	143	145	56	51	124	77	25	42	242	55	179	113	56	351	83	281	235	63	106	180	77	263	99	143	90	38	77	71	106	212	160	87	34	114	262	217	181	318	244	375	157	15	36	220	195	93	83	115	155	153	151	160	219	266	104	6	3	52	165	166	183	176	123	2	209	123	203	290	262	72	75	206	280	215	305	34	2	195	124	32	1	205	52	146	86	139	33	2	348	206	281	66	196	311	101	162	101	41	244	157	99	235	150	124	84	288	270	275	215	191	332	156	185	125	280	179	88	69	132	217	193	109	229	120	65	2	22	114	149	75	33	309	234	162	138	96	204	1	277	316	236	175	98	49	143	184	207	193	111	71	195	176	165	171	150	80	233	128	173	262	147	200	98	99	63	195	199	132	203	73	170	115	55	93	64	108	97	8	181	71	151	141	22	100	148	205	340	355	353	117	335	184	218	110	189	48	61	143	235	31	164	132	304	17	123	157	135	156	150	163	191	217	109	180	68	185	58	187	83	192	9	209	246	260	190	177	270	194	120	155	109	140	102	139	157	24	201	180	235	200	198	210	187	172	2	120	92	61	137	226	153	31	171	234	154	180	155	61	173	150	264	274	119	183	103	12	108	41	262	169	255	180	36	156	198	152	194	56	92	287	250	67	146	96	24	315	178	215	181	38	61	26	145	120	62	266	183	262	222	52	74	182	253	134	195	87	266	190	125	90	122	116	100	324	95	79	207	171	15	200	268	249	169	242	182	89	167	164	140	179	78	65	85	64	183	78	103	192	395	217	179	58	122	195	134	247	178	85	48	207	89	124	177	235	190	74	258	190	236	184	244	125	127	216	231	98	141	185	214	207	157	286	146	213	192	165	173	112	132	121	66	118	174	152	244	230	103	127	231	141	192	205	90	256	180	188	22	148	202
DNMT1	108	115	402	713	264	407	506	120	152	450	383	817	1012	988	697	2	784	558	824	57	263	581	476	515	197	133	816	5	30	366	749	673	537	212	427	752	382	572	434	305	570	281	147	481	116	80	614	322	193	257	392	7	92	265	13	127	337	258	70	787	255	273	434	582	120	829	197	45	346	776	121	2375	153	134	565	629	347	516	266	809	385	837	525	486	943	81	732	654	321	312	152	461	749	487	311	638	661	362	11	501	121	163	124	658	464	469	631	664	292	545	160	131	581	175	221	514	286	116	303	493	567	1119	198	262	802	541	406	481	365	47	885	827	326	3	98	19	235	221	269	112	735	17	5	123	673	911	159	674	1	27	401	376	931	726	17	516	76	345	532	576	131	170	210	3	365	1054	649	660	448	439	60	445	448	931	162	351	598	901	545	90	344	422	35	162	1	376	678	144	683	20	583	800	416	595	199	127	108	528	334	183	554	14	523	860	399	1024	556	309	485	946	109	138	292	500	214	270	730	555	213	727	699	335	600	687	877	77	314	63	60	83	10	1118	961	384	5	5	797	363	480	131	482	478	555	881	331	468	387	43	327	193	552	987	668	25	377	435	216	311	728	690	650	759	601	936	156	675	187	118	446	398	1	286	451	53	194	404	197	57	140	26	380	53	71	470	751	310	72	632	469	473	393	1045	36	569	231	752	253	166	557	45	311	666	633	185	179	37	749	141	268	616	107	166	280	14	1	693	668	223	1000	251	555	1	102	818	747	898	84	737	941	996	395	5	370	340	81	89	240	194	61	138	850	87	529	137	90	986	204	860	691	146	211	395	207	742	211	327	150	79	142	206	227	582	411	125	38	311	771	614	632	973	694	1063	271	13	39	560	488	265	148	256	520	379	390	422	729	709	148	12	3	234	315	295	363	342	239	6	586	205	515	775	688	139	121	493	817	543	918	93	8	472	355	85	1	550	114	592	187	268	91	2	939	670	826	191	518	914	231	427	182	85	621	372	167	647	449	221	149	883	759	763	480	455	917	375	424	221	699	494	184	111	215	702	465	217	485	218	169	4	45	203	350	181	87	989	644	314	425	150	705	3	656	896	795	420	228	76	328	481	528	405	225	77	502	422	235	491	322	120	824	243	374	686	302	432	190	161	117	540	589	152	541	107	368	195	158	162	114	229	133	44	365	96	267	278	58	204	407	517	1047	1056	1019	236	935	506	531	246	489	131	130	325	580	43	329	396	887	25	137	325	369	365	281	383	503	541	179	442	99	412	107	431	170	468	7	516	692	546	377	476	545	453	228	376	251	227	137	278	277	43	540	381	648	451	390	555	399	428	7	351	180	80	203	491	252	49	438	667	375	393	273	122	381	284	497	709	217	379	181	11	166	106	759	430	629	425	48	267	477	365	558	138	186	903	471	94	285	125	25	876	427	323	429	106	171	84	331	319	90	567	475	733	501	99	149	404	623	214	427	119	743	492	303	118	137	266	239	968	211	94	556	424	47	496	698	627	364	505	502	201	395	400	312	460	164	139	149	62	441	153	198	339	1174	581	456	113	263	421	229	621	500	162	74	498	162	333	436	575	459	102	508	439	786	562	650	282	131	607	688	166	311	365	444	533	303	794	355	553	507	359	347	224	282	206	131	285	333	270	646	606	220	296	696	212	562	385	160	717	406	417	29	363	389
DNMT3B	81	146	208	303	414	311	244	70	178	258	298	681	685	774	675	7	487	500	605	61	383	593	491	570	165	153	580	19	27	243	355	379	616	108	395	506	301	350	329	167	439	187	90	427	90	85	454	522	321	370	501	12	85	170	12	101	167	169	135	677	234	199	585	385	86	404	161	69	449	564	113	153	1817	281	348	568	212	333	184	494	227	673	189	279	671	203	588	676	300	304	112	589	635	372	380	584	611	286	4	354	94	134	240	702	526	586	657	432	432	570	251	107	549	156	402	599	302	78	190	132	507	673	335	327	644	664	362	483	230	54	419	512	200	3	93	24	238	134	221	101	597	9	4	304	427	483	139	429	1	24	402	238	713	695	10	313	243	300	365	413	279	403	370	4	441	633	565	554	527	430	57	167	297	430	112	463	462	680	500	89	241	402	54	199	1	245	639	113	625	21	231	405	289	602	187	113	96	353	404	296	598	37	308	738	573	610	410	352	302	507	271	107	360	333	132	219	679	511	225	443	535	183	557	570	673	97	237	153	74	150	6	825	573	497	93	12	709	357	351	263	575	339	481	652	410	516	522	41	455	256	429	604	382	36	233	274	202	151	379	432	463	553	657	577	166	520	192	96	415	353	3	257	626	40	321	291	163	96	116	80	440	46	296	553	459	407	61	433	365	420	399	642	53	321	150	577	330	286	610	35	417	350	381	344	286	35	578	101	147	609	160	161	194	17	1	421	587	203	559	177	579	1	94	547	575	567	101	457	592	699	505	7	377	273	103	71	191	364	38	88	610	90	605	115	101	534	180	437	579	176	364	259	142	542	345	425	133	64	176	146	231	471	256	215	60	385	646	671	251	753	411	849	280	14	37	425	370	169	316	406	445	383	230	529	627	465	162	57	38	209	313	256	344	315	212	4	669	184	622	693	636	89	188	309	481	451	531	65	7	377	228	47	1	338	175	365	186	273	54	2	551	296	627	282	420	724	381	349	217	286	602	582	173	625	475	264	94	683	479	515	579	557	759	209	296	149	464	544	262	92	192	325	283	217	333	216	92	4	95	175	319	133	70	514	446	287	259	178	438	2	568	580	416	347	178	72	291	230	299	474	299	68	512	401	225	439	331	183	418	229	314	489	216	459	196	95	146	338	439	134	311	116	226	249	211	142	221	324	104	36	373	123	294	190	42	202	242	391	580	621	613	149	759	358	425	251	303	113	106	410	463	37	327	368	655	20	120	399	255	388	255	251	360	397	144	290	103	341	74	358	151	436	8	530	753	512	276	284	345	408	137	214	266	230	102	217	264	26	414	429	385	310	249	338	413	425	2	323	151	148	173	467	207	37	288	624	207	410	227	105	260	184	329	570	168	342	168	13	99	157	399	362	492	327	38	223	415	261	303	112	111	529	366	77	213	119	23	580	473	245	483	51	144	41	180	183	79	378	264	419	295	69	95	290	415	263	315	111	411	355	186	110	125	159	158	652	120	92	497	315	30	316	551	446	252	505	481	194	230	228	286	325	317	151	256	75	357	97	122	211	681	361	363	140	226	269	201	415	444	103	86	317	143	208	373	413	332	107	332	348	363	353	510	193	152	278	338	132	252	415	286	325	232	545	241	534	347	304	237	159	174	166	87	190	446	201	363	375	183	203	442	160	373	312	182	465	355	508	23	235	264
DPF2	275	180	161	342	3075	255	432	83	62	187	365	3878	1863	2654	3948	15	586	1494	2159	19	1191	2038	1316	1924	144	73	1283	79	12	157	632	459	3394	115	1075	626	254	572	399	108	936	199	76	1041	80	113	668	3419	2097	1805	2952	5	49	87	8	48	89	171	631	2773	128	87	3251	469	39	870	92	81	1812	1166	69	134	281	8519	337	1448	125	205	100	577	101	1929	115	175	1732	704	1492	2843	353	305	45	3848	1886	1310	1328	2151	2586	250	2	615	79	62	960	3270	3724	3878	3707	401	2643	2235	1298	57	2973	167	3331	3559	712	110	301	99	1465	1383	2246	1590	1346	3876	1491	2104	159	20	537	800	117	3	35	10	289	156	232	34	2327	6	14	3004	808	441	252	499	3	77	368	85	2959	3619	6	182	1425	1130	479	663	1487	3115	1611	3	676	1025	2691	1897	3777	2893	62	161	734	405	269	2238	922	2509	851	30	159	904	89	274	2	134	2070	99	2115	3	169	430	194	2957	68	60	50	581	1614	952	2733	223	372	2281	3403	965	791	555	181	632	2422	71	342	340	67	122	1796	597	190	590	651	114	3092	2717	2165	29	148	698	129	626	5	3434	1012	522	485	16	3595	946	909	746	1769	922	1306	2217	1048	1738	2405	31	1872	258	832	1536	1193	12	164	208	115	110	303	309	623	1160	2616	1258	74	846	94	96	1361	383	4	481	3573	31	2650	169	112	156	77	266	2184	50	2251	3500	459	1014	19	733	395	572	559	1707	45	230	130	2078	2074	2204	3555	11	2653	456	357	2205	1017	44	2297	86	116	4055	444	63	173	22	1	341	2910	411	739	114	2654	1	42	905	2481	1193	57	833	1305	2401	2549	13	965	398	35	32	158	3159	105	66	2753	150	3645	86	234	1015	343	588	2033	190	2323	166	180	1272	1857	1164	60	200	273	190	217	749	219	290	174	1742	3084	3512	230	3419	500	3725	259	8	30	918	439	78	1730	1412	2239	1861	219	1410	3498	726	81	301	209	873	549	237	557	333	176	1	3845	162	3599	3845	3537	56	161	152	628	1853	1128	95	9	692	203	29	2	217	273	1199	181	631	25	2	796	266	2487	1091	877	3050	1916	1263	393	2730	3574	3065	76	3173	2369	364	46	3263	798	747	1921	859	2447	132	268	89	501	2342	1454	68	119	239	200	248	367	224	100	3	558	120	244	103	51	1139	947	515	255	109	937	2	795	1162	618	771	84	39	523	161	236	1423	565	51	1049	668	496	1158	1075	709	772	549	527	718	242	1335	81	194	54	862	1618	93	327	105	298	174	812	67	1326	832	111	150	599	49	309	129	24	276	184	502	1198	1751	1324	59	3043	569	471	220	256	223	206	1391	585	16	1186	1756	2587	15	99	1179	717	639	284	126	303	531	147	271	57	557	33	361	93	1010	8	3190	3476	817	258	176	389	571	91	124	581	136	73	133	156	24	862	1310	317	287	284	290	936	1536	9	1676	239	359	86	1031	253	24	196	2469	171	544	247	121	202	228	426	1184	117	1574	89	12	117	746	327	663	919	483	22	166	595	125	305	387	58	1147	601	43	172	153	9	1084	2073	270	1072	86	293	30	141	158	26	611	187	393	464	94	71	236	917	242	234	49	405	426	210	78	89	95	176	1751	98	52	823	328	11	285	964	547	278	3041	1693	179	178	221	982	311	1842	517	936	32	631	64	66	161	1760	678	416	221	385	178	143	445	1769	83	32	293	78	330	994	681	304	40	528	326	468	943	918	83	221	209	268	74	217	307	288	393	155	1332	142	1317	460	444	166	93	128	94	66	540	962	119	258	306	126	187	691	214	840	902	131	666	629	1058	10	234	230
DR1	181	338	888	1894	647	787	799	194	325	831	922	2362	3145	3095	1822	7	1990	1350	2515	67	1275	1641	1126	1469	353	220	2097	15	29	823	1328	1461	1399	355	1084	1838	954	1458	1001	591	1306	622	193	1136	213	172	1496	941	659	661	1102	67	159	453	15	191	532	867	190	2760	577	494	1921	1364	216	1963	346	89	893	2430	240	565	348	337	7131	2547	670	1662	579	2574	918	2439	695	948	2753	204	2371	1926	936	802	298	1254	1953	1042	717	1893	1911	731	4	1036	254	298	291	1816	1198	1330	1715	1486	968	1633	634	238	1263	408	606	1428	561	173	505	958	2138	3248	490	949	2510	1511	882	1245	709	81	1674	2595	969	3	157	35	813	415	586	346	2660	5	1	331	1844	3090	552	2353	1	53	896	1272	2889	1894	70	1104	188	725	1131	1624	418	431	512	4	1121	2862	1740	2054	1250	1020	207	977	1222	2716	379	1070	1337	2680	1491	167	673	1024	91	375	2	684	1898	244	1864	121	861	1512	794	1680	407	198	151	1024	721	360	1504	27	1135	2728	1132	2835	1243	662	1590	2432	333	250	678	1324	347	588	2113	1354	470	2044	2201	498	1501	1786	3076	92	677	193	120	215	11	3361	2597	703	45	19	2383	990	1312	303	1390	980	1202	2778	693	1171	995	84	760	442	1634	2739	1444	33	750	882	433	495	1876	1594	1632	2351	1949	2672	242	1881	315	202	905	1100	5	590	1267	88	595	816	389	103	241	68	903	104	340	1282	1938	628	275	2155	1810	1786	1008	3273	74	1235	369	2311	644	479	1437	76	831	1984	1619	563	414	70	2011	220	432	1743	414	385	759	31	2	2272	2089	452	3175	511	1531	1	181	2060	2371	3268	320	2881	3330	3033	932	10	1022	888	122	159	480	636	136	236	1925	304	1321	230	172	3259	535	2499	1863	344	496	924	361	1883	473	1043	256	337	391	664	485	1644	883	354	76	670	2077	1699	937	2817	1699	3347	586	15	83	1383	1646	752	393	677	1233	914	758	1009	1807	2007	274	26	9	366	767	787	867	1013	525	12	1591	431	1357	2384	2403	171	240	1749	2437	1562	2460	332	34	1269	967	184	1	1272	221	1127	287	614	335	2	3204	1644	2213	508	2254	2631	737	898	350	330	1694	1087	306	1704	1023	472	208	2509	2056	2279	1323	1136	2852	694	969	477	2163	1201	483	185	416	1116	985	417	1072	513	204	5	79	386	684	413	215	2772	1687	929	631	336	1648	3	2151	2602	2163	993	367	107	756	1142	1364	1009	597	106	1372	903	504	1110	778	333	1578	522	852	1872	574	1068	333	248	184	1169	1331	307	1226	238	732	344	436	356	248	582	196	48	963	153	564	489	112	443	835	1297	3014	3100	3088	354	2770	1139	1482	486	938	251	223	699	1444	54	757	919	2761	23	258	701	748	834	598	709	1152	1640	321	952	167	988	183	847	378	1052	21	1189	1824	1595	911	961	1140	1130	440	758	603	513	174	533	594	52	1296	1034	1427	1107	702	1195	1016	1016	14	933	306	169	418	1412	433	74	863	1711	805	1078	556	271	785	500	1086	2289	383	857	351	12	269	291	1754	999	1697	878	63	584	1162	741	1050	293	278	2222	1023	124	525	228	30	2573	1153	676	1075	145	275	134	676	546	113	1335	876	1608	1008	167	207	809	1382	469	1001	258	1779	1146	596	222	238	384	529	2821	363	154	1360	912	93	1096	1978	1525	826	1238	1179	428	658	743	673	1095	413	278	366	84	1046	302	341	558	3442	1127	1065	176	578	938	533	1521	1218	279	107	982	297	738	1041	1386	965	154	1103	1026	1637	1330	1691	493	253	1329	1564	370	645	926	877	1077	580	2142	757	1398	1122	840	659	363	527	422	275	527	988	555	1402	1442	407	591	1565	402	1176	889	371	1681	948	1053	29	745	968
DRAP1	301	480	1017	2290	2048	1022	1015	227	366	943	1163	4942	5250	5774	4385	14	2490	2304	4154	96	2355	3078	2117	2596	410	295	2974	65	34	911	1748	1783	3355	407	1988	2400	1142	1892	1208	620	2021	803	234	1989	251	236	1944	2977	1841	1654	2966	118	157	457	13	203	567	1161	544	5198	626	529	4138	1710	211	3163	396	135	1862	3560	270	629	568	1448	2547	14575	732	1860	619	3713	1098	3842	730	1017	4517	603	4253	4230	1258	1058	338	3297	3634	1697	1371	3450	4015	977	11	1442	308	327	723	4146	3386	3627	4151	1865	2160	3327	1486	274	2955	483	2265	3400	888	238	617	1122	3840	5150	1593	1871	4210	3964	1592	2232	813	87	2259	3661	1293	3	180	30	1125	480	733	595	4757	20	12	1987	3063	4493	840	3293	1	95	1270	1746	4945	4223	70	1254	759	1422	1480	2039	1295	1940	1321	5	1866	4328	3408	3693	3272	2470	279	1274	1743	3683	609	2640	1990	4950	2024	182	768	1478	201	540	3	781	3548	276	3700	202	966	1857	892	3170	431	259	152	1397	1528	809	3248	124	1501	4954	3103	4205	1842	1093	2071	3055	1510	267	1021	1564	356	602	3667	1894	657	2858	3291	560	3408	3365	5240	127	791	670	187	634	13	6495	3782	1204	271	25	4922	1474	1764	724	2503	1563	2044	4723	1430	2344	2522	83	1904	574	2561	4110	2090	42	838	1071	477	570	2135	1988	2345	4052	3770	4095	306	2550	411	248	1653	1404	10	888	3201	103	1884	916	470	211	273	238	2135	115	1380	3466	2426	1250	360	3379	2900	3041	1282	5244	87	1362	404	3720	1622	1420	3592	90	2106	2891	1920	1704	862	113	3906	243	460	4052	878	472	956	53	2	3110	3988	736	4544	523	3013	1	193	2780	4075	5533	394	4964	5556	5364	2489	19	1895	1180	172	151	547	2177	219	267	4039	542	3458	264	329	4988	859	3384	3453	502	1697	1012	516	2826	1312	1860	267	591	722	1076	726	2281	1009	469	165	1834	3925	4018	1051	5549	1956	6722	705	14	86	2006	2492	1034	1309	1565	2451	1892	876	1979	4121	2767	350	143	70	1173	1086	879	1278	1213	646	21	4003	504	3539	4629	5097	187	385	2345	3463	3238	3688	538	54	1831	1140	192	1	1461	416	2233	426	978	522	2	4948	2008	3860	1065	3773	4620	1660	1477	553	1594	3608	2855	324	3896	2402	683	207	5120	3218	3347	2766	1924	5256	735	1163	498	2809	2662	1271	215	455	1268	1078	638	1298	618	255	9	293	440	905	452	304	4027	2849	1495	762	424	2708	5	3287	3776	3314	1643	433	150	1005	1295	1656	1801	1139	140	2215	1467	753	1976	1309	671	2245	770	1072	2546	706	1809	429	329	253	1764	2435	336	1497	303	882	513	924	362	826	1103	229	132	1376	215	791	532	133	643	987	1611	4504	5088	4807	390	5045	1580	2068	717	1105	432	357	1617	1861	57	1428	1999	4873	23	273	1377	1227	1345	779	788	1341	2298	387	1031	196	1349	185	1125	391	1826	30	2753	4102	2278	1048	1048	1367	1457	432	796	947	562	199	577	683	69	1938	1759	1688	1130	839	1442	1565	2045	16	2014	447	380	424	1998	542	94	997	3498	816	1620	713	351	872	584	1283	3361	464	1739	392	14	334	778	2070	1407	2300	1188	69	698	1675	815	1222	482	281	3331	1376	128	635	285	26	3825	2110	822	1963	203	427	171	840	655	124	1634	967	1946	1224	203	223	888	1968	619	1177	251	2190	1395	688	245	245	429	604	4672	374	148	2197	1079	102	1313	2839	1954	993	2633	2406	531	749	926	1220	1390	1506	539	1045	95	1435	304	364	615	5695	1594	1371	331	691	977	563	1875	2056	302	135	1146	321	978	1594	1871	1144	171	1384	1174	2135	1945	2392	546	377	1403	1934	379	730	1171	985	1331	690	3245	851	2478	1408	1159	715	413	579	438	302	821	1601	622	1621	1696	491	659	2110	507	1743	1393	437	2243	1313	1886	29	855	1072
DZIP1	70	136	407	760	288	406	401	124	208	486	457	785	1110	1069	701	5	834	594	894	67	336	615	470	597	235	141	862	5	29	447	605	715	531	255	423	820	408	595	481	317	535	269	143	438	149	66	651	325	198	281	390	16	117	297	15	148	354	297	68	831	357	322	530	682	137	733	230	57	381	883	168	347	212	125	670	732	2531	659	298	856	379	913	453	520	971	100	781	688	382	336	165	490	762	496	352	700	683	377	9	536	123	214	165	641	417	465	614	735	344	558	175	143	502	252	227	529	342	92	284	413	655	1187	201	308	830	566	426	543	417	65	773	877	343	3	118	27	245	221	328	132	856	11	3	133	733	1053	203	793	1	26	383	390	1037	729	15	606	85	368	547	675	147	161	231	4	443	1071	667	715	431	427	79	433	482	942	172	371	620	941	580	124	385	463	36	234	1	416	710	158	660	37	512	727	471	628	265	130	122	496	351	213	538	18	498	906	428	1073	518	313	540	982	119	162	323	541	229	344	811	596	245	742	787	375	559	706	1008	76	331	62	71	79	7	1183	956	378	9	10	822	404	483	159	593	517	532	973	312	441	400	54	368	258	600	1058	683	32	430	502	273	295	835	739	695	785	672	995	185	826	211	136	472	486	3	317	488	52	193	483	232	67	163	30	356	79	84	439	811	310	95	662	568	570	475	1101	56	599	252	804	255	163	551	46	318	708	945	234	215	38	735	159	275	634	111	216	313	17	1	776	711	191	1105	306	610	1	140	830	758	1021	95	827	1070	1048	389	4	381	407	89	114	288	231	50	142	758	106	537	158	109	1106	207	908	696	142	208	461	190	754	221	354	204	110	182	212	238	614	476	184	44	292	807	604	509	1002	662	1153	361	15	60	605	542	232	150	280	449	393	391	415	692	813	204	11	4	144	395	384	437	442	289	7	590	256	505	800	728	133	148	572	831	542	887	127	10	561	399	91	1	698	99	454	184	284	103	2	1049	637	802	175	583	995	283	384	186	92	650	379	216	607	398	286	176	896	808	818	549	473	942	427	472	286	810	467	198	121	265	608	517	218	521	241	133	3	39	251	354	181	102	1015	679	435	350	193	618	1	710	965	750	437	228	81	349	505	564	476	229	91	523	456	292	430	376	154	722	276	439	890	346	540	206	138	131	554	579	203	572	132	348	212	165	210	113	232	144	21	467	119	324	333	53	219	425	579	1098	1125	1131	270	996	525	587	269	490	91	134	291	683	44	380	406	908	27	176	329	370	383	322	415	566	562	217	464	146	664	120	479	203	451	7	502	718	664	631	522	591	537	253	383	229	317	147	353	337	44	592	416	680	507	434	771	471	422	2	374	229	108	313	565	287	47	581	642	391	440	343	136	466	266	578	807	261	368	222	11	133	90	803	468	720	444	52	309	527	454	567	114	205	919	513	114	459	151	29	973	447	390	453	92	155	67	280	303	100	655	497	762	520	104	144	470	617	271	535	179	869	572	313	155	179	251	244	997	235	114	580	445	48	511	799	728	461	521	482	232	418	391	301	473	171	141	157	82	499	165	210	368	1255	547	504	108	366	520	364	759	511	154	79	512	189	333	525	636	526	145	563	494	750	564	736	322	159	655	715	233	334	465	483	514	326	840	431	581	541	408	439	251	319	262	160	288	423	358	727	854	259	355	738	241	566	392	221	745	417	453	25	405	414
E2F1	148	235	801	1636	557	712	673	185	387	776	823	1999	2811	2703	1596	6	1800	1191	2298	81	1140	1379	1021	1280	348	227	1878	11	29	820	1184	1327	1172	334	983	1662	889	1229	980	538	1156	507	204	897	211	147	1391	762	533	551	918	53	147	443	13	216	551	792	158	2381	630	496	1593	1300	212	1767	382	87	846	2091	229	516	333	205	1662	1860	659	6523	665	2749	1163	2309	651	844	2384	201	2130	1659	872	726	302	1010	1686	882	654	1658	1689	684	10	948	219	306	282	1499	978	1100	1422	1344	853	1426	499	264	1050	423	465	1257	531	136	452	938	1947	3012	442	654	2258	1206	749	1054	660	93	1476	2388	949	3	171	32	588	365	553	359	2271	18	1	205	1623	2788	443	2026	1	49	795	1184	2553	1692	48	1010	149	586	1049	1366	382	316	429	4	953	2562	1458	1692	1011	840	146	917	931	2496	334	839	1193	2488	1438	163	669	951	73	395	1	687	1569	222	1564	102	822	1374	781	1506	449	188	159	886	590	344	1215	38	978	2416	945	2586	1062	572	1485	2151	214	223	599	1324	334	583	1837	1192	430	1824	2022	503	1252	1526	2887	108	671	145	105	158	10	3055	2273	647	34	13	2064	885	1028	258	1143	897	1165	2617	581	951	794	83	647	489	1435	2418	1222	44	735	827	484	496	1676	1474	1447	2099	1864	2393	255	1770	303	182	799	1043	4	574	1055	89	464	858	371	81	230	46	732	110	246	1036	1809	572	230	1928	1582	1549	1028	2806	73	1090	347	2043	533	381	1194	72	700	1921	1439	494	403	52	1706	216	405	1460	331	416	649	33	1	2091	1840	359	2797	474	1277	1	190	1845	1997	2770	220	2352	2819	2656	788	8	857	901	146	167	493	473	101	202	1731	286	1109	238	154	2891	407	2204	1597	317	389	917	316	1651	372	815	277	326	399	568	411	1528	855	306	70	516	1763	1382	814	2473	1555	2995	639	14	79	1181	1433	771	323	567	1081	774	697	841	1561	1767	285	30	9	312	714	704	817	844	509	9	1329	392	1113	1940	1946	174	241	1515	2155	1319	2178	289	21	1097	793	156	1	1133	159	1058	283	528	366	2	2741	1458	1888	401	1624	2315	629	765	324	246	1448	884	342	1445	892	542	232	2184	2257	2485	1163	966	2534	705	847	442	1847	989	351	185	388	1012	935	391	1013	505	195	3	63	369	613	351	204	2362	1513	889	575	349	1437	1	1874	2402	1967	895	360	119	731	1294	1313	848	524	116	1217	787	476	980	665	264	1358	478	702	1743	551	1013	324	219	189	1027	1147	321	1128	198	644	324	341	395	218	458	184	39	912	167	554	458	111	389	796	1251	2694	2723	2781	375	2497	1012	1408	449	854	193	189	592	1296	54	712	791	2354	25	250	570	688	750	523	667	1163	1568	334	847	177	932	182	833	362	914	16	978	1518	1426	825	863	1057	1067	431	690	499	464	182	533	620	53	1153	957	1253	971	683	1086	883	848	10	700	290	159	411	1127	383	63	768	1474	713	930	528	250	708	423	990	1893	391	772	385	13	243	266	1551	879	1500	782	62	513	1035	720	938	257	294	1969	918	133	497	217	31	2309	1111	643	918	131	225	129	608	507	136	1185	857	1502	897	192	196	744	1188	472	960	282	1636	1092	510	237	246	352	430	2544	319	129	1175	879	97	968	1761	1405	778	988	996	406	622	642	613	1035	299	217	306	95	951	278	317	542	3135	943	1012	173	577	942	494	1413	980	234	118	932	288	669	920	1245	931	187	1022	1030	1448	1159	1501	530	237	1164	1550	353	553	867	763	960	524	1784	726	1189	1184	790	629	362	469	423	262	496	932	528	1282	1300	459	648	1435	369	1023	773	351	1547	861	875	32	697	800
E2F2	84	125	337	542	234	363	331	99	229	381	342	627	829	816	591	3	646	476	649	70	313	547	444	497	201	142	702	5	27	368	494	537	474	153	347	612	426	532	404	262	465	236	112	403	126	66	513	287	206	255	366	16	81	242	13	156	270	283	60	701	336	240	489	501	130	553	256	55	417	681	113	266	184	100	579	619	298	665	1779	788	445	733	326	380	746	104	662	591	316	388	191	422	623	405	318	572	588	345	4	431	105	160	166	565	388	410	539	532	362	546	174	168	467	190	200	495	251	90	232	331	549	853	229	276	714	451	309	429	323	69	599	729	324	3	115	27	238	185	248	114	664	8	4	81	546	756	148	604	1	23	368	383	759	630	15	413	84	275	442	509	158	145	215	5	409	776	557	575	404	357	62	332	353	721	141	331	489	777	581	102	322	466	37	205	1	324	600	123	591	34	378	560	367	614	264	101	103	396	278	173	456	17	381	752	343	805	445	290	425	721	108	122	308	546	170	308	658	510	219	614	651	264	501	542	780	82	371	59	58	72	9	855	740	329	11	7	716	429	396	148	465	366	494	727	295	404	364	50	310	280	520	768	482	34	347	369	272	217	608	596	572	682	634	780	126	580	189	121	363	363	3	241	453	58	177	437	201	58	118	30	326	55	88	402	673	293	81	642	509	517	486	805	44	467	197	628	203	167	472	48	324	568	516	216	230	35	595	107	202	520	114	232	257	16	1	633	547	181	802	229	489	1	100	659	608	772	102	674	787	799	357	6	348	374	97	125	223	171	42	109	578	95	477	125	87	792	185	678	590	139	183	381	163	608	204	344	163	90	167	213	209	598	338	141	39	247	649	554	385	774	582	853	339	15	43	429	501	280	143	269	367	336	307	398	571	630	159	14	3	99	317	296	348	352	241	4	531	211	458	651	646	118	138	479	686	469	717	97	9	433	317	73	1	450	79	396	190	254	124	2	785	504	657	178	528	733	240	316	187	85	531	365	227	545	376	292	138	695	671	700	480	409	766	343	338	186	615	459	164	102	211	452	407	202	408	295	104	2	30	204	339	150	81	724	553	300	298	205	520	1	632	774	628	388	212	80	356	493	468	401	218	73	458	376	241	396	277	128	545	227	320	614	274	467	194	112	127	424	456	141	473	110	265	194	147	204	96	226	125	21	400	116	322	242	91	200	344	561	792	808	821	212	777	410	530	245	398	109	116	286	499	41	295	302	717	18	117	299	269	397	269	334	499	541	173	398	106	371	137	373	166	423	7	408	566	526	350	385	461	526	195	306	213	247	118	258	368	35	488	449	527	441	313	445	374	370	3	266	153	91	204	459	211	47	344	569	333	382	263	121	322	205	417	641	203	303	238	11	128	94	594	372	552	358	51	246	440	328	438	108	163	702	387	86	245	103	28	734	487	317	437	67	111	100	251	232	86	463	382	591	388	122	124	362	459	274	387	134	598	444	249	118	121	219	200	802	176	92	501	392	75	420	610	541	350	419	419	177	307	319	327	416	157	105	139	68	376	143	169	266	869	419	512	113	238	429	220	534	382	131	84	430	156	312	368	469	416	100	422	483	553	398	564	316	131	472	556	167	281	368	379	410	265	653	331	512	461	333	307	201	231	202	132	216	348	250	525	494	290	339	561	192	435	319	161	553	354	400	27	313	346
E2F4	326	344	1268	2844	1111	1082	1100	256	440	1121	1222	3910	5819	5550	3272	12	3058	2040	4287	107	2120	2554	1912	2184	447	294	3253	27	28	1137	1858	2146	2380	465	1929	2744	1292	1938	1407	733	2010	831	280	1668	258	238	2239	1699	1192	1095	1874	116	173	631	14	263	722	1356	331	4918	819	636	3182	1909	269	4100	483	103	1379	3688	291	809	494	577	2574	3713	856	2749	788	15021	1611	3981	950	1242	4982	402	4274	3375	1302	1101	392	2076	3177	1487	1058	3159	3410	1046	32	1458	312	400	476	3172	2109	2318	2940	2166	1464	2696	977	355	2084	564	1049	2296	820	212	632	1651	3950	6304	851	1215	4376	2614	1312	1854	936	110	2586	4337	1506	3	197	33	956	521	794	685	4274	86	6	751	3253	5569	740	3545	3	84	1357	2129	4992	3352	72	1606	360	1115	1647	2218	831	809	829	4	1664	5087	2562	3192	2134	1646	264	1719	1662	5008	474	1711	1939	5129	2224	206	954	1480	150	561	5	978	2923	310	3104	196	1193	2170	1113	2634	541	260	182	1404	1080	585	2403	73	1578	4693	2068	5185	1844	928	2501	3838	569	272	925	2058	419	737	3390	1923	629	3174	3569	688	2597	2949	6139	138	895	369	175	379	12	6665	4494	1187	101	24	3978	1324	1625	455	1988	1432	2015	5093	1058	1741	1582	87	1200	629	2647	4736	2132	46	1010	1253	598	784	2770	2424	2505	4211	3307	4652	320	2976	420	245	1323	1535	9	826	1976	102	1005	1171	503	141	309	132	1466	137	597	2203	2924	938	370	3620	3017	3003	1443	5762	97	1714	481	3770	1130	799	2516	96	1367	3639	2237	989	635	79	3758	276	518	2768	739	552	1083	49	3	3748	3447	585	5473	638	2351	1	225	3145	3816	5645	336	4546	5627	5413	1538	17	1550	1425	183	195	658	1125	184	306	4031	540	2301	282	239	5751	782	4243	2984	499	823	1256	507	2816	733	1472	336	719	773	1059	660	2485	1374	419	115	1195	3355	2868	1256	5305	2451	6426	818	14	107	1973	2654	1262	688	1027	2173	1470	1001	1518	3397	3064	375	59	27	1026	1034	987	1223	1222	681	18	2749	523	2235	3692	4105	200	331	2786	4059	2706	4054	553	41	1814	1280	215	1	1770	291	2638	406	825	688	2	5357	2629	3471	752	3076	4350	1165	1270	497	700	2809	1831	407	2983	1780	705	288	4665	4325	4650	2091	1788	5135	1006	1308	595	3168	1977	800	220	503	1601	1346	583	1494	685	245	7	150	499	913	481	331	4770	2935	1526	843	436	3003	5	3302	4436	4009	1604	498	168	1157	2075	2214	1379	948	148	2097	1269	682	1933	1074	452	2416	715	1057	2898	750	1656	451	340	260	1951	2242	390	1714	273	933	472	769	477	422	780	240	115	1359	213	800	594	150	625	1178	1812	5248	5589	5647	485	4744	1631	2287	680	1290	374	297	1050	2057	61	1275	1585	4780	23	304	1028	1171	1199	751	946	1793	2671	433	1194	206	1405	217	1248	448	1604	29	1955	3133	2309	1164	1257	1552	1596	563	958	822	623	222	710	794	64	2068	1518	2023	1293	967	1677	1430	1717	17	1404	448	261	527	1862	548	92	1179	2883	1001	1516	720	340	1002	646	1440	3403	511	1351	487	12	340	591	2573	1401	2424	1260	73	718	1827	1064	1454	442	373	3680	1425	154	703	283	33	4200	1729	873	1547	217	398	181	1070	726	159	1797	1200	2345	1341	224	253	1023	2004	664	1465	340	2847	1633	751	267	297	486	673	5252	453	160	2071	1256	128	1475	2944	2292	1194	1801	1814	541	929	952	1063	1627	702	400	619	106	1481	385	433	740	6825	1605	1549	270	761	1241	634	2213	1689	325	142	1357	357	1117	1559	1947	1345	219	1566	1438	2626	2124	2486	710	329	1813	2839	437	811	1222	1114	1522	759	3302	1035	2073	1876	1205	869	488	639	571	384	809	1405	718	1983	1982	608	905	2423	519	1823	1271	454	2550	1230	1473	33	1038	1204
E2F5	87	143	465	900	291	515	445	125	245	526	502	1073	1565	1529	941	3	1144	700	1180	87	583	859	701	788	250	190	1177	8	32	564	712	816	740	204	602	1069	532	691	623	338	758	359	150	605	173	106	890	416	297	348	551	39	94	353	12	162	411	500	66	1335	399	331	847	782	176	1020	252	65	465	1147	154	385	227	101	918	1098	379	1163	445	1611	3453	1303	456	534	1397	145	1195	1021	447	437	209	617	1062	532	394	885	998	534	10	621	133	238	169	923	606	614	891	803	412	885	260	231	727	260	262	669	364	109	274	590	1046	1620	228	369	1341	695	440	598	411	72	957	1308	586	3	159	30	325	231	339	195	1124	17	1	90	872	1456	225	1018	1	24	632	719	1402	1047	20	684	96	350	657	755	230	196	308	3	629	1413	798	919	551	471	101	577	507	1404	220	559	775	1396	754	126	492	568	40	229	1	491	957	182	982	71	514	838	562	811	285	152	129	522	372	250	737	24	609	1329	522	1442	670	421	792	1209	101	154	411	732	233	386	1104	778	292	1089	1172	359	801	793	1550	107	419	92	70	99	11	1660	1307	464	17	13	1096	497	583	184	673	489	690	1370	427	613	546	55	418	314	897	1383	699	42	530	528	305	312	1003	946	958	1297	1148	1361	188	966	267	137	528	541	2	319	638	58	219	542	263	72	158	29	461	78	126	622	1004	400	133	1155	979	994	577	1497	47	726	275	1069	278	198	729	68	355	1063	801	277	263	32	1020	145	277	776	187	278	383	19	1	1154	917	249	1492	341	745	1	122	1122	1086	1467	132	1271	1455	1470	515	7	491	495	131	129	357	213	71	142	1014	149	676	150	103	1505	241	1234	921	242	235	577	268	978	256	509	213	178	264	375	312	837	553	171	46	358	1011	835	552	1440	839	1637	375	14	47	649	935	612	189	395	612	481	412	534	989	964	213	18	3	211	467	398	506	435	356	9	831	248	699	1016	1179	124	179	910	1256	803	1258	166	14	627	459	111	1	700	99	644	267	303	208	2	1468	868	1085	249	898	1229	343	436	248	114	829	529	250	898	579	349	175	1272	1494	1544	729	688	1435	524	532	266	988	671	195	135	259	678	641	297	635	284	114	3	37	277	485	217	128	1295	979	451	382	236	897	1	1096	1303	1177	573	318	113	404	737	816	514	339	88	726	542	276	671	402	143	868	282	404	995	372	586	291	149	197	630	684	198	710	136	381	264	200	220	119	306	126	28	597	152	334	328	81	286	467	642	1451	1472	1510	326	1345	646	850	371	607	141	145	382	767	41	401	459	1340	22	159	403	413	519	331	470	653	876	233	531	122	516	125	578	201	629	13	575	901	774	469	530	648	620	278	439	303	309	150	373	395	42	679	501	785	538	434	673	503	585	7	358	185	115	275	619	259	51	497	963	423	550	318	163	448	269	597	1019	270	442	264	11	152	166	911	479	841	533	50	341	662	488	632	149	220	1142	555	102	320	132	28	1210	576	394	629	89	154	90	372	337	104	670	547	907	574	111	136	498	715	311	597	211	973	665	330	146	167	273	267	1477	214	96	776	583	66	568	966	832	457	567	640	264	471	412	375	701	194	144	187	76	547	203	203	361	1677	616	621	158	323	560	290	824	545	162	113	667	173	408	520	701	632	153	622	598	933	651	878	386	154	725	867	213	396	523	505	621	354	1045	481	776	577	488	403	260	307	288	167	307	578	334	800	724	296	401	953	236	635	431	212	886	546	580	24	456	493
E2F8	422	443	1269	2740	2684	1154	1325	300	450	1153	1489	5549	6081	6213	4891	18	3152	2947	4970	115	2494	3517	2347	3171	520	330	3769	81	36	1236	2218	2363	3852	523	2376	3089	1294	2078	1651	777	2295	880	293	2173	299	289	2652	3224	2101	1935	3183	73	194	631	16	268	747	1180	647	5508	830	681	4300	2199	277	3694	483	142	2278	4121	306	837	673	1929	2439	3842	913	2309	733	3981	1303	16287	946	1328	5221	820	4260	4414	1494	1168	361	3780	4094	2197	1737	3973	4259	1119	11	1844	327	423	859	4445	3626	4016	4468	2404	2763	3674	1612	321	3438	647	2660	3853	1259	276	799	1406	4032	5817	1904	1906	4488	4376	2173	2987	1038	109	2691	4261	1312	3	206	35	1025	592	891	634	5010	35	16	2351	3191	4735	865	3462	4	139	1471	1730	6128	4815	54	1624	1141	1703	1833	2532	1534	2320	1712	5	1910	5090	3854	4114	3787	2991	259	1498	1946	4019	602	2710	2486	5577	2506	232	1031	1775	206	650	4	1041	3958	341	3980	137	1270	2354	1238	3811	530	283	201	1757	1848	1067	3561	197	1715	5319	3717	4895	2190	1219	2321	3898	1783	313	1118	1929	470	748	4199	2286	701	3058	3529	753	3901	4285	5985	153	883	700	235	661	10	7345	4475	1422	409	34	5395	1698	2088	884	3092	1914	2492	5923	1689	2696	2805	94	2296	761	2840	5199	2746	46	1078	1370	592	746	2726	2457	2754	4125	4354	4689	343	3279	465	279	2163	1699	10	1173	3692	112	2398	1163	555	221	356	244	2574	166	1747	3696	2940	1535	324	3146	2382	2522	1699	5819	118	1768	561	4575	2154	1883	4069	94	2650	3067	2345	2053	1160	127	4255	287	584	4628	774	482	1068	58	2	3394	4807	833	5002	719	3686	1	245	3543	4637	5253	365	4171	5452	6079	2812	19	1971	1368	187	199	738	2727	234	314	4775	562	3971	322	367	5260	943	3829	3938	547	2100	1331	539	3632	1709	2039	369	595	720	908	751	2562	1487	639	207	2003	4739	4385	1361	6538	2485	7216	916	14	136	2545	2450	1066	1564	1706	3174	2423	1105	2350	4643	3361	424	210	120	1429	1407	1064	1568	1406	781	23	4371	635	3882	5428	5029	249	414	2290	3790	3230	4268	476	38	2096	1324	230	1	1853	485	2746	491	1246	466	2	4848	2365	4664	1391	2984	5808	2133	1989	682	1954	4324	3210	435	4242	2766	873	304	5592	3680	3871	3167	2197	5744	1039	1389	641	3257	3097	1508	246	572	1694	1461	706	1761	716	288	7	486	549	1043	529	308	4720	3143	1751	1023	461	3063	4	3407	4542	3459	1864	504	170	1276	1686	2043	2248	1200	161	2600	1632	965	2369	1749	834	2735	1067	1445	3153	873	2315	496	417	285	2205	2892	421	1893	326	1100	586	1139	455	1121	1297	269	197	1748	245	950	691	136	713	1252	1891	5308	5719	5384	524	5932	1936	2263	796	1419	465	381	1820	2427	65	1936	2441	5564	30	345	1607	1478	1513	901	1007	1742	2490	507	1284	228	1734	219	1447	470	2150	30	3545	4663	2838	1310	1357	1739	1823	603	1001	1173	730	255	779	809	72	2288	2107	2179	1376	1129	1786	2075	2375	18	2332	578	443	583	2451	655	104	1266	3903	1055	1765	865	409	1155	770	1650	4020	577	2088	472	17	404	856	2685	1817	2995	1561	87	820	2043	1079	1622	631	400	3967	1772	165	792	352	31	4549	2665	1023	2156	256	545	168	989	803	168	2129	1341	2576	1575	250	280	1180	2488	731	1552	381	2896	1839	870	307	328	523	778	5363	469	185	2488	1383	106	1668	3500	2623	1318	3326	2732	649	1003	1086	1453	1619	1689	680	1094	114	1848	402	439	803	6460	1930	1644	383	1025	1296	717	2485	2631	368	153	1473	423	1133	2053	2329	1529	242	1846	1528	2569	2481	2969	706	453	1819	2416	484	965	1492	1232	1738	868	3875	1117	2714	1801	1483	971	526	707	631	374	1024	2071	788	2097	2089	622	845	2730	612	2201	1755	539	2814	1622	2144	37	1150	1256
EEA1	93	127	404	837	290	462	520	131	231	542	477	825	1164	1094	709	4	928	655	918	81	318	612	516	596	247	148	931	6	27	478	755	767	559	221	427	865	444	627	510	381	573	270	143	451	144	61	701	307	172	262	371	12	97	342	13	174	414	278	74	846	387	356	485	680	154	802	260	54	403	915	150	525	189	115	695	730	453	651	326	950	456	946	2607	599	1036	98	791	727	373	367	185	486	799	525	370	715	697	430	11	550	124	217	158	654	428	451	613	780	317	591	176	172	569	260	203	536	326	97	316	525	664	1241	206	302	878	538	431	551	452	71	944	920	395	3	132	24	225	203	324	128	903	18	1	102	764	1102	214	843	1	35	421	417	1055	755	13	676	67	364	570	654	167	142	219	4	414	1134	685	689	428	440	79	489	450	1024	190	380	648	999	651	110	431	507	33	221	1	469	716	181	685	27	724	898	520	670	279	137	126	617	314	218	552	12	554	944	388	1119	562	306	547	1071	98	142	334	611	245	372	824	651	250	819	815	409	588	708	991	96	366	53	71	68	10	1235	1053	365	7	11	886	455	538	155	522	476	613	998	305	454	387	51	344	277	630	1118	679	36	466	558	287	321	889	833	723	844	684	1028	178	757	230	131	475	483	3	316	471	55	186	516	219	60	177	20	371	76	73	446	868	329	79	710	565	552	541	1142	48	666	305	821	250	151	565	50	314	752	749	203	210	39	782	166	296	625	99	226	297	14	1	823	699	211	1165	325	603	1	135	921	803	1060	98	876	1106	1087	403	4	392	426	98	125	309	168	49	133	823	105	546	158	99	1164	201	952	706	159	195	488	198	770	212	380	224	104	166	231	242	676	496	167	46	281	837	638	682	1062	795	1200	362	14	52	581	581	268	159	274	489	411	393	405	740	819	198	13	2	142	376	383	450	388	291	8	626	247	514	828	767	131	158	617	910	588	997	104	11	529	408	119	1	682	90	484	205	248	115	2	1124	722	856	154	600	1038	252	441	228	83	698	376	236	653	419	304	186	931	828	878	549	492	1004	468	486	286	798	500	170	113	256	792	572	233	551	257	159	4	40	240	390	190	99	1085	699	363	489	215	642	1	729	1003	806	482	266	99	375	600	622	459	236	86	556	466	266	438	365	132	850	290	405	849	366	554	245	143	155	600	600	197	604	131	355	230	154	225	120	231	146	25	450	122	308	316	67	228	482	576	1150	1171	1183	322	1051	522	631	261	583	101	140	311	719	51	349	377	984	24	171	360	376	393	284	448	633	615	213	522	137	517	122	517	223	470	10	513	734	672	461	561	616	551	288	461	239	296	156	383	374	40	616	436	751	537	449	623	454	468	5	341	237	98	294	572	260	54	500	701	424	410	306	137	446	281	563	785	251	384	249	11	129	99	847	475	761	494	52	299	587	501	627	125	229	999	507	119	322	151	30	997	480	371	466	99	158	80	300	320	117	645	547	846	551	111	154	480	627	290	565	176	932	598	298	144	200	302	241	1036	228	116	581	464	59	547	790	776	463	511	490	221	465	382	328	524	148	153	144	92	506	175	230	402	1289	563	548	126	337	542	286	780	509	163	92	575	193	358	497	658	574	137	575	548	845	603	777	371	158	731	774	219	358	468	487	564	328	874	476	609	548	433	456	283	329	286	176	326	408	378	778	735	284	401	782	244	596	372	213	802	434	460	27	422	415
EED	120	176	575	1141	405	562	541	174	278	638	633	1194	1669	1580	998	4	1182	848	1364	80	489	850	643	778	303	184	1240	8	31	591	879	995	794	287	626	1154	555	843	671	463	757	371	180	686	174	98	910	477	316	396	567	18	120	394	14	191	456	403	94	1224	426	423	780	880	167	1201	297	64	532	1297	192	486	279	175	948	1017	520	844	380	1242	534	1328	599	3989	1460	157	1146	991	694	475	220	660	1072	649	456	1036	1001	501	17	706	172	257	206	951	643	697	897	1042	509	832	261	178	739	324	311	743	431	134	408	595	969	1820	280	406	1276	813	561	757	545	72	1093	1314	484	3	150	28	362	322	433	219	1325	46	6	177	1117	1612	338	1182	1	47	551	602	1504	1073	22	813	112	465	767	971	227	230	317	3	586	1661	964	1057	632	612	113	582	673	1459	217	522	854	1389	873	139	481	638	46	284	1	548	1024	202	988	37	702	1056	587	914	312	172	131	685	444	258	791	22	734	1336	607	1644	792	440	832	1491	140	199	456	750	316	419	1136	838	313	1100	1163	445	829	1035	1480	94	443	93	98	110	8	1817	1575	530	10	16	1199	553	726	188	782	656	727	1490	480	652	551	63	461	324	811	1552	954	40	535	664	345	468	1132	1055	943	1129	969	1439	213	1113	261	176	578	697	2	439	688	64	267	605	302	85	231	44	506	101	135	643	1204	424	132	940	725	747	639	1651	64	818	334	1209	352	244	779	54	467	984	1075	302	267	52	1069	211	371	908	150	258	434	19	1	1162	1044	255	1690	398	857	1	153	1245	1121	1542	144	1206	1607	1575	541	8	557	542	115	140	346	286	78	184	1208	157	744	200	129	1669	313	1399	1026	208	282	631	245	1091	268	535	232	155	223	293	308	889	640	248	51	414	1177	921	688	1506	986	1741	458	15	79	832	782	376	208	391	684	508	548	605	1014	1198	248	16	5	297	460	522	539	605	367	8	831	327	718	1237	1039	180	180	814	1259	775	1283	126	7	784	587	135	1	859	168	761	230	389	157	2	1563	986	1209	261	867	1637	372	536	271	123	1098	561	273	909	579	367	204	1298	1108	1174	738	668	1437	561	673	374	1220	711	256	142	337	818	672	289	714	333	163	6	63	307	491	283	145	1573	956	586	529	249	982	2	1049	1405	1128	593	314	104	473	721	762	642	333	105	752	615	360	637	488	198	1019	370	588	1261	462	666	264	204	176	773	841	276	770	180	523	286	244	292	170	340	167	39	613	146	407	408	80	301	599	814	1712	1697	1685	332	1509	690	816	344	661	159	174	428	959	57	530	599	1378	23	237	502	507	560	408	693	797	856	263	630	162	673	145	620	287	649	11	711	1027	961	630	775	828	735	365	557	367	377	188	467	444	52	810	601	960	704	558	847	687	562	7	536	260	129	354	783	348	62	606	950	577	627	448	184	605	415	773	1260	302	558	284	14	231	156	1167	686	1025	600	54	396	755	581	719	173	267	1385	701	130	432	180	29	1498	616	508	633	137	224	94	424	444	120	890	678	1098	713	128	181	595	897	341	662	213	1184	869	425	188	223	334	358	1474	291	136	823	592	71	810	1154	1035	607	752	696	325	519	564	426	643	252	205	218	95	680	196	380	494	1959	769	704	151	431	737	467	1022	697	214	100	691	262	456	633	1117	689	155	772	710	1098	830	1299	397	232	880	1038	277	443	658	661	779	475	1408	564	816	748	569	551	302	436	316	217	384	547	456	1001	965	314	439	1026	309	755	553	279	1340	572	618	30	549	590
EGR1	511	439	1458	3431	2376	1287	1448	322	456	1248	1495	6031	7490	7455	5542	14	3543	3064	5343	122	2424	3618	2719	3197	535	351	4065	48	33	1225	2323	2600	4103	543	2763	3351	1349	2254	1597	847	2544	931	321	2422	285	304	2779	3286	2120	1896	3229	102	198	682	15	282	775	1402	654	6230	865	687	4365	2247	282	5641	499	132	2092	4518	324	943	671	1732	2753	4517	971	2384	746	4982	1397	5221	1036	1460	22121	724	5160	4967	1489	1228	398	3944	4527	2311	1697	4410	4929	1215	37	1876	357	425	988	5236	3967	4276	4904	2590	2391	3797	1552	328	3574	700	2586	4021	1203	285	790	1835	4700	7952	1719	1877	5107	4798	2138	2923	1070	114	3185	4918	1489	3	213	34	1082	627	930	686	5561	169	23	2380	4077	6225	947	3963	2	158	1584	2017	6800	5329	68	1876	973	1983	2004	2948	1541	2197	1609	6	2032	6451	3998	4660	4053	3059	295	1998	2483	5587	597	2700	2568	6662	2616	228	1060	1860	195	699	4	1117	4345	352	4275	160	1407	2556	1234	3817	556	283	196	1787	1913	1095	3905	141	1861	5931	3708	6390	2444	1289	2566	4751	1607	316	1174	2205	489	788	4671	2410	725	3513	3970	764	4190	4695	6731	172	947	719	282	695	15	9310	5752	1608	272	33	5923	1710	2210	784	3038	1968	2720	6651	1749	2690	2638	87	2214	776	3213	6278	3168	48	1110	1474	629	913	3178	2796	3029	5046	4144	5879	365	3624	511	282	2075	1747	10	1129	3749	107	2124	1271	573	263	362	293	2680	163	1446	3849	3378	1480	365	3685	2891	2990	1681	7296	126	1972	577	5005	2261	1740	4524	97	2729	3969	2587	1888	1022	121	6009	310	624	4995	891	552	1263	64	2	3929	5159	820	6353	709	3804	1	243	3871	5046	6617	369	5076	6803	7334	2788	23	2248	1622	204	200	757	2744	289	352	6387	599	4356	328	360	6789	1046	5094	4330	587	1966	1369	601	3721	1561	2085	358	813	893	1075	775	2818	1615	595	185	2263	5292	4822	1465	7817	2729	8911	913	15	124	2646	2834	1145	1389	1699	3517	2601	1151	2350	5617	3760	423	143	72	1927	1316	1163	1537	1482	752	22	4724	649	4063	6052	5795	234	411	2718	4733	4228	5005	554	40	2147	1491	250	1	2036	465	3931	513	1161	595	2	6195	2967	4944	1298	3396	6371	2060	1995	681	1825	4648	3300	444	4816	2937	844	320	6844	4406	4462	3264	2314	6625	1065	1495	681	3583	3365	1674	246	537	1853	1524	679	1771	731	303	8	433	543	1133	549	362	6160	3706	1903	1115	484	4047	5	3801	5203	4579	2206	552	190	1457	2209	2425	2156	1263	170	2708	1761	923	2762	1652	849	3192	1007	1452	3326	886	2344	547	447	314	2815	3478	428	2011	337	1133	632	1177	470	998	1193	268	218	1711	257	976	677	142	813	1318	2082	6569	7390	7011	541	6625	2025	2477	838	1465	515	421	1744	2546	65	1991	2772	6219	32	345	1622	1697	1565	945	1047	1969	2813	488	1385	238	1770	217	1500	495	2219	33	3674	5211	2935	1344	1466	1808	1917	634	1082	1158	695	254	802	837	78	2802	2070	2422	1467	1125	1905	2025	2943	20	2531	630	443	566	2611	663	108	1366	4244	1164	1892	868	410	1199	802	1721	4389	569	2184	487	16	420	917	3049	1846	3170	1580	79	868	2323	1206	1698	674	420	4893	1784	180	843	356	32	5210	2609	1032	2165	285	568	190	1134	867	172	2245	1407	2820	1636	252	292	1184	2629	785	1656	363	3316	1928	925	294	327	533	830	6661	529	182	2765	1445	129	1796	3733	2743	1394	3314	2728	628	1043	1149	1526	1802	1660	706	1094	119	1875	426	470	830	9252	2148	1816	437	985	1339	690	2598	2762	386	157	1557	419	1423	2345	2449	1540	250	1873	1616	3272	2919	3213	765	417	2096	3237	495	947	1475	1295	1844	884	4414	1202	2918	2121	1484	979	548	732	634	406	1194	1973	818	2323	2309	644	959	3037	653	2657	1765	542	3126	1562	2182	34	1220	1309
EHMT2	132	73	85	147	1019	222	120	43	117	144	222	1464	765	1029	1487	4	345	510	1117	67	631	835	570	780	87	132	579	38	20	125	285	252	1155	66	402	454	251	307	223	105	395	160	69	490	69	79	346	1247	821	668	1111	10	43	83	12	56	93	115	350	1111	148	91	1205	236	45	435	115	53	700	562	49	81	203	704	204	603	100	201	104	402	145	820	98	157	724	4439	709	1110	271	208	67	1312	808	427	481	781	894	239	6	282	42	71	324	1205	1310	1431	1290	275	948	912	411	78	944	128	1011	1121	268	51	116	52	701	713	804	485	705	1345	489	684	131	44	297	439	126	3	79	15	172	69	157	190	990	19	5	1093	346	390	114	301	5	17	318	221	1032	1302	14	189	465	268	226	241	740	998	547	3	465	539	948	686	1344	1038	32	67	173	279	140	1012	420	964	497	56	160	351	48	157	1	130	804	60	848	20	137	266	175	1068	127	63	49	292	562	351	931	70	213	1017	1506	537	353	317	296	399	718	45	298	218	76	122	806	426	135	339	524	81	1104	873	966	99	134	289	77	264	3	1313	454	364	183	22	1205	392	350	330	654	342	483	893	792	658	919	21	572	204	333	637	327	36	133	162	147	109	251	290	378	486	1168	524	98	409	146	54	486	230	2	200	1244	22	1068	200	85	99	66	104	761	31	839	1165	335	462	74	370	325	376	359	697	30	172	89	856	675	654	1175	32	820	301	231	822	398	16	752	49	77	1334	205	121	94	8	1	348	957	163	465	103	907	1	54	481	1164	544	34	430	601	928	907	8	395	211	79	45	105	912	46	37	1047	89	1292	64	112	489	118	334	716	176	763	140	88	590	538	733	50	128	207	124	168	406	164	149	87	583	1000	1210	136	1346	289	1457	217	14	64	345	281	143	603	591	651	444	115	675	1123	394	91	112	70	429	273	139	290	209	147	3	1403	108	1259	1420	1251	41	187	230	354	528	481	49	7	375	131	9	1	261	127	518	162	257	42	2	430	147	863	401	437	1111	633	406	188	850	1125	1118	112	1122	901	288	55	1127	410	406	804	477	1068	131	188	77	360	797	426	56	107	166	192	192	244	142	49	2	227	104	283	76	41	444	465	283	418	121	460	1	514	574	424	369	113	64	218	116	181	591	330	37	556	388	188	445	400	253	307	213	198	464	121	559	194	60	131	261	518	67	176	59	130	218	262	86	484	359	47	47	284	113	224	96	14	174	137	280	545	680	623	91	1188	319	390	222	158	116	102	522	338	26	496	567	1254	8	65	538	225	376	151	122	217	313	95	200	48	228	45	253	81	449	1	940	1268	494	136	168	221	391	82	123	347	148	55	104	179	11	333	596	242	179	143	207	498	574	3	528	102	190	87	522	105	26	147	1020	130	370	138	86	151	119	205	522	98	550	106	15	61	308	261	298	461	240	28	147	371	134	153	119	66	487	254	36	111	77	16	561	686	166	478	35	133	16	123	98	48	300	148	273	211	66	47	147	384	194	212	55	305	233	103	45	57	83	99	800	55	40	448	208	8	207	536	329	160	817	665	134	129	134	366	232	1109	217	355	39	306	41	55	110	724	271	296	163	158	156	118	298	602	48	62	186	78	139	300	306	214	63	233	251	256	309	423	152	123	148	224	72	163	273	156	248	133	497	134	610	251	272	109	97	102	107	49	196	426	112	232	249	149	140	342	95	308	338	100	358	373	578	18	138	158
ELF1	390	395	1208	2662	2142	1078	1135	246	358	1010	1216	5465	6182	6739	5059	14	2754	2430	4735	90	2598	3283	2388	2813	411	271	3255	69	34	934	1914	1942	3632	428	2261	2641	1186	1970	1289	646	2271	894	256	2298	244	311	2133	3313	2143	1883	3281	109	166	486	14	201	602	1312	562	5803	658	537	4521	1841	219	4931	399	127	1838	4026	283	732	588	1492	2371	4253	781	2130	662	4274	1195	4260	791	1146	5160	709	19311	5824	1649	1219	376	3611	4059	1859	1458	5043	5798	1110	18	1459	337	336	775	4756	3750	4080	4643	2050	2224	3753	1487	264	3206	546	2391	3574	925	245	672	1273	5970	7105	1625	1678	5056	4542	1710	2419	853	83	2550	4308	1459	3	178	30	1088	536	786	808	4917	46	31	2094	3298	5242	874	3574	8	142	1425	2373	5740	4772	78	1353	825	1565	1655	2294	1457	2009	1422	6	1963	5403	3387	4094	3741	2742	281	1404	1965	4337	526	2722	2081	5796	2150	181	792	1585	208	594	3	802	3834	290	4203	167	1060	2067	938	3343	431	274	166	1519	1635	820	3467	117	1639	6013	3488	5339	2185	1188	2603	3578	1427	272	1009	1810	391	625	4041	1977	667	3199	3769	569	3864	3890	5984	115	849	736	241	700	11	7703	4336	1391	257	33	5229	1441	1855	701	2630	1704	2178	5452	1564	2539	2604	80	1880	584	2827	4818	2366	43	859	1168	476	663	2453	2207	2616	4504	4077	4804	328	2785	403	261	1690	1552	10	954	3372	94	1932	930	501	226	316	288	2379	128	1370	3798	2706	1310	397	3437	2822	2933	1333	5846	98	1495	447	4627	1860	1529	4049	93	2371	3319	2126	1771	880	118	4568	252	496	4375	879	436	1172	61	2	4012	4351	770	5350	558	3245	1	187	3134	4630	5719	356	4731	5911	6093	2568	19	2050	1358	165	156	568	2332	250	316	5578	595	3797	279	330	5480	991	4049	3847	542	1789	1078	535	3143	1308	1828	264	775	866	1019	699	2374	1198	536	170	2106	4458	4413	1148	6495	2224	7798	699	14	125	2223	2748	1244	1308	1541	2752	2063	1003	2149	4697	3271	351	130	63	2186	1136	921	1284	1299	635	13	4277	523	3770	5155	5205	204	359	2591	3810	3343	4267	507	36	2053	1309	191	2	1550	421	3604	429	1030	783	2	5237	2345	4277	1220	3289	5153	1717	1553	575	1698	3900	3271	331	4544	2714	714	221	5988	3682	3791	2898	2088	6353	796	1266	536	3323	2886	1388	211	481	1403	1120	660	1425	662	271	9	410	427	936	510	361	4725	3258	1688	859	412	3587	5	3885	4357	4063	1795	477	156	1133	1590	1921	1850	1260	151	2507	1541	819	2561	1398	695	2573	833	1212	3053	730	1888	419	351	244	2015	2728	361	1594	293	971	525	1060	390	844	1144	236	196	1398	203	793	555	144	743	1103	1762	5304	6014	5650	377	5720	1738	2400	727	1159	473	390	1658	1992	56	1656	2351	5490	26	288	1445	1358	1424	806	815	1499	2868	412	1083	182	1444	195	1192	417	1965	29	3059	4594	2440	1146	1173	1499	1566	500	863	1118	584	210	615	691	62	2178	1836	1859	1217	915	1600	1754	2277	16	2134	491	398	453	2186	580	91	1061	3818	893	1778	741	374	935	696	1428	3875	484	1964	380	15	357	932	2344	1570	2508	1255	61	752	1845	881	1306	545	309	3898	1512	132	658	308	29	4496	2174	879	1972	230	457	167	1131	743	121	1856	1067	2157	1385	218	248	966	2248	612	1288	273	2456	1502	789	252	255	429	740	5783	421	155	2400	1155	125	1478	3180	2189	1119	2724	2581	575	778	1010	1310	1636	1620	591	1038	94	1622	337	363	656	7171	1773	1462	350	797	1085	626	2034	2274	351	132	1247	355	1136	1811	2080	1226	200	1544	1249	2517	2305	2668	554	377	1539	2292	401	783	1258	1060	1460	738	3759	895	2555	1549	1211	770	440	634	482	334	898	1636	613	1772	1898	497	694	2309	508	1947	1541	465	2495	1367	1895	31	955	1231
ELF3	462	416	934	1992	4049	1102	1066	241	385	948	1144	7630	5511	7076	7881	17	2446	2718	4724	116	2566	4098	2941	3639	424	328	3328	117	32	845	1823	1801	5841	400	2535	2484	1111	1797	1227	573	2407	823	258	2584	239	287	2065	5692	3271	2809	5094	60	158	481	15	232	568	1002	794	6202	671	516	5582	1632	216	4430	407	161	2744	3564	260	654	676	2843	1926	4230	688	1659	591	3375	1021	4414	727	991	4967	1110	5824	21549	1403	1137	344	6150	4791	2246	2111	5143	6402	1125	17	1529	302	317	1459	6714	6353	6724	7254	1874	3546	4715	2006	279	4893	528	4660	5757	1202	257	651	1025	4949	5624	3039	2372	4553	7180	2135	3294	769	100	2426	3380	1142	3	195	29	996	484	769	600	4905	45	30	4146	2844	3650	839	2698	7	159	1379	1650	5961	6601	46	1231	1601	1843	1533	2040	2477	4297	2211	5	2008	4723	4517	4390	5909	4091	240	1184	1838	3174	641	4194	2224	5975	2270	177	749	1768	224	671	3	770	4556	295	5025	99	917	1855	887	4785	448	274	176	1503	2490	1367	4930	247	1485	6094	5249	4554	2218	1339	1818	3036	2685	264	1124	1585	339	585	4580	2071	642	2774	3180	574	5544	4794	5441	158	763	1229	313	1153	13	8173	3735	1607	510	31	7201	1690	1908	1067	3193	1763	2620	5451	2077	3331	4145	74	2813	708	2650	4451	2363	49	810	1063	507	601	1978	1992	2461	4121	4938	4274	331	2578	455	258	2253	1325	10	975	5706	87	3273	928	471	347	293	494	3522	140	2808	6084	2406	1715	282	2872	2171	2385	1459	4959	110	1321	454	4516	2896	2658	6082	81	3785	2533	1800	3071	1375	106	4955	228	456	6703	867	422	945	53	1	2898	5103	835	3958	525	4251	1	193	2927	5244	4577	300	3761	4747	6072	4139	19	2166	1259	198	159	574	4040	237	277	6673	516	6310	255	415	4268	917	3146	4449	587	3097	938	567	3273	2294	2229	281	623	776	884	724	2256	1086	541	230	3063	5663	6732	1040	7673	2003	9006	782	14	124	2179	2254	955	2299	2279	3719	2785	889	2808	6629	2832	351	306	198	2678	1213	824	1329	1099	621	10	6963	523	6404	7176	6499	192	425	1813	3013	3774	3797	399	32	1954	1028	179	1	1385	467	3912	512	1106	452	2	3983	1858	4859	1712	2913	5990	2664	1883	656	3440	5734	5353	380	6361	4026	925	228	7160	3291	3294	3841	2232	6525	756	1143	460	2660	4148	2026	21