ch	start	end	anchor_index
chr1	778666	778809	0
chr1	827499	827620	1
chr1	858350	858560	2
chr1	858720	858930	3
chr1	869887	870058	4
chr1	904720	904881	5
chr1	919801	919938	6
chr1	921185	921304	7
chr1	938256	938307	8
chr1	951427	951622	9
chr1	959236	959383	10
chr1	960590	960623	11
chr1	976151	976262	12
chr1	980790	980849	13
chr1	984250	984387	14
chr1	989380	989590	15
chr1	990510	990720	16
chr1	1006659	1006750	17
chr1	1015580	1015625	18
chr1	1017645	1017684	19
chr1	1019467	1019826	20
chr1	1058373	1058524	21
chr1	1058656	1058813	22
chr1	1059531	1059678	23
chr1	1063929	1063992	24
chr1	1115800	1115819	25
chr1	1122229	1122406	26
chr1	1123302	1123517	27
chr1	1125180	1125390	28
chr1	1164968	1165161	29
chr1	1174010	1174220	30
chr1	1185270	1185480	31
chr1	1207090	1207109	32
chr1	1230831	1230968	33
chr1	1233850	1234060	34
chr1	1250317	1250506	35
chr1	1273820	1274027	36
chr1	1274201	1274338	37
chr1	1279440	1279650	38
chr1	1281575	1281614	39
chr1	1281774	1281887	40
chr1	1287590	1287800	41
chr1	1290245	1290398	42
chr1	1291910	1292120	43
chr1	1307974	1308161	44
chr1	1349281	1349634	45
chr1	1349895	1349934	46
chr1	1358630	1358649	47
chr1	1359010	1359029	48
chr1	1360640	1360850	49
chr1	1362144	1362219	50
chr1	1372162	1372259	51
chr1	1375199	1375594	52
chr1	1383950	1384160	53
chr1	1399231	1399610	54
chr1	1400888	1401121	55
chr1	1417515	1417614	56
chr1	1421338	1421433	57
chr1	1433159	1433418	58
chr1	1435620	1435830	59
chr1	1438108	1438313	60
chr1	1469010	1469220	61
chr1	1471120	1471330	62
chr1	1512026	1512081	63
chr1	1551122	1551223	64
chr1	1574834	1574991	65
chr1	1579270	1579480	66
chr1	1587270	1587289	67
chr1	1588510	1588720	68
chr1	1597728	1597945	69
chr1	1615134	1615929	70
chr1	1620220	1620239	71
chr1	1645820	1646030	72
chr1	1651420	1651630	73
chr1	1651550	1651760	74
chr1	1658040	1658250	75
chr1	1659007	1659228	76
chr1	1678906	1679145	77
chr1	1686515	1686515	78
chr1	1696840	1697050	79
chr1	1716250	1716460	80
chr1	1718000	1718210	81
chr1	1724313	1724510	82
chr1	1746485	1746485	83
chr1	1748746	1748897	84
chr1	1759010	1759029	85
chr1	1768707	1768774	86
chr1	1777920	1778130	87
chr1	1778248	1778561	88
chr1	1778801	1779298	89
chr1	1789215	1789248	90
chr1	1796590	1796800	91
chr1	1816990	1817200	92
chr1	1832997	1833200	93
chr1	1834071	1834208	94
chr1	1855757	1855812	95
chr1	1881760	1881970	96
chr1	1899307	1899428	97
chr1	1906286	1906469	98
chr1	1909104	1909413	99
chr1	1919199	1919732	100
chr1	1923059	1923282	101
chr1	1935842	1935971	102
chr1	1941329	1941366	103
chr1	1942974	1943185	104
chr1	1944219	1944526	105
chr1	1960092	1960257	106
chr1	1974414	1974467	107
chr1	1986610	1986820	108
chr1	1986937	1987052	109
chr1	1987200	1987410	110
chr1	2003714	2003869	111
chr1	2046604	2046685	112
chr1	2049531	2049664	113
chr1	2072120	2072330	114
chr1	2091747	2091892	115
chr1	2104735	2104735	116
chr1	2104902	2105221	117
chr1	2108766	2108863	118
chr1	2132385	2132424	119
chr1	2134754	2134947	120
chr1	2135064	2135337	121
chr1	2138210	2138420	122
chr1	2140088	2140107	123
chr1	2163340	2163453	124
chr1	2174371	2174548	125
chr1	2190040	2190250	126
chr1	2195023	2195434	127
chr1	2207860	2208070	128
chr1	2208371	2208474	129
chr1	2231962	2232139	130
chr1	2232790	2233000	131
chr1	2234574	2234835	132
chr1	2248490	2248700	133
chr1	2250946	2251033	134
chr1	2270462	2270577	135
chr1	2311643	2311682	136
chr1	2330964	2331077	137
chr1	2348175	2348214	138
chr1	2381820	2381959	139
chr1	2382709	2382864	140
chr1	2412598	2412755	141
chr1	2412932	2413109	142
chr1	2414390	2414707	143
chr1	2443900	2444110	144
chr1	2459806	2460063	145
chr1	2496406	2496477	146
chr1	2548069	2548320	147
chr1	2554970	2555180	148
chr1	2569360	2569570	149
chr1	2578396	2578633	150
chr1	2593800	2594010	151
chr1	2611330	2611389	152
chr1	2631661	2631759	153
chr1	2633960	2634170	154
chr1	2643130	2643373	155
chr1	2786670	2786880	156
chr1	2787641	2787660	157
chr1	2801380	2801590	158
chr1	2801736	2801817	159
chr1	2822085	2822164	160
chr1	2840521	2840614	161
chr1	2876082	2876239	162
chr1	2913300	2913510	163
chr1	2922202	2922261	164
chr1	2946346	2946503	165
chr1	2968470	2968680	166
chr1	3012595	3012758	167
chr1	3066309	3066418	168
chr1	3115307	3115530	169
chr1	3116760	3116779	170
chr1	3119930	3120140	171
chr1	3120230	3120440	172
chr1	3139668	3139805	173
chr1	3168850	3169060	174
chr1	3170672	3170737	175
chr1	3192493	3192672	176
chr1	3192950	3193160	177
chr1	3222140	3222259	178
chr1	3229420	3229629	179
chr1	3230820	3231030	180
chr1	3238159	3238414	181
chr1	3250243	3250292	182
chr1	3261337	3261932	183
chr1	3284090	3284235	184
chr1	3288640	3288850	185
chr1	3292121	3292258	186
chr1	3293320	3293849	187
chr1	3320090	3320165	188
chr1	3320599	3320802	189
chr1	3326918	3326983	190
chr1	3335204	3335459	191
chr1	3335700	3335910	192
chr1	3349834	3349927	193
chr1	3350960	3351019	194
chr1	3356010	3356220	195
chr1	3356980	3357039	196
chr1	3365590	3365800	197
chr1	3366718	3366923	198
chr1	3377761	3377832	199
chr1	3393260	3393470	200
chr1	3403470	3403680	201
chr1	3410225	3410356	202
chr1	3423590	3423623	203
chr1	3424759	3424934	204
chr1	3431400	3431493	205
chr1	3441530	3441740	206
chr1	3441700	3441910	207
chr1	3453272	3453459	208
chr1	3454420	3454439	209
chr1	3457121	3457334	210
chr1	3460788	3460821	211
chr1	3471831	3471978	212
chr1	3480506	3480623	213
chr1	3484000	3484019	214
chr1	3491276	3491605	215
chr1	3502198	3502323	216
chr1	3518320	3518530	217
chr1	3563100	3563310	218
chr1	3565365	3565464	219
chr1	3587160	3587370	220
chr1	3615286	3615403	221
chr1	3619088	3619193	222
chr1	3620930	3621140	223
chr1	3621170	3621380	224
chr1	3625750	3625809	225
chr1	3649966	3650231	226
chr1	3668947	3669118	227
chr1	3695774	3695823	228
chr1	3718166	3718283	229
chr1	3724522	3724651	230
chr1	3733602	3733687	231
chr1	3733980	3734190	232
chr1	3747353	3747500	233
chr1	3771698	3771731	234
chr1	3776030	3776240	235
chr1	3785246	3785415	236
chr1	3787270	3787480	237
chr1	3787490	3787700	238
chr1	3795030	3795240	239
chr1	3801625	3801625	240
chr1	3827885	3827924	241
chr1	3857230	3857475	242
chr1	3901184	3901547	243
chr1	3907370	3907491	244
chr1	3910932	3911033	245
chr1	3942520	3942730	246
chr1	3942880	3943090	247
chr1	3944540	3944750	248
chr1	3963690	3963900	249
chr1	4048250	4048269	250
chr1	4060860	4061070	251
chr1	4084210	4084420	252
chr1	4150414	4150485	253
chr1	4173311	4173450	254
chr1	4173670	4173880	255
chr1	4267602	4267779	256
chr1	4304560	4304770	257
chr1	4362480	4362690	258
chr1	4366380	4366590	259
chr1	4494670	4494880	260
chr1	4585408	4585451	261
chr1	4594426	4594687	262
chr1	4652678	4652847	263
chr1	4656398	4656577	264
chr1	4742178	4742251	265
chr1	4778081	4778218	266
chr1	4826145	4826334	267
chr1	4941490	4941700	268
chr1	5431060	5431270	269
chr1	5509997	5510128	270
chr1	5597290	5597500	271
chr1	5598085	5598308	272
chr1	5621140	5621349	273
chr1	5637358	5637391	274
chr1	5641012	5641097	275
chr1	5641460	5641670	276
chr1	5745928	5745995	277
chr1	5746416	5746513	278
chr1	5830870	5830929	279
chr1	5847280	5847490	280
chr1	5893779	5893950	281
chr1	5916096	5916303	282
chr1	5955518	5955867	283
chr1	5967600	5967810	284
chr1	5975267	5975398	285
chr1	5991410	5991620	286
chr1	5992354	5992759	287
chr1	5993090	5993300	288
chr1	6003037	6003338	289
chr1	6003980	6004039	290
chr1	6041608	6041673	291
chr1	6045280	6045490	292
chr1	6045624	6045897	293
chr1	6052535	6052666	294
chr1	6053051	6053154	295
chr1	6080660	6080870	296
chr1	6082382	6082597	297
chr1	6099859	6099960	298
chr1	6105270	6105480	299
chr1	6105827	6105942	300
chr1	6109015	6109046	301
chr1	6137790	6138000	302
chr1	6141712	6141937	303
chr1	6157925	6158118	304
chr1	6161764	6161831	305
chr1	6171669	6171696	306
chr1	6185932	6185991	307
chr1	6205002	6205575	308
chr1	6205955	6206310	309
chr1	6206850	6207060	310
chr1	6235940	6236059	311
chr1	6240355	6240355	312
chr1	6240480	6240690	313
chr1	6245087	6245316	314
chr1	6246794	6246997	315
chr1	6249740	6249950	316
chr1	6255140	6255350	317
chr1	6255450	6255660	318
chr1	6280846	6281059	319
chr1	6295720	6295930	320
chr1	6343553	6343656	321
chr1	6348087	6348176	322
chr1	6359631	6359972	323
chr1	6363188	6363297	324
chr1	6378236	6378325	325
chr1	6393692	6393883	326
chr1	6397090	6397300	327
chr1	6404797	6404880	328
chr1	6412990	6413200	329
chr1	6414403	6414612	330
chr1	6423640	6423673	331
chr1	6438140	6438301	332
chr1	6440620	6440830	333
chr1	6445262	6445367	334
chr1	6445960	6446170	335
chr1	6447261	6447470	336
chr1	6447796	6447987	337
chr1	6450180	6450390	338
chr1	6451088	6451371	339
chr1	6475592	6475787	340
chr1	6486615	6486706	341
chr1	6489983	6490168	342
chr1	6512560	6512770	343
chr1	6513480	6513529	344
chr1	6523717	6523856	345
chr1	6554553	6554648	346
chr1	6554790	6555000	347
chr1	6579810	6580029	348
chr1	6580910	6581120	349
chr1	6604331	6604468	350
chr1	6609790	6610000	351
chr1	6625057	6625276	352
chr1	6634747	6634844	353
chr1	6646563	6646792	354
chr1	6700720	6700930	355
chr1	6701718	6702013	356
chr1	6720165	6720254	357
chr1	6724580	6724825	358
chr1	6727492	6727707	359
chr1	6762246	6762363	360
chr1	6770846	6770943	361
chr1	6789100	6789310	362
chr1	6794326	6794395	363
chr1	6820720	6820930	364
chr1	6822525	6822564	365
chr1	6822652	6822761	366
chr1	6884832	6884949	367
chr1	6889987	6890192	368
chr1	6909967	6910110	369
chr1	6960401	6960548	370
chr1	6998446	6998495	371
chr1	7042868	7042941	372
chr1	7070160	7070370	373
chr1	7070489	7070618	374
chr1	7075380	7075590	375
chr1	7097180	7097390	376
chr1	7208060	7208105	377
chr1	7217460	7217670	378
chr1	7218369	7218456	379
chr1	7224880	7224997	380
chr1	7246030	7246240	381
chr1	7454272	7454309	382
chr1	7460935	7460935	383
chr1	7475210	7475420	384
chr1	7533220	7533430	385
chr1	7539680	7539890	386
chr1	7561500	7561710	387
chr1	7577320	7577530	388
chr1	7616420	7616630	389
chr1	7647301	7647450	390
chr1	7667728	7667743	391
chr1	7682550	7682760	392
chr1	7688827	7688908	393
chr1	7752550	7752760	394
chr1	7752981	7753000	395
chr1	7772110	7772320	396
chr1	7782980	7783190	397
chr1	7856550	7856583	398
chr1	7902862	7902977	399
chr1	7960636	7960793	400
chr1	7961895	7961895	401
chr1	7975451	7975490	402
chr1	7982364	7982613	403
chr1	8005242	8005409	404
chr1	8006430	8006640	405
chr1	8015158	8015239	406
chr1	8018077	8018132	407
chr1	8026252	8026391	408
chr1	8027484	8027665	409
chr1	8027870	8028080	410
chr1	8031300	8031510	411
chr1	8040688	8040807	412
chr1	8061425	8061464	413
chr1	8070470	8070680	414
chr1	8078650	8078860	415
chr1	8094961	8095098	416
chr1	8096690	8096900	417
chr1	8097506	8097555	418
chr1	8097930	8098140	419
chr1	8117012	8117267	420
chr1	8120996	8121145	421
chr1	8121950	8122160	422
chr1	8142080	8142290	423
chr1	8154721	8154950	424
chr1	8155584	8155825	425
chr1	8169878	8169999	426
chr1	8181870	8182080	427
chr1	8182361	8182628	428
chr1	8197842	8197927	429
chr1	8211440	8211650	430
chr1	8211997	8212206	431
chr1	8239072	8239109	432
chr1	8259203	8259392	433
chr1	8261000	8261210	434
chr1	8281280	8281490	435
chr1	8314382	8314641	436
chr1	8315963	8316046	437
chr1	8342483	8342562	438
chr1	8342900	8343110	439
chr1	8343498	8343531	440
chr1	8349029	8349232	441
chr1	8351880	8352090	442
chr1	8370470	8370680	443
chr1	8374925	8375024	444
chr1	8409301	8409438	445
chr1	8463500	8463710	446
chr1	8473690	8473900	447
chr1	8571714	8571787	448
chr1	8598140	8598350	449
chr1	8626497	8626654	450
chr1	8664150	8664360	451
chr1	8670465	8670465	452
chr1	8671480	8671573	453
chr1	8672690	8672900	454
chr1	8681435	8681514	455
chr1	8701620	8701830	456
chr1	8702395	8702474	457
chr1	8703323	8703590	458
chr1	8712230	8712249	459
chr1	8712565	8712644	460
chr1	8712883	8712932	461
chr1	8713190	8713400	462
chr1	8719010	8719220	463
chr1	8726647	8726704	464
chr1	8740305	8740344	465
chr1	8742078	8742317	466
chr1	8748370	8748580	467
chr1	8749490	8749700	468
chr1	8755018	8755223	469
chr1	8776311	8776409	470
chr1	8782165	8782204	471
chr1	8817668	8817871	472
chr1	8823920	8824130	473
chr1	8846620	8846830	474
chr1	8848878	8849133	475
chr1	8853160	8853370	476
chr1	8859520	8859649	477
chr1	8862606	8862787	478
chr1	8871701	8871794	479
chr1	8878648	8878933	480
chr1	8879196	8879313	481
chr1	8880410	8880620	482
chr1	8881930	8882140	483
chr1	8889270	8889289	484
chr1	8889470	8889680	485
chr1	8902700	8902910	486
chr1	8903550	8903760	487
chr1	8911070	8911280	488
chr1	8913650	8913669	489
chr1	8918187	8918390	490
chr1	8929060	8929270	491
chr1	8941900	8942110	492
chr1	8963100	8963159	493
chr1	8988167	8988274	494
chr1	8988440	8988650	495
chr1	9004530	9004740	496
chr1	9005187	9005342	497
chr1	9010141	9010239	498
chr1	9058700	9058719	499
chr1	9101677	9101754	500
chr1	9110917	9110992	501
chr1	9112000	9112210	502
chr1	9128770	9128980	503
chr1	9142394	9142505	504
chr1	9162956	9163027	505
chr1	9172224	9172413	506
chr1	9181264	9181525	507
chr1	9181597	9181793	508
chr1	9182307	9182370	509
chr1	9196599	9196638	510
chr1	9197670	9197880	511
chr1	9198810	9198869	512
chr1	9211550	9211760	513
chr1	9233309	9233674	514
chr1	9234604	9234769	515
chr1	9239841	9239860	516
chr1	9250160	9250319	517
chr1	9267132	9267357	518
chr1	9289188	9289221	519
chr1	9290410	9290620	520
chr1	9291725	9291725	521
chr1	9291860	9292070	522
chr1	9377190	9377400	523
chr1	9389550	9389760	524
chr1	9400030	9400240	525
chr1	9400716	9400897	526
chr1	9428770	9429097	527
chr1	9435295	9435374	528
chr1	9436540	9436750	529
chr1	9438645	9438872	530
chr1	9439420	9439630	531
chr1	9448258	9448503	532
chr1	9455931	9455970	533
chr1	9491155	9491326	534
chr1	9495274	9495515	535
chr1	9501247	9501294	536
chr1	9532880	9533090	537
chr1	9537800	9538010	538
chr1	9539246	9539537	539
chr1	9542500	9542710	540
chr1	9546784	9546861	541
chr1	9550292	9550389	542
chr1	9557790	9558000	543
chr1	9558040	9558250	544
chr1	9565835	9565874	545
chr1	9573862	9573959	546
chr1	9587170	9587380	547
chr1	9588140	9588350	548
chr1	9588532	9588801	549
chr1	9615699	9615850	550
chr1	9627082	9627225	551
chr1	9659490	9659700	552
chr1	9662187	9662508	553
chr1	9671555	9671634	554
chr1	9677450	9677660	555
chr1	9688030	9688240	556
chr1	9688440	9688650	557
chr1	9702419	9702490	558
chr1	9702860	9703070	559
chr1	9717318	9717831	560
chr1	9721876	9722023	561
chr1	9725123	9725276	562
chr1	9784641	9784832	563
chr1	9784970	9785180	564
chr1	9786210	9786420	565
chr1	9792540	9792750	566
chr1	9796815	9796854	567
chr1	9815340	9815399	568
chr1	9827980	9828190	569
chr1	9835837	9835992	570
chr1	9867587	9867734	571
chr1	9875021	9875108	572
chr1	9876900	9877110	573
chr1	9908100	9908310	574
chr1	9910247	9910682	575
chr1	9914060	9914270	576
chr1	9914455	9914594	577
chr1	9927450	9927660	578
chr1	9942515	9942558	579
chr1	9950415	9950598	580
chr1	9983920	9984130	581
chr1	9984730	9984940	582
chr1	9997630	9997840	583
chr1	9997820	9998030	584
chr1	10032546	10033067	585
chr1	10033550	10033760	586
chr1	10054940	10054959	587
chr1	10056347	10056526	588
chr1	10083860	10084070	589
chr1	10127030	10127240	590
chr1	10136360	10136570	591
chr1	10153096	10153125	592
chr1	10153960	10154170	593
chr1	10171124	10171367	594
chr1	10209960	10210170	595
chr1	10210307	10210676	596
chr1	10211430	10211489	597
chr1	10228590	10228800	598
chr1	10232200	10232410	599
chr1	10258001	10258138	600
chr1	10276490	10276700	601
chr1	10338163	10338306	602
chr1	10338450	10338660	603
chr1	10338880	10339090	604
chr1	10387720	10387930	605
chr1	10388236	10388353	606
chr1	10388500	10388710	607
chr1	10397670	10397880	608
chr1	10428191	10428252	609
chr1	10430365	10430444	610
chr1	10430603	10430758	611
chr1	10438760	10438970	612
chr1	10472446	10472707	613
chr1	10474867	10474996	614
chr1	10489300	10489510	615
chr1	10494766	10494883	616
chr1	10495148	10495295	617
chr1	10495970	10496180	618
chr1	10507612	10507715	619
chr1	10514518	10514705	620
chr1	10519090	10519149	621
chr1	10530403	10530452	622
chr1	10555775	10555814	623
chr1	10599405	10599405	624
chr1	10630076	10630193	625
chr1	10635225	10635264	626
chr1	10678920	10679130	627
chr1	10681250	10681460	628
chr1	10681725	10681764	629
chr1	10686877	10686984	630
chr1	10692512	10692593	631
chr1	10704674	10704761	632
chr1	10731065	10731264	633
chr1	10788850	10788965	634
chr1	10829562	10829777	635
chr1	10835987	10836148	636
chr1	10837350	10837560	637
chr1	10848540	10848750	638
chr1	10866768	10867041	639
chr1	10867184	10867357	640
chr1	10867830	10868040	641
chr1	10900860	10901070	642
chr1	10909957	10910234	643
chr1	10937285	10937734	644
chr1	10942096	10942167	645
chr1	10943930	10944140	646
chr1	10961036	10961267	647
chr1	10979741	10979878	648
chr1	11011860	11012070	649
chr1	11036770	11036980	650
chr1	11037740	11037835	651
chr1	11060038	11060185	652
chr1	11072730	11072940	653
chr1	11098430	11098640	654
chr1	11098660	11098870	655
chr1	11099490	11099509	656
chr1	11099696	11100103	657
chr1	11179780	11179990	658
chr1	11216241	11216314	659
chr1	11241837	11241964	660
chr1	11242240	11242450	661
chr1	11261410	11261620	662
chr1	11261670	11261880	663
chr1	11262890	11263019	664
chr1	11266690	11266900	665
chr1	11267784	11268045	666
chr1	11268520	11268730	667
chr1	11272630	11272840	668
chr1	11273920	11274130	669
chr1	11286310	11286520	670
chr1	11320252	11320417	671
chr1	11336000	11336210	672
chr1	11337598	11337755	673
chr1	11364370	11364389	674
chr1	11478700	11478943	675
chr1	11550880	11550899	676
chr1	11572310	11572520	677
chr1	11594230	11594440	678
chr1	11635860	11636070	679
chr1	11642522	11642691	680
chr1	11645837	11645918	681
chr1	11648171	11648264	682
chr1	11653300	11653449	683
chr1	11655270	11655480	684
chr1	11664145	11664296	685
chr1	11671540	11671773	686
chr1	11680820	11680879	687
chr1	11691040	11691250	688
chr1	11707803	11707970	689
chr1	11711240	11711299	690
chr1	11719658	11720031	691
chr1	11736429	11736660	692
chr1	11749281	11749379	693
chr1	11785251	11785450	694
chr1	11803490	11803700	695
chr1	11805489	11805794	696
chr1	11805863	11806202	697
chr1	11821610	11821820	698
chr1	11838818	11838901	699
chr1	11842740	11842987	700
chr1	11882030	11882240	701
chr1	11883023	11883072	702
chr1	11894060	11894169	703
chr1	11908201	11908378	704
chr1	11908942	11909157	705
chr1	11909670	11909880	706
chr1	11913414	11913575	707
chr1	11926432	11926619	708
chr1	11961281	11961418	709
chr1	11967207	11967452	710
chr1	11980094	11980393	711
chr1	11982050	11982260	712
chr1	11982190	11982400	713
chr1	11987240	11987450	714
chr1	12001654	12001831	715
chr1	12021190	12021400	716
chr1	12031387	12031462	717
chr1	12044766	12044923	718
chr1	12054970	12055180	719
chr1	12079755	12079854	720
chr1	12118751	12118849	721
chr1	12124934	12125049	722
chr1	12196785	12196824	723
chr1	12208999	12209130	724
chr1	12229903	12230126	725
chr1	12243680	12243890	726
chr1	12244205	12244384	727
chr1	12272212	12272277	728
chr1	12275340	12275550	729
chr1	12276404	12276477	730
chr1	12314457	12314584	731
chr1	12314980	12315190	732
chr1	12346933	12347024	733
chr1	12356088	12356261	734
chr1	12369445	12369445	735
chr1	12379700	12379910	736
chr1	12381291	12381492	737
chr1	12402385	12402454	738
chr1	12406495	12406646	739
chr1	12406711	12406942	740
chr1	12407005	12407044	741
chr1	12407440	12407650	742
chr1	12422636	12422753	743
chr1	12433180	12433390	744
chr1	12433545	12433642	745
chr1	12437115	12437154	746
chr1	12437700	12437910	747
chr1	12453616	12453729	748
chr1	12478097	12478434	749
chr1	12485722	12485807	750
chr1	12525523	12525572	751
chr1	12528424	12528819	752
chr1	12540050	12540260	753
chr1	12540406	12540523	754
chr1	12541550	12541760	755
chr1	12548910	12549120	756
chr1	12549820	12550123	757
chr1	12588342	12588439	758
chr1	12601391	12601442	759
chr1	12604514	12604569	760
chr1	12618270	12618480	761
chr1	12619883	12620138	762
chr1	12654885	12654924	763
chr1	12659042	12659291	764
chr1	12777940	12778150	765
chr1	12779600	12779810	766
chr1	13356900	13357009	767
chr1	13422677	13422873	768
chr1	13469410	13469620	769
chr1	13517330	13517540	770
chr1	13665714	13665937	771
chr1	13697870	13698080	772
chr1	13725964	13726077	773
chr1	13748210	13748420	774
chr1	13749060	13749270	775
chr1	13761050	13761260	776
chr1	13807302	13807511	777
chr1	13811328	13811429	778
chr1	13828050	13828260	779
chr1	13828940	13829150	780
chr1	13930270	13930480	781
chr1	13960470	13960635	782
chr1	13965890	13966079	783
chr1	14095120	14095330	784
chr1	14114022	14114083	785
chr1	14395756	14395805	786
chr1	14415496	14415613	787
chr1	14435406	14435539	788
chr1	14436400	14436610	789
chr1	14534950	14535160	790
chr1	14536280	14536490	791
chr1	14538550	14538760	792
chr1	14567234	14567301	793
chr1	14572010	14572059	794
chr1	14719310	14719520	795
chr1	14732076	14732199	796
chr1	14732460	14732670	797
chr1	14779269	14779400	798
chr1	14782920	14783130	799
chr1	14783370	14783389	800
chr1	14804316	14804433	801
chr1	14804850	14804909	802
chr1	14833790	14833919	803
chr1	14850752	14850789	804
chr1	14878126	14878243	805
chr1	14913270	14913480	806
chr1	14913819	14913996	807
chr1	14915421	14915660	808
chr1	14924600	14924691	809
chr1	14925020	14925230	810
chr1	14939595	14939826	811
chr1	14956617	14956764	812
chr1	14970342	14970427	813
chr1	14983380	14983590	814
chr1	14996780	14996990	815
chr1	14999496	14999735	816
chr1	15021533	15021638	817
chr1	15027635	15027794	818
chr1	15038286	15038391	819
chr1	15046592	15046819	820
chr1	15047620	15047830	821
chr1	15062582	15062761	822
chr1	15090485	15090700	823
chr1	15100486	15100603	824
chr1	15110997	15111052	825
chr1	15128664	15128771	826
chr1	15145870	15146080	827
chr1	15152344	15152571	828
chr1	15154145	15154224	829
chr1	15187410	15187620	830
chr1	15187640	15187850	831
chr1	15200332	15200549	832
chr1	15203870	15204080	833
chr1	15221136	15221353	834
chr1	15272626	15272755	835
chr1	15285137	15285340	836
chr1	15304410	15304620	837
chr1	15304807	15305026	838
chr1	15323634	15323771	839
chr1	15329290	15329309	840
chr1	15340420	15340630	841
chr1	15355810	15356020	842
chr1	15356310	15356369	843
chr1	15356480	15356690	844
chr1	15364910	15365120	845
chr1	15370957	15371072	846
chr1	15372290	15372500	847
chr1	15390310	15390520	848
chr1	15408930	15408989	849
chr1	15409260	15409470	850
chr1	15409758	15409957	851
chr1	15421170	15421249	852
chr1	15422020	15422230	853
chr1	15431243	15431466	854
chr1	15431600	15431810	855
chr1	15441350	15441560	856
chr1	15463440	15463650	857
chr1	15464910	15465120	858
chr1	15501477	15501648	859
chr1	15523240	15523450	860
chr1	15526458	15526643	861
chr1	15584550	15584760	862
chr1	15585034	15585225	863
chr1	15595274	15595423	864
chr1	15603594	15603711	865
chr1	15618410	15618620	866
chr1	15618946	15619063	867
chr1	15654220	15654430	868
chr1	15684139	15684406	869
chr1	15703180	15703390	870
chr1	15736487	15736682	871
chr1	15741436	15741641	872
chr1	15756544	15756611	873
chr1	15758670	15758880	874
chr1	15780794	15780877	875
chr1	15788174	15788411	876
chr1	15789040	15789250	877
chr1	15792153	15792274	878
chr1	15792640	15792850	879
chr1	15800250	15800491	880
chr1	15803441	15803578	881
chr1	15815658	15815753	882
chr1	15833970	15834180	883
chr1	15847428	15847727	884
chr1	15848450	15848660	885
chr1	15886388	15886553	886
chr1	15887590	15887800	887
chr1	15924895	15924974	888
chr1	15939502	15939665	889
chr1	15959015	15959054	890
chr1	15966370	15966580	891
chr1	15966490	15966700	892
chr1	15975472	15975689	893
chr1	15976061	15976160	894
chr1	15976400	15976610	895
chr1	15983030	15983240	896
chr1	15994666	15994771	897
chr1	16004029	16004220	898
chr1	16009163	16009258	899
chr1	16032944	16033095	900
chr1	16037930	16038140	901
chr1	16038651	16038749	902
chr1	16042200	16042410	903
chr1	16056185	16056352	904
chr1	16057705	16057705	905
chr1	16073535	16073574	906
chr1	16079024	16079115	907
chr1	16094000	16094210	908
chr1	16101640	16101850	909
chr1	16146407	16146622	910
chr1	16157000	16157210	911
chr1	16182050	16182099	912
chr1	16187896	16187949	913
chr1	16205172	16205257	914
chr1	16206508	16206733	915
chr1	16217364	16217671	916
chr1	16226190	16226400	917
chr1	16226400	16226610	918
chr1	16237157	16237356	919
chr1	16244530	16244579	920
chr1	16271096	16271213	921
chr1	16321710	16321920	922
chr1	16351660	16351870	923
chr1	16352485	16352594	924
chr1	16352910	16353120	925
chr1	16363040	16363250	926
chr1	16363486	16363657	927
chr1	16366969	16367258	928
chr1	16367430	16367640	929
chr1	16367670	16367880	930
chr1	16406620	16406830	931
chr1	16425229	16425456	932
chr1	16425850	16425869	933
chr1	16434180	16434390	934
chr1	16439030	16439240	935
chr1	16440556	16440765	936
chr1	16475088	16475131	937
chr1	16499126	16499299	938
chr1	16499810	16500020	939
chr1	16505980	16506190	940
chr1	16513940	16514131	941
chr1	16535175	16535175	942
chr1	16543870	16544080	943
chr1	16545971	16546048	944
chr1	16613547	16613686	945
chr1	16621056	16621287	946
chr1	16625005	16625160	947
chr1	16635910	16636120	948
chr1	16644688	16644807	949
chr1	16645800	16646010	950
chr1	16646310	16646520	951
chr1	16678970	16679180	952
chr1	16709856	16709907	953
chr1	16724780	16724990	954
chr1	16727190	16727400	955
chr1	16896161	16896328	956
chr1	16896492	16896607	957
chr1	16904090	16904300	958
chr1	16904845	16904984	959
chr1	16947624	16947837	960
chr1	16951751	16951934	961
chr1	16962640	16962850	962
chr1	16963606	16963819	963
chr1	17046221	17046364	964
chr1	17054840	17055050	965
chr1	17059804	17059873	966
chr1	17075593	17075642	967
chr1	17125830	17126005	968
chr1	17177760	17177970	969
chr1	17237210	17237333	970
chr1	17274304	17274529	971
chr1	17336229	17336362	972
chr1	17370715	17370858	973
chr1	17406187	17406400	974
chr1	17419875	17420118	975
chr1	17439200	17439410	976
chr1	17439620	17439883	977
chr1	17485408	17485551	978
chr1	17494381	17494472	979
chr1	17502396	17502541	980
chr1	17516990	17517091	981
chr1	17538550	17538760	982
chr1	17551089	17551192	983
chr1	17564740	17564950	984
chr1	17572810	17572829	985
chr1	17574785	17574785	986
chr1	17581502	17581719	987
chr1	17592101	17592318	988
chr1	17592530	17592740	989
chr1	17606161	17606259	990
chr1	17606986	17607035	991
chr1	17629470	17629689	992
chr1	17653970	17653989	993
chr1	17661689	17661844	994
chr1	17745315	17745354	995
chr1	17826183	17826416	996
chr1	17909764	17909885	997
chr1	17919975	17920104	998
chr1	17922914	17923123	999
chr1	17983510	17983720	1000
chr1	17984642	17984739	1001
chr1	17999055	17999055	1002
chr1	18041770	18041980	1003
chr1	18100631	18100670	1004
chr1	18217567	18217634	1005
chr1	18234820	18235030	1006
chr1	18256370	18256580	1007
chr1	18299840	18299971	1008
chr1	18302930	18303140	1009
chr1	18316900	18317110	1010
chr1	18322565	18322764	1011
chr1	18324390	18324600	1012
chr1	18362278	18362311	1013
chr1	18374090	18374133	1014
chr1	18452750	18452769	1015
chr1	18468580	18468790	1016
chr1	18480180	18480390	1017
chr1	18486353	18486418	1018
chr1	18511627	18511708	1019
chr1	18531028	18531177	1020
chr1	18532080	18532290	1021
chr1	18556478	18556737	1022
chr1	18557150	18557360	1023
chr1	18560870	18560889	1024
chr1	18574900	18575110	1025
chr1	18575713	18575922	1026
chr1	18581556	18581705	1027
chr1	18597588	18597631	1028
chr1	18597810	18598020	1029
chr1	18602720	18602930	1030
chr1	18643330	18643540	1031
chr1	18643690	18643783	1032
chr1	18645280	18645490	1033
chr1	18646100	18646310	1034
chr1	18681519	18681630	1035
chr1	18703016	18703173	1036
chr1	18703370	18703580	1037
chr1	18794566	18794775	1038
chr1	18820140	18820350	1039
chr1	18820893	18821016	1040
chr1	18875318	18875485	1041
chr1	18883850	18884060	1042
chr1	18884252	18884377	1043
chr1	18902475	18902514	1044
chr1	18902823	18902966	1045
chr1	18907087	18907342	1046
chr1	18913119	18913414	1047
chr1	18921740	18921950	1048
chr1	18922467	18922534	1049
chr1	18949062	18949417	1050
chr1	18955935	18955935	1051
chr1	18956634	18956959	1052
chr1	18972612	18972745	1053
chr1	18988998	18989095	1054
chr1	19000234	19000347	1055
chr1	19007085	19007164	1056
chr1	19010046	19010149	1057
chr1	19011227	19011370	1058
chr1	19012451	19012546	1059
chr1	19029557	19029638	1060
chr1	19046578	19046701	1061
chr1	19052482	19052677	1062
chr1	19057500	19057710	1063
chr1	19057680	19057890	1064
chr1	19064495	19064495	1065
chr1	19065430	19065640	1066
chr1	19080118	19080311	1067
chr1	19087560	19087579	1068
chr1	19096352	19096449	1069
chr1	19113708	19113897	1070
chr1	19130460	19130670	1071
chr1	19139010	19139220	1072
chr1	19139329	19139558	1073
chr1	19179715	19179794	1074
chr1	19223035	19223278	1075
chr1	19232570	19232780	1076
chr1	19240930	19241140	1077
chr1	19241312	19241573	1078
chr1	19243170	19243380	1079
chr1	19251060	19251270	1080
chr1	19311280	19311490	1081
chr1	19338295	19338694	1082
chr1	19341590	19341800	1083
chr1	19344514	19344617	1084
chr1	19366850	19366869	1085
chr1	19374380	19374590	1086
chr1	19385967	19386163	1087
chr1	19387180	19387337	1088
chr1	19391467	19391618	1089
chr1	19409440	19409650	1090
chr1	19409866	19409997	1091
chr1	19436790	19437001	1092
chr1	19440340	19440550	1093
chr1	19445973	19446138	1094
chr1	19468432	19468629	1095
chr1	19485935	19486014	1096
chr1	19487871	19487969	1097
chr1	19501590	19501800	1098
chr1	19514830	19515040	1099
chr1	19582417	19582456	1100
chr1	19596780	19597045	1101
chr1	19619861	19620082	1102
chr1	19623190	19623400	1103
chr1	19651286	19651393	1104
chr1	19653807	19653958	1105
chr1	19659853	19660038	1106
chr1	19661926	19661975	1107
chr1	19704710	19704835	1108
chr1	19715682	19715851	1109
chr1	19759780	19759990	1110
chr1	19762312	19762499	1111
chr1	19772132	19772289	1112
chr1	19799665	19799766	1113
chr1	19811389	19811408	1114
chr1	19825391	19825486	1115
chr1	19852820	19853030	1116
chr1	19861170	19861189	1117
chr1	19872275	19872364	1118
chr1	19882196	19882423	1119
chr1	19918136	19918273	1120
chr1	19926280	19926490	1121
chr1	19926690	19926900	1122
chr1	19946372	19946457	1123
chr1	19946555	19946662	1124
chr1	19957880	19958090	1125
chr1	19974876	19975361	1126
chr1	19982350	19982560	1127
chr1	19987838	19988005	1128
chr1	20047186	20047303	1129
chr1	20087895	20087934	1130
chr1	20101048	20101169	1131
chr1	20115645	20115684	1132
chr1	20152448	20152603	1133
chr1	20165170	20165380	1134
chr1	20165549	20165630	1135
chr1	20184660	20184870	1136
chr1	20186140	20186350	1137
chr1	20195314	20195371	1138
chr1	20212981	20213122	1139
chr1	20216750	20216960	1140
chr1	20251820	20252030	1141
chr1	20361860	20362070	1142
chr1	20377004	20377127	1143
chr1	20430536	20430665	1144
chr1	20440180	20440390	1145
chr1	20469527	20469704	1146
chr1	20474960	20475170	1147
chr1	20476490	20476685	1148
chr1	20480453	20480692	1149
chr1	20483000	20483210	1150
chr1	20486721	20486862	1151
chr1	20493918	20494031	1152
chr1	20508400	20508610	1153
chr1	20522475	20522524	1154
chr1	20552051	20552184	1155
chr1	20552372	20552503	1156
chr1	20552900	20553110	1157
chr1	20575388	20575467	1158
chr1	20633347	20633472	1159
chr1	20640239	20640430	1160
chr1	20661344	20661785	1161
chr1	20663500	20663710	1162
chr1	20688200	20688410	1163
chr1	20696419	20696700	1164
chr1	20696866	20697049	1165
chr1	20702608	20702627	1166
chr1	20718041	20718068	1167
chr1	20728140	20728221	1168
chr1	20786671	20786988	1169
chr1	20787240	20787450	1170
chr1	20787640	20787850	1171
chr1	20812970	20813180	1172
chr1	20813968	20814001	1173
chr1	20831105	20831144	1174
chr1	20896950	20897069	1175
chr1	20982029	20982126	1176
chr1	21013410	21013620	1177
chr1	21022383	21022506	1178
chr1	21027830	21028040	1179
chr1	21077460	21077670	1180
chr1	21089330	21089540	1181
chr1	21115280	21115345	1182
chr1	21117190	21117400	1183
chr1	21126538	21126571	1184
chr1	21192350	21192560	1185
chr1	21195292	21195399	1186
chr1	21195580	21195790	1187
chr1	21216952	21217209	1188
chr1	21232106	21232235	1189
chr1	21247950	21248160	1190
chr1	21252190	21252403	1191
chr1	21255336	21255445	1192
chr1	21269735	21269890	1193
chr1	21270270	21270480	1194
chr1	21271690	21271900	1195
chr1	21302858	21302901	1196
chr1	21319960	21320170	1197
chr1	21322700	21322910	1198
chr1	21323130	21323340	1199
chr1	21326260	21326470	1200
chr1	21329510	21329603	1201
chr1	21334840	21334873	1202
chr1	21339230	21339440	1203
chr1	21368601	21368724	1204
chr1	21370682	21370769	1205
chr1	21423240	21423450	1206
chr1	21427510	21427720	1207
chr1	21439938	21440193	1208
chr1	21468775	21468814	1209
chr1	21480520	21480730	1210
chr1	21487420	21487630	1211
chr1	21488800	21489010	1212
chr1	21490983	21491014	1213
chr1	21497790	21498000	1214
chr1	21509131	21509294	1215
chr1	21534938	21535087	1216
chr1	21538385	21538424	1217
chr1	21539880	21540090	1218
chr1	21574199	21574276	1219
chr1	21587106	21587155	1220
chr1	21595702	21595775	1221
chr1	21623130	21623340	1222
chr1	21655800	21656010	1223
chr1	21659250	21659359	1224
chr1	21669782	21670015	1225
chr1	21703444	21703561	1226
chr1	21704120	21704330	1227
chr1	21705741	21705814	1228
chr1	21736590	21736800	1229
chr1	21736980	21737053	1230
chr1	21776040	21776250	1231
chr1	21780940	21781150	1232
chr1	21782450	21782660	1233
chr1	21783076	21783315	1234
chr1	21788030	21788240	1235
chr1	21805335	21805414	1236
chr1	21818770	21818947	1237
chr1	21855070	21855280	1238
chr1	21911542	21911723	1239
chr1	21922660	21922870	1240
chr1	21931222	21931331	1241
chr1	21964106	21964191	1242
chr1	21964820	21965030	1243
chr1	21967210	21967420	1244
chr1	21973323	21973456	1245
chr1	21979230	21979440	1246
chr1	21980280	21980490	1247
chr1	21988880	21989090	1248
chr1	21993170	21993380	1249
chr1	22005285	22005398	1250
chr1	22018370	22018580	1251
chr1	22024660	22024870	1252
chr1	22025343	22025592	1253
chr1	22025935	22026014	1254
chr1	22048765	22048765	1255
chr1	22052593	22052732	1256
chr1	22105703	22105912	1257
chr1	22132034	22132127	1258
chr1	22208330	22208540	1259
chr1	22218855	22218894	1260
chr1	22275969	22276060	1261
chr1	22317402	22317491	1262
chr1	22348105	22348184	1263
chr1	22348393	22348676	1264
chr1	22369616	22369789	1265
chr1	22380650	22380860	1266
chr1	22416620	22416953	1267
chr1	22417200	22417410	1268
chr1	22420524	22420799	1269
chr1	22428796	22428899	1270
chr1	22453350	22453560	1271
chr1	22461170	22461380	1272
chr1	22503841	22503939	1273
chr1	22504104	22504325	1274
chr1	22533320	22533530	1275
chr1	22543100	22543310	1276
chr1	22642125	22642232	1277
chr1	22665919	22666024	1278
chr1	22674211	22674390	1279
chr1	22704589	22704710	1280
chr1	22731984	22732051	1281
chr1	22746151	22746170	1282
chr1	22817970	22818180	1283
chr1	22862255	22862294	1284
chr1	22889348	22889547	1285
chr1	22901520	22901730	1286
chr1	22930443	22930586	1287
chr1	22963086	22963663	1288
chr1	22963820	22964030	1289
chr1	22964294	22964425	1290
chr1	22976456	22976727	1291
chr1	22979930	22980140	1292
chr1	23019246	23019495	1293
chr1	23064930	23065140	1294
chr1	23086310	23086520	1295
chr1	23098771	23098998	1296
chr1	23115265	23115344	1297
chr1	23123640	23123850	1298
chr1	23147080	23147290	1299
chr1	23149294	23149361	1300
chr1	23160380	23160590	1301
chr1	23169550	23169760	1302
chr1	23177718	23177791	1303
chr1	23179100	23179181	1304
chr1	23184804	23184879	1305
chr1	23188440	23188650	1306
chr1	23189160	23189370	1307
chr1	23210378	23210523	1308
chr1	23216330	23216540	1309
chr1	23216897	23217093	1310
chr1	23273420	23273630	1311
chr1	23277290	23277500	1312
chr1	23283920	23284130	1313
chr1	23344305	23344692	1314
chr1	23352980	23353190	1315
chr1	23354290	23354500	1316
chr1	23368812	23368973	1317
chr1	23376960	23377170	1318
chr1	23404046	23404213	1319
chr1	23458430	23458640	1320
chr1	23472400	23472610	1321
chr1	23477140	23477350	1322
chr1	23485130	23485340	1323
chr1	23497173	23497414	1324
chr1	23531327	23531464	1325
chr1	23535830	23536040	1326
chr1	23539897	23540106	1327
chr1	23543760	23543970	1328
chr1	23544050	23544260	1329
chr1	23544822	23544929	1330
chr1	23554985	23555048	1331
chr1	23559050	23559260	1332
chr1	23560080	23560290	1333
chr1	23560790	23561000	1334
chr1	23562393	23562566	1335
chr1	23583150	23583360	1336
chr1	23583460	23583670	1337
chr1	23596811	23596948	1338
chr1	23635102	23635221	1339
chr1	23637583	23637600	1340
chr1	23657779	23657934	1341
chr1	23665401	23665454	1342
chr1	23673695	23673695	1343
chr1	23690800	23691010	1344
chr1	23691634	23691819	1345
chr1	23705192	23705353	1346
chr1	23727384	23727571	1347
chr1	23727654	23727727	1348
chr1	23745709	23745814	1349
chr1	23751413	23751512	1350
chr1	23765960	23765979	1351
chr1	23772301	23772368	1352
chr1	23778328	23778371	1353
chr1	23778680	23778890	1354
chr1	23789600	23789810	1355
chr1	23790985	23791170	1356
chr1	23800717	23800948	1357
chr1	23804385	23804424	1358
chr1	23809872	23809943	1359
chr1	23810860	23811070	1360
chr1	23839043	23839238	1361
chr1	23850520	23850730	1362
chr1	23854694	23854809	1363
chr1	23868269	23868490	1364
chr1	23869200	23869410	1365
chr1	23916948	23917033	1366
chr1	23920180	23920390	1367
chr1	23950950	23951160	1368
chr1	23959036	23959293	1369
chr1	23980273	23980596	1370
chr1	24000830	24001040	1371
chr1	24001706	24001863	1372
chr1	24003520	24003730	1373
chr1	24009590	24009609	1374
chr1	24018865	24019108	1375
chr1	24021720	24021739	1376
chr1	24028205	24028294	1377
chr1	24036225	24036304	1378
chr1	24070948	24071071	1379
chr1	24108455	24108690	1380
chr1	24112697	24112764	1381
chr1	24118630	24118840	1382
chr1	24149980	24150190	1383
chr1	24150533	24150748	1384
chr1	24151420	24151439	1385
chr1	24154320	24154530	1386
chr1	24155054	24155235	1387
chr1	24189290	24189500	1388
chr1	24189750	24189960	1389
chr1	24199411	24199524	1390
chr1	24200090	24200300	1391
chr1	24201975	24202074	1392
chr1	24253676	24253793	1393
chr1	24391405	24391498	1394
chr1	24392372	24392545	1395
chr1	24413771	24414122	1396
chr1	24414470	24414680	1397
chr1	24415469	24415752	1398
chr1	24472707	24472782	1399
chr1	24476350	24476560	1400
chr1	24476780	24476990	1401
chr1	24501470	24501680	1402
chr1	24502000	24502210	1403
chr1	24502354	24502635	1404
chr1	24502791	24502980	1405
chr1	24527280	24527490	1406
chr1	24529414	24529561	1407
chr1	24541098	24541287	1408
chr1	24541476	24541563	1409
chr1	24542190	24542209	1410
chr1	24546610	24546820	1411
chr1	24547260	24547470	1412
chr1	24552321	24552528	1413
chr1	24555963	24555996	1414
chr1	24557740	24557950	1415
chr1	24568144	24568219	1416
chr1	24574454	24574515	1417
chr1	24587332	24587445	1418
chr1	24588750	24588960	1419
chr1	24593550	24593760	1420
chr1	24606170	24606380	1421
chr1	24611340	24611550	1422
chr1	24611570	24611780	1423
chr1	24634960	24635170	1424
chr1	24635375	24635430	1425
chr1	24642899	24643176	1426
chr1	24688724	24688785	1427
chr1	24706140	24706350	1428
chr1	24767506	24767645	1429
chr1	24783821	24783958	1430
chr1	24825289	24825444	1431
chr1	24830828	24830951	1432
chr1	24835060	24835270	1433
chr1	24848061	24848212	1434
chr1	24849831	24849929	1435
chr1	24864529	24864788	1436
chr1	24898273	24898322	1437
chr1	24909587	24909774	1438
chr1	24916010	24916220	1439
chr1	24932282	24932495	1440
chr1	24933661	24933838	1441
chr1	24946932	24947187	1442
chr1	25037259	25037442	1443
chr1	25037743	25037956	1444
chr1	25101543	25101682	1445
chr1	25117596	25117747	1446
chr1	25122800	25123010	1447
chr1	25126772	25126813	1448
chr1	25129510	25129720	1449
chr1	25148849	25149006	1450
chr1	25167534	25167729	1451
chr1	25168424	25168789	1452
chr1	25174360	25174570	1453
chr1	25198760	25198970	1454
chr1	25203720	25203930	1455
chr1	25204966	25205039	1456
chr1	25212370	25212580	1457
chr1	25212875	25212954	1458
chr1	25217762	25217827	1459
chr1	25232478	25232633	1460
chr1	25238450	25238660	1461
chr1	25240033	25240152	1462
chr1	25247796	25247953	1463
chr1	25267957	25268046	1464
chr1	25284950	25285160	1465
chr1	25286850	25287060	1466
chr1	25289970	25290180	1467
chr1	25338189	25338396	1468
chr1	25339410	25339620	1469
chr1	25402710	25402920	1470
chr1	25403411	25403588	1471
chr1	25405300	25405510	1472
chr1	25429240	25429450	1473
chr1	25442270	25442289	1474
chr1	25459168	25459187	1475
chr1	25487290	25487500	1476
chr1	25487692	25487843	1477
chr1	25501225	25501420	1478
chr1	25503963	25504042	1479
chr1	25520567	25520698	1480
chr1	25523676	25523805	1481
chr1	25572791	25573068	1482
chr1	25573581	25573679	1483
chr1	25608717	25608856	1484
chr1	25619220	25619279	1485
chr1	25645480	25645690	1486
chr1	25698780	25698990	1487
chr1	25725666	25725823	1488
chr1	25744220	25744363	1489
chr1	25758830	25758889	1490
chr1	25772460	25772670	1491
chr1	25773050	25773260	1492
chr1	25796929	25797062	1493
chr1	25797600	25797810	1494
chr1	25800141	25800239	1495
chr1	25810905	25811114	1496
chr1	25824980	25825190	1497
chr1	25825705	25825844	1498
chr1	25837401	25837526	1499
chr1	25837940	25838150	1500
chr1	25858950	25859160	1501
chr1	25859403	25859566	1502
chr1	25866930	25867140	1503
chr1	25873260	25873470	1504
chr1	25875150	25875360	1505
chr1	25889661	25889680	1506
chr1	25890230	25890440	1507
chr1	25895436	25895653	1508
chr1	25904482	25904697	1509
chr1	25906424	25906769	1510
chr1	25909150	25909360	1511
chr1	25924820	25925030	1512
chr1	25957755	25957894	1513
chr1	25997670	25997880	1514
chr1	25997999	25998396	1515
chr1	26010262	26010327	1516
chr1	26028595	26028674	1517
chr1	26031090	26031300	1518
chr1	26035403	26035586	1519
chr1	26035680	26035890	1520
chr1	26036049	26036216	1521
chr1	26036530	26036740	1522
chr1	26036720	26036930	1523
chr1	26105070	26105237	1524
chr1	26145175	26145380	1525
chr1	26161869	26162040	1526
chr1	26164293	26164526	1527
chr1	26166570	26166780	1528
chr1	26169752	26170001	1529
chr1	26177337	26177552	1530
chr1	26190488	26190587	1531
chr1	26204140	26204159	1532
chr1	26225375	26225574	1533
chr1	26226770	26226980	1534
chr1	26233917	26234192	1535
chr1	26275719	26275790	1536
chr1	26279646	26279763	1537
chr1	26279933	26280114	1538
chr1	26285211	26285314	1539
chr1	26285956	26286073	1540
chr1	26305560	26305770	1541
chr1	26306615	26306822	1542
chr1	26307050	26307260	1543
chr1	26307190	26307400	1544
chr1	26321652	26321761	1545
chr1	26328217	26328322	1546
chr1	26363940	26364071	1547
chr1	26385600	26385810	1548
chr1	26387528	26387623	1549
chr1	26391557	26391704	1550
chr1	26396360	26396535	1551
chr1	26417154	26417255	1552
chr1	26418380	26418590	1553
chr1	26433650	26433860	1554
chr1	26472315	26472474	1555
chr1	26481327	26481448	1556
chr1	26499550	26499760	1557
chr1	26499790	26500000	1558
chr1	26500285	26500488	1559
chr1	26500864	26501155	1560
chr1	26529280	26529490	1561
chr1	26531322	26531347	1562
chr1	26538100	26538310	1563
chr1	26538870	26538889	1564
chr1	26579700	26579910	1565
chr1	26584250	26584460	1566
chr1	26597684	26597807	1567
chr1	26602507	26602578	1568
chr1	26620375	26620604	1569
chr1	26620685	26620685	1570
chr1	26620793	26621108	1571
chr1	26639190	26639400	1572
chr1	26641510	26641720	1573
chr1	26644410	26644620	1574
chr1	26647770	26647980	1575
chr1	26677523	26677768	1576
chr1	26686150	26686360	1577
chr1	26693076	26693393	1578
chr1	26695530	26695740	1579
chr1	26695960	26696170	1580
chr1	26698310	26698329	1581
chr1	26705855	26705934	1582
chr1	26706560	26706579	1583
chr1	26719354	26719427	1584
chr1	26723669	26723812	1585
chr1	26784012	26784417	1586
chr1	26785310	26785520	1587
chr1	26787815	26787854	1588
chr1	26787910	26788293	1589
chr1	26789273	26789392	1590
chr1	26809710	26809920	1591
chr1	26810198	26810261	1592
chr1	26821145	26821224	1593
chr1	26838929	26839064	1594
chr1	26839856	26840013	1595
chr1	26848970	26849180	1596
chr1	26849384	26849645	1597
chr1	26853179	26853376	1598
chr1	26862830	26863040	1599
chr1	26878059	26878230	1600
chr1	26883170	26883380	1601
chr1	26883440	26883650	1602
chr1	26890209	26890360	1603
chr1	26900052	26900173	1604
chr1	26904540	26904750	1605
chr1	26910535	26910756	1606
chr1	26913725	26913764	1607
chr1	26914073	26914470	1608
chr1	26921564	26921739	1609
chr1	26938701	26938838	1610
chr1	26943200	26943410	1611
chr1	26952970	26953180	1612
chr1	26954720	26954930	1613
chr1	26960411	26960548	1614
chr1	26962016	26962119	1615
chr1	26967017	26967202	1616
chr1	26990710	26990729	1617
chr1	26992480	26992690	1618
chr1	26992750	26992960	1619
chr1	26993320	26993530	1620
chr1	26993591	26993938	1621
chr1	26997716	26997965	1622
chr1	27004070	27004280	1623
chr1	27012946	27013069	1624
chr1	27027803	27027852	1625
chr1	27044704	27044771	1626
chr1	27046026	27046143	1627
chr1	27070499	27070536	1628
chr1	27097502	27097711	1629
chr1	27099930	27100140	1630
chr1	27102813	27102896	1631
chr1	27112270	27112329	1632
chr1	27155084	27155339	1633
chr1	27192166	27192293	1634
chr1	27198030	27198169	1635
chr1	27284798	27284905	1636
chr1	27296759	27297046	1637
chr1	27300924	27301021	1638
chr1	27306901	27307038	1639
chr1	27321938	27321957	1640
chr1	27322910	27322929	1641
chr1	27323060	27323270	1642
chr1	27323210	27323420	1643
chr1	27332889	27333032	1644
chr1	27351348	27351491	1645
chr1	27357660	27357739	1646
chr1	27362270	27362480	1647
chr1	27362490	27362700	1648
chr1	27366555	27366634	1649
chr1	27366990	27367200	1650
chr1	27388537	27388706	1651
chr1	27389180	27389390	1652
chr1	27392421	27392598	1653
chr1	27395440	27395650	1654
chr1	27402464	27402553	1655
chr1	27415610	27415820	1656
chr1	27416652	27416761	1657
chr1	27428193	27428356	1658
chr1	27469470	27469529	1659
chr1	27489740	27489950	1660
chr1	27490047	27490646	1661
chr1	27490940	27491150	1662
chr1	27504520	27504911	1663
chr1	27512470	27512680	1664
chr1	27512660	27512870	1665
chr1	27520835	27520874	1666
chr1	27522675	27522754	1667
chr1	27523265	27523304	1668
chr1	27527850	27528060	1669
chr1	27528060	27528270	1670
chr1	27542467	27542614	1671
chr1	27554530	27554740	1672
chr1	27556882	27556971	1673
chr1	27563708	27563837	1674
chr1	27568395	27568708	1675
chr1	27574170	27574380	1676
chr1	27575896	27576113	1677
chr1	27581998	27582235	1678
chr1	27603160	27603370	1679
chr1	27604113	27604266	1680
chr1	27606448	27606601	1681
chr1	27621497	27621612	1682
chr1	27663267	27663396	1683
chr1	27672186	27672447	1684
chr1	27682480	27682561	1685
chr1	27686340	27686550	1686
chr1	27724755	27724794	1687
chr1	27724930	27725140	1688
chr1	27725606	27726005	1689
chr1	27760520	27760730	1690
chr1	27787490	27787700	1691
chr1	27817351	27817526	1692
chr1	27823270	27823480	1693
chr1	27831010	27831220	1694
chr1	27851520	27851730	1695
chr1	27858144	27858305	1696
chr1	27859220	27859430	1697
chr1	27913270	27913480	1698
chr1	27914610	27914695	1699
chr1	27928825	27928825	1700
chr1	27940474	27940559	1701
chr1	27943372	27943677	1702
chr1	27960063	27960296	1703
chr1	27979729	27979832	1704
chr1	28036591	28036689	1705
chr1	28078400	28078610	1706
chr1	28087927	28088123	1707
chr1	28088930	28089140	1708
chr1	28091378	28091411	1709
chr1	28104810	28105020	1710
chr1	28105190	28105400	1711
chr1	28112620	28112830	1712
chr1	28113164	28113269	1713
chr1	28154933	28155080	1714
chr1	28159370	28159580	1715
chr1	28170260	28170279	1716
chr1	28170950	28171160	1717
chr1	28193966	28194069	1718
chr1	28209003	28209086	1719
chr1	28233140	28233159	1720
chr1	28235882	28236125	1721
chr1	28245630	28245840	1722
chr1	28246420	28246630	1723
chr1	28247099	28247500	1724
chr1	28248580	28248701	1725
chr1	28248940	28249150	1726
chr1	28328831	28329058	1727
chr1	28351682	28351741	1728
chr1	28359768	28359915	1729
chr1	28368252	28368317	1730
chr1	28370087	28370310	1731
chr1	28409120	28409330	1732
chr1	28409290	28409500	1733
chr1	28409930	28409979	1734
chr1	28437984	28438167	1735
chr1	28447811	28447944	1736
chr1	28471500	28471709	1737
chr1	28501710	28501920	1738
chr1	28518174	28518337	1739
chr1	28518570	28518780	1740
chr1	28541660	28541870	1741
chr1	28541850	28542060	1742
chr1	28581838	28582029	1743
chr1	28602948	28603063	1744
chr1	28606918	28607021	1745
chr1	28643049	28643238	1746
chr1	28643765	28643804	1747
chr1	28648142	28648477	1748
chr1	28653934	28654115	1749
chr1	28736620	28736925	1750
chr1	28740010	28740220	1751
chr1	28743940	28744150	1752
chr1	28757021	28757134	1753
chr1	28781780	28781990	1754
chr1	28785244	28785365	1755
chr1	28785810	28786020	1756
chr1	28846382	28846559	1757
chr1	28871670	28871880	1758
chr1	28872155	28872155	1759
chr1	28877291	28877434	1760
chr1	28882186	28882267	1761
chr1	28915490	28915700	1762
chr1	28926995	28927074	1763
chr1	28966680	28966983	1764
chr1	28983647	28983962	1765
chr1	28984195	28984195	1766
chr1	28999200	28999410	1767
chr1	29033995	29034056	1768
chr1	29081610	29081820	1769
chr1	29117548	29117591	1770
chr1	29121240	29121450	1771
chr1	29124574	29124875	1772
chr1	29137690	29137900	1773
chr1	29181943	29182160	1774
chr1	29186354	29186527	1775
chr1	29197615	29197758	1776
chr1	29202550	29202760	1777
chr1	29202927	29203072	1778
chr1	29230903	29231046	1779
chr1	29231510	29231720	1780
chr1	29236362	29236545	1781
chr1	29239405	29239444	1782
chr1	29304000	29304210	1783
chr1	29304337	29304533	1784
chr1	29313150	29313360	1785
chr1	29332297	29332532	1786
chr1	29340995	29341164	1787
chr1	29341840	29342050	1788
chr1	29344220	29344430	1789
chr1	29369660	29369870	1790
chr1	29379603	29379770	1791
chr1	29415600	29415659	1792
chr1	29448566	29448723	1793
chr1	29453618	29453765	1794
chr1	29469487	29469683	1795
chr1	29490340	29490550	1796
chr1	29490740	29490950	1797
chr1	29513443	29513576	1798
chr1	29577752	29577837	1799
chr1	29656615	29656694	1800
chr1	29698127	29698216	1801
chr1	29702740	29702950	1802
chr1	29703600	29703810	1803
chr1	29707136	29707253	1804
chr1	29793116	29793243	1805
chr1	29849162	29849357	1806
chr1	29912551	29912654	1807
chr1	30086019	30086162	1808
chr1	30106246	30106371	1809
chr1	30111584	30111721	1810
chr1	30133831	30133924	1811
chr1	30232478	30232511	1812
chr1	30379330	30379540	1813
chr1	30380450	30380653	1814
chr1	30601620	30601830	1815
chr1	30685351	30685658	1816
chr1	30708218	30708335	1817
chr1	30718075	30718075	1818
chr1	30719288	30719519	1819
chr1	30740409	30740490	1820
chr1	30761780	30761990	1821
chr1	30779695	30779840	1822
chr1	30782464	30782661	1823
chr1	30783041	30783139	1824
chr1	30797750	30797863	1825
chr1	30801840	30801959	1826
chr1	30876916	30877033	1827
chr1	30892718	30892907	1828
chr1	30911463	30911594	1829
chr1	30929501	30929634	1830
chr1	30975370	30975580	1831
chr1	31063920	31064130	1832
chr1	31073180	31073390	1833
chr1	31099750	31100003	1834
chr1	31100610	31100820	1835
chr1	31154580	31154790	1836
chr1	31154880	31155205	1837
chr1	31162712	31162965	1838
chr1	31170802	31170971	1839
chr1	31181481	31181694	1840
chr1	31182080	31182290	1841
chr1	31182389	31182486	1842
chr1	31184130	31184149	1843
chr1	31185792	31185897	1844
chr1	31214955	31214955	1845
chr1	31296460	31296670	1846
chr1	31296792	31297129	1847
chr1	31335174	31335245	1848
chr1	31336740	31336950	1849
chr1	31371835	31371835	1850
chr1	31373648	31373835	1851
chr1	31394775	31394968	1852
chr1	31421531	31421629	1853
chr1	31422864	31422937	1854
chr1	31434465	31434638	1855
chr1	31442358	31442583	1856
chr1	31444030	31444240	1857
chr1	31444850	31445060	1858
chr1	31449780	31449990	1859
chr1	31460179	31460260	1860
chr1	31483100	31483310	1861
chr1	31508940	31509150	1862
chr1	31509337	31509574	1863
chr1	31523940	31524150	1864
chr1	31548991	31549178	1865
chr1	31564253	31564270	1866
chr1	31574450	31574660	1867
chr1	31577740	31577950	1868
chr1	31584147	31584294	1869
chr1	31594128	31594237	1870
chr1	31618175	31618388	1871
chr1	31633271	31633452	1872
chr1	31644120	31644330	1873
chr1	31651181	31651358	1874
chr1	31663997	31664056	1875
chr1	31684138	31684303	1876
chr1	31692010	31692220	1877
chr1	31701259	31701318	1878
chr1	31704750	31704960	1879
chr1	31705358	31705375	1880
chr1	31714495	31714574	1881
chr1	31715201	31715458	1882
chr1	31715741	31715839	1883
chr1	31719500	31719710	1884
chr1	31745727	31745846	1885
chr1	31762767	31762892	1886
chr1	31789304	31789517	1887
chr1	31815990	31816175	1888
chr1	31830230	31830289	1889
chr1	31834745	31834824	1890
chr1	31855541	31855639	1891
chr1	31861470	31861680	1892
chr1	31876028	31876205	1893
chr1	31881155	31881194	1894
chr1	31905130	31905340	1895
chr1	31938321	31938596	1896
chr1	31938800	31939010	1897
chr1	31939956	31940027	1898
chr1	31941160	31941370	1899
chr1	31955030	31955240	1900
chr1	31956184	31956257	1901
chr1	31964235	31964322	1902
chr1	31977879	31978000	1903
chr1	32003670	32003799	1904
chr1	32063536	32063601	1905
chr1	32073128	32073383	1906
chr1	32074136	32074253	1907
chr1	32104282	32104421	1908
chr1	32107590	32107800	1909
chr1	32107975	32108090	1910
chr1	32108475	32108514	1911
chr1	32109422	32109587	1912
chr1	32142768	32143055	1913
chr1	32179626	32179711	1914
chr1	32181000	32181210	1915
chr1	32200440	32200650	1916
chr1	32201127	32201278	1917
chr1	32206350	32206560	1918
chr1	32215751	32215838	1919
chr1	32222716	32222819	1920
chr1	32235880	32236090	1921
chr1	32241250	32241460	1922
chr1	32242520	32242730	1923
chr1	32248338	32248371	1924
chr1	32249650	32249860	1925
chr1	32250169	32250314	1926
chr1	32293420	32293630	1927
chr1	32310170	32310380	1928
chr1	32316611	32316678	1929
chr1	32320680	32320890	1930
chr1	32321310	32321520	1931
chr1	32321887	32321922	1932
chr1	32333340	32333550	1933
chr1	32335254	32335441	1934
chr1	32348520	32348730	1935
chr1	32351990	32352200	1936
chr1	32393900	32393919	1937
chr1	32394387	32394768	1938
chr1	32400530	32400740	1939
chr1	32400670	32400880	1940
chr1	32400986	32401111	1941
chr1	32401550	32401760	1942
chr1	32413927	32414270	1943
chr1	32446620	32446830	1944
chr1	32448396	32448621	1945
chr1	32449100	32449310	1946
chr1	32464240	32464450	1947
chr1	32464873	32465106	1948
chr1	32465790	32466000	1949
chr1	32471090	32471300	1950
chr1	32500255	32500334	1951
chr1	32520506	32520705	1952
chr1	32539261	32539398	1953
chr1	32539433	32539818	1954
chr1	32540390	32540600	1955
chr1	32611130	32611340	1956
chr1	32612246	32612457	1957
chr1	32620190	32620319	1958
chr1	32644480	32644690	1959
chr1	32644640	32644850	1960
chr1	32649550	32649760	1961
chr1	32693440	32693650	1962
chr1	32694630	32694855	1963
chr1	32695240	32695450	1964
chr1	32711880	32712090	1965
chr1	32712321	32712492	1966
chr1	32716698	32716913	1967
chr1	32735610	32735820	1968
chr1	32737413	32737612	1969
chr1	32741536	32741755	1970
chr1	32761530	32761740	1971
chr1	32773154	32773201	1972
chr1	32815740	32815950	1973
chr1	32816350	32816560	1974
chr1	32818196	32818353	1975
chr1	32818837	32819033	1976
chr1	32821940	32822150	1977
chr1	32871830	32872040	1978
chr1	32872730	32872895	1979
chr1	32873260	32873470	1980
chr1	32876794	32876851	1981
chr1	32886589	32886800	1982
chr1	32893171	32893348	1983
chr1	32933534	32933659	1984
chr1	32934090	32934219	1985
chr1	32946615	32946694	1986
chr1	32948670	32948880	1987
chr1	32949012	32949227	1988
chr1	32960380	32960590	1989
chr1	32964753	32965080	1990
chr1	32965497	32965693	1991
chr1	32981240	32981450	1992
chr1	32992470	32992680	1993
chr1	33007311	33007472	1994
chr1	33050100	33050310	1995
chr1	33050698	33050823	1996
chr1	33055253	33055362	1997
chr1	33055740	33055799	1998
chr1	33080976	33081169	1999
chr1	33081390	33081600	2000
chr1	33085606	33085723	2001
chr1	33086487	33086558	2002
chr1	33095106	33095277	2003
chr1	33095760	33095970	2004
chr1	33112112	33112213	2005
chr1	33127221	33127664	2006
chr1	33128180	33128390	2007
chr1	33137980	33137999	2008
chr1	33148000	33148210	2009
chr1	33168160	33168370	2010
chr1	33168730	33168940	2011
chr1	33205860	33206070	2012
chr1	33218780	33218943	2013
chr1	33237800	33237819	2014
chr1	33238280	33238490	2015
chr1	33244222	33244543	2016
chr1	33254360	33254570	2017
chr1	33256950	33257160	2018
chr1	33295611	33295696	2019
chr1	33321790	33322000	2020
chr1	33338390	33338600	2021
chr1	33342380	33342603	2022
chr1	33345605	33345605	2023
chr1	33348680	33348890	2024
chr1	33349981	33350000	2025
chr1	33366690	33366900	2026
chr1	33367919	33367984	2027
chr1	33372810	33373020	2028
chr1	33430983	33431172	2029
chr1	33431237	33431292	2030
chr1	33432660	33432870	2031
chr1	33455966	33456037	2032
chr1	33467800	33468010	2033
chr1	33470588	33470761	2034
chr1	33612972	33613127	2035
chr1	33633108	33633289	2036
chr1	33641214	33641345	2037
chr1	33654488	33654521	2038
chr1	33835660	33835870	2039
chr1	34014082	34014271	2040
chr1	34114066	34114137	2041
chr1	34163309	34163372	2042
chr1	34460417	34460472	2043
chr1	34549374	34549451	2044
chr1	34582450	34582660	2045
chr1	34592357	34592553	2046
chr1	34598015	34598110	2047
chr1	34599980	34600190	2048
chr1	34645990	34646200	2049
chr1	34681526	34681715	2050
chr1	34742784	34742885	2051
chr1	34786570	34786691	2052
chr1	34825763	34825794	2053
chr1	34852749	34852940	2054
chr1	34858510	34858720	2055
chr1	34859675	34859982	2056
chr1	34866428	34866637	2057
chr1	34879386	34879543	2058
chr1	34885007	34885202	2059
chr1	34896751	34896849	2060
chr1	34930125	34930204	2061
chr1	34970930	34970949	2062
chr1	34978010	34978220	2063
chr1	34979170	34979229	2064
chr1	34984185	34984264	2065
chr1	34985256	34985433	2066
chr1	35031630	35032103	2067
chr1	35053240	35053450	2068
chr1	35078730	35078940	2069
chr1	35110400	35110610	2070
chr1	35120772	35120861	2071
chr1	35121000	35121210	2072
chr1	35139500	35139710	2073
chr1	35162446	35162563	2074
chr1	35174780	35174990	2075
chr1	35177880	35178090	2076
chr1	35179062	35179327	2077
chr1	35191120	35191330	2078
chr1	35192062	35192341	2079
chr1	35200890	35201100	2080
chr1	35202220	35202363	2081
chr1	35221028	35221325	2082
chr1	35243825	35243856	2083
chr1	35268050	35268260	2084
chr1	35268546	35268787	2085
chr1	35270040	35270250	2086
chr1	35288930	35289140	2087
chr1	35298677	35298740	2088
chr1	35345012	35345227	2089
chr1	35345443	35345678	2090
chr1	35444140	35444350	2091
chr1	35451086	35451313	2092
chr1	35452620	35452830	2093
chr1	35487100	35487310	2094
chr1	35512280	35512490	2095
chr1	35545189	35545272	2096
chr1	35553600	35553810	2097
chr1	35556216	35556319	2098
chr1	35557250	35557491	2099
chr1	35557683	35557814	2100
chr1	35564745	35564840	2101
chr1	35569088	35569161	2102
chr1	35575774	35575845	2103
chr1	35593520	35593730	2104
chr1	35637700	35637910	2105
chr1	35641907	35642103	2106
chr1	35643410	35643620	2107
chr1	35646244	35646365	2108
chr1	35715623	35715718	2109
chr1	35720816	35720947	2110
chr1	35727021	35727098	2111
chr1	35728540	35728750	2112
chr1	35773940	35774150	2113
chr1	35774767	35774906	2114
chr1	35791300	35791510	2115
chr1	35807482	35807659	2116
chr1	35809770	35809980	2117
chr1	35858070	35858089	2118
chr1	35882973	35883256	2119
chr1	35900050	35900260	2120
chr1	35929380	35929590	2121
chr1	35929670	35929880	2122
chr1	35930540	35930750	2123
chr1	35944520	35944730	2124
chr1	36083460	36083670	2125
chr1	36088735	36088944	2126
chr1	36099647	36099872	2127
chr1	36099980	36100190	2128
chr1	36128900	36129110	2129
chr1	36134842	36134979	2130
chr1	36149442	36149785	2131
chr1	36155774	36155999	2132
chr1	36156135	36156214	2133
chr1	36157080	36157290	2134
chr1	36161190	36161400	2135
chr1	36187960	36188170	2136
chr1	36188290	36188333	2137
chr1	36217759	36217840	2138
chr1	36224162	36224419	2139
chr1	36224691	36224804	2140
chr1	36224861	36225038	2141
chr1	36232230	36232440	2142
chr1	36232550	36232760	2143
chr1	36240285	36240512	2144
chr1	36248425	36248648	2145
chr1	36267070	36267280	2146
chr1	36269537	36269634	2147
chr1	36285581	36285638	2148
chr1	36297140	36297350	2149
chr1	36299981	36300118	2150
chr1	36309400	36309610	2151
chr1	36342849	36342934	2152
chr1	36352840	36352859	2153
chr1	36369102	36369301	2154
chr1	36374560	36374770	2155
chr1	36374710	36374920	2156
chr1	36376080	36376290	2157
chr1	36384967	36385212	2158
chr1	36385938	36386263	2159
chr1	36386570	36386589	2160
chr1	36386731	36386908	2161
chr1	36397802	36398107	2162
chr1	36401101	36401262	2163
chr1	36401641	36401739	2164
chr1	36412380	36412590	2165
chr1	36420894	36421099	2166
chr1	36446390	36446615	2167
chr1	36450140	36450199	2168
chr1	36450424	36450665	2169
chr1	36464335	36464570	2170
chr1	36464790	36465000	2171
chr1	36471990	36472200	2172
chr1	36481880	36482090	2173
chr1	36482200	36482410	2174
chr1	36485865	36485865	2175
chr1	36486828	36487247	2176
chr1	36502050	36502260	2177
chr1	36508600	36508810	2178
chr1	36516466	36516635	2179
chr1	36539710	36539729	2180
chr1	36543027	36543148	2181
chr1	36553982	36554059	2182
chr1	36576203	36576308	2183
chr1	36576640	36576850	2184
chr1	36609415	36609478	2185
chr1	36613018	36613203	2186
chr1	36703780	36704041	2187
chr1	36782810	36783020	2188
chr1	36864310	36864520	2189
chr1	36916780	36916990	2190
chr1	36924290	36924500	2191
chr1	36966420	36966630	2192
chr1	37020810	37021020	2193
chr1	37038402	37038461	2194
chr1	37085503	37085710	2195
chr1	37096718	37096737	2196
chr1	37177447	37177522	2197
chr1	37323913	37324038	2198
chr1	37391365	37391404	2199
chr1	37410780	37410990	2200
chr1	37433400	37433610	2201
chr1	37434419	37434542	2202
chr1	37454944	37455167	2203
chr1	37467580	37467790	2204
chr1	37467900	37468110	2205
chr1	37475500	37475710	2206
chr1	37487509	37487600	2207
chr1	37509316	37509433	2208
chr1	37514666	37514867	2209
chr1	37514959	37515182	2210
chr1	37529180	37529390	2211
chr1	37532660	37532870	2212
chr1	37534470	37534753	2213
chr1	37536380	37536590	2214
chr1	37560517	37560713	2215
chr1	37561870	37562080	2216
chr1	37603246	37603407	2217
chr1	37604980	37605190	2218
chr1	37634631	37634729	2219
chr1	37653710	37653920	2220
chr1	37654105	37654194	2221
chr1	37656870	37657080	2222
chr1	37682494	37682575	2223
chr1	37692010	37692029	2224
chr1	37692168	37692581	2225
chr1	37718499	37718656	2226
chr1	37723827	37723952	2227
chr1	37732436	37732595	2228
chr1	37739310	37739520	2229
chr1	37742370	37742580	2230
chr1	37742730	37742940	2231
chr1	37753113	37753220	2232
chr1	37766110	37766320	2233
chr1	37778741	37778918	2234
chr1	37784280	37784490	2235
chr1	37790460	37790670	2236
chr1	37795000	37795019	2237
chr1	37831981	37832000	2238
chr1	37860183	37860372	2239
chr1	37890539	37890640	2240
chr1	37914885	37915028	2241
chr1	37919437	37919542	2242
chr1	37933210	37933420	2243
chr1	37936090	37936300	2244
chr1	37940403	37940594	2245
chr1	37946450	37946660	2246
chr1	37975128	37975295	2247
chr1	37987760	37987970	2248
chr1	37989979	37990310	2249
chr1	38005392	38005757	2250
chr1	38012474	38012787	2251
chr1	38014230	38014440	2252
chr1	38019000	38019223	2253
chr1	38026699	38026870	2254
chr1	38037807	38037904	2255
chr1	38038460	38038670	2256
chr1	38047160	38047370	2257
chr1	38072041	38072060	2258
chr1	38083060	38083229	2259
chr1	38088511	38088584	2260
chr1	38129655	38129694	2261
chr1	38140177	38140258	2262
chr1	38152900	38152919	2263
chr1	38241776	38241847	2264
chr1	38287715	38287754	2265
chr1	38403820	38403933	2266
chr1	38502910	38503120	2267
chr1	38522020	38522230	2268
chr1	38586720	38586930	2269
chr1	38587173	38587286	2270
chr1	38608407	38608562	2271
chr1	38818219	38818470	2272
chr1	38835360	38835505	2273
chr1	38846364	38846431	2274
chr1	38873195	38873274	2275
chr1	38873372	38873539	2276
chr1	38888562	38888633	2277
chr1	38891862	38891959	2278
chr1	38919241	38919280	2279
chr1	38938835	38938964	2280
chr1	38939090	38939300	2281
chr1	38941280	38941490	2282
chr1	38964296	38964385	2283
chr1	38969158	38969353	2284
chr1	38985773	38985930	2285
chr1	38986610	38986820	2286
chr1	38986850	38987060	2287
chr1	38990914	38991357	2288
chr1	39006881	39006979	2289
chr1	39026220	39026343	2290
chr1	39026580	39026790	2291
chr1	39051341	39051436	2292
chr1	39076189	39076366	2293
chr1	39076510	39076720	2294
chr1	39076680	39076890	2295
chr1	39098731	39098914	2296
chr1	39106511	39106648	2297
chr1	39133188	39133281	2298
chr1	39154900	39155110	2299
chr1	39167890	39168100	2300
chr1	39174540	39174750	2301
chr1	39178610	39178820	2302
chr1	39183910	39183929	2303
chr1	39189720	39189930	2304
chr1	39191749	39191830	2305
chr1	39192645	39192780	2306
chr1	39215610	39215820	2307
chr1	39221060	39221270	2308
chr1	39221310	39221520	2309
chr1	39258755	39258932	2310
chr1	39266409	39266484	2311
chr1	39272302	39272519	2312
chr1	39378448	39378585	2313
chr1	39387564	39387727	2314
chr1	39392100	39392309	2315
chr1	39398830	39399040	2316
chr1	39402540	39402750	2317
chr1	39402770	39402980	2318
chr1	39408469	39409040	2319
chr1	39409760	39409779	2320
chr1	39411025	39411136	2321
chr1	39451110	39451320	2322
chr1	39491433	39491716	2323
chr1	39507296	39507453	2324
chr1	39539264	39539445	2325
chr1	39566807	39567090	2326
chr1	39568390	39568600	2327
chr1	39572740	39572950	2328
chr1	39576862	39576995	2329
chr1	39606250	39606439	2330
chr1	39609603	39609838	2331
chr1	39639910	39640120	2332
chr1	39653657	39653764	2333
chr1	39658175	39658214	2334
chr1	39672848	39672881	2335
chr1	39701560	39701770	2336
chr1	39702017	39702092	2337
chr1	39720109	39720264	2338
chr1	39799840	39799859	2339
chr1	39816550	39816760	2340
chr1	39816971	39817018	2341
chr1	39845765	39845765	2342
chr1	39852491	39852628	2343
chr1	39882620	39882830	2344
chr1	39891330	39891540	2345
chr1	39891570	39891780	2346
chr1	39902356	39902427	2347
chr1	39915670	39915880	2348
chr1	39919636	39919761	2349
chr1	39934358	39934471	2350
chr1	39954994	39955219	2351
chr1	39973659	39973742	2352
chr1	40032407	40032474	2353
chr1	40039879	40040232	2354
chr1	40041350	40041560	2355
chr1	40057630	40057649	2356
chr1	40058770	40058980	2357
chr1	40078599	40078806	2358
chr1	40084757	40085002	2359
chr1	40085990	40086200	2360
chr1	40097108	40097379	2361
chr1	40133910	40134120	2362
chr1	40144128	40144255	2363
chr1	40152120	40152330	2364
chr1	40153157	40153272	2365
chr1	40183095	40183228	2366
chr1	40199990	40200311	2367
chr1	40247796	40247949	2368
chr1	40257985	40258200	2369
chr1	40259150	40259360	2370
chr1	40305640	40305699	2371
chr1	40315348	40315605	2372
chr1	40316697	40316858	2373
chr1	40337170	40337380	2374
chr1	40338786	40338963	2375
chr1	40344626	40344883	2376
chr1	40362820	40363030	2377
chr1	40374610	40374820	2378
chr1	40374750	40374960	2379
chr1	40375460	40375670	2380
chr1	40384130	40384291	2381
chr1	40389300	40389510	2382
chr1	40389834	40390191	2383
chr1	40390208	40390341	2384
chr1	40390640	40390850	2385
chr1	40404911	40405094	2386
chr1	40419480	40419690	2387
chr1	40420680	40420890	2388
chr1	40421746	40422127	2389
chr1	40438506	40438703	2390
chr1	40453560	40453770	2391
chr1	40460280	40460490	2392
chr1	40508960	40509170	2393
chr1	40531080	40531290	2394
chr1	40531460	40531695	2395
chr1	40532071	40532208	2396
chr1	40532800	40533010	2397
chr1	40532960	40533170	2398
chr1	40592270	40592427	2399
chr1	40612335	40612602	2400
chr1	40625218	40625351	2401
chr1	40630649	40630754	2402
chr1	40631030	40631240	2403
chr1	40646180	40646390	2404
chr1	40646579	40646616	2405
chr1	40650170	40650189	2406
chr1	40667330	40667540	2407
chr1	40668956	40669127	2408
chr1	40690880	40691090	2409
chr1	40700870	40701080	2410
chr1	40701410	40701620	2411
chr1	40708830	40709040	2412
chr1	40709243	40709322	2413
chr1	40710931	40711029	2414
chr1	40713150	40713360	2415
chr1	40715440	40715650	2416
chr1	40715760	40715970	2417
chr1	40758767	40758984	2418
chr1	40773650	40773860	2419
chr1	40774316	40774409	2420
chr1	40782785	40782824	2421
chr1	40795724	40795857	2422
chr1	40819990	40820200	2423
chr1	40820550	40820583	2424
chr1	40825056	40825341	2425
chr1	40848682	40848827	2426
chr1	40850133	40850226	2427
chr1	40868439	40868476	2428
chr1	40889836	40890045	2429
chr1	40896710	40896729	2430
chr1	40919591	40919754	2431
chr1	40933080	40933290	2432
chr1	40937140	40937350	2433
chr1	40944300	40944510	2434
chr1	40944430	40944640	2435
chr1	40944800	40945010	2436
chr1	40949052	40949137	2437
chr1	40952555	40952696	2438
chr1	40953250	40953460	2439
chr1	40954220	40954430	2440
chr1	40965290	40965500	2441
chr1	40979591	40980126	2442
chr1	40988430	40988640	2443
chr1	41003775	41004020	2444
chr1	41023428	41023491	2445
chr1	41037640	41037850	2446
chr1	41038220	41038430	2447
chr1	41109429	41109510	2448
chr1	41109710	41109920	2449
chr1	41123253	41123420	2450
chr1	41138520	41138730	2451
chr1	41151100	41151310	2452
chr1	41234390	41234600	2453
chr1	41240286	41240495	2454
chr1	41241510	41241720	2455
chr1	41268260	41268439	2456
chr1	41282770	41282963	2457
chr1	41313746	41313863	2458
chr1	41322975	41323088	2459
chr1	41361043	41361404	2460
chr1	41392910	41393120	2461
chr1	41412901	41413014	2462
chr1	41417234	41417305	2463
chr1	41423545	41423584	2464
chr1	41432836	41432929	2465
chr1	41462330	41462540	2466
chr1	41476876	41476925	2467
chr1	41492400	41492610	2468
chr1	41516158	41516337	2469
chr1	41530235	41530274	2470
chr1	41574205	41574406	2471
chr1	41579098	41579291	2472
chr1	41600100	41600159	2473
chr1	41812180	41812390	2474
chr1	42035780	42035990	2475
chr1	42036290	42036500	2476
chr1	42146977	42147176	2477
chr1	42163520	42163730	2478
chr1	42165925	42165988	2479
chr1	42173446	42173599	2480
chr1	42177043	42177172	2481
chr1	42314645	42314684	2482
chr1	42315680	42315739	2483
chr1	42316980	42317190	2484
chr1	42334270	42334480	2485
chr1	42335137	42335406	2486
chr1	42344299	42344630	2487
chr1	42404080	42404290	2488
chr1	42429795	42429898	2489
chr1	42431660	42431870	2490
chr1	42455470	42455680	2491
chr1	42511742	42511847	2492
chr1	42557425	42557464	2493
chr1	42577993	42578322	2494
chr1	42620405	42620484	2495
chr1	42646729	42646766	2496
chr1	42658660	42658870	2497
chr1	42682118	42682151	2498
chr1	42682237	42682452	2499
chr1	42721067	42721182	2500
chr1	42731120	42731330	2501
chr1	42736280	42736490	2502
chr1	42747285	42747346	2503
chr1	42757069	42757216	2504
chr1	42764210	42764420	2505
chr1	42765977	42766128	2506
chr1	42766605	42766644	2507
chr1	42766955	42767370	2508
chr1	42777997	42778108	2509
chr1	42816979	42817060	2510
chr1	42817720	42817930	2511
chr1	42818460	42818670	2512
chr1	42845130	42845340	2513
chr1	42845961	42846220	2514
chr1	42847067	42847263	2515
chr1	42913446	42913657	2516
chr1	42923061	42923174	2517
chr1	42924277	42924518	2518
chr1	42931133	42931270	2519
chr1	42939349	42939526	2520
chr1	42958842	42959027	2521
chr1	42980539	42980670	2522
chr1	42990780	42990990	2523
chr1	43007310	43007520	2524
chr1	43008499	43008650	2525
chr1	43036087	43036283	2526
chr1	43036960	43037170	2527
chr1	43037330	43037540	2528
chr1	43069792	43069943	2529
chr1	43073723	43073918	2530
chr1	43108710	43108920	2531
chr1	43111860	43112070	2532
chr1	43119940	43120150	2533
chr1	43120413	43120538	2534
chr1	43172920	43173130	2535
chr1	43207013	43207106	2536
chr1	43207245	43207324	2537
chr1	43227288	43227531	2538
chr1	43238215	43238374	2539
chr1	43276876	43276955	2540
chr1	43285740	43285950	2541
chr1	43303490	43303700	2542
chr1	43304260	43304470	2543
chr1	43308980	43309190	2544
chr1	43316982	43317139	2545
chr1	43334510	43334720	2546
chr1	43340698	43340877	2547
chr1	43349463	43349636	2548
chr1	43351110	43351320	2549
chr1	43353790	43354000	2550
chr1	43357450	43357660	2551
chr1	43368355	43368434	2552
chr1	43387450	43387660	2553
chr1	43414738	43414881	2554
chr1	43464490	43464700	2555
chr1	43465911	43466009	2556
chr1	43476136	43476293	2557
chr1	43493976	43494123	2558
chr1	43523282	43523347	2559
chr1	43529256	43529375	2560
chr1	43529620	43529830	2561
chr1	43589890	43590100	2562
chr1	43590564	43590649	2563
chr1	43632360	43632570	2564
chr1	43649240	43649450	2565
chr1	43671300	43671510	2566
chr1	43707354	43707559	2567
chr1	43707660	43707961	2568
chr1	43757797	43757944	2569
chr1	43763530	43763695	2570
chr1	43787115	43787218	2571
chr1	43883310	43883520	2572
chr1	43910160	43910370	2573
chr1	43930590	43930800	2574
chr1	43934889	43935056	2575
chr1	43936499	43936638	2576
chr1	43936807	43936922	2577
chr1	43946504	43946901	2578
chr1	43948121	43948258	2579
chr1	43974709	43974982	2580
chr1	43975440	43975650	2581
chr1	43978050	43978260	2582
chr1	43978270	43978480	2583
chr1	43979806	43980009	2584
chr1	43986400	43986610	2585
chr1	43986809	43986912	2586
chr1	43987520	43987730	2587
chr1	43990900	43991110	2588
chr1	43991070	43991280	2589
chr1	43991741	43991844	2590
chr1	43994995	43994995	2591
chr1	44005803	44005898	2592
chr1	44009637	44009986	2593
chr1	44030736	44030893	2594
chr1	44035990	44036200	2595
chr1	44036672	44036883	2596
chr1	44037640	44037850	2597
chr1	44047786	44047941	2598
chr1	44092235	44092274	2599
chr1	44103596	44103753	2600
chr1	44217885	44217986	2601
chr1	44236670	44236729	2602
chr1	44239460	44239653	2603
chr1	44254230	44254440	2604
chr1	44255850	44256060	2605
chr1	44282810	44283020	2606
chr1	44283644	44283777	2607
chr1	44294875	44294914	2608
chr1	44298265	44298265	2609
chr1	44318290	44318489	2610
chr1	44318700	44318910	2611
chr1	44328039	44328076	2612
chr1	44356160	44356370	2613
chr1	44361575	44361722	2614
chr1	44378343	44378432	2615
chr1	44401440	44401650	2616
chr1	44401950	44402160	2617
chr1	44406200	44406410	2618
chr1	44500783	44500886	2619
chr1	44531440	44531650	2620
chr1	44532220	44532430	2621
chr1	44546861	44546959	2622
chr1	44548170	44548380	2623
chr1	44572166	44572327	2624
chr1	44595233	44595378	2625
chr1	44595900	44596110	2626
chr1	44608240	44608450	2627
chr1	44609562	44609715	2628
chr1	44631880	44632090	2629
chr1	44632290	44632503	2630
chr1	44653000	44653115	2631
chr1	44655738	44655781	2632
chr1	44674064	44674311	2633
chr1	44674416	44674801	2634
chr1	44682237	44682436	2635
chr1	44690520	44690730	2636
chr1	44692500	44692710	2637
chr1	44695141	44695278	2638
chr1	44700660	44700870	2639
chr1	44707960	44708170	2640
chr1	44715001	44715260	2641
chr1	44715550	44715760	2642
chr1	44721740	44721950	2643
chr1	44729422	44729507	2644
chr1	44729670	44729880	2645
chr1	44731295	44731514	2646
chr1	44731850	44732060	2647
chr1	44775040	44775250	2648
chr1	44775440	44775631	2649
chr1	44786213	44786346	2650
chr1	44799845	44799940	2651
chr1	44800126	44800307	2652
chr1	44807316	44807561	2653
chr1	44807691	44807968	2654
chr1	44808256	44808373	2655
chr1	44809240	44809450	2656
chr1	44819866	44819995	2657
chr1	44820241	44820324	2658
chr1	44826130	44826340	2659
chr1	44827390	44827513	2660
chr1	44835981	44836092	2661
chr1	44836760	44836970	2662
chr1	44842550	44842760	2663
chr1	44924840	44925050	2664
chr1	44925202	44925317	2665
chr1	44946876	44947037	2666
chr1	44949382	44949597	2667
chr1	44962686	44962803	2668
chr1	44979440	44979650	2669
chr1	44985370	44985580	2670
chr1	44986531	44986790	2671
chr1	44994410	44994620	2672
chr1	45010530	45010740	2673
chr1	45014653	45014684	2674
chr1	45018800	45018881	2675
chr1	45065275	45065275	2676
chr1	45093410	45093620	2677
chr1	45107075	45107114	2678
chr1	45133960	45134170	2679
chr1	45134452	45134651	2680
chr1	45156970	45157180	2681
chr1	45163640	45163850	2682
chr1	45171500	45171710	2683
chr1	45172112	45172305	2684
chr1	45206155	45206234	2685
chr1	45206522	45206731	2686
chr1	45230698	45230801	2687
chr1	45246720	45246930	2688
chr1	45260481	45260552	2689
chr1	45266372	45266563	2690
chr1	45275241	45275348	2691
chr1	45275940	45276150	2692
chr1	45297787	45297983	2693
chr1	45298142	45298207	2694
chr1	45300401	45300490	2695
chr1	45304088	45304107	2696
chr1	45304771	45304864	2697
chr1	45305010	45305220	2698
chr1	45328290	45328500	2699
chr1	45339420	45339630	2700
chr1	45339976	45340179	2701
chr1	45356348	45356485	2702
chr1	45359967	45360034	2703
chr1	45360510	45360720	2704
chr1	45400140	45400350	2705
chr1	45401620	45401830	2706
chr1	45456697	45456778	2707
chr1	45491168	45491429	2708
chr1	45493244	45493347	2709
chr1	45512759	45512796	2710
chr1	45519360	45519570	2711
chr1	45521944	45522099	2712
chr1	45526253	45526382	2713
chr1	45544200	45544410	2714
chr1	45545741	45545868	2715
chr1	45550672	45550933	2716
chr1	45570171	45570288	2717
chr1	45583384	45583545	2718
chr1	45584261	45584359	2719
chr1	45605235	45605274	2720
chr1	45643730	45643940	2721
chr1	45658254	45658355	2722
chr1	45687720	45687930	2723
chr1	45705390	45705600	2724
chr1	45750581	45750904	2725
chr1	45794357	45794424	2726
chr1	45802970	45802989	2727
chr1	45803449	45803664	2728
chr1	45822696	45822853	2729
chr1	45824690	45824900	2730
chr1	45843710	45843769	2731
chr1	45854840	45855050	2732
chr1	45857450	45857503	2733
chr1	45867780	45867990	2734
chr1	45881714	45881899	2735
chr1	45887577	45887706	2736
chr1	45892500	45892775	2737
chr1	45975480	45975690	2738
chr1	45979281	45979374	2739
chr1	46003441	46003578	2740
chr1	46037109	46037296	2741
chr1	46058720	46058930	2742
chr1	46062630	46062840	2743
chr1	46131930	46132140	2744
chr1	46132100	46132310	2745
chr1	46179611	46179804	2746
chr1	46180425	46180504	2747
chr1	46183224	46183389	2748
chr1	46198040	46198250	2749
chr1	46223585	46223766	2750
chr1	46247347	46247790	2751
chr1	46280160	46280370	2752
chr1	46301270	46301480	2753
chr1	46302040	46302250	2754
chr1	46302580	46302790	2755
chr1	46303314	46303387	2756
chr1	46333593	46333830	2757
chr1	46340330	46340349	2758
chr1	46340610	46340763	2759
chr1	46348191	46348344	2760
chr1	46394280	46394429	2761
chr1	46401570	46401780	2762
chr1	46402196	46402333	2763
chr1	46406464	46406599	2764
chr1	46406760	46406970	2765
chr1	46413682	46413897	2766
chr1	46419050	46419260	2767
chr1	46419210	46419420	2768
chr1	46442310	46442369	2769
chr1	46442722	46442907	2770
chr1	46446962	46447079	2771
chr1	46477556	46477665	2772
chr1	46487880	46488090	2773
chr1	46527126	46527209	2774
chr1	46528188	46528223	2775
chr1	46532961	46533059	2776
chr1	46535204	46535297	2777
chr1	46543100	46543310	2778
chr1	46548157	46548294	2779
chr1	46552070	46552280	2780
chr1	46552895	46552974	2781
chr1	46553650	46553860	2782
chr1	46596580	46596790	2783
chr1	46604130	46604479	2784
chr1	46615510	46615720	2785
chr1	46622655	46622698	2786
chr1	46638981	46639079	2787
chr1	46643389	46643566	2788
chr1	46667966	46668139	2789
chr1	46692979	46693060	2790
chr1	46717280	46717490	2791
chr1	46718970	46718989	2792
chr1	46725325	46725486	2793
chr1	46747824	46747919	2794
chr1	46788590	46788800	2795
chr1	46855640	46855850	2796
chr1	46858180	46858390	2797
chr1	46878342	46878455	2798
chr1	46928990	46929200	2799
chr1	46935034	46935101	2800
chr1	46969337	46969492	2801
chr1	46991154	46991299	2802
chr1	47003710	47003920	2803
chr1	47089475	47089554	2804
chr1	47089880	47090090	2805
chr1	47091950	47092160	2806
chr1	47100280	47100490	2807
chr1	47108020	47108230	2808
chr1	47109720	47109930	2809
chr1	47128780	47128990	2810
chr1	47143772	47143923	2811
chr1	47149290	47149500	2812
chr1	47173894	47174027	2813
chr1	47174580	47174790	2814
chr1	47175500	47175595	2815
chr1	47179224	47179413	2816
chr1	47190420	47190630	2817
chr1	47191540	47191750	2818
chr1	47192995	47193170	2819
chr1	47216410	47216511	2820
chr1	47241700	47241910	2821
chr1	47254101	47254308	2822
chr1	47262971	47263058	2823
chr1	47264520	47264730	2824
chr1	47313210	47313420	2825
chr1	47313500	47313710	2826
chr1	47333678	47333915	2827
chr1	47334134	47334439	2828
chr1	47379725	47379934	2829
chr1	47388896	47389041	2830
chr1	47389750	47389960	2831
chr1	47405787	47405868	2832
chr1	47424533	47424678	2833
chr1	47432548	47432623	2834
chr1	47436811	47436988	2835
chr1	47437573	47437867	2836
chr1	47450057	47450148	2837
chr1	47476850	47477060	2838
chr1	47478144	47478437	2839
chr1	47478720	47478930	2840
chr1	47504003	47504052	2841
chr1	47527828	47527905	2842
chr1	47529690	47529900	2843
chr1	47549674	47549767	2844
chr1	47559026	47559143	2845
chr1	47560100	47560310	2846
chr1	47570000	47570019	2847
chr1	47624654	47624727	2848
chr1	47709780	47709990	2849
chr1	47710614	47710719	2850
chr1	47725140	47725350	2851
chr1	47726374	47726497	2852
chr1	47728660	47728870	2853
chr1	47738675	47738884	2854
chr1	47752920	47753130	2855
chr1	47755562	47755697	2856
chr1	47756900	47757110	2857
chr1	47780658	47780691	2858
chr1	47785682	47785779	2859
chr1	47814125	47814276	2860
chr1	47819756	47819805	2861
chr1	47837929	47838132	2862
chr1	47853229	47853340	2863
chr1	47867063	47867206	2864
chr1	47876333	47876476	2865
chr1	47906075	47906075	2866
chr1	47914350	47914560	2867
chr1	47918715	47918715	2868
chr1	47919200	47919410	2869
chr1	47919573	47919666	2870
chr1	47931548	47931631	2871
chr1	47948257	47948320	2872
chr1	47949330	47949540	2873
chr1	47952065	47952104	2874
chr1	47963860	47963879	2875
chr1	47973131	47973308	2876
chr1	47995700	47995910	2877
chr1	47997672	47997903	2878
chr1	48061301	48061432	2879
chr1	48093420	48093630	2880
chr1	48093821	48093928	2881
chr1	48107930	48108140	2882
chr1	48109493	48109652	2883
chr1	48114750	48114960	2884
chr1	48175880	48176090	2885
chr1	48177196	48177313	2886
chr1	48177760	48177970	2887
chr1	48202239	48202450	2888
chr1	48203970	48204180	2889
chr1	48221420	48221630	2890
chr1	48222611	48222806	2891
chr1	48223085	48223124	2892
chr1	48228350	48228409	2893
chr1	48236941	48237140	2894
chr1	48237290	48237500	2895
chr1	48277550	48277760	2896
chr1	48277700	48277910	2897
chr1	48284170	48284380	2898
chr1	48284817	48284894	2899
chr1	48285200	48285259	2900
chr1	48309772	48309987	2901
chr1	48402710	48402920	2902
chr1	48405240	48405450	2903
chr1	48406145	48406145	2904
chr1	48439462	48439667	2905
chr1	48450561	48450698	2906
chr1	48492550	48492760	2907
chr1	48493970	48494180	2908
chr1	48494475	48494744	2909
chr1	48498208	48498381	2910
chr1	48498625	48498714	2911
chr1	48530821	48531066	2912
chr1	48552568	48552757	2913
chr1	48572779	48572904	2914
chr1	48677459	48677582	2915
chr1	48679380	48679590	2916
chr1	48697211	48697350	2917
chr1	48743580	48743790	2918
chr1	48753440	48753650	2919
chr1	48817619	48817746	2920
chr1	48870720	48870930	2921
chr1	48916249	48916346	2922
chr1	48916691	48916802	2923
chr1	50081055	50081162	2924
chr1	50106370	50106580	2925
chr1	50175730	50175940	2926
chr1	50214914	50215049	2927
chr1	50268210	50268269	2928
chr1	50271510	50271720	2929
chr1	50272071	50272208	2930
chr1	50280096	50280253	2931
chr1	50309026	50309123	2932
chr1	50333048	50333295	2933
chr1	50348812	50348905	2934
chr1	50368563	50368688	2935
chr1	50369910	50370120	2936
chr1	50419360	50419570	2937
chr1	50475162	50475259	2938
chr1	50527260	50527535	2939
chr1	50527860	50528070	2940
chr1	50528010	50528220	2941
chr1	50554081	50554218	2942
chr1	50570000	50570210	2943
chr1	50605585	50605826	2944
chr1	50620736	50620807	2945
chr1	50704121	50704370	2946
chr1	50750154	50750215	2947
chr1	50774919	50775030	2948
chr1	50852450	50852660	2949
chr1	50853552	50853581	2950
chr1	50871540	50871750	2951
chr1	50873320	50873530	2952
chr1	50873480	50873690	2953
chr1	50929515	50929648	2954
chr1	50960170	50960473	2955
chr1	50968190	50968271	2956
chr1	50969170	50969380	2957
chr1	50969630	50969840	2958
chr1	50970150	50970360	2959
chr1	50977014	50977147	2960
chr1	50977880	50978309	2961
chr1	50979480	50979690	2962
chr1	51058886	51058993	2963
chr1	51059670	51059880	2964
chr1	51088631	51088729	2965
chr1	51189483	51189680	2966
chr1	51217197	51217318	2967
chr1	51237060	51237270	2968
chr1	51284630	51284689	2969
chr1	51296900	51297091	2970
chr1	51304740	51304950	2971
chr1	51313655	51313694	2972
chr1	51342150	51342360	2973
chr1	51345031	51345158	2974
chr1	51346990	51347200	2975
chr1	51411270	51411480	2976
chr1	51422030	51422240	2977
chr1	51505620	51505830	2978
chr1	51517430	51517640	2979
chr1	51518030	51518240	2980
chr1	51518740	51519199	2981
chr1	51519321	51519348	2982
chr1	51534560	51534770	2983
chr1	51535124	51535267	2984
chr1	51564230	51564289	2985
chr1	51565930	51566140	2986
chr1	51569407	51569474	2987
chr1	51627789	51627886	2988
chr1	51648496	51648613	2989
chr1	51657570	51657780	2990
chr1	51690382	51690467	2991
chr1	51690768	51690941	2992
chr1	51733940	51734150	2993
chr1	51734190	51734400	2994
chr1	51734320	51734530	2995
chr1	51769058	51769225	2996
chr1	51769420	51769630	2997
chr1	51791090	51791300	2998
chr1	51896971	51897110	2999
chr1	51926345	51926384	3000
chr1	51969463	51969576	3001
chr1	51984530	51984740	3002
chr1	51984930	51985140	3003
chr1	51990666	51990797	3004
chr1	52002397	52002536	3005
chr1	52002700	52002910	3006
chr1	52028519	52028630	3007
chr1	52029030	52029049	3008
chr1	52033701	52033900	3009
chr1	52037585	52037724	3010
chr1	52049810	52050020	3011
chr1	52056091	52056256	3012
chr1	52071650	52071860	3013
chr1	52080103	52080366	3014
chr1	52098150	52098463	3015
chr1	52098610	52098820	3016
chr1	52099060	52099270	3017
chr1	52127585	52127688	3018
chr1	52141926	52142093	3019
chr1	52153690	52153900	3020
chr1	52154890	52155100	3021
chr1	52176140	52176350	3022
chr1	52263440	52263650	3023
chr1	52264670	52264689	3024
chr1	52280570	52280780	3025
chr1	52281728	52281761	3026
chr1	52296385	52296560	3027
chr1	52297070	52297280	3028
chr1	52305802	52306015	3029
chr1	52328700	52328910	3030
chr1	52348763	52348886	3031
chr1	52366198	52366459	3032
chr1	52367880	52368090	3033
chr1	52368380	52368590	3034
chr1	52404358	52404665	3035
chr1	52404858	52404959	3036
chr1	52422170	52422380	3037
chr1	52473232	52473269	3038
chr1	52473500	52473710	3039
chr1	52550520	52550730	3040
chr1	52552690	52552900	3041
chr1	52572015	52572094	3042
chr1	52600842	52601059	3043
chr1	52629416	52629519	3044
chr1	52652108	52652221	3045
chr1	52666090	52666300	3046
chr1	52666448	52666701	3047
chr1	52686338	52686499	3048
chr1	52697490	52697700	3049
chr1	52701036	52701107	3050
chr1	52707300	52707510	3051
chr1	52724820	52725030	3052
chr1	52725460	52725670	3053
chr1	52814615	52814754	3054
chr1	52826016	52826173	3055
chr1	52890030	52890240	3056
chr1	52904971	52905158	3057
chr1	52913650	52913860	3058
chr1	52921609	52921830	3059
chr1	52925705	52925744	3060
chr1	52927130	52927351	3061
chr1	52955531	52955629	3062
chr1	52970136	52970325	3063
chr1	52990210	52990420	3064
chr1	53014330	53014540	3065
chr1	53025183	53025268	3066
chr1	53075924	53075991	3067
chr1	53107712	53107877	3068
chr1	53112190	53112400	3069
chr1	53121705	53121922	3070
chr1	53137817	53137932	3071
chr1	53145918	53146091	3072
chr1	53160340	53160550	3073
chr1	53161016	53161201	3074
chr1	53161410	53161620	3075
chr1	53163590	53163800	3076
chr1	53172885	53172944	3077
chr1	53176680	53176699	3078
chr1	53176839	53176998	3079
chr1	53181980	53182190	3080
chr1	53182140	53182350	3081
chr1	53185836	53185993	3082
chr1	53190357	53190412	3083
chr1	53196317	53196364	3084
chr1	53220548	53220709	3085
chr1	53238030	53238240	3086
chr1	53238419	53238762	3087
chr1	53266168	53266265	3088
chr1	53278311	53278528	3089
chr1	53321515	53321558	3090
chr1	53326214	53326433	3091
chr1	53328760	53328970	3092
chr1	53330260	53330470	3093
chr1	53363445	53363610	3094
chr1	53393395	53393606	3095
chr1	53443910	53444120	3096
chr1	53444681	53444768	3097
chr1	53470220	53470301	3098
chr1	53485534	53485735	3099
chr1	53515810	53516020	3100
chr1	53524850	53525060	3101
chr1	53525590	53525800	3102
chr1	53526779	53526850	3103
chr1	53541810	53542020	3104
chr1	53577280	53577490	3105
chr1	53594133	53594316	3106
chr1	53639375	53639375	3107
chr1	53682224	53682347	3108
chr1	53684310	53684520	3109
chr1	53715505	53715736	3110
chr1	53725500	53725710	3111
chr1	53754807	53755062	3112
chr1	53837860	53838070	3113
chr1	53838271	53838762	3114
chr1	53839340	53839550	3115
chr1	53861026	53861143	3116
chr1	53878627	53878738	3117
chr1	53889410	53889620	3118
chr1	53894067	53894192	3119
chr1	53894800	53894859	3120
chr1	53898770	53898980	3121
chr1	53899388	53899485	3122
chr1	53907491	53907562	3123
chr1	53915710	53915920	3124
chr1	53919197	53919382	3125
chr1	53948410	53948620	3126
chr1	53949163	53949292	3127
chr1	53967350	53967560	3128
chr1	53968221	53968358	3129
chr1	53981419	53981520	3130
chr1	53982463	53982632	3131
chr1	53982850	53983060	3132
chr1	53992225	53992384	3133
chr1	54016496	54016695	3134
chr1	54018064	54018251	3135
chr1	54028380	54028590	3136
chr1	54029021	54029148	3137
chr1	54053665	54053665	3138
chr1	54053800	54054010	3139
chr1	54054750	54054960	3140
chr1	54070193	54070388	3141
chr1	54070721	54070819	3142
chr1	54081665	54081890	3143
chr1	54094340	54094550	3144
chr1	54094620	54094830	3145
chr1	54107306	54107423	3146
chr1	54121589	54121834	3147
chr1	54125749	54125948	3148
chr1	54153995	54153995	3149
chr1	54181802	54181995	3150
chr1	54199927	54200264	3151
chr1	54220287	54220354	3152
chr1	54222650	54222860	3153
chr1	54228110	54228320	3154
chr1	54234505	54234505	3155
chr1	54273540	54273750	3156
chr1	54279640	54279850	3157
chr1	54290595	54290760	3158
chr1	54311100	54311263	3159
chr1	54335181	54335279	3160
chr1	54347952	54348309	3161
chr1	54348870	54349080	3162
chr1	54353630	54353840	3163
chr1	54355037	54355100	3164
chr1	54357960	54358170	3165
chr1	54376970	54377180	3166
chr1	54383401	54383560	3167
chr1	54383630	54383840	3168
chr1	54405090	54405300	3169
chr1	54405230	54405440	3170
chr1	54406393	54406590	3171
chr1	54407668	54407787	3172
chr1	54468871	54468922	3173
chr1	54488338	54488601	3174
chr1	54489420	54489713	3175
chr1	54489870	54489929	3176
chr1	54499458	54499697	3177
chr1	54519803	54519920	3178
chr1	54537070	54537280	3179
chr1	54537300	54537510	3180
chr1	54542137	54542442	3181
chr1	54542550	54542760	3182
chr1	54547698	54547915	3183
chr1	54565260	54565495	3184
chr1	54575240	54575450	3185
chr1	54580560	54580770	3186
chr1	54614068	54614265	3187
chr1	54630170	54630380	3188
chr1	54630410	54630620	3189
chr1	54639170	54639380	3190
chr1	54651060	54651270	3191
chr1	54663877	54663966	3192
chr1	54672156	54672265	3193
chr1	54715728	54715887	3194
chr1	54764424	54764885	3195
chr1	54768271	54768322	3196
chr1	54791140	54791350	3197
chr1	54791955	54792130	3198
chr1	54794850	54795051	3199
chr1	54808790	54809000	3200
chr1	54809550	54809760	3201
chr1	54810960	54811170	3202
chr1	54861029	54861196	3203
chr1	54865590	54865800	3204
chr1	54868800	54869010	3205
chr1	54869170	54869380	3206
chr1	54887261	54887280	3207
chr1	54919756	54919807	3208
chr1	54935071	54935090	3209
chr1	54945214	54945327	3210
chr1	54950733	54950952	3211
chr1	54973296	54973393	3212
chr1	54996500	54996661	3213
chr1	55022098	55022317	3214
chr1	55039412	55039497	3215
chr1	55051410	55051620	3216
chr1	55071562	55071813	3217
chr1	55140678	55140755	3218
chr1	55215278	55215311	3219
chr1	55215391	55215602	3220
chr1	55277679	55277716	3221
chr1	55281300	55281510	3222
chr1	55284400	55284610	3223
chr1	55284928	55285021	3224
chr1	55285270	55285480	3225
chr1	55316990	55317200	3226
chr1	55338266	55338315	3227
chr1	55344705	55344784	3228
chr1	55375735	55375914	3229
chr1	55378654	55378721	3230
chr1	55416261	55416398	3231
chr1	55424860	55425070	3232
chr1	55427770	55427980	3233
chr1	55478878	55478975	3234
chr1	55479140	55479350	3235
chr1	55507880	55508090	3236
chr1	55530889	55531158	3237
chr1	55580921	55581058	3238
chr1	55702210	55702375	3239
chr1	55812660	55812870	3240
chr1	55813751	55813849	3241
chr1	55861189	55861400	3242
chr1	55868050	55868260	3243
chr1	55893302	55893423	3244
chr1	56188940	56189150	3245
chr1	56191370	56191580	3246
chr1	56285085	56285242	3247
chr1	56289376	56289505	3248
chr1	56298026	56298247	3249
chr1	56331908	56332071	3250
chr1	56409219	56409418	3251
chr1	56412660	56412870	3252
chr1	56414880	56415033	3253
chr1	56437040	56437185	3254
chr1	56441980	56442190	3255
chr1	56444730	56444940	3256
chr1	56461399	56461538	3257
chr1	56476580	56476790	3258
chr1	56479230	56479440	3259
chr1	56508060	56508270	3260
chr1	56532882	56532937	3261
chr1	56535993	56536290	3262
chr1	56563640	56563850	3263
chr1	56566473	56566602	3264
chr1	56567550	56567760	3265
chr1	56577190	56577400	3266
chr1	56578230	56578440	3267
chr1	56579382	56579555	3268
chr1	56585056	56585169	3269
chr1	56586664	56586811	3270
chr1	56627570	56627780	3271
chr1	56645120	56645349	3272
chr1	56688550	56688749	3273
chr1	56708680	56708890	3274
chr1	56709331	56709604	3275
chr1	56710030	56710240	3276
chr1	56758338	56758357	3277
chr1	56780512	56780643	3278
chr1	56788335	56788335	3279
chr1	56803686	56803845	3280
chr1	56818843	56819052	3281
chr1	56820620	56820830	3282
chr1	56821129	56821360	3283
chr1	56832052	56832123	3284
chr1	56832332	56832547	3285
chr1	56854652	56854785	3286
chr1	56863220	56863430	3287
chr1	56880370	56880580	3288
chr1	56910210	56910420	3289
chr1	56910551	56910874	3290
chr1	56919390	56919600	3291
chr1	56919846	56919915	3292
chr1	56968310	56968520	3293
chr1	56977990	56978200	3294
chr1	56986013	56986160	3295
chr1	57017761	57017938	3296
chr1	57025114	57025199	3297
chr1	57061546	57061635	3298
chr1	57085330	57085540	3299
chr1	57231510	57231720	3300
chr1	57232625	57232838	3301
chr1	57234970	57234989	3302
chr1	57235960	57236019	3303
chr1	57280010	57280069	3304
chr1	57280336	57280577	3305
chr1	57281450	57281660	3306
chr1	57310290	57310500	3307
chr1	57311181	57311358	3308
chr1	57325330	57325540	3309
chr1	57340751	57340866	3310
chr1	57368092	57368249	3311
chr1	57400138	57400335	3312
chr1	57424573	57424870	3313
chr1	57464680	57465103	3314
chr1	57465331	57465429	3315
chr1	57770885	57770964	3316
chr1	58013430	58013473	3317
chr1	58035660	58035679	3318
chr1	58045730	58045940	3319
chr1	58047291	58047534	3320
chr1	58065746	58065797	3321
chr1	58155484	58155597	3322
chr1	58163121	58163212	3323
chr1	58251760	58251970	3324
chr1	58283410	58283620	3325
chr1	58396180	58396390	3326
chr1	58455790	58456000	3327
chr1	58510510	58510720	3328
chr1	58515948	58516125	3329
chr1	58545390	58545600	3330
chr1	58546681	58547010	3331
chr1	58584090	58584300	3332
chr1	58584660	58584870	3333
chr1	58652340	58652550	3334
chr1	58652711	58652794	3335
chr1	58660270	58660480	3336
chr1	58739987	58740102	3337
chr1	58752964	58753189	3338
chr1	58753285	58753285	3339
chr1	58769376	58769503	3340
chr1	58783380	58783590	3341
chr1	58784071	58784340	3342
chr1	58784425	58784504	3343
chr1	58785194	58785401	3344
chr1	58809540	58809750	3345
chr1	58815841	58815978	3346
chr1	58816307	58816512	3347
chr1	58841611	58841682	3348
chr1	58844210	58844420	3349
chr1	58863050	58863260	3350
chr1	58874880	58875090	3351
chr1	58885029	58885246	3352
chr1	58885453	58885542	3353
chr1	58887080	58887290	3354
chr1	58892010	58892220	3355
chr1	58892420	58892630	3356
chr1	58903661	58903918	3357
chr1	58904510	58904720	3358
chr1	58932970	58933180	3359
chr1	58951630	58951840	3360
chr1	58952030	58952240	3361
chr1	58965020	58965230	3362
chr1	58971650	58971709	3363
chr1	59017100	59017310	3364
chr1	59027480	59027690	3365
chr1	59044777	59044973	3366
chr1	59052276	59052499	3367
chr1	59053250	59053460	3368
chr1	59071466	59071555	3369
chr1	59143316	59143507	3370
chr1	59143900	59144110	3371
chr1	59146873	59147036	3372
chr1	59183961	59184170	3373
chr1	59199530	59199740	3374
chr1	59202960	59203170	3375
chr1	59204070	59204307	3376
chr1	59214815	59215020	3377
chr1	59232390	59232409	3378
chr1	59290286	59290433	3379
chr1	59296434	59297121	3380
chr1	59317424	59317681	3381
chr1	59343460	59343519	3382
chr1	59343890	59344100	3383
chr1	59346561	59346698	3384
chr1	59354410	59354620	3385
chr1	59359395	59359546	3386
chr1	59366500	59366710	3387
chr1	59367775	59367922	3388
chr1	59368027	59368223	3389
chr1	59368760	59368970	3390
chr1	59394016	59394173	3391
chr1	59397800	59398010	3392
chr1	59408720	59408877	3393
chr1	59423057	59423172	3394
chr1	59423300	59423510	3395
chr1	59432793	59432976	3396
chr1	59433180	59433390	3397
chr1	59452050	59452260	3398
chr1	59468490	59468700	3399
chr1	59468986	59469143	3400
chr1	59469540	59469750	3401
chr1	59500006	59500173	3402
chr1	59500370	59500580	3403
chr1	59511765	59511868	3404
chr1	59512091	59512228	3405
chr1	59523214	59523397	3406
chr1	59543544	59543705	3407
chr1	59556972	59557239	3408
chr1	59568230	59568440	3409
chr1	59569310	59569520	3410
chr1	59594154	59594343	3411
chr1	59594801	59594899	3412
chr1	59595690	59595900	3413
chr1	59638297	59638372	3414
chr1	59658014	59658241	3415
chr1	59669879	59670182	3416
chr1	59674010	59674220	3417
chr1	59674740	59674857	3418
chr1	59697244	59697379	3419
chr1	59698470	59698680	3420
chr1	59698860	59699070	3421
chr1	59699308	59699553	3422
chr1	59699800	59700010	3423
chr1	59714336	59714483	3424
chr1	59718210	59718287	3425
chr1	59730941	59731144	3426
chr1	59753430	59753640	3427
chr1	59758260	59758470	3428
chr1	59758820	59759030	3429
chr1	59759460	59759783	3430
chr1	59761130	59761340	3431
chr1	59761960	59762170	3432
chr1	59767020	59767230	3433
chr1	59780109	59780184	3434
chr1	59805661	59805798	3435
chr1	59814492	59814893	3436
chr1	59822010	59822220	3437
chr1	59843080	59843290	3438
chr1	59856775	59856854	3439
chr1	59879737	59879802	3440
chr1	59903338	59903435	3441
chr1	59903870	59904080	3442
chr1	59908875	59908914	3443
chr1	59926270	59926480	3444
chr1	59930950	59931160	3445
chr1	59932020	59932230	3446
chr1	59936621	59936768	3447
chr1	59947480	59947523	3448
chr1	59971525	59971620	3449
chr1	59975620	59975830	3450
chr1	59976940	59977121	3451
chr1	60157068	60157097	3452
chr1	60266270	60266480	3453
chr1	60281452	60281641	3454
chr1	60281980	60282190	3455
chr1	60425669	60425766	3456
chr1	60573890	60574100	3457
chr1	60733388	60733645	3458
chr1	60765317	60765478	3459
chr1	60829115	60829154	3460
chr1	60846890	60847100	3461
chr1	60847270	60847480	3462
chr1	60848655	60848910	3463
chr1	60859350	60859560	3464
chr1	60866370	60866580	3465
chr1	60924220	60924430	3466
chr1	60925571	60925669	3467
chr1	60969800	60970010	3468
chr1	60972980	60972999	3469
chr1	60979098	60979231	3470
chr1	61042785	61042785	3471
chr1	61043015	61043204	3472
chr1	61049892	61050161	3473
chr1	61054010	61054069	3474
chr1	61056520	61056730	3475
chr1	61076951	61077200	3476
chr1	61078011	61078082	3477
chr1	61079410	61079469	3478
chr1	61089542	61089607	3479
chr1	61109310	61109403	3480
chr1	61114591	61114664	3481
chr1	61121075	61121114	3482
chr1	61157692	61157807	3483
chr1	61183609	61183788	3484
chr1	61184240	61184450	3485
chr1	61184780	61184990	3486
chr1	61210210	61210420	3487
chr1	61210700	61210910	3488
chr1	61221761	61221976	3489
chr1	61223206	61223363	3490
chr1	61230598	61230781	3491
chr1	61253330	61253540	3492
chr1	61253460	61253670	3493
chr1	61264890	61265107	3494
chr1	61287140	61287350	3495
chr1	61293339	61293442	3496
chr1	61298870	61299080	3497
chr1	61302038	61302081	3498
chr1	61303950	61304160	3499
chr1	61319870	61320080	3500
chr1	61322910	61323120	3501
chr1	61338040	61338525	3502
chr1	61338890	61339100	3503
chr1	61350100	61350310	3504
chr1	61372990	61373200	3505
chr1	61379260	61379470	3506
chr1	61379904	61380017	3507
chr1	61436116	61436213	3508
chr1	61452070	61452280	3509
chr1	61453216	61453635	3510
chr1	61547491	61547510	3511
chr1	61588725	61588970	3512
chr1	61640740	61640950	3513
chr1	61641806	61641969	3514
chr1	61647540	61647750	3515
chr1	61653840	61654050	3516
chr1	61700590	61700800	3517
chr1	61700770	61700980	3518
chr1	61725072	61725319	3519
chr1	61752960	61753170	3520
chr1	61837730	61837940	3521
chr1	61843026	61843143	3522
chr1	61852199	61852400	3523
chr1	61854010	61854220	3524
chr1	61914971	61915108	3525
chr1	61915231	61915368	3526
chr1	61916430	61916640	3527
chr1	61950495	61950644	3528
chr1	62041170	62041380	3529
chr1	62070529	62070644	3530
chr1	62082933	62082976	3531
chr1	62088490	62088700	3532
chr1	62111240	62111321	3533
chr1	62131243	62131356	3534
chr1	62135830	62136040	3535
chr1	62144382	62144447	3536
chr1	62175754	62175829	3537
chr1	62198886	62198959	3538
chr1	62229605	62229605	3539
chr1	62237982	62238263	3540
chr1	62241722	62241921	3541
chr1	62272525	62272564	3542
chr1	62288359	62288480	3543
chr1	62294357	62294396	3544
chr1	62315150	62315360	3545
chr1	62352670	62352751	3546
chr1	62386426	62386657	3547
chr1	62391535	62391666	3548
chr1	62407503	62407682	3549
chr1	62424620	62424830	3550
chr1	62437980	62438190	3551
chr1	62508327	62508496	3552
chr1	62515010	62515220	3553
chr1	62516685	62516884	3554
chr1	62529010	62529220	3555
chr1	62530697	62530760	3556
chr1	62585632	62585753	3557
chr1	62593880	62594090	3558
chr1	62609096	62609149	3559
chr1	62609750	62609960	3560
chr1	62622059	62622182	3561
chr1	62672421	62672580	3562
chr1	62688360	62688570	3563
chr1	62689310	62689520	3564
chr1	62690446	62690547	3565
chr1	62729030	62729235	3566
chr1	62733984	62734331	3567
chr1	62746671	62746752	3568
chr1	62781080	62781290	3569
chr1	62783625	62784240	3570
chr1	62841010	62841220	3571
chr1	62841743	62841870	3572
chr1	62857032	62857129	3573
chr1	62869482	62869661	3574
chr1	62874440	62874650	3575
chr1	62877710	62877920	3576
chr1	62892306	62892375	3577
chr1	62906521	62906619	3578
chr1	62911790	62912000	3579
chr1	62912137	62912306	3580
chr1	62954340	62954550	3581
chr1	62962060	62962270	3582
chr1	62962450	62962660	3583
chr1	62963321	62963468	3584
chr1	62989633	62989736	3585
chr1	63005042	63005107	3586
chr1	63063450	63063660	3587
chr1	63149193	63149286	3588
chr1	63189919	63190030	3589
chr1	63229440	63229650	3590
chr1	63316937	63317254	3591
chr1	63326810	63327020	3592
chr1	63327742	63327779	3593
chr1	63365840	63366050	3594
chr1	63367425	63367832	3595
chr1	63441698	63441899	3596
chr1	63466876	63466993	3597
chr1	63538097	63538194	3598
chr1	63557585	63557628	3599
chr1	63557941	63558078	3600
chr1	63575414	63575489	3601
chr1	63593262	63593327	3602
chr1	63615926	63616075	3603
chr1	63639120	63639330	3604
chr1	63641014	63641227	3605
chr1	63641328	63641533	3606
chr1	63642730	63642940	3607
chr1	63674474	63674693	3608
chr1	63678310	63678520	3609
chr1	63692082	63692179	3610
chr1	63705189	63705286	3611
chr1	63718610	63718820	3612
chr1	63773891	63774040	3613
chr1	63817151	63817328	3614
chr1	63915308	63915351	3615
chr1	64136710	64136920	3616
chr1	64137190	64137381	3617
chr1	64231200	64231410	3618
chr1	64243136	64243233	3619
chr1	64245630	64245840	3620
chr1	64246230	64246249	3621
chr1	64246459	64246630	3622
chr1	64269185	64269336	3623
chr1	64373900	64374110	3624
chr1	64389000	64389210	3625
chr1	64584550	64584760	3626
chr1	64596760	64596970	3627
chr1	64629780	64629990	3628
chr1	64663890	64663909	3629
chr1	64675856	64675973	3630
chr1	64686851	64686998	3631
chr1	64744498	64744647	3632
chr1	64744869	64745154	3633
chr1	64753190	64753400	3634
chr1	64753420	64753630	3635
chr1	64754260	64754470	3636
chr1	64822720	64822930	3637
chr1	64824302	64824449	3638
chr1	64861710	64861833	3639
chr1	64898178	64898311	3640
chr1	64898647	64898844	3641
chr1	64899180	64899390	3642
chr1	64905760	64905970	3643
chr1	64906620	64906830	3644
chr1	64910663	64910884	3645
chr1	64910945	64911024	3646
chr1	64916046	64916129	3647
chr1	64916380	64916590	3648
chr1	64916580	64916790	3649
chr1	64921870	64922080	3650
chr1	64933590	64933800	3651
chr1	64934226	64934383	3652
chr1	64953390	64953519	3653
chr1	64956320	64956530	3654
chr1	64967450	64967660	3655
chr1	64969700	64969910	3656
chr1	64981080	64981290	3657
chr1	64983810	64984020	3658
chr1	64987000	64987210	3659
chr1	64987358	64987543	3660
chr1	64987566	64987803	3661
chr1	64994910	64995120	3662
chr1	64995240	64995450	3663
chr1	65020520	65020730	3664
chr1	65020867	65021052	3665
chr1	65059690	65059900	3666
chr1	65060080	65060129	3667
chr1	65062370	65062580	3668
chr1	65063206	65063277	3669
chr1	65075505	65075604	3670
chr1	65146310	65146520	3671
chr1	65148730	65148940	3672
chr1	65149050	65149260	3673
chr1	65153150	65153360	3674
chr1	65156430	65156640	3675
chr1	65158873	65159026	3676
chr1	65208600	65208810	3677
chr1	65209401	65209510	3678
chr1	65215731	65215854	3679
chr1	65235974	65236137	3680
chr1	65236320	65236530	3681
chr1	65254302	65254509	3682
chr1	65254594	65254661	3683
chr1	65258310	65258520	3684
chr1	65309336	65309549	3685
chr1	65339977	65340152	3686
chr1	65359994	65360107	3687
chr1	65388610	65388669	3688
chr1	65401691	65401789	3689
chr1	65406270	65406480	3690
chr1	65408113	65408162	3691
chr1	65422110	65422320	3692
chr1	65425890	65425909	3693
chr1	65430690	65430900	3694
chr1	65431232	65431415	3695
chr1	65449569	65449794	3696
chr1	65459480	65459679	3697
chr1	65467560	65467881	3698
chr1	65471518	65471695	3699
chr1	65474690	65474900	3700
chr1	65476545	65476545	3701
chr1	65484390	65484633	3702
chr1	65514040	65514250	3703
chr1	65514190	65514400	3704
chr1	65581261	65581382	3705
chr1	65687766	65688097	3706
chr1	65958240	65958450	3707
chr1	65959023	65959072	3708
chr1	65959250	65959460	3709
chr1	66147260	66147470	3710
chr1	66177620	66177830	3711
chr1	66242370	66242580	3712
chr1	66242798	66242919	3713
chr1	66253376	66253617	3714
chr1	66403400	66403610	3715
chr1	66446568	66446641	3716
chr1	66452360	66452481	3717
chr1	66503931	66504168	3718
chr1	66520181	66520358	3719
chr1	66542606	66542723	3720
chr1	66543136	66543869	3721
chr1	66563520	66563730	3722
chr1	66575780	66575990	3723
chr1	66675210	66675420	3724
chr1	66705192	66705277	3725
chr1	66711588	66711621	3726
chr1	66726176	66726259	3727
chr1	66765102	66765321	3728
chr1	66914470	66914680	3729
chr1	66925390	66925449	3730
chr1	66929300	66929510	3731
chr1	66930141	66930354	3732
chr1	66930719	66930950	3733
chr1	66944980	66945190	3734
chr1	66996197	66996252	3735
chr1	67032220	67032430	3736
chr1	67052753	67053028	3737
chr1	67058292	67058557	3738
chr1	67103646	67103803	3739
chr1	67122520	67122730	3740
chr1	67139245	67139324	3741
chr1	67144850	67145009	3742
chr1	67148910	67149120	3743
chr1	67149267	67149422	3744
chr1	67211704	67211829	3745
chr1	67214545	67214624	3746
chr1	67234185	67234224	3747
chr1	67347827	67347946	3748
chr1	67367569	67367680	3749
chr1	67428980	67429190	3750
chr1	67436440	67436650	3751
chr1	67489769	67489864	3752
chr1	67500514	67500787	3753
chr1	67513460	67513670	3754
chr1	67514021	67514314	3755
chr1	67533550	67533760	3756
chr1	67534671	67534864	3757
chr1	67535573	67535626	3758
chr1	67552521	67552614	3759
chr1	67553390	67553600	3760
chr1	67561010	67561220	3761
chr1	67561742	67561959	3762
chr1	67562340	67562550	3763
chr1	67572190	67572400	3764
chr1	67578786	67578927	3765
chr1	67633272	67633357	3766
chr1	67644780	67644990	3767
chr1	67664185	67664404	3768
chr1	67685023	67685212	3769
chr1	67685550	67685760	3770
chr1	67685990	67686009	3771
chr1	67697836	67697983	3772
chr1	67700290	67700500	3773
chr1	67700840	67701029	3774
chr1	67724580	67724790	3775
chr1	67725013	67725126	3776
chr1	67746760	67746970	3777
chr1	67748803	67748834	3778
chr1	67760152	67760277	3779
chr1	67760421	67760440	3780
chr1	67761760	67761970	3781
chr1	67762360	67762570	3782
chr1	67765850	67766060	3783
chr1	67766215	67766434	3784
chr1	67832560	67832770	3785
chr1	67848520	67848730	3786
chr1	67850097	67850292	3787
chr1	67853793	67853876	3788
chr1	67854830	67855040	3789
chr1	68111935	68112014	3790
chr1	68116807	68116914	3791
chr1	68118010	68118220	3792
chr1	68119910	68120120	3793
chr1	68120258	68120483	3794
chr1	68163025	68163025	3795
chr1	68321187	68321318	3796
chr1	68342873	68342972	3797
chr1	68443201	68443284	3798
chr1	68470461	68470638	3799
chr1	68496692	68496801	3800
chr1	68497136	68497243	3801
chr1	68497770	68497980	3802
chr1	68600188	68600261	3803
chr1	69700360	69700570	3804
chr1	69700914	69700971	3805
chr1	69737675	69737842	3806
chr1	69787300	69787510	3807
chr1	70034620	70034653	3808
chr1	70113080	70113099	3809
chr1	70133070	70133189	3810
chr1	70156706	70156863	3811
chr1	70205140	70205350	3812
chr1	70205467	70205712	3813
chr1	70205750	70205960	3814
chr1	70206160	70206370	3815
chr1	70206870	70207080	3816
chr1	70208990	70209200	3817
chr1	70221250	70221499	3818
chr1	70223260	70223470	3819
chr1	70258740	70258950	3820
chr1	70323650	70323860	3821
chr1	70333310	70333520	3822
chr1	70352880	70353090	3823
chr1	70353150	70353360	3824
chr1	70355390	70355600	3825
chr1	70410550	70410760	3826
chr1	70410961	70411292	3827
chr1	70412140	70412350	3828
chr1	70487980	70488195	3829
chr1	70488500	70488710	3830
chr1	70510149	70510372	3831
chr1	70510685	70510764	3832
chr1	70528917	70528964	3833
chr1	70529190	70529400	3834
chr1	70617780	70617990	3835
chr1	70683800	70684010	3836
chr1	70685410	70685627	3837
chr1	70745352	70745389	3838
chr1	70896378	70896397	3839
chr1	70963605	70963605	3840
chr1	70966150	70966360	3841
chr1	71050139	71050220	3842
chr1	71080150	71080360	3843
chr1	71080908	71081375	3844
chr1	71094001	71094178	3845
chr1	71521710	71521920	3846
chr1	71524500	71524710	3847
chr1	71588040	71588250	3848
chr1	71884390	71884600	3849
chr1	71901380	71901590	3850
chr1	72037905	72038004	3851
chr1	72186821	72187008	3852
chr1	72235142	72235391	3853
chr1	72282754	72282995	3854
chr1	72284505	72284505	3855
chr1	72289820	72290030	3856
chr1	72298390	72298600	3857
chr1	72366596	72366773	3858
chr1	72483136	72483269	3859
chr1	72623251	72623512	3860
chr1	72845513	72845556	3861
chr1	73675021	73675244	3862
chr1	73840110	73840159	3863
chr1	73998166	73998283	3864
chr1	73998404	73998675	3865
chr1	74010190	74010465	3866
chr1	74014620	74014830	3867
chr1	74198059	74198358	3868
chr1	74198540	74198750	3869
chr1	74317810	74318020	3870
chr1	74325201	74325299	3871
chr1	74356700	74356743	3872
chr1	74469088	74469257	3873
chr1	74504221	74504490	3874
chr1	74504750	74504960	3875
chr1	74586640	74586850	3876
chr1	74594280	74594490	3877
chr1	74688170	74688380	3878
chr1	74689360	74689570	3879
chr1	74690001	74690064	3880
chr1	74731631	74731778	3881
chr1	74733004	74733149	3882
chr1	74733614	74733969	3883
chr1	74772022	74772247	3884
chr1	74969720	74969930	3885
chr1	74986190	74986400	3886
chr1	75053385	75053424	3887
chr1	75124730	75124749	3888
chr1	75201020	75201230	3889
chr1	75202220	75202430	3890
chr1	75203732	75203937	3891
chr1	75233421	75233584	3892
chr1	75265851	75265940	3893
chr1	75266340	75266550	3894
chr1	75293750	75293960	3895
chr1	75374820	75375030	3896
chr1	75375700	75375910	3897
chr1	75376243	75376372	3898
chr1	75403290	75403500	3899
chr1	75461961	75462074	3900
chr1	75493060	75493270	3901
chr1	75518650	75518860	3902
chr1	75520850	75521060	3903
chr1	75614827	75615018	3904
chr1	75615520	75615730	3905
chr1	75615640	75615850	3906
chr1	75632485	75632618	3907
chr1	75672880	75673090	3908
chr1	75677732	75677947	3909
chr1	75678146	75678313	3910
chr1	75724576	75724829	3911
chr1	75725210	75725420	3912
chr1	75761630	75761840	3913
chr1	75785380	75785590	3914
chr1	75786138	75786281	3915
chr1	75786795	75786795	3916
chr1	75787140	75787350	3917
chr1	75810190	75810400	3918
chr1	75842635	75842818	3919
chr1	75855056	75855213	3920
chr1	75890460	75890670	3921
chr1	75908700	75908873	3922
chr1	75991667	75991774	3923
chr1	76140410	76140469	3924
chr1	76154246	76154344	3925
chr1	76331172	76331261	3926
chr1	76332041	76332178	3927
chr1	76675390	76675600	3928
chr1	76730127	76730242	3929
chr1	76741016	76741189	3930
chr1	76901309	76901416	3931
chr1	77024651	77024764	3932
chr1	77126384	77126441	3933
chr1	77143615	77143766	3934
chr1	77148288	77148477	3935
chr1	77218010	77218220	3936
chr1	77219283	77219538	3937
chr1	77313612	77313741	3938
chr1	77417181	77417252	3939
chr1	77449140	77449350	3940
chr1	77472277	77472344	3941
chr1	77515551	77515834	3942
chr1	77533240	77533450	3943
chr1	77533805	77533970	3944
chr1	77534160	77534370	3945
chr1	77534820	77535030	3946
chr1	77538990	77539200	3947
chr1	77570650	77570860	3948
chr1	77579560	77579770	3949
chr1	77585700	77585910	3950
chr1	77653980	77654190	3951
chr1	77655440	77655650	3952
chr1	77682320	77682530	3953
chr1	77683338	77683611	3954
chr1	77683831	77683929	3955
chr1	77687970	77688180	3956
chr1	77744650	77744860	3957
chr1	77758450	77758660	3958
chr1	77759110	77759320	3959
chr1	77759773	77759902	3960
chr1	77779581	77779742	3961
chr1	77795330	77795540	3962
chr1	77796839	77797044	3963
chr1	77825447	77825528	3964
chr1	77841580	77841790	3965
chr1	77887810	77888020	3966
chr1	77888127	77888274	3967
chr1	77889300	77889510	3968
chr1	77899830	77900040	3969
chr1	77901510	77901720	3970
chr1	77949243	77949292	3971
chr1	77978120	77978330	3972
chr1	77996250	77996269	3973
chr1	78001260	78001470	3974
chr1	78004756	78004893	3975
chr1	78045878	78046073	3976
chr1	78046240	78046450	3977
chr1	78047230	78047440	3978
chr1	78048330	78048540	3979
chr1	78089034	78089295	3980
chr1	78114478	78114621	3981
chr1	78115980	78116190	3982
chr1	78130870	78130999	3983
chr1	78145205	78145284	3984
chr1	78554040	78554099	3985
chr1	78570711	78570888	3986
chr1	78617655	78617734	3987
chr1	78676518	78676687	3988
chr1	78839750	78840013	3989
chr1	79353420	79353439	3990
chr1	80217546	80217663	3991
chr1	80219220	80219430	3992
chr1	80697960	80698170	3993
chr1	80766440	80766650	3994
chr1	81549614	81549817	3995
chr1	81761570	81761780	3996
chr1	81802900	81803110	3997
chr1	81803750	81803960	3998
chr1	81808951	81809088	3999
chr1	81848953	81849082	4000
chr1	81975321	81975419	4001
chr1	82015670	82015689	4002
chr1	82106700	82106910	4003
chr1	82516280	82516490	4004
chr1	82583910	82584120	4005
chr1	82604666	82604715	4006
chr1	82775615	82775615	4007
chr1	83495430	83495640	4008
chr1	83670970	83671180	4009
chr1	83692570	83692780	4010
chr1	83693430	83693640	4011
chr1	83741308	83741637	4012
chr1	83741790	83742000	4013
chr1	83765300	83765510	4014
chr1	83765570	83765780	4015
chr1	83777010	83777220	4016
chr1	83818990	83819200	4017
chr1	83850940	83851150	4018
chr1	83860540	83860675	4019
chr1	83905389	83905550	4020
chr1	83931818	83931915	4021
chr1	83998530	83998740	4022
chr1	83998780	83998990	4023
chr1	83998930	83999140	4024
chr1	83999340	83999359	4025
chr1	84037850	84038060	4026
chr1	84122903	84123074	4027
chr1	84123790	84124000	4028
chr1	84140790	84141000	4029
chr1	84230330	84230540	4030
chr1	84271980	84272190	4031
chr1	84298926	84299043	4032
chr1	84365840	84366050	4033
chr1	84433902	84434047	4034
chr1	84442375	84442424	4035
chr1	84478630	84478840	4036
chr1	84478780	84478990	4037
chr1	84479153	84479436	4038
chr1	84479478	84479643	4039
chr1	84505365	84505404	4040
chr1	84541790	84541971	4041
chr1	84559880	84560090	4042
chr1	84574042	84574257	4043
chr1	84574381	84574508	4044
chr1	84583200	84583410	4045
chr1	84604030	84604240	4046
chr1	84604392	84604511	4047
chr1	84604666	84604813	4048
chr1	84619720	84619930	4049
chr1	84620420	84620630	4050
chr1	84620762	84621271	4051
chr1	84634950	84635160	4052
chr1	84689540	84689750	4053
chr1	84689850	84690060	4054
chr1	84720504	84720797	4055
chr1	84721340	84721359	4056
chr1	84753618	84753817	4057
chr1	84756650	84756860	4058
chr1	84772439	84772588	4059
chr1	84782615	84782694	4060
chr1	84936295	84936478	4061
chr1	84945046	84945207	4062
chr1	84945760	84945970	4063
chr1	85071070	85071280	4064
chr1	85078990	85079200	4065
chr1	85109525	85109608	4066
chr1	85135510	85135720	4067
chr1	85147169	85147280	4068
chr1	85199200	85199410	4069
chr1	85199600	85199810	4070
chr1	85201965	85201965	4071
chr1	85230777	85230832	4072
chr1	85254861	85255004	4073
chr1	85259592	85259809	4074
chr1	85260040	85260250	4075
chr1	85283659	85283696	4076
chr1	85298040	85298250	4077
chr1	85306440	85306650	4078
chr1	85308277	85308402	4079
chr1	85329081	85329188	4080
chr1	85344378	85344495	4081
chr1	85379620	85379830	4082
chr1	85386240	85386450	4083
chr1	85396250	85396460	4084
chr1	85398867	85398922	4085
chr1	85407294	85407475	4086
chr1	85438521	85438619	4087
chr1	85460576	85460785	4088
chr1	85461000	85461210	4089
chr1	85464494	85464755	4090
chr1	85495012	85495097	4091
chr1	85495820	85496030	4092
chr1	85500990	85501200	4093
chr1	85502879	85503062	4094
chr1	85527150	85527360	4095
chr1	85576590	85576800	4096
chr1	85577075	85577226	4097
chr1	85580216	85580333	4098
chr1	85580581	85580842	4099
chr1	85580950	85581160	4100
chr1	85581368	85581445	4101
chr1	85584280	85584490	4102
chr1	85605643	85605708	4103
chr1	85605940	85606150	4104
chr1	85606110	85606320	4105
chr1	85607140	85607350	4106
chr1	85607466	85607597	4107
chr1	85613213	85613336	4108
chr1	85629018	85629215	4109
chr1	85661890	85662100	4110
chr1	85680930	85681140	4111
chr1	85681263	85681358	4112
chr1	85692150	85692360	4113
chr1	85692833	85692992	4114
chr1	85693160	85693370	4115
chr1	85707510	85707720	4116
chr1	85708373	85708506	4117
chr1	85884721	85884942	4118
chr1	85911893	85912006	4119
chr1	86018378	86018567	4120
chr1	86356280	86356490	4121
chr1	86379900	86380110	4122
chr1	86381360	86381570	4123
chr1	86419400	86419610	4124
chr1	86474085	86474372	4125
chr1	86500164	86500319	4126
chr1	86502209	86502436	4127
chr1	86503900	86504110	4128
chr1	86508136	86508253	4129
chr1	86515756	86515805	4130
chr1	86662960	86663170	4131
chr1	86674470	86674680	4132
chr1	86704402	86704929	4133
chr1	86742105	86742192	4134
chr1	86753818	86753891	4135
chr1	86758726	86758815	4136
chr1	86766030	86766240	4137
chr1	86766290	86766500	4138
chr1	86773660	86773870	4139
chr1	86781063	86781162	4140
chr1	86793133	86793304	4141
chr1	86811736	86811805	4142
chr1	86823957	86824012	4143
chr1	86833775	86833834	4144
chr1	86845649	86845788	4145
chr1	86860128	86860321	4146
chr1	86860609	86860712	4147
chr1	86914035	86914074	4148
chr1	86915996	86916113	4149
chr1	86933751	86933846	4150
chr1	86934817	86935013	4151
chr1	86965368	86965483	4152
chr1	86982102	86982161	4153
chr1	87024760	87024970	4154
chr1	87025346	87025397	4155
chr1	87025810	87026020	4156
chr1	87083716	87083833	4157
chr1	87084374	87084495	4158
chr1	87111670	87111880	4159
chr1	87131793	87132058	4160
chr1	87226315	87226498	4161
chr1	87281330	87281540	4162
chr1	87293046	87293179	4163
chr1	87326083	87326232	4164
chr1	87327580	87327790	4165
chr1	87329680	87329890	4166
chr1	87335396	87335493	4167
chr1	87451040	87451059	4168
chr1	87478311	87478448	4169
chr1	87598590	87598649	4170
chr1	87642576	87642845	4171
chr1	87673911	87674018	4172
chr1	87683850	87684060	4173
chr1	87720734	87720847	4174
chr1	87787090	87787209	4175
chr1	87787631	87787828	4176
chr1	87794320	87794530	4177
chr1	87795421	87795558	4178
chr1	87804200	87804410	4179
chr1	87928838	87928881	4180
chr1	87933300	87933510	4181
chr1	87953859	87954016	4182
chr1	88061627	88061734	4183
chr1	88079152	88079317	4184
chr1	88117660	88117870	4185
chr1	88125840	88126050	4186
chr1	88173931	88174108	4187
chr1	88175850	88176029	4188
chr1	88180305	88180344	4189
chr1	88180534	88180773	4190
chr1	88222486	88222587	4191
chr1	88302510	88302720	4192
chr1	88303272	88303331	4193
chr1	88311410	88311620	4194
chr1	88312019	88312146	4195
chr1	88461840	88462050	4196
chr1	88608152	88608417	4197
chr1	88683925	88684372	4198
chr1	88684840	88684899	4199
chr1	88736625	88736908	4200
chr1	88739750	88739960	4201
chr1	88800432	88800707	4202
chr1	88800865	88800904	4203
chr1	88877493	88877652	4204
chr1	88890821	88890919	4205
chr1	88891660	88891719	4206
chr1	88892509	88892740	4207
chr1	88893041	88893178	4208
chr1	88911918	88911951	4209
chr1	88920380	88920590	4210
chr1	88923370	88923580	4211
chr1	88935050	88935260	4212
chr1	88935628	88935739	4213
chr1	88935960	88936170	4214
chr1	88936090	88936300	4215
chr1	88973666	88973805	4216
chr1	88983956	88984167	4217
chr1	88985068	88985341	4218
chr1	88985500	88985710	4219
chr1	88998844	88998957	4220
chr1	89022316	89022419	4221
chr1	89032550	89032760	4222
chr1	89044920	89045130	4223
chr1	89045318	89045591	4224
chr1	89064590	89064800	4225
chr1	89065176	89065453	4226
chr1	89066760	89066970	4227
chr1	89072693	89072742	4228
chr1	89085947	89086042	4229
chr1	89123580	89123790	4230
chr1	89125670	89125880	4231
chr1	89126125	89126164	4232
chr1	89129710	89129920	4233
chr1	89149414	89149449	4234
chr1	89190145	89190184	4235
chr1	89273180	89273390	4236
chr1	89276794	89276887	4237
chr1	89331980	89332190	4238
chr1	89356850	89357060	4239
chr1	89357224	89357301	4240
chr1	89357610	89357669	4241
chr1	89358359	89358598	4242
chr1	89381730	89381940	4243
chr1	89455265	89455442	4244
chr1	89455900	89456110	4245
chr1	89483406	89483507	4246
chr1	89519945	89520024	4247
chr1	89524736	89524897	4248
chr1	89525060	89525270	4249
chr1	89552720	89552930	4250
chr1	89566090	89566300	4251
chr1	89587988	89588141	4252
chr1	89593021	89593040	4253
chr1	89599182	89599259	4254
chr1	89610220	89610279	4255
chr1	89616050	89616260	4256
chr1	89623060	89623119	4257
chr1	89632420	89632630	4258
chr1	89633008	89633097	4259
chr1	89694310	89694520	4260
chr1	89754500	89754710	4261
chr1	89754720	89754930	4262
chr1	89763112	89763203	4263
chr1	89763720	89763930	4264
chr1	89780793	89780890	4265
chr1	89804794	89804903	4266
chr1	89820729	89821090	4267
chr1	89833830	89834040	4268
chr1	89836060	89836270	4269
chr1	89836375	89836454	4270
chr1	89837024	89837107	4271
chr1	89837330	89837540	4272
chr1	89838170	89838380	4273
chr1	89842671	89842838	4274
chr1	89843318	89843475	4275
chr1	89871179	89871404	4276
chr1	89887358	89887521	4277
chr1	89902374	89902519	4278
chr1	89906110	89906320	4279
chr1	89906705	89906894	4280
chr1	89928629	89928778	4281
chr1	89938110	89938320	4282
chr1	89938416	89938501	4283
chr1	89943220	89943430	4284
chr1	89950387	89950583	4285
chr1	89950900	89951110	4286
chr1	89953371	89953444	4287
chr1	89987335	89987446	4288
chr1	89994916	89995183	4289
chr1	90046123	90046218	4290
chr1	90047210	90047420	4291
chr1	90114581	90114858	4292
chr1	90133155	90133294	4293
chr1	90149255	90149334	4294
chr1	90402790	90403000	4295
chr1	90403140	90403350	4296
chr1	90551050	90551260	4297
chr1	90579322	90579431	4298
chr1	90616442	90616677	4299
chr1	90720450	90720660	4300
chr1	90721574	90721679	4301
chr1	90721960	90722170	4302
chr1	90800450	90800660	4303
chr1	90850020	90850230	4304
chr1	90851624	90851743	4305
chr1	90852140	90852350	4306
chr1	90879410	90879620	4307
chr1	90919310	90919520	4308
chr1	90959755	90959794	4309
chr1	90960390	90960600	4310
chr1	90964557	90964766	4311
chr1	90998150	90998360	4312
chr1	91014580	91014790	4313
chr1	91018175	91018254	4314
chr1	91021060	91021270	4315
chr1	91022249	91022352	4316
chr1	91026420	91026630	4317
chr1	91037131	91037352	4318
chr1	91064970	91065180	4319
chr1	91075588	91075733	4320
chr1	91121310	91121520	4321
chr1	91128970	91129180	4322
chr1	91129730	91129940	4323
chr1	91165330	91165539	4324
chr1	91165850	91166060	4325
chr1	91166179	91166358	4326
chr1	91244900	91245110	4327
chr1	91282827	91283006	4328
chr1	91345740	91345950	4329
chr1	91346930	91347140	4330
chr1	91400070	91400280	4331
chr1	91402135	91402214	4332
chr1	91404396	91404677	4333
chr1	91427740	91427950	4334
chr1	91440976	91441133	4335
chr1	91500920	91501130	4336
chr1	91501411	91501438	4337
chr1	91511552	91511681	4338
chr1	91511961	91512138	4339
chr1	91529950	91530160	4340
chr1	91547000	91547210	4341
chr1	91555275	91555314	4342
chr1	91617645	91617688	4343
chr1	91688190	91688400	4344
chr1	91718970	91719180	4345
chr1	91726100	91726310	4346
chr1	91745400	91745610	4347
chr1	91761580	91761790	4348
chr1	91767020	91767263	4349
chr1	91818250	91818460	4350
chr1	91827219	91827256	4351
chr1	91827681	91827779	4352
chr1	91827820	91828139	4353
chr1	91828680	91828890	4354
chr1	91833820	91834030	4355
chr1	91835680	91835890	4356
chr1	91845297	91845492	4357
chr1	91864746	91864903	4358
chr1	91872700	91872813	4359
chr1	91872920	91873130	4360
chr1	91886127	91886416	4361
chr1	91886760	91886970	4362
chr1	91915495	91915495	4363
chr1	91925820	91926030	4364
chr1	91926980	91927190	4365
chr1	91927395	91927526	4366
chr1	91929190	91929400	4367
chr1	91997760	91997911	4368
chr1	92030410	92030620	4369
chr1	92038900	92038959	4370
chr1	92065255	92065255	4371
chr1	92066280	92066490	4372
chr1	92079460	92079670	4373
chr1	92080302	92080479	4374
chr1	92081640	92081850	4375
chr1	92088650	92088860	4376
chr1	92291544	92291619	4377
chr1	92291830	92292040	4378
chr1	92297770	92297980	4379
chr1	92298538	92298843	4380
chr1	92298912	92299111	4381
chr1	92310243	92310336	4382
chr1	92326300	92326510	4383
chr1	92441970	92442163	4384
chr1	92461890	92461949	4385
chr1	92485181	92485279	4386
chr1	92485929	92486040	4387
chr1	92486852	92487061	4388
chr1	92532046	92532163	4389
chr1	92537170	92537213	4390
chr1	92599326	92599405	4391
chr1	92623297	92623518	4392
chr1	92715500	92715710	4393
chr1	92748090	92748300	4394
chr1	92749164	92749269	4395
chr1	92783630	92783840	4396
chr1	92784570	92784780	4397
chr1	92786580	92786790	4398
chr1	92804801	92804899	4399
chr1	92818460	92818670	4400
chr1	92831754	92832119	4401
chr1	92833170	92833380	4402
chr1	92858952	92859123	4403
chr1	92886994	92887067	4404
chr1	92887710	92887920	4405
chr1	92887930	92888140	4406
chr1	92902558	92902577	4407
chr1	92951217	92951356	4408
chr1	92958340	92958550	4409
chr1	92960408	92960681	4410
chr1	92962450	92962660	4411
chr1	92968325	92968404	4412
chr1	92968610	92968629	4413
chr1	92990840	92991050	4414
chr1	92994232	92994353	4415
chr1	93020790	93021000	4416
chr1	93021660	93021870	4417
chr1	93021780	93021990	4418
chr1	93040610	93040820	4419
chr1	93042365	93042404	4420
chr1	93062312	93062499	4421
chr1	93075650	93075860	4422
chr1	93079110	93079475	4423
chr1	93079945	93079945	4424
chr1	93129590	93129800	4425
chr1	93179930	93180140	4426
chr1	93200873	93201030	4427
chr1	93221971	93222118	4428
chr1	93228775	93228948	4429
chr1	93229260	93229470	4430
chr1	93275627	93275806	4431
chr1	93275926	93276083	4432
chr1	93304220	93304430	4433
chr1	93304704	93304931	4434
chr1	93305200	93305410	4435
chr1	93344390	93344600	4436
chr1	93345667	93345948	4437
chr1	93360340	93360550	4438
chr1	93394760	93394970	4439
chr1	93395300	93395465	4440
chr1	93419480	93419690	4441
chr1	93432730	93432940	4442
chr1	93438125	93438226	4443
chr1	93447100	93447310	4444
chr1	93449860	93450070	4445
chr1	93538470	93538680	4446
chr1	93553187	93553382	4447
chr1	93553950	93554160	4448
chr1	93591759	93591796	4449
chr1	93591937	93592196	4450
chr1	93593127	93593242	4451
chr1	93604430	93604640	4452
chr1	93616020	93616230	4453
chr1	93617310	93617520	4454
chr1	93617702	93617859	4455
chr1	93619600	93619810	4456
chr1	93629566	93629747	4457
chr1	93631710	93631920	4458
chr1	93660060	93660270	4459
chr1	93664660	93664870	4460
chr1	93678860	93679070	4461
chr1	93680805	93681002	4462
chr1	93681693	93681856	4463
chr1	93682100	93682310	4464
chr1	93690460	93690670	4465
chr1	93703737	93703852	4466
chr1	93722405	93722570	4467
chr1	93735182	93735219	4468
chr1	93754460	93754670	4469
chr1	93758670	93758880	4470
chr1	93758984	93759309	4471
chr1	93769000	93769225	4472
chr1	93773531	93773629	4473
chr1	93801524	93801633	4474
chr1	93813030	93813240	4475
chr1	93814039	93814236	4476
chr1	93827934	93828219	4477
chr1	93844385	93844486	4478
chr1	93845500	93845710	4479
chr1	93845640	93845850	4480
chr1	93846300	93846529	4481
chr1	93847421	93847682	4482
chr1	93850860	93851070	4483
chr1	93873690	93873900	4484
chr1	93874209	93874310	4485
chr1	93877880	93878090	4486
chr1	93878600	93878810	4487
chr1	93879650	93879860	4488
chr1	93890680	93890890	4489
chr1	93908700	93908910	4490
chr1	93908860	93909070	4491
chr1	93909344	93909801	4492
chr1	93910470	93910680	4493
chr1	93915850	93916060	4494
chr1	93947100	93947310	4495
chr1	93964890	93964909	4496
chr1	93965190	93965400	4497
chr1	93980083	93980190	4498
chr1	93980540	93980750	4499
chr1	93982970	93983180	4500
chr1	94012135	94012286	4501
chr1	94024180	94024390	4502
chr1	94026055	94026118	4503
chr1	94028212	94028389	4504
chr1	94039605	94039750	4505
chr1	94044310	94044369	4506
chr1	94045685	94045746	4507
chr1	94061575	94061730	4508
chr1	94062024	94062231	4509
chr1	94066480	94066690	4510
chr1	94079010	94079220	4511
chr1	94116522	94116629	4512
chr1	94121070	94121280	4513
chr1	94125978	94126115	4514
chr1	94143995	94143995	4515
chr1	94209471	94209648	4516
chr1	94235610	94235820	4517
chr1	94236490	94236700	4518
chr1	94237577	94237780	4519
chr1	94240981	94241032	4520
chr1	94245890	94246100	4521
chr1	94247295	94247402	4522
chr1	94259100	94259310	4523
chr1	94310741	94310918	4524
chr1	94317361	94317496	4525
chr1	94330090	94330259	4526
chr1	94336016	94336087	4527
chr1	94355511	94355648	4528
chr1	94355860	94355989	4529
chr1	94369574	94369687	4530
chr1	94384056	94384339	4531
chr1	94384940	94385150	4532
chr1	94395950	94396160	4533
chr1	94396370	94396580	4534
chr1	94417442	94417751	4535
chr1	94418097	94418434	4536
chr1	94425828	94425991	4537
chr1	94430510	94430720	4538
chr1	94434520	94434730	4539
chr1	94434890	94435100	4540
chr1	94439084	94439151	4541
chr1	94461620	94461830	4542
chr1	94463180	94463390	4543
chr1	94463802	94463947	4544
chr1	94481625	94481704	4545
chr1	94513850	94514060	4546
chr1	94514279	94514316	4547
chr1	94522426	94522543	4548
chr1	94532170	94532380	4549
chr1	94551160	94551370	4550
chr1	94560430	94560640	4551
chr1	94580620	94580830	4552
chr1	94599620	94599665	4553
chr1	94620450	94620660	4554
chr1	94658240	94658450	4555
chr1	94699081	94699312	4556
chr1	94713852	94713905	4557
chr1	94759334	94759403	4558
chr1	94774210	94774420	4559
chr1	94793258	94793483	4560
chr1	94798150	94798360	4561
chr1	94799360	94799570	4562
chr1	94802200	94802219	4563
chr1	94803761	94803994	4564
chr1	94805945	94806064	4565
chr1	94820229	94820562	4566
chr1	94821060	94821270	4567
chr1	94821340	94821550	4568
chr1	94821710	94821920	4569
chr1	94854517	94854652	4570
chr1	94855420	94855630	4571
chr1	94863640	94863850	4572
chr1	94883910	94883929	4573
chr1	94884239	94884364	4574
chr1	94884690	94884900	4575
chr1	94884980	94885190	4576
chr1	94899950	94900160	4577
chr1	94919040	94919250	4578
chr1	94920360	94920570	4579
chr1	94927130	94927281	4580
chr1	94938300	94938510	4581
chr1	94938690	94938900	4582
chr1	94942200	94942410	4583
chr1	94950134	94950247	4584
chr1	94961700	94961910	4585
chr1	94963042	94963107	4586
chr1	94981003	94981118	4587
chr1	95003060	95003270	4588
chr1	95014185	95014266	4589
chr1	95041340	95041550	4590
chr1	95043454	95043645	4591
chr1	95067400	95067610	4592
chr1	95069408	95069601	4593
chr1	95072611	95072748	4594
chr1	95084715	95084830	4595
chr1	95125010	95125220	4596
chr1	95128610	95128820	4597
chr1	95129250	95129460	4598
chr1	95133815	95133942	4599
chr1	95163260	95163470	4600
chr1	95169728	95169771	4601
chr1	95214450	95214660	4602
chr1	95227805	95227805	4603
chr1	95232140	95232350	4604
chr1	95233340	95233550	4605
chr1	95233560	95233770	4606
chr1	95233995	95234200	4607
chr1	95257786	95257943	4608
chr1	95286170	95286380	4609
chr1	95286400	95286610	4610
chr1	95286650	95286860	4611
chr1	95309133	95309286	4612
chr1	95467211	95467309	4613
chr1	95532507	95532598	4614
chr1	95625360	95625570	4615
chr1	95641420	95641630	4616
chr1	95794030	95794240	4617
chr1	95916786	95916889	4618
chr1	96081780	96081990	4619
chr1	96236227	96236416	4620
chr1	96508435	96508474	4621
chr1	96596388	96596483	4622
chr1	96604690	96604900	4623
chr1	96614760	96614970	4624
chr1	96632003	96632250	4625
chr1	96632345	96632384	4626
chr1	96651691	96651789	4627
chr1	96688200	96688410	4628
chr1	96688811	96688992	4629
chr1	96721634	96721895	4630
chr1	96723030	96723240	4631
chr1	96746660	96746870	4632
chr1	96756932	96757041	4633
chr1	96772412	96772627	4634
chr1	96772770	96772980	4635
chr1	96805830	96806040	4636
chr1	96845544	96845711	4637
chr1	96872700	96872910	4638
chr1	96966687	96966822	4639
chr1	97138457	97138504	4640
chr1	97186546	97186597	4641
chr1	97240990	97241200	4642
chr1	97244078	97244223	4643
chr1	97256130	97256340	4644
chr1	97272160	97272370	4645
chr1	97467230	97467440	4646
chr1	97525664	97525805	4647
chr1	97820596	97820703	4648
chr1	97921096	97921213	4649
chr1	97930100	97930310	4650
chr1	98001960	98002019	4651
chr1	98051096	98051373	4652
chr1	98054130	98054340	4653
chr1	98468248	98468351	4654
chr1	98555480	98555690	4655
chr1	98556659	98556836	4656
chr1	98663580	98663790	4657
chr1	98794446	98794519	4658
chr1	98794990	98795200	4659
chr1	98940245	98940324	4660
chr1	98991262	98991383	4661
chr1	99179980	99180190	4662
chr1	99180439	99180530	4663
chr1	99181490	99181700	4664
chr1	99264350	99264560	4665
chr1	99277221	99277319	4666
chr1	99326386	99326465	4667
chr1	99407171	99407222	4668
chr1	99460260	99460470	4669
chr1	99481080	99481290	4670
chr1	99481554	99481623	4671
chr1	99497781	99497879	4672
chr1	99502058	99502135	4673
chr1	99502770	99502980	4674
chr1	99526880	99527090	4675
chr1	99527235	99527392	4676
chr1	99565630	99565840	4677
chr1	99566030	99566240	4678
chr1	99566624	99566935	4679
chr1	99567200	99567410	4680
chr1	99579670	99579880	4681
chr1	99589274	99589469	4682
chr1	99589541	99589718	4683
chr1	99593360	99593570	4684
chr1	99595490	99595700	4685
chr1	99599733	99599946	4686
chr1	99622800	99623010	4687
chr1	99635386	99635503	4688
chr1	99644460	99644670	4689
chr1	99645357	99645412	4690
chr1	99647450	99647660	4691
chr1	99647770	99647980	4692
chr1	99648221	99648364	4693
chr1	99685754	99685985	4694
chr1	99707718	99707795	4695
chr1	99708010	99708220	4696
chr1	99717070	99717280	4697
chr1	99737139	99737304	4698
chr1	99738986	99739163	4699
chr1	99739530	99739740	4700
chr1	99748616	99748665	4701
chr1	99754730	99754940	4702
chr1	99758700	99758910	4703
chr1	99759090	99759149	4704
chr1	99759965	99760004	4705
chr1	99808010	99808220	4706
chr1	99808832	99808899	4707
chr1	99814634	99814827	4708
chr1	99836340	99836550	4709
chr1	99836570	99836780	4710
chr1	99839740	99839950	4711
chr1	99849960	99850167	4712
chr1	99850324	99850489	4713
chr1	99872202	99872353	4714
chr1	99969812	99970111	4715
chr1	100037300	100037510	4716
chr1	100075240	100075450	4717
chr1	100132785	100133230	4718
chr1	100134960	100135170	4719
chr1	100147930	100148140	4720
chr1	100188010	100188220	4721
chr1	100250640	100250850	4722
chr1	100265510	100265720	4723
chr1	100266065	100266316	4724
chr1	100269250	100269460	4725
chr1	100291080	100291290	4726
chr1	100322880	100323023	4727
chr1	100351490	100351700	4728
chr1	100351620	100351830	4729
chr1	100351750	100351960	4730
chr1	100352095	100352134	4731
chr1	100353710	100353920	4732
chr1	100354050	100354260	4733
chr1	100358300	100358510	4734
chr1	100400470	100400680	4735
chr1	100413155	100413234	4736
chr1	100440150	100440360	4737
chr1	100455510	100455720	4738
chr1	100458720	100458930	4739
chr1	100459555	100459826	4740
chr1	100463824	100463985	4741
chr1	100480113	100480162	4742
chr1	100485824	100486139	4743
chr1	100486325	100486364	4744
chr1	100494547	100494694	4745
chr1	100515330	100515540	4746
chr1	100515950	100516059	4747
chr1	100539120	100539330	4748
chr1	100539240	100539450	4749
chr1	100543855	100543855	4750
chr1	100585005	100585044	4751
chr1	100606616	100606665	4752
chr1	100731414	100731549	4753
chr1	100750100	100750310	4754
chr1	100775520	100775730	4755
chr1	100800064	100800197	4756
chr1	100835152	100835261	4757
chr1	100866580	100866599	4758
chr1	100868130	100868340	4759
chr1	100868442	100868655	4760
chr1	100884010	100884220	4761
chr1	100893050	100893260	4762
chr1	100904590	100904800	4763
chr1	100920570	100920780	4764
chr1	100921211	100921404	4765
chr1	100949590	100949701	4766
chr1	101003650	101003860	4767
chr1	101004140	101004453	4768
chr1	101004930	101005140	4769
chr1	101025350	101025560	4770
chr1	101025733	101025938	4771
chr1	101026160	101026370	4772
chr1	101043800	101044010	4773
chr1	101128370	101128580	4774
chr1	101135890	101136100	4775
chr1	101136695	101137060	4776
chr1	101194490	101194700	4777
chr1	101238829	101238938	4778
chr1	101258121	101258240	4779
chr1	101258520	101258730	4780
chr1	101268170	101268380	4781
chr1	101270240	101270450	4782
chr1	101288615	101288664	4783
chr1	101308810	101309020	4784
chr1	101309369	101309560	4785
chr1	101357471	101357688	4786
chr1	101358310	101358520	4787
chr1	101438504	101438665	4788
chr1	101506677	101506792	4789
chr1	101520411	101520494	4790
chr1	101520740	101520950	4791
chr1	101521040	101521250	4792
chr1	101567684	101567941	4793
chr1	101653535	101653716	4794
chr1	101733460	101733670	4795
chr1	101820120	101820139	4796
chr1	101820216	101820435	4797
chr1	101820820	101821030	4798
chr1	102106600	102106810	4799
chr1	102155780	102155990	4800
chr1	102174425	102174504	4801
chr1	102191902	102191949	4802
chr1	102427180	102427390	4803
chr1	102434577	102434762	4804
chr1	102504470	102504680	4805
chr1	102550965	102551004	4806
chr1	102791570	102791780	4807
chr1	102970597	102970760	4808
chr1	103106479	103106610	4809
chr1	103336540	103336750	4810
chr1	103461315	103461418	4811
chr1	103461770	103461980	4812
chr1	103461990	103462200	4813
chr1	103488980	103489190	4814
chr1	103515016	103515223	4815
chr1	103525890	103526100	4816
chr1	103526910	103527120	4817
chr1	103560460	103560670	4818
chr1	103788525	103788638	4819
chr1	103953560	103953579	4820
chr1	104132503	104132552	4821
chr1	104132930	104133140	4822
chr1	104648275	104648448	4823
chr1	104706800	104707010	4824
chr1	104766960	104767170	4825
chr1	104780566	104780773	4826
chr1	104878660	104878741	4827
chr1	104879700	104879910	4828
chr1	105073027	105073082	4829
chr1	105100295	105100295	4830
chr1	105101140	105101350	4831
chr1	105138930	105139140	4832
chr1	105311960	105312170	4833
chr1	105411310	105411520	4834
chr1	105608833	105608946	4835
chr1	105632100	105632310	4836
chr1	105632844	105633217	4837
chr1	105640270	105640480	4838
chr1	105641470	105641680	4839
chr1	105792010	105792220	4840
chr1	105792756	105792873	4841
chr1	105793320	105793530	4842
chr1	105793628	105793853	4843
chr1	105835320	105835530	4844
chr1	106957890	106958100	4845
chr1	107055630	107055840	4846
chr1	107142124	107142365	4847
chr1	107142696	107142813	4848
chr1	107234470	107234680	4849
chr1	107259370	107259580	4850
chr1	107275950	107276160	4851
chr1	107277104	107277229	4852
chr1	107430788	107430911	4853
chr1	107464946	107465063	4854
chr1	107526744	107526947	4855
chr1	107529693	107529812	4856
chr1	107597454	107597527	4857
chr1	107600940	107601150	4858
chr1	107641491	107641589	4859
chr1	107680760	107680970	4860
chr1	107683180	107683390	4861
chr1	107688416	107688573	4862
chr1	107750504	107750625	4863
chr1	107782306	107782439	4864
chr1	107782626	107782743	4865
chr1	107844920	107845130	4866
chr1	107941850	107942060	4867
chr1	108000958	108001015	4868
chr1	108033537	108033786	4869
chr1	108034410	108034620	4870
chr1	108046301	108046438	4871
chr1	108052141	108052234	4872
chr1	108125561	108125748	4873
chr1	108199330	108199540	4874
chr1	108201140	108201350	4875
chr1	108316593	108316910	4876
chr1	108327831	108327914	4877
chr1	108512606	108512737	4878
chr1	108513760	108513970	4879
chr1	108533510	108533720	4880
chr1	108536974	108537049	4881
chr1	108559954	108560011	4882
chr1	108561372	108561587	4883
chr1	108561853	108562022	4884
chr1	108570218	108570363	4885
chr1	108572010	108572220	4886
chr1	108584411	108584588	4887
chr1	108643140	108643350	4888
chr1	108643644	108643831	4889
chr1	108646990	108647067	4890
chr1	108647880	108648090	4891
chr1	108692245	108692378	4892
chr1	108692567	108692862	4893
chr1	108694380	108694590	4894
chr1	108709170	108709299	4895
chr1	108746020	108746230	4896
chr1	108746543	108746658	4897
chr1	108747365	108747454	4898
chr1	108751880	108752090	4899
chr1	108803530	108803740	4900
chr1	108816451	108816628	4901
chr1	108828165	108828428	4902
chr1	108828960	108829170	4903
chr1	108829560	108829770	4904
chr1	108829710	108829920	4905
chr1	108876160	108876370	4906
chr1	108876875	108877098	4907
chr1	108877960	108878170	4908
chr1	108889800	108890010	4909
chr1	108898252	108898353	4910
chr1	108953480	108953690	4911
chr1	108962650	108962860	4912
chr1	108963180	108963199	4913
chr1	108963375	108963574	4914
chr1	108963760	108963970	4915
chr1	109011480	109011690	4916
chr1	109027970	109028029	4917
chr1	109028850	109029060	4918
chr1	109042096	109042265	4919
chr1	109042710	109042920	4920
chr1	109076820	109077030	4921
chr1	109087670	109087880	4922
chr1	109089253	109089564	4923
chr1	109090060	109090270	4924
chr1	109090393	109090844	4925
chr1	109091380	109091590	4926
chr1	109099670	109099880	4927
chr1	109100042	109100223	4928
chr1	109112130	109112347	4929
chr1	109112720	109112929	4930
chr1	109116670	109116880	4931
chr1	109149860	109150070	4932
chr1	109156520	109156730	4933
chr1	109156947	109157214	4934
chr1	109158680	109158890	4935
chr1	109181341	109181640	4936
chr1	109193750	109193897	4937
chr1	109198410	109198620	4938
chr1	109201262	109201383	4939
chr1	109214990	109215049	4940
chr1	109227600	109227810	4941
chr1	109239523	109239682	4942
chr1	109240920	109241130	4943
chr1	109249420	109249631	4944
chr1	109253909	109254050	4945
chr1	109254370	109254389	4946
chr1	109263775	109263940	4947
chr1	109277541	109277722	4948
chr1	109283028	109283529	4949
chr1	109290270	109290480	4950
chr1	109290570	109290780	4951
chr1	109298880	109299090	4952
chr1	109309465	109309604	4953
chr1	109345467	109345662	4954
chr1	109370440	109370650	4955
chr1	109371052	109371141	4956
chr1	109371250	109371460	4957
chr1	109371500	109371710	4958
chr1	109391640	109391850	4959
chr1	109393005	109393234	4960
chr1	109397927	109398200	4961
chr1	109399471	109399608	4962
chr1	109424800	109425010	4963
chr1	109426351	109426628	4964
chr1	109426770	109426980	4965
chr1	109441281	109441320	4966
chr1	109457575	109457614	4967
chr1	109466110	109466320	4968
chr1	109478850	109479060	4969
chr1	109483260	109483470	4970
chr1	109490710	109490920	4971
chr1	109493948	109494199	4972
chr1	109498481	109498552	4973
chr1	109532357	109532580	4974
chr1	109532974	109533027	4975
chr1	109546449	109546502	4976
chr1	109547320	109547530	4977
chr1	109586244	109586405	4978
chr1	109604060	109604270	4979
chr1	109611030	109611240	4980
chr1	109640320	109640530	4981
chr1	109643440	109643583	4982
chr1	109649730	109649940	4983
chr1	109655240	109655450	4984
chr1	109655954	109656177	4985
chr1	109670020	109670230	4986
chr1	109677200	109677410	4987
chr1	109677610	109677820	4988
chr1	109704281	109704418	4989
chr1	109708920	109709130	4990
chr1	109718642	109718701	4991
chr1	109718900	109719110	4992
chr1	109740303	109740436	4993
chr1	109741290	109741500	4994
chr1	109763937	109764068	4995
chr1	109773762	109773957	4996
chr1	109776970	109777113	4997
chr1	109789185	109789336	4998
chr1	109790838	109790951	4999
chr1	109792335	109792335	5000
chr1	109823958	109824187	5001
chr1	109824270	109824480	5002
chr1	109839510	109839720	5003
chr1	109849530	109849740	5004
chr1	109852565	109852604	5005
chr1	109877573	109877652	5006
chr1	109882766	109882909	5007
chr1	109909920	109910130	5008
chr1	109910941	109911039	5009
chr1	109911490	109911549	5010
chr1	109918485	109918485	5011
chr1	109919230	109919440	5012
chr1	109923555	109923656	5013
chr1	109931181	109931358	5014
chr1	109934500	109934710	5015
chr1	109935500	109935710	5016
chr1	109948466	109948623	5017
chr1	109959570	109959780	5018
chr1	109960041	109960154	5019
chr1	109980780	109980881	5020
chr1	109984110	109984320	5021
chr1	109984574	109984759	5022
chr1	109988440	109988650	5023
chr1	110003900	110004110	5024
chr1	110011769	110011852	5025
chr1	110029683	110029810	5026
chr1	110033440	110033650	5027
chr1	110034080	110034290	5028
chr1	110035340	110035550	5029
chr1	110035460	110035670	5030
chr1	110049990	110050200	5031
chr1	110053941	110054168	5032
chr1	110060160	110060329	5033
chr1	110086330	110086540	5034
chr1	110088260	110088305	5035
chr1	110106219	110106386	5036
chr1	110116515	110116714	5037
chr1	110129900	110130110	5038
chr1	110130400	110130610	5039
chr1	110197046	110197135	5040
chr1	110203147	110203238	5041
chr1	110207876	110207981	5042
chr1	110224746	110224795	5043
chr1	110225140	110225350	5044
chr1	110272140	110272350	5045
chr1	110312705	110312828	5046
chr1	110321140	110321350	5047
chr1	110338482	110338519	5048
chr1	110338749	110338930	5049
chr1	110367050	110367260	5050
chr1	110391085	110391085	5051
chr1	110406530	110406740	5052
chr1	110408180	110408390	5053
chr1	110411920	110412130	5054
chr1	110412648	110412741	5055
chr1	110433900	110434059	5056
chr1	110455270	110455480	5057
chr1	110460393	110460488	5058
chr1	110467875	110467875	5059
chr1	110478370	110478580	5060
chr1	110496091	110496262	5061
chr1	110524642	110524689	5062
chr1	110533350	110533560	5063
chr1	110542730	110542940	5064
chr1	110555462	110555499	5065
chr1	110615865	110615988	5066
chr1	110619473	110619596	5067
chr1	110620240	110620450	5068
chr1	110630866	110630973	5069
chr1	110746840	110747050	5070
chr1	110766219	110766304	5071
chr1	110783413	110783576	5072
chr1	110830087	110830276	5073
chr1	110963080	110963290	5074
chr1	110966410	110966620	5075
chr1	110991490	110991700	5076
chr1	110992443	110992610	5077
chr1	111030607	111030782	5078
chr1	111032050	111032260	5079
chr1	111032428	111032653	5080
chr1	111110417	111110536	5081
chr1	111139226	111139343	5082
chr1	111142070	111142280	5083
chr1	111195100	111195310	5084
chr1	111202935	111202974	5085
chr1	111221800	111222010	5086
chr1	111222902	111222939	5087
chr1	111223005	111223174	5088
chr1	111228573	111228670	5089
chr1	111238275	111238430	5090
chr1	111243180	111243390	5091
chr1	111250069	111250322	5092
chr1	111270651	111270788	5093
chr1	111283910	111284120	5094
chr1	111285880	111286090	5095
chr1	111333910	111334120	5096
chr1	111334295	111334494	5097
chr1	111335222	111335437	5098
chr1	111335540	111335750	5099
chr1	111346519	111346616	5100
chr1	111347270	111347480	5101
chr1	111364560	111364770	5102
chr1	111364810	111365020	5103
chr1	111399959	111400038	5104
chr1	111400430	111400640	5105
chr1	111417848	111417999	5106
chr1	111423059	111423234	5107
chr1	111441777	111441832	5108
chr1	111449920	111450130	5109
chr1	111480390	111480600	5110
chr1	111481210	111481420	5111
chr1	111481799	111481866	5112
chr1	111508236	111508457	5113
chr1	111509453	111509496	5114
chr1	111518300	111518510	5115
chr1	111535417	111535613	5116
chr1	111535706	111536047	5117
chr1	111552190	111552209	5118
chr1	111559961	111560034	5119
chr1	111566030	111566240	5120
chr1	111570821	111570958	5121
chr1	111576660	111576870	5122
chr1	111581410	111581620	5123
chr1	111583130	111583340	5124
chr1	111593075	111593154	5125
chr1	111619639	111619836	5126
chr1	111639947	111640143	5127
chr1	111656140	111656350	5128
chr1	111656543	111656650	5129
chr1	111715037	111715072	5130
chr1	111733410	111733620	5131
chr1	111739295	111739374	5132
chr1	111739439	111739670	5133
chr1	111747407	111747442	5134
chr1	111755555	111755658	5135
chr1	111755802	111755867	5136
chr1	111769709	111769742	5137
chr1	111770750	111770960	5138
chr1	111790051	111790149	5139
chr1	111801520	111801730	5140
chr1	111813945	111813945	5141
chr1	111884150	111884360	5142
chr1	111991460	111991670	5143
chr1	112083880	112084090	5144
chr1	112148980	112149190	5145
chr1	112162070	112162280	5146
chr1	112172320	112172530	5147
chr1	112172480	112172690	5148
chr1	112298731	112298844	5149
chr1	112336961	112337198	5150
chr1	112358933	112359020	5151
chr1	112369727	112370014	5152
chr1	112386450	112386660	5153
chr1	112390836	112391063	5154
chr1	112394691	112394718	5155
chr1	112396048	112396211	5156
chr1	112466088	112466495	5157
chr1	112500650	112500860	5158
chr1	112502015	112502015	5159
chr1	112614610	112614669	5160
chr1	112618560	112618770	5161
chr1	112619201	112619378	5162
chr1	112619640	112619925	5163
chr1	112620160	112620370	5164
chr1	112635501	112635584	5165
chr1	112637210	112637420	5166
chr1	112673743	112673792	5167
chr1	112674430	112674449	5168
chr1	112675136	112675293	5169
chr1	112698800	112699010	5170
chr1	112698950	112699160	5171
chr1	112700914	112701035	5172
chr1	112707354	112707525	5173
chr1	112715284	112715517	5174
chr1	112716246	112716615	5175
chr1	112737680	112737890	5176
chr1	112804309	112804488	5177
chr1	112809390	112809439	5178
chr1	112881023	112881228	5179
chr1	112938270	112938480	5180
chr1	112955712	112955927	5181
chr1	112956087	112956370	5182
chr1	113004406	113004475	5183
chr1	113004807	113005003	5184
chr1	113005440	113005650	5185
chr1	113027460	113027670	5186
chr1	113028600	113028810	5187
chr1	113042763	113042842	5188
chr1	113071060	113071270	5189
chr1	113072752	113072817	5190
chr1	113072941	113073288	5191
chr1	113092170	113092380	5192
chr1	113139660	113139870	5193
chr1	113140613	113140816	5194
chr1	113146300	113146591	5195
chr1	113146920	113147130	5196
chr1	113178676	113178793	5197
chr1	113217630	113217689	5198
chr1	113217910	113218120	5199
chr1	113219551	113219649	5200
chr1	113255470	113255529	5201
chr1	113291960	113292170	5202
chr1	113371130	113371340	5203
chr1	113388654	113388899	5204
chr1	113389630	113389840	5205
chr1	113390176	113390453	5206
chr1	113391180	113391390	5207
chr1	113394359	113394570	5208
chr1	113405830	113406040	5209
chr1	113415622	113415837	5210
chr1	113434188	113434331	5211
chr1	113434640	113434850	5212
chr1	113437930	113438140	5213
chr1	113439084	113439189	5214
chr1	113453001	113453178	5215
chr1	113457073	113457168	5216
chr1	113478511	113478646	5217
chr1	113488870	113489080	5218
chr1	113508446	113508563	5219
chr1	113509310	113509520	5220
chr1	113510020	113510230	5221
chr1	113516790	113517000	5222
chr1	113517532	113517617	5223
chr1	113540420	113540630	5224
chr1	113677888	113678137	5225
chr1	113679470	113679680	5226
chr1	113715034	113715127	5227
chr1	113786212	113786271	5228
chr1	113804830	113805040	5229
chr1	113810496	113810653	5230
chr1	113814450	113814660	5231
chr1	113835755	113835942	5232
chr1	113904420	113904630	5233
chr1	113904989	113905228	5234
chr1	113927020	113927230	5235
chr1	113929055	113929094	5236
chr1	113929172	113929437	5237
chr1	113929930	113930140	5238
chr1	113930620	113930830	5239
chr1	113931400	113931610	5240
chr1	113948266	113948423	5241
chr1	113949285	113949324	5242
chr1	113951480	113951690	5243
chr1	113963624	113963697	5244
chr1	113977820	113978030	5245
chr1	113978866	113979031	5246
chr1	113979271	113979734	5247
chr1	114009595	114009674	5248
chr1	114020740	114020950	5249
chr1	114033328	114033535	5250
chr1	114103250	114103460	5251
chr1	114111670	114111880	5252
chr1	114131850	114132060	5253
chr1	114184330	114184540	5254
chr1	114219550	114219760	5255
chr1	114262670	114262880	5256
chr1	114282924	114283127	5257
chr1	114308010	114308220	5258
chr1	114346561	114346868	5259
chr1	114415750	114415960	5260
chr1	114435264	114435335	5261
chr1	114452940	114453150	5262
chr1	114453280	114453490	5263
chr1	114453596	114453685	5264
chr1	114457820	114457879	5265
chr1	114458330	114458540	5266
chr1	114466365	114466816	5267
chr1	114467542	114467707	5268
chr1	114511170	114511311	5269
chr1	114512640	114512850	5270
chr1	114549860	114550070	5271
chr1	114557690	114557900	5272
chr1	114558692	114558809	5273
chr1	114581240	114581299	5274
chr1	114582690	114582900	5275
chr1	114714620	114714830	5276
chr1	114757891	114758202	5277
chr1	114758640	114758850	5278
chr1	114759100	114759310	5279
chr1	114773510	114773720	5280
chr1	114956738	114956795	5281
chr1	114978490	114978549	5282
chr1	114979416	114979533	5283
chr1	115035620	115035830	5284
chr1	115037265	115037394	5285
chr1	115041800	115041849	5286
chr1	115042070	115042280	5287
chr1	115042940	115043150	5288
chr1	115052531	115052828	5289
chr1	115091790	115092000	5290
chr1	115099060	115099270	5291
chr1	115112784	115113009	5292
chr1	115138983	115139208	5293
chr1	115469787	115470006	5294
chr1	115507334	115507401	5295
chr1	115546281	115546370	5296
chr1	115595922	115596069	5297
chr1	115608290	115608381	5298
chr1	115625070	115625129	5299
chr1	115644800	115645010	5300
chr1	115706931	115707098	5301
chr1	115717669	115717744	5302
chr1	115728041	115728174	5303
chr1	115764722	115764787	5304
chr1	115772003	115772088	5305
chr1	115807886	115807955	5306
chr1	115833850	115834060	5307
chr1	115880090	115880300	5308
chr1	115981509	115981616	5309
chr1	116020799	116020930	5310
chr1	116109844	116110057	5311
chr1	116110914	116111127	5312
chr1	116113810	116114020	5313
chr1	116119060	116119270	5314
chr1	116119310	116119520	5315
chr1	116129547	116129892	5316
chr1	116134314	116134447	5317
chr1	116139110	116139351	5318
chr1	116152219	116152238	5319
chr1	116161290	116161500	5320
chr1	116164150	116164360	5321
chr1	116172839	116172876	5322
chr1	116219053	116219176	5323
chr1	116233039	116233154	5324
chr1	116261257	116261474	5325
chr1	116273070	116273280	5326
chr1	116273552	116273727	5327
chr1	116289383	116289526	5328
chr1	116290180	116290390	5329
chr1	116293097	116293158	5330
chr1	116302210	116302420	5331
chr1	116303760	116303970	5332
chr1	116312382	116312497	5333
chr1	116312650	116312860	5334
chr1	116314646	116314749	5335
chr1	116321965	116322004	5336
chr1	116334920	116335130	5337
chr1	116339320	116339530	5338
chr1	116360943	116361010	5339
chr1	116372360	116372570	5340
chr1	116373087	116373276	5341
chr1	116393955	116393994	5342
chr1	116418607	116418662	5343
chr1	116433553	116433752	5344
chr1	116475299	116475484	5345
chr1	116485338	116485459	5346
chr1	116489373	116489672	5347
chr1	116493885	116493885	5348
chr1	116494730	116494940	5349
chr1	116499174	116499287	5350
chr1	116509080	116509315	5351
chr1	116509520	116509730	5352
chr1	116528363	116528582	5353
chr1	116538627	116538822	5354
chr1	116570461	116570568	5355
chr1	116570935	116571156	5356
chr1	116574761	116574859	5357
chr1	116596190	116596400	5358
chr1	116596380	116596590	5359
chr1	116596980	116597190	5360
chr1	116625200	116625410	5361
chr1	116631660	116631870	5362
chr1	116672200	116672410	5363
chr1	116672610	116672820	5364
chr1	116724927	116724986	5365
chr1	116737427	116737516	5366
chr1	116763590	116763800	5367
chr1	116764288	116764307	5368
chr1	116817765	116817892	5369
chr1	116842850	116842869	5370
chr1	116881870	116882080	5371
chr1	116921160	116921370	5372
chr1	116921595	116921774	5373
chr1	116934540	116934750	5374
chr1	116935004	116935081	5375
chr1	116961810	116961829	5376
chr1	116981700	116981910	5377
chr1	117055452	117055601	5378
chr1	117067840	117068055	5379
chr1	117121773	117121910	5380
chr1	117122194	117122239	5381
chr1	117128678	117128891	5382
chr1	117170250	117170460	5383
chr1	117239520	117239730	5384
chr1	117284670	117284861	5385
chr1	117312549	117312744	5386
chr1	117340030	117340240	5387
chr1	117358070	117358280	5388
chr1	117365130	117365340	5389
chr1	117366649	117367102	5390
chr1	117368460	117368670	5391
chr1	117368940	117369150	5392
chr1	117371730	117371940	5393
chr1	117512300	117512510	5394
chr1	117512869	117512950	5395
chr1	117533870	117534080	5396
chr1	117535075	117535324	5397
chr1	117536080	117536290	5398
chr1	117605780	117606025	5399
chr1	117635880	117636090	5400
chr1	117672177	117672296	5401
chr1	117686970	117687180	5402
chr1	117710909	117710962	5403
chr1	117735070	117735280	5404
chr1	117754209	117754320	5405
chr1	117754628	117754933	5406
chr1	117758955	117759064	5407
chr1	117813220	117813430	5408
chr1	117815510	117815720	5409
chr1	117816160	117816219	5410
chr1	117821080	117821290	5411
chr1	117821815	117821974	5412
chr1	117842940	117843150	5413
chr1	117846780	117846839	5414
chr1	117847269	117847420	5415
chr1	117857641	117857660	5416
chr1	117895020	117895230	5417
chr1	117895653	117895738	5418
chr1	118077428	118077625	5419
chr1	118116990	118117200	5420
chr1	118118660	118118679	5421
chr1	118151492	118151563	5422
chr1	118223485	118223588	5423
chr1	118247802	118247887	5424
chr1	118305106	118305203	5425
chr1	118537590	118537800	5426
chr1	118564155	118564234	5427
chr1	118768530	118768740	5428
chr1	118826760	118826779	5429
chr1	118862891	118863028	5430
chr1	118914508	118914621	5431
chr1	118915680	118915890	5432
chr1	118918250	118918460	5433
chr1	118918410	118918620	5434
chr1	118948950	118949160	5435
chr1	118960030	118960240	5436
chr1	118960656	118960815	5437
chr1	118965690	118965900	5438
chr1	119008150	119008360	5439
chr1	119008820	119008909	5440
chr1	119140270	119140527	5441
chr1	119141053	119141302	5442
chr1	119156500	119156710	5443
chr1	119156885	119156924	5444
chr1	119266450	119266660	5445
chr1	119275559	119275640	5446
chr1	119276210	119276420	5447
chr1	119276650	119276835	5448
chr1	119286680	119286897	5449
chr1	119327765	119327950	5450
chr1	119350230	119350440	5451
chr1	119352090	119352300	5452
chr1	119361045	119361124	5453
chr1	119361250	119361460	5454
chr1	119367250	119367460	5455
chr1	119367623	119367742	5456
chr1	119372666	119372735	5457
chr1	119448190	119448400	5458
chr1	119448350	119448560	5459
chr1	119450032	119450247	5460
chr1	119468123	119468320	5461
chr1	119544326	119544375	5462
chr1	119549794	119549891	5463
chr1	119582987	119583054	5464
chr1	119602330	119602540	5465
chr1	119611620	119612009	5466
chr1	119613916	119613989	5467
chr1	119631489	119631620	5468
chr1	119633720	119633930	5469
chr1	119648216	119648397	5470
chr1	119652890	119653100	5471
chr1	119655320	119655530	5472
chr1	119662030	119662240	5473
chr1	119663218	119663417	5474
chr1	119674923	119675026	5475
chr1	119675501	119675900	5476
chr1	119676610	119676820	5477
chr1	119676990	119677200	5478
chr1	119712698	119712887	5479
chr1	119713070	119713280	5480
chr1	119724080	119724290	5481
chr1	119732850	119733060	5482
chr1	119744192	119744335	5483
chr1	119765740	119765950	5484
chr1	119766512	119766655	5485
chr1	119771130	119771340	5486
chr1	119773150	119773360	5487
chr1	119775180	119775390	5488
chr1	119775630	119775840	5489
chr1	119784570	119784780	5490
chr1	119806560	119806770	5491
chr1	119809081	119809236	5492
chr1	119809485	119809485	5493
chr1	119816514	119816675	5494
chr1	119827150	119827360	5495
chr1	119871078	119871159	5496
chr1	119886276	119886419	5497
chr1	119899465	119899544	5498
chr1	119948748	119948901	5499
chr1	119958231	119958392	5500
chr1	119959340	119959550	5501
chr1	119968161	119968264	5502
chr1	120142280	120142490	5503
chr1	120147481	120147658	5504
chr1	120150450	120150660	5505
chr1	120175960	120176170	5506
chr1	120176408	120176607	5507
chr1	120415697	120415893	5508
chr1	120850903	120850952	5509
chr1	121016770	121016980	5510
chr1	121097590	121097800	5511
chr1	121400600	121400810	5512
chr1	121420840	121421050	5513
chr1	121423960	121424170	5514
chr1	121447950	121448160	5515
chr1	121507550	121507760	5516
chr1	121511616	121511733	5517
chr1	121522217	121522413	5518
chr1	121572960	121573170	5519
chr1	121586481	121586732	5520
chr1	125026740	125026950	5521
chr1	125046060	125046270	5522
chr1	143205270	143205480	5523
chr1	143225370	143225580	5524
chr1	143242940	143243150	5525
chr1	143269370	143269580	5526
chr1	143271030	143271240	5527
chr1	143272900	143273110	5528
chr1	143691400	143691610	5529
chr1	143698140	143698350	5530
chr1	143804010	143804220	5531
chr1	143885050	143885260	5532
chr1	145425560	145425770	5533
chr1	145425880	145426090	5534
chr1	145465460	145465670	5535
chr1	145592210	145592420	5536
chr1	145607913	145607996	5537
chr1	145670500	145670710	5538
chr1	145692450	145692660	5539
chr1	145702140	145702350	5540
chr1	145711226	145711323	5541
chr1	145711481	145711579	5542
chr1	145721282	145721397	5543
chr1	145730210	145730269	5544
chr1	145824435	145824435	5545
chr1	145845545	145845678	5546
chr1	145846225	145846304	5547
chr1	145859380	145859590	5548
chr1	145891982	145892247	5549
chr1	145898116	145898219	5550
chr1	145910182	145910339	5551
chr1	145927469	145927608	5552
chr1	145928340	145928550	5553
chr1	145950900	145951110	5554
chr1	145953480	145953690	5555
chr1	145960605	145960684	5556
chr1	145964561	145964659	5557
chr1	145972716	145972757	5558
chr1	145977627	145977746	5559
chr1	145988640	145988850	5560
chr1	145988870	145989080	5561
chr1	145996614	145996787	5562
chr1	146007396	146007469	5563
chr1	146013101	146013254	5564
chr1	146020511	146020648	5565
chr1	146032760	146032970	5566
chr1	146034510	146034720	5567
chr1	146035120	146035179	5568
chr1	146043950	146044160	5569
chr1	146052112	146052229	5570
chr1	146376915	146377108	5571
chr1	146387511	146387609	5572
chr1	146478190	146478400	5573
chr1	146930830	146931040	5574
chr1	146938401	146938499	5575
chr1	146966560	146966770	5576
chr1	146994300	146994510	5577
chr1	147110982	147111197	5578
chr1	147141870	147142080	5579
chr1	147168620	147168830	5580
chr1	147172549	147172768	5581
chr1	147211650	147211860	5582
chr1	147215530	147215740	5583
chr1	147242500	147242710	5584
chr1	147242650	147242860	5585
chr1	147243007	147243172	5586
chr1	147243480	147243690	5587
chr1	147244580	147244790	5588
chr1	147273892	147273951	5589
chr1	147327230	147327440	5590
chr1	147327410	147327620	5591
chr1	147390077	147390202	5592
chr1	147495030	147495301	5593
chr1	147515541	147515692	5594
chr1	147518030	147518240	5595
chr1	147539280	147539299	5596
chr1	147541333	147541542	5597
chr1	147579705	147579900	5598
chr1	147580070	147580280	5599
chr1	147587247	147587430	5600
chr1	147592430	147592640	5601
chr1	147592740	147592950	5602
chr1	147598330	147598540	5603
chr1	147600046	147600199	5604
chr1	147612502	147612695	5605
chr1	147625393	147625558	5606
chr1	147627629	147627726	5607
chr1	147640869	147641058	5608
chr1	147642126	147642175	5609
chr1	147665607	147665674	5610
chr1	147700064	147700231	5611
chr1	147717130	147717299	5612
chr1	147724046	147724133	5613
chr1	147734585	147734664	5614
chr1	147757440	147757650	5615
chr1	147758418	147758765	5616
chr1	147815628	147815671	5617
chr1	147841120	147841139	5618
chr1	147851285	147851436	5619
chr1	147890330	147890419	5620
chr1	147892793	147892942	5621
chr1	148042070	148042280	5622
chr1	148092100	148092310	5623
chr1	148121420	148121630	5624
chr1	148152265	148152304	5625
chr1	148167280	148167490	5626
chr1	148254960	148255170	5627
chr1	148263600	148263810	5628
chr1	148334300	148334510	5629
chr1	148371619	148371716	5630
chr1	148373240	148373450	5631
chr1	148388916	148388965	5632
chr1	148404150	148404360	5633
chr1	148424328	148424347	5634
chr1	148426680	148426890	5635
chr1	148529220	148529430	5636
chr1	149636791	149636864	5637
chr1	149708735	149708774	5638
chr1	149888022	149888123	5639
chr1	149888499	149888666	5640
chr1	149899467	149899618	5641
chr1	149917841	149917978	5642
chr1	149927704	149928035	5643
chr1	149939526	149939683	5644
chr1	149942330	149942540	5645
chr1	149962129	149962308	5646
chr1	149978671	149978832	5647
chr1	150008885	150008964	5648
chr1	150009750	150009769	5649
chr1	150010673	150010820	5650
chr1	150022350	150022560	5651
chr1	150067169	150067374	5652
chr1	150073094	150073227	5653
chr1	150151170	150151380	5654
chr1	150156080	150156290	5655
chr1	150158170	150158380	5656
chr1	150163294	150163471	5657
chr1	150166090	150166300	5658
chr1	150169088	150169197	5659
chr1	150175060	150175270	5660
chr1	150186154	150186405	5661
chr1	150187412	150187497	5662
chr1	150213586	150213775	5663
chr1	150234880	150235090	5664
chr1	150235470	150235680	5665
chr1	150237040	150237250	5666
chr1	150255512	150255609	5667
chr1	150281316	150281433	5668
chr1	150293711	150293932	5669
chr1	150294300	150294510	5670
chr1	150321438	150321579	5671
chr1	150364655	150364655	5672
chr1	150365350	150365560	5673
chr1	150387181	150387368	5674
chr1	150404930	150405140	5675
chr1	150410090	150410300	5676
chr1	150410778	150410983	5677
chr1	150429920	150430119	5678
chr1	150464499	150464578	5679
chr1	150473796	150473895	5680
chr1	150479460	150479670	5681
chr1	150479890	150480100	5682
chr1	150485019	150485084	5683
chr1	150487233	150487480	5684
chr1	150516220	150516430	5685
chr1	150531720	150531930	5686
chr1	150532246	150532545	5687
chr1	150532572	150532789	5688
chr1	150534390	150534600	5689
chr1	150548913	150549100	5690
chr1	150549340	150549550	5691
chr1	150552611	150552630	5692
chr1	150560033	150560176	5693
chr1	150561008	150561207	5694
chr1	150562177	150562216	5695
chr1	150568295	150568334	5696
chr1	150577160	150577370	5697
chr1	150579469	150579896	5698
chr1	150580980	150581190	5699
chr1	150600879	150601062	5700
chr1	150604867	150604954	5701
chr1	150605280	150605490	5702
chr1	150611552	150611729	5703
chr1	150619890	150620100	5704
chr1	150621581	150621790	5705
chr1	150629088	150629381	5706
chr1	150629554	150629763	5707
chr1	150667190	150667400	5708
chr1	150690120	150690330	5709
chr1	150770930	150771140	5710
chr1	150788260	150788470	5711
chr1	150813165	150813416	5712
chr1	150852365	150852516	5713
chr1	150852970	150853180	5714
chr1	150876227	150876342	5715
chr1	150877770	150877980	5716
chr1	150921690	150921900	5717
chr1	150921840	150922050	5718
chr1	150922060	150922270	5719
chr1	150922519	150922712	5720
chr1	150922900	150923110	5721
chr1	150926131	150926460	5722
chr1	150926601	150926778	5723
chr1	150961960	150962170	5724
chr1	150979534	150979743	5725
chr1	150981290	150981500	5726
chr1	150995520	150995730	5727
chr1	150996009	150996250	5728
chr1	151006853	151006896	5729
chr1	151008136	151008543	5730
chr1	151012450	151012660	5731
chr1	151012992	151013321	5732
chr1	151013490	151013700	5733
chr1	151024693	151024818	5734
chr1	151047681	151047858	5735
chr1	151059558	151059785	5736
chr1	151060540	151060750	5737
chr1	151071220	151071279	5738
chr1	151072280	151072490	5739
chr1	151099825	151100060	5740
chr1	151107512	151107631	5741
chr1	151125222	151125287	5742
chr1	151135540	151135750	5743
chr1	151156114	151156231	5744
chr1	151164870	151165080	5745
chr1	151165920	151166053	5746
chr1	151176101	151176194	5747
chr1	151189571	151189708	5748
chr1	151189850	151189869	5749
chr1	151190093	151190264	5750
chr1	151196400	151196595	5751
chr1	151197340	151197550	5752
chr1	151198343	151198584	5753
chr1	151200040	151200250	5754
chr1	151251875	151251875	5755
chr1	151265596	151265697	5756
chr1	151278830	151279040	5757
chr1	151281195	151281234	5758
chr1	151281248	151281585	5759
chr1	151281817	151282338	5760
chr1	151300963	151301174	5761
chr1	151327596	151327833	5762
chr1	151328010	151328220	5763
chr1	151340923	151341096	5764
chr1	151349160	151349370	5765
chr1	151443930	151444163	5766
chr1	151444670	151444880	5767
chr1	151459851	151459988	5768
chr1	151534815	151534926	5769
chr1	151536870	151537080	5770
chr1	151539715	151539754	5771
chr1	151540133	151540284	5772
chr1	151540430	151540640	5773
chr1	151547236	151547489	5774
chr1	151548630	151548840	5775
chr1	151556860	151557070	5776
chr1	151557090	151557300	5777
chr1	151594229	151594502	5778
chr1	151601720	151601930	5779
chr1	151611865	151612026	5780
chr1	151631060	151631270	5781
chr1	151631260	151631470	5782
chr1	151638495	151638680	5783
chr1	151664330	151664540	5784
chr1	151691860	151692070	5785
chr1	151693180	151693311	5786
chr1	151716248	151716291	5787
chr1	151716910	151717120	5788
chr1	151720510	151720720	5789
chr1	151729820	151730030	5790
chr1	151735193	151735236	5791
chr1	151790438	151790811	5792
chr1	151790975	151791014	5793
chr1	151791890	151792100	5794
chr1	151830732	151830999	5795
chr1	151832260	151832470	5796
chr1	151836538	151836685	5797
chr1	151838190	151838400	5798
chr1	151881700	151881910	5799
chr1	151889075	151889268	5800
chr1	151934151	151934252	5801
chr1	151941150	151941385	5802
chr1	151968120	151968231	5803
chr1	151975481	151975628	5804
chr1	151990030	151990240	5805
chr1	151992150	151992360	5806
chr1	151993919	151993938	5807
chr1	151995940	151996150	5808
chr1	151996971	151996998	5809
chr1	152001820	152002053	5810
chr1	152013797	152013852	5811
chr1	152018590	152018800	5812
chr1	152032240	152032450	5813
chr1	152034501	152034614	5814
chr1	152034702	152034787	5815
chr1	152048370	152048389	5816
chr1	152052658	152052805	5817
chr1	152142127	152142234	5818
chr1	152185687	152185826	5819
chr1	152189971	152190042	5820
chr1	152347302	152347413	5821
chr1	152399206	152399291	5822
chr1	152440975	152441154	5823
chr1	152451469	152451506	5824
chr1	152458559	152458602	5825
chr1	152460405	152460484	5826
chr1	152461660	152461870	5827
chr1	152486480	152486690	5828
chr1	152497410	152497620	5829
chr1	152533486	152533575	5830
chr1	152582860	152583070	5831
chr1	152615260	152615470	5832
chr1	152654178	152654247	5833
chr1	152655210	152655420	5834
chr1	152658745	152658896	5835
chr1	152709110	152709320	5836
chr1	152735766	152735883	5837
chr1	152776420	152776630	5838
chr1	152777630	152777840	5839
chr1	152786880	152787090	5840
chr1	152798730	152798940	5841
chr1	152869946	152870085	5842
chr1	152917992	152918081	5843
chr1	152960801	152960899	5844
chr1	153033021	153033119	5845
chr1	153192845	153192934	5846
chr1	153223207	153223292	5847
chr1	153229411	153229462	5848
chr1	153238720	153238779	5849
chr1	153278006	153278057	5850
chr1	153288820	153288879	5851
chr1	153352572	153352729	5852
chr1	153353620	153353830	5853
chr1	153404810	153405020	5854
chr1	153422566	153422663	5855
chr1	153452575	153452654	5856
chr1	153465869	153465954	5857
chr1	153495036	153495141	5858
chr1	153511012	153511237	5859
chr1	153532731	153533018	5860
chr1	153533279	153533346	5861
chr1	153545117	153545312	5862
chr1	153568619	153568846	5863
chr1	153608935	153609040	5864
chr1	153611080	153611290	5865
chr1	153627586	153627665	5866
chr1	153632550	153632760	5867
chr1	153658546	153658807	5868
chr1	153658990	153659009	5869
chr1	153671020	153671231	5870
chr1	153672360	153672570	5871
chr1	153677732	153677905	5872
chr1	153679030	153679240	5873
chr1	153708580	153708790	5874
chr1	153708910	153709120	5875
chr1	153742557	153742754	5876
chr1	153749040	153749250	5877
chr1	153749510	153749633	5878
chr1	153768334	153768637	5879
chr1	153768935	153768974	5880
chr1	153772041	153772092	5881
chr1	153775520	153775730	5882
chr1	153775740	153775950	5883
chr1	153776113	153776162	5884
chr1	153783424	153783579	5885
chr1	153783717	153783884	5886
chr1	153784610	153784820	5887
chr1	153797035	153797074	5888
chr1	153797353	153797488	5889
chr1	153821465	153821588	5890
chr1	153822630	153822840	5891
chr1	153860375	153860454	5892
chr1	153881090	153881300	5893
chr1	153896620	153896830	5894
chr1	153914850	153915060	5895
chr1	153920360	153920570	5896
chr1	153922551	153922688	5897
chr1	153946670	153946865	5898
chr1	153953929	153954164	5899
chr1	153964470	153964680	5900
chr1	153967351	153967432	5901
chr1	153967614	153967881	5902
chr1	153986826	153987073	5903
chr1	153990591	153990732	5904
chr1	154001797	154001993	5905
chr1	154014230	154014440	5906
chr1	154104827	154104948	5907
chr1	154158100	154158310	5908
chr1	154179220	154179430	5909
chr1	154182380	154182590	5910
chr1	154183217	154183400	5911
chr1	154186270	154186289	5912
chr1	154195720	154195930	5913
chr1	154199195	154199274	5914
chr1	154199613	154199738	5915
chr1	154214615	154214615	5916
chr1	154219430	154219640	5917
chr1	154237534	154237675	5918
chr1	154240020	154240230	5919
chr1	154247250	154247460	5920
chr1	154263960	154264170	5921
chr1	154272322	154272363	5922
chr1	154272483	154272682	5923
chr1	154281230	154281440	5924
chr1	154281410	154281620	5925
chr1	154281530	154281740	5926
chr1	154281790	154282000	5927
chr1	154322840	154323050	5928
chr1	154324664	154324845	5929
chr1	154325460	154325519	5930
chr1	154326357	154326456	5931
chr1	154334437	154334634	5932
chr1	154335176	154335279	5933
chr1	154345382	154345419	5934
chr1	154348490	154348700	5935
chr1	154394590	154394800	5936
chr1	154398230	154398440	5937
chr1	154405145	154405546	5938
chr1	154405810	154405971	5939
chr1	154426950	154427160	5940
chr1	154427661	154427759	5941
chr1	154439671	154439758	5942
chr1	154442510	154442720	5943
chr1	154453750	154453960	5944
chr1	154466975	154467054	5945
chr1	154478776	154478893	5946
chr1	154479892	154480109	5947
chr1	154497010	154497220	5948
chr1	154534358	154534547	5949
chr1	154546502	154546771	5950
chr1	154558677	154559056	5951
chr1	154559576	154559801	5952
chr1	154567961	154567980	5953
chr1	154600690	154600900	5954
chr1	154608766	154608923	5955
chr1	154609380	154609590	5956
chr1	154628271	154628418	5957
chr1	154669772	154669941	5958
chr1	154696130	154696340	5959
chr1	154697250	154697460	5960
chr1	154697900	154698110	5961
chr1	154698880	154699090	5962
chr1	154741954	154742045	5963
chr1	154760473	154760646	5964
chr1	154763590	154763800	5965
chr1	154819741	154819862	5966
chr1	154863696	154863793	5967
chr1	154870297	154870512	5968
chr1	154878580	154878691	5969
chr1	154884840	154885050	5970
chr1	154906795	154906874	5971
chr1	154908320	154908530	5972
chr1	154932214	154932389	5973
chr1	154936622	154936659	5974
chr1	154937214	154937327	5975
chr1	154943892	154944009	5976
chr1	154944832	154945005	5977
chr1	154956080	154956293	5978
chr1	154956810	154957020	5979
chr1	154960530	154960740	5980
chr1	154961737	154961932	5981
chr1	154962046	154962163	5982
chr1	154972673	154972882	5983
chr1	154974123	154974662	5984
chr1	154988265	154988296	5985
chr1	154993305	154993305	5986
chr1	154995790	154995935	5987
chr1	154999200	154999410	5988
chr1	155000040	155000250	5989
chr1	155001125	155001226	5990
chr1	155002018	155002419	5991
chr1	155004056	155004173	5992
chr1	155017533	155017770	5993
chr1	155022750	155022960	5994
chr1	155025212	155025427	5995
chr1	155044989	155045142	5996
chr1	155050615	155050654	5997
chr1	155061612	155061723	5998
chr1	155062840	155063049	5999
chr1	155063606	155063817	6000
chr1	155084761	155084974	6001
chr1	155086240	155086450	6002
chr1	155091481	155091654	6003
chr1	155093970	155094180	6004
chr1	155094470	155094680	6005
chr1	155103430	155103640	6006
chr1	155105350	155105560	6007
chr1	155107453	155107546	6008
chr1	155112785	155112828	6009
chr1	155127590	155127609	6010
chr1	155127810	155128020	6011
chr1	155129242	155129419	6012
chr1	155135215	155135294	6013
chr1	155167436	155167619	6014
chr1	155167987	155168066	6015
chr1	155170490	155170700	6016
chr1	155173211	155173402	6017
chr1	155176754	155176799	6018
chr1	155193561	155193800	6019
chr1	155194420	155194630	6020
chr1	155194848	155195033	6021
chr1	155206975	155207144	6022
chr1	155208630	155208781	6023
chr1	155209085	155209258	6024
chr1	155209650	155209709	6025
chr1	155218990	155219200	6026
chr1	155226664	155226829	6027
chr1	155227546	155227711	6028
chr1	155241194	155241371	6029
chr1	155249780	155249990	6030
chr1	155250773	155250966	6031
chr1	155255395	155255590	6032
chr1	155262276	155262481	6033
chr1	155273045	155273124	6034
chr1	155273413	155273692	6035
chr1	155277256	155277401	6036
chr1	155286760	155286779	6037
chr1	155301677	155301873	6038
chr1	155307570	155307589	6039
chr1	155308519	155308860	6040
chr1	155309110	155309320	6041
chr1	155316860	155317070	6042
chr1	155317070	155317280	6043
chr1	155323281	155323444	6044
chr1	155324359	155324508	6045
chr1	155324880	155325090	6046
chr1	155325160	155325370	6047
chr1	155342080	155342290	6048
chr1	155371400	155371610	6049
chr1	155440890	155441100	6050
chr1	155504380	155504439	6051
chr1	155562391	155562528	6052
chr1	155591920	155592057	6053
chr1	155599091	155599184	6054
chr1	155610030	155610177	6055
chr1	155642260	155642470	6056
chr1	155648177	155648373	6057
chr1	155689540	155689599	6058
chr1	155690650	155690860	6059
chr1	155698460	155698479	6060
chr1	155698615	155698654	6061
chr1	155712320	155712530	6062
chr1	155712798	155712871	6063
chr1	155729187	155729352	6064
chr1	155744580	155744790	6065
chr1	155745592	155745789	6066
chr1	155763450	155763660	6067
chr1	155859313	155859546	6068
chr1	155892860	155893070	6069
chr1	155893811	155893909	6070
chr1	155894200	155894410	6071
chr1	155938312	155938377	6072
chr1	155944787	155944982	6073
chr1	155949870	155950080	6074
chr1	155962090	155962300	6075
chr1	155967452	155967529	6076
chr1	155978615	155978654	6077
chr1	155978741	155978888	6078
chr1	155981635	155981635	6079
chr1	155983360	155983570	6080
chr1	155983923	155983972	6081
chr1	155989429	155989612	6082
chr1	155991185	155991350	6083
chr1	155991610	155991820	6084
chr1	156001112	156001241	6085
chr1	156020878	156021031	6086
chr1	156026043	156026126	6087
chr1	156040847	156040902	6088
chr1	156053711	156053912	6089
chr1	156054636	156054797	6090
chr1	156066427	156066546	6091
chr1	156090460	156090670	6092
chr1	156090819	156091014	6093
chr1	156091580	156091790	6094
chr1	156096733	156096866	6095
chr1	156114260	156114279	6096
chr1	156115820	156116030	6097
chr1	156130254	156130519	6098
chr1	156137120	156137330	6099
chr1	156141373	156141406	6100
chr1	156146088	156146233	6101
chr1	156150750	156150960	6102
chr1	156181940	156182150	6103
chr1	156184373	156184456	6104
chr1	156193881	156194114	6105
chr1	156225435	156225628	6106
chr1	156248026	156248153	6107
chr1	156259968	156260001	6108
chr1	156260740	156260950	6109
chr1	156277181	156277320	6110
chr1	156282799	156282952	6111
chr1	156283380	156283590	6112
chr1	156296050	156296260	6113
chr1	156319723	156319840	6114
chr1	156337290	156337500	6115
chr1	156338587	156338930	6116
chr1	156357064	156357161	6117
chr1	156360080	156360290	6118
chr1	156365800	156366010	6119
chr1	156371745	156371784	6120
chr1	156371913	156372116	6121
chr1	156383010	156383220	6122
chr1	156385720	156385881	6123
chr1	156420035	156420114	6124
chr1	156421737	156421802	6125
chr1	156444605	156444644	6126
chr1	156445848	156446041	6127
chr1	156456190	156456400	6128
chr1	156456526	156456735	6129
chr1	156457850	156458060	6130
chr1	156465790	156466000	6131
chr1	156479960	156480170	6132
chr1	156480836	156480945	6133
chr1	156501315	156501514	6134
chr1	156503420	156503630	6135
chr1	156505360	156505483	6136
chr1	156514160	156514370	6137
chr1	156549480	156549690	6138
chr1	156550130	156550340	6139
chr1	156551274	156551429	6140
chr1	156572513	156572700	6141
chr1	156584112	156584337	6142
chr1	156584853	156585048	6143
chr1	156601410	156601565	6144
chr1	156608167	156608322	6145
chr1	156609110	156609320	6146
chr1	156619495	156619495	6147
chr1	156624470	156624680	6148
chr1	156626001	156626178	6149
chr1	156627563	156627612	6150
chr1	156657510	156657720	6151
chr1	156660057	156660416	6152
chr1	156661400	156661581	6153
chr1	156665092	156665177	6154
chr1	156677305	156677554	6155
chr1	156678205	156678205	6156
chr1	156679170	156679380	6157
chr1	156682240	156682450	6158
chr1	156689070	156689129	6159
chr1	156689235	156689235	6160
chr1	156689643	156689708	6161
chr1	156706111	156706214	6162
chr1	156725940	156725999	6163
chr1	156726631	156726908	6164
chr1	156728698	156728861	6165
chr1	156746728	156746885	6166
chr1	156751759	156751910	6167
chr1	156765920	156766130	6168
chr1	156773710	156773920	6169
chr1	156794490	156794700	6170
chr1	156795864	156796061	6171
chr1	156796200	156796410	6172
chr1	156797427	156797572	6173
chr1	156813782	156814253	6174
chr1	156838991	156839158	6175
chr1	156860201	156860310	6176
chr1	156868620	156868830	6177
chr1	156876435	156876514	6178
chr1	156890221	156890324	6179
chr1	156892341	156892628	6180
chr1	156910379	156910514	6181
chr1	156920412	156920603	6182
chr1	156927782	156928087	6183
chr1	156931700	156931910	6184
chr1	156979810	156980020	6185
chr1	156993526	156993643	6186
chr1	157022200	157022410	6187
chr1	157058941	157059118	6188
chr1	157059339	157059484	6189
chr1	157074289	157074496	6190
chr1	157090301	157090374	6191
chr1	157136200	157136410	6192
chr1	157137830	157138040	6193
chr1	157156170	157156189	6194
chr1	157163755	157163794	6195
chr1	157170880	157170961	6196
chr1	157171990	157172200	6197
chr1	157193724	157193953	6198
chr1	157194080	157194290	6199
chr1	157197070	157197089	6200
chr1	157198390	157198600	6201
chr1	157228830	157229040	6202
chr1	157239930	157240140	6203
chr1	157240478	157240821	6204
chr1	157240865	157241040	6205
chr1	157279562	157279777	6206
chr1	157293470	157293680	6207
chr1	157294480	157294690	6208
chr1	157311234	157311337	6209
chr1	157363743	157363776	6210
chr1	157369995	157370170	6211
chr1	157377411	157377474	6212
chr1	157442180	157442390	6213
chr1	157464220	157464430	6214
chr1	157489482	157489597	6215
chr1	157490730	157490779	6216
chr1	157496151	157496378	6217
chr1	157505761	157505900	6218
chr1	157580328	157580449	6219
chr1	157626190	157626400	6220
chr1	157691493	157691542	6221
chr1	157773780	157773990	6222
chr1	157878245	157878284	6223
chr1	157948060	157948270	6224
chr1	157948687	157948808	6225
chr1	157963774	157963865	6226
chr1	157966070	157966280	6227
chr1	157992104	157992181	6228
chr1	158019570	158019859	6229
chr1	158036141	158036222	6230
chr1	158087455	158087628	6231
chr1	158095871	158095969	6232
chr1	158121784	158121911	6233
chr1	158124730	158124940	6234
chr1	158125091	158125258	6235
chr1	158203951	158204042	6236
chr1	158506542	158506607	6237
chr1	158998751	158998908	6238
chr1	159056350	159056560	6239
chr1	159072100	159072219	6240
chr1	159089260	159089470	6241
chr1	159132430	159132559	6242
chr1	159161105	159161260	6243
chr1	159177455	159177494	6244
chr1	159198138	159198181	6245
chr1	159211695	159211695	6246
chr1	159214200	159214410	6247
chr1	159458630	159458840	6248
chr1	159524680	159524890	6249
chr1	159780623	159780726	6250
chr1	159790470	159790529	6251
chr1	159798965	159799084	6252
chr1	159817790	159818000	6253
chr1	159829359	159829482	6254
chr1	159891725	159891784	6255
chr1	159925288	159925321	6256
chr1	159936470	159936735	6257
chr1	159945638	159945861	6258
chr1	159979690	159979900	6259
chr1	160006474	160006571	6260
chr1	160007717	160007874	6261
chr1	160030947	160031143	6262
chr1	160045811	160045918	6263
chr1	160046779	160046930	6264
chr1	160047450	160047660	6265
chr1	160053679	160053952	6266
chr1	160054130	160054340	6267
chr1	160064790	160065000	6268
chr1	160078757	160078812	6269
chr1	160085735	160085894	6270
chr1	160098599	160098778	6271
chr1	160101168	160101213	6272
chr1	160109432	160109721	6273
chr1	160124929	160125040	6274
chr1	160162340	160162359	6275
chr1	160162466	160162533	6276
chr1	160163796	160163845	6277
chr1	160192765	160192765	6278
chr1	160193223	160193402	6279
chr1	160193496	160193783	6280
chr1	160205620	160205830	6281
chr1	160205740	160205950	6282
chr1	160211250	160211460	6283
chr1	160211490	160211700	6284
chr1	160219739	160219820	6285
chr1	160252005	160252214	6286
chr1	160261600	160261810	6287
chr1	160262832	160263047	6288
chr1	160284160	160284370	6289
chr1	160291455	160291574	6290
chr1	160343189	160343432	6291
chr1	160354535	160354634	6292
chr1	160376629	160376736	6293
chr1	160377370	160377580	6294
chr1	160416530	160416625	6295
chr1	160428712	160428831	6296
chr1	160494751	160494852	6297
chr1	160535350	160535560	6298
chr1	160538330	160538540	6299
chr1	160539030	160539240	6300
chr1	160544760	160544970	6301
chr1	160607183	160607390	6302
chr1	160618854	160619001	6303
chr1	160636990	160637200	6304
chr1	160637910	160638120	6305
chr1	160675754	160675821	6306
chr1	160681652	160681679	6307
chr1	160692555	160692710	6308
chr1	160726914	160727049	6309
chr1	160768413	160768628	6310
chr1	160780153	160780258	6311
chr1	160821845	160821884	6312
chr1	160830692	160830767	6313
chr1	160835115	160835194	6314
chr1	160866080	160866290	6315
chr1	160866360	160866570	6316
chr1	160884808	160884851	6317
chr1	160943059	160943096	6318
chr1	160949540	160949750	6319
chr1	160951518	160951667	6320
chr1	160954376	160954473	6321
chr1	160961495	160961640	6322
chr1	160978606	160978697	6323
chr1	160989770	160989980	6324
chr1	160990384	160990457	6325
chr1	160990650	160990860	6326
chr1	160993731	160993824	6327
chr1	160997476	160997557	6328
chr1	161020670	161020880	6329
chr1	161021094	161021471	6330
chr1	161031710	161031920	6331
chr1	161041551	161041724	6332
chr1	161045879	161046060	6333
chr1	161071958	161072059	6334
chr1	161097780	161097913	6335
chr1	161098285	161098450	6336
chr1	161119660	161119870	6337
chr1	161132250	161132460	6338
chr1	161139926	161140045	6339
chr1	161153785	161154106	6340
chr1	161154216	161154345	6341
chr1	161177782	161177883	6342
chr1	161192629	161192760	6343
chr1	161201170	161201380	6344
chr1	161202230	161202373	6345
chr1	161209970	161210049	6346
chr1	161223760	161223970	6347
chr1	161224174	161224467	6348
chr1	161225735	161225774	6349
chr1	161225848	161226217	6350
chr1	161227528	161227571	6351
chr1	161256050	161256260	6352
chr1	161287653	161287810	6353
chr1	161291643	161291746	6354
chr1	161306351	161306370	6355
chr1	161314663	161315006	6356
chr1	161378340	161378550	6357
chr1	161382226	161382405	6358
chr1	161399832	161400137	6359
chr1	161400650	161400709	6360
chr1	161412450	161412660	6361
chr1	161487095	161487234	6362
chr1	161523826	161524019	6363
chr1	161524150	161524360	6364
chr1	161530958	161531191	6365
chr1	161539640	161539850	6366
chr1	161540680	161540890	6367
chr1	161543530	161543740	6368
chr1	161566317	161566382	6369
chr1	161568400	161568610	6370
chr1	161592700	161592910	6371
chr1	161610000	161610210	6372
chr1	161627360	161627570	6373
chr1	161647743	161647760	6374
chr1	161649260	161649470	6375
chr1	161672610	161672820	6376
chr1	161741572	161741759	6377
chr1	161747940	161748150	6378
chr1	161749667	161749766	6379
chr1	161749837	161750033	6380
chr1	161750137	161750322	6381
chr1	161763580	161763790	6382
chr1	161765010	161765220	6383
chr1	161765357	161765472	6384
chr1	161792762	161792933	6385
chr1	161816080	161816290	6386
chr1	161832770	161832789	6387
chr1	161864736	161864817	6388
chr1	161905404	161905485	6389
chr1	162024378	162024483	6390
chr1	162037055	162037178	6391
chr1	162041040	162041250	6392
chr1	162056069	162056244	6393
chr1	162087380	162087590	6394
chr1	162092067	162092160	6395
chr1	162132140	162132159	6396
chr1	162145019	162145130	6397
chr1	162145491	162145589	6398
chr1	162152433	162152630	6399
chr1	162173730	162173940	6400
chr1	162196560	162196770	6401
chr1	162197697	162197802	6402
chr1	162213729	162213874	6403
chr1	162230260	162230470	6404
chr1	162235344	162235531	6405
chr1	162247015	162247094	6406
chr1	162247405	162247584	6407
chr1	162247790	162248000	6408
chr1	162256421	162256519	6409
chr1	162276622	162276785	6410
chr1	162285370	162285389	6411
chr1	162357831	162357922	6412
chr1	162392199	162392314	6413
chr1	162392620	162392830	6414
chr1	162397029	162397224	6415
chr1	162529370	162529580	6416
chr1	162559490	162559700	6417
chr1	162560627	162560814	6418
chr1	162562680	162562890	6419
chr1	162596944	162597067	6420
chr1	162613823	162613912	6421
chr1	162627855	162627918	6422
chr1	162635441	162635672	6423
chr1	162682105	162682140	6424
chr1	162687980	162688190	6425
chr1	162690240	162690450	6426
chr1	162696385	162696526	6427
chr1	162712580	162712790	6428
chr1	162732231	162732329	6429
chr1	162740869	162740980	6430
chr1	162745890	162746100	6431
chr1	162746783	162746898	6432
chr1	162788945	162789024	6433
chr1	162799780	162799990	6434
chr1	162800383	162800530	6435
chr1	162831530	162831740	6436
chr1	162848011	162848104	6437
chr1	162848850	162849060	6438
chr1	162852480	162852690	6439
chr1	162854378	162854491	6440
chr1	162893378	162893587	6441
chr1	162893890	162894100	6442
chr1	162939203	162939300	6443
chr1	162989017	162989132	6444
chr1	163071930	163071989	6445
chr1	163171160	163171370	6446
chr1	163174941	163175100	6447
chr1	163315912	163316037	6448
chr1	163318790	163319000	6449
chr1	163321725	163322146	6450
chr1	163357525	163357564	6451
chr1	163357810	163358020	6452
chr1	163359246	163359403	6453
chr1	163361225	163361404	6454
chr1	163410105	163410230	6455
chr1	163528886	163528993	6456
chr1	163535961	163536074	6457
chr1	163561710	163561791	6458
chr1	164166655	164166694	6459
chr1	164439540	164439750	6460
chr1	164457210	164457420	6461
chr1	164470680	164470890	6462
chr1	164611916	164611965	6463
chr1	164612160	164612219	6464
chr1	164613260	164613470	6465
chr1	164616540	164616750	6466
chr1	164617959	164618122	6467
chr1	164673741	164673916	6468
chr1	164786420	164786630	6469
chr1	164787070	164787280	6470
chr1	164787462	164787577	6471
chr1	165073526	165073633	6472
chr1	165114412	165114557	6473
chr1	165129693	165129864	6474
chr1	165130690	165130900	6475
chr1	165135020	165135230	6476
chr1	165135220	165135430	6477
chr1	165137500	165137710	6478
chr1	165143635	165143674	6479
chr1	165144951	165145064	6480
chr1	165152821	165152960	6481
chr1	165163043	165163126	6482
chr1	165176070	165176280	6483
chr1	165194710	165194920	6484
chr1	165233610	165233820	6485
chr1	165235090	165235300	6486
chr1	165235485	165235630	6487
chr1	165235840	165236050	6488
chr1	165240750	165240960	6489
chr1	165241285	165241285	6490
chr1	165241420	165241615	6491
chr1	165248640	165248850	6492
chr1	165248970	165249180	6493
chr1	165253931	165254034	6494
chr1	165257350	165257560	6495
chr1	165258067	165258210	6496
chr1	165259358	165259495	6497
chr1	165281533	165281660	6498
chr1	165285863	165285946	6499
chr1	165290283	165290326	6500
chr1	165324454	165324577	6501
chr1	165349144	165349305	6502
chr1	165367490	165367649	6503
chr1	165369374	165369447	6504
chr1	165393014	165393151	6505
chr1	165403886	165404117	6506
chr1	165404750	165404960	6507
chr1	165408644	165408825	6508
chr1	165485855	165485934	6509
chr1	165525260	165525470	6510
chr1	165525758	165525863	6511
chr1	165556665	165556665	6512
chr1	165593074	165593143	6513
chr1	165593560	165593770	6514
chr1	165598239	165598332	6515
chr1	165598520	165598730	6516
chr1	165601230	165601440	6517
chr1	165601761	165601844	6518
chr1	165602230	165602440	6519
chr1	165645937	165646052	6520
chr1	165686190	165686400	6521
chr1	165688126	165688243	6522
chr1	165696000	165696210	6523
chr1	165699500	165699710	6524
chr1	165699670	165699880	6525
chr1	165718082	165718127	6526
chr1	165747647	165747702	6527
chr1	165768844	165768987	6528
chr1	165783530	165783740	6529
chr1	165785203	165785368	6530
chr1	165858462	165858601	6531
chr1	165871452	165871627	6532
chr1	165884813	165884960	6533
chr1	165893080	165893290	6534
chr1	165893300	165893510	6535
chr1	165900818	165900943	6536
chr1	165905031	165905134	6537
chr1	165910808	165911141	6538
chr1	165911282	165911343	6539
chr1	165914322	165914455	6540
chr1	165924682	165925007	6541
chr1	165928213	165928308	6542
chr1	165987520	165987730	6543
chr1	166017551	166017649	6544
chr1	166133405	166133524	6545
chr1	166164990	166165129	6546
chr1	166165537	166165733	6547
chr1	166258201	166258268	6548
chr1	166300959	166300996	6549
chr1	166354630	166354649	6550
chr1	166410130	166410340	6551
chr1	166433756	166433903	6552
chr1	166479149	166479294	6553
chr1	166489750	166489960	6554
chr1	166698800	166699010	6555
chr1	166786162	166786199	6556
chr1	166836640	166836850	6557
chr1	166839252	166839511	6558
chr1	166874560	166874579	6559
chr1	166875260	166875470	6560
chr1	166875940	166876699	6561
chr1	166884465	166884544	6562
chr1	166910447	166910672	6563
chr1	166910820	166911030	6564
chr1	166975471	166975584	6565
chr1	166975720	166975739	6566
chr1	167052556	167052713	6567
chr1	167057395	167057474	6568
chr1	167059286	167059375	6569
chr1	167065560	167065770	6570
chr1	167066763	167066836	6571
chr1	167082720	167082930	6572
chr1	167124182	167124387	6573
chr1	167208010	167208220	6574
chr1	167220531	167220808	6575
chr1	167221150	167221360	6576
chr1	167267904	167268083	6577
chr1	167288450	167288660	6578
chr1	167297318	167297461	6579
chr1	167342922	167343155	6580
chr1	167381558	167381577	6581
chr1	167401443	167401498	6582
chr1	167442267	167442412	6583
chr1	167520920	167521130	6584
chr1	167532517	167532688	6585
chr1	167533849	167534120	6586
chr1	167538710	167538920	6587
chr1	167540515	167540548	6588
chr1	167554170	167554380	6589
chr1	167556231	167556344	6590
chr1	167600225	167600258	6591
chr1	167628106	167628223	6592
chr1	167679874	167679959	6593
chr1	167688008	167688209	6594
chr1	167715559	167715640	6595
chr1	167716580	167716790	6596
chr1	167721180	167721223	6597
chr1	167721396	167721513	6598
chr1	167721802	167722017	6599
chr1	167739890	167740100	6600
chr1	167742580	167742599	6601
chr1	167803392	167803567	6602
chr1	167817288	167817475	6603
chr1	167832780	167832990	6604
chr1	167869540	167869750	6605
chr1	167870450	167870660	6606
chr1	167872620	167872830	6607
chr1	167878960	167878979	6608
chr1	167917190	167917349	6609
chr1	167926581	167926928	6610
chr1	167935310	167935520	6611
chr1	167935610	167935820	6612
chr1	167937430	167937640	6613
chr1	167973830	167974040	6614
chr1	168042516	168042633	6615
chr1	168082341	168082490	6616
chr1	168084922	168085007	6617
chr1	168093167	168093228	6618
chr1	168106376	168106625	6619
chr1	168137190	168137400	6620
chr1	168145937	168146052	6621
chr1	168146390	168146600	6622
chr1	168146810	168147020	6623
chr1	168178644	168179245	6624
chr1	168203330	168203499	6625
chr1	168225020	168225230	6626
chr1	168235390	168235449	6627
chr1	168252467	168252663	6628
chr1	168322073	168322122	6629
chr1	168342832	168342929	6630
chr1	168343631	168343762	6631
chr1	168354259	168354498	6632
chr1	168356720	168356930	6633
chr1	168365800	168366010	6634
chr1	168439260	168439470	6635
chr1	168439861	168440030	6636
chr1	168476806	168476859	6637
chr1	168495711	168495780	6638
chr1	168546127	168546186	6639
chr1	168550870	168551080	6640
chr1	168551757	168551884	6641
chr1	168561080	168561290	6642
chr1	168563660	168563870	6643
chr1	168569570	168569629	6644
chr1	168574438	168574457	6645
chr1	168599650	168599860	6646
chr1	168603611	168603734	6647
chr1	168637509	168637684	6648
chr1	168665170	168665380	6649
chr1	168687780	168687990	6650
chr1	168689521	168689619	6651
chr1	168689829	168690006	6652
chr1	168690465	168690465	6653
chr1	168693250	168693419	6654
chr1	168709530	168709740	6655
chr1	168735006	168735223	6656
chr1	168738860	168739070	6657
chr1	168739900	168740110	6658
chr1	168740040	168740250	6659
chr1	168789690	168789709	6660
chr1	168801436	168801651	6661
chr1	168811330	168811540	6662
chr1	168834549	168834770	6663
chr1	168861280	168861490	6664
chr1	168861798	168861919	6665
chr1	168907155	168907155	6666
chr1	168907285	168907324	6667
chr1	168920561	168920698	6668
chr1	168966353	168966402	6669
chr1	168987451	168987654	6670
chr1	169060187	169060242	6671
chr1	169060840	169061050	6672
chr1	169086731	169086829	6673
chr1	169087290	169087500	6674
chr1	169095120	169095330	6675
chr1	169098170	169098380	6676
chr1	169102610	169102820	6677
chr1	169107110	169107320	6678
chr1	169109383	169109416	6679
chr1	169109774	169110125	6680
chr1	169116104	169116461	6681
chr1	169134197	169134393	6682
chr1	169138550	169138760	6683
chr1	169148568	169148857	6684
chr1	169161971	169162148	6685
chr1	169250933	169251050	6686
chr1	169304240	169304450	6687
chr1	169348533	169348728	6688
chr1	169367411	169367588	6689
chr1	169367808	169368021	6690
chr1	169368112	169368337	6691
chr1	169460530	169460740	6692
chr1	169466402	169466489	6693
chr1	169483590	169483800	6694
chr1	169483710	169483920	6695
chr1	169484680	169484890	6696
chr1	169485238	169485271	6697
chr1	169508380	169508590	6698
chr1	169509490	169509635	6699
chr1	169511430	169511640	6700
chr1	169524020	169524230	6701
chr1	169546120	169546330	6702
chr1	169546515	169546676	6703
chr1	169549640	169549850	6704
chr1	169550384	169550457	6705
chr1	169568070	169568280	6706
chr1	169570263	169570296	6707
chr1	169572290	169572500	6708
chr1	169576298	169576603	6709
chr1	169584851	169584949	6710
chr1	169586521	169586580	6711
chr1	169586960	169587170	6712
chr1	169588360	169588419	6713
chr1	169588965	169588965	6714
chr1	169601215	169601334	6715
chr1	169712120	169712295	6716
chr1	169745234	169745465	6717
chr1	169766130	169766189	6718
chr1	169794903	169795088	6719
chr1	169809714	169809851	6720
chr1	169860884	169861117	6721
chr1	169892650	169892860	6722
chr1	169893689	169894180	6723
chr1	169894133	169894376	6724
chr1	169928948	169929227	6725
chr1	169929970	169930180	6726
chr1	169935020	169935230	6727
chr1	170010574	170010755	6728
chr1	170074110	170074320	6729
chr1	170074534	170074951	6730
chr1	170095010	170095220	6731
chr1	170113180	170113390	6732
chr1	170457495	170457495	6733
chr1	170531450	170531660	6734
chr1	170531832	170532183	6735
chr1	170532440	170532650	6736
chr1	170533440	170533650	6737
chr1	170666510	170666720	6738
chr1	170671450	170671660	6739
chr1	170689672	170689747	6740
chr1	170882093	170882160	6741
chr1	170929901	170929972	6742
chr1	170967165	170967270	6743
chr1	170967500	170967710	6744
chr1	171081358	171081479	6745
chr1	171107320	171107530	6746
chr1	171137670	171137880	6747
chr1	171142225	171142304	6748
chr1	171160280	171160490	6749
chr1	171161033	171161230	6750
chr1	171188180	171188390	6751
chr1	171188756	171188925	6752
chr1	171226370	171226580	6753
chr1	171226935	171226968	6754
chr1	171245613	171245696	6755
chr1	171251895	171251934	6756
chr1	171313929	171314152	6757
chr1	171344620	171344830	6758
chr1	171360345	171360384	6759
chr1	171405186	171405399	6760
chr1	171485343	171485614	6761
chr1	171515800	171516010	6762
chr1	171559740	171559950	6763
chr1	171566646	171566747	6764
chr1	171645029	171645178	6765
chr1	171655626	171655697	6766
chr1	171695906	171696023	6767
chr1	171715997	171716134	6768
chr1	171741393	171741476	6769
chr1	171777910	171778120	6770
chr1	171786440	171786650	6771
chr1	171801516	171801673	6772
chr1	171851118	171851211	6773
chr1	171880320	171880530	6774
chr1	171985001	171985164	6775
chr1	171985800	171985859	6776
chr1	172002892	172002993	6777
chr1	172005990	172006200	6778
chr1	172041898	172041941	6779
chr1	172090380	172090461	6780
chr1	172135217	172135406	6781
chr1	172179790	172180000	6782
chr1	172269277	172269332	6783
chr1	172359850	172360060	6784
chr1	172360597	172360776	6785
chr1	172386890	172387100	6786
chr1	172390361	172390459	6787
chr1	172399554	172399721	6788
chr1	172429459	172429610	6789
chr1	172442440	172442650	6790
chr1	172444060	172444237	6791
chr1	172449096	172449213	6792
chr1	172449977	172450218	6793
chr1	172451220	172451430	6794
chr1	172470266	172470457	6795
chr1	172470940	172471150	6796
chr1	172510666	172510823	6797
chr1	172532431	172532620	6798
chr1	172532701	172533164	6799
chr1	172557347	172557498	6800
chr1	172558610	172558820	6801
chr1	172582300	172582510	6802
chr1	172644010	172644220	6803
chr1	172717754	172717985	6804
chr1	172719742	172719883	6805
chr1	172728143	172728262	6806
chr1	172742810	172742829	6807
chr1	172743170	172743380	6808
chr1	172745074	172745265	6809
chr1	172826064	172826317	6810
chr1	172859400	172859610	6811
chr1	172933160	172933370	6812
chr1	172933991	172934128	6813
chr1	172975480	172975690	6814
chr1	172976480	172976681	6815
chr1	173005361	173005448	6816
chr1	173024719	173024816	6817
chr1	173127280	173127490	6818
chr1	173127929	173128200	6819
chr1	173128316	173128473	6820
chr1	173190635	173190820	6821
chr1	173190990	173191200	6822
chr1	173196900	173197110	6823
chr1	173198620	173198830	6824
chr1	173202488	173202595	6825
chr1	173205488	173205635	6826
chr1	173208970	173209180	6827
chr1	173210818	173211017	6828
chr1	173211250	173211460	6829
chr1	173212120	173212330	6830
chr1	173212340	173212550	6831
chr1	173212940	173213150	6832
chr1	173255295	173255460	6833
chr1	173269510	173269720	6834
chr1	173420453	173420620	6835
chr1	173429610	173429820	6836
chr1	173430010	173430220	6837
chr1	173431315	173431426	6838
chr1	173475810	173476020	6839
chr1	173476983	173477324	6840
chr1	173479470	173479680	6841
chr1	173523400	173523610	6842
chr1	173563005	173563044	6843
chr1	173629010	173629220	6844
chr1	173691274	173691391	6845
chr1	173714782	173715113	6846
chr1	173716910	173717120	6847
chr1	173753925	173754110	6848
chr1	173803216	173803313	6849
chr1	173825176	173825279	6850
chr1	173867984	173868239	6851
chr1	173868638	173868671	6852
chr1	173869107	173869303	6853
chr1	173924790	173925000	6854
chr1	173925403	173925658	6855
chr1	173968600	173968810	6856
chr1	173984400	173984610	6857
chr1	174074909	174075044	6858
chr1	174093989	174094028	6859
chr1	174144484	174144647	6860
chr1	174159263	174159628	6861
chr1	174160400	174160419	6862
chr1	174174583	174174632	6863
chr1	174175930	174176140	6864
chr1	174189865	174189865	6865
chr1	174217814	174217991	6866
chr1	174258172	174258393	6867
chr1	174262861	174262932	6868
chr1	174267394	174267467	6869
chr1	174274621	174274758	6870
chr1	174301360	174301570	6871
chr1	174411570	174411780	6872
chr1	174554200	174554410	6873
chr1	174623570	174623780	6874
chr1	174648240	174648450	6875
chr1	174666080	174666290	6876
chr1	174666393	174666532	6877
chr1	174682585	174682624	6878
chr1	174689340	174689550	6879
chr1	174689670	174689880	6880
chr1	174690010	174690220	6881
chr1	174714045	174714084	6882
chr1	174719270	174719480	6883
chr1	174726345	174726424	6884
chr1	174726664	174726797	6885
chr1	174727211	174727348	6886
chr1	174744070	174744291	6887
chr1	174744640	174744850	6888
chr1	174770060	174770259	6889
chr1	174770750	174770960	6890
chr1	174772610	174772820	6891
chr1	174812765	174813030	6892
chr1	174849246	174849375	6893
chr1	174883537	174883604	6894
chr1	174890860	174891070	6895
chr1	174897160	174897370	6896
chr1	174898540	174898709	6897
chr1	174902730	174902851	6898
chr1	174953851	174953949	6899
chr1	174954150	174954360	6900
chr1	174968830	174969040	6901
chr1	174983353	174983536	6902
chr1	174990525	174990564	6903
chr1	174998594	174998717	6904
chr1	174999221	174999990	6905
chr1	175000001	175000099	6906
chr1	175029797	175029962	6907
chr1	175096292	175096461	6908
chr1	175125020	175125230	6909
chr1	175125367	175125528	6910
chr1	175146612	175146841	6911
chr1	175152089	175152244	6912
chr1	175152420	175152630	6913
chr1	175155010	175155069	6914
chr1	175221780	175221990	6915
chr1	175282630	175282840	6916
chr1	175319754	175319907	6917
chr1	175338661	175338798	6918
chr1	175373956	175374073	6919
chr1	175376120	175376330	6920
chr1	175434405	175434444	6921
chr1	175480240	175480450	6922
chr1	175481235	175481364	6923
chr1	175725740	175725950	6924
chr1	175743121	175743258	6925
chr1	175743795	175743834	6926
chr1	175744950	175745160	6927
chr1	175756610	175756820	6928
chr1	175757503	175757650	6929
chr1	175788940	175789150	6930
chr1	175808630	175808840	6931
chr1	175824260	175824470	6932
chr1	175839000	175839210	6933
chr1	175840260	175840470	6934
chr1	175847360	175847570	6935
chr1	176010080	176010290	6936
chr1	176056350	176056560	6937
chr1	176058771	176058948	6938
chr1	176073589	176073786	6939
chr1	176074760	176074970	6940
chr1	176119752	176119789	6941
chr1	176149860	176150070	6942
chr1	176150472	176150509	6943
chr1	176178400	176178610	6944
chr1	176207970	176208180	6945
chr1	176374210	176374420	6946
chr1	176375118	176375199	6947
chr1	176444400	176444610	6948
chr1	176466656	176466779	6949
chr1	176559891	176560102	6950
chr1	176691749	176691964	6951
chr1	176746141	176746228	6952
chr1	176881128	176881225	6953
chr1	176897520	176897579	6954
chr1	176949157	176949282	6955
chr1	176954310	176954520	6956
chr1	177181793	177181936	6957
chr1	177184100	177184310	6958
chr1	177185250	177185460	6959
chr1	177256308	177256501	6960
chr1	177567490	177567700	6961
chr1	177571810	177571959	6962
chr1	177640820	177641030	6963
chr1	177741510	177741720	6964
chr1	177780253	177780388	6965
chr1	177794470	177794680	6966
chr1	177799830	177800040	6967
chr1	177913833	177913928	6968
chr1	177946017	177946250	6969
chr1	177948510	177948593	6970
chr1	177987520	177987730	6971
chr1	178023466	178023563	6972
chr1	178031985	178032024	6973
chr1	178053011	178053174	6974
chr1	178055320	178055339	6975
chr1	178055981	178056148	6976
chr1	178061030	178061240	6977
chr1	178093548	178093783	6978
chr1	178094760	178094970	6979
chr1	178096260	178096470	6980
chr1	178126764	178126831	6981
chr1	178126980	178127190	6982
chr1	178189958	178190027	6983
chr1	178208720	178208739	6984
chr1	178238873	178238922	6985
chr1	178262220	178262430	6986
chr1	178283011	178283104	6987
chr1	178300009	178300246	6988
chr1	178310060	178310270	6989
chr1	178310797	178310886	6990
chr1	178344458	178344681	6991
chr1	178350020	178350230	6992
chr1	178350562	178350627	6993
chr1	178361930	178362140	6994
chr1	178426970	178427180	6995
chr1	178501859	178501952	6996
chr1	178527720	178527930	6997
chr1	178529473	178529586	6998
chr1	178532308	178532633	6999
chr1	178542210	178542895	7000
chr1	178543163	178543196	7001
chr1	178551429	178551516	7002
chr1	178564536	178564617	7003
chr1	178614470	178614529	7004
chr1	178620911	178621124	7005
chr1	178643640	178643850	7006
chr1	178644367	178644458	7007
chr1	178668570	178668780	7008
chr1	178668690	178668900	7009
chr1	178681600	178681810	7010
chr1	178682550	178682715	7011
chr1	178718200	178718410	7012
chr1	178724780	178724990	7013
chr1	178725690	178725900	7014
chr1	178726281	178726472	7015
chr1	178745040	178745250	7016
chr1	178745467	178745548	7017
chr1	178753474	178753655	7018
chr1	178768390	178768600	7019
chr1	178806280	178806490	7020
chr1	178806800	178806937	7021
chr1	178812830	178812849	7022
chr1	178871025	178871302	7023
chr1	178871702	178871787	7024
chr1	178923609	178923760	7025
chr1	178947411	178947548	7026
chr1	178951246	178951375	7027
chr1	179002571	179002590	7028
chr1	179002868	179002917	7029
chr1	179003930	179004140	7030
chr1	179029575	179029614	7031
chr1	179046182	179046383	7032
chr1	179046610	179046820	7033
chr1	179069157	179069382	7034
chr1	179079253	179079428	7035
chr1	179079750	179079960	7036
chr1	179091771	179091918	7037
chr1	179104969	179105150	7038
chr1	179105300	179105510	7039
chr1	179105430	179105640	7040
chr1	179121259	179121362	7041
chr1	179129800	179130010	7042
chr1	179147630	179147840	7043
chr1	179147820	179148030	7044
chr1	179157040	179157250	7045
chr1	179159260	179159470	7046
chr1	179164720	179164930	7047
chr1	179193958	179194127	7048
chr1	179226835	179226974	7049
chr1	179250930	179251140	7050
chr1	179292512	179292567	7051
chr1	179293642	179293841	7052
chr1	179294510	179294720	7053
chr1	179342918	179342951	7054
chr1	179365684	179366079	7055
chr1	179369812	179370051	7056
chr1	179384120	179384330	7057
chr1	179447669	179447734	7058
chr1	179599800	179599849	7059
chr1	179706443	179706622	7060
chr1	179770970	179771180	7061
chr1	179774650	179774860	7062
chr1	179810001	179810102	7063
chr1	179814931	179815054	7064
chr1	179867440	179867650	7065
chr1	179867853	179867976	7066
chr1	179877310	179877520	7067
chr1	179882100	179882310	7068
chr1	179882975	179883054	7069
chr1	179883770	179883980	7070
chr1	179953740	179953950	7071
chr1	179954589	179954660	7072
chr1	179954805	179954805	7073
chr1	180040470	180040680	7074
chr1	180073700	180073910	7075
chr1	180096710	180096920	7076
chr1	180133421	180133440	7077
chr1	180155770	180155980	7078
chr1	180157723	180158028	7079
chr1	180168821	180168916	7080
chr1	180178940	180179089	7081
chr1	180188295	180188488	7082
chr1	180244890	180245100	7083
chr1	180252787	180252842	7084
chr1	180270382	180270527	7085
chr1	180270810	180271020	7086
chr1	180289690	180289900	7087
chr1	180291110	180291320	7088
chr1	180291960	180292170	7089
chr1	180414220	180414430	7090
chr1	180416155	180416194	7091
chr1	180478309	180478440	7092
chr1	180482573	180482728	7093
chr1	180501980	180502190	7094
chr1	180502840	180503197	7095
chr1	180503300	180503510	7096
chr1	180503450	180503660	7097
chr1	180515973	180516056	7098
chr1	180521621	180521836	7099
chr1	180522322	180522537	7100
chr1	180533624	180533793	7101
chr1	180534210	180534420	7102
chr1	180560260	180560470	7103
chr1	180574430	180574640	7104
chr1	180585077	180585202	7105
chr1	180598745	180598910	7106
chr1	180624101	180624174	7107
chr1	180631843	180632038	7108
chr1	180636221	180636398	7109
chr1	180778885	180779088	7110
chr1	180814970	180815180	7111
chr1	180815396	180815513	7112
chr1	180817140	180817350	7113
chr1	180863331	180863444	7114
chr1	180882074	180882161	7115
chr1	180892770	180892980	7116
chr1	180916621	180916719	7117
chr1	180917448	180917481	7118
chr1	180927380	180927590	7119
chr1	180935694	180935831	7120
chr1	180988587	180988783	7121
chr1	181033809	181034040	7122
chr1	181038578	181038625	7123
chr1	181039810	181040020	7124
chr1	181043055	181043162	7125
chr1	181074050	181074260	7126
chr1	181084369	181084508	7127
chr1	181087590	181087800	7128
chr1	181105520	181105597	7129
chr1	181108360	181108570	7130
chr1	181120855	181120855	7131
chr1	181121105	181121105	7132
chr1	181127023	181127230	7133
chr1	181142541	181142696	7134
chr1	181153167	181153222	7135
chr1	181166654	181166865	7136
chr1	181189180	181189390	7137
chr1	181189942	181190147	7138
chr1	181250090	181250300	7139
chr1	181310670	181310880	7140
chr1	181323840	181324050	7141
chr1	181425091	181425226	7142
chr1	181425410	181425620	7143
chr1	181479250	181479413	7144
chr1	181504470	181504489	7145
chr1	181514475	181514554	7146
chr1	181583761	181583859	7147
chr1	181618630	181618840	7148
chr1	181676380	181676583	7149
chr1	181677160	181677370	7150
chr1	181937068	181937303	7151
chr1	182004300	182004510	7152
chr1	182030026	182030143	7153
chr1	182035584	182035655	7154
chr1	182054778	182054975	7155
chr1	182081100	182081197	7156
chr1	182082390	182082600	7157
chr1	182084500	182084710	7158
chr1	182085041	182085180	7159
chr1	182091286	182091335	7160
chr1	182100290	182100500	7161
chr1	182101536	182101637	7162
chr1	182120970	182121071	7163
chr1	182143262	182143427	7164
chr1	182175390	182175600	7165
chr1	182186380	182186590	7166
chr1	182199990	182200200	7167
chr1	182200430	182200640	7168
chr1	182201639	182201810	7169
chr1	182221571	182221669	7170
chr1	182246960	182247170	7171
chr1	182249340	182249557	7172
chr1	182249740	182249950	7173
chr1	182260190	182260400	7174
chr1	182279837	182280038	7175
chr1	182288857	182288976	7176
chr1	182291850	182292060	7177
chr1	182301844	182302105	7178
chr1	182309470	182309680	7179
chr1	182320500	182320739	7180
chr1	182321686	182321835	7181
chr1	182338100	182338310	7182
chr1	182340341	182340454	7183
chr1	182391321	182391458	7184
chr1	182391855	182391958	7185
chr1	182396764	182396959	7186
chr1	182398150	182398360	7187
chr1	182446131	182446308	7188
chr1	182458030	182458049	7189
chr1	182459910	182460120	7190
chr1	182484630	182484689	7191
chr1	182527800	182528010	7192
chr1	182575580	182575790	7193
chr1	182595400	182595610	7194
chr1	182595820	182595879	7195
chr1	182601491	182601580	7196
chr1	182614970	182615180	7197
chr1	182662590	182662800	7198
chr1	182717380	182717590	7199
chr1	182784701	182784802	7200
chr1	182786920	182787130	7201
chr1	182806351	182806488	7202
chr1	182834340	182834550	7203
chr1	182839592	182839759	7204
chr1	182840140	182840350	7205
chr1	182840330	182840540	7206
chr1	182863390	182863600	7207
chr1	182962668	182962733	7208
chr1	183021590	183021800	7209
chr1	183022220	183022430	7210
chr1	183022660	183022870	7211
chr1	183024019	183024136	7212
chr1	183030222	183030367	7213
chr1	183045000	183045210	7214
chr1	183051200	183051410	7215
chr1	183071400	183071610	7216
chr1	183073515	183073554	7217
chr1	183087630	183087840	7218
chr1	183089138	183089467	7219
chr1	183098481	183098658	7220
chr1	183114730	183114940	7221
chr1	183139502	183139883	7222
chr1	183148730	183148940	7223
chr1	183228120	183228259	7224
chr1	183235175	183235214	7225
chr1	183281584	183281757	7226
chr1	183306757	183306842	7227
chr1	183318558	183318705	7228
chr1	183470225	183470380	7229
chr1	183471777	183472012	7230
chr1	183472154	183472367	7231
chr1	183474200	183474410	7232
chr1	183543702	183543859	7233
chr1	183564730	183564940	7234
chr1	183569296	183569413	7235
chr1	183603265	183603470	7236
chr1	183609435	183609474	7237
chr1	183622930	183623140	7238
chr1	183623303	183623538	7239
chr1	183633785	183633824	7240
chr1	183633926	183634043	7241
chr1	183634470	183634680	7242
chr1	183636290	183636500	7243
chr1	183640260	183640470	7244
chr1	183655619	183655742	7245
chr1	183660320	183660530	7246
chr1	183676666	183676783	7247
chr1	183685273	183685366	7248
chr1	183685520	183685730	7249
chr1	183699621	183700004	7250
chr1	183731550	183731760	7251
chr1	183742480	183742690	7252
chr1	183753400	183753610	7253
chr1	183777430	183777640	7254
chr1	183781810	183782020	7255
chr1	183794239	183794342	7256
chr1	183805580	183805790	7257
chr1	183806400	183806610	7258
chr1	183812838	183812943	7259
chr1	183828035	183828074	7260
chr1	183842542	183842701	7261
chr1	183843370	183843580	7262
chr1	183859990	183860200	7263
chr1	183881806	183881923	7264
chr1	183885230	183885440	7265
chr1	183892497	183892552	7266
chr1	183915660	183915870	7267
chr1	183916083	183916278	7268
chr1	183995200	183995410	7269
chr1	183996563	183996646	7270
chr1	184001830	184002040	7271
chr1	184002325	184002325	7272
chr1	184035710	184035920	7273
chr1	184036520	184036579	7274
chr1	184044700	184044910	7275
chr1	184044950	184045160	7276
chr1	184050940	184051150	7277
chr1	184051555	184051766	7278
chr1	184074760	184074970	7279
chr1	184075565	184075654	7280
chr1	184110320	184110530	7281
chr1	184222668	184222881	7282
chr1	184310276	184310405	7283
chr1	184465935	184465974	7284
chr1	184491691	184491828	7285
chr1	184597310	184597520	7286
chr1	184664077	184664178	7287
chr1	184691440	184691650	7288
chr1	184691854	184691937	7289
chr1	184754210	184754420	7290
chr1	184754751	184755020	7291
chr1	184755106	184755187	7292
chr1	184805643	184805868	7293
chr1	184839750	184839960	7294
chr1	184857280	184857490	7295
chr1	184861780	184861990	7296
chr1	184905721	184905819	7297
chr1	184975460	184975479	7298
chr1	184981690	184981900	7299
chr1	184982280	184982329	7300
chr1	184986461	184986480	7301
chr1	185156955	185157300	7302
chr1	185169730	185169940	7303
chr1	185170291	185170430	7304
chr1	185170562	185170697	7305
chr1	185234410	185234429	7306
chr1	185234700	185234910	7307
chr1	185238599	185238730	7308
chr1	185239850	185240060	7309
chr1	185311190	185311400	7310
chr1	185311720	185311930	7311
chr1	185315530	185315740	7312
chr1	185316198	185316463	7313
chr1	185316830	185316889	7314
chr1	185317253	185317530	7315
chr1	185350126	185350251	7316
chr1	185409400	185409610	7317
chr1	185432250	185432460	7318
chr1	185441785	185441824	7319
chr1	185560035	185560035	7320
chr1	185596163	185596342	7321
chr1	185647190	185647249	7322
chr1	185652540	185652559	7323
chr1	185656760	185656970	7324
chr1	185670420	185670630	7325
chr1	185681154	185681293	7326
chr1	185694300	185694510	7327
chr1	185695418	185695555	7328
chr1	185720750	185720960	7329
chr1	185733760	185733970	7330
chr1	185813508	185813685	7331
chr1	185998450	185998660	7332
chr1	186082360	186082570	7333
chr1	186083370	186083580	7334
chr1	186155801	186155852	7335
chr1	186162975	186163054	7336
chr1	186212745	186212888	7337
chr1	186244975	186245014	7338
chr1	186296100	186296310	7339
chr1	186305165	186305204	7340
chr1	186325381	186325479	7341
chr1	186359910	186360120	7342
chr1	186360250	186360460	7343
chr1	186375157	186375452	7344
chr1	186375528	186376021	7345
chr1	186404555	186404694	7346
chr1	186481630	186481840	7347
chr1	186482778	186482927	7348
chr1	186605871	186605994	7349
chr1	186722876	186722993	7350
chr1	186723310	186723520	7351
chr1	186806644	186806717	7352
chr1	186917200	186917410	7353
chr1	186985410	186985620	7354
chr1	186986061	186986112	7355
chr1	187051741	187051868	7356
chr1	187052620	187052639	7357
chr1	187052940	187053150	7358
chr1	187265137	187265276	7359
chr1	187435490	187435700	7360
chr1	187442090	187442300	7361
chr1	187551210	187551420	7362
chr1	187746880	187747090	7363
chr1	187753330	187753540	7364
chr1	187928404	187928625	7365
chr1	187933610	187933820	7366
chr1	187958260	187958470	7367
chr1	188000146	188000197	7368
chr1	188593820	188594030	7369
chr1	188594692	188594757	7370
chr1	188782329	188782540	7371
chr1	188922590	188922800	7372
chr1	188939120	188939330	7373
chr1	188975500	188975710	7374
chr1	189149871	189149952	7375
chr1	189224020	189224230	7376
chr1	189428390	189428600	7377
chr1	189429675	189429768	7378
chr1	189573000	189573210	7379
chr1	189678864	189679185	7380
chr1	189708840	189708859	7381
chr1	189859568	189859587	7382
chr1	190084620	190084830	7383
chr1	190321165	190321204	7384
chr1	190373290	190373500	7385
chr1	190373854	190373915	7386
chr1	190436777	190436852	7387
chr1	190616020	190616039	7388
chr1	190633611	190633748	7389
chr1	191126885	191127090	7390
chr1	192311400	192311610	7391
chr1	192445927	192446148	7392
chr1	192471280	192471490	7393
chr1	192474169	192474400	7394
chr1	192477722	192477891	7395
chr1	192506782	192506903	7396
chr1	192580600	192580619	7397
chr1	192610250	192610269	7398
chr1	192610520	192610730	7399
chr1	192610660	192610870	7400
chr1	192614160	192614370	7401
chr1	192668537	192668712	7402
chr1	192697960	192697979	7403
chr1	192699400	192699610	7404
chr1	192700710	192700920	7405
chr1	192701125	192701254	7406
chr1	192702339	192702436	7407
chr1	192706060	192706270	7408
chr1	192708020	192708230	7409
chr1	192709663	192709830	7410
chr1	192732890	192733100	7411
chr1	192739570	192739629	7412
chr1	192759190	192759400	7413
chr1	192806005	192806005	7414
chr1	192808590	192808800	7415
chr1	192849490	192849700	7416
chr1	192851440	192851650	7417
chr1	193007330	193007540	7418
chr1	193007964	193008169	7419
chr1	193019605	193019716	7420
chr1	193031530	193031643	7421
chr1	193032180	193032390	7422
chr1	193036392	193036609	7423
chr1	193058410	193058620	7424
chr1	193059394	193059631	7425
chr1	193070090	193070300	7426
chr1	193121895	193122134	7427
chr1	193143375	193143528	7428
chr1	193183087	193183366	7429
chr1	193186170	193186380	7430
chr1	193254941	193255039	7431
chr1	193355270	193355480	7432
chr1	193381760	193381970	7433
chr1	193406945	193407070	7434
chr1	193520078	193520151	7435
chr1	194102690	194102900	7436
chr1	194107170	194107380	7437
chr1	194117696	194117853	7438
chr1	194118730	194118940	7439
chr1	194295783	194295940	7440
chr1	194342920	194343130	7441
chr1	195345200	195345410	7442
chr1	195743030	195743240	7443
chr1	195940022	195940087	7444
chr1	196029580	196029790	7445
chr1	196148444	196148681	7446
chr1	196309524	196309649	7447
chr1	196318040	196318189	7448
chr1	196355332	196355417	7449
chr1	196373043	196373318	7450
chr1	196373420	196373630	7451
chr1	196380410	196380620	7452
chr1	196401006	196401123	7453
chr1	196438465	196438604	7454
chr1	196440190	196440400	7455
chr1	196609240	196609450	7456
chr1	196660110	196660320	7457
chr1	196661032	196661147	7458
chr1	196723522	196723593	7459
chr1	196743373	196743502	7460
chr1	196759910	196760120	7461
chr1	196766752	196766967	7462
chr1	196775700	196775910	7463
chr1	196779170	196779380	7464
chr1	196818270	196818480	7465
chr1	196844000	196844210	7466
chr1	196887940	196887959	7467
chr1	196937620	196937830	7468
chr1	196941987	196942183	7469
chr1	196991897	196992244	7470
chr1	197024390	197024600	7471
chr1	197024520	197024730	7472
chr1	197043178	197043211	7473
chr1	197044325	197044325	7474
chr1	197066812	197067029	7475
chr1	197067610	197067643	7476
chr1	197094540	197094750	7477
chr1	197148030	197148240	7478
chr1	197156754	197157015	7479
chr1	197174230	197174395	7480
chr1	197180402	197180559	7481
chr1	197201245	197201584	7482
chr1	197202070	197202129	7483
chr1	197268080	197268290	7484
chr1	197314660	197314870	7485
chr1	197326760	197326970	7486
chr1	197327140	197327350	7487
chr1	197327880	197328090	7488
chr1	197335833	197336042	7489
chr1	197357086	197357191	7490
chr1	197399240	197399450	7491
chr1	197400176	197400423	7492
chr1	197519770	197519953	7493
chr1	197521210	197521433	7494
chr1	197527270	197527480	7495
chr1	197557550	197557569	7496
chr1	197584400	197584610	7497
chr1	197585954	197586089	7498
chr1	197615287	197615466	7499
chr1	197615620	197615830	7500
chr1	197618530	197618740	7501
chr1	197619240	197619259	7502
chr1	197620717	197620894	7503
chr1	197650490	197650700	7504
chr1	197661150	197661360	7505
chr1	197691850	197692060	7506
chr1	197693122	197693253	7507
chr1	197733268	197733453	7508
chr1	197733533	197733720	7509
chr1	197774949	197774986	7510
chr1	197775433	197775590	7511
chr1	197776050	197776260	7512
chr1	197801770	197801980	7513
chr1	197802421	197802519	7514
chr1	197810250	197810460	7515
chr1	197837110	197837320	7516
chr1	197838085	197838164	7517
chr1	197839800	197840010	7518
chr1	197869039	197869146	7519
chr1	197900430	197900640	7520
chr1	197902813	197903016	7521
chr1	197914760	197914970	7522
chr1	197915880	197916105	7523
chr1	197918540	197918750	7524
chr1	197924635	197924834	7525
chr1	197927710	197927920	7526
chr1	197954640	197954850	7527
chr1	197994470	197994680	7528
chr1	197995231	197995502	7529
chr1	197995780	197995990	7530
chr1	198056345	198056500	7531
chr1	198072357	198072412	7532
chr1	198088056	198088173	7533
chr1	198088381	198088610	7534
chr1	198156806	198156923	7535
chr1	198157021	198157114	7536
chr1	198157950	198158160	7537
chr1	198162160	198162370	7538
chr1	198176480	198176690	7539
chr1	198254710	198254729	7540
chr1	198274980	198275190	7541
chr1	198359211	198359288	7542
chr1	198387860	198388070	7543
chr1	198464070	198464280	7544
chr1	198465180	198465390	7545
chr1	198465701	198465826	7546
chr1	198466380	198466590	7547
chr1	198534950	198535160	7548
chr1	198686183	198686406	7549
chr1	198686910	198687120	7550
chr1	198687550	198687760	7551
chr1	198699443	198699700	7552
chr1	198756580	198756709	7553
chr1	198937450	198937660	7554
chr1	199113399	199113492	7555
chr1	199242290	199242500	7556
chr1	199243090	199243300	7557
chr1	199243531	199243698	7558
chr1	199463672	199463737	7559
chr1	199545840	199546050	7560
chr1	199552116	199552267	7561
chr1	199684707	199684992	7562
chr1	199954827	199954988	7563
chr1	200040594	200040827	7564
chr1	200076290	200076500	7565
chr1	200116320	200116530	7566
chr1	200138700	200138910	7567
chr1	200139766	200139903	7568
chr1	200181055	200181055	7569
chr1	200257900	200258110	7570
chr1	200258508	200258743	7571
chr1	200262460	200262670	7572
chr1	200263299	200263490	7573
chr1	200268030	200268240	7574
chr1	200269490	200269700	7575
chr1	200275800	200276010	7576
chr1	200276609	200276674	7577
chr1	200279952	200280025	7578
chr1	200290097	200290293	7579
chr1	200296322	200296511	7580
chr1	200300470	200300680	7581
chr1	200302275	200302354	7582
chr1	200307603	200307722	7583
chr1	200314369	200314756	7584
chr1	200331176	200331333	7585
chr1	200337720	200337930	7586
chr1	200338625	200338764	7587
chr1	200372194	200372357	7588
chr1	200373790	200374000	7589
chr1	200408780	200408990	7590
chr1	200410640	200410850	7591
chr1	200416140	200416350	7592
chr1	200425290	200425500	7593
chr1	200429356	200429405	7594
chr1	200429750	200429960	7595
chr1	200483608	200483729	7596
chr1	200488824	200488925	7597
chr1	200509540	200509750	7598
chr1	200510273	200510372	7599
chr1	200535652	200535869	7600
chr1	200558987	200559124	7601
chr1	200622436	200622533	7602
chr1	200669835	200670182	7603
chr1	200670490	200670700	7604
chr1	200738350	200738560	7605
chr1	200738775	200738934	7606
chr1	200803017	200803134	7607
chr1	200816880	200817090	7608
chr1	200818470	200818680	7609
chr1	200888200	200888410	7610
chr1	200890973	200891022	7611
chr1	200891916	200892061	7612
chr1	200903420	200903630	7613
chr1	200905625	200905664	7614
chr1	200907660	200907870	7615
chr1	200917403	200917562	7616
chr1	200970109	200970340	7617
chr1	200972039	200972216	7618
chr1	200979704	200979837	7619
chr1	201025915	201025994	7620
chr1	201042985	201043136	7621
chr1	201086029	201086160	7622
chr1	201114226	201114367	7623
chr1	201126902	201127009	7624
chr1	201149479	201149692	7625
chr1	201154426	201154623	7626
chr1	201154890	201155100	7627
chr1	201171245	201171284	7628
chr1	201171630	201171840	7629
chr1	201175360	201175379	7630
chr1	201184979	201185160	7631
chr1	201223005	201223120	7632
chr1	201229820	201230030	7633
chr1	201254717	201254792	7634
chr1	201258960	201259170	7635
chr1	201309530	201309721	7636
chr1	201346740	201346799	7637
chr1	201348214	201348361	7638
chr1	201361693	201361910	7639
chr1	201375230	201375440	7640
chr1	201385418	201385603	7641
chr1	201396800	201397021	7642
chr1	201398320	201398530	7643
chr1	201408358	201408467	7644
chr1	201435796	201435941	7645
chr1	201448264	201448381	7646
chr1	201462060	201462270	7647
chr1	201462220	201462430	7648
chr1	201463215	201463215	7649
chr1	201475050	201475260	7650
chr1	201475240	201475450	7651
chr1	201480490	201480700	7652
chr1	201481790	201482000	7653
chr1	201482187	201482362	7654
chr1	201495875	201495875	7655
chr1	201507021	201507352	7656
chr1	201513058	201513211	7657
chr1	201530894	201530951	7658
chr1	201546255	201546294	7659
chr1	201559814	201559871	7660
chr1	201614240	201614450	7661
chr1	201703850	201704060	7662
chr1	201704310	201704425	7663
chr1	201709582	201709767	7664
chr1	201740740	201740950	7665
chr1	201751930	201752140	7666
chr1	201793136	201793229	7667
chr1	201828959	201829270	7668
chr1	201842590	201842711	7669
chr1	201848230	201848440	7670
chr1	201854511	201854648	7671
chr1	201876315	201876394	7672
chr1	201878014	201878081	7673
chr1	201888710	201888920	7674
chr1	201896020	201896179	7675
chr1	201915370	201915580	7676
chr1	201916800	201916819	7677
chr1	201941728	201941771	7678
chr1	201946539	201946654	7679
chr1	201955267	201955552	7680
chr1	201972220	201972430	7681
chr1	201972790	201972863	7682
chr1	201982561	201982688	7683
chr1	201983087	201983283	7684
chr1	201983396	201983689	7685
chr1	201984030	201984240	7686
chr1	201984160	201984370	7687
chr1	201999706	201999877	7688
chr1	202006090	202006300	7689
chr1	202009685	202009888	7690
chr1	202010366	202010617	7691
chr1	202034855	202035096	7692
chr1	202043429	202043536	7693
chr1	202047206	202047363	7694
chr1	202048235	202048274	7695
chr1	202057032	202057193	7696
chr1	202058350	202058409	7697
chr1	202076030	202076240	7698
chr1	202086059	202086160	7699
chr1	202091197	202091278	7700
chr1	202114110	202114320	7701
chr1	202118225	202118304	7702
chr1	202119069	202119154	7703
chr1	202122730	202122899	7704
chr1	202135329	202135370	7705
chr1	202142710	202142920	7706
chr1	202143154	202143285	7707
chr1	202154980	202155039	7708
chr1	202184819	202184890	7709
chr1	202189038	202189195	7710
chr1	202192966	202193031	7711
chr1	202213569	202213670	7712
chr1	202236527	202236604	7713
chr1	202274705	202274930	7714
chr1	202275090	202275300	7715
chr1	202286975	202286975	7716
chr1	202315715	202315888	7717
chr1	202342830	202343040	7718
chr1	202343922	202344011	7719
chr1	202348357	202348820	7720
chr1	202349481	202349658	7721
chr1	202380330	202380540	7722
chr1	202434190	202434400	7723
chr1	202464347	202464422	7724
chr1	202466015	202466015	7725
chr1	202501457	202501516	7726
chr1	202520250	202520460	7727
chr1	202520980	202521190	7728
chr1	202537273	202537526	7729
chr1	202539150	202539360	7730
chr1	202571882	202571983	7731
chr1	202575750	202575960	7732
chr1	202576937	202577052	7733
chr1	202586120	202586330	7734
chr1	202600252	202600393	7735
chr1	202625529	202625648	7736
chr1	202634790	202635000	7737
chr1	202656171	202656318	7738
chr1	202657422	202657507	7739
chr1	202680710	202680920	7740
chr1	202693073	202693216	7741
chr1	202697109	202697302	7742
chr1	202719674	202719839	7743
chr1	202765270	202765480	7744
chr1	202789810	202789869	7745
chr1	202810814	202810937	7746
chr1	202852418	202852535	7747
chr1	202860877	202861038	7748
chr1	202888711	202889344	7749
chr1	202926780	202926990	7750
chr1	202927237	202927294	7751
chr1	202969075	202969202	7752
chr1	202999343	202999496	7753
chr1	203006616	203006773	7754
chr1	203026426	203026543	7755
chr1	203039419	203039634	7756
chr1	203055260	203055470	7757
chr1	203084180	203084390	7758
chr1	203084610	203084853	7759
chr1	203117928	203118055	7760
chr1	203148239	203148276	7761
chr1	203166621	203166722	7762
chr1	203172343	203172482	7763
chr1	203216250	203216455	7764
chr1	203244955	203245066	7765
chr1	203267306	203267557	7766
chr1	203269197	203269282	7767
chr1	203273116	203273377	7768
chr1	203273417	203273578	7769
chr1	203291411	203291430	7770
chr1	203304300	203304510	7771
chr1	203327810	203328020	7772
chr1	203328830	203329040	7773
chr1	203338529	203338694	7774
chr1	203340185	203340292	7775
chr1	203342555	203342814	7776
chr1	203444450	203444509	7777
chr1	203487482	203487633	7778
chr1	203487874	203487939	7779
chr1	203504771	203504869	7780
chr1	203504965	203505004	7781
chr1	203508510	203508720	7782
chr1	203537000	203537210	7783
chr1	203538176	203538293	7784
chr1	203593764	203593849	7785
chr1	203609561	203609659	7786
chr1	203626630	203626795	7787
chr1	203650261	203650359	7788
chr1	203650615	203650654	7789
chr1	203661660	203661870	7790
chr1	203669890	203669909	7791
chr1	203683240	203683450	7792
chr1	203702175	203702438	7793
chr1	203769666	203769823	7794
chr1	203776784	203776877	7795
chr1	203796520	203796730	7796
chr1	203861340	203861629	7797
chr1	203861775	203861814	7798
chr1	203871194	203871271	7799
chr1	203914420	203914439	7800
chr1	203996590	203996800	7801
chr1	204051430	204051640	7802
chr1	204051920	204052130	7803
chr1	204074150	204074360	7804
chr1	204078434	204078599	7805
chr1	204081410	204081620	7806
chr1	204101390	204101600	7807
chr1	204101530	204101740	7808
chr1	204102490	204102700	7809
chr1	204123542	204123579	7810
chr1	204127778	204127811	7811
chr1	204129186	204129289	7812
chr1	204129470	204129680	7813
chr1	204129660	204129870	7814
chr1	204162577	204162732	7815
chr1	204171570	204171780	7816
chr1	204180375	204180375	7817
chr1	204190269	204190552	7818
chr1	204190625	204190664	7819
chr1	204198790	204198809	7820
chr1	204207172	204207377	7821
chr1	204214065	204214144	7822
chr1	204214223	204214410	7823
chr1	204225900	204226110	7824
chr1	204258534	204258633	7825
chr1	204266605	204266778	7826
chr1	204266930	204267140	7827
chr1	204277560	204277770	7828
chr1	204277830	204278040	7829
chr1	204285680	204285890	7830
chr1	204295768	204295869	7831
chr1	204296561	204296580	7832
chr1	204348397	204348486	7833
chr1	204363777	204363958	7834
chr1	204378171	204378384	7835
chr1	204398654	204398735	7836
chr1	204411791	204412134	7837
chr1	204431485	204431600	7838
chr1	204435570	204435780	7839
chr1	204446426	204446657	7840
chr1	204481550	204481760	7841
chr1	204493970	204494180	7842
chr1	204494635	204494788	7843
chr1	204503298	204503371	7844
chr1	204506386	204506697	7845
chr1	204507042	204507275	7846
chr1	204508290	204508500	7847
chr1	204516570	204516629	7848
chr1	204520330	204520540	7849
chr1	204529410	204529620	7850
chr1	204565808	204566071	7851
chr1	204624181	204624318	7852
chr1	204640630	204640840	7853
chr1	204647540	204647750	7854
chr1	204714965	204714965	7855
chr1	204746991	204747128	7856
chr1	204752035	204752074	7857
chr1	204763934	204764059	7858
chr1	204791875	204792014	7859
chr1	204807016	204807237	7860
chr1	204807379	204807502	7861
chr1	204808162	204808373	7862
chr1	204827133	204827212	7863
chr1	204828580	204828639	7864
chr1	204837575	204837654	7865
chr1	204924378	204924459	7866
chr1	204941867	204941932	7867
chr1	204942370	204942580	7868
chr1	204961954	204962141	7869
chr1	204974360	204974570	7870
chr1	204975752	204975873	7871
chr1	204989447	204989508	7872
chr1	204995268	204995285	7873
chr1	205038480	205038690	7874
chr1	205061707	205061788	7875
chr1	205066120	205066330	7876
chr1	205094200	205094410	7877
chr1	205121500	205121710	7878
chr1	205121961	205122494	7879
chr1	205122650	205122860	7880
chr1	205122900	205123110	7881
chr1	205129550	205129760	7882
chr1	205141772	205141833	7883
chr1	205144851	205144949	7884
chr1	205191373	205191548	7885
chr1	205211412	205211909	7886
chr1	205229060	205229270	7887
chr1	205229577	205229692	7888
chr1	205230360	205230570	7889
chr1	205256245	205256410	7890
chr1	205273536	205273733	7891
chr1	205274280	205274490	7892
chr1	205274450	205274660	7893
chr1	205284818	205285019	7894
chr1	205291280	205291490	7895
chr1	205294797	205294993	7896
chr1	205301090	205301300	7897
chr1	205301437	205301634	7898
chr1	205321762	205321913	7899
chr1	205325520	205325730	7900
chr1	205335729	205335830	7901
chr1	205344490	205344700	7902
chr1	205352500	205352710	7903
chr1	205354366	205354567	7904
chr1	205396260	205396470	7905
chr1	205406200	205406410	7906
chr1	205430929	205431080	7907
chr1	205438845	205438924	7908
chr1	205448920	205449130	7909
chr1	205450134	205450343	7910
chr1	205452660	205452870	7911
chr1	205454969	205455034	7912
chr1	205459091	205459189	7913
chr1	205485524	205485701	7914
chr1	205488182	205488347	7915
chr1	205524421	205524504	7916
chr1	205529094	205529175	7917
chr1	205542260	205542470	7918
chr1	205588730	205588940	7919
chr1	205591924	205592285	7920
chr1	205616681	205616848	7921
chr1	205632020	205632151	7922
chr1	205657664	205657845	7923
chr1	205659032	205659149	7924
chr1	205669030	205669240	7925
chr1	205671230	205671440	7926
chr1	205672210	205672420	7927
chr1	205711210	205711443	7928
chr1	205726610	205726820	7929
chr1	205740031	205740168	7930
chr1	205749428	205749709	7931
chr1	205750760	205750970	7932
chr1	205774390	205774409	7933
chr1	205775680	205775890	7934
chr1	205791663	205791854	7935
chr1	205907935	205908014	7936
chr1	205919115	205919228	7937
chr1	205977531	205977598	7938
chr1	205984270	205984351	7939
chr1	206030786	206030937	7940
chr1	206031120	206031330	7941
chr1	206052810	206053020	7942
chr1	206053126	206053243	7943
chr1	206055330	206055540	7944
chr1	206081810	206082020	7945
chr1	206106748	206106805	7946
chr1	206174645	206174684	7947
chr1	206203047	206203172	7948
chr1	206366371	206366469	7949
chr1	206462055	206462055	7950
chr1	206471030	206471240	7951
chr1	206471180	206471390	7952
chr1	206479615	206479750	7953
chr1	206490184	206490321	7954
chr1	206501440	206501650	7955
chr1	206506060	206506270	7956
chr1	206509600	206509810	7957
chr1	206510003	206510156	7958
chr1	206521251	206521394	7959
chr1	206544911	206545014	7960
chr1	206556312	206556469	7961
chr1	206583787	206583908	7962
chr1	206606967	206607202	7963
chr1	206608224	206608357	7964
chr1	206611420	206611630	7965
chr1	206611810	206612020	7966
chr1	206612489	206612688	7967
chr1	206612771	206612938	7968
chr1	206613080	206613290	7969
chr1	206631190	206631400	7970
chr1	206632380	206632590	7971
chr1	206634315	206634642	7972
chr1	206635369	206635512	7973
chr1	206658521	206658724	7974
chr1	206659210	206659420	7975
chr1	206664308	206664367	7976
chr1	206680240	206680450	7977
chr1	206687060	206687270	7978
chr1	206688720	206688930	7979
chr1	206725620	206725830	7980
chr1	206726377	206726578	7981
chr1	206734655	206734778	7982
chr1	206738570	206738780	7983
chr1	206739060	206739270	7984
chr1	206794290	206794500	7985
chr1	206798241	206798339	7986
chr1	206808765	206808864	7987
chr1	206809583	206809826	7988
chr1	206865111	206865162	7989
chr1	206907510	206907720	7990
chr1	206911178	206911403	7991
chr1	206912618	206912705	7992
chr1	206925538	206925571	7993
chr1	206935551	206935740	7994
chr1	206941770	206941980	7995
chr1	206942000	206942210	7996
chr1	206951490	206951655	7997
chr1	206951840	206952050	7998
chr1	206952140	206952350	7999
chr1	206955760	206955970	8000
chr1	206961160	206961219	8001
chr1	206982243	206982360	8002
chr1	206983040	206983250	8003
chr1	207003260	207003470	8004
chr1	207003940	207004150	8005
chr1	207005128	207005293	8006
chr1	207007533	207007672	8007
chr1	207009557	207009648	8008
chr1	207013530	207013740	8009
chr1	207013790	207014000	8010
chr1	207021593	207021776	8011
chr1	207022150	207022360	8012
chr1	207025200	207025410	8013
chr1	207025657	207025734	8014
chr1	207032035	207032114	8015
chr1	207039930	207040140	8016
chr1	207040320	207040530	8017
chr1	207050008	207050181	8018
chr1	207051000	207051059	8019
chr1	207052953	207053214	8020
chr1	207053740	207053950	8021
chr1	207077937	207078042	8022
chr1	207078250	207078460	8023
chr1	207083940	207084150	8024
chr1	207084833	207084956	8025
chr1	207088682	207088897	8026
chr1	207089076	207089237	8027
chr1	207104116	207104281	8028
chr1	207152943	207153148	8029
chr1	207153226	207153343	8030
chr1	207181991	207182058	8031
chr1	207205207	207205332	8032
chr1	207241365	207241444	8033
chr1	207241669	207241848	8034
chr1	207259493	207259592	8035
chr1	207305015	207305054	8036
chr1	207321491	207321626	8037
chr1	207321750	207321960	8038
chr1	207322900	207323110	8039
chr1	207337360	207337570	8040
chr1	207343660	207343870	8041
chr1	207343820	207344030	8042
chr1	207352680	207352890	8043
chr1	207358190	207358400	8044
chr1	207405048	207405217	8045
chr1	207454110	207454320	8046
chr1	207454664	207454913	8047
chr1	207498050	207498260	8048
chr1	207498975	207499054	8049
chr1	207499260	207499470	8050
chr1	207499605	207499774	8051
chr1	207579447	207579576	8052
chr1	207602750	207602960	8053
chr1	207603920	207604045	8054
chr1	207620475	207620588	8055
chr1	207672689	207672756	8056
chr1	207699013	207699090	8057
chr1	207711470	207711489	8058
chr1	207738131	207738268	8059
chr1	207752855	207752934	8060
chr1	207797451	207797586	8061
chr1	207812003	207812146	8062
chr1	207824032	207824247	8063
chr1	207826950	207827160	8064
chr1	207828295	207828295	8065
chr1	207828728	207828773	8066
chr1	207848365	207848444	8067
chr1	207869116	207869283	8068
chr1	207876290	207876349	8069
chr1	207885240	207885305	8070
chr1	207938120	207938330	8071
chr1	207963645	207963732	8072
chr1	207963871	207964048	8073
chr1	207982168	207982201	8074
chr1	207993549	207993780	8075
chr1	207997924	207998065	8076
chr1	208021984	208022075	8077
chr1	208036359	208036470	8078
chr1	208047738	208047863	8079
chr1	208059444	208059529	8080
chr1	208093875	208094048	8081
chr1	208112490	208112700	8082
chr1	208120007	208120206	8083
chr1	208132304	208132427	8084
chr1	208163725	208163804	8085
chr1	208166570	208166780	8086
chr1	208172890	208173100	8087
chr1	208173760	208173970	8088
chr1	208178175	208178388	8089
chr1	208190955	208190988	8090
chr1	208203481	208203594	8091
chr1	208235350	208235560	8092
chr1	208236402	208236523	8093
chr1	208239158	208239323	8094
chr1	208244750	208244960	8095
chr1	208245311	208245442	8096
chr1	208252521	208252619	8097
chr1	208450020	208450230	8098
chr1	208652483	208652514	8099
chr1	209076858	209076931	8100
chr1	209190805	209190844	8101
chr1	209202929	209203080	8102
chr1	209207700	209207905	8103
chr1	209247710	209247920	8104
chr1	209248776	209248903	8105
chr1	209334830	209335040	8106
chr1	209335330	209335349	8107
chr1	209354409	209354596	8108
chr1	209435805	209435888	8109
chr1	209513423	209513506	8110
chr1	209549340	209549550	8111
chr1	209566187	209566254	8112
chr1	209569582	209569671	8113
chr1	209576904	209576973	8114
chr1	209589700	209589910	8115
chr1	209590634	209590695	8116
chr1	209602204	209602271	8117
chr1	209627758	209627899	8118
chr1	209646710	209646769	8119
chr1	209663330	209663540	8120
chr1	209674220	209674430	8121
chr1	209693037	209693120	8122
chr1	209747847	209747988	8123
chr1	209791135	209791135	8124
chr1	209823204	209823349	8125
chr1	209823500	209823710	8126
chr1	209827744	209828021	8127
chr1	209828580	209828790	8128
chr1	209850574	209850641	8129
chr1	209860050	209860260	8130
chr1	209860464	209860533	8131
chr1	209875676	209875793	8132
chr1	209900185	209900185	8133
chr1	209937680	209937890	8134
chr1	209990340	209990550	8135
chr1	210067030	210067240	8136
chr1	210132730	210132940	8137
chr1	210142500	210142710	8138
chr1	210143573	210143740	8139
chr1	210239925	210240070	8140
chr1	210262645	210262824	8141
chr1	210265070	210265280	8142
chr1	210265748	210265893	8143
chr1	210292620	210292679	8144
chr1	210311229	210311394	8145
chr1	210311910	210312120	8146
chr1	210328762	210329047	8147
chr1	210360944	210361161	8148
chr1	210366990	210367200	8149
chr1	210368880	210369090	8150
chr1	210372770	210372980	8151
chr1	210373390	210373600	8152
chr1	210373974	210374285	8153
chr1	210374433	210374576	8154
chr1	210378250	210378460	8155
chr1	210380740	210380950	8156
chr1	210393840	210393873	8157
chr1	210400710	210400879	8158
chr1	210407394	210407447	8159
chr1	210448372	210448577	8160
chr1	210449070	210449280	8161
chr1	210531310	210531520	8162
chr1	210584478	210584639	8163
chr1	210584770	210584980	8164
chr1	210646001	210646138	8165
chr1	210711986	210712069	8166
chr1	210826780	210826990	8167
chr1	210950087	210950166	8168
chr1	211132150	211132360	8169
chr1	211134126	211134415	8170
chr1	211134700	211134910	8171
chr1	211135465	211135504	8172
chr1	211257560	211257770	8173
chr1	211259059	211259422	8174
chr1	211259610	211259820	8175
chr1	211260760	211260970	8176
chr1	211322460	211322670	8177
chr1	211323569	211323710	8178
chr1	211326785	211326824	8179
chr1	211352040	211352250	8180
chr1	211352983	211353086	8181
chr1	211353144	211353365	8182
chr1	211381430	211381640	8183
chr1	211382676	211382843	8184
chr1	211416341	211416564	8185
chr1	211417520	211417730	8186
chr1	211470164	211470321	8187
chr1	211475480	211475690	8188
chr1	211476281	211476498	8189
chr1	211490950	211491160	8190
chr1	211514102	211514283	8191
chr1	211515343	211515692	8192
chr1	211518781	211518918	8193
chr1	211519625	211519868	8194
chr1	211520140	211520350	8195
chr1	211521490	211521700	8196
chr1	211534692	211534777	8197
chr1	211551610	211551820	8198
chr1	211577899	211577914	8199
chr1	211603488	211603561	8200
chr1	211603980	211604190	8201
chr1	211625194	211625317	8202
chr1	211636690	211636709	8203
chr1	211643392	211643609	8204
chr1	211648497	211648612	8205
chr1	211649046	211649279	8206
chr1	211655278	211655443	8207
chr1	211680811	211680960	8208
chr1	211698626	211698821	8209
chr1	211735929	211736180	8210
chr1	211741244	211741359	8211
chr1	211753703	211753838	8212
chr1	211784059	211784118	8213
chr1	211789750	211790259	8214
chr1	211830040	211830250	8215
chr1	211830747	211830862	8216
chr1	211861900	211862110	8217
chr1	211886200	211886365	8218
chr1	211909625	211909625	8219
chr1	211910212	211910291	8220
chr1	211918010	211918220	8221
chr1	211918130	211918340	8222
chr1	211920728	211920857	8223
chr1	211922280	211922490	8224
chr1	211929173	211929252	8225
chr1	211944825	211945064	8226
chr1	211985645	211985684	8227
chr1	212012016	212012257	8228
chr1	212031010	212031220	8229
chr1	212035041	212035258	8230
chr1	212035479	212035828	8231
chr1	212063040	212063059	8232
chr1	212063280	212063490	8233
chr1	212070825	212071006	8234
chr1	212088410	212088620	8235
chr1	212089680	212089890	8236
chr1	212104755	212104834	8237
chr1	212120068	212120111	8238
chr1	212159174	212159295	8239
chr1	212173690	212173900	8240
chr1	212202580	212202790	8241
chr1	212225190	212225400	8242
chr1	212225890	212226100	8243
chr1	212228140	212228350	8244
chr1	212228590	212228800	8245
chr1	212250860	212251070	8246
chr1	212251590	212251800	8247
chr1	212255014	212255315	8248
chr1	212256270	212256480	8249
chr1	212261050	212261260	8250
chr1	212283520	212283730	8251
chr1	212284794	212285539	8252
chr1	212286370	212286580	8253
chr1	212291613	212291728	8254
chr1	212315890	212316100	8255
chr1	212368134	212368225	8256
chr1	212374290	212374500	8257
chr1	212414150	212414360	8258
chr1	212414270	212414480	8259
chr1	212414410	212414620	8260
chr1	212431070	212431280	8261
chr1	212432410	212432620	8262
chr1	212432830	212433003	8263
chr1	212456010	212456065	8264
chr1	212457970	212457989	8265
chr1	212477261	212477434	8266
chr1	212486080	212486290	8267
chr1	212498780	212498990	8268
chr1	212514060	212514270	8269
chr1	212518602	212518763	8270
chr1	212559480	212559690	8271
chr1	212560950	212561160	8272
chr1	212567190	212567400	8273
chr1	212579570	212579780	8274
chr1	212580130	212580340	8275
chr1	212591873	212591958	8276
chr1	212595860	212596070	8277
chr1	212596401	212596682	8278
chr1	212601950	212602160	8279
chr1	212602740	212602950	8280
chr1	212608383	212608840	8281
chr1	212609460	212609519	8282
chr1	212645590	212645800	8283
chr1	212658460	212658629	8284
chr1	212665391	212665450	8285
chr1	212665589	212665774	8286
chr1	212680770	212680980	8287
chr1	212699219	212699510	8288
chr1	212701100	212701341	8289
chr1	212721682	212721767	8290
chr1	212728840	212729050	8291
chr1	212749960	212750129	8292
chr1	212760325	212760364	8293
chr1	212782579	212782666	8294
chr1	212791692	212792091	8295
chr1	212793570	212793780	8296
chr1	212815161	212815234	8297
chr1	212822360	212822570	8298
chr1	212822610	212822820	8299
chr1	212828230	212828440	8300
chr1	212833950	212834160	8301
chr1	212858105	212858268	8302
chr1	212859380	212859590	8303
chr1	212920992	212921209	8304
chr1	212930400	212930610	8305
chr1	212931068	212931281	8306
chr1	212935510	212935529	8307
chr1	212937030	212937240	8308
chr1	212950420	212950549	8309
chr1	212967891	212968068	8310
chr1	212995601	212995748	8311
chr1	213014770	213014980	8312
chr1	213015400	213015635	8313
chr1	213015758	213015947	8314
chr1	213035670	213035880	8315
chr1	213051117	213051306	8316
chr1	213070521	213070688	8317
chr1	213122615	213122822	8318
chr1	213123086	213123203	8319
chr1	213132351	213132528	8320
chr1	213170060	213170270	8321
chr1	213243480	213243690	8322
chr1	213244714	213244891	8323
chr1	213279565	213279604	8324
chr1	213373330	213373540	8325
chr1	213374333	213374590	8326
chr1	213385950	213386160	8327
chr1	213387495	213387574	8328
chr1	213419543	213419730	8329
chr1	213492880	213493090	8330
chr1	213494030	213494240	8331
chr1	213519050	213519260	8332
chr1	213564376	213564523	8333
chr1	213565090	213565300	8334
chr1	213568130	213568340	8335
chr1	213569353	213569632	8336
chr1	213573061	213573218	8337
chr1	213650711	213650804	8338
chr1	213656591	213656689	8339
chr1	213666220	213666430	8340
chr1	213670395	213670395	8341
chr1	213679201	213679350	8342
chr1	213714770	213714980	8343
chr1	213725172	213725387	8344
chr1	213729078	213729095	8345
chr1	213729330	213729540	8346
chr1	213733892	213734011	8347
chr1	213737586	213737649	8348
chr1	213773190	213773400	8349
chr1	213790670	213790880	8350
chr1	213793558	213793875	8351
chr1	213794020	213794230	8352
chr1	213821357	213821480	8353
chr1	213822160	213822370	8354
chr1	213858649	213858964	8355
chr1	213956357	213956612	8356
chr1	213956680	213956739	8357
chr1	213977520	213977730	8358
chr1	213988230	213988440	8359
chr1	213989020	213989230	8360
chr1	213989626	213989689	8361
chr1	214002540	214002750	8362
chr1	214006945	214006945	8363
chr1	214027553	214027756	8364
chr1	214029023	214029146	8365
chr1	214030340	214030550	8366
chr1	214039575	214039614	8367
chr1	214039740	214039950	8368
chr1	214044652	214044737	8369
chr1	214050654	214050977	8370
chr1	214051060	214051141	8371
chr1	214108180	214108339	8372
chr1	214122550	214122760	8373
chr1	214123306	214123377	8374
chr1	214125141	214125239	8375
chr1	214126960	214127170	8376
chr1	214185680	214185890	8377
chr1	214213988	214214219	8378
chr1	214220155	214220155	8379
chr1	214259910	214260120	8380
chr1	214261608	214261741	8381
chr1	214263280	214263490	8382
chr1	214280370	214280580	8383
chr1	214280490	214280700	8384
chr1	214284772	214285107	8385
chr1	214285262	214285413	8386
chr1	214319041	214319204	8387
chr1	214328953	214329042	8388
chr1	214332410	214332620	8389
chr1	214333042	214333163	8390
chr1	214369530	214369740	8391
chr1	214388350	214388560	8392
chr1	214388736	214388847	8393
chr1	214414784	214414947	8394
chr1	214427710	214427920	8395
chr1	214439602	214439683	8396
chr1	214440620	214440830	8397
chr1	214440770	214440980	8398
chr1	214447030	214447247	8399
chr1	214453810	214454020	8400
chr1	214454050	214454260	8401
chr1	214460420	214460630	8402
chr1	214460765	214460970	8403
chr1	214471260	214471470	8404
chr1	214507207	214507294	8405
chr1	214516485	214516638	8406
chr1	214523587	214523712	8407
chr1	214551721	214552008	8408
chr1	214552700	214552910	8409
chr1	214585286	214585391	8410
chr1	214602993	214603230	8411
chr1	214628261	214628532	8412
chr1	214637890	214638083	8413
chr1	214658968	214659053	8414
chr1	214677960	214678170	8415
chr1	214678482	214678727	8416
chr1	214808933	214809112	8417
chr1	214823250	214823460	8418
chr1	214833465	214833544	8419
chr1	214835560	214835770	8420
chr1	215076484	215076529	8421
chr1	215526060	215526270	8422
chr1	215526626	215526821	8423
chr1	215558084	215558297	8424
chr1	215565221	215565319	8425
chr1	215568970	215569180	8426
chr1	215569220	215569430	8427
chr1	215569560	215569770	8428
chr1	215606228	215606261	8429
chr1	215606689	215606866	8430
chr1	215636179	215636516	8431
chr1	215637457	215637512	8432
chr1	215660343	215660512	8433
chr1	215710482	215710609	8434
chr1	215717420	215717630	8435
chr1	215717710	215717920	8436
chr1	215792470	215792680	8437
chr1	215793404	215793525	8438
chr1	215824348	215824461	8439
chr1	215865150	215865360	8440
chr1	215866600	215866810	8441
chr1	215888350	215888369	8442
chr1	216034727	216034802	8443
chr1	216112390	216112600	8444
chr1	216119734	216119853	8445
chr1	216208830	216209040	8446
chr1	216221273	216221444	8447
chr1	216310916	216311017	8448
chr1	216566570	216566780	8449
chr1	216750156	216750323	8450
chr1	216832348	216832365	8451
chr1	216961730	216961749	8452
chr1	216962330	216962540	8453
chr1	217048456	217048637	8454
chr1	217311930	217311989	8455
chr1	217334060	217334179	8456
chr1	217393968	217394133	8457
chr1	217431595	217431595	8458
chr1	217574716	217574833	8459
chr1	217590687	217590768	8460
chr1	217630833	217631192	8461
chr1	217631218	217631443	8462
chr1	217631570	217631780	8463
chr1	217660520	217660730	8464
chr1	217683230	217683440	8465
chr1	217696670	217696880	8466
chr1	217713570	217713780	8467
chr1	217746420	217746630	8468
chr1	217746560	217746770	8469
chr1	217747298	217747421	8470
chr1	217889590	217889649	8471
chr1	217911980	217912190	8472
chr1	218171050	218171260	8473
chr1	218171364	218171565	8474
chr1	218250590	218250800	8475
chr1	218259884	218260053	8476
chr1	218299459	218299658	8477
chr1	218330139	218330346	8478
chr1	218339374	218339527	8479
chr1	218361498	218361575	8480
chr1	218366767	218366963	8481
chr1	218380647	218380702	8482
chr1	218394950	218395160	8483
chr1	218395170	218395380	8484
chr1	218409050	218409260	8485
chr1	218415830	218416040	8486
chr1	218416080	218416290	8487
chr1	218426445	218426484	8488
chr1	218429970	218430180	8489
chr1	218431860	218432070	8490
chr1	218439575	218439798	8491
chr1	218521672	218521877	8492
chr1	218546485	218546485	8493
chr1	218552500	218552710	8494
chr1	218553301	218553450	8495
chr1	218585770	218585980	8496
chr1	218646410	218646620	8497
chr1	218674580	218674790	8498
chr1	218705800	218706010	8499
chr1	218879015	218879094	8500
chr1	218983992	218984187	8501
chr1	219067210	219067269	8502
chr1	219171440	219171650	8503
chr1	219174174	219174247	8504
chr1	219204791	219204862	8505
chr1	219237377	219237432	8506
chr1	219310389	219310728	8507
chr1	219317855	219318054	8508
chr1	219330840	219330889	8509
chr1	219385885	219386052	8510
chr1	219386650	219386860	8511
chr1	219414355	219414500	8512
chr1	219416737	219416840	8513
chr1	219563692	219564045	8514
chr1	219567408	219567621	8515
chr1	219621050	219621260	8516
chr1	219621200	219621410	8517
chr1	219661760	219661970	8518
chr1	219812340	219812550	8519
chr1	219812688	219812883	8520
chr1	219837844	219838053	8521
chr1	219875080	219875290	8522
chr1	219926891	219926930	8523
chr1	219927270	219927480	8524
chr1	219927470	219927680	8525
chr1	219928654	219928747	8526
chr1	219955161	219955259	8527
chr1	219963570	219963780	8528
chr1	219991081	219991272	8529
chr1	219991460	219991670	8530
chr1	220021140	220021350	8531
chr1	220046040	220046250	8532
chr1	220047740	220047950	8533
chr1	220059238	220059465	8534
chr1	220089010	220089220	8535
chr1	220089741	220089914	8536
chr1	220090980	220091190	8537
chr1	220094300	220094510	8538
chr1	220124049	220124130	8539
chr1	220125770	220125980	8540
chr1	220189806	220189951	8541
chr1	220190310	220190520	8542
chr1	220217558	220217577	8543
chr1	220218779	220218914	8544
chr1	220219470	220219680	8545
chr1	220270610	220270820	8546
chr1	220272406	220272563	8547
chr1	220280670	220280880	8548
chr1	220281181	220281262	8549
chr1	220281640	220281850	8550
chr1	220296364	220296513	8551
chr1	220300000	220300210	8552
chr1	220321880	220322090	8553
chr1	220371506	220371607	8554
chr1	220379010	220379220	8555
chr1	220485297	220485382	8556
chr1	220511923	220512100	8557
chr1	220527580	220527790	8558
chr1	220545169	220545314	8559
chr1	220680164	220680391	8560
chr1	220680580	220680790	8561
chr1	220681590	220681800	8562
chr1	220690227	220690382	8563
chr1	220691376	220691533	8564
chr1	220698832	220698961	8565
chr1	220721415	220721494	8566
chr1	220732140	220732350	8567
chr1	220733110	220733129	8568
chr1	220733239	220733290	8569
chr1	220734589	220734740	8570
chr1	220748103	220748312	8571
chr1	220762070	220762280	8572
chr1	220767300	220767510	8573
chr1	220767806	220767963	8574
chr1	220775210	220775420	8575
chr1	220776801	220776954	8576
chr1	220786790	220786885	8577
chr1	220801610	220801820	8578
chr1	220802080	220802290	8579
chr1	220803717	220803974	8580
chr1	220810225	220810412	8581
chr1	220824720	220824930	8582
chr1	220841370	220841580	8583
chr1	220874264	220874459	8584
chr1	220879270	220879480	8585
chr1	220879815	220879815	8586
chr1	220879980	220880190	8587
chr1	220880130	220880340	8588
chr1	220880380	220880590	8589
chr1	220908845	220908974	8590
chr1	220921060	220921270	8591
chr1	220926180	220926390	8592
chr1	220984344	220984469	8593
chr1	221174662	221174877	8594
chr1	221203576	221203673	8595
chr1	221203890	221204100	8596
chr1	221263891	221263994	8597
chr1	221335160	221335370	8598
chr1	221435519	221435682	8599
chr1	221478202	221478269	8600
chr1	221543848	221543929	8601
chr1	221633490	221633700	8602
chr1	221676210	221676420	8603
chr1	221693200	221693410	8604
chr1	221709325	221709364	8605
chr1	221718570	221718780	8606
chr1	221722410	221722620	8607
chr1	221742121	221742484	8608
chr1	221742796	221743119	8609
chr1	221833980	221834190	8610
chr1	221839930	221840140	8611
chr1	221857230	221857249	8612
chr1	221993704	221993819	8613
chr1	222009216	222009367	8614
chr1	222060850	222061060	8615
chr1	222061921	222062188	8616
chr1	222096291	222096362	8617
chr1	222124732	222124941	8618
chr1	222167178	222167275	8619
chr1	222171154	222171307	8620
chr1	222387470	222387680	8621
chr1	222387640	222387850	8622
chr1	222406390	222406600	8623
chr1	222454750	222454809	8624
chr1	222455152	222455487	8625
chr1	222465448	222465709	8626
chr1	222476604	222476697	8627
chr1	222521347	222521428	8628
chr1	222521700	222521910	8629
chr1	222522154	222522335	8630
chr1	222543950	222544135	8631
chr1	222556428	222556457	8632
chr1	222634589	222634632	8633
chr1	222644126	222644395	8634
chr1	222644890	222645100	8635
chr1	222712702	222712927	8636
chr1	222713195	222713476	8637
chr1	222714300	222714510	8638
chr1	222738847	222738914	8639
chr1	222750120	222750330	8640
chr1	222792910	222792987	8641
chr1	222798140	222798350	8642
chr1	222811720	222811930	8643
chr1	222814956	222815129	8644
chr1	222829995	222830134	8645
chr1	222878086	222878205	8646
chr1	222886540	222886750	8647
chr1	222892180	222892390	8648
chr1	222928356	222928537	8649
chr1	223000735	223000774	8650
chr1	223000910	223001120	8651
chr1	223002407	223002462	8652
chr1	223007479	223007662	8653
chr1	223010330	223010540	8654
chr1	223011037	223011188	8655
chr1	223011271	223011408	8656
chr1	223017050	223017069	8657
chr1	223040101	223040278	8658
chr1	223045180	223045390	8659
chr1	223046143	223046310	8660
chr1	223081382	223081659	8661
chr1	223090191	223090292	8662
chr1	223109390	223109600	8663
chr1	223109730	223109940	8664
chr1	223123823	223123954	8665
chr1	223124980	223125190	8666
chr1	223129416	223129533	8667
chr1	223129720	223129930	8668
chr1	223133786	223133969	8669
chr1	223134230	223134440	8670
chr1	223175192	223175251	8671
chr1	223417550	223417760	8672
chr1	223457190	223457400	8673
chr1	223531885	223531984	8674
chr1	223554970	223555180	8675
chr1	223555130	223555340	8676
chr1	223621350	223621560	8677
chr1	223622411	223622548	8678
chr1	223628349	223628444	8679
chr1	223670595	223670728	8680
chr1	223684343	223684452	8681
chr1	223696540	223696750	8682
chr1	223698251	223698502	8683
chr1	223707362	223707399	8684
chr1	223712397	223712452	8685
chr1	223749310	223749329	8686
chr1	223751347	223751414	8687
chr1	223765381	223765470	8688
chr1	223811777	223811884	8689
chr1	223845836	223845953	8690
chr1	223845995	223846246	8691
chr1	223870920	223871130	8692
chr1	223886651	223886874	8693
chr1	223899937	223900052	8694
chr1	223907450	223907660	8695
chr1	223907700	223907910	8696
chr1	223922310	223922520	8697
chr1	223923320	223923530	8698
chr1	223992620	223992717	8699
chr1	224004675	224004780	8700
chr1	224050880	224051065	8701
chr1	224057620	224057830	8702
chr1	224106838	224106963	8703
chr1	224107310	224107520	8704
chr1	224116212	224116419	8705
chr1	224152980	224153190	8706
chr1	224170490	224170700	8707
chr1	224170797	224170918	8708
chr1	224183104	224183211	8709
chr1	224204961	224205098	8710
chr1	224206074	224206189	8711
chr1	224211710	224211920	8712
chr1	224270710	224270920	8713
chr1	224330228	224330247	8714
chr1	224330339	224330560	8715
chr1	224333466	224333549	8716
chr1	224337270	224337480	8717
chr1	224341210	224341420	8718
chr1	224356708	224356877	8719
chr1	224357750	224357960	8720
chr1	224412280	224412490	8721
chr1	224434725	224434906	8722
chr1	224446910	224447120	8723
chr1	224447150	224447360	8724
chr1	224454462	224454527	8725
chr1	224455490	224455700	8726
chr1	224457628	224457737	8727
chr1	224502830	224503040	8728
chr1	224503416	224503573	8729
chr1	224512530	224512740	8730
chr1	224513901	224513920	8731
chr1	224641130	224641340	8732
chr1	224644663	224644800	8733
chr1	224701150	224701169	8734
chr1	224736930	224737140	8735
chr1	224851661	224851759	8736
chr1	224853077	224853228	8737
chr1	224874100	224874310	8738
chr1	224880920	224881130	8739
chr1	224895115	224895115	8740
chr1	224922710	224922769	8741
chr1	224929654	224929747	8742
chr1	224946103	224946210	8743
chr1	224959160	224959370	8744
chr1	224982019	224982122	8745
chr1	225209271	225209448	8746
chr1	225259691	225259789	8747
chr1	225319080	225319253	8748
chr1	225343770	225343829	8749
chr1	225379030	225379240	8750
chr1	225412850	225413069	8751
chr1	225413250	225413309	8752
chr1	225428064	225428313	8753
chr1	225428840	225429050	8754
chr1	225438140	225438350	8755
chr1	225441564	225441617	8756
chr1	225445058	225445163	8757
chr1	225474985	225475210	8758
chr1	225475670	225475880	8759
chr1	225481048	225481187	8760
chr1	225508725	225508764	8761
chr1	225554312	225554493	8762
chr1	225567950	225568009	8763
chr1	225572160	225572370	8764
chr1	225572610	225572669	8765
chr1	225603575	225603614	8766
chr1	225638990	225639200	8767
chr1	225651640	225651850	8768
chr1	225652220	225652430	8769
chr1	225653901	225654038	8770
chr1	225671500	225671639	8771
chr1	225694282	225694401	8772
chr1	225700313	225700532	8773
chr1	225711501	225711696	8774
chr1	225731630	225731840	8775
chr1	225735682	225735747	8776
chr1	225736009	225736090	8777
chr1	225736320	225736530	8778
chr1	225754080	225754290	8779
chr1	225754935	225755122	8780
chr1	225755345	225755490	8781
chr1	225760390	225760600	8782
chr1	225762520	225762730	8783
chr1	225769235	225769274	8784
chr1	225772439	225772490	8785
chr1	225773090	225773300	8786
chr1	225777644	225777821	8787
chr1	225810040	225810099	8788
chr1	225811662	225811877	8789
chr1	225825185	225825312	8790
chr1	225845872	225846013	8791
chr1	225855730	225855940	8792
chr1	225861540	225861750	8793
chr1	225877713	225877820	8794
chr1	225879730	225879940	8795
chr1	225882265	225882588	8796
chr1	225891357	225891412	8797
chr1	225897281	225897379	8798
chr1	225911191	225911368	8799
chr1	225911421	225911630	8800
chr1	225924233	225924410	8801
chr1	225925470	225925680	8802
chr1	225962579	225962622	8803
chr1	225976081	225976234	8804
chr1	225987590	225987800	8805
chr1	225988060	225988270	8806
chr1	226010750	226010960	8807
chr1	226029094	226029191	8808
chr1	226029430	226029640	8809
chr1	226034260	226034470	8810
chr1	226046379	226046554	8811
chr1	226047420	226047630	8812
chr1	226062501	226062720	8813
chr1	226064340	226064550	8814
chr1	226064480	226064690	8815
chr1	226064921	226065034	8816
chr1	226065400	226065610	8817
chr1	226082670	226082880	8818
chr1	226083116	226083233	8819
chr1	226083944	226084011	8820
chr1	226120820	226121030	8821
chr1	226121501	226122116	8822
chr1	226125306	226125367	8823
chr1	226149911	226150078	8824
chr1	226186636	226186875	8825
chr1	226197107	226197222	8826
chr1	226201205	226201244	8827
chr1	226223150	226223667	8828
chr1	226228540	226228750	8829
chr1	226309055	226309322	8830
chr1	226333505	226333656	8831
chr1	226364510	226364720	8832
chr1	226407510	226407720	8833
chr1	226407974	226408329	8834
chr1	226424623	226424730	8835
chr1	226479581	226479684	8836
chr1	226481930	226482140	8837
chr1	226536050	226536260	8838
chr1	226542709	226542746	8839
chr1	226542950	226543160	8840
chr1	226547832	226547931	8841
chr1	226568510	226568720	8842
chr1	226570091	226570110	8843
chr1	226596900	226597110	8844
chr1	226602830	226603040	8845
chr1	226608230	226608440	8846
chr1	226608864	226608937	8847
chr1	226626606	226626723	8848
chr1	226634234	226634377	8849
chr1	226637780	226637799	8850
chr1	226828212	226828297	8851
chr1	226912702	226912921	8852
chr1	226920595	226920876	8853
chr1	226939948	226940283	8854
chr1	226940490	226940700	8855
chr1	226944691	226944789	8856
chr1	226975085	226975254	8857
chr1	226975750	226975960	8858
chr1	226990222	226990427	8859
chr1	226994106	226994177	8860
chr1	226994304	226994525	8861
chr1	227093770	227093980	8862
chr1	227094690	227094900	8863
chr1	227131322	227131463	8864
chr1	227235082	227235179	8865
chr1	227242630	227242840	8866
chr1	227243370	227243580	8867
chr1	227316205	227316244	8868
chr1	227317550	227317760	8869
chr1	227357430	227357640	8870
chr1	227431951	227432098	8871
chr1	227437834	227437935	8872
chr1	227447868	227447901	8873
chr1	227449235	227449274	8874
chr1	227481633	227481844	8875
chr1	227542616	227542835	8876
chr1	227727930	227728140	8877
chr1	227728352	227728563	8878
chr1	227729620	227729830	8879
chr1	227735214	227735565	8880
chr1	227762537	227762694	8881
chr1	227857030	227857240	8882
chr1	227896066	227896273	8883
chr1	227896480	227896690	8884
chr1	227917370	227917580	8885
chr1	227917800	227918010	8886
chr1	227942435	227942435	8887
chr1	227946751	227946832	8888
chr1	227954018	227954131	8889
chr1	227999447	227999676	8890
chr1	228004474	228004527	8891
chr1	228073970	228074189	8892
chr1	228082160	228082219	8893
chr1	228083443	228083572	8894
chr1	228102434	228102501	8895
chr1	228109285	228109486	8896
chr1	228110244	228110431	8897
chr1	228110750	228110960	8898
chr1	228114930	228115140	8899
chr1	228123630	228123840	8900
chr1	228131102	228131223	8901
chr1	228132310	228132520	8902
chr1	228139881	228140346	8903
chr1	228149631	228149750	8904
chr1	228166561	228166728	8905
chr1	228173840	228174050	8906
chr1	228174000	228174210	8907
chr1	228180415	228180514	8908
chr1	228191884	228192005	8909
chr1	228213593	228213770	8910
chr1	228227387	228227504	8911
chr1	228229005	228229005	8912
chr1	228229260	228229470	8913
chr1	228236873	228237038	8914
chr1	228260107	228260226	8915
chr1	228265212	228265369	8916
chr1	228268690	228268900	8917
chr1	228308680	228308890	8918
chr1	228336700	228336719	8919
chr1	228338500	228338710	8920
chr1	228340925	228341044	8921
chr1	228393567	228393676	8922
chr1	228416291	228416508	8923
chr1	228423577	228423838	8924
chr1	228454316	228454433	8925
chr1	228459290	228459500	8926
chr1	228463020	228463230	8927
chr1	228471975	228472064	8928
chr1	228486909	228487194	8929
chr1	228490596	228490753	8930
chr1	228501016	228501205	8931
chr1	228515384	228515507	8932
chr1	228656128	228656321	8933
chr1	228663950	228664160	8934
chr1	228664551	228664652	8935
chr1	228692086	228692269	8936
chr1	228693460	228693670	8937
chr1	228735307	228735540	8938
chr1	228736174	228736401	8939
chr1	228782962	228783047	8940
chr1	228783245	228783588	8941
chr1	228799991	228800089	8942
chr1	228801180	228801390	8943
chr1	228836559	228836818	8944
chr1	228838414	228838685	8945
chr1	228841130	228841340	8946
chr1	228849050	228849260	8947
chr1	228857785	228857864	8948
chr1	228861226	228861409	8949
chr1	228867230	228867440	8950
chr1	228868510	228868720	8951
chr1	228884992	228885197	8952
chr1	228903148	228903411	8953
chr1	228903740	228903950	8954
chr1	228918520	228918539	8955
chr1	228918920	228919130	8956
chr1	228922835	228922974	8957
chr1	228938250	228938460	8958
chr1	228963910	228964120	8959
chr1	228964285	228964412	8960
chr1	228964589	228964686	8961
chr1	228986540	228986750	8962
chr1	228999250	228999460	8963
chr1	229003644	229003853	8964
chr1	229015905	229015944	8965
chr1	229019654	229019721	8966
chr1	229020030	229020240	8967
chr1	229022718	229022903	8968
chr1	229027708	229027837	8969
chr1	229031852	229031923	8970
chr1	229064396	229064567	8971
chr1	229112125	229112125	8972
chr1	229124625	229124664	8973
chr1	229125003	229125132	8974
chr1	229130250	229130460	8975
chr1	229131654	229131741	8976
chr1	229156945	229157078	8977
chr1	229165535	229165614	8978
chr1	229169615	229169654	8979
chr1	229221273	229221452	8980
chr1	229221597	229221852	8981
chr1	229221938	229221971	8982
chr1	229224470	229224680	8983
chr1	229227548	229227701	8984
chr1	229231780	229231990	8985
chr1	229258199	229258252	8986
chr1	229260380	229260590	8987
chr1	229273820	229274030	8988
chr1	229285320	229285530	8989
chr1	229285550	229285760	8990
chr1	229299279	229299432	8991
chr1	229343600	229343810	8992
chr1	229378830	229379040	8993
chr1	229381431	229381568	8994
chr1	229406905	229407020	8995
chr1	229407270	229407480	8996
chr1	229420895	229420988	8997
chr1	229453421	229453440	8998
chr1	229482157	229482282	8999
chr1	229509707	229509902	9000
chr1	229514140	229514350	9001
chr1	229514794	229514927	9002
chr1	229557440	229557650	9003
chr1	229558020	229558230	9004
chr1	229558703	229559048	9005
chr1	229559064	229559185	9006
chr1	229582030	229582240	9007
chr1	229582470	229582680	9008
chr1	229625976	229626265	9009
chr1	229626330	229626389	9010
chr1	229661407	229661554	9011
chr1	229715152	229715177	9012
chr1	229716610	229716820	9013
chr1	229781695	229781800	9014
chr1	229832690	229832900	9015
chr1	229843947	229844002	9016
chr1	229849217	229849284	9017
chr1	229900320	229900530	9018
chr1	229937230	229937440	9019
chr1	229973092	229973231	9020
chr1	229984772	229984913	9021
chr1	229989790	229989809	9022
chr1	229990381	229990528	9023
chr1	230066976	230067233	9024
chr1	230090285	230090324	9025
chr1	230105979	230106090	9026
chr1	230110321	230110488	9027
chr1	230120978	230121173	9028
chr1	230144170	230144380	9029
chr1	230154006	230154123	9030
chr1	230158826	230159187	9031
chr1	230167504	230167615	9032
chr1	230186190	230186399	9033
chr1	230201480	230201690	9034
chr1	230210740	230210950	9035
chr1	230215188	230215285	9036
chr1	230289860	230290070	9037
chr1	230299533	230299616	9038
chr1	230300640	230300850	9039
chr1	230310634	230310869	9040
chr1	230327050	230327109	9041
chr1	230329180	230329390	9042
chr1	230382251	230382428	9043
chr1	230383470	230383680	9044
chr1	230403631	230403650	9045
chr1	230426381	230426479	9046
chr1	230476000	230476210	9047
chr1	230567570	230567780	9048
chr1	230568126	230568299	9049
chr1	230571860	230572070	9050
chr1	230572255	230572294	9051
chr1	230581130	230581340	9052
chr1	230581841	230581968	9053
chr1	230610655	230610894	9054
chr1	230632396	230632531	9055
chr1	230642351	230642490	9056
chr1	230658208	230658391	9057
chr1	230680802	230680897	9058
chr1	230681788	230681933	9059
chr1	230702310	230702479	9060
chr1	230708752	230708877	9061
chr1	230714159	230714398	9062
chr1	230714506	230714663	9063
chr1	230715638	230715801	9064
chr1	230729046	230729187	9065
chr1	230731200	230731410	9066
chr1	230739700	230739910	9067
chr1	230739920	230740130	9068
chr1	230742765	230742765	9069
chr1	230754150	230754279	9070
chr1	230760655	230760794	9071
chr1	230773258	230773373	9072
chr1	230785751	230785950	9073
chr1	230793161	230793238	9074
chr1	230798024	230798115	9075
chr1	230798565	230798604	9076
chr1	230866220	230866430	9077
chr1	230917395	230917442	9078
chr1	230917911	230917962	9079
chr1	230949041	230949208	9080
chr1	230965020	230965079	9081
chr1	230965540	230965750	9082
chr1	230978861	230979216	9083
chr1	230980200	230980410	9084
chr1	231015598	231015631	9085
chr1	231027360	231027570	9086
chr1	231053820	231054030	9087
chr1	231058755	231058794	9088
chr1	231092026	231092233	9089
chr1	231093665	231093665	9090
chr1	231124872	231124957	9091
chr1	231162380	231162399	9092
chr1	231162521	231162698	9093
chr1	231171145	231171184	9094
chr1	231194470	231194680	9095
chr1	231195013	231195192	9096
chr1	231210880	231211090	9097
chr1	231211140	231211350	9098
chr1	231211445	231211580	9099
chr1	231219746	231219903	9100
chr1	231221160	231221370	9101
chr1	231224850	231225060	9102
chr1	231225070	231225280	9103
chr1	231233827	231234312	9104
chr1	231239670	231239880	9105
chr1	231241750	231241960	9106
chr1	231242830	231243040	9107
chr1	231248965	231248965	9108
chr1	231315938	231316061	9109
chr1	231335790	231336000	9110
chr1	231336320	231336530	9111
chr1	231337700	231338257	9112
chr1	231339740	231339950	9113
chr1	231358002	231358061	9114
chr1	231369419	231369494	9115
chr1	231393880	231393899	9116
chr1	231417690	231417900	9117
chr1	231422513	231422768	9118
chr1	231423175	231423444	9119
chr1	231423757	231423968	9120
chr1	231432225	231432304	9121
chr1	231487184	231487299	9122
chr1	231509030	231509240	9123
chr1	231512356	231512405	9124
chr1	231527700	231527910	9125
chr1	231550484	231550615	9126
chr1	231577249	231577346	9127
chr1	231577730	231577940	9128
chr1	231584278	231584413	9129
chr1	231590724	231590805	9130
chr1	231603565	231603710	9131
chr1	231604036	231604271	9132
chr1	231605160	231605370	9133
chr1	231618570	231618780	9134
chr1	231626571	231626880	9135
chr1	231627365	231627516	9136
chr1	231627900	231628110	9137
chr1	231629215	231629254	9138
chr1	231632110	231632320	9139
chr1	231632370	231632580	9140
chr1	231636368	231636401	9141
chr1	231673700	231673910	9142
chr1	231674543	231674738	9143
chr1	231691420	231691630	9144
chr1	231691770	231692013	9145
chr1	231725294	231725481	9146
chr1	231756905	231757104	9147
chr1	231806771	231806880	9148
chr1	231828367	231828422	9149
chr1	231836672	231836801	9150
chr1	231837840	231838050	9151
chr1	231840840	231841050	9152
chr1	231842036	231842165	9153
chr1	231866724	231866911	9154
chr1	231883410	231883620	9155
chr1	231932000	231932059	9156
chr1	231934886	231935065	9157
chr1	231936090	231936300	9158
chr1	232047564	232047791	9159
chr1	232049410	232049620	9160
chr1	232052420	232052630	9161
chr1	232164451	232164549	9162
chr1	232469700	232469910	9163
chr1	232611910	232612120	9164
chr1	232630589	232630972	9165
chr1	232635920	232636001	9166
chr1	232880470	232880680	9167
chr1	232950921	232951058	9168
chr1	232957870	232958080	9169
chr1	232960390	232960600	9170
chr1	233025309	233025476	9171
chr1	233113540	233113750	9172
chr1	233172386	233172435	9173
chr1	233240270	233240480	9174
chr1	233241132	233241327	9175
chr1	233304642	233304747	9176
chr1	233364833	233364916	9177
chr1	233395047	233395112	9178
chr1	233440933	233441096	9179
chr1	233518440	233518650	9180
chr1	233791232	233791339	9181
chr1	234065973	234066040	9182
chr1	234111638	234111657	9183
chr1	234114769	234114900	9184
chr1	234125434	234125537	9185
chr1	234152420	234152630	9186
chr1	234154807	234154922	9187
chr1	234155920	234156130	9188
chr1	234188605	234188734	9189
chr1	234212833	234213008	9190
chr1	234231820	234231879	9191
chr1	234265900	234266110	9192
chr1	234310086	234310213	9193
chr1	234310620	234310830	9194
chr1	234314068	234314269	9195
chr1	234323074	234323281	9196
chr1	234326716	234326873	9197
chr1	234327924	234328081	9198
chr1	234357170	234357380	9199
chr1	234373291	234373510	9200
chr1	234373599	234373958	9201
chr1	234382223	234382272	9202
chr1	234409522	234409619	9203
chr1	234478580	234478949	9204
chr1	234479430	234479640	9205
chr1	234479570	234479780	9206
chr1	234487005	234487238	9207
chr1	234498060	234498270	9208
chr1	234499153	234499338	9209
chr1	234507750	234507960	9210
chr1	234508470	234508529	9211
chr1	234515600	234515810	9212
chr1	234516320	234516530	9213
chr1	234523275	234523402	9214
chr1	234523699	234523922	9215
chr1	234538247	234538302	9216
chr1	234545040	234545250	9217
chr1	234546132	234546385	9218
chr1	234562375	234562375	9219
chr1	234562512	234562549	9220
chr1	234572990	234573200	9221
chr1	234580066	234580223	9222
chr1	234598690	234598900	9223
chr1	234599911	234600254	9224
chr1	234600486	234600755	9225
chr1	234610205	234610284	9226
chr1	234611010	234611251	9227
chr1	234611750	234611960	9228
chr1	234619934	234620047	9229
chr1	234621151	234621202	9230
chr1	234631780	234631975	9231
chr1	234669330	234669540	9232
chr1	234669620	234669830	9233
chr1	234676330	234676540	9234
chr1	234683090	234683300	9235
chr1	234684339	234684438	9236
chr1	234722120	234722330	9237
chr1	234724201	234724390	9238
chr1	234734940	234735150	9239
chr1	234751251	234751464	9240
chr1	234751730	234751940	9241
chr1	234768370	234768491	9242
chr1	234768816	234768973	9243
chr1	234772398	234772581	9244
chr1	234817467	234817630	9245
chr1	234839620	234839830	9246
chr1	234839760	234839970	9247
chr1	234862654	234862883	9248
chr1	234874702	234874739	9249
chr1	234876790	234877000	9250
chr1	234907927	234908123	9251
chr1	234925970	234926029	9252
chr1	234957945	234958024	9253
chr1	234960150	234960360	9254
chr1	234960780	234960990	9255
chr1	234963367	234963830	9256
chr1	234975295	234975480	9257
chr1	234978931	234979029	9258
chr1	234987210	234987420	9259
chr1	234997314	234997571	9260
chr1	234998220	234998430	9261
chr1	235030450	235030660	9262
chr1	235030590	235030800	9263
chr1	235060960	235061170	9264
chr1	235062524	235062721	9265
chr1	235083840	235083907	9266
chr1	235093415	235093494	9267
chr1	235093835	235094204	9268
chr1	235100605	235100644	9269
chr1	235104186	235104473	9270
chr1	235128340	235128550	9271
chr1	235128726	235129033	9272
chr1	235156360	235156570	9273
chr1	235156865	235156944	9274
chr1	235160600	235160810	9275
chr1	235160750	235160960	9276
chr1	235161135	235161414	9277
chr1	235237174	235237247	9278
chr1	235253285	235253506	9279
chr1	235296110	235296199	9280
chr1	235328815	235328930	9281
chr1	235367213	235367534	9282
chr1	235385510	235385720	9283
chr1	235408650	235408860	9284
chr1	235409529	235409626	9285
chr1	235411870	235412080	9286
chr1	235415428	235415525	9287
chr1	235416480	235416690	9288
chr1	235417195	235417372	9289
chr1	235434110	235434320	9290
chr1	235459380	235459590	9291
chr1	235504070	235504280	9292
chr1	235504382	235504803	9293
chr1	235504951	235505082	9294
chr1	235506400	235506610	9295
chr1	235513918	235513987	9296
chr1	235557675	235557714	9297
chr1	235601240	235601450	9298
chr1	235614528	235614681	9299
chr1	235614980	235615190	9300
chr1	235623132	235623347	9301
chr1	235630781	235630928	9302
chr1	235647495	235647700	9303
chr1	235650022	235650187	9304
chr1	235650382	235650467	9305
chr1	235650972	235651213	9306
chr1	235657360	235657570	9307
chr1	235657520	235657730	9308
chr1	235679111	235679246	9309
chr1	235731782	235731881	9310
chr1	235782740	235782950	9311
chr1	235783292	235783487	9312
chr1	235826150	235826360	9313
chr1	235843502	235843659	9314
chr1	235865941	235866039	9315
chr1	235868360	235868570	9316
chr1	235892860	235892961	9317
chr1	235918150	235918209	9318
chr1	235942496	235942653	9319
chr1	235946145	235946244	9320
chr1	235948175	235948354	9321
chr1	235954730	235954789	9322
chr1	235970980	235971190	9323
chr1	235971440	235971650	9324
chr1	235971866	235971997	9325
chr1	235972640	235972850	9326
chr1	236036970	236037180	9327
chr1	236039190	236039400	9328
chr1	236057060	236057270	9329
chr1	236062810	236063020	9330
chr1	236064207	236064348	9331
chr1	236065096	236065343	9332
chr1	236073610	236073820	9333
chr1	236074120	236074330	9334
chr1	236090940	236091150	9335
chr1	236096931	236097108	9336
chr1	236097307	236097548	9337
chr1	236103726	236103927	9338
chr1	236109100	236109310	9339
chr1	236109422	236109597	9340
chr1	236125090	236125300	9341
chr1	236127220	236127279	9342
chr1	236142960	236143170	9343
chr1	236158064	236158165	9344
chr1	236163250	236163460	9345
chr1	236169248	236169349	9346
chr1	236259680	236259890	9347
chr1	236281230	236281440	9348
chr1	236281986	236282187	9349
chr1	236311118	236311239	9350
chr1	236345910	236345959	9351
chr1	236366610	236366820	9352
chr1	236398630	236398840	9353
chr1	236399622	236399791	9354
chr1	236425471	236425522	9355
chr1	236452126	236452191	9356
chr1	236490010	236490149	9357
chr1	236490310	236490520	9358
chr1	236490712	236491017	9359
chr1	236491320	236491530	9360
chr1	236499050	236499260	9361
chr1	236499590	236499800	9362
chr1	236502630	236502840	9363
chr1	236503235	236503416	9364
chr1	236507190	236507400	9365
chr1	236507450	236507660	9366
chr1	236515110	236515320	9367
chr1	236515566	236515723	9368
chr1	236517414	236517535	9369
chr1	236517680	236517890	9370
chr1	236523000	236523210	9371
chr1	236531902	236531967	9372
chr1	236609276	236609355	9373
chr1	236753651	236753822	9374
chr1	236757760	236757970	9375
chr1	236759326	236759505	9376
chr1	236775055	236775216	9377
chr1	236794750	236794960	9378
chr1	236795134	236795269	9379
chr1	236833630	236833840	9380
chr1	236861980	236862190	9381
chr1	236862776	236862849	9382
chr1	236868915	236869148	9383
chr1	236920689	236920796	9384
chr1	236956580	236956790	9385
chr1	236966751	236966920	9386
chr1	237012711	237012888	9387
chr1	237012970	237013180	9388
chr1	237042033	237042130	9389
chr1	237124991	237125128	9390
chr1	237125620	237125830	9391
chr1	237386705	237386818	9392
chr1	237562055	237562134	9393
chr1	237562386	237562503	9394
chr1	237672980	237672999	9395
chr1	237678010	237678069	9396
chr1	237800011	237800030	9397
chr1	237806010	237806220	9398
chr1	237806954	237807043	9399
chr1	237814430	237814640	9400
chr1	237851380	237851439	9401
chr1	237864374	237864623	9402
chr1	238236550	238236760	9403
chr1	238238890	238238909	9404
chr1	238252485	238252584	9405
chr1	239308820	239309030	9406
chr1	239765300	239765510	9407
chr1	239898250	239898375	9408
chr1	239951612	239951817	9409
chr1	239976490	239976579	9410
chr1	239986790	239987000	9411
chr1	239987200	239987410	9412
chr1	240004220	240004430	9413
chr1	240026710	240026920	9414
chr1	240027136	240027215	9415
chr1	240122750	240122960	9416
chr1	240149637	240149718	9417
chr1	240189526	240189643	9418
chr1	240190050	240190260	9419
chr1	240190962	240191027	9420
chr1	240193260	240193470	9421
chr1	240455403	240455420	9422
chr1	240596760	240596970	9423
chr1	240608874	240608939	9424
chr1	240692279	240692298	9425
chr1	240732474	240732585	9426
chr1	240888149	240888340	9427
chr1	240947069	240947180	9428
chr1	240967194	240967321	9429
chr1	241157594	241157661	9430
chr1	241191986	241192103	9431
chr1	241269276	241269327	9432
chr1	241323640	241323850	9433
chr1	241356620	241356830	9434
chr1	241356890	241357100	9435
chr1	241357225	241357264	9436
chr1	241423790	241424000	9437
chr1	241485829	241485952	9438
chr1	241487540	241487750	9439
chr1	241500030	241500089	9440
chr1	241518540	241518750	9441
chr1	241519231	241519444	9442
chr1	241531413	241531576	9443
chr1	241532121	241532219	9444
chr1	241605287	241605448	9445
chr1	241611156	241611253	9446
chr1	241614890	241615100	9447
chr1	241615592	241615773	9448
chr1	241615900	241616110	9449
chr1	241627629	241627740	9450
chr1	241630160	241630370	9451
chr1	241640780	241640990	9452
chr1	241641187	241641383	9453
chr1	241641840	241642050	9454
chr1	241672400	241672561	9455
chr1	241756726	241756843	9456
chr1	241834886	241835025	9457
chr1	241849530	241849740	9458
chr1	241896436	241896665	9459
chr1	241897300	241897510	9460
chr1	241934355	241934394	9461
chr1	241944903	241945070	9462
chr1	241985939	241986040	9463
chr1	241986430	241986640	9464
chr1	241998450	241998509	9465
chr1	241998587	241998783	9466
chr1	242017010	242017220	9467
chr1	242017740	242017863	9468
chr1	242019962	242020047	9469
chr1	242129310	242129369	9470
chr1	242454913	242454996	9471
chr1	242467696	242467803	9472
chr1	242651949	242652050	9473
chr1	242828389	242828470	9474
chr1	242842215	242842294	9475
chr1	242847510	242847720	9476
chr1	242848610	242848820	9477
chr1	242890280	242890490	9478
chr1	242936877	242937008	9479
chr1	242938870	242939080	9480
chr1	243002720	243002930	9481
chr1	243017750	243017960	9482
chr1	243023160	243023370	9483
chr1	243024160	243024370	9484
chr1	243055702	243055739	9485
chr1	243149305	243149384	9486
chr1	243184910	243185120	9487
chr1	243254020	243254230	9488
chr1	243255825	243256010	9489
chr1	243256230	243256440	9490
chr1	243324770	243324980	9491
chr1	243325452	243325577	9492
chr1	243344061	243344242	9493
chr1	243454780	243454799	9494
chr1	243476180	243476239	9495
chr1	243483660	243483719	9496
chr1	243542909	243542946	9497
chr1	243628684	243628885	9498
chr1	243652650	243652860	9499
chr1	243713016	243713173	9500
chr1	243748830	243748961	9501
chr1	243819610	243819820	9502
chr1	243902316	243902483	9503
chr1	243982630	243982649	9504
chr1	244015048	244015081	9505
chr1	244068105	244068105	9506
chr1	244154930	244155140	9507
chr1	244155325	244155364	9508
chr1	244208030	244208049	9509
chr1	244211250	244211460	9510
chr1	244273089	244273260	9511
chr1	244299558	244299771	9512
chr1	244324080	244324290	9513
chr1	244327615	244327694	9514
chr1	244341865	244341904	9515
chr1	244361779	244361914	9516
chr1	244442070	244442280	9517
chr1	244445790	244446000	9518
chr1	244450750	244450960	9519
chr1	244451859	244452350	9520
chr1	244481710	244481920	9521
chr1	244552290	244552500	9522
chr1	244553750	244553960	9523
chr1	244559667	244559863	9524
chr1	244602570	244602780	9525
chr1	244603570	244603651	9526
chr1	244653296	244653565	9527
chr1	244653940	244654150	9528
chr1	244796954	244797139	9529
chr1	244801346	244801557	9530
chr1	244817706	244817747	9531
chr1	244833360	244833570	9532
chr1	244835166	244835263	9533
chr1	244862600	244862810	9534
chr1	244863084	244863261	9535
chr1	244863900	244864110	9536
chr1	244864542	244864603	9537
chr1	244901560	244901609	9538
chr1	244970689	244970842	9539
chr1	244971310	244971520	9540
chr1	245042814	245042907	9541
chr1	245045416	245045793	9542
chr1	245060733	245061016	9543
chr1	245079175	245079282	9544
chr1	245085820	245086093	9545
chr1	245086400	245086610	9546
chr1	245107073	245107202	9547
chr1	245107531	245107668	9548
chr1	245108560	245108770	9549
chr1	245153103	245153282	9550
chr1	245153402	245153627	9551
chr1	245154330	245154540	9552
chr1	245154910	245155120	9553
chr1	245156487	245156672	9554
chr1	245258412	245258603	9555
chr1	245277485	245277485	9556
chr1	245322780	245322990	9557
chr1	245364010	245364113	9558
chr1	245376150	245376360	9559
chr1	245380888	245381053	9560
chr1	245401490	245401700	9561
chr1	245402366	245402547	9562
chr1	245468420	245468630	9563
chr1	245516281	245516424	9564
chr1	245558140	245558350	9565
chr1	245559610	245559820	9566
chr1	245572280	245572490	9567
chr1	245688243	245688372	9568
chr1	245716030	245716240	9569
chr1	245742670	245742880	9570
chr1	245797730	245797940	9571
chr1	245810150	245810360	9572
chr1	245811099	245811250	9573
chr1	245814750	245814960	9574
chr1	245825180	245825390	9575
chr1	245856220	245856430	9576
chr1	245857358	245857455	9577
chr1	245888965	245889156	9578
chr1	245940700	245940910	9579
chr1	246003261	246003416	9580
chr1	246012412	246012497	9581
chr1	246012670	246012880	9582
chr1	246038380	246038590	9583
chr1	246117315	246117418	9584
chr1	246117800	246118010	9585
chr1	246135910	246136120	9586
chr1	246148190	246148400	9587
chr1	246159490	246159700	9588
chr1	246175120	246175330	9589
chr1	246177820	246178030	9590
chr1	246188210	246188229	9591
chr1	246188980	246189190	9592
chr1	246203250	246203460	9593
chr1	246219915	246219994	9594
chr1	246248450	246248660	9595
chr1	246261450	246261660	9596
chr1	246280715	246280814	9597
chr1	246281800	246282010	9598
chr1	246355730	246355940	9599
chr1	246450910	246450989	9600
chr1	246492698	246492877	9601
chr1	246497451	246497598	9602
chr1	246507174	246507455	9603
chr1	246529010	246529220	9604
chr1	246532580	246532790	9605
chr1	246581570	246581780	9606
chr1	246581950	246582160	9607
chr1	246583300	246583510	9608
chr1	246583668	246583769	9609
chr1	246584580	246584790	9610
chr1	246587674	246587839	9611
chr1	246600820	246601030	9612
chr1	246601435	246601574	9613
chr1	246608908	246609161	9614
chr1	246647180	246647390	9615
chr1	246661560	246661770	9616
chr1	246689638	246689747	9617
chr1	246696473	246696618	9618
chr1	246697820	246698030	9619
chr1	246699302	246699339	9620
chr1	246709900	246710110	9621
chr1	246724107	246724490	9622
chr1	246726010	246726220	9623
chr1	246753998	246754155	9624
chr1	246801389	246801572	9625
chr1	246809673	246809722	9626
chr1	246848230	246848440	9627
chr1	246869800	246870010	9628
chr1	246888920	246889130	9629
chr1	246906963	246907158	9630
chr1	246920040	246920225	9631
chr1	246931913	246932222	9632
chr1	246947400	246947501	9633
chr1	246971505	246971634	9634
chr1	247009260	247009470	9635
chr1	247043560	247043681	9636
chr1	247055093	247055176	9637
chr1	247078793	247078964	9638
chr1	247103440	247103650	9639
chr1	247104289	247104514	9640
chr1	247110860	247111070	9641
chr1	247111740	247111950	9642
chr1	247112126	247112243	9643
chr1	247113159	247113262	9644
chr1	247127700	247127719	9645
chr1	247166630	247166840	9646
chr1	247172540	247172750	9647
chr1	247209930	247210140	9648
chr1	247210281	247210458	9649
chr1	247228300	247228510	9650
chr1	247268550	247268609	9651
chr1	247324930	247325140	9652
chr1	247330510	247330720	9653
chr1	247330900	247331110	9654
chr1	247331265	247331265	9655
chr1	247346070	247346280	9656
chr1	247372832	247373027	9657
chr1	247374035	247374114	9658
chr1	247390181	247390438	9659
chr1	247452820	247452839	9660
chr1	247487213	247487326	9661
chr1	247560160	247560370	9662
chr1	247576633	247576752	9663
chr1	247681330	247681540	9664
chr1	248243247	248243386	9665
chr1	248404124	248404349	9666
chr1	248444570	248444780	9667
chr1	248461140	248461350	9668
chr1	248619095	248619134	9669
chr1	248622611	248622700	9670
chr1	248652000	248652210	9671
chr1	248686981	248687062	9672
chr1	248696418	248696475	9673
chr1	248703740	248703950	9674
chr1	248719010	248719220	9675
chr1	248757757	248758208	9676
chr1	248791151	248791294	9677
chr1	248805290	248805500	9678
chr1	248807256	248807395	9679
chr1	248812352	248812465	9680
chr1	248825953	248825984	9681
chr1	248826217	248826458	9682
chr1	248826560	248826763	9683
chr1	248838028	248838267	9684
chr1	248838730	248838789	9685
chr1	248858631	248858808	9686
chr1	248859580	248859790	9687
chr1	248873141	248873278	9688
chr1	248873668	248873901	9689
chr1	248873925	248874216	9690
chr1	248906243	248906874	9691
chr1	248924836	248924949	9692
chr1	248928340	248928399	9693
chr2	18865	18865	9694
chr2	20480	20690	9695
chr2	115400	115610	9696
chr2	116330	116540	9697
chr2	142263	142312	9698
chr2	172251	172304	9699
chr2	246618	246691	9700
chr2	262030	262240	9701
chr2	274705	274705	9702
chr2	290199	290478	9703
chr2	378518	378535	9704
chr2	383230	383440	9705
chr2	529505	529664	9706
chr2	551877	551944	9707
chr2	586858	586991	9708
chr2	637048	637215	9709
chr2	662671	662764	9710
chr2	675610	675820	9711
chr2	676742	677303	9712
chr2	677438	677471	9713
chr2	677990	678049	9714
chr2	714432	714517	9715
chr2	715995	716084	9716
chr2	854584	854693	9717
chr2	860660	860845	9718
chr2	898577	898632	9719
chr2	954357	954644	9720
chr2	1047658	1047691	9721
chr2	1051210	1051420	9722
chr2	1136217	1136256	9723
chr2	1140510	1140647	9724
chr2	1219150	1219360	9725
chr2	1246435	1246474	9726
chr2	1246690	1246900	9727
chr2	1524250	1524460	9728
chr2	1525650	1525860	9729
chr2	1530310	1530520	9730
chr2	1532520	1532730	9731
chr2	1541195	1541274	9732
chr2	1546127	1546224	9733
chr2	1550816	1550977	9734
chr2	1589090	1589300	9735
chr2	1592075	1592114	9736
chr2	1641550	1641760	9737
chr2	1750947	1751014	9738
chr2	1769876	1769983	9739
chr2	1817624	1817757	9740
chr2	1886559	1886660	9741
chr2	1910590	1910800	9742
chr2	2095400	2095610	9743
chr2	2120859	2121090	9744
chr2	2142542	2142607	9745
chr2	2229990	2230200	9746
chr2	2292028	2292109	9747
chr2	2458570	2458780	9748
chr2	2536471	2536648	9749
chr2	2665390	2665600	9750
chr2	2706290	2706500	9751
chr2	2711222	2711437	9752
chr2	2844340	2844417	9753
chr2	2877410	2877620	9754
chr2	2902590	2902800	9755
chr2	2902910	2903120	9756
chr2	2903730	2903940	9757
chr2	2925420	2925630	9758
chr2	2941060	2941270	9759
chr2	3001712	3001883	9760
chr2	3007270	3007480	9761
chr2	3034330	3034540	9762
chr2	3045110	3045223	9763
chr2	3078410	3078620	9764
chr2	3136070	3136280	9765
chr2	3179440	3179483	9766
chr2	3198264	3198317	9767
chr2	3294169	3294330	9768
chr2	3303645	3303930	9769
chr2	3369706	3369835	9770
chr2	3370260	3370470	9771
chr2	3377809	3377976	9772
chr2	3379614	3379947	9773
chr2	3393690	3393900	9774
chr2	3423558	3423591	9775
chr2	3424039	3424140	9776
chr2	3435574	3435695	9777
chr2	3462370	3462455	9778
chr2	3463540	3463750	9779
chr2	3493880	3493929	9780
chr2	3505760	3505970	9781
chr2	3506000	3506210	9782
chr2	3518909	3519248	9783
chr2	3519550	3519609	9784
chr2	3523031	3523129	9785
chr2	3523321	3523458	9786
chr2	3525089	3525196	9787
chr2	3536000	3536210	9788
chr2	3536831	3536904	9789
chr2	3539990	3540200	9790
chr2	3572710	3572920	9791
chr2	3575162	3575359	9792
chr2	3585756	3585979	9793
chr2	3605297	3605642	9794
chr2	3609360	3609570	9795
chr2	3620995	3621132	9796
chr2	3626885	3626924	9797
chr2	3628951	3629052	9798
chr2	3651091	3651242	9799
chr2	3660130	3660340	9800
chr2	3692481	3692680	9801
chr2	3728265	3728388	9802
chr2	3738562	3738707	9803
chr2	3754425	3754504	9804
chr2	3780945	3781078	9805
chr2	3785306	3785463	9806
chr2	3805261	3805364	9807
chr2	3827783	3827866	9808
chr2	3959417	3959564	9809
chr2	4110461	4110559	9810
chr2	4110850	4111060	9811
chr2	4175519	4175596	9812
chr2	4354725	4354850	9813
chr2	4685700	4685910	9814
chr2	4712570	4712780	9815
chr2	4763262	4763299	9816
chr2	5365932	5366191	9817
chr2	5368410	5368620	9818
chr2	5916156	5916377	9819
chr2	5917160	5917370	9820
chr2	6353064	6353129	9821
chr2	6526322	6526491	9822
chr2	6773220	6773371	9823
chr2	6773438	6773471	9824
chr2	6791779	6791880	9825
chr2	6826575	6826690	9826
chr2	6828372	6828501	9827
chr2	6865435	6865514	9828
chr2	6865629	6865946	9829
chr2	6866540	6866599	9830
chr2	6877645	6877645	9831
chr2	6896800	6897010	9832
chr2	6897314	6897397	9833
chr2	6915507	6915572	9834
chr2	6917347	6917402	9835
chr2	6917560	6917770	9836
chr2	6922555	6922555	9837
chr2	6931470	6931680	9838
chr2	6932934	6933055	9839
chr2	6968508	6968677	9840
chr2	6986963	6987070	9841
chr2	7014497	7014574	9842
chr2	7031827	7032022	9843
chr2	7037791	7037968	9844
chr2	7044363	7044524	9845
chr2	7072730	7072940	9846
chr2	7084020	7084111	9847
chr2	7097341	7097566	9848
chr2	7098110	7098320	9849
chr2	7111780	7111799	9850
chr2	7119119	7119326	9851
chr2	7133643	7133738	9852
chr2	7168270	7168480	9853
chr2	7180090	7180300	9854
chr2	7180686	7180803	9855
chr2	7203102	7203239	9856
chr2	7357085	7357328	9857
chr2	7358350	7358560	9858
chr2	7358830	7359040	9859
chr2	7364115	7364115	9860
chr2	7427402	7427591	9861
chr2	7510430	7510640	9862
chr2	7593280	7593490	9863
chr2	7672163	7672382	9864
chr2	7725220	7725430	9865
chr2	7725350	7725560	9866
chr2	7792800	7793010	9867
chr2	7825682	7825897	9868
chr2	7836141	7836244	9869
chr2	7837340	7837550	9870
chr2	7886694	7886881	9871
chr2	7902350	7902560	9872
chr2	7989940	7990150	9873
chr2	7994780	7994990	9874
chr2	7999450	7999660	9875
chr2	8063140	8063350	9876
chr2	8068780	8068990	9877
chr2	8091033	8091274	9878
chr2	8103185	8103338	9879
chr2	8103540	8103750	9880
chr2	8111100	8111310	9881
chr2	8111710	8111920	9882
chr2	8119791	8120006	9883
chr2	8120690	8120900	9884
chr2	8126418	8126565	9885
chr2	8139225	8139466	9886
chr2	8144280	8144475	9887
chr2	8189450	8189660	9888
chr2	8211510	8211720	9889
chr2	8334835	8334835	9890
chr2	8335116	8335233	9891
chr2	8364779	8364934	9892
chr2	8376950	8377160	9893
chr2	8378507	8378624	9894
chr2	8412207	8412403	9895
chr2	8413820	8414097	9896
chr2	8430825	8430904	9897
chr2	8433512	8433755	9898
chr2	8453377	8453573	9899
chr2	8476300	8476510	9900
chr2	8477750	8477960	9901
chr2	8493298	8493515	9902
chr2	8500701	8500914	9903
chr2	8523550	8523760	9904
chr2	8525579	8525810	9905
chr2	8535284	8535351	9906
chr2	8543170	8543380	9907
chr2	8545068	8545131	9908
chr2	8573920	8574130	9909
chr2	8574348	8574629	9910
chr2	8583960	8583979	9911
chr2	8599759	8599946	9912
chr2	8605890	8606100	9913
chr2	8611875	8611954	9914
chr2	8625155	8625194	9915
chr2	8625498	8625585	9916
chr2	8626460	8626670	9917
chr2	8627103	8627310	9918
chr2	8627875	8627922	9919
chr2	8633821	8634030	9920
chr2	8644890	8645100	9921
chr2	8645090	8645300	9922
chr2	8679130	8679340	9923
chr2	8681812	8682115	9924
chr2	8685360	8685651	9925
chr2	8685725	8686012	9926
chr2	8693398	8693499	9927
chr2	8694490	8694700	9928
chr2	8697250	8697460	9929
chr2	8761706	8761791	9930
chr2	8762350	8762560	9931
chr2	8803720	8803930	9932
chr2	8820820	8821030	9933
chr2	8821387	8821576	9934
chr2	8821930	8822140	9935
chr2	8835460	8835670	9936
chr2	8837000	8837210	9937
chr2	8838040	8838250	9938
chr2	8840577	8840818	9939
chr2	8872998	8873103	9940
chr2	8874850	8875060	9941
chr2	8877535	8877614	9942
chr2	8882281	8882300	9943
chr2	8904067	8904132	9944
chr2	8962790	8963000	9945
chr2	8986799	8986850	9946
chr2	9110100	9110310	9947
chr2	9137581	9137679	9948
chr2	9139830	9139925	9949
chr2	9142792	9143025	9950
chr2	9166960	9167170	9951
chr2	9179800	9180010	9952
chr2	9191109	9191210	9953
chr2	9206326	9206409	9954
chr2	9219320	9219530	9955
chr2	9234575	9234575	9956
chr2	9247907	9248086	9957
chr2	9254020	9254230	9958
chr2	9259500	9259710	9959
chr2	9288600	9288810	9960
chr2	9328015	9328054	9961
chr2	9333719	9333824	9962
chr2	9335545	9335545	9963
chr2	9336871	9337008	9964
chr2	9371467	9371644	9965
chr2	9386696	9386853	9966
chr2	9423000	9423210	9967
chr2	9436851	9436914	9968
chr2	9481340	9481550	9969
chr2	9489820	9490030	9970
chr2	9490890	9491100	9971
chr2	9515430	9515640	9972
chr2	9553020	9553230	9973
chr2	9555732	9556067	9974
chr2	9570760	9570970	9975
chr2	9579730	9579940	9976
chr2	9612050	9612260	9977
chr2	9632780	9632990	9978
chr2	9653110	9653271	9979
chr2	9657168	9657315	9980
chr2	9690810	9691020	9981
chr2	9737342	9737519	9982
chr2	9752550	9752760	9983
chr2	9768539	9768680	9984
chr2	9769570	9769780	9985
chr2	9770494	9770639	9986
chr2	9778030	9778240	9987
chr2	9798216	9798333	9988
chr2	9799781	9799986	9989
chr2	9813974	9814081	9990
chr2	9843297	9843616	9991
chr2	9889450	9889660	9992
chr2	9889800	9889995	9993
chr2	9896315	9896315	9994
chr2	9902530	9902740	9995
chr2	9902740	9902950	9996
chr2	9908750	9908909	9997
chr2	9912530	9912740	9998
chr2	9912660	9912870	9999
chr2	9932690	9932900	10000
chr2	9941380	9941439	10001
chr2	9984274	9984495	10002
chr2	10022665	10022665	10003
chr2	10023470	10023529	10004
chr2	10028438	10028521	10005
chr2	10029465	10029544	10006
chr2	10036181	10036254	10007
chr2	10043961	10044059	10008
chr2	10048776	10048945	10009
chr2	10057721	10057802	10010
chr2	10071420	10071630	10011
chr2	10072679	10072852	10012
chr2	10073990	10074200	10013
chr2	10077750	10077960	10014
chr2	10097432	10097641	10015
chr2	10120254	10120477	10016
chr2	10121050	10121260	10017
chr2	10121270	10121480	10018
chr2	10122532	10122751	10019
chr2	10124681	10124776	10020
chr2	10142495	10142642	10021
chr2	10163367	10163422	10022
chr2	10169297	10169468	10023
chr2	10170260	10170470	10024
chr2	10188309	10188520	10025
chr2	10189100	10189310	10026
chr2	10201383	10201496	10027
chr2	10221185	10221185	10028
chr2	10226060	10226270	10029
chr2	10228764	10228977	10030
chr2	10239816	10239963	10031
chr2	10254640	10254850	10032
chr2	10264560	10264770	10033
chr2	10268307	10268362	10034
chr2	10270655	10270834	10035
chr2	10277760	10277970	10036
chr2	10278356	10278755	10037
chr2	10285617	10285770	10038
chr2	10289160	10289370	10039
chr2	10289400	10289610	10040
chr2	10302405	10303010	10041
chr2	10303260	10303470	10042
chr2	10303640	10303850	10043
chr2	10304164	10304237	10044
chr2	10317825	10317916	10045
chr2	10329690	10329900	10046
chr2	10369356	10369513	10047
chr2	10401610	10401820	10048
chr2	10409203	10409346	10049
chr2	10434998	10435165	10050
chr2	10447320	10447530	10051
chr2	10447810	10448020	10052
chr2	10448402	10448809	10053
chr2	10450118	10450207	10054
chr2	10467501	10467596	10055
chr2	10482617	10482764	10056
chr2	10493820	10494030	10057
chr2	10519450	10519660	10058
chr2	10520435	10520474	10059
chr2	10556590	10556800	10060
chr2	10557668	10557687	10061
chr2	10584941	10585039	10062
chr2	10630232	10630409	10063
chr2	10660053	10660284	10064
chr2	10668526	10668673	10065
chr2	10709487	10709584	10066
chr2	10787635	10787764	10067
chr2	10793140	10793350	10068
chr2	10813770	10813980	10069
chr2	10814510	10814720	10070
chr2	10817562	10817671	10071
chr2	10832409	10832572	10072
chr2	10835425	10835618	10073
chr2	10846690	10846735	10074
chr2	10865000	10865210	10075
chr2	10884140	10884350	10076
chr2	10885360	10885570	10077
chr2	10900328	10900431	10078
chr2	10914350	10914560	10079
chr2	11024380	11024399	10080
chr2	11028571	11028622	10081
chr2	11073396	11073527	10082
chr2	11074020	11074230	10083
chr2	11099360	11099379	10084
chr2	11124610	11124717	10085
chr2	11130049	11130094	10086
chr2	11132701	11132956	10087
chr2	11134160	11134370	10088
chr2	11153950	11154160	10089
chr2	11155610	11155820	10090
chr2	11169386	11169503	10091
chr2	11197790	11198000	10092
chr2	11198970	11199180	10093
chr2	11214860	11215070	10094
chr2	11219380	11219590	10095
chr2	11240220	11240430	10096
chr2	11268710	11268920	10097
chr2	11342887	11342962	10098
chr2	11343200	11343410	10099
chr2	11344681	11344918	10100
chr2	11363340	11363550	10101
chr2	11364500	11364710	10102
chr2	11366338	11366521	10103
chr2	11370707	11370842	10104
chr2	11376157	11376296	10105
chr2	11376961	11377138	10106
chr2	11389743	11389862	10107
chr2	11396450	11396660	10108
chr2	11403893	11403996	10109
chr2	11410920	11411130	10110
chr2	11412174	11412251	10111
chr2	11418036	11418229	10112
chr2	11422210	11422420	10113
chr2	11446783	11446954	10114
chr2	11447790	11448000	10115
chr2	11466088	11466285	10116
chr2	11477981	11478218	10117
chr2	11482716	11482833	10118
chr2	11498060	11498270	10119
chr2	11514450	11514660	10120
chr2	11539528	11539641	10121
chr2	11542510	11542720	10122
chr2	11550390	11550600	10123
chr2	11582869	11582950	10124
chr2	11583690	11583900	10125
chr2	11584337	11584472	10126
chr2	11589620	11589830	10127
chr2	11643075	11643154	10128
chr2	11656730	11656940	10129
chr2	11662770	11662980	10130
chr2	11669927	11670042	10131
chr2	11682036	11682339	10132
chr2	11688603	11688636	10133
chr2	11693029	11693162	10134
chr2	11737450	11737660	10135
chr2	11738631	11738742	10136
chr2	11744111	11744466	10137
chr2	11745161	11745358	10138
chr2	11746550	11746691	10139
chr2	11764575	11764614	10140
chr2	11779300	11779369	10141
chr2	11785014	11785231	10142
chr2	11819445	11819692	10143
chr2	11829426	11829453	10144
chr2	11829914	11830209	10145
chr2	11830381	11830518	10146
chr2	11862540	11862750	10147
chr2	11863746	11863893	10148
chr2	11873065	11873144	10149
chr2	11904265	11904304	10150
chr2	11951650	11951789	10151
chr2	11952330	11952540	10152
chr2	12048715	12048754	10153
chr2	12167701	12167774	10154
chr2	12326907	12327030	10155
chr2	12416730	12416775	10156
chr2	12432800	12433010	10157
chr2	12433764	12433833	10158
chr2	12434320	12434530	10159
chr2	12456488	12456675	10160
chr2	12478780	12478990	10161
chr2	12486660	12486870	10162
chr2	12513770	12513980	10163
chr2	12514892	12514929	10164
chr2	12515580	12515790	10165
chr2	12606476	12606635	10166
chr2	12650010	12650220	10167
chr2	12659540	12659750	10168
chr2	12675780	12675799	10169
chr2	12716068	12716203	10170
chr2	12716721	12716876	10171
chr2	12737980	12738190	10172
chr2	12773705	12773744	10173
chr2	12778369	12778590	10174
chr2	12819245	12819284	10175
chr2	12882050	12882260	10176
chr2	12931345	12931444	10177
chr2	12941230	12941440	10178
chr2	13006962	13007181	10179
chr2	13044780	13044990	10180
chr2	13194061	13194176	10181
chr2	14634496	14634653	10182
chr2	14642658	14642735	10183
chr2	14655660	14655870	10184
chr2	14693940	14694150	10185
chr2	14779380	14779399	10186
chr2	14903940	14904019	10187
chr2	14943710	14943920	10188
chr2	14945227	14945266	10189
chr2	15044635	15044635	10190
chr2	15156190	15156209	10191
chr2	15159783	15159946	10192
chr2	15172956	15173073	10193
chr2	15232870	15233080	10194
chr2	15269160	15269370	10195
chr2	15360380	15360399	10196
chr2	15431084	15431137	10197
chr2	15435541	15435650	10198
chr2	15471710	15471920	10199
chr2	15527430	15527640	10200
chr2	15546700	15546719	10201
chr2	15561740	15561950	10202
chr2	15562070	15562280	10203
chr2	15577194	15577363	10204
chr2	15588472	15588563	10205
chr2	15590770	15590980	10206
chr2	15629230	15629440	10207
chr2	15637406	15637553	10208
chr2	15641839	15641950	10209
chr2	15665770	15665980	10210
chr2	15674197	15674540	10211
chr2	15730556	15730773	10212
chr2	15733972	15734123	10213
chr2	15748873	15748956	10214
chr2	15766453	15766680	10215
chr2	15774740	15774950	10216
chr2	15780810	15781020	10217
chr2	15797816	15797863	10218
chr2	15890190	15890400	10219
chr2	15939681	15940012	10220
chr2	15943220	15943430	10221
chr2	15943520	15943730	10222
chr2	15993390	15993600	10223
chr2	16006294	16006491	10224
chr2	16034160	16034349	10225
chr2	16034980	16035190	10226
chr2	16041650	16041860	10227
chr2	16044080	16044290	10228
chr2	16068980	16069190	10229
chr2	16069611	16069850	10230
chr2	16070570	16070780	10231
chr2	16072818	16072851	10232
chr2	16079310	16079520	10233
chr2	16079540	16079750	10234
chr2	16084380	16084590	10235
chr2	16091475	16091618	10236
chr2	16094080	16094290	10237
chr2	16095160	16095370	10238
chr2	16115710	16115920	10239
chr2	16128107	16128162	10240
chr2	16142150	16142360	10241
chr2	16142640	16142850	10242
chr2	16143050	16143260	10243
chr2	16158400	16158610	10244
chr2	16204390	16204600	10245
chr2	16218793	16218912	10246
chr2	16244535	16244574	10247
chr2	16255260	16255470	10248
chr2	16281946	16282099	10249
chr2	16322061	16322168	10250
chr2	16330651	16330854	10251
chr2	16393485	16393524	10252
chr2	16394370	16394580	10253
chr2	16425768	16426061	10254
chr2	16463040	16463250	10255
chr2	16464748	16464915	10256
chr2	16485900	16486110	10257
chr2	16487795	16487996	10258
chr2	16508309	16508508	10259
chr2	16508680	16508890	10260
chr2	16525440	16525499	10261
chr2	16553414	16553459	10262
chr2	16561290	16561500	10263
chr2	16561420	16561630	10264
chr2	16583170	16583380	10265
chr2	16608661	16608838	10266
chr2	16609130	16609271	10267
chr2	16613608	16613689	10268
chr2	16617940	16618150	10269
chr2	16618300	16618510	10270
chr2	16664860	16665070	10271
chr2	16665851	16665949	10272
chr2	16727311	16727488	10273
chr2	16757260	16757431	10274
chr2	16758240	16758450	10275
chr2	16771680	16771890	10276
chr2	16773244	16773301	10277
chr2	16773490	16773700	10278
chr2	16776300	16776510	10279
chr2	16818071	16818169	10280
chr2	16832500	16832710	10281
chr2	16835810	16836020	10282
chr2	16900558	16900673	10283
chr2	17148445	17148524	10284
chr2	17171608	17171705	10285
chr2	17208695	17208734	10286
chr2	17298570	17298780	10287
chr2	17309845	17310010	10288
chr2	17355810	17355829	10289
chr2	17356430	17356640	10290
chr2	17460530	17460740	10291
chr2	17470898	17471113	10292
chr2	17479370	17479580	10293
chr2	17518492	17518565	10294
chr2	17538992	17539113	10295
chr2	17539530	17539740	10296
chr2	17540120	17540330	10297
chr2	17544440	17544650	10298
chr2	17546417	17546480	10299
chr2	17548060	17548270	10300
chr2	17548400	17548610	10301
chr2	17557757	17557848	10302
chr2	17573244	17573341	10303
chr2	17578745	17578772	10304
chr2	17594012	17594133	10305
chr2	17602060	17602270	10306
chr2	17622000	17622210	10307
chr2	17646180	17646303	10308
chr2	17671129	17671346	10309
chr2	17671460	17671670	10310
chr2	17693020	17693230	10311
chr2	17719661	17719848	10312
chr2	17754610	17754820	10313
chr2	17757462	17757581	10314
chr2	17761210	17761420	10315
chr2	17761400	17761610	10316
chr2	17765555	17765700	10317
chr2	17781410	17781620	10318
chr2	17830669	17830872	10319
chr2	17832390	17832600	10320
chr2	17851800	17852003	10321
chr2	17878210	17878420	10322
chr2	17878650	17878669	10323
chr2	17918927	17919056	10324
chr2	18001750	18001960	10325
chr2	18104670	18104880	10326
chr2	18117855	18117855	10327
chr2	18149774	18149985	10328
chr2	18178791	18179042	10329
chr2	18233220	18233430	10330
chr2	18266220	18266430	10331
chr2	18377430	18377640	10332
chr2	18378186	18378299	10333
chr2	18381560	18381770	10334
chr2	18387583	18388056	10335
chr2	18388620	18388830	10336
chr2	18404776	18404933	10337
chr2	18435508	18435751	10338
chr2	18455454	18455641	10339
chr2	18519940	18520150	10340
chr2	18520635	18520816	10341
chr2	18521360	18521570	10342
chr2	18559973	18560260	10343
chr2	18560563	18560810	10344
chr2	18561080	18561290	10345
chr2	18611739	18611916	10346
chr2	18663420	18663630	10347
chr2	18690550	18690609	10348
chr2	18690990	18691200	10349
chr2	18697730	18697940	10350
chr2	18742470	18742680	10351
chr2	18742740	18742950	10352
chr2	18750030	18750185	10353
chr2	18750340	18750550	10354
chr2	18752265	18752304	10355
chr2	18753110	18753320	10356
chr2	18777286	18777523	10357
chr2	18778920	18779130	10358
chr2	18800525	18800842	10359
chr2	18801740	18801950	10360
chr2	18823160	18823370	10361
chr2	18825680	18825890	10362
chr2	18831029	18831246	10363
chr2	18833230	18833440	10364
chr2	18855118	18855277	10365
chr2	18884247	18884376	10366
chr2	18889645	18889844	10367
chr2	18890380	18890590	10368
chr2	18923360	18923570	10369
chr2	18927518	18927845	10370
chr2	18970070	18970280	10371
chr2	18970887	18971016	10372
chr2	18985400	18985610	10373
chr2	18987665	18987790	10374
chr2	19021150	19021283	10375
chr2	19021655	19021924	10376
chr2	19023360	19023570	10377
chr2	19049490	19049700	10378
chr2	19073727	19073850	10379
chr2	19078791	19078968	10380
chr2	19119170	19119189	10381
chr2	19119634	19119913	10382
chr2	19120120	19120330	10383
chr2	19140834	19141019	10384
chr2	19141310	19141520	10385
chr2	19164230	19164399	10386
chr2	19273530	19273740	10387
chr2	19313567	19313763	10388
chr2	19350231	19350364	10389
chr2	19357800	19358010	10390
chr2	19358342	19358869	10391
chr2	19358806	19359091	10392
chr2	19359240	19359450	10393
chr2	19362270	19362480	10394
chr2	19363032	19363217	10395
chr2	19369543	19369598	10396
chr2	19377830	19378040	10397
chr2	19408720	19408739	10398
chr2	19425700	19425910	10399
chr2	19488380	19488590	10400
chr2	19498200	19498410	10401
chr2	19499160	19499370	10402
chr2	19505699	19505916	10403
chr2	19538555	19538555	10404
chr2	19568930	19569140	10405
chr2	19569350	19569560	10406
chr2	19573937	19574060	10407
chr2	19580960	19581170	10408
chr2	19611290	19611500	10409
chr2	19611996	19612097	10410
chr2	19667251	19667338	10411
chr2	19746783	19746876	10412
chr2	19748155	19748194	10413
chr2	19769695	19769734	10414
chr2	19851224	19851357	10415
chr2	19863403	19863930	10416
chr2	19900070	19900280	10417
chr2	19900880	19901090	10418
chr2	19901100	19901310	10419
chr2	19901498	19902207	10420
chr2	19903035	19903114	10421
chr2	19933495	19933495	10422
chr2	19955956	19956053	10423
chr2	19988560	19988770	10424
chr2	19990075	19990286	10425
chr2	19992360	19992570	10426
chr2	19997540	19997750	10427
chr2	19997820	19998030	10428
chr2	20008825	20008825	10429
chr2	20013281	20013379	10430
chr2	20015628	20015791	10431
chr2	20051672	20051827	10432
chr2	20052498	20052723	10433
chr2	20072020	20072230	10434
chr2	20077501	20077599	10435
chr2	20081110	20081129	10436
chr2	20088600	20088810	10437
chr2	20088840	20089050	10438
chr2	20093330	20093540	10439
chr2	20093635	20093860	10440
chr2	20098257	20098472	10441
chr2	20135759	20135856	10442
chr2	20179870	20179929	10443
chr2	20180122	20180373	10444
chr2	20186616	20186733	10445
chr2	20191424	20191571	10446
chr2	20196095	20196206	10447
chr2	20215311	20215524	10448
chr2	20225401	20225524	10449
chr2	20242381	20242479	10450
chr2	20242789	20242874	10451
chr2	20289430	20289640	10452
chr2	20291155	20291256	10453
chr2	20326269	20326470	10454
chr2	20350270	20350480	10455
chr2	20350390	20350600	10456
chr2	20379172	20379323	10457
chr2	20396135	20396274	10458
chr2	20411562	20411671	10459
chr2	20419158	20419193	10460
chr2	20419670	20419751	10461
chr2	20423019	20423116	10462
chr2	20431050	20431260	10463
chr2	20431830	20432040	10464
chr2	20437050	20437260	10465
chr2	20438600	20438810	10466
chr2	20443373	20443438	10467
chr2	20446010	20446220	10468
chr2	20446794	20447055	10469
chr2	20449100	20449310	10470
chr2	20449870	20450080	10471
chr2	20450460	20450613	10472
chr2	20452580	20452790	10473
chr2	20475118	20475351	10474
chr2	20506359	20506510	10475
chr2	20510097	20510202	10476
chr2	20525305	20525528	10477
chr2	20535500	20535710	10478
chr2	20536590	20536800	10479
chr2	20538380	20538590	10480
chr2	20538804	20538961	10481
chr2	20553600	20553810	10482
chr2	20562634	20562707	10483
chr2	20565895	20565895	10484
chr2	20585510	20585720	10485
chr2	20592760	20592970	10486
chr2	20593351	20593776	10487
chr2	20597225	20597274	10488
chr2	20611446	20611559	10489
chr2	20618061	20618130	10490
chr2	20635914	20636015	10491
chr2	20642539	20642574	10492
chr2	20651091	20651272	10493
chr2	20661618	20661743	10494
chr2	20666550	20666760	10495
chr2	20666877	20667112	10496
chr2	20667800	20668010	10497
chr2	20676420	20676549	10498
chr2	20682292	20682447	10499
chr2	20683810	20684020	10500
chr2	20691060	20691270	10501
chr2	20691370	20691580	10502
chr2	20728540	20728750	10503
chr2	20757770	20757980	10504
chr2	20781787	20781972	10505
chr2	20821770	20821980	10506
chr2	20822724	20822837	10507
chr2	20916734	20916875	10508
chr2	20935580	20935599	10509
chr2	20955455	20955620	10510
chr2	20963115	20963186	10511
chr2	20964140	20964350	10512
chr2	20999361	20999459	10513
chr2	20999750	20999960	10514
chr2	21000215	21000215	10515
chr2	21000400	21000610	10516
chr2	21000580	21000790	10517
chr2	21042949	21043314	10518
chr2	21044056	21044217	10519
chr2	21056486	21056539	10520
chr2	21056960	21057170	10521
chr2	21057160	21057370	10522
chr2	21063970	21064180	10523
chr2	21064200	21064410	10524
chr2	21067080	21067290	10525
chr2	21069970	21070180	10526
chr2	21083120	21083330	10527
chr2	21083430	21083640	10528
chr2	21092586	21092683	10529
chr2	21096653	21096846	10530
chr2	21118422	21118543	10531
chr2	21155540	21155750	10532
chr2	21156013	21156062	10533
chr2	21165501	21165594	10534
chr2	21175986	21176035	10535
chr2	21214445	21214524	10536
chr2	21263820	21263839	10537
chr2	21316845	21316884	10538
chr2	21317216	21317403	10539
chr2	21317560	21317770	10540
chr2	21372820	21372901	10541
chr2	21395496	21395589	10542
chr2	21423410	21423620	10543
chr2	21754261	21754394	10544
chr2	21754690	21754900	10545
chr2	21890110	21890320	10546
chr2	22001110	22001320	10547
chr2	22055500	22055559	10548
chr2	22055940	22056125	10549
chr2	22056375	22056554	10550
chr2	22124159	22124270	10551
chr2	22156640	22156850	10552
chr2	22215100	22215310	10553
chr2	22355941	22356078	10554
chr2	22437210	22437420	10555
chr2	22737250	22737460	10556
chr2	22904225	22904358	10557
chr2	22905030	22905240	10558
chr2	23002453	23002502	10559
chr2	23069262	23069347	10560
chr2	23091990	23092200	10561
chr2	23097385	23097424	10562
chr2	23122821	23122919	10563
chr2	23199423	23199600	10564
chr2	23209210	23209269	10565
chr2	23293340	23293550	10566
chr2	23294425	23294425	10567
chr2	23313125	23313284	10568
chr2	23330360	23330570	10569
chr2	23351608	23351783	10570
chr2	23360046	23360197	10571
chr2	23398730	23398940	10572
chr2	23415042	23415127	10573
chr2	23460386	23460491	10574
chr2	23481980	23482190	10575
chr2	23502150	23502360	10576
chr2	23566853	23566978	10577
chr2	23596125	23596204	10578
chr2	23624499	23624662	10579
chr2	23636578	23636707	10580
chr2	23658694	23658755	10581
chr2	23670056	23670173	10582
chr2	23674090	23674300	10583
chr2	23759140	23759350	10584
chr2	23804405	23804444	10585
chr2	23824803	23824946	10586
chr2	23828720	23828930	10587
chr2	23917030	23917240	10588
chr2	23927070	23927303	10589
chr2	23928400	23928610	10590
chr2	23940373	23940500	10591
chr2	23944618	23944763	10592
chr2	23983430	23983640	10593
chr2	23988540	23988599	10594
chr2	24014490	24014700	10595
chr2	24015733	24015978	10596
chr2	24021110	24021320	10597
chr2	24021550	24021599	10598
chr2	24022660	24022693	10599
chr2	24024273	24024290	10600
chr2	24046780	24046990	10601
chr2	24048070	24048280	10602
chr2	24050300	24050510	10603
chr2	24050560	24050770	10604
chr2	24051548	24051651	10605
chr2	24060970	24061149	10606
chr2	24076281	24076628	10607
chr2	24080800	24081010	10608
chr2	24083948	24084155	10609
chr2	24084430	24084509	10610
chr2	24084718	24084883	10611
chr2	24123324	24123497	10612
chr2	24123667	24123874	10613
chr2	24154130	24154340	10614
chr2	24164502	24164621	10615
chr2	24164910	24165120	10616
chr2	24182390	24182600	10617
chr2	24182720	24182930	10618
chr2	24228663	24228768	10619
chr2	24247650	24247860	10620
chr2	24269240	24269450	10621
chr2	24339900	24340110	10622
chr2	24346100	24346310	10623
chr2	24360160	24360370	10624
chr2	24382414	24382687	10625
chr2	24400085	24400085	10626
chr2	24401050	24401260	10627
chr2	24410029	24410230	10628
chr2	24421667	24421906	10629
chr2	24490140	24490350	10630
chr2	24543375	24543414	10631
chr2	24613191	24613304	10632
chr2	24717670	24717880	10633
chr2	24791125	24791276	10634
chr2	24792803	24793572	10635
chr2	24809730	24809940	10636
chr2	24827692	24827857	10637
chr2	24830575	24830614	10638
chr2	24881860	24881919	10639
chr2	24921325	24921438	10640
chr2	24969430	24969640	10641
chr2	24970965	24970965	10642
chr2	24971916	24972223	10643
chr2	24975559	24975710	10644
chr2	24993350	24993560	10645
chr2	24993720	24993930	10646
chr2	25041407	25041603	10647
chr2	25042800	25043010	10648
chr2	25116000	25116210	10649
chr2	25129332	25129447	10650
chr2	25166202	25166301	10651
chr2	25190000	25190210	10652
chr2	25196160	25196370	10653
chr2	25196533	25196706	10654
chr2	25198260	25198470	10655
chr2	25210840	25211050	10656
chr2	25228877	25229004	10657
chr2	25251498	25251655	10658
chr2	25280374	25280487	10659
chr2	25309517	25309606	10660
chr2	25342416	25342679	10661
chr2	25362100	25362265	10662
chr2	25376040	25376250	10663
chr2	25376891	25377058	10664
chr2	25421840	25422050	10665
chr2	25455011	25455188	10666
chr2	25522267	25522362	10667
chr2	25540980	25541190	10668
chr2	25567563	25567678	10669
chr2	25607034	25607171	10670
chr2	25618820	25619030	10671
chr2	25664400	25664610	10672
chr2	25664803	25664916	10673
chr2	25672656	25672813	10674
chr2	25692935	25692974	10675
chr2	25700227	25700366	10676
chr2	25714830	25715040	10677
chr2	25787173	25787256	10678
chr2	25808717	25808832	10679
chr2	25809480	25809690	10680
chr2	25829431	25829529	10681
chr2	25851680	25851890	10682
chr2	25852057	25852138	10683
chr2	25876010	25876220	10684
chr2	25877260	25877470	10685
chr2	25877810	25877829	10686
chr2	25878414	25878781	10687
chr2	25879041	25879178	10688
chr2	25903010	25903220	10689
chr2	25913270	25913480	10690
chr2	25917560	25917770	10691
chr2	25941170	25941380	10692
chr2	25951164	25951261	10693
chr2	25954460	25954519	10694
chr2	25956015	25956094	10695
chr2	25982671	25982850	10696
chr2	25983925	25983964	10697
chr2	25991706	25991771	10698
chr2	25995740	25995950	10699
chr2	25997755	25998004	10700
chr2	26005500	26005710	10701
chr2	26005710	26005920	10702
chr2	26011140	26011159	10703
chr2	26012342	26012407	10704
chr2	26018305	26018305	10705
chr2	26024150	26024360	10706
chr2	26027210	26027420	10707
chr2	26028680	26028890	10708
chr2	26033060	26033270	10709
chr2	26033440	26033650	10710
chr2	26033825	26034150	10711
chr2	26034320	26034530	10712
chr2	26034870	26035080	10713
chr2	26058550	26058673	10714
chr2	26073595	26073634	10715
chr2	26080505	26080620	10716
chr2	26088177	26088278	10717
chr2	26145202	26145287	10718
chr2	26145650	26145860	10719
chr2	26171605	26171698	10720
chr2	26173460	26173670	10721
chr2	26181650	26181860	10722
chr2	26184775	26184956	10723
chr2	26235278	26235297	10724
chr2	26238670	26238880	10725
chr2	26244600	26245017	10726
chr2	26273520	26273730	10727
chr2	26299199	26299382	10728
chr2	26299560	26299803	10729
chr2	26314367	26314488	10730
chr2	26316236	26316323	10731
chr2	26330132	26330283	10732
chr2	26331490	26331700	10733
chr2	26339835	26339914	10734
chr2	26344670	26344880	10735
chr2	26355180	26355390	10736
chr2	26355420	26355630	10737
chr2	26363571	26363590	10738
chr2	26412320	26412530	10739
chr2	26460297	26460493	10740
chr2	26462592	26462737	10741
chr2	26469189	26469384	10742
chr2	26472375	26472566	10743
chr2	26503510	26503703	10744
chr2	26520770	26520980	10745
chr2	26521344	26521429	10746
chr2	26555761	26555780	10747
chr2	26562376	26562605	10748
chr2	26577873	26578100	10749
chr2	26605536	26605665	10750
chr2	26611530	26611740	10751
chr2	26615620	26615830	10752
chr2	26631013	26631198	10753
chr2	26721685	26721884	10754
chr2	26722220	26722430	10755
chr2	26745864	26745949	10756
chr2	26758072	26758191	10757
chr2	26771280	26771299	10758
chr2	26771730	26771940	10759
chr2	26772565	26772565	10760
chr2	26783450	26783660	10761
chr2	26838600	26838810	10762
chr2	26841155	26841194	10763
chr2	26846466	26846543	10764
chr2	26889010	26889220	10765
chr2	26922880	26922899	10766
chr2	26925401	26925808	10767
chr2	26942709	26942860	10768
chr2	26961856	26961957	10769
chr2	26970429	26970738	10770
chr2	26991400	26991610	10771
chr2	26991800	26992010	10772
chr2	26994020	26994230	10773
chr2	27015995	27016034	10774
chr2	27016973	27017116	10775
chr2	27025047	27025186	10776
chr2	27050355	27050578	10777
chr2	27051457	27051732	10778
chr2	27071602	27071905	10779
chr2	27081262	27081501	10780
chr2	27085600	27085810	10781
chr2	27086525	27086746	10782
chr2	27092986	27093169	10783
chr2	27096350	27096560	10784
chr2	27098755	27098844	10785
chr2	27113892	27113929	10786
chr2	27116830	27117040	10787
chr2	27118390	27118600	10788
chr2	27123248	27123705	10789
chr2	27123763	27123970	10790
chr2	27133914	27134063	10791
chr2	27152090	27152271	10792
chr2	27162520	27162730	10793
chr2	27169916	27170033	10794
chr2	27177688	27177971	10795
chr2	27191640	27191791	10796
chr2	27195081	27195179	10797
chr2	27209640	27209850	10798
chr2	27212750	27212960	10799
chr2	27212930	27213140	10800
chr2	27216500	27216710	10801
chr2	27217306	27217427	10802
chr2	27217840	27218050	10803
chr2	27250290	27250429	10804
chr2	27263800	27264010	10805
chr2	27265067	27265302	10806
chr2	27271800	27272010	10807
chr2	27272050	27272260	10808
chr2	27279978	27280137	10809
chr2	27292152	27292189	10810
chr2	27293237	27293340	10811
chr2	27293495	27293534	10812
chr2	27297280	27297490	10813
chr2	27299890	27300100	10814
chr2	27303490	27303667	10815
chr2	27320420	27320630	10816
chr2	27321132	27321357	10817
chr2	27353720	27353930	10818
chr2	27354220	27354430	10819
chr2	27356431	27356529	10820
chr2	27356859	27357150	10821
chr2	27357471	27357608	10822
chr2	27372090	27372300	10823
chr2	27378276	27378373	10824
chr2	27379774	27380005	10825
chr2	27380736	27380867	10826
chr2	27408218	27408321	10827
chr2	27409534	27409755	10828
chr2	27427900	27428110	10829
chr2	27429051	27429230	10830
chr2	27446292	27446329	10831
chr2	27454159	27454250	10832
chr2	27469930	27470140	10833
chr2	27488780	27488990	10834
chr2	27489664	27489961	10835
chr2	27496718	27496803	10836
chr2	27511306	27511403	10837
chr2	27518542	27518751	10838
chr2	27522574	27522649	10839
chr2	27549300	27549510	10840
chr2	27609160	27609370	10841
chr2	27614179	27614292	10842
chr2	27628380	27628590	10843
chr2	27628874	27629119	10844
chr2	27663030	27663240	10845
chr2	27663790	27664025	10846
chr2	27681810	27682020	10847
chr2	27683090	27683300	10848
chr2	27683626	27683783	10849
chr2	27703330	27703540	10850
chr2	27703832	27704053	10851
chr2	27723361	27723562	10852
chr2	27723950	27724009	10853
chr2	27737949	27738106	10854
chr2	27738615	27738654	10855
chr2	27752430	27752640	10856
chr2	27752827	27752942	10857
chr2	27754267	27754428	10858
chr2	27763367	27763474	10859
chr2	27771547	27771994	10860
chr2	27795662	27795721	10861
chr2	27799302	27799459	10862
chr2	27800390	27800600	10863
chr2	27807604	27807781	10864
chr2	27875436	27875777	10865
chr2	27890351	27890526	10866
chr2	27890650	27890829	10867
chr2	27891140	27891350	10868
chr2	27891880	27892090	10869
chr2	27892130	27892340	10870
chr2	27913690	27913900	10871
chr2	27915915	27916204	10872
chr2	27916500	27916637	10873
chr2	27929901	27930032	10874
chr2	27930146	27930303	10875
chr2	27954210	27954420	10876
chr2	27954892	27955099	10877
chr2	27959622	27959767	10878
chr2	27973720	27973930	10879
chr2	27993139	27993322	10880
chr2	28010958	28011183	10881
chr2	28011565	28011604	10882
chr2	28015120	28015330	10883
chr2	28117138	28117361	10884
chr2	28155775	28155854	10885
chr2	28175187	28175242	10886
chr2	28233460	28233670	10887
chr2	28269270	28269480	10888
chr2	28269690	28269900	10889
chr2	28318621	28318719	10890
chr2	28340720	28340930	10891
chr2	28342511	28342648	10892
chr2	28357560	28357770	10893
chr2	28391760	28391970	10894
chr2	28392060	28392270	10895
chr2	28392678	28392887	10896
chr2	28395920	28396130	10897
chr2	28396501	28396638	10898
chr2	28396817	28397018	10899
chr2	28397220	28397430	10900
chr2	28401090	28401300	10901
chr2	28408400	28408610	10902
chr2	28413650	28413709	10903
chr2	28419440	28419573	10904
chr2	28452550	28452767	10905
chr2	28544350	28544560	10906
chr2	28544741	28544852	10907
chr2	28545275	28545314	10908
chr2	28566005	28566044	10909
chr2	28566560	28566579	10910
chr2	28566820	28567087	10911
chr2	28593860	28594070	10912
chr2	28594380	28594555	10913
chr2	28607240	28607450	10914
chr2	28612290	28612500	10915
chr2	28618310	28618520	10916
chr2	28619750	28619960	10917
chr2	28621205	28621386	10918
chr2	28621636	28621739	10919
chr2	28622260	28622470	10920
chr2	28640049	28640188	10921
chr2	28662150	28662360	10922
chr2	28664387	28664583	10923
chr2	28683480	28683690	10924
chr2	28683670	28683880	10925
chr2	28692049	28692222	10926
chr2	28702585	28702664	10927
chr2	28709186	28709377	10928
chr2	28734690	28734900	10929
chr2	28735660	28735870	10930
chr2	28736091	28736228	10931
chr2	28750450	28750660	10932
chr2	28751529	28752018	10933
chr2	28753495	28753528	10934
chr2	28803140	28803350	10935
chr2	28821036	28821193	10936
chr2	28821416	28821679	10937
chr2	28870241	28870518	10938
chr2	28893610	28893820	10939
chr2	28905590	28905800	10940
chr2	28952054	28952201	10941
chr2	28955720	28955930	10942
chr2	28956487	28956592	10943
chr2	28956940	28957150	10944
chr2	28958030	28958240	10945
chr2	28958725	28958906	10946
chr2	28981180	28981390	10947
chr2	29087445	29087445	10948
chr2	29105450	29105660	10949
chr2	29108325	29108508	10950
chr2	29123736	29123893	10951
chr2	29134870	29135080	10952
chr2	29161260	29161470	10953
chr2	29196880	29197085	10954
chr2	29211700	29211910	10955
chr2	29212117	29212188	10956
chr2	29238120	29238330	10957
chr2	29238649	29238766	10958
chr2	29296023	29296072	10959
chr2	29308440	29308650	10960
chr2	29309235	29309394	10961
chr2	29330045	29330138	10962
chr2	29343900	29344110	10963
chr2	29824251	29824384	10964
chr2	29841515	29841642	10965
chr2	29923230	29923467	10966
chr2	30026580	30026645	10967
chr2	30072350	30072509	10968
chr2	30090989	30091080	10969
chr2	30107677	30107872	10970
chr2	30115823	30115900	10971
chr2	30146746	30147069	10972
chr2	30165119	30165288	10973
chr2	30208423	30208698	10974
chr2	30231345	30231424	10975
chr2	30232590	30232800	10976
chr2	30274730	30274940	10977
chr2	30334721	30334898	10978
chr2	30341682	30341767	10979
chr2	30374225	30374225	10980
chr2	30446978	30447709	10981
chr2	30463850	30464060	10982
chr2	30464650	30464860	10983
chr2	30504900	30505110	10984
chr2	30505630	30505840	10985
chr2	30505900	30506110	10986
chr2	30506510	30506720	10987
chr2	30511171	30511304	10988
chr2	30511500	30511710	10989
chr2	30524140	30524350	10990
chr2	30686142	30686301	10991
chr2	30692560	30692609	10992
chr2	30707104	30707309	10993
chr2	30707610	30707820	10994
chr2	30711731	30711828	10995
chr2	30714175	30714330	10996
chr2	30862149	30862340	10997
chr2	30915647	30915758	10998
chr2	31049450	31049469	10999
chr2	31067505	31067505	11000
chr2	31079840	31079899	11001
chr2	31151660	31151870	11002
chr2	31170207	31170294	11003
chr2	31233840	31234050	11004
chr2	31333684	31333843	11005
chr2	31386800	31387010	11006
chr2	31414047	31414128	11007
chr2	31428030	31428240	11008
chr2	31524006	31524093	11009
chr2	31675651	31675848	11010
chr2	31688540	31688559	11011
chr2	31694608	31694731	11012
chr2	31729728	31730009	11013
chr2	31736792	31736877	11014
chr2	31742670	31742880	11015
chr2	31762231	31762338	11016
chr2	31811740	31811950	11017
chr2	31812324	31812491	11018
chr2	31812800	31813010	11019
chr2	31822878	31822897	11020
chr2	31837411	31837594	11021
chr2	31877130	31877340	11022
chr2	31886280	31886490	11023
chr2	31886822	31886933	11024
chr2	31896900	31897110	11025
chr2	31925720	31925930	11026
chr2	31986950	31987160	11027
chr2	32006418	32006583	11028
chr2	32008740	32008950	11029
chr2	32009130	32009340	11030
chr2	32010668	32011129	11031
chr2	32022890	32023100	11032
chr2	32061580	32061790	11033
chr2	32062080	32062290	11034
chr2	32063210	32063269	11035
chr2	32063372	32063737	11036
chr2	32075560	32075770	11037
chr2	32135474	32135631	11038
chr2	32232116	32232233	11039
chr2	32254260	32254470	11040
chr2	32277778	32277921	11041
chr2	32326540	32326750	11042
chr2	32329246	32329443	11043
chr2	32330400	32330610	11044
chr2	32356959	32357192	11045
chr2	32442174	32442261	11046
chr2	32453871	32453890	11047
chr2	32484460	32484670	11048
chr2	32553937	32554116	11049
chr2	32611430	32611640	11050
chr2	32627987	32628134	11051
chr2	32752337	32752396	11052
chr2	32772725	32772904	11053
chr2	32777380	32777590	11054
chr2	32777858	32777997	11055
chr2	32805284	32805439	11056
chr2	32879300	32879510	11057
chr2	32945980	32946190	11058
chr2	32946390	32946471	11059
chr2	32946745	32946784	11060
chr2	33015590	33015609	11061
chr2	33034879	33034938	11062
chr2	33124980	33125190	11063
chr2	33133605	33133684	11064
chr2	33134387	33134610	11065
chr2	33197656	33197801	11066
chr2	33199390	33199600	11067
chr2	33208593	33208642	11068
chr2	33212150	33212360	11069
chr2	33240260	33240470	11070
chr2	33270726	33270845	11071
chr2	33372815	33372894	11072
chr2	33373062	33373239	11073
chr2	33380140	33380261	11074
chr2	33395819	33395894	11075
chr2	33396620	33396830	11076
chr2	33413067	33413272	11077
chr2	33441325	33441478	11078
chr2	33582090	33582300	11079
chr2	33583357	33583440	11080
chr2	33666940	33667150	11081
chr2	33670740	33670950	11082
chr2	33674128	33674171	11083
chr2	34012873	34012976	11084
chr2	34096729	34096856	11085
chr2	34097200	34097410	11086
chr2	34568970	34569180	11087
chr2	34570670	34570689	11088
chr2	34738845	34738884	11089
chr2	35099496	35099545	11090
chr2	35168140	35168350	11091
chr2	35199360	35199570	11092
chr2	35343288	35343371	11093
chr2	35410583	35410702	11094
chr2	35428627	35428832	11095
chr2	35652010	35652220	11096
chr2	35748890	35749100	11097
chr2	35773280	35773490	11098
chr2	35871852	35871901	11099
chr2	35894705	35894784	11100
chr2	35973248	35973419	11101
chr2	35973786	35973903	11102
chr2	35975180	35975390	11103
chr2	36105040	36105250	11104
chr2	36119540	36119750	11105
chr2	36165280	36165339	11106
chr2	36214730	36214940	11107
chr2	36297820	36298030	11108
chr2	36318699	36318774	11109
chr2	36322258	36322439	11110
chr2	36333810	36333829	11111
chr2	36338920	36339130	11112
chr2	36352152	36352247	11113
chr2	36359380	36359590	11114
chr2	36376351	36376434	11115
chr2	36432950	36433160	11116
chr2	36433464	36433601	11117
chr2	36459070	36459280	11118
chr2	36459911	36460082	11119
chr2	36486809	36486944	11120
chr2	36494540	36494750	11121
chr2	36494780	36494990	11122
chr2	36502175	36502294	11123
chr2	36507457	36507604	11124
chr2	36510810	36511020	11125
chr2	36545020	36545230	11126
chr2	36551710	36551920	11127
chr2	36562936	36563053	11128
chr2	36563286	36563403	11129
chr2	36579150	36579360	11130
chr2	36598142	36598219	11131
chr2	36598590	36598800	11132
chr2	36618511	36618642	11133
chr2	36646376	36646499	11134
chr2	36650150	36650360	11135
chr2	36654210	36654229	11136
chr2	36654486	36654643	11137
chr2	36658456	36658727	11138
chr2	36660032	36660135	11139
chr2	36661890	36662100	11140
chr2	36664248	36664323	11141
chr2	36665400	36665610	11142
chr2	36666610	36666820	11143
chr2	36672314	36672487	11144
chr2	36673410	36673620	11145
chr2	36695904	36696017	11146
chr2	36754751	36754770	11147
chr2	36770801	36771032	11148
chr2	36779820	36780030	11149
chr2	36780300	36780501	11150
chr2	36785140	36785515	11151
chr2	36785790	36786000	11152
chr2	36785960	36786170	11153
chr2	36812328	36812437	11154
chr2	36819461	36819554	11155
chr2	36821487	36821554	11156
chr2	36857850	36858060	11157
chr2	36858995	36859056	11158
chr2	36900750	36900960	11159
chr2	36919160	36919321	11160
chr2	36965540	36965750	11161
chr2	36967130	36967189	11162
chr2	36967650	36967860	11163
chr2	37005129	37005224	11164
chr2	37026197	37026304	11165
chr2	37084305	37084520	11166
chr2	37085100	37085310	11167
chr2	37103895	37103934	11168
chr2	37119311	37119398	11169
chr2	37149815	37149894	11170
chr2	37167630	37167840	11171
chr2	37168497	37168638	11172
chr2	37171715	37171754	11173
chr2	37189910	37190120	11174
chr2	37195550	37195760	11175
chr2	37196412	37196549	11176
chr2	37197500	37197710	11177
chr2	37230890	37230909	11178
chr2	37281970	37282180	11179
chr2	37324650	37325009	11180
chr2	37332730	37332940	11181
chr2	37336370	37336580	11182
chr2	37343532	37343693	11183
chr2	37362796	37362979	11184
chr2	37378650	37378860	11185
chr2	37395964	37396165	11186
chr2	37414568	37414645	11187
chr2	37536344	37536447	11188
chr2	37546521	37546588	11189
chr2	37570320	37570530	11190
chr2	37575931	37576044	11191
chr2	37646002	37646147	11192
chr2	37673890	37674100	11193
chr2	37812551	37812664	11194
chr2	37828780	37828990	11195
chr2	37831490	37831700	11196
chr2	37832726	37832823	11197
chr2	37875670	37875880	11198
chr2	37876900	37877110	11199
chr2	37877584	37877715	11200
chr2	37878380	37878590	11201
chr2	37891041	37891176	11202
chr2	37896501	37896544	11203
chr2	37918794	37919015	11204
chr2	37919672	37920023	11205
chr2	37920236	37920353	11206
chr2	37921150	37921360	11207
chr2	37925370	37925657	11208
chr2	37925970	37926180	11209
chr2	37962110	37962320	11210
chr2	37982218	37982361	11211
chr2	38038199	38038238	11212
chr2	38076785	38076864	11213
chr2	38077232	38077317	11214
chr2	38077770	38077980	11215
chr2	38115337	38115494	11216
chr2	38148617	38148728	11217
chr2	38163120	38163330	11218
chr2	38260480	38260690	11219
chr2	38273230	38273440	11220
chr2	38274709	38274884	11221
chr2	38315845	38315992	11222
chr2	38325250	38325460	11223
chr2	38346499	38346580	11224
chr2	38376731	38376908	11225
chr2	38396121	38396216	11226
chr2	38420730	38420940	11227
chr2	38435710	38435920	11228
chr2	38446596	38446645	11229
chr2	38465841	38465994	11230
chr2	38497262	38497447	11231
chr2	38497740	38497950	11232
chr2	38508455	38508624	11233
chr2	38523920	38523939	11234
chr2	38528200	38528281	11235
chr2	38536160	38536329	11236
chr2	38540680	38540890	11237
chr2	38541469	38541536	11238
chr2	38542877	38543104	11239
chr2	38553760	38553970	11240
chr2	38555405	38555444	11241
chr2	38581668	38581805	11242
chr2	38599797	38600032	11243
chr2	38601590	38601800	11244
chr2	38602898	38603231	11245
chr2	38603425	38603658	11246
chr2	38620401	38620499	11247
chr2	38624626	38624743	11248
chr2	38658950	38659160	11249
chr2	38660250	38660460	11250
chr2	38666330	38666540	11251
chr2	38668120	38668330	11252
chr2	38677888	38678053	11253
chr2	38685445	38685546	11254
chr2	38693047	38693106	11255
chr2	38701880	38702090	11256
chr2	38716368	38716411	11257
chr2	38726096	38726237	11258
chr2	38731933	38732012	11259
chr2	38740995	38741138	11260
chr2	38750961	38751098	11261
chr2	38751378	38751583	11262
chr2	38751810	38752020	11263
chr2	38752070	38752280	11264
chr2	38778069	38778258	11265
chr2	38779980	38780190	11266
chr2	38818801	38818899	11267
chr2	38835130	38835241	11268
chr2	38875597	38876092	11269
chr2	38907802	38907981	11270
chr2	38922540	38922750	11271
chr2	38926124	38926221	11272
chr2	38947302	38947491	11273
chr2	38947783	38947850	11274
chr2	38948250	38948460	11275
chr2	38949240	38949450	11276
chr2	38981411	38981548	11277
chr2	38981649	38981816	11278
chr2	38992135	38992135	11279
chr2	39002404	39002469	11280
chr2	39013970	39014180	11281
chr2	39036265	39036265	11282
chr2	39059499	39059620	11283
chr2	39059900	39060110	11284
chr2	39120465	39120544	11285
chr2	39120916	39121153	11286
chr2	39121326	39121509	11287
chr2	39121905	39121905	11288
chr2	39123610	39123820	11289
chr2	39123850	39124060	11290
chr2	39124352	39124493	11291
chr2	39126050	39126260	11292
chr2	39128940	39129150	11293
chr2	39134337	39134452	11294
chr2	39138262	39138467	11295
chr2	39138760	39138970	11296
chr2	39221600	39221810	11297
chr2	39228234	39228301	11298
chr2	39229924	39230107	11299
chr2	39291050	39291260	11300
chr2	39379521	39379619	11301
chr2	39379777	39379968	11302
chr2	39436080	39436290	11303
chr2	39436810	39436829	11304
chr2	39449529	39449598	11305
chr2	39470031	39470118	11306
chr2	39470820	39471030	11307
chr2	39481460	39481670	11308
chr2	39481640	39481850	11309
chr2	39488580	39488599	11310
chr2	39492258	39492399	11311
chr2	39504962	39505177	11312
chr2	39512325	39512325	11313
chr2	39513812	39513887	11314
chr2	39515721	39515828	11315
chr2	39516455	39516455	11316
chr2	39518040	39518250	11317
chr2	39541139	39541242	11318
chr2	39544030	39544240	11319
chr2	39550702	39550927	11320
chr2	39591440	39591650	11321
chr2	39593924	39593981	11322
chr2	39618280	39618490	11323
chr2	39642558	39642577	11324
chr2	39643990	39644200	11325
chr2	39665867	39665922	11326
chr2	39666900	39667110	11327
chr2	39697028	39697143	11328
chr2	39704650	39704860	11329
chr2	39718350	39718560	11330
chr2	39718740	39718950	11331
chr2	39728952	39729105	11332
chr2	39730791	39730938	11333
chr2	39778390	39778600	11334
chr2	39784410	39784620	11335
chr2	39838029	39838126	11336
chr2	39850265	39850464	11337
chr2	39913698	39913831	11338
chr2	40213229	40213408	11339
chr2	40214240	40214450	11340
chr2	40243410	40243620	11341
chr2	40244744	40244829	11342
chr2	40448634	40448739	11343
chr2	40487530	40487740	11344
chr2	40487740	40487950	11345
chr2	40488195	40488230	11346
chr2	40554828	40554923	11347
chr2	40760199	40760280	11348
chr2	40844551	40844602	11349
chr2	41283160	41283370	11350
chr2	41400234	41400301	11351
chr2	41414548	41414709	11352
chr2	41548620	41548830	11353
chr2	41554120	41554330	11354
chr2	41698550	41698760	11355
chr2	41698903	41699042	11356
chr2	41715790	41715809	11357
chr2	41728860	41729070	11358
chr2	41782703	41782842	11359
chr2	41825350	41825560	11360
chr2	41827825	41827904	11361
chr2	41828256	41828429	11362
chr2	41840870	41841035	11363
chr2	41848215	41848280	11364
chr2	41853837	41853900	11365
chr2	41869843	41869950	11366
chr2	41886770	41886980	11367
chr2	41895145	41895372	11368
chr2	41966550	41966760	11369
chr2	42041040	42041250	11370
chr2	42045790	42046000	11371
chr2	42054881	42055018	11372
chr2	42056094	42056195	11373
chr2	42072496	42072653	11374
chr2	42077500	42077559	11375
chr2	42086590	42086711	11376
chr2	42092547	42092636	11377
chr2	42096046	42096155	11378
chr2	42102100	42102310	11379
chr2	42116430	42116640	11380
chr2	42116915	42117030	11381
chr2	42137175	42137404	11382
chr2	42141090	42141300	11383
chr2	42141768	42141941	11384
chr2	42169186	42169341	11385
chr2	42169515	42169515	11386
chr2	42195830	42196040	11387
chr2	42196879	42196938	11388
chr2	42202040	42202250	11389
chr2	42217431	42217529	11390
chr2	42218210	42218420	11391
chr2	42222536	42222623	11392
chr2	42238864	42238917	11393
chr2	42240340	42240550	11394
chr2	42286385	42286424	11395
chr2	42286665	42286944	11396
chr2	42327284	42327501	11397
chr2	42343170	42343380	11398
chr2	42346969	42347006	11399
chr2	42349090	42349300	11400
chr2	42360630	42360840	11401
chr2	42361073	42361362	11402
chr2	42361490	42361649	11403
chr2	42362450	42362660	11404
chr2	42374165	42374165	11405
chr2	42385230	42385479	11406
chr2	42425810	42426020	11407
chr2	42486280	42486490	11408
chr2	42495054	42495247	11409
chr2	42513392	42513497	11410
chr2	42513990	42514200	11411
chr2	42558974	42559063	11412
chr2	42568140	42568159	11413
chr2	42573280	42573490	11414
chr2	42585850	42585909	11415
chr2	42604280	42604490	11416
chr2	42614905	42615124	11417
chr2	42617300	42617510	11418
chr2	42639530	42639589	11419
chr2	42663195	42663388	11420
chr2	42664230	42664440	11421
chr2	42676011	42676030	11422
chr2	42677300	42677510	11423
chr2	42706930	42707140	11424
chr2	42757050	42757260	11425
chr2	42770639	42770774	11426
chr2	42792582	42792771	11427
chr2	42793140	42793350	11428
chr2	42794631	42794690	11429
chr2	42809580	42809790	11430
chr2	42809905	42810024	11431
chr2	42809974	42810657	11432
chr2	42812220	42812430	11433
chr2	42827689	42827912	11434
chr2	42828050	42828260	11435
chr2	42828898	42829111	11436
chr2	42859056	42859253	11437
chr2	42905921	42906034	11438
chr2	42921200	42921410	11439
chr2	42926650	42926860	11440
chr2	42928200	42928410	11441
chr2	42928743	42928792	11442
chr2	42929051	42929228	11443
chr2	42929300	42929435	11444
chr2	42931456	42931613	11445
chr2	42946920	42947081	11446
chr2	42959496	42959599	11447
chr2	42974774	42975337	11448
chr2	42978422	42978629	11449
chr2	42979240	42979450	11450
chr2	42979677	42979934	11451
chr2	42987233	42987328	11452
chr2	42987440	42987650	11453
chr2	43018377	43018566	11454
chr2	43018760	43018970	11455
chr2	43022372	43022437	11456
chr2	43024594	43024795	11457
chr2	43038362	43038577	11458
chr2	43052430	43052640	11459
chr2	43075500	43075559	11460
chr2	43088771	43088892	11461
chr2	43092600	43092810	11462
chr2	43106072	43106109	11463
chr2	43127257	43127448	11464
chr2	43131333	43131506	11465
chr2	43131593	43131798	11466
chr2	43145720	43145930	11467
chr2	43146650	43146805	11468
chr2	43152220	43152430	11469
chr2	43152410	43152620	11470
chr2	43158958	43159131	11471
chr2	43162989	43163230	11472
chr2	43165490	43165700	11473
chr2	43169970	43170180	11474
chr2	43179137	43179192	11475
chr2	43194235	43194446	11476
chr2	43195460	43195670	11477
chr2	43200041	43200139	11478
chr2	43227758	43227935	11479
chr2	43229650	43229779	11480
chr2	43258614	43258739	11481
chr2	43292746	43292903	11482
chr2	43294230	43294440	11483
chr2	43311418	43311533	11484
chr2	43312920	43313130	11485
chr2	43350076	43350181	11486
chr2	43390035	43390035	11487
chr2	43424251	43424358	11488
chr2	43425920	43426130	11489
chr2	43451980	43452190	11490
chr2	43455280	43455490	11491
chr2	43457060	43457270	11492
chr2	43463269	43463452	11493
chr2	43484413	43484576	11494
chr2	43485100	43485310	11495
chr2	43542399	43542576	11496
chr2	43577403	43577528	11497
chr2	43595907	43596290	11498
chr2	43596690	43596900	11499
chr2	43596860	43597070	11500
chr2	43598380	43598590	11501
chr2	43605160	43605370	11502
chr2	43609440	43609571	11503
chr2	43612596	43612733	11504
chr2	43634770	43634980	11505
chr2	43637156	43637277	11506
chr2	43637700	43637910	11507
chr2	43676394	43676491	11508
chr2	43744439	43744530	11509
chr2	43745610	43745669	11510
chr2	43759320	43759441	11511
chr2	43773960	43774093	11512
chr2	43774930	43775140	11513
chr2	43802294	43802359	11514
chr2	43808313	43808568	11515
chr2	43838240	43838450	11516
chr2	43838845	43838924	11517
chr2	43839140	43839291	11518
chr2	43877985	43878164	11519
chr2	43881703	43881786	11520
chr2	43898453	43898486	11521
chr2	43937510	43937720	11522
chr2	43949880	43950090	11523
chr2	43950563	43950700	11524
chr2	43995833	43996040	11525
chr2	44016270	44016480	11526
chr2	44044310	44044473	11527
chr2	44061993	44062130	11528
chr2	44081598	44081617	11529
chr2	44087285	44087430	11530
chr2	44088110	44088320	11531
chr2	44126530	44126740	11532
chr2	44167785	44167785	11533
chr2	44168008	44168175	11534
chr2	44211325	44211364	11535
chr2	44233542	44233741	11536
chr2	44244202	44244309	11537
chr2	44291722	44291935	11538
chr2	44295222	44295437	11539
chr2	44295764	44295897	11540
chr2	44343024	44343079	11541
chr2	44361411	44361624	11542
chr2	44361693	44362064	11543
chr2	44362574	44362667	11544
chr2	44392471	44392590	11545
chr2	44394140	44394350	11546
chr2	44477620	44477830	11547
chr2	44479532	44479705	11548
chr2	44524705	44524818	11549
chr2	44560000	44560210	11550
chr2	44560536	44560585	11551
chr2	44620900	44621110	11552
chr2	44668479	44668554	11553
chr2	44672640	44672659	11554
chr2	44715766	44715833	11555
chr2	44730680	44730890	11556
chr2	44742130	44742340	11557
chr2	44742310	44742520	11558
chr2	44759955	44760034	11559
chr2	44771480	44771690	11560
chr2	44786580	44786790	11561
chr2	44793370	44793580	11562
chr2	44897517	44897638	11563
chr2	44938990	44939200	11564
chr2	44952180	44952489	11565
chr2	44955767	44955858	11566
chr2	44956040	44956250	11567
chr2	44974199	44974314	11568
chr2	44981714	44981889	11569
chr2	45014210	45014229	11570
chr2	45051150	45051360	11571
chr2	45273702	45273751	11572
chr2	45274547	45274743	11573
chr2	45275880	45276090	11574
chr2	45300128	45300339	11575
chr2	45312331	45312572	11576
chr2	45331111	45331214	11577
chr2	45333190	45333400	11578
chr2	45346140	45346350	11579
chr2	45373592	45373845	11580
chr2	45390790	45391000	11581
chr2	45426179	45426320	11582
chr2	45426860	45427070	11583
chr2	45440315	45440354	11584
chr2	45469309	45469406	11585
chr2	45469850	45470037	11586
chr2	45470410	45470620	11587
chr2	45493715	45493754	11588
chr2	45494728	45494943	11589
chr2	45495146	45495217	11590
chr2	45578604	45578681	11591
chr2	45585419	45585458	11592
chr2	45610577	45610686	11593
chr2	45611600	45611810	11594
chr2	45643785	45643884	11595
chr2	45649858	45649891	11596
chr2	45650927	45651162	11597
chr2	45700740	45700950	11598
chr2	45712707	45712788	11599
chr2	45729873	45729922	11600
chr2	45778767	45778842	11601
chr2	45793575	45793786	11602
chr2	45822012	45822177	11603
chr2	45840050	45840260	11604
chr2	45860828	45860845	11605
chr2	45879536	45879665	11606
chr2	45889230	45889440	11607
chr2	45911600	45911810	11608
chr2	45912199	45912362	11609
chr2	45936452	45936641	11610
chr2	45960195	45960234	11611
chr2	45978010	45978220	11612
chr2	45993570	45993643	11613
chr2	45994161	45994374	11614
chr2	46002625	46002872	11615
chr2	46010460	46010670	11616
chr2	46010994	46011079	11617
chr2	46029600	46029810	11618
chr2	46037860	46038070	11619
chr2	46038360	46038519	11620
chr2	46050660	46050719	11621
chr2	46062470	46062680	11622
chr2	46063083	46063242	11623
chr2	46067919	46068030	11624
chr2	46091092	46091137	11625
chr2	46119681	46119700	11626
chr2	46142730	46142940	11627
chr2	46172365	46172444	11628
chr2	46183550	46183760	11629
chr2	46225945	46226084	11630
chr2	46229236	46229393	11631
chr2	46229600	46229759	11632
chr2	46294321	46294348	11633
chr2	46297173	46297304	11634
chr2	46300635	46300714	11635
chr2	46305930	46306140	11636
chr2	46306488	46306791	11637
chr2	46307325	46307424	11638
chr2	46308730	46308940	11639
chr2	46309310	46309520	11640
chr2	46315247	46315778	11641
chr2	46326407	46326588	11642
chr2	46334140	46334159	11643
chr2	46336060	46336270	11644
chr2	46349201	46349334	11645
chr2	46365035	46365122	11646
chr2	46366418	46366643	11647
chr2	46373005	46373044	11648
chr2	46389563	46389740	11649
chr2	46394765	46395034	11650
chr2	46401990	46402200	11651
chr2	46402600	46402810	11652
chr2	46414200	46414410	11653
chr2	46417230	46417440	11654
chr2	46425470	46425680	11655
chr2	46425710	46425920	11656
chr2	46435102	46435211	11657
chr2	46442080	46442139	11658
chr2	46461445	46461628	11659
chr2	46461730	46461940	11660
chr2	46464614	46464705	11661
chr2	46500242	46500439	11662
chr2	46540700	46540910	11663
chr2	46541856	46542071	11664
chr2	46555205	46555284	11665
chr2	46576000	46576210	11666
chr2	46601568	46601587	11667
chr2	46616180	46616390	11668
chr2	46617420	46617630	11669
chr2	46617980	46618190	11670
chr2	46632470	46632569	11671
chr2	46650624	46650853	11672
chr2	46661360	46661570	11673
chr2	46698771	46699170	11674
chr2	46737688	46737807	11675
chr2	46746990	46747200	11676
chr2	46747536	46747693	11677
chr2	46749066	46749195	11678
chr2	46770669	46770888	11679
chr2	46776773	46777008	11680
chr2	46780964	46781027	11681
chr2	46815181	46815358	11682
chr2	46876914	46877071	11683
chr2	46878921	46879054	11684
chr2	46889103	46889310	11685
chr2	46889476	46889593	11686
chr2	46913350	46913560	11687
chr2	46913590	46913800	11688
chr2	46914850	46915060	11689
chr2	46916640	46916850	11690
chr2	46918990	46919009	11691
chr2	46940460	46940670	11692
chr2	46941760	46941779	11693
chr2	46955007	46955198	11694
chr2	46960740	46960950	11695
chr2	46987166	46987239	11696
chr2	47015375	47015460	11697
chr2	47034230	47034561	11698
chr2	47034645	47034645	11699
chr2	47043396	47043513	11700
chr2	47049265	47049344	11701
chr2	47069831	47070008	11702
chr2	47071130	47071283	11703
chr2	47079022	47079243	11704
chr2	47088420	47088630	11705
chr2	47128005	47128084	11706
chr2	47160380	47160399	11707
chr2	47176804	47176955	11708
chr2	47191941	47192078	11709
chr2	47193660	47193870	11710
chr2	47195180	47195390	11711
chr2	47226330	47226540	11712
chr2	47250750	47250960	11713
chr2	47272467	47272600	11714
chr2	47287690	47287709	11715
chr2	47291490	47291700	11716
chr2	47291720	47291930	11717
chr2	47313298	47313317	11718
chr2	47319790	47320000	11719
chr2	47321540	47321750	11720
chr2	47323206	47323371	11721
chr2	47335146	47335347	11722
chr2	47343155	47343234	11723
chr2	47343880	47344090	11724
chr2	47364230	47364440	11725
chr2	47366930	47367140	11726
chr2	47386610	47386820	11727
chr2	47388349	47388550	11728
chr2	47402867	47403140	11729
chr2	47403670	47403880	11730
chr2	47403900	47404110	11731
chr2	47437421	47437514	11732
chr2	47459780	47459990	11733
chr2	47512646	47512763	11734
chr2	47571328	47571545	11735
chr2	47617170	47617380	11736
chr2	47654346	47654519	11737
chr2	47716451	47716549	11738
chr2	47751960	47752170	11739
chr2	47752534	47752591	11740
chr2	47752705	47752744	11741
chr2	47752922	47753007	11742
chr2	47768035	47768130	11743
chr2	47782190	47782400	11744
chr2	47789690	47789900	11745
chr2	47813240	47813450	11746
chr2	47829035	47829074	11747
chr2	47857962	47858057	11748
chr2	47905994	47906155	11749
chr2	47906935	47907090	11750
chr2	47907770	47907980	11751
chr2	47909110	47909320	11752
chr2	48016666	48016927	11753
chr2	48105640	48105850	11754
chr2	48106630	48106765	11755
chr2	48111319	48111410	11756
chr2	48111592	48111765	11757
chr2	48120306	48120345	11758
chr2	48146114	48146231	11759
chr2	48205366	48205587	11760
chr2	48250054	48250263	11761
chr2	48251100	48251310	11762
chr2	48270364	48270429	11763
chr2	48312040	48312250	11764
chr2	48313830	48314040	11765
chr2	48314291	48314710	11766
chr2	48344890	48345100	11767
chr2	48345328	48345411	11768
chr2	48347030	48347240	11769
chr2	48365580	48365790	11770
chr2	48415290	48415500	11771
chr2	48415931	48416108	11772
chr2	48420819	48421002	11773
chr2	48433630	48433840	11774
chr2	48440654	48440811	11775
chr2	48448380	48448590	11776
chr2	48448742	48449007	11777
chr2	48471045	48471194	11778
chr2	48507470	48507680	11779
chr2	48508452	48508665	11780
chr2	48545420	48545479	11781
chr2	48572938	48573083	11782
chr2	48589297	48589458	11783
chr2	48600346	48600463	11784
chr2	48601467	48601654	11785
chr2	48621600	48621810	11786
chr2	48725850	48725869	11787
chr2	48796800	48797010	11788
chr2	48904630	48904840	11789
chr2	48946602	48946739	11790
chr2	49210340	49210399	11791
chr2	49240000	49240210	11792
chr2	49240786	49240889	11793
chr2	49271630	49271840	11794
chr2	49490803	49491038	11795
chr2	49491670	49491880	11796
chr2	49616923	49617060	11797
chr2	49619970	49620029	11798
chr2	49770999	49771122	11799
chr2	49771660	49771870	11800
chr2	49807210	49807420	11801
chr2	50144410	50144515	11802
chr2	50344664	50344731	11803
chr2	50402471	50402604	11804
chr2	50402890	50403100	11805
chr2	50476280	50476490	11806
chr2	50491200	50491410	11807
chr2	50491760	50491819	11808
chr2	50492593	50492778	11809
chr2	50529723	50529878	11810
chr2	50536501	50536584	11811
chr2	50675075	50675075	11812
chr2	50746613	50746732	11813
chr2	50747260	50747470	11814
chr2	51103250	51103460	11815
chr2	51424585	51424585	11816
chr2	51505710	51505769	11817
chr2	51708940	51709150	11818
chr2	51710459	51710534	11819
chr2	51795663	51795680	11820
chr2	52294730	52294940	11821
chr2	52341880	52342090	11822
chr2	52409360	52409570	11823
chr2	52522340	52522550	11824
chr2	52558130	52558340	11825
chr2	52810628	52810667	11826
chr2	52976568	52976585	11827
chr2	53019020	53019039	11828
chr2	53104530	53104549	11829
chr2	53202310	53202375	11830
chr2	53268270	53268480	11831
chr2	53423024	53423145	11832
chr2	53443000	53443019	11833
chr2	53459020	53459230	11834
chr2	53473431	53473450	11835
chr2	53513050	53513260	11836
chr2	53515800	53516010	11837
chr2	53570110	53570169	11838
chr2	53740282	53740397	11839
chr2	53767440	53767499	11840
chr2	53786859	53787184	11841
chr2	53787960	53788170	11842
chr2	53788240	53788450	11843
chr2	53788420	53788630	11844
chr2	53823690	53823900	11845
chr2	53827024	53827169	11846
chr2	53827260	53827389	11847
chr2	53840790	53841000	11848
chr2	53841030	53841240	11849
chr2	53877140	53877350	11850
chr2	53924070	53924280	11851
chr2	53930670	53930880	11852
chr2	53940540	53940750	11853
chr2	53969467	53969548	11854
chr2	53969900	53970110	11855
chr2	53970932	53971199	11856
chr2	53971370	53971580	11857
chr2	53977810	53978020	11858
chr2	53978920	53979130	11859
chr2	53985845	53985884	11860
chr2	53986140	53986350	11861
chr2	53988560	53988770	11862
chr2	53989640	53989850	11863
chr2	54008690	54008709	11864
chr2	54016201	54016299	11865
chr2	54030380	54030590	11866
chr2	54044104	54044247	11867
chr2	54048490	54048700	11868
chr2	54053011	54053109	11869
chr2	54084679	54084850	11870
chr2	54085160	54085370	11871
chr2	54088731	54088868	11872
chr2	54103904	54103949	11873
chr2	54107414	54107627	11874
chr2	54107791	54107889	11875
chr2	54115312	54115601	11876
chr2	54115808	54116071	11877
chr2	54122237	54122452	11878
chr2	54138420	54138630	11879
chr2	54143920	54144017	11880
chr2	54176731	54176846	11881
chr2	54206660	54206870	11882
chr2	54206790	54207000	11883
chr2	54207804	54208007	11884
chr2	54226326	54226509	11885
chr2	54234179	54234506	11886
chr2	54254290	54254500	11887
chr2	54262043	54262296	11888
chr2	54262490	54262700	11889
chr2	54279440	54279650	11890
chr2	54309934	54310191	11891
chr2	54310445	54310588	11892
chr2	54359200	54359410	11893
chr2	54384850	54384893	11894
chr2	54402500	54402710	11895
chr2	54424080	54424290	11896
chr2	54446830	54447040	11897
chr2	54447050	54447260	11898
chr2	54456033	54456346	11899
chr2	54457120	54457330	11900
chr2	54457810	54458020	11901
chr2	54471451	54471750	11902
chr2	54482990	54483200	11903
chr2	54488360	54488570	11904
chr2	54498165	54498254	11905
chr2	54498446	54498563	11906
chr2	54503345	54503474	11907
chr2	54522792	54522941	11908
chr2	54532560	54532713	11909
chr2	54533079	54533256	11910
chr2	54546220	54546279	11911
chr2	54555506	54555555	11912
chr2	54560470	54560680	11913
chr2	54571470	54571680	11914
chr2	54572398	54572575	11915
chr2	54574200	54574410	11916
chr2	54579539	54579636	11917
chr2	54579881	54580074	11918
chr2	54619041	54619226	11919
chr2	54630085	54630216	11920
chr2	54630550	54630760	11921
chr2	54634875	54634914	11922
chr2	54640949	54641132	11923
chr2	54657703	54657846	11924
chr2	54665563	54665646	11925
chr2	54666450	54666660	11926
chr2	54666855	54667204	11927
chr2	54691896	54691945	11928
chr2	54704336	54704453	11929
chr2	54704797	54704948	11930
chr2	54705190	54705400	11931
chr2	54706705	54706884	11932
chr2	54723350	54723707	11933
chr2	54724540	54724750	11934
chr2	54728854	54729041	11935
chr2	54739050	54739260	11936
chr2	54740530	54740651	11937
chr2	54763800	54763881	11938
chr2	54837930	54838140	11939
chr2	54838663	54838794	11940
chr2	54858453	54858632	11941
chr2	54859620	54859830	11942
chr2	54873367	54873562	11943
chr2	54874880	54875090	11944
chr2	54900017	54900074	11945
chr2	54905015	54905194	11946
chr2	54940970	54941180	11947
chr2	54941365	54941484	11948
chr2	54945720	54945930	11949
chr2	55011000	55011210	11950
chr2	55011810	55012019	11951
chr2	55012090	55012300	11952
chr2	55013110	55013320	11953
chr2	55013500	55013710	11954
chr2	55014040	55014250	11955
chr2	55015132	55015225	11956
chr2	55026380	55026439	11957
chr2	55050528	55050749	11958
chr2	55063860	55063925	11959
chr2	55071162	55071215	11960
chr2	55109590	55109800	11961
chr2	55133906	55134073	11962
chr2	55168290	55168500	11963
chr2	55168635	55168882	11964
chr2	55175694	55175815	11965
chr2	55176140	55176350	11966
chr2	55180541	55180648	11967
chr2	55181110	55181320	11968
chr2	55181450	55181660	11969
chr2	55232255	55232378	11970
chr2	55232661	55232759	11971
chr2	55269580	55269790	11972
chr2	55270940	55271150	11973
chr2	55281760	55281970	11974
chr2	55282539	55282642	11975
chr2	55283350	55283560	11976
chr2	55310650	55310860	11977
chr2	55311671	55311808	11978
chr2	55419210	55419420	11979
chr2	55419631	55419768	11980
chr2	55419855	55420096	11981
chr2	55421300	55421510	11982
chr2	55432165	55432242	11983
chr2	55433310	55433520	11984
chr2	55460660	55460870	11985
chr2	55490741	55490760	11986
chr2	55511606	55511805	11987
chr2	55519413	55519640	11988
chr2	55569080	55569290	11989
chr2	55580640	55580850	11990
chr2	55615990	55616200	11991
chr2	55616565	55616604	11992
chr2	55616820	55616839	11993
chr2	55617070	55617280	11994
chr2	55617523	55617898	11995
chr2	55619710	55619920	11996
chr2	55687388	55687461	11997
chr2	55693040	55693250	11998
chr2	55693360	55693570	11999
chr2	55693834	55693985	12000
chr2	55718254	55718449	12001
chr2	55771770	55771895	12002
chr2	55779810	55780020	12003
chr2	55792730	55792940	12004
chr2	55793640	55793850	12005
chr2	55839271	55839354	12006
chr2	55843140	55843350	12007
chr2	55961458	55961555	12008
chr2	55961730	55961940	12009
chr2	56009888	56010087	12010
chr2	56077578	56077839	12011
chr2	56130580	56130790	12012
chr2	56132339	56132358	12013
chr2	56183670	56183835	12014
chr2	56191820	56191839	12015
chr2	56204698	56204799	12016
chr2	56217275	56217314	12017
chr2	56289385	56289385	12018
chr2	56337430	56337640	12019
chr2	56382625	56382625	12020
chr2	56439700	56439910	12021
chr2	56443980	56444190	12022
chr2	56449127	56449238	12023
chr2	56748930	56749140	12024
chr2	56749305	56749400	12025
chr2	57377155	57377194	12026
chr2	57497574	57497755	12027
chr2	57516893	57516950	12028
chr2	57720900	57721113	12029
chr2	57759953	57760148	12030
chr2	57883125	57883125	12031
chr2	57893918	57894085	12032
chr2	57905730	57905940	12033
chr2	58009990	58010200	12034
chr2	58010732	58010909	12035
chr2	58023990	58024200	12036
chr2	58042654	58042875	12037
chr2	58046120	58046330	12038
chr2	58046548	58046755	12039
chr2	58046768	58046973	12040
chr2	58047250	58047460	12041
chr2	58131265	58131344	12042
chr2	58170602	58170953	12043
chr2	58200520	58200730	12044
chr2	58201710	58201920	12045
chr2	58204461	58204552	12046
chr2	58217274	58217407	12047
chr2	58240640	58240850	12048
chr2	58241272	58241451	12049
chr2	58261371	58261444	12050
chr2	58272045	58272045	12051
chr2	58341170	58341380	12052
chr2	58448164	58448343	12053
chr2	58554064	58554179	12054
chr2	58569780	58569990	12055
chr2	58571366	58571491	12056
chr2	58762313	58762476	12057
chr2	58867070	58867280	12058
chr2	59025314	59025419	12059
chr2	59182449	59182502	12060
chr2	59183660	59183870	12061
chr2	59276255	59276255	12062
chr2	59301948	59302059	12063
chr2	59449431	59449529	12064
chr2	59585035	59585230	12065
chr2	59729550	59729760	12066
chr2	59762255	59762334	12067
chr2	59789678	59789775	12068
chr2	59817020	59817230	12069
chr2	60002698	60002731	12070
chr2	60094534	60094909	12071
chr2	60109938	60109971	12072
chr2	60119928	60120061	12073
chr2	60152315	60152508	12074
chr2	60295365	60295404	12075
chr2	60316495	60316728	12076
chr2	60337122	60337273	12077
chr2	60364950	60365160	12078
chr2	60365716	60365833	12079
chr2	60434350	60434409	12080
chr2	60434620	60434830	12081
chr2	60439504	60439825	12082
chr2	60480494	60480675	12083
chr2	60530708	60530843	12084
chr2	60531190	60531400	12085
chr2	60550424	60550599	12086
chr2	60553562	60553777	12087
chr2	60554875	60554954	12088
chr2	60560899	60561086	12089
chr2	60565650	60565709	12090
chr2	60581821	60582072	12091
chr2	60642425	60642572	12092
chr2	60674680	60674801	12093
chr2	60707420	60707630	12094
chr2	60707865	60707924	12095
chr2	60717950	60718160	12096
chr2	60756076	60756377	12097
chr2	60756820	60756879	12098
chr2	60759420	60759630	12099
chr2	60794410	60794561	12100
chr2	60805506	60805623	12101
chr2	60818440	60818650	12102
chr2	60880820	60881030	12103
chr2	60885680	60885890	12104
chr2	60970990	60971200	12105
chr2	60999077	60999142	12106
chr2	61018237	61018278	12107
chr2	61018430	61018640	12108
chr2	61018650	61018860	12109
chr2	61055660	61055870	12110
chr2	61135647	61135706	12111
chr2	61144980	61145069	12112
chr2	61177138	61177463	12113
chr2	61266862	61266891	12114
chr2	61326660	61326870	12115
chr2	61356580	61356790	12116
chr2	61426436	61426547	12117
chr2	61434110	61434320	12118
chr2	61443805	61443884	12119
chr2	61456180	61456390	12120
chr2	61456410	61456620	12121
chr2	61460308	61460505	12122
chr2	61469750	61469960	12123
chr2	61470010	61470220	12124
chr2	61471153	61471378	12125
chr2	61472065	61472104	12126
chr2	61486770	61486980	12127
chr2	61536200	61536410	12128
chr2	61536736	61536893	12129
chr2	61627480	61627690	12130
chr2	61628880	61629090	12131
chr2	61629843	61630010	12132
chr2	61658994	61659129	12133
chr2	61659410	61659620	12134
chr2	61660630	61660649	12135
chr2	61663210	61663420	12136
chr2	61671260	61671279	12137
chr2	61671610	61671791	12138
chr2	61694679	61694944	12139
chr2	61708030	61708169	12140
chr2	61759420	61759630	12141
chr2	61764258	61764483	12142
chr2	61793381	61793572	12143
chr2	61853260	61853319	12144
chr2	61888574	61888857	12145
chr2	61898973	61899102	12146
chr2	61905517	61905762	12147
chr2	61908040	61908250	12148
chr2	61910726	61910829	12149
chr2	61911520	61911730	12150
chr2	61911660	61911870	12151
chr2	61917070	61917280	12152
chr2	61917985	61918116	12153
chr2	61950637	61950788	12154
chr2	61993583	61993688	12155
chr2	62073310	62073520	12156
chr2	62110520	62110730	12157
chr2	62152490	62152700	12158
chr2	62196590	62196800	12159
chr2	62197020	62197230	12160
chr2	62197590	62197800	12161
chr2	62223040	62223250	12162
chr2	62225124	62225227	12163
chr2	62267440	62267650	12164
chr2	62292200	62292410	12165
chr2	62292770	62292980	12166
chr2	62297805	62297852	12167
chr2	62332420	62332630	12168
chr2	62343310	62343520	12169
chr2	62344020	62344230	12170
chr2	62406630	62406840	12171
chr2	62410780	62410990	12172
chr2	62411998	62412377	12173
chr2	62413170	62413380	12174
chr2	62413810	62414020	12175
chr2	62423257	62423462	12176
chr2	62423590	62423800	12177
chr2	62444037	62444102	12178
chr2	62452100	62452310	12179
chr2	62456470	62456680	12180
chr2	62457064	62457199	12181
chr2	62457309	62457492	12182
chr2	62467255	62467334	12183
chr2	62467860	62468070	12184
chr2	62486035	62486114	12185
chr2	62501030	62501240	12186
chr2	62540398	62540535	12187
chr2	62570087	62570306	12188
chr2	62570405	62570558	12189
chr2	62570660	62570870	12190
chr2	62578115	62578354	12191
chr2	62590130	62590211	12192
chr2	62654042	62654233	12193
chr2	62704010	62704220	12194
chr2	62705257	62705854	12195
chr2	62706080	62706290	12196
chr2	62707540	62707750	12197
chr2	62725405	62725484	12198
chr2	62739310	62739520	12199
chr2	62774744	62774949	12200
chr2	62775197	62775324	12201
chr2	62787476	62787593	12202
chr2	62789260	62789470	12203
chr2	62794910	62795120	12204
chr2	62802220	62802430	12205
chr2	62843730	62843940	12206
chr2	62857110	62857320	12207
chr2	62964240	62964450	12208
chr2	63009020	63009230	12209
chr2	63009697	63009752	12210
chr2	63023580	63023737	12211
chr2	63050652	63050881	12212
chr2	63079037	63079114	12213
chr2	63189017	63189216	12214
chr2	63192866	63193345	12215
chr2	63194900	63195110	12216
chr2	63300919	63301214	12217
chr2	63424987	63425102	12218
chr2	63487091	63487228	12219
chr2	63488232	63488347	12220
chr2	63489030	63489240	12221
chr2	63489180	63489390	12222
chr2	63544171	63544354	12223
chr2	63589040	63589099	12224
chr2	63590160	63590370	12225
chr2	63596692	63596917	12226
chr2	63614710	63614920	12227
chr2	63615190	63615249	12228
chr2	63692098	63692293	12229
chr2	63699211	63699304	12230
chr2	63721080	63721290	12231
chr2	63734609	63734712	12232
chr2	63737140	63737350	12233
chr2	63746521	63746718	12234
chr2	63763422	63763531	12235
chr2	63781111	63781248	12236
chr2	63820710	63820920	12237
chr2	63839070	63839280	12238
chr2	63840020	63840230	12239
chr2	63841670	63841949	12240
chr2	63842630	63842840	12241
chr2	63842750	63842960	12242
chr2	63861362	63861501	12243
chr2	63871183	63871402	12244
chr2	63888914	63889057	12245
chr2	63891450	63891660	12246
chr2	63891720	63891930	12247
chr2	63950591	63950662	12248
chr2	63983600	63983810	12249
chr2	63984387	63984446	12250
chr2	63984630	63984840	12251
chr2	63985022	63985179	12252
chr2	63991583	63991632	12253
chr2	63993830	63994040	12254
chr2	64000731	64000908	12255
chr2	64008640	64008850	12256
chr2	64017480	64017690	12257
chr2	64017811	64017948	12258
chr2	64018170	64018380	12259
chr2	64018490	64018700	12260
chr2	64020710	64020920	12261
chr2	64024351	64024920	12262
chr2	64049840	64049979	12263
chr2	64055480	64055690	12264
chr2	64088510	64088720	12265
chr2	64106089	64106410	12266
chr2	64129060	64129270	12267
chr2	64144346	64144665	12268
chr2	64157550	64157760	12269
chr2	64227980	64228190	12270
chr2	64228359	64228484	12271
chr2	64243600	64243810	12272
chr2	64311780	64311990	12273
chr2	64328092	64328151	12274
chr2	64330950	64331171	12275
chr2	64337500	64337549	12276
chr2	64373980	64374190	12277
chr2	64392110	64392320	12278
chr2	64404280	64404490	12279
chr2	64410730	64410940	12280
chr2	64453226	64453453	12281
chr2	64457660	64457870	12282
chr2	64488090	64488307	12283
chr2	64515210	64515420	12284
chr2	64516640	64516850	12285
chr2	64522867	64523018	12286
chr2	64524078	64524419	12287
chr2	64525400	64525610	12288
chr2	64532590	64532800	12289
chr2	64535080	64535290	12290
chr2	64541120	64541330	12291
chr2	64558790	64559000	12292
chr2	64559050	64559260	12293
chr2	64562269	64562360	12294
chr2	64586630	64586840	12295
chr2	64587010	64587139	12296
chr2	64593970	64594180	12297
chr2	64595596	64595649	12298
chr2	64606531	64606708	12299
chr2	64606780	64606990	12300
chr2	64607132	64607357	12301
chr2	64625505	64625584	12302
chr2	64645213	64645262	12303
chr2	64646438	64646659	12304
chr2	64652340	64652550	12305
chr2	64652710	64652920	12306
chr2	64653847	64654038	12307
chr2	64654234	64654391	12308
chr2	64656130	64656340	12309
chr2	64685185	64685224	12310
chr2	64685546	64685713	12311
chr2	64698270	64698480	12312
chr2	64698750	64698960	12313
chr2	64720310	64720520	12314
chr2	64730610	64730925	12315
chr2	64750975	64751540	12316
chr2	64752300	64752510	12317
chr2	64769920	64770130	12318
chr2	64784812	64784997	12319
chr2	64792426	64792513	12320
chr2	64831851	64831948	12321
chr2	64864850	64865060	12322
chr2	64865629	64865798	12323
chr2	64873522	64873663	12324
chr2	64889092	64889179	12325
chr2	64913376	64913471	12326
chr2	64914110	64914320	12327
chr2	64914350	64914560	12328
chr2	64917790	64917881	12329
chr2	64921380	64921590	12330
chr2	64937660	64937870	12331
chr2	64941227	64941423	12332
chr2	64943772	64943909	12333
chr2	64952200	64952410	12334
chr2	64959090	64959300	12335
chr2	64963767	64964006	12336
chr2	64975320	64975530	12337
chr2	64982425	64982748	12338
chr2	64982900	64983110	12339
chr2	64988300	64988510	12340
chr2	64989192	64989401	12341
chr2	65017541	65017674	12342
chr2	65031667	65031930	12343
chr2	65033350	65033560	12344
chr2	65040190	65040400	12345
chr2	65040740	65040933	12346
chr2	65055790	65056000	12347
chr2	65056165	65056376	12348
chr2	65070424	65070585	12349
chr2	65095470	65095680	12350
chr2	65097580	65097790	12351
chr2	65130073	65130542	12352
chr2	65131200	65131410	12353
chr2	65142693	65142726	12354
chr2	65170692	65170767	12355
chr2	65185650	65185860	12356
chr2	65186990	65187200	12357
chr2	65187393	65187472	12358
chr2	65191790	65192000	12359
chr2	65227940	65228150	12360
chr2	65228455	65228494	12361
chr2	65229650	65229860	12362
chr2	65264780	65264990	12363
chr2	65265225	65265310	12364
chr2	65266270	65266480	12365
chr2	65290110	65290320	12366
chr2	65301139	65301278	12367
chr2	65309680	65309890	12368
chr2	65320511	65320618	12369
chr2	65336700	65336910	12370
chr2	65350896	65351053	12371
chr2	65363308	65363417	12372
chr2	65366650	65366860	12373
chr2	65370800	65371010	12374
chr2	65373464	65373631	12375
chr2	65374015	65374094	12376
chr2	65377720	65377930	12377
chr2	65377910	65378120	12378
chr2	65383125	65383164	12379
chr2	65387136	65387233	12380
chr2	65396417	65396568	12381
chr2	65431890	65432100	12382
chr2	65432402	65432973	12383
chr2	65434140	65434350	12384
chr2	65435980	65435999	12385
chr2	65436251	65436474	12386
chr2	65436588	65436661	12387
chr2	65438280	65438490	12388
chr2	65483160	65483261	12389
chr2	65527885	65528008	12390
chr2	65528350	65528560	12391
chr2	65545150	65545360	12392
chr2	65552756	65552913	12393
chr2	65553384	65553533	12394
chr2	65561290	65561500	12395
chr2	65573184	65573457	12396
chr2	65573800	65574010	12397
chr2	65575370	65575580	12398
chr2	65577087	65577283	12399
chr2	65640623	65640774	12400
chr2	65686980	65687190	12401
chr2	65711127	65711242	12402
chr2	65722223	65722252	12403
chr2	65782760	65782970	12404
chr2	65801170	65801189	12405
chr2	65969310	65969479	12406
chr2	66013658	66013733	12407
chr2	66030705	66030744	12408
chr2	66391320	66391530	12409
chr2	66429145	66429276	12410
chr2	66432730	66432940	12411
chr2	66434963	66435152	12412
chr2	66435715	66435794	12413
chr2	66453120	66453330	12414
chr2	66523090	66523300	12415
chr2	66565350	66565560	12416
chr2	66575170	66575229	12417
chr2	66575408	66575569	12418
chr2	66577140	66577199	12419
chr2	66587394	66587473	12420
chr2	66636400	66636610	12421
chr2	66754250	66754460	12422
chr2	66805380	66805590	12423
chr2	66825120	66825179	12424
chr2	66846960	66847170	12425
chr2	66851670	66851880	12426
chr2	66852400	66852610	12427
chr2	66982960	66982979	12428
chr2	67058003	67058150	12429
chr2	67082996	67083113	12430
chr2	67215388	67215511	12431
chr2	67277582	67277697	12432
chr2	67309410	67309559	12433
chr2	67322801	67322882	12434
chr2	67395930	67396140	12435
chr2	67397214	67397385	12436
chr2	67397682	67397899	12437
chr2	67397966	67398123	12438
chr2	67398450	67398660	12439
chr2	67399240	67399450	12440
chr2	67400170	67400380	12441
chr2	67450415	67450454	12442
chr2	67476951	67477068	12443
chr2	67671080	67671290	12444
chr2	67731900	67732110	12445
chr2	67733825	67733864	12446
chr2	67840590	67840727	12447
chr2	67844790	67845000	12448
chr2	67846475	67846656	12449
chr2	67875440	67875650	12450
chr2	67954436	67954593	12451
chr2	68031639	68031830	12452
chr2	68063450	68063660	12453
chr2	68064760	68064970	12454
chr2	68065130	68065340	12455
chr2	68122540	68122625	12456
chr2	68155970	68156180	12457
chr2	68156940	68157150	12458
chr2	68157523	68158068	12459
chr2	68174190	68174400	12460
chr2	68185683	68185812	12461
chr2	68225339	68225440	12462
chr2	68250050	68250260	12463
chr2	68251184	68251255	12464
chr2	68282977	68283034	12465
chr2	68291850	68292060	12466
chr2	68292230	68292371	12467
chr2	68362119	68362220	12468
chr2	68388429	68388630	12469
chr2	68441817	68441988	12470
chr2	68463406	68463553	12471
chr2	68467201	68467608	12472
chr2	68487180	68487390	12473
chr2	68487888	68488035	12474
chr2	68491775	68491775	12475
chr2	68560669	68560772	12476
chr2	68594751	68594888	12477
chr2	68595297	68595508	12478
chr2	68598390	68598600	12479
chr2	68643510	68643720	12480
chr2	68643680	68643890	12481
chr2	68646483	68646532	12482
chr2	68680010	68680220	12483
chr2	68709565	68709694	12484
chr2	68715500	68715691	12485
chr2	68722957	68723012	12486
chr2	68751818	68751977	12487
chr2	68812412	68812497	12488
chr2	68837398	68837479	12489
chr2	68837890	68838100	12490
chr2	68839418	68839437	12491
chr2	68888157	68888318	12492
chr2	68901279	68901346	12493
chr2	68901580	68901790	12494
chr2	68909934	68910025	12495
chr2	68920740	68920950	12496
chr2	68920930	68921140	12497
chr2	68925411	68925526	12498
chr2	68943585	68943784	12499
chr2	69011730	69011940	12500
chr2	69012570	69012780	12501
chr2	69013085	69013424	12502
chr2	69013716	69013845	12503
chr2	69046297	69046402	12504
chr2	69082805	69082950	12505
chr2	69097373	69097536	12506
chr2	69111810	69112020	12507
chr2	69160155	69160244	12508
chr2	69164840	69165050	12509
chr2	69166900	69166961	12510
chr2	69178289	69178542	12511
chr2	69196407	69196532	12512
chr2	69208138	69208243	12513
chr2	69217220	69217279	12514
chr2	69220450	69220660	12515
chr2	69273211	69273340	12516
chr2	69280038	69280305	12517
chr2	69291467	69291564	12518
chr2	69302545	69302545	12519
chr2	69307512	69307625	12520
chr2	69316631	69316729	12521
chr2	69356990	69357009	12522
chr2	69375883	69376006	12523
chr2	69376480	69376690	12524
chr2	69387183	69387460	12525
chr2	69389220	69389430	12526
chr2	69397299	69397410	12527
chr2	69437316	69437655	12528
chr2	69438020	69438230	12529
chr2	69471150	69471360	12530
chr2	69483830	69484040	12531
chr2	69500191	69500289	12532
chr2	69537620	69537830	12533
chr2	69538890	69539100	12534
chr2	69539294	69539367	12535
chr2	69559771	69559946	12536
chr2	69565424	69565521	12537
chr2	69581838	69581947	12538
chr2	69624430	69624640	12539
chr2	69641830	69642040	12540
chr2	69644038	69644175	12541
chr2	69659410	69659620	12542
chr2	69675593	69675758	12543
chr2	69683740	69683950	12544
chr2	69695640	69695850	12545
chr2	69714703	69714948	12546
chr2	69720675	69720714	12547
chr2	69724834	69724887	12548
chr2	69740620	69740830	12549
chr2	69740760	69740970	12550
chr2	69741860	69742079	12551
chr2	69764456	69764509	12552
chr2	69781090	69781300	12553
chr2	69781533	69781780	12554
chr2	69781980	69782190	12555
chr2	69789370	69789389	12556
chr2	69817069	69817196	12557
chr2	69818690	69818900	12558
chr2	69828110	69828320	12559
chr2	69912180	69912199	12560
chr2	69913780	69913990	12561
chr2	69914473	69915026	12562
chr2	69933949	69934094	12563
chr2	69946692	69946801	12564
chr2	69969332	69969369	12565
chr2	69975980	69976190	12566
chr2	69980420	69980630	12567
chr2	69989540	69989750	12568
chr2	70010457	70010562	12569
chr2	70050855	70050950	12570
chr2	70070932	70071117	12571
chr2	70094450	70094660	12572
chr2	70095265	70095410	12573
chr2	70104739	70104850	12574
chr2	70108502	70108587	12575
chr2	70108930	70109091	12576
chr2	70126380	70126590	12577
chr2	70126580	70126790	12578
chr2	70132810	70133020	12579
chr2	70141740	70141950	12580
chr2	70142519	70142958	12581
chr2	70199370	70199580	12582
chr2	70247940	70248150	12583
chr2	70248240	70248450	12584
chr2	70269689	70269906	12585
chr2	70291700	70291910	12586
chr2	70293236	70293533	12587
chr2	70301337	70301418	12588
chr2	70301521	70301708	12589
chr2	70301912	70302261	12590
chr2	70304011	70304176	12591
chr2	70329630	70329689	12592
chr2	70336630	70336840	12593
chr2	70341279	70341454	12594
chr2	70386160	70386179	12595
chr2	70412530	70412740	12596
chr2	70469595	70469674	12597
chr2	70498209	70498300	12598
chr2	70504039	70504130	12599
chr2	70524370	70524580	12600
chr2	70535745	70535745	12601
chr2	70553170	70553380	12602
chr2	70553766	70554415	12603
chr2	70557360	70557379	12604
chr2	70561650	70561860	12605
chr2	70561970	70562180	12606
chr2	70565470	70565680	12607
chr2	70617743	70617786	12608
chr2	70648001	70648110	12609
chr2	70655407	70655474	12610
chr2	70655800	70656010	12611
chr2	70686951	70687052	12612
chr2	70768170	70768380	12613
chr2	70785430	70785525	12614
chr2	70789676	70789839	12615
chr2	70805710	70805920	12616
chr2	70806710	70806920	12617
chr2	70824900	70825110	12618
chr2	70861932	70862103	12619
chr2	70862600	70862810	12620
chr2	70864648	70864691	12621
chr2	70871648	70871807	12622
chr2	70887750	70887960	12623
chr2	70888910	70889120	12624
chr2	70894570	70894780	12625
chr2	70900394	70900635	12626
chr2	70901540	70901750	12627
chr2	70902670	70902880	12628
chr2	70917910	70918120	12629
chr2	70919935	70920038	12630
chr2	70935700	70935910	12631
chr2	70946920	70947143	12632
chr2	70948564	70948705	12633
chr2	70965020	70965169	12634
chr2	70977245	70977284	12635
chr2	70977440	70977661	12636
chr2	70994050	70994260	12637
chr2	70994290	70994500	12638
chr2	70994863	70995038	12639
chr2	70995301	70995478	12640
chr2	71001104	71001325	12641
chr2	71002990	71003200	12642
chr2	71007617	71007698	12643
chr2	71008750	71008960	12644
chr2	71023698	71023717	12645
chr2	71068061	71068806	12646
chr2	71069340	71069550	12647
chr2	71070450	71070499	12648
chr2	71100553	71100766	12649
chr2	71130161	71130400	12650
chr2	71131156	71131313	12651
chr2	71136370	71136580	12652
chr2	71150540	71150750	12653
chr2	71154974	71155035	12654
chr2	71157639	71157714	12655
chr2	71224109	71224190	12656
chr2	71227190	71227209	12657
chr2	71282668	71282701	12658
chr2	71299610	71299663	12659
chr2	71331533	71331902	12660
chr2	71332055	71332134	12661
chr2	71333200	71333410	12662
chr2	71456331	71456429	12663
chr2	71482290	71482500	12664
chr2	71510335	71510454	12665
chr2	71530878	71531001	12666
chr2	71531885	71531924	12667
chr2	71545762	71545969	12668
chr2	71548815	71548815	12669
chr2	71556167	71556412	12670
chr2	71596140	71596350	12671
chr2	71603826	71604075	12672
chr2	71610109	71610146	12673
chr2	71615601	71615714	12674
chr2	71672242	71672357	12675
chr2	71717024	71717197	12676
chr2	71779040	71779250	12677
chr2	71798443	71798616	12678
chr2	71802171	71802264	12679
chr2	71871686	71871827	12680
chr2	71883017	71883272	12681
chr2	71883650	71883860	12682
chr2	71894556	71894605	12683
chr2	71924074	71924203	12684
chr2	71934048	71934105	12685
chr2	71959640	71959850	12686
chr2	71995241	71995312	12687
chr2	72077265	72077265	12688
chr2	72078018	72078171	12689
chr2	72092655	72092734	12690
chr2	72105063	72105136	12691
chr2	72116193	72116338	12692
chr2	72137581	72137782	12693
chr2	72150427	72150614	12694
chr2	72199115	72199194	12695
chr2	72204420	72204630	12696
chr2	72205526	72205675	12697
chr2	72206900	72207110	12698
chr2	72219290	72219500	12699
chr2	72220314	72220429	12700
chr2	72326003	72326106	12701
chr2	72369030	72369240	12702
chr2	72412010	72412220	12703
chr2	72438960	72439170	12704
chr2	72518045	72518214	12705
chr2	72539296	72539413	12706
chr2	72548244	72548365	12707
chr2	72548530	72548740	12708
chr2	72556127	72556186	12709
chr2	72578630	72578840	12710
chr2	72579690	72579879	12711
chr2	72603570	72603780	12712
chr2	72605964	72606121	12713
chr2	72617325	72617364	12714
chr2	72673468	72673511	12715
chr2	72681591	72681689	12716
chr2	72694981	72695124	12717
chr2	72723857	72723992	12718
chr2	72743590	72743800	12719
chr2	72745818	72746105	12720
chr2	72757349	72757526	12721
chr2	72771005	72771134	12722
chr2	72778460	72778670	12723
chr2	72825973	72826092	12724
chr2	72829500	72829710	12725
chr2	72859930	72859949	12726
chr2	72862544	72862849	12727
chr2	72884080	72884290	12728
chr2	72886930	72887140	12729
chr2	72887253	72887632	12730
chr2	72887895	72888108	12731
chr2	72889014	72889149	12732
chr2	72892880	72892899	12733
chr2	72893721	72893870	12734
chr2	72915430	72915640	12735
chr2	72916940	72917150	12736
chr2	72935101	72935208	12737
chr2	72943785	72943824	12738
chr2	72944330	72944540	12739
chr2	72952530	72952740	12740
chr2	72973738	72973885	12741
chr2	72993164	72993341	12742
chr2	73022170	73022380	12743
chr2	73030290	73030500	12744
chr2	73031530	73031740	12745
chr2	73036340	73036550	12746
chr2	73044290	73044495	12747
chr2	73045060	73045270	12748
chr2	73071278	73071553	12749
chr2	73072130	73072340	12750
chr2	73085725	73085892	12751
chr2	73092295	73092374	12752
chr2	73112410	73112620	12753
chr2	73112923	73113130	12754
chr2	73156760	73156793	12755
chr2	73163887	73163972	12756
chr2	73175682	73175907	12757
chr2	73177445	73177652	12758
chr2	73190910	73191120	12759
chr2	73191555	73191978	12760
chr2	73212639	73212692	12761
chr2	73234194	73234411	12762
chr2	73235120	73235330	12763
chr2	73260441	73260532	12764
chr2	73290362	73290399	12765
chr2	73291340	73291359	12766
chr2	73293580	73293821	12767
chr2	73360427	73360542	12768
chr2	73385220	73385430	12769
chr2	73385622	73385863	12770
chr2	73444377	73444432	12771
chr2	73444660	73444870	12772
chr2	73620190	73620249	12773
chr2	73623310	73623520	12774
chr2	73624840	73625050	12775
chr2	73625420	73625479	12776
chr2	73625851	73626028	12777
chr2	73631600	73631810	12778
chr2	73640070	73640280	12779
chr2	73640725	73640804	12780
chr2	73642418	73642501	12781
chr2	73647710	73647920	12782
chr2	73649850	73650060	12783
chr2	73669160	73669370	12784
chr2	73680300	73680439	12785
chr2	73680690	73680900	12786
chr2	73684910	73685120	12787
chr2	73686190	73686315	12788
chr2	73687390	73687600	12789
chr2	73690810	73691020	12790
chr2	73702480	73702499	12791
chr2	73712300	73712510	12792
chr2	73736605	73736644	12793
chr2	73737229	73737506	12794
chr2	73737620	73737679	12795
chr2	73738265	73738304	12796
chr2	73754055	73754098	12797
chr2	73779490	73779509	12798
chr2	73780037	73780282	12799
chr2	73812240	73812450	12800
chr2	73824053	73824216	12801
chr2	73824750	73824960	12802
chr2	73825080	73825290	12803
chr2	73827410	73827620	12804
chr2	73828100	73828310	12805
chr2	73842386	73842467	12806
chr2	73842722	73842841	12807
chr2	73851320	73851530	12808
chr2	73868790	73868849	12809
chr2	73908085	73908224	12810
chr2	73920920	73921130	12811
chr2	73921266	73921489	12812
chr2	73925110	73925320	12813
chr2	73963530	73963740	12814
chr2	73984250	73984460	12815
chr2	73992090	73992300	12816
chr2	73995710	73995920	12817
chr2	74002544	74002829	12818
chr2	74003200	74003410	12819
chr2	74080468	74080541	12820
chr2	74104955	74105034	12821
chr2	74118310	74118520	12822
chr2	74119420	74119630	12823
chr2	74120093	74120668	12824
chr2	74147876	74148061	12825
chr2	74151580	74151599	12826
chr2	74176060	74176270	12827
chr2	74178551	74178728	12828
chr2	74199110	74199341	12829
chr2	74227760	74227970	12830
chr2	74250197	74250376	12831
chr2	74250870	74251080	12832
chr2	74261627	74261778	12833
chr2	74292874	74292951	12834
chr2	74316350	74316560	12835
chr2	74316850	74316909	12836
chr2	74333320	74333435	12837
chr2	74334952	74335139	12838
chr2	74380900	74381110	12839
chr2	74390700	74390910	12840
chr2	74392011	74392166	12841
chr2	74393330	74393540	12842
chr2	74399994	74400215	12843
chr2	74421170	74421380	12844
chr2	74421576	74421723	12845
chr2	74429747	74429814	12846
chr2	74430004	74430091	12847
chr2	74435360	74435570	12848
chr2	74435590	74435800	12849
chr2	74438630	74438840	12850
chr2	74440450	74440933	12851
chr2	74455369	74455406	12852
chr2	74457601	74457778	12853
chr2	74461110	74461320	12854
chr2	74465310	74465469	12855
chr2	74472190	74472400	12856
chr2	74472638	74472795	12857
chr2	74475030	74475240	12858
chr2	74482964	74483095	12859
chr2	74483231	74483486	12860
chr2	74489006	74489215	12861
chr2	74497295	74497334	12862
chr2	74502483	74502632	12863
chr2	74502932	74503149	12864
chr2	74503590	74503800	12865
chr2	74507331	74507422	12866
chr2	74513370	74513429	12867
chr2	74526206	74526323	12868
chr2	74529650	74529963	12869
chr2	74530720	74530930	12870
chr2	74532283	74532494	12871
chr2	74536680	74536890	12872
chr2	74544819	74544910	12873
chr2	74548882	74549091	12874
chr2	74554020	74554215	12875
chr2	74572297	74572493	12876
chr2	74572861	74573038	12877
chr2	74583690	74583853	12878
chr2	74587784	74587883	12879
chr2	74593930	74594140	12880
chr2	74605990	74606200	12881
chr2	74654144	74654345	12882
chr2	74654860	74655070	12883
chr2	74655030	74655240	12884
chr2	74675280	74675299	12885
chr2	74689416	74689533	12886
chr2	74690681	74690850	12887
chr2	74702435	74702514	12888
chr2	74715065	74715326	12889
chr2	74715840	74716050	12890
chr2	74719230	74719440	12891
chr2	74756451	74756588	12892
chr2	74759460	74759670	12893
chr2	74759770	74759980	12894
chr2	74778460	74778670	12895
chr2	74778777	74778858	12896
chr2	74806647	74806774	12897
chr2	74810610	74810820	12898
chr2	74812030	74812240	12899
chr2	74812960	74813019	12900
chr2	74816630	74816745	12901
chr2	74821150	74821360	12902
chr2	74821920	74822130	12903
chr2	74822230	74822440	12904
chr2	74856405	74856520	12905
chr2	74876422	74876501	12906
chr2	74886920	74887130	12907
chr2	74902360	74902509	12908
chr2	74917885	74917964	12909
chr2	74919910	74919981	12910
chr2	74924150	74924360	12911
chr2	74925840	74926050	12912
chr2	74937540	74937750	12913
chr2	74939250	74939460	12914
chr2	74940141	74940336	12915
chr2	74943820	74944030	12916
chr2	74958442	74958753	12917
chr2	74958875	74959030	12918
chr2	74982749	74982836	12919
chr2	75003495	75003538	12920
chr2	75003760	75003970	12921
chr2	75021815	75021986	12922
chr2	75052500	75052710	12923
chr2	75053642	75053801	12924
chr2	75065057	75065236	12925
chr2	75066490	75066700	12926
chr2	75067270	75067480	12927
chr2	75067470	75067680	12928
chr2	75097210	75097420	12929
chr2	75098941	75099020	12930
chr2	75130261	75130448	12931
chr2	75147681	75147818	12932
chr2	75152450	75152660	12933
chr2	75153950	75154160	12934
chr2	75199567	75199778	12935
chr2	75241892	75241953	12936
chr2	75290891	75290962	12937
chr2	75316050	75316235	12938
chr2	75374443	75374680	12939
chr2	75390380	75390399	12940
chr2	75404066	75404205	12941
chr2	75425311	75425458	12942
chr2	75464755	75464794	12943
chr2	75465717	75465806	12944
chr2	75516510	75516629	12945
chr2	75521685	75521714	12946
chr2	75522680	75522729	12947
chr2	75549691	75549868	12948
chr2	75560070	75560280	12949
chr2	75560500	75560710	12950
chr2	75571070	75571307	12951
chr2	75574200	75574410	12952
chr2	75577477	75577512	12953
chr2	75609139	75609310	12954
chr2	75609410	75609620	12955
chr2	75627976	75628133	12956
chr2	75628510	75628720	12957
chr2	75630320	75630530	12958
chr2	75640626	75640853	12959
chr2	75640970	75641180	12960
chr2	75647130	75647340	12961
chr2	75677400	75677605	12962
chr2	75677730	75677940	12963
chr2	75710609	75710646	12964
chr2	75729949	75730166	12965
chr2	75730920	75731130	12966
chr2	75787681	75787804	12967
chr2	75834766	75834837	12968
chr2	75896916	75897059	12969
chr2	75994921	75994972	12970
chr2	76050297	76050564	12971
chr2	76080324	76080409	12972
chr2	76082420	76082630	12973
chr2	76129890	76129949	12974
chr2	76172314	76172451	12975
chr2	76193180	76193390	12976
chr2	76193730	76193940	12977
chr2	76197420	76197630	12978
chr2	76197907	76198144	12979
chr2	76202919	76203086	12980
chr2	76283500	76283710	12981
chr2	76391880	76391899	12982
chr2	76464455	76464558	12983
chr2	76599859	76599982	12984
chr2	76951230	76951440	12985
chr2	76951780	76951990	12986
chr2	76953858	76954049	12987
chr2	76955360	76955570	12988
chr2	77104635	77104714	12989
chr2	77109060	77109270	12990
chr2	77110660	77110870	12991
chr2	77155370	77155580	12992
chr2	77191066	77191223	12993
chr2	77399050	77399260	12994
chr2	77435060	77435113	12995
chr2	77522270	77522480	12996
chr2	77554800	77555010	12997
chr2	77566660	77566870	12998
chr2	77571700	77571910	12999
chr2	77648860	77649070	13000
chr2	77734040	77734250	13001
chr2	77977852	77977937	13002
chr2	78115750	78115960	13003
chr2	78261010	78261091	13004
chr2	78416822	78416907	13005
chr2	78466310	78466520	13006
chr2	78541904	78542285	13007
chr2	78546050	78546260	13008
chr2	78673192	78673247	13009
chr2	78677431	78677568	13010
chr2	78860880	78861090	13011
chr2	78861678	78861787	13012
chr2	78979729	78979980	13013
chr2	78992564	78992637	13014
chr2	78998980	78999190	13015
chr2	78999542	78999731	13016
chr2	79041117	79041188	13017
chr2	79219505	79219648	13018
chr2	79235270	79235375	13019
chr2	79327642	79327679	13020
chr2	79394340	79394550	13021
chr2	79454080	79454290	13022
chr2	79511430	79511640	13023
chr2	79511990	79512200	13024
chr2	79512580	79512933	13025
chr2	79530562	79530709	13026
chr2	79573900	79574110	13027
chr2	79574384	79574531	13028
chr2	79594560	79594770	13029
chr2	79631303	79631440	13030
chr2	79670376	79670487	13031
chr2	79855486	79855663	13032
chr2	79860654	79860835	13033
chr2	79876559	79876678	13034
chr2	79887856	79888033	13035
chr2	79935845	79935996	13036
chr2	79936350	79936560	13037
chr2	79955480	79955690	13038
chr2	79981940	79982150	13039
chr2	79982631	79982768	13040
chr2	80018490	80018571	13041
chr2	80020650	80020860	13042
chr2	80073067	80073412	13043
chr2	80167490	80167700	13044
chr2	80238862	80238947	13045
chr2	80256581	80256679	13046
chr2	80288580	80288790	13047
chr2	80325120	80325330	13048
chr2	80326367	80326432	13049
chr2	80499264	80499317	13050
chr2	81247810	81248020	13051
chr2	81266315	81266354	13052
chr2	81901210	81901229	13053
chr2	82023861	82023948	13054
chr2	82130090	82130300	13055
chr2	82160250	82160460	13056
chr2	82282277	82282344	13057
chr2	82344800	82344923	13058
chr2	83012455	83012494	13059
chr2	83068062	83068191	13060
chr2	83081900	83082110	13061
chr2	83104317	83104508	13062
chr2	83194910	83195120	13063
chr2	83282560	83282579	13064
chr2	83342950	83343160	13065
chr2	83587510	83587529	13066
chr2	83782246	83782393	13067
chr2	83817660	83817741	13068
chr2	83952857	83953053	13069
chr2	84022997	84023052	13070
chr2	84024450	84024660	13071
chr2	84077635	84077724	13072
chr2	84100880	84101090	13073
chr2	84258003	84258150	13074
chr2	84302962	84303209	13075
chr2	84314908	84315053	13076
chr2	84424318	84424427	13077
chr2	84449150	84449360	13078
chr2	84459139	84459678	13079
chr2	84486580	84486790	13080
chr2	84495660	84495813	13081
chr2	84526670	84526880	13082
chr2	84630410	84630620	13083
chr2	84630840	84631050	13084
chr2	84631207	84631322	13085
chr2	84632050	84632260	13086
chr2	84653488	84653517	13087
chr2	84687167	84687354	13088
chr2	84687490	84687700	13089
chr2	84711865	84711980	13090
chr2	84741641	84741704	13091
chr2	84830970	84830989	13092
chr2	84839960	84840170	13093
chr2	84865317	84865396	13094
chr2	84870420	84870630	13095
chr2	84878593	84878704	13096
chr2	84881860	84882070	13097
chr2	84882259	84882320	13098
chr2	84883270	84883480	13099
chr2	84890460	84890670	13100
chr2	84903970	84904180	13101
chr2	84904910	84905120	13102
chr2	84905514	84905649	13103
chr2	84906000	84906210	13104
chr2	84919967	84920172	13105
chr2	84920282	84920507	13106
chr2	84924940	84925150	13107
chr2	84925775	84926078	13108
chr2	84927026	84927305	13109
chr2	84946469	84946666	13110
chr2	84958286	84958403	13111
chr2	84963662	84964035	13112
chr2	84965130	84965340	13113
chr2	84972750	84972960	13114
chr2	85014903	85014980	13115
chr2	85017916	85017965	13116
chr2	85018740	85018950	13117
chr2	85019261	85019384	13118
chr2	85057810	85058020	13119
chr2	85066944	85067027	13120
chr2	85108770	85108980	13121
chr2	85126190	85126400	13122
chr2	85131281	85131379	13123
chr2	85132985	85133018	13124
chr2	85143636	85143949	13125
chr2	85148366	85148415	13126
chr2	85175725	85175854	13127
chr2	85176050	85176260	13128
chr2	85181300	85181510	13129
chr2	85186370	85186389	13130
chr2	85215197	85215316	13131
chr2	85243823	85243894	13132
chr2	85256155	85256234	13133
chr2	85256470	85256680	13134
chr2	85266526	85266803	13135
chr2	85270590	85270800	13136
chr2	85273870	85274080	13137
chr2	85274605	85274684	13138
chr2	85285555	85285704	13139
chr2	85290550	85290760	13140
chr2	85293550	85293760	13141
chr2	85298300	85298510	13142
chr2	85298872	85299017	13143
chr2	85300458	85300623	13144
chr2	85313760	85313970	13145
chr2	85323990	85324200	13146
chr2	85324855	85325256	13147
chr2	85327999	85328062	13148
chr2	85332040	85332250	13149
chr2	85354498	85354797	13150
chr2	85355160	85355370	13151
chr2	85391344	85391497	13152
chr2	85418396	85418553	13153
chr2	85419967	85420082	13154
chr2	85420762	85420955	13155
chr2	85436446	85436543	13156
chr2	85439040	85439059	13157
chr2	85455795	85455834	13158
chr2	85468320	85468530	13159
chr2	85469025	85469025	13160
chr2	85503239	85503310	13161
chr2	85507110	85507320	13162
chr2	85516865	85516865	13163
chr2	85523700	85523910	13164
chr2	85524750	85524960	13165
chr2	85537827	85537882	13166
chr2	85538728	85538825	13167
chr2	85539058	85539163	13168
chr2	85539660	85539870	13169
chr2	85539790	85540000	13170
chr2	85548610	85548820	13171
chr2	85552189	85552274	13172
chr2	85559740	85559950	13173
chr2	85561477	85561588	13174
chr2	85576770	85576980	13175
chr2	85584569	85584608	13176
chr2	85585062	85585183	13177
chr2	85595545	85595810	13178
chr2	85602661	85602826	13179
chr2	85615160	85615370	13180
chr2	85615510	85615720	13181
chr2	85616111	85616228	13182
chr2	85637660	85637721	13183
chr2	85638050	85638260	13184
chr2	85648754	85648887	13185
chr2	85679253	85679434	13186
chr2	85707342	85707521	13187
chr2	85729081	85729222	13188
chr2	85729710	85729920	13189
chr2	85741981	85742054	13190
chr2	85750661	85750712	13191
chr2	85753880	85753939	13192
chr2	85772333	85772674	13193
chr2	85777420	85777630	13194
chr2	85794115	85794230	13195
chr2	85798109	85798184	13196
chr2	85806534	85806685	13197
chr2	85814295	85814510	13198
chr2	85815620	85815830	13199
chr2	85827503	85827714	13200
chr2	85872910	85872929	13201
chr2	85873640	85873850	13202
chr2	85888989	85889186	13203
chr2	85889262	85889477	13204
chr2	85904055	85904094	13205
chr2	85951760	85951970	13206
chr2	85963830	85964040	13207
chr2	86025380	86025590	13208
chr2	86040670	86040880	13209
chr2	86061380	86061590	13210
chr2	86061940	86062150	13211
chr2	86080001	86080164	13212
chr2	86105595	86105674	13213
chr2	86105820	86105879	13214
chr2	86106043	86106318	13215
chr2	86106480	86106690	13216
chr2	86141103	86141152	13217
chr2	86196380	86196590	13218
chr2	86199880	86200090	13219
chr2	86200610	86200820	13220
chr2	86211395	86211604	13221
chr2	86212020	86212230	13222
chr2	86221236	86221285	13223
chr2	86235476	86235641	13224
chr2	86250208	86250227	13225
chr2	86252063	86252192	13226
chr2	86298810	86298887	13227
chr2	86310110	86310320	13228
chr2	86331390	86331600	13229
chr2	86337550	86337569	13230
chr2	86368412	86368621	13231
chr2	86372990	86373123	13232
chr2	86396553	86396700	13233
chr2	86440000	86440210	13234
chr2	86487197	86487286	13235
chr2	86492126	86492245	13236
chr2	86518637	86518718	13237
chr2	86543440	86543650	13238
chr2	86548380	86548590	13239
chr2	86556650	86556709	13240
chr2	86562918	86563141	13241
chr2	86615670	86615880	13242
chr2	86621646	86621763	13243
chr2	86622150	86622360	13244
chr2	86623809	86623960	13245
chr2	86637369	86637530	13246
chr2	86649298	86649431	13247
chr2	86671725	86671878	13248
chr2	86675794	86675869	13249
chr2	86705418	86705437	13250
chr2	86705892	86706107	13251
chr2	86748110	86748320	13252
chr2	86762790	86763000	13253
chr2	86764854	86764975	13254
chr2	86807451	86807549	13255
chr2	86807985	86808064	13256
chr2	86808432	86808577	13257
chr2	86866160	86866370	13258
chr2	87075006	87075163	13259
chr2	87217790	87217849	13260
chr2	87341660	87341870	13261
chr2	87401930	87402140	13262
chr2	87406730	87406940	13263
chr2	87418130	87418340	13264
chr2	87495070	87495280	13265
chr2	87495190	87495400	13266
chr2	87830170	87830380	13267
chr2	88001949	88002040	13268
chr2	88016030	88016240	13269
chr2	88016505	88016544	13270
chr2	88016694	88016827	13271
chr2	88016985	88017064	13272
chr2	88017890	88017909	13273
chr2	88022209	88022320	13274
chr2	88055140	88055350	13275
chr2	88055784	88055917	13276
chr2	88060558	88060601	13277
chr2	88082320	88082530	13278
chr2	88097388	88097407	13279
chr2	88131670	88131880	13280
chr2	88139381	88139452	13281
chr2	88160038	88160137	13282
chr2	88187225	88187318	13283
chr2	88188089	88188186	13284
chr2	88190930	88191059	13285
chr2	88191494	88191719	13286
chr2	88206450	88206660	13287
chr2	88207001	88207099	13288
chr2	88234810	88235020	13289
chr2	88253550	88253760	13290
chr2	88265723	88265826	13291
chr2	88308007	88308062	13292
chr2	88308325	88308325	13293
chr2	88321769	88321850	13294
chr2	88351110	88351169	13295
chr2	88391400	88391610	13296
chr2	88453640	88453850	13297
chr2	88454882	88455053	13298
chr2	88489340	88489550	13299
chr2	88554336	88554441	13300
chr2	88591200	88591281	13301
chr2	88600271	88600448	13302
chr2	88612920	88613130	13303
chr2	88614640	88614850	13304
chr2	88628710	88628920	13305
chr2	88659530	88659740	13306
chr2	88669701	88669878	13307
chr2	88670280	88670490	13308
chr2	88671995	88671995	13309
chr2	88681145	88681145	13310
chr2	88691459	88691666	13311
chr2	88707090	88707259	13312
chr2	88740075	88740280	13313
chr2	88740440	88740650	13314
chr2	88831846	88831937	13315
chr2	88874188	88874327	13316
chr2	88880466	88880679	13317
chr2	88903899	88904032	13318
chr2	88919512	88919541	13319
chr2	88934177	88934258	13320
chr2	88941267	88941454	13321
chr2	88950116	88950357	13322
chr2	88951550	88951760	13323
chr2	88961525	88961525	13324
chr2	88967938	88968075	13325
chr2	89004290	89004500	13326
chr2	89048572	89048637	13327
chr2	89112580	89112790	13328
chr2	89118810	89119020	13329
chr2	89145390	89145600	13330
chr2	89153106	89153263	13331
chr2	89205240	89205450	13332
chr2	89671160	89671370	13333
chr2	89676590	89676800	13334
chr2	90036410	90036620	13335
chr2	90066710	90066920	13336
chr2	90079240	90079450	13337
chr2	90083050	90083260	13338
chr2	90105230	90105440	13339
chr2	90205650	90205860	13340
chr2	90207531	90207708	13341
chr2	90238015	90238214	13342
chr2	90385410	90385620	13343
chr2	90398100	90398310	13344
chr2	91476890	91477100	13345
chr2	94208340	94208469	13346
chr2	94209520	94209730	13347
chr2	94251440	94251650	13348
chr2	94257230	94257440	13349
chr2	94266820	94267030	13350
chr2	94273045	94273084	13351
chr2	94273265	94273430	13352
chr2	94586110	94586283	13353
chr2	94759340	94759359	13354
chr2	94797345	94797524	13355
chr2	94870466	94870583	13356
chr2	94874314	94874461	13357
chr2	94956910	94957120	13358
chr2	94986495	94986656	13359
chr2	95022397	95022602	13360
chr2	95023251	95023428	13361
chr2	95053753	95053802	13362
chr2	95057666	95057735	13363
chr2	95058790	95059000	13364
chr2	95060945	95060984	13365
chr2	95076792	95077041	13366
chr2	95077402	95077617	13367
chr2	95080127	95080186	13368
chr2	95115050	95115260	13369
chr2	95115512	95115557	13370
chr2	95159798	95159871	13371
chr2	95163420	95163630	13372
chr2	95165610	95165811	13373
chr2	95192933	95193168	13374
chr2	95207305	95207536	13375
chr2	95230840	95231050	13376
chr2	95231779	95231912	13377
chr2	95289458	95289515	13378
chr2	95315204	95315255	13379
chr2	95323501	95323624	13380
chr2	95343410	95343620	13381
chr2	95345636	95345795	13382
chr2	95379669	95379744	13383
chr2	95388260	95388470	13384
chr2	95389340	95389399	13385
chr2	95392185	95392218	13386
chr2	95402021	95402198	13387
chr2	95404000	95404210	13388
chr2	95414074	95414321	13389
chr2	95555200	95555410	13390
chr2	95728974	95729145	13391
chr2	95729700	95729910	13392
chr2	95991620	95991679	13393
chr2	95992853	95993036	13394
chr2	96011150	96011360	13395
chr2	96022800	96023010	13396
chr2	96063530	96063740	13397
chr2	96068085	96068404	13398
chr2	96117138	96117171	13399
chr2	96138762	96138951	13400
chr2	96139340	96139550	13401
chr2	96142421	96142598	13402
chr2	96174652	96174781	13403
chr2	96207380	96207590	13404
chr2	96253058	96253301	13405
chr2	96255370	96255580	13406
chr2	96255720	96255930	13407
chr2	96262810	96263020	13408
chr2	96263470	96263680	13409
chr2	96264890	96265100	13410
chr2	96266460	96266670	13411
chr2	96273914	96274007	13412
chr2	96305506	96305609	13413
chr2	96311860	96312070	13414
chr2	96312220	96312430	13415
chr2	96317725	96317804	13416
chr2	96321190	96321400	13417
chr2	96322330	96322540	13418
chr2	96335548	96336201	13419
chr2	96336480	96336690	13420
chr2	96345530	96345607	13421
chr2	96359528	96359547	13422
chr2	96407455	96407662	13423
chr2	96413017	96413204	13424
chr2	96413340	96413550	13425
chr2	96470717	96470772	13426
chr2	96486145	96486290	13427
chr2	96502500	96502710	13428
chr2	96505368	96505603	13429
chr2	96508211	96508262	13430
chr2	96509442	96509671	13431
chr2	96532250	96532460	13432
chr2	96536576	96536749	13433
chr2	96537164	96537425	13434
chr2	96539780	96539990	13435
chr2	96544140	96544350	13436
chr2	96544390	96544600	13437
chr2	96550101	96550374	13438
chr2	96554415	96554596	13439
chr2	96574537	96574626	13440
chr2	96580910	96580969	13441
chr2	96581210	96581420	13442
chr2	96602656	96602813	13443
chr2	96604258	96604331	13444
chr2	96608601	96608699	13445
chr2	96616170	96616380	13446
chr2	96637980	96638117	13447
chr2	96661410	96661620	13448
chr2	96681321	96681498	13449
chr2	96685852	96685961	13450
chr2	96715260	96715470	13451
chr2	96715817	96715952	13452
chr2	96721560	96721605	13453
chr2	96760270	96760480	13454
chr2	96760720	96761015	13455
chr2	96763780	96763990	13456
chr2	96786930	96787140	13457
chr2	96793450	96793619	13458
chr2	96801056	96801259	13459
chr2	96816122	96816315	13460
chr2	96819381	96819450	13461
chr2	96824196	96824299	13462
chr2	96857977	96858252	13463
chr2	96862690	96862900	13464
chr2	96868545	96868762	13465
chr2	96869111	96869184	13466
chr2	96869920	96870130	13467
chr2	96889040	96889250	13468
chr2	96903500	96903710	13469
chr2	96916090	96916300	13470
chr2	96951259	96951416	13471
chr2	96960462	96960645	13472
chr2	97005430	97005640	13473
chr2	97012316	97012433	13474
chr2	97095300	97095510	13475
chr2	97112421	97112496	13476
chr2	97113017	97113272	13477
chr2	97194940	97195150	13478
chr2	97546370	97546580	13479
chr2	97589480	97589690	13480
chr2	97590840	97591069	13481
chr2	97650731	97650829	13482
chr2	97662470	97662680	13483
chr2	97663931	97664378	13484
chr2	97664545	97664545	13485
chr2	97697424	97697509	13486
chr2	97705390	97705600	13487
chr2	97710012	97710129	13488
chr2	97740648	97740775	13489
chr2	97748530	97748621	13490
chr2	97774506	97774737	13491
chr2	97806819	97806992	13492
chr2	97888980	97889190	13493
chr2	97912395	97912434	13494
chr2	97935961	97936074	13495
chr2	98012310	98012520	13496
chr2	98013463	98013582	13497
chr2	98084507	98084703	13498
chr2	98084947	98085068	13499
chr2	98157150	98157360	13500
chr2	98157697	98157752	13501
chr2	98176015	98176054	13502
chr2	98188754	98188821	13503
chr2	98269283	98269422	13504
chr2	98295126	98295283	13505
chr2	98295810	98296020	13506
chr2	98311860	98312070	13507
chr2	98385201	98385304	13508
chr2	98412968	98413145	13509
chr2	98444798	98444947	13510
chr2	98488370	98488580	13511
chr2	98489810	98490020	13512
chr2	98518197	98518288	13513
chr2	98550570	98550780	13514
chr2	98569336	98569455	13515
chr2	98584126	98584395	13516
chr2	98584810	98585020	13517
chr2	98585320	98585530	13518
chr2	98601684	98601821	13519
chr2	98606910	98607120	13520
chr2	98607760	98607970	13521
chr2	98608424	98608605	13522
chr2	98634930	98634949	13523
chr2	98649561	98649704	13524
chr2	98718100	98718310	13525
chr2	98718380	98718590	13526
chr2	98732140	98732350	13527
chr2	98739170	98739380	13528
chr2	98761340	98761550	13529
chr2	98768873	98768938	13530
chr2	98776665	98776665	13531
chr2	98800686	98800843	13532
chr2	98837211	98837270	13533
chr2	98850070	98850280	13534
chr2	98868702	98868767	13535
chr2	98880827	98880938	13536
chr2	98909473	98909726	13537
chr2	98910080	98910290	13538
chr2	98936530	98936740	13539
chr2	98937700	98937910	13540
chr2	99065420	99065630	13541
chr2	99066104	99066335	13542
chr2	99085515	99085646	13543
chr2	99101160	99101370	13544
chr2	99140460	99140670	13545
chr2	99154841	99155128	13546
chr2	99155481	99155658	13547
chr2	99179286	99179335	13548
chr2	99180221	99180398	13549
chr2	99182310	99182520	13550
chr2	99190715	99190794	13551
chr2	99198740	99198950	13552
chr2	99245784	99245849	13553
chr2	99250760	99250779	13554
chr2	99278833	99279050	13555
chr2	99336257	99336588	13556
chr2	99337060	99337119	13557
chr2	99337293	99337332	13558
chr2	99337425	99337504	13559
chr2	99382293	99382438	13560
chr2	99393486	99393633	13561
chr2	99403734	99403813	13562
chr2	99490065	99490264	13563
chr2	99490472	99490641	13564
chr2	99554341	99554439	13565
chr2	99559176	99559345	13566
chr2	99615587	99615668	13567
chr2	99677940	99678150	13568
chr2	99692560	99692770	13569
chr2	99692890	99693100	13570
chr2	99819007	99819062	13571
chr2	99819860	99820070	13572
chr2	99934040	99934250	13573
chr2	100035560	100035770	13574
chr2	100067897	100068106	13575
chr2	100208380	100208590	13576
chr2	100214510	100214529	13577
chr2	100243072	100243133	13578
chr2	100244250	100244460	13579
chr2	100260735	100260996	13580
chr2	100262949	100263114	13581
chr2	100321300	100321510	13582
chr2	100381368	100381401	13583
chr2	100417475	100417475	13584
chr2	100418640	100418850	13585
chr2	100422457	100422596	13586
chr2	100422850	100423060	13587
chr2	100427719	100427950	13588
chr2	100482870	100482999	13589
chr2	100563172	100563367	13590
chr2	100594600	100594810	13591
chr2	100595019	100595182	13592
chr2	100606580	100606599	13593
chr2	100606936	100607155	13594
chr2	100610386	100610543	13595
chr2	100642592	100642665	13596
chr2	100670349	100670522	13597
chr2	100703620	100703830	13598
chr2	100718340	100718550	13599
chr2	100730409	100730558	13600
chr2	100733980	100734190	13601
chr2	100757720	100757930	13602
chr2	100760040	100760250	13603
chr2	100780347	100780414	13604
chr2	100796825	100797076	13605
chr2	100814609	100814744	13606
chr2	100818659	100818746	13607
chr2	100819690	100819900	13608
chr2	100821180	100821390	13609
chr2	100824630	100824840	13610
chr2	100825579	100826036	13611
chr2	100843266	100843315	13612
chr2	100853451	100853762	13613
chr2	100870931	100870958	13614
chr2	100875629	100875994	13615
chr2	100883155	100883390	13616
chr2	100884200	100884410	13617
chr2	100889240	100889450	13618
chr2	100893900	100894110	13619
chr2	100894230	100894440	13620
chr2	100902867	100903284	13621
chr2	100984958	100985125	13622
chr2	101002136	101002319	13623
chr2	101012786	101012899	13624
chr2	101036685	101036764	13625
chr2	101064560	101064770	13626
chr2	101065024	101065617	13627
chr2	101097851	101097870	13628
chr2	101107250	101107460	13629
chr2	101110617	101110796	13630
chr2	101125118	101125313	13631
chr2	101151456	101151589	13632
chr2	101151680	101151739	13633
chr2	101152870	101153091	13634
chr2	101176137	101176302	13635
chr2	101180820	101181030	13636
chr2	101181130	101181340	13637
chr2	101188784	101188975	13638
chr2	101197386	101197435	13639
chr2	101205643	101205810	13640
chr2	101218170	101218249	13641
chr2	101230847	101230934	13642
chr2	101239160	101239370	13643
chr2	101239591	101239680	13644
chr2	101240847	101240902	13645
chr2	101245940	101246150	13646
chr2	101246361	101246468	13647
chr2	101251920	101251965	13648
chr2	101277170	101277380	13649
chr2	101307970	101308180	13650
chr2	101308648	101308881	13651
chr2	101315200	101315410	13652
chr2	101315390	101315600	13653
chr2	101330442	101330563	13654
chr2	101331590	101331800	13655
chr2	101340140	101340350	13656
chr2	101342255	101342484	13657
chr2	101350300	101350510	13658
chr2	101387416	101387597	13659
chr2	101419166	101419339	13660
chr2	101419570	101419780	13661
chr2	101440220	101440430	13662
chr2	101440690	101440900	13663
chr2	101442784	101442909	13664
chr2	101470013	101470206	13665
chr2	101518420	101518630	13666
chr2	101556239	101556374	13667
chr2	101568530	101568740	13668
chr2	101582010	101582220	13669
chr2	101586320	101586530	13670
chr2	101613870	101614080	13671
chr2	101614273	101614540	13672
chr2	101625595	101625740	13673
chr2	101627290	101627500	13674
chr2	101651210	101651420	13675
chr2	101655930	101656089	13676
chr2	101674131	101674198	13677
chr2	101689870	101689959	13678
chr2	101731563	101731774	13679
chr2	101733762	101733877	13680
chr2	101740240	101740450	13681
chr2	101740583	101740794	13682
chr2	101753207	101753403	13683
chr2	101764011	101764038	13684
chr2	101770868	101770887	13685
chr2	101771370	101771580	13686
chr2	101789115	101789314	13687
chr2	101793495	101793495	13688
chr2	101803334	101803387	13689
chr2	101803610	101803820	13690
chr2	101820210	101820420	13691
chr2	101823379	101823518	13692
chr2	101830640	101830850	13693
chr2	101831355	101831520	13694
chr2	101832300	101832510	13695
chr2	101860260	101860470	13696
chr2	101861040	101861250	13697
chr2	101873709	101873790	13698
chr2	101883984	101884087	13699
chr2	101898990	101899200	13700
chr2	101906650	101906860	13701
chr2	101917350	101917560	13702
chr2	101935490	101935700	13703
chr2	101961227	101961602	13704
chr2	101961969	101962092	13705
chr2	101984089	101984176	13706
chr2	101986585	101986664	13707
chr2	101987102	101987187	13708
chr2	101987466	101987583	13709
chr2	101998950	101998969	13710
chr2	101999611	101999709	13711
chr2	102006318	102006521	13712
chr2	102020737	102020838	13713
chr2	102025053	102025208	13714
chr2	102030949	102030986	13715
chr2	102031720	102031930	13716
chr2	102057998	102058125	13717
chr2	102064321	102064494	13718
chr2	102064817	102064932	13719
chr2	102070281	102070348	13720
chr2	102100985	102101058	13721
chr2	102102270	102102480	13722
chr2	102107786	102107901	13723
chr2	102143680	102143890	13724
chr2	102166567	102166614	13725
chr2	102185510	102185569	13726
chr2	102190675	102190764	13727
chr2	102209583	102209686	13728
chr2	102227844	102227961	13729
chr2	102234970	102235180	13730
chr2	102235684	102235729	13731
chr2	102240480	102240690	13732
chr2	102240877	102241082	13733
chr2	102245840	102246050	13734
chr2	102251110	102251320	13735
chr2	102251717	102251864	13736
chr2	102302055	102302134	13737
chr2	102355629	102355824	13738
chr2	102443330	102443555	13739
chr2	102449496	102449609	13740
chr2	102449990	102450200	13741
chr2	102450160	102450370	13742
chr2	102473047	102473156	13743
chr2	102520108	102520287	13744
chr2	102592785	102592824	13745
chr2	102599570	102599780	13746
chr2	102645020	102645039	13747
chr2	102703933	102703950	13748
chr2	102709050	102709069	13749
chr2	102710210	102710420	13750
chr2	102724170	102724331	13751
chr2	102724750	102724960	13752
chr2	102736460	102736670	13753
chr2	102737530	102737740	13754
chr2	102746130	102746149	13755
chr2	102753190	102753400	13756
chr2	102753624	102753795	13757
chr2	102797660	102797679	13758
chr2	102802390	102802600	13759
chr2	102806347	102806508	13760
chr2	102840041	102840139	13761
chr2	102841376	102841569	13762
chr2	102848499	102848710	13763
chr2	102872526	102872727	13764
chr2	102879560	102879770	13765
chr2	102976136	102976275	13766
chr2	103008727	103008782	13767
chr2	103159110	103159320	13768
chr2	103161190	103161400	13769
chr2	103161572	103161685	13770
chr2	103180190	103180400	13771
chr2	103289255	103289294	13772
chr2	103459420	103459630	13773
chr2	103773970	103774180	13774
chr2	103789430	103789640	13775
chr2	103859270	103859480	13776
chr2	103959346	103959427	13777
chr2	103991751	103991862	13778
chr2	104033527	104033584	13779
chr2	104079025	104079120	13780
chr2	104254240	104254259	13781
chr2	104368230	104368440	13782
chr2	104368730	104368940	13783
chr2	104412556	104412679	13784
chr2	104414085	104414124	13785
chr2	104443295	104443328	13786
chr2	104447982	104448077	13787
chr2	104476670	104476689	13788
chr2	104476950	104477160	13789
chr2	104521424	104521595	13790
chr2	104733701	104733838	13791
chr2	104849650	104849799	13792
chr2	104873378	104873723	13793
chr2	104944634	104944721	13794
chr2	105037605	105037684	13795
chr2	105038340	105038550	13796
chr2	105114544	105114769	13797
chr2	105179898	105179917	13798
chr2	105184567	105184763	13799
chr2	105235772	105235809	13800
chr2	105238079	105238154	13801
chr2	105244140	105244159	13802
chr2	105287400	105287610	13803
chr2	105287960	105287979	13804
chr2	105295033	105295124	13805
chr2	105337052	105337267	13806
chr2	105337362	105337667	13807
chr2	105345124	105345321	13808
chr2	105369890	105370051	13809
chr2	105384820	105385030	13810
chr2	105403933	105404030	13811
chr2	105454954	105455021	13812
chr2	105455226	105455383	13813
chr2	105455781	105455958	13814
chr2	105521296	105521483	13815
chr2	105544980	105545190	13816
chr2	105545882	105545971	13817
chr2	105576459	105576600	13818
chr2	105583025	105583172	13819
chr2	105610866	105610983	13820
chr2	105644460	105644670	13821
chr2	105697837	105698100	13822
chr2	105744708	105744875	13823
chr2	105782325	105782438	13824
chr2	105812231	105812488	13825
chr2	105823000	105823019	13826
chr2	105888754	105888859	13827
chr2	105896960	105896997	13828
chr2	105911010	105911220	13829
chr2	105919256	105919501	13830
chr2	105920032	105920147	13831
chr2	105924950	105925160	13832
chr2	105934250	105934460	13833
chr2	105934624	105934745	13834
chr2	105968710	105968769	13835
chr2	105969690	105969815	13836
chr2	105989870	105990080	13837
chr2	105990773	105990880	13838
chr2	106032430	106032640	13839
chr2	106085478	106085587	13840
chr2	106098207	106098328	13841
chr2	106104120	106104330	13842
chr2	106104410	106104671	13843
chr2	106108494	106108561	13844
chr2	106115361	106115498	13845
chr2	106116430	106116640	13846
chr2	106123970	106124180	13847
chr2	106124880	106125090	13848
chr2	106125130	106125340	13849
chr2	106180120	106180330	13850
chr2	106180720	106180930	13851
chr2	106198056	106198235	13852
chr2	106198800	106199010	13853
chr2	106209650	106209860	13854
chr2	106264257	106264386	13855
chr2	106272506	106272623	13856
chr2	106304899	106305080	13857
chr2	106332205	106332244	13858
chr2	106462035	106462114	13859
chr2	106465340	106465550	13860
chr2	106469440	106469650	13861
chr2	106469910	106470120	13862
chr2	106485990	106486200	13863
chr2	106542809	106543014	13864
chr2	106543250	106543309	13865
chr2	106563379	106563490	13866
chr2	106572690	106572900	13867
chr2	106582617	106582818	13868
chr2	106587553	106587602	13869
chr2	106638171	106638282	13870
chr2	106839960	106840170	13871
chr2	106863479	106863722	13872
chr2	106868335	106868374	13873
chr2	107062450	107062660	13874
chr2	107572996	107573121	13875
chr2	107649110	107649320	13876
chr2	107796915	107796954	13877
chr2	107808672	107808757	13878
chr2	107821940	107822150	13879
chr2	107822270	107822480	13880
chr2	107822400	107822610	13881
chr2	107933137	107933224	13882
chr2	107936400	107936610	13883
chr2	107936917	107937022	13884
chr2	108034994	108035067	13885
chr2	108169732	108169947	13886
chr2	108170070	108170255	13887
chr2	108182665	108182744	13888
chr2	108184614	108184681	13889
chr2	108194950	108195160	13890
chr2	108200582	108200913	13891
chr2	108215834	108215923	13892
chr2	108266366	108266559	13893
chr2	108267010	108267220	13894
chr2	108271120	108271330	13895
chr2	108272054	108272161	13896
chr2	108288719	108288834	13897
chr2	108315599	108315714	13898
chr2	108349570	108349780	13899
chr2	108350094	108350309	13900
chr2	108369170	108369380	13901
chr2	108370100	108370310	13902
chr2	108385863	108385892	13903
chr2	108396995	108397108	13904
chr2	108413000	108413169	13905
chr2	108417445	108417486	13906
chr2	108447830	108448040	13907
chr2	108448570	108448780	13908
chr2	108449078	108449191	13909
chr2	108449490	108449549	13910
chr2	108449785	108449824	13911
chr2	108450020	108450230	13912
chr2	108492491	108492668	13913
chr2	108493520	108493730	13914
chr2	108494330	108494540	13915
chr2	108505460	108505670	13916
chr2	108533092	108533561	13917
chr2	108533801	108533899	13918
chr2	108536530	108536740	13919
chr2	108536961	108537138	13920
chr2	108579630	108579840	13921
chr2	108580020	108580230	13922
chr2	108580310	108580520	13923
chr2	108584057	108584202	13924
chr2	108606040	108606250	13925
chr2	108607700	108607910	13926
chr2	108607820	108608030	13927
chr2	108636450	108636629	13928
chr2	108637370	108637580	13929
chr2	108690390	108690600	13930
chr2	108691250	108691460	13931
chr2	108694810	108695020	13932
chr2	108718690	108718900	13933
chr2	108725020	108725230	13934
chr2	108784880	108785090	13935
chr2	108786626	108786891	13936
chr2	108787307	108787503	13937
chr2	108811715	108811754	13938
chr2	108833140	108833350	13939
chr2	108855354	108855443	13940
chr2	108917335	108917335	13941
chr2	108928536	108928665	13942
chr2	108944836	108945025	13943
chr2	108989194	108989375	13944
chr2	108993180	108993390	13945
chr2	108993703	108993802	13946
chr2	109002019	109002210	13947
chr2	109020241	109020342	13948
chr2	109021940	109022150	13949
chr2	109052980	109053190	13950
chr2	109062695	109062734	13951
chr2	109063430	109063640	13952
chr2	109065045	109065224	13953
chr2	109128070	109128231	13954
chr2	109208288	109208321	13955
chr2	109261020	109261039	13956
chr2	109266310	109266520	13957
chr2	109280880	109281090	13958
chr2	109333450	109333660	13959
chr2	109333870	109334080	13960
chr2	109349590	109349800	13961
chr2	109396880	109397090	13962
chr2	109402220	109402430	13963
chr2	109410370	109410580	13964
chr2	109443230	109443440	13965
chr2	109449470	109449680	13966
chr2	109495435	109495514	13967
chr2	109510229	109510380	13968
chr2	109514420	109514630	13969
chr2	109516466	109516747	13970
chr2	109546261	109546344	13971
chr2	109558689	109558756	13972
chr2	109592360	109592570	13973
chr2	109611762	109611799	13974
chr2	109614066	109614341	13975
chr2	109615824	109616065	13976
chr2	109630518	109630659	13977
chr2	109632406	109632503	13978
chr2	109644749	109644988	13979
chr2	109663037	109663126	13980
chr2	109670990	109671200	13981
chr2	109677373	109677610	13982
chr2	109690907	109690986	13983
chr2	109715500	109715579	13984
chr2	109736371	109736426	13985
chr2	110101575	110101654	13986
chr2	110103200	110103410	13987
chr2	110114250	110114460	13988
chr2	110146387	110146508	13989
chr2	110157325	110157364	13990
chr2	110197610	110197820	13991
chr2	110678860	110679070	13992
chr2	110755440	110755650	13993
chr2	110768610	110768820	13994
chr2	110811861	110812008	13995
chr2	110853630	110853840	13996
chr2	110887210	110887420	13997
chr2	111007925	111008004	13998
chr2	111028860	111029070	13999
chr2	111030440	111030650	14000
chr2	111050017	111050082	14001
chr2	111050920	111051130	14002
chr2	111117120	111117245	14003
chr2	111120641	111120936	14004
chr2	111135780	111135990	14005
chr2	111135980	111136190	14006
chr2	111227900	111228110	14007
chr2	111293180	111293390	14008
chr2	111377070	111377280	14009
chr2	111455718	111455991	14010
chr2	111483420	111483479	14011
chr2	111522480	111522690	14012
chr2	111529155	111529155	14013
chr2	111535695	111535734	14014
chr2	111619695	111619695	14015
chr2	111663620	111663853	14016
chr2	111839049	111839320	14017
chr2	111839560	111839770	14018
chr2	111887852	111888067	14019
chr2	111897960	111898170	14020
chr2	111909090	111909300	14021
chr2	111913770	111913980	14022
chr2	111915900	111916110	14023
chr2	111920340	111920517	14024
chr2	111920710	111920920	14025
chr2	111921300	111921510	14026
chr2	111932890	111933100	14027
chr2	111945010	111945129	14028
chr2	111955077	111955192	14029
chr2	111987459	111987632	14030
chr2	111995320	111995530	14031
chr2	112020735	112020774	14032
chr2	112041490	112041700	14033
chr2	112047770	112047980	14034
chr2	112047940	112048150	14035
chr2	112048967	112049022	14036
chr2	112049337	112049532	14037
chr2	112049805	112050008	14038
chr2	112054965	112055172	14039
chr2	112121754	112121937	14040
chr2	112169170	112169380	14041
chr2	112170940	112171150	14042
chr2	112216309	112216390	14043
chr2	112255000	112255169	14044
chr2	112259557	112259674	14045
chr2	112260290	112260500	14046
chr2	112275374	112275659	14047
chr2	112314932	112315073	14048
chr2	112315620	112315830	14049
chr2	112318480	112318690	14050
chr2	112431480	112431690	14051
chr2	112432800	112432859	14052
chr2	112433643	112433798	14053
chr2	112465498	112465643	14054
chr2	112481195	112481280	14055
chr2	112515860	112516070	14056
chr2	112540720	112540930	14057
chr2	112542369	112542488	14058
chr2	112577925	112578004	14059
chr2	112583427	112583638	14060
chr2	112584300	112584597	14061
chr2	112584747	112584946	14062
chr2	112600174	112600255	14063
chr2	112626681	112626768	14064
chr2	112644470	112644680	14065
chr2	112645657	112645890	14066
chr2	112649690	112649900	14067
chr2	112666895	112666934	14068
chr2	112691010	112691069	14069
chr2	112691175	112691214	14070
chr2	112692220	112692430	14071
chr2	112713331	112713464	14072
chr2	112725964	112726199	14073
chr2	112726764	112726961	14074
chr2	112749792	112749911	14075
chr2	112764612	112764867	14076
chr2	112790439	112790550	14077
chr2	112804353	112804436	14078
chr2	112814390	112814600	14079
chr2	112833370	112833580	14080
chr2	112834610	112834629	14081
chr2	112885024	112885133	14082
chr2	112924990	112925200	14083
chr2	112941893	112941966	14084
chr2	112958881	112959138	14085
chr2	113042055	113042094	14086
chr2	113043460	113043670	14087
chr2	113080228	113080287	14088
chr2	113084381	113084520	14089
chr2	113088697	113088804	14090
chr2	113125190	113125400	14091
chr2	113137045	113137084	14092
chr2	113138518	113138661	14093
chr2	113156461	113156574	14094
chr2	113166264	113166377	14095
chr2	113167314	113167639	14096
chr2	113192611	113192684	14097
chr2	113198900	113198919	14098
chr2	113199174	113199465	14099
chr2	113204021	113204172	14100
chr2	113218333	113218642	14101
chr2	113227360	113227570	14102
chr2	113229380	113229590	14103
chr2	113234301	113234394	14104
chr2	113240992	113241281	14105
chr2	113245408	113245761	14106
chr2	113249302	113249431	14107
chr2	113249750	113249960	14108
chr2	113282805	113282805	14109
chr2	113283191	113283278	14110
chr2	113296820	113297030	14111
chr2	113297700	113297910	14112
chr2	113298140	113298350	14113
chr2	113308905	113309068	14114
chr2	113320285	113320285	14115
chr2	113324500	113324710	14116
chr2	113324942	113325037	14117
chr2	113326390	113326600	14118
chr2	113370595	113370758	14119
chr2	113370930	113371140	14120
chr2	113390437	113390518	14121
chr2	113407850	113407899	14122
chr2	113440530	113440589	14123
chr2	113503220	113503430	14124
chr2	113528191	113528284	14125
chr2	113587387	113587444	14126
chr2	113602050	113602260	14127
chr2	113604230	113604463	14128
chr2	113627152	113627367	14129
chr2	113656030	113656199	14130
chr2	113700243	113700390	14131
chr2	113720346	113720423	14132
chr2	113726050	113726109	14133
chr2	113746550	113746760	14134
chr2	113755620	113755830	14135
chr2	113769680	113769890	14136
chr2	113796070	113796280	14137
chr2	113818712	113818889	14138
chr2	113826674	113826835	14139
chr2	113839220	113839430	14140
chr2	113877610	113877820	14141
chr2	113889360	113889570	14142
chr2	113889722	113890039	14143
chr2	113890370	113890580	14144
chr2	113890870	113891080	14145
chr2	113891040	113891250	14146
chr2	113891300	113891510	14147
chr2	113894546	113894675	14148
chr2	113965770	113965975	14149
chr2	113966280	113966490	14150
chr2	113966890	113967100	14151
chr2	113976120	113976330	14152
chr2	113977699	113977878	14153
chr2	113978028	113978419	14154
chr2	113986077	113986264	14155
chr2	113997300	113997510	14156
chr2	114006575	114006736	14157
chr2	114018060	114018270	14158
chr2	114018595	114018595	14159
chr2	114022441	114022539	14160
chr2	114060430	114060511	14161
chr2	114068670	114068689	14162
chr2	114079627	114079944	14163
chr2	114160369	114160538	14164
chr2	114201500	114201710	14165
chr2	114398110	114398320	14166
chr2	114425890	114426100	14167
chr2	114442690	114442900	14168
chr2	114543517	114543642	14169
chr2	114549650	114549860	14170
chr2	114551412	114551583	14171
chr2	114551890	114552100	14172
chr2	114552310	114552520	14173
chr2	114650620	114650830	14174
chr2	114724525	114724808	14175
chr2	114728360	114728570	14176
chr2	114729220	114729265	14177
chr2	114751050	114751260	14178
chr2	114753200	114753410	14179
chr2	114955232	114955385	14180
chr2	115083400	115083449	14181
chr2	115165592	115165821	14182
chr2	115194821	115194840	14183
chr2	115650900	115651110	14184
chr2	115880660	115880870	14185
chr2	116510229	116510340	14186
chr2	117470412	117470487	14187
chr2	117536270	117536393	14188
chr2	117772308	117772547	14189
chr2	117785846	117785947	14190
chr2	117810630	117810840	14191
chr2	117814429	117814742	14192
chr2	117836071	117836200	14193
chr2	117856711	117856730	14194
chr2	117917514	117917725	14195
chr2	117934118	117934227	14196
chr2	118003446	118003597	14197
chr2	118006190	118006400	14198
chr2	118012060	118012270	14199
chr2	118013290	118013349	14200
chr2	118014026	118014447	14201
chr2	118021530	118021740	14202
chr2	118032542	118032659	14203
chr2	118046799	118046896	14204
chr2	118061531	118061660	14205
chr2	118087580	118087790	14206
chr2	118116980	118117190	14207
chr2	118118610	118118820	14208
chr2	118146436	118146593	14209
chr2	118148420	118148630	14210
chr2	118169800	118170010	14211
chr2	118185968	118185987	14212
chr2	118197300	118197510	14213
chr2	118202850	118202953	14214
chr2	118222133	118222296	14215
chr2	118237632	118237661	14216
chr2	118269519	118269682	14217
chr2	118278160	118278329	14218
chr2	118313636	118313753	14219
chr2	118371638	118371777	14220
chr2	118459640	118459659	14221
chr2	118476620	118476830	14222
chr2	118492490	118492579	14223
chr2	118539505	118539544	14224
chr2	118763877	118763932	14225
chr2	118855694	118855923	14226
chr2	118881666	118881787	14227
chr2	118882720	118882930	14228
chr2	119011476	119011703	14229
chr2	119028498	119028639	14230
chr2	119050123	119050140	14231
chr2	119106480	119106539	14232
chr2	119126726	119126823	14233
chr2	119167160	119167370	14234
chr2	119174581	119174728	14235
chr2	119193047	119193128	14236
chr2	119218920	119219021	14237
chr2	119234704	119234765	14238
chr2	119236960	119237170	14239
chr2	119247000	119247210	14240
chr2	119264920	119265130	14241
chr2	119265303	119265382	14242
chr2	119290988	119291131	14243
chr2	119291940	119292150	14244
chr2	119310992	119311143	14245
chr2	119311559	119311632	14246
chr2	119315660	119315870	14247
chr2	119349520	119349730	14248
chr2	119366698	119366999	14249
chr2	119387485	119387524	14250
chr2	119407833	119407968	14251
chr2	119422850	119423060	14252
chr2	119423140	119423350	14253
chr2	119425841	119426018	14254
chr2	119431724	119431825	14255
chr2	119438281	119438484	14256
chr2	119475430	119475640	14257
chr2	119476030	119476240	14258
chr2	119476369	119476552	14259
chr2	119480992	119481077	14260
chr2	119481570	119481780	14261
chr2	119487757	119487964	14262
chr2	119488750	119488960	14263
chr2	119492174	119492407	14264
chr2	119494520	119494730	14265
chr2	119517591	119517698	14266
chr2	119531370	119531523	14267
chr2	119540430	119540640	14268
chr2	119592530	119592740	14269
chr2	119641629	119641878	14270
chr2	119660138	119660291	14271
chr2	119660460	119660670	14272
chr2	119674940	119675150	14273
chr2	119678040	119678250	14274
chr2	119679035	119679204	14275
chr2	119680272	119680449	14276
chr2	119695082	119695259	14277
chr2	119696250	119696460	14278
chr2	119696960	119697170	14279
chr2	119702220	119702430	14280
chr2	119702911	119703160	14281
chr2	119715900	119716110	14282
chr2	119721500	119721710	14283
chr2	119735450	119735660	14284
chr2	119744420	119744630	14285
chr2	119753472	119753607	14286
chr2	119759567	119759918	14287
chr2	119761070	119761280	14288
chr2	119819010	119819029	14289
chr2	119825740	119825950	14290
chr2	119826525	119826638	14291
chr2	119862350	119862560	14292
chr2	119884250	119884460	14293
chr2	119950410	119950620	14294
chr2	119982077	119982192	14295
chr2	119982700	119982910	14296
chr2	120011980	120012190	14297
chr2	120012320	120012530	14298
chr2	120014310	120014520	14299
chr2	120108610	120108820	14300
chr2	120109855	120110064	14301
chr2	120114710	120114920	14302
chr2	120134417	120134482	14303
chr2	120134690	120134900	14304
chr2	120136010	120136220	14305
chr2	120150281	120150468	14306
chr2	120175122	120175327	14307
chr2	120203380	120203590	14308
chr2	120204015	120204244	14309
chr2	120206440	120206459	14310
chr2	120223681	120223878	14311
chr2	120224810	120225020	14312
chr2	120238874	120239039	14313
chr2	120252009	120252234	14314
chr2	120253172	120253371	14315
chr2	120272110	120272320	14316
chr2	120283821	120283894	14317
chr2	120305398	120305543	14318
chr2	120313305	120313452	14319
chr2	120343519	120343582	14320
chr2	120347410	120347620	14321
chr2	120384890	120384949	14322
chr2	120399243	120399440	14323
chr2	120437355	120437538	14324
chr2	120442093	120442296	14325
chr2	120457103	120457170	14326
chr2	120466098	120466449	14327
chr2	120467780	120467990	14328
chr2	120481156	120481309	14329
chr2	120481550	120481609	14330
chr2	120482060	120482119	14331
chr2	120493200	120493410	14332
chr2	120494930	120495140	14333
chr2	120499080	120499290	14334
chr2	120512416	120512573	14335
chr2	120516820	120516949	14336
chr2	120520410	120520620	14337
chr2	120521354	120521483	14338
chr2	120525402	120525503	14339
chr2	120540482	120540639	14340
chr2	120546390	120546433	14341
chr2	120553001	120553112	14342
chr2	120554825	120554864	14343
chr2	120563020	120563230	14344
chr2	120564433	120565020	14345
chr2	120618550	120618760	14346
chr2	120625955	120626034	14347
chr2	120633297	120633384	14348
chr2	120669525	120669740	14349
chr2	120670270	120670480	14350
chr2	120675644	120675775	14351
chr2	120680305	120680540	14352
chr2	120680670	120680880	14353
chr2	120695687	120695924	14354
chr2	120735762	120735937	14355
chr2	120803710	120803920	14356
chr2	120833272	120833369	14357
chr2	120883795	120883795	14358
chr2	120907954	120908039	14359
chr2	120914850	120915060	14360
chr2	120921598	120921631	14361
chr2	120934210	120934229	14362
chr2	120935762	120935925	14363
chr2	120949543	120949618	14364
chr2	120958811	120958948	14365
chr2	120984202	120984267	14366
chr2	121009040	121009250	14367
chr2	121036351	121036488	14368
chr2	121044560	121044770	14369
chr2	121070550	121070760	14370
chr2	121071092	121071227	14371
chr2	121080270	121080427	14372
chr2	121085043	121085254	14373
chr2	121095379	121095556	14374
chr2	121099505	121099584	14375
chr2	121109410	121109620	14376
chr2	121210787	121210948	14377
chr2	121211300	121211510	14378
chr2	121283120	121283139	14379
chr2	121297543	121297706	14380
chr2	121323029	121323066	14381
chr2	121333900	121334110	14382
chr2	121334120	121334330	14383
chr2	121334240	121334450	14384
chr2	121334360	121334570	14385
chr2	121335061	121335198	14386
chr2	121355600	121355810	14387
chr2	121356211	121356318	14388
chr2	121402425	121402574	14389
chr2	121477700	121477910	14390
chr2	121489360	121489535	14391
chr2	121529975	121530188	14392
chr2	121530343	121530592	14393
chr2	121530850	121531235	14394
chr2	121562520	121562730	14395
chr2	121567680	121567890	14396
chr2	121568107	121568192	14397
chr2	121580942	121581343	14398
chr2	121596325	121596432	14399
chr2	121598219	121598316	14400
chr2	121609050	121609260	14401
chr2	121649607	121649666	14402
chr2	121649930	121650140	14403
chr2	121650250	121650460	14404
chr2	121666230	121666335	14405
chr2	121689453	121689568	14406
chr2	121690120	121690330	14407
chr2	121707968	121708045	14408
chr2	121718837	121718956	14409
chr2	121720380	121720590	14410
chr2	121722580	121722790	14411
chr2	121748329	121748414	14412
chr2	121755020	121755230	14413
chr2	121809805	121809908	14414
chr2	121810960	121811170	14415
chr2	121811355	121811494	14416
chr2	121868740	121868950	14417
chr2	121897785	121897785	14418
chr2	121902570	121902780	14419
chr2	121926706	121926823	14420
chr2	121975162	121975309	14421
chr2	121976971	121977069	14422
chr2	121993780	121993990	14423
chr2	122056510	122056720	14424
chr2	122057020	122057230	14425
chr2	122074990	122075200	14426
chr2	122115750	122115960	14427
chr2	122136169	122136310	14428
chr2	122191501	122191574	14429
chr2	122300820	122301030	14430
chr2	122433277	122433420	14431
chr2	122451192	122451299	14432
chr2	122519505	122519584	14433
chr2	122710195	122710274	14434
chr2	122718990	122719200	14435
chr2	122724920	122725130	14436
chr2	122748900	122748919	14437
chr2	123015360	123015379	14438
chr2	123514940	123515150	14439
chr2	123993605	123993605	14440
chr2	123993791	123993942	14441
chr2	124025080	124025290	14442
chr2	124026890	124027100	14443
chr2	124027242	124027439	14444
chr2	124325830	124325927	14445
chr2	124485781	124485868	14446
chr2	124489250	124489460	14447
chr2	124563574	124563641	14448
chr2	124571070	124571280	14449
chr2	124647435	124647435	14450
chr2	124753998	124754093	14451
chr2	124804113	124804378	14452
chr2	124810288	124810365	14453
chr2	125086490	125086700	14454
chr2	125472210	125472303	14455
chr2	125477400	125477610	14456
chr2	125516720	125516739	14457
chr2	125745646	125745727	14458
chr2	125746300	125746510	14459
chr2	126227280	126227490	14460
chr2	126227400	126227610	14461
chr2	126245126	126245177	14462
chr2	126359230	126359440	14463
chr2	126359629	126359806	14464
chr2	126399154	126399227	14465
chr2	126482953	126483032	14466
chr2	126507640	126507850	14467
chr2	126528252	126528353	14468
chr2	126635180	126635390	14469
chr2	126643460	126643670	14470
chr2	126776986	126777169	14471
chr2	126777454	126777625	14472
chr2	126794415	126794415	14473
chr2	126865033	126865082	14474
chr2	126886481	126886570	14475
chr2	126972123	126972222	14476
chr2	126972340	126972359	14477
chr2	126990970	126991180	14478
chr2	126996739	126997464	14479
chr2	127003160	127003370	14480
chr2	127003608	127003671	14481
chr2	127022970	127023180	14482
chr2	127035344	127035469	14483
chr2	127049690	127049900	14484
chr2	127050156	127050395	14485
chr2	127051295	127051295	14486
chr2	127064470	127064680	14487
chr2	127064790	127065007	14488
chr2	127068105	127068212	14489
chr2	127072021	127072198	14490
chr2	127072490	127072700	14491
chr2	127106720	127106930	14492
chr2	127127950	127128160	14493
chr2	127128665	127128744	14494
chr2	127157847	127157912	14495
chr2	127174320	127174421	14496
chr2	127197007	127197206	14497
chr2	127197330	127197540	14498
chr2	127197520	127197730	14499
chr2	127197928	127198045	14500
chr2	127220890	127221100	14501
chr2	127226580	127226790	14502
chr2	127230890	127231100	14503
chr2	127231571	127231638	14504
chr2	127239540	127239750	14505
chr2	127254370	127254580	14506
chr2	127275480	127275690	14507
chr2	127294081	127294266	14508
chr2	127314920	127315130	14509
chr2	127324794	127324933	14510
chr2	127354470	127354680	14511
chr2	127355534	127355655	14512
chr2	127385660	127385870	14513
chr2	127387877	127388220	14514
chr2	127413910	127414120	14515
chr2	127418259	127418682	14516
chr2	127429310	127429520	14517
chr2	127429510	127429720	14518
chr2	127436720	127436930	14519
chr2	127438272	127438573	14520
chr2	127453548	127453565	14521
chr2	127455267	127455470	14522
chr2	127455830	127456040	14523
chr2	127472379	127472556	14524
chr2	127479363	127479442	14525
chr2	127480300	127480510	14526
chr2	127480810	127481020	14527
chr2	127511188	127511363	14528
chr2	127524710	127524920	14529
chr2	127526452	127526637	14530
chr2	127527325	127527364	14531
chr2	127528220	127528430	14532
chr2	127543301	127543438	14533
chr2	127559980	127560190	14534
chr2	127560796	127560925	14535
chr2	127591491	127591696	14536
chr2	127640470	127640663	14537
chr2	127644100	127644310	14538
chr2	127645229	127645550	14539
chr2	127648740	127648950	14540
chr2	127649798	127649987	14541
chr2	127675420	127675643	14542
chr2	127680100	127680310	14543
chr2	127696140	127696350	14544
chr2	127700550	127700760	14545
chr2	127701387	127701538	14546
chr2	127735556	127735673	14547
chr2	127735845	127735924	14548
chr2	127763832	127763921	14549
chr2	127764030	127764240	14550
chr2	127785211	127785370	14551
chr2	127811150	127811329	14552
chr2	127812420	127812630	14553
chr2	127813810	127814020	14554
chr2	127822179	127822336	14555
chr2	127858101	127858352	14556
chr2	127858810	127859020	14557
chr2	127859280	127859490	14558
chr2	127884340	127884550	14559
chr2	127886372	127886479	14560
chr2	127932910	127933120	14561
chr2	127985354	127985709	14562
chr2	127986450	127986469	14563
chr2	127991850	127992060	14564
chr2	128027334	128027571	14565
chr2	128029060	128029270	14566
chr2	128057496	128057599	14567
chr2	128058760	128058970	14568
chr2	128063565	128063654	14569
chr2	128063885	128063924	14570
chr2	128086405	128086504	14571
chr2	128086870	128087080	14572
chr2	128091063	128091236	14573
chr2	128091381	128091518	14574
chr2	128169660	128169870	14575
chr2	128170078	128170495	14576
chr2	128172300	128172510	14577
chr2	128179298	128179451	14578
chr2	128187140	128187350	14579
chr2	128187670	128187880	14580
chr2	128195640	128195773	14581
chr2	128233278	128233311	14582
chr2	128233621	128233744	14583
chr2	128260736	128260895	14584
chr2	128283150	128283360	14585
chr2	128293360	128293570	14586
chr2	128306424	128306641	14587
chr2	128309491	128309786	14588
chr2	128318753	128319096	14589
chr2	128321838	128322141	14590
chr2	128379159	128379346	14591
chr2	128442548	128442661	14592
chr2	128469280	128469490	14593
chr2	128487350	128487560	14594
chr2	128594150	128594360	14595
chr2	128595200	128595429	14596
chr2	128612022	128612107	14597
chr2	128624860	128625070	14598
chr2	128681705	128681784	14599
chr2	128696660	128696679	14600
chr2	128714914	128714981	14601
chr2	128736714	128736873	14602
chr2	128755487	128755662	14603
chr2	128773220	128773430	14604
chr2	128880640	128880850	14605
chr2	128888620	128888830	14606
chr2	128945860	128946070	14607
chr2	128964070	128964280	14608
chr2	129194138	129194171	14609
chr2	129297500	129297710	14610
chr2	129337160	129337370	14611
chr2	129397299	129397460	14612
chr2	129748855	129748994	14613
chr2	129764530	129764549	14614
chr2	129849040	129849250	14615
chr2	129849656	129849833	14616
chr2	129859270	129859480	14617
chr2	129885870	129886080	14618
chr2	129923389	129923584	14619
chr2	129923870	129924049	14620
chr2	129936499	129936586	14621
chr2	129989620	129989830	14622
chr2	130025985	130026194	14623
chr2	130056910	130057120	14624
chr2	130057231	130057368	14625
chr2	130145092	130145227	14626
chr2	130156145	130156336	14627
chr2	130178220	130178430	14628
chr2	130182071	130182262	14629
chr2	130202655	130202734	14630
chr2	130241350	130241560	14631
chr2	130288680	130288890	14632
chr2	130302351	130302449	14633
chr2	130331550	130331760	14634
chr2	130332694	130332775	14635
chr2	130337576	130337733	14636
chr2	130342088	130342281	14637
chr2	130342611	130342870	14638
chr2	130355807	130356198	14639
chr2	130376510	130376720	14640
chr2	130391775	130391808	14641
chr2	130453960	130454170	14642
chr2	130655260	130655470	14643
chr2	130693674	130693735	14644
chr2	130744823	130744872	14645
chr2	130756180	130756390	14646
chr2	130768250	130768460	14647
chr2	130797524	130797817	14648
chr2	130797995	130798222	14649
chr2	130873839	130873966	14650
chr2	130885220	130885430	14651
chr2	130920500	130920685	14652
chr2	130964554	130964795	14653
chr2	131029830	131030040	14654
chr2	131068380	131068590	14655
chr2	131077390	131077600	14656
chr2	131093093	131093290	14657
chr2	131093790	131094000	14658
chr2	131094870	131095080	14659
chr2	131101863	131101960	14660
chr2	131105113	131105372	14661
chr2	131148633	131148664	14662
chr2	131154131	131154280	14663
chr2	131311100	131311310	14664
chr2	131335459	131335556	14665
chr2	131347010	131347220	14666
chr2	131359020	131359230	14667
chr2	131394745	131394824	14668
chr2	131413304	131413367	14669
chr2	131492334	131492451	14670
chr2	131492679	131493014	14671
chr2	131493537	131493733	14672
chr2	131495590	131495800	14673
chr2	131516723	131516806	14674
chr2	131525500	131525710	14675
chr2	131527745	131527745	14676
chr2	131557132	131557447	14677
chr2	131634448	131634597	14678
chr2	131672804	131672907	14679
chr2	131674117	131674156	14680
chr2	131682420	131682579	14681
chr2	131682604	131682965	14682
chr2	131683230	131683440	14683
chr2	131686230	131686440	14684
chr2	131721910	131722120	14685
chr2	131739066	131739183	14686
chr2	131743240	131743450	14687
chr2	131776038	131776231	14688
chr2	131801892	131802089	14689
chr2	131802540	131802750	14690
chr2	131822521	131822634	14691
chr2	131858345	131858452	14692
chr2	132146896	132147005	14693
chr2	132268565	132268726	14694
chr2	132269500	132269710	14695
chr2	132269740	132269950	14696
chr2	132301060	132301270	14697
chr2	132304650	132304860	14698
chr2	132344480	132344690	14699
chr2	132347290	132347459	14700
chr2	132349192	132349377	14701
chr2	132415370	132415580	14702
chr2	132416415	132416654	14703
chr2	132416880	132417090	14704
chr2	132435450	132435660	14705
chr2	132448983	132449032	14706
chr2	132547215	132547424	14707
chr2	132588680	132588890	14708
chr2	132632463	132632642	14709
chr2	132633180	132633390	14710
chr2	132642582	132642647	14711
chr2	132651187	132651332	14712
chr2	132676620	132676830	14713
chr2	132859651	132859828	14714
chr2	133158199	133158266	14715
chr2	133171555	133171636	14716
chr2	133519802	133519951	14717
chr2	133560320	133560530	14718
chr2	133561163	133561294	14719
chr2	133568120	133568330	14720
chr2	133576750	133576960	14721
chr2	133674430	133674640	14722
chr2	133674560	133674770	14723
chr2	133765800	133766001	14724
chr2	133780229	133780396	14725
chr2	133844390	133844503	14726
chr2	133845230	133845440	14727
chr2	133886767	133886880	14728
chr2	133942790	133943000	14729
chr2	134087378	134087545	14730
chr2	134099419	134099530	14731
chr2	134118110	134118320	14732
chr2	134118415	134118532	14733
chr2	134118680	134118890	14734
chr2	134132710	134132729	14735
chr2	134207755	134207794	14736
chr2	134228604	134228657	14737
chr2	134242100	134242219	14738
chr2	134245536	134245587	14739
chr2	134359160	134359370	14740
chr2	134365460	134365670	14741
chr2	134366640	134366850	14742
chr2	134368280	134368299	14743
chr2	134368425	134368425	14744
chr2	134376076	134376157	14745
chr2	134392813	134392900	14746
chr2	134396578	134396777	14747
chr2	134410370	134410580	14748
chr2	134412117	134412440	14749
chr2	134412530	134412740	14750
chr2	134413270	134413480	14751
chr2	134449010	134449220	14752
chr2	134451016	134451029	14753
chr2	134457955	134457994	14754
chr2	134460676	134460745	14755
chr2	134466281	134466432	14756
chr2	134491893	134492040	14757
chr2	134588760	134588779	14758
chr2	134657796	134657885	14759
chr2	134670410	134670620	14760
chr2	134697190	134697400	14761
chr2	134707500	134707710	14762
chr2	134707740	134707950	14763
chr2	134778493	134778578	14764
chr2	134782520	134782730	14765
chr2	134782892	134783091	14766
chr2	134934210	134934420	14767
chr2	134989187	134989262	14768
chr2	134989450	134989509	14769
chr2	135004346	135004499	14770
chr2	135043460	135043670	14771
chr2	135091868	135091897	14772
chr2	135126300	135126510	14773
chr2	135150300	135150510	14774
chr2	135150866	135150917	14775
chr2	135168559	135168790	14776
chr2	135258260	135258470	14777
chr2	135274550	135274760	14778
chr2	135473682	135473823	14779
chr2	135474130	135474340	14780
chr2	135512270	135512289	14781
chr2	135530791	135531148	14782
chr2	135531206	135531439	14783
chr2	135531872	135531957	14784
chr2	135601093	135601126	14785
chr2	135633690	135633900	14786
chr2	135635540	135635750	14787
chr2	135709997	135710196	14788
chr2	135710460	135710670	14789
chr2	135710950	135711160	14790
chr2	135741562	135741879	14791
chr2	135785230	135785440	14792
chr2	135797590	135797751	14793
chr2	135798890	135799100	14794
chr2	135803380	135803590	14795
chr2	135819390	135819435	14796
chr2	135876436	135876625	14797
chr2	135893640	135893850	14798
chr2	135913849	135913990	14799
chr2	135914940	135915150	14800
chr2	135916346	135916463	14801
chr2	135985161	135985259	14802
chr2	135985497	135985752	14803
chr2	135997465	135997526	14804
chr2	136023649	136023720	14805
chr2	136105040	136105250	14806
chr2	136117320	136117530	14807
chr2	136118910	136119120	14808
chr2	136245530	136245740	14809
chr2	136246350	136246560	14810
chr2	136328400	136328610	14811
chr2	136378884	136378999	14812
chr2	136384810	136384889	14813
chr2	136385120	136385330	14814
chr2	136423040	136423250	14815
chr2	136423519	136423788	14816
chr2	136434530	136434740	14817
chr2	136469081	136469218	14818
chr2	136515630	136515840	14819
chr2	136737337	136737392	14820
chr2	136794970	136795180	14821
chr2	136796350	136796560	14822
chr2	136874402	136874499	14823
chr2	136921160	136921179	14824
chr2	136932868	136932945	14825
chr2	137056780	137056990	14826
chr2	137096910	137096929	14827
chr2	137173571	137173788	14828
chr2	137467419	137467516	14829
chr2	137659820	137659879	14830
chr2	137677665	137677704	14831
chr2	137838608	137838701	14832
chr2	137839040	137839250	14833
chr2	137866014	137866305	14834
chr2	137867150	137867360	14835
chr2	137886520	137886730	14836
chr2	137888994	137889171	14837
chr2	137897255	137897294	14838
chr2	137910617	137910838	14839
chr2	137910924	137911085	14840
chr2	137911210	137911420	14841
chr2	137928836	137929081	14842
chr2	137929260	137929470	14843
chr2	137929720	137929930	14844
chr2	137938320	137938530	14845
chr2	137942217	137942413	14846
chr2	137943142	137943345	14847
chr2	137947878	137947987	14848
chr2	137964173	137964458	14849
chr2	137964656	137964785	14850
chr2	137968730	137968943	14851
chr2	137975675	137975714	14852
chr2	137995330	137995540	14853
chr2	137995660	137995870	14854
chr2	137998515	137998515	14855
chr2	138000560	138000770	14856
chr2	138005080	138005290	14857
chr2	138020840	138021050	14858
chr2	138060110	138060320	14859
chr2	138071450	138071660	14860
chr2	138081788	138081997	14861
chr2	138090521	138090592	14862
chr2	138110575	138110766	14863
chr2	138122605	138122644	14864
chr2	138137931	138138029	14865
chr2	138138093	138138324	14866
chr2	138177111	138177209	14867
chr2	138184521	138184668	14868
chr2	138221550	138221569	14869
chr2	138245340	138245550	14870
chr2	138246120	138246330	14871
chr2	138247910	138248120	14872
chr2	138253530	138253740	14873
chr2	138275936	138276263	14874
chr2	138277181	138277318	14875
chr2	138277570	138277780	14876
chr2	138282156	138282313	14877
chr2	138282850	138283060	14878
chr2	138323300	138323510	14879
chr2	138324225	138324225	14880
chr2	138356209	138356420	14881
chr2	138374107	138374228	14882
chr2	138421500	138421710	14883
chr2	138423857	138423972	14884
chr2	138437367	138437628	14885
chr2	138438070	138438280	14886
chr2	138443210	138443420	14887
chr2	138455300	138455510	14888
chr2	138475730	138475940	14889
chr2	138477009	138477198	14890
chr2	138477380	138477590	14891
chr2	138486900	138487110	14892
chr2	138490805	138490964	14893
chr2	138491346	138491497	14894
chr2	138501567	138501906	14895
chr2	138502140	138502350	14896
chr2	138502510	138502720	14897
chr2	138515290	138515309	14898
chr2	138585400	138585610	14899
chr2	138621244	138621397	14900
chr2	138658626	138658753	14901
chr2	138659500	138659710	14902
chr2	138684410	138684620	14903
chr2	138712775	138712854	14904
chr2	138713262	138713439	14905
chr2	138713740	138713950	14906
chr2	138724360	138724570	14907
chr2	138725164	138725467	14908
chr2	138787148	138787327	14909
chr2	138814645	138814774	14910
chr2	138827504	138827731	14911
chr2	138829411	138829602	14912
chr2	138846351	138846534	14913
chr2	138923092	138923223	14914
chr2	139031988	139032021	14915
chr2	139354010	139354069	14916
chr2	139753030	139753240	14917
chr2	139790939	139791070	14918
chr2	139804290	139804500	14919
chr2	139916995	139917034	14920
chr2	139992235	139992334	14921
chr2	140392910	140393120	14922
chr2	140415200	140415410	14923
chr2	140586583	140586612	14924
chr2	140696561	140696676	14925
chr2	140697020	140697230	14926
chr2	140859030	140859240	14927
chr2	140863856	140863967	14928
chr2	140962590	140962800	14929
chr2	140964415	140964630	14930
chr2	141489650	141489860	14931
chr2	141514860	141515070	14932
chr2	141554940	141555057	14933
chr2	141911870	141911889	14934
chr2	141912350	141912560	14935
chr2	142130360	142130570	14936
chr2	142140010	142140220	14937
chr2	142140441	142140606	14938
chr2	142144020	142144230	14939
chr2	142165858	142165959	14940
chr2	142286720	142286843	14941
chr2	142582505	142582544	14942
chr2	142586700	142586910	14943
chr2	142640681	142640932	14944
chr2	142682610	142682733	14945
chr2	142695020	142695230	14946
chr2	142695426	142695583	14947
chr2	142701430	142701640	14948
chr2	142707330	142707540	14949
chr2	142751030	142751240	14950
chr2	142796328	142796371	14951
chr2	142814241	142814358	14952
chr2	142863588	142863845	14953
chr2	142869774	142870005	14954
chr2	142877446	142877613	14955
chr2	142891690	142891900	14956
chr2	142892810	142893020	14957
chr2	142951527	142951812	14958
chr2	142960030	142960240	14959
chr2	142980858	142981047	14960
chr2	142989406	142989577	14961
chr2	143034355	143034622	14962
chr2	143111010	143111089	14963
chr2	143161750	143161960	14964
chr2	143162375	143162498	14965
chr2	143172450	143172660	14966
chr2	143205356	143205429	14967
chr2	143222532	143222697	14968
chr2	143226020	143226230	14969
chr2	143259491	143259694	14970
chr2	143284127	143284322	14971
chr2	143513272	143513331	14972
chr2	143575505	143575544	14973
chr2	143686702	143686823	14974
chr2	144115600	144115810	14975
chr2	144138215	144138254	14976
chr2	144161660	144161870	14977
chr2	144198318	144198351	14978
chr2	144254980	144255141	14979
chr2	144331210	144331420	14980
chr2	144333870	144334080	14981
chr2	144361850	144362060	14982
chr2	144427223	144427376	14983
chr2	144441271	144441374	14984
chr2	144441710	144441920	14985
chr2	144515220	144515430	14986
chr2	144651820	144652030	14987
chr2	144889650	144889860	14988
chr2	145043650	145043860	14989
chr2	145107900	145108110	14990
chr2	145431320	145431379	14991
chr2	145693352	145693389	14992
chr2	145729695	145729734	14993
chr2	145752265	145752344	14994
chr2	145752560	145752695	14995
chr2	145752770	145752980	14996
chr2	145755425	145755464	14997
chr2	145761015	145761054	14998
chr2	145761418	145761689	14999
chr2	145777539	145777620	15000
chr2	145797620	145797830	15001
chr2	145823254	145823409	15002
chr2	145845660	145845870	15003
chr2	145846085	145846164	15004
chr2	145909200	145909410	15005
chr2	145919647	145919766	15006
chr2	146214487	146214612	15007
chr2	146312933	146313080	15008
chr2	146412755	146412794	15009
chr2	146522420	146522630	15010
chr2	146660530	146660740	15011
chr2	146660980	146661190	15012
chr2	146661220	146661430	15013
chr2	146661602	146661779	15014
chr2	146734127	146734380	15015
chr2	146927443	146927522	15016
chr2	147045233	147045280	15017
chr2	147082974	147083151	15018
chr2	147083570	147083780	15019
chr2	147300090	147300300	15020
chr2	147332183	147332274	15021
chr2	147362980	147363190	15022
chr2	147416320	147416339	15023
chr2	147430597	147430716	15024
chr2	147449251	147449388	15025
chr2	147705110	147705320	15026
chr2	147765690	147765900	15027
chr2	147809694	147809755	15028
chr2	147845640	147845850	15029
chr2	147846610	147846820	15030
chr2	147885010	147885220	15031
chr2	147910170	147910380	15032
chr2	147910360	147910570	15033
chr2	147911067	147911202	15034
chr2	147925660	147925870	15035
chr2	147936510	147936720	15036
chr2	147937834	147938061	15037
chr2	147989974	147990027	15038
chr2	148019130	148019340	15039
chr2	148020375	148020528	15040
chr2	148022060	148022270	15041
chr2	148051180	148051390	15042
chr2	148052723	148052918	15043
chr2	148130766	148130923	15044
chr2	148201464	148201627	15045
chr2	148202020	148202230	15046
chr2	148209797	148209852	15047
chr2	148211320	148211530	15048
chr2	148232075	148232114	15049
chr2	148244611	148244744	15050
chr2	148272060	148272270	15051
chr2	148273180	148273239	15052
chr2	148311950	148312160	15053
chr2	148331850	148332060	15054
chr2	148351000	148351210	15055
chr2	148351901	148351999	15056
chr2	148411009	148411202	15057
chr2	148457150	148457360	15058
chr2	148508830	148509040	15059
chr2	148509423	148509762	15060
chr2	148563340	148563550	15061
chr2	148565445	148565516	15062
chr2	148640870	148641080	15063
chr2	148643830	148644040	15064
chr2	148645070	148645459	15065
chr2	148689020	148689230	15066
chr2	148747108	148747141	15067
chr2	148755540	148755750	15068
chr2	148757310	148757520	15069
chr2	148813792	148814007	15070
chr2	148829750	148829960	15071
chr2	148861538	148861557	15072
chr2	148881410	148881620	15073
chr2	148882160	148882370	15074
chr2	148926714	148926885	15075
chr2	148967670	148967689	15076
chr2	148978230	148978289	15077
chr2	148990004	148990159	15078
chr2	149017490	149017657	15079
chr2	149037940	149038150	15080
chr2	149038530	149038740	15081
chr2	149040550	149040760	15082
chr2	149087510	149087720	15083
chr2	149311920	149312130	15084
chr2	149313507	149313714	15085
chr2	149366300	149366535	15086
chr2	149418790	149419000	15087
chr2	149420315	149420354	15088
chr2	149454970	149455180	15089
chr2	149456410	149456429	15090
chr2	149560820	149561030	15091
chr2	149561380	149561575	15092
chr2	149562403	149562596	15093
chr2	149585240	149585450	15094
chr2	149587157	149587444	15095
chr2	149597688	149597783	15096
chr2	149715355	149715388	15097
chr2	149860370	149860580	15098
chr2	149860650	149860863	15099
chr2	149989629	149989786	15100
chr2	150092030	150092240	15101
chr2	150133755	150133834	15102
chr2	150166550	150166760	15103
chr2	150214690	150214900	15104
chr2	150376710	150376920	15105
chr2	150411025	150411025	15106
chr2	150487632	150487935	15107
chr2	150610819	150610926	15108
chr2	150876490	150876700	15109
chr2	150916580	150916790	15110
chr2	151030930	151031140	15111
chr2	151051733	151051862	15112
chr2	151193610	151193820	15113
chr2	151238924	151239089	15114
chr2	151271480	151271690	15115
chr2	151409760	151409953	15116
chr2	151410200	151410259	15117
chr2	151410665	151410665	15118
chr2	151437678	151437803	15119
chr2	151459420	151459630	15120
chr2	151614756	151614825	15121
chr2	151619462	151619619	15122
chr2	151624480	151624690	15123
chr2	151625470	151625680	15124
chr2	151630423	151630712	15125
chr2	151633250	151633460	15126
chr2	151633620	151633830	15127
chr2	151638682	151638843	15128
chr2	151641380	151641590	15129
chr2	151642007	151642192	15130
chr2	151750475	151750680	15131
chr2	151753676	151753725	15132
chr2	151760259	151760364	15133
chr2	151777657	151777736	15134
chr2	151792730	151792863	15135
chr2	151796860	151797070	15136
chr2	151807990	151808200	15137
chr2	151808443	151808590	15138
chr2	151809010	151809220	15139
chr2	151827970	151828180	15140
chr2	151834060	151834270	15141
chr2	151834300	151834510	15142
chr2	151842700	151842910	15143
chr2	151843078	151843171	15144
chr2	151843370	151843580	15145
chr2	151849421	151849558	15146
chr2	151849820	151850041	15147
chr2	151850330	151850540	15148
chr2	151853095	151853266	15149
chr2	151853520	151853730	15150
chr2	151879115	151879115	15151
chr2	151891903	151891986	15152
chr2	151923435	151923514	15153
chr2	151928540	151928750	15154
chr2	151945720	151945930	15155
chr2	151946600	151946810	15156
chr2	151947309	151947390	15157
chr2	151952530	151952740	15158
chr2	151953622	151953707	15159
chr2	151974990	151975200	15160
chr2	151975390	151975600	15161
chr2	151984380	151984590	15162
chr2	151984740	151984950	15163
chr2	151995784	151996007	15164
chr2	151996420	151996630	15165
chr2	151999189	151999282	15166
chr2	152004830	152005043	15167
chr2	152016010	152016220	15168
chr2	152016555	152016698	15169
chr2	152025676	152026161	15170
chr2	152036935	152037156	15171
chr2	152078667	152078863	15172
chr2	152134880	152135090	15173
chr2	152175792	152176249	15174
chr2	152176660	152176870	15175
chr2	152190063	152190148	15176
chr2	152243170	152243413	15177
chr2	152243700	152243910	15178
chr2	152335034	152335205	15179
chr2	152355611	152355748	15180
chr2	152359650	152359860	15181
chr2	152359780	152359990	15182
chr2	152385220	152385239	15183
chr2	152393490	152393700	15184
chr2	152405358	152405479	15185
chr2	152405680	152405890	15186
chr2	152421755	152421755	15187
chr2	152425650	152425860	15188
chr2	152426195	152426234	15189
chr2	152432928	152432971	15190
chr2	152453420	152453630	15191
chr2	152466170	152466229	15192
chr2	152471221	152471319	15193
chr2	152473850	152474060	15194
chr2	152481943	152482154	15195
chr2	152485820	152486030	15196
chr2	152486199	152486370	15197
chr2	152487240	152487450	15198
chr2	152491660	152491870	15199
chr2	152493910	152494120	15200
chr2	152543056	152543313	15201
chr2	152543630	152543840	15202
chr2	152543980	152544190	15203
chr2	152554740	152554950	15204
chr2	152555095	152555334	15205
chr2	152569290	152569500	15206
chr2	152627535	152627568	15207
chr2	152635831	152635882	15208
chr2	152648350	152648560	15209
chr2	152712900	152713110	15210
chr2	152715530	152715740	15211
chr2	152715800	152716010	15212
chr2	152716060	152716270	15213
chr2	152716790	152717000	15214
chr2	152718990	152719200	15215
chr2	152740892	152740985	15216
chr2	152741420	152741630	15217
chr2	152743146	152743263	15218
chr2	152754940	152755150	15219
chr2	152755100	152755310	15220
chr2	152861463	152861602	15221
chr2	152912165	152912344	15222
chr2	152926000	152926113	15223
chr2	153163176	153163357	15224
chr2	153287234	153287479	15225
chr2	153478816	153478983	15226
chr2	153518640	153518850	15227
chr2	153519430	153519519	15228
chr2	153622400	153622593	15229
chr2	153718620	153718679	15230
chr2	153770527	153770594	15231
chr2	153819563	153819770	15232
chr2	153834660	153834870	15233
chr2	153871320	153871530	15234
chr2	154199670	154199880	15235
chr2	154258540	154258750	15236
chr2	154333180	154333390	15237
chr2	154375768	154375891	15238
chr2	154402274	154402403	15239
chr2	154403330	154403540	15240
chr2	154403590	154403800	15241
chr2	154439297	154439440	15242
chr2	154447660	154447870	15243
chr2	154450037	154450122	15244
chr2	154451160	154451370	15245
chr2	154453095	154453134	15246
chr2	154462858	154462891	15247
chr2	154477390	154477600	15248
chr2	154495481	154495658	15249
chr2	154495750	154495960	15250
chr2	154600980	154601190	15251
chr2	154601150	154601360	15252
chr2	154623950	154624063	15253
chr2	154695020	154695039	15254
chr2	155223926	155223997	15255
chr2	155250937	155251004	15256
chr2	155256930	155256989	15257
chr2	155266756	155266807	15258
chr2	155309890	155310100	15259
chr2	155313240	155313450	15260
chr2	155369104	155369173	15261
chr2	155373122	155373199	15262
chr2	155377301	155377390	15263
chr2	155559480	155559690	15264
chr2	155708186	155708303	15265
chr2	155815934	155816107	15266
chr2	155966270	155966480	15267
chr2	155974350	155974560	15268
chr2	155975470	155975680	15269
chr2	155975829	155975996	15270
chr2	155976530	155976740	15271
chr2	156006175	156006175	15272
chr2	156037580	156037790	15273
chr2	156042150	156042360	15274
chr2	156043053	156043200	15275
chr2	156111003	156111106	15276
chr2	156115100	156115310	15277
chr2	156156704	156156849	15278
chr2	156177895	156177934	15279
chr2	156189297	156189428	15280
chr2	156190050	156190260	15281
chr2	156254516	156254673	15282
chr2	156254913	156254962	15283
chr2	156300492	156300613	15284
chr2	156310040	156310250	15285
chr2	156332687	156332830	15286
chr2	156335647	156335810	15287
chr2	156336320	156336530	15288
chr2	156400590	156400609	15289
chr2	156400719	156400830	15290
chr2	156401086	156401243	15291
chr2	156401468	156401613	15292
chr2	156589706	156589883	15293
chr2	156892645	156892724	15294
chr2	156918530	156918740	15295
chr2	156986485	156986485	15296
chr2	157024220	157024430	15297
chr2	157052720	157052930	15298
chr2	157053030	157053240	15299
chr2	157055771	157055852	15300
chr2	157056280	157056299	15301
chr2	157150840	157151050	15302
chr2	157182920	157183130	15303
chr2	157194173	157194406	15304
chr2	157195400	157195610	15305
chr2	157302658	157302781	15306
chr2	157327661	157327788	15307
chr2	157336285	157336364	15308
chr2	157453965	157454004	15309
chr2	157460320	157460530	15310
chr2	157492345	157492450	15311
chr2	157497030	157497240	15312
chr2	157498190	157498400	15313
chr2	157504671	157504769	15314
chr2	157509914	157509999	15315
chr2	157576060	157576270	15316
chr2	157593410	157593620	15317
chr2	157597557	157597676	15318
chr2	157621550	157621760	15319
chr2	157628569	157628944	15320
chr2	157629720	157629930	15321
chr2	157705060	157705270	15322
chr2	157748940	157749150	15323
chr2	157751926	157751979	15324
chr2	157777592	157777695	15325
chr2	157782270	157782399	15326
chr2	157839130	157839340	15327
chr2	157839620	157839830	15328
chr2	157840835	157840930	15329
chr2	157867040	157867250	15330
chr2	157874880	157875090	15331
chr2	157876263	157876564	15332
chr2	157877420	157877630	15333
chr2	157901468	157901569	15334
chr2	157905190	157905400	15335
chr2	157932850	157933060	15336
chr2	158009840	158010050	15337
chr2	158010388	158010587	15338
chr2	158010870	158011080	15339
chr2	158024030	158024240	15340
chr2	158024436	158024583	15341
chr2	158025220	158025430	15342
chr2	158032750	158032960	15343
chr2	158034399	158034476	15344
chr2	158045501	158045574	15345
chr2	158079813	158080024	15346
chr2	158081110	158081320	15347
chr2	158096078	158096175	15348
chr2	158101458	158101741	15349
chr2	158127510	158127720	15350
chr2	158127920	158128130	15351
chr2	158131053	158131144	15352
chr2	158132027	158132202	15353
chr2	158134800	158135010	15354
chr2	158172907	158173036	15355
chr2	158179785	158179928	15356
chr2	158188010	158188220	15357
chr2	158189643	158189786	15358
chr2	158190284	158190497	15359
chr2	158191130	158191340	15360
chr2	158207557	158207612	15361
chr2	158214603	158214652	15362
chr2	158232550	158232749	15363
chr2	158251530	158251659	15364
chr2	158360019	158360130	15365
chr2	158456703	158456946	15366
chr2	158457310	158457520	15367
chr2	158457993	158458360	15368
chr2	158459030	158459240	15369
chr2	158495500	158495710	15370
chr2	158496950	158497160	15371
chr2	158497620	158497830	15372
chr2	158503228	158503309	15373
chr2	158529230	158529440	15374
chr2	158530960	158531170	15375
chr2	158539272	158539433	15376
chr2	158542710	158542920	15377
chr2	158560417	158560618	15378
chr2	158573869	158574036	15379
chr2	158586020	158586230	15380
chr2	158586553	158586812	15381
chr2	158586920	158587130	15382
chr2	158618817	158618872	15383
chr2	158618962	158619027	15384
chr2	158619220	158619430	15385
chr2	158670500	158670710	15386
chr2	158695928	158696065	15387
chr2	158724307	158724506	15388
chr2	158739820	158740030	15389
chr2	158741250	158741460	15390
chr2	158745730	158745889	15391
chr2	158753790	158754000	15392
chr2	158754130	158754259	15393
chr2	158754590	158754800	15394
chr2	158847587	158847783	15395
chr2	158848445	158848600	15396
chr2	158901010	158901220	15397
chr2	158901369	158901566	15398
chr2	158944685	158944724	15399
chr2	158949403	158949630	15400
chr2	158953967	158954194	15401
chr2	158960630	158960840	15402
chr2	158962250	158962460	15403
chr2	158968478	158968663	15404
chr2	158995018	158995185	15405
chr2	158998754	158999209	15406
chr2	158999685	158999724	15407
chr2	159036160	159036287	15408
chr2	159070330	159070540	15409
chr2	159111750	159111809	15410
chr2	159118340	159118550	15411
chr2	159118730	159118831	15412
chr2	159123830	159124040	15413
chr2	159140870	159141080	15414
chr2	159156880	159157090	15415
chr2	159175321	159175419	15416
chr2	159185462	159185547	15417
chr2	159209350	159209560	15418
chr2	159210010	159210220	15419
chr2	159211831	159211968	15420
chr2	159285970	159286180	15421
chr2	159287400	159287610	15422
chr2	159300661	159300798	15423
chr2	159322528	159322621	15424
chr2	159356620	159356830	15425
chr2	159362750	159362960	15426
chr2	159380732	159380981	15427
chr2	159402906	159403023	15428
chr2	159516160	159516370	15429
chr2	159518620	159518830	15430
chr2	159557638	159557677	15431
chr2	159614480	159614690	15432
chr2	159614610	159614820	15433
chr2	159615050	159615260	15434
chr2	159616610	159616820	15435
chr2	159637360	159637570	15436
chr2	159677801	159677948	15437
chr2	159711580	159711790	15438
chr2	159712182	159712497	15439
chr2	159712517	159712594	15440
chr2	159713050	159713260	15441
chr2	159755922	159755963	15442
chr2	159798470	159798489	15443
chr2	159800020	159800230	15444
chr2	159800310	159800520	15445
chr2	159807571	159807716	15446
chr2	159822359	159822440	15447
chr2	159826290	159826500	15448
chr2	159894230	159894440	15449
chr2	159895570	159895780	15450
chr2	159904720	159904930	15451
chr2	159905980	159906190	15452
chr2	159906581	159906600	15453
chr2	159921915	159922034	15454
chr2	159940082	159940179	15455
chr2	159968391	159968560	15456
chr2	160022281	160022418	15457
chr2	160088476	160088663	15458
chr2	160110077	160110250	15459
chr2	160147920	160148130	15460
chr2	160148580	160148790	15461
chr2	160156195	160156274	15462
chr2	160181283	160181450	15463
chr2	160210784	160210885	15464
chr2	160252418	160252553	15465
chr2	160252960	160253170	15466
chr2	160270063	160270308	15467
chr2	160270860	160271070	15468
chr2	160278911	160279046	15469
chr2	160324236	160324467	15470
chr2	160324924	160325185	15471
chr2	160329278	160329387	15472
chr2	160407560	160407770	15473
chr2	160429296	160429549	15474
chr2	160433490	160433700	15475
chr2	160434468	160434501	15476
chr2	160493777	160493973	15477
chr2	160494190	160494400	15478
chr2	160495010	160495220	15479
chr2	160506834	160506967	15480
chr2	160581589	160581680	15481
chr2	160583770	160583980	15482
chr2	160584250	160584460	15483
chr2	160590745	160590944	15484
chr2	160628061	160628198	15485
chr2	160649140	160649350	15486
chr2	160666410	160666620	15487
chr2	160778910	160779120	15488
chr2	160838270	160838480	15489
chr2	160919033	160919130	15490
chr2	160929070	160929280	15491
chr2	160970309	160970488	15492
chr2	160994483	160994650	15493
chr2	161030620	161030830	15494
chr2	161063744	161063925	15495
chr2	161115830	161116040	15496
chr2	161121850	161122060	15497
chr2	161123283	161123490	15498
chr2	161160111	161160458	15499
chr2	161160590	161160800	15500
chr2	161160925	161160925	15501
chr2	161161590	161161800	15502
chr2	161223263	161223376	15503
chr2	161250941	161251078	15504
chr2	161264750	161264960	15505
chr2	161265130	161265340	15506
chr2	161273303	161273436	15507
chr2	161281075	161281114	15508
chr2	161281860	161282070	15509
chr2	161307580	161307790	15510
chr2	161309510	161309720	15511
chr2	161360220	161360279	15512
chr2	161414530	161414589	15513
chr2	161415915	161415994	15514
chr2	161570581	161570794	15515
chr2	161576600	161576649	15516
chr2	161585800	161586010	15517
chr2	161586678	161586849	15518
chr2	161766501	161766599	15519
chr2	161796300	161796510	15520
chr2	161861200	161861410	15521
chr2	161945070	161945280	15522
chr2	161946671	161946746	15523
chr2	161988612	161988741	15524
chr2	161990000	161990210	15525
chr2	161995743	161995940	15526
chr2	162006330	162006540	15527
chr2	162007615	162007706	15528
chr2	162016206	162016293	15529
chr2	162069600	162069810	15530
chr2	162074018	162074227	15531
chr2	162074870	162075080	15532
chr2	162080220	162080430	15533
chr2	162080540	162080750	15534
chr2	162083930	162084140	15535
chr2	162085304	162085385	15536
chr2	162089314	162089551	15537
chr2	162100762	162100799	15538
chr2	162107746	162107863	15539
chr2	162112890	162113100	15540
chr2	162113850	162114105	15541
chr2	162123939	162124020	15542
chr2	162144035	162144188	15543
chr2	162152830	162153040	15544
chr2	162153755	162153894	15545
chr2	162220120	162220330	15546
chr2	162221171	162221230	15547
chr2	162298085	162298124	15548
chr2	162301041	162301139	15549
chr2	162301307	162301404	15550
chr2	162318637	162318812	15551
chr2	162334139	162334198	15552
chr2	162343884	162344177	15553
chr2	162524337	162524472	15554
chr2	162565870	162565889	15555
chr2	162574778	162574825	15556
chr2	162576070	162576280	15557
chr2	162580059	162580236	15558
chr2	162583500	162583710	15559
chr2	162608121	162608156	15560
chr2	162646660	162646870	15561
chr2	162692730	162692940	15562
chr2	162710404	162710517	15563
chr2	162711230	162711440	15564
chr2	162732245	162732324	15565
chr2	162750121	162750288	15566
chr2	162779620	162779830	15567
chr2	162794880	162795090	15568
chr2	162840684	162840879	15569
chr2	162890748	162890963	15570
chr2	162938520	162938730	15571
chr2	162964060	162964270	15572
chr2	163131410	163131620	15573
chr2	163133035	163133068	15574
chr2	163155436	163155553	15575
chr2	163169692	163169739	15576
chr2	163182861	163183022	15577
chr2	163191543	163191614	15578
chr2	163346110	163346269	15579
chr2	163474497	163474552	15580
chr2	163551990	163552200	15581
chr2	163571575	163571714	15582
chr2	163593393	163593442	15583
chr2	163611395	163611395	15584
chr2	163667327	163667448	15585
chr2	163667501	163667678	15586
chr2	163717040	163717250	15587
chr2	163717460	163717670	15588
chr2	163734700	163734910	15589
chr2	163735055	163735134	15590
chr2	163736823	163736994	15591
chr2	163738050	163738260	15592
chr2	163743390	163743600	15593
chr2	163780160	163780370	15594
chr2	163828636	163828773	15595
chr2	163828983	163829032	15596
chr2	163877690	163877900	15597
chr2	163877930	163878140	15598
chr2	163878798	163879059	15599
chr2	163942760	163942970	15600
chr2	163943492	163943797	15601
chr2	164015870	164016080	15602
chr2	164061252	164061409	15603
chr2	164061910	164062120	15604
chr2	164099070	164099280	15605
chr2	164240590	164240800	15606
chr2	164430289	164430464	15607
chr2	164478336	164478439	15608
chr2	164479170	164479380	15609
chr2	164479604	164479695	15610
chr2	164494470	164494680	15611
chr2	164495688	164495859	15612
chr2	164504404	164504489	15613
chr2	164514621	164514798	15614
chr2	164538329	164538550	15615
chr2	164542730	164542940	15616
chr2	164560330	164560465	15617
chr2	164567436	164567553	15618
chr2	164567716	164567833	15619
chr2	164599550	164599760	15620
chr2	164600108	164600253	15621
chr2	164600960	164601170	15622
chr2	164618670	164618880	15623
chr2	164620936	164621053	15624
chr2	164621146	164621195	15625
chr2	164655840	164656050	15626
chr2	164661430	164661640	15627
chr2	164683210	164683420	15628
chr2	164693471	164693700	15629
chr2	164697801	164697944	15630
chr2	164710671	164710848	15631
chr2	164711029	164711206	15632
chr2	164711396	164711607	15633
chr2	164711723	164712008	15634
chr2	164717155	164717274	15635
chr2	164737760	164737877	15636
chr2	164742840	164743019	15637
chr2	164810879	164811050	15638
chr2	164818770	164818980	15639
chr2	164840482	164840567	15640
chr2	164840730	164840940	15641
chr2	164841387	164841498	15642
chr2	164842102	164842249	15643
chr2	164842630	164842840	15644
chr2	164843990	164844200	15645
chr2	164860026	164860235	15646
chr2	164875470	164875680	15647
chr2	164876015	164876094	15648
chr2	164887488	164887681	15649
chr2	164913768	164913851	15650
chr2	164917425	164917484	15651
chr2	164935440	164935650	15652
chr2	164937270	164937480	15653
chr2	164937965	164938064	15654
chr2	164955240	164955450	15655
chr2	164991410	164991620	15656
chr2	164992040	164992250	15657
chr2	164992903	164993088	15658
chr2	164993326	164993483	15659
chr2	165015120	165015311	15660
chr2	165108830	165109040	15661
chr2	165110130	165110340	15662
chr2	165110460	165110669	15663
chr2	165204092	165204207	15664
chr2	165238385	165238464	15665
chr2	165239306	165239359	15666
chr2	165241200	165241410	15667
chr2	165292600	165292810	15668
chr2	165293838	165294021	15669
chr2	165306592	165306629	15670
chr2	165400720	165400930	15671
chr2	165401377	165401550	15672
chr2	165417140	165417233	15673
chr2	165564032	165564121	15674
chr2	165564890	165565100	15675
chr2	165565190	165565400	15676
chr2	165574080	165574443	15677
chr2	165675820	165676030	15678
chr2	165698771	165698862	15679
chr2	165779210	165779257	15680
chr2	165874547	165874710	15681
chr2	165903670	165903880	15682
chr2	165953280	165953490	15683
chr2	165954199	165954250	15684
chr2	165969405	165969444	15685
chr2	165970550	165970760	15686
chr2	166057476	166057661	15687
chr2	166081890	166082100	15688
chr2	166104180	166104390	15689
chr2	166106815	166106894	15690
chr2	166127977	166128180	15691
chr2	166134449	166134592	15692
chr2	166134790	166135000	15693
chr2	166134950	166135160	15694
chr2	166135170	166135380	15695
chr2	166135290	166135500	15696
chr2	166135810	166136020	15697
chr2	166154724	166154871	15698
chr2	166181657	166181838	15699
chr2	166197520	166197730	15700
chr2	166230192	166230259	15701
chr2	166230371	166230469	15702
chr2	166234250	166234460	15703
chr2	166301270	166301480	15704
chr2	166329659	166329750	15705
chr2	166329960	166330170	15706
chr2	166335290	166335500	15707
chr2	166360690	166360900	15708
chr2	166361402	166361531	15709
chr2	166372161	166372322	15710
chr2	166372740	166372950	15711
chr2	166375977	166376158	15712
chr2	166384847	166384914	15713
chr2	166385710	166385920	15714
chr2	166419686	166419795	15715
chr2	166516796	166516993	15716
chr2	166539467	166539634	15717
chr2	166540240	166540450	15718
chr2	166609250	166609460	15719
chr2	166628035	166628035	15720
chr2	166700249	166700312	15721
chr2	166727400	166727610	15722
chr2	166762130	166762340	15723
chr2	166762905	166762984	15724
chr2	166785950	166785969	15725
chr2	166805968	166805985	15726
chr2	166895407	166895462	15727
chr2	166899210	166899420	15728
chr2	166900809	166900940	15729
chr2	166934984	166935057	15730
chr2	166957760	166957970	15731
chr2	166984500	166984710	15732
chr2	167000240	167000450	15733
chr2	167103547	167103614	15734
chr2	167127318	167127337	15735
chr2	167161285	167161324	15736
chr2	167212156	167212309	15737
chr2	167264570	167264619	15738
chr2	167292350	167292560	15739
chr2	167330800	167331010	15740
chr2	167331592	167331789	15741
chr2	167333290	167333500	15742
chr2	167342946	167342995	15743
chr2	167380150	167380360	15744
chr2	167411480	167411609	15745
chr2	167451666	167451737	15746
chr2	167510473	167510606	15747
chr2	167550549	167550720	15748
chr2	167578940	167579150	15749
chr2	167651736	167651973	15750
chr2	167733600	167733810	15751
chr2	167733946	167734075	15752
chr2	167734690	167734900	15753
chr2	167756480	167756690	15754
chr2	167775090	167775300	15755
chr2	167790350	167790409	15756
chr2	167791720	167791930	15757
chr2	167794635	167794814	15758
chr2	167828080	167828290	15759
chr2	167845232	167845309	15760
chr2	167856322	167856413	15761
chr2	167943170	167943380	15762
chr2	168116480	168116690	15763
chr2	168118781	168118914	15764
chr2	168119652	168119809	15765
chr2	168136512	168136637	15766
chr2	168152910	168153120	15767
chr2	168161033	168161146	15768
chr2	168166991	168167214	15769
chr2	168167360	168167419	15770
chr2	168180640	168180659	15771
chr2	168181063	168181162	15772
chr2	168185690	168185900	15773
chr2	168186130	168186340	15774
chr2	168190020	168190230	15775
chr2	168190781	168190992	15776
chr2	168191200	168191410	15777
chr2	168192520	168192730	15778
chr2	168196956	168197059	15779
chr2	168197290	168197500	15780
chr2	168204030	168204240	15781
chr2	168204330	168204540	15782
chr2	168211220	168211430	15783
chr2	168211810	168212020	15784
chr2	168221015	168221248	15785
chr2	168223390	168223600	15786
chr2	168246575	168246614	15787
chr2	168247608	168247995	15788
chr2	168254620	168254830	15789
chr2	168256491	168256684	15790
chr2	168264030	168264240	15791
chr2	168264550	168264760	15792
chr2	168272289	168272480	15793
chr2	168278505	168278505	15794
chr2	168292390	168292600	15795
chr2	168293915	168294008	15796
chr2	168326740	168326950	15797
chr2	168328515	168328714	15798
chr2	168336937	168337030	15799
chr2	168346753	168346876	15800
chr2	168348208	168348311	15801
chr2	168404864	168405025	15802
chr2	168438940	168439150	15803
chr2	168443925	168444146	15804
chr2	168457030	168457240	15805
chr2	168486190	168486400	15806
chr2	168486550	168486760	15807
chr2	168490690	168490900	15808
chr2	168493410	168493620	15809
chr2	168494090	168494300	15810
chr2	168494538	168494657	15811
chr2	168495180	168495390	15812
chr2	168603890	168604100	15813
chr2	168614140	168614350	15814
chr2	168614836	168614993	15815
chr2	168622706	168622809	15816
chr2	168648770	168648980	15817
chr2	168684170	168684380	15818
chr2	168684740	168684950	15819
chr2	168687521	168687619	15820
chr2	168705690	168705783	15821
chr2	168759316	168759501	15822
chr2	168773827	168773932	15823
chr2	168802140	168802350	15824
chr2	168849674	168849855	15825
chr2	168890348	168890661	15826
chr2	168920737	168920820	15827
chr2	168948773	168948856	15828
chr2	168961751	168961918	15829
chr2	169109280	169109490	15830
chr2	169109880	169110033	15831
chr2	169132078	169132175	15832
chr2	169141920	169141965	15833
chr2	169221930	169222041	15834
chr2	169260465	169260504	15835
chr2	169276192	169276289	15836
chr2	169366170	169366380	15837
chr2	169397837	169397914	15838
chr2	169451150	169451360	15839
chr2	169451640	169451850	15840
chr2	169452145	169452406	15841
chr2	169479526	169479815	15842
chr2	169485921	169486214	15843
chr2	169493484	169493631	15844
chr2	169514060	169514270	15845
chr2	169528302	169528467	15846
chr2	169561495	169561574	15847
chr2	169562430	169562640	15848
chr2	169562700	169562910	15849
chr2	169573839	169573954	15850
chr2	169574220	169574430	15851
chr2	169585051	169585228	15852
chr2	169585422	169585573	15853
chr2	169625875	169625954	15854
chr2	169637750	169637960	15855
chr2	169640196	169640295	15856
chr2	169654730	169654940	15857
chr2	169667725	169667824	15858
chr2	169675990	169676200	15859
chr2	169676140	169676350	15860
chr2	169683681	169683818	15861
chr2	169693870	169694080	15862
chr2	169694361	169694486	15863
chr2	169716010	169716220	15864
chr2	169716580	169716790	15865
chr2	169728665	169728748	15866
chr2	169733800	169734001	15867
chr2	169735180	169735390	15868
chr2	169745990	169746200	15869
chr2	169746330	169746540	15870
chr2	169761705	169761852	15871
chr2	169767208	169767671	15872
chr2	169790037	169790118	15873
chr2	169791732	169791947	15874
chr2	169824921	169825042	15875
chr2	169827800	169828010	15876
chr2	169877520	169877661	15877
chr2	169892180	169892390	15878
chr2	169926660	169926870	15879
chr2	169928540	169928643	15880
chr2	169932150	169932360	15881
chr2	169932520	169932730	15882
chr2	169933264	169933385	15883
chr2	169933700	169933910	15884
chr2	170229860	170230070	15885
chr2	170236073	170236256	15886
chr2	170324711	170324818	15887
chr2	170360290	170360500	15888
chr2	170361462	170361589	15889
chr2	170370091	170370118	15890
chr2	170397256	170397339	15891
chr2	170409178	170409327	15892
chr2	170424070	170424129	15893
chr2	170456770	170456980	15894
chr2	170457290	170457500	15895
chr2	170461996	170462113	15896
chr2	170485431	170485614	15897
chr2	170486820	170487030	15898
chr2	170523662	170523749	15899
chr2	170572770	170572980	15900
chr2	170573732	170573947	15901
chr2	170650590	170650800	15902
chr2	170651230	170651423	15903
chr2	170712090	170712109	15904
chr2	170712183	170712312	15905
chr2	170712880	170713090	15906
chr2	170716957	170717014	15907
chr2	170736790	170737000	15908
chr2	170744338	170744597	15909
chr2	170770187	170770508	15910
chr2	170771130	170771340	15911
chr2	170812866	170812979	15912
chr2	170814190	170814400	15913
chr2	170815831	170815922	15914
chr2	170873257	170873450	15915
chr2	170878682	170878897	15916
chr2	170922114	170922251	15917
chr2	170928120	170928330	15918
chr2	170928736	170929221	15919
chr2	170967180	170967390	15920
chr2	170973457	170973716	15921
chr2	171004452	171004597	15922
chr2	171086950	171087093	15923
chr2	171089581	171089679	15924
chr2	171150110	171150169	15925
chr2	171159020	171159230	15926
chr2	171159441	171159460	15927
chr2	171160773	171160992	15928
chr2	171164580	171164790	15929
chr2	171166765	171166765	15930
chr2	171185270	171185480	15931
chr2	171225350	171225560	15932
chr2	171245594	171245661	15933
chr2	171272125	171272276	15934
chr2	171280380	171280590	15935
chr2	171309040	171309250	15936
chr2	171324067	171324286	15937
chr2	171365800	171366010	15938
chr2	171411320	171411530	15939
chr2	171416179	171416308	15940
chr2	171433360	171433570	15941
chr2	171433690	171433900	15942
chr2	171433987	171434306	15943
chr2	171434980	171435190	15944
chr2	171447854	171447929	15945
chr2	171476103	171476232	15946
chr2	171523640	171523850	15947
chr2	171553912	171554121	15948
chr2	171574184	171574375	15949
chr2	171598841	171599032	15950
chr2	171637370	171637580	15951
chr2	171644880	171645090	15952
chr2	171687337	171687518	15953
chr2	171688070	171688280	15954
chr2	171703742	171703831	15955
chr2	171706266	171706381	15956
chr2	171724311	171724448	15957
chr2	171729372	171729537	15958
chr2	171729809	171729920	15959
chr2	171763035	171763174	15960
chr2	171772463	171772606	15961
chr2	171786800	171787010	15962
chr2	171787580	171787790	15963
chr2	171798240	171798450	15964
chr2	171802270	171802480	15965
chr2	171803470	171803680	15966
chr2	171807859	171808064	15967
chr2	171808308	171808473	15968
chr2	171811275	171811420	15969
chr2	171834404	171834535	15970
chr2	171837810	171838020	15971
chr2	171878527	171878722	15972
chr2	171878879	171878976	15973
chr2	171893320	171893530	15974
chr2	171941064	171941145	15975
chr2	171943960	171944170	15976
chr2	171957244	171957309	15977
chr2	171999799	171999982	15978
chr2	172000590	172000800	15979
chr2	172007410	172007620	15980
chr2	172013211	172013309	15981
chr2	172021650	172021860	15982
chr2	172028293	172028380	15983
chr2	172050630	172050840	15984
chr2	172052355	172052670	15985
chr2	172052780	172052990	15986
chr2	172084980	172085190	15987
chr2	172085274	172085645	15988
chr2	172086731	172086878	15989
chr2	172095350	172095560	15990
chr2	172099010	172099220	15991
chr2	172102904	172103037	15992
chr2	172103889	172104102	15993
chr2	172106295	172106438	15994
chr2	172113788	172113807	15995
chr2	172119046	172119279	15996
chr2	172127318	172127491	15997
chr2	172200690	172200749	15998
chr2	172226283	172226594	15999
chr2	172253270	172253480	16000
chr2	172253826	172253969	16001
chr2	172270011	172270109	16002
chr2	172270350	172270409	16003
chr2	172329640	172329850	16004
chr2	172330152	172330285	16005
chr2	172339642	172339947	16006
chr2	172341140	172341350	16007
chr2	172364342	172364557	16008
chr2	172380523	172380620	16009
chr2	172380740	172380950	16010
chr2	172399870	172400080	16011
chr2	172427501	172427668	16012
chr2	172428315	172428315	16013
chr2	172428580	172428639	16014
chr2	172428740	172428950	16015
chr2	172428930	172429140	16016
chr2	172442120	172442330	16017
chr2	172462160	172462241	16018
chr2	172465745	172465958	16019
chr2	172472870	172473080	16020
chr2	172473230	172473440	16021
chr2	172480513	172480716	16022
chr2	172484516	172484569	16023
chr2	172554460	172554670	16024
chr2	172556430	172556640	16025
chr2	172571373	172571502	16026
chr2	172593875	172593914	16027
chr2	172613735	172613774	16028
chr2	172674793	172674926	16029
chr2	172704453	172704616	16030
chr2	172710596	172710747	16031
chr2	172726382	172726623	16032
chr2	172735800	172736010	16033
chr2	172736340	172736550	16034
chr2	172783425	172783464	16035
chr2	172806553	172806702	16036
chr2	172813467	172813548	16037
chr2	172864357	172864482	16038
chr2	172931994	172932203	16039
chr2	172967659	172967816	16040
chr2	172972191	172972230	16041
chr2	172973040	172973250	16042
chr2	172977467	172977522	16043
chr2	172977860	172978070	16044
chr2	173002946	173003137	16045
chr2	173008860	173009070	16046
chr2	173022036	173022089	16047
chr2	173027529	173027730	16048
chr2	173048945	173049114	16049
chr2	173053450	173053660	16050
chr2	173075713	173075992	16051
chr2	173076721	173076819	16052
chr2	173161670	173161880	16053
chr2	173210690	173210813	16054
chr2	173211140	173211350	16055
chr2	173211280	173211490	16056
chr2	173218490	173218685	16057
chr2	173227067	173227294	16058
chr2	173231256	173231413	16059
chr2	173231647	173231843	16060
chr2	173238434	173238627	16061
chr2	173347501	173347678	16062
chr2	173354398	173354563	16063
chr2	173354740	173354959	16064
chr2	173355317	173355512	16065
chr2	173397715	173397794	16066
chr2	173401320	173401530	16067
chr2	173401750	173401960	16068
chr2	173402474	173402645	16069
chr2	173404740	173404950	16070
chr2	173428050	173428260	16071
chr2	173430740	173430950	16072
chr2	173431260	173431470	16073
chr2	173448790	173449000	16074
chr2	173449244	173449491	16075
chr2	173462822	173463037	16076
chr2	173463273	173463436	16077
chr2	173463718	173463761	16078
chr2	173494950	173495160	16079
chr2	173568211	173568309	16080
chr2	173571030	173571240	16081
chr2	173571393	173571558	16082
chr2	173667579	173667676	16083
chr2	173749482	173749547	16084
chr2	173884569	173884644	16085
chr2	173906200	173906410	16086
chr2	173912820	173913030	16087
chr2	173955161	173955180	16088
chr2	173958280	173958490	16089
chr2	173963401	173963499	16090
chr2	173965331	173965550	16091
chr2	173966830	173966849	16092
chr2	173977390	173977600	16093
chr2	173977680	173977890	16094
chr2	173983530	173983589	16095
chr2	173986770	173986980	16096
chr2	174003719	174003840	16097
chr2	174004130	174004149	16098
chr2	174024670	174024880	16099
chr2	174040026	174040111	16100
chr2	174075250	174075460	16101
chr2	174077630	174077840	16102
chr2	174108750	174108831	16103
chr2	174138335	174138414	16104
chr2	174158174	174158219	16105
chr2	174233893	174233996	16106
chr2	174245700	174245910	16107
chr2	174248930	174249140	16108
chr2	174264121	174264194	16109
chr2	174332825	174332825	16110
chr2	174341592	174341751	16111
chr2	174345149	174345230	16112
chr2	174395564	174396011	16113
chr2	174428395	174428434	16114
chr2	174462908	174463021	16115
chr2	174486160	174486370	16116
chr2	174487074	174487385	16117
chr2	174511690	174511900	16118
chr2	174521980	174522190	16119
chr2	174522620	174522830	16120
chr2	174544355	174544394	16121
chr2	174547060	174547119	16122
chr2	174578147	174578214	16123
chr2	174603459	174603574	16124
chr2	174697260	174697521	16125
chr2	174700116	174700219	16126
chr2	174748974	174749197	16127
chr2	174763060	174763270	16128
chr2	174771694	174771837	16129
chr2	174772190	174772400	16130
chr2	174776300	174776510	16131
chr2	174889010	174889220	16132
chr2	174985809	174985940	16133
chr2	175005219	175005506	16134
chr2	175028486	175028603	16135
chr2	175030653	175030800	16136
chr2	175031136	175031223	16137
chr2	175036620	175036799	16138
chr2	175063153	175063242	16139
chr2	175063410	175063620	16140
chr2	175111257	175111372	16141
chr2	175143810	175144020	16142
chr2	175167050	175167260	16143
chr2	175168126	175168497	16144
chr2	175180926	175181043	16145
chr2	175181626	175181847	16146
chr2	175187540	175187635	16147
chr2	175203746	175203861	16148
chr2	175204260	175204470	16149
chr2	175250520	175250730	16150
chr2	175251578	175251673	16151
chr2	175253360	175253570	16152
chr2	175282451	175282620	16153
chr2	175309926	175310071	16154
chr2	175310740	175310950	16155
chr2	175329220	175329359	16156
chr2	175330990	175331200	16157
chr2	175366893	175367028	16158
chr2	175367170	175367380	16159
chr2	175371810	175372020	16160
chr2	175414993	175415158	16161
chr2	175439480	175439690	16162
chr2	175461910	175462120	16163
chr2	175464070	175464280	16164
chr2	175476470	175476680	16165
chr2	175593600	175593810	16166
chr2	175593989	175594100	16167
chr2	175594352	175594503	16168
chr2	175606442	175606763	16169
chr2	175619716	175619833	16170
chr2	175626630	175626840	16171
chr2	175626985	175626985	16172
chr2	175630968	175631089	16173
chr2	175640724	175640937	16174
chr2	175684579	175684736	16175
chr2	175690256	175690373	16176
chr2	175695210	175695420	16177
chr2	175709720	175709930	16178
chr2	175730160	175730370	16179
chr2	175750314	175750479	16180
chr2	175756221	175756358	16181
chr2	175804072	175804327	16182
chr2	175843090	175843300	16183
chr2	175864220	175864430	16184
chr2	175886310	175886520	16185
chr2	175913230	175913289	16186
chr2	175913470	175913680	16187
chr2	175914043	175914262	16188
chr2	175964372	175964417	16189
chr2	175965350	175965560	16190
chr2	176001421	176001519	16191
chr2	176002206	176002427	16192
chr2	176002730	176002940	16193
chr2	176002890	176003100	16194
chr2	176003796	176003913	16195
chr2	176079970	176080180	16196
chr2	176086377	176086432	16197
chr2	176088444	176088517	16198
chr2	176097629	176097868	16199
chr2	176111349	176111456	16200
chr2	176118980	176119190	16201
chr2	176124890	176125100	16202
chr2	176127201	176127282	16203
chr2	176140477	176140828	16204
chr2	176187128	176187441	16205
chr2	176187630	176187689	16206
chr2	176187967	176188292	16207
chr2	176188534	176188669	16208
chr2	176232730	176232940	16209
chr2	176268820	176269030	16210
chr2	176269321	176269488	16211
chr2	176269675	176269874	16212
chr2	176270630	176270840	16213
chr2	176285440	176285459	16214
chr2	176291791	176291968	16215
chr2	176317769	176317884	16216
chr2	176326760	176326970	16217
chr2	176333790	176334000	16218
chr2	176373233	176373346	16219
chr2	176386005	176386052	16220
chr2	176386480	176386690	16221
chr2	176415090	176415300	16222
chr2	176454985	176455194	16223
chr2	176554589	176554656	16224
chr2	176555420	176555630	16225
chr2	176638265	176638394	16226
chr2	176651600	176651810	16227
chr2	176652487	176652568	16228
chr2	176653260	176653470	16229
chr2	176654020	176654079	16230
chr2	176795810	176796020	16231
chr2	176814880	176814995	16232
chr2	176830440	176830650	16233
chr2	177029610	177029820	16234
chr2	177056581	177056679	16235
chr2	177147237	177147380	16236
chr2	177149051	177149152	16237
chr2	177149590	177149609	16238
chr2	177161815	177161815	16239
chr2	177164626	177164841	16240
chr2	177166475	177166475	16241
chr2	177167120	177167330	16242
chr2	177179770	177179980	16243
chr2	177184010	177184220	16244
chr2	177188502	177188715	16245
chr2	177198020	177198230	16246
chr2	177198140	177198350	16247
chr2	177212376	177212893	16248
chr2	177224470	177224680	16249
chr2	177227100	177227310	16250
chr2	177229530	177229740	16251
chr2	177230320	177230530	16252
chr2	177254576	177254693	16253
chr2	177263616	177263645	16254
chr2	177267120	177267330	16255
chr2	177295250	177295460	16256
chr2	177296198	177296291	16257
chr2	177296780	177296990	16258
chr2	177332481	177332544	16259
chr2	177335081	177335222	16260
chr2	177391850	177392060	16261
chr2	177392687	177392842	16262
chr2	177396010	177396220	16263
chr2	177396870	177397080	16264
chr2	177416280	177416415	16265
chr2	177421120	177421330	16266
chr2	177422401	177422499	16267
chr2	177489854	177489961	16268
chr2	177530490	177530700	16269
chr2	177543900	177544110	16270
chr2	177555680	177555890	16271
chr2	177572216	177572377	16272
chr2	177579855	177579894	16273
chr2	177600950	177601160	16274
chr2	177603041	177603060	16275
chr2	177603630	177603840	16276
chr2	177604528	177604695	16277
chr2	177622704	177622813	16278
chr2	177674340	177674431	16279
chr2	177692190	177692209	16280
chr2	177692600	177692823	16281
chr2	177694120	177694330	16282
chr2	177721180	177721390	16283
chr2	177724787	177724952	16284
chr2	177758943	177759106	16285
chr2	177763757	177763998	16286
chr2	177770680	177770890	16287
chr2	177771210	177771269	16288
chr2	177771394	177771495	16289
chr2	177772625	177772664	16290
chr2	177799692	177799767	16291
chr2	177906214	177906339	16292
chr2	177906540	177906750	16293
chr2	177969350	177969560	16294
chr2	177971180	177971390	16295
chr2	177983329	177983468	16296
chr2	178071680	178071890	16297
chr2	178072710	178072913	16298
chr2	178109910	178110120	16299
chr2	178112230	178112249	16300
chr2	178112331	178112468	16301
chr2	178114120	178114330	16302
chr2	178132369	178132582	16303
chr2	178151510	178151720	16304
chr2	178152107	178152306	16305
chr2	178154210	178154420	16306
chr2	178194418	178194595	16307
chr2	178209015	178209015	16308
chr2	178277773	178278012	16309
chr2	178280418	178280461	16310
chr2	178297181	178297318	16311
chr2	178306512	178306629	16312
chr2	178331620	178331717	16313
chr2	178363364	178363461	16314
chr2	178397136	178397287	16315
chr2	178414758	178414899	16316
chr2	178415270	178415480	16317
chr2	178419282	178419347	16318
chr2	178428450	178428739	16319
chr2	178443655	178443694	16320
chr2	178450110	178450320	16321
chr2	178450698	178451067	16322
chr2	178451204	178451341	16323
chr2	178452690	178452900	16324
chr2	178469270	178469480	16325
chr2	178469697	178469786	16326
chr2	178477130	178477340	16327
chr2	178479090	178479351	16328
chr2	178479735	178479774	16329
chr2	178480205	178480296	16330
chr2	178523023	178523176	16331
chr2	178650990	178651200	16332
chr2	178668080	178668290	16333
chr2	178700942	178701107	16334
chr2	178702510	178702720	16335
chr2	178761938	178762029	16336
chr2	178796199	178796302	16337
chr2	178797390	178797600	16338
chr2	178804850	178805060	16339
chr2	178827850	178828060	16340
chr2	178891520	178891719	16341
chr2	178892190	178892400	16342
chr2	178902930	178903140	16343
chr2	178913560	178913770	16344
chr2	178914374	178914521	16345
chr2	178914870	178915080	16346
chr2	178966250	178966460	16347
chr2	178988610	178988820	16348
chr2	178992875	178992914	16349
chr2	179106825	179106864	16350
chr2	179129764	179129909	16351
chr2	179180385	179180530	16352
chr2	179193869	179193944	16353
chr2	179219113	179219280	16354
chr2	179239366	179239447	16355
chr2	179263165	179263204	16356
chr2	179263501	179263678	16357
chr2	179264240	179264450	16358
chr2	179264360	179264570	16359
chr2	179264718	179264931	16360
chr2	179272518	179272615	16361
chr2	179273700	179273719	16362
chr2	179322450	179322660	16363
chr2	179340877	179340948	16364
chr2	179344060	179344270	16365
chr2	179344371	179344554	16366
chr2	179354906	179355035	16367
chr2	179410630	179410840	16368
chr2	179411004	179411139	16369
chr2	179422161	179422352	16370
chr2	179440791	179440889	16371
chr2	179447970	179448180	16372
chr2	179455950	179456160	16373
chr2	179522140	179522159	16374
chr2	179528700	179528910	16375
chr2	179541940	179542150	16376
chr2	179542120	179542330	16377
chr2	179543375	179543414	16378
chr2	179543518	179543763	16379
chr2	179550260	179550470	16380
chr2	179558090	179558300	16381
chr2	179558507	179558562	16382
chr2	179559210	179559420	16383
chr2	179560380	179560590	16384
chr2	179574248	179574433	16385
chr2	179576580	179576790	16386
chr2	179579540	179579750	16387
chr2	179579841	179579939	16388
chr2	179580340	179580550	16389
chr2	179631860	179631879	16390
chr2	179632150	179632360	16391
chr2	179636610	179636820	16392
chr2	179637410	179637620	16393
chr2	179657000	179657210	16394
chr2	179658870	179659080	16395
chr2	179697100	179697310	16396
chr2	179751279	179751430	16397
chr2	179837500	179837559	16398
chr2	179842080	179842290	16399
chr2	179842624	179842741	16400
chr2	179843090	179843300	16401
chr2	179899005	179899126	16402
chr2	179936721	179936998	16403
chr2	180007780	180007990	16404
chr2	180008540	180008750	16405
chr2	180077463	180077552	16406
chr2	180077890	180078100	16407
chr2	180123460	180123670	16408
chr2	180124000	180124210	16409
chr2	180124406	180124519	16410
chr2	180124880	180125090	16411
chr2	180125110	180125320	16412
chr2	180125260	180125470	16413
chr2	180125626	180125767	16414
chr2	180240921	180240998	16415
chr2	180255091	180255110	16416
chr2	180289769	180290002	16417
chr2	180341310	180341520	16418
chr2	180359675	180359714	16419
chr2	180413540	180413750	16420
chr2	180486070	180486089	16421
chr2	180520420	180520630	16422
chr2	180604227	180604306	16423
chr2	180607575	180607786	16424
chr2	180660270	180660480	16425
chr2	180694040	180694250	16426
chr2	180731880	180732090	16427
chr2	180763658	180763805	16428
chr2	180790250	180790460	16429
chr2	180847821	180847919	16430
chr2	180900530	180900740	16431
chr2	180901471	180901648	16432
chr2	180910985	180911024	16433
chr2	180966040	180966250	16434
chr2	180970175	180970374	16435
chr2	180980684	180980849	16436
chr2	180982090	180982300	16437
chr2	181022841	181022894	16438
chr2	181057670	181057880	16439
chr2	181058692	181058897	16440
chr2	181077285	181077388	16441
chr2	181104691	181104764	16442
chr2	181178924	181179049	16443
chr2	181239510	181239720	16444
chr2	181310790	181311000	16445
chr2	181393510	181393720	16446
chr2	181457293	181457310	16447
chr2	181466060	181466270	16448
chr2	181466768	181466891	16449
chr2	181571700	181571910	16450
chr2	181573280	181573457	16451
chr2	181581640	181581850	16452
chr2	181587570	181587780	16453
chr2	181678090	181678300	16454
chr2	181715188	181715281	16455
chr2	181738265	181738265	16456
chr2	181738570	181738780	16457
chr2	181741130	181741340	16458
chr2	181742985	181743094	16459
chr2	181765230	181765440	16460
chr2	181784680	181784699	16461
chr2	181791045	181791244	16462
chr2	181791307	181791503	16463
chr2	181804154	181804275	16464
chr2	181877330	181877540	16465
chr2	181891270	181891480	16466
chr2	181896450	181896660	16467
chr2	181900350	181900560	16468
chr2	181904149	181904294	16469
chr2	181904650	181904860	16470
chr2	181907040	181907250	16471
chr2	181944381	181944578	16472
chr2	181954390	181954499	16473
chr2	181961290	181961500	16474
chr2	181970446	181970603	16475
chr2	181999350	181999560	16476
chr2	182077410	182077620	16477
chr2	182077752	182077925	16478
chr2	182102700	182102910	16479
chr2	182132710	182132920	16480
chr2	182186293	182186392	16481
chr2	182239680	182239890	16482
chr2	182240951	182241038	16483
chr2	182423680	182423890	16484
chr2	182611090	182611300	16485
chr2	182617220	182617430	16486
chr2	182649309	182649572	16487
chr2	182650975	182650975	16488
chr2	182667007	182667190	16489
chr2	182713690	182713900	16490
chr2	182714740	182714950	16491
chr2	182715250	182715460	16492
chr2	182763474	182763531	16493
chr2	182767694	182767845	16494
chr2	182784781	182784974	16495
chr2	182801790	182802000	16496
chr2	182825780	182825990	16497
chr2	182866370	182866580	16498
chr2	182867135	182867298	16499
chr2	182870345	182870458	16500
chr2	182891104	182891185	16501
chr2	182911936	182912039	16502
chr2	182973602	182973699	16503
chr2	182974125	182974264	16504
chr2	182975550	182975760	16505
chr2	182980132	182980327	16506
chr2	183037000	183037210	16507
chr2	183038404	183038585	16508
chr2	183060730	183060940	16509
chr2	183071267	183071442	16510
chr2	183076840	183077050	16511
chr2	183077880	183078090	16512
chr2	183091527	183091592	16513
chr2	183123500	183123710	16514
chr2	183124283	183124400	16515
chr2	183124691	183124789	16516
chr2	183205940	183206150	16517
chr2	183207307	183207362	16518
chr2	183249010	183249179	16519
chr2	183264170	183264380	16520
chr2	183295097	183295338	16521
chr2	183508230	183508389	16522
chr2	183606830	183607040	16523
chr2	183608905	183608984	16524
chr2	184005860	184006070	16525
chr2	184031790	184032000	16526
chr2	184067635	184067714	16527
chr2	184126026	184126075	16528
chr2	184363347	184363436	16529
chr2	184611570	184611780	16530
chr2	184644830	184645040	16531
chr2	185208433	185208536	16532
chr2	185280156	185280303	16533
chr2	185281910	185282120	16534
chr2	185291177	185291290	16535
chr2	185318470	185318680	16536
chr2	185522670	185522703	16537
chr2	185608978	185609061	16538
chr2	185619720	185619930	16539
chr2	185629245	185629340	16540
chr2	185644210	185644420	16541
chr2	185645640	185645803	16542
chr2	185665200	185665410	16543
chr2	185668280	185668490	16544
chr2	185691270	185691480	16545
chr2	185738979	185739134	16546
chr2	185782554	185782643	16547
chr2	185811670	185811880	16548
chr2	185813809	185813964	16549
chr2	185828461	185828638	16550
chr2	185891512	185891687	16551
chr2	185939890	185940100	16552
chr2	185955215	185955215	16553
chr2	185989085	185989164	16554
chr2	185990980	185991061	16555
chr2	186022440	186022650	16556
chr2	186068410	186068620	16557
chr2	186108614	186108723	16558
chr2	186128840	186129050	16559
chr2	186130100	186130493	16560
chr2	186181782	186181959	16561
chr2	186198100	186198310	16562
chr2	186243530	186243740	16563
chr2	186256680	186256795	16564
chr2	186304211	186304374	16565
chr2	186308525	186308525	16566
chr2	186342205	186342244	16567
chr2	186382963	186383214	16568
chr2	186426270	186426407	16569
chr2	186426570	186426780	16570
chr2	186443900	186444110	16571
chr2	186459141	186459239	16572
chr2	186460557	186460710	16573
chr2	186464460	186464670	16574
chr2	186484446	186484543	16575
chr2	186484810	186485020	16576
chr2	186504245	186504334	16577
chr2	186533787	186534044	16578
chr2	186537850	186538060	16579
chr2	186540510	186540720	16580
chr2	186544468	186544549	16581
chr2	186561681	186561858	16582
chr2	186561980	186562190	16583
chr2	186575515	186575554	16584
chr2	186595301	186595388	16585
chr2	186640450	186640660	16586
chr2	186641846	186642009	16587
chr2	186693970	186694091	16588
chr2	186781098	186781161	16589
chr2	186862961	186863124	16590
chr2	186903335	186903335	16591
chr2	186903460	186903670	16592
chr2	187054610	187054820	16593
chr2	187138384	187138497	16594
chr2	187174685	187174808	16595
chr2	187175630	187175840	16596
chr2	187299245	187299368	16597
chr2	187453187	187453308	16598
chr2	187460050	187460260	16599
chr2	187460950	187461160	16600
chr2	187461872	187462117	16601
chr2	187498690	187498900	16602
chr2	187500038	187500251	16603
chr2	187500930	187501140	16604
chr2	187509806	187510113	16605
chr2	187520900	187521110	16606
chr2	187521120	187521330	16607
chr2	187530170	187530229	16608
chr2	187536520	187536730	16609
chr2	187536830	187537040	16610
chr2	187541606	187541769	16611
chr2	187550307	187550362	16612
chr2	187567230	187567425	16613
chr2	187577380	187577590	16614
chr2	187580786	187580933	16615
chr2	187581554	187581663	16616
chr2	187628700	187628910	16617
chr2	187658966	187659203	16618
chr2	187691930	187692140	16619
chr2	187843377	187843508	16620
chr2	188065553	188065602	16621
chr2	188089380	188089590	16622
chr2	188264300	188264510	16623
chr2	188291821	188291968	16624
chr2	188369519	188369584	16625
chr2	188370200	188370410	16626
chr2	188396095	188396134	16627
chr2	188396930	188397140	16628
chr2	188456649	188456746	16629
chr2	188512580	188512685	16630
chr2	188524657	188524768	16631
chr2	188765659	188765752	16632
chr2	188766520	188766730	16633
chr2	188829190	188829400	16634
chr2	188976770	188976980	16635
chr2	188978356	188978497	16636
chr2	188983551	188983702	16637
chr2	189025381	189025454	16638
chr2	189050170	189050549	16639
chr2	189051606	189051763	16640
chr2	189094388	189094547	16641
chr2	189110233	189110436	16642
chr2	189143277	189143386	16643
chr2	189167840	189168050	16644
chr2	189168330	189168389	16645
chr2	189181925	189181925	16646
chr2	189239020	189239230	16647
chr2	189288028	189288117	16648
chr2	189311451	189311618	16649
chr2	189347602	189347671	16650
chr2	189361050	189361260	16651
chr2	189411720	189411930	16652
chr2	189412000	189412210	16653
chr2	189412508	189412595	16654
chr2	189439290	189439500	16655
chr2	189439460	189439670	16656
chr2	189440320	189440530	16657
chr2	189441740	189441950	16658
chr2	189466812	189466935	16659
chr2	189484900	189485110	16660
chr2	189506743	189506848	16661
chr2	189522750	189523025	16662
chr2	189533439	189533482	16663
chr2	189542206	189542363	16664
chr2	189549100	189549310	16665
chr2	189553100	189553310	16666
chr2	189553841	189554018	16667
chr2	189555391	189555568	16668
chr2	189557380	189557590	16669
chr2	189574785	189574930	16670
chr2	189580030	189580240	16671
chr2	189609601	189609699	16672
chr2	189612515	189612554	16673
chr2	189612670	189612880	16674
chr2	189613132	189613337	16675
chr2	189625825	189625864	16676
chr2	189633495	189633495	16677
chr2	189661114	189661475	16678
chr2	189674337	189674728	16679
chr2	189698373	189698512	16680
chr2	189698620	189698830	16681
chr2	189751196	189751325	16682
chr2	189762190	189762400	16683
chr2	189763225	189763376	16684
chr2	189784270	189784473	16685
chr2	189798819	189799046	16686
chr2	189866490	189866700	16687
chr2	189896370	189896580	16688
chr2	189896966	189897123	16689
chr2	189982180	189982390	16690
chr2	189982936	189983009	16691
chr2	190023620	190023830	16692
chr2	190024007	190024124	16693
chr2	190069720	190069930	16694
chr2	190070431	190070552	16695
chr2	190088230	190088440	16696
chr2	190088963	190089140	16697
chr2	190122113	190122232	16698
chr2	190136408	190136561	16699
chr2	190167860	190168070	16700
chr2	190180222	190180455	16701
chr2	190202728	190202921	16702
chr2	190277351	190277480	16703
chr2	190279160	190279370	16704
chr2	190314871	190314992	16705
chr2	190319815	190320036	16706
chr2	190328943	190328974	16707
chr2	190334530	190334775	16708
chr2	190338541	190338718	16709
chr2	190340270	190340480	16710
chr2	190344336	190344423	16711
chr2	190352670	190352880	16712
chr2	190352989	190353088	16713
chr2	190359890	190360100	16714
chr2	190372465	190372644	16715
chr2	190376660	190376870	16716
chr2	190382998	190383113	16717
chr2	190408700	190408910	16718
chr2	190440330	190440389	16719
chr2	190441720	190441930	16720
chr2	190467004	190467075	16721
chr2	190467600	190467810	16722
chr2	190511240	190511391	16723
chr2	190528793	190528892	16724
chr2	190534008	190534077	16725
chr2	190534345	190534854	16726
chr2	190550202	190550387	16727
chr2	190554535	190554614	16728
chr2	190578690	190578900	16729
chr2	190609519	190609610	16730
chr2	190638485	190638524	16731
chr2	190647780	190647990	16732
chr2	190680384	190680529	16733
chr2	190697061	190697276	16734
chr2	190697380	190697590	16735
chr2	190781719	190781952	16736
chr2	190782390	190782600	16737
chr2	190803270	190803480	16738
chr2	190806360	190806570	16739
chr2	190807830	190808040	16740
chr2	190809084	190809393	16741
chr2	190809524	190809749	16742
chr2	190810210	190810420	16743
chr2	190849530	190849740	16744
chr2	190850692	190850785	16745
chr2	190857080	190857290	16746
chr2	190902490	190902700	16747
chr2	190947290	190947309	16748
chr2	190949010	190949220	16749
chr2	190959100	190959310	16750
chr2	190966960	190967170	16751
chr2	190968960	190969170	16752
chr2	190996501	190996599	16753
chr2	191014113	191014418	16754
chr2	191019720	191019930	16755
chr2	191019940	191020150	16756
chr2	191020291	191020578	16757
chr2	191020906	191021063	16758
chr2	191030661	191030800	16759
chr2	191031080	191031290	16760
chr2	191052249	191052422	16761
chr2	191153830	191154040	16762
chr2	191155780	191155869	16763
chr2	191164870	191165080	16764
chr2	191165239	191165382	16765
chr2	191166213	191166306	16766
chr2	191218450	191218543	16767
chr2	191219060	191219270	16768
chr2	191219546	191219703	16769
chr2	191232102	191232163	16770
chr2	191241620	191241830	16771
chr2	191245192	191245453	16772
chr2	191246098	191246323	16773
chr2	191247810	191247979	16774
chr2	191254050	191254260	16775
chr2	191256650	191256860	16776
chr2	191262440	191262650	16777
chr2	191263242	191263279	16778
chr2	191280910	191281120	16779
chr2	191302603	191302656	16780
chr2	191313540	191313750	16781
chr2	191318260	191318470	16782
chr2	191318854	191319009	16783
chr2	191329020	191329230	16784
chr2	191369159	191369286	16785
chr2	191369570	191369780	16786
chr2	191377365	191377528	16787
chr2	191377700	191377910	16788
chr2	191379490	191379700	16789
chr2	191400840	191401050	16790
chr2	191401800	191402010	16791
chr2	191418460	191418479	16792
chr2	191438730	191438940	16793
chr2	191439570	191439780	16794
chr2	191477041	191477218	16795
chr2	191501430	191501489	16796
chr2	191501657	191501794	16797
chr2	191521764	191521875	16798
chr2	191522240	191522450	16799
chr2	191539180	191539390	16800
chr2	191554800	191555010	16801
chr2	191555205	191555398	16802
chr2	191566343	191566526	16803
chr2	191571281	191571340	16804
chr2	191594171	191594244	16805
chr2	191637819	191637974	16806
chr2	191652120	191652330	16807
chr2	191677845	191678154	16808
chr2	191678431	191678608	16809
chr2	191678681	191678894	16810
chr2	191689471	191689569	16811
chr2	191691029	191691196	16812
chr2	191691350	191691560	16813
chr2	191714000	191714059	16814
chr2	191759061	191759166	16815
chr2	191801990	191802200	16816
chr2	191802296	191802425	16817
chr2	191810760	191810970	16818
chr2	191812277	191812372	16819
chr2	191840357	191840424	16820
chr2	191845499	191845590	16821
chr2	191845930	191846140	16822
chr2	191846180	191846390	16823
chr2	191847214	191847423	16824
chr2	191856260	191856470	16825
chr2	191856540	191856750	16826
chr2	191859910	191860120	16827
chr2	191860980	191861190	16828
chr2	191861323	191861448	16829
chr2	191867470	191867680	16830
chr2	191869416	191869513	16831
chr2	191907688	191907765	16832
chr2	191917478	191917587	16833
chr2	192004288	192004321	16834
chr2	192023177	192023252	16835
chr2	192025340	192025550	16836
chr2	192029244	192029325	16837
chr2	192069582	192069675	16838
chr2	192125500	192125710	16839
chr2	192127660	192127870	16840
chr2	192162539	192162674	16841
chr2	192190585	192190692	16842
chr2	192191000	192191210	16843
chr2	192195170	192195380	16844
chr2	192195430	192195640	16845
chr2	192201640	192201850	16846
chr2	192286249	192286344	16847
chr2	192454630	192454840	16848
chr2	192556820	192557030	16849
chr2	192742035	192742128	16850
chr2	192749787	192749842	16851
chr2	192773235	192773274	16852
chr2	193111620	193111830	16853
chr2	193141150	193141360	16854
chr2	193172400	193172610	16855
chr2	193240896	193241013	16856
chr2	193347770	193347980	16857
chr2	193348620	193348830	16858
chr2	193371210	193371420	16859
chr2	193405240	193405450	16860
chr2	193428496	193428603	16861
chr2	193467650	193467860	16862
chr2	193539230	193539440	16863
chr2	193584006	193584209	16864
chr2	193584300	193584319	16865
chr2	193584706	193584895	16866
chr2	193586280	193586490	16867
chr2	193589380	193589590	16868
chr2	193695528	193695609	16869
chr2	193777060	193777270	16870
chr2	194166920	194167083	16871
chr2	194819527	194819582	16872
chr2	194866820	194867030	16873
chr2	194867501	194867602	16874
chr2	195304535	195304535	16875
chr2	195318579	195318752	16876
chr2	195407460	195407670	16877
chr2	195449470	195449680	16878
chr2	195494460	195494670	16879
chr2	195498345	195498388	16880
chr2	195520972	195521187	16881
chr2	195544735	195544814	16882
chr2	195556040	195556250	16883
chr2	195576237	195576304	16884
chr2	195612930	195613140	16885
chr2	195656100	195656310	16886
chr2	195656630	195656840	16887
chr2	195657385	195657385	16888
chr2	195657820	195658030	16889
chr2	195658611	195658788	16890
chr2	195658931	195659029	16891
chr2	195660419	195660486	16892
chr2	195661060	195661270	16893
chr2	195938390	195938507	16894
chr2	196066924	196067149	16895
chr2	196067810	196068020	16896
chr2	196068393	196068588	16897
chr2	196068702	196068971	16898
chr2	196073680	196073890	16899
chr2	196078356	196078517	16900
chr2	196088329	196088394	16901
chr2	196129150	196129360	16902
chr2	196131473	196131666	16903
chr2	196170340	196170550	16904
chr2	196171534	196171707	16905
chr2	196259440	196259650	16906
chr2	196259872	196260087	16907
chr2	196269221	196269358	16908
chr2	196276450	196276660	16909
chr2	196277142	196277275	16910
chr2	196298224	196298419	16911
chr2	196337471	196337569	16912
chr2	196339810	196340020	16913
chr2	196341050	196341260	16914
chr2	196432096	196432237	16915
chr2	196591450	196591660	16916
chr2	196592695	196592774	16917
chr2	196633100	196633310	16918
chr2	196636140	196636350	16919
chr2	196639476	196639855	16920
chr2	196729520	196729635	16921
chr2	196748890	196748909	16922
chr2	196751143	196751358	16923
chr2	196752340	196752550	16924
chr2	196758994	196759159	16925
chr2	196780010	196780220	16926
chr2	196798911	196799048	16927
chr2	196799375	196799454	16928
chr2	196808435	196808514	16929
chr2	196828717	196828913	16930
chr2	196850004	196850215	16931
chr2	196922560	196922770	16932
chr2	196925600	196925810	16933
chr2	196926555	196927220	16934
chr2	196950000	196950210	16935
chr2	196960193	196960242	16936
chr2	197005676	197005793	16937
chr2	197012089	197012294	16938
chr2	197013290	197013500	16939
chr2	197038165	197038244	16940
chr2	197075912	197075997	16941
chr2	197113364	197113483	16942
chr2	197159870	197160080	16943
chr2	197168770	197168887	16944
chr2	197190890	197191100	16945
chr2	197191583	197191686	16946
chr2	197310688	197310943	16947
chr2	197311790	197312000	16948
chr2	197326085	197326124	16949
chr2	197383958	197384091	16950
chr2	197390660	197390870	16951
chr2	197395560	197395770	16952
chr2	197435018	197435217	16953
chr2	197452941	197453664	16954
chr2	197481461	197481662	16955
chr2	197500033	197500482	16956
chr2	197514757	197514953	16957
chr2	197548670	197548880	16958
chr2	197571851	197571949	16959
chr2	197599240	197599450	16960
chr2	197613507	197613926	16961
chr2	197657660	197657870	16962
chr2	197674240	197674449	16963
chr2	197674621	197674719	16964
chr2	197705218	197705403	16965
chr2	197706947	197707068	16966
chr2	197707746	197707835	16967
chr2	197708130	197708340	16968
chr2	197777570	197777780	16969
chr2	197777940	197778045	16970
chr2	197803146	197803195	16971
chr2	197813325	197813404	16972
chr2	198054437	198054508	16973
chr2	198058990	198059200	16974
chr2	198127783	198127918	16975
chr2	198296812	198296877	16976
chr2	198298080	198298290	16977
chr2	198309732	198309883	16978
chr2	198310570	198310780	16979
chr2	198314694	198314835	16980
chr2	198374437	198374600	16981
chr2	198657070	198657280	16982
chr2	198657665	198657776	16983
chr2	198801110	198801320	16984
chr2	198930331	198930429	16985
chr2	199020043	199020140	16986
chr2	199029200	199029219	16987
chr2	199220600	199220810	16988
chr2	199278330	199278540	16989
chr2	199364360	199364379	16990
chr2	199405357	199405496	16991
chr2	199459222	199459923	16992
chr2	199459970	199460180	16993
chr2	199460220	199460430	16994
chr2	199463529	199463590	16995
chr2	199470470	199470680	16996
chr2	199471551	199471708	16997
chr2	199485100	199485119	16998
chr2	199486074	199486229	16999
chr2	199488934	199489055	17000
chr2	199596690	199596815	17001
chr2	199602416	199602519	17002
chr2	199606515	199606594	17003
chr2	199704652	199704883	17004
chr2	199718251	199718320	17005
chr2	199738904	199738955	17006
chr2	199739826	199740079	17007
chr2	199764345	199764472	17008
chr2	199804840	199805050	17009
chr2	199850682	199850913	17010
chr2	199851094	199851497	17011
chr2	199861250	199861441	17012
chr2	199911522	199911711	17013
chr2	199940582	199940687	17014
chr2	199943770	199943980	17015
chr2	199955662	199955879	17016
chr2	199956200	199956410	17017
chr2	199956390	199956600	17018
chr2	199973858	199973955	17019
chr2	199974280	199974490	17020
chr2	199980140	199980277	17021
chr2	199982350	199982560	17022
chr2	199985765	199985922	17023
chr2	200054954	200055021	17024
chr2	200077206	200077413	17025
chr2	200092404	200092497	17026
chr2	200110500	200110710	17027
chr2	200124780	200124990	17028
chr2	200125107	200125303	17029
chr2	200126381	200126518	17030
chr2	200128340	200128550	17031
chr2	200156591	200156738	17032
chr2	200192700	200192719	17033
chr2	200200079	200200160	17034
chr2	200219660	200219870	17035
chr2	200220220	200220430	17036
chr2	200221229	200221442	17037
chr2	200230810	200231020	17038
chr2	200274793	200274980	17039
chr2	200302740	200302950	17040
chr2	200303086	200303267	17041
chr2	200306162	200306377	17042
chr2	200319995	200319995	17043
chr2	200320086	200320231	17044
chr2	200321960	200321979	17045
chr2	200341700	200341910	17046
chr2	200352726	200352955	17047
chr2	200363926	200363977	17048
chr2	200366440	200366650	17049
chr2	200367297	200367472	17050
chr2	200378750	200378960	17051
chr2	200471443	200471510	17052
chr2	200481508	200481721	17053
chr2	200482330	200482543	17054
chr2	200483824	200483913	17055
chr2	200509320	200509530	17056
chr2	200509978	200510135	17057
chr2	200510430	200510640	17058
chr2	200526670	200526880	17059
chr2	200578060	200578270	17060
chr2	200578913	200579058	17061
chr2	200580380	200580590	17062
chr2	200585120	200585330	17063
chr2	200604123	200604220	17064
chr2	200618030	200618240	17065
chr2	200618620	200618830	17066
chr2	200625370	200625580	17067
chr2	200649099	200649184	17068
chr2	200658642	200658727	17069
chr2	200666237	200666322	17070
chr2	200670100	200670310	17071
chr2	200670490	200670571	17072
chr2	200678159	200678222	17073
chr2	200702684	200703013	17074
chr2	200703279	200703386	17075
chr2	200705821	200705840	17076
chr2	200713076	200713293	17077
chr2	200735787	200735930	17078
chr2	200741665	200741730	17079
chr2	200741900	200742129	17080
chr2	200748153	200748374	17081
chr2	200749400	200749610	17082
chr2	200756776	200756955	17083
chr2	200758410	200758620	17084
chr2	200777453	200777502	17085
chr2	200795075	200795114	17086
chr2	200797520	200797730	17087
chr2	200797860	200798070	17088
chr2	200862521	200862698	17089
chr2	200864623	200864808	17090
chr2	200887942	200888039	17091
chr2	200901556	200901757	17092
chr2	200902380	200902590	17093
chr2	200905849	200905932	17094
chr2	200929986	200930103	17095
chr2	200931435	200931435	17096
chr2	200944915	200944915	17097
chr2	200945019	200945130	17098
chr2	200962140	200962199	17099
chr2	200963001	200963099	17100
chr2	200963169	200963432	17101
chr2	201007870	201008080	17102
chr2	201008345	201008568	17103
chr2	201041062	201041099	17104
chr2	201043040	201043250	17105
chr2	201069444	201069511	17106
chr2	201069950	201070160	17107
chr2	201071631	201071790	17108
chr2	201098492	201098623	17109
chr2	201098696	201098853	17110
chr2	201116220	201116337	17111
chr2	201116779	201116816	17112
chr2	201117592	201117807	17113
chr2	201118664	201118711	17114
chr2	201124094	201124179	17115
chr2	201124380	201124590	17116
chr2	201125690	201125900	17117
chr2	201126070	201126280	17118
chr2	201144629	201144772	17119
chr2	201149232	201149421	17120
chr2	201158479	201158530	17121
chr2	201177447	201177600	17122
chr2	201181510	201181720	17123
chr2	201182965	201183088	17124
chr2	201186000	201186210	17125
chr2	201189050	201189260	17126
chr2	201191430	201191640	17127
chr2	201204952	201205049	17128
chr2	201205245	201205374	17129
chr2	201232347	201232504	17130
chr2	201236500	201236607	17131
chr2	201254445	201254484	17132
chr2	201256760	201256970	17133
chr2	201257280	201257490	17134
chr2	201257900	201258110	17135
chr2	201259420	201259630	17136
chr2	201269950	201270009	17137
chr2	201273670	201273880	17138
chr2	201345167	201345258	17139
chr2	201357395	201357395	17140
chr2	201364027	201364222	17141
chr2	201406508	201406781	17142
chr2	201419211	201419312	17143
chr2	201428670	201428880	17144
chr2	201439930	201440140	17145
chr2	201440250	201440460	17146
chr2	201451032	201451247	17147
chr2	201451461	201451770	17148
chr2	201451922	201452167	17149
chr2	201471005	201471005	17150
chr2	201556920	201557130	17151
chr2	201557400	201557610	17152
chr2	201558410	201558429	17153
chr2	201641870	201642080	17154
chr2	201642425	201642425	17155
chr2	201643185	201643185	17156
chr2	201680861	201680972	17157
chr2	201715590	201715821	17158
chr2	201735602	201735717	17159
chr2	201750660	201750719	17160
chr2	201754700	201754910	17161
chr2	201758372	201758457	17162
chr2	201758661	201758798	17163
chr2	201759240	201759450	17164
chr2	201775410	201775620	17165
chr2	201780260	201780470	17166
chr2	201781760	201781970	17167
chr2	201796069	201796106	17168
chr2	201812800	201813010	17169
chr2	201835340	201835550	17170
chr2	201860220	201860430	17171
chr2	201860679	201860834	17172
chr2	201866745	201866884	17173
chr2	201890280	201890490	17174
chr2	201936934	201937115	17175
chr2	201963890	201964100	17176
chr2	201965723	201965790	17177
chr2	201975550	201975760	17178
chr2	202056000	202056210	17179
chr2	202056801	202056828	17180
chr2	202072391	202072528	17181
chr2	202104370	202104531	17182
chr2	202135230	202135440	17183
chr2	202158942	202158979	17184
chr2	202178470	202178549	17185
chr2	202187762	202187827	17186
chr2	202237550	202237760	17187
chr2	202237880	202238090	17188
chr2	202238250	202238309	17189
chr2	202264410	202264620	17190
chr2	202264960	202265170	17191
chr2	202279032	202279203	17192
chr2	202291790	202292000	17193
chr2	202308320	202308530	17194
chr2	202381416	202381573	17195
chr2	202450920	202451130	17196
chr2	202494405	202494584	17197
chr2	202511500	202511710	17198
chr2	202548670	202548880	17199
chr2	202572620	202572830	17200
chr2	202573938	202574153	17201
chr2	202578020	202578230	17202
chr2	202588759	202588922	17203
chr2	202634160	202634370	17204
chr2	202634760	202635079	17205
chr2	202687480	202687499	17206
chr2	202718130	202718340	17207
chr2	202768350	202768560	17208
chr2	202787030	202787240	17209
chr2	202787230	202787440	17210
chr2	202831627	202831790	17211
chr2	202832241	202832418	17212
chr2	202839490	202839700	17213
chr2	202869720	202869930	17214
chr2	202870788	202870979	17215
chr2	202871080	202871290	17216
chr2	202911572	202911773	17217
chr2	203013840	203014050	17218
chr2	203014185	203014185	17219
chr2	203015420	203015630	17220
chr2	203041334	203041467	17221
chr2	203051050	203051260	17222
chr2	203051770	203051980	17223
chr2	203061471	203061622	17224
chr2	203061840	203062050	17225
chr2	203097861	203097998	17226
chr2	203112466	203112623	17227
chr2	203122711	203122752	17228
chr2	203155622	203155675	17229
chr2	203224680	203224890	17230
chr2	203225552	203225719	17231
chr2	203260820	203261030	17232
chr2	203261885	203261924	17233
chr2	203327500	203327710	17234
chr2	203394620	203394830	17235
chr2	203395850	203396060	17236
chr2	203396908	203396981	17237
chr2	203430580	203430790	17238
chr2	203454002	203454101	17239
chr2	203484426	203484467	17240
chr2	203489050	203489260	17241
chr2	203490370	203490580	17242
chr2	203532430	203532640	17243
chr2	203584030	203584240	17244
chr2	203625778	203625973	17245
chr2	203631120	203631330	17246
chr2	203648400	203648610	17247
chr2	203651417	203651628	17248
chr2	203651950	203652160	17249
chr2	203656728	203656805	17250
chr2	203684099	203684230	17251
chr2	203691261	203691359	17252
chr2	203709530	203709740	17253
chr2	203714196	203714369	17254
chr2	203720950	203721160	17255
chr2	203764362	203764519	17256
chr2	203782400	203782610	17257
chr2	203783622	203783801	17258
chr2	203783910	203784215	17259
chr2	203813771	203813948	17260
chr2	203858240	203858450	17261
chr2	203909788	203909905	17262
chr2	203929075	203929075	17263
chr2	204023950	204024160	17264
chr2	204024684	204024771	17265
chr2	204072607	204072674	17266
chr2	204108443	204108488	17267
chr2	204145335	204145552	17268
chr2	204177680	204177890	17269
chr2	204178023	204178170	17270
chr2	204260205	204260368	17271
chr2	204261330	204261540	17272
chr2	204282120	204282330	17273
chr2	204325483	204325700	17274
chr2	204407887	204407992	17275
chr2	204438240	204438259	17276
chr2	204452650	204452860	17277
chr2	204483640	204483850	17278
chr2	204545386	204545583	17279
chr2	204545707	204545903	17280
chr2	204611418	204611491	17281
chr2	204611970	204612180	17282
chr2	204625180	204625390	17283
chr2	204664920	204665130	17284
chr2	204681510	204681720	17285
chr2	204683560	204683619	17286
chr2	204692026	204692157	17287
chr2	204897519	204897962	17288
chr2	204947545	204947844	17289
chr2	204947950	204948160	17290
chr2	205017470	205017680	17291
chr2	205029730	205029940	17292
chr2	205030770	205030980	17293
chr2	205030930	205031140	17294
chr2	205190704	205190851	17295
chr2	205219035	205219114	17296
chr2	205389850	205390060	17297
chr2	205539754	205539821	17298
chr2	205563754	205563915	17299
chr2	205676031	205676202	17300
chr2	205676700	205676910	17301
chr2	205678530	205678740	17302
chr2	205680094	205680279	17303
chr2	205682380	205682590	17304
chr2	205696710	205696795	17305
chr2	205700622	205700837	17306
chr2	205704470	205704680	17307
chr2	205716220	205716430	17308
chr2	205719082	205719211	17309
chr2	205719490	205719700	17310
chr2	205720340	205720550	17311
chr2	205721320	205721530	17312
chr2	205766897	205767022	17313
chr2	205776229	205776300	17314
chr2	205812750	205812960	17315
chr2	205813701	205813768	17316
chr2	205885695	205885852	17317
chr2	205892755	205892934	17318
chr2	205902203	205902326	17319
chr2	205903834	205903987	17320
chr2	205925909	205926144	17321
chr2	205928950	205929160	17322
chr2	205930250	205930460	17323
chr2	205934604	205934687	17324
chr2	205941090	205941300	17325
chr2	205941850	205942060	17326
chr2	205943710	205943920	17327
chr2	205944645	205944684	17328
chr2	205944798	205944817	17329
chr2	205948148	205948301	17330
chr2	205964470	205964680	17331
chr2	205989739	205989970	17332
chr2	206004342	206004539	17333
chr2	206072470	206072680	17334
chr2	206082000	206082210	17335
chr2	206084450	206084660	17336
chr2	206086108	206086405	17337
chr2	206086731	206086990	17338
chr2	206123250	206123460	17339
chr2	206127842	206127901	17340
chr2	206143000	206143210	17341
chr2	206154360	206154445	17342
chr2	206157610	206157820	17343
chr2	206159272	206159827	17344
chr2	206161110	206161320	17345
chr2	206163690	206163900	17346
chr2	206164415	206164514	17347
chr2	206164870	206165080	17348
chr2	206260440	206260525	17349
chr2	206274595	206274634	17350
chr2	206274905	206275044	17351
chr2	206323410	206323620	17352
chr2	206353460	206353670	17353
chr2	206392232	206392481	17354
chr2	206405090	206405300	17355
chr2	206507860	206508070	17356
chr2	206556496	206556643	17357
chr2	206558950	206559160	17358
chr2	206559310	206559449	17359
chr2	206561520	206561730	17360
chr2	206614500	206614710	17361
chr2	206642770	206642980	17362
chr2	206670720	206670930	17363
chr2	206693793	206693930	17364
chr2	206723180	206723390	17365
chr2	206781637	206781788	17366
chr2	206783860	206784070	17367
chr2	206800606	206800785	17368
chr2	206824660	206824870	17369
chr2	206841170	206841229	17370
chr2	206846460	206846670	17371
chr2	206846960	206847170	17372
chr2	206847321	206847460	17373
chr2	206963081	206963218	17374
chr2	206968470	206968680	17375
chr2	206981858	206982027	17376
chr2	206989514	206989585	17377
chr2	207046700	207046910	17378
chr2	207046920	207047130	17379
chr2	207082420	207082630	17380
chr2	207136990	207137200	17381
chr2	207142520	207142730	17382
chr2	207166590	207166799	17383
chr2	207167545	207167624	17384
chr2	207168820	207169030	17385
chr2	207202770	207202980	17386
chr2	207205700	207205910	17387
chr2	207230286	207230469	17388
chr2	207341900	207342110	17389
chr2	207345103	207345296	17390
chr2	207354550	207354760	17391
chr2	207408410	207408620	17392
chr2	207473980	207474190	17393
chr2	207474986	207475117	17394
chr2	207475690	207475900	17395
chr2	207529602	207530233	17396
chr2	207556980	207557190	17397
chr2	207619070	207619280	17398
chr2	207619830	207620040	17399
chr2	207625347	207625568	17400
chr2	207625733	207626106	17401
chr2	207627246	207627403	17402
chr2	207631440	207631650	17403
chr2	207674980	207674999	17404
chr2	207710720	207710930	17405
chr2	207711368	207711591	17406
chr2	207725980	207726190	17407
chr2	207726300	207726510	17408
chr2	207734372	207734567	17409
chr2	207734882	207734979	17410
chr2	207735080	207735290	17411
chr2	207746127	207746340	17412
chr2	207747941	207748118	17413
chr2	207768000	207768059	17414
chr2	207769702	207770123	17415
chr2	207794390	207794600	17416
chr2	207797240	207797299	17417
chr2	207797620	207797830	17418
chr2	207800760	207800970	17419
chr2	207801480	207801690	17420
chr2	207810930	207811140	17421
chr2	207819120	207819330	17422
chr2	207820092	207820243	17423
chr2	207828554	207828773	17424
chr2	207833375	207833375	17425
chr2	207845368	207845401	17426
chr2	207846170	207846380	17427
chr2	207847180	207847349	17428
chr2	207847420	207847630	17429
chr2	207870383	207870628	17430
chr2	207876070	207876280	17431
chr2	207926339	207926544	17432
chr2	207935340	207935550	17433
chr2	207936044	207936165	17434
chr2	207971830	207972040	17435
chr2	207973351	207973452	17436
chr2	207979850	207980060	17437
chr2	208014041	208014114	17438
chr2	208015560	208015837	17439
chr2	208025457	208025670	17440
chr2	208033886	208034003	17441
chr2	208034252	208034317	17442
chr2	208040907	208040962	17443
chr2	208044020	208044230	17444
chr2	208062217	208062328	17445
chr2	208062620	208062830	17446
chr2	208072379	208072568	17447
chr2	208100830	208101040	17448
chr2	208102107	208102196	17449
chr2	208130467	208130644	17450
chr2	208135080	208135290	17451
chr2	208136147	208136294	17452
chr2	208142100	208142310	17453
chr2	208147790	208148000	17454
chr2	208148910	208149120	17455
chr2	208175413	208175630	17456
chr2	208177490	208177700	17457
chr2	208179298	208179445	17458
chr2	208254315	208254430	17459
chr2	208255075	208255434	17460
chr2	208256620	208256830	17461
chr2	208266001	208266342	17462
chr2	208269265	208269304	17463
chr2	208354955	208355174	17464
chr2	208369920	208370130	17465
chr2	208370425	208370504	17466
chr2	208373559	208373596	17467
chr2	208373698	208373717	17468
chr2	208395353	208395524	17469
chr2	208395910	208396120	17470
chr2	208407833	208407938	17471
chr2	208466431	208466666	17472
chr2	208467090	208467300	17473
chr2	208501281	208501379	17474
chr2	208503290	208503500	17475
chr2	208571860	208572070	17476
chr2	208656480	208656690	17477
chr2	208783355	208783394	17478
chr2	208801450	208801660	17479
chr2	208820495	208820495	17480
chr2	209077720	209077930	17481
chr2	209084350	209084560	17482
chr2	209159320	209159530	17483
chr2	209172350	209172560	17484
chr2	209208255	209208404	17485
chr2	209210020	209210230	17486
chr2	209322239	209322276	17487
chr2	209331420	209331551	17488
chr2	209334525	209334704	17489
chr2	209335570	209335780	17490
chr2	209383260	209383470	17491
chr2	209423824	209423961	17492
chr2	209496092	209496157	17493
chr2	209496430	209496640	17494
chr2	209508420	209508479	17495
chr2	209556508	209556613	17496
chr2	209577465	209577694	17497
chr2	209578150	209578360	17498
chr2	209616120	209616330	17499
chr2	209708690	209708900	17500
chr2	209769440	209769650	17501
chr2	209770540	209770750	17502
chr2	209771606	209771763	17503
chr2	209772320	209772530	17504
chr2	209796025	209796154	17505
chr2	209936472	209936537	17506
chr2	209961089	209961276	17507
chr2	209976470	209976680	17508
chr2	209977782	209977915	17509
chr2	210002378	210002725	17510
chr2	210071030	210071240	17511
chr2	210073012	210073201	17512
chr2	210073700	210073910	17513
chr2	210113090	210113149	17514
chr2	210128890	210129100	17515
chr2	210129100	210129310	17516
chr2	210170050	210170260	17517
chr2	210171348	210171675	17518
chr2	210181570	210181780	17519
chr2	210190270	210190480	17520
chr2	210195179	210195216	17521
chr2	210195619	210195684	17522
chr2	210199278	210199425	17523
chr2	210200200	210200410	17524
chr2	210225510	210225720	17525
chr2	210227640	210227850	17526
chr2	210337220	210337430	17527
chr2	210357085	210357164	17528
chr2	210362890	210363100	17529
chr2	210363350	210363409	17530
chr2	210363900	210364110	17531
chr2	210364070	210364280	17532
chr2	210399571	210399678	17533
chr2	210445239	210445362	17534
chr2	210475940	210476150	17535
chr2	210477441	210477654	17536
chr2	210502000	210502210	17537
chr2	210503046	210503311	17538
chr2	210522560	210522619	17539
chr2	210523837	210523928	17540
chr2	210534760	210534970	17541
chr2	210534960	210535170	17542
chr2	210549029	210549332	17543
chr2	210577592	210577845	17544
chr2	210584860	210585070	17545
chr2	210617846	210618013	17546
chr2	210618330	210618540	17547
chr2	210662716	210662813	17548
chr2	210663210	210663420	17549
chr2	210663686	210663813	17550
chr2	210834560	210834770	17551
chr2	210895236	210895403	17552
chr2	210899060	210899270	17553
chr2	210916046	210916143	17554
chr2	210961450	210961660	17555
chr2	210962780	210962990	17556
chr2	210963010	210963220	17557
chr2	210963421	210963720	17558
chr2	210963870	210964080	17559
chr2	210964450	210964660	17560
chr2	211014430	211014609	17561
chr2	211015150	211015360	17562
chr2	211028040	211028250	17563
chr2	211033902	211034115	17564
chr2	211035716	211035809	17565
chr2	211055050	211055260	17566
chr2	211055632	211055661	17567
chr2	211056310	211056520	17568
chr2	211085169	211085392	17569
chr2	211092560	211092770	17570
chr2	211093896	211093985	17571
chr2	211157450	211157660	17572
chr2	211157974	211158091	17573
chr2	211216342	211216499	17574
chr2	211347460	211347670	17575
chr2	211455000	211455210	17576
chr2	211455318	211455503	17577
chr2	211455820	211456030	17578
chr2	211503980	211504190	17579
chr2	211612056	211612213	17580
chr2	211745438	211745563	17581
chr2	211745870	211746080	17582
chr2	211746250	211746460	17583
chr2	211879442	211879667	17584
chr2	211929780	211929990	17585
chr2	212005175	212005350	17586
chr2	212148069	212148186	17587
chr2	212177809	212177902	17588
chr2	212237840	212237899	17589
chr2	212288380	212288590	17590
chr2	212319135	212319135	17591
chr2	212327385	212327385	17592
chr2	212327600	212327659	17593
chr2	212358200	212358410	17594
chr2	212359140	212359350	17595
chr2	212359493	212359688	17596
chr2	212424202	212424379	17597
chr2	212448772	212448987	17598
chr2	212450710	212450920	17599
chr2	212451545	212451545	17600
chr2	212451785	212452212	17601
chr2	212466230	212466440	17602
chr2	212467701	212467804	17603
chr2	212537780	212537990	17604
chr2	212548559	212548670	17605
chr2	212567220	212567430	17606
chr2	212567340	212567550	17607
chr2	212567735	212567862	17608
chr2	212568620	212568830	17609
chr2	212685930	212686140	17610
chr2	212686457	212686564	17611
chr2	212761810	212762020	17612
chr2	212777028	212777217	17613
chr2	212863328	212863347	17614
chr2	212892344	212892457	17615
chr2	212990840	212991050	17616
chr2	213083770	213083980	17617
chr2	213130200	213130410	17618
chr2	213151400	213151610	17619
chr2	213151808	213151917	17620
chr2	213152197	213152278	17621
chr2	213152540	213152750	17622
chr2	213152760	213152970	17623
chr2	213153727	213153898	17624
chr2	213188235	213188536	17625
chr2	213189570	213189780	17626
chr2	213238470	213238680	17627
chr2	213239081	213239168	17628
chr2	213246170	213246380	17629
chr2	213246777	213246952	17630
chr2	213251608	213251817	17631
chr2	213283810	213284020	17632
chr2	213305350	213305560	17633
chr2	213793171	213793269	17634
chr2	213806242	213806381	17635
chr2	213934663	213934872	17636
chr2	214310493	214310542	17637
chr2	214436655	214436734	17638
chr2	214587597	214587678	17639
chr2	214591461	214591698	17640
chr2	214684260	214684279	17641
chr2	214808947	214809068	17642
chr2	214809649	214810142	17643
chr2	214810570	214810780	17644
chr2	214830903	214831030	17645
chr2	214854050	214854109	17646
chr2	214874730	214874940	17647
chr2	215002655	215002754	17648
chr2	215003260	215003470	17649
chr2	215236260	215236421	17650
chr2	215269954	215270113	17651
chr2	215294032	215294147	17652
chr2	215294490	215294700	17653
chr2	215296440	215296459	17654
chr2	215310280	215310490	17655
chr2	215357280	215357490	17656
chr2	215359070	215359280	17657
chr2	215397410	215397620	17658
chr2	215397640	215397850	17659
chr2	215397760	215397970	17660
chr2	215402750	215402960	17661
chr2	215417377	215417666	17662
chr2	215418220	215418430	17663
chr2	215418680	215418890	17664
chr2	215420675	215420675	17665
chr2	215436032	215436267	17666
chr2	215437210	215437420	17667
chr2	215440205	215440205	17668
chr2	215454621	215454708	17669
chr2	215460811	215460928	17670
chr2	215476960	215477170	17671
chr2	215479942	215480087	17672
chr2	215498540	215498750	17673
chr2	215505652	215505779	17674
chr2	215506324	215506537	17675
chr2	215552209	215552396	17676
chr2	215619268	215619509	17677
chr2	215624585	215624796	17678
chr2	215658360	215658570	17679
chr2	215680420	215680630	17680
chr2	215681181	215681462	17681
chr2	215692610	215692739	17682
chr2	215693642	215693803	17683
chr2	215702270	215702329	17684
chr2	215711510	215711720	17685
chr2	215712400	215712610	17686
chr2	215727975	215728014	17687
chr2	215728570	215728780	17688
chr2	215749720	215749930	17689
chr2	215750240	215750450	17690
chr2	215772190	215772209	17691
chr2	215786670	215786880	17692
chr2	215786850	215787060	17693
chr2	215792620	215792830	17694
chr2	215793968	215794153	17695
chr2	215794303	215794498	17696
chr2	215809110	215809320	17697
chr2	215827275	215827314	17698
chr2	215828696	215828739	17699
chr2	215831320	215831530	17700
chr2	215833886	215834101	17701
chr2	215876726	215876939	17702
chr2	215895575	215895614	17703
chr2	215899820	215900030	17704
chr2	215900160	215900370	17705
chr2	215918460	215918670	17706
chr2	215920257	215920420	17707
chr2	215920610	215920669	17708
chr2	215931306	215931535	17709
chr2	215950124	215950195	17710
chr2	215951810	215951829	17711
chr2	215982544	215982657	17712
chr2	215988664	215988853	17713
chr2	216012368	216012537	17714
chr2	216013574	216013721	17715
chr2	216023128	216023295	17716
chr2	216034078	216034279	17717
chr2	216064152	216064227	17718
chr2	216078940	216079150	17719
chr2	216080990	216081200	17720
chr2	216081719	216081880	17721
chr2	216105495	216105495	17722
chr2	216106990	216107200	17723
chr2	216109042	216109517	17724
chr2	216110245	216110336	17725
chr2	216110770	216110980	17726
chr2	216140053	216140076	17727
chr2	216151755	216151878	17728
chr2	216188490	216188739	17729
chr2	216216071	216216158	17730
chr2	216222667	216222782	17731
chr2	216283665	216283736	17732
chr2	216328545	216328578	17733
chr2	216404125	216404256	17734
chr2	216408760	216408970	17735
chr2	216412229	216412622	17736
chr2	216412790	216412849	17737
chr2	216414400	216414610	17738
chr2	216463145	216463145	17739
chr2	216498645	216498880	17740
chr2	216516907	216516990	17741
chr2	216519279	216519426	17742
chr2	216523219	216523390	17743
chr2	216553150	216553359	17744
chr2	216571682	216571815	17745
chr2	216584310	216584359	17746
chr2	216584920	216585130	17747
chr2	216590925	216590964	17748
chr2	216615727	216615806	17749
chr2	216636867	216636924	17750
chr2	216651007	216651088	17751
chr2	216661707	216661812	17752
chr2	216666260	216666470	17753
chr2	216666705	216666890	17754
chr2	216682583	216682716	17755
chr2	216687817	216687894	17756
chr2	216698220	216698430	17757
chr2	216741062	216741147	17758
chr2	216746434	216746501	17759
chr2	216769010	216769131	17760
chr2	216777788	216777897	17761
chr2	216862865	216862865	17762
chr2	216870890	216871100	17763
chr2	216871562	216871773	17764
chr2	216885613	216885656	17765
chr2	216893270	216893480	17766
chr2	216920320	216920339	17767
chr2	216982113	216982178	17768
chr2	216989440	216989650	17769
chr2	217015420	217015630	17770
chr2	217044100	217044221	17771
chr2	217114740	217114950	17772
chr2	217142763	217142924	17773
chr2	217162000	217162210	17774
chr2	217166354	217166485	17775
chr2	217289970	217290180	17776
chr2	217324930	217325140	17777
chr2	217331270	217331480	17778
chr2	217372155	217372155	17779
chr2	217434203	217434392	17780
chr2	217435150	217435360	17781
chr2	217510836	217510985	17782
chr2	217621510	217621720	17783
chr2	217622400	217622459	17784
chr2	217650922	217650959	17785
chr2	217713625	217713706	17786
chr2	217756632	217756813	17787
chr2	217785624	217785687	17788
chr2	217788950	217789160	17789
chr2	217789335	217789438	17790
chr2	217794760	217794970	17791
chr2	217801310	217801520	17792
chr2	217813810	217814020	17793
chr2	217813950	217814160	17794
chr2	217850440	217850650	17795
chr2	217886864	217886985	17796
chr2	217890585	217890600	17797
chr2	217899678	217899711	17798
chr2	217902573	217903120	17799
chr2	217903740	217903950	17800
chr2	217903880	217904090	17801
chr2	217904340	217904550	17802
chr2	217907180	217907390	17803
chr2	217909525	217909525	17804
chr2	217918369	217918492	17805
chr2	217922799	217922838	17806
chr2	217932750	217932960	17807
chr2	217943540	217943750	17808
chr2	217944019	217944228	17809
chr2	217944530	217944740	17810
chr2	217988670	217988757	17811
chr2	217993970	217994087	17812
chr2	218009940	218010150	17813
chr2	218010304	218010421	17814
chr2	218034886	218034969	17815
chr2	218068895	218069118	17816
chr2	218074060	218074119	17817
chr2	218168898	218169183	17818
chr2	218169877	218169992	17819
chr2	218186415	218186558	17820
chr2	218222550	218222760	17821
chr2	218226210	218226420	17822
chr2	218238790	218239000	17823
chr2	218239020	218239230	17824
chr2	218245270	218245289	17825
chr2	218245425	218245425	17826
chr2	218257863	218257912	17827
chr2	218265007	218265074	17828
chr2	218270117	218270576	17829
chr2	218272837	218272896	17830
chr2	218286720	218286930	17831
chr2	218287226	218287315	17832
chr2	218292499	218292734	17833
chr2	218296490	218296700	17834
chr2	218296884	218297133	17835
chr2	218300460	218300670	17836
chr2	218301291	218301552	17837
chr2	218312243	218312396	17838
chr2	218316670	218316880	17839
chr2	218317400	218317459	17840
chr2	218322824	218323269	17841
chr2	218323332	218323771	17842
chr2	218356683	218356872	17843
chr2	218370550	218370760	17844
chr2	218387394	218387581	17845
chr2	218396043	218396314	17846
chr2	218400560	218400579	17847
chr2	218400982	218401131	17848
chr2	218405820	218406030	17849
chr2	218406339	218406668	17850
chr2	218418913	218419166	17851
chr2	218422370	218422580	17852
chr2	218422610	218422820	17853
chr2	218466190	218466285	17854
chr2	218486374	218486457	17855
chr2	218516773	218516858	17856
chr2	218547110	218547320	17857
chr2	218569130	218569340	17858
chr2	218569320	218569530	17859
chr2	218584416	218584465	17860
chr2	218616069	218616222	17861
chr2	218618540	218618750	17862
chr2	218647990	218648200	17863
chr2	218648575	218648764	17864
chr2	218658755	218658794	17865
chr2	218659305	218659305	17866
chr2	218670700	218670910	17867
chr2	218671510	218671720	17868
chr2	218673270	218673480	17869
chr2	218687512	218687737	17870
chr2	218710687	218710894	17871
chr2	218727872	218728093	17872
chr2	218731220	218731430	17873
chr2	218745030	218745240	17874
chr2	218745962	218746143	17875
chr2	218755200	218755410	17876
chr2	218757170	218757380	17877
chr2	218766058	218766227	17878
chr2	218805602	218805817	17879
chr2	218806438	218806667	17880
chr2	218847818	218847861	17881
chr2	218853021	218853094	17882
chr2	218860560	218860770	17883
chr2	218860700	218860910	17884
chr2	2188