	ADNP	AFF4	AHDC1	AHR	AKAP8	AKAP8L	AKNA	ARHGAP35	ARID2	ARID3A	ARID4A	ARID4B	ARID5B	ARNT2	ARNTL	ATAD3A	ATF1	ATF2	ATF3	ATF4	ATF5	ATF6	ATF7	ATRX	BATF2	BAZ2A	BCL3	BCL6	BHLHA15	BORCS8	BRCA1	BRD4	BRF2	CAMTA2	CBFB	CBX2	CBX5	CC2D1A	CCDC6	CEBPA	CEBPD	CEBPG	CENPBD1	CENPT	CENPX	CERS6	CHCHD3	CREB1	CREB3	CREBL2	CREM	CSRNP1	CSRNP2	CTCF	DBP	DDIT3	DLX6	DMAP1	DMTF1	DNMT1	DNMT3B	DPF2	DR1	DRAP1	DZIP1	E2F1	E2F2	E2F4	E2F5	E2F8	EEA1	EED	EGR1	ELF1	ELF3	ELF4	ELK1	ELK4	EP300	ERF	ESRRA	ETS1	ETV4	ETV5	ETV6	FBXL19	FLYWCH1	FOSL1	FOSL2	FOXA1	FOXA2	FOXA3	FOXC1	FOXJ3	FOXK1	FOXO1	FOXO4	FOXP1	FOXP4	FOXQ1	FUBP1	FUBP3	GABPA	GABPB1	GATA2	GATA4	GATAD1	GATAD2A	GATAD2B	GFI1	GLI4	GLMP	GLYR1	GMEB1	GMEB2	GPBP1L1	GPN1	GRHL1	GTF3A	GZF1	HBP1	HDAC1	HDAC2	HES4	HHEX	HIC2	HINFP	HIVEP1	HLF	HMG20A	HMG20B	HMGA1	HMGXB3	HMGXB4	HNF1A	HNF1B	HNF4A	HNF4G	HOMEZ	HOXA10	HOXA3	HOXA5	HOXA7	HOXA9	HOXD1	HSF2	IKZF4	IKZF5	IRF1	IRF2	IRF5	IRF9	IRX3	ISL2	ISX	JARID2	JDP2	JRK	JUN	JUNB	JUND	KAT7	KAT8	KDM1A	KDM2A	KDM3A	KDM4B	KDM5B	KDM6A	KIAA2018	KLF11	KLF12	KLF13	KLF15	KLF16	KLF6	KLF9	KMT2A	KMT2B	LBX2	LCOR	LCORL	LIN54	LRRFIP1	MAF1	MAFG	MATR3	MAX	MAZ	MED1	MED13	MED8	MEF2A	MEF2D	MEIS1	MEIS2	MGA	MIER2	MIER3	MIXL1	MLLT10	MLX	MLXIP	MNX1	MTA1	MTA3	MTERF2	MTERF4	MTF1	MTF2	MXD1	MXD3	MXD4	MYBL2	MYC	MYNN	MYPOP	MYRF	MZF1	NACC2	NAIF1	NCOA1	NCOA2	NCOA5	NFAT5	NFATC3	NFE2	NFE2L1	NFIA	NFIB	NFIL3	NFKB2	NFKBIZ	NFYA	NFYB	NFYC	NKX3	NONO	NPAS2	NR0B2	NR1H2	NR2C2	NR2F1	NR3C1	NR5A1	NRF1	NRL	ONECUT1	ONECUT2	PAF1	PATZ1	PAWR	PAX8	PAXIP1	PBX2	PBX3	PHF20	PHF21A	PHF8	PIN1	PITX1	PLSCR1	POGK	POGZ	POU2F1	PPARG	PRDM10	PRDM15	PRDM4	PREB	PRMT3	PROX1	RAD21	RARA	RARG	RBAK	RBPJ	RCOR2	REL	RELA	REPIN1	RERE	REXO4	RFX3	RFXANK	RFXAP	RNF219	RORA	RREB1	RXRA	RXRB	SAFB2	SALL1	SALL2	SAP130	SATB2	SCMH1	SETDB1	SFPQ	SIX1	SIX4	SKIL	SMAD1	SMAD3	SMAD4	SMAD7	SMAD9	SMC3	SMYD3	SNAI1	SNAPC2	SNAPC4	SNAPC5	SOX18	SOX5	SOX6	SP1	SP110	SP140L	SP2	SP4	SP5	SPEN	SRF	SRY	SSRP1	STAG1	STAT5B	STAT6	TAF1	TARDBP	TBP	TBX2	TCF12	TCF3	TCF7	TCF7L2	TEAD1	TEAD2	TEAD4	TEF	TERF1	TFAP4	TFDP1	TFDP2	TFE3	TGIF2	THAP11	THAP4	THAP7	THAP8	THAP9	THRA	THRB	THYN1	TIGD3	TIGD6	TMF1	TOE1	TOPORS	TP53	TRAFD1	TRIM24	TSC22D1	TSC22D2	UBTF	USF1	USF2	WIZ	XBP1	YEATS2	YEATS4	ZBED4	ZBED5	ZBTB1	ZBTB10	ZBTB14	ZBTB2	ZBTB20	ZBTB21	ZBTB24	ZBTB25	ZBTB26	ZBTB3	ZBTB33	ZBTB34	ZBTB37	ZBTB38	ZBTB39	ZBTB4	ZBTB40	ZBTB42	ZBTB43	ZBTB44	ZBTB46	ZBTB49	ZBTB7A	ZBTB7B	ZBTB8A	ZC3H13	ZC3H4	ZC3H8	ZCCHC11	ZFAT	ZFHX3	ZFP1	ZFP14	ZFP36L1	ZFP36L2	ZFP37	ZFP41	ZFP62	ZFP64	ZFP82	ZFP90	ZFP91	ZFX	ZFY	ZFYVE20	ZGPAT	ZHX1	ZHX2	ZHX3	ZIK1	ZKSCAN5	ZKSCAN8	ZMAT3	ZMAT5	ZMYM2	ZMYM3	ZMYM4	ZNF10	ZNF101	ZNF12	ZNF121	ZNF124	ZNF136	ZNF138	ZNF142	ZNF143	ZNF146	ZNF160	ZNF17	ZNF18	ZNF180	ZNF181	ZNF20	ZNF205	ZNF217	ZNF219	ZNF221	ZNF224	ZNF225	ZNF230	ZNF232	ZNF234	ZNF235	ZNF25	ZNF251	ZNF253	ZNF256	ZNF260	ZNF263	ZNF264	ZNF274	ZNF275	ZNF276	ZNF280B	ZNF280D	ZNF281	ZNF292	ZNF296	ZNF3	ZNF30	ZNF317	ZNF318	ZNF326	ZNF329	ZNF331	ZNF333	ZNF335	ZNF337	ZNF33A	ZNF33B	ZNF34	ZNF343	ZNF350	ZNF354B	ZNF362	ZNF367	ZNF382	ZNF383	ZNF407	ZNF414	ZNF430	ZNF431	ZNF432	ZNF44	ZNF441	ZNF446	ZNF451	ZNF460	ZNF468	ZNF48	ZNF483	ZNF484	ZNF485	ZNF490	ZNF496	ZNF501	ZNF503	ZNF510	ZNF511	ZNF512	ZNF512B	ZNF513	ZNF526	ZNF527	ZNF530	ZNF546	ZNF547	ZNF548	ZNF549	ZNF550	ZNF552	ZNF556	ZNF557	ZNF558	ZNF562	ZNF563	ZNF564	ZNF567	ZNF569	ZNF571	ZNF572	ZNF574	ZNF576	ZNF577	ZNF580	ZNF589	ZNF597	ZNF598	ZNF605	ZNF607	ZNF608	ZNF609	ZNF614	ZNF615	ZNF616	ZNF619	ZNF629	ZNF639	ZNF644	ZNF646	ZNF652	ZNF660	ZNF670	ZNF672	ZNF674	ZNF678	ZNF687	ZNF691	ZNF697	ZNF7	ZNF703	ZNF704	ZNF707	ZNF709	ZNF710	ZNF713	ZNF720	ZNF724P	ZNF737	ZNF740	ZNF746	ZNF747	ZNF749	ZNF75D	ZNF761	ZNF766	ZNF768	ZNF770	ZNF772	ZNF773	ZNF775	ZNF776	ZNF777	ZNF778	ZNF780A	ZNF781	ZNF782	ZNF784	ZNF786	ZNF788	ZNF790	ZNF792	ZNF800	ZNF816	ZNF827	ZNF83	ZNF839	ZNF841	ZNF850	ZNF865	ZNF878	ZNF879	ZNF883	ZNF891	ZSCAN12	ZSCAN20	ZSCAN21	ZSCAN22	ZSCAN25	ZSCAN29	ZSCAN30	ZSCAN31	ZSCAN5A	ZSCAN9	ZUFSP	ZXDC	ZZZ3
ADNP	725	2	26	15	5	3	5	8	10	60	10	29	73	13	19	2	8	32	23	6	5	6	10	2	4	18	13	32	7	12	10	12	12	2	22	5	34	5	21	56	35	54	4	4	2	2	4	11	6	5	2	9	2	29	5	3	36	16	3	9	8	29	10	9	8	8	7	16	2	33	7	6	40	17	31	8	11	4	28	41	26	5	20	31	11	12	4	14	35	25	51	48	16	37	32	33	4	29	50	16	3	9	10	24	24	14	13	70	28	23	8	2	16	14	5	1	2	1	16	5	11	60	92	10	5	7	12	20	12	26	18	1	8	35	35	56	65	19	22	19	50	30	2	2	22	5	9	46	6	39	7	14	4	42	5	5	2	13	20	8	18	18	18	145	32	36	13	13	19	5	8	27	5	6	2	14	12	12	10	4	54	47	15	2	12	3	1	36	31	53	15	12	10	24	18	25	12	4	37	29	3	12	7	25	25	2	6	8	9	5	3	14	16	27	26	7	13	7	7	19	8	16	41	3	9	3	3	3	17	3	30	18	16	13	6	6	20	32	3	6	8	25	16	2	40	6	12	17	11	1	31	3	7	53	4	5	10	46	10	3	54	2	23	69	35	23	18	11	3	3	5	26	18	47	5	5	38	153	9	8	40	16	3	2	4	23	11	5	21	38	50	10	80	25	40	8	1	1	25	15	9	14	14	31	53	31	6	10	9	5	10	11	4	6	41	63	21	5	6	5	17	32	24	8	10	6	18	4	16	12	47	5	52	23	3	22	37	38	4	28	10	4	41	16	15	26	13	22	6	9	10	11	30	15	4	2	12	8	8	7	12	2	6	3	9	14	18	9	4	4	15	23	18	2	3	14	4	8	20	10	2	28	14	31	21	11	10	20	16	15	10	9	23	4	10	4	16	33	2	4	3	8	5	6	12	17	5	15	3	11	5	1	6	8	25	28	17	22	3	59	15	7	6	8	4	27	16	3	201	235	46	1	2	7	28	19	9	7	13	7	3	6	4	18	3	4	4	32	53	52	16	14	6	11	17	6	10	4	4	8	6	1	13	39	14	15	7	9	75	20	36	2	15	3	5	10	2	7	32	13	9	11	8	7	7	10	31	5	55	4	1	12	15	20	17	7	2	5	18	4	8	70	8	32	15	2	4	1	1	28	41	7	27	2	7	4	3	13	2	11	16	18	4	5	6	27	11	8	1	14	2	12	6	4	10	38	4	3	51	9	1	10	28	12	12	33	34	7	8	14	71	13	29	3	15	2	23	4	4	9	32	23	16	5	12	8	2	13	36	7	5	9	3	12	17	26	9	3	13	15	21	57	22	7	7	7	7	3	3	11	10	17	9	43	4	21	8	14	3	6	9	2	4	4	11	4	15	10	9	10	20	5	19	18	4	26	13	17	2	6	6
AFF4	2	463	15	39	20	17	25	30	46	53	43	65	49	58	32	14	5	69	21	7	20	40	51	12	34	36	34	33	16	44	43	37	52	25	42	11	44	20	70	29	22	20	18	23	8	14	23	19	17	14	6	47	16	3	27	17	46	22	18	25	41	13	60	120	26	24	27	15	16	76	19	28	29	10	61	26	26	14	51	80	19	19	19	44	32	64	26	14	30	27	32	46	49	34	40	56	25	28	42	23	24	39	6	12	9	63	8	55	32	10	24	11	34	11	3	3	14	7	22	21	31	37	48	27	10	16	38	23	20	26	26	3	37	26	46	39	20	22	31	53	38	61	13	28	39	9	29	84	17	65	28	38	40	55	22	28	16	30	22	14	17	57	24	12	38	55	47	43	18	20	65	31	19	22	13	72	42	30	23	20	50	25	21	12	29	8	4	28	40	115	94	101	46	54	37	42	19	12	58	59	15	32	22	59	25	11	33	28	22	11	26	44	32	46	25	24	44	24	20	33	35	47	60	18	24	23	12	13	19	10	33	36	50	18	17	16	56	65	14	28	19	7	16	11	13	2	36	6	15	32	38	15	26	32	4	22	9	38	3	28	46	14	64	24	87	38	20	12	17	14	41	15	3	44	18	9	80	29	34	23	66	32	12	5	36	40	33	15	24	45	59	31	68	35	83	33	4	1	76	25	23	23	28	67	52	36	18	1	58	38	52	37	40	31	33	35	18	20	42	4	31	27	35	35	45	60	2	37	45	68	59	6	54	47	33	22	41	30	14	19	22	14	38	20	21	40	39	13	31	25	17	18	50	20	18	20	26	37	51	52	22	18	4	26	48	24	16	7	16	18	21	27	35	13	12	22	8	16	48	11	8	42	28	23	8	27	11	29	24	25	14	24	30	35	18	22	22	37	20	54	64	45	38	15	13	35	13	43	23	28	23	4	12	33	31	33	12	7	25	100	27	27	20	30	12	53	54	11	6	13	56	7	19	15	3	55	25	25	23	7	1	23	12	26	19	42	17	47	32	68	64	27	28	31	35	22	29	34	16	22	31	6	13	34	29	40	25	26	40	26	14	14	14	14	14	29	12	13	56	30	29	30	18	24	30	37	38	24	16	17	1	14	28	42	59	22	11	16	15	28	37	4	11	55	38	12	22	8	7	35	54	27	64	2	34	8	2	23	12	33	36	29	12	18	22	33	27	37	5	35	14	29	15	25	18	24	12	20	57	35	5	22	54	36	34	45	57	44	25	26	4	22	15	4	7	13	36	17	22	26	48	43	21	13	30	27	10	39	47	16	16	30	16	20	31	41	52	14	32	36	15	2	48	24	17	30	6	14	33	38	33	43	31	44	28	64	15	39	22	17	20	18	15	3	59	28	28	36	23	29	45	11	18	33	29	53	41	77	11	35	13
AHDC1	26	15	3901	17	6	11	13	10	47	930	15	24	1192	18	77	10	71	236	129	26	11	12	11	9	15	19	20	508	10	18	29	42	67	10	103	22	55	27	100	672	154	358	13	10	7	10	10	206	11	10	4	28	11	4	14	22	492	7	11	8	54	429	9	23	10	10	10	4	9	262	10	10	45	8	417	44	26	10	354	116	82	10	127	191	15	123	13	152	283	540	885	950	22	683	296	441	22	671	677	236	27	25	16	4	299	292	5	984	396	404	11	10	11	1	2	2	10	6	10	15	16	548	535	10	219	27	14	15	208	768	219	2	37	5	258	221	664	122	498	151	52	131	14	32	169	27	10	150	12	153	10	10	16	717	14	12	21	40	193	161	151	14	24	92	9	48	61	10	278	13	26	13	10	11	10	31	12	7	9	10	505	397	31	10	10	11	4	76	14	526	203	134	199	261	104	116	37	13	260	591	6	156	29	62	19	9	12	13	12	8	10	10	13	149	10	12	30	10	13	262	37	210	705	8	10	20	19	9	169	9	490	11	175	2	2	3	140	138	15	12	15	45	133	9	293	1	9	380	199	4	59	10	10	884	4	10	8	266	1	17	361	11	71	362	77	344	28	12	11	10	24	358	2	531	15	15	177	426	11	26	198	339	10	9	19	24	89	74	147	105	559	9	473	13	67	66	3	2	234	214	146	169	10	242	364	24	13	2	168	19	111	22	38	36	729	772	5	9	39	2	11	103	11	90	11	15	4	32	134	5	413	3	354	199	68	491	632	567	10	90	54	11	196	10	7	180	37	6	10	16	10	9	234	108	29	12	10	12	48	25	32	12	86	20	10	2	17	5	20	16	7	8	33	11	10	45	1	9	280	29	7	69	70	76	10	168	89	11	150	21	28	31	173	10	15	10	27	95	12	9	9	20	17	12	238	93	13	123	10	28	11	2	19	49	23	14	8	3	10	323	40	27	14	15	20	184	82	10	127	52	354	6	18	59	21	52	40	10	12	1	4	15	13	60	10	42	15	95	347	569	75	21	10	17	50	10	11	11	10	12	14	8	17	192	10	15	13	14	110	40	85	12	47	10	57	13	9	12	184	11	21	26	99	13	27	16	19	17	181	14	2	14	10	210	48	25	10	21	29	11	13	32	10	24	44	10	10	16	5	26	494	16	132	3	51	1	2	11	10	10	14	21	19	10	14	46	32	12	6	10	21	13	12	11	12	15	9	10	40	56	1	11	43	37	85	498	217	42	11	10	23	10	259	34	48	10	301	8	12	10	10	28	23	29	100	10	8	21	322	11	10	21	10	16	31	56	22	10	16	16	8	33	66	10	52	11	3	14	27	12	15	22	16	46	14	74	10	216	11	10	9	16	15	35	262	19	10	11	15	19	35	12	19	87	32	31	157	135	9	15	8
AHR	15	39	17	1407	68	28	111	253	159	36	182	351	108	255	133	85	25	253	71	21	123	166	231	29	147	211	218	45	59	304	199	162	138	134	269	45	339	83	197	46	57	52	54	122	10	83	150	47	162	133	11	217	53	25	133	29	102	260	65	130	148	18	151	145	142	107	130	105	99	222	142	163	141	125	210	60	168	66	48	423	61	119	89	150	266	188	110	17	46	40	43	68	238	27	212	143	92	26	47	54	63	124	68	218	14	43	186	85	66	19	164	40	271	107	39	3	102	11	92	68	221	233	246	198	14	44	161	137	30	33	81	3	218	223	58	120	24	53	88	184	281	264	42	125	191	28	192	392	74	334	182	232	155	83	141	185	51	155	44	21	29	259	278	35	329	335	270	309	29	73	274	168	112	148	57	392	155	204	215	152	167	59	90	76	149	10	4	266	227	145	125	107	58	163	153	232	202	100	288	137	11	88	118	373	161	29	156	205	91	49	207	329	287	170	242	148	134	195	71	72	79	73	66	21	178	112	18	65	44	35	35	324	210	43	45	42	213	250	27	199	110	86	29	26	29	30	179	3	14	6	172	85	136	35	16	94	130	81	200	87	152	71	289	188	337	53	73	35	84	83	118	12	10	75	83	16	307	47	162	128	253	41	78	13	115	188	48	16	81	169	124	149	274	238	338	153	5	2	120	30	63	43	169	309	141	233	110	9	118	145	125	101	109	121	42	38	123	94	169	25	133	103	308	95	206	18	9	178	84	239	165	40	180	102	105	15	39	52	113	58	84	78	170	201	202	183	218	198	153	150	119	168	142	28	45	138	196	176	191	173	91	76	6	116	345	134	91	33	163	90	229	274	188	65	51	84	31	121	177	40	11	298	198	69	33	51	17	187	26	97	96	132	140	193	48	154	105	189	74	55	31	127	220	54	8	108	50	160	129	183	140	15	24	142	211	275	198	160	116	377	134	136	183	203	18	148	252	28	30	95	186	12	76	41	11	305	132	173	127	33	1	104	38	91	64	209	48	271	86	203	218	144	193	197	239	124	159	157	93	140	177	18	44	133	236	201	158	158	177	73	72	72	35	121	32	136	18	48	411	172	138	140	50	175	137	198	284	119	24	122	2	66	271	138	235	105	23	122	97	154	221	6	111	280	191	59	125	11	8	256	97	162	314	4	75	46	47	152	53	187	255	171	32	82	215	231	172	181	11	217	61	157	89	140	65	236	61	68	436	170	15	195	232	270	168	52	333	91	168	162	8	205	40	6	17	54	149	45	92	161	311	204	190	16	82	188	16	215	81	88	91	201	67	56	83	206	219	60	185	204	72	11	267	150	56	176	39	71	96	206	178	202	167	261	168	403	59	120	157	149	117	54	43	4	84	148	235	193	152	141	237	18	74	105	82	237	130	349	18	132	134
AKAP8	5	20	6	68	967	90	24	77	53	17	79	119	30	115	72	20	5	74	34	8	35	39	104	10	38	131	89	27	32	85	56	51	53	51	89	16	71	21	69	19	22	18	22	41	7	30	42	14	50	38	10	94	19	19	36	11	32	77	26	99	28	8	41	45	40	43	49	54	36	76	81	46	96	34	68	18	52	29	25	138	43	40	47	70	72	58	28	10	21	25	23	29	66	8	54	55	23	11	27	21	27	71	21	81	6	18	54	28	32	9	48	13	147	41	13	3	23	9	51	24	62	91	68	56	8	57	68	82	19	13	30	3	38	103	43	47	17	38	17	69	149	78	16	32	68	8	63	105	28	85	106	143	47	32	36	32	20	73	23	10	18	88	67	14	249	109	63	124	22	26	46	88	39	41	16	97	44	45	31	51	56	53	26	16	45	9	5	118	145	88	54	51	20	44	77	86	82	20	66	29	5	38	35	138	106	10	58	64	27	16	85	85	95	47	118	34	55	39	19	22	22	22	26	26	46	24	9	21	26	15	17	101	52	23	17	17	51	143	14	79	36	38	21	10	23	15	77	3	10	12	122	33	47	23	7	23	29	65	43	25	52	21	109	35	141	25	35	10	27	30	34	5	18	44	28	8	114	14	57	61	82	23	27	6	30	85	14	8	27	93	55	150	82	125	142	36	3	1	78	15	23	36	81	53	78	81	21	8	31	47	46	30	33	26	18	16	50	22	28	16	68	77	172	34	65	30	14	35	37	62	84	19	100	68	31	9	31	16	33	26	28	29	94	78	74	53	65	68	41	44	43	47	54	15	16	32	123	55	54	85	23	36	3	34	82	51	47	18	53	17	49	108	76	20	17	47	30	52	44	20	6	86	36	30	29	28	9	139	12	43	32	43	48	36	39	24	73	104	27	110	24	58	35	19	5	25	17	55	21	40	41	11	12	57	75	132	93	68	29	135	48	41	44	74	11	38	82	13	8	30	37	8	37	16	5	71	27	50	52	15	1	39	14	35	23	57	21	61	48	78	57	49	54	76	63	46	66	29	34	33	41	8	18	35	74	79	59	60	38	40	22	29	14	26	13	83	30	17	94	71	24	39	19	44	60	72	97	33	12	32	1	33	86	44	75	51	10	21	28	48	103	3	29	110	93	19	36	9	7	92	50	45	83	2	26	19	19	64	15	71	87	82	17	37	57	90	31	63	7	69	21	72	22	54	22	110	23	26	99	48	12	45	66	109	63	44	85	21	59	68	6	69	12	5	7	16	51	20	38	56	157	97	50	10	31	68	9	70	36	50	19	66	19	36	79	95	70	16	83	80	31	5	102	40	23	80	24	28	23	46	55	74	36	128	49	88	33	38	46	54	50	18	15	5	20	43	71	63	36	56	96	12	50	38	22	106	35	68	9	54	46
AKAP8L	3	17	11	28	90	317	21	33	30	10	26	40	21	32	32	18	3	30	18	11	25	25	36	15	27	32	38	22	21	35	25	11	35	23	38	14	29	21	38	14	17	10	21	28	11	19	25	4	24	22	7	39	18	1	20	15	23	28	22	30	22	5	22	18	25	19	24	18	21	40	27	25	34	13	26	16	28	23	20	46	22	24	30	26	30	34	25	14	13	12	10	19	32	13	26	27	24	13	23	27	14	38	13	25	10	11	25	18	14	16	28	16	35	9	6	3	18	8	18	19	24	30	29	23	12	19	28	33	17	15	22	3	22	23	21	28	6	19	16	45	42	29	18	25	26	15	28	38	20	35	28	36	30	20	20	23	18	27	18	16	16	23	28	11	79	34	28	37	9	18	26	35	23	23	20	35	24	15	18	26	20	17	8	16	21	11	5	39	46	34	30	22	19	31	34	30	21	16	30	24	10	19	22	39	26	15	28	28	20	14	33	35	35	23	41	21	28	23	18	19	25	23	23	26	23	21	14	17	19	15	10	37	24	7	6	7	28	53	16	32	22	14	11	14	13	6	35	3	13	15	37	23	22	14	2	19	20	23	7	23	30	19	35	12	47	17	18	8	20	22	27	4	4	24	21	13	38	15	28	21	41	19	22	6	21	33	20	16	20	31	25	54	31	42	43	25	6	1	45	15	20	22	32	32	30	35	20	3	24	25	26	26	25	20	13	13	18	17	22	5	30	23	43	22	29	24	1	23	23	15	33	6	40	31	25	5	12	17	21	14	21	23	25	26	25	24	28	34	30	22	23	25	24	13	17	25	37	31	30	38	18	23	1	22	31	10	9	4	23	16	26	35	24	19	16	22	7	24	26	16	10	38	20	23	17	17	15	36	16	23	21	23	24	24	18	21	34	39	18	52	26	33	22	19	8	21	18	35	17	24	24	6	12	30	29	42	16	16	23	50	34	23	22	29	15	27	29	18	8	12	17	9	25	19	6	32	12	28	23	7	1	24	17	25	19	29	22	29	23	34	31	26	23	35	27	22	25	20	22	24	23	8	14	24	29	31	29	27	28	20	9	21	17	21	18	41	29	16	36	28	20	24	18	25	27	30	35	23	5	22	3	20	31	27	40	29	16	15	21	23	40	2	26	34	33	17	23	12	8	32	24	22	35	2	25	6	4	26	20	27	31	32	17	19	26	31	20	34	7	26	18	32	19	27	18	31	15	18	34	28	7	20	41	38	32	27	34	26	28	30	5	28	15	5	4	17	25	13	23	25	37	32	26	15	28	33	16	30	26	22	20	27	19	23	32	37	38	17	32	33	14	4	39	21	20	31	9	22	23	28	28	35	27	41	30	35	20	26	25	24	25	18	15	3	25	27	29	27	23	22	45	15	24	25	21	36	25	29	14	30	22
AKNA	5	25	13	111	24	21	449	88	71	11	56	83	42	106	54	58	7	82	42	14	84	86	103	23	98	61	71	22	37	130	159	40	74	77	46	31	69	59	118	11	22	11	56	67	10	83	71	15	144	57	7	83	46	12	120	25	80	49	44	42	80	3	55	37	72	58	93	42	54	118	69	80	57	18	79	40	117	51	18	153	35	101	40	36	93	90	74	15	16	12	13	22	101	23	54	49	73	11	25	37	13	42	14	36	10	11	24	26	26	14	55	42	94	16	9	3	64	9	22	38	73	52	82	117	8	16	67	74	19	16	33	3	95	28	17	55	11	25	37	83	103	162	41	79	112	26	86	109	50	85	80	82	86	45	136	63	46	88	25	19	19	35	49	12	66	71	78	108	11	38	128	101	53	109	43	154	73	42	63	78	42	20	30	65	90	9	4	92	69	60	88	41	41	59	50	133	79	100	64	71	11	31	117	112	35	28	86	97	104	34	91	130	99	57	91	65	70	101	36	40	44	35	29	19	150	52	16	45	21	24	11	154	84	15	15	10	186	43	22	91	71	16	14	23	8	7	81	8	18	10	35	46	61	12	5	94	27	20	24	64	45	58	94	29	79	33	29	13	60	79	90	3	4	36	45	14	62	16	85	39	82	20	62	5	55	106	39	17	28	38	49	62	138	101	78	153	5	3	36	21	37	20	49	113	39	91	61	2	76	78	77	53	77	58	18	9	20	46	97	8	35	27	71	52	128	10	6	87	34	26	31	9	65	43	68	3	11	20	100	20	94	51	44	73	70	101	91	25	88	67	58	62	67	14	36	72	88	90	69	81	68	28	2	80	132	30	26	11	115	96	56	74	85	43	38	68	15	35	73	21	12	92	99	36	20	24	14	72	21	54	55	69	125	104	15	94	51	62	40	31	21	27	104	52	6	39	35	99	80	159	79	13	12	63	124	52	31	45	73	95	64	120	96	85	15	47	121	25	14	17	48	10	49	35	5	113	40	106	90	9	1	75	34	68	55	108	47	77	31	73	142	75	81	87	183	70	76	88	63	88	156	13	33	120	81	91	72	77	76	28	14	60	29	81	27	70	16	37	127	71	61	49	29	67	38	79	71	53	7	113	2	22	83	42	125	70	22	41	86	84	84	3	63	71	71	53	92	11	8	89	65	83	114	2	32	14	4	55	49	87	88	68	28	38	100	47	161	112	8	95	54	47	41	60	27	97	38	48	140	99	4	55	117	129	78	19	80	62	80	41	5	60	27	6	4	48	58	27	61	73	72	60	151	17	51	104	18	90	45	33	52	89	62	20	39	79	115	55	69	154	31	3	115	129	43	80	20	59	70	104	74	52	55	62	92	143	52	81	89	85	50	46	24	2	81	94	89	94	139	121	103	14	32	25	57	91	64	154	16	78	38
ARHGAP35	8	30	10	253	77	33	88	1281	164	14	172	317	79	288	129	62	23	155	52	13	119	125	269	23	152	278	250	34	72	291	174	140	163	165	190	42	212	71	186	21	29	25	63	106	11	73	156	33	155	131	14	258	54	23	110	22	82	285	78	156	107	7	138	130	167	119	125	108	93	223	196	172	159	119	172	62	137	61	20	371	49	117	92	166	220	163	90	15	27	18	15	37	226	17	148	95	85	14	33	54	38	121	55	246	9	24	149	59	54	16	179	34	320	111	41	3	87	10	74	70	181	226	170	185	8	35	156	172	24	17	59	3	127	226	41	99	16	48	71	190	261	227	43	114	169	26	196	292	76	231	236	305	167	56	122	141	43	162	35	17	20	252	233	21	318	270	188	345	16	72	199	178	114	146	57	313	139	215	190	153	119	41	80	46	124	9	8	289	238	111	101	109	40	135	154	209	236	52	166	84	10	64	87	364	168	23	181	199	74	38	251	336	284	154	268	138	151	158	63	56	73	45	36	22	173	105	17	60	38	34	21	308	140	39	47	40	185	247	27	226	102	78	15	25	13	35	218	5	16	8	170	96	156	16	13	67	104	75	265	89	125	75	306	146	268	44	67	28	64	75	108	4	7	53	92	15	256	23	177	112	238	22	74	12	89	198	47	15	49	159	92	213	196	264	336	133	5	1	81	21	41	30	189	166	123	254	95	3	115	153	128	99	105	113	27	24	107	87	131	22	121	101	318	86	222	17	10	124	81	249	143	32	188	118	77	2	14	33	85	52	65	77	158	229	222	126	177	170	130	130	131	150	91	20	58	136	247	207	184	204	59	60	1	122	275	158	120	21	135	60	202	303	152	59	48	89	43	110	158	34	13	219	126	71	26	54	19	202	21	108	92	130	135	133	52	89	105	180	78	57	28	115	166	53	6	72	42	149	89	140	138	12	16	166	211	243	233	217	97	415	118	122	146	219	18	87	246	25	25	57	135	12	81	32	8	247	114	152	141	42	1	109	41	94	56	196	58	174	59	146	186	169	215	225	213	148	188	158	79	134	144	17	36	106	261	245	172	171	169	64	38	52	30	97	30	127	19	52	253	192	112	131	51	177	132	226	218	112	16	96	2	74	293	97	232	101	23	114	80	152	233	4	113	325	205	56	128	12	8	292	74	161	237	4	67	32	42	147	41	243	293	187	31	79	203	220	134	190	9	224	63	189	93	129	78	221	74	63	309	142	11	195	200	301	173	37	221	76	168	190	8	177	24	5	13	47	135	39	105	181	353	191	173	16	108	217	19	224	90	107	69	195	57	50	79	192	214	48	213	214	69	7	233	134	57	225	48	73	87	211	188	198	149	227	173	277	67	130	153	143	124	49	44	2	72	150	271	223	137	147	235	24	73	98	83	238	125	229	19	132	121
ARID2	10	46	47	159	53	30	71	164	2001	102	227	275	141	315	139	42	41	145	55	22	131	96	267	18	147	261	234	88	78	503	167	139	320	136	149	55	163	94	262	81	59	70	68	105	12	59	146	68	121	114	12	487	52	19	83	30	124	208	76	115	123	51	133	133	122	137	101	164	102	302	129	158	138	102	163	87	124	47	80	272	50	98	105	139	120	322	97	19	49	75	88	99	259	79	145	122	75	72	93	80	39	132	62	215	31	61	125	119	126	47	152	29	228	112	29	3	48	11	87	69	167	248	172	145	32	35	127	157	52	70	84	3	111	225	101	140	52	59	109	218	229	219	43	106	160	22	188	256	63	214	161	222	261	119	92	100	45	162	52	31	24	179	194	35	240	221	156	300	43	81	181	127	92	112	54	219	107	185	182	133	123	85	171	34	89	14	7	342	212	170	118	117	70	160	175	165	289	46	172	120	11	75	72	332	160	14	198	193	58	40	202	188	195	177	225	88	186	103	56	89	98	94	98	23	123	112	15	63	43	37	76	267	149	54	51	44	188	235	26	164	67	74	21	17	34	32	168	22	26	13	139	89	126	78	10	49	90	131	180	88	145	63	301	238	302	64	60	44	42	57	134	35	7	87	101	16	196	66	174	66	507	68	67	10	72	173	67	27	63	120	106	154	262	232	315	120	6	1	152	58	68	58	164	181	125	250	94	5	319	170	328	137	207	129	77	83	68	85	123	23	108	103	240	79	171	31	13	82	127	172	376	20	246	114	72	52	86	89	66	65	50	65	130	202	207	141	188	136	116	153	113	135	106	33	124	122	184	284	141	361	61	57	12	197	187	178	108	36	121	56	150	252	114	35	34	75	31	87	176	41	12	177	109	73	17	138	27	149	47	111	76	106	118	86	61	60	85	155	89	53	45	153	125	44	33	85	40	183	63	142	141	6	26	150	200	278	217	177	97	328	107	99	92	170	20	118	258	20	47	58	251	14	76	35	16	187	143	130	131	32	2	93	38	91	42	339	65	146	102	205	255	144	171	240	189	102	140	137	74	117	123	18	41	130	219	217	159	146	195	67	101	43	26	90	29	117	19	44	250	151	81	153	62	183	136	213	246	216	38	81	3	87	241	166	240	100	20	131	76	131	222	5	92	203	227	45	103	15	8	304	119	207	218	3	92	22	38	133	34	177	269	178	24	75	164	223	118	177	10	190	77	146	98	117	66	185	64	60	254	160	8	217	260	233	159	99	200	90	141	135	8	106	46	12	30	42	158	44	95	138	415	189	140	15	113	209	18	235	131	78	44	204	55	39	72	220	216	48	207	168	41	11	264	82	63	168	46	69	97	196	188	205	160	238	162	234	65	160	124	107	114	55	42	9	125	150	236	169	98	110	209	25	79	143	102	267	301	223	17	110	114
ARID3A	60	53	930	36	17	10	11	14	102	7107	69	118	1719	60	205	3	83	474	222	69	10	22	46	3	18	54	58	806	13	51	61	111	126	8	234	19	182	42	232	1088	342	722	13	9	2	3	11	269	10	11	1	70	7	29	15	30	752	39	8	12	108	679	33	118	9	16	13	24	6	497	9	16	104	29	657	79	45	6	731	277	161	8	166	370	27	201	11	165	424	820	1368	1333	81	953	483	801	42	913	1228	341	66	63	22	28	569	558	19	1561	641	619	23	2	33	14	7	1	3	2	25	23	40	544	1006	13	268	117	29	44	379	983	395	1	79	53	675	557	939	233	647	325	162	206	8	42	254	43	19	378	12	329	11	33	29	1270	11	19	22	81	276	162	177	53	64	173	48	147	130	31	495	13	60	34	7	12	2	80	30	29	29	7	885	762	84	2	24	11	1	172	57	1211	415	311	315	426	229	233	128	5	540	1003	2	326	47	162	96	1	24	32	19	3	16	23	51	279	44	18	73	15	9	486	83	392	1265	3	11	31	24	8	285	12	930	36	376	6	7	7	195	266	13	14	15	104	213	1	465	7	25	487	259	11	195	8	8	1382	5	5	9	610	9	21	683	5	139	516	318	614	67	35	6	4	46	660	28	882	21	24	415	724	24	51	377	550	7	13	32	73	168	82	365	269	984	22	1039	48	232	107	1	3	466	364	263	362	36	495	701	82	12	34	265	39	203	37	66	76	1127	1322	14	7	71	2	23	244	50	152	14	62	23	38	246	36	753	4	777	339	120	729	1144	809	4	210	85	6	450	34	28	392	122	22	13	35	11	27	454	194	37	12	17	21	81	61	50	27	142	20	37	30	58	30	24	17	21	51	82	5	6	71	12	21	436	58	4	144	120	147	16	344	149	53	277	77	57	52	320	14	31	10	53	225	16	19	15	58	33	10	392	186	12	205	7	51	13	4	28	56	63	84	34	15	6	523	94	27	25	28	29	415	156	3	296	194	630	4	15	87	58	139	95	14	18	8	5	15	11	96	6	72	9	214	696	1142	226	42	17	38	88	11	12	10	8	11	26	5	34	286	26	40	36	16	189	122	257	17	65	8	64	38	2	5	402	16	49	56	88	30	52	30	123	22	322	19	1	24	31	392	196	35	5	41	58	13	46	46	8	81	116	4	9	17	2	84	737	31	315	2	94	9	6	23	2	17	46	47	15	9	29	120	61	22	2	26	22	36	12	17	18	46	2	5	137	88	2	34	193	62	94	897	490	73	16	34	44	30	390	64	111	2	245	11	8	12	99	98	42	23	133	12	5	62	533	15	4	44	4	33	96	129	58	5	48	33	16	89	144	5	76	16	6	8	47	21	23	64	38	160	24	235	5	202	18	8	9	17	15	81	434	23	25	22	16	25	100	11	58	198	64	98	271	300	2	29	17
ARID4A	10	43	15	182	79	26	56	172	227	69	4151	1156	140	353	202	33	159	246	71	18	75	87	304	15	120	292	269	78	70	373	165	171	164	129	185	40	266	76	265	83	84	95	39	88	9	41	120	249	99	116	42	292	40	63	73	22	90	528	58	102	140	28	188	270	116	247	130	453	211	405	119	172	295	482	311	227	211	60	54	470	60	60	164	301	163	163	73	17	66	83	79	103	549	42	356	143	129	53	99	46	45	114	413	772	14	38	594	117	101	26	170	20	320	284	96	3	41	8	95	61	397	756	299	160	16	41	173	250	46	45	66	3	216	318	65	243	71	67	129	225	578	285	27	96	165	29	159	415	52	475	147	262	144	79	81	98	34	168	45	16	25	327	724	24	578	267	201	370	40	61	176	242	78	114	39	267	162	471	492	90	188	169	712	33	116	15	4	730	295	176	105	126	50	187	211	245	303	50	217	110	11	76	65	435	197	15	176	206	48	84	341	312	506	419	507	93	215	87	47	76	150	119	76	18	115	125	18	40	49	15	67	297	129	219	189	194	176	350	24	257	58	310	44	15	41	60	247	15	26	6	285	68	113	60	42	50	401	191	467	62	172	44	407	324	573	71	162	52	39	43	97	32	14	111	63	13	380	51	168	85	325	44	52	101	96	256	48	16	78	219	163	136	374	307	1296	89	4	4	353	44	58	60	161	242	204	467	84	7	141	179	151	162	105	117	64	73	216	62	108	115	282	203	401	87	187	34	18	78	121	386	281	34	281	106	67	26	74	79	42	94	44	50	410	410	441	189	478	579	112	181	110	297	124	45	55	99	187	171	125	210	70	68	1	90	197	289	266	129	99	59	454	466	190	43	26	90	73	150	158	78	11	341	115	62	26	70	26	166	44	111	65	99	110	96	48	64	114	238	82	62	32	147	144	35	7	70	27	201	52	130	90	17	40	170	264	410	457	414	75	543	174	77	105	167	22	110	265	16	33	79	494	6	56	30	15	237	177	137	145	192	1	86	26	79	33	196	53	182	108	234	305	169	165	212	214	115	154	131	40	108	121	9	79	120	281	228	139	172	200	104	115	48	24	102	34	96	16	32	291	178	205	121	54	183	146	180	357	120	56	87	2	90	331	317	304	80	16	177	89	115	192	10	86	327	209	28	96	10	6	565	99	145	226	5	72	32	92	130	22	153	308	178	22	59	138	290	114	160	5	222	48	150	73	87	114	516	51	35	348	142	11	293	394	279	153	64	253	86	115	178	15	206	43	12	42	29	183	30	79	104	691	208	155	17	74	183	15	233	124	89	38	200	54	76	105	232	203	35	192	174	70	25	325	82	41	184	84	54	74	204	162	233	177	379	138	256	48	143	200	92	137	28	46	21	106	105	293	266	99	127	231	24	100	144	94	299	151	185	13	122	173
ARID4B	29	65	24	351	119	40	83	317	275	118	1156	5567	299	515	335	57	227	502	159	31	124	177	443	23	178	436	396	143	98	497	249	245	233	183	379	51	511	98	314	154	143	169	68	111	12	61	170	357	156	153	66	409	57	120	132	38	155	809	88	188	195	47	303	519	161	319	190	563	261	564	174	216	428	750	636	268	326	89	97	988	97	108	241	570	289	249	99	37	158	163	163	215	399	77	663	284	90	91	142	70	71	208	473	1125	22	66	885	285	142	47	240	32	471	428	154	3	82	10	178	74	547	987	609	197	16	81	291	385	82	82	117	3	368	536	109	389	102	118	221	344	847	433	41	133	263	41	244	874	64	901	250	392	199	121	118	208	47	241	87	31	65	551	1124	52	1017	567	393	477	77	103	324	374	127	157	68	510	288	719	769	136	404	186	670	51	174	24	7	1002	502	314	162	199	75	312	355	400	439	72	460	219	13	158	95	600	292	22	244	275	84	55	459	535	852	608	707	180	276	179	85	103	186	99	149	26	166	173	34	74	104	24	138	438	233	297	315	310	239	580	35	352	81	422	64	22	56	114	304	30	26	9	540	111	176	109	77	90	492	286	698	86	289	60	576	469	845	128	254	89	65	58	125	46	39	185	89	19	762	110	235	205	517	61	63	141	170	407	77	22	155	436	321	255	548	490	2304	133	6	1	289	67	96	94	328	418	426	618	123	23	196	233	236	207	141	173	149	130	409	95	196	165	435	386	664	150	250	41	58	156	202	638	454	74	463	192	92	31	107	142	66	145	69	75	755	639	659	359	699	893	158	240	156	424	240	63	79	147	297	249	239	291	101	114	3	132	375	354	431	182	139	84	763	623	348	61	60	127	118	233	280	150	15	636	217	98	52	99	34	283	43	154	93	137	162	167	71	113	147	449	105	94	49	256	257	59	14	147	38	287	94	204	144	41	49	231	381	617	611	535	98	1090	240	124	200	255	36	201	362	23	67	148	481	11	85	54	21	438	293	191	186	248	2	119	40	114	66	273	60	330	187	392	381	232	229	314	298	157	223	178	76	147	170	15	116	197	395	337	206	228	306	182	187	58	35	80	40	169	21	43	577	266	371	209	80	277	245	300	573	145	81	116	3	144	444	264	405	101	22	246	119	148	302	17	122	632	373	42	142	13	8	708	165	254	502	5	111	73	137	218	32	230	443	273	28	105	206	456	168	210	8	270	62	270	116	147	151	767	76	49	696	198	28	415	505	393	205	111	533	112	170	297	25	395	61	12	51	44	256	58	115	172	956	341	215	28	91	260	18	275	178	155	72	292	56	117	159	401	288	41	304	275	118	44	494	128	54	280	119	72	110	307	248	367	269	622	199	532	75	193	156	152	191	44	66	16	134	136	383	305	140	190	351	35	162	224	116	446	218	379	16	153	283
ARID5B	73	49	1192	108	30	21	42	79	141	1719	140	299	7731	127	302	35	94	668	388	74	42	59	101	16	58	119	112	1323	35	128	112	127	165	47	369	55	320	59	303	1556	536	971	36	36	10	31	38	295	47	35	6	118	30	29	49	48	815	121	28	40	159	754	52	146	38	47	54	57	36	565	44	50	200	82	1036	94	99	29	886	553	272	39	301	642	107	254	41	270	731	1196	1922	2036	146	1071	790	1119	60	1264	1342	417	71	88	40	91	570	530	46	2578	758	677	52	24	98	33	13	3	38	8	40	46	100	752	1581	54	373	167	75	146	463	1643	544	3	151	82	584	598	1210	345	929	354	290	278	29	77	335	51	50	677	42	589	56	83	65	1310	51	55	46	138	376	247	299	131	154	241	180	268	252	106	611	28	128	98	33	53	23	194	83	112	109	38	1368	888	99	34	58	32	3	337	140	1291	421	315	356	522	299	323	195	43	754	1111	9	457	107	294	188	19	57	88	49	26	70	130	165	411	136	59	133	70	36	518	116	395	1739	14	54	55	49	32	432	19	1216	104	464	14	18	19	256	310	32	63	43	167	407	15	680	15	65	473	246	10	379	29	38	1560	16	39	33	720	56	51	762	28	220	643	400	755	135	45	36	32	80	856	19	1510	42	26	687	969	60	102	465	702	25	24	71	121	193	106	465	592	1564	57	1283	109	488	131	5	2	518	414	305	516	63	661	1357	166	44	15	292	82	249	67	100	99	1689	1642	60	28	131	13	53	441	128	174	60	59	19	94	280	90	888	12	889	406	154	847	1249	1307	36	377	132	29	780	122	115	611	197	60	42	64	48	59	733	303	49	38	59	61	129	98	74	54	145	50	111	86	120	34	70	49	94	100	193	38	33	127	24	66	498	113	12	281	237	192	54	377	187	106	312	122	71	96	360	67	49	52	112	431	34	37	28	72	89	32	370	233	31	279	47	115	41	3	41	99	118	152	87	49	27	881	120	69	83	67	46	488	237	18	289	249	705	9	38	135	81	219	119	54	63	10	6	51	28	148	25	127	28	311	942	1415	199	83	57	78	165	51	56	53	36	47	57	10	81	369	66	93	67	53	272	221	314	41	96	36	82	69	14	26	640	66	113	77	120	60	73	76	211	53	353	56	3	38	78	446	237	79	19	62	110	52	77	84	43	262	162	29	40	33	8	167	905	68	407	7	131	9	16	52	23	57	92	93	31	31	70	197	112	64	7	91	50	73	37	43	49	126	28	25	313	150	2	67	195	148	159	1007	681	106	43	61	44	108	518	50	115	23	363	26	41	47	191	153	99	56	199	47	15	115	628	38	33	92	27	49	179	199	108	28	100	90	61	113	241	45	90	64	22	33	80	73	61	102	68	270	76	373	35	259	61	47	34	34	30	51	522	51	73	74	55	75	160	29	106	209	95	154	290	447	15	63	49
ARNT2	13	58	18	255	115	32	106	288	315	60	353	515	127	2853	189	54	32	223	64	18	157	144	810	21	199	455	450	61	101	510	223	222	313	207	215	88	244	156	359	53	54	55	88	161	11	74	309	74	218	174	14	418	62	59	135	27	123	385	83	215	147	16	247	242	203	242	171	298	163	406	261	248	337	185	272	113	208	77	45	501	75	147	169	226	225	304	110	20	49	51	52	83	324	48	213	139	110	36	68	87	61	187	113	384	16	65	232	88	237	25	266	29	477	210	71	3	73	11	121	78	268	376	221	275	17	44	240	219	38	38	77	3	156	405	75	173	30	69	118	343	509	358	42	151	250	33	289	401	81	353	290	428	304	95	142	139	53	221	53	21	29	308	338	30	491	317	225	520	24	88	239	311	123	175	54	415	167	329	284	212	176	71	260	47	154	14	7	571	513	199	142	149	63	205	213	361	436	59	207	102	9	81	108	596	247	19	468	292	99	53	331	385	379	298	444	125	271	161	72	140	129	65	59	25	236	138	19	69	48	36	43	466	178	120	112	111	260	385	31	311	101	126	33	20	26	78	274	12	21	13	277	107	198	41	26	90	148	170	380	94	181	73	854	302	488	63	107	51	59	84	174	12	16	78	109	14	339	39	228	142	385	39	92	21	104	338	61	20	52	183	125	350	365	460	601	176	5	3	153	39	63	51	257	196	193	363	119	5	230	201	232	152	154	151	48	48	171	79	153	50	234	170	519	130	335	35	28	115	127	362	269	44	343	195	91	16	59	56	88	73	80	87	255	412	414	182	268	273	212	191	137	208	117	28	84	140	373	349	194	373	89	75	5	160	323	362	183	45	161	77	288	535	224	58	55	128	124	205	246	41	13	343	146	79	24	86	18	310	30	143	101	145	187	144	72	85	142	254	108	84	45	196	164	66	14	85	41	253	84	179	174	13	32	248	328	354	452	455	177	550	199	185	155	312	21	113	358	23	47	72	298	12	98	35	18	275	174	231	246	70	1	139	43	124	57	321	72	212	98	238	305	214	267	307	299	149	244	178	81	185	175	18	64	151	347	328	245	205	245	110	97	54	27	123	30	158	18	63	328	233	150	198	59	261	227	298	334	160	37	129	2	105	430	167	346	169	19	165	120	218	368	7	138	418	356	53	152	13	8	422	143	237	312	6	105	49	79	195	38	301	474	268	31	91	219	370	174	288	12	389	96	227	113	196	81	439	71	66	416	204	17	303	325	430	273	67	272	97	228	234	13	250	30	10	22	47	197	60	159	214	705	281	242	15	130	304	19	348	133	126	59	525	62	76	116	318	367	50	324	359	83	27	408	175	60	338	127	83	110	271	250	344	189	392	242	337	106	203	170	167	151	59	55	9	133	185	389	300	179	240	443	22	112	165	108	463	226	283	16	194	164
ARNTL	19	32	77	133	72	32	54	129	139	205	202	335	302	189	2181	35	39	188	91	28	109	72	157	17	101	171	193	160	66	198	113	124	117	79	158	41	197	63	196	151	92	103	56	66	10	48	88	59	90	83	9	176	39	12	67	19	152	208	71	70	116	160	90	116	90	73	73	81	52	287	93	103	170	89	212	81	106	36	170	292	133	68	133	198	115	180	67	38	155	145	189	205	195	133	214	229	77	124	217	88	48	168	36	125	57	101	80	259	164	82	110	27	183	76	20	3	42	8	90	54	133	321	299	103	55	121	172	169	99	125	129	3	93	148	207	226	154	155	115	176	257	173	35	87	153	27	125	288	75	204	123	174	95	185	62	73	49	149	142	37	64	108	142	60	174	225	167	189	125	69	145	124	73	85	42	197	108	96	96	91	221	235	87	30	63	15	5	451	224	338	165	150	81	232	296	193	352	36	249	174	12	305	115	292	286	20	116	145	55	28	186	185	260	124	290	60	126	84	49	140	73	130	207	17	88	76	24	45	82	25	156	200	196	49	46	47	129	236	63	148	58	113	102	21	118	28	138	37	41	9	245	81	104	275	14	42	60	269	88	66	265	52	204	178	326	139	86	36	38	39	85	110	6	260	95	21	280	136	111	73	248	125	60	17	62	144	78	29	122	264	282	126	379	155	403	82	5	1	205	62	95	142	129	214	285	182	75	4	142	114	138	73	83	100	189	202	102	64	73	28	139	195	236	92	122	31	11	56	140	112	275	15	384	192	102	84	204	128	53	77	73	49	296	171	137	359	213	92	92	112	79	112	195	70	45	77	138	105	105	134	46	59	27	77	145	90	350	124	78	48	103	215	136	34	37	100	28	76	180	44	16	164	102	141	27	128	46	140	61	144	69	112	169	64	90	45	111	212	80	62	29	146	96	37	43	87	47	186	48	128	95	6	21	108	141	232	199	93	61	342	111	73	75	149	23	145	245	24	64	118	214	9	96	53	21	155	102	107	89	18	1	61	32	100	32	133	44	160	336	343	191	107	110	237	169	78	86	94	82	90	82	10	44	141	162	135	169	110	169	107	124	52	28	68	29	160	19	36	239	102	78	112	49	121	158	212	256	79	75	56	2	86	178	197	229	90	21	93	84	91	168	13	65	169	279	41	93	14	8	191	182	179	232	4	67	12	23	106	34	136	187	204	24	56	125	294	97	138	8	138	56	129	77	92	55	147	35	53	244	121	3	130	212	201	134	271	231	51	115	131	23	112	75	14	27	36	172	34	73	140	349	265	120	22	104	143	14	157	157	69	35	150	51	52	157	198	146	32	237	132	41	30	218	63	79	118	29	51	80	133	172	140	101	268	106	226	45	137	99	104	81	49	29	20	141	104	163	127	78	88	172	19	120	179	72	197	117	217	14	109	131
ATAD3A	2	14	10	85	20	18	58	62	42	3	33	57	35	54	35	195	2	66	40	10	47	67	53	25	48	42	50	18	28	73	73	19	33	53	46	21	57	34	51	5	15	4	30	45	10	50	49	4	63	40	7	45	32	5	58	21	45	29	28	40	45	2	27	23	47	23	46	20	40	53	50	52	42	19	63	28	53	38	12	86	22	55	27	25	82	47	48	15	14	6	5	15	56	8	56	47	45	8	14	24	9	34	11	23	7	4	23	20	7	11	43	38	61	10	5	3	61	9	18	32	57	29	66	70	8	14	41	31	15	14	36	3	70	22	9	27	2	16	36	53	48	72	29	53	62	16	59	78	37	67	59	58	53	32	68	55	37	47	18	17	18	36	42	11	53	55	70	63	8	19	76	52	35	54	29	89	46	33	43	46	40	9	8	56	54	9	4	27	55	31	51	16	32	44	40	71	17	64	55	53	10	25	53	74	25	28	41	67	46	29	54	87	67	41	37	49	37	77	34	18	27	28	27	15	65	35	15	27	17	18	5	72	68	7	7	7	71	23	19	55	46	11	9	24	5	3	51	2	13	6	28	33	44	5	6	59	24	10	19	41	36	46	52	20	59	32	26	9	52	49	50	1	1	29	34	13	53	12	49	44	47	17	37	5	49	50	28	15	27	30	42	41	73	53	54	65	5	1	21	19	41	15	28	77	32	54	45	2	39	43	44	34	44	35	15	4	24	34	66	6	27	20	55	36	73	5	2	72	20	27	22	6	36	30	49	1	4	19	61	22	48	40	30	30	30	68	53	25	51	40	40	38	60	13	22	50	60	48	55	46	39	29	1	43	85	13	11	4	74	53	46	32	64	44	39	41	4	26	53	21	9	76	76	24	12	14	13	43	18	23	36	42	55	81	18	72	38	53	29	18	18	19	70	39	6	38	25	49	67	66	44	3	13	41	57	32	14	17	52	55	45	54	73	47	16	40	67	23	5	14	38	9	33	34	5	76	22	63	44	1	1	47	29	38	35	59	30	66	25	46	58	37	55	46	74	44	56	54	38	49	70	8	21	49	50	53	41	50	47	22	10	43	32	51	23	43	15	33	86	50	53	30	23	40	29	46	38	36	5	56	2	16	57	37	64	49	23	33	49	54	48	2	49	59	38	41	55	11	8	48	32	45	70	2	23	3	5	35	42	56	48	44	26	20	60	38	64	63	8	61	32	32	25	39	20	53	24	37	84	58	1	26	52	74	46	9	61	46	51	29	3	53	23	4	6	39	35	21	42	47	23	47	66	17	27	62	16	57	28	24	49	48	39	18	27	49	61	37	42	65	31	4	66	66	28	47	8	33	44	56	50	43	40	44	55	85	30	39	51	52	33	31	22	2	34	52	55	60	64	54	66	13	27	15	38	54	35	85	16	50	28
ATF1	8	5	71	25	5	3	7	23	41	83	159	227	94	32	39	2	1457	144	28	6	14	14	28	2	15	33	40	57	10	61	28	35	42	16	59	7	62	8	31	64	29	57	6	9	1	3	10	560	8	19	102	42	7	7	10	6	55	134	15	12	56	41	45	85	12	57	21	97	43	114	14	28	36	164	87	79	45	12	44	87	11	4	41	74	18	36	6	11	24	54	85	86	59	75	167	45	15	64	58	30	16	24	135	216	43	46	307	89	50	42	25	1	39	129	53	1	7	1	22	9	104	213	112	15	27	6	36	44	34	72	26	1	75	62	34	51	50	15	67	54	294	54	8	16	40	8	31	87	8	147	15	27	16	80	4	20	8	31	27	15	26	54	314	17	108	46	36	39	26	14	45	29	15	15	11	38	31	93	174	11	55	26	195	1	21	4	1	141	43	62	34	34	34	78	47	27	72	6	92	66	2	32	3	63	22	1	22	38	10	2	57	29	75	119	80	15	38	9	14	33	44	35	74	1	10	28	4	12	26	1	68	38	37	87	84	86	51	106	2	37	10	105	20	1	30	7	42	41	26	3	38	11	14	74	32	14	219	43	100	15	66	4	60	173	201	54	34	8	1	2	15	33	6	51	14	3	98	49	22	16	90	50	6	15	59	67	21	8	16	32	70	15	78	34	239	22	1	1	62	35	30	29	42	69	44	86	12	6	46	31	40	37	29	29	66	64	75	8	25	56	74	27	105	30	27	9	5	13	45	71	115	21	86	41	10	69	73	65	4	24	9	4	68	84	89	46	97	255	17	53	11	129	32	17	7	26	15	21	31	28	12	22	5	16	29	19	53	25	13	11	193	92	18	5	2	16	9	31	60	156	3	90	17	20	2	29	10	20	19	19	15	7	20	10	10	6	12	23	18	9	6	35	27	5	22	28	9	37	6	15	16	15	8	22	36	104	106	69	5	131	148	5	68	15	7	33	47	1	16	19	158	2	8	6	5	52	45	23	10	63	1	7	6	12	4	32	5	41	34	83	57	33	32	42	30	7	8	18	9	17	14	2	9	32	50	34	25	21	54	15	20	5	3	9	7	15	1	1	53	23	63	38	18	35	26	19	110	16	40	6	1	26	49	52	34	14	1	53	18	15	22	3	11	22	35	2	15	1	1	100	69	40	69	2	13	14	15	27	2	14	46	17	1	13	23	45	15	18	1	23	4	28	19	13	14	122	8	5	66	32	10	73	79	22	27	63	51	15	18	49	4	43	18	5	14	5	54	3	12	16	103	36	16	3	26	21	2	24	29	13	1	20	9	22	9	52	32	3	21	16	6	4	55	7	8	17	14	9	15	40	30	46	39	97	17	43	2	42	18	15	29	9	7	5	43	19	42	36	5	7	31	2	15	27	19	59	45	46	1	17	65
ATF2	32	69	236	253	74	30	82	155	145	474	246	502	668	223	188	66	144	3049	391	77	92	142	192	27	98	173	183	368	44	231	177	147	159	89	361	43	399	72	258	450	272	404	50	77	10	54	89	286	102	87	39	165	47	50	100	49	305	257	53	98	185	255	134	225	90	104	101	131	86	371	89	109	187	210	529	101	185	57	394	627	136	78	158	353	209	238	76	94	268	359	473	518	211	313	587	527	77	335	411	159	70	131	124	287	139	218	270	634	287	172	122	35	188	169	69	3	72	10	86	58	225	451	749	120	106	75	135	173	207	391	253	3	283	219	214	307	327	160	371	252	497	299	41	102	258	41	127	651	58	648	118	170	113	404	98	142	59	153	316	97	207	272	376	114	360	374	357	175	240	53	251	158	75	90	41	360	156	227	248	91	613	336	157	66	138	22	4	280	225	565	277	227	202	305	226	272	186	78	577	492	13	230	99	325	183	28	113	142	79	35	141	243	289	355	225	119	146	148	55	188	107	202	500	25	116	102	28	48	146	25	518	218	353	57	64	66	221	337	28	133	77	184	159	24	198	34	138	97	79	9	265	61	105	390	22	74	182	314	177	75	366	57	300	353	471	305	117	38	74	58	100	227	17	453	66	16	600	375	106	148	387	263	46	26	137	205	119	51	237	333	584	113	605	217	559	135	5	1	314	162	165	204	140	580	504	231	81	15	174	123	187	105	126	113	426	421	149	54	183	31	132	227	307	134	138	46	24	164	187	213	467	37	411	241	151	211	354	437	71	205	101	54	406	201	191	373	282	290	105	129	80	192	420	128	43	89	137	125	216	156	100	76	50	87	259	109	117	45	121	82	309	253	242	53	45	109	39	111	273	196	11	433	224	113	37	151	69	161	109	121	68	110	196	154	58	125	101	324	61	61	44	141	193	45	111	210	40	208	105	149	88	26	38	136	186	278	174	143	78	650	231	104	208	137	25	341	261	24	106	162	406	10	62	76	28	323	133	108	103	49	3	79	37	99	50	170	38	331	339	606	228	126	121	148	203	75	109	112	63	84	131	17	51	231	172	167	118	105	220	132	138	57	55	69	49	111	17	40	602	127	184	129	69	130	130	136	319	86	116	87	2	80	192	287	261	94	23	103	96	87	152	25	78	279	189	41	87	14	8	254	323	137	423	4	84	49	68	120	39	115	196	140	27	62	129	235	134	122	8	135	45	137	63	83	64	282	50	49	486	163	19	159	273	193	146	329	538	120	107	148	18	233	159	26	64	38	235	41	67	104	300	203	151	27	126	119	18	149	239	88	73	148	47	59	141	237	173	45	152	167	66	38	274	105	62	123	33	53	95	154	132	199	128	324	118	438	40	163	97	106	80	45	34	18	222	93	175	143	104	118	197	21	93	133	106	228	199	420	18	120	144
ATF3	23	21	129	71	34	18	42	52	55	222	71	159	388	64	91	40	28	391	1829	111	51	47	58	21	45	54	58	167	30	69	62	42	45	43	105	21	137	28	100	323	220	337	31	39	9	33	37	83	49	34	11	58	33	17	44	38	135	59	29	39	86	159	33	54	40	30	40	37	46	113	41	41	101	41	221	35	55	34	209	185	76	45	93	179	61	82	38	294	558	194	215	268	64	104	197	232	37	150	200	64	22	49	19	49	64	78	36	367	111	77	37	30	69	21	6	3	42	8	20	31	75	144	294	53	36	53	55	90	161	198	99	3	82	37	71	125	143	76	185	91	154	100	26	45	93	24	49	207	35	194	55	65	44	161	46	45	36	63	334	202	405	59	72	65	88	107	113	70	95	16	67	63	34	47	22	98	47	42	48	43	265	191	29	39	51	24	4	96	85	281	118	78	85	128	93	120	64	45	229	194	10	106	49	109	69	25	36	54	38	24	59	68	81	97	69	39	54	53	34	94	31	71	235	16	51	35	39	36	80	14	296	61	140	15	12	10	75	72	21	49	39	52	86	23	112	8	44	42	37	8	128	28	45	191	6	40	36	129	30	36	136	34	87	111	156	142	58	17	40	39	43	123	6	239	32	14	175	168	41	55	117	104	32	10	45	65	50	24	154	147	282	45	281	75	203	53	5	1	106	77	86	103	43	197	258	73	34	11	63	48	66	39	40	38	224	226	32	24	57	8	48	109	78	58	58	32	9	55	53	39	155	9	168	90	70	85	154	289	44	149	63	29	214	52	49	184	116	48	43	41	34	40	190	72	19	44	66	45	54	49	45	35	38	39	68	38	47	14	57	45	55	63	104	38	34	62	12	41	127	96	10	131	83	62	19	65	39	69	57	52	37	41	99	51	25	45	62	123	29	25	21	35	63	31	42	77	24	84	44	60	36	7	21	49	65	74	44	45	38	191	86	47	70	44	22	132	98	20	62	83	105	8	36	58	23	90	37	42	59	6	3	41	25	71	28	62	24	81	186	378	84	44	45	44	69	39	51	42	30	40	46	8	46	85	53	56	47	44	84	66	74	42	45	36	26	47	16	34	202	53	55	37	38	40	46	47	112	34	68	49	2	18	55	95	99	51	21	25	62	44	52	13	35	94	67	34	41	10	7	83	123	46	117	3	28	8	7	40	29	45	53	53	26	24	40	71	55	52	7	55	30	47	22	35	24	69	20	33	122	62	3	32	97	79	55	111	201	51	42	43	11	71	148	20	31	32	93	20	34	44	86	80	62	25	42	49	16	58	111	38	36	44	27	27	83	65	58	29	53	61	37	29	85	52	36	54	15	28	48	56	50	53	37	91	48	155	29	65	42	44	31	28	21	15	97	42	54	57	48	58	71	12	49	60	43	62	67	156	13	52	38
ATF4	6	7	26	21	8	11	14	13	22	69	18	31	74	18	28	10	6	77	111	575	23	12	15	10	15	20	14	40	11	20	16	25	19	11	31	8	47	14	45	130	91	219	11	12	8	11	12	20	12	18	5	19	11	6	15	52	32	29	11	11	24	30	18	16	17	11	13	7	9	43	11	14	18	8	47	15	17	11	58	36	21	11	27	34	13	29	12	14	44	45	46	62	17	35	44	42	11	28	41	18	8	13	6	12	23	25	9	97	26	31	12	10	17	10	5	2	10	7	6	11	21	31	54	13	11	22	16	25	66	41	26	3	22	12	26	33	42	20	37	20	33	32	12	14	27	15	14	38	10	34	12	16	12	47	11	16	12	20	22	17	23	12	19	17	17	33	38	16	21	11	17	13	13	15	11	33	14	10	12	13	49	43	8	10	17	10	4	33	26	64	37	33	21	29	22	24	18	12	50	36	8	23	14	30	19	9	12	12	13	10	18	16	18	25	23	11	28	13	13	21	12	23	50	9	14	15	10	9	20	8	93	19	43	6	6	6	20	30	12	14	12	19	17	9	27	2	16	7	12	5	29	12	10	28	2	11	11	28	2	13	41	10	31	39	37	27	14	7	11	11	14	38	2	44	12	10	33	33	16	11	39	29	11	3	12	19	24	12	43	27	49	15	71	19	33	14	5	1	25	14	22	24	18	55	52	24	12	11	24	17	22	16	15	18	47	64	10	11	14	3	13	19	22	16	15	15	2	12	18	13	41	2	41	26	18	19	31	49	12	22	18	11	36	14	12	36	42	18	13	15	13	13	39	16	13	16	15	14	14	12	18	15	20	13	20	5	19	8	17	13	14	38	24	12	10	20	1	15	35	19	9	35	20	20	11	21	16	17	21	19	13	14	25	13	10	11	17	25	14	12	12	15	18	12	14	25	12	24	12	13	13	3	6	14	23	28	7	5	12	39	24	13	18	11	13	33	20	11	16	20	50	8	14	18	10	24	14	12	13	2	1	11	11	17	10	19	11	22	48	103	21	22	20	16	19	14	11	17	11	13	12	7	12	27	16	18	14	14	30	23	23	14	11	13	13	16	10	10	53	16	13	15	16	14	18	15	45	11	16	14	3	7	21	28	23	13	11	10	14	10	13	4	12	22	15	10	15	8	6	23	26	14	33	3	18	2	3	14	10	13	15	13	13	13	13	17	12	18	7	12	12	16	11	11	13	19	12	12	32	17	1	12	25	21	13	32	45	16	14	18	3	15	56	9	8	10	22	7	12	12	23	15	16	12	15	14	12	16	30	18	10	16	14	14	25	18	17	10	15	16	7	8	18	12	13	15	7	12	19	23	17	15	17	29	12	33	11	21	11	13	16	12	10	4	39	14	18	25	13	15	22	9	15	18	17	15	25	44	10	15	14
ATF5	5	20	11	123	35	25	84	119	131	10	75	124	42	157	109	47	14	92	51	23	743	80	151	22	102	136	126	28	56	187	130	65	106	106	70	37	104	66	157	18	31	26	61	100	10	64	96	21	123	83	7	143	45	10	84	26	64	97	84	85	85	9	70	53	108	64	82	62	57	153	116	112	86	32	89	43	94	45	19	171	43	103	52	53	99	136	85	16	19	18	17	26	135	14	67	59	74	13	28	49	13	141	25	79	7	11	46	30	30	16	87	38	160	45	17	3	59	10	94	47	96	96	87	135	8	20	168	96	26	18	42	3	81	137	45	57	10	35	46	127	140	128	41	88	103	23	142	127	78	107	139	156	139	43	96	71	44	121	46	19	17	88	81	17	115	111	93	186	13	51	129	102	80	106	47	160	80	71	86	129	59	24	45	51	84	9	4	185	141	58	76	50	38	85	174	140	154	65	82	66	10	45	76	187	131	23	121	133	68	32	147	159	130	66	131	63	101	113	54	43	58	36	31	17	131	65	16	53	24	28	18	178	101	25	24	19	131	82	21	133	82	44	13	22	6	24	115	3	13	7	62	103	157	19	10	67	44	40	68	66	74	69	146	65	129	35	42	16	50	59	95	5	4	39	106	13	95	16	116	53	132	21	73	9	56	114	37	15	39	56	54	120	146	129	138	107	5	3	54	19	40	24	90	94	50	113	74	3	98	100	104	63	84	74	17	11	47	80	86	13	69	41	149	61	156	9	5	76	41	67	74	3	120	62	75	1	16	21	84	26	63	63	69	120	113	100	110	59	115	86	83	90	67	19	41	100	152	142	83	127	53	46	3	90	147	74	57	15	113	60	72	126	82	45	37	64	18	42	103	31	13	107	86	72	16	41	17	114	22	73	61	100	109	93	57	78	68	92	91	38	21	128	114	42	6	45	51	118	76	121	106	3	14	92	140	107	162	90	77	145	93	95	101	141	18	47	160	28	19	29	79	12	99	40	5	135	61	124	90	15	1	69	41	76	40	146	44	94	69	96	151	101	114	230	156	86	112	116	101	102	113	15	25	82	122	126	197	107	110	38	35	64	29	90	25	156	18	44	150	101	56	77	31	93	142	204	106	86	7	82	2	86	131	65	151	92	24	67	68	99	143	5	84	111	210	58	98	13	8	121	50	204	134	3	48	14	14	97	47	142	136	186	26	58	134	185	119	156	9	132	54	82	62	100	35	105	41	71	166	114	5	92	140	171	95	40	97	59	126	80	8	78	27	7	8	50	75	32	82	181	170	178	130	18	66	167	14	135	48	54	46	131	63	27	50	123	160	48	211	149	38	7	157	104	71	135	21	64	79	133	201	106	77	124	117	165	51	90	103	107	78	45	24	5	66	113	141	113	101	91	149	15	42	93	65	143	84	142	15	108	117
ATF6	6	40	12	166	39	25	86	125	96	22	87	177	59	144	72	67	14	142	47	12	80	671	121	25	82	102	105	24	38	162	127	56	84	86	111	24	140	61	131	15	23	14	49	73	11	53	86	24	88	50	8	122	47	18	79	32	67	113	47	72	105	5	87	107	77	66	83	68	68	146	80	78	70	59	127	44	106	45	25	231	32	82	50	70	142	100	75	16	21	15	13	36	138	18	116	72	70	16	25	38	34	73	28	88	12	35	74	43	30	15	84	44	116	36	14	3	68	10	46	42	126	100	131	118	9	19	85	63	21	22	55	3	131	84	30	77	11	32	57	131	125	167	42	85	105	19	99	207	49	182	97	108	96	49	100	107	53	85	26	20	19	101	127	14	136	164	145	128	15	41	188	103	57	79	40	200	113	93	108	79	85	23	48	78	99	9	5	96	108	84	88	69	57	93	73	127	70	99	134	101	11	41	80	154	58	28	84	124	65	34	100	155	140	108	99	96	79	122	35	44	52	42	43	24	91	64	15	35	26	19	16	166	121	21	24	22	144	116	20	97	58	38	15	24	8	13	96	6	14	12	83	51	71	15	8	80	53	35	67	67	71	63	141	71	161	47	40	17	70	53	91	4	6	43	60	13	134	24	92	82	152	24	45	6	91	106	50	18	37	75	80	82	148	126	169	97	5	1	71	24	49	23	89	184	72	130	65	7	92	79	103	73	88	71	30	15	52	53	146	8	73	53	138	58	125	20	9	123	69	98	98	12	75	50	71	3	9	35	76	41	70	51	69	92	100	117	113	89	83	84	62	81	97	18	39	76	107	115	132	94	58	49	1	81	199	47	41	12	111	76	115	121	110	45	42	54	11	61	112	23	11	165	118	52	18	29	14	90	20	48	53	72	91	140	32	117	60	101	51	38	36	65	155	44	7	80	33	108	116	123	71	8	19	81	119	110	60	46	76	188	78	84	118	110	18	95	140	27	15	33	90	10	54	41	6	206	67	97	69	20	1	73	34	66	41	118	40	137	42	102	148	78	96	108	147	75	90	104	60	75	118	13	32	87	101	111	83	89	94	41	23	56	35	71	26	79	18	39	214	83	96	67	37	72	68	101	116	69	11	80	2	41	118	79	147	80	25	60	84	97	103	5	68	135	99	44	79	11	8	140	54	97	198	2	39	14	21	76	50	95	116	84	27	34	103	114	117	123	8	109	44	78	49	84	40	124	26	48	216	115	10	71	131	153	98	25	154	79	92	83	7	107	31	6	7	48	85	31	60	88	95	102	114	17	47	93	16	121	48	50	61	97	55	33	51	99	137	52	90	118	48	7	135	100	41	85	22	47	80	123	89	100	87	110	114	210	38	82	85	89	50	46	37	2	74	94	108	113	98	84	128	14	43	58	69	124	89	210	17	85	61
ATF7	10	51	11	231	104	36	103	269	267	46	304	443	101	810	157	53	28	192	58	15	151	121	2233	21	190	402	381	47	81	442	220	190	285	190	180	90	215	149	324	29	34	27	74	173	11	71	309	56	206	156	11	360	64	52	132	26	106	319	82	207	122	4	202	194	198	212	167	262	158	370	261	224	286	129	213	89	170	66	30	448	72	144	161	194	201	276	113	16	34	34	31	58	288	28	172	113	104	22	51	76	48	172	77	304	12	48	182	66	200	17	231	30	438	170	64	3	78	11	111	71	221	315	187	250	12	35	222	187	28	21	58	3	129	331	62	116	24	60	90	288	425	308	40	139	219	36	263	339	79	289	287	407	284	78	135	116	50	182	44	20	23	274	259	22	426	282	184	472	18	73	197	264	114	166	55	374	154	276	248	201	159	54	210	46	143	12	5	512	438	160	136	142	55	158	175	308	397	58	160	88	10	59	103	497	231	20	444	255	95	60	314	357	347	242	385	114	244	145	63	122	96	56	42	25	229	117	15	60	38	31	25	405	149	106	88	83	243	332	29	303	99	102	26	21	14	60	261	6	17	8	211	102	179	32	23	84	118	128	306	86	144	74	733	235	383	55	90	46	58	81	168	5	19	61	102	17	282	26	221	124	341	29	88	17	90	284	47	19	51	149	100	325	330	411	510	164	6	3	128	30	46	36	225	160	166	288	110	5	190	182	199	130	150	127	33	27	150	70	142	46	215	147	441	114	309	30	23	109	107	317	209	33	302	178	85	7	36	42	88	70	74	89	213	389	389	169	222	211	203	170	133	180	103	21	65	128	360	327	184	324	80	68	2	148	295	298	168	44	157	71	223	437	203	56	47	112	96	173	196	33	15	280	136	75	24	68	17	284	28	122	97	147	170	138	60	85	123	219	100	72	44	173	139	66	8	79	44	225	76	152	153	12	28	222	283	303	362	355	177	466	170	167	147	282	22	89	319	26	36	59	244	13	92	35	12	255	148	224	217	52	1	129	40	113	60	292	75	186	87	190	255	189	224	280	265	150	219	165	77	174	160	14	58	127	310	299	233	197	203	85	65	50	31	117	31	135	19	63	302	209	119	172	52	220	193	277	257	152	25	122	3	91	373	138	315	155	21	134	96	210	340	7	137	388	286	54	139	14	8	341	114	208	267	4	86	47	64	182	37	277	416	244	28	89	202	303	159	258	11	340	94	201	101	178	72	365	77	62	360	183	18	260	285	373	252	55	226	83	202	208	10	210	26	11	19	47	168	58	155	199	610	246	206	17	119	283	21	303	109	129	58	490	54	71	107	277	333	44	274	331	79	20	358	167	63	316	110	74	100	236	238	295	171	325	224	300	107	182	175	159	134	57	52	10	107	183	343	269	167	231	401	22	102	130	92	405	191	239	16	177	125
ATRX	2	12	9	29	10	15	23	23	18	3	15	23	16	21	17	25	2	27	21	10	22	25	21	59	21	18	21	13	16	26	25	8	15	21	24	13	26	18	21	4	11	2	18	20	10	19	22	3	22	18	6	19	19	2	20	17	18	11	20	16	23	2	16	13	20	17	19	10	23	19	20	18	17	7	24	19	21	18	12	29	16	21	17	14	27	21	21	13	12	6	5	11	23	8	27	22	21	8	14	16	6	17	4	10	7	3	13	14	5	10	22	18	22	4	3	3	22	8	11	22	24	17	27	24	8	12	20	17	13	11	22	3	28	8	9	16	2	15	22	23	18	23	19	22	20	14	21	28	20	27	22	21	23	17	24	26	20	22	14	14	16	15	20	10	21	27	26	21	8	15	28	19	19	23	16	27	25	16	19	20	20	8	4	23	20	9	4	9	19	16	22	12	20	23	18	23	4	22	27	27	9	18	18	25	14	18	19	26	19	16	21	26	24	22	13	22	20	25	20	14	16	18	15	15	21	18	15	18	12	13	6	24	26	3	4	3	25	8	17	20	21	4	9	18	4	2	21	2	13	6	15	20	19	5	2	20	17	5	4	21	21	19	21	8	26	15	16	8	25	18	20	1	1	15	20	12	23	12	20	23	21	15	22	6	24	19	19	12	23	14	18	16	22	18	22	24	5	1	14	14	23	13	16	30	14	21	22	1	19	19	20	20	19	19	11	4	12	20	24	4	17	13	20	19	25	4	1	25	15	10	8	1	17	15	24	1	4	12	23	14	18	18	11	13	12	25	22	12	24	21	19	20	23	12	15	23	22	21	20	18	20	17	1	20	28	4	5	1	23	20	19	14	24	24	23	18	1	18	23	16	9	26	27	17	10	10	12	17	16	16	19	17	21	28	13	28	17	20	17	14	17	11	27	17	6	22	15	22	26	25	24	1	11	17	22	16	1	2	22	20	21	18	26	20	15	24	26	16	6	9	22	8	19	21	5	27	12	20	18	1	1	18	17	19	18	24	16	27	17	23	25	19	23	20	25	18	20	23	19	23	23	8	12	18	21	20	19	19	21	13	6	20	18	25	16	21	15	18	28	19	22	18	17	19	14	22	21	16	4	20	2	11	23	19	27	20	16	16	19	22	20	2	21	24	19	20	23	11	8	19	17	22	26	2	15	2	2	17	18	20	21	19	15	13	24	17	25	21	8	21	19	20	17	18	15	16	14	20	30	22	1	13	25	23	20	9	26	22	20	18	3	23	15	4	4	20	16	13	18	19	4	20	24	14	17	22	15	21	18	14	25	23	19	13	16	19	22	21	17	22	12	3	21	25	18	18	5	18	22	23	21	21	22	18	21	27	18	19	24	22	15	19	14	2	20	20	23	21	22	19	23	13	18	14	22	20	19	30	15	21	17
BATF2	4	34	15	147	38	27	98	152	147	18	120	178	58	199	101	48	15	98	45	15	102	82	190	21	887	151	149	39	51	226	130	67	141	106	84	39	108	80	185	20	26	20	69	105	11	68	116	27	129	107	8	165	87	12	98	22	68	139	70	85	97	8	81	70	130	98	90	107	97	212	121	130	114	31	94	42	92	50	28	197	37	104	68	65	121	137	110	16	22	19	18	36	148	18	84	65	89	15	29	56	24	83	25	83	10	22	72	34	37	20	109	35	172	57	21	3	67	11	43	56	116	131	108	159	15	21	122	101	24	23	53	3	95	87	34	66	11	26	47	147	145	141	70	217	110	21	150	145	58	112	150	162	158	52	100	81	78	129	34	33	24	96	99	14	147	115	96	204	10	58	146	108	101	129	54	185	96	90	110	131	71	25	84	49	74	10	4	226	138	72	81	60	42	108	92	125	218	79	93	71	10	53	93	230	94	22	139	156	75	37	173	192	171	108	157	84	127	126	52	54	68	51	37	23	135	82	18	62	24	39	23	210	104	34	38	35	151	227	26	168	95	34	19	23	12	27	150	4	15	16	82	60	91	12	3	66	52	37	79	155	90	68	197	79	149	39	44	19	55	62	120	2	4	46	71	16	112	20	294	58	160	27	85	7	64	118	44	19	34	79	71	115	166	140	171	129	6	3	68	26	35	49	98	114	68	148	88	2	130	102	129	71	116	95	25	17	50	72	94	20	75	49	149	76	151	13	7	87	52	83	88	6	137	66	63	9	22	30	85	34	67	67	67	185	176	110	134	56	151	110	99	94	77	21	56	109	156	164	109	156	49	42	2	109	160	80	71	22	115	65	91	136	95	43	38	66	28	96	128	27	12	118	102	52	19	45	19	122	22	85	65	97	114	105	29	79	73	78	58	77	29	79	109	44	8	46	46	148	75	140	135	5	14	103	137	130	86	81	104	169	88	106	107	158	18	56	183	26	20	29	93	13	71	37	7	127	69	127	100	12	1	85	40	81	36	170	47	98	48	103	169	109	135	150	166	90	120	127	81	122	120	21	35	97	164	146	132	135	132	47	33	57	29	112	28	106	17	42	155	105	61	95	35	130	77	145	115	94	9	87	3	31	151	69	181	100	23	77	77	129	158	5	99	135	136	61	113	13	8	141	59	128	147	3	60	17	13	104	44	168	166	107	25	58	171	112	123	188	10	170	65	101	67	109	42	110	57	58	182	265	5	111	166	210	137	37	109	72	150	97	3	91	23	7	12	47	97	67	79	124	212	126	131	17	82	150	19	173	65	63	54	163	57	35	60	146	192	55	139	149	41	5	189	115	52	151	30	65	161	150	132	115	102	136	159	164	56	110	128	129	88	87	26	8	92	136	169	137	111	98	177	16	53	59	76	167	111	165	15	119	65
BAZ2A	18	36	19	211	131	32	61	278	261	54	292	436	119	455	171	42	33	173	54	20	136	102	402	18	151	2687	388	60	101	380	186	223	213	187	208	55	229	65	274	41	43	49	64	135	11	58	184	52	163	151	19	366	43	62	103	21	101	322	72	355	91	20	176	165	183	151	125	160	97	323	357	234	299	147	213	87	145	56	30	448	78	129	159	208	199	208	78	16	38	44	38	59	283	29	168	127	70	28	61	69	56	186	65	340	14	33	189	73	134	19	217	24	716	180	59	3	58	9	158	84	228	346	200	197	14	58	222	218	39	25	50	3	93	487	67	126	37	77	84	274	448	298	28	108	199	29	235	358	63	299	463	688	203	73	106	111	30	325	35	19	26	373	292	30	476	340	185	520	27	77	147	264	113	123	45	332	122	337	279	177	161	75	124	31	136	13	10	465	462	182	111	126	38	171	236	279	358	37	185	71	11	73	79	548	293	14	223	244	71	60	301	352	306	149	399	97	272	126	73	72	103	59	41	17	161	98	15	55	50	35	40	381	121	60	39	44	173	407	24	281	92	139	30	17	28	67	249	10	20	7	258	99	165	40	20	58	138	136	387	66	175	62	487	302	428	43	103	45	38	71	112	9	17	74	100	16	321	40	192	135	331	30	72	21	76	248	45	14	60	201	104	480	308	393	515	118	6	3	140	24	44	46	303	143	188	328	83	4	123	171	142	99	100	110	32	39	149	88	108	32	189	153	638	102	268	21	27	85	112	338	215	45	334	188	64	11	45	44	69	64	55	69	281	284	272	144	198	228	145	166	136	177	94	24	64	138	532	236	148	303	58	128	8	96	269	398	168	46	249	53	196	490	195	46	39	98	104	189	219	48	12	267	109	92	25	56	18	412	30	119	91	128	146	110	74	61	147	255	88	63	30	218	117	47	11	60	33	182	56	122	148	17	26	231	287	377	447	401	93	528	195	125	120	274	21	84	332	19	49	103	258	14	91	27	15	245	146	200	200	64	1	115	35	107	46	203	65	183	97	217	238	173	249	302	213	152	243	136	62	134	127	16	73	101	322	311	218	186	229	94	123	44	24	99	34	132	18	47	310	227	115	181	42	213	241	323	293	109	23	90	3	115	397	146	303	130	18	130	88	159	358	10	108	433	309	46	113	15	8	404	99	208	231	7	121	49	76	217	29	279	433	264	33	80	206	383	119	239	8	301	76	236	100	162	67	344	80	51	375	146	14	268	289	361	218	63	251	67	194	252	8	223	27	8	17	39	167	43	139	193	661	328	177	19	116	269	19	298	129	155	40	268	50	63	120	318	283	32	314	268	65	24	372	119	57	329	111	69	76	211	260	311	162	385	186	306	122	142	145	153	149	45	44	7	59	147	340	244	117	178	377	25	112	170	79	414	154	197	14	163	153
BCL3	13	34	20	218	89	38	71	250	234	58	269	396	112	450	193	50	40	183	58	14	126	105	381	21	149	388	2377	61	85	384	185	189	223	154	192	53	217	80	272	43	46	42	65	121	10	56	166	78	172	258	17	326	46	26	107	22	104	350	65	161	122	23	195	190	165	184	133	177	93	360	213	197	304	163	232	98	153	64	43	400	85	116	144	193	197	199	76	19	52	42	45	65	295	39	180	118	86	28	58	65	95	162	90	310	16	36	175	80	135	17	415	23	388	247	61	3	57	9	111	73	215	319	179	197	15	50	206	232	31	30	61	3	115	347	81	162	31	71	84	261	370	290	37	102	204	30	417	343	65	261	241	368	191	86	108	113	38	188	57	18	33	261	297	32	393	304	192	430	37	102	173	251	104	137	48	326	131	234	241	178	135	82	164	31	136	14	6	461	409	165	113	128	42	202	205	281	379	33	176	85	10	84	86	480	227	18	239	240	76	41	288	305	282	181	366	103	219	130	72	64	101	71	55	19	180	211	18	62	47	30	40	354	180	83	68	62	182	335	20	230	93	135	31	20	26	64	234	10	23	7	232	98	185	49	24	68	129	150	343	68	163	70	406	239	425	39	92	49	46	63	111	17	12	78	93	15	307	40	172	142	339	36	78	11	80	243	49	17	58	188	109	275	299	394	472	127	5	3	160	26	42	55	231	175	181	340	179	3	151	180	169	114	105	248	40	47	147	81	118	41	198	163	444	99	257	22	15	73	119	310	211	39	320	163	64	17	55	42	66	61	64	68	208	265	256	160	219	225	170	169	130	198	96	27	64	141	314	227	149	285	66	80	2	114	249	288	166	55	137	60	229	444	175	49	40	111	90	155	201	35	13	262	121	86	22	64	18	239	31	119	85	145	156	107	72	56	125	229	85	67	35	180	138	43	9	75	36	190	58	145	138	15	32	224	275	343	406	359	93	464	159	142	117	274	23	103	351	21	51	77	223	12	81	28	13	236	314	167	173	55	1	110	37	98	41	221	56	179	112	211	251	186	209	294	253	127	201	143	66	146	133	21	58	122	629	304	222	162	220	92	86	44	26	103	32	133	18	56	261	198	118	331	53	422	190	263	304	111	20	93	2	104	690	154	297	115	18	293	89	153	332	9	110	362	311	43	122	11	8	400	110	207	250	3	89	39	61	175	33	271	752	234	29	80	184	355	123	229	8	302	72	196	108	154	74	327	68	52	341	147	14	540	295	344	217	78	241	71	199	206	14	210	24	5	18	37	167	51	128	176	953	244	181	15	116	254	20	290	113	110	51	243	48	80	127	288	275	37	276	280	69	21	344	131	59	280	95	73	82	225	228	542	345	353	194	281	80	160	155	132	133	51	44	10	89	150	642	230	132	181	328	24	156	144	81	363	162	224	13	162	149
BCL6	32	33	508	45	27	22	22	34	88	806	78	143	1323	61	160	18	57	368	167	40	28	24	47	13	39	60	61	4553	37	65	51	64	97	25	206	42	152	37	173	729	251	437	23	23	9	16	23	169	29	23	6	73	19	23	31	27	415	52	19	27	91	397	35	82	22	30	26	28	20	335	27	36	124	36	532	54	47	16	522	318	144	24	168	334	63	158	22	98	320	675	1011	978	81	581	507	611	36	667	723	257	39	66	21	36	323	340	16	1077	382	388	32	14	50	20	11	3	19	6	31	29	45	425	826	29	256	90	49	106	242	846	380	3	87	37	333	320	527	166	363	198	130	155	21	50	215	36	29	351	22	325	31	50	34	719	22	30	34	67	176	93	110	51	72	123	77	146	155	61	310	24	70	47	21	32	17	95	47	46	44	22	723	482	59	16	28	17	3	167	77	618	240	198	221	311	172	174	109	20	402	559	7	253	48	192	118	13	33	44	26	30	41	47	60	203	66	28	81	30	27	254	63	260	920	13	24	35	30	22	236	20	656	53	289	7	11	11	155	183	22	36	34	105	247	12	335	4	46	280	155	13	231	25	28	736	8	19	18	449	18	35	466	16	117	262	219	453	70	38	21	16	48	472	22	1050	22	14	433	504	40	62	260	493	19	18	45	64	115	56	250	422	941	29	621	56	262	70	5	1	301	253	177	417	38	394	955	101	20	16	175	54	139	47	65	54	834	837	26	23	73	6	24	264	73	115	32	28	20	52	162	38	500	5	524	274	113	491	719	662	19	206	73	18	398	56	42	295	105	32	26	37	27	27	511	232	36	26	34	36	78	56	41	32	58	32	50	50	60	22	33	26	35	45	99	24	20	92	9	34	247	46	12	159	127	117	29	204	96	66	161	74	49	68	191	28	32	25	78	251	28	29	23	44	44	18	194	142	20	156	22	49	28	4	24	54	61	80	46	20	17	532	63	38	32	35	31	286	124	14	107	116	313	6	26	63	35	111	55	29	39	14	5	30	20	80	14	77	22	180	525	734	99	52	28	52	74	29	31	23	22	28	25	8	43	166	43	54	45	33	130	128	139	31	52	23	43	46	12	15	328	41	60	37	67	36	53	52	123	31	190	31	2	25	50	258	120	49	15	33	57	25	40	32	23	128	108	18	31	20	7	78	553	47	229	3	85	5	4	26	14	33	53	60	17	19	44	105	52	45	5	40	33	38	29	26	31	61	17	17	141	88	1	38	105	73	112	649	336	65	26	42	23	50	198	25	82	14	177	21	25	31	119	92	46	28	173	27	13	62	346	24	17	48	19	28	130	120	59	15	64	41	24	55	138	24	51	36	18	25	48	44	43	52	33	151	37	174	35	136	37	27	24	24	19	22	273	28	43	44	26	35	77	21	68	128	56	88	155	232	12	41	37
BHLHA15	7	16	10	59	32	21	37	72	78	13	70	98	35	101	66	28	10	44	30	11	56	38	81	16	51	101	85	37	851	91	62	62	54	58	47	29	54	29	87	20	24	17	54	51	12	42	65	12	63	58	7	83	32	20	45	15	36	71	36	64	36	6	47	43	90	41	43	39	28	81	74	69	67	30	50	26	44	35	22	92	34	55	37	47	52	70	35	14	24	22	26	31	97	16	45	47	37	20	30	37	11	51	15	56	8	11	39	31	29	14	61	18	103	27	14	3	28	9	29	31	44	81	56	66	10	38	65	81	18	17	22	3	30	91	27	51	23	37	26	65	100	71	26	45	57	18	74	77	30	57	88	99	58	39	47	39	21	72	29	14	17	65	58	16	95	77	54	120	17	36	52	64	53	56	32	80	41	62	56	55	43	43	25	22	39	10	4	132	92	46	46	42	21	54	76	83	97	26	40	34	9	33	38	119	82	14	64	75	40	29	91	91	79	36	97	35	75	40	30	36	36	31	27	13	60	35	14	41	29	24	15	101	49	20	20	14	68	73	18	80	44	30	21	15	12	11	134	4	14	6	68	40	52	23	6	33	27	40	79	35	51	34	100	44	79	31	31	15	25	37	52	9	16	40	35	14	75	18	67	32	90	22	40	10	29	67	27	15	34	67	45	67	91	89	105	61	6	1	46	16	25	27	68	45	60	110	39	7	47	61	52	36	43	48	18	19	33	35	35	14	37	42	89	45	127	12	17	37	40	70	52	5	79	55	39	7	22	22	41	27	35	40	144	62	61	45	73	41	53	52	59	52	45	17	28	49	84	82	44	71	32	31	3	44	68	78	47	23	65	30	44	87	52	23	17	46	16	32	60	17	12	53	43	32	21	25	14	62	19	63	39	79	56	40	37	27	61	71	41	22	18	45	40	33	7	22	23	57	26	47	55	3	15	56	83	88	89	80	44	112	50	50	38	67	14	30	89	18	12	32	47	10	42	19	14	60	35	51	60	13	1	45	25	51	29	68	28	49	43	52	91	93	85	81	78	52	68	56	36	55	49	14	24	48	80	81	65	114	59	38	48	41	19	56	17	48	15	40	79	66	39	48	20	73	56	82	86	44	6	47	3	36	98	47	93	43	17	38	32	52	76	3	50	95	75	28	75	12	8	101	45	64	53	3	39	8	10	69	22	81	108	66	24	39	76	81	60	79	8	78	33	63	37	50	39	71	28	31	75	57	3	75	96	104	59	30	56	31	57	66	6	45	20	6	8	29	51	23	48	60	135	71	68	13	86	81	18	79	37	41	21	79	35	28	58	77	81	24	65	74	34	8	80	50	27	88	33	37	35	75	72	72	56	86	53	75	54	45	65	54	56	27	22	4	33	66	94	115	45	53	88	20	34	45	31	85	45	64	14	63	45
BORCS8	12	44	18	304	85	35	130	291	503	51	373	497	128	510	198	73	61	231	69	20	187	162	442	26	226	380	384	65	91	2839	258	225	445	213	216	56	287	110	380	52	51	56	92	164	10	93	213	101	224	181	17	658	73	58	151	28	130	408	93	168	179	15	253	228	203	240	190	293	190	433	244	259	279	173	240	112	222	72	44	506	92	161	157	216	250	520	146	18	42	51	57	83	388	46	227	144	130	36	71	83	54	169	146	388	14	46	260	106	132	28	234	46	402	202	67	3	91	11	102	88	313	373	257	311	17	51	236	247	36	32	82	3	208	344	74	182	61	88	114	333	441	358	55	183	240	41	288	420	86	358	258	371	429	87	183	152	66	231	47	24	26	298	351	37	456	321	240	487	40	107	284	284	122	198	71	429	167	306	317	224	162	91	283	71	168	16	7	582	388	188	160	145	56	211	216	355	493	127	226	124	12	94	135	553	228	28	306	319	102	57	359	390	367	291	433	137	239	209	76	93	122	91	68	24	261	138	22	79	54	46	38	469	193	130	111	107	284	383	31	302	117	145	31	23	34	69	285	15	27	11	244	101	191	60	36	107	187	150	363	121	181	95	462	308	472	58	110	55	77	91	193	26	10	90	122	17	331	48	251	104	731	41	108	22	115	321	72	19	62	198	138	262	420	399	549	197	5	3	157	40	68	56	231	263	181	390	139	11	349	226	377	159	265	174	49	46	149	105	168	62	230	148	447	132	339	31	26	149	118	349	499	42	324	157	99	15	65	56	125	69	90	103	237	420	410	221	314	272	224	203	168	222	157	33	126	173	314	487	203	532	96	85	1	270	363	276	180	56	229	112	314	469	212	62	63	137	85	158	237	51	13	296	189	89	32	126	26	265	34	172	113	165	197	178	75	126	155	260	96	81	47	170	207	70	10	97	49	268	108	238	202	13	36	231	328	378	409	377	154	491	196	189	181	297	23	119	408	32	55	86	326	13	104	46	11	310	187	240	194	69	1	146	52	137	63	518	78	213	126	256	370	226	294	340	351	160	239	215	107	210	221	21	73	173	366	321	237	243	256	100	104	89	38	148	36	178	20	62	384	223	151	186	70	259	182	306	364	281	32	149	2	91	382	190	392	184	24	179	147	228	351	7	158	382	318	70	178	13	8	427	131	260	315	4	100	50	70	205	57	279	425	245	32	110	254	327	221	300	11	347	95	228	111	188	95	401	80	75	431	241	18	292	392	419	260	77	274	114	246	225	9	210	36	8	31	60	210	55	155	215	670	271	254	19	131	307	22	363	135	110	73	322	97	72	126	328	362	73	301	330	87	20	440	191	75	312	88	99	134	305	266	332	238	411	256	375	82	195	218	189	154	68	52	8	151	222	379	299	181	212	383	23	116	155	130	431	359	345	19	195	171
BRCA1	10	43	29	199	56	25	159	174	167	61	165	249	112	223	113	73	28	177	62	16	130	127	220	25	130	186	185	51	62	258	1317	177	140	138	128	53	159	75	199	39	38	38	75	100	10	100	128	48	237	103	15	199	59	35	190	30	157	153	67	89	137	19	147	117	128	136	174	129	77	243	127	149	139	92	195	78	213	71	40	338	59	163	101	138	169	163	96	18	37	39	53	68	202	63	157	118	91	35	69	56	31	108	66	173	19	41	111	74	60	25	139	43	220	81	31	3	85	10	55	61	165	191	195	192	15	26	127	140	26	36	66	3	153	153	46	135	59	45	82	161	305	367	49	125	247	29	159	263	64	224	167	189	154	92	209	107	57	162	39	26	25	158	190	18	234	195	166	252	24	70	204	235	82	155	49	285	126	152	179	123	127	63	89	77	185	11	5	248	175	187	153	107	62	138	133	312	216	128	157	114	13	53	153	277	108	26	153	182	123	38	185	247	206	129	282	111	138	156	71	69	72	61	68	28	245	91	19	64	41	35	34	341	148	49	37	33	317	158	29	167	87	61	27	22	30	28	172	21	21	10	116	86	109	47	11	121	81	88	143	85	115	79	248	120	235	56	55	27	71	93	130	16	16	70	79	15	203	39	142	78	207	36	71	8	92	257	62	23	47	113	119	140	276	287	257	243	5	1	112	37	58	41	126	206	122	233	89	5	129	161	151	113	123	114	47	39	88	79	152	22	104	80	214	97	208	25	30	127	100	149	135	48	189	108	82	13	36	56	122	41	109	71	143	164	159	174	159	124	132	134	119	128	119	27	45	117	176	177	148	172	111	51	6	104	242	120	78	26	179	124	159	258	152	50	46	107	48	87	167	33	12	199	157	57	24	55	22	151	34	100	87	122	210	155	41	118	89	157	76	58	31	103	174	69	13	72	43	173	100	265	133	24	17	126	319	179	155	206	104	287	99	186	143	173	19	88	242	30	30	40	140	9	68	43	9	226	111	170	144	49	1	113	47	98	70	186	60	145	72	164	251	143	160	181	362	123	146	145	75	126	255	18	43	220	182	253	140	144	152	54	60	63	34	115	32	110	18	51	253	143	107	116	53	138	90	168	187	94	22	147	2	53	217	116	251	108	23	93	97	143	191	4	93	198	173	58	123	14	8	257	149	155	220	3	71	53	29	115	53	189	215	133	35	70	170	156	236	188	9	193	68	113	72	104	53	265	62	61	303	150	14	159	233	279	165	52	181	92	138	131	10	129	35	8	11	54	148	38	92	133	260	160	273	18	96	218	19	187	102	65	67	178	76	47	61	188	204	60	165	320	53	8	230	178	63	169	48	83	102	193	158	148	125	194	154	267	78	147	138	132	90	61	39	7	120	153	196	189	210	209	197	22	46	75	98	222	118	260	17	121	104
BRD4	12	37	42	162	51	11	40	140	139	111	171	245	127	222	124	19	35	147	42	25	65	56	190	8	67	223	189	64	62	225	177	1767	121	123	156	29	194	30	150	63	40	58	34	52	4	34	87	68	118	86	9	189	17	22	85	11	138	266	37	104	64	49	150	134	103	118	123	117	40	235	115	125	153	131	178	77	164	45	89	270	59	95	130	197	132	166	31	8	39	61	84	83	179	81	141	128	37	42	111	35	46	116	105	260	31	58	181	128	108	26	138	7	227	107	39	2	34	5	79	46	126	255	187	105	13	54	121	133	22	53	54	2	75	278	110	141	101	72	69	158	448	294	12	58	212	16	142	265	33	231	141	219	103	127	79	84	14	138	45	8	19	271	262	28	291	220	175	260	57	58	96	195	53	75	22	194	63	202	184	84	146	105	79	9	142	4	6	282	226	255	190	199	39	150	163	240	210	7	151	85	5	65	48	303	188	5	106	126	40	22	157	184	152	132	373	69	112	68	52	71	71	80	110	12	143	73	6	37	40	20	54	316	122	55	37	34	185	246	11	129	54	98	38	7	44	23	174	21	15	4	174	49	105	100	11	35	140	154	284	31	145	27	245	218	273	57	50	28	14	41	63	52	6	92	53	11	241	62	92	65	232	48	29	6	51	220	49	9	61	156	116	152	271	330	286	112	2	5	137	22	36	50	152	136	159	231	61	2	90	143	96	85	51	100	71	99	78	66	70	21	73	102	279	77	151	24	15	61	89	311	192	45	254	143	61	50	108	55	36	48	29	38	157	138	134	94	126	173	83	132	85	161	92	29	35	84	159	121	102	152	77	39	7	56	165	219	74	26	95	41	188	430	112	25	15	93	56	101	140	24	6	166	70	55	11	66	24	158	29	113	54	83	123	62	57	27	94	198	53	37	29	120	78	26	14	60	15	101	28	116	82	23	17	133	246	239	305	352	42	351	131	98	76	123	11	92	218	9	39	72	194	5	50	12	10	150	110	112	131	55	1	69	21	58	35	121	28	125	113	206	179	118	149	159	224	79	114	84	36	59	115	18	45	147	192	222	109	101	161	93	99	23	11	50	21	79	8	24	227	150	72	104	34	132	131	157	250	70	39	57	1	74	212	154	205	56	6	100	42	88	168	3	50	255	149	19	62	8	4	280	153	97	167	5	71	46	47	111	10	143	228	143	15	65	117	241	104	117	5	149	35	123	62	74	61	341	41	32	240	97	11	163	184	195	141	98	183	53	104	124	10	135	36	6	19	20	133	21	68	106	391	197	154	7	86	159	8	149	106	68	25	126	40	69	93	194	143	16	165	209	41	14	216	83	37	156	68	41	39	140	139	196	125	256	102	189	46	99	83	64	89	15	22	7	61	85	191	152	96	144	188	10	74	113	60	239	116	124	6	103	121
BRF2	12	52	67	138	53	35	74	163	320	126	164	233	165	313	117	33	42	159	45	19	106	84	285	15	141	213	223	97	54	445	140	121	1527	109	134	51	145	80	273	91	49	70	64	113	10	48	132	72	135	100	9	380	57	18	85	28	147	205	68	91	105	63	134	119	118	130	97	154	99	325	134	152	152	64	156	72	110	38	84	275	68	88	93	121	133	383	84	15	42	83	120	128	200	109	141	128	64	86	123	110	43	122	55	177	44	83	112	139	155	72	125	20	197	98	28	3	44	10	70	52	132	241	197	156	61	32	135	128	43	89	94	3	84	178	95	112	85	60	88	235	234	202	40	99	153	24	164	239	54	200	139	200	310	136	85	68	43	120	48	27	22	153	170	32	229	203	127	262	62	68	141	158	71	111	43	217	102	140	153	120	149	97	150	26	86	9	5	287	239	176	133	136	78	148	140	198	279	30	164	143	10	76	76	320	136	13	201	151	57	33	182	205	186	180	219	77	164	97	45	104	84	103	120	26	140	82	12	41	44	29	76	233	127	47	37	35	206	261	24	174	69	74	37	13	40	32	142	37	37	29	145	68	115	102	9	50	71	141	154	77	168	49	302	174	270	74	49	33	38	48	146	59	8	111	76	14	216	76	153	62	495	96	66	10	74	175	54	26	50	130	131	177	256	223	260	122	4	1	159	58	49	71	133	168	143	195	72	2	318	122	329	119	230	118	95	99	68	53	112	16	106	98	238	95	158	46	11	78	118	144	376	24	267	152	75	68	120	96	62	54	49	61	135	223	228	122	153	125	136	119	87	100	118	35	103	98	168	330	153	386	52	41	11	175	172	161	84	25	88	41	135	246	119	30	28	74	62	98	171	26	11	180	86	70	19	158	27	139	50	94	73	96	120	70	50	47	84	146	58	63	33	142	85	42	48	87	35	173	49	117	106	9	18	155	173	196	193	202	89	331	110	114	84	175	15	112	222	19	44	46	209	11	66	27	11	181	110	140	134	28	1	82	33	76	37	320	51	135	109	215	204	120	132	180	179	87	130	119	57	119	112	18	29	123	181	194	149	123	172	59	70	29	24	76	21	105	14	39	213	122	75	127	53	143	136	173	184	193	44	71	3	47	188	130	197	111	15	107	64	121	202	8	93	203	237	33	82	11	6	206	165	149	196	3	79	28	39	112	23	166	240	156	20	62	139	203	115	171	8	193	71	136	84	116	46	207	51	43	219	150	11	159	195	213	167	132	180	77	140	116	7	122	38	8	15	24	149	40	106	122	341	137	126	12	128	162	18	211	104	71	35	205	39	49	79	196	229	32	197	195	46	18	241	91	55	172	39	48	84	161	140	192	133	216	149	196	47	172	118	96	86	51	36	8	149	128	198	142	87	121	213	15	58	112	82	259	308	189	13	118	74
CAMTA2	2	25	10	134	51	23	77	165	136	8	129	183	47	207	79	53	16	89	43	11	106	86	190	21	106	187	154	25	58	213	138	123	109	1121	93	30	101	63	138	11	23	15	64	85	11	58	121	32	112	88	13	182	50	48	81	24	59	150	51	108	79	3	127	95	122	79	86	84	62	155	138	136	145	56	91	57	97	46	15	201	48	98	90	86	114	122	70	15	19	11	8	21	162	12	81	60	69	11	23	46	25	77	44	139	9	12	97	33	41	15	132	36	206	59	25	3	66	9	44	51	108	159	90	138	8	22	115	202	20	13	41	3	83	161	32	80	11	35	55	119	190	185	41	88	120	26	132	156	55	133	156	190	146	48	100	83	43	128	26	20	19	142	138	15	201	133	112	367	11	58	110	122	90	134	41	184	73	143	127	105	71	31	60	44	104	10	6	291	153	67	94	132	33	99	107	142	151	52	81	57	10	41	71	235	101	22	136	149	65	44	276	176	152	87	169	79	106	93	59	35	58	42	29	18	134	76	15	64	26	29	12	215	81	37	33	31	138	153	23	255	80	45	15	22	7	24	161	6	16	6	107	67	107	11	9	63	72	70	161	66	80	62	223	149	168	37	45	27	48	66	85	3	6	33	72	14	120	13	130	69	162	19	61	8	61	142	42	17	33	75	56	135	162	182	204	112	5	3	62	21	44	21	116	105	65	199	70	2	80	222	98	155	80	78	17	18	58	65	83	14	69	52	188	63	162	7	14	75	59	149	92	19	121	154	60	3	12	22	69	30	58	53	84	124	124	87	100	93	106	94	89	115	63	14	40	104	163	146	105	151	62	48	1	102	154	137	74	23	106	62	112	198	93	47	37	87	32	67	115	28	11	119	86	46	16	38	15	131	22	81	65	95	97	84	39	60	80	114	66	43	23	83	103	52	6	44	32	101	63	108	102	9	16	136	167	174	175	174	83	219	80	108	86	131	17	50	166	28	19	27	108	12	63	30	8	126	76	114	117	26	1	103	40	79	45	145	81	102	38	103	173	113	142	163	156	96	247	106	59	91	110	21	35	91	162	249	102	110	128	53	48	55	29	84	33	85	17	43	135	272	74	96	43	123	83	145	158	87	8	79	2	46	184	78	173	84	23	85	62	115	148	2	81	177	133	65	88	11	8	200	63	115	117	5	63	24	26	118	46	155	175	135	27	55	129	138	97	149	10	157	56	114	66	92	49	172	83	57	176	110	5	121	165	198	128	23	115	67	105	123	5	102	23	4	15	52	98	36	76	113	250	118	121	18	79	150	17	161	117	70	45	149	62	42	57	135	157	49	142	153	50	9	174	103	56	262	45	110	74	153	131	132	103	158	133	153	72	102	118	113	93	49	38	3	55	113	178	157	96	113	174	17	61	58	71	180	92	118	16	116	79
CBFB	22	42	103	269	89	38	46	190	149	234	185	379	369	215	158	46	59	361	105	31	70	111	180	24	84	208	192	206	47	216	128	156	134	93	2085	46	407	59	175	181	110	122	39	67	10	43	92	101	87	88	31	183	36	34	78	32	159	228	53	113	121	134	121	130	72	107	102	116	90	246	98	109	163	178	292	78	151	47	243	433	89	58	144	275	215	180	60	46	104	236	255	269	179	145	358	301	53	165	233	127	83	147	90	274	104	140	253	302	171	120	122	25	230	142	54	3	57	10	96	52	210	352	442	98	107	81	131	155	78	219	235	3	181	241	166	203	133	96	162	202	344	225	27	75	207	33	131	462	54	461	131	182	100	276	63	132	40	133	79	44	57	279	336	85	344	412	317	215	132	62	196	168	75	91	33	297	135	218	227	92	345	180	100	32	120	12	5	232	230	306	176	168	109	218	192	208	168	34	425	240	11	162	67	361	201	20	116	138	52	40	148	218	238	200	235	102	121	114	60	114	69	139	279	21	92	94	21	44	96	22	160	231	270	24	25	22	156	320	23	138	61	129	107	20	118	20	124	54	49	8	237	69	102	196	14	43	166	204	144	54	275	43	271	267	445	140	90	36	52	50	75	138	11	263	69	15	471	185	99	163	296	213	42	22	101	168	74	28	172	272	297	133	353	217	381	92	5	1	209	83	93	132	176	387	336	230	64	14	127	107	136	94	88	97	218	218	120	69	115	14	111	205	328	81	99	36	16	136	139	192	341	54	349	191	127	180	264	217	51	132	54	45	290	178	181	204	216	263	83	131	83	193	233	64	56	94	154	115	179	156	73	70	20	84	256	109	100	32	90	45	271	266	171	53	36	100	35	129	219	57	12	321	145	80	33	124	61	187	54	105	67	95	125	108	73	86	109	275	64	55	34	154	150	33	66	161	30	147	71	102	83	25	28	134	166	314	146	123	60	463	123	74	139	141	20	243	216	17	54	139	258	9	58	42	15	293	129	102	94	47	1	79	31	77	46	143	33	308	206	390	149	98	129	155	143	83	114	106	53	70	96	15	49	138	184	182	120	93	167	104	108	42	35	50	36	118	17	32	471	130	125	125	55	128	151	156	351	87	59	63	2	90	207	211	196	69	18	109	63	74	177	12	64	254	188	34	68	12	8	237	240	117	334	4	90	47	69	135	29	124	224	163	27	66	142	258	93	95	9	134	41	164	71	91	71	268	48	47	414	125	22	161	192	176	152	251	425	84	111	180	19	227	67	11	27	32	168	35	70	103	272	210	114	18	115	111	15	147	159	93	65	150	34	58	123	221	145	33	159	141	71	24	247	71	47	121	30	45	58	146	134	197	126	317	102	402	48	118	90	97	98	32	37	10	124	84	185	129	69	88	178	24	94	106	77	218	139	315	15	98	158
CBX2	5	11	22	45	16	14	31	42	55	19	40	51	55	88	41	21	7	43	21	8	37	24	90	13	39	55	53	42	29	56	53	29	51	30	46	421	52	53	54	21	18	11	26	34	11	27	53	11	42	43	6	50	24	21	36	13	42	32	26	37	32	13	24	17	37	25	34	30	27	54	39	46	48	12	49	21	45	23	25	74	23	34	40	42	37	55	34	13	19	22	24	34	52	23	45	44	27	25	32	38	11	40	13	32	15	15	19	31	60	20	46	17	57	13	5	3	25	7	18	26	37	54	52	46	19	16	43	32	16	30	32	3	30	49	23	39	12	25	28	43	54	61	25	36	56	14	44	59	31	52	41	52	43	41	37	27	24	36	24	18	14	38	40	18	59	52	40	66	14	22	32	45	32	38	24	47	27	38	40	36	45	23	22	21	36	8	2	70	55	45	31	28	26	40	46	55	53	21	47	40	6	28	31	90	38	12	67	51	33	45	51	54	49	33	56	28	49	38	24	53	22	26	33	11	42	25	11	22	23	16	20	57	44	8	5	4	55	41	16	43	27	11	16	13	13	3	39	4	12	5	34	27	33	19	3	22	23	24	21	29	43	22	104	45	64	29	26	13	21	27	38	7	7	43	27	11	52	19	39	28	61	28	29	6	20	44	28	15	26	27	40	45	68	59	51	41	5	1	37	23	24	25	42	50	49	54	30	5	45	32	45	25	37	39	25	23	21	31	29	7	26	26	58	33	42	4	16	34	28	22	41	7	64	43	30	14	24	28	30	23	25	30	41	42	41	37	41	25	39	32	32	34	34	15	25	31	52	45	33	49	27	19	2	38	46	51	29	8	36	26	38	53	30	20	19	30	13	32	49	15	8	46	34	21	11	20	14	42	25	34	25	37	42	30	18	27	31	36	26	17	12	31	32	24	13	22	23	42	26	42	35	1	12	52	54	51	32	34	43	78	28	35	33	46	14	30	58	16	8	10	58	8	22	17	7	44	27	45	37	4	1	31	22	35	22	55	21	45	39	52	45	41	44	41	56	36	34	34	35	40	36	7	12	41	46	46	42	39	40	24	17	19	16	31	12	38	12	26	56	39	23	30	23	47	31	46	46	35	8	33	3	24	49	40	51	31	15	31	26	43	59	3	34	53	44	22	37	11	7	47	36	40	49	3	43	8	8	34	18	41	57	41	18	27	49	53	39	41	6	52	28	42	23	37	19	56	20	23	63	40	1	39	43	62	56	31	52	28	41	47	3	37	20	3	4	21	45	18	35	39	60	43	43	11	38	41	13	59	39	25	20	94	24	17	27	51	49	21	48	57	17	9	61	35	25	42	23	22	29	36	42	46	34	58	39	53	41	49	40	38	33	22	18	1	34	38	47	50	37	40	57	14	17	32	32	57	41	53	14	34	35
CBX5	34	44	55	339	71	29	69	212	163	182	266	511	320	244	197	57	62	399	137	47	104	140	215	26	108	229	217	152	54	287	159	194	145	101	407	52	2383	75	220	206	179	200	53	79	10	46	100	100	100	112	27	215	37	59	83	32	139	311	58	88	163	126	141	174	96	113	101	122	93	296	86	141	163	249	345	111	199	54	202	532	117	69	160	308	250	212	76	52	154	147	182	221	276	100	386	305	79	102	184	74	97	154	164	372	39	82	341	317	169	53	159	26	230	150	54	3	63	10	111	72	268	414	498	121	36	124	171	192	98	131	184	4	233	316	130	250	126	151	214	204	400	256	33	92	186	35	153	607	65	574	129	191	110	181	83	183	42	185	103	39	76	313	477	111	448	596	442	239	139	69	292	161	83	102	45	341	173	293	336	103	364	224	144	47	135	24	4	313	259	314	164	163	90	265	236	226	255	52	551	245	10	190	85	392	249	24	132	167	63	59	165	258	275	244	257	140	157	159	84	91	103	121	215	22	105	130	33	59	104	29	150	262	333	28	32	31	160	379	33	144	76	153	95	23	95	29	173	14	30	9	264	81	105	145	10	51	247	239	213	65	289	49	331	401	527	112	112	48	59	50	91	109	10	225	75	19	536	163	138	143	406	122	48	16	114	180	71	22	241	340	321	115	465	237	469	98	5	7	265	54	85	119	189	482	341	282	104	35	135	133	149	102	100	150	170	155	125	80	163	16	119	197	367	106	130	49	27	136	149	239	359	36	365	157	132	58	152	158	61	127	60	48	341	222	218	243	279	342	106	171	103	238	254	68	54	109	140	133	213	198	85	103	30	92	316	157	121	41	120	56	368	294	227	61	43	103	39	125	230	61	13	376	189	105	51	110	44	183	46	143	85	119	140	133	80	112	112	312	68	62	35	170	227	35	25	216	39	170	84	149	114	16	28	143	202	403	205	149	73	542	156	75	162	166	27	301	263	24	85	211	434	9	69	55	17	429	185	124	107	48	4	86	38	93	45	171	44	369	280	461	216	159	167	209	187	92	115	145	73	93	118	16	61	172	246	194	152	150	275	119	217	55	42	80	40	146	19	33	620	145	173	155	73	171	170	189	493	101	55	80	2	100	245	258	252	83	20	159	88	90	211	18	71	331	220	43	102	17	8	297	157	168	482	4	124	41	113	141	31	119	249	182	28	77	175	317	127	138	9	150	52	175	76	110	101	342	56	50	560	166	15	226	265	215	141	184	575	112	133	199	16	231	131	8	30	40	216	42	79	117	378	274	135	18	98	133	17	182	159	98	74	180	51	51	153	289	166	46	192	157	94	29	332	84	52	125	41	55	87	228	174	253	183	446	128	545	56	122	128	108	114	40	38	8	117	125	217	159	88	90	214	23	126	147	97	266	174	407	16	126	188
CC2D1A	5	20	27	83	21	21	59	71	94	42	76	98	59	156	63	34	8	72	28	14	66	61	149	18	80	65	80	37	29	110	75	30	80	63	59	53	75	579	108	31	29	23	44	58	12	38	104	22	60	57	8	101	39	11	55	24	59	65	43	41	71	23	49	49	63	68	56	65	62	118	54	64	48	31	59	41	67	33	40	112	30	52	40	42	60	86	61	15	24	30	34	44	93	35	68	60	50	26	42	47	23	50	22	51	14	25	50	50	90	26	65	28	74	27	7	3	37	11	27	40	80	95	77	75	20	19	63	51	34	31	49	3	61	55	39	64	30	36	47	89	73	87	38	58	72	23	76	98	37	77	64	72	85	59	57	46	41	65	30	21	19	49	68	18	68	83	66	85	29	33	79	52	51	60	37	88	64	58	64	60	58	41	67	35	53	10	5	82	67	64	58	42	47	73	57	79	78	40	84	69	9	50	51	98	43	19	130	79	45	24	67	82	76	86	65	51	61	66	40	83	44	44	55	18	61	58	15	35	24	21	31	100	82	26	23	21	82	67	27	69	50	24	17	20	22	10	70	5	17	6	46	40	50	41	6	40	36	33	40	47	68	38	179	58	100	37	36	12	34	40	68	16	7	48	38	15	79	31	84	35	109	34	41	7	47	70	43	18	42	41	58	54	105	64	98	64	6	3	66	29	38	32	60	87	46	93	68	5	96	58	88	48	76	68	36	25	29	38	69	13	44	35	74	46	65	14	10	52	52	46	68	6	90	51	52	20	35	40	43	31	43	45	51	78	78	65	85	46	74	64	56	65	51	15	41	55	69	87	71	74	43	39	5	78	85	26	26	10	62	42	51	71	56	32	27	45	6	41	88	23	12	72	54	37	11	39	23	52	27	51	46	57	63	54	23	51	43	53	46	26	23	40	67	32	17	48	31	94	42	73	59	6	14	64	76	77	50	46	75	104	50	58	50	69	19	70	97	22	18	19	93	8	39	25	7	85	60	60	50	11	1	50	30	54	34	97	29	82	56	94	99	66	61	80	84	53	61	64	47	62	69	11	16	73	80	77	58	60	71	29	23	35	24	55	21	52	16	31	96	60	46	71	37	77	46	68	81	76	15	51	3	23	81	63	92	44	23	63	50	69	74	4	59	60	76	37	59	12	8	100	55	80	100	2	46	11	11	56	29	71	89	59	21	37	74	72	67	72	8	66	43	56	42	53	35	60	31	37	103	81	4	65	87	96	80	39	86	54	63	61	5	46	35	7	6	34	72	24	44	67	80	59	67	15	51	76	17	81	51	39	34	158	37	20	36	84	90	38	72	70	22	5	92	52	40	60	15	43	57	77	65	69	59	82	73	105	35	78	62	63	43	37	22	4	83	66	83	71	58	57	91	15	35	43	45	86	78	104	17	59	43
CCDC6	21	70	100	197	69	38	118	186	262	232	265	314	303	359	196	51	31	258	100	45	157	131	324	21	185	274	272	173	87	380	199	150	273	138	175	54	220	108	2505	203	134	159	77	142	11	72	153	74	177	121	7	299	69	29	115	35	193	229	84	128	165	121	160	154	141	164	136	181	122	437	170	180	213	87	262	94	157	55	152	388	100	127	145	186	171	287	124	39	101	173	219	233	304	158	225	233	114	148	215	141	62	162	58	181	60	117	116	278	187	111	144	38	281	95	31	3	65	10	89	69	201	354	324	233	76	63	179	172	84	152	136	3	153	239	147	204	120	114	141	302	299	292	59	161	208	42	211	356	78	282	186	250	236	219	134	111	70	186	88	48	52	184	189	59	273	247	200	335	95	82	214	193	105	147	60	314	122	190	189	141	265	198	192	58	133	12	4	422	298	269	198	186	102	196	204	266	338	84	246	230	13	128	121	413	189	25	227	224	89	46	234	262	243	228	254	92	323	146	58	135	133	141	222	28	183	105	19	55	78	36	144	309	218	59	60	58	252	329	34	225	95	87	66	21	92	45	190	52	48	23	215	89	157	175	16	82	85	253	172	108	261	73	360	242	360	107	91	59	61	72	305	181	16	198	92	19	309	130	213	81	398	142	87	9	91	228	106	35	111	197	235	195	459	286	371	168	5	1	236	76	88	112	178	304	242	271	111	10	249	183	245	140	160	145	178	207	80	80	159	29	141	139	269	125	251	51	14	119	149	190	321	14	392	204	114	101	196	152	95	80	88	86	223	277	281	226	224	120	182	172	127	130	192	57	78	129	247	265	146	288	80	68	29	144	238	228	133	33	163	80	142	275	169	47	45	112	66	117	235	39	12	245	156	99	31	130	42	178	66	128	84	146	195	128	67	93	124	215	82	91	47	153	154	57	73	110	50	249	87	180	147	8	22	198	230	275	230	201	123	434	171	153	117	230	21	170	349	29	63	82	321	13	93	58	19	242	133	188	185	32	1	115	51	120	50	295	71	207	228	364	305	153	170	262	244	126	170	161	87	153	161	19	58	195	221	237	194	148	227	88	136	68	46	115	40	150	19	55	345	164	98	136	63	185	163	240	248	148	50	110	2	75	265	214	326	157	25	108	114	173	253	10	122	275	272	57	126	13	8	282	202	194	284	3	116	26	36	137	49	209	276	210	31	70	191	255	176	259	8	280	119	157	76	150	73	241	58	67	320	217	10	181	299	332	209	215	260	114	180	142	11	147	92	21	31	53	197	59	122	172	432	223	195	20	151	198	20	279	182	87	56	244	76	60	139	266	299	56	230	228	54	23	331	145	69	219	67	78	144	215	204	225	143	300	210	293	74	214	169	136	116	75	48	17	402	182	251	195	151	159	311	20	90	165	117	337	217	328	18	196	108
CEBPA	56	29	672	46	19	14	11	21	81	1088	83	154	1556	53	151	5	64	450	323	130	18	15	29	4	20	41	43	729	20	52	39	63	91	11	181	21	206	31	203	6451	1040	1860	13	7	3	5	7	235	15	8	2	63	6	34	18	42	492	69	12	10	94	478	23	83	10	26	15	34	13	338	13	15	86	53	554	50	35	7	510	255	128	7	163	317	27	142	8	151	476	689	1041	1197	72	672	512	661	28	811	793	256	39	46	22	32	329	298	25	1601	464	406	20	4	28	18	9	1	4	3	20	23	46	437	808	13	196	77	27	72	703	910	294	1	86	27	328	301	786	181	513	189	138	177	12	38	183	34	19	321	12	322	13	26	21	714	17	20	20	80	201	158	189	54	70	167	58	126	133	32	292	11	55	26	13	13	4	89	31	37	29	12	719	540	83	6	15	21	2	182	55	719	242	201	246	284	154	141	91	12	486	640	4	244	44	110	75	4	23	27	15	6	20	33	62	252	57	22	96	19	17	318	66	243	958	6	14	30	21	9	240	8	1132	30	303	13	15	15	134	226	13	16	11	107	216	4	441	5	29	387	174	7	174	9	14	812	13	8	13	423	30	20	393	5	143	410	191	448	66	28	7	6	28	551	24	736	13	15	340	582	29	41	273	394	5	21	29	50	135	60	292	248	815	22	723	35	251	76	3	3	277	298	222	273	24	476	680	60	18	27	191	37	141	42	54	55	934	1031	20	10	71	7	20	198	43	105	16	45	25	39	155	43	527	5	466	235	86	442	650	882	6	232	146	8	430	49	39	334	108	37	13	30	10	21	414	166	28	20	17	20	67	40	46	22	182	21	37	27	79	34	29	12	36	51	86	7	6	61	11	18	282	75	5	172	104	122	42	219	116	37	198	51	48	47	233	12	19	11	53	191	21	15	14	41	33	15	231	141	19	152	12	36	15	2	19	53	45	66	43	29	6	498	89	24	27	22	21	280	112	4	197	165	431	3	17	93	81	104	57	18	20	10	6	16	8	94	5	59	14	161	501	923	119	42	21	42	76	10	13	18	11	20	20	5	36	220	30	36	33	18	180	105	177	22	64	13	60	32	4	5	415	23	48	41	64	31	48	42	127	22	297	19	2	21	27	255	129	38	5	34	62	14	23	79	7	74	97	5	15	22	3	80	435	30	223	5	65	4	7	19	4	19	34	49	13	7	26	89	45	35	3	23	32	39	12	14	18	54	7	7	141	68	3	27	104	49	82	496	406	48	13	28	31	31	392	45	80	5	224	11	10	16	93	57	41	26	118	14	6	46	345	13	7	30	8	28	98	110	54	6	47	33	15	131	101	11	48	15	11	15	55	31	34	44	31	130	20	196	12	150	22	9	16	14	9	51	315	19	26	31	19	21	65	10	43	135	49	73	185	266	4	30	28
CEBPD	35	22	154	57	22	17	22	29	59	342	84	143	536	54	92	15	29	272	220	91	31	23	34	11	26	43	46	251	24	51	38	40	49	23	110	18	179	29	134	1040	2293	1035	19	17	9	15	16	77	26	21	6	55	13	26	26	33	172	63	21	21	65	208	24	57	22	32	27	33	21	163	24	26	64	56	251	31	39	16	236	188	63	19	83	177	35	83	15	68	233	251	340	378	66	206	272	322	26	264	305	76	28	37	18	42	81	81	34	600	190	120	28	13	42	23	12	3	13	5	17	24	45	204	387	25	54	62	30	74	328	313	147	2	73	33	107	146	232	91	210	95	122	104	15	34	87	26	32	216	17	212	24	35	23	217	25	30	20	64	93	63	90	60	73	107	67	119	119	43	116	21	52	34	22	22	12	85	38	46	39	23	344	252	55	15	27	15	3	127	59	300	106	89	97	115	93	93	67	19	284	238	7	114	41	89	74	12	26	33	23	18	34	41	69	147	56	30	79	29	24	112	44	105	333	13	28	27	18	17	98	12	448	44	175	15	16	14	61	118	13	29	18	62	99	13	184	7	38	74	54	8	125	16	24	237	9	19	23	208	32	19	173	14	108	170	144	154	53	21	14	16	24	206	15	276	18	14	183	255	34	37	153	148	14	13	29	50	68	24	185	148	332	29	382	45	196	42	5	1	145	112	101	119	28	285	338	52	28	26	86	37	71	34	37	40	299	348	27	20	60	9	29	111	57	54	27	19	16	31	79	39	229	6	234	107	56	112	205	335	15	137	73	16	218	53	48	163	80	47	20	31	21	31	201	76	23	26	27	29	44	35	34	30	107	23	46	35	58	25	34	19	51	54	78	16	14	46	9	29	117	56	7	135	64	77	25	102	52	31	77	43	32	33	111	21	19	19	53	124	20	20	18	35	40	16	76	97	24	72	21	38	21	4	21	48	48	59	36	34	15	242	73	27	35	29	17	163	78	11	94	107	201	6	19	56	39	96	47	25	31	13	5	21	13	61	15	45	20	108	252	444	77	38	35	39	60	22	25	26	17	24	28	7	35	123	45	43	31	25	108	64	113	23	36	21	36	35	11	17	284	32	46	46	33	37	44	45	130	28	119	29	2	21	42	128	87	29	12	29	46	23	35	34	18	62	72	13	23	12	6	76	138	32	140	3	45	5	8	28	13	29	45	44	18	17	31	67	41	41	5	32	28	40	18	21	22	64	15	15	127	50	4	36	86	41	47	162	259	39	25	33	16	40	209	16	30	13	117	14	21	22	85	42	45	22	51	25	12	48	144	21	15	30	19	20	83	78	39	15	49	42	20	60	71	23	26	28	20	17	38	43	36	53	43	102	30	144	24	66	28	18	27	17	14	21	122	20	38	40	26	28	57	13	45	69	34	67	101	168	10	37	31
CEBPG	54	20	358	52	18	10	11	25	70	722	95	169	971	55	103	4	57	404	337	219	26	14	27	2	20	49	42	437	17	56	38	58	70	15	122	11	200	23	159	1860	1035	4607	11	7	2	4	6	168	16	19	3	56	2	47	17	58	311	91	12	15	79	336	25	80	15	25	16	39	11	238	18	19	72	69	415	38	30	5	371	228	94	8	107	253	28	103	5	94	322	422	629	681	69	398	382	452	23	455	517	130	34	37	29	60	197	188	40	1054	322	245	25	2	41	33	18	1	2	2	17	18	49	299	604	17	85	72	24	78	567	544	201	1	89	44	219	233	510	126	357	132	159	134	5	33	118	29	27	274	8	273	18	35	15	437	16	21	12	77	132	92	119	63	84	134	76	132	130	42	198	14	53	29	11	14	4	99	33	47	39	14	544	414	78	4	19	15	2	173	65	520	168	139	155	170	114	107	102	11	381	418	3	157	34	104	73	2	17	31	15	8	30	35	68	208	65	22	83	20	15	207	57	153	607	5	15	28	15	9	159	6	857	39	225	20	25	26	87	190	5	25	9	95	146	2	285	9	34	178	87	7	163	8	17	490	12	8	22	326	40	12	271	3	130	302	182	306	55	24	5	4	21	370	27	459	12	10	262	419	30	33	220	227	4	19	26	60	95	32	246	199	561	26	551	44	253	51	2	1	192	190	147	177	24	376	487	71	19	38	126	32	100	40	41	53	592	656	25	14	60	10	31	149	62	70	20	41	32	30	109	45	376	9	338	154	55	249	381	604	5	199	110	7	337	58	48	232	107	64	12	34	12	29	291	113	22	19	20	23	56	38	38	23	139	18	46	36	72	32	31	11	53	77	86	7	4	51	12	22	190	69	4	167	85	98	31	159	79	39	137	50	33	36	160	12	14	10	47	155	19	16	12	40	36	11	154	117	17	101	10	34	15	5	20	44	55	82	55	41	5	388	82	21	33	23	17	231	93	2	159	144	326	5	14	68	63	105	61	14	24	18	6	13	6	80	4	45	10	120	371	698	94	42	27	42	66	11	18	18	10	20	19	5	32	181	42	42	31	20	146	87	156	19	44	12	47	30	2	6	363	27	45	47	38	40	46	40	146	24	240	21	1	20	45	175	104	28	2	35	63	15	30	60	7	79	83	3	15	8	2	94	253	29	199	5	54	6	12	20	2	21	44	41	12	13	26	82	39	40	2	25	26	36	13	12	23	69	11	5	145	56	4	39	98	47	48	277	346	43	16	33	20	36	330	33	62	3	154	7	12	18	120	47	40	20	69	15	5	45	233	17	5	29	10	26	83	88	44	4	47	32	17	108	85	11	26	22	18	12	41	44	38	48	42	126	25	182	12	93	17	10	23	8	5	31	200	15	39	40	19	24	61	7	41	99	35	72	140	230	2	33	35
CENPBD1	4	18	13	54	22	21	56	63	68	13	39	68	36	88	56	30	6	50	31	11	61	49	74	18	69	64	65	23	54	92	75	34	64	64	39	26	53	44	77	13	19	11	321	56	12	44	58	13	64	51	6	74	44	7	52	20	50	46	37	45	50	5	39	33	68	42	52	36	36	93	61	59	56	14	50	32	51	34	21	95	35	62	41	37	54	74	56	14	21	14	16	24	70	17	45	45	48	12	26	35	7	40	14	45	8	8	28	25	27	14	50	24	69	10	6	3	32	9	22	29	44	49	51	77	8	19	56	61	17	17	29	3	42	43	17	46	9	28	34	62	75	72	36	54	59	18	65	76	39	59	61	73	66	45	59	41	35	63	31	18	18	41	50	12	61	58	49	84	12	31	62	56	40	63	37	77	47	41	53	67	41	19	20	28	49	10	4	82	64	50	50	33	31	59	52	75	69	32	49	47	9	36	53	94	41	17	67	79	47	26	66	77	72	43	55	46	51	55	32	33	34	30	28	16	71	48	16	40	18	24	12	88	58	6	8	5	81	51	27	72	53	22	11	17	10	15	76	4	13	10	38	42	47	14	1	38	26	26	25	45	40	40	90	38	77	27	26	16	29	43	67	3	3	34	35	14	59	16	65	30	79	19	48	7	35	73	36	16	27	36	40	59	87	71	64	69	6	3	36	15	27	21	52	55	37	73	45	2	67	54	73	43	58	52	23	16	17	40	52	3	32	26	68	55	84	7	6	38	34	33	43	3	70	43	35	7	14	18	47	20	47	40	39	68	67	59	61	26	63	60	52	45	43	16	34	45	65	73	60	72	42	26	3	60	71	24	31	10	51	38	44	61	46	25	23	40	13	34	58	20	12	58	48	36	13	27	15	53	19	46	45	56	63	49	18	38	40	46	38	29	16	40	52	36	7	29	28	65	34	65	62	3	13	56	72	56	34	35	52	85	45	64	48	70	16	42	83	23	15	19	51	10	50	23	8	70	44	62	53	3	1	58	30	62	29	80	34	53	36	52	89	77	59	68	84	55	61	62	46	55	70	12	20	58	67	82	61	63	60	25	20	37	21	61	24	58	17	40	79	59	40	44	24	64	46	64	55	51	10	51	3	26	61	42	86	53	19	43	46	63	74	2	51	52	74	40	68	12	8	62	46	67	72	2	30	5	13	53	29	71	74	64	22	29	74	57	73	81	8	77	38	49	42	66	28	64	32	36	91	67	2	46	85	89	59	22	61	48	69	54	5	47	19	4	7	32	49	23	51	64	70	57	69	14	68	67	18	83	36	38	27	74	36	24	51	65	77	33	71	74	28	4	74	58	36	62	11	45	52	65	62	62	58	62	75	78	34	49	66	59	40	40	24	3	52	69	71	78	54	59	70	15	28	35	39	85	65	81	16	70	37
CENPT	4	23	10	122	41	28	67	106	105	9	88	111	36	161	66	45	9	77	39	12	100	73	173	20	105	135	121	23	51	164	100	52	113	85	67	34	79	58	142	7	17	7	56	649	12	61	119	15	112	82	6	112	59	9	79	23	58	79	52	107	56	2	70	44	101	68	81	79	80	125	123	100	107	22	90	37	73	49	18	152	40	91	56	54	99	138	82	15	16	7	6	19	112	10	57	55	63	8	17	72	19	83	11	72	7	12	45	21	34	13	74	31	166	35	12	3	60	11	42	35	88	80	70	153	8	21	104	74	16	14	29	3	61	83	27	35	6	28	37	183	143	109	39	89	95	25	122	102	60	89	118	147	139	33	82	68	44	90	31	19	19	71	67	13	107	90	72	167	9	42	98	96	77	97	52	151	64	64	76	129	55	20	51	39	70	10	5	172	150	56	66	52	33	61	81	133	158	50	63	60	10	34	73	196	76	22	124	129	57	33	149	156	130	76	129	60	82	103	43	44	47	40	24	21	129	60	15	45	19	26	7	153	78	26	19	17	117	70	23	150	80	29	13	20	8	35	99	2	13	6	66	53	95	10	4	56	39	26	55	65	52	54	148	57	126	32	38	24	47	65	94	1	3	32	57	14	79	15	102	58	116	17	106	8	49	106	35	19	26	47	40	122	121	139	131	89	6	1	46	18	32	20	96	78	53	82	60	1	83	69	91	56	88	62	16	7	39	59	75	12	66	35	153	64	142	9	10	78	44	55	60	12	92	67	55	1	7	19	75	28	57	96	64	144	132	83	97	57	189	79	71	59	56	14	42	73	160	148	85	134	45	32	1	88	128	69	53	17	86	47	64	127	72	38	33	53	32	63	83	24	10	98	81	38	19	35	14	120	21	55	66	73	99	89	28	68	72	76	52	40	25	61	72	41	6	40	44	144	66	89	101	5	17	99	113	81	95	94	99	114	123	97	88	148	16	46	127	30	15	25	70	14	55	28	9	101	51	120	93	17	1	77	37	62	38	141	43	85	35	70	101	78	95	120	129	74	107	85	72	147	96	14	28	65	112	101	112	104	78	35	21	46	26	82	23	86	17	52	132	91	52	67	27	80	73	116	77	82	8	77	3	31	103	51	117	96	24	58	59	110	150	3	126	117	117	51	87	12	8	86	43	105	105	4	48	14	12	95	39	119	127	102	26	54	127	108	101	138	9	152	53	83	49	101	26	114	42	50	142	94	5	65	100	144	105	22	82	52	140	72	6	77	21	4	7	42	73	40	79	105	146	102	105	16	55	110	19	134	43	53	47	137	50	31	50	106	200	47	113	136	44	6	124	112	41	151	39	49	66	106	104	105	66	98	113	134	48	81	103	91	63	52	27	4	63	97	122	99	87	89	236	15	40	50	49	145	80	111	17	108	55
CENPX	2	8	7	10	7	11	10	11	12	2	9	12	10	11	10	10	1	10	9	8	10	11	11	10	11	11	10	9	12	10	10	4	10	11	10	11	10	12	11	3	9	2	12	12	23	10	12	2	10	10	5	9	12	1	11	10	10	8	12	11	10	2	10	9	11	10	11	4	9	11	10	12	10	3	10	12	10	10	9	12	10	11	11	9	10	12	11	9	9	5	4	9	11	5	10	10	11	7	9	10	4	11	2	3	5	2	7	10	2	7	11	10	10	1	2	3	10	5	6	10	10	6	10	10	5	9	11	9	7	9	10	2	10	5	8	11	2	12	10	11	9	11	12	11	10	10	10	11	11	10	10	10	10	10	11	11	10	10	11	11	11	10	10	7	12	11	10	12	6	11	10	11	11	10	12	12	10	9	11	10	10	7	1	10	10	7	3	5	10	9	10	8	10	10	11	11	2	11	10	10	6	10	10	11	10	9	12	11	10	11	10	12	11	10	8	11	11	10	11	11	10	11	10	9	10	9	9	11	9	8	4	12	11	2	2	2	11	4	12	11	11	3	6	9	3	1	10	2	9	5	10	12	11	5	1	10	10	3	1	11	10	10	12	2	11	10	9	5	10	10	11	1	1	10	11	9	10	9	12	10	11	10	11	4	10	10	11	12	10	8	10	11	11	10	11	10	6	1	10	9	10	9	11	10	10	12	11	1	12	11	11	11	11	11	9	2	8	11	10	3	10	9	10	10	10	1	1	10	11	7	4	1	11	9	10	1	3	9	10	9	10	12	9	10	8	10	10	7	10	12	12	11	10	9	11	10	10	10	10	11	11	12	1	12	10	2	4	1	11	10	10	8	10	10	10	10	1	11	10	10	8	11	10	9	8	7	9	10	12	11	10	11	10	10	9	10	11	10	11	9	9	8	10	11	5	10	11	11	10	10	10	1	9	12	10	9	1	2	11	12	10	11	10	11	10	10	10	12	4	5	10	5	12	10	6	10	8	10	10	1	1	10	11	11	10	11	11	10	10	9	11	12	11	11	11	12	11	11	12	11	10	7	7	10	10	10	10	11	11	10	4	10	10	10	10	12	10	11	10	11	12	10	11	11	10	11	11	12	3	10	3	8	11	10	10	10	12	8	10	10	10	2	12	12	11	10	12	9	6	11	10	11	10	2	12	1	2	12	10	12	11	11	11	10	12	11	11	10	5	11	11	12	11	11	10	10	9	12	11	10	1	8	11	11	11	8	10	11	10	12	3	10	9	4	3	11	11	9	11	11	2	10	11	9	12	10	10	11	10	11	10	12	11	9	11	12	11	11	11	10	7	2	10	10	11	11	3	11	11	10	11	11	11	11	10	10	10	12	10	10	11	11	11	2	11	10	10	11	10	10	11	10	9	10	11	10	12	12	12	11	11
CERS6	2	14	10	83	30	19	83	73	59	3	41	61	31	74	48	50	3	54	33	11	64	53	71	19	68	58	56	16	42	93	100	34	48	58	43	27	46	38	72	5	15	4	44	61	10	255	59	12	101	56	6	66	39	8	83	18	64	41	34	47	51	2	42	21	59	41	76	32	39	65	63	66	52	16	57	30	89	52	12	101	30	86	36	30	67	68	61	15	14	7	7	14	70	10	39	38	54	9	16	29	10	41	13	32	7	4	24	15	12	12	49	34	81	9	5	3	54	9	15	31	56	39	56	85	8	15	53	55	13	13	26	3	58	24	12	33	3	19	27	59	88	93	32	55	87	19	73	73	40	61	72	76	71	36	92	49	34	58	25	18	17	33	39	11	55	47	56	94	8	33	75	77	50	82	40	95	44	32	47	74	33	12	11	43	70	9	4	77	62	41	60	24	26	43	46	101	64	49	41	41	10	27	77	90	27	24	64	76	67	27	87	98	83	33	84	44	41	79	36	27	28	27	21	17	106	43	14	42	16	27	5	115	61	10	7	5	108	32	20	85	61	16	12	20	9	9	68	2	13	6	28	40	48	6	2	63	23	10	17	44	32	48	60	21	58	26	24	10	41	70	58	1	2	30	35	13	54	11	61	36	57	16	53	6	40	80	29	16	24	26	36	56	81	87	60	101	5	2	21	16	31	18	41	60	28	60	50	1	45	54	51	38	55	44	14	5	23	40	53	6	34	18	65	45	96	5	6	61	26	23	23	9	56	35	44	2	5	17	87	21	60	44	40	62	59	70	66	22	70	49	53	52	49	12	26	56	78	68	49	60	55	25	1	60	86	13	30	6	72	64	40	64	51	35	31	55	12	32	57	20	9	56	69	25	17	21	16	64	21	41	55	56	86	68	16	55	44	45	37	29	16	17	63	49	6	24	32	67	49	100	70	4	12	51	94	51	25	40	60	67	45	91	67	76	16	29	80	21	11	11	29	9	42	28	5	70	25	72	74	7	1	64	32	51	47	76	36	52	23	40	72	58	69	65	115	55	63	64	52	70	106	11	22	74	68	70	61	66	53	21	8	43	26	67	22	62	17	37	79	58	39	35	25	54	29	67	45	46	4	85	2	19	69	29	75	58	22	37	49	62	72	2	54	56	57	45	74	11	8	60	44	67	75	2	23	9	5	49	37	75	69	56	29	35	88	41	102	81	9	78	37	48	33	57	24	81	36	42	90	59	3	39	68	93	65	12	59	44	74	38	3	51	19	4	4	38	43	24	47	61	49	56	107	17	39	89	17	74	34	33	42	66	45	20	31	66	78	43	63	106	30	4	75	101	32	72	16	43	45	72	66	47	46	58	65	97	44	48	64	75	46	36	20	2	46	67	74	70	92	79	79	14	23	20	40	68	45	85	15	63	38
CHCHD3	4	23	10	150	42	25	71	156	146	11	120	170	38	309	88	49	10	89	37	12	96	86	309	22	116	184	166	23	65	213	128	87	132	121	92	53	100	104	153	7	16	6	58	119	12	59	879	19	117	113	8	171	53	17	84	21	57	131	59	118	71	2	86	72	124	90	82	105	90	146	160	143	109	45	83	46	87	51	19	182	38	96	66	69	114	142	82	14	14	10	10	20	137	14	79	61	78	11	20	52	29	101	26	116	8	15	83	25	73	14	129	30	201	67	24	3	62	11	64	53	115	114	76	143	8	19	108	89	16	13	35	3	76	145	29	45	11	33	45	146	151	145	37	93	104	24	151	137	65	114	170	188	156	41	92	73	45	120	28	18	18	115	106	18	154	122	95	205	11	46	102	109	91	104	47	166	75	109	105	133	60	20	81	42	81	11	8	192	165	53	70	59	38	77	102	133	164	52	82	56	10	32	73	208	106	22	227	137	71	34	168	175	155	99	166	81	86	105	47	71	49	41	28	19	127	71	15	52	22	37	9	192	85	30	27	23	134	126	23	164	80	43	10	22	7	33	138	4	14	6	73	72	110	11	6	56	70	30	130	68	67	64	307	85	151	31	44	21	50	68	100	1	2	27	76	14	109	16	125	63	164	18	79	9	56	115	37	18	35	53	44	149	136	160	182	101	6	1	51	17	36	16	117	88	55	119	77	2	116	94	109	77	97	74	17	6	58	59	83	16	85	45	198	67	159	9	9	80	57	117	90	13	124	78	67	1	10	24	76	33	52	72	73	162	154	80	124	97	145	97	82	91	57	13	45	91	177	175	110	152	50	41	1	99	150	110	50	13	103	55	97	176	79	46	39	59	25	66	117	21	11	103	85	47	17	41	16	133	23	67	66	84	94	92	42	70	73	95	66	37	27	89	84	47	6	41	40	113	64	95	106	5	16	117	140	121	153	142	159	165	89	96	91	146	16	47	155	28	18	32	90	11	67	31	10	118	70	136	107	29	1	75	32	72	52	173	51	93	41	82	127	100	140	145	144	97	124	100	71	124	108	12	29	74	153	140	133	108	114	45	27	48	26	87	22	101	18	45	147	119	62	91	32	135	102	154	120	100	11	84	3	52	174	63	148	90	24	76	57	130	167	4	104	159	143	53	97	12	8	138	56	125	128	3	56	17	23	112	40	159	178	131	28	58	143	148	96	153	12	170	56	117	55	105	37	140	51	54	161	116	8	123	131	184	128	27	103	61	131	108	3	89	22	5	7	44	91	38	90	139	232	125	126	16	79	161	21	159	47	74	51	251	53	33	53	129	194	44	158	151	39	8	170	101	49	157	46	56	64	120	137	137	87	151	120	150	53	96	113	114	83	46	31	3	61	112	169	144	96	106	192	16	42	70	60	178	105	126	17	113	87
CREB1	11	19	206	47	14	4	15	33	68	269	249	357	295	74	59	4	560	286	83	20	21	24	56	3	27	52	78	169	12	101	48	68	72	32	101	11	100	22	74	235	77	168	13	15	2	12	19	2975	18	36	98	84	9	12	25	10	165	189	25	18	87	106	77	152	23	81	36	159	57	210	16	40	73	253	188	123	87	19	115	151	31	12	71	126	38	78	14	31	78	154	236	254	98	215	290	120	23	188	178	92	21	38	265	378	115	118	412	289	138	126	55	2	62	212	87	1	11	2	38	18	147	337	221	26	74	8	60	73	101	193	72	1	141	118	92	113	135	35	144	98	440	116	8	20	91	18	55	169	16	255	17	49	34	226	12	43	10	58	94	50	55	87	449	34	177	80	63	74	59	31	72	57	19	20	13	78	59	137	231	20	165	99	288	3	41	5	1	208	75	164	84	69	78	136	89	68	116	5	158	190	2	56	11	110	32	1	43	54	19	5	77	51	122	210	121	24	70	20	20	92	81	83	222	3	21	49	7	19	60	6	190	79	92	134	136	137	106	175	5	55	15	167	37	1	58	19	73	133	72	4	84	19	26	199	48	33	298	102	147	23	136	9	110	286	311	118	64	9	4	10	24	109	4	130	26	4	197	133	28	23	182	124	9	30	102	137	41	23	45	64	178	21	158	61	391	48	1	3	135	78	57	76	67	167	98	155	24	6	100	59	101	67	49	59	216	232	110	17	46	78	126	70	153	64	37	17	5	25	82	128	231	29	180	80	34	167	192	188	7	48	29	6	139	132	145	98	150	382	32	81	24	194	80	36	22	38	29	39	59	62	34	29	23	30	43	35	98	48	16	23	269	140	41	5	3	38	16	46	122	228	7	149	44	48	8	71	30	37	55	37	24	22	57	17	15	14	23	53	27	21	13	55	51	12	82	48	12	82	14	38	27	25	16	44	76	175	174	127	13	253	191	26	93	26	14	85	89	3	42	34	276	4	13	18	13	95	84	38	26	115	2	14	7	28	9	67	8	79	92	236	109	56	46	63	63	21	20	28	16	28	35	8	21	84	85	66	41	37	94	47	46	7	15	19	16	25	2	3	128	42	96	62	25	69	52	43	166	36	85	19	2	39	93	101	76	20	3	82	26	26	33	11	17	54	78	4	27	2	2	192	182	72	117	3	33	22	27	36	4	30	86	35	4	19	36	90	41	30	2	37	9	51	34	19	31	205	13	7	118	50	12	131	143	58	51	170	117	34	26	68	10	73	50	9	36	7	110	5	22	28	192	60	29	6	49	37	3	48	82	24	6	38	11	46	15	98	51	7	43	33	8	11	107	15	17	32	21	17	27	70	43	83	70	147	34	89	5	77	28	29	42	13	9	19	107	37	82	58	14	20	42	4	25	53	36	95	92	95	2	37	97
CREB3	6	17	11	162	50	24	144	155	121	10	99	156	47	218	90	63	8	102	49	12	123	88	206	22	129	163	172	29	63	224	237	118	135	112	87	42	100	60	177	15	26	16	64	112	10	101	117	18	947	114	9	176	57	26	159	20	106	114	61	110	87	3	99	68	123	106	138	102	72	177	154	140	143	45	126	48	164	67	15	239	48	170	77	85	132	147	90	16	21	16	14	28	154	20	82	64	85	13	32	53	14	84	34	107	10	10	55	28	42	15	120	40	207	49	20	3	74	9	43	55	106	107	111	186	11	19	124	101	17	17	40	3	102	118	28	72	7	27	45	132	247	253	44	109	190	22	159	164	65	122	167	191	156	55	198	69	49	125	30	22	21	89	102	16	160	108	102	227	12	58	140	213	80	157	45	223	77	94	105	140	66	25	50	60	135	9	4	241	185	85	107	59	36	76	105	267	228	89	78	69	11	35	135	243	91	25	146	156	117	39	189	236	174	84	242	81	120	136	50	48	60	40	28	16	261	72	15	59	26	35	10	322	97	47	36	33	261	102	21	187	95	47	15	21	9	32	149	6	17	7	92	65	116	11	9	104	51	50	107	71	64	67	179	61	151	38	41	26	61	94	113	1	7	39	62	14	117	19	128	59	141	22	75	9	55	227	41	17	30	71	64	159	180	271	176	225	5	3	42	21	38	27	97	126	69	165	81	2	94	100	106	66	96	78	20	14	64	61	96	19	101	54	188	81	196	5	18	96	47	106	72	28	131	74	69	3	15	25	127	31	101	70	94	176	165	126	120	66	142	102	99	94	77	14	41	96	185	163	89	157	84	37	1	98	182	105	72	16	138	107	94	237	120	44	42	96	55	73	110	26	12	134	118	49	22	40	16	142	22	78	76	106	222	119	28	87	83	99	62	44	20	61	112	65	7	41	41	130	78	197	123	14	16	114	255	112	143	201	100	199	87	206	117	172	16	49	191	27	21	27	85	12	77	35	6	148	65	162	166	28	1	102	41	84	66	167	54	102	37	89	167	106	138	168	277	99	135	104	74	118	209	16	38	147	169	188	146	137	100	45	26	59	32	106	29	103	16	52	177	123	71	90	36	121	79	157	104	79	9	156	2	43	170	58	179	110	21	76	94	140	174	3	95	169	161	56	109	12	8	172	91	139	154	2	43	27	21	96	50	186	188	139	34	57	162	124	192	188	10	210	67	98	62	110	36	219	56	55	206	117	6	116	153	237	133	23	117	63	153	87	5	104	23	5	7	50	80	40	93	136	246	127	252	17	76	212	18	172	61	61	56	152	62	37	53	140	191	55	155	310	55	8	184	194	53	177	56	70	81	149	148	124	93	137	140	188	91	103	124	118	84	59	28	4	73	136	189	154	197	204	203	19	48	56	62	193	91	172	15	128	74
CREBL2	5	14	10	133	38	22	57	131	114	11	116	153	35	174	83	40	19	87	34	18	83	50	156	18	107	151	258	23	58	181	103	86	100	88	88	43	112	57	121	8	21	19	51	82	10	56	113	36	114	825	10	135	41	7	70	17	47	180	53	90	78	3	91	56	107	77	72	67	54	151	112	118	103	69	81	46	93	44	12	156	33	83	57	60	95	102	64	11	13	11	10	19	157	11	68	49	63	8	17	45	49	80	35	131	7	5	93	18	43	12	209	19	175	117	28	2	50	9	46	46	108	120	77	119	8	18	97	92	20	11	27	3	68	119	25	50	4	28	43	123	163	121	30	70	88	21	231	133	56	108	133	159	97	36	75	71	30	100	33	13	17	99	139	19	161	120	91	197	7	52	104	104	78	85	43	155	79	101	124	118	47	18	64	29	73	10	5	201	145	52	51	51	24	91	92	113	190	30	82	45	9	40	65	197	90	15	126	134	65	31	150	162	147	78	177	76	97	105	50	36	51	37	17	14	115	130	15	53	20	32	13	186	78	22	21	17	113	137	20	125	78	60	10	17	9	26	125	2	11	6	66	61	77	6	8	49	76	31	140	47	68	43	171	82	152	22	28	17	36	53	71	1	1	24	57	15	117	14	98	53	137	14	60	11	40	111	32	14	28	56	39	101	125	159	163	92	5	3	61	15	25	14	103	86	48	143	125	2	69	101	74	65	64	143	12	6	55	62	67	13	70	36	173	61	114	8	4	52	50	106	67	12	127	55	44	2	10	18	63	30	50	57	77	124	125	80	118	99	99	100	85	109	44	12	31	90	139	109	99	114	48	38	1	60	140	81	63	24	77	44	117	202	65	32	28	58	25	61	106	28	11	109	70	42	13	27	16	111	23	68	60	80	89	75	28	46	63	74	52	36	20	66	90	38	5	40	29	95	42	94	106	4	20	99	139	150	150	124	81	174	84	85	82	136	17	45	150	18	17	30	108	10	71	22	7	114	150	110	83	23	1	57	29	62	32	112	37	87	34	81	127	103	124	134	137	80	105	97	69	97	101	17	23	68	284	140	105	111	115	49	41	31	21	90	18	86	14	41	126	110	54	150	30	218	78	127	139	62	7	66	3	43	276	69	146	65	18	158	46	94	157	4	81	122	129	40	81	11	7	155	44	123	130	3	51	11	22	92	27	130	296	108	22	61	128	124	83	130	8	139	48	103	68	88	40	132	43	46	168	90	4	229	135	179	109	25	112	46	116	109	4	94	16	5	6	27	78	30	68	100	316	107	108	12	64	139	16	143	41	64	40	142	40	31	44	133	146	37	121	132	40	5	161	81	44	130	24	47	52	147	128	230	177	153	98	147	41	76	117	97	79	35	26	3	37	101	283	122	83	79	157	15	58	50	57	138	83	117	14	94	92
CREM	2	6	4	11	10	7	7	14	12	1	42	66	6	14	9	7	102	39	11	5	7	8	11	6	8	19	17	6	7	17	15	9	9	13	31	6	27	8	7	2	6	3	6	6	5	6	8	98	9	10	229	11	6	2	9	7	6	38	9	14	12	1	15	17	8	22	13	27	20	21	9	11	17	45	22	13	16	10	6	34	6	6	13	19	8	12	6	6	6	5	3	5	16	4	61	9	7	4	5	5	5	13	12	49	3	1	104	5	3	5	12	6	24	32	15	3	8	5	14	8	39	61	37	6	3	7	13	12	7	5	6	3	21	18	5	13	3	7	11	10	88	15	6	6	13	6	13	33	6	51	11	20	9	6	6	14	6	9	8	6	7	26	101	8	49	18	17	17	6	8	12	12	8	8	6	21	13	40	59	7	7	4	30	6	12	5	3	28	20	7	6	5	7	19	14	15	9	6	33	6	4	7	6	25	11	6	10	13	6	6	22	17	39	23	33	9	11	10	15	6	7	7	6	6	8	11	7	7	6	6	5	16	9	5	4	5	10	30	6	17	7	24	6	6	3	1	14	1	5	5	16	6	9	3	2	8	82	3	33	6	14	6	19	45	65	7	14	3	6	6	7	1	2	6	6	6	32	7	8	10	20	6	6	8	11	16	6	5	7	9	8	15	19	21	75	7	3	1	11	7	8	6	19	19	12	22	7	1	10	9	11	10	8	12	5	1	34	6	8	3	25	13	53	8	8	1	1	6	9	23	21	12	14	7	6	1	2	7	6	7	6	6	15	28	28	6	33	76	8	15	7	32	7	6	8	13	11	13	10	11	10	18	1	8	15	7	11	1	7	8	62	30	11	7	6	10	4	15	12	39	5	28	9	10	4	6	6	13	6	9	7	7	6	9	7	6	9	11	7	7	6	13	13	7	4	9	6	7	8	7	7	8	5	7	15	30	30	23	7	27	47	6	33	9	6	10	13	6	4	6	40	4	7	7	3	19	9	13	8	11	1	6	6	7	6	10	7	12	6	11	12	9	12	13	13	6	9	9	7	6	10	4	6	9	18	16	9	14	16	7	6	6	6	6	8	9	6	7	21	12	19	10	6	12	14	7	34	8	5	6	1	13	16	13	11	9	6	17	7	6	11	2	8	10	9	6	9	5	5	24	7	13	14	2	7	8	5	16	6	7	18	8	6	8	8	15	6	8	4	8	6	13	7	9	13	34	6	6	34	10	5	22	14	9	8	4	17	6	8	24	1	23	9	3	4	6	9	6	9	8	20	15	13	6	7	9	6	9	8	11	6	10	7	8	6	16	7	6	10	11	5	2	16	7	6	12	3	8	7	14	13	14	10	31	9	15	7	7	9	11	15	6	6	2	7	7	19	9	7	7	14	6	9	6	6	18	11	8	6	11	29
CSRNP1	9	47	28	217	94	39	83	258	487	70	292	409	118	418	176	45	42	165	58	19	143	122	360	19	165	366	326	73	83	658	199	189	380	182	183	50	215	101	299	63	55	56	74	112	9	66	171	84	176	135	11	2305	57	34	101	24	114	334	93	135	130	30	200	178	164	209	150	234	148	388	176	185	234	131	183	102	161	60	49	390	58	125	128	173	170	361	100	17	44	58	62	78	323	52	171	115	87	48	72	77	43	150	105	326	19	59	183	92	121	33	206	26	337	165	52	3	54	10	102	75	215	340	186	190	29	50	173	214	46	47	70	3	124	281	68	154	34	54	77	270	346	300	41	114	184	29	229	330	62	267	211	317	329	99	120	114	46	196	47	21	25	239	271	30	380	290	192	430	29	92	209	219	113	152	51	297	141	228	239	154	139	89	249	38	130	9	6	482	312	176	145	143	55	172	209	241	411	38	176	93	10	75	88	470	200	16	268	245	67	38	296	299	292	233	360	109	220	134	60	87	96	79	68	22	178	110	14	66	49	38	57	377	155	107	94	94	225	308	28	233	77	96	21	17	29	58	241	21	27	12	220	90	144	58	25	66	118	146	279	91	155	71	394	244	399	48	79	44	53	67	146	19	12	85	104	12	295	48	211	85	590	52	77	19	89	255	60	12	49	169	117	209	304	319	457	150	4	1	164	39	50	59	231	182	155	354	109	4	335	207	358	146	236	144	61	65	115	76	122	46	168	139	352	97	227	31	18	88	123	264	426	37	315	162	70	36	71	62	73	58	58	74	187	318	324	147	239	203	152	171	133	175	117	28	124	148	251	405	166	460	75	65	3	218	249	222	150	47	130	65	205	381	166	39	35	111	65	121	197	40	13	219	118	86	23	131	20	222	34	138	100	143	147	102	71	66	116	217	92	79	38	164	133	49	18	72	42	229	66	158	165	14	23	216	279	347	298	285	106	457	137	134	118	222	18	106	334	19	48	62	231	13	84	31	11	236	173	164	173	55	1	110	37	108	48	421	71	173	95	215	304	181	221	301	260	139	201	153	72	155	162	18	57	135	310	310	188	199	220	84	87	50	25	108	32	134	19	43	276	202	103	178	63	214	177	279	313	255	26	99	2	90	345	175	337	106	16	147	90	157	275	7	115	302	289	42	121	14	7	418	122	222	259	3	99	31	49	181	34	246	370	201	24	84	206	271	139	222	10	277	88	203	111	146	74	288	66	57	320	175	12	266	327	331	211	83	226	75	175	190	10	154	27	9	18	42	194	45	111	175	592	221	186	17	129	272	18	295	123	110	46	274	56	64	113	283	286	39	274	262	58	13	344	111	66	236	72	79	97	241	197	271	206	327	214	285	76	197	168	139	145	58	39	12	131	190	336	242	132	167	289	23	105	139	86	329	297	242	14	154	117
CSRNP2	2	16	11	53	19	18	46	54	52	7	40	57	30	62	39	32	7	47	33	11	45	47	64	19	87	43	46	19	32	73	59	17	57	50	36	24	37	39	69	6	13	2	44	59	12	39	53	9	57	41	6	57	223	6	46	21	42	31	33	41	40	5	33	32	51	34	43	38	46	62	52	51	48	9	44	25	44	36	16	65	28	49	30	22	48	63	54	16	15	11	10	20	48	13	37	37	47	12	16	38	9	40	6	16	9	14	20	17	12	15	43	28	62	9	3	3	40	11	16	25	47	36	42	57	11	14	46	34	16	16	31	3	42	16	17	30	4	19	26	69	52	57	52	88	53	16	55	49	39	49	55	52	65	33	51	40	54	47	24	25	19	24	35	12	37	44	40	65	9	24	58	44	35	50	32	64	44	23	36	54	36	10	23	29	40	10	4	56	48	36	44	29	29	43	34	56	42	36	46	41	10	29	46	64	27	20	56	55	42	23	59	60	62	44	47	40	43	51	31	31	27	26	24	18	55	39	15	32	16	19	7	64	51	10	10	9	70	49	21	57	47	8	10	20	6	9	48	3	14	7	22	34	45	8	2	38	19	6	13	78	35	40	68	14	51	27	26	13	37	40	65	1	1	26	39	13	38	13	88	31	53	20	42	5	34	50	33	18	23	22	38	46	53	54	48	62	6	1	28	20	27	23	29	50	28	44	42	1	55	43	52	38	61	36	16	7	19	32	46	5	29	17	52	40	62	4	3	47	26	15	28	2	46	37	35	4	7	19	48	21	44	43	26	55	53	46	54	21	71	45	40	33	41	13	27	44	58	65	50	63	33	27	1	54	62	12	20	4	43	36	32	37	40	29	25	35	9	45	55	20	10	45	47	25	15	20	14	46	18	23	34	41	51	44	16	40	36	32	28	35	22	33	48	33	7	32	24	69	42	54	45	3	11	49	55	32	15	18	50	51	48	56	53	56	15	31	64	22	10	14	30	11	40	28	6	54	27	57	47	5	1	51	31	43	30	69	28	45	23	42	59	48	47	52	62	42	58	46	43	56	50	13	18	50	50	57	50	48	40	24	9	32	22	41	21	47	15	35	56	49	36	35	22	42	30	47	29	45	4	49	3	18	49	28	60	45	23	27	39	53	54	3	60	45	47	38	45	12	8	40	34	47	54	2	32	7	4	38	29	58	49	41	22	25	57	40	53	63	10	55	37	39	29	49	21	45	29	33	58	85	4	27	49	65	50	17	46	43	55	31	3	40	18	7	4	36	36	47	47	51	33	43	52	17	42	51	17	57	28	27	32	61	31	20	33	51	74	35	47	53	26	3	53	52	26	60	9	34	73	49	47	38	40	40	59	60	31	50	47	47	32	61	19	3	46	49	53	55	44	48	65	14	25	23	40	53	47	65	16	50	31
CTCF	29	3	4	25	19	1	12	23	19	29	63	120	29	59	12	5	7	50	17	6	10	18	52	2	12	62	26	23	20	58	35	22	18	48	34	21	59	11	29	34	26	47	7	9	1	8	17	12	26	7	2	34	6	12933	18	3	23	34	4	40	13	3	25	25	21	16	17	57	10	38	27	31	118	51	88	17	31	8	1	112	30	18	45	72	22	31	8	1	38	32	21	25	43	7	39	21	18	9	6	9	5	15	43	82	10	4	43	32	20	14	18	4	84	27	13	1	8	2	12	13	28	52	54	27	2	9	55	66	65	2	5	1	23	222	10	76	19	13	40	42	112	61	4	16	24	15	11	75	8	80	26	51	23	11	16	17	5	24	7	2	8	53	71	18	201	80	33	113	3	6	18	55	17	21	2	36	14	43	46	18	69	26	44	7	21	8	1	249	77	24	17	19	7	19	30	46	48	28	36	54	1	7	11	70	32	3	28	35	12	67	61	58	47	42	73	16	53	15	9	7	25	7	7	2	31	11	5	9	58	3	34	57	11	12	9	6	29	58	2	63	12	28	13	2	13	22	43	39	10	1	110	7	18	6	6	10	30	28	51	10	24	6	79	129	75	30	33	12	9	8	9	3	1959	18	3	4	80	15	23	41	67	2	4	12	14	47	4	4	49	53	49	31	81	83	93	13	1	10	31	9	10	4	31	34	67	120	8	875	10	37	21	33	15	5	6	17	34	8	22	8	39	31	69	23	27	1	1975	13	8	38	33	7	44	43	8	5	9	68	10	65	31	7	114	77	54	32	31	52	15	24	16	26	41	21	6	8	36	23	19	35	15	12	1	8	28	97	55	11	21	11	55	47	53	17	7	23	32	23	16	11	4	57	25	2	143	13	5	75	5	29	14	24	22	15	10	12	53	114	10	13	2	22	17	13	1	13	5	20	8	21	10	5	13	17	39	75	85	75	10	111	30	24	16	27	4	19	32	2	37	37	97	1	9	11	27	42	11	21	46	24	1	22	7	15	8	24	13	30	15	26	39	24	40	42	34	11	58	8	7	12	24	3	64	28	27	39	25	42	33	26	14	11	18	9	14	14	2	8	55	58	34	10	9	23	12	26	38	11	75	16	1	10	28	20	41	10	1	12	27	16	42	12	11	147	40	10	15	2	1	113	15	14	35	19	35	12	68	39	4	27	31	46	7	17	20	64	21	21	2	50	13	41	5	8	37	194	79	4	76	23	3	35	47	50	23	4	37	11	19	47	22	31	18	14	40	5	25	14	12	15	127	52	53	3	5	22	7	41	56	19	6	27	7	50	17	41	25	8	28	51	42	28	58	16	7	68	76	15	13	19	28	24	18	89	24	43	45	17	17	21	30	6	9	32	12	14	30	55	20	36	44	12	35	26	18	55	30	25	1	16	27
DBP	5	27	14	133	36	20	120	110	83	15	73	132	49	135	67	58	10	100	44	15	84	79	132	20	98	103	107	31	45	151	190	85	85	81	78	36	83	55	115	18	26	17	52	79	11	83	84	25	159	70	9	101	46	18	589	25	104	81	47	72	72	6	85	56	86	89	131	69	56	116	90	90	80	37	97	42	140	65	19	181	35	116	58	62	111	98	79	16	17	16	14	28	115	31	69	60	64	14	31	38	22	56	21	71	10	18	45	32	33	17	77	39	135	30	9	3	69	9	26	34	87	92	88	122	10	21	82	72	23	18	42	3	92	68	23	58	19	30	44	100	170	197	39	80	157	21	107	135	48	109	104	127	96	57	147	74	45	88	25	23	20	67	77	15	123	95	93	145	12	52	122	151	57	110	41	177	77	63	78	90	65	29	35	52	123	10	4	121	113	90	101	49	48	71	75	185	105	75	81	69	11	33	107	164	59	23	94	105	92	33	118	154	128	67	157	72	74	104	46	38	49	37	32	20	177	59	14	41	21	22	19	214	95	23	17	16	193	87	23	119	70	28	15	21	7	16	102	7	17	7	61	55	77	15	4	95	38	29	61	63	56	57	127	49	123	35	33	24	53	84	82	3	4	39	48	14	102	20	89	58	104	24	62	6	62	155	40	18	32	55	55	95	146	179	132	151	6	3	51	24	39	24	70	112	59	101	62	2	66	76	80	58	76	61	23	12	41	57	89	12	61	41	127	59	126	9	13	90	44	68	54	28	88	65	64	6	14	25	98	29	92	54	70	98	96	94	99	52	94	75	74	70	62	16	37	67	115	98	89	90	84	32	2	76	144	52	38	11	100	89	81	143	87	41	33	70	28	53	89	23	11	106	93	38	18	25	17	98	22	54	61	83	145	98	22	82	57	79	48	35	19	52	104	53	8	43	35	91	68	154	81	19	17	77	176	88	69	114	74	140	69	139	101	110	17	52	125	25	15	21	60	8	47	35	6	131	59	113	108	27	1	86	37	66	63	122	37	97	43	84	113	80	95	100	200	76	95	92	63	88	161	13	34	146	114	139	91	92	80	30	18	51	29	76	22	81	17	43	146	83	65	62	33	73	50	100	80	61	7	112	3	28	122	52	120	71	23	59	75	93	118	2	67	111	111	55	89	12	8	105	89	90	134	3	36	30	10	76	42	124	124	91	29	50	115	90	150	119	9	110	46	74	50	73	30	155	41	47	165	98	9	76	113	135	105	24	102	55	95	67	3	79	24	6	5	45	68	32	61	92	127	90	176	18	46	131	17	102	55	47	49	100	46	34	42	98	117	47	102	196	39	6	133	141	43	110	29	55	70	106	95	84	71	101	95	163	62	78	80	92	63	44	26	2	61	90	113	112	146	150	123	19	35	40	58	126	74	154	16	80	56
DDIT3	3	17	22	29	11	15	25	22	30	30	22	38	48	27	19	21	6	49	38	52	26	32	26	17	22	21	22	27	15	28	30	11	28	24	32	13	32	24	35	42	33	58	20	23	10	18	21	10	20	17	7	24	21	3	25	211	32	18	19	17	34	13	22	26	20	18	20	11	20	35	18	23	17	8	46	20	23	17	38	39	20	18	22	25	27	28	25	14	24	22	26	38	23	20	39	35	25	22	27	20	10	16	4	12	10	17	14	49	19	20	19	19	26	5	2	3	24	8	9	17	25	30	38	23	11	13	21	23	26	28	29	3	30	13	19	29	13	19	34	32	25	38	20	27	31	14	24	38	17	40	22	25	24	35	25	24	23	32	17	13	18	21	29	13	26	39	34	24	16	15	33	25	18	24	17	33	32	18	25	20	40	22	8	21	22	10	4	18	25	47	30	27	35	34	22	27	6	20	43	47	9	21	23	34	16	18	25	25	23	15	23	25	27	35	17	27	26	22	21	25	21	26	42	15	25	21	15	16	16	13	29	29	37	5	6	5	32	25	17	20	23	10	11	14	10	2	20	6	18	6	18	17	19	16	3	23	15	10	5	24	30	21	35	16	39	30	22	10	23	22	26	12	1	30	19	12	32	26	27	24	32	26	20	5	33	23	32	14	27	20	43	20	37	26	34	25	5	1	29	25	28	14	16	47	28	26	20	3	29	26	33	33	28	21	30	29	14	17	33	4	18	14	26	21	26	10	1	30	28	13	25	4	29	23	25	11	15	36	20	20	21	19	26	16	16	30	27	16	24	22	22	22	34	13	16	22	23	22	32	21	24	21	8	23	30	4	7	2	23	22	24	20	27	22	21	21	1	17	34	23	9	38	25	18	11	13	15	17	16	18	21	19	23	25	14	25	21	28	19	15	21	21	29	17	12	36	17	31	23	23	22	3	12	24	28	21	5	3	21	40	30	23	28	23	17	37	28	15	8	11	31	9	20	19	6	39	18	23	19	3	2	22	21	21	19	26	18	34	26	57	32	20	23	23	27	21	22	26	20	22	26	8	14	31	25	28	20	20	29	16	10	21	20	22	17	18	15	17	41	22	26	20	20	23	16	20	29	21	9	23	2	13	26	27	27	21	16	17	21	23	21	4	23	25	21	20	21	11	8	26	25	23	42	2	16	2	3	19	19	22	24	21	15	15	23	22	25	24	7	22	19	20	18	20	17	17	14	20	34	29	1	17	28	28	21	18	42	29	21	22	3	25	26	8	6	21	32	14	20	19	10	18	24	14	19	24	15	25	26	17	23	23	19	16	21	25	30	23	20	24	15	4	28	24	20	20	4	19	25	31	20	23	25	26	23	36	18	31	22	21	18	20	16	3	37	24	22	24	24	22	27	13	15	19	25	25	30	49	13	22	17
DLX6	36	46	492	102	32	23	80	82	124	752	90	155	815	123	152	45	55	305	135	32	64	67	106	18	68	101	104	415	36	130	157	138	147	59	159	42	139	59	193	492	172	311	50	58	10	64	57	165	106	47	6	114	42	23	104	32	2727	76	34	54	99	337	79	94	57	78	93	64	42	361	64	63	114	39	401	73	156	59	363	274	119	87	153	234	92	203	61	120	199	402	639	675	109	663	311	466	56	491	695	237	47	76	36	68	262	286	49	712	343	315	69	32	106	22	9	3	46	9	28	40	77	372	561	86	189	59	71	82	159	506	254	3	93	67	293	303	556	144	334	237	227	306	34	73	323	27	78	287	44	246	78	103	87	706	94	61	48	104	179	106	106	82	99	90	104	145	141	104	253	42	102	135	39	78	30	145	59	74	70	64	453	347	57	42	100	15	4	168	112	696	334	202	217	284	167	284	125	54	324	689	12	197	107	238	81	22	74	98	84	29	94	118	108	202	145	56	96	75	39	241	88	228	621	20	110	52	21	34	133	25	435	143	248	26	17	16	309	184	26	84	58	71	117	20	236	9	77	263	154	9	138	43	57	634	8	77	34	327	50	54	405	46	158	266	242	317	54	28	40	59	80	269	17	474	46	21	280	392	66	58	289	344	43	14	65	172	114	62	153	179	544	75	537	138	213	180	5	7	266	211	156	206	63	336	385	132	49	9	214	76	187	59	105	69	554	589	42	43	104	11	53	149	113	117	99	26	31	90	187	71	464	27	474	252	108	360	518	440	69	118	126	44	246	85	73	261	116	59	65	71	70	56	287	108	54	52	86	84	107	100	105	37	57	76	110	52	48	20	86	77	71	122	124	36	33	119	19	54	277	43	10	168	122	114	19	181	88	86	149	67	71	84	309	72	29	52	75	179	39	36	23	62	86	56	294	130	30	195	47	140	64	14	20	90	154	101	68	95	49	445	92	127	71	81	21	244	175	22	107	92	293	9	49	55	27	155	85	76	105	26	4	80	34	102	50	126	35	156	328	562	152	76	69	84	183	75	70	57	48	67	107	13	50	359	80	127	70	70	157	81	117	47	44	55	51	68	16	41	274	71	73	66	77	61	59	79	122	59	146	94	3	28	92	235	148	76	21	54	75	71	84	24	54	119	127	42	61	17	8	138	648	70	263	4	70	20	10	52	34	87	101	76	40	38	79	135	138	87	8	90	49	61	42	59	38	165	29	34	173	108	4	71	137	151	130	494	302	87	75	62	17	76	143	24	50	38	202	23	54	64	128	104	143	28	139	94	15	104	289	42	36	90	39	49	85	145	111	33	90	149	41	38	147	94	65	79	24	38	63	70	69	90	70	162	83	191	50	178	61	70	47	35	29	21	272	67	90	80	98	129	127	19	54	116	83	139	197	255	14	75	50
DMAP1	16	22	7	260	77	28	49	285	208	39	528	809	121	385	208	29	134	257	59	29	97	113	319	11	139	322	350	52	71	408	153	266	205	150	228	32	311	65	229	69	63	91	46	79	8	41	131	189	114	180	38	334	31	34	81	18	76	3049	67	125	144	13	245	283	136	226	151	269	114	369	157	175	251	364	291	163	189	52	31	541	55	93	171	320	209	201	72	14	51	41	40	70	328	31	302	103	68	24	40	37	47	141	281	706	5	18	497	123	89	10	236	10	329	278	102	3	47	6	109	62	293	487	272	147	6	32	187	258	34	26	47	2	199	357	35	196	42	59	106	237	560	307	21	95	161	34	234	473	49	451	217	313	156	45	77	175	18	208	37	12	28	398	702	24	672	353	277	418	19	78	217	241	104	123	45	366	179	463	503	125	170	65	378	14	119	14	7	769	345	139	90	150	30	208	201	205	422	13	214	82	6	87	62	452	194	9	203	224	53	24	368	414	503	364	683	146	199	133	65	49	140	56	47	10	132	144	19	68	40	25	62	353	129	134	128	134	180	420	16	270	61	233	28	10	17	62	250	11	13	6	302	77	136	30	43	47	294	146	687	55	180	48	389	320	498	45	127	41	36	37	91	12	3	64	96	12	418	34	174	106	375	19	45	24	104	268	58	10	48	263	134	196	298	335	897	94	4	3	177	29	34	27	241	218	174	440	102	2	138	240	163	170	90	155	49	38	214	75	138	84	215	176	469	86	210	22	17	90	128	547	266	44	295	117	51	6	31	53	43	63	39	53	284	399	414	202	288	531	119	183	127	358	99	31	52	132	214	200	187	241	65	67	1	99	284	248	272	85	107	61	551	780	164	31	28	100	94	161	209	74	8	382	127	78	20	57	14	177	19	115	80	106	93	103	53	59	92	255	72	51	36	162	184	45	4	79	28	186	54	133	129	22	30	213	280	412	534	462	65	722	193	94	148	213	18	97	309	16	50	72	299	8	74	17	9	297	214	156	147	137	1	78	24	92	33	201	51	189	66	204	335	189	227	284	234	118	192	164	55	114	120	14	62	121	360	300	177	178	277	145	91	26	14	77	27	115	15	26	313	226	216	171	61	227	191	227	429	115	42	70	1	99	393	189	333	74	9	180	60	128	234	9	91	454	269	29	101	9	7	532	82	210	304	4	78	40	93	161	14	213	411	211	15	90	174	336	103	203	6	219	49	206	104	121	104	489	69	47	411	142	13	320	414	327	185	40	281	78	162	218	8	258	24	8	24	21	199	35	103	154	776	221	142	9	90	217	12	256	88	99	38	222	52	97	94	316	233	25	245	205	67	25	367	86	35	239	73	66	66	299	207	303	220	421	174	301	39	151	128	124	155	30	32	8	80	140	354	228	90	140	259	12	91	141	105	347	163	210	9	144	217
DMTF1	3	18	11	65	26	22	44	78	76	8	58	88	28	83	71	28	15	53	29	11	84	47	82	20	70	72	65	19	36	93	67	37	68	51	53	26	58	43	84	12	21	12	37	52	12	34	59	25	61	53	9	93	33	4	47	19	34	67	471	43	51	5	52	55	63	48	44	47	44	105	60	57	52	42	58	49	50	27	17	91	26	53	33	42	57	70	54	13	15	12	12	20	93	14	54	37	49	11	24	38	11	75	18	63	7	10	46	19	20	14	60	24	78	33	15	3	35	8	46	39	56	63	47	75	10	19	86	60	21	15	26	3	48	71	28	45	6	22	38	69	89	76	32	48	55	19	72	82	54	61	67	76	67	29	51	48	29	65	39	15	17	51	67	11	73	61	49	99	9	47	75	54	48	61	36	89	57	46	66	70	40	16	46	26	37	10	6	102	73	39	44	32	24	58	94	63	87	28	46	37	9	30	41	116	70	19	70	81	34	22	78	89	78	52	77	51	65	56	33	33	35	33	21	14	59	40	15	38	16	20	9	99	54	23	18	18	72	68	21	73	46	39	15	20	7	14	75	4	14	6	47	69	85	11	8	31	34	24	57	47	47	41	83	54	111	19	32	13	33	34	56	3	3	25	71	14	65	13	74	39	84	20	49	8	35	63	27	15	29	35	30	58	91	70	96	62	6	1	43	17	26	17	55	52	38	90	48	3	65	60	66	40	55	56	16	12	32	51	47	9	50	36	100	45	70	9	2	40	33	45	48	8	73	35	41	4	12	19	43	24	31	44	38	77	75	56	74	52	62	64	58	73	32	13	33	67	74	75	60	76	34	24	2	60	74	37	31	11	50	32	81	77	51	29	24	37	17	36	58	27	12	60	50	51	12	27	16	54	20	43	42	64	56	45	42	35	41	48	62	27	22	65	57	27	8	27	42	66	37	65	69	3	13	58	74	78	79	54	44	91	56	49	53	78	18	31	97	21	14	17	69	11	72	26	6	73	51	58	50	16	1	36	25	50	25	79	32	52	39	59	93	68	71	111	82	51	59	64	58	63	59	12	15	45	76	72	103	70	69	28	18	35	22	65	18	79	15	28	86	47	45	62	29	74	72	102	75	51	9	39	3	43	85	43	86	46	21	53	35	65	79	2	52	59	118	34	62	12	8	85	33	108	80	2	27	6	8	53	30	85	84	88	19	32	75	98	66	79	8	84	43	57	51	55	40	64	23	53	84	63	1	66	97	93	71	27	58	42	65	53	5	46	19	5	9	33	62	23	44	96	96	97	63	15	50	79	17	98	29	33	30	80	42	28	36	73	82	30	116	74	22	5	75	50	56	65	17	40	45	81	92	65	58	75	75	79	30	66	73	56	40	36	22	3	48	75	80	69	50	48	72	15	28	54	43	74	58	74	16	58	77
DNMT1	9	25	8	130	99	30	42	156	115	12	102	188	40	215	70	40	12	98	39	11	85	72	207	16	85	355	161	27	64	168	89	104	91	108	113	37	88	41	128	10	21	15	45	107	11	47	118	18	110	90	14	135	41	40	72	17	54	125	43	1123	35	3	75	61	111	59	76	71	53	118	275	109	138	47	107	26	67	48	15	213	45	85	78	80	121	117	53	13	17	14	10	24	106	8	83	67	39	9	19	43	30	108	30	128	6	11	94	24	48	10	101	22	387	70	26	3	44	9	77	35	112	125	89	126	8	21	129	70	17	13	23	3	51	228	33	40	9	33	31	133	227	124	26	73	109	18	123	147	47	126	292	361	126	38	77	55	30	123	27	15	18	174	112	18	203	134	67	237	9	36	62	141	68	71	37	169	52	129	99	118	78	19	27	27	86	10	9	164	228	65	64	59	24	55	103	158	147	30	82	40	9	32	51	252	126	14	117	121	49	46	161	183	170	62	187	52	103	77	38	40	36	26	19	16	108	45	13	40	20	24	14	172	63	24	20	16	102	181	17	170	76	51	16	18	10	37	107	2	12	8	106	45	115	9	4	44	67	27	155	50	66	38	216	98	182	26	46	17	30	60	62	1	16	36	52	13	139	13	98	83	125	17	55	9	44	122	21	12	31	83	47	296	123	221	210	76	6	4	42	15	27	25	158	70	83	114	47	1	52	70	76	30	62	49	16	6	80	45	54	13	89	72	334	42	146	8	29	66	41	134	73	28	106	101	42	2	10	18	58	35	44	63	113	136	125	75	92	101	94	70	65	83	56	16	30	72	330	122	89	154	35	57	1	67	146	145	74	13	140	32	89	232	93	39	25	59	44	80	89	21	11	122	61	37	32	27	12	276	18	53	53	71	84	73	40	47	90	113	47	46	21	100	58	36	6	32	27	85	44	65	91	9	18	112	127	139	175	172	69	201	100	91	73	155	14	39	135	18	17	46	93	14	60	21	9	98	43	119	113	24	1	66	27	50	32	110	36	89	39	81	83	71	122	131	106	84	142	63	55	80	79	14	40	53	132	133	109	95	78	43	18	30	19	49	20	84	17	46	161	124	50	75	31	90	105	132	83	70	4	66	3	58	154	54	114	83	16	51	45	100	192	4	72	192	137	36	63	14	8	127	50	85	99	6	57	29	42	136	26	171	170	132	25	61	119	171	78	125	9	150	34	128	50	99	35	192	46	40	185	81	9	88	96	180	114	20	105	39	121	125	6	108	17	4	9	27	74	35	86	118	217	160	98	13	48	125	15	135	61	92	31	127	32	40	48	120	137	24	144	148	59	9	154	90	28	199	66	35	47	78	119	158	69	152	106	146	52	63	86	101	87	37	31	3	24	64	159	122	74	104	200	18	55	71	39	201	70	91	13	102	75
DNMT3B	8	41	54	148	28	22	80	107	123	108	140	195	159	147	116	45	56	185	86	24	85	105	122	23	97	91	122	91	36	179	137	64	105	79	121	32	163	71	165	94	65	79	50	56	10	51	71	87	87	78	12	130	40	13	72	34	99	144	51	35	1251	60	115	139	72	75	71	67	56	200	63	87	92	75	156	65	126	41	101	243	47	74	81	114	103	134	67	45	99	88	102	124	186	82	175	134	74	80	110	76	37	68	62	124	30	66	108	157	85	55	99	39	107	63	23	3	49	9	45	44	219	167	205	114	47	32	92	102	63	96	102	3	146	98	73	111	55	43	95	150	169	180	41	91	112	34	120	235	45	201	74	91	87	108	77	91	56	108	83	49	62	94	175	35	152	163	159	148	56	45	198	89	58	89	40	219	115	101	132	85	127	86	92	60	84	16	4	201	110	159	96	92	78	154	98	119	163	82	184	141	13	94	87	187	65	23	97	130	55	31	111	150	151	114	128	84	99	118	53	75	79	78	126	20	93	93	24	44	52	26	79	172	178	44	38	39	154	152	27	107	57	60	35	21	49	19	99	22	22	9	97	56	68	91	19	55	82	81	89	65	130	55	153	130	230	80	60	27	49	47	91	48	7	103	69	16	174	88	106	66	200	78	42	7	84	101	75	26	77	89	136	54	233	117	221	110	5	4	118	42	68	67	82	236	120	149	84	5	131	125	120	82	103	119	103	103	52	51	128	21	89	92	142	65	115	47	7	93	90	123	173	7	162	85	84	46	91	104	67	54	58	37	102	107	110	161	272	116	87	109	70	111	119	34	41	88	81	96	120	103	58	53	14	86	167	68	69	26	108	60	151	130	91	35	37	66	19	55	161	44	10	161	112	62	16	57	24	70	39	79	53	83	104	100	27	86	59	101	53	45	33	67	161	35	34	102	35	155	87	139	87	7	21	79	123	139	103	74	63	231	100	74	103	109	19	147	183	26	33	49	174	10	57	40	5	177	104	98	62	17	2	63	34	68	34	132	40	133	115	333	215	81	114	119	143	63	89	118	65	86	111	13	32	114	144	129	81	83	142	48	53	50	34	77	32	96	17	27	218	77	97	97	43	123	73	92	181	79	36	67	2	43	147	116	180	76	22	94	83	97	113	6	55	111	124	41	81	12	8	170	113	121	231	2	58	12	21	77	42	104	147	87	21	44	118	119	114	115	8	109	42	81	49	84	44	124	41	49	222	122	8	120	199	152	94	91	180	84	97	94	10	85	60	13	18	41	119	32	52	80	171	97	113	17	79	107	17	138	87	43	56	112	58	33	73	122	128	52	94	111	31	10	152	80	56	84	12	56	92	158	105	118	111	143	99	220	36	101	86	81	63	41	30	10	133	106	138	112	88	68	132	19	53	76	80	129	115	240	15	79	81
DPF2	29	13	429	18	8	5	3	7	51	679	28	47	754	16	160	2	41	255	159	30	9	5	4	2	8	20	23	397	6	15	19	49	63	3	134	13	126	23	121	478	208	336	5	2	2	2	2	106	3	3	1	30	5	3	6	13	337	13	5	3	60	2109	4	14	3	2	3	3	1	229	2	2	52	12	308	27	24	2	450	160	125	2	138	243	17	120	5	130	255	481	670	627	38	450	277	510	14	437	595	175	55	62	5	1	226	294	1	740	372	252	6	2	9	1	1	1	2	2	21	11	12	305	575	2	142	90	21	34	144	502	253	1	40	8	287	208	477	184	280	161	91	86	6	24	142	16	5	215	8	196	2	7	11	547	3	4	15	43	258	112	149	11	20	129	7	102	104	7	333	7	35	16	4	4	3	32	14	3	3	2	487	439	27	2	4	5	1	66	19	510	202	161	155	230	197	122	51	4	343	447	1	202	20	96	107	1	6	9	4	1	3	5	16	114	17	8	31	5	11	235	30	220	621	1	2	16	9	3	121	3	385	10	261	1	1	2	96	143	6	2	7	82	163	1	238	1	5	162	128	2	133	7	7	859	4	2	2	329	1	11	396	2	63	219	170	280	36	9	4	2	23	395	2	437	16	9	228	408	7	20	204	309	2	4	13	26	77	33	213	182	503	4	530	8	108	39	1	1	257	152	114	205	11	299	416	28	6	5	130	18	111	12	29	35	473	534	2	6	35	1	4	134	21	53	3	23	2	29	139	3	445	3	369	215	110	351	526	388	3	134	33	3	243	10	6	181	56	2	2	16	2	4	251	88	20	9	2	4	45	17	22	15	75	13	10	7	16	11	12	6	3	8	51	5	4	55	2	3	223	22	6	76	70	115	7	180	79	19	134	52	14	35	153	3	37	2	52	166	10	6	5	39	15	4	171	137	10	121	3	25	3	2	17	20	23	37	38	2	2	287	46	11	10	10	17	248	92	2	122	132	256	2	13	61	26	79	46	2	6	1	3	7	2	45	2	38	4	130	641	619	73	14	4	28	44	3	3	4	8	4	4	3	21	153	10	16	19	7	114	63	146	10	37	2	25	41	2	4	252	5	17	25	46	8	42	32	87	13	143	8	1	21	7	207	71	21	2	16	31	4	17	19	2	33	101	2	3	6	2	23	395	26	176	3	49	1	1	9	2	4	13	40	8	3	8	126	28	7	2	5	11	23	8	6	12	14	2	3	76	50	1	14	56	23	45	558	284	38	4	15	24	5	191	36	35	2	141	6	3	7	32	81	15	14	92	3	2	18	284	8	2	13	3	14	76	70	23	2	34	8	9	34	75	2	43	2	1	7	30	9	18	25	15	93	4	127	2	84	8	4	3	10	2	33	200	6	5	4	4	8	41	9	37	148	29	34	129	174	2	16	17
DR1	10	60	9	151	41	22	55	138	133	33	188	303	52	247	90	27	45	134	33	18	70	87	202	16	81	176	195	35	47	253	147	150	134	127	121	24	141	49	160	23	24	25	39	70	10	42	86	77	99	91	15	200	33	25	85	22	79	245	52	75	115	4	1467	436	74	150	117	161	80	210	88	105	155	124	136	72	131	48	26	280	48	71	90	125	113	153	47	13	25	22	25	31	184	23	116	62	51	14	44	44	35	92	85	206	8	61	130	40	51	17	122	17	178	134	48	2	34	9	55	34	146	191	99	123	8	31	98	167	23	14	37	3	95	163	55	110	23	43	79	137	271	250	23	66	138	30	128	242	36	189	110	164	118	60	82	81	24	109	29	15	20	161	203	16	230	189	132	273	20	66	166	169	55	116	29	249	103	166	151	78	106	47	160	21	113	11	4	298	188	136	122	114	40	125	109	177	167	22	120	63	11	41	56	264	105	17	136	131	67	24	193	189	163	166	276	84	117	80	44	40	73	43	35	19	117	87	16	41	33	23	27	250	105	120	92	80	153	212	20	173	52	71	20	13	18	19	133	3	13	7	130	54	90	26	26	58	79	77	182	46	105	31	230	194	315	33	62	30	30	47	80	8	4	46	53	14	182	20	110	72	203	25	40	8	81	232	44	14	33	110	77	121	182	241	341	101	6	3	99	24	41	34	130	139	95	219	55	1	98	150	117	129	81	104	21	29	114	54	92	45	177	98	255	70	149	17	8	63	89	320	143	37	156	103	46	6	27	34	46	50	44	41	112	148	174	90	132	160	92	131	88	140	67	24	51	77	132	140	100	154	65	45	1	78	184	125	88	31	64	62	231	293	108	28	26	77	51	81	114	40	10	150	81	40	12	42	17	129	20	76	55	81	91	78	31	43	62	122	47	38	31	104	104	46	5	54	22	118	45	110	79	13	17	123	201	217	204	216	54	290	96	99	76	120	20	62	181	17	19	34	217	10	46	19	6	168	107	109	108	57	1	93	27	55	43	124	54	114	50	127	186	114	118	139	156	93	136	103	39	74	106	13	42	109	179	241	92	109	114	54	49	27	19	64	29	72	15	30	170	149	93	108	41	140	101	132	228	80	23	73	3	61	214	98	180	60	16	100	60	97	144	5	57	197	151	31	71	11	8	268	93	108	185	2	42	41	33	106	22	134	217	126	22	50	120	172	105	108	7	152	45	114	62	90	55	250	48	38	233	96	7	162	206	183	135	46	158	57	96	124	7	109	16	4	11	28	109	25	66	90	300	115	129	16	69	153	15	154	97	54	31	129	34	57	66	148	153	30	124	181	34	14	181	90	40	178	42	63	53	149	115	172	126	192	113	193	51	98	83	74	82	31	32	2	70	91	192	145	83	127	168	21	62	77	62	181	117	169	14	83	133
DRAP1	9	120	23	145	45	18	37	130	133	118	270	519	146	242	116	23	85	225	54	16	53	107	194	13	70	165	190	82	43	228	117	134	119	95	130	17	174	49	154	83	57	80	33	44	9	21	72	152	68	56	17	178	32	25	56	26	94	283	55	61	139	14	436	2761	78	111	75	190	65	257	72	106	192	201	274	96	105	28	68	454	45	47	80	236	112	141	39	19	81	66	88	114	200	49	223	125	41	55	85	39	32	81	116	277	21	114	179	151	70	25	115	14	164	168	56	3	30	5	66	39	177	215	188	99	11	41	111	133	48	51	56	2	184	185	112	218	53	54	158	154	306	232	22	64	113	28	117	395	27	336	98	159	89	88	49	96	23	114	40	20	31	228	289	18	310	231	167	204	49	58	205	142	41	73	23	310	140	232	232	70	168	84	252	19	74	9	5	311	238	234	130	161	63	159	134	172	161	23	181	124	11	74	39	269	109	15	116	125	42	16	142	228	221	273	256	92	125	77	36	44	88	52	108	17	71	68	16	31	50	13	85	201	127	246	244	245	118	255	14	116	34	99	28	13	30	47	134	21	18	12	238	44	81	78	89	61	76	122	245	46	134	28	241	209	462	80	132	41	30	23	67	22	9	92	52	14	310	54	103	87	216	36	23	22	117	235	53	19	57	175	158	118	272	209	650	70	5	1	138	46	54	43	102	182	191	231	54	4	115	122	143	142	96	74	89	78	279	34	119	132	313	206	229	100	143	37	9	61	105	497	190	28	213	97	44	33	78	81	23	73	38	21	223	198	230	159	167	236	68	98	57	146	110	38	37	62	123	119	124	139	45	50	5	58	192	159	166	64	52	52	266	240	142	29	24	60	57	79	141	61	7	220	103	41	19	49	12	117	26	64	38	69	75	79	36	40	58	179	53	40	50	113	122	28	12	73	13	121	50	89	64	11	24	116	164	272	240	203	35	453	104	66	77	105	23	101	184	13	26	54	307	8	36	31	10	197	122	92	93	77	1	54	20	47	34	112	43	154	70	193	203	110	92	137	120	55	99	86	22	59	72	8	61	87	174	174	87	89	114	95	74	24	25	39	25	57	13	21	246	103	155	93	38	123	108	120	242	65	53	59	2	60	208	99	201	42	14	82	58	87	139	7	38	293	162	21	61	9	6	315	95	113	258	3	54	27	36	74	16	116	192	103	15	31	87	169	83	87	5	152	28	106	52	84	40	234	26	28	284	99	7	146	218	164	118	65	238	73	77	111	17	120	28	9	32	20	121	26	64	71	401	131	93	17	60	109	12	141	92	52	25	112	24	68	84	150	151	20	112	134	51	15	208	56	35	137	52	43	54	134	104	152	111	224	103	248	35	99	64	59	54	24	25	9	102	74	169	142	61	91	179	20	83	97	71	203	112	228	11	71	85
DZIP1	8	26	10	142	40	25	72	167	122	9	116	161	38	203	90	47	12	90	40	17	108	77	198	20	130	183	165	22	90	203	128	103	118	122	72	37	96	63	141	10	22	15	68	101	11	59	124	23	123	107	8	164	51	21	86	20	57	136	63	111	72	3	74	78	1049	75	86	77	64	159	166	151	118	49	97	44	86	49	15	213	43	96	73	83	125	135	82	14	17	12	12	24	156	9	83	60	80	9	17	51	10	81	47	138	8	11	93	24	42	18	123	31	204	54	22	3	65	9	47	57	102	141	95	155	8	24	111	111	18	12	35	3	76	137	26	64	12	38	34	134	173	141	44	98	108	23	148	155	53	111	168	196	145	42	93	85	42	129	32	18	21	120	124	16	172	117	93	242	9	49	110	122	92	119	56	181	76	100	105	132	54	25	54	38	79	10	6	219	168	61	75	64	33	86	100	147	194	51	80	44	9	41	75	245	114	22	139	158	70	41	192	215	161	76	183	84	142	107	50	43	54	43	26	17	146	78	17	62	23	32	9	204	79	33	32	30	148	127	22	167	83	54	13	20	8	24	334	4	16	6	95	71	106	13	9	61	70	51	159	73	68	66	200	85	157	31	49	20	46	61	96	2	6	36	60	15	128	15	133	61	140	17	75	8	53	115	36	16	35	80	51	145	158	163	186	107	6	3	48	18	34	25	108	84	69	174	87	5	92	113	99	63	84	80	14	12	58	72	84	24	81	62	201	96	242	13	7	72	46	140	68	12	123	71	52	1	10	19	73	31	57	66	83	152	144	85	116	81	118	99	98	101	57	15	36	87	185	161	94	136	47	36	1	98	151	134	71	20	101	57	109	178	89	41	35	72	34	66	108	27	12	121	92	41	23	36	17	147	21	82	85	101	98	94	46	58	89	110	70	43	21	73	91	45	6	37	38	103	58	107	135	7	14	110	146	134	189	160	91	209	91	107	93	157	16	36	182	24	17	29	86	12	62	27	10	131	68	128	103	23	1	84	36	134	43	141	53	88	45	80	138	226	152	164	157	92	126	117	66	111	115	17	32	76	165	142	131	267	107	42	32	51	26	107	27	91	19	70	147	138	56	86	39	122	89	155	108	81	11	81	3	43	177	72	176	83	21	80	60	131	176	2	88	175	135	49	193	12	8	184	51	124	130	5	50	18	29	114	40	180	177	128	28	67	156	138	100	168	10	175	56	114	71	112	40	155	50	58	182	116	6	114	156	220	124	20	89	66	140	97	5	98	22	5	10	42	88	36	82	135	244	132	120	15	107	154	21	161	53	71	43	142	54	34	72	140	156	43	143	159	44	7	179	108	49	172	38	70	74	143	143	125	101	141	126	155	56	87	129	124	84	50	27	5	52	120	191	316	112	105	180	21	56	65	61	162	91	127	16	121	76
E2F1	8	24	10	107	43	19	58	119	137	16	247	319	47	242	73	23	57	104	30	11	64	66	212	17	98	151	184	30	41	240	136	118	130	79	107	25	113	68	164	26	32	25	42	68	10	41	90	81	106	77	22	209	34	16	89	18	78	226	48	59	75	2	150	111	75	1357	200	435	222	316	82	81	130	145	124	86	143	56	18	219	42	64	94	116	104	115	50	14	24	19	16	23	152	29	108	47	48	11	36	31	23	82	86	224	9	14	178	37	39	16	112	18	161	160	64	3	28	9	45	36	162	257	109	84	10	23	99	129	24	14	36	3	93	135	36	100	25	33	55	133	311	193	25	68	131	25	124	192	33	181	104	155	118	57	77	63	28	92	24	15	17	131	217	15	237	152	98	206	13	54	113	180	55	91	31	153	94	184	178	62	81	40	360	21	96	10	6	285	159	104	96	70	30	87	101	165	223	22	97	43	10	33	56	230	95	16	145	103	55	29	133	151	174	285	242	61	127	62	30	40	78	40	21	21	112	89	16	38	30	17	16	250	63	131	104	101	157	160	20	132	37	94	16	17	12	33	132	9	19	7	107	51	76	14	30	51	97	84	155	51	78	32	218	147	262	31	60	34	29	41	86	4	2	36	49	14	166	21	114	57	180	23	41	19	62	216	31	14	31	86	55	103	157	226	359	98	5	3	72	21	29	21	123	92	69	211	58	2	105	109	117	69	82	82	21	15	106	44	83	59	160	92	224	69	108	8	15	49	75	165	121	30	152	70	38	4	20	30	42	45	45	40	109	386	451	82	163	203	93	101	82	130	49	19	55	63	120	152	87	140	72	28	1	82	137	89	87	36	57	46	211	287	93	25	23	64	73	94	96	37	12	144	56	43	15	43	16	109	19	75	57	73	104	50	27	32	50	114	55	40	27	80	65	44	6	35	26	136	29	107	73	19	22	118	202	202	145	199	59	249	89	93	67	96	19	53	147	19	28	30	142	10	51	19	10	152	105	82	125	96	1	79	26	57	41	143	38	96	39	91	154	91	100	134	170	86	97	77	43	74	116	13	37	101	177	180	85	99	98	52	33	23	16	55	25	65	16	30	146	108	85	96	41	127	80	139	164	86	25	60	2	50	198	72	152	53	16	100	52	78	115	3	62	147	136	27	58	12	8	253	88	107	149	3	36	29	29	78	18	112	213	116	26	48	100	144	89	94	8	121	46	88	65	65	45	265	37	30	177	104	15	175	183	174	117	24	136	47	73	114	8	115	16	6	11	25	98	22	53	88	309	100	122	14	57	160	17	117	63	56	25	162	32	50	52	144	146	25	133	166	35	10	168	72	37	115	48	43	54	118	89	133	121	178	88	149	54	102	76	77	76	30	28	5	82	81	180	125	79	128	127	19	59	74	49	172	115	129	13	80	90
E2F2	7	27	10	130	49	24	93	125	101	13	130	190	54	171	73	46	21	101	40	13	82	83	167	19	90	125	133	26	43	190	174	123	97	86	102	34	101	56	136	15	27	16	52	81	11	76	82	36	138	72	13	150	43	17	131	20	93	151	44	76	71	3	117	75	86	200	805	183	112	168	98	90	103	60	98	44	150	72	19	198	46	109	68	79	120	113	68	17	24	17	18	30	120	22	86	61	58	12	33	35	20	80	43	126	9	19	98	30	26	15	90	31	159	70	29	3	60	10	42	33	113	149	104	110	11	24	104	95	17	16	33	3	86	109	25	71	18	35	41	115	246	217	32	82	166	25	116	159	49	150	118	148	106	54	121	71	36	91	27	20	22	106	128	15	169	130	103	173	12	47	116	167	56	107	38	171	81	109	109	88	74	29	101	43	128	10	4	175	126	105	111	68	36	76	89	193	141	51	90	58	10	35	96	184	79	21	109	119	84	31	136	166	156	132	244	72	87	95	41	41	48	40	24	23	168	75	16	44	23	22	11	250	78	43	29	32	187	102	21	131	68	46	13	20	10	21	116	5	15	8	85	62	80	14	7	79	62	43	98	59	61	49	155	64	161	30	46	28	51	77	83	2	3	41	52	15	132	17	100	57	132	24	54	10	56	194	34	17	27	74	59	105	155	210	192	137	6	2	59	20	35	24	114	105	69	143	63	2	85	88	99	67	90	67	23	14	66	55	78	20	91	64	184	61	128	9	20	87	59	105	82	45	115	72	59	2	15	22	82	32	78	57	76	185	194	94	118	100	97	81	77	87	66	17	42	67	130	127	87	123	91	34	1	83	134	71	60	17	85	73	128	223	87	39	33	86	43	68	87	24	11	123	83	44	22	35	17	117	22	68	64	87	125	79	27	62	76	110	51	41	22	62	87	63	7	35	36	101	53	146	82	32	15	97	206	126	116	154	64	186	72	130	88	108	17	48	132	27	18	25	90	9	58	28	8	145	61	108	134	54	1	92	35	64	57	140	41	105	39	89	118	96	101	125	202	90	100	84	59	76	157	13	37	125	138	164	92	93	87	43	26	45	26	70	25	82	17	41	148	100	69	75	31	94	74	120	118	76	11	109	3	38	163	56	152	64	22	71	63	91	121	3	65	144	110	45	81	12	8	168	99	92	127	3	35	44	21	87	36	122	163	101	33	54	113	126	133	108	9	120	51	90	47	82	43	225	40	46	178	93	19	103	123	154	113	26	107	52	99	92	6	98	19	4	7	39	77	27	71	99	188	103	177	17	55	153	17	117	53	56	45	120	50	49	55	121	129	35	114	204	41	7	142	125	39	122	36	47	64	108	103	92	90	140	93	159	56	78	89	94	76	39	28	4	60	85	143	119	140	151	128	18	42	44	50	150	84	144	16	89	79
E2F4	16	15	4	105	54	18	42	108	164	24	453	563	57	298	81	20	97	131	37	7	62	68	262	10	107	160	177	28	39	293	129	117	154	84	116	30	122	65	181	34	33	39	36	79	4	32	105	159	102	67	27	234	38	57	69	11	64	269	47	71	67	3	161	190	77	435	183	2385	332	329	90	92	181	224	163	100	147	49	11	292	27	60	96	160	96	138	53	9	26	25	23	31	145	20	158	55	37	11	28	32	21	78	182	364	10	12	340	38	51	13	106	11	185	210	77	1	31	5	50	35	254	397	138	99	3	15	123	132	26	8	30	2	156	197	21	103	27	21	93	170	446	202	21	81	129	19	110	224	35	239	105	165	139	43	74	57	23	80	21	12	15	149	351	16	333	151	94	220	6	43	114	203	49	93	19	166	92	269	268	65	105	31	819	15	87	4	2	436	204	106	83	67	19	79	101	189	265	17	97	46	6	29	44	268	90	8	172	110	43	20	179	177	266	456	332	59	139	62	24	42	71	26	17	17	113	82	9	29	30	11	21	255	57	330	263	257	151	187	12	150	37	138	10	9	9	78	137	11	12	2	152	42	76	13	77	57	163	100	207	56	85	25	245	222	325	29	70	35	21	35	82	6	11	33	35	9	195	16	139	60	223	10	39	41	81	263	21	5	39	87	66	109	194	240	659	79	3	2	64	26	36	12	118	100	89	236	42	5	117	97	132	81	85	69	22	17	192	27	66	132	239	128	255	62	113	8	36	48	59	215	154	40	153	66	39	9	30	38	35	55	36	40	172	625	698	87	232	321	113	110	70	142	57	18	57	52	136	172	71	165	61	21	2	84	128	144	131	59	47	42	292	312	108	24	25	65	84	118	88	40	6	185	55	33	23	41	9	120	14	58	48	59	96	51	22	34	59	136	48	43	20	86	62	38	2	25	20	170	29	110	66	18	22	107	211	241	216	276	60	281	95	88	70	108	12	51	153	8	30	44	248	5	42	14	7	141	107	93	137	146	1	73	16	42	28	161	29	98	33	98	162	88	91	158	168	66	98	72	37	91	107	5	54	92	177	166	106	105	96	63	56	16	10	51	15	65	10	24	162	105	92	90	30	122	93	134	166	87	34	70	2	52	188	64	165	47	8	101	49	77	133	6	72	184	154	24	53	6	4	273	72	106	141	2	40	41	52	91	11	106	193	123	21	36	95	164	83	93	5	138	40	92	47	66	44	373	35	21	203	122	13	173	212	186	119	13	136	37	89	116	11	138	19	1	18	15	95	26	59	88	394	118	115	9	38	152	7	131	57	54	22	178	20	68	49	152	156	20	140	173	45	16	193	72	30	123	71	29	54	116	109	128	111	211	91	148	51	96	72	65	74	27	22	3	84	71	167	131	83	126	167	16	56	70	36	206	128	107	6	81	102
E2F5	2	16	9	99	36	21	54	93	102	6	211	261	36	163	52	40	43	86	46	9	57	68	158	23	97	97	93	20	28	190	77	40	99	62	90	27	93	62	122	13	21	11	36	80	9	39	90	57	72	54	20	148	46	10	56	20	42	114	44	53	56	1	80	65	64	222	112	332	825	203	69	70	76	73	82	48	70	42	15	151	24	52	52	67	86	102	61	16	19	9	7	17	87	10	95	54	45	9	16	33	14	60	47	128	6	7	150	21	19	12	61	28	123	87	45	3	49	9	31	36	168	201	87	76	8	16	70	70	19	12	31	3	89	79	12	45	5	17	46	118	164	86	27	74	68	17	83	118	41	121	85	106	112	35	61	58	34	69	25	17	19	76	134	13	143	98	78	136	7	26	95	88	46	69	36	105	79	122	119	67	65	14	285	36	57	10	4	171	98	43	57	35	29	62	64	92	121	39	81	51	10	27	45	146	52	23	122	73	42	26	108	110	163	238	120	56	79	69	29	36	37	31	23	18	76	51	15	26	21	18	8	116	70	100	82	82	82	81	20	104	49	53	13	25	6	31	83	2	13	6	63	41	62	5	19	41	65	25	70	56	48	38	133	102	156	31	49	16	42	47	75	1	5	31	34	13	105	15	103	57	128	18	55	19	57	91	21	13	35	41	42	75	103	103	273	59	5	1	34	20	39	16	71	80	46	111	41	2	85	58	98	48	80	41	16	9	69	31	64	44	101	53	154	46	75	7	7	64	32	77	74	10	75	43	46	2	7	22	49	39	36	50	71	347	359	70	157	122	102	70	55	75	51	14	49	62	101	118	76	108	42	33	1	79	104	42	57	23	58	41	142	117	68	45	35	40	34	69	77	30	11	98	62	33	13	33	12	84	20	41	42	48	59	64	23	53	45	72	42	32	22	51	61	33	6	37	27	119	52	69	65	6	18	66	99	110	74	72	70	119	70	62	72	83	15	47	97	20	15	24	112	7	43	27	5	109	53	77	70	43	1	60	23	37	31	123	29	88	23	71	89	56	66	95	83	57	67	69	42	81	76	9	32	51	98	88	70	78	65	32	21	31	26	55	20	55	14	29	117	62	57	52	27	64	50	94	90	83	17	60	2	27	105	49	98	48	21	52	48	66	92	3	73	92	79	35	58	10	7	114	39	77	111	2	21	19	17	63	29	70	106	81	20	30	70	89	66	66	8	87	46	63	33	63	31	124	30	32	129	87	3	81	107	105	73	10	100	36	74	70	4	83	24	4	8	32	55	21	53	65	139	71	71	16	34	93	15	82	40	44	42	125	27	30	36	81	123	33	79	82	35	9	105	63	31	86	25	37	47	79	70	82	64	94	71	121	31	67	68	65	55	33	22	3	68	68	101	72	60	69	121	16	41	43	34	99	88	92	14	57	60
E2F8	33	76	262	222	76	40	118	223	302	497	405	564	565	406	287	53	114	371	113	43	153	146	370	19	212	323	360	335	81	433	243	235	325	155	246	54	296	118	437	338	163	238	93	125	11	65	146	210	177	151	21	388	62	38	116	35	361	369	105	118	200	229	210	257	159	316	168	329	203	3963	164	177	296	200	427	168	218	60	293	553	139	129	209	320	198	329	112	53	156	292	436	415	385	345	394	405	116	309	438	194	91	161	160	376	138	208	281	522	326	222	208	34	311	181	66	3	62	9	116	76	259	626	563	229	128	83	209	251	145	312	225	3	187	304	267	373	315	167	272	384	462	387	49	143	285	50	233	515	74	433	187	283	244	416	136	123	64	240	148	62	79	237	393	93	389	324	251	429	188	111	281	241	106	165	83	373	188	268	296	156	442	344	403	47	136	18	5	646	328	551	288	276	177	373	287	348	538	67	390	402	15	224	127	540	246	21	241	252	95	45	292	318	347	406	383	117	266	155	53	216	172	268	417	32	197	154	26	71	132	41	295	388	293	105	100	95	309	439	44	250	93	200	107	20	164	56	247	134	107	33	273	95	154	417	26	78	163	400	251	104	432	77	431	415	590	241	135	58	58	69	182	217	18	365	109	20	452	293	214	111	538	239	79	31	118	294	144	54	164	277	449	206	993	308	644	192	5	3	387	141	116	176	230	411	397	411	122	10	309	208	320	187	188	193	340	404	143	90	200	45	209	216	365	178	254	69	24	124	263	287	502	32	566	314	122	221	379	298	87	121	102	81	391	438	471	337	320	276	182	215	151	227	274	100	79	140	251	268	234	312	95	80	45	152	289	213	201	78	153	81	307	415	218	48	38	131	80	139	340	73	14	326	180	134	35	194	70	215	121	176	106	157	270	121	69	85	135	280	99	97	51	192	181	54	130	165	49	347	80	224	158	20	35	235	307	377	315	271	105	681	209	163	140	261	32	252	421	28	127	140	466	12	100	57	22	327	243	176	201	68	1	117	49	156	51	291	70	262	356	569	445	205	196	305	309	147	178	175	87	154	185	21	72	265	324	272	215	185	299	122	177	60	43	138	64	146	16	50	425	172	149	230	100	247	169	273	394	149	131	120	2	93	347	349	413	148	23	193	134	185	281	25	117	326	325	49	133	13	8	459	360	233	418	4	125	34	53	159	42	243	405	216	26	75	220	312	200	262	8	306	87	190	123	152	98	336	67	55	427	216	14	312	440	402	278	376	398	129	192	206	22	196	122	23	49	48	301	50	117	170	652	251	207	26	194	261	21	342	290	111	54	268	69	83	165	339	306	53	275	277	64	39	392	126	100	227	76	83	128	284	216	306	236	366	223	413	71	281	185	149	139	69	48	22	339	204	335	247	156	186	303	23	133	214	140	370	275	373	17	193	139
EEA1	7	19	10	142	81	27	69	196	129	9	119	174	44	261	93	50	14	89	41	11	116	80	261	20	121	357	213	27	74	244	127	115	134	138	98	39	86	54	170	13	24	18	61	123	10	63	160	16	154	112	9	176	52	27	90	18	64	157	60	275	63	2	88	72	166	82	98	90	69	164	1125	160	159	42	106	44	87	54	14	225	45	119	95	84	137	155	76	14	18	10	8	21	138	11	76	69	67	9	19	54	19	115	29	134	7	8	80	23	54	14	138	31	410	72	29	3	64	9	75	54	107	127	78	176	8	26	156	98	16	13	29	3	62	193	28	47	7	35	32	158	236	165	36	106	135	22	172	146	63	111	345	398	173	42	111	72	41	176	26	16	22	154	117	16	206	136	83	306	11	49	85	168	92	114	52	205	68	116	94	153	70	20	42	41	93	9	9	225	268	63	71	58	33	68	113	187	208	52	80	46	10	33	76	297	134	22	169	170	71	41	221	241	189	72	230	69	130	100	52	45	43	32	22	15	150	53	15	56	31	31	9	242	75	43	29	27	146	169	22	212	95	45	11	25	9	43	156	2	14	6	124	70	142	11	8	69	54	42	189	73	69	66	250	76	175	33	48	26	48	78	95	1	9	33	77	14	129	15	126	80	148	17	70	7	49	158	30	14	30	79	47	326	160	243	229	113	5	3	36	15	35	20	151	81	77	145	64	1	76	97	90	48	83	60	15	6	73	58	78	22	107	71	355	65	221	5	12	76	40	152	84	25	144	107	52	2	14	22	82	35	63	78	111	164	149	91	108	100	145	94	92	85	59	16	36	99	382	190	106	186	44	52	1	81	172	169	78	12	180	50	97	263	106	45	37	82	47	87	114	32	10	128	77	49	17	30	15	277	19	67	73	97	114	84	52	62	105	127	67	40	20	96	72	56	6	35	33	101	57	91	113	8	14	136	162	143	215	222	102	221	119	125	97	190	17	42	184	22	15	32	78	12	81	28	11	125	46	166	149	34	1	90	35	83	48	153	48	91	43	86	117	101	159	175	152	114	182	90	66	114	106	13	38	72	174	165	162	125	94	52	21	47	27	88	27	101	18	54	152	163	48	74	34	115	123	183	97	80	9	89	2	56	199	50	159	111	21	62	67	152	230	5	100	230	175	54	96	12	8	161	59	131	109	4	47	31	26	139	39	220	207	166	27	57	153	174	99	189	9	215	59	134	55	125	34	187	53	55	183	105	12	101	111	233	158	18	107	48	162	115	5	107	20	4	10	41	83	37	114	160	271	167	135	17	84	190	16	182	66	82	40	165	50	45	64	143	189	41	187	189	53	9	198	127	45	250	73	58	66	115	167	162	83	170	148	151	70	95	116	121	92	51	34	2	42	112	198	162	113	143	253	17	65	71	55	236	87	119	14	133	77
EED	6	28	10	163	46	25	80	172	158	16	172	216	50	248	103	52	28	109	41	14	112	78	224	18	130	234	197	36	69	259	149	125	152	136	109	46	141	64	180	15	26	19	59	100	12	66	143	40	140	118	11	185	51	31	90	23	63	175	57	109	87	2	105	106	151	81	90	92	70	177	160	1467	148	89	122	129	107	49	16	233	40	102	80	106	138	158	82	15	26	13	13	23	200	13	110	73	86	13	24	52	25	103	72	192	9	17	125	34	61	13	157	31	238	72	24	3	64	10	69	57	128	176	108	174	8	20	125	139	18	13	36	3	90	190	35	86	8	35	59	155	203	192	41	106	121	24	159	181	60	159	178	235	158	40	104	89	43	145	29	17	22	165	190	14	235	162	116	301	11	64	121	144	95	116	53	209	81	159	171	133	74	37	79	40	91	10	7	278	323	69	78	79	36	104	124	165	224	63	104	56	13	37	80	305	137	25	165	199	74	74	209	220	185	91	197	82	134	107	58	46	68	47	24	15	146	83	15	59	28	29	14	243	94	42	40	39	147	172	24	194	92	77	14	19	10	31	199	7	19	6	99	70	128	15	16	73	105	58	205	70	81	66	253	133	219	31	52	33	47	61	98	1	10	35	76	14	157	14	149	68	184	17	74	10	59	145	41	17	33	88	57	166	184	205	237	129	6	6	68	21	39	22	140	112	75	211	91	5	108	137	104	94	91	104	17	10	76	73	96	30	87	63	226	110	198	13	13	79	60	188	103	16	300	89	59	1	19	25	82	40	60	66	97	157	150	98	131	125	131	119	102	125	70	16	48	111	193	158	104	178	60	45	1	100	176	197	91	34	138	65	141	232	110	40	37	77	35	79	133	33	12	145	93	45	20	39	19	149	31	91	85	101	109	100	54	61	102	119	78	36	27	97	106	48	6	41	38	120	64	111	138	10	18	150	175	190	244	207	97	238	110	114	98	182	18	55	197	33	17	38	141	12	75	26	9	154	89	274	122	28	1	90	42	89	45	155	56	107	46	111	172	132	188	176	174	107	152	119	69	117	128	17	38	98	180	168	148	151	146	49	46	59	28	101	28	104	17	48	173	146	81	104	40	140	111	173	171	88	18	86	3	65	208	93	190	102	25	94	69	158	204	5	80	216	170	50	120	12	8	234	55	140	154	6	84	24	38	136	41	187	215	145	28	75	163	183	121	185	9	221	70	122	68	119	54	197	64	60	198	121	9	166	184	238	141	25	132	73	152	139	8	120	22	6	12	46	108	36	171	139	312	144	137	16	83	172	21	216	68	84	48	171	77	37	65	334	194	44	191	161	53	8	431	113	49	188	65	73	71	157	163	169	112	390	156	174	85	113	129	123	111	52	40	6	60	135	204	194	109	134	211	20	52	80	76	420	113	155	17	119	105
EGR1	40	29	45	141	96	34	57	159	138	104	295	428	200	337	170	42	36	187	101	18	86	70	286	17	114	299	304	124	67	279	139	153	152	145	163	48	163	48	213	86	64	72	56	107	10	52	109	73	143	103	17	234	48	118	80	17	114	251	52	138	92	52	155	192	118	130	103	181	76	296	159	148	3637	156	261	88	128	60	84	395	93	111	212	277	155	171	66	37	135	102	112	128	196	58	205	162	65	76	129	67	29	116	102	317	31	38	156	164	139	42	147	24	305	166	62	3	51	7	81	54	174	320	242	177	26	62	166	249	62	75	84	3	102	297	96	194	88	82	99	210	450	241	31	93	161	31	177	331	52	262	179	287	152	111	91	70	41	126	73	33	47	205	244	36	406	217	150	387	51	59	114	253	62	130	39	268	104	213	198	122	205	121	157	36	103	16	7	590	501	235	140	147	57	161	173	302	262	57	148	108	10	84	81	425	221	20	153	182	70	53	264	260	259	166	372	65	198	96	55	74	82	65	120	17	146	83	20	42	76	24	89	283	116	111	96	87	160	278	26	236	63	138	58	20	68	73	177	30	30	9	511	61	135	120	30	62	102	204	273	58	172	41	299	237	385	77	107	63	45	54	82	40	35	153	58	15	313	86	124	105	232	61	52	26	57	219	54	18	85	256	181	221	386	335	564	112	6	3	127	47	59	87	149	141	294	283	75	9	104	156	121	109	84	93	106	132	207	46	98	63	301	296	350	110	214	21	49	65	87	247	209	33	314	221	65	62	125	105	61	110	68	53	312	276	259	180	163	210	134	103	105	136	149	51	38	92	245	194	105	200	56	56	9	76	178	293	173	51	103	51	178	360	186	42	40	133	137	192	162	49	14	278	112	64	42	50	25	218	31	84	77	90	157	85	60	51	162	297	58	64	26	120	87	46	23	60	24	145	49	132	83	15	34	186	219	281	354	386	70	444	136	116	99	190	24	74	215	24	61	107	197	8	47	38	18	156	133	136	179	74	1	108	30	96	37	162	62	142	133	274	179	115	125	157	180	108	200	96	44	108	99	10	97	111	248	234	139	134	164	167	94	45	32	69	44	92	15	53	224	200	113	115	47	168	141	171	215	67	54	88	3	60	297	139	235	111	18	97	104	125	226	12	80	380	217	42	88	10	7	343	139	116	167	9	69	45	48	126	33	188	305	180	27	60	121	269	98	189	7	269	57	135	61	125	56	371	62	40	290	126	13	175	229	253	184	103	181	60	134	128	34	215	45	10	32	35	135	40	100	120	649	196	161	23	86	161	17	207	171	74	38	164	41	85	195	231	200	34	183	213	85	28	281	116	36	270	139	70	68	160	156	237	120	316	152	190	73	154	104	108	90	48	35	23	83	94	261	198	123	181	287	24	132	106	63	311	109	164	13	136	89
ELF1	17	10	8	125	34	13	18	119	102	29	482	750	82	185	89	19	164	210	41	8	32	59	129	7	31	147	163	36	30	173	92	131	64	56	178	12	249	31	87	53	56	69	14	22	3	16	45	253	45	69	45	131	9	51	37	8	39	364	42	47	75	12	124	201	49	145	60	224	73	200	42	89	156	2711	521	329	226	52	20	412	35	31	193	444	146	62	25	10	42	32	26	48	173	19	351	60	27	18	26	15	34	60	506	874	5	9	548	71	44	12	94	5	156	270	91	2	19	4	65	23	218	392	233	50	4	13	109	137	34	15	27	2	178	221	35	196	31	34	113	93	465	175	6	25	87	16	87	373	20	490	77	131	52	36	36	80	4	99	23	5	17	233	826	19	444	230	188	169	12	32	134	154	44	52	18	177	101	328	412	31	132	48	310	9	64	7	5	369	163	95	39	55	17	120	132	120	173	11	206	71	4	35	17	228	105	7	64	89	25	27	151	167	258	249	259	72	79	54	31	23	84	31	24	10	45	87	7	26	24	8	44	169	82	142	142	145	79	244	5	110	18	333	22	6	19	55	130	10	11	5	190	44	58	34	46	34	436	94	370	13	102	14	209	296	415	35	109	41	18	13	24	7	12	41	29	8	323	30	57	68	212	6	14	61	62	137	27	5	49	148	99	66	217	189	780	37	3	2	120	24	32	25	130	171	102	301	43	6	48	92	60	91	34	84	26	28	190	43	67	93	190	121	323	60	70	19	22	51	82	273	198	46	158	49	18	6	25	60	12	72	14	15	235	233	247	116	234	682	52	148	56	325	71	26	21	47	80	65	97	104	46	44	4	28	119	133	177	88	45	30	514	292	126	26	15	54	36	114	88	90	8	319	71	36	21	24	8	97	10	68	42	43	47	47	26	36	61	172	41	31	14	98	99	16	5	57	12	79	24	60	47	20	23	94	157	300	300	282	22	442	107	33	92	80	12	72	142	5	34	67	288	2	26	14	9	174	136	57	50	214	1	31	8	31	13	67	21	138	48	122	155	101	82	131	96	45	71	65	17	44	55	7	38	71	177	135	73	84	134	56	65	12	13	28	17	58	6	11	213	107	189	96	32	115	102	97	307	41	41	26	1	76	188	119	150	17	4	149	42	34	94	11	28	219	128	5	48	4	4	367	54	96	219	3	36	28	96	73	4	74	186	110	10	39	65	191	43	50	4	79	13	101	42	45	78	501	28	12	285	59	12	210	219	147	80	22	204	28	50	137	14	195	17	5	27	7	115	8	36	46	416	133	66	7	32	91	4	103	54	51	23	94	15	55	47	172	69	8	109	92	43	17	189	31	17	81	44	24	25	121	93	148	126	302	66	191	23	66	51	45	79	5	22	7	33	44	149	116	40	47	94	14	50	78	33	166	76	116	3	55	167
ELF3	31	61	417	210	68	26	79	172	163	657	311	636	1036	272	212	63	87	529	221	47	89	127	213	24	94	213	232	532	50	240	195	178	156	91	292	49	345	59	262	554	251	415	50	90	10	57	83	188	126	81	22	183	44	88	97	46	401	291	58	107	156	308	136	274	97	124	98	163	82	427	106	122	261	521	4821	242	213	67	438	805	144	84	355	862	256	215	70	115	348	483	670	771	217	376	613	626	84	512	591	187	65	112	211	459	200	249	268	874	312	232	120	35	236	147	61	3	68	9	83	52	209	532	899	140	115	106	154	172	179	587	268	3	245	232	261	421	418	174	530	320	457	323	37	93	271	41	134	723	57	732	132	197	124	507	104	121	51	168	183	99	135	264	505	111	428	353	332	227	275	50	231	199	65	102	42	358	153	308	324	99	676	385	166	59	111	25	5	448	276	790	258	238	198	335	239	350	264	84	534	598	12	256	107	390	177	28	125	154	81	40	178	295	323	402	293	107	157	140	52	241	124	181	674	21	126	88	33	40	199	21	513	258	358	62	59	64	242	318	31	156	66	228	158	22	211	43	145	154	94	12	377	60	92	606	19	75	196	386	234	64	370	49	312	427	489	387	154	71	72	58	90	248	46	600	55	23	655	476	112	146	368	275	55	29	121	197	123	54	263	372	783	148	724	256	799	135	5	2	317	201	174	240	144	507	663	277	80	45	201	119	201	102	113	116	675	570	165	56	184	32	144	328	337	154	157	47	52	142	200	254	538	31	527	268	128	290	485	534	70	210	97	53	539	269	261	448	270	321	109	137	87	207	432	146	42	70	161	122	174	162	95	77	49	75	261	172	158	60	117	77	351	288	277	53	50	114	54	130	312	106	13	463	255	144	47	174	90	200	131	118	77	104	268	137	55	111	124	378	58	49	32	118	174	49	129	184	35	254	98	184	90	12	38	153	204	277	230	213	65	840	165	111	170	155	43	340	273	24	125	172	451	10	59	72	30	322	137	124	123	68	4	81	36	124	45	175	45	273	398	660	231	123	105	170	221	83	117	96	52	100	131	12	92	252	183	179	125	115	220	156	188	60	57	68	59	117	16	41	577	118	214	128	89	127	117	151	290	72	170	88	2	70	206	280	274	100	23	107	121	99	177	39	84	385	229	38	93	14	8	323	405	131	459	4	97	28	76	111	41	132	218	151	32	46	126	261	146	145	8	168	58	129	61	96	80	382	42	45	517	152	11	174	264	255	167	390	541	112	121	140	36	239	211	27	51	38	257	41	82	103	412	229	160	35	122	131	16	184	356	71	63	168	39	81	146	264	178	39	155	199	93	44	318	110	70	155	60	45	82	138	120	191	124	365	128	438	51	195	101	102	73	41	41	28	263	90	181	146	127	128	242	24	98	182	101	263	217	417	15	108	129
ELF4	8	26	44	60	18	16	40	62	87	79	227	268	94	113	81	28	79	101	35	15	43	44	89	19	42	87	98	54	26	112	78	77	72	57	78	21	111	41	94	50	31	38	32	37	12	30	46	123	48	46	13	102	25	17	42	20	73	163	49	26	65	27	72	96	44	86	44	100	48	168	44	129	88	329	242	1579	109	34	50	162	48	41	105	168	85	65	42	19	39	39	61	66	124	57	152	78	50	41	65	46	19	48	187	312	25	31	187	83	69	40	75	25	77	86	31	3	26	8	36	31	110	192	116	55	19	18	76	82	41	54	47	3	90	91	47	126	41	43	78	88	196	120	26	39	71	28	68	166	33	171	53	80	57	71	39	45	26	90	36	21	27	79	321	19	163	108	77	109	28	45	85	96	41	54	29	101	60	119	159	50	81	62	172	23	49	12	4	197	138	118	68	66	49	102	100	90	120	28	105	87	11	47	35	135	71	19	74	79	40	33	94	89	97	121	119	46	69	41	34	54	79	70	73	15	57	55	17	32	28	18	51	114	76	48	53	46	85	107	22	66	31	135	23	18	22	16	77	17	20	7	76	47	49	65	20	32	174	93	142	35	86	34	123	137	211	45	60	31	27	28	52	25	10	60	44	16	136	47	54	39	141	37	33	14	49	89	41	22	43	71	85	47	151	88	325	59	6	3	106	38	42	40	76	107	73	206	55	5	86	98	76	104	55	69	54	55	55	41	67	33	93	52	125	69	79	21	7	37	90	116	118	12	238	59	45	32	64	64	29	48	37	34	95	97	103	90	110	224	54	104	55	162	64	33	37	57	52	54	68	85	44	41	4	46	76	62	72	39	56	30	174	145	61	26	24	43	11	52	86	56	14	129	54	40	17	38	25	52	42	59	50	50	71	31	34	34	50	87	51	24	27	64	59	34	19	55	28	78	30	69	56	8	23	75	107	141	129	97	34	198	73	50	50	69	19	60	140	22	28	34	157	10	36	23	11	109	92	94	50	60	1	41	26	47	21	67	37	85	63	98	140	79	56	95	94	49	57	62	30	53	67	9	21	74	85	99	53	64	104	46	47	27	22	57	26	48	15	23	99	76	86	68	37	71	63	76	163	49	50	36	3	44	106	113	121	31	21	81	51	48	72	6	40	96	108	25	45	12	8	241	73	80	117	4	38	8	26	47	25	64	109	62	19	28	55	110	59	69	7	73	43	57	46	45	47	186	29	34	114	63	3	130	178	109	69	59	102	49	55	71	13	74	23	6	21	28	83	14	63	52	223	79	60	18	52	76	18	91	62	33	27	82	39	40	45	225	80	29	82	75	22	13	231	43	42	63	24	36	41	100	65	81	86	270	76	96	30	83	62	45	61	28	29	5	81	64	89	77	43	53	70	15	41	61	58	227	73	93	17	52	80
ELK1	11	26	26	168	52	28	117	137	124	45	211	326	99	208	106	53	45	185	55	17	94	106	170	21	92	145	153	47	44	222	213	164	110	97	151	45	199	67	157	35	39	30	51	73	10	89	87	87	164	93	16	161	44	31	140	23	156	189	50	67	126	24	131	105	86	143	150	147	70	218	87	107	128	226	213	109	1269	122	47	336	52	120	172	254	157	131	85	19	38	41	45	68	179	57	183	106	71	35	80	49	37	93	177	309	25	31	223	73	60	23	110	39	172	115	40	3	61	10	57	41	169	222	194	122	16	33	119	140	35	31	64	3	130	140	46	154	60	57	79	144	372	296	34	78	219	27	129	283	60	269	114	151	110	90	140	95	43	121	37	21	24	164	310	20	247	201	183	185	38	57	189	207	76	114	45	223	111	165	198	93	129	65	107	55	159	12	5	248	158	188	137	95	62	134	117	253	184	68	178	120	11	70	117	235	90	23	117	139	97	32	156	202	203	155	263	92	98	124	54	56	76	64	59	24	174	94	18	55	26	26	40	288	153	41	28	19	235	179	25	150	78	118	24	22	32	23	136	14	21	10	124	63	78	50	11	89	172	91	149	57	107	65	216	127	277	50	60	29	53	87	86	20	7	73	62	16	231	47	108	86	214	36	55	18	84	226	57	22	50	114	119	109	237	265	331	172	5	3	113	31	57	49	116	205	119	215	85	6	100	109	116	93	96	106	43	34	80	68	122	20	108	87	232	99	135	19	18	101	102	147	164	49	191	86	72	15	40	56	99	48	89	57	149	175	167	151	180	218	96	130	100	167	101	27	45	85	126	120	125	135	117	59	5	89	183	75	83	46	107	99	251	264	132	46	39	100	37	97	131	51	10	237	113	60	21	53	24	122	33	91	65	95	162	103	27	86	81	145	57	49	32	87	148	57	15	80	40	140	77	224	107	26	21	113	251	197	150	172	69	298	110	130	114	135	19	92	190	25	28	63	145	11	62	36	10	202	109	119	121	52	1	98	36	85	63	147	44	152	74	164	182	106	115	143	257	100	112	108	66	97	195	15	51	198	161	191	110	105	139	63	45	56	30	82	33	109	19	40	228	116	105	104	44	115	86	131	201	78	33	123	2	47	177	115	185	81	22	108	92	91	148	9	74	164	145	50	96	11	8	227	124	135	227	3	50	46	42	95	47	114	187	113	33	63	128	178	192	121	9	125	52	104	54	92	65	351	52	51	274	112	15	151	188	206	121	56	201	72	115	114	12	158	30	7	16	43	128	35	78	111	241	147	208	18	64	174	16	149	88	59	59	141	62	51	69	181	139	50	129	233	47	14	202	130	45	119	38	64	73	154	116	139	123	229	107	247	62	109	103	108	80	38	30	4	88	103	168	129	144	149	151	21	59	80	74	183	110	216	15	104	137
ELK4	4	14	10	66	29	23	51	61	47	6	60	89	29	77	36	38	12	57	34	11	45	45	66	18	50	56	64	16	35	72	71	45	38	46	47	23	54	33	55	7	16	5	34	49	10	52	51	19	67	44	10	60	36	8	65	17	59	52	27	48	41	2	48	28	49	56	72	49	42	60	54	49	60	52	67	34	122	295	13	106	25	68	63	74	62	51	43	17	15	7	6	15	61	15	52	39	38	8	16	27	11	34	39	79	7	3	56	14	13	12	53	28	74	27	11	3	39	9	17	25	53	59	55	56	8	15	47	49	16	12	28	3	47	33	13	34	4	18	27	54	111	93	24	49	79	18	61	80	34	75	66	70	51	40	63	44	30	42	23	16	18	55	80	11	74	57	51	77	8	24	57	83	39	57	32	80	41	47	56	51	40	13	21	34	66	10	4	66	67	52	56	29	27	43	40	87	44	33	47	39	11	24	56	84	30	21	50	60	56	26	70	80	77	43	84	41	39	57	29	25	32	23	19	18	74	38	14	31	17	19	9	96	48	11	4	3	84	46	18	68	48	31	11	21	6	7	55	2	13	8	36	34	43	5	1	48	50	15	41	37	31	40	74	27	81	25	29	13	33	56	42	1	2	26	30	12	73	11	49	45	56	17	37	8	42	87	24	16	25	29	34	50	65	95	91	70	5	3	28	16	29	16	42	55	33	61	38	1	39	42	43	31	43	32	12	4	38	34	42	3	46	27	85	56	65	4	6	49	30	41	32	18	53	38	42	1	7	19	58	26	51	40	48	58	58	49	58	61	53	48	45	44	38	13	25	41	69	52	54	50	50	24	1	44	73	24	23	18	53	44	72	82	47	33	29	54	20	43	46	25	9	71	48	25	15	20	14	57	17	32	46	45	65	52	15	43	40	55	26	24	17	24	45	40	6	27	23	44	37	66	50	10	15	49	87	56	45	58	45	84	44	65	51	54	15	32	64	22	7	16	36	9	36	27	6	70	23	48	67	18	1	56	26	42	39	62	29	51	25	42	57	49	48	55	81	44	58	44	39	47	66	11	28	62	63	72	46	52	44	26	8	33	23	41	23	44	17	35	76	53	42	34	20	46	31	55	46	37	7	60	2	18	72	33	62	43	20	35	42	54	63	2	44	63	53	37	51	11	8	65	46	45	71	3	22	21	9	41	31	67	64	54	28	27	64	58	67	51	8	63	32	39	28	45	27	107	28	30	81	53	9	36	60	76	55	10	65	33	52	38	4	60	17	4	4	33	43	22	41	46	64	50	83	17	36	76	17	58	35	29	34	52	28	22	29	60	61	32	55	91	27	3	63	67	27	65	18	37	39	51	49	50	42	63	49	79	36	44	48	51	36	29	18	2	29	47	69	57	72	71	64	14	26	23	33	67	45	67	14	49	41
EP300	28	51	354	48	25	20	18	20	80	731	54	97	886	45	170	12	44	394	209	58	19	25	30	12	28	30	43	522	22	44	40	89	84	15	243	25	202	40	152	510	236	371	21	18	9	12	19	115	15	12	6	49	16	1	19	38	363	31	17	15	101	450	26	68	15	18	19	11	15	293	14	16	84	20	438	50	47	13	2247	255	138	14	179	353	40	174	22	127	331	552	704	708	63	464	376	645	35	485	672	208	62	72	5	11	278	412	8	859	382	275	19	12	25	3	2	3	13	8	29	21	32	324	734	16	154	130	32	74	151	609	327	3	72	16	330	263	406	182	327	196	119	143	17	36	209	28	19	346	18	302	15	23	26	714	16	21	30	56	214	111	148	31	43	135	31	156	169	28	387	20	68	27	16	19	16	86	38	19	19	15	607	432	38	12	19	17	3	117	51	729	349	293	207	275	181	172	91	14	488	496	6	292	52	143	116	11	24	28	17	12	17	19	40	177	37	23	42	20	23	254	56	290	937	15	15	32	34	21	168	14	462	27	372	3	3	4	133	157	20	16	22	76	192	11	290	1	24	130	93	11	210	16	16	610	4	13	11	393	2	26	442	13	95	218	240	352	49	14	17	15	47	414	3	629	26	12	400	539	23	48	241	415	14	12	36	51	127	46	304	310	659	20	576	31	190	58	4	1	296	206	176	259	28	432	546	60	18	5	162	40	133	35	55	63	646	659	14	15	65	3	16	226	44	72	18	48	1	51	166	12	489	5	482	287	145	478	677	518	14	189	40	15	347	29	24	322	107	14	22	36	16	21	397	154	31	22	18	22	73	44	46	30	67	27	32	12	38	17	21	19	21	29	87	18	14	82	3	15	219	49	8	123	77	105	18	203	101	47	154	87	27	46	186	17	45	19	77	241	18	27	30	50	37	13	179	170	22	140	19	43	19	3	25	42	39	78	25	6	18	427	68	31	33	22	30	359	128	12	95	121	283	7	23	53	22	111	58	20	24	2	5	21	15	58	16	70	14	184	479	753	101	35	18	32	65	18	18	20	16	23	18	10	36	182	24	40	32	17	138	134	157	28	35	15	32	47	12	12	374	23	45	39	58	31	47	43	136	27	131	21	1	23	23	269	123	35	12	24	43	14	35	14	15	73	87	13	17	13	8	56	472	35	261	2	64	3	3	23	12	16	29	44	17	14	25	92	48	21	6	24	24	38	19	20	29	26	10	16	153	72	5	20	108	45	78	546	382	67	19	35	17	21	201	26	50	12	145	18	18	20	72	85	35	17	129	16	12	40	342	22	17	37	18	34	133	106	51	13	44	25	21	36	108	14	48	13	6	16	40	35	25	51	42	137	21	217	15	103	25	18	17	18	14	21	246	22	20	23	17	27	68	17	72	128	59	69	139	275	12	40	24
ERF	41	80	116	423	138	46	153	371	272	277	470	988	553	501	292	86	87	627	185	36	171	231	448	29	197	448	400	318	92	506	338	270	275	201	433	74	532	112	388	255	188	228	95	152	12	101	182	151	239	156	34	390	65	112	181	39	274	541	91	213	243	160	280	454	213	219	198	292	151	553	225	233	395	412	805	162	336	106	255	3927	132	175	308	661	356	342	139	56	194	283	337	397	424	176	644	494	124	251	302	135	76	220	223	618	79	143	427	486	233	96	230	42	506	264	105	3	109	10	153	96	365	584	830	294	67	102	284	302	103	284	221	3	382	474	168	427	198	160	350	408	766	512	52	171	369	46	269	1114	90	981	293	434	239	276	193	233	62	259	123	51	82	532	666	95	815	608	493	492	178	105	424	358	127	207	73	729	265	521	484	204	580	283	255	94	214	24	7	696	524	551	262	258	141	381	340	503	468	153	588	397	12	235	167	681	300	29	254	346	128	60	345	639	621	451	563	199	247	268	88	174	145	154	362	27	260	155	30	71	140	37	270	531	361	112	120	116	356	522	35	320	127	234	131	26	138	90	302	58	47	13	486	118	190	266	39	131	254	332	425	103	375	90	556	412	751	242	194	71	93	96	165	108	44	399	111	22	921	287	228	224	529	174	96	35	169	382	107	35	218	509	567	300	791	511	1086	221	6	3	335	119	135	188	305	602	627	497	142	27	240	243	270	172	177	174	338	258	315	102	270	60	297	406	613	175	329	45	66	214	236	523	509	66	576	287	155	117	242	303	132	193	120	92	598	534	493	494	392	495	210	243	178	319	430	113	77	174	350	266	303	321	132	114	20	162	511	326	270	92	246	125	541	536	440	74	69	168	115	211	342	106	18	698	333	153	64	144	57	387	66	189	122	184	290	259	82	179	207	554	109	91	45	228	322	67	49	205	57	336	155	312	180	26	40	252	383	488	437	409	135	1188	258	206	275	317	32	324	478	32	108	201	434	12	104	65	28	529	235	251	226	116	3	152	49	169	73	334	76	402	309	534	394	243	239	336	411	172	235	222	104	189	245	20	103	281	380	353	257	234	323	198	183	86	50	139	52	201	24	66	841	244	307	206	90	266	242	302	484	151	84	172	3	131	431	303	467	178	25	184	183	218	364	30	126	695	395	62	187	14	8	565	285	273	642	4	125	64	116	224	58	285	435	299	36	97	271	438	272	290	12	357	91	280	113	182	120	607	82	78	945	260	23	326	457	497	297	245	690	139	237	272	31	391	124	17	47	55	290	59	151	224	779	372	310	27	168	271	20	369	253	155	91	312	75	115	207	431	361	62	322	379	113	47	537	217	81	320	97	96	134	310	276	338	240	588	274	682	93	243	194	208	157	68	62	12	225	208	385	308	232	258	449	28	164	213	127	493	269	604	21	204	217
ESRRA	26	19	82	61	43	22	35	49	50	161	60	97	272	75	133	22	11	136	76	21	43	32	72	16	37	78	85	144	34	92	59	59	68	48	89	23	117	30	100	128	63	94	35	40	10	30	38	31	48	33	6	58	28	30	35	20	119	55	26	45	47	125	48	45	43	42	46	27	24	139	45	40	93	35	144	48	52	25	138	132	1929	39	104	135	62	104	36	51	115	103	148	146	83	97	108	187	37	85	157	51	34	72	14	50	51	65	32	226	139	81	38	20	79	26	9	3	25	9	32	28	47	182	253	52	36	102	60	99	64	132	106	3	37	53	118	147	327	226	113	93	142	81	23	45	96	27	54	161	31	108	59	78	53	149	32	28	32	57	103	39	69	51	44	82	74	137	100	96	140	32	50	75	30	46	19	76	34	26	29	46	213	217	23	24	38	15	5	162	110	255	111	104	51	131	135	134	107	24	165	134	9	122	47	143	188	17	49	54	33	20	73	55	67	60	90	24	49	36	28	81	36	114	185	17	49	30	22	26	82	16	114	82	115	15	15	9	61	135	22	60	44	127	196	16	282	11	47	36	39	7	128	30	49	265	4	25	22	190	31	35	185	25	97	151	187	139	32	25	24	33	51	170	12	324	38	18	159	155	39	45	153	87	33	9	31	84	52	24	116	274	310	61	310	75	127	40	5	1	129	45	53	139	64	122	287	82	31	18	64	69	65	45	43	41	133	208	25	36	35	7	42	95	114	63	61	21	8	39	76	36	186	10	237	141	57	65	167	100	31	69	42	29	179	54	43	127	66	42	44	55	34	48	239	106	20	30	61	53	48	67	34	38	27	35	57	38	48	20	42	29	37	84	74	23	23	61	20	54	85	21	11	83	72	66	21	85	48	84	52	87	43	61	98	30	44	25	88	151	35	28	24	63	38	29	33	56	27	79	25	47	44	3	17	58	75	105	75	50	35	162	66	39	36	63	24	96	105	20	112	126	160	10	31	31	24	78	40	50	55	11	4	46	23	66	25	54	29	98	331	271	72	48	45	71	72	40	57	31	30	40	45	9	51	104	68	74	66	40	91	57	105	47	28	29	32	60	16	27	143	67	36	51	27	50	54	79	149	33	60	37	2	38	72	118	88	53	16	35	45	38	79	17	35	100	91	28	36	15	8	91	125	54	99	4	41	10	6	54	21	57	82	87	25	32	49	121	44	51	8	59	31	54	35	54	37	72	24	28	109	57	4	57	86	80	57	166	135	41	48	51	26	67	98	13	18	23	90	20	42	51	128	98	67	18	66	53	15	73	147	41	21	60	24	28	100	118	60	20	72	75	35	22	121	40	36	69	18	27	36	41	62	69	43	171	52	115	36	60	58	42	42	22	18	17	80	34	76	50	40	54	83	19	78	89	40	99	65	105	13	54	44
ETS1	5	19	10	119	40	24	101	117	98	8	60	108	39	147	68	55	4	78	45	11	103	82	144	21	104	129	116	24	55	161	163	95	88	98	58	34	69	52	127	7	19	8	62	91	11	86	96	12	170	83	6	125	49	18	116	18	87	93	53	85	74	2	71	47	96	64	109	60	52	129	119	102	111	31	84	41	120	68	14	175	39	607	57	57	102	110	76	15	18	8	8	18	118	15	54	53	65	10	25	47	16	78	19	73	8	8	39	18	31	15	97	37	141	28	12	3	65	9	34	44	79	78	71	139	8	18	101	82	18	13	34	3	80	80	22	47	6	27	37	113	160	184	43	88	144	25	121	113	55	92	140	147	120	44	130	62	47	96	27	20	20	74	70	12	113	82	81	179	8	49	101	146	67	119	42	166	58	64	71	112	52	18	27	52	107	10	4	157	131	69	86	46	32	66	73	193	126	70	61	55	10	30	109	183	60	25	108	131	84	39	148	165	115	51	163	68	71	106	42	34	46	33	21	20	178	53	15	57	18	27	8	209	81	29	22	17	165	66	21	140	76	34	11	22	8	18	119	6	14	8	56	61	98	5	8	89	34	33	78	56	51	64	134	42	108	29	29	16	53	85	89	1	4	32	61	15	80	14	111	49	104	18	63	6	50	157	34	16	27	54	45	118	135	191	112	151	6	3	38	18	36	19	84	91	51	120	59	2	70	92	80	60	84	55	13	9	42	50	80	13	55	36	135	72	154	3	9	81	40	83	51	15	109	68	60	3	10	19	103	27	85	62	59	102	97	91	82	49	107	81	83	70	61	15	34	78	147	120	81	122	71	33	1	84	138	74	46	10	113	86	68	156	91	37	36	78	30	64	81	22	12	101	92	45	18	29	18	109	22	63	72	91	144	97	22	72	63	77	55	34	21	48	88	62	6	37	37	96	66	141	92	11	12	101	179	87	97	142	82	139	79	147	92	126	18	38	151	26	17	20	65	11	66	32	6	115	47	108	125	17	1	94	41	79	52	126	48	79	32	66	119	90	105	124	175	90	112	89	68	104	137	15	32	117	115	146	105	93	85	41	17	51	29	85	25	77	16	49	129	92	48	68	30	91	74	128	76	70	6	108	3	29	120	51	141	85	23	54	74	111	134	4	82	132	119	52	94	12	8	114	72	115	104	3	36	22	14	84	46	147	133	108	31	57	117	97	140	147	9	151	55	86	49	94	33	168	48	49	146	92	8	73	112	167	113	17	77	53	118	71	7	88	20	4	6	47	72	37	78	110	144	107	165	17	64	160	20	128	49	53	48	111	53	28	52	109	157	46	127	200	41	5	127	150	47	142	45	63	64	104	104	89	67	106	119	131	65	81	99	99	65	56	28	2	58	106	126	122	137	153	155	15	35	40	62	140	72	126	16	115	53
ETV4	20	19	127	89	47	30	40	92	105	166	164	241	301	169	133	27	41	158	93	27	52	50	161	17	68	159	144	168	37	157	101	130	93	90	144	40	160	40	145	163	83	107	41	56	11	36	66	71	77	57	13	128	30	45	58	22	153	171	33	78	81	138	90	80	73	94	68	96	52	209	95	80	212	193	355	105	172	63	179	308	104	57	1987	677	132	128	43	62	153	158	191	209	139	112	196	199	41	127	211	75	41	86	170	316	72	97	139	246	134	80	84	22	167	84	29	3	32	9	52	30	105	256	282	96	59	80	87	161	64	156	112	3	82	134	94	180	134	86	138	162	279	151	26	65	141	27	85	272	34	220	108	149	85	182	56	63	32	92	90	61	76	135	238	55	208	177	143	227	77	39	90	153	41	67	30	144	59	137	129	55	196	152	78	25	74	15	6	346	183	310	118	183	76	179	130	201	178	29	201	174	9	117	51	247	126	19	88	103	40	36	162	150	149	119	183	48	90	66	47	99	56	87	201	18	77	56	17	32	69	21	126	153	152	27	23	22	122	180	25	144	38	103	68	17	76	22	101	44	40	8	194	40	64	197	12	38	123	190	152	40	187	33	197	259	265	103	65	26	26	39	60	88	10	237	47	17	249	155	77	63	179	106	35	19	47	112	62	25	98	173	249	121	306	165	310	65	6	3	141	58	66	134	94	181	251	181	51	4	113	120	99	91	66	66	164	238	67	40	64	20	94	149	234	62	101	21	13	58	100	120	233	17	278	198	75	114	189	157	39	84	51	37	226	131	139	159	128	160	66	86	61	121	148	64	37	51	123	83	80	118	54	50	35	52	105	119	80	19	76	31	153	214	114	31	28	83	31	114	148	45	13	198	96	74	25	81	50	141	56	79	50	64	122	50	44	37	88	181	37	35	20	74	56	31	36	71	23	120	33	77	64	8	29	112	123	180	182	167	41	328	85	68	70	97	28	119	159	23	61	92	191	9	36	33	15	138	73	79	86	32	2	66	28	76	28	107	40	124	189	276	123	81	86	105	116	74	125	57	34	52	63	10	45	107	124	165	72	75	131	82	92	38	28	43	43	68	17	33	203	128	78	76	51	77	77	98	159	55	53	54	3	47	147	140	142	71	19	73	68	71	118	11	49	186	133	31	60	12	8	199	164	76	180	3	67	17	30	72	24	99	142	101	25	41	81	165	80	86	8	124	43	90	43	67	54	238	48	28	202	86	6	101	147	162	114	175	195	52	63	95	20	139	67	13	27	28	151	27	64	68	274	134	87	19	86	94	16	119	227	58	27	117	33	55	106	163	108	25	109	119	48	23	178	53	36	142	42	54	55	83	86	124	96	242	85	175	45	106	68	62	65	31	36	14	106	65	124	104	74	96	142	21	73	115	52	176	109	152	14	83	79
ETV5	31	44	191	150	70	26	36	166	139	370	301	570	642	226	198	25	74	353	179	34	53	70	194	14	65	208	193	334	47	216	138	197	121	86	275	42	308	42	186	317	177	253	37	54	9	30	69	126	85	60	19	173	22	72	62	25	234	320	42	80	114	243	125	236	83	116	79	160	67	320	84	106	277	444	862	168	254	74	353	661	135	57	677	3701	191	171	37	91	295	323	421	448	211	202	416	446	44	279	420	109	59	118	262	572	131	181	271	573	228	123	102	14	220	153	53	3	30	6	80	35	185	458	665	91	63	137	135	191	109	307	188	3	153	232	177	371	281	170	295	235	466	234	18	63	214	26	98	611	39	513	112	184	90	308	65	97	23	130	142	76	112	271	470	86	427	328	263	229	174	46	154	201	43	73	26	254	113	289	279	57	466	319	168	20	85	15	5	439	287	641	212	246	113	284	233	321	253	27	395	342	7	197	53	363	222	15	98	120	43	32	158	248	264	290	294	81	119	80	46	169	88	134	439	16	90	77	21	30	146	17	303	224	249	56	59	59	152	295	25	141	41	196	144	15	142	49	151	81	69	13	417	48	74	433	20	37	201	366	282	32	309	29	279	346	476	251	139	47	28	34	47	179	33	478	49	21	571	312	90	111	298	164	36	36	73	178	82	29	221	406	565	125	594	246	694	75	5	1	255	112	120	214	133	328	593	293	52	23	141	128	144	93	69	90	367	361	159	46	110	33	147	331	341	107	112	46	35	79	176	262	422	36	475	240	94	188	355	315	32	170	51	35	486	232	249	301	215	321	68	116	73	199	316	123	33	62	135	103	130	139	71	62	38	50	165	177	141	43	76	35	336	327	228	36	33	111	51	140	234	87	13	361	157	114	39	130	62	187	81	125	54	85	180	63	62	45	150	415	52	57	29	114	102	28	63	126	23	181	41	119	72	16	40	140	176	283	281	249	34	692	124	68	101	113	37	226	234	16	100	149	330	6	44	42	26	237	127	88	103	60	2	57	21	107	28	131	26	215	350	512	194	108	94	150	151	80	110	68	33	56	75	10	89	171	186	180	111	102	189	151	188	44	29	41	41	93	15	26	394	119	156	115	64	102	114	140	296	57	99	47	2	71	202	228	228	63	14	95	96	76	152	16	53	376	204	21	65	11	7	331	274	106	350	5	69	26	59	102	15	123	201	153	19	45	106	256	96	94	5	140	38	137	58	63	79	374	39	26	388	107	10	161	253	225	152	287	417	69	72	134	35	227	122	17	48	22	220	28	68	87	478	213	118	24	96	120	12	146	284	80	32	125	20	86	173	253	133	22	150	153	79	43	292	55	44	134	55	44	53	111	114	170	110	390	89	331	43	149	78	72	73	18	41	18	147	65	163	143	84	111	196	24	104	187	70	261	150	273	11	84	130
ETV6	11	32	15	266	72	30	93	220	120	27	163	289	107	225	115	82	18	209	61	13	99	142	201	27	121	199	197	63	52	250	169	132	133	114	215	37	250	60	171	27	35	28	54	99	10	67	114	38	132	95	8	170	48	22	111	27	92	209	57	121	103	17	113	112	125	104	120	96	86	198	137	138	155	146	256	85	157	62	40	356	62	102	132	191	1163	149	86	18	35	28	31	55	188	23	177	132	76	21	48	52	45	113	90	220	14	33	160	73	58	17	127	41	240	85	27	3	101	10	73	53	178	207	217	163	12	33	136	132	29	28	90	3	161	183	53	111	26	44	82	155	246	229	42	102	177	24	164	311	67	291	166	215	140	83	122	130	52	143	36	21	22	209	257	27	285	280	241	245	25	55	222	182	79	127	43	309	125	206	187	112	143	53	68	69	135	10	5	178	225	133	116	97	58	132	143	210	153	92	207	113	11	60	91	311	138	30	121	172	76	43	179	267	223	148	194	120	125	168	55	54	62	57	56	20	155	83	17	49	34	25	27	266	183	27	30	23	171	203	22	164	89	100	28	26	20	25	148	9	17	7	152	81	118	31	9	85	120	94	177	74	116	65	242	162	278	50	68	36	82	77	104	8	4	81	72	14	254	35	133	130	210	32	61	8	111	179	47	17	49	149	119	161	227	219	300	127	5	1	100	26	60	44	130	222	144	209	81	5	94	114	110	93	98	88	42	27	96	75	157	17	111	95	267	75	182	20	9	155	84	189	154	30	176	97	95	14	36	44	96	53	70	68	172	173	177	142	171	180	119	111	103	134	128	25	41	103	191	157	177	162	68	63	2	102	297	128	59	14	153	76	194	246	174	66	50	84	43	113	145	37	11	250	159	64	26	45	18	159	23	78	85	102	126	166	54	123	93	193	64	48	30	107	176	48	7	103	34	124	104	147	99	10	17	140	184	222	158	144	97	324	108	118	151	165	22	128	212	29	30	76	154	10	68	46	6	267	87	149	119	24	1	101	37	83	47	175	47	205	71	179	164	114	144	165	193	108	140	126	68	106	142	15	42	118	174	192	133	121	131	59	47	59	33	87	31	111	17	50	308	147	118	107	47	127	124	167	207	89	21	101	2	67	205	114	196	96	24	85	85	121	183	6	92	271	170	58	102	11	8	223	97	124	275	4	59	36	44	123	52	182	215	161	34	65	154	221	136	161	9	168	63	140	69	114	59	241	51	59	305	158	10	140	174	232	154	52	244	88	138	131	11	202	34	5	13	49	135	39	85	136	236	181	163	17	76	147	16	175	80	80	79	154	56	55	84	178	180	56	171	182	82	16	220	133	50	170	49	63	84	164	144	189	120	221	146	314	64	113	116	123	96	50	39	5	73	112	191	155	128	139	212	17	72	94	80	219	116	264	17	128	111
FBXL19	12	64	123	188	58	34	90	163	322	201	163	249	254	304	180	47	36	238	82	29	136	100	276	21	137	208	199	158	70	520	163	166	383	122	180	55	212	86	287	142	83	103	74	138	12	68	142	78	147	102	12	361	63	31	98	28	203	201	70	117	134	120	153	141	135	115	113	138	102	329	155	158	171	62	215	65	131	51	174	342	104	110	128	171	149	1903	97	34	81	134	194	199	228	164	190	227	85	123	195	124	53	138	52	171	72	133	121	239	213	97	139	38	240	96	40	3	54	10	70	60	164	260	296	194	62	57	169	149	58	157	132	3	119	187	167	180	148	100	150	250	286	250	46	120	210	28	173	297	67	260	156	202	339	227	114	94	54	143	97	46	51	175	167	51	229	230	183	265	117	64	177	167	89	123	62	267	107	155	162	148	230	160	120	50	103	13	6	310	266	300	223	190	109	190	188	263	271	70	248	218	13	143	107	355	162	22	190	181	76	40	206	215	209	176	250	86	156	125	56	137	89	167	230	22	155	100	22	55	69	31	127	251	211	62	46	44	205	265	31	198	92	95	74	20	99	31	148	52	58	14	172	65	136	192	11	68	89	186	157	95	228	73	311	228	328	130	65	35	52	68	152	120	13	198	88	16	277	128	145	81	600	143	76	11	77	197	87	34	107	183	227	180	400	263	282	142	6	3	204	79	101	114	145	255	233	197	83	9	338	143	335	106	240	118	153	182	68	75	128	25	113	121	271	111	204	35	20	108	142	148	504	27	316	198	118	114	208	142	86	77	70	81	193	213	201	201	186	126	156	140	100	127	200	68	102	109	198	344	161	386	70	57	22	209	225	171	97	31	132	69	142	248	144	42	37	96	64	106	202	40	14	209	119	83	22	192	39	182	74	125	79	120	181	113	69	83	119	189	73	61	39	150	122	49	64	112	42	190	69	155	132	11	20	145	191	208	216	196	117	331	150	138	120	196	20	167	276	27	58	80	280	14	79	47	12	201	119	167	137	24	1	100	39	103	56	385	56	186	195	336	213	132	170	201	206	107	147	126	80	129	129	17	44	163	191	186	177	145	186	83	90	61	36	94	38	134	21	56	321	144	84	112	56	136	139	199	224	216	52	99	3	55	185	196	228	139	23	110	96	143	231	6	104	213	221	54	109	16	8	197	205	163	247	4	79	41	43	141	46	183	230	176	31	69	165	216	145	207	10	214	71	152	68	141	57	238	64	62	282	167	13	154	207	243	178	199	229	97	164	130	11	135	72	19	26	43	160	48	115	137	319	185	154	17	139	167	19	218	170	80	50	203	71	58	127	209	230	51	214	213	61	21	267	116	67	212	42	67	112	174	179	201	139	257	164	273	57	153	136	130	101	65	35	16	173	145	190	161	112	135	266	22	82	132	101	274	355	270	19	149	91
FLYWCH1	4	26	13	110	28	25	74	90	97	11	73	99	41	110	67	48	6	76	38	12	85	75	113	21	110	78	76	22	35	146	96	31	84	70	60	34	76	61	124	8	15	5	56	82	11	61	82	14	90	64	6	100	54	8	79	25	61	72	54	53	67	5	47	39	82	50	68	53	61	112	76	82	66	25	70	42	85	43	22	139	36	76	43	37	86	97	477	16	18	12	14	25	115	14	60	52	69	12	21	49	17	63	17	52	9	15	42	26	23	17	62	39	98	12	5	3	61	11	23	39	82	81	73	121	11	19	79	59	18	16	40	3	77	45	22	44	8	28	40	107	84	99	44	95	85	19	85	102	50	83	79	94	100	37	90	52	48	84	33	24	20	52	63	15	79	75	70	109	12	32	107	67	58	86	46	129	64	51	68	95	52	19	48	50	68	10	4	109	79	52	62	45	39	63	61	103	101	73	65	64	9	37	76	134	47	24	94	114	63	30	94	111	111	76	81	58	70	92	38	45	38	37	32	18	100	50	15	42	21	25	12	128	78	17	19	18	109	57	25	96	71	19	12	20	9	12	89	4	14	9	46	54	69	11	3	58	40	29	40	71	52	62	111	42	106	35	31	16	52	59	92	2	5	33	51	14	69	17	101	37	103	22	65	7	52	83	39	20	28	34	46	78	122	82	101	94	6	3	53	23	38	21	60	93	36	90	59	3	92	67	98	56	86	56	16	9	34	54	77	10	68	28	86	58	113	11	4	79	40	41	53	4	75	50	60	3	11	22	79	24	57	62	43	93	93	87	95	36	105	70	66	59	59	15	42	67	96	102	79	100	51	33	1	82	119	28	35	9	91	58	63	78	72	41	34	53	13	41	88	24	12	80	82	39	14	28	15	78	22	46	53	69	91	87	24	76	46	61	50	38	25	53	88	44	9	43	36	106	69	101	82	2	15	73	91	61	52	48	73	110	66	91	80	94	18	45	133	29	18	24	69	9	57	33	6	100	46	92	64	8	1	64	32	62	38	110	34	73	33	70	115	79	79	105	117	71	84	82	61	89	97	10	20	70	79	86	85	82	79	24	12	62	27	79	26	76	16	42	118	69	48	48	35	73	48	93	70	70	10	71	3	22	83	52	108	85	23	40	64	93	97	2	78	80	88	50	84	13	8	82	47	80	103	3	34	12	5	65	51	87	84	75	26	34	103	77	97	120	9	117	57	59	37	76	28	80	39	51	130	101	5	62	112	124	93	23	74	59	99	59	5	58	23	4	11	40	70	38	58	86	91	84	96	16	52	92	16	121	40	38	48	101	62	25	39	89	122	48	88	101	32	6	114	96	44	82	20	47	76	85	83	65	69	74	108	123	40	85	96	78	53	57	20	2	76	92	90	93	88	78	113	15	33	39	53	109	81	124	19	87	46
FOSL1	14	14	152	17	10	14	15	15	19	165	17	37	270	20	38	15	11	94	294	14	16	16	16	13	16	16	19	98	14	18	18	8	15	15	46	13	52	15	39	151	68	94	14	15	9	15	14	31	16	11	6	17	16	1	16	14	120	14	13	13	45	130	13	19	14	14	17	9	16	53	14	15	37	10	115	19	19	17	127	56	51	15	62	91	18	34	16	1089	453	129	145	212	23	86	78	110	15	120	153	50	13	20	5	9	72	62	8	223	78	73	16	15	17	2	2	3	15	7	12	20	23	87	141	15	40	33	17	33	53	169	70	3	27	10	54	77	95	41	125	48	34	41	15	20	38	19	15	78	16	65	15	16	16	132	15	15	18	20	251	266	358	14	16	45	17	37	32	18	51	12	21	20	14	16	14	20	16	12	12	15	129	117	5	15	15	17	4	30	22	162	53	33	52	71	41	49	27	16	112	121	10	61	20	37	31	15	15	19	16	12	16	15	25	42	14	14	19	16	17	70	25	40	155	14	15	16	29	16	41	10	109	17	66	3	3	3	44	23	15	15	15	23	59	14	81	1	16	56	33	5	50	13	14	148	2	15	12	72	4	16	79	15	31	69	63	84	40	11	15	15	16	73	2	169	18	15	69	110	16	17	44	78	14	7	17	23	35	20	85	68	174	15	128	20	60	28	5	1	63	56	43	51	17	85	119	21	17	2	32	18	34	19	16	21	155	157	9	12	19	4	14	50	17	22	16	14	2	21	29	9	94	2	88	49	30	87	125	195	15	63	23	16	90	14	12	82	29	10	15	18	13	13	90	46	17	15	17	13	16	15	17	20	23	16	16	8	12	3	18	19	17	13	30	16	15	29	3	15	72	22	10	32	33	38	14	37	23	20	40	22	18	17	50	15	16	15	25	49	12	13	14	15	19	16	45	38	15	46	15	23	15	1	13	23	22	29	12	5	14	83	27	18	16	16	17	72	36	15	41	36	54	6	15	33	16	25	16	14	20	1	1	16	16	30	14	24	15	39	99	224	35	22	16	18	21	15	16	15	15	15	16	7	20	46	14	17	16	15	41	26	42	16	30	16	23	19	13	15	68	17	26	19	25	13	20	21	39	18	44	16	2	9	15	48	32	24	15	12	24	15	20	7	15	22	33	15	16	9	7	23	107	19	57	3	20	1	2	15	15	15	19	24	16	11	16	33	23	18	6	18	16	19	13	15	14	16	10	14	36	29	1	10	31	21	23	86	85	28	14	17	9	19	87	10	21	15	50	11	14	14	21	38	20	19	28	15	12	20	86	15	15	17	16	15	34	23	22	15	19	18	10	17	26	15	19	16	4	15	22	17	17	18	16	34	15	66	14	35	15	15	13	17	14	7	59	17	14	15	18	22	25	13	27	32	21	20	29	64	11	18	15
FOSL2	35	30	283	46	21	13	16	27	49	424	66	158	731	49	155	14	24	268	558	44	19	21	34	12	22	38	52	320	24	42	37	39	42	19	104	19	154	24	101	476	233	322	21	16	9	14	14	78	21	13	6	44	15	38	17	24	199	51	15	17	99	255	25	81	17	24	24	26	19	156	18	26	135	42	348	39	38	15	331	194	115	18	153	295	35	81	18	453	4833	328	400	513	57	174	261	328	22	319	372	106	31	43	19	39	126	119	18	639	212	168	19	13	43	13	5	3	15	6	19	21	46	233	395	25	83	100	34	92	179	402	166	3	55	33	157	258	257	128	299	127	121	95	17	36	91	25	20	263	17	213	26	38	21	246	16	26	22	51	489	348	590	47	48	103	63	106	103	44	148	14	48	41	15	24	14	63	38	32	28	18	347	316	33	15	24	58	3	172	68	425	118	107	109	180	139	129	101	18	283	242	7	156	32	108	94	13	21	36	16	16	25	40	57	115	58	24	51	21	22	194	45	102	380	12	23	31	78	47	186	13	345	35	168	13	12	12	59	78	21	24	20	69	151	12	207	10	34	101	50	10	203	15	21	372	12	17	16	252	28	23	206	14	85	203	195	232	96	21	15	15	29	214	35	504	19	18	247	274	25	43	148	174	16	18	34	51	62	28	260	260	483	26	425	49	263	33	5	1	180	119	115	162	36	206	416	70	20	36	72	32	78	35	32	38	437	453	29	16	36	9	36	163	41	66	28	37	32	32	77	39	251	6	314	119	58	187	323	456	16	178	47	15	335	55	41	273	99	39	16	31	17	27	252	125	23	19	28	22	39	36	36	35	60	20	32	45	92	27	24	22	39	41	96	20	17	66	7	26	143	86	11	101	99	81	41	125	71	53	92	57	31	41	128	19	31	17	72	168	16	24	18	33	30	15	76	84	16	105	15	44	18	3	22	30	45	91	56	34	13	266	69	23	32	30	30	175	103	14	128	128	166	6	27	68	49	69	50	19	36	12	3	18	14	88	13	44	13	99	318	578	82	40	22	31	43	20	26	17	13	20	20	6	58	104	33	30	28	24	107	85	136	32	53	17	45	30	13	15	213	34	52	40	45	27	38	47	116	24	99	28	2	20	40	139	97	42	14	24	62	21	33	28	14	101	95	14	26	12	7	92	199	35	135	7	40	2	7	31	13	25	48	40	18	13	24	91	35	29	5	40	22	34	19	22	24	51	15	15	109	54	3	33	91	62	50	232	242	46	19	38	27	41	275	33	67	14	138	17	19	22	137	95	45	28	58	24	11	46	190	24	15	30	14	27	111	65	38	13	44	31	30	59	82	18	47	27	18	19	38	33	23	50	33	115	23	157	19	75	23	19	20	16	17	33	155	25	33	35	21	31	54	15	67	87	30	52	79	157	11	33	24
FOXA1	25	27	540	40	25	12	12	18	75	820	83	163	1196	51	145	6	54	359	194	45	18	15	34	6	19	44	42	675	22	51	39	61	83	11	236	22	147	30	173	689	251	422	14	7	5	7	10	154	16	11	5	58	11	32	16	22	402	41	12	14	88	481	22	66	12	19	17	25	9	292	10	13	102	32	483	39	41	7	552	283	103	8	158	323	28	134	12	129	328	4177	1673	1670	76	580	577	761	32	793	806	318	43	50	21	38	315	345	24	1065	374	376	13	6	32	19	7	2	6	6	24	21	45	409	892	20	300	92	35	71	177	847	399	2	86	34	289	274	482	143	425	183	132	134	13	37	206	21	15	341	18	323	17	28	25	680	13	22	26	60	192	133	156	41	61	159	67	120	132	38	375	17	57	34	7	15	7	87	35	34	40	12	725	481	60	7	14	19	3	164	50	559	207	178	179	258	166	183	101	9	439	611	3	260	33	171	112	5	20	31	13	8	22	29	45	183	51	19	67	18	16	257	56	215	823	5	12	23	35	10	218	10	570	38	281	15	18	18	165	201	13	21	19	72	185	5	252	9	25	180	107	7	235	14	13	725	16	10	12	389	24	22	493	7	107	266	207	392	70	21	7	6	36	407	30	671	16	14	349	541	19	48	234	557	7	22	27	53	98	41	336	283	724	20	613	31	266	64	3	3	285	257	179	295	30	390	697	77	15	32	167	35	117	27	49	48	768	741	24	10	54	9	27	295	50	84	16	31	24	42	135	30	497	6	499	239	110	454	651	674	8	177	50	8	451	45	41	301	123	29	8	29	14	24	387	152	27	11	19	20	60	44	41	24	69	24	32	30	61	26	24	13	32	34	90	12	9	72	18	27	268	38	8	146	102	84	24	201	98	44	144	60	30	49	183	11	33	9	70	254	21	18	12	39	29	9	216	150	15	153	10	47	11	6	27	34	46	77	55	19	7	475	57	27	27	22	21	281	113	9	111	129	333	5	17	69	37	109	63	10	29	10	3	13	11	70	9	64	11	176	501	713	101	35	9	39	70	20	11	14	10	19	17	11	38	175	24	37	26	20	123	186	215	20	45	11	43	36	6	6	338	24	46	40	57	23	48	39	126	29	148	12	2	26	30	240	113	33	7	26	51	13	34	26	8	91	86	8	15	13	6	82	514	34	233	3	77	6	7	23	6	15	33	43	13	9	22	98	47	23	6	27	16	38	16	19	25	47	12	7	142	74	2	30	105	51	100	665	373	59	11	35	22	34	251	36	63	6	168	15	11	21	91	79	38	31	152	13	7	39	292	16	7	39	10	26	118	96	42	6	50	29	22	43	117	8	49	18	9	14	42	19	31	34	26	136	23	202	14	126	17	17	15	18	12	35	267	18	26	23	13	27	63	19	58	114	46	60	146	246	6	29	22
FOXA2	51	32	885	43	23	10	13	15	88	1368	79	163	1922	52	189	5	85	473	215	46	17	13	31	5	18	38	45	1011	26	57	53	84	120	8	255	24	182	34	219	1041	340	629	16	6	4	7	10	236	14	10	3	62	10	21	14	26	639	40	12	10	102	670	25	88	12	16	18	23	7	436	8	13	112	26	670	61	45	6	704	337	148	8	191	421	31	194	14	145	400	1673	6065	2161	92	945	650	970	41	1158	1243	409	49	56	24	29	510	511	16	1710	559	610	12	5	25	12	2	2	5	5	28	28	36	589	1277	20	400	114	32	80	270	1193	504	2	88	22	462	425	823	222	589	255	154	173	13	44	262	37	11	446	16	364	13	21	25	1101	14	17	28	78	244	155	183	40	57	195	53	139	146	36	533	15	60	32	7	17	6	83	26	29	26	10	1078	736	87	6	9	16	3	211	50	855	311	251	272	381	217	229	132	14	543	902	3	333	39	192	121	4	24	32	17	8	21	25	49	269	46	18	76	12	16	395	74	328	1300	4	13	25	33	8	349	14	833	32	336	10	14	15	209	271	15	22	20	100	260	4	385	5	29	395	223	8	268	8	13	1266	15	9	9	643	18	24	720	6	130	404	259	602	90	24	8	7	49	709	20	983	20	18	445	762	22	44	342	736	6	20	26	61	143	73	416	355	1065	15	950	30	308	89	3	7	408	365	238	400	29	492	958	86	13	22	238	41	172	32	61	60	1182	1257	14	10	69	5	24	368	41	132	19	38	16	41	224	35	717	5	754	334	128	709	1046	901	7	219	67	8	602	38	36	379	135	21	10	37	18	21	531	223	28	13	14	20	74	53	42	27	88	27	30	21	57	30	28	14	26	30	107	10	10	94	7	17	378	57	7	161	159	147	27	301	139	49	231	75	43	70	269	11	40	7	77	322	22	19	15	37	29	10	344	185	13	198	5	51	13	4	32	47	46	83	57	20	7	622	77	35	27	24	28	368	150	8	199	194	527	4	19	87	64	131	76	10	27	8	7	19	12	96	7	65	11	221	750	1022	148	46	12	37	87	20	14	11	10	20	17	10	42	260	20	33	28	24	167	203	283	29	62	11	60	36	5	6	422	23	52	46	75	23	51	43	138	29	256	18	2	25	27	337	142	37	7	31	61	12	30	41	8	103	111	6	13	19	5	87	792	30	284	5	92	7	6	22	5	13	34	52	15	7	23	116	67	21	5	24	20	38	17	14	25	44	10	7	159	88	3	26	124	68	121	1028	486	71	12	33	38	25	343	48	119	5	240	17	12	21	91	83	44	40	205	12	7	52	472	11	6	41	10	30	149	128	54	6	51	34	23	84	146	11	58	13	4	13	45	20	33	46	31	166	24	241	8	182	18	14	12	20	13	53	378	23	21	27	12	29	75	20	67	163	59	77	215	307	5	33	19
FOXA3	48	46	950	68	29	19	22	37	99	1333	103	215	2036	83	205	15	86	518	268	62	26	36	58	11	36	59	65	978	31	83	68	83	128	21	269	34	221	44	233	1197	378	681	24	19	9	14	20	254	28	19	5	78	20	25	28	38	675	70	20	24	124	627	31	114	24	23	30	31	17	415	21	23	128	48	771	66	68	15	708	397	146	18	209	448	55	199	25	212	513	1670	2161	6025	100	922	782	1036	49	1310	1222	428	55	66	30	53	426	459	42	1802	547	552	25	12	53	22	9	3	18	7	32	33	63	568	1193	31	387	113	47	81	321	1328	482	2	125	42	434	433	756	215	668	265	182	207	22	62	271	38	26	486	29	453	25	39	41	1041	25	35	38	85	277	204	239	74	100	204	93	173	181	57	505	23	90	53	15	24	14	132	52	59	66	25	962	654	82	17	28	26	3	229	79	925	296	252	290	407	229	237	136	24	615	950	6	365	66	206	111	10	41	46	26	15	35	62	90	297	73	37	92	37	23	418	81	317	1292	11	23	34	45	16	317	19	904	55	377	8	11	13	219	263	18	33	29	123	273	10	394	11	40	359	190	11	271	18	24	1171	11	18	26	512	32	35	628	14	157	427	274	599	110	28	18	15	60	564	17	1031	29	23	486	757	37	65	351	696	14	24	45	79	162	77	398	367	1138	32	876	60	359	101	5	4	416	350	247	396	43	557	932	97	23	21	253	43	193	47	76	68	1263	1190	36	19	87	5	35	351	75	139	29	44	14	62	220	48	710	8	675	322	132	660	969	1023	17	209	85	18	579	71	68	450	160	49	24	46	31	39	536	213	39	21	32	35	103	68	59	41	115	35	60	31	68	29	36	24	62	54	124	21	17	89	18	39	409	79	10	215	164	137	46	284	143	70	237	81	52	73	264	34	39	24	84	315	26	27	24	58	51	19	316	206	24	236	25	82	25	5	33	58	67	100	66	31	15	696	96	39	49	40	28	391	168	14	196	177	501	7	28	109	59	153	73	24	35	14	6	27	20	107	17	88	19	241	671	1078	160	53	20	53	106	30	26	21	19	31	27	10	49	257	38	52	38	33	186	196	232	30	70	23	66	47	11	14	461	38	75	58	84	36	62	58	155	38	252	28	3	27	42	336	159	52	12	37	76	22	56	45	19	134	128	16	22	27	7	106	757	54	329	5	93	11	15	34	12	28	49	61	21	15	39	138	77	34	7	41	26	51	26	31	33	75	15	12	210	116	2	37	139	90	127	897	524	85	26	40	39	58	364	41	97	11	264	22	19	34	102	111	57	38	183	20	12	65	422	22	19	60	16	43	130	134	73	16	67	51	34	76	163	19	68	29	11	19	60	37	44	60	45	178	44	277	16	196	34	27	21	28	19	46	413	33	38	44	23	37	92	24	67	139	72	94	225	348	11	44	35
FOXC1	16	49	22	238	66	32	101	226	259	81	549	399	146	324	195	56	59	211	64	17	135	138	288	23	148	283	295	81	97	388	202	179	200	162	179	52	276	93	304	72	66	69	70	112	11	70	137	98	154	157	16	323	48	43	115	23	109	328	93	106	186	38	184	200	156	152	120	145	87	385	138	200	196	173	217	124	179	61	63	424	83	118	139	211	188	228	115	23	57	76	92	100	2667	54	220	149	189	50	107	70	49	130	138	318	20	47	215	133	125	37	220	36	291	133	43	3	61	10	95	79	203	338	243	204	22	52	175	212	44	48	86	3	159	305	85	220	68	93	103	245	362	297	45	116	188	41	221	386	73	327	173	258	183	94	127	143	51	208	60	20	33	248	340	34	376	284	205	392	49	109	246	190	109	148	55	335	158	265	272	154	177	195	276	57	134	12	6	506	274	195	129	143	61	228	220	237	422	73	223	132	12	103	108	450	208	20	203	266	80	110	258	297	283	213	315	131	218	153	71	85	133	180	88	23	179	141	18	58	62	33	62	355	182	53	58	54	224	294	36	230	89	126	42	21	40	43	250	15	25	10	205	95	150	93	16	71	161	171	292	78	178	77	366	235	440	70	107	40	67	68	137	39	28	105	106	18	304	64	187	95	343	56	83	21	104	224	77	20	76	191	155	160	403	274	437	147	5	3	432	43	60	59	195	268	180	412	129	18	176	204	189	166	123	179	63	72	100	93	150	30	145	132	314	101	237	43	21	108	150	289	239	24	317	125	89	25	79	73	83	76	73	73	207	252	236	197	230	241	154	193	144	213	141	39	58	151	226	219	164	245	84	81	5	139	283	216	145	50	154	79	261	354	176	48	37	106	57	97	204	43	13	259	149	86	33	84	32	195	61	158	93	137	144	131	66	99	121	230	101	68	39	156	193	55	19	96	46	221	92	191	162	10	31	198	262	363	316	259	96	453	166	119	136	233	23	130	374	29	59	98	399	12	85	41	21	285	178	174	156	51	1	95	46	116	50	243	62	199	143	260	354	205	217	305	278	148	189	185	90	147	169	16	58	153	321	273	200	190	252	96	135	68	33	191	36	146	18	45	316	179	141	182	65	234	167	260	373	137	33	103	2	99	340	426	343	115	21	169	113	176	265	10	112	305	285	52	142	11	8	454	115	230	285	4	118	24	55	140	45	214	361	202	28	80	212	289	171	224	8	270	75	180	110	141	100	295	62	66	395	160	11	307	410	361	218	97	264	120	184	213	10	162	45	13	27	49	200	36	104	165	593	239	192	18	123	243	18	343	148	98	55	220	91	57	118	283	257	65	229	235	66	18	355	129	71	196	63	85	100	275	226	259	210	350	205	338	72	188	303	143	128	48	38	12	148	210	323	240	151	142	279	22	95	156	128	332	178	284	17	164	145
FOXJ3	37	34	683	27	8	13	23	17	79	953	42	77	1071	48	133	8	75	313	104	35	14	18	28	8	18	29	39	581	16	46	63	81	109	12	145	23	100	35	158	672	206	398	17	10	5	10	14	215	20	11	4	52	13	7	31	20	663	31	14	8	82	450	23	49	9	29	22	20	10	345	11	13	58	19	376	57	57	15	464	176	97	15	112	202	23	164	14	86	174	580	945	922	54	3033	398	590	27	732	934	312	41	37	13	18	385	396	17	1016	471	426	21	8	17	16	4	2	9	5	15	15	31	420	635	12	230	46	22	41	181	698	302	3	58	14	348	258	682	148	355	184	118	201	16	34	245	29	12	240	15	225	9	14	25	953	24	20	25	57	159	85	83	31	51	110	28	89	104	20	330	19	53	42	13	20	11	60	29	20	28	10	564	433	59	9	28	13	3	86	34	737	327	199	245	291	148	190	75	10	356	596	8	214	44	115	52	7	31	25	19	7	15	19	36	197	39	19	58	11	12	291	57	285	883	8	16	24	22	11	163	9	533	37	264	6	3	4	217	176	14	15	18	65	138	7	311	3	20	345	184	4	94	12	9	859	3	14	11	363	7	22	461	11	105	312	169	379	35	20	9	12	39	443	6	539	22	15	270	490	17	24	272	450	10	11	25	74	124	70	172	157	616	11	543	39	140	97	3	3	291	250	176	235	23	383	431	65	14	7	205	30	140	32	53	48	722	834	8	11	62	3	13	135	30	96	16	30	12	41	195	17	523	12	462	277	99	504	701	565	10	112	74	11	254	20	16	232	74	23	13	24	15	18	311	131	34	13	10	20	69	43	54	19	71	23	24	11	24	21	19	20	24	40	58	9	9	74	11	12	278	24	5	113	80	106	11	215	109	20	185	49	32	46	238	12	25	11	40	148	16	15	12	37	27	14	279	145	13	153	10	63	16	9	19	44	58	43	20	23	11	432	53	42	19	22	22	272	110	8	136	86	348	7	16	47	33	97	71	13	28	13	4	20	10	62	13	54	16	143	418	697	104	26	16	31	88	17	12	13	10	16	32	9	23	298	21	45	26	13	149	52	120	16	34	11	48	28	8	10	248	16	34	44	63	19	32	34	74	18	202	23	2	21	21	246	95	31	9	33	44	12	23	30	12	37	78	9	13	15	5	68	786	27	208	3	68	7	4	15	8	14	31	33	18	12	24	73	74	19	4	19	21	26	20	13	21	52	10	11	83	71	8	25	84	51	84	639	276	55	14	22	26	19	166	23	50	8	191	9	13	14	46	48	43	23	149	16	9	30	348	14	12	30	11	24	58	77	43	9	37	43	8	46	86	16	51	8	6	15	34	25	25	40	38	87	15	121	11	162	11	14	13	19	12	20	308	18	24	18	26	31	45	11	33	103	48	54	184	207	8	24	17
FOXK1	32	40	296	212	54	26	54	148	145	483	356	663	790	213	214	56	167	587	197	44	67	116	172	27	84	168	180	507	45	227	157	141	141	81	358	45	386	68	225	512	272	382	45	57	10	39	79	290	82	68	61	171	37	39	69	39	311	302	54	83	175	277	116	223	83	108	86	158	95	394	76	110	205	351	613	152	183	52	376	644	108	54	196	416	177	190	60	78	261	577	650	782	220	398	3285	770	72	594	562	211	71	121	251	455	140	183	446	722	284	195	122	33	187	196	85	3	57	9	82	50	270	598	843	103	153	70	125	158	170	536	286	3	299	211	191	352	317	154	402	244	465	269	39	92	236	32	104	688	51	762	105	153	94	416	67	132	53	146	155	78	106	285	554	124	407	348	337	172	259	53	217	159	62	82	28	329	147	302	364	66	583	296	231	53	110	22	5	358	206	524	189	182	179	339	213	252	188	61	620	509	12	250	75	324	144	25	107	146	51	37	157	235	330	371	241	107	137	120	57	226	109	188	547	20	81	97	37	43	163	20	438	206	360	97	99	112	186	326	29	134	64	252	183	24	206	46	121	117	87	10	270	61	81	439	41	60	304	297	238	60	387	47	290	385	539	322	147	41	53	44	76	213	5	567	58	19	635	389	90	131	371	317	41	35	119	185	117	48	229	351	677	94	613	206	749	100	5	2	320	176	168	279	138	607	621	279	71	17	192	114	179	105	104	112	495	463	187	57	158	63	160	301	332	127	113	39	14	139	179	238	500	51	456	246	133	247	405	446	51	165	76	40	451	220	207	389	312	490	83	155	84	236	417	152	46	83	112	98	182	131	88	82	54	79	235	107	186	74	96	64	428	268	206	49	43	104	38	114	286	116	13	477	205	123	42	143	70	153	109	100	82	91	178	117	52	95	93	307	55	45	30	126	176	38	109	207	30	233	85	128	78	25	35	137	174	281	209	178	58	746	175	71	142	115	28	341	243	27	94	150	404	9	54	70	25	308	146	101	80	106	2	63	34	92	37	162	36	301	359	613	217	109	114	144	174	79	96	94	47	81	106	15	56	194	166	164	100	95	226	135	132	50	51	58	59	91	16	24	550	125	205	107	92	112	134	122	318	84	140	59	2	81	194	294	240	83	23	116	103	79	134	27	71	265	186	40	73	17	8	323	343	125	403	3	90	33	92	96	37	92	189	121	25	56	109	243	116	97	8	126	47	131	56	68	71	357	38	42	471	160	20	160	252	200	165	354	519	102	89	138	17	250	158	22	46	35	260	30	60	87	303	181	120	31	133	94	16	146	252	68	64	152	47	66	120	239	146	38	144	135	58	40	276	69	61	104	36	44	82	151	115	180	127	354	108	393	37	187	88	79	72	38	38	21	243	77	161	136	74	83	174	28	93	137	98	212	181	394	16	98	169
FOXO1	33	56	441	143	55	27	49	95	122	801	143	284	1119	139	229	47	45	527	232	42	59	72	113	22	65	127	118	611	47	144	118	128	128	60	301	44	305	60	233	661	322	452	45	55	10	38	61	120	64	49	9	115	37	21	60	35	466	103	37	67	134	510	62	125	60	47	61	55	54	405	69	73	162	60	626	78	106	39	645	494	187	53	199	446	132	227	52	110	328	761	970	1036	149	590	770	3329	67	800	911	246	75	110	28	91	240	337	72	1062	433	291	70	31	127	41	15	3	55	10	47	48	130	486	1036	76	194	145	92	137	200	694	362	3	167	89	305	389	590	277	471	268	258	230	34	77	265	41	83	580	52	519	84	111	82	658	59	77	57	127	222	97	151	136	147	164	166	262	262	120	463	37	144	103	47	62	31	230	78	106	110	63	825	535	69	45	68	18	4	238	165	879	302	271	227	375	262	289	169	53	631	686	11	341	81	288	179	23	79	95	49	28	87	142	165	262	131	62	105	92	41	310	75	296	891	16	68	56	36	28	208	22	541	131	421	16	16	18	182	263	30	77	63	115	245	23	353	19	74	179	130	11	286	39	63	802	13	46	52	455	61	54	540	38	212	333	376	439	102	29	48	39	81	383	7	774	45	22	563	594	61	106	329	433	37	14	75	137	139	59	361	396	885	83	861	118	389	102	5	2	384	224	198	318	84	570	799	158	55	26	210	85	173	65	90	88	723	727	63	37	117	12	52	306	162	125	82	46	19	110	222	99	569	20	611	346	165	380	664	572	45	211	82	40	500	101	93	422	203	80	65	75	57	83	510	181	45	57	100	70	135	108	72	69	83	60	139	69	71	28	80	48	103	113	188	48	39	119	26	59	321	66	13	263	196	129	34	221	114	142	159	119	65	99	249	91	57	71	121	375	46	39	31	80	98	34	181	214	34	226	65	122	61	7	33	100	114	145	96	59	54	603	124	69	100	90	32	391	236	20	135	200	399	8	52	87	31	205	94	76	73	18	4	62	31	106	38	136	37	267	603	828	174	73	75	91	143	61	77	60	43	65	77	11	61	250	85	104	84	67	197	153	238	55	70	44	52	95	16	33	559	83	98	85	80	69	92	105	222	55	145	57	3	43	102	338	221	71	22	59	93	58	115	24	53	205	158	37	57	16	8	158	491	84	365	4	98	18	20	72	33	83	106	101	29	33	88	184	106	76	9	100	45	97	42	64	49	131	29	37	327	128	7	68	174	151	153	579	536	105	74	84	29	124	261	28	61	32	244	29	59	74	189	151	98	31	149	61	17	109	377	46	48	106	34	44	169	213	118	34	116	104	64	55	235	67	61	79	24	37	68	79	91	114	73	271	82	343	38	166	70	73	46	35	31	25	303	66	89	80	62	80	162	27	106	154	85	170	193	385	17	84	72
FOXO4	4	25	22	92	23	24	73	85	75	42	129	90	60	110	77	45	15	77	37	11	74	70	104	21	89	70	86	36	37	130	91	37	64	69	53	27	79	50	114	28	26	23	48	63	11	54	78	23	85	63	7	87	47	18	64	25	56	68	49	39	74	14	51	41	80	48	58	37	45	116	67	86	65	27	84	50	71	38	35	124	37	65	41	44	76	85	69	15	22	32	41	49	189	27	72	67	929	29	51	48	17	57	25	52	14	26	40	44	36	28	74	34	99	17	6	3	50	8	30	38	69	74	82	115	14	18	72	66	27	25	46	3	73	63	38	56	29	35	41	96	94	106	37	79	74	24	89	99	44	83	77	85	87	58	75	50	46	83	33	20	17	52	66	21	79	71	65	119	21	38	106	70	57	81	45	117	53	51	71	78	63	72	46	45	54	9	6	133	77	73	62	49	40	67	78	100	112	69	73	68	10	46	68	147	64	22	84	114	61	50	101	110	87	53	81	59	73	85	33	44	48	92	53	16	98	54	16	40	25	27	25	134	90	11	9	9	114	63	26	97	64	23	21	20	19	11	96	8	18	7	56	54	70	37	5	54	37	39	53	69	58	61	99	40	112	35	32	12	44	46	81	20	16	51	54	15	69	30	90	35	90	31	58	7	47	72	51	18	43	45	63	59	130	89	95	82	5	1	126	26	48	28	67	98	57	101	60	16	81	80	81	60	64	64	32	34	24	48	75	9	40	29	90	56	112	9	8	69	42	46	62	2	94	51	55	17	36	39	71	29	53	52	52	81	76	83	80	43	95	65	64	66	60	15	26	70	84	90	65	83	47	31	2	66	109	39	40	12	82	58	56	66	62	39	32	50	14	40	76	23	10	78	73	41	15	36	17	72	43	63	52	71	85	77	22	64	71	59	44	30	24	35	83	42	15	47	34	96	56	88	79	4	14	72	88	74	68	52	70	102	71	72	76	88	17	57	120	25	21	28	106	11	42	34	7	97	46	92	68	13	1	54	33	77	39	103	37	72	61	95	129	76	88	100	124	68	71	80	57	82	102	13	32	65	90	79	81	91	74	25	36	54	27	118	24	66	17	38	113	68	47	55	28	83	52	89	77	55	16	66	2	32	90	121	122	64	22	53	60	95	95	4	70	80	82	44	86	11	8	98	46	84	108	2	38	4	6	55	42	91	104	73	22	40	97	86	93	114	8	118	47	58	48	67	38	76	35	46	114	90	3	54	126	123	94	36	90	63	84	55	7	52	29	13	14	43	70	33	53	80	123	81	90	17	56	104	18	120	65	39	43	90	57	24	43	83	106	47	82	101	31	7	108	77	39	80	22	49	65	98	82	63	61	79	95	120	43	81	148	76	51	43	23	8	63	97	103	105	79	66	107	15	35	46	68	96	58	119	16	75	41
FOXP1	29	28	671	26	11	13	11	14	72	913	53	91	1264	36	124	8	64	335	150	28	13	16	22	8	15	28	28	667	20	36	35	42	86	11	165	25	102	26	148	811	264	455	12	8	7	9	11	188	13	8	4	48	12	9	14	22	491	24	11	9	80	437	14	55	9	11	12	11	9	309	9	13	76	18	512	41	35	8	485	251	85	10	127	279	21	123	12	120	319	793	1158	1310	50	732	594	800	29	3639	1147	321	41	38	7	11	312	323	10	1164	390	413	13	8	18	6	2	3	8	4	13	18	25	393	762	11	278	56	20	46	196	870	323	2	76	12	285	271	515	148	405	179	90	132	14	39	176	23	10	297	14	285	10	13	22	729	14	16	25	59	176	120	127	29	42	122	29	91	110	19	353	15	47	22	10	12	8	69	22	19	17	10	600	418	39	9	10	12	3	106	33	632	191	173	228	298	134	139	52	12	395	661	6	254	29	120	51	8	18	20	11	9	16	20	35	195	30	16	64	13	14	305	52	216	883	8	9	17	27	11	194	10	609	21	264	8	10	9	151	150	15	14	15	73	176	8	268	3	15	282	153	9	147	11	10	841	6	9	8	319	3	19	447	9	84	269	174	424	54	12	9	8	33	361	9	712	18	14	301	522	17	29	212	503	8	13	25	42	119	47	215	203	768	11	567	19	185	66	5	3	258	260	177	281	17	397	589	59	14	7	194	28	137	29	53	39	958	898	14	10	50	3	14	214	30	89	11	23	9	42	178	15	489	3	496	252	91	499	706	700	9	144	54	8	335	26	24	287	76	12	8	22	12	16	348	135	28	12	10	16	61	39	33	23	69	24	21	14	37	21	23	17	20	16	72	9	10	53	5	12	285	46	7	132	79	89	24	185	96	26	163	50	37	43	195	10	22	10	49	179	20	13	14	23	23	11	288	141	12	176	12	40	14	2	19	37	31	38	23	4	9	479	50	25	24	15	23	284	111	9	125	109	275	4	16	61	39	82	44	11	12	1	3	13	9	72	9	55	11	144	443	691	99	26	13	26	52	12	13	11	10	18	12	4	22	174	14	24	18	12	134	96	126	16	48	9	54	20	8	10	274	16	42	32	57	16	31	27	81	25	207	13	2	14	17	222	90	28	8	20	46	12	18	40	8	57	65	10	9	19	5	48	551	23	205	4	61	2	3	13	8	14	20	26	14	8	17	62	40	17	4	16	18	29	15	12	16	26	10	9	108	69	1	14	63	54	82	637	302	54	9	22	19	15	181	37	67	8	186	12	10	14	41	46	30	27	131	9	8	30	314	13	9	27	9	18	81	80	44	8	34	19	14	60	82	8	46	14	5	12	35	18	20	25	25	94	12	136	9	143	13	13	9	17	15	39	292	16	13	14	14	17	46	18	38	81	41	45	136	223	8	18	15
FOXP4	50	42	677	47	27	23	25	33	93	1228	99	142	1342	68	217	14	58	411	200	41	28	25	51	14	29	61	58	723	30	71	69	111	123	23	233	32	184	42	215	793	305	517	26	17	9	16	20	178	32	17	5	72	16	6	31	27	695	40	24	19	110	595	44	85	17	36	33	28	16	438	19	24	129	26	591	65	80	16	672	302	157	25	211	420	48	195	21	153	372	806	1243	1222	107	934	562	911	51	1147	4503	339	59	77	13	18	456	476	18	1262	540	490	30	13	40	11	7	3	16	6	31	40	43	501	939	28	257	129	47	97	232	804	394	3	85	32	459	433	755	222	441	253	217	218	19	52	289	43	27	398	24	333	22	41	39	1065	25	26	32	91	245	139	164	47	55	161	54	143	152	52	450	27	70	59	19	36	14	98	42	29	34	21	818	678	67	15	32	14	3	190	79	1129	363	283	262	375	220	279	134	16	513	761	8	316	60	208	131	12	39	42	25	17	30	41	59	210	80	29	91	26	28	382	81	319	1055	13	27	31	28	18	225	19	649	63	363	10	10	8	207	217	22	28	28	105	240	12	417	4	35	298	181	10	246	23	23	1092	9	18	15	529	7	27	635	17	145	347	314	498	71	28	15	16	60	522	6	823	34	27	411	640	36	49	306	542	17	12	34	100	150	65	328	318	880	27	897	61	252	95	5	3	391	283	224	372	35	479	739	102	26	12	252	56	190	49	74	74	963	1130	18	19	71	4	29	321	62	123	24	47	12	46	238	31	664	11	751	348	135	576	922	683	22	197	79	19	443	41	40	367	131	22	24	40	33	33	451	186	41	27	29	32	75	58	66	40	76	36	44	28	50	25	33	25	29	59	112	16	18	103	11	25	357	57	10	145	133	155	27	278	144	59	224	98	49	78	322	21	41	17	88	280	30	25	21	57	39	20	341	175	25	213	15	95	28	6	27	56	78	89	40	21	17	507	90	43	33	38	42	366	171	15	171	192	434	7	28	74	58	115	79	22	41	7	3	33	18	110	16	77	22	197	682	1028	163	45	30	57	106	31	27	24	21	30	37	7	53	305	37	59	47	28	192	145	233	33	56	22	52	52	13	17	363	32	56	53	76	32	56	57	159	36	243	35	2	32	39	341	163	47	14	36	72	23	49	39	19	102	120	15	20	20	7	106	770	49	268	4	92	10	6	33	14	32	53	64	21	16	39	129	95	36	5	39	28	49	28	30	40	68	17	16	165	89	3	35	153	82	117	815	423	89	26	44	30	38	244	51	87	15	234	17	21	31	110	109	68	30	162	29	14	60	474	24	17	55	20	45	159	131	65	14	65	57	22	86	142	22	69	26	12	24	49	41	47	57	43	184	32	226	21	180	36	24	19	20	20	52	377	35	37	34	33	45	88	24	83	172	65	99	191	291	13	48	25
FOXQ1	16	23	236	54	21	27	37	54	80	341	46	70	417	87	88	24	30	159	64	18	49	38	76	16	56	69	65	257	37	83	56	35	110	46	127	38	74	47	141	256	76	130	35	72	10	29	52	92	53	45	5	77	38	9	38	20	237	37	38	43	76	175	44	39	51	31	35	32	33	194	54	52	67	15	187	46	49	27	208	135	51	47	75	109	52	124	49	50	106	318	409	428	70	312	211	246	48	321	339	1449	25	55	10	28	154	176	24	371	188	208	47	18	67	7	6	2	29	9	23	26	45	208	296	62	179	37	49	46	106	335	196	3	57	37	154	122	143	67	132	214	77	112	27	61	157	24	60	134	36	136	51	62	64	335	45	29	39	59	92	71	55	44	42	60	52	72	68	78	96	31	62	49	39	51	27	93	40	37	48	53	209	163	37	22	32	14	4	101	74	244	117	96	111	139	102	113	79	22	176	239	8	105	47	134	51	16	62	63	32	21	61	68	67	90	60	36	68	51	30	153	58	132	332	15	52	42	22	33	87	19	229	71	151	13	10	8	157	107	18	58	45	31	71	14	106	8	44	97	57	6	84	34	45	258	3	25	24	150	31	41	230	35	106	132	113	153	31	13	29	30	66	131	3	247	43	12	151	196	52	39	167	302	61	7	32	65	82	31	80	85	250	52	222	68	108	85	6	2	132	126	90	146	50	191	223	66	40	5	150	43	113	35	76	47	307	294	22	26	52	3	36	99	65	70	66	17	3	56	99	30	258	7	259	142	70	216	308	258	36	54	61	50	134	58	52	137	78	27	79	52	35	39	147	56	41	37	61	63	67	74	42	26	33	55	62	28	33	11	43	29	39	57	52	25	20	48	15	31	158	23	11	84	68	62	17	101	50	54	82	52	41	54	125	41	27	33	58	91	38	21	17	41	40	27	122	81	29	196	30	56	44	4	19	61	67	59	42	41	42	231	92	55	44	62	19	133	98	20	52	49	144	12	39	49	16	69	49	50	41	6	2	39	26	57	19	81	29	96	180	312	88	54	47	61	77	39	49	38	36	72	43	12	19	102	62	62	51	45	95	49	61	29	35	46	33	46	13	31	145	50	39	45	41	55	49	60	71	48	76	38	3	26	56	127	93	60	15	38	42	57	66	10	64	77	79	26	40	13	8	57	298	57	125	4	57	10	9	44	23	54	70	58	19	25	58	76	55	68	7	66	39	51	32	45	20	58	19	31	95	77	2	44	75	85	110	350	136	51	59	45	14	43	67	18	29	23	110	26	34	45	70	67	53	19	139	52	16	73	139	30	28	74	31	28	63	92	118	25	61	65	23	22	99	42	49	61	21	29	47	46	50	65	45	87	56	100	29	103	52	42	35	36	20	18	171	54	62	49	45	47	114	19	37	72	52	92	120	136	13	60	32
FUBP1	3	24	27	63	27	14	13	38	39	66	45	71	71	61	48	9	16	70	22	8	13	34	48	6	24	56	95	39	11	54	31	46	43	25	83	11	97	23	62	39	28	34	7	19	4	10	29	21	14	49	5	43	9	5	22	10	47	47	11	30	37	55	35	32	10	23	20	21	14	91	19	25	29	34	65	19	37	11	62	76	34	16	41	59	45	53	17	13	31	43	49	55	49	41	71	75	17	41	59	25	519	55	21	51	13	47	48	68	65	20	66	4	50	48	9	2	7	4	32	14	46	95	87	21	25	22	31	34	18	39	42	2	28	59	48	55	36	35	35	65	68	56	9	14	47	8	64	93	9	87	21	41	23	65	13	30	13	41	33	12	17	55	60	26	68	104	82	55	38	20	56	34	21	13	10	57	33	43	46	16	69	55	26	5	35	4	3	44	50	97	53	63	39	78	58	56	46	4	97	65	4	50	13	93	55	4	32	40	14	8	29	27	35	47	46	16	35	22	17	41	26	49	59	16	21	55	6	9	21	5	39	50	85	10	9	9	41	102	7	25	15	30	23	5	35	7	16	9	16	16	42	17	20	50	4	12	38	57	29	17	77	8	73	77	127	29	12	9	9	9	32	32	3	65	20	3	94	43	26	29	95	46	7	3	33	44	23	7	45	58	65	31	93	47	79	21	3	1	92	23	27	42	49	97	65	55	40	6	48	30	42	34	24	70	36	44	23	23	35	2	29	41	74	29	17	38	2	31	56	47	104	14	80	57	37	34	59	37	8	25	11	13	72	24	28	46	64	57	20	38	17	43	44	16	12	20	28	20	46	43	16	31	10	22	50	26	16	6	16	10	45	72	31	16	8	15	6	32	68	7	4	49	25	34	6	36	12	41	24	32	14	21	36	22	29	22	19	48	13	28	20	61	41	5	15	54	5	51	13	26	22	7	11	37	40	82	42	30	18	96	40	17	26	32	6	75	60	4	16	46	73	2	17	10	4	65	90	24	22	12	1	18	6	14	14	43	5	74	74	101	57	21	36	39	38	17	16	28	16	15	24	8	13	43	86	45	31	12	53	16	44	7	5	10	8	41	6	5	93	30	24	78	20	71	44	34	95	21	14	17	1	30	89	82	53	16	4	72	21	17	42	4	13	43	52	4	9	6	3	57	61	36	85	2	41	12	16	36	5	26	99	35	11	18	31	77	21	26	3	25	6	40	19	22	23	58	7	7	65	34	7	93	54	34	44	73	91	30	21	54	1	38	22	12	7	5	55	14	12	17	114	68	25	4	27	24	3	40	47	30	16	39	7	9	30	60	47	6	42	34	13	2	68	15	14	22	4	7	22	37	33	112	82	75	24	92	11	43	21	19	27	10	12	7	44	20	82	17	14	17	53	4	37	52	23	55	44	75	4	21	43
FUBP3	9	39	25	124	71	38	42	121	132	63	114	208	88	187	168	34	24	131	49	13	141	73	172	17	83	186	162	66	51	169	108	116	122	77	147	40	154	50	162	46	37	37	40	83	11	41	101	38	84	80	13	150	40	15	56	16	76	141	75	108	68	62	92	81	81	82	80	78	60	161	115	103	116	60	112	48	93	34	72	220	72	78	86	118	113	138	63	20	43	50	56	66	130	37	121	110	57	38	77	55	55	1071	30	127	18	52	94	79	79	26	105	21	179	87	29	3	36	10	158	44	108	188	145	104	22	49	179	104	24	40	59	3	68	217	100	97	45	73	48	147	211	135	31	73	123	20	126	200	64	161	133	173	108	81	59	78	34	108	68	25	27	146	131	29	196	174	137	183	48	53	107	120	66	64	29	174	84	124	98	92	113	86	61	30	69	9	5	184	177	138	109	93	48	124	271	150	157	34	143	80	8	73	52	229	241	15	106	123	43	29	122	154	137	86	163	59	94	76	46	64	51	57	79	20	85	67	14	39	32	22	37	167	115	23	23	18	109	189	21	110	55	82	31	18	27	27	115	9	18	15	119	128	163	90	5	32	67	108	102	53	130	38	213	108	218	50	47	23	35	42	82	32	11	95	119	12	189	47	101	68	178	54	43	5	53	124	39	17	62	132	107	143	167	168	229	76	5	1	118	25	42	62	143	132	139	143	57	2	89	85	93	65	69	74	55	53	67	63	70	13	80	91	196	59	119	26	7	67	77	136	150	18	181	115	93	33	62	49	46	49	37	51	141	128	125	101	117	107	87	98	67	93	96	28	38	83	163	128	97	144	48	51	10	72	137	113	63	12	76	34	100	174	98	32	26	61	33	77	123	36	11	140	71	120	16	61	27	133	34	101	40	84	89	66	107	49	84	147	91	56	30	228	86	33	17	65	37	110	47	73	80	9	18	115	145	170	218	108	64	235	108	77	80	134	16	83	170	20	33	57	118	10	100	31	7	140	82	102	83	19	1	63	27	61	33	127	38	134	156	156	129	97	110	255	126	82	90	88	81	71	78	13	28	72	140	134	211	89	129	53	66	39	21	51	21	178	17	36	179	106	68	106	37	107	212	251	165	78	22	53	3	130	150	103	169	77	19	77	46	86	163	6	64	170	265	36	54	13	7	154	94	204	145	3	62	26	28	106	26	128	172	242	23	55	116	310	74	121	10	138	49	121	60	83	40	147	39	57	190	105	9	126	159	161	116	112	156	55	103	123	5	106	26	9	14	32	111	38	77	192	238	290	99	13	72	159	13	136	76	74	35	124	42	43	79	148	149	26	267	130	43	8	172	70	64	129	39	41	60	121	224	138	99	195	101	160	40	101	86	78	80	38	35	9	65	87	154	105	64	75	170	18	60	178	56	169	82	156	14	92	162
GABPA	10	6	16	68	21	13	14	55	62	22	413	473	40	113	36	11	135	124	19	6	25	28	77	4	25	65	90	21	15	146	66	105	55	44	90	13	164	22	58	22	18	29	14	11	2	13	26	265	34	35	12	105	6	43	21	4	36	281	18	30	62	5	85	116	47	86	43	182	47	160	29	72	102	506	211	187	177	39	5	223	14	19	170	262	90	52	17	5	19	21	24	30	138	13	251	28	25	7	13	10	21	30	2477	914	12	5	524	35	19	4	74	2	92	166	44	1	11	1	39	12	151	284	133	39	3	7	86	79	16	8	13	1	122	147	5	140	25	12	71	68	370	123	5	17	58	12	66	224	8	319	40	72	41	24	19	48	4	68	13	5	8	174	696	5	326	107	96	110	5	26	65	111	26	35	10	102	44	256	348	34	77	17	288	7	43	4	2	269	100	48	21	50	10	64	61	78	111	9	97	53	2	12	8	154	49	3	44	80	10	33	91	91	143	181	190	38	53	34	17	9	61	21	11	6	42	67	3	19	15	7	17	105	37	122	112	111	66	170	3	64	11	376	10	3	12	33	87	7	5	2	95	23	31	15	42	20	448	49	287	12	50	11	130	205	273	24	86	23	9	12	13	1	6	20	20	2	184	9	41	26	155	4	8	45	31	91	20	7	29	65	53	32	134	118	504	27	2	9	94	9	15	10	74	124	34	254	40	5	47	68	49	82	25	62	14	18	99	25	55	115	114	53	214	42	64	11	15	35	53	194	142	26	100	27	18	3	18	32	9	31	10	10	140	134	147	62	156	580	44	128	37	287	36	17	13	32	41	46	63	90	33	20	4	20	71	92	104	55	53	16	389	239	67	15	9	36	21	74	43	74	5	217	48	13	11	15	5	48	9	40	29	32	27	31	13	24	27	92	24	18	5	56	59	11	1	25	6	45	13	45	40	13	14	64	114	193	251	229	12	262	77	19	38	50	2	37	94	5	23	32	214	2	15	8	7	100	98	49	32	162	1	21	3	18	6	57	14	75	20	63	146	80	61	87	67	33	55	36	13	28	46	4	27	53	130	84	45	65	99	34	30	8	7	28	15	33	3	3	115	72	117	68	27	74	72	61	194	41	45	18	1	52	133	94	104	15	2	106	28	37	49	7	24	122	79	5	30	1	2	323	31	67	95	2	16	20	82	46	2	54	129	62	3	31	48	137	32	41	1	65	11	65	32	23	64	470	14	6	161	42	10	148	185	108	64	8	126	31	41	85	6	131	15	3	18	6	96	9	27	27	287	71	40	6	20	66	2	86	41	24	12	48	17	39	17	122	46	8	60	56	27	16	137	20	13	42	27	27	18	89	57	100	98	216	50	106	12	55	45	32	71	3	18	8	22	36	105	97	27	40	56	11	28	51	29	126	68	73	2	46	122
GABPB1	24	12	4	218	81	25	36	246	215	28	772	1125	91	384	125	23	216	287	49	12	79	88	304	10	83	340	310	36	56	388	173	260	177	139	274	32	372	51	181	32	42	60	45	72	3	32	116	378	107	131	49	326	16	82	71	12	68	706	63	128	124	1	206	277	138	224	126	364	128	376	134	192	317	874	459	312	309	79	11	618	50	73	316	572	220	171	52	9	39	38	29	53	318	18	455	91	52	11	18	28	51	127	914	5101	7	9	932	73	73	7	203	6	354	439	142	2	37	3	127	49	364	652	285	136	4	15	225	230	24	7	36	2	248	444	29	261	33	36	130	217	777	313	10	54	150	29	198	526	30	660	189	316	146	37	73	146	11	179	24	4	17	458	1233	19	852	350	250	411	9	72	171	308	81	94	29	297	149	586	695	95	178	43	501	13	131	5	5	703	402	122	68	118	24	195	225	230	354	18	251	95	4	41	36	457	180	8	156	200	34	57	321	335	425	370	511	109	168	109	61	33	138	48	19	11	123	135	7	43	33	16	32	327	110	226	220	213	157	473	9	232	44	634	22	8	19	102	279	10	11	3	322	88	136	14	78	51	638	143	823	31	145	35	424	444	644	40	172	56	25	35	51	2	15	42	61	7	473	20	125	108	381	9	30	84	90	252	44	7	60	228	119	197	319	376	1289	85	2	9	198	20	37	13	247	244	148	586	86	6	113	185	135	184	82	127	16	23	284	78	113	178	300	178	600	105	209	31	23	87	131	556	317	67	294	112	46	5	30	43	34	79	26	34	361	395	437	151	323	1114	114	260	116	514	93	36	35	121	201	193	161	266	74	68	1	80	231	320	251	107	122	50	729	625	204	34	28	94	94	228	157	139	10	533	117	55	31	45	8	193	14	106	67	86	83	95	51	60	105	282	67	47	24	197	154	30	2	76	18	149	45	104	94	33	40	224	283	516	670	628	45	756	195	85	140	191	9	92	294	10	40	96	407	5	53	16	13	272	214	141	119	333	1	65	16	67	35	174	32	202	42	176	319	202	195	277	211	112	185	122	38	89	109	12	80	101	367	276	146	176	254	100	90	20	14	59	28	103	8	20	323	217	261	185	66	209	217	227	491	106	53	57	1	137	408	205	308	62	4	212	83	110	214	14	81	446	283	15	97	3	3	732	70	212	276	7	70	55	157	158	8	191	392	217	10	83	145	376	80	134	3	216	32	205	73	108	135	877	56	26	441	111	25	364	428	315	188	18	297	71	138	260	17	351	20	6	38	12	214	29	91	125	937	232	139	9	70	199	6	232	90	114	33	188	35	100	72	314	182	20	235	193	85	32	399	65	31	212	94	56	42	245	196	330	218	537	148	307	36	147	110	118	169	12	48	7	44	110	339	267	79	127	237	20	87	144	73	386	158	189	4	124	266
GATA2	24	9	299	14	6	10	10	9	31	569	14	22	570	16	57	7	43	139	64	23	7	12	12	7	10	14	16	323	8	14	19	31	44	9	104	15	39	14	60	329	81	197	8	7	5	7	8	115	10	7	3	19	9	10	10	10	262	5	7	6	30	226	8	21	8	9	9	10	6	138	7	9	31	5	200	25	25	7	278	79	51	8	72	131	14	72	9	72	126	315	510	426	20	385	140	240	14	312	456	154	13	18	12	7	2639	384	5	507	196	286	9	7	8	1	1	2	7	4	7	15	11	160	371	9	149	21	9	15	100	364	209	3	24	5	202	128	381	73	166	88	52	85	9	17	141	23	7	86	8	83	8	10	12	521	12	9	14	20	85	65	49	12	15	66	11	33	40	11	132	8	18	10	7	10	7	18	10	8	9	7	312	196	20	7	11	8	2	49	13	357	177	106	115	122	67	98	33	6	135	276	6	115	24	53	25	6	8	12	10	7	11	10	10	84	16	10	28	7	7	143	34	137	469	6	8	8	10	6	100	8	270	14	106	3	2	3	123	77	10	8	8	34	79	6	175	1	8	147	81	2	69	8	7	412	4	7	6	176	1	13	229	8	43	131	52	214	15	15	9	7	16	261	10	297	11	9	132	259	10	17	109	275	7	6	12	23	54	26	106	87	317	11	268	16	63	41	3	2	108	142	107	138	8	146	239	22	9	5	82	16	60	19	24	20	399	478	5	6	22	3	8	88	12	41	7	14	14	22	78	6	254	4	260	122	62	327	430	290	7	81	31	7	169	9	5	134	30	8	7	11	10	7	163	71	17	8	9	9	34	16	32	9	31	10	10	6	24	10	11	13	7	10	26	7	8	42	2	9	137	26	4	40	44	43	11	108	53	10	103	18	17	18	128	7	13	7	24	83	12	6	6	13	11	8	152	63	10	49	7	19	7	2	10	16	26	17	8	3	7	182	26	21	12	10	20	120	45	7	65	52	180	5	9	37	34	33	20	9	11	2	3	11	8	36	8	20	7	65	189	333	42	18	8	14	43	9	9	7	8	7	12	4	17	113	8	16	14	7	60	37	64	9	30	7	29	12	7	10	103	11	18	12	26	9	15	11	27	12	109	11	1	9	11	110	37	15	7	10	23	7	9	21	7	24	29	7	9	8	5	23	356	13	89	5	36	1	1	8	7	7	10	20	10	6	9	31	23	11	3	11	12	10	7	8	14	16	7	7	31	25	1	13	38	23	37	354	127	25	7	9	19	9	90	19	39	7	62	9	8	10	21	18	18	13	82	9	7	13	187	7	7	14	9	15	33	31	18	7	11	17	9	30	38	7	24	7	5	12	17	10	11	15	13	39	10	59	11	68	8	8	8	11	12	12	140	11	10	11	10	15	21	11	18	51	30	23	84	82	8	12	6
GATA4	14	63	292	43	18	11	11	24	61	558	38	66	530	65	101	4	46	218	78	25	11	35	48	3	22	33	36	340	11	46	41	58	83	12	140	15	82	25	117	298	81	188	8	12	2	4	15	118	10	5	1	59	14	4	18	17	286	18	10	11	66	294	61	114	11	14	19	12	7	208	8	17	38	9	249	31	31	3	412	143	65	8	97	181	33	133	15	62	119	345	511	459	47	396	183	337	26	323	476	176	47	52	5	9	384	1741	2	502	249	259	17	2	23	11	3	1	4	3	17	7	29	206	386	22	144	41	24	30	77	357	233	1	42	20	266	162	258	77	172	135	61	127	11	29	159	17	20	165	8	147	15	31	29	591	11	21	23	39	107	66	62	29	30	64	30	103	89	34	170	21	76	25	8	13	4	75	37	13	12	11	341	248	38	4	16	3	1	65	42	487	303	263	168	200	97	124	47	3	228	327	1	163	28	113	58	1	27	21	17	2	14	27	24	109	21	14	38	13	12	184	44	204	549	9	13	25	7	5	99	7	287	40	199	17	18	16	144	146	8	17	11	29	75	1	154	6	25	127	77	5	103	7	12	423	10	14	2	242	11	26	299	3	87	149	170	219	27	10	9	4	40	278	1	330	18	3	211	291	27	28	168	324	3	4	36	44	83	30	112	130	348	28	335	36	92	51	1	1	196	147	119	155	23	224	269	37	7	3	137	30	119	47	57	39	388	447	16	5	59	4	28	107	34	63	25	35	2	45	135	44	352	10	322	218	103	391	494	302	5	80	25	5	159	18	17	157	61	18	21	21	9	12	200	64	19	16	23	27	68	42	24	18	25	26	45	19	23	11	9	10	10	22	46	10	4	55	8	12	191	11	1	76	47	64	8	150	60	37	107	33	16	30	118	23	29	11	33	119	17	18	38	62	34	7	155	102	7	90	11	30	14	6	9	31	34	43	25	16	13	289	42	29	17	23	14	195	91	2	46	45	200	2	10	28	11	93	42	21	15	13	2	19	4	27	9	69	6	121	243	426	84	22	12	32	54	13	18	22	5	14	16	3	13	113	19	51	23	16	69	38	75	8	15	6	16	23	3	3	174	21	25	35	30	25	35	24	64	23	93	9	1	16	30	158	80	16	2	18	17	15	37	9	7	56	59	2	8	5	2	44	424	27	180	2	53	10	2	16	2	19	34	26	4	9	21	54	34	25	2	30	11	24	9	17	15	20	5	7	68	49	6	19	71	38	68	444	196	49	13	21	12	15	68	14	41	3	90	14	12	13	54	42	21	6	113	21	2	40	236	15	7	34	8	16	69	71	52	3	27	31	13	16	77	13	29	20	4	5	28	30	18	40	29	78	28	107	5	87	11	9	11	11	5	10	185	16	26	25	11	23	47	10	30	81	44	60	115	164	3	27	10
GATAD1	13	8	5	186	54	25	24	149	125	19	594	885	46	232	80	23	307	270	36	9	46	74	182	13	72	189	175	16	39	260	111	181	112	97	253	19	341	50	116	25	34	40	28	45	7	24	83	412	55	93	104	183	20	43	45	14	49	497	46	94	108	1	130	179	93	178	98	340	150	281	80	125	156	548	268	187	223	56	8	427	32	39	139	271	160	121	42	8	18	24	16	42	215	17	446	72	40	10	18	24	48	94	524	932	5	2	3051	57	41	8	126	10	250	343	134	2	36	5	105	32	376	547	268	76	6	14	152	130	25	11	35	2	246	321	20	181	18	24	119	146	619	198	14	47	109	21	122	391	25	553	126	195	96	33	41	128	14	121	20	8	14	366	1186	15	603	286	219	232	7	52	147	172	65	64	31	215	110	490	623	72	143	20	455	14	107	8	5	434	200	75	36	88	22	139	140	125	188	16	265	92	6	40	22	275	101	9	110	134	30	34	219	224	347	327	351	101	104	84	53	26	106	39	17	15	65	108	13	40	19	12	16	196	96	145	149	151	104	345	12	161	41	375	19	10	15	78	167	5	11	7	143	57	77	7	30	29	700	59	492	39	101	18	296	391	510	29	106	24	17	28	40	1	8	21	46	10	390	17	89	87	316	10	26	47	81	174	39	10	47	139	83	99	209	249	911	46	5	5	126	19	31	10	186	246	72	368	63	6	85	109	98	125	63	105	16	8	225	60	91	87	186	106	496	69	111	13	16	79	99	383	264	71	170	58	40	3	16	42	27	58	21	27	220	334	346	124	319	916	81	197	82	431	63	28	30	77	122	113	146	169	58	62	1	60	196	134	195	103	70	32	732	416	116	34	21	49	37	147	124	122	9	384	99	53	26	29	9	145	14	77	60	54	41	76	35	49	52	137	45	36	15	152	141	30	3	73	17	90	31	70	65	30	26	120	179	369	365	328	38	466	171	44	118	137	14	89	181	13	19	70	359	6	40	16	9	233	166	107	50	187	1	47	12	42	27	123	24	177	35	122	190	134	121	170	122	61	101	92	38	60	89	10	41	80	227	152	92	117	169	51	52	17	15	45	20	86	12	14	289	139	238	122	48	145	144	129	355	77	42	41	2	98	230	151	167	34	9	181	41	55	159	7	48	232	164	14	64	7	6	434	44	137	249	4	53	46	166	129	12	89	233	137	14	60	107	269	64	73	5	99	20	151	56	75	97	616	40	16	352	89	25	249	263	187	105	11	259	64	93	193	9	256	20	4	17	13	141	20	53	79	434	179	85	11	39	113	13	133	62	76	37	145	25	58	33	226	106	15	136	111	55	14	268	44	21	113	45	36	46	168	115	228	169	387	88	256	20	83	79	74	118	13	31	5	32	67	208	158	50	48	139	16	52	87	56	253	118	149	9	77	276
GATAD2A	70	55	984	85	28	18	26	59	119	1561	117	285	2578	88	259	20	89	634	367	97	30	43	66	14	34	73	80	1077	31	106	74	128	139	33	302	31	317	50	278	1601	600	1054	25	21	10	15	25	289	28	18	5	92	17	32	32	49	712	123	19	24	157	740	40	151	24	37	30	38	21	522	23	34	164	71	874	83	73	14	859	486	226	18	246	573	73	239	26	223	639	1065	1710	1802	133	1016	722	1062	44	1164	1262	371	68	79	35	73	507	502	57	6837	761	589	38	14	56	26	12	3	18	6	43	37	78	689	1491	31	284	193	55	125	422	1405	472	2	137	93	529	533	1097	329	767	314	247	236	18	59	274	55	28	648	26	544	28	50	37	1166	28	44	30	128	324	207	265	117	135	231	147	249	231	68	618	27	110	64	21	27	19	165	65	98	91	20	1207	842	97	17	38	28	3	312	113	1234	411	336	335	484	283	260	205	23	724	1024	7	422	82	228	214	12	40	61	29	14	46	85	121	387	104	47	112	44	32	485	101	396	1669	12	24	45	46	20	381	17	1114	65	432	15	19	21	212	304	24	38	27	147	348	11	579	14	54	534	293	13	376	21	30	1471	16	19	29	749	50	31	693	16	199	561	359	687	129	40	18	17	59	862	14	1190	31	23	634	936	43	72	448	596	15	19	56	89	195	92	457	523	1392	39	1180	64	443	114	5	1	492	399	296	398	48	672	1131	143	35	17	271	73	206	70	74	91	1438	1482	44	25	105	12	44	340	91	156	30	69	24	72	267	80	819	7	799	383	139	678	1063	1120	16	302	110	17	670	97	90	518	179	66	23	51	26	53	666	263	47	32	31	34	121	77	72	46	129	37	75	66	95	37	46	23	80	82	176	27	23	137	19	38	437	109	11	249	209	186	56	357	176	82	291	129	65	78	318	43	61	31	135	456	34	24	29	78	70	22	324	233	26	250	29	89	29	5	39	77	94	150	89	45	15	839	122	39	61	40	45	476	210	15	277	248	620	7	33	104	74	193	123	27	38	11	7	33	21	122	18	99	24	276	868	1449	192	69	39	70	128	26	41	43	27	34	32	10	74	334	52	66	58	32	262	202	301	37	86	25	79	62	12	14	602	47	111	82	102	50	73	65	234	41	359	29	2	41	56	421	201	54	13	53	90	33	54	63	24	212	155	15	26	30	7	162	778	55	376	7	113	8	18	37	14	32	69	82	19	18	57	177	80	49	6	58	36	59	34	26	44	90	20	17	275	123	3	53	174	108	118	874	650	106	23	57	47	72	453	54	146	13	311	21	27	34	190	141	76	49	167	26	15	80	610	23	22	66	20	48	175	183	85	17	80	56	52	120	208	21	74	36	14	27	59	67	46	89	57	258	49	343	19	219	36	30	25	25	21	53	475	38	53	53	32	41	120	26	101	218	87	130	264	413	13	53	50
GATAD2B	28	32	396	66	32	14	26	54	126	641	101	142	758	237	164	7	50	287	111	26	30	30	200	5	37	134	135	382	29	132	60	108	155	41	171	60	169	90	187	464	190	322	27	34	2	12	73	138	42	43	3	121	12	20	33	19	343	89	20	48	85	372	51	70	42	39	26	51	19	326	54	61	139	44	312	69	60	13	382	233	139	31	134	228	58	213	23	78	212	374	559	547	125	471	284	433	36	390	540	188	65	79	19	73	196	249	41	761	2685	284	72	4	104	43	12	1	11	2	39	32	66	412	551	57	151	78	67	92	158	461	229	1	57	127	257	248	407	190	276	210	189	163	12	39	190	21	61	286	23	245	58	105	72	519	34	25	18	81	170	82	93	95	90	108	123	189	135	114	262	27	75	87	27	42	9	120	38	80	75	41	456	399	63	7	51	14	2	181	156	523	238	197	167	274	169	185	134	7	347	394	2	204	54	228	181	2	120	69	28	17	69	76	83	163	109	26	97	33	16	363	69	259	566	5	37	38	14	21	125	11	370	98	253	13	13	9	162	256	17	59	22	101	151	2	246	10	62	180	128	5	182	21	43	565	5	16	32	359	69	28	390	11	331	332	255	262	56	26	8	17	64	409	12	451	35	9	310	380	49	45	327	281	18	9	29	96	117	41	183	235	473	83	590	129	214	76	1	4	310	155	129	196	77	339	427	126	34	6	209	60	152	55	70	80	438	567	37	22	71	5	44	148	119	98	65	48	12	48	184	81	493	15	451	247	101	296	471	353	19	99	50	20	272	71	69	210	102	57	44	52	35	45	264	89	43	29	83	76	92	109	46	22	70	43	87	100	56	22	37	19	55	128	93	14	12	87	30	51	233	31	2	159	86	90	12	204	80	103	151	87	39	60	177	33	54	17	96	228	29	16	17	88	51	18	175	134	14	166	12	62	38	6	21	96	92	145	90	88	46	423	100	50	41	75	12	242	177	4	120	113	370	5	26	34	24	117	91	47	53	10	3	39	11	73	14	103	23	162	438	673	144	64	62	78	99	40	54	44	25	40	39	3	36	182	92	85	75	51	165	88	167	21	25	24	28	55	4	19	276	55	35	75	63	76	76	75	160	33	112	32	1	44	103	268	148	54	4	58	46	55	110	15	24	147	123	8	33	7	2	132	403	59	216	3	103	18	22	48	4	59	130	84	13	25	55	159	60	64	2	101	32	76	28	47	36	114	18	15	163	88	7	81	126	118	110	442	288	70	48	69	16	73	157	30	39	7	202	17	44	42	209	120	61	14	133	53	6	93	337	37	9	157	16	26	115	147	104	6	96	91	29	34	173	32	49	73	22	22	38	64	68	128	56	196	56	169	30	142	53	37	34	15	12	28	251	46	85	71	34	58	136	12	62	146	60	163	204	231	4	56	48
GFI1	23	10	404	19	9	16	14	16	47	619	26	47	677	25	82	11	42	172	77	31	16	15	17	10	20	19	17	388	14	28	25	26	72	15	120	20	53	26	111	406	120	245	14	13	7	12	14	126	15	12	5	33	15	14	17	20	315	10	14	10	55	252	17	25	18	16	15	13	12	222	14	13	42	12	232	40	23	12	275	96	81	15	80	123	17	97	17	73	168	376	610	552	37	426	195	291	28	413	490	208	20	26	4	7	286	259	8	589	284	3125	12	11	16	1	2	3	12	6	12	20	19	298	459	14	229	42	17	24	130	552	461	4	37	11	235	175	376	95	218	135	51	93	19	35	141	26	14	114	16	108	15	14	20	498	16	16	25	39	124	92	76	15	23	108	17	55	48	18	162	15	29	16	15	17	12	36	19	14	15	12	387	342	29	12	15	12	4	61	17	357	153	109	130	189	103	98	44	14	188	338	7	132	25	101	33	10	18	19	16	11	15	18	20	117	14	19	48	15	14	157	60	175	477	9	14	20	17	13	120	11	334	20	151	6	9	7	135	105	17	13	18	61	146	10	176	1	16	188	114	7	72	13	16	505	4	12	11	364	5	22	331	13	50	188	105	241	31	12	13	13	31	313	14	395	22	18	159	337	23	24	161	350	15	11	24	31	103	40	142	110	398	13	363	19	81	48	5	2	176	168	119	174	14	203	299	39	13	13	130	25	89	21	39	31	442	557	10	13	38	3	17	121	22	54	15	13	9	24	106	13	316	1	356	155	68	346	485	381	13	102	43	15	183	18	15	153	57	9	15	18	14	15	193	92	26	15	13	16	45	28	27	18	29	21	19	6	21	8	17	19	13	14	37	12	11	39	2	12	181	21	7	63	72	74	13	153	85	20	131	32	27	27	134	14	15	13	37	87	18	12	12	19	19	13	182	80	17	84	14	31	14	1	13	30	25	41	14	7	13	225	31	24	16	17	19	152	55	12	89	80	230	6	20	38	47	41	33	12	20	4	2	17	16	59	14	42	15	100	306	423	69	27	13	23	51	15	13	14	14	16	17	6	24	112	11	22	20	18	86	55	109	15	29	16	26	26	10	12	114	16	25	22	39	18	31	26	45	19	161	19	4	11	14	162	56	21	13	21	30	13	14	31	16	28	49	14	18	16	5	36	421	21	113	3	67	2	3	14	11	15	17	23	13	9	20	53	33	18	5	15	23	18	19	14	14	19	11	14	44	47	1	11	51	43	72	486	153	58	14	16	19	13	98	23	34	13	112	10	13	17	20	30	20	25	121	16	12	27	239	14	13	26	15	20	41	46	30	13	24	20	12	66	58	14	43	15	6	15	31	19	20	23	19	46	19	65	14	97	21	13	14	20	15	20	196	18	12	17	18	23	44	15	25	77	45	30	110	105	11	19	15
GLI4	8	24	11	164	48	28	55	179	152	23	170	240	52	266	110	43	25	122	37	12	87	84	231	22	109	217	415	32	61	234	139	138	125	132	122	46	159	65	144	20	28	25	50	74	11	49	129	55	120	209	12	206	43	18	77	19	69	236	60	101	99	6	122	115	123	112	90	106	61	208	138	157	147	94	120	75	110	53	19	230	38	97	84	102	127	139	62	16	19	13	12	25	220	21	122	70	74	13	30	47	66	105	74	203	9	17	126	38	72	12	1405	26	225	154	32	3	54	9	65	65	138	180	111	139	8	25	128	129	21	15	38	3	88	224	34	93	17	38	52	163	231	184	34	75	131	24	281	212	57	174	160	214	114	47	93	84	34	152	29	17	20	196	206	20	243	193	136	279	13	72	118	159	88	110	38	199	92	176	182	119	79	35	99	32	103	10	4	255	198	93	81	77	36	123	136	157	194	37	114	61	11	50	62	304	140	18	140	170	67	38	190	206	188	108	236	97	138	101	51	35	72	56	25	20	130	159	16	58	30	29	16	239	104	44	38	36	146	200	22	150	77	85	14	20	13	36	180	12	18	7	121	77	122	10	10	57	103	67	248	56	97	53	258	144	242	32	57	28	42	48	75	4	12	35	84	14	176	19	122	74	220	21	56	13	61	153	40	17	43	91	63	146	184	216	263	101	5	3	100	23	35	25	145	129	83	253	144	3	107	161	103	110	81	194	21	18	89	79	96	19	109	78	259	76	167	17	10	60	79	208	122	21	184	94	56	5	16	25	58	47	57	56	97	136	144	92	135	157	106	129	107	152	62	15	43	108	174	138	105	160	61	46	1	91	184	171	81	34	97	48	163	276	124	38	33	73	43	83	129	33	10	148	81	52	14	45	14	137	27	80	67	111	103	89	47	52	77	131	70	44	26	101	109	42	6	59	31	121	53	109	120	9	25	137	175	235	258	218	78	275	101	93	84	150	20	70	207	21	21	45	149	12	78	30	10	158	226	119	119	38	1	82	38	73	36	146	51	132	54	117	190	137	177	204	181	102	145	114	67	111	102	20	40	94	418	198	135	144	155	61	57	36	24	93	29	107	18	41	174	156	85	242	38	309	127	181	203	71	19	72	2	72	466	109	200	67	21	233	64	127	176	5	86	199	184	43	87	11	8	287	75	143	172	3	65	20	44	114	33	185	490	157	29	61	145	207	96	149	8	189	56	132	83	101	52	204	56	49	222	102	7	387	206	235	149	29	151	63	125	153	10	121	22	5	14	37	107	36	81	139	531	154	132	15	85	187	19	191	70	71	48	167	49	37	56	181	178	37	183	178	52	6	220	98	52	174	58	70	59	166	169	372	259	211	135	182	61	96	141	105	101	40	32	4	58	109	446	181	101	119	187	19	87	89	71	223	113	153	15	115	115
GLMP	2	11	10	40	13	16	42	34	29	2	20	32	24	29	27	38	1	35	30	10	38	44	30	18	35	24	23	14	18	46	43	7	20	36	25	17	26	28	38	4	13	2	24	31	10	34	30	2	40	19	6	26	28	4	39	19	32	10	24	22	39	2	17	14	31	18	31	11	28	34	31	31	24	5	35	25	39	28	12	42	20	37	22	14	41	38	39	15	13	6	5	12	36	8	33	31	34	8	13	18	4	21	2	6	7	2	10	14	4	11	26	107	34	2	2	3	38	8	10	24	38	16	35	45	8	13	30	22	15	13	27	3	42	8	10	21	2	17	25	32	27	44	28	42	38	16	32	39	28	35	34	33	38	25	42	34	31	33	18	17	18	17	19	11	23	26	41	33	8	18	50	37	30	35	25	47	29	14	23	37	25	8	1	40	37	9	4	13	31	20	33	11	24	30	25	42	6	50	35	37	10	21	40	41	13	22	25	45	32	22	35	38	35	25	21	30	26	45	25	17	21	22	22	15	42	20	15	23	15	15	5	43	39	2	2	2	43	6	20	34	33	5	9	22	4	1	29	2	13	6	15	29	33	5	1	38	15	4	3	34	22	47	28	6	33	25	20	8	33	36	39	1	2	25	26	12	23	11	35	25	27	16	27	5	30	31	23	15	21	14	29	26	46	33	28	45	5	1	12	15	32	15	21	45	17	31	28	2	30	36	30	27	36	19	13	4	10	29	43	3	16	13	27	30	48	3	2	42	15	7	9	1	22	19	35	1	4	16	42	17	36	31	17	15	14	41	40	10	34	28	29	23	38	12	19	35	35	34	29	30	28	26	1	37	50	6	7	1	50	43	24	15	39	29	29	30	1	19	38	19	9	38	44	21	11	13	13	29	16	21	29	29	39	44	13	44	27	30	23	16	15	12	47	30	6	28	22	37	45	47	32	1	11	30	36	17	5	4	32	23	32	37	41	35	16	27	47	27	6	8	21	9	26	27	5	42	11	43	32	1	1	34	25	33	27	41	24	34	19	34	44	25	35	30	48	35	37	40	34	33	45	8	17	34	25	33	27	31	27	17	5	42	26	32	19	29	15	27	43	35	28	17	19	21	16	27	21	27	4	40	2	12	29	22	45	46	24	16	45	38	33	2	35	27	22	32	42	12	8	25	21	32	40	2	15	2	2	27	45	36	23	31	22	20	37	19	46	52	7	38	28	22	18	32	15	29	17	28	45	42	1	12	41	44	36	9	33	33	36	23	3	31	20	4	4	35	25	14	34	34	5	28	45	17	20	34	15	41	22	22	31	31	43	14	20	29	39	33	25	42	17	4	42	42	23	29	6	32	38	35	33	21	23	24	44	48	27	33	34	37	27	24	17	2	29	36	29	36	43	35	40	13	20	13	33	34	27	52	16	38	20
GLYR1	16	34	11	271	147	35	94	320	228	33	320	471	98	477	183	61	39	188	69	17	160	116	438	22	172	716	388	50	103	402	220	227	197	206	230	57	230	74	281	28	42	41	69	166	10	81	201	62	207	175	24	337	62	84	135	26	106	329	78	387	107	9	178	164	204	161	159	185	123	311	410	238	305	156	236	77	172	74	25	506	79	141	167	220	240	240	98	17	43	32	25	53	291	17	187	127	99	18	40	67	50	179	92	354	8	23	250	56	104	16	225	34	2641	188	66	3	79	9	137	85	264	345	217	251	10	53	248	194	27	19	52	3	132	464	59	121	24	67	70	288	507	299	39	143	231	27	275	364	78	315	490	728	233	69	148	127	48	323	49	21	30	366	333	29	509	327	193	532	17	81	180	296	134	149	58	395	129	326	271	224	152	64	131	51	145	12	9	489	470	165	114	127	41	163	228	336	366	70	190	79	13	75	103	569	281	26	244	286	89	68	374	414	383	166	446	111	244	169	85	68	83	53	35	19	232	106	16	66	52	36	26	405	136	80	54	48	223	385	25	345	119	129	30	24	21	75	266	3	15	8	252	95	205	26	18	88	179	122	389	92	158	77	473	243	431	46	95	40	51	87	143	2	28	80	103	15	333	32	198	138	286	24	91	17	79	274	42	15	63	209	116	492	334	421	546	161	5	3	115	19	48	51	300	173	192	307	106	5	116	173	158	95	118	117	30	24	158	88	114	41	190	147	708	101	330	17	37	120	102	341	196	58	300	170	77	6	33	40	97	61	77	92	257	327	295	182	237	242	193	169	149	193	122	31	63	155	564	274	161	312	66	123	2	120	329	347	199	47	262	68	245	515	231	58	49	108	114	190	205	54	15	309	144	91	35	58	17	481	28	125	99	148	182	142	74	90	158	245	91	87	33	181	160	62	6	61	43	191	83	168	173	20	26	217	283	359	454	413	117	516	209	170	168	318	15	87	336	27	43	103	215	13	93	35	13	250	128	252	225	75	1	128	40	114	57	246	65	185	90	202	228	170	275	309	250	156	264	153	89	159	159	17	65	119	335	304	251	217	199	80	75	66	29	107	37	167	20	63	344	257	132	159	50	218	217	291	266	130	19	117	2	109	381	135	297	150	22	127	117	199	394	8	143	452	305	59	137	14	8	354	97	198	248	6	102	60	82	259	44	317	415	267	32	95	249	364	155	244	10	327	78	248	87	176	72	407	86	66	425	182	19	262	249	390	235	51	259	73	238	269	13	239	27	7	18	54	165	52	151	219	594	335	232	18	105	275	17	308	112	157	55	290	61	74	94	281	307	48	294	315	93	21	377	162	55	358	102	69	93	205	275	316	161	377	200	331	119	149	170	185	174	57	46	6	67	166	352	268	157	218	419	22	115	145	84	418	139	233	15	179	174
GMEB1	14	11	1	107	41	9	16	111	112	14	284	428	33	210	76	10	129	169	21	10	45	36	170	4	57	180	247	20	27	202	81	107	98	59	142	13	150	27	95	18	23	33	10	35	1	9	67	212	49	117	32	165	9	27	30	5	22	278	33	70	63	1	134	168	54	160	70	210	87	181	72	72	166	270	147	86	115	27	3	264	26	28	84	153	85	96	12	2	13	19	12	22	133	16	196	41	17	6	11	7	48	87	166	439	1	11	343	26	43	1	154	2	188	2069	322	1	19	2	65	22	170	236	115	62	3	8	116	110	22	4	11	1	117	211	22	82	8	13	67	116	437	141	10	37	72	14	170	217	22	304	101	170	72	16	24	51	3	84	15	2	10	179	391	6	302	159	103	181	2	41	85	147	28	50	13	154	76	204	265	61	68	11	255	5	54	2	1	311	198	58	28	56	14	100	120	109	193	6	139	36	3	23	14	212	90	2	90	93	17	9	132	149	206	183	258	51	112	53	30	18	98	20	3	4	57	95	4	23	12	6	21	154	59	110	102	102	67	245	1	123	28	206	15	2	7	53	110	6	5	1	123	45	52	5	30	16	195	42	267	22	75	11	221	223	372	11	68	22	13	15	32	1	5	14	43	3	206	11	75	63	203	5	13	28	46	124	10	1	29	92	39	107	158	191	483	32	1	1	84	10	18	7	117	100	72	210	61	3	63	90	70	84	52	103	7	8	168	35	46	56	177	100	371	44	70	12	8	29	55	238	158	47	137	47	15	2	13	21	13	46	11	16	152	233	249	84	167	462	45	109	41	178	31	11	18	55	124	102	76	128	28	37	1	46	109	120	132	46	50	24	329	305	75	14	7	33	104	124	86	85	4	221	61	28	6	23	2	121	4	50	35	39	40	35	29	21	37	89	26	30	14	112	62	10	1	30	7	73	26	55	38	24	18	73	124	215	272	234	26	291	137	28	84	102	6	42	134	4	23	33	202	3	21	6	5	120	143	66	54	192	1	31	5	17	16	88	18	93	23	91	138	73	91	129	101	44	76	61	16	45	53	7	35	48	251	136	87	66	109	49	40	4	3	21	7	59	3	9	154	92	109	133	16	137	91	112	189	55	19	22	1	50	278	72	127	30	1	147	42	36	116	8	29	147	137	5	38	1	1	237	25	105	137	2	24	38	64	75	5	80	293	109	1	25	63	182	39	65	1	86	11	88	51	62	43	309	24	10	204	62	19	256	171	120	69	12	135	20	62	107	6	164	5	3	19	7	76	17	44	61	497	118	65	1	27	95	4	108	38	56	19	107	12	40	29	142	107	3	122	108	23	11	165	28	11	112	29	22	22	121	104	227	154	237	72	140	15	60	42	50	58	8	16	7	20	46	254	108	30	45	105	14	65	69	17	157	78	90	1	49	148
GMEB2	5	3	2	39	13	6	9	41	29	7	96	154	13	71	20	5	53	69	6	5	17	14	64	3	21	59	61	11	14	67	31	39	28	25	54	5	54	7	31	9	12	18	6	12	2	5	24	87	20	28	15	52	3	13	9	2	9	102	15	26	23	1	48	56	22	64	29	77	45	66	29	24	62	91	61	31	40	11	2	105	9	12	29	53	27	40	5	2	5	7	2	9	43	4	85	15	6	2	7	6	9	29	44	142	1	3	134	12	12	2	32	2	66	322	667	1	8	2	19	7	61	71	48	17	2	4	43	36	7	3	4	1	44	77	7	27	5	7	31	29	170	41	4	11	26	6	42	82	4	114	40	55	29	5	10	22	2	24	5	2	4	68	143	4	108	56	36	59	2	12	34	57	14	15	5	60	29	81	111	21	24	5	79	3	22	2	2	113	68	15	9	12	6	29	36	38	67	5	51	16	2	13	7	70	25	3	32	30	8	4	48	61	88	70	101	19	38	23	8	7	37	7	3	2	24	25	3	10	8	4	9	55	22	33	31	35	28	84	2	49	8	72	8	2	4	9	43	4	4	2	42	12	15	3	7	4	73	8	98	7	24	4	74	80	138	7	23	6	6	8	9	1	4	6	11	3	78	8	27	28	70	2	9	8	17	43	6	2	13	35	19	42	48	73	172	16	2	1	23	6	9	2	42	40	27	62	18	2	22	25	22	25	24	24	6	2	87	12	24	18	69	40	146	19	24	3	6	13	20	97	51	19	40	18	3	1	5	6	9	15	5	7	55	97	106	34	52	157	13	33	13	59	14	7	9	17	52	39	32	39	10	12	1	21	45	38	46	15	21	12	151	103	28	6	4	12	59	50	31	35	2	90	28	8	5	8	3	53	3	14	12	14	17	19	11	6	13	27	5	7	4	35	20	4	2	11	3	22	9	22	15	9	9	26	49	70	93	76	11	102	55	13	39	33	3	16	43	3	8	11	69	3	10	4	5	44	33	30	18	60	1	17	4	8	7	29	8	28	7	39	39	33	30	41	37	15	26	18	5	17	23	4	10	16	59	51	31	29	37	25	11	3	4	10	4	16	3	4	58	36	40	32	7	31	25	37	65	19	5	13	1	14	68	19	38	14	2	37	22	11	39	4	12	54	36	2	17	2	2	82	11	30	52	1	7	17	29	30	4	27	71	30	2	11	18	61	20	21	2	25	5	32	12	18	12	103	8	4	77	23	6	59	51	38	27	3	51	10	24	38	4	66	4	3	7	6	25	7	17	19	131	34	23	2	12	34	4	34	15	16	8	30	5	18	15	51	34	3	37	33	12	4	53	13	4	42	8	13	7	44	36	53	37	74	18	49	6	21	19	18	22	3	10	3	7	16	59	33	11	15	38	7	21	15	9	54	36	32	2	21	60
GPBP1L1	1	3	2	3	3	3	3	3	3	1	3	3	3	3	3	3	1	3	3	2	3	3	3	3	3	3	3	3	3	3	3	2	3	3	3	3	3	3	3	1	3	1	3	3	3	3	3	1	3	2	3	3	3	1	3	3	3	3	3	3	3	1	2	3	3	3	3	1	3	3	3	3	3	2	3	3	3	3	3	3	3	3	3	3	3	3	3	3	3	2	2	3	3	2	3	3	3	3	3	2	2	3	1	2	2	1	2	3	1	3	3	3	3	1	1	5	3	2	3	3	3	2	3	3	2	3	3	3	2	3	3	2	3	3	2	3	1	3	3	3	3	3	3	3	3	3	3	3	3	3	3	3	3	3	3	3	3	3	3	3	3	3	3	3	3	3	3	3	3	3	3	3	3	3	3	3	3	3	3	3	3	3	1	3	3	2	2	1	3	3	3	3	3	3	3	3	1	3	3	3	2	3	3	3	2	3	3	3	3	3	3	3	3	3	2	3	3	3	3	3	3	3	3	3	3	2	3	3	3	3	2	3	3	1	1	1	3	2	3	3	3	1	3	3	1	1	3	1	3	3	3	3	3	1	1	3	3	2	1	3	3	3	3	2	3	3	3	2	3	3	3	1	1	3	3	3	3	3	3	3	3	3	3	2	3	3	3	3	3	2	3	3	3	3	3	3	2	1	3	3	3	3	2	3	3	3	3	1	3	3	3	3	3	3	3	1	3	3	3	1	3	3	3	3	3	1	1	3	3	2	3	1	3	3	3	1	1	3	3	3	3	3	3	3	3	3	3	2	3	3	3	3	3	3	3	3	3	3	3	3	3	3	1	3	3	2	2	1	3	3	3	2	3	3	3	3	1	3	3	3	2	3	3	3	2	3	3	3	3	3	3	3	3	3	3	3	3	3	3	3	3	3	3	3	3	3	3	3	3	3	3	1	3	3	3	3	1	1	3	3	3	3	3	3	3	3	3	3	1	2	3	2	3	3	2	3	2	3	3	1	1	3	3	3	3	3	3	3	3	2	3	3	3	3	3	3	3	3	3	3	3	2	2	3	3	3	3	3	3	3	2	3	3	3	3	3	3	3	3	3	3	3	3	3	3	3	3	3	3	3	1	2	3	3	3	3	3	2	3	3	3	1	3	3	3	3	3	3	2	3	3	3	3	2	3	1	1	3	3	3	3	3	3	3	3	3	3	3	2	3	3	3	3	3	3	2	3	3	3	3	1	2	3	3	3	2	3	3	3	3	1	3	3	2	2	3	3	3	3	3	1	3	3	3	3	3	3	3	3	2	3	3	3	3	3	3	3	3	3	3	2	1	3	3	3	3	1	3	3	3	3	3	3	3	3	3	3	3	3	3	3	3	2	1	3	3	3	3	3	3	3	3	2	3	3	3	3	3	3	3	3
GPN1	2	14	10	102	23	18	64	87	48	3	41	82	38	73	42	61	7	72	42	10	59	68	78	22	67	58	57	19	28	91	85	34	44	66	57	25	63	37	65	4	13	2	32	60	10	54	62	11	74	50	8	54	40	8	69	24	46	47	35	44	49	2	34	30	65	28	60	31	49	62	64	64	51	19	68	26	61	39	13	109	25	65	32	30	101	54	61	15	15	6	5	18	61	9	57	55	50	8	16	29	7	36	11	37	7	4	36	18	11	12	54	38	79	19	8	3	277	9	16	30	70	49	70	85	8	13	53	44	14	13	37	3	76	35	13	23	2	18	37	59	85	82	31	70	77	18	74	87	45	79	76	76	69	32	74	61	44	62	22	18	19	48	64	12	82	66	72	91	8	25	84	63	51	69	39	110	55	43	57	69	46	8	11	53	60	9	4	54	60	35	57	27	31	46	48	86	38	67	61	52	10	28	61	97	35	28	56	75	56	27	85	109	90	48	64	61	47	90	35	24	28	28	28	16	84	38	15	32	16	22	5	90	64	6	8	8	92	36	19	82	58	16	9	24	6	8	65	2	13	6	29	44	53	7	4	59	33	7	40	54	37	49	70	22	65	32	31	11	56	57	58	1	1	32	37	12	65	11	66	48	51	18	49	5	49	68	30	15	29	36	43	55	90	74	75	68	5	1	22	18	38	19	35	79	38	57	47	1	39	56	47	36	48	35	15	5	26	43	66	8	33	20	83	39	92	4	3	88	19	38	21	3	45	32	56	1	5	16	68	22	52	51	39	50	52	69	75	32	66	42	47	50	65	13	21	57	81	68	67	55	46	31	1	52	107	29	19	4	75	57	62	61	70	49	38	48	12	42	58	27	9	80	88	23	14	16	13	63	17	27	43	50	68	90	16	80	49	61	33	29	20	25	77	37	6	40	31	55	72	78	53	4	12	58	69	50	38	39	63	79	55	69	95	68	16	38	86	26	6	13	41	9	40	34	5	85	28	78	54	6	1	54	29	42	35	74	33	71	27	48	71	46	68	58	96	49	70	68	48	62	82	10	23	54	65	66	57	62	53	25	8	46	29	59	21	54	15	36	101	63	58	33	25	48	30	63	46	42	4	66	2	18	72	35	78	59	23	35	52	68	64	2	59	83	48	44	68	11	8	50	32	50	81	3	24	8	7	44	44	77	66	56	24	30	73	48	81	84	9	77	38	45	31	55	20	68	31	40	112	77	2	34	67	90	63	11	70	43	68	36	3	69	21	4	6	41	45	25	47	65	51	58	78	17	30	70	15	72	34	31	59	65	41	22	29	54	79	44	64	82	39	3	71	87	30	71	15	43	49	72	65	53	46	45	69	102	36	50	62	68	41	39	22	2	35	63	74	67	75	70	85	14	26	19	44	65	41	90	17	61	39
GRHL1	1	7	6	11	9	8	9	10	11	2	8	10	8	11	8	9	1	10	8	7	10	10	11	8	11	9	9	6	9	11	10	5	10	9	10	7	10	11	10	3	5	2	9	11	5	9	11	2	9	9	5	10	11	2	9	8	9	6	8	9	9	2	9	5	9	9	10	5	9	9	9	10	7	4	9	8	10	9	8	10	9	9	9	6	10	10	11	7	6	6	5	7	10	5	9	10	8	4	6	9	4	10	1	3	4	3	5	6	2	6	9	8	9	2	2	2	9	21	7	9	10	8	9	10	5	7	9	7	7	5	8	3	10	4	8	7	2	8	9	11	8	10	11	11	10	6	10	10	10	10	9	9	11	9	9	8	11	9	8	9	8	8	8	8	8	10	10	9	6	8	10	9	8	9	8	10	9	6	8	9	9	5	3	9	10	6	4	4	9	8	10	6	9	9	8	9	3	8	10	10	5	8	10	9	7	7	11	10	10	7	9	9	10	10	8	9	10	9	8	9	9	8	7	8	9	9	7	8	6	8	4	9	10	1	3	3	10	8	8	9	10	3	6	7	3	1	10	2	6	4	6	9	9	4	1	9	5	4	2	11	9	8	11	5	10	7	7	4	10	9	11	1	1	8	9	7	10	6	11	9	11	8	9	4	8	10	8	5	8	6	9	10	8	9	9	10	3	1	7	6	8	9	8	10	8	9	10	1	10	8	10	9	11	9	6	2	5	9	9	2	8	5	10	8	9	3	1	10	7	5	6	1	8	9	10	1	4	6	10	8	10	9	6	7	7	9	11	6	11	10	8	8	9	5	9	8	9	10	10	11	9	8	1	11	10	3	5	1	9	9	8	7	9	8	8	9	1	10	9	7	6	10	9	8	6	7	6	9	8	8	8	9	9	9	7	10	9	9	8	11	8	7	10	9	4	8	9	10	10	10	9	1	5	9	9	9	1	1	11	9	9	9	9	9	8	9	10	8	4	7	8	6	9	8	4	10	6	10	10	1	1	10	9	8	9	11	8	10	8	10	9	10	8	10	10	9	9	9	8	9	10	7	5	10	9	10	9	10	9	7	5	8	8	9	8	10	8	8	10	9	8	8	7	7	8	10	9	10	3	9	1	7	9	8	10	11	8	6	10	10	9	2	10	9	9	9	9	7	7	9	10	8	10	2	8	2	3	9	8	9	8	9	8	7	9	10	10	11	8	9	9	8	8	10	8	8	7	9	10	11	2	6	10	9	8	8	10	10	10	8	1	9	7	3	4	8	8	10	9	10	2	9	9	7	8	9	8	10	8	9	9	11	9	6	9	9	11	9	9	10	6	2	10	9	8	9	2	8	11	9	8	9	8	10	9	10	8	8	9	9	8	11	7	2	10	9	9	10	9	9	10	8	8	7	9	10	11	10	6	10	9
GTF3A	16	22	10	92	51	18	22	74	87	25	95	178	40	121	90	18	22	86	20	6	94	46	111	11	43	158	111	31	29	102	55	79	70	44	96	18	111	27	89	20	17	17	22	42	6	15	64	38	43	46	14	102	16	12	26	9	28	109	46	77	45	21	55	66	47	45	42	50	31	116	75	69	81	65	83	36	57	17	29	153	32	34	52	80	73	70	23	12	19	24	28	32	95	15	82	47	30	13	31	23	32	158	39	127	7	17	105	43	39	12	65	10	137	65	19	3	16	7	1011	31	94	135	104	56	11	26	137	67	18	16	31	2	44	258	51	77	17	34	40	87	149	82	14	37	66	12	77	150	44	124	88	128	62	34	27	56	16	66	29	10	15	118	134	21	147	141	88	132	21	35	59	68	38	30	20	102	51	116	95	54	64	41	42	12	64	8	5	130	143	65	51	53	27	69	188	82	101	14	101	47	4	25	17	151	187	9	67	71	18	18	82	103	100	70	114	33	81	42	26	29	39	33	31	14	44	46	10	23	22	12	19	96	62	17	19	17	53	159	11	65	32	81	14	11	14	25	81	4	9	9	87	95	123	37	5	17	77	53	98	28	76	20	147	110	166	18	45	12	16	15	36	11	13	34	89	7	132	26	60	48	129	22	21	14	34	79	17	10	33	80	51	101	104	115	186	32	3	1	84	13	22	23	104	86	76	118	33	9	57	64	72	48	37	48	17	21	53	54	46	8	60	56	157	29	72	24	11	37	55	96	99	18	106	54	44	10	25	26	18	31	18	29	93	86	78	53	91	109	52	76	42	89	44	15	26	49	97	62	68	97	28	34	2	40	99	86	52	17	46	16	85	129	59	21	20	32	14	51	69	25	7	106	42	71	11	29	6	99	17	57	23	50	38	32	96	30	43	102	61	33	20	210	59	14	8	37	26	56	29	35	42	10	11	85	88	136	191	93	30	172	69	35	45	102	9	53	105	10	32	57	87	8	60	18	5	96	66	64	51	19	1	27	12	31	13	71	23	90	74	96	83	70	63	207	65	39	62	55	53	37	37	11	19	38	102	88	146	48	100	34	45	19	11	30	14	116	12	13	137	70	54	72	22	73	212	190	138	47	20	28	1	144	111	68	99	37	9	49	28	42	116	12	36	123	213	17	24	10	5	133	38	185	109	2	47	17	24	80	15	75	136	189	15	34	67	269	39	65	6	82	28	85	42	59	30	109	24	40	138	55	8	108	110	94	72	47	107	35	62	94	8	77	15	7	12	21	73	20	56	139	196	222	48	12	41	108	9	89	39	60	20	92	25	29	44	113	83	13	221	79	27	4	134	31	35	82	28	27	36	80	164	124	71	154	61	126	30	64	51	45	60	19	23	6	28	53	107	69	29	53	101	11	43	138	29	139	54	85	7	48	123
GZF1	5	21	15	68	24	19	38	70	69	23	61	74	46	78	54	32	9	58	31	11	47	42	71	22	56	84	73	29	31	88	61	46	52	51	52	26	72	40	69	23	24	18	29	35	10	31	53	18	55	46	8	75	25	13	34	17	40	62	39	35	44	11	34	39	57	36	33	35	36	76	54	57	54	23	52	31	41	25	21	96	28	44	30	35	53	60	39	20	21	21	28	33	79	15	50	48	38	18	40	26	14	44	12	49	15	7	32	37	32	20	65	24	85	22	7	3	30	9	31	795	54	62	56	58	10	20	43	55	22	20	35	3	46	81	26	41	18	32	40	66	78	68	27	41	53	18	65	85	35	72	67	76	55	42	40	50	25	65	27	19	23	69	60	22	82	84	59	98	13	29	64	50	49	46	28	80	45	64	62	49	50	38	22	28	42	10	4	88	76	49	43	30	28	98	58	65	74	29	60	42	10	37	35	107	60	18	58	66	31	23	68	73	63	46	72	49	61	47	51	35	36	37	34	16	50	36	17	28	19	20	17	89	61	11	7	8	59	70	17	62	36	28	15	20	23	9	74	8	14	7	44	35	52	23	2	27	33	40	45	37	98	31	94	62	85	26	29	13	28	28	48	16	11	35	36	14	73	24	64	40	78	19	31	10	31	59	27	12	32	45	45	60	82	65	77	50	5	1	55	18	29	22	60	55	50	89	45	11	54	65	53	39	42	45	32	25	33	39	46	7	44	32	84	44	71	9	11	39	38	54	49	7	74	42	41	7	18	37	36	32	30	30	58	50	53	53	63	38	48	54	48	54	42	16	27	80	66	67	52	67	28	27	1	45	74	69	35	13	54	32	54	73	48	35	26	38	15	33	109	26	13	57	45	29	15	25	14	54	22	48	40	49	50	47	27	39	36	58	42	27	19	40	60	25	11	34	23	58	38	51	60	3	15	55	60	79	64	64	44	91	52	37	47	74	19	42	81	17	19	36	78	9	39	24	8	72	46	47	51	12	1	39	20	47	24	58	30	58	38	70	87	63	68	70	65	45	57	82	32	47	49	13	28	44	78	68	55	63	116	39	42	31	19	48	20	41	16	25	80	56	42	52	21	62	46	71	90	47	18	33	2	31	81	62	87	45	18	43	36	56	77	5	36	69	68	30	49	11	8	92	35	63	74	2	65	6	15	45	26	75	80	55	19	31	65	69	52	70	9	71	38	59	38	41	34	61	28	30	85	54	2	52	91	86	54	23	70	42	60	56	5	42	22	6	11	31	48	23	43	57	108	68	53	17	50	69	17	75	40	30	29	71	34	22	36	74	68	26	69	64	25	7	84	41	36	59	15	37	37	101	61	67	51	70	56	81	34	59	53	50	40	27	18	3	44	59	82	68	48	47	80	14	39	43	38	85	49	75	15	53	41
HBP1	11	31	16	221	62	24	73	181	167	40	397	547	100	268	133	57	104	225	75	21	96	126	221	24	116	228	215	45	44	313	165	126	132	108	210	37	268	80	201	46	45	49	44	88	10	56	115	147	106	108	39	215	47	28	87	25	77	293	56	112	219	12	146	177	102	162	113	254	168	259	107	128	174	218	209	110	169	53	32	365	47	79	105	185	178	164	82	23	46	45	36	63	203	31	270	130	69	25	43	45	46	108	151	364	11	29	376	78	66	19	138	38	264	170	61	3	70	10	94	54	2001	396	242	142	17	30	139	131	48	29	72	3	202	239	42	139	19	44	115	206	359	225	39	93	151	24	155	329	57	343	152	212	138	60	96	118	45	134	44	26	29	266	414	29	338	274	219	255	21	55	217	168	76	96	45	289	147	290	318	111	135	56	277	58	119	11	4	319	243	131	93	87	46	164	152	199	188	83	245	112	12	79	79	296	137	25	149	175	59	35	198	229	307	252	282	103	122	139	81	52	75	59	53	17	115	113	20	49	29	20	40	251	153	91	82	88	143	282	27	176	75	153	26	24	12	50	156	8	19	6	159	68	109	29	28	64	251	71	244	67	142	54	309	263	388	44	97	38	60	53	89	11	7	67	68	12	298	27	142	104	272	33	48	24	96	197	46	18	65	136	109	138	278	235	582	102	5	1	117	29	58	42	169	230	127	271	91	7	120	123	125	93	103	115	37	39	160	62	122	40	184	136	367	80	161	39	15	112	76	248	208	38	181	92	70	9	26	47	62	63	60	62	191	272	284	162	500	340	123	149	102	237	111	26	55	115	175	163	147	179	63	76	6	98	244	149	132	56	121	67	313	308	171	51	44	68	43	113	183	65	12	261	134	62	21	40	18	170	28	75	74	90	100	127	45	101	91	155	68	47	25	122	171	43	9	96	28	167	83	144	99	12	25	124	188	264	246	207	87	337	154	89	148	167	26	114	216	25	20	71	265	10	55	42	8	253	134	137	102	83	1	78	34	61	43	171	43	186	67	274	216	101	143	183	175	97	132	142	59	111	126	17	47	102	212	187	118	133	166	74	77	51	33	66	27	103	18	35	304	141	158	114	46	146	141	153	266	103	29	85	2	77	235	133	211	80	24	138	86	102	194	7	94	221	178	38	95	11	8	294	71	143	265	3	74	26	66	134	41	146	246	140	23	64	135	245	112	126	10	151	50	152	60	105	67	326	48	41	314	134	14	189	238	218	116	39	236	86	136	163	8	195	39	5	22	40	133	37	73	115	356	202	132	19	60	143	16	165	94	90	66	175	46	54	65	193	181	44	165	167	59	12	259	104	41	147	39	49	85	192	162	214	146	311	137	294	39	110	113	108	107	42	32	5	90	98	209	168	96	112	225	23	63	83	72	257	132	237	16	87	179
HDAC1	60	37	548	233	91	30	52	226	248	544	756	987	752	376	321	29	213	451	144	31	96	100	315	17	131	346	319	425	81	373	191	255	241	159	352	54	414	95	354	437	204	299	49	80	6	39	114	337	107	120	61	340	36	52	92	30	372	487	63	125	167	305	191	215	141	257	149	397	201	626	127	176	320	392	532	192	222	59	324	584	182	78	256	458	207	260	81	87	233	409	589	568	338	420	598	486	74	393	501	208	95	188	284	652	160	206	547	689	412	298	180	16	345	236	71	2	49	8	135	62	396	5437	822	128	193	135	205	350	158	431	299	2	216	385	279	448	421	233	283	347	610	378	25	108	311	37	171	639	52	590	176	302	151	468	78	133	42	233	181	82	117	363	660	163	560	466	338	408	223	88	225	263	93	124	40	326	176	458	452	96	562	468	491	27	142	17	6	724	368	551	267	270	161	395	376	382	362	34	489	424	8	236	79	622	397	13	188	200	59	45	360	301	491	446	491	104	262	99	66	232	138	250	487	20	124	137	23	56	174	26	338	346	297	159	143	132	275	573	28	267	76	332	199	14	244	56	274	213	138	7	449	93	126	548	40	51	367	547	454	72	514	38	493	537	717	265	154	63	39	38	103	340	19	517	72	21	640	405	186	119	545	313	45	70	100	279	100	48	233	457	559	175	762	336	1156	125	2	3	385	158	149	252	245	483	591	513	88	8	254	237	238	162	124	169	451	559	201	82	144	70	240	337	472	140	191	47	20	115	241	340	613	52	720	353	130	295	483	358	36	160	73	58	627	387	410	307	468	449	111	201	122	289	362	122	74	107	203	182	176	226	101	89	48	100	230	317	260	99	118	53	416	497	262	45	37	167	57	177	336	101	9	410	167	162	36	195	81	222	121	182	94	149	232	78	98	67	177	432	89	80	35	209	147	36	133	171	26	283	47	152	107	26	38	360	296	523	463	395	66	852	197	103	119	177	33	296	353	17	183	251	532	7	58	59	42	321	239	137	160	116	4	99	25	138	40	216	46	309	502	715	362	191	201	273	255	116	170	127	54	107	123	13	83	255	306	279	167	188	321	161	287	54	42	66	54	145	13	31	471	212	199	193	198	207	220	250	549	110	172	77	1	139	364	384	368	77	14	192	108	108	226	46	88	407	303	28	104	13	5	613	451	197	402	5	136	47	87	164	15	184	355	237	22	78	177	432	122	169	7	215	65	190	104	100	135	486	56	32	448	207	18	329	428	329	396	525	476	104	126	253	41	259	122	27	68	23	639	39	83	136	756	314	173	21	188	208	13	241	347	116	39	239	46	91	223	372	225	25	273	201	77	75	455	88	74	180	71	58	97	216	214	296	206	547	152	395	77	462	124	112	156	35	87	35	270	116	307	254	101	147	280	27	174	262	112	366	234	335	10	123	227
HDAC2	92	48	535	246	68	29	82	170	172	1006	299	609	1581	221	299	66	112	749	294	54	87	131	187	27	108	200	179	826	56	257	195	187	197	90	442	52	498	77	324	808	387	604	51	70	10	56	76	221	111	77	37	186	42	54	88	38	561	272	47	89	205	575	99	188	95	109	104	138	87	563	78	108	242	233	899	116	194	55	734	830	253	71	282	665	217	296	73	141	395	892	1277	1193	243	635	843	1036	82	762	939	296	87	145	133	285	371	386	268	1491	551	459	111	35	217	115	48	3	70	9	104	56	242	822	4853	121	272	181	135	212	234	970	527	3	281	224	380	535	746	332	638	383	474	326	42	119	359	54	107	954	55	830	119	170	114	831	93	133	60	192	255	127	173	298	382	269	414	438	408	202	503	53	246	176	67	103	44	363	160	289	287	85	1217	713	179	69	119	22	5	441	240	979	369	308	251	476	347	395	275	100	809	859	11	393	114	434	303	26	109	161	78	36	157	284	363	463	267	116	160	147	69	339	119	334	1143	19	105	98	45	41	308	32	701	213	463	31	33	34	295	436	32	143	77	229	361	23	421	22	139	225	166	9	452	63	91	949	13	63	191	668	181	79	713	51	343	526	566	559	159	50	66	52	119	560	16	995	65	30	886	902	120	140	513	572	48	29	112	184	163	60	495	640	1184	109	1179	200	745	139	5	2	477	311	243	393	137	765	1114	278	88	18	268	140	254	103	124	136	933	925	138	58	200	15	110	456	307	158	146	61	27	170	273	194	780	28	844	379	188	508	860	780	69	307	113	52	761	247	228	540	337	258	89	132	92	175	703	227	46	88	130	124	211	161	106	95	80	92	259	131	137	56	142	81	324	244	315	50	50	152	41	112	425	108	13	487	309	185	53	296	139	190	207	165	90	138	315	147	80	127	182	582	63	58	33	129	192	44	231	268	42	291	99	188	92	14	42	140	198	297	199	133	70	954	185	100	172	131	41	481	316	23	249	312	588	10	68	101	57	359	174	113	101	35	6	76	36	147	44	191	40	399	819	1087	281	128	116	160	237	83	104	104	66	89	123	16	89	346	159	160	125	124	316	202	343	76	81	75	62	135	16	35	833	124	201	135	103	121	134	146	380	88	220	91	2	81	173	416	327	102	23	111	130	87	161	46	75	374	238	38	94	20	8	297	655	143	545	5	151	32	69	104	38	116	189	160	32	56	149	297	162	131	8	138	58	139	70	78	95	288	46	44	612	200	14	159	313	261	206	784	782	135	100	150	46	234	325	30	96	39	337	42	71	99	379	258	174	40	211	102	18	176	469	77	73	163	45	62	212	327	172	40	168	168	94	99	377	88	85	114	36	45	113	165	139	196	125	450	116	547	58	222	107	99	80	48	42	28	388	95	162	143	108	107	240	28	138	233	105	279	278	528	17	114	144
HES4	10	27	10	198	56	23	117	185	145	13	160	197	54	275	103	70	15	120	53	13	135	118	250	24	159	197	197	29	66	311	192	105	156	138	98	46	121	75	233	13	25	17	77	153	10	85	143	26	186	119	6	190	57	27	122	23	86	147	75	126	114	2	123	99	155	84	110	99	76	229	176	174	177	50	140	55	122	56	16	294	52	139	96	91	163	194	121	15	25	20	20	31	204	12	103	76	115	11	28	62	21	104	39	136	9	22	76	31	57	14	139	45	251	62	17	3	85	10	56	58	142	128	121	1383	11	25	160	128	20	18	44	3	124	153	33	80	16	33	53	187	226	218	47	133	149	24	200	203	72	176	183	225	207	50	150	88	56	149	28	25	22	152	131	16	208	146	123	301	10	58	187	158	95	160	56	289	103	143	151	175	75	25	72	72	116	11	5	292	239	79	101	72	37	98	113	246	250	129	103	81	11	50	131	471	120	28	166	350	102	47	227	274	196	107	206	93	128	157	49	53	74	45	32	19	223	87	16	62	25	44	10	300	106	41	43	33	200	135	29	229	115	58	15	24	9	37	190	5	16	6	113	73	142	12	12	100	68	58	159	83	85	92	236	114	314	36	57	30	64	88	140	2	8	47	80	16	129	17	149	65	179	26	86	9	60	181	54	16	35	79	67	180	257	217	215	162	5	3	61	20	40	29	119	154	86	193	101	5	120	128	132	85	114	100	23	13	77	78	128	23	116	76	240	97	283	12	12	116	52	150	91	19	156	102	84	2	16	24	116	39	87	80	87	195	180	132	146	85	176	121	121	100	89	15	43	117	231	217	114	196	63	41	1	120	246	165	79	24	177	89	110	216	143	48	50	89	49	86	139	29	12	173	149	55	20	50	16	167	21	80	87	119	165	157	37	114	101	117	66	41	25	86	144	62	7	48	44	141	103	170	128	3	19	148	190	159	215	218	122	223	114	168	139	207	19	62	249	34	25	43	122	12	80	39	8	168	78	200	150	26	1	97	43	107	47	207	54	116	46	108	228	140	176	183	234	119	170	140	87	143	167	12	38	114	191	170	156	164	117	53	37	84	34	137	33	110	17	66	226	156	79	94	39	156	119	173	121	103	14	127	2	51	217	81	239	156	23	93	115	335	221	5	113	214	168	68	144	12	8	197	67	144	168	5	51	22	22	126	64	221	232	148	29	55	191	145	165	249	10	447	77	116	67	144	59	203	53	70	246	150	4	126	215	286	192	30	126	88	181	99	8	124	29	5	12	55	111	46	114	172	305	154	199	17	86	181	20	394	70	79	62	188	87	45	79	168	220	63	172	245	58	10	234	191	58	228	71	73	95	175	171	164	115	169	325	219	69	132	168	146	94	60	31	7	94	161	219	212	168	165	260	15	58	69	84	247	107	215	17	164	81
HHEX	5	10	219	14	8	12	8	8	32	268	16	16	373	17	55	8	27	106	36	11	8	9	12	8	15	14	15	256	10	17	15	13	61	8	107	19	36	20	76	196	54	85	8	8	5	8	8	74	11	8	3	29	11	2	10	11	189	6	10	8	47	142	8	11	8	10	11	3	8	128	8	8	26	4	115	19	16	8	154	67	36	8	59	63	12	62	11	40	83	300	400	387	22	230	153	194	14	278	257	179	25	22	3	4	149	144	6	284	151	229	8	8	10	3	2	2	8	5	11	10	17	193	272	11	1085	17	9	16	59	317	241	2	24	8	107	85	123	39	88	79	24	58	15	27	112	11	8	69	9	78	8	10	17	258	10	9	22	24	67	52	37	13	12	60	10	39	40	10	87	10	20	11	8	11	8	22	12	8	8	8	174	121	17	9	8	7	4	25	12	139	62	54	77	106	67	66	21	9	145	223	5	86	16	90	20	8	11	11	8	9	8	11	14	50	8	9	30	9	9	102	28	96	229	8	8	9	14	8	70	8	149	11	100	1	2	2	126	86	11	10	11	21	90	8	88	1	11	118	65	4	46	9	9	215	3	8	7	112	3	19	226	9	33	78	63	132	18	4	8	8	31	123	1	242	13	8	90	163	15	12	98	371	8	8	13	13	48	19	63	72	218	8	168	11	36	36	4	1	100	112	62	127	10	139	201	17	8	2	76	17	56	12	33	23	252	282	6	8	17	1	13	88	14	43	8	13	2	27	63	6	195	2	244	114	57	227	305	219	8	36	20	8	100	11	10	72	39	6	8	10	8	8	108	46	19	9	8	13	27	26	17	13	17	19	10	6	13	5	13	13	8	9	26	9	8	28	3	10	103	15	6	39	35	28	7	89	37	10	62	16	23	19	62	8	10	8	21	50	11	9	8	15	12	9	106	54	9	72	8	17	8	2	10	21	16	12	3	1	8	144	19	16	9	12	11	89	43	10	27	33	90	4	11	22	10	29	20	8	10	1	1	10	10	29	8	37	8	69	157	255	43	16	8	15	27	10	8	9	8	10	10	6	10	68	10	16	11	9	40	30	40	11	21	8	16	9	8	8	86	9	12	15	27	11	21	15	31	18	51	9	2	9	10	84	39	25	8	14	17	10	9	6	8	20	29	8	8	13	4	18	310	13	61	2	51	1	2	12	8	10	14	15	9	7	12	28	18	13	5	10	16	13	9	11	11	11	8	8	24	44	1	10	22	24	83	433	91	30	8	13	6	10	51	15	18	8	86	8	9	9	6	18	12	15	133	8	7	15	105	9	8	21	8	11	33	36	25	8	17	10	9	19	46	8	20	8	1	9	28	9	12	13	8	29	11	42	8	74	15	10	8	14	8	15	142	12	11	9	9	12	25	12	16	34	24	18	63	82	7	14	10
HIC2	7	16	27	44	57	19	16	35	35	117	41	81	167	44	121	14	6	75	53	22	20	19	35	12	21	58	50	90	38	51	26	54	32	22	81	16	124	19	63	77	62	72	19	21	9	15	19	8	19	18	7	50	14	9	21	13	59	32	19	21	32	90	31	41	24	23	24	15	16	83	26	20	62	13	106	18	33	15	130	102	102	18	80	137	33	57	19	33	100	92	114	113	52	46	70	145	18	56	129	37	22	49	7	15	21	41	14	193	78	42	25	13	53	8	4	3	13	7	26	20	30	135	181	25	17	1621	46	82	42	66	74	3	32	51	96	128	124	132	42	65	89	46	13	17	48	20	29	139	17	87	32	45	23	93	18	21	15	51	57	22	47	32	32	42	54	126	73	48	107	21	48	43	19	20	15	59	31	26	22	26	125	200	11	13	21	12	3	104	73	210	81	70	28	99	94	70	97	13	139	90	7	113	31	117	201	11	26	39	19	16	27	28	43	31	64	24	37	18	23	60	27	64	131	12	20	21	17	22	96	22	69	51	101	10	8	6	24	87	19	24	22	28	82	11	114	2	36	18	28	9	184	23	23	149	2	14	14	191	10	17	135	14	62	45	157	82	38	12	15	17	26	78	11	186	19	14	149	98	30	34	86	61	16	8	18	43	30	12	107	192	191	28	211	47	99	21	4	1	101	26	40	104	42	92	213	59	17	10	42	44	47	28	25	28	93	108	17	17	27	4	31	107	77	30	30	17	10	23	49	22	132	6	188	88	34	47	122	85	16	69	18	16	200	35	29	90	58	17	21	35	23	26	122	55	24	21	35	27	31	35	24	34	12	23	45	45	32	7	25	15	23	49	82	19	15	58	7	18	67	22	8	54	38	43	23	99	53	71	29	82	26	39	56	16	46	17	100	158	22	35	21	36	30	15	13	61	17	67	14	34	22	1	16	35	49	110	64	12	16	131	40	21	22	42	21	93	72	12	38	103	65	7	21	21	17	61	36	19	32	2	1	21	16	38	15	38	13	76	245	240	53	31	35	43	40	20	27	22	17	24	19	7	30	61	43	45	33	34	66	75	129	49	23	17	17	50	12	16	136	25	28	36	23	31	45	47	134	24	30	16	1	26	45	90	79	23	12	20	32	18	55	6	18	79	58	14	29	14	8	65	76	32	96	5	38	6	5	30	14	31	48	54	18	19	32	76	23	36	6	39	24	38	19	23	31	33	12	14	102	36	2	35	71	48	41	133	117	25	27	43	11	28	63	12	14	15	63	13	19	24	134	97	43	15	40	23	11	48	75	25	15	34	16	30	117	76	33	13	39	29	29	28	70	18	27	24	9	17	18	32	30	41	35	121	25	108	23	31	30	27	26	12	13	8	48	21	34	40	21	30	61	16	95	54	33	61	37	84	11	43	29
HINFP	12	38	14	161	68	28	67	156	127	29	173	291	75	240	172	41	36	135	55	16	168	85	222	20	122	222	206	49	65	236	127	121	135	115	131	43	171	63	179	27	30	24	56	104	11	53	108	60	124	97	13	173	46	55	82	21	71	187	86	129	92	21	98	111	111	99	104	123	70	209	156	125	166	109	154	76	119	47	32	284	60	101	87	135	136	169	79	17	34	35	32	47	175	22	125	92	72	20	47	49	31	179	86	225	9	24	152	55	67	17	128	30	248	116	43	3	53	9	137	43	139	205	135	160	9	46	1751	134	21	20	46	3	106	294	74	111	28	60	61	149	288	173	35	97	127	28	170	222	96	204	164	213	141	55	88	87	39	134	66	18	24	157	211	24	277	193	129	256	23	63	130	157	81	111	42	213	93	161	161	133	106	58	98	40	89	10	4	302	261	112	102	94	34	124	244	178	233	43	127	65	12	59	70	285	240	22	146	166	60	36	192	216	196	124	217	74	147	97	57	59	85	48	41	21	131	92	18	53	31	30	22	245	101	48	42	43	137	206	25	172	78	123	27	21	19	55	170	9	20	8	146	110	177	47	13	60	112	96	167	73	107	61	253	152	286	47	66	29	42	54	84	12	18	63	110	14	190	26	136	81	206	27	63	14	67	154	42	18	58	127	95	165	205	236	322	108	5	3	101	20	40	35	158	131	125	193	78	10	103	125	112	76	80	97	27	30	93	88	82	29	124	102	279	78	186	18	28	85	79	144	135	23	179	98	79	9	37	34	68	51	56	62	167	184	175	106	159	162	126	121	96	142	87	26	36	110	198	157	115	180	58	56	5	84	185	147	108	32	102	50	145	223	132	41	40	68	37	101	127	42	17	175	88	100	27	49	20	165	26	98	61	101	116	84	84	70	88	150	99	57	32	185	114	42	8	55	50	129	64	112	109	8	21	130	191	207	312	188	85	278	135	107	99	182	20	65	219	23	40	71	164	12	113	37	10	167	82	137	123	44	1	78	35	69	38	152	37	128	121	144	189	119	145	285	180	95	138	106	94	100	107	13	42	96	195	163	228	128	149	58	81	56	26	88	27	172	18	47	204	137	95	124	50	135	196	248	201	79	25	76	2	108	207	95	202	99	23	109	80	118	204	10	78	220	282	48	92	13	8	217	65	235	168	4	61	26	49	135	35	175	230	254	23	71	152	320	114	156	7	186	54	143	77	117	56	248	51	65	235	125	10	157	210	208	145	69	154	63	151	135	8	137	34	4	13	43	132	40	97	200	342	298	137	20	73	190	14	185	71	80	45	160	57	52	84	198	164	36	273	179	53	16	229	108	76	159	64	62	90	162	255	172	119	235	146	199	62	109	114	124	99	45	31	3	70	126	188	163	104	117	203	15	68	164	64	223	104	162	16	124	185
HIVEP1	20	23	15	137	82	33	74	172	157	44	250	385	146	219	169	31	44	173	90	25	96	63	187	17	101	218	232	106	81	247	140	133	128	202	155	32	192	51	172	72	74	78	61	74	9	55	89	73	101	92	12	214	34	66	72	23	82	258	60	70	102	34	167	133	111	129	95	132	70	251	98	139	249	137	172	82	140	49	74	302	99	82	161	191	132	149	59	33	92	71	80	81	212	41	158	137	66	46	97	46	34	104	79	230	15	30	130	125	92	24	129	22	194	110	36	3	44	7	67	55	131	350	212	128	16	82	134	2109	55	39	80	2	90	208	102	197	76	95	62	141	308	234	33	73	140	34	122	314	44	218	136	198	116	93	80	97	36	176	72	22	45	171	220	36	300	264	176	440	62	66	148	181	88	145	50	214	111	163	185	110	152	156	130	28	96	16	5	553	258	184	119	198	48	171	186	185	279	26	152	76	9	85	66	345	231	15	133	154	61	42	332	195	207	126	267	80	146	85	61	46	101	74	90	14	120	100	17	69	67	34	58	274	149	48	56	49	145	250	27	277	65	108	61	15	61	25	212	13	18	7	302	75	91	91	17	46	82	211	209	63	167	49	260	244	315	70	95	47	37	46	80	40	13	147	67	14	294	58	130	112	233	53	56	22	56	172	45	16	73	267	169	120	263	214	413	107	5	3	137	30	46	98	150	155	246	320	74	3	96	282	116	194	77	116	66	112	97	65	90	34	120	175	236	94	162	21	22	60	99	164	169	20	288	208	61	23	89	67	59	85	58	50	268	176	181	152	174	137	90	115	106	155	150	39	47	104	148	146	105	157	63	66	5	78	150	176	120	57	97	42	155	269	144	41	27	151	49	105	156	52	9	193	100	67	27	63	30	135	32	151	68	110	119	56	76	45	145	264	67	59	25	112	98	39	11	71	34	153	45	126	120	9	21	137	201	313	232	185	60	393	103	85	85	143	25	98	232	22	46	100	145	9	55	25	16	170	134	103	115	40	2	91	31	88	35	141	83	130	129	226	235	148	161	194	190	105	200	123	58	100	119	16	46	122	218	264	135	156	189	118	116	56	19	88	36	101	16	30	205	267	100	114	59	153	114	187	339	78	27	75	3	65	241	155	247	74	16	111	59	97	159	6	65	261	175	46	100	12	6	335	117	147	183	6	74	23	31	123	28	140	233	150	20	73	152	204	98	165	9	169	60	136	81	84	96	217	109	47	228	117	4	192	280	215	151	115	187	70	109	162	14	135	20	12	30	40	164	28	74	115	469	167	127	19	102	167	18	202	184	67	34	141	52	65	168	211	161	35	168	155	48	31	261	88	53	265	67	124	73	195	154	170	137	299	131	211	71	127	119	105	106	37	41	10	82	114	213	194	91	117	179	19	108	107	77	200	92	174	12	116	99
HLF	12	20	208	30	19	17	19	24	52	379	46	82	463	38	99	15	34	207	161	66	26	21	28	13	24	39	31	242	18	36	26	22	43	20	78	16	98	34	84	703	328	567	17	16	7	13	16	101	17	20	7	46	16	65	23	26	159	34	21	17	63	144	23	48	18	24	17	26	19	145	16	18	62	34	179	41	35	16	151	103	64	18	64	109	29	58	18	53	179	177	270	321	44	181	170	200	27	196	232	106	18	24	16	24	100	77	25	422	158	130	21	15	27	22	7	2	14	7	18	22	48	158	234	20	59	42	21	55	3989	249	104	3	53	25	125	140	285	102	175	84	83	75	19	26	73	22	23	114	20	123	21	31	21	214	21	19	27	46	89	60	88	29	37	67	33	70	63	31	92	13	42	31	18	17	14	52	31	24	28	19	236	220	38	15	17	22	4	89	49	262	88	67	83	110	67	60	39	25	175	223	9	89	36	55	49	14	18	30	20	12	28	26	45	101	39	22	46	24	18	117	42	84	251	13	21	26	24	16	114	13	961	29	119	14	15	14	59	97	16	21	14	59	61	13	154	2	22	101	54	6	83	18	19	255	7	17	20	160	22	22	153	16	82	165	105	149	40	18	18	15	23	171	68	266	19	20	125	170	24	30	132	108	13	13	28	47	55	32	132	88	287	19	294	36	123	41	5	2	120	107	97	123	29	175	242	38	17	40	83	31	69	33	39	38	289	352	20	16	37	10	33	85	44	55	24	23	55	27	57	23	203	5	173	73	34	124	204	253	18	92	311	17	166	29	26	123	82	37	18	23	18	23	151	67	22	17	23	20	35	32	34	23	90	21	33	13	49	21	34	21	30	46	49	17	16	36	10	23	122	42	9	80	55	46	21	94	49	25	88	31	31	27	98	21	14	20	44	84	15	15	15	27	30	19	67	67	18	69	21	36	18	4	19	31	36	43	39	30	15	157	53	25	29	24	17	114	60	14	78	65	179	7	16	64	28	56	34	19	26	15	4	23	16	49	13	37	16	69	231	399	63	32	23	32	51	19	19	24	17	17	24	8	27	91	30	27	27	18	76	49	69	21	42	17	34	28	12	17	182	25	31	26	30	24	29	29	75	18	81	22	2	14	33	109	62	29	15	24	45	18	27	23	18	42	52	15	20	13	7	51	124	26	95	5	35	3	8	21	15	18	31	25	17	17	21	43	37	27	6	25	21	29	16	23	22	41	11	13	75	43	2	28	67	42	39	148	178	36	24	30	17	30	203	29	39	15	99	10	18	17	50	45	34	23	38	19	12	30	127	24	18	30	16	20	55	54	37	16	29	32	13	44	57	20	27	20	11	15	35	29	23	38	26	71	30	100	17	54	20	21	19	17	12	26	124	20	28	29	21	25	47	15	37	55	32	47	81	111	11	24	28
HMG20A	26	26	768	33	13	15	16	17	70	983	45	82	1643	38	125	14	72	391	198	41	18	22	21	11	23	25	30	846	17	32	36	53	89	13	219	30	131	31	152	910	313	544	17	14	9	13	13	193	17	11	5	47	16	2	18	28	506	26	15	13	96	502	14	51	12	14	16	8	12	312	13	13	75	15	587	54	31	12	609	284	132	13	156	307	28	157	16	169	402	847	1193	1328	48	698	536	694	25	870	804	335	39	40	8	7	364	357	11	1405	461	552	15	13	19	4	3	3	13	5	16	20	29	431	970	18	317	66	20	39	249	3551	455	2	76	10	321	282	616	158	545	203	98	149	21	41	206	26	14	338	18	342	14	18	23	860	19	18	29	47	231	166	169	34	45	168	27	102	128	22	382	15	50	23	12	17	12	59	29	22	19	13	774	443	41	14	16	15	3	104	29	665	241	187	241	295	156	159	58	18	477	709	6	278	48	129	60	12	22	28	16	13	16	22	36	220	28	18	60	15	12	300	59	262	1117	12	13	23	34	13	251	13	721	20	297	2	3	4	177	146	17	18	20	83	283	11	373	3	19	271	146	9	148	13	13	873	4	14	12	373	4	27	461	14	84	334	161	479	56	16	15	14	38	476	3	890	22	16	376	690	23	41	252	588	12	15	32	39	128	65	273	266	952	15	628	24	202	78	5	1	301	293	193	293	14	450	715	50	17	6	191	31	141	27	56	45	1071	949	12	13	65	3	16	205	31	87	16	26	4	46	167	14	552	4	489	253	104	622	823	875	15	181	62	14	351	23	21	318	74	11	14	23	14	15	444	180	29	15	15	19	74	41	44	20	88	22	28	9	33	12	25	18	20	18	74	14	16	62	3	15	288	60	8	143	110	97	22	210	95	32	183	43	37	48	205	16	26	16	52	195	19	14	14	28	28	14	260	157	18	164	17	40	18	2	22	38	37	44	20	4	12	550	52	29	25	23	26	316	109	14	123	106	357	5	22	67	40	89	54	14	18	2	2	19	15	61	12	61	16	167	495	831	95	28	14	26	61	18	17	13	13	14	16	8	30	206	16	30	21	13	121	91	132	21	54	16	50	26	11	11	350	20	45	29	68	16	35	28	78	24	190	19	2	18	16	250	101	45	12	22	48	20	19	27	14	60	79	14	14	18	6	52	631	25	235	3	74	2	2	18	13	16	24	28	18	10	20	76	41	23	5	19	23	25	17	16	20	24	10	12	114	75	1	16	77	52	98	711	360	58	14	23	24	20	274	30	61	13	192	12	13	15	28	54	31	33	152	13	10	39	374	13	16	32	14	23	74	85	45	13	36	25	20	49	98	13	57	14	3	14	43	19	22	31	24	96	26	170	13	150	22	14	11	20	15	27	330	17	17	15	18	25	54	19	34	100	42	48	186	252	11	25	18
HMG20B	18	26	219	81	30	22	33	59	84	395	66	117	544	77	129	36	26	253	99	26	42	55	58	22	53	50	61	380	22	82	66	54	94	41	235	32	184	49	136	294	147	201	29	29	10	26	35	72	40	27	6	70	31	5	42	29	254	47	26	23	102	253	37	56	35	36	33	30	31	225	29	36	84	27	268	47	64	28	327	221	106	34	112	188	90	132	40	70	166	399	504	482	86	302	286	362	46	323	394	196	42	59	13	36	209	233	35	472	229	461	38	27	52	11	4	3	37	8	31	35	72	299	527	44	241	74	46	80	104	455	1647	3	93	34	207	186	226	105	184	152	105	139	33	64	187	25	41	247	36	239	39	51	49	407	39	55	52	67	110	74	75	64	81	143	69	173	182	64	197	27	109	54	33	47	29	109	75	53	61	37	394	291	46	37	45	15	4	83	71	327	171	143	146	212	146	162	73	39	321	342	10	202	49	196	97	24	43	53	33	21	50	60	74	145	48	48	73	62	39	142	55	182	437	18	39	47	26	24	119	20	268	72	281	8	10	13	159	151	24	40	38	55	157	21	157	4	50	102	82	8	161	32	34	322	8	33	32	360	19	44	366	34	111	157	193	229	62	23	37	30	58	222	6	398	39	17	279	327	51	58	199	406	25	8	70	78	93	33	195	218	413	34	355	63	170	65	5	1	201	165	140	214	37	316	381	77	41	5	137	63	116	50	71	60	378	383	27	30	88	5	42	188	70	80	46	20	5	82	123	40	342	8	397	204	129	277	416	351	34	125	50	26	239	48	50	192	124	37	34	52	37	43	280	100	32	43	41	46	98	59	54	42	26	46	83	31	33	13	48	34	58	50	103	44	36	83	11	39	186	32	10	143	97	79	15	145	72	48	99	65	46	61	133	54	33	52	80	174	35	29	25	49	82	25	119	180	26	111	46	76	40	3	20	54	65	92	26	14	32	312	57	46	59	53	31	258	118	22	57	96	188	8	37	61	16	152	58	38	42	3	3	40	27	63	27	89	26	185	327	443	95	54	45	55	86	42	43	54	33	38	50	10	30	143	53	68	47	31	103	93	108	39	39	37	34	52	15	24	272	54	64	50	52	50	55	63	143	45	90	39	2	30	55	198	105	48	21	42	48	38	59	12	34	83	90	29	38	16	8	79	396	54	242	2	83	6	5	39	26	47	56	59	19	22	57	104	67	52	8	50	39	47	32	40	33	49	19	30	149	90	3	38	100	81	110	471	270	74	43	48	13	61	103	11	31	30	122	23	31	43	65	86	60	24	152	42	15	56	219	25	41	64	28	34	111	106	68	32	64	50	30	18	120	36	41	37	12	30	66	63	53	65	52	126	49	194	31	105	51	39	27	33	20	13	193	42	52	45	42	42	84	21	59	85	64	71	114	224	16	58	39
HMGA1	1	3	2	3	3	3	3	3	3	1	3	3	3	3	3	3	1	3	3	3	3	3	3	3	3	3	3	3	3	3	3	2	3	3	3	3	4	3	3	1	2	1	3	3	2	3	3	1	3	3	3	3	3	1	3	3	3	2	3	3	3	1	3	2	3	3	3	2	3	3	3	3	3	2	3	3	3	3	3	3	3	3	3	3	3	3	3	3	3	2	2	2	3	3	3	3	3	2	3	3	2	3	1	2	3	1	2	2	1	4	3	3	3	1	1	2	3	3	2	3	3	2	3	3	2	3	3	2	3	2	3	11	3	2	2	3	1	3	3	3	3	3	3	3	3	3	3	3	3	3	3	3	3	3	3	3	3	3	3	3	3	2	3	3	3	3	3	3	3	3	3	3	3	3	3	3	3	2	3	3	3	2	1	3	3	3	2	1	3	3	3	2	3	3	3	3	1	3	3	3	3	3	3	3	2	3	3	3	3	3	3	3	3	3	3	3	3	3	3	3	3	3	3	3	3	3	3	3	3	3	2	3	3	1	1	1	3	2	3	3	3	1	3	3	2	1	3	1	3	2	2	3	3	1	1	3	2	2	1	3	3	3	3	2	3	3	3	3	3	3	3	1	1	3	3	3	3	2	3	3	3	3	3	2	3	3	3	2	4	2	3	3	3	3	3	3	2	1	2	3	3	3	3	3	3	3	3	1	3	3	3	3	3	3	2	1	2	3	3	1	2	2	3	3	3	1	1	3	3	2	3	1	3	3	3	1	1	3	3	3	3	3	2	2	2	3	3	2	3	3	3	3	3	2	3	3	3	3	3	3	3	3	1	3	3	2	2	1	3	3	3	3	3	3	3	3	1	3	3	3	3	3	3	3	2	3	3	3	3	3	3	3	3	3	2	3	3	3	3	3	3	2	3	3	2	3	3	3	3	3	3	1	2	2	3	3	1	1	3	3	3	3	3	3	3	3	3	3	1	2	3	3	3	3	2	3	2	3	3	1	1	3	3	3	3	3	3	3	3	3	3	3	3	3	3	3	3	3	3	3	3	2	3	3	3	3	3	3	3	3	2	3	3	3	3	3	3	3	3	3	3	3	2	2	2	3	3	3	2	3	1	2	3	3	3	3	3	2	3	3	3	1	3	3	3	3	3	2	3	3	3	3	3	2	3	1	1	3	3	3	3	3	3	2	3	3	3	3	2	3	3	3	3	3	3	3	2	3	3	3	1	2	3	3	2	2	3	3	3	3	1	3	3	2	2	3	2	3	3	3	1	3	3	3	3	3	3	3	3	3	3	3	3	3	3	3	3	3	3	3	2	2	3	3	3	3	2	3	3	3	3	3	3	3	3	3	3	2	3	3	3	3	2	1	3	3	3	3	3	3	3	3	4	2	3	3	3	3	3	3	3
HMGXB3	8	37	37	218	38	22	95	127	111	79	216	368	151	156	93	70	75	283	82	22	81	131	129	28	95	93	115	87	30	208	153	75	84	83	181	30	233	61	153	86	73	89	42	61	10	58	76	141	102	68	21	124	42	23	92	30	93	199	48	51	146	40	95	184	76	93	86	156	89	187	62	90	102	178	245	90	130	47	72	382	37	80	82	153	161	119	77	27	55	86	88	125	159	58	299	167	73	76	85	57	28	68	122	248	24	42	246	137	57	37	88	42	132	117	44	3	76	10	44	46	202	216	281	124	24	32	106	90	53	76	93	3	1835	139	38	137	55	44	153	130	244	188	39	93	123	34	109	341	50	386	80	97	94	92	101	124	48	101	45	36	35	166	294	36	241	192	209	140	50	39	216	107	55	89	41	301	132	186	213	72	181	61	209	85	107	11	5	204	130	148	92	72	60	126	106	147	131	113	261	205	10	82	94	195	75	29	86	132	74	36	123	204	217	236	162	111	95	144	49	57	77	65	104	20	106	73	20	40	52	18	83	181	171	193	185	209	157	164	23	110	55	115	41	26	33	19	118	21	26	9	127	56	71	66	43	84	137	80	145	68	118	53	179	158	305	85	80	24	75	56	82	40	12	108	53	15	282	76	97	79	180	58	44	29	120	177	53	21	93	132	169	56	264	140	383	108	5	2	115	46	75	47	88	320	133	186	80	6	95	92	110	90	85	84	94	68	105	55	148	61	113	82	179	76	137	22	10	143	76	181	151	22	136	65	94	25	54	98	76	59	74	44	151	168	169	195	199	302	84	106	70	166	154	40	34	85	85	104	144	109	71	56	10	88	239	66	102	43	124	87	257	163	157	48	45	67	25	69	139	65	10	291	195	49	25	36	20	85	34	66	61	78	109	156	27	141	56	139	50	39	29	72	197	47	18	106	31	131	119	152	73	10	21	75	130	184	131	109	63	302	117	90	154	102	22	134	174	25	31	61	217	9	49	46	10	220	97	115	82	89	1	69	37	70	44	136	36	194	83	190	175	87	103	131	166	73	91	112	58	79	132	14	38	118	130	116	85	97	139	64	55	57	35	76	29	82	18	32	325	94	180	89	42	100	75	103	195	72	30	85	2	38	146	120	161	68	23	91	104	89	105	6	69	174	116	44	96	11	8	209	83	115	251	3	49	18	42	76	46	90	135	90	27	46	106	140	140	115	10	109	45	95	47	76	52	222	38	45	351	125	10	127	182	171	96	62	266	84	94	95	11	153	67	11	22	40	102	32	62	87	205	123	134	19	49	101	16	119	72	61	78	110	54	44	54	145	131	46	106	126	51	9	183	101	36	88	30	50	85	143	102	126	99	186	108	282	36	91	85	90	62	43	30	13	109	83	139	129	108	92	138	18	53	65	74	149	103	283	17	85	95
HMGXB4	35	26	5	223	103	23	28	226	225	53	318	536	82	405	148	22	62	219	37	12	137	84	331	8	87	487	347	37	91	344	153	278	178	161	241	49	316	55	239	27	33	44	43	83	5	24	145	118	118	119	18	281	16	222	68	13	67	357	71	228	98	8	163	185	137	135	109	197	79	304	193	190	297	221	232	91	140	33	16	474	53	80	134	232	183	187	45	10	33	34	22	42	305	14	211	89	63	12	32	37	59	217	147	444	5	20	321	93	127	11	224	8	464	211	77	3	35	4	258	81	239	385	224	153	8	51	294	208	25	10	34	2	139	4495	65	176	26	54	100	238	529	287	16	75	166	26	186	427	66	368	253	407	146	43	72	119	11	191	43	8	15	472	410	38	662	460	211	472	13	73	126	231	95	74	27	297	101	410	352	114	190	79	184	10	218	9	6	471	440	136	84	118	19	167	328	229	298	12	220	75	7	35	28	533	418	7	156	230	37	63	257	295	283	194	433	82	312	83	74	48	123	48	22	12	122	102	12	49	37	22	31	347	99	68	74	71	141	447	11	210	67	196	22	8	13	57	284	15	16	7	340	128	225	29	25	34	222	167	498	45	172	32	460	381	486	29	104	64	20	32	69	7	93	42	108	6	386	34	133	118	388	14	36	25	67	203	42	7	82	206	100	284	345	403	510	79	3	4	172	18	21	19	261	224	177	464	78	44	101	184	140	134	76	123	17	24	152	102	104	37	154	136	532	83	226	51	96	74	108	387	259	54	268	139	66	7	31	48	33	87	22	46	275	271	245	88	213	331	90	180	118	239	85	26	53	107	290	186	147	248	62	80	3	79	254	587	141	38	122	24	306	507	234	34	28	118	101	154	189	54	7	314	93	93	49	47	11	294	26	115	61	90	93	75	112	42	194	380	112	61	30	339	112	34	6	69	25	128	32	88	104	24	24	210	263	522	699	475	59	561	173	89	96	219	12	110	298	12	86	124	399	7	95	23	17	247	175	142	168	66	1	60	18	71	22	177	42	230	106	239	265	190	214	424	199	102	201	129	57	79	81	15	86	91	316	265	242	183	265	91	147	28	16	72	24	146	9	27	361	232	132	186	49	208	321	353	392	100	67	54	1	212	392	169	294	71	7	158	76	135	292	17	73	553	402	19	87	8	4	543	73	264	231	11	168	68	199	212	15	207	403	340	17	93	152	603	79	185	4	298	53	234	73	97	96	604	72	45	457	113	23	343	338	311	193	45	321	76	129	275	21	216	19	13	32	24	188	37	105	202	800	491	162	12	90	240	7	250	120	137	27	207	44	94	93	259	201	13	372	223	87	31	343	83	53	260	190	61	56	218	354	349	180	446	152	331	129	136	118	117	170	21	45	19	56	121	323	279	87	160	306	24	139	269	72	395	153	179	6	131	269
HNF1A	35	46	258	58	43	21	17	41	101	675	65	109	584	75	207	9	34	214	71	26	45	30	62	9	34	67	81	333	27	74	46	110	95	32	166	23	130	39	147	328	107	219	17	27	8	12	29	92	28	25	5	68	17	10	23	19	293	35	28	33	73	287	55	112	26	36	25	21	12	267	28	35	96	35	261	47	46	13	330	168	118	22	94	177	53	167	22	54	157	289	462	434	85	348	191	305	38	285	459	154	48	100	5	29	202	266	20	529	257	235	34	10	59	22	7	2	13	8	51	26	42	279	380	33	107	96	74	102	125	321	207	2	38	65	3029	664	261	107	217	164	113	137	16	40	163	31	42	208	32	157	37	58	47	492	16	26	28	59	158	60	70	58	43	74	59	143	118	77	256	27	73	46	22	34	17	91	40	33	32	25	383	337	40	11	26	10	4	137	97	515	290	227	158	217	200	136	107	14	256	407	9	179	44	166	173	8	41	44	17	10	43	47	52	120	61	22	69	22	22	186	56	224	526	12	24	34	19	17	131	12	303	65	214	6	5	6	112	172	16	38	25	74	112	8	205	4	48	119	79	9	185	35	47	640	5	12	17	346	16	31	334	13	114	218	218	237	48	19	14	13	41	255	5	379	47	20	260	253	46	49	220	254	17	13	31	67	95	43	159	207	397	44	408	69	171	57	5	1	248	139	119	186	52	222	337	87	26	5	142	56	113	50	52	60	409	480	19	22	55	4	33	154	79	75	41	37	8	35	135	40	362	9	426	219	111	274	440	282	17	89	35	15	251	45	34	194	98	29	26	47	34	36	239	100	35	25	45	37	69	61	30	28	32	38	63	39	51	21	19	21	27	57	78	17	12	87	7	28	179	21	11	89	63	113	13	171	75	53	121	76	31	54	139	21	60	16	74	166	38	33	25	106	39	11	158	113	24	115	18	45	26	2	22	59	67	111	87	23	24	282	61	33	23	47	23	197	122	13	86	106	292	7	45	43	31	92	71	28	39	4	3	31	17	52	13	68	19	128	378	467	108	40	39	81	75	31	36	26	24	28	27	9	26	125	53	67	73	32	109	80	126	27	26	19	32	77	10	16	206	43	31	62	52	51	90	90	142	33	135	24	3	51	61	217	114	47	10	43	40	28	68	24	17	88	145	12	23	11	6	88	368	65	181	4	57	10	7	43	11	43	68	107	15	25	43	159	44	41	7	49	22	46	29	31	30	44	14	23	111	72	4	53	103	62	98	472	235	51	33	51	24	39	143	33	53	14	124	16	31	48	115	116	47	17	101	47	10	71	238	29	12	53	18	36	121	105	57	12	94	50	21	35	107	22	67	43	9	19	45	44	70	73	45	141	38	151	17	108	39	28	23	19	18	34	179	32	52	41	20	36	63	15	76	158	60	93	134	165	8	45	53
HNF1B	56	39	221	120	47	28	55	99	140	557	243	389	598	173	226	27	51	307	125	33	57	77	116	16	66	126	162	320	51	182	135	141	112	80	203	39	250	64	204	301	146	233	46	35	11	33	45	113	72	50	13	154	30	76	58	29	303	196	45	40	111	208	110	218	64	100	71	103	45	373	47	86	194	196	421	126	154	34	263	427	147	47	180	371	111	180	44	77	258	274	425	433	220	258	352	389	56	271	433	122	55	97	140	261	128	162	181	533	248	175	93	21	121	82	27	3	23	7	77	41	139	448	535	80	85	128	111	197	140	282	186	3	137	176	664	4409	307	194	256	221	307	240	32	58	188	39	76	466	45	369	58	105	74	319	53	86	36	140	159	67	99	156	283	86	274	268	203	163	233	61	167	137	50	70	28	188	84	168	193	56	436	435	150	26	84	31	4	372	190	577	201	199	121	310	234	230	219	39	348	395	10	208	69	305	196	17	73	138	44	30	116	130	168	227	197	66	144	64	39	198	105	157	406	18	67	93	34	45	165	20	279	183	220	46	46	44	141	285	30	90	39	157	147	14	192	26	128	87	67	13	310	53	66	515	19	42	109	438	143	47	363	34	256	346	474	242	119	45	28	30	83	181	65	449	61	23	438	260	89	65	358	183	31	27	61	168	106	47	192	323	501	69	628	158	473	100	5	3	318	123	114	207	127	309	458	638	72	50	159	126	172	129	80	123	357	429	85	49	106	47	122	216	182	121	82	48	65	60	219	142	433	25	547	192	87	161	363	270	38	142	59	34	403	128	137	256	194	200	56	117	144	169	277	106	51	61	74	68	113	118	70	71	40	62	129	109	111	47	77	46	202	191	168	31	27	114	26	77	239	59	14	223	129	114	31	155	68	105	84	146	64	106	172	54	56	46	120	288	53	51	29	115	111	27	99	140	33	213	41	141	73	18	37	101	181	259	173	127	35	507	103	59	65	96	29	211	217	20	158	209	413	10	51	66	42	201	155	76	79	65	3	53	33	117	27	119	33	175	387	487	250	121	92	140	161	125	79	78	47	61	93	15	64	217	151	149	85	90	227	136	202	54	41	51	47	93	17	27	335	99	119	108	85	119	94	126	349	70	128	54	3	74	158	269	224	63	21	107	85	62	104	42	47	201	199	27	67	12	7	661	293	118	282	7	85	15	30	95	26	84	157	112	24	44	103	241	107	96	6	112	41	109	68	64	230	220	34	30	292	124	6	180	291	379	132	334	374	102	71	143	39	117	162	38	61	29	222	25	51	75	371	170	122	24	109	83	18	152	264	60	25	107	37	71	155	226	122	31	125	114	41	69	259	46	74	81	29	51	68	133	110	140	124	335	91	280	34	160	79	65	74	31	31	45	226	91	145	131	72	91	156	23	125	157	91	208	156	243	13	78	109
HNF4A	65	20	664	24	17	6	11	16	52	939	71	102	1210	30	154	2	50	327	143	42	10	11	24	2	11	37	31	527	23	61	59	101	85	11	133	12	126	30	120	786	232	510	9	6	2	3	11	135	7	4	3	34	4	19	19	13	556	42	6	9	55	477	23	53	12	25	18	27	5	315	7	8	88	31	418	41	60	4	406	198	327	6	134	281	26	148	8	95	257	482	823	756	68	682	317	590	29	515	755	143	36	45	25	33	381	258	18	1097	407	376	17	2	24	8	5	1	2	2	17	18	19	421	746	16	123	124	28	76	285	616	226	1	55	26	261	307	6513	502	504	153	232	171	4	19	197	37	12	288	11	256	13	16	17	641	13	15	10	65	177	65	107	48	51	137	47	117	101	35	533	11	35	49	5	13	3	56	15	25	15	6	755	640	67	2	18	18	1	207	53	833	255	167	157	268	153	220	145	10	339	599	2	230	48	130	164	1	12	33	16	3	17	21	39	235	96	13	43	6	8	261	46	229	751	4	15	17	20	12	222	4	586	49	210	11	9	11	128	188	10	13	17	153	275	1	500	4	29	316	158	4	220	7	8	1269	8	6	11	486	21	10	453	3	100	409	201	453	52	33	4	5	22	616	22	707	13	18	356	520	11	23	293	229	5	9	17	73	87	61	280	346	763	14	868	36	191	69	1	6	320	207	166	220	29	282	629	91	10	22	143	31	107	30	34	41	655	807	15	7	43	6	19	203	52	108	13	27	26	30	159	28	487	6	436	202	72	348	590	539	8	173	80	4	470	38	27	282	62	23	7	28	9	21	428	200	21	8	13	17	61	44	40	19	119	11	19	29	47	19	34	11	19	68	107	6	3	100	7	12	251	38	3	95	106	110	36	207	110	41	181	83	39	59	234	5	44	5	107	274	12	9	13	46	18	8	204	103	13	110	4	66	12	3	19	37	76	83	53	27	4	378	62	28	11	22	26	204	109	3	258	198	486	4	13	55	57	83	50	8	24	13	4	15	10	89	7	40	10	128	681	731	99	43	15	28	92	12	12	9	9	17	28	4	73	361	24	31	23	24	165	145	201	32	50	6	51	30	2	7	300	18	39	39	50	19	32	45	123	12	267	14	2	16	29	252	101	30	3	24	66	15	25	66	4	86	75	5	9	9	2	86	452	21	153	6	59	3	5	22	2	13	31	51	55	6	26	112	72	14	2	32	29	24	11	6	28	73	6	4	117	41	2	27	108	56	53	417	354	37	9	29	64	19	459	37	82	2	195	5	6	10	125	69	69	24	85	16	5	45	364	11	5	31	8	35	105	100	24	2	40	46	23	93	113	11	56	12	12	14	18	24	32	44	27	163	20	142	16	114	22	7	9	5	6	41	230	12	24	27	19	28	56	10	88	117	39	66	175	179	3	23	20
HNF4G	19	22	122	53	38	19	25	48	59	233	67	118	345	69	155	16	15	160	76	20	35	32	60	15	26	77	71	166	37	88	45	72	60	35	96	25	151	36	114	181	91	126	28	28	12	19	33	35	27	28	7	54	19	13	30	19	144	59	22	33	43	184	43	54	38	33	35	21	17	167	35	35	82	34	174	43	57	18	182	160	226	27	86	170	44	100	28	41	128	143	222	215	93	148	154	277	35	148	222	67	35	73	12	36	73	77	24	329	190	95	38	17	67	13	7	3	18	8	34	32	44	233	332	33	39	132	60	95	102	158	105	3	44	54	107	194	502	1829	140	99	138	80	20	28	89	28	41	226	27	159	40	54	30	173	26	30	20	74	102	33	65	60	47	93	75	158	113	79	271	32	57	55	34	33	25	84	34	36	31	35	286	322	35	17	28	20	4	131	95	309	110	101	57	165	139	122	125	22	217	187	8	156	35	156	216	15	37	45	26	19	45	53	61	90	89	27	56	28	27	108	45	126	230	14	32	38	21	36	103	16	155	72	153	6	8	7	52	145	30	38	35	97	150	14	124	10	50	40	49	7	178	31	39	397	4	18	18	288	30	21	238	22	116	144	209	168	42	22	18	22	34	217	7	288	33	18	226	192	39	32	182	93	24	6	26	70	56	31	155	245	317	49	406	57	146	34	6	2	209	55	71	122	81	160	304	96	28	12	88	55	75	43	34	50	172	206	23	29	40	5	30	130	109	68	46	25	5	31	173	45	235	10	282	134	53	69	214	131	22	66	38	25	254	47	37	153	79	30	29	57	32	52	201	88	28	31	46	33	48	65	34	49	50	32	52	64	44	18	43	22	32	77	89	22	18	64	6	31	114	34	13	75	77	73	23	100	47	79	82	143	36	57	99	24	55	21	116	210	29	23	21	55	42	20	39	86	29	103	21	51	53	2	28	47	66	111	57	26	25	196	68	32	23	53	29	124	123	18	132	135	203	10	30	29	22	93	63	31	35	9	2	36	24	70	21	55	26	103	412	342	82	52	51	67	72	35	37	38	32	31	34	11	49	142	55	58	52	43	119	84	158	50	31	24	29	56	15	23	184	48	42	58	34	49	51	70	225	31	65	24	3	40	64	169	109	48	17	35	56	31	73	21	27	103	85	20	33	15	8	95	136	41	129	4	45	6	10	73	18	39	69	78	30	39	54	124	55	46	7	55	34	89	39	37	43	60	23	28	141	51	2	57	104	76	58	209	192	36	38	93	19	38	146	26	22	24	121	16	32	39	136	99	64	18	62	43	15	65	148	48	16	61	28	25	129	115	50	18	63	53	28	30	130	28	33	43	17	26	34	48	60	75	50	184	43	138	27	68	43	42	52	19	18	19	89	40	59	45	31	32	85	20	100	85	46	81	94	137	15	54	52
HOMEZ	22	31	498	88	17	16	37	71	109	647	129	221	929	118	115	36	67	371	185	37	46	57	90	22	47	84	84	363	26	114	82	69	88	55	162	28	214	47	141	513	210	357	34	37	10	27	45	144	45	43	11	77	26	40	44	34	334	106	38	31	95	280	79	158	34	55	41	93	46	272	32	59	99	113	530	78	79	27	327	350	113	37	138	295	82	150	40	125	299	425	589	668	103	355	402	471	41	405	441	132	35	48	71	130	166	172	119	767	276	218	52	25	70	67	31	3	37	9	40	40	115	283	638	53	88	42	61	62	175	545	184	3	153	100	217	256	504	140	3481	161	185	159	28	52	138	34	53	375	33	405	43	64	52	419	44	66	38	73	165	118	130	120	194	110	143	166	166	79	264	34	112	74	34	46	24	150	77	140	165	37	560	286	152	33	52	25	4	182	85	522	172	115	143	228	142	138	105	34	416	554	10	187	55	144	57	21	67	83	37	26	61	93	124	346	85	62	69	66	32	204	76	149	537	16	44	43	39	28	144	15	425	87	222	52	53	62	119	183	23	59	35	103	161	19	212	21	55	153	94	10	134	33	41	567	21	40	73	194	88	39	274	29	167	723	261	326	85	29	34	30	43	214	12	465	39	20	348	443	60	69	254	218	28	17	79	108	99	47	206	176	564	42	534	91	290	71	5	4	238	174	154	128	51	336	376	120	46	20	135	64	122	60	65	70	530	503	83	28	101	28	76	160	128	114	53	21	19	66	123	100	376	16	261	135	78	244	368	470	38	136	70	30	281	96	105	306	115	111	46	70	39	95	282	108	34	44	48	49	111	84	62	36	75	39	102	53	103	49	62	43	180	99	123	32	34	50	11	47	258	73	10	201	134	73	41	132	69	70	123	62	47	49	142	55	24	52	48	160	32	25	26	53	85	28	130	139	28	146	45	87	49	6	27	54	83	129	77	68	36	426	86	42	65	61	34	247	145	19	140	87	767	8	39	62	33	156	89	45	41	23	3	43	32	66	24	91	30	176	289	498	140	54	54	76	86	38	43	61	30	50	58	11	38	179	83	74	54	55	182	89	150	31	58	42	51	44	15	22	392	52	95	62	59	69	57	64	136	45	123	42	3	32	86	208	123	47	20	64	73	51	64	29	44	140	102	29	44	15	8	127	261	72	252	2	70	8	63	48	25	45	85	62	26	22	50	122	73	46	9	67	34	60	34	42	37	144	29	30	240	86	4	85	141	106	69	276	404	80	50	55	27	90	381	17	51	27	157	20	32	39	136	87	68	31	56	49	14	91	237	42	41	79	26	33	47	115	76	32	74	67	29	29	136	38	57	49	20	32	51	75	58	104	67	162	64	239	26	124	51	43	31	27	20	17	202	50	78	62	53	46	93	22	46	97	65	101	240	243	13	41	70
HOXA10	19	53	151	184	69	45	83	190	218	325	225	344	354	343	176	53	54	252	91	20	127	131	288	23	147	274	261	198	65	333	161	158	235	119	202	43	204	89	302	189	95	132	62	183	11	59	146	98	132	123	10	270	69	42	100	32	237	237	69	133	150	161	137	154	134	133	115	170	118	384	158	155	210	93	320	88	144	54	196	408	93	113	162	235	155	250	107	48	127	183	255	265	245	184	244	268	96	179	253	214	65	147	68	217	88	135	146	314	210	135	163	32	288	116	29	3	59	11	87	66	206	347	383	187	79	65	149	141	84	203	152	3	130	238	164	221	153	99	161	2751	326	320	44	184	250	33	191	352	66	323	177	271	198	242	109	103	64	182	94	58	64	200	209	63	285	253	176	271	110	69	189	194	85	105	57	284	127	195	186	136	276	194	152	52	113	14	5	350	301	366	182	182	124	222	236	300	253	78	281	284	11	130	97	379	171	25	196	209	76	47	193	258	248	231	265	97	189	138	56	147	117	154	255	26	148	107	20	51	71	23	171	254	216	67	52	54	217	289	26	186	87	110	70	22	99	51	158	62	56	18	207	74	128	231	16	69	93	264	210	92	263	65	340	243	379	147	80	45	59	61	143	119	27	245	88	17	322	178	171	97	362	150	107	12	92	213	96	33	126	187	272	207	479	278	426	153	5	4	234	88	103	122	172	283	281	247	90	26	247	122	244	121	168	120	230	234	107	74	142	28	160	169	327	133	223	39	28	112	173	188	359	31	372	201	105	135	230	189	76	108	76	116	237	240	234	207	225	155	221	136	100	143	197	67	68	114	226	220	157	256	80	75	24	141	237	185	102	29	143	61	176	309	168	50	43	91	66	119	242	41	13	237	135	95	27	136	55	207	71	108	81	111	185	125	56	84	113	230	72	60	40	145	143	51	83	121	39	435	90	162	125	15	26	187	217	240	235	231	103	449	270	134	127	212	26	188	304	30	75	107	272	10	81	52	18	247	135	163	140	48	2	101	42	106	40	233	51	211	223	372	246	147	157	203	215	120	144	125	73	205	137	18	45	160	216	201	159	139	204	91	138	57	44	94	48	124	18	52	336	144	105	138	65	152	146	186	236	126	60	87	2	74	236	212	276	138	24	106	108	155	240	15	187	277	237	49	114	13	8	264	234	154	271	6	102	37	34	135	44	201	275	166	25	65	166	259	141	205	8	228	68	156	80	141	64	242	49	53	318	184	15	183	245	284	190	238	278	108	161	160	15	167	93	20	29	41	188	54	116	137	385	212	164	18	131	163	17	235	181	83	51	216	62	66	106	228	428	51	201	216	62	26	295	124	70	182	59	52	106	182	157	224	146	288	177	297	52	182	131	117	103	63	42	19	203	133	233	181	128	150	488	20	83	153	102	322	221	271	17	145	108
HOXA3	50	38	52	281	149	42	103	261	229	162	578	847	290	509	257	48	294	497	154	33	140	125	425	18	145	448	370	130	100	441	305	448	234	190	344	54	400	73	299	138	122	159	75	143	9	88	151	440	247	163	88	346	52	112	170	25	227	560	89	227	169	91	271	306	173	311	246	446	164	462	236	203	450	465	457	196	372	111	119	766	142	160	279	466	246	286	84	34	121	132	154	182	362	118	465	258	94	90	217	77	68	211	370	777	52	61	619	247	189	51	231	27	507	437	170	3	85	8	149	78	359	610	474	226	24	89	288	308	83	98	105	3	244	529	113	307	232	138	185	326	4617	496	33	115	363	50	272	663	75	656	272	427	223	182	156	140	44	215	105	31	70	424	809	65	723	424	315	487	97	96	234	467	108	172	52	456	178	455	529	178	341	192	350	42	228	14	7	742	555	460	221	207	75	269	299	521	483	50	365	177	11	139	134	637	340	18	234	261	106	55	358	453	478	382	799	136	261	158	87	97	166	94	154	24	260	144	21	72	101	31	141	551	201	185	141	143	314	521	26	327	109	324	97	20	104	91	290	50	41	8	441	105	182	170	41	93	429	275	502	73	280	61	517	495	767	114	159	65	60	95	123	70	27	226	102	18	588	139	183	155	453	73	77	45	124	475	73	20	118	370	290	306	608	639	947	186	5	5	256	56	84	122	289	318	403	478	110	10	161	217	198	168	134	145	130	157	303	97	145	81	307	296	729	160	276	33	65	113	171	473	381	106	464	243	97	51	147	132	99	149	92	72	493	492	478	296	359	657	197	249	150	455	237	70	60	140	348	255	197	297	133	95	13	114	321	338	297	105	157	95	538	830	279	54	45	193	166	287	259	304	13	521	190	112	74	117	47	390	46	190	117	164	256	136	77	78	198	416	95	90	41	218	171	77	18	97	38	242	72	255	140	53	39	236	453	501	553	614	95	765	519	193	277	288	21	162	368	22	104	192	500	10	100	38	27	332	202	226	268	215	3	146	39	128	73	243	67	273	234	412	317	210	235	304	394	152	237	156	79	150	220	16	107	278	356	379	241	199	320	200	161	56	33	96	42	172	16	58	522	268	225	187	72	237	246	286	476	125	91	141	2	136	421	238	374	147	21	186	124	171	354	26	122	495	349	48	127	13	7	553	244	238	376	6	108	110	144	217	32	260	433	292	39	99	225	448	214	230	9	313	71	253	114	168	113	913	71	60	598	191	37	331	412	408	253	125	431	99	204	250	29	372	80	11	35	43	255	48	132	192	833	341	286	18	117	294	15	293	184	132	56	264	58	153	187	378	285	42	303	410	106	47	450	180	59	321	147	88	92	277	239	358	221	569	204	426	110	187	171	158	168	42	49	16	107	151	374	291	195	271	392	24	140	180	105	497	205	294	14	200	236
HOXA5	30	61	131	264	78	29	162	227	219	206	285	433	278	358	173	72	54	299	100	32	128	167	308	23	141	298	290	155	71	358	367	294	202	185	225	61	256	87	292	177	104	134	72	109	11	93	145	116	253	121	15	300	57	61	197	38	306	307	76	124	180	86	250	232	141	193	217	202	86	387	165	192	241	175	323	120	296	93	143	512	81	184	151	234	229	250	99	41	95	134	173	207	297	201	269	230	106	132	218	112	56	135	123	313	85	127	198	236	163	93	184	44	299	141	41	3	82	10	82	68	225	378	326	218	58	46	173	234	75	149	139	3	188	287	137	240	171	80	159	320	496	2659	49	147	471	43	204	432	64	349	211	283	168	248	220	142	65	202	75	40	47	276	330	52	422	349	277	370	76	102	255	365	88	196	48	405	152	262	260	136	262	148	150	73	268	13	6	387	336	369	271	193	126	217	250	528	268	117	266	231	14	101	169	466	173	28	193	231	138	65	264	341	277	221	459	145	209	162	68	119	133	131	205	26	288	122	21	64	76	29	136	545	242	104	70	63	430	320	27	230	99	129	55	24	83	36	245	78	49	11	255	94	148	158	29	139	143	200	299	85	229	80	403	268	404	128	94	61	75	95	138	75	23	180	98	18	369	124	174	129	358	127	65	12	112	391	97	36	93	203	246	199	458	514	466	275	5	5	197	89	103	96	199	349	258	388	97	11	170	207	190	151	140	143	170	184	137	84	190	43	169	173	340	129	254	33	58	148	164	312	290	61	366	190	113	92	148	154	115	72	132	71	240	216	212	229	249	227	146	170	150	182	188	48	66	135	227	197	178	237	150	67	16	131	318	242	127	38	193	131	243	469	222	60	46	174	73	151	232	53	11	347	178	87	32	91	36	192	58	123	103	145	280	167	51	119	127	280	86	70	41	146	198	72	59	119	43	209	104	306	136	32	23	209	461	306	284	399	106	593	153	230	159	200	21	173	334	30	47	83	267	10	80	46	16	303	153	197	214	77	1	151	46	129	80	235	76	223	146	353	284	176	223	231	446	147	195	152	77	131	283	18	75	331	286	371	173	168	221	106	97	67	39	107	39	133	19	56	374	211	145	145	71	204	147	224	325	126	62	170	2	85	345	200	326	122	25	146	115	167	235	8	101	377	236	56	126	12	8	423	295	179	324	3	97	69	57	147	55	223	338	188	39	76	192	261	263	221	9	262	81	171	86	141	90	489	72	56	407	178	25	232	322	354	228	174	318	127	147	173	24	217	76	11	30	56	198	42	125	160	469	218	310	21	142	284	21	265	194	82	68	229	79	93	136	278	256	66	211	399	67	18	347	199	74	229	91	94	113	232	203	229	174	340	204	360	104	196	143	142	131	52	47	7	174	165	303	254	234	290	276	22	101	142	125	359	201	350	18	159	144
HOXA7	2	13	14	42	16	18	41	43	43	8	27	41	29	42	35	29	8	41	26	12	41	42	40	19	70	28	37	21	26	55	49	12	40	41	27	25	33	38	59	12	15	5	36	39	12	32	37	8	44	30	6	41	52	4	39	20	34	21	32	26	41	6	23	22	44	25	32	21	27	49	36	41	31	6	37	26	34	24	17	52	23	43	26	18	42	46	44	15	17	13	13	22	45	16	39	34	37	14	19	27	9	31	5	10	9	11	14	18	12	19	34	28	39	10	4	3	31	11	14	27	39	25	42	47	15	13	35	33	19	21	33	3	39	16	16	32	4	20	28	44	33	49	199	79	42	16	44	46	32	40	42	38	45	27	42	34	52	43	23	26	19	23	27	14	29	33	39	45	10	21	53	31	32	45	28	49	35	17	31	39	26	11	11	29	33	10	4	32	28	28	33	21	27	46	29	42	23	41	45	38	9	26	36	52	22	19	36	47	30	20	41	44	40	30	29	37	41	44	28	25	26	24	27	16	43	32	16	30	15	17	11	51	49	2	4	4	55	47	21	43	39	6	12	18	8	4	45	4	14	6	18	32	35	9	1	33	16	11	7	70	37	33	53	13	41	22	19	8	33	33	48	3	2	31	32	13	32	15	73	22	48	23	31	5	31	33	31	18	21	22	36	32	51	39	32	51	6	1	24	23	23	28	26	47	29	42	36	1	45	44	44	34	47	36	19	10	13	27	44	3	17	17	35	34	50	3	3	40	22	12	22	1	40	30	32	5	12	21	39	17	38	31	20	27	29	41	40	17	42	37	34	32	39	16	25	37	38	43	39	47	23	26	1	46	50	11	14	5	45	36	26	22	35	23	23	26	4	31	45	21	12	45	41	24	11	18	14	32	20	27	29	35	40	42	15	42	31	23	26	33	19	25	47	23	10	30	24	45	39	48	42	3	11	37	44	29	8	9	39	40	39	41	41	40	16	31	59	23	8	11	27	10	30	25	6	47	22	43	33	3	1	37	28	37	22	58	27	40	20	41	60	44	41	43	56	37	42	41	34	36	45	13	18	36	35	44	34	41	36	17	10	37	22	38	20	38	15	27	47	44	31	27	21	31	23	37	29	37	4	35	3	18	37	25	51	40	22	26	35	44	41	3	40	31	36	32	44	13	8	36	28	40	48	2	27	2	5	33	32	40	37	30	21	24	44	31	50	60	10	41	31	33	22	43	18	30	22	28	48	80	2	28	52	53	41	20	42	40	43	33	3	28	18	8	6	36	31	39	34	38	24	31	44	16	36	42	17	46	26	29	28	42	34	15	25	43	54	36	38	40	17	3	45	41	24	41	7	33	75	41	40	37	36	34	49	53	29	41	42	45	31	53	19	6	39	40	39	47	40	35	46	14	21	22	36	43	43	61	16	42	24
HOXA9	2	28	32	125	32	25	79	114	106	42	96	133	77	151	87	53	16	102	45	14	88	85	139	22	217	108	102	50	45	183	125	58	99	88	75	36	92	58	161	38	34	33	54	89	11	55	93	20	109	70	6	114	88	16	80	27	73	95	48	73	91	24	66	64	98	68	82	81	74	143	106	106	93	25	93	39	78	49	36	171	45	88	65	63	102	120	95	20	36	37	44	62	116	34	92	77	79	39	52	61	14	73	17	54	17	29	47	59	39	35	75	42	143	37	11	3	70	11	37	41	93	108	119	133	27	17	97	73	26	41	64	3	93	75	40	58	19	28	52	184	115	147	79	855	115	20	110	127	55	111	131	134	126	60	93	70	84	100	41	42	29	72	73	19	111	97	88	158	19	38	130	90	65	95	45	160	69	58	77	90	73	30	64	58	68	10	4	160	112	83	78	70	51	94	94	135	131	96	99	80	11	46	84	180	87	23	103	126	67	31	144	154	142	88	115	70	106	106	46	61	55	50	56	20	114	59	18	41	26	29	35	152	102	28	26	24	138	190	23	125	79	32	26	23	17	19	108	11	20	8	65	52	77	31	5	65	34	49	60	151	85	69	156	60	128	44	39	16	51	58	107	18	4	69	65	15	97	32	229	49	123	42	64	6	63	93	55	21	43	73	83	95	160	120	137	115	6	2	59	29	45	61	73	118	84	106	65	2	101	89	104	70	103	66	45	38	33	54	96	15	61	43	126	61	132	7	5	93	42	69	80	6	120	69	60	13	42	42	76	35	64	61	59	124	120	102	110	45	122	81	71	64	87	24	41	88	125	129	83	116	50	41	5	88	148	67	52	15	115	61	70	94	81	43	37	61	30	79	112	28	12	110	91	43	18	42	21	98	26	61	56	72	108	101	24	85	71	76	50	65	34	65	105	41	21	55	37	125	79	114	89	4	14	87	116	91	65	73	82	136	83	101	109	110	19	67	150	30	14	29	78	11	66	43	6	120	43	117	77	14	1	74	36	74	39	140	41	87	65	109	142	84	98	119	132	77	105	98	65	92	99	16	28	83	98	114	98	96	96	44	32	61	28	85	31	82	16	42	142	92	62	62	33	76	75	111	80	75	12	80	3	30	102	61	155	94	25	50	82	112	123	4	89	112	106	50	87	14	8	97	63	93	119	4	55	12	11	74	50	131	111	93	27	42	120	105	109	151	12	142	61	73	45	95	29	94	48	48	157	253	5	63	130	172	107	58	100	66	113	64	4	75	36	13	10	49	81	74	70	96	124	112	118	18	69	117	18	138	63	49	49	124	57	29	58	110	163	54	109	124	36	8	142	95	48	126	20	60	180	106	105	81	70	109	127	142	52	96	94	90	69	93	26	10	97	104	108	113	96	89	149	18	43	59	69	132	94	155	17	102	58
HOXD1	22	39	169	191	68	26	112	169	160	254	165	263	335	250	153	62	40	258	93	27	103	105	219	20	110	199	204	215	57	240	247	212	153	120	207	56	186	72	208	183	87	118	59	95	10	87	104	91	190	88	13	184	53	24	157	31	323	161	55	109	112	142	138	113	108	131	166	129	68	285	135	121	161	87	271	71	219	79	209	369	96	144	141	214	177	210	85	38	91	206	262	271	188	245	236	265	74	176	289	157	47	123	58	150	141	159	109	274	190	141	131	38	231	72	26	3	77	10	66	53	151	311	359	149	112	48	127	140	73	206	187	3	123	166	163	188	197	89	138	250	363	471	42	115	1777	31	150	310	60	272	155	209	141	321	150	96	58	130	81	52	47	176	181	65	239	225	199	238	104	71	161	231	71	143	47	258	108	159	144	113	292	172	65	53	180	10	6	231	224	371	274	182	116	191	220	453	156	71	247	240	11	122	129	340	156	26	136	165	106	40	174	236	195	162	289	89	132	125	60	139	80	147	267	23	203	80	17	50	78	24	165	326	235	47	27	26	337	225	27	154	91	95	76	23	110	18	152	103	66	10	212	69	116	213	11	99	77	205	140	69	262	68	254	186	284	148	69	35	58	87	110	126	10	239	70	18	299	168	117	101	263	199	62	8	80	286	85	31	102	200	268	155	373	316	306	206	5	4	181	100	104	138	129	267	292	193	67	6	155	113	167	82	122	89	216	236	91	67	109	17	117	172	256	112	172	21	21	123	135	164	289	55	349	203	127	174	243	195	99	88	121	70	237	148	144	200	170	128	122	105	105	126	198	66	58	100	176	157	139	169	122	47	25	99	218	142	70	20	120	97	145	286	167	57	40	146	45	126	216	34	9	243	137	81	26	111	52	171	65	100	81	116	257	117	54	88	119	233	65	48	28	103	123	62	95	111	40	166	73	209	102	20	20	143	274	185	159	211	85	416	114	176	124	163	20	172	231	26	51	74	188	9	62	49	17	208	97	136	169	37	1	125	42	93	73	171	54	192	193	323	177	116	139	161	295	114	136	113	65	117	180	13	49	267	178	225	130	121	150	92	79	55	38	82	37	104	16	47	303	132	98	108	62	124	106	159	195	85	57	141	2	67	208	177	215	105	22	86	84	113	188	7	89	251	169	53	101	11	8	209	370	130	250	3	89	51	27	118	45	169	219	149	37	63	141	215	186	157	8	182	61	118	62	119	52	300	50	56	279	137	15	132	183	241	200	251	265	86	140	117	17	173	67	15	20	47	173	35	86	123	259	187	231	20	142	185	18	169	184	66	54	168	55	70	121	200	190	51	167	282	69	17	225	161	65	158	58	59	81	138	135	160	108	220	135	261	85	152	111	116	86	52	36	12	155	99	192	159	177	214	210	22	73	112	88	208	164	254	16	124	98
HSF2	5	9	27	28	8	15	26	26	22	43	29	41	51	33	27	16	8	41	24	15	23	19	36	14	21	29	30	36	18	41	29	16	24	26	33	14	35	23	42	34	26	29	18	25	10	19	24	18	22	21	6	29	16	15	21	14	27	34	19	18	34	16	30	28	23	25	25	19	17	50	22	24	31	16	41	28	27	18	28	46	27	25	27	26	24	28	19	19	25	21	37	38	41	29	32	41	24	23	43	24	8	20	12	29	23	17	21	55	21	26	24	16	27	14	6	3	18	6	12	18	24	37	54	24	11	20	28	34	22	26	25	3	34	26	31	39	37	28	34	33	50	43	16	20	31	617	25	46	19	43	23	24	24	42	22	25	15	30	29	18	25	16	34	14	32	37	33	50	21	21	41	29	16	38	17	45	29	21	22	23	43	39	24	16	23	12	5	81	35	55	34	19	21	36	28	32	83	18	36	31	10	31	23	41	29	14	28	27	23	15	31	39	32	40	37	25	36	21	19	28	28	26	40	13	27	22	14	19	27	11	25	47	36	7	9	8	37	22	17	31	19	15	13	14	19	5	26	16	19	5	27	19	25	37	5	19	22	34	14	15	38	17	39	28	43	28	20	10	20	22	25	20	12	39	21	15	38	22	24	23	37	23	23	5	23	33	24	17	28	31	50	24	67	31	43	26	6	1	30	19	25	14	26	39	37	37	21	12	32	27	26	32	21	25	37	35	14	18	25	4	17	20	34	27	31	5	15	18	30	20	36	3	47	23	20	13	24	27	19	21	20	24	40	33	28	35	31	31	24	32	19	25	38	17	17	26	23	26	20	25	20	20	5	25	35	15	14	5	22	22	30	39	27	19	16	34	7	19	34	15	9	36	51	16	13	23	25	24	18	28	22	22	33	25	14	19	23	32	18	14	13	17	30	21	14	19	18	37	18	34	22	2	11	29	43	29	26	15	19	48	35	25	26	29	16	31	39	16	21	18	47	7	20	16	9	37	25	29	27	7	1	21	19	24	19	35	18	31	37	59	39	23	31	33	38	20	25	29	22	34	30	8	16	38	32	28	23	23	39	20	22	18	15	25	16	22	13	15	46	23	28	25	20	28	18	26	47	19	10	22	3	14	33	30	40	19	16	25	21	19	31	2	25	33	32	18	26	10	6	39	38	32	42	2	23	3	8	25	16	27	35	30	14	16	35	27	35	32	5	22	24	27	19	19	15	36	17	20	49	21	3	23	43	29	31	27	39	27	28	32	6	22	25	6	6	18	35	10	23	24	61	27	29	14	25	31	13	22	27	17	15	34	22	18	21	38	31	19	28	29	11	6	39	20	21	30	11	23	18	37	22	32	22	43	21	38	21	28	26	22	23	16	15	3	43	29	30	26	24	24	38	12	20	23	27	36	32	45	14	28	18
IKZF4	9	29	10	192	63	28	86	196	188	19	159	244	50	289	125	59	31	127	49	14	142	99	263	21	150	235	417	29	74	288	159	142	164	132	131	44	153	76	211	19	32	27	65	122	10	73	151	55	159	231	13	229	55	11	107	24	78	234	72	123	120	5	128	117	148	124	116	110	83	233	172	159	177	87	134	68	129	61	19	269	54	121	85	98	164	173	85	15	20	15	11	26	221	12	104	83	89	10	27	60	64	126	66	198	7	20	122	28	61	14	281	32	275	170	42	3	74	10	77	65	155	171	107	200	8	29	170	122	23	14	41	3	109	186	42	76	12	41	53	191	272	204	44	110	150	25	1357	211	68	172	195	243	169	56	119	108	51	136	36	18	23	162	188	18	219	187	147	301	13	78	165	168	96	133	54	258	109	151	180	175	74	30	93	45	111	10	5	312	254	90	97	90	43	137	147	214	273	51	123	73	11	52	89	323	147	21	175	196	83	32	236	244	211	116	265	95	143	145	74	52	73	50	27	18	182	179	16	65	27	39	17	285	126	49	38	30	173	199	23	201	103	73	17	22	13	30	171	4	13	6	125	88	142	17	17	74	94	55	199	77	104	67	262	124	248	32	49	30	53	71	120	3	2	37	93	15	165	17	154	86	212	22	85	12	74	189	42	16	42	91	56	186	202	252	268	130	5	3	85	20	38	24	163	127	89	207	174	3	121	141	134	98	105	207	18	12	83	74	116	20	114	75	294	82	199	16	8	89	75	198	113	18	180	95	72	3	17	25	81	45	68	68	118	204	191	123	173	139	168	143	127	152	71	15	53	128	242	190	137	203	64	53	2	108	208	141	90	27	115	65	153	281	106	49	40	89	60	104	156	37	13	166	115	56	14	41	16	177	24	88	83	121	133	114	48	76	89	125	78	54	26	110	135	51	7	59	42	152	68	142	134	10	21	142	211	209	246	219	107	258	132	126	123	220	18	77	241	23	31	47	133	11	94	34	8	186	198	154	131	33	1	98	36	89	46	186	56	147	62	136	212	132	187	204	223	111	156	153	77	148	140	21	43	102	423	209	181	141	166	62	54	58	29	113	26	124	18	60	212	150	84	218	42	317	124	199	194	101	15	97	2	70	427	94	234	109	22	223	84	146	240	5	102	201	209	56	124	11	8	219	72	176	200	3	63	29	30	136	43	198	464	180	31	69	174	205	129	209	11	221	68	134	84	146	60	214	60	57	257	142	8	325	217	259	158	34	158	65	197	141	8	140	22	4	7	45	112	49	106	161	518	171	171	16	82	216	18	227	66	83	62	194	62	51	78	194	221	49	213	216	57	7	239	141	62	204	52	71	88	202	179	336	250	208	169	233	64	115	148	134	105	57	37	3	72	158	445	165	122	132	255	15	104	86	79	233	124	195	14	133	116
IKZF5	46	84	150	392	105	38	109	292	256	378	415	874	677	401	288	78	87	651	207	38	127	207	339	28	145	358	343	351	77	420	263	265	239	156	462	59	607	98	356	321	216	274	76	102	11	73	137	169	164	133	33	330	49	75	135	38	287	473	82	147	235	215	242	395	155	192	159	224	118	515	146	181	331	373	723	166	283	80	346	1114	161	113	272	611	311	297	102	78	263	341	446	486	386	240	688	580	99	297	398	134	93	200	224	526	86	165	391	648	286	114	212	39	364	217	82	3	87	10	150	85	329	639	954	203	69	139	222	314	114	338	247	3	341	427	208	466	288	226	375	352	663	432	46	127	310	46	211	3773	78	1001	199	308	169	329	130	223	56	231	154	59	109	505	615	128	694	616	510	382	251	94	364	278	107	154	61	588	233	458	466	140	655	357	228	71	189	27	5	575	406	645	263	282	146	404	352	412	397	88	668	440	13	257	126	585	316	29	189	260	96	50	265	488	491	423	449	176	246	198	89	183	147	182	469	29	175	154	33	63	166	38	306	395	387	72	86	84	273	520	38	228	102	231	180	26	192	48	247	64	54	15	482	101	151	379	31	90	263	422	358	91	423	72	490	455	754	268	177	69	78	71	135	184	30	485	102	24	948	360	194	195	538	207	72	37	160	300	114	45	288	557	653	208	850	392	955	167	6	3	397	121	149	229	245	654	687	462	135	22	226	234	275	183	158	190	401	363	228	98	259	40	217	368	494	174	236	60	45	185	250	436	564	59	606	281	154	149	325	333	92	213	92	75	614	369	361	446	372	456	142	208	139	318	458	135	70	153	240	204	273	282	116	121	31	122	417	266	206	67	173	99	500	452	384	63	58	158	83	177	353	101	14	619	303	149	57	170	65	271	86	193	107	162	251	189	80	137	177	560	93	86	49	219	283	55	59	221	52	299	122	243	154	25	40	233	322	496	349	289	94	1111	231	129	205	232	36	370	430	27	138	228	485	13	89	69	30	493	250	163	175	99	3	122	41	156	59	263	58	435	407	665	365	216	207	281	310	137	186	184	89	153	180	18	86	276	328	311	192	191	322	203	245	71	58	98	48	184	21	48	832	207	268	213	103	230	212	262	526	132	100	115	3	125	360	354	430	134	24	182	144	160	274	28	107	580	344	49	143	16	8	528	310	225	610	3	144	59	108	183	46	211	379	249	36	91	226	416	203	215	9	271	70	244	107	145	113	505	80	60	868	225	18	309	440	400	254	312	764	151	177	239	33	348	150	21	52	47	319	53	116	174	650	338	225	27	146	216	19	293	281	129	83	246	65	98	207	414	276	52	265	272	110	58	478	139	74	230	73	77	118	278	223	311	229	585	206	671	73	236	157	157	134	48	59	19	237	165	321	245	161	184	339	31	167	236	135	421	251	557	20	172	218
IRF1	6	17	12	74	28	20	50	76	63	12	52	64	42	81	75	37	8	58	35	10	78	49	79	20	58	63	65	22	30	86	64	33	54	55	54	31	65	37	78	12	17	8	39	60	11	40	65	16	65	56	6	62	39	8	48	17	44	49	54	47	45	8	36	27	53	33	49	35	41	74	63	60	52	20	57	33	60	34	18	90	31	55	34	39	67	67	50	16	17	18	16	29	73	15	51	52	44	14	24	36	9	64	8	30	8	8	25	26	23	16	57	28	78	22	4	3	45	10	44	35	57	52	55	72	9	17	96	44	20	18	36	3	50	66	32	45	11	27	33	66	75	64	32	55	60	19	68	78	481	143	60	72	65	37	56	50	38	65	36	18	18	46	51	17	58	66	59	92	12	37	69	62	52	55	35	84	54	52	55	58	43	17	22	35	47	9	5	88	72	47	49	32	29	49	90	73	70	35	56	52	12	37	49	98	73	21	69	75	43	22	80	88	77	44	69	44	65	58	28	35	33	29	26	17	63	37	16	37	19	20	11	97	62	9	11	7	67	41	21	74	56	33	12	22	10	13	55	2	13	6	46	58	78	15	4	41	34	26	22	46	49	43	77	31	83	28	29	13	38	41	50	4	3	32	64	13	66	18	63	41	67	19	49	6	40	63	26	17	30	40	40	56	84	71	74	60	5	1	38	18	31	17	51	62	36	68	46	2	52	50	52	33	54	46	21	11	29	47	48	6	37	30	79	38	66	6	3	53	31	26	38	6	66	42	52	5	14	18	53	26	41	47	48	65	58	65	68	30	68	55	47	54	45	15	25	54	71	65	58	65	40	26	2	52	86	32	33	7	51	40	40	65	54	36	32	38	10	37	61	23	10	64	56	55	14	26	14	58	22	48	39	55	57	53	29	52	45	56	56	28	18	59	59	32	10	37	43	59	49	66	64	2	15	53	74	67	69	33	57	82	57	60	59	69	16	43	86	25	11	22	53	11	67	28	6	81	38	62	54	7	1	43	28	42	32	75	30	60	51	61	76	50	71	102	85	56	54	56	63	61	57	11	20	50	66	62	92	55	65	32	27	42	24	56	20	83	15	32	86	53	34	44	24	56	63	97	59	47	10	49	2	36	69	46	79	55	21	35	45	56	70	5	54	61	96	43	50	12	8	66	38	90	84	3	28	8	10	58	32	74	70	93	22	37	71	95	69	72	9	69	39	55	36	51	30	61	28	53	93	57	4	46	74	90	60	34	70	39	66	51	6	53	21	4	9	37	40	26	46	89	65	95	69	17	41	82	14	78	32	40	42	74	46	19	42	68	73	37	98	72	24	8	77	61	44	67	18	37	46	68	90	58	40	64	61	86	34	56	66	64	55	37	22	3	44	64	70	66	55	58	80	13	36	52	40	66	48	78	16	63	62
IRF2	39	65	153	334	85	35	85	231	214	329	475	901	589	353	204	67	147	648	194	34	107	182	289	27	112	299	261	325	57	358	224	231	200	133	461	52	574	77	282	322	212	273	59	89	10	61	114	255	122	108	51	267	49	80	109	40	246	451	61	126	201	196	189	336	111	181	150	239	121	433	111	159	262	490	732	171	269	75	302	981	108	92	220	513	291	260	83	65	213	323	364	453	327	225	762	519	83	285	333	136	87	161	319	660	83	147	553	544	245	108	174	35	315	304	114	3	79	10	124	72	343	590	830	176	78	87	204	218	123	342	239	3	386	368	157	369	256	159	405	323	656	349	40	111	272	43	172	1001	143	3829	161	256	153	284	108	192	56	192	131	52	97	472	766	106	657	544	469	310	208	73	320	252	82	106	49	502	213	506	548	118	604	260	287	68	169	24	6	489	340	498	208	231	145	348	270	324	276	76	685	461	11	218	102	485	217	27	149	213	77	50	233	385	476	453	404	153	187	182	77	168	144	151	404	24	141	133	35	57	128	22	317	334	354	76	76	88	235	476	28	204	89	301	132	24	144	59	184	75	56	12	356	81	130	297	25	77	370	279	378	82	352	55	435	482	726	269	171	58	73	62	105	148	30	392	78	17	858	329	149	181	488	190	53	31	150	265	101	40	235	409	559	152	685	335	952	131	5	3	348	129	145	176	219	635	528	403	109	33	200	179	213	160	138	167	366	289	243	80	232	48	200	293	511	136	179	40	43	195	212	383	524	82	433	226	133	144	258	336	76	197	86	56	539	353	343	417	352	746	126	200	114	316	419	115	55	118	185	172	268	238	110	105	31	98	364	223	199	72	146	87	605	417	313	63	54	116	70	176	303	105	14	635	263	122	58	133	57	236	77	135	97	121	197	174	62	133	128	417	78	62	43	200	269	50	63	227	39	241	117	187	111	47	41	196	287	425	349	312	77	927	212	112	201	197	29	361	350	25	102	196	491	11	67	73	25	453	211	166	134	261	4	98	39	106	54	228	50	397	306	539	289	174	170	240	243	116	153	151	72	110	155	16	73	245	281	255	159	153	296	154	189	56	49	79	50	145	17	34	774	173	310	158	88	183	205	198	480	108	96	89	2	116	304	305	315	108	21	164	135	130	227	24	96	448	283	44	110	12	8	456	261	176	554	2	122	68	134	158	39	165	309	211	29	80	179	373	181	163	9	209	59	199	88	128	114	571	55	47	756	193	30	267	330	310	204	238	697	128	151	233	25	338	146	19	47	37	287	49	96	138	517	280	181	25	112	161	17	250	236	112	78	216	54	75	138	346	218	44	225	216	94	46	390	116	59	176	63	55	110	229	184	285	198	504	173	603	59	183	126	126	124	42	46	18	195	122	265	210	119	140	277	31	121	179	112	347	236	489	15	141	232
IRF5	7	28	10	182	106	28	80	236	161	11	147	250	56	290	123	59	15	118	55	12	139	97	287	22	150	463	241	31	88	258	167	141	139	156	131	41	129	64	186	13	24	18	61	118	10	72	170	17	167	133	11	211	55	26	104	22	78	217	67	292	74	2	110	98	168	104	118	105	85	187	345	178	179	77	132	53	114	66	15	293	59	140	108	112	166	156	79	15	26	17	13	25	173	9	105	84	77	10	22	51	21	133	40	189	8	15	126	28	58	15	160	34	490	101	40	3	76	9	88	67	152	176	119	183	8	32	164	136	21	14	39	3	80	253	37	58	13	40	43	177	272	211	42	131	155	23	195	199	60	161	1435	501	174	50	128	94	46	226	34	19	21	213	163	15	278	196	121	365	11	54	119	196	111	125	52	249	87	160	134	158	90	25	55	48	110	9	7	271	289	90	89	74	36	98	141	210	233	60	110	59	10	50	84	344	170	25	179	181	82	48	261	269	242	92	271	85	150	126	62	47	64	42	26	18	169	64	15	65	31	39	15	283	99	45	34	31	175	231	23	230	105	65	20	24	14	52	201	2	13	8	151	81	146	10	12	80	84	47	245	80	97	71	289	104	215	40	54	22	56	84	100	1	8	50	89	15	176	15	164	90	180	20	69	8	61	176	40	16	34	115	73	378	176	272	302	135	5	3	48	19	42	31	188	104	110	199	73	1	87	129	105	68	94	74	20	10	103	62	88	26	113	92	420	75	234	6	12	95	58	201	104	34	174	130	64	4	16	27	94	39	63	82	150	196	179	127	148	138	130	114	117	121	81	14	44	124	423	200	129	198	55	70	1	92	206	200	113	31	222	62	136	315	136	53	45	90	58	113	142	34	11	170	104	55	22	39	15	298	20	82	78	109	132	108	49	74	119	164	78	55	29	122	103	61	6	40	35	126	71	114	142	8	17	165	192	199	264	254	105	302	132	134	118	222	17	50	230	24	20	44	102	14	81	34	7	166	67	173	146	36	1	104	40	97	48	174	59	125	47	114	165	141	210	223	189	125	208	128	73	118	129	18	50	92	197	215	166	156	139	63	24	57	29	98	31	113	19	53	199	202	80	108	40	141	137	211	140	94	6	96	2	70	249	75	212	110	23	72	76	155	249	3	104	280	212	60	111	13	8	224	72	149	155	4	60	33	45	170	43	253	256	181	32	74	182	207	127	200	10	219	60	167	68	134	47	223	76	56	238	141	8	142	166	290	169	23	150	65	176	167	5	150	21	4	10	52	115	40	120	179	330	200	163	18	89	230	17	212	75	107	47	192	55	47	74	188	226	45	208	211	66	11	231	135	48	275	71	67	79	163	192	198	100	224	163	200	81	112	138	150	130	54	35	3	51	136	241	194	136	158	266	20	85	81	73	257	97	155	15	132	105
IRF9	14	38	10	232	143	36	82	305	222	33	262	392	83	428	174	58	27	170	65	16	156	108	407	21	162	688	368	50	99	371	189	219	200	190	182	52	191	72	250	26	35	35	73	147	10	76	188	49	191	159	20	317	52	51	127	25	103	313	76	361	91	7	164	159	196	155	148	165	106	283	398	235	287	131	197	80	151	70	23	434	78	147	149	184	215	202	94	16	38	28	21	39	258	14	153	111	85	13	41	62	41	173	72	316	10	31	195	50	105	14	214	33	728	170	55	3	76	9	128	76	212	302	170	225	10	45	213	198	31	18	51	3	97	407	58	105	16	54	64	271	427	283	38	134	209	24	243	308	72	256	501	2313	228	73	136	117	46	295	43	20	30	321	276	26	440	294	172	511	12	74	154	282	122	137	58	348	126	265	221	190	139	56	103	44	145	9	7	439	454	153	118	112	41	142	201	291	342	54	160	73	11	65	93	529	255	22	231	260	83	57	335	356	311	146	388	103	247	151	73	62	84	47	32	18	203	92	16	59	43	36	28	386	122	79	57	51	203	369	25	295	115	119	28	24	20	66	258	5	15	9	247	91	198	20	22	83	135	119	351	83	146	77	435	209	391	43	89	51	50	78	123	2	11	68	107	14	277	22	190	123	278	28	82	12	83	264	39	14	54	178	89	518	274	406	476	148	5	3	99	22	49	45	272	140	164	297	88	1	125	167	157	87	110	97	26	24	160	82	102	45	200	145	625	105	302	16	24	104	85	320	171	51	304	180	80	3	29	33	92	60	71	85	219	279	260	150	191	224	176	146	145	171	98	24	60	143	574	250	159	286	64	123	2	109	271	325	154	39	249	64	206	470	190	59	54	118	95	158	190	48	11	254	124	87	24	51	14	418	27	112	102	145	169	123	64	78	157	230	88	66	33	187	127	64	6	54	35	175	70	133	147	16	26	229	262	320	404	374	110	468	180	162	137	290	19	75	315	27	34	84	188	14	94	30	9	218	115	209	212	68	1	121	37	116	50	224	60	172	78	179	220	172	250	289	236	165	247	132	76	149	140	16	63	101	309	308	225	191	175	80	67	55	27	102	37	137	20	58	285	242	103	152	51	207	202	296	238	124	18	110	2	99	354	120	293	134	23	105	98	192	373	9	130	412	299	61	122	15	8	364	101	192	215	6	88	56	71	218	39	315	401	257	33	98	204	340	136	245	10	314	76	231	81	165	63	359	80	60	342	165	16	235	254	370	235	43	210	68	211	212	6	217	23	9	16	49	169	47	153	210	562	294	205	17	113	271	16	316	108	157	52	270	58	77	112	275	295	42	293	281	79	17	346	159	50	328	110	68	86	183	249	303	154	347	211	280	115	150	152	165	153	52	50	7	66	155	335	255	157	218	358	22	99	136	79	395	135	201	15	180	149
IRX3	4	40	16	155	47	30	86	167	261	29	144	199	65	304	95	53	16	113	44	12	139	96	284	23	158	203	191	34	58	429	154	103	310	146	100	43	110	85	236	21	23	15	66	139	10	71	156	34	156	97	9	329	65	23	96	24	87	156	67	126	87	11	118	89	145	118	106	139	112	244	173	158	152	52	124	57	110	51	26	239	53	120	85	90	140	339	100	16	21	25	25	41	183	25	94	82	87	22	39	64	23	108	41	146	12	29	96	37	72	20	114	38	233	72	29	3	69	11	62	55	138	151	114	207	17	23	141	116	21	23	49	3	94	146	47	74	17	30	52	198	223	168	45	126	141	24	169	169	65	153	174	228	1165	55	112	83	52	124	32	24	20	130	128	20	185	136	108	271	19	50	147	160	88	132	53	224	87	124	134	158	92	32	100	51	100	9	6	276	232	97	99	78	36	105	113	219	244	66	105	78	13	42	89	281	107	22	199	175	77	34	213	223	186	130	206	77	146	121	45	69	59	45	36	25	176	73	16	58	24	35	14	249	102	49	39	40	173	160	22	198	88	53	21	21	11	39	162	10	19	14	111	65	132	25	8	65	71	54	144	91	89	75	262	118	184	39	45	28	57	73	140	7	5	46	78	15	129	23	158	61	325	29	75	8	66	180	40	16	33	78	67	194	207	235	232	131	5	3	72	26	44	37	125	124	88	157	81	5	211	130	233	89	190	88	31	25	65	61	105	20	98	71	240	93	210	20	14	94	57	116	201	20	163	110	68	12	28	34	95	35	64	73	92	215	206	108	136	97	169	114	94	93	84	22	86	107	213	364	119	343	55	44	3	193	203	146	85	19	123	67	117	240	105	49	43	80	52	98	129	26	11	148	104	50	18	86	15	172	25	84	79	92	133	112	35	82	86	114	68	56	28	105	107	50	13	57	40	154	75	128	127	6	17	141	189	141	192	194	126	214	114	143	105	199	18	57	210	24	25	33	129	13	77	37	8	145	73	170	145	19	1	109	40	85	47	327	48	111	59	124	171	120	157	183	187	103	156	127	72	130	132	16	36	94	154	182	155	146	127	50	36	52	29	103	30	113	18	54	190	127	72	97	38	126	119	184	131	185	14	98	2	45	168	87	183	133	23	80	79	157	230	5	105	186	194	55	111	13	8	156	74	149	149	3	55	35	32	123	45	186	204	154	26	66	154	165	136	201	11	217	77	135	64	144	46	199	54	61	200	154	10	119	168	234	159	38	123	68	174	97	6	115	28	7	10	44	105	55	116	146	270	139	149	17	94	189	20	204	80	73	55	208	62	42	74	173	225	52	184	223	59	11	224	126	53	207	41	66	86	163	157	162	106	179	164	187	56	129	142	125	87	63	37	6	98	144	179	167	122	147	246	18	55	77	75	255	215	165	16	140	77
ISL2	42	55	717	83	32	20	45	56	119	1270	79	121	1310	95	185	32	80	404	161	47	43	49	78	17	52	73	86	719	39	87	92	127	136	48	276	41	181	59	219	714	217	437	45	33	10	36	41	226	55	36	6	99	33	11	57	35	706	45	29	38	108	547	60	88	42	57	54	43	35	416	42	40	111	36	507	71	90	40	714	276	149	44	182	308	83	227	37	132	246	680	1101	1041	94	953	416	658	58	729	1065	335	65	81	24	37	521	591	33	1166	519	498	47	25	69	16	5	3	32	9	34	42	60	468	831	50	258	93	55	93	214	860	407	3	92	43	492	319	641	173	419	242	182	248	27	60	321	42	56	329	37	284	50	73	55	3889	51	45	45	94	211	132	125	72	78	143	80	179	183	77	377	37	91	88	35	57	23	119	55	51	51	37	774	564	59	30	66	12	4	124	93	945	484	324	311	356	202	258	99	31	462	728	11	283	76	217	111	18	53	62	54	25	57	68	68	236	86	52	88	47	33	341	92	358	1200	17	58	48	24	23	233	22	629	104	388	10	4	4	257	220	22	55	46	72	183	20	353	5	56	342	208	9	178	36	42	947	4	38	26	468	24	46	589	33	155	371	276	462	59	27	29	38	75	610	5	697	40	22	394	611	55	78	325	574	31	13	54	115	163	80	265	247	758	47	690	99	201	144	5	4	355	296	223	303	55	474	578	109	32	7	233	70	189	49	81	77	867	992	28	34	97	5	42	225	83	121	56	45	9	73	213	50	645	16	622	357	153	803	1088	661	40	168	100	32	343	44	41	340	119	39	45	53	45	50	416	153	46	43	52	52	106	78	75	36	64	46	79	39	48	24	50	43	49	81	105	32	27	119	14	43	342	44	10	152	132	125	19	289	145	72	219	90	61	87	298	47	48	35	82	239	41	27	25	63	64	39	328	193	25	179	31	84	41	7	30	77	99	106	36	42	37	530	75	74	55	55	33	366	169	19	131	115	454	9	38	72	31	152	93	43	69	4	4	60	28	88	37	94	33	222	526	938	142	52	51	63	126	52	53	47	32	42	61	14	43	281	62	95	57	50	163	96	156	42	55	32	55	54	16	30	362	56	63	70	76	54	61	70	149	44	249	61	3	35	78	325	146	55	20	52	51	42	64	26	34	106	115	33	38	28	8	105	886	57	305	3	88	16	11	48	24	56	78	77	34	31	60	130	89	58	8	63	39	58	38	44	33	88	30	30	163	104	5	48	140	91	125	830	398	92	48	55	27	61	211	32	66	30	200	20	39	42	89	107	80	31	179	60	16	85	469	33	30	75	28	46	131	135	76	27	73	86	29	47	155	49	64	52	17	38	57	59	57	83	63	160	58	219	42	176	44	46	35	29	27	31	338	46	67	55	56	75	98	23	73	150	80	107	225	298	15	66	36
ISX	5	22	14	141	36	20	136	122	92	11	81	118	51	142	62	68	4	98	46	11	96	100	135	24	100	106	108	22	47	183	209	79	85	100	63	37	83	57	134	17	25	16	59	82	11	92	92	12	198	75	6	120	51	16	147	25	94	77	51	77	77	3	82	49	93	77	121	74	61	136	111	104	91	36	104	39	140	63	16	193	32	130	56	65	122	114	90	15	16	13	14	25	127	24	67	59	75	14	25	45	13	59	19	73	12	11	41	28	34	16	93	42	148	24	10	3	74	9	27	40	96	78	93	150	10	18	88	80	21	19	39	3	101	72	16	53	13	26	44	109	156	220	42	93	150	22	119	130	56	108	128	136	112	51	629	72	51	99	25	22	19	63	74	12	111	87	92	156	10	43	137	144	63	125	42	186	74	65	74	98	54	22	43	70	119	9	4	137	106	68	101	51	40	60	74	201	115	107	72	67	10	31	130	169	49	27	105	123	109	36	137	181	136	71	152	80	88	121	40	45	45	36	32	18	200	53	16	49	21	27	13	224	91	29	18	15	231	60	22	134	81	28	12	22	9	20	115	5	14	7	52	53	76	9	6	107	40	31	67	65	47	64	135	42	103	35	32	17	66	89	96	3	6	37	60	14	85	18	101	56	113	20	64	5	59	162	41	16	28	49	58	102	161	171	123	187	5	3	36	21	39	22	73	122	46	119	66	2	79	94	89	62	87	65	25	15	36	55	107	13	56	30	116	63	157	4	14	100	41	67	47	19	85	64	72	4	13	23	116	24	109	61	62	100	100	113	101	43	105	76	78	69	71	13	32	78	141	119	83	108	74	32	2	86	178	57	38	8	144	108	73	140	106	46	42	84	28	51	87	22	10	113	110	33	19	30	19	106	26	58	60	81	166	120	22	94	66	80	47	34	22	36	113	58	12	39	34	111	87	176	93	6	15	87	180	71	77	105	89	140	67	174	106	113	18	43	141	27	12	17	59	9	63	38	6	135	47	123	119	18	1	89	39	79	60	136	49	87	37	78	138	92	113	122	236	77	109	93	68	99	192	13	31	134	118	134	101	99	78	40	14	60	32	90	24	79	16	50	154	96	63	64	33	89	51	108	72	67	6	137	2	32	125	45	149	86	24	56	91	111	123	2	80	117	99	56	98	11	8	120	77	104	128	2	35	23	13	74	52	124	124	107	31	41	128	85	182	140	10	140	55	72	43	74	32	163	46	53	173	107	4	72	125	166	107	17	95	68	105	62	5	82	27	5	7	48	62	31	65	106	126	84	205	17	62	151	17	123	60	44	57	112	68	27	44	102	131	60	107	217	45	5	140	170	51	115	27	67	73	110	105	88	74	94	117	165	64	89	104	101	61	50	26	2	69	107	126	131	177	166	142	14	39	40	59	133	72	169	18	102	51
JARID2	5	28	12	185	32	23	63	141	100	19	98	208	55	139	73	55	20	142	45	16	71	107	116	26	81	111	113	30	39	152	107	84	68	83	132	27	183	46	111	20	30	21	41	68	11	49	73	43	69	71	14	114	40	17	74	24	61	175	48	55	91	4	81	96	85	63	71	57	58	123	72	89	70	80	121	45	95	44	21	233	28	62	63	97	130	94	52	15	26	22	17	35	143	20	132	77	50	16	26	29	30	78	48	146	9	21	128	44	25	16	84	34	127	51	22	3	61	8	56	50	118	133	133	88	9	21	87	97	19	18	55	3	124	119	26	86	15	30	66	103	140	142	34	70	96	25	108	223	50	192	94	117	83	45	72	751	38	107	27	17	21	144	194	20	192	200	187	153	11	50	162	90	65	80	40	187	100	130	142	78	90	28	50	47	89	10	5	131	123	71	70	51	45	109	90	109	96	50	161	89	12	46	59	178	80	25	85	100	52	30	112	162	156	105	124	107	70	112	53	30	53	40	36	20	79	74	18	40	28	25	18	141	123	19	20	21	98	130	22	98	60	53	15	24	11	19	107	6	16	8	86	58	81	11	8	49	80	36	121	55	92	48	143	96	189	41	47	20	54	47	65	3	7	40	58	14	185	20	91	86	145	24	41	10	73	104	41	17	51	97	75	75	127	137	215	76	5	1	80	22	42	22	100	165	70	151	62	7	75	106	77	73	69	74	27	13	67	61	102	13	72	57	156	55	101	14	10	95	52	143	85	15	99	45	56	2	14	35	56	36	50	46	102	97	97	98	117	138	74	101	64	114	80	23	32	89	95	94	119	95	54	52	1	65	180	67	56	13	83	48	156	143	97	45	39	56	15	56	111	36	9	161	96	40	18	27	15	79	22	60	52	67	62	103	34	94	62	124	55	37	26	73	146	35	6	85	36	81	77	89	84	10	15	82	117	157	114	75	57	235	73	71	103	100	18	99	138	24	19	42	101	10	53	30	5	174	81	75	55	23	1	57	32	66	39	104	39	144	43	111	132	91	111	119	122	75	84	115	63	73	95	14	30	81	134	111	81	91	117	46	49	49	32	68	29	75	19	34	197	91	96	80	44	93	82	117	165	69	9	62	2	52	143	77	138	56	24	74	55	75	100	5	58	159	121	41	79	11	8	154	42	111	177	2	57	20	25	85	35	97	138	92	26	47	108	133	93	101	8	97	46	94	52	73	60	129	41	47	228	97	7	112	156	134	79	24	177	69	78	94	8	111	24	4	8	41	82	31	49	89	161	118	85	17	50	100	18	106	48	53	63	97	47	33	38	124	105	45	108	107	37	7	140	76	35	80	19	49	64	140	110	106	96	151	86	206	36	69	76	82	70	39	26	2	53	87	125	103	67	66	107	17	42	67	68	129	79	177	17	77	98
JDP2	2	16	21	51	20	18	46	43	45	22	34	47	46	53	49	37	8	59	36	12	44	53	50	20	78	30	38	34	21	66	57	14	43	43	40	24	42	41	70	20	20	12	35	44	10	34	45	10	49	30	6	46	54	5	45	23	48	18	29	30	56	15	24	23	42	28	36	23	34	64	41	43	41	4	51	26	43	30	30	62	32	47	32	23	52	54	48	18	22	26	28	38	51	25	53	57	46	25	32	39	13	34	4	11	14	23	14	30	18	25	34	31	48	3	2	3	44	11	16	25	45	42	60	56	22	15	39	36	27	29	52	3	48	11	28	36	10	20	38	64	44	65	52	84	58	15	51	56	38	56	46	46	52	45	51	38	217	49	28	30	22	17	29	19	33	46	49	45	16	21	64	43	31	47	27	59	43	19	32	44	48	20	11	38	41	9	4	35	43	45	45	29	38	50	36	53	21	51	58	58	10	36	46	67	21	21	47	56	39	26	45	49	51	40	30	38	41	54	24	29	32	39	45	17	49	31	15	24	21	18	21	56	60	6	6	6	69	53	22	46	37	9	15	22	13	5	39	7	15	7	28	29	38	19	3	45	15	17	6	75	44	38	60	20	56	38	22	10	41	35	59	10	1	45	34	12	49	26	78	31	51	39	38	5	42	45	40	19	31	32	56	32	67	45	42	58	5	1	35	29	41	41	25	68	40	45	38	1	51	46	51	38	57	35	29	24	13	29	57	5	26	27	46	41	53	4	3	56	23	11	36	1	52	51	50	15	25	29	42	22	47	35	33	28	28	57	54	16	58	34	37	30	58	18	25	41	46	54	45	51	31	27	3	49	63	9	15	5	52	40	28	22	47	31	32	35	7	35	56	22	9	50	49	29	10	20	17	41	22	27	34	35	57	53	15	50	35	38	26	37	22	24	56	28	13	44	26	58	49	57	42	3	12	46	48	26	5	7	47	58	44	45	54	44	16	48	71	23	8	14	37	9	35	35	5	55	21	51	42	2	1	44	31	40	26	64	29	52	38	59	70	38	41	46	61	36	44	43	39	44	52	9	19	50	38	49	45	39	40	28	11	38	27	45	21	43	15	33	66	46	32	29	27	35	26	45	30	41	6	43	2	15	39	46	65	50	22	23	45	51	43	4	48	39	43	39	43	11	8	36	46	44	65	2	33	3	4	37	35	45	36	40	21	23	49	34	57	63	12	49	33	30	21	45	18	39	21	35	60	95	3	19	57	61	57	35	55	51	45	26	3	38	24	7	6	36	44	37	39	43	21	39	53	17	41	46	16	55	40	23	36	55	37	18	33	48	68	43	46	53	21	3	58	51	28	45	10	32	79	44	38	34	32	41	58	63	30	55	50	49	29	59	21	3	44	46	43	48	50	44	62	14	23	22	47	51	47	74	14	49	22
JRK	13	30	40	155	73	27	88	162	162	81	168	241	138	221	149	47	31	153	63	20	121	85	182	22	129	325	188	67	72	231	162	138	120	128	133	36	185	65	186	80	64	77	63	90	10	58	120	58	125	100	9	196	47	24	88	32	104	208	65	123	108	43	109	114	129	92	91	80	69	240	176	145	126	99	168	90	121	42	56	259	57	96	92	130	143	143	84	20	51	60	78	85	208	57	146	127	83	59	91	59	41	108	68	179	20	39	121	128	81	39	152	33	323	84	24	3	62	9	66	65	134	233	192	149	24	51	134	176	46	47	67	3	101	191	59	140	65	74	73	182	215	202	43	100	130	30	136	231	65	192	226	295	124	94	99	107	49	1755	45	26	36	168	192	36	237	212	164	271	41	69	164	122	96	115	49	210	92	166	181	114	131	100	96	46	100	11	5	286	184	163	102	105	62	171	166	171	227	61	154	110	13	81	81	284	166	24	138	184	78	42	189	200	180	113	213	81	140	115	61	64	88	75	79	21	132	94	18	65	48	36	68	227	132	38	32	24	161	199	24	156	82	100	40	23	34	38	183	16	23	8	141	79	110	70	10	65	94	130	198	76	154	71	242	154	265	72	81	31	51	60	107	44	13	96	81	14	188	59	148	63	223	45	67	10	71	147	69	26	67	130	130	195	264	180	249	114	5	4	124	40	58	64	145	161	141	231	82	6	137	170	142	110	100	111	67	73	60	80	105	18	84	72	278	85	182	17	18	88	102	151	160	19	227	111	78	27	67	67	72	60	57	65	158	144	147	147	144	118	116	128	97	150	100	25	49	124	227	150	112	161	67	125	10	100	182	151	83	34	191	53	135	231	126	43	40	92	31	72	171	43	11	160	121	66	15	61	22	192	34	102	74	101	122	89	48	80	93	163	77	49	34	108	136	47	22	69	41	162	68	137	141	8	18	125	179	218	211	159	83	287	114	96	100	168	18	96	236	27	50	86	168	12	76	33	10	190	117	129	106	26	3	84	44	93	45	166	54	137	118	193	231	143	192	210	204	102	126	138	79	111	126	19	39	118	198	184	140	151	182	61	93	67	32	111	40	116	19	35	210	145	91	126	56	148	114	172	248	88	30	80	2	58	207	137	243	88	22	103	77	118	180	8	80	198	184	51	107	12	8	249	99	154	192	6	87	20	35	130	44	162	212	141	27	70	169	184	120	183	8	171	57	135	78	94	58	176	59	52	229	136	5	167	241	220	155	83	178	88	128	143	10	99	42	13	27	45	155	36	76	138	321	172	143	21	103	181	20	188	108	84	49	162	68	40	79	196	184	53	166	161	43	14	234	98	63	155	40	79	91	185	167	156	123	227	132	210	57	134	131	123	114	54	40	10	96	142	193	167	113	106	191	23	60	104	99	201	109	185	16	131	109
JUN	20	22	193	44	23	18	25	35	52	276	45	87	376	53	142	18	27	316	334	22	46	26	44	14	34	35	57	176	29	47	39	45	48	26	79	24	103	30	88	201	93	132	31	31	11	25	28	94	30	33	8	47	24	7	25	17	179	37	39	27	83	258	29	40	32	24	27	21	25	148	26	29	73	23	183	36	37	23	214	123	103	27	90	142	36	97	33	251	489	192	244	277	60	159	155	222	33	176	245	92	33	68	13	24	85	107	20	324	170	124	29	18	49	15	5	3	22	8	29	27	44	181	255	28	67	57	66	72	89	231	110	3	45	43	158	159	177	102	165	94	105	75	23	41	81	29	36	154	36	131	34	43	32	211	25	27	28	45	1665	213	366	32	39	73	46	88	70	53	112	22	49	37	27	29	25	53	35	20	23	31	222	236	24	20	24	21	4	91	50	290	118	97	96	148	166	101	71	21	203	188	9	129	37	90	102	15	34	42	26	16	35	45	51	78	43	23	50	32	22	150	38	111	247	14	30	38	29	28	79	17	207	40	143	9	8	7	70	90	22	34	31	57	91	15	120	6	31	56	51	8	98	34	37	329	6	22	21	179	14	33	179	23	74	126	152	144	46	17	19	22	34	148	2	256	41	16	137	178	35	35	127	137	28	10	31	48	61	35	125	139	261	35	256	43	125	37	5	1	159	65	67	114	40	152	213	50	24	5	82	34	72	26	38	47	235	260	18	23	35	5	33	84	51	55	34	27	2	39	73	22	196	5	214	119	75	129	223	279	26	124	36	31	160	35	34	147	79	25	32	41	29	32	148	65	24	28	38	30	47	46	32	27	36	36	40	23	38	16	28	24	35	32	56	20	18	53	9	26	128	63	13	76	69	92	18	93	54	44	88	64	30	41	101	26	45	23	50	92	33	24	19	54	38	21	63	71	28	92	24	45	31	3	17	32	38	57	56	20	26	167	70	29	34	40	21	128	85	19	73	74	133	8	45	52	19	58	41	27	32	8	2	22	18	54	19	53	21	80	312	360	78	44	30	65	56	30	27	26	35	31	31	10	26	75	37	39	58	32	88	46	94	27	38	28	30	58	16	25	139	34	34	42	37	37	67	61	95	34	70	23	3	32	37	123	72	38	18	33	45	28	45	11	29	49	110	19	35	12	7	60	173	55	109	3	38	5	3	34	19	35	47	66	21	21	36	127	38	35	7	36	27	43	28	32	21	37	16	31	79	62	4	36	73	56	57	224	161	43	36	37	18	34	115	27	34	21	100	16	25	42	69	112	44	18	69	36	15	44	140	31	19	42	23	28	75	62	51	19	68	35	15	17	74	25	52	33	9	22	46	37	57	51	36	88	33	108	20	64	30	28	30	24	20	20	121	36	36	32	25	29	57	13	44	98	40	51	73	124	14	37	54
JUNB	8	14	161	21	10	16	19	17	31	162	16	31	247	21	37	17	15	97	202	17	19	20	20	14	33	19	18	93	14	24	26	8	27	20	44	18	39	21	48	158	63	92	18	19	11	18	18	50	22	13	6	21	25	2	23	13	106	12	15	15	49	112	15	20	18	15	20	12	17	62	16	17	33	5	99	21	21	16	111	51	39	20	61	76	21	46	24	266	348	133	155	204	20	85	78	97	20	120	139	71	12	25	5	4	65	66	8	207	82	92	17	17	21	2	2	3	18	9	10	19	26	82	127	25	52	22	18	22	60	166	74	3	36	8	60	67	65	33	118	58	31	40	26	42	52	18	18	59	18	52	19	20	24	132	22	17	30	26	213	983	271	14	16	41	15	35	31	20	43	14	29	22	16	19	15	27	16	11	15	19	113	88	7	17	18	16	3	26	20	122	49	36	60	78	38	42	20	26	107	116	9	51	25	38	19	14	20	24	22	12	21	20	25	36	16	16	24	22	19	73	26	42	145	13	22	15	21	17	35	12	115	22	68	4	5	5	57	56	18	22	17	15	37	13	58	1	18	70	40	6	35	15	17	120	2	20	12	56	3	38	81	16	33	66	56	72	28	9	17	19	23	61	2	132	19	14	52	100	29	15	50	94	17	8	18	20	37	23	68	43	144	18	107	19	40	35	6	1	57	57	43	89	16	89	98	19	19	2	47	16	40	19	29	22	158	149	10	15	27	5	15	38	18	26	20	9	1	27	35	10	102	2	87	48	32	96	129	187	21	55	30	18	62	15	12	70	33	10	20	20	15	14	70	37	20	16	21	21	22	21	19	18	29	24	25	6	9	2	23	22	16	14	23	16	15	28	2	20	89	26	9	35	33	34	13	37	25	17	54	17	17	19	54	23	12	19	23	32	15	18	13	16	26	18	52	32	17	54	19	29	19	1	13	24	22	19	7	5	19	87	29	23	19	20	16	64	37	17	38	29	64	6	17	31	16	27	14	18	19	1	1	18	18	32	15	34	15	35	87	190	40	21	15	20	29	19	19	19	19	18	20	7	17	38	15	18	19	17	46	28	36	17	26	20	26	23	13	16	60	19	24	18	28	14	19	18	24	21	36	21	3	9	16	45	35	28	15	15	29	21	21	8	20	21	28	19	21	11	8	20	103	21	56	4	26	1	3	19	17	20	18	22	17	11	21	30	26	25	8	21	18	20	15	17	12	21	12	16	32	63	1	9	28	30	31	91	73	30	20	18	6	17	69	22	17	17	56	19	14	16	8	28	24	17	30	19	13	21	69	16	16	25	19	14	27	26	29	18	19	22	10	14	27	21	22	19	4	17	44	17	18	20	18	29	23	50	16	40	17	21	13	33	12	20	73	17	15	18	23	23	31	12	19	30	23	21	47	68	13	22	17
JUND	18	17	151	29	18	16	19	20	24	177	25	65	299	29	64	18	26	207	405	23	17	19	23	16	24	26	33	110	17	26	25	19	22	19	57	14	76	19	52	189	90	119	18	19	11	17	18	55	21	17	7	25	19	8	20	18	106	28	17	18	62	149	20	31	21	17	22	15	19	79	22	22	47	17	135	27	24	18	148	82	69	20	76	112	22	51	20	358	590	156	183	239	33	83	106	151	17	127	164	55	17	27	8	17	49	62	14	265	93	76	20	18	30	10	4	3	19	8	15	23	29	117	173	22	37	47	24	45	88	169	75	3	35	15	70	99	107	65	130	64	70	47	19	29	47	25	23	109	18	97	21	30	20	125	19	21	22	36	366	271	1507	26	28	54	36	61	52	28	66	16	28	26	19	19	16	35	20	17	18	20	151	149	12	17	19	25	4	53	37	202	71	51	67	103	57	62	52	21	159	132	10	81	25	51	48	16	17	26	18	14	23	29	33	45	31	17	30	21	21	87	27	55	167	13	21	25	31	26	69	12	167	23	83	10	7	6	44	51	19	22	23	30	72	15	84	3	23	58	44	5	81	16	21	162	5	18	16	105	9	24	107	17	38	88	103	93	42	14	17	17	21	95	5	183	21	17	92	127	25	30	70	85	18	8	27	32	38	21	115	96	200	26	182	28	93	26	6	1	89	58	59	75	25	101	162	36	22	12	41	25	46	27	21	26	174	172	16	16	21	7	24	60	28	35	25	21	6	26	39	19	121	3	128	65	36	76	137	243	18	99	38	20	125	25	18	104	51	20	20	26	18	17	114	58	19	20	27	19	22	21	19	28	32	21	25	13	28	9	24	23	27	24	42	19	18	41	6	19	88	57	11	52	42	47	16	42	27	36	56	36	20	24	65	18	19	19	50	75	15	18	18	21	22	18	47	46	19	60	18	31	18	2	15	26	28	43	25	20	17	105	53	20	28	27	19	86	56	17	55	62	74	7	22	41	19	31	24	18	28	4	3	21	17	45	16	30	16	47	148	270	47	28	20	21	26	21	23	18	18	20	20	8	32	47	21	25	22	20	57	43	68	22	31	19	28	25	15	20	99	24	28	25	30	19	26	26	64	22	47	21	3	13	24	65	44	29	18	17	34	22	30	12	18	36	45	17	25	12	8	41	102	25	70	3	23	2	2	21	17	23	26	30	20	12	23	42	25	24	7	26	21	25	20	19	17	22	13	17	57	37	1	15	50	36	35	99	114	31	23	23	9	23	113	22	26	17	70	14	17	20	49	51	33	17	35	20	15	32	95	20	17	22	18	22	51	41	34	17	25	24	15	24	49	19	23	23	7	18	31	27	25	30	23	59	21	80	16	45	21	20	16	21	15	18	71	21	22	24	22	24	37	13	36	45	25	31	40	80	14	26	27
KAT7	18	57	14	259	88	23	35	252	179	53	327	551	131	308	108	36	54	272	59	12	88	101	274	15	96	373	261	51	65	298	158	271	153	142	279	38	313	49	184	54	60	63	41	71	10	33	115	87	89	99	26	239	24	53	67	21	82	398	51	174	94	11	161	228	120	131	106	149	76	237	154	165	205	233	264	79	164	55	31	532	51	74	135	271	209	175	52	14	47	41	40	74	248	31	285	136	52	29	47	44	55	146	174	458	12	29	366	117	95	15	196	17	366	179	68	3	48	8	118	69	266	363	298	152	13	32	157	171	29	34	64	2	166	472	58	156	48	60	120	200	424	276	23	72	176	16	162	505	46	472	213	321	130	72	63	144	17	168	32	14	26	2133	478	27	574	415	280	349	22	57	162	211	82	88	33	361	115	551	442	89	213	78	146	21	124	13	4	331	312	180	111	140	36	155	188	218	191	19	256	108	11	45	36	442	227	14	113	188	40	39	208	329	324	229	343	104	184	110	66	54	104	59	53	20	115	101	16	50	40	17	42	303	129	49	55	51	140	347	15	179	64	154	25	15	21	34	219	15	16	14	236	71	138	36	17	39	239	117	448	46	154	45	397	314	412	51	99	48	29	37	71	7	16	70	66	12	457	40	137	136	317	30	34	13	87	205	47	16	70	211	136	218	311	318	575	85	5	3	163	23	34	42	199	256	215	334	67	5	92	156	100	97	66	103	43	44	177	76	113	32	150	160	441	77	179	28	20	107	101	456	228	45	237	139	61	13	43	60	43	69	33	38	253	229	237	120	219	358	78	154	118	229	118	33	47	109	223	147	161	215	59	71	4	75	266	341	119	28	115	35	374	439	192	40	35	82	72	141	171	50	8	354	115	52	29	48	11	228	23	103	68	87	79	108	63	65	108	272	61	59	27	164	156	30	10	85	26	125	58	103	101	12	28	180	220	374	362	338	55	606	141	79	118	168	18	112	261	19	35	104	293	7	64	22	8	269	138	125	132	58	1	71	22	68	34	160	39	218	78	222	177	154	178	225	186	124	166	119	43	74	90	15	59	107	258	245	127	140	192	87	108	26	24	54	27	102	15	28	380	194	150	138	51	165	183	214	309	86	32	56	2	108	298	167	228	81	13	120	60	114	227	13	62	462	201	25	68	10	7	380	97	146	251	6	99	39	90	153	19	163	307	196	23	75	138	327	85	152	7	222	38	183	64	102	85	394	56	37	455	115	14	240	238	266	176	51	329	81	130	211	12	254	24	5	24	25	177	29	94	130	493	255	113	14	88	165	11	216	108	108	45	182	41	67	93	248	167	22	211	190	86	20	309	77	41	195	83	53	55	196	190	271	147	368	135	329	60	121	97	99	124	19	46	7	53	88	270	216	82	136	248	19	83	145	77	323	141	225	12	121	181
KAT8	18	24	24	278	67	28	49	233	194	64	724	1124	154	338	142	42	314	376	72	19	81	127	259	20	99	292	297	72	58	351	190	262	170	138	336	40	477	68	189	70	73	84	50	67	10	39	106	449	102	139	101	271	35	71	77	29	99	702	67	112	175	20	203	289	124	217	128	351	134	393	117	190	244	826	505	321	310	80	43	666	44	70	238	470	257	167	63	16	48	61	57	100	340	51	554	147	66	42	55	42	60	131	696	1233	15	30	1186	135	90	23	206	19	333	391	143	3	64	8	134	60	414	660	382	131	12	32	211	220	37	45	81	3	294	410	43	283	51	47	194	209	809	330	27	73	181	34	188	615	51	766	163	276	128	78	74	194	29	192	39	16	28	478	3945	33	821	452	346	344	25	78	261	278	88	100	40	362	197	624	810	106	245	59	480	31	152	11	5	597	320	161	88	151	53	222	214	225	303	31	370	157	7	74	52	430	168	17	148	190	52	54	299	344	451	426	482	150	181	141	73	53	159	61	66	21	112	161	21	52	51	25	63	322	171	155	158	157	183	468	19	216	59	511	36	15	25	81	240	22	22	8	258	84	137	37	41	61	815	140	697	58	181	44	414	530	678	81	176	58	44	45	65	12	12	82	75	11	563	53	125	138	433	33	37	59	126	242	63	18	80	253	181	150	346	346	1149	93	5	8	216	51	64	31	240	358	186	546	101	8	130	185	157	182	92	152	62	43	276	90	169	103	248	186	635	102	164	24	29	126	161	522	352	67	304	116	73	19	46	89	47	89	39	42	352	386	426	223	376	986	125	272	119	532	138	49	46	121	169	154	219	223	90	90	3	79	292	243	273	135	129	57	912	564	210	55	40	97	69	193	215	160	17	559	159	74	41	54	19	197	30	106	87	92	93	122	47	89	86	262	75	58	31	204	213	34	10	131	30	163	71	134	106	34	39	196	278	503	540	488	53	790	247	80	186	187	24	161	288	20	42	107	503	8	63	27	13	363	238	153	110	193	1	81	26	70	42	178	46	264	78	233	317	196	184	250	221	103	154	150	57	93	127	14	65	144	332	257	143	158	267	102	91	33	29	66	37	124	16	28	432	208	306	187	72	225	193	206	504	101	67	67	2	133	362	221	284	59	15	248	77	94	221	10	73	413	254	29	89	11	8	638	102	194	400	4	88	53	170	153	20	153	351	200	21	78	165	378	113	134	8	175	46	196	90	112	131	788	63	36	521	147	25	365	411	295	176	43	401	88	136	246	10	355	45	8	35	26	222	31	86	127	682	254	152	17	77	172	17	228	112	107	58	201	43	98	62	344	171	31	205	187	100	26	407	79	40	173	70	60	69	285	190	312	236	526	147	401	42	146	134	111	166	28	48	6	65	117	305	225	87	114	208	23	85	136	97	361	190	267	13	128	328
KDM1A	145	12	92	35	14	11	12	21	35	173	24	52	241	30	60	11	17	114	65	17	17	14	22	10	14	30	32	123	16	37	18	28	32	15	85	18	111	18	59	167	107	134	12	13	7	11	18	34	16	19	8	30	12	18	15	13	90	24	11	18	35	129	16	18	16	15	15	16	13	93	16	14	36	19	111	19	20	11	135	95	82	12	55	86	27	51	15	45	103	159	195	204	34	110	124	164	21	122	161	60	26	29	5	19	66	64	15	231	108	108	20	11	29	6	4	3	12	8	21	22	29	163	269	16	60	42	24	36	67	168	143	3	36	38	74	86	137	93	110	63	65	52	14	19	65	14	18	128	17	106	15	26	20	143	12	20	19	36	73	41	54	27	33	1143	30	104	76	29	105	14	35	26	14	13	12	35	26	18	17	13	187	145	16	11	18	9	4	53	38	156	58	49	57	90	65	72	38	12	164	134	6	96	17	71	70	9	18	20	13	12	16	23	28	51	26	16	26	19	16	70	27	70	180	9	14	15	14	12	57	11	120	28	122	10	7	8	45	87	11	15	18	36	84	10	105	2	21	40	40	6	78	13	16	162	5	13	12	132	8	17	137	12	55	141	95	91	29	14	12	11	17	98	13	174	16	16	126	327	16	22	95	113	11	11	19	31	44	14	180	111	182	21	194	31	63	19	3	1	92	56	55	83	26	155	183	43	16	13	52	28	45	17	27	32	156	177	23	14	24	5	22	71	43	29	15	19	11	31	49	14	148	1	153	90	50	88	159	156	12	85	20	12	120	25	24	75	42	20	14	21	17	18	107	40	17	16	18	20	34	29	22	21	36	20	24	21	23	10	21	15	22	25	36	16	12	30	2	16	73	19	7	59	50	59	31	65	32	38	52	43	24	30	53	14	26	14	38	86	14	12	13	22	22	16	36	84	17	55	12	21	15	1	11	24	29	56	16	13	12	148	34	17	20	21	16	127	55	10	199	280	129	6	12	22	38	58	28	17	23	6	4	17	11	32	14	34	12	99	208	218	40	26	17	23	27	15	16	16	17	17	13	8	25	67	26	22	24	17	126	42	87	20	46	13	16	28	10	14	134	25	23	25	24	23	23	28	86	21	66	16	1	18	23	88	40	27	10	16	29	13	28	60	13	40	36	11	16	9	7	42	110	20	99	4	44	5	5	23	11	19	25	29	14	16	18	49	23	19	7	23	15	30	20	16	20	30	11	13	101	33	1	23	43	32	37	145	138	32	17	23	108	20	95	8	18	11	70	14	16	16	43	52	24	13	46	17	10	24	101	18	13	24	12	14	50	60	24	12	28	20	41	67	60	13	17	15	10	12	30	22	20	39	23	84	16	90	17	43	17	16	21	16	12	7	67	17	24	18	13	17	45	11	36	46	29	44	64	95	9	24	23
KDM2A	32	38	9	329	249	79	66	318	240	48	578	1017	180	491	174	53	108	360	88	17	115	136	426	21	147	476	393	77	95	456	234	291	229	201	344	59	448	68	273	58	67	76	61	107	12	55	154	177	160	161	49	380	37	201	123	26	104	672	73	203	152	7	230	310	172	237	169	333	143	389	206	235	406	444	428	163	247	74	31	815	74	113	208	427	285	229	79	17	63	67	53	93	376	28	407	166	79	29	54	52	68	196	326	852	11	30	603	147	123	17	243	23	509	302	108	3	82	8	147	82	338	560	414	208	10	54	277	300	33	27	69	3	241	662	59	274	47	75	143	285	723	422	29	111	239	32	219	694	58	657	278	440	185	80	111	192	33	237	46	15	36	574	821	30	4521	556	375	541	20	88	238	360	126	152	42	468	185	632	598	155	283	85	329	42	181	16	5	689	522	195	136	164	45	219	275	336	348	51	308	123	10	75	75	616	311	21	201	271	66	90	362	483	498	341	572	175	298	149	88	55	149	67	57	32	174	142	20	65	66	22	45	451	162	149	146	143	220	581	27	301	85	295	42	20	31	101	340	12	19	16	486	104	180	30	47	79	354	209	730	65	209	51	551	399	645	69	188	85	58	58	98	6	82	102	93	14	651	44	186	182	463	28	50	41	118	328	58	19	94	374	200	321	400	512	1056	130	6	3	256	31	53	48	296	297	311	560	96	10	130	230	176	176	97	131	55	55	293	92	159	96	280	257	618	115	270	49	95	129	138	614	336	65	369	179	87	14	57	75	65	114	54	70	442	471	480	204	326	630	137	224	169	347	182	43	51	153	323	229	204	306	91	100	2	97	373	503	230	80	157	56	603	620	323	60	51	142	158	247	221	95	12	549	170	75	69	65	18	285	27	143	90	137	132	151	84	94	172	454	89	155	44	234	204	61	6	101	32	197	78	167	132	31	42	260	351	575	612	609	81	1014	217	134	178	266	20	142	346	23	58	127	364	10	85	40	18	383	209	183	203	152	1	107	34	103	48	227	66	283	100	267	314	222	247	324	281	150	249	161	68	127	141	17	101	150	391	355	187	235	278	161	122	42	31	77	43	170	38	47	492	290	262	169	79	251	242	300	488	125	43	95	3	130	453	239	363	101	19	172	93	162	316	8	101	811	330	42	128	12	8	661	126	216	358	6	133	68	153	208	29	252	428	287	28	104	207	457	132	217	8	305	65	263	98	141	132	734	88	50	604	173	22	368	417	391	239	47	399	93	178	282	22	386	21	10	43	37	238	45	130	188	926	348	204	17	105	255	14	307	145	144	60	260	49	124	143	377	256	36	311	294	133	30	482	135	48	297	178	83	84	281	273	361	226	568	217	409	124	175	143	159	176	34	65	18	73	139	376	317	135	210	362	24	125	184	97	490	194	270	15	177	260
KDM3A	36	55	48	335	109	34	71	270	221	147	267	567	268	317	225	55	46	374	107	33	111	164	282	27	115	340	304	146	77	321	195	220	203	133	412	52	596	83	247	126	119	132	58	90	11	47	122	80	108	120	18	290	44	80	95	39	145	353	61	134	163	102	189	231	117	152	130	151	98	324	136	162	217	230	353	108	201	57	156	608	137	82	177	328	280	230	75	37	106	120	139	173	284	89	348	262	71	91	143	72	104	174	107	350	33	103	286	249	189	55	193	26	327	159	56	3	66	10	141	84	274	466	438	146	39	126	193	264	70	102	173	3	192	460	143	268	117	158	166	253	424	349	33	97	225	37	187	616	66	544	196	294	136	179	87	200	46	212	88	35	61	415	452	104	556	2715	436	338	132	86	317	249	97	117	43	408	213	341	332	117	320	227	134	41	155	16	6	343	368	330	199	192	113	276	290	289	263	47	497	210	12	175	80	518	328	22	156	211	62	52	212	312	314	242	337	149	202	151	90	95	102	128	172	28	127	136	28	65	103	27	119	361	322	49	44	39	188	471	29	171	79	148	99	24	86	31	200	26	42	10	363	90	137	129	21	61	169	233	268	74	286	48	418	376	590	119	121	60	57	50	98	80	56	208	87	21	582	138	161	183	433	112	53	17	133	240	77	26	176	365	305	190	418	338	533	103	5	1	287	65	96	127	253	446	360	371	101	50	157	182	190	147	127	162	121	113	159	91	187	31	165	225	455	111	166	42	71	149	179	316	368	47	397	209	117	60	139	134	60	119	63	58	381	253	257	231	262	307	107	169	129	225	259	67	65	128	222	158	235	221	90	110	20	99	359	238	135	45	134	53	325	369	279	69	44	129	57	155	247	53	11	403	176	96	57	108	27	250	44	172	86	121	137	132	90	99	174	405	90	80	45	234	223	38	24	215	36	187	85	152	117	22	29	188	259	478	262	218	74	695	168	101	159	196	26	296	308	25	71	204	353	10	74	45	13	470	206	139	141	58	3	100	37	84	51	185	57	391	251	429	240	162	190	249	211	128	153	153	72	105	124	19	73	174	283	259	172	146	268	143	195	54	35	74	35	152	20	41	553	183	184	178	74	207	202	244	529	114	46	85	2	123	341	259	282	88	21	162	89	111	260	16	86	454	261	42	95	14	8	406	180	193	509	7	144	49	99	171	31	170	330	223	31	81	178	375	124	165	10	212	64	233	82	127	120	365	70	55	570	172	21	277	298	288	179	185	544	111	134	249	20	259	59	14	32	41	236	45	98	148	488	319	154	21	115	185	18	223	169	133	61	215	46	87	179	320	206	39	233	216	99	23	366	98	65	176	63	63	96	230	205	294	212	456	164	548	79	158	122	123	135	42	55	11	118	133	288	188	99	141	263	29	161	178	106	339	194	420	17	130	191
KDM4B	13	47	61	270	63	28	78	188	156	130	201	393	252	225	167	70	36	357	113	38	93	145	184	26	96	185	192	155	54	240	166	175	127	112	317	40	442	66	200	133	119	130	49	72	10	56	95	63	102	91	17	192	40	33	93	34	141	277	49	67	159	104	132	167	93	98	103	94	78	251	83	116	150	188	332	77	183	51	169	493	100	81	143	263	241	183	70	32	103	132	146	181	205	104	337	262	65	110	152	68	82	137	96	250	40	89	219	231	135	48	136	41	193	103	36	3	72	10	88	59	219	338	408	123	40	73	129	176	63	128	182	3	209	211	118	203	101	113	166	176	315	277	39	88	199	33	147	510	59	469	121	172	108	183	92	187	49	164	70	31	52	280	346	76	375	436	1591	224	111	62	280	164	78	103	43	358	160	250	249	89	300	147	90	66	138	17	4	246	238	274	172	161	98	236	187	230	174	73	409	220	13	154	91	352	193	28	104	156	64	39	158	256	249	206	233	138	133	156	73	81	75	125	190	22	113	100	26	45	72	27	131	254	307	21	21	25	163	287	28	130	70	111	84	26	77	22	158	28	33	8	233	74	96	121	10	64	145	176	198	61	234	59	277	263	386	125	95	38	71	61	92	81	8	206	68	14	462	144	112	129	289	117	43	9	121	177	80	30	150	266	277	103	347	219	413	111	5	2	186	66	97	115	146	420	279	253	92	12	123	151	133	116	104	127	153	129	106	75	171	14	104	161	287	83	149	40	17	149	133	231	291	36	283	164	138	69	130	137	75	91	68	42	255	159	160	229	244	215	82	138	99	179	253	61	43	109	132	126	189	141	82	88	22	88	295	147	85	22	133	74	285	270	206	62	47	109	32	107	211	54	12	359	182	92	30	76	29	141	45	105	71	105	125	150	64	122	95	278	60	55	38	121	223	44	28	186	31	151	105	156	92	16	22	136	203	286	171	147	76	511	132	90	161	142	21	245	242	30	50	124	252	10	53	50	10	357	140	123	104	34	3	85	36	76	51	171	40	289	196	344	196	116	148	168	202	95	119	145	67	76	131	15	51	160	196	178	132	120	211	96	135	65	41	67	38	122	19	36	464	141	183	126	57	135	136	164	357	98	33	86	2	79	220	206	250	87	23	107	95	91	175	10	64	313	172	46	93	12	8	269	164	144	389	2	89	32	59	123	47	129	208	153	33	53	141	244	136	141	9	138	52	148	68	104	77	252	56	47	451	139	15	179	237	203	141	165	417	95	112	150	12	217	76	10	16	45	176	31	80	115	299	216	144	19	101	135	15	165	141	84	74	143	56	55	135	240	157	49	162	160	69	13	280	99	47	112	39	63	85	207	153	195	144	348	128	415	49	131	95	103	97	39	44	6	119	104	190	155	105	102	194	23	93	131	92	231	142	354	17	112	149
KDM5B	13	43	10	309	124	37	108	345	300	31	370	477	106	520	189	63	39	175	70	16	186	128	472	21	204	520	430	61	120	487	252	260	262	367	215	66	239	85	335	32	43	42	84	167	12	94	205	74	227	197	17	430	65	113	145	24	104	418	99	237	148	7	273	204	242	206	173	220	136	429	306	301	387	169	227	109	185	77	28	492	96	179	227	229	245	265	109	18	44	38	36	57	392	20	172	120	119	19	52	78	55	183	110	411	11	34	232	68	114	18	279	33	532	181	59	3	91	9	132	98	255	408	202	301	10	48	256	440	31	22	64	3	140	472	77	163	35	79	79	271	487	370	45	158	238	50	301	382	92	310	365	511	271	77	156	153	45	271	53	20	28	349	344	29	541	338	224	3221	21	111	238	327	161	239	69	406	156	335	288	232	153	85	189	49	169	14	9	897	482	157	151	242	48	203	258	337	558	60	179	83	12	84	119	690	295	22	295	342	103	75	630	458	388	196	480	133	292	177	93	80	125	82	47	21	270	147	17	100	50	50	28	555	155	88	75	69	267	390	30	534	133	153	36	22	23	80	364	8	18	9	307	137	230	32	20	89	154	161	468	95	178	88	487	380	467	53	117	57	61	92	160	6	13	75	126	18	328	28	240	136	355	33	107	25	100	310	59	19	67	213	111	360	374	438	546	183	6	3	153	28	51	51	301	191	187	456	132	3	162	401	190	253	137	167	37	55	147	121	140	37	203	165	547	125	371	22	24	119	126	380	205	44	380	290	87	10	42	38	111	65	79	103	261	400	379	189	248	251	206	213	188	237	124	26	73	183	434	312	187	336	86	98	1	143	335	437	201	62	205	71	260	545	224	68	46	140	99	162	233	50	15	278	158	87	32	76	23	347	33	164	117	183	193	138	85	87	165	295	114	79	37	205	164	68	8	69	57	226	86	203	212	13	31	277	335	457	524	510	132	584	193	185	156	322	23	96	403	32	48	88	252	13	117	30	12	301	184	248	258	76	1	165	47	139	60	293	112	205	92	225	342	253	332	379	333	182	421	210	107	195	192	25	76	150	404	463	256	254	280	114	115	69	29	160	43	171	19	61	332	479	139	221	65	288	216	363	404	146	21	128	3	122	509	185	395	162	23	179	101	246	398	5	146	476	357	65	177	14	8	529	115	255	297	10	136	47	72	258	49	368	491	304	33	122	295	371	181	319	10	429	96	270	132	189	100	406	124	83	422	192	15	324	402	457	288	61	248	89	254	264	15	223	26	8	26	56	231	54	165	261	820	301	252	20	154	352	20	410	204	155	62	313	86	83	146	337	331	54	343	332	84	27	422	177	79	582	155	158	108	322	304	345	220	421	274	356	144	202	244	207	209	62	61	11	100	231	450	348	184	242	395	26	124	162	110	456	177	274	17	224	177
KDM6A	19	18	278	29	22	9	11	16	43	495	40	77	611	24	125	8	26	240	95	21	13	15	18	8	10	27	37	310	17	40	24	57	62	11	132	14	139	29	95	292	116	198	12	9	6	8	11	59	12	7	6	29	9	3	12	16	253	19	9	9	56	333	20	49	9	13	12	6	7	188	11	11	51	12	275	28	38	8	387	178	140	8	77	174	25	117	12	51	148	375	533	505	49	330	259	463	21	353	450	96	38	48	5	9	132	170	7	618	262	162	13	8	17	2	2	3	8	6	21	13	21	223	503	10	87	107	23	62	92	382	197	3	50	13	256	233	533	271	264	110	97	76	10	19	104	21	13	251	12	208	11	12	19	377	10	11	16	41	112	43	66	22	25	105	20	132	111	21	1837	14	40	22	10	17	9	56	20	12	12	10	434	361	27	8	12	9	3	84	45	459	155	129	125	191	113	104	73	12	350	412	4	221	26	112	132	7	14	25	11	8	13	15	33	118	34	12	32	9	13	145	31	182	513	7	11	17	10	10	118	9	275	24	229	3	6	5	68	132	14	9	15	59	178	7	177	2	16	98	90	7	177	13	10	714	4	8	7	305	2	12	303	9	63	154	176	285	42	12	9	10	23	303	2	390	18	10	264	327	12	32	203	229	8	8	18	44	65	39	202	232	473	14	467	23	133	37	3	1	226	136	118	145	26	287	377	56	12	4	102	27	86	22	34	43	379	380	9	10	42	3	12	150	47	60	12	21	2	29	124	13	338	2	310	167	72	214	379	294	9	100	30	9	251	16	14	176	61	8	10	25	9	18	273	112	26	11	14	14	49	39	20	25	32	15	21	10	24	12	22	12	10	26	75	14	8	64	3	10	145	27	6	73	66	71	13	147	69	38	91	74	17	36	109	9	36	9	73	204	11	14	11	35	19	8	109	122	12	86	9	32	14	2	16	31	29	58	27	4	9	263	38	18	15	20	17	243	94	8	77	119	229	6	14	29	19	91	49	11	13	4	3	12	9	52	9	39	10	130	404	492	70	25	15	27	42	10	13	11	10	12	13	5	28	156	21	24	25	14	87	128	140	22	26	8	27	36	8	8	268	16	32	30	38	21	26	34	129	13	96	12	1	19	24	187	77	17	8	18	35	14	25	13	9	61	56	9	11	9	6	57	260	22	173	2	37	2	2	20	8	12	25	34	20	11	18	88	36	10	5	26	15	32	19	11	20	19	8	10	118	40	2	22	78	36	49	316	290	40	13	31	15	13	204	17	42	8	123	8	12	14	67	57	32	15	74	10	9	30	193	10	8	25	10	22	101	81	23	8	36	18	15	34	94	10	33	9	5	13	23	17	21	37	23	122	16	157	9	73	20	11	11	9	10	18	139	15	21	15	11	14	46	15	68	76	30	50	102	191	9	22	22
KIAA2018	5	20	13	73	26	18	38	72	81	13	61	103	28	88	69	19	14	53	16	11	51	41	73	15	58	77	102	24	36	107	70	58	68	58	62	22	69	33	82	11	21	14	31	42	11	33	46	31	58	52	8	92	24	6	52	15	42	78	47	36	45	7	66	58	49	54	47	43	26	111	49	64	59	32	50	45	57	24	20	105	32	49	39	46	55	64	32	12	14	17	15	23	109	19	53	37	38	15	27	31	20	53	26	72	8	21	52	27	27	15	72	18	81	41	12	3	25	8	35	29	55	88	53	58	10	21	63	66	13	15	27	3	39	73	27	61	11	32	34	69	96	102	21	38	71	21	78	94	37	73	54	74	50	37	43	50	21	69	22	14	16	57	78	14	88	86	62	111	14	537	64	62	48	56	30	92	52	43	62	54	38	29	40	17	53	10	4	122	90	60	43	38	25	67	81	85	91	20	61	31	9	37	43	124	60	14	66	66	34	21	85	82	85	49	100	49	66	48	34	30	37	39	22	15	66	46	15	31	17	19	8	119	52	20	19	16	74	82	19	73	38	33	12	14	8	14	71	7	16	10	57	44	55	21	7	28	39	39	52	27	53	34	90	51	111	19	24	17	23	27	43	6	2	26	45	15	77	16	70	38	91	20	38	9	37	77	29	13	24	44	38	52	88	91	114	60	6	1	58	17	20	20	79	61	40	102	46	1	58	67	51	41	40	62	18	14	38	52	53	8	53	36	89	37	65	10	2	31	58	67	53	12	88	47	26	3	12	20	35	24	29	38	52	62	59	57	59	55	56	61	51	60	33	16	35	52	60	61	61	83	40	32	2	49	80	46	55	16	39	35	54	99	56	22	18	41	19	35	62	19	12	65	41	40	15	31	15	53	21	61	39	90	57	36	36	30	42	53	45	29	23	55	50	28	6	29	27	67	25	69	57	8	15	63	89	99	68	58	34	126	43	44	46	83	16	41	94	18	20	23	72	11	40	15	7	79	64	58	55	15	1	44	30	46	25	69	30	58	38	54	97	60	60	90	79	51	57	61	43	56	60	11	19	54	101	99	72	56	71	31	31	23	18	49	18	51	14	22	83	61	42	78	25	81	54	88	115	45	11	38	3	37	109	56	97	37	16	63	40	54	80	4	42	74	104	24	44	12	8	123	47	86	86	3	32	7	6	64	20	113	111	68	20	36	109	85	55	70	7	77	31	69	97	55	35	72	23	37	98	53	6	96	108	102	67	31	70	37	60	76	5	50	16	4	7	24	65	22	41	64	145	74	68	13	46	80	14	87	37	39	25	76	29	22	42	95	71	21	89	80	15	5	101	47	38	71	18	39	31	86	68	87	70	101	58	86	34	65	59	42	52	24	20	2	41	55	96	60	51	52	78	16	32	48	37	100	52	81	13	51	46
KLF11	8	65	26	274	46	26	128	199	181	60	176	324	128	239	145	76	45	251	67	17	129	188	197	28	146	147	173	70	52	284	204	96	141	110	196	32	292	79	214	55	52	53	62	98	10	75	102	72	140	104	12	209	58	18	122	33	102	217	75	62	198	35	166	205	110	113	116	114	95	281	85	121	114	134	231	85	189	57	68	424	50	101	90	154	222	177	107	21	48	57	60	90	246	53	217	144	106	47	70	62	56	107	65	171	18	76	147	110	75	29	118	50	180	85	34	3	84	10	59	64	217	225	246	187	20	48	130	148	42	50	109	3	216	126	73	167	35	57	112	189	234	255	53	130	161	41	165	364	69	320	119	154	147	91	137	162	64	164	49	29	28	162	261	35	238	317	280	238	40	64	1401	133	92	160	54	368	199	160	191	118	158	86	110	92	130	11	4	248	177	165	123	114	88	191	148	197	211	140	279	166	12	116	118	305	112	29	144	211	90	35	166	261	253	186	189	145	130	203	69	60	95	83	88	23	152	126	20	60	48	31	62	299	252	57	60	55	223	210	31	150	84	76	31	26	28	19	150	15	23	11	136	83	109	51	17	94	82	94	99	93	151	82	239	165	336	76	82	26	83	71	134	22	5	96	79	17	274	67	157	105	254	55	66	10	141	177	77	23	77	146	151	98	292	186	334	151	5	1	154	46	74	67	142	332	130	217	109	8	155	142	179	119	144	131	68	40	111	77	220	25	124	106	207	97	194	36	9	166	114	191	198	21	194	92	107	25	54	72	101	60	82	65	153	187	194	224	227	174	127	142	102	168	169	39	54	130	140	156	207	162	74	77	6	123	358	82	104	32	171	106	220	191	168	59	53	85	24	75	178	40	12	274	204	73	24	62	25	117	32	111	86	120	140	195	36	153	83	158	75	58	45	103	297	48	18	155	47	197	141	219	136	12	20	124	198	231	106	76	97	348	122	116	182	176	20	183	249	29	36	75	193	11	71	47	12	356	141	150	99	33	1	94	47	91	54	207	49	238	95	235	278	118	160	178	240	96	119	185	85	129	182	17	44	143	208	173	130	133	164	69	70	78	35	113	32	123	20	43	378	114	157	134	51	151	107	160	283	103	34	112	2	57	215	145	267	101	24	122	112	133	187	10	89	194	182	59	129	12	8	245	97	192	411	2	71	23	36	118	61	142	215	136	26	60	167	166	192	188	10	170	67	128	77	123	67	183	53	61	403	187	11	165	269	239	136	84	301	114	139	137	10	141	46	11	15	57	142	42	80	131	255	169	192	18	84	155	16	198	84	65	81	168	78	50	89	202	206	69	150	178	55	11	255	133	63	119	23	66	122	234	145	165	160	224	169	423	49	140	133	143	92	54	36	4	130	151	197	162	146	114	190	17	72	92	114	196	146	419	17	122	111
KLF12	27	31	13	168	88	35	101	178	127	34	242	374	98	311	124	52	29	158	63	13	102	103	264	19	108	264	251	47	64	284	235	195	158	122	168	45	161	52	193	26	34	29	56	96	11	77	109	57	213	104	12	219	44	55	151	25	135	241	54	141	89	16	169	142	122	180	167	203	88	241	168	144	253	154	199	96	207	83	27	358	75	146	153	201	182	167	67	20	41	34	32	53	190	42	159	103	70	22	59	49	34	120	111	308	10	25	172	64	87	16	159	37	296	147	57	3	63	9	68	50	168	263	176	158	11	43	157	181	31	23	54	3	107	231	46	137	49	55	74	194	467	365	31	90	231	29	168	278	62	252	196	282	160	88	144	90	43	122	37	22	26	211	278	26	360	249	164	327	22	62	133	1957	63	155	40	295	138	187	189	117	140	80	125	46	185	11	6	330	368	181	155	101	48	114	165	347	225	65	139	75	13	49	115	365	174	23	147	164	102	52	219	264	255	161	397	85	146	104	57	56	78	51	44	24	204	73	17	48	45	24	29	390	109	90	57	56	236	236	21	197	86	109	29	20	29	41	166	14	21	7	232	61	135	47	15	98	127	138	241	57	120	67	296	165	327	48	78	49	49	86	101	10	24	71	73	13	247	35	117	108	219	30	56	14	85	322	42	20	47	170	110	231	252	432	428	168	5	3	121	27	45	48	155	153	161	266	65	9	94	129	123	102	89	72	37	38	189	59	104	35	249	166	353	99	201	17	46	89	77	208	168	55	239	132	68	11	37	47	90	64	89	62	220	222	222	126	156	225	126	130	109	140	101	26	44	84	227	184	121	198	104	55	2	80	200	192	118	36	131	78	208	423	174	47	39	139	88	145	121	37	9	254	99	58	28	46	17	211	25	75	74	105	181	109	50	68	129	232	75	53	29	115	105	73	7	58	34	139	62	173	90	28	28	160	318	242	266	363	79	388	125	182	105	170	17	77	226	25	38	82	158	9	65	31	13	196	111	157	190	88	1	123	41	85	66	161	52	151	94	164	161	114	137	183	269	120	173	91	56	97	169	15	67	173	200	275	146	125	143	81	50	50	33	76	30	99	20	50	228	164	108	104	40	135	129	188	212	92	26	128	2	79	273	113	208	107	22	85	91	134	200	11	84	316	215	48	92	12	8	299	146	137	189	2	51	62	49	130	37	204	277	181	35	71	130	242	157	177	9	213	62	139	65	112	51	432	50	45	281	123	21	162	189	273	165	42	186	68	126	139	23	204	24	5	20	41	133	36	104	135	409	194	219	18	78	224	18	197	97	84	49	160	55	77	111	207	193	41	210	326	81	23	262	159	51	228	93	58	64	149	152	208	111	293	145	217	88	128	103	107	89	44	38	6	74	107	227	179	163	229	230	21	79	106	79	275	109	168	16	136	119
KLF13	5	19	10	112	39	23	53	114	92	7	78	127	33	123	73	35	15	75	34	13	80	57	114	19	101	113	104	21	53	122	82	53	71	90	75	32	83	51	105	13	22	11	40	77	11	50	91	19	80	78	8	113	35	17	57	18	39	104	48	68	58	4	55	41	92	55	56	49	46	106	92	95	62	44	65	41	76	39	16	127	30	67	41	43	79	89	58	14	15	7	7	15	109	13	62	47	57	10	19	39	21	66	26	81	7	8	65	21	27	15	88	30	134	28	14	3	51	8	38	49	76	93	67	95	8	19	81	88	18	12	33	3	55	95	22	50	5	34	34	85	108	88	32	65	71	16	96	107	52	82	111	122	88	35	63	65	31	96	27	16	19	82	88	14	126	97	78	161	10	48	92	63	643	78	53	112	71	74	94	83	52	20	35	33	53	9	6	150	98	38	51	49	27	74	74	77	125	39	62	43	9	38	54	161	75	21	82	102	48	34	132	126	118	49	116	64	82	81	49	34	46	38	22	16	82	65	15	74	18	30	12	148	65	17	16	14	91	101	22	122	71	34	15	20	8	24	115	2	13	6	63	51	68	7	4	39	53	32	81	54	66	50	128	55	110	24	33	21	34	45	65	3	7	29	58	15	90	15	99	45	96	21	62	6	37	74	31	14	31	55	36	84	93	97	122	81	5	1	44	15	32	21	154	76	38	108	64	2	62	86	58	52	57	72	14	8	38	58	63	9	52	35	118	52	108	7	7	63	60	77	49	10	84	53	52	3	12	21	61	24	38	61	57	94	89	72	86	70	90	80	61	128	46	14	33	76	113	100	78	91	43	37	2	65	112	101	57	17	77	44	77	119	59	29	29	44	18	49	98	22	11	82	65	37	18	31	14	85	20	97	55	76	62	63	31	53	68	69	53	32	21	63	77	33	6	36	34	78	49	77	143	6	13	75	99	113	86	79	77	136	62	60	69	106	16	37	124	25	17	31	63	14	55	24	8	92	59	79	68	15	1	55	29	61	36	96	43	71	32	58	104	79	170	114	106	67	86	99	69	88	78	22	25	58	121	113	82	94	101	33	24	43	25	74	22	67	17	34	102	96	47	66	31	93	63	108	154	60	8	59	2	46	114	57	103	63	22	67	45	74	98	3	72	103	100	39	80	11	8	100	42	90	97	3	53	10	19	145	38	113	120	93	22	93	126	100	72	114	8	100	47	136	50	65	43	81	47	47	130	83	4	90	110	134	77	19	83	42	89	150	7	71	21	5	11	39	68	29	51	83	140	98	87	15	58	112	18	112	45	102	41	94	55	25	36	104	109	41	101	93	28	5	110	72	39	112	22	56	59	119	104	82	77	95	84	114	46	57	94	135	134	39	22	4	43	97	119	101	65	56	112	14	42	42	54	105	51	101	16	86	68
KLF15	6	22	11	148	41	23	109	146	112	12	114	157	53	175	85	54	15	90	47	15	106	79	166	23	129	123	137	32	56	198	155	75	111	134	91	38	102	60	147	13	22	14	63	97	10	82	104	20	157	85	8	152	50	21	110	24	78	123	61	71	89	4	116	73	119	91	107	93	69	165	114	116	130	52	102	54	114	57	19	207	46	119	67	73	127	123	86	16	24	15	17	24	148	20	82	62	81	12	36	51	13	64	35	94	10	13	64	27	42	17	110	35	149	50	15	3	69	9	30	46	96	124	103	160	11	20	111	145	17	17	47	3	89	74	34	70	13	33	46	105	172	196	45	95	143	38	133	154	55	106	125	137	132	57	125	80	47	115	29	19	19	88	100	13	152	117	103	239	17	56	160	155	78	751	48	198	91	82	95	119	73	31	67	52	105	9	4	232	145	77	110	81	39	86	84	177	178	66	89	62	10	40	108	221	76	23	124	150	94	33	194	205	164	90	180	95	106	113	52	47	56	56	33	18	176	76	15	56	26	36	11	244	104	52	39	35	184	100	22	193	86	37	18	21	14	21	139	4	14	6	93	64	88	21	10	83	46	45	75	77	74	62	155	79	155	42	42	19	58	83	103	4	4	43	63	13	118	17	130	65	127	26	73	7	57	162	46	17	27	79	66	98	165	172	154	142	5	3	55	25	41	31	89	116	76	155	75	2	88	131	109	93	92	76	18	17	58	57	101	20	80	62	142	73	163	4	9	85	51	81	64	13	134	87	66	6	25	24	100	33	79	66	77	151	149	111	126	74	126	83	97	95	74	18	41	86	143	145	92	130	60	37	1	99	169	68	66	20	102	75	104	153	99	45	40	86	30	64	104	27	12	121	103	44	20	37	16	106	23	89	77	100	144	105	27	74	75	97	54	50	21	41	109	53	6	41	39	112	68	152	117	5	19	109	182	122	97	106	87	174	84	140	92	139	17	47	157	25	22	21	88	11	62	33	6	137	69	128	115	18	1	102	43	78	49	142	57	96	46	99	156	97	135	136	203	92	137	106	71	120	152	18	35	110	155	171	113	121	95	43	26	53	30	100	30	88	18	52	151	128	61	82	36	123	56	134	125	78	9	116	2	26	158	73	166	82	22	79	68	119	139	2	83	135	109	59	106	11	8	144	69	125	150	4	44	19	17	90	45	144	163	109	27	56	146	91	154	161	10	175	63	94	62	92	41	151	65	58	177	118	4	97	154	183	127	34	110	64	131	85	7	96	20	5	10	51	83	40	82	115	191	104	164	18	81	172	19	164	76	49	48	136	57	37	74	135	161	56	121	192	43	6	170	134	54	165	38	83	81	147	113	105	88	129	131	174	66	94	125	118	76	52	26	4	65	120	160	136	134	140	154	18	47	35	70	158	84	156	15	110	61
KLF16	2	13	10	57	16	20	43	57	54	2	39	68	23	54	42	29	11	41	22	11	47	40	55	16	54	45	48	17	32	71	49	22	43	41	33	24	45	37	60	4	12	4	37	52	12	40	47	13	45	43	6	51	32	2	41	17	30	45	36	37	40	3	29	23	56	31	38	19	36	83	52	53	39	18	42	29	45	32	16	73	19	42	30	26	43	62	46	14	14	7	6	14	55	11	28	31	45	8	14	27	10	29	10	29	7	4	31	19	9	12	38	25	58	13	5	3	39	8	20	28	45	40	44	56	8	15	42	50	14	12	29	3	41	27	17	28	3	25	24	57	52	48	28	45	47	17	54	61	35	49	52	58	53	23	42	40	27	49	25	15	16	33	40	12	42	43	43	69	9	30	54	40	53	48	243	66	51	29	50	56	30	14	16	26	32	10	4	58	51	25	34	26	26	42	34	51	55	29	43	37	9	28	39	68	30	19	46	59	37	22	72	71	64	40	52	40	36	50	29	26	25	29	21	16	52	35	16	39	15	24	5	70	49	7	8	8	57	32	19	60	47	14	10	18	7	3	53	2	13	6	31	36	38	6	2	33	27	11	21	37	33	36	51	23	49	23	19	11	28	37	50	1	1	20	31	13	47	13	52	26	55	17	38	6	35	43	29	16	25	27	28	39	81	51	65	44	6	1	25	14	25	16	49	43	23	54	39	1	43	48	50	32	45	44	12	4	23	36	43	7	24	21	53	33	60	6	3	46	32	30	25	3	49	26	33	2	6	16	45	17	30	45	34	50	49	48	56	30	54	43	41	50	30	12	21	41	58	56	49	54	27	25	1	47	59	26	23	5	44	31	42	43	36	35	24	34	9	31	52	16	11	44	49	21	14	20	15	47	20	42	38	44	41	46	18	45	44	37	30	22	17	25	44	26	6	29	27	47	34	52	56	2	11	41	49	55	29	20	46	51	38	40	50	62	16	30	64	24	11	13	34	10	37	21	6	55	27	50	37	6	1	35	21	34	29	58	29	49	26	37	56	45	58	56	57	43	42	52	39	52	49	12	14	37	54	42	49	49	48	18	12	33	21	48	18	47	16	27	63	38	31	31	21	47	28	53	53	47	5	42	3	16	49	36	58	42	21	33	37	51	64	2	46	48	47	31	51	12	8	46	23	49	64	2	25	4	8	52	27	62	53	37	19	35	63	40	52	60	7	57	33	44	34	51	27	50	26	30	69	47	4	34	54	65	44	14	49	36	59	48	3	37	20	5	4	30	38	22	39	47	55	42	48	15	39	54	17	60	24	38	34	52	35	17	28	49	62	31	51	47	18	4	59	52	26	51	11	34	42	61	46	46	39	44	52	71	27	36	51	62	45	31	20	4	36	54	57	50	46	37	58	14	28	17	40	52	41	59	17	55	31
KLF6	14	72	31	392	97	35	154	313	219	80	267	510	194	415	197	89	38	360	98	33	160	200	374	27	185	332	326	95	80	429	285	194	217	184	297	47	341	88	314	89	85	99	77	151	12	95	166	78	223	155	21	297	64	36	177	33	145	366	89	169	219	32	249	310	181	153	171	166	105	373	205	209	268	177	358	101	223	80	86	729	76	166	144	254	309	267	129	20	63	87	83	132	335	60	329	230	117	69	98	93	57	174	102	297	18	75	215	165	120	36	199	47	395	154	60	3	110	10	102	80	289	326	363	289	22	59	213	214	52	59	109	3	301	297	91	188	56	84	150	284	456	405	49	160	258	45	258	588	84	502	249	348	224	119	186	187	59	210	53	27	35	361	362	35	468	408	358	406	56	92	368	295	112	198	66	2191	207	283	279	180	246	110	133	97	184	16	6	442	402	264	180	172	78	210	200	353	353	169	345	208	15	120	168	516	211	29	224	289	123	52	294	515	435	239	409	176	216	253	75	94	115	84	107	22	247	133	21	74	58	32	74	430	269	84	77	73	302	347	30	288	115	118	40	26	33	40	233	21	30	9	280	104	183	65	26	126	134	143	264	95	200	86	428	236	477	80	105	56	88	103	160	28	13	130	108	19	466	81	201	170	331	65	87	12	137	295	80	22	83	232	207	248	478	377	557	219	6	3	182	51	82	67	229	436	251	324	123	6	166	197	191	138	149	159	90	73	193	92	234	39	204	197	445	132	323	38	16	196	145	380	245	54	299	170	123	29	76	88	130	72	119	89	254	321	319	316	293	258	188	174	142	205	226	47	64	154	306	258	241	264	103	95	9	152	457	228	179	45	236	127	308	441	278	64	57	135	71	158	250	51	14	455	269	90	42	69	23	286	33	137	113	174	205	253	65	168	142	290	89	67	39	165	290	71	18	129	51	248	153	264	159	20	24	212	297	333	292	261	128	598	178	194	232	277	21	178	355	32	42	107	262	13	93	59	11	387	173	241	184	56	1	134	46	125	72	284	65	305	124	324	312	183	234	273	340	146	216	197	102	177	225	18	58	202	312	292	214	195	223	108	89	85	39	132	40	165	20	62	568	214	208	168	60	225	189	247	338	135	29	165	3	89	359	169	367	158	26	141	147	210	302	13	127	440	289	63	166	13	8	361	145	217	420	4	93	56	73	192	62	274	362	247	36	87	252	301	246	274	11	320	83	215	102	180	70	371	66	75	644	216	17	230	325	408	234	89	412	115	215	202	13	270	54	9	18	59	206	56	141	192	497	272	277	19	117	242	18	315	121	121	84	264	87	86	143	290	321	65	271	318	93	19	382	219	78	279	62	83	123	279	230	272	189	376	248	523	76	196	184	187	131	64	48	9	142	185	328	262	214	229	361	22	117	140	122	378	179	515	18	187	155
KLF9	12	42	12	155	44	24	73	139	107	30	162	288	83	167	108	46	31	156	47	14	80	113	154	25	96	122	131	47	41	167	126	63	102	73	135	27	173	64	122	31	38	33	47	64	10	44	75	59	77	79	13	141	44	14	77	32	59	179	57	52	115	14	103	140	76	94	81	92	79	188	68	81	104	101	153	60	111	41	38	265	34	58	59	113	125	107	64	16	38	35	26	52	158	29	147	78	53	22	42	40	33	84	44	149	10	37	110	65	38	19	92	29	129	76	29	3	55	9	51	45	147	176	160	103	12	31	93	111	31	29	75	3	132	101	40	84	15	34	77	127	178	152	35	69	108	29	109	233	54	213	87	126	87	55	74	100	43	92	35	16	20	115	197	26	185	213	160	156	20	52	199	138	71	91	51	207	1001	123	146	80	105	55	98	42	84	10	5	180	138	103	80	74	64	125	104	131	149	45	163	100	9	66	65	207	95	22	93	126	60	29	130	178	202	145	152	106	92	112	53	49	62	54	57	23	88	81	20	40	29	26	34	176	143	35	44	45	134	166	25	108	57	55	21	21	15	19	106	6	18	9	109	62	69	26	11	52	66	56	104	58	103	49	165	95	226	49	68	20	59	49	73	12	4	55	57	14	207	37	100	88	166	33	47	14	108	118	45	18	53	108	94	78	144	131	286	80	5	1	100	28	48	36	94	161	91	154	68	4	103	92	114	91	85	96	41	31	115	56	125	19	133	113	166	61	98	19	9	100	74	131	108	19	139	57	66	10	31	40	54	49	50	49	132	157	166	139	158	127	79	95	68	109	98	22	37	85	109	106	146	108	52	49	1	67	182	63	83	31	71	47	162	158	113	47	36	58	26	61	130	38	11	180	108	56	20	42	16	87	27	69	55	84	83	108	36	88	59	115	59	48	38	91	141	34	10	90	39	106	76	122	82	11	19	83	131	166	89	72	56	258	87	70	119	118	19	112	155	25	27	56	119	10	55	33	6	205	102	89	71	25	1	58	30	61	38	122	32	147	61	135	145	89	91	135	130	69	80	113	63	79	96	12	25	81	145	123	97	97	124	52	47	40	28	75	22	86	17	27	199	75	102	93	38	104	78	123	183	72	15	66	2	50	165	93	153	62	19	84	59	74	114	8	66	131	135	39	82	11	8	177	66	122	222	3	54	18	22	77	32	123	151	94	24	49	117	134	102	111	8	113	44	85	63	79	44	120	37	48	232	100	10	124	154	152	95	45	190	76	92	101	9	109	30	6	12	40	96	29	56	89	192	124	95	16	58	115	16	125	60	53	58	113	46	37	56	122	132	42	112	112	35	7	153	68	44	86	22	45	73	161	100	125	107	146	104	218	40	85	94	81	69	42	26	4	76	99	148	96	80	74	114	15	52	69	61	139	90	194	15	79	77
KMT2A	12	30	7	204	45	15	42	215	185	29	471	719	112	329	96	33	93	227	42	10	71	93	276	16	90	337	234	46	62	306	152	202	140	143	218	38	293	58	190	37	46	47	41	64	9	32	109	137	94	101	40	228	23	43	63	18	74	463	46	129	101	3	166	232	100	184	109	269	122	268	116	159	213	328	308	119	165	47	19	521	26	64	137	289	206	155	51	12	32	34	29	59	265	20	302	106	51	19	29	37	43	124	256	586	8	13	490	98	80	14	176	14	326	204	81	3	43	6	116	64	290	458	289	143	8	26	161	163	24	22	53	2	186	410	33	168	25	36	140	195	455	262	17	58	159	21	151	458	52	506	160	265	124	51	65	130	19	166	20	11	17	551	624	18	632	341	250	335	12	43	160	187	74	82	29	283	123	2417	693	78	188	45	285	20	118	10	5	419	280	116	77	98	30	134	181	205	207	20	202	95	9	41	36	384	183	12	145	181	39	37	225	323	359	319	336	102	193	98	56	50	113	55	33	17	111	97	13	41	31	14	30	288	109	116	110	108	137	319	15	184	52	204	25	15	12	66	218	14	15	6	209	71	126	11	29	42	313	102	570	41	131	30	385	369	396	44	106	54	29	38	72	1	8	49	59	11	409	25	126	111	307	16	33	21	83	217	40	12	61	182	120	161	275	296	754	83	5	3	149	29	35	17	183	214	169	370	73	4	104	163	119	111	66	108	36	24	198	67	124	55	160	131	400	70	178	13	15	95	90	494	222	40	231	102	52	5	22	46	38	61	29	40	284	341	364	120	257	448	92	165	104	242	89	26	38	82	187	150	145	197	60	53	1	70	244	387	131	44	92	38	453	404	172	36	34	61	68	129	158	56	10	346	115	45	25	41	15	165	21	97	57	72	76	100	46	65	74	232	71	36	15	154	152	33	7	73	19	133	53	98	92	9	27	177	226	358	408	381	55	599	142	77	112	158	15	98	247	14	26	81	312	7	56	21	9	253	135	128	137	84	1	75	17	59	34	157	45	194	48	157	214	147	182	216	182	107	139	117	37	85	100	12	53	97	253	220	132	144	187	79	156	23	19	57	29	92	11	26	316	168	190	124	59	168	172	202	310	82	30	62	2	105	293	157	227	62	11	134	65	103	190	9	68	449	198	25	75	9	6	453	78	153	231	6	95	40	69	131	16	135	273	186	18	65	133	321	89	133	5	200	43	154	53	79	90	420	46	32	384	101	10	237	270	245	159	28	286	73	113	190	7	231	18	4	16	20	165	27	85	117	547	228	130	13	72	181	11	193	100	84	41	203	40	49	55	242	168	23	208	176	89	18	303	74	37	179	95	59	52	194	179	243	152	347	125	295	70	130	94	96	131	17	48	3	55	96	263	206	79	128	241	17	63	134	69	309	139	190	11	100	174
KMT2B	10	23	9	215	31	18	63	190	182	29	492	769	109	284	96	43	174	248	48	12	86	108	248	19	110	279	241	44	56	317	179	184	153	127	227	40	336	64	189	29	39	39	53	76	11	47	105	231	105	124	59	239	36	46	78	25	70	503	66	99	132	3	151	232	105	178	109	268	119	296	94	171	198	412	324	159	198	56	19	484	29	71	129	279	187	162	68	12	28	40	26	66	272	28	364	110	71	17	34	48	46	98	348	695	9	12	623	91	75	15	182	23	271	265	111	3	57	8	95	62	318	452	287	151	8	22	161	185	28	19	61	3	213	352	32	193	15	31	165	186	529	260	31	77	144	22	180	466	55	548	134	221	134	51	74	142	32	181	23	15	18	442	810	17	598	332	249	288	12	62	191	189	94	95	50	279	146	693	2475	87	185	25	329	34	130	10	4	443	244	94	67	107	42	162	168	186	246	37	238	116	9	46	59	363	143	19	142	193	56	40	223	302	343	332	331	124	183	119	63	46	142	62	42	18	114	142	13	58	28	24	29	277	130	92	91	92	156	326	19	188	58	270	26	16	12	59	199	11	16	6	194	73	104	11	31	56	414	90	552	55	133	51	354	421	439	55	121	50	45	44	77	3	4	42	69	12	406	24	130	100	337	17	44	37	85	192	59	21	57	177	112	123	281	284	770	96	6	3	144	26	39	16	179	232	140	400	98	3	117	158	140	146	90	133	32	20	174	74	148	57	154	125	386	84	173	9	15	104	98	393	246	41	209	79	58	3	15	49	53	60	46	52	256	341	358	149	283	523	108	181	109	321	96	29	43	107	147	155	166	185	71	66	1	81	231	248	144	59	112	57	577	401	151	45	37	68	93	137	167	98	12	361	136	47	24	44	12	139	24	97	76	74	87	115	39	86	76	196	78	35	22	154	164	46	6	84	27	146	68	123	108	17	24	167	239	354	364	342	63	604	176	76	140	165	16	104	245	22	29	70	385	10	63	30	10	260	182	126	110	114	1	76	31	64	42	162	46	189	54	156	240	165	178	209	201	98	123	136	53	106	121	18	57	114	285	226	141	144	225	85	137	37	27	81	33	97	14	31	322	153	224	150	69	192	147	177	358	93	44	67	3	91	281	165	220	72	18	180	77	105	182	8	75	369	198	35	93	11	8	467	72	170	267	2	88	40	94	125	26	131	295	161	20	74	137	287	109	154	6	193	56	156	74	91	107	477	55	39	374	126	13	273	304	251	159	24	283	90	119	190	6	239	29	5	22	34	179	33	82	109	532	196	132	17	72	174	19	220	83	83	57	185	58	58	59	259	163	37	176	170	78	19	306	83	40	157	73	62	78	228	165	247	194	377	132	313	49	131	121	107	145	34	43	5	67	109	258	194	86	107	215	20	73	98	90	288	165	198	14	119	198
LBX2	4	20	10	152	51	26	78	153	133	7	90	136	38	212	91	46	11	91	43	13	129	79	201	20	131	177	178	22	55	224	123	84	120	105	92	36	103	60	141	12	23	14	67	129	10	74	133	20	140	118	7	154	54	18	90	20	64	125	70	118	85	2	78	70	132	62	88	65	67	156	153	133	122	31	99	50	93	51	15	204	46	112	55	57	112	148	95	15	18	12	10	25	154	10	66	63	78	10	21	53	16	92	34	95	7	11	72	20	41	12	119	37	224	61	21	3	69	9	54	49	111	96	85	175	8	26	133	110	19	13	37	3	72	114	25	56	6	35	37	136	178	136	39	90	113	23	175	140	58	118	158	190	158	37	98	78	44	114	31	19	20	89	106	13	155	117	89	232	10	54	118	117	83	119	56	180	80	78	87	849	60	19	36	43	78	9	5	236	167	60	73	61	30	92	99	164	226	52	85	58	10	48	85	248	87	22	150	169	69	33	193	203	170	72	181	78	88	122	51	41	49	32	26	16	156	75	15	59	23	43	9	218	93	25	23	21	140	111	26	178	102	35	14	21	12	31	131	3	14	6	75	69	111	9	5	61	63	40	98	64	63	71	187	73	155	30	39	17	47	73	95	1	4	35	68	14	109	15	118	59	143	16	91	9	49	131	35	15	32	70	48	151	160	176	158	111	5	3	46	19	34	24	104	84	67	120	84	2	94	101	110	66	88	78	20	8	48	70	81	13	83	55	199	73	179	11	8	88	45	99	73	15	138	67	57	3	8	21	91	28	63	70	84	171	152	107	120	76	155	111	96	88	64	13	36	94	201	166	97	157	45	39	1	100	165	89	72	18	108	59	93	176	83	43	41	71	33	71	118	29	10	116	94	45	18	36	19	167	20	78	77	102	125	95	33	68	81	90	56	44	21	66	91	48	6	39	45	110	61	122	130	5	14	103	156	133	139	130	107	165	99	123	105	272	19	50	184	30	24	28	85	12	72	31	8	135	65	151	112	17	1	91	35	79	43	157	46	95	40	92	144	113	133	163	163	92	131	114	93	122	116	15	37	77	166	138	145	125	117	35	24	63	26	102	23	116	19	52	166	123	64	91	32	130	83	141	109	92	10	94	2	40	168	63	163	107	24	75	73	134	267	3	102	151	146	55	114	11	8	127	50	135	135	6	45	21	24	121	49	167	193	137	24	58	172	125	123	173	11	188	50	105	66	175	42	143	58	55	179	109	6	109	154	207	121	22	112	63	238	88	6	104	23	5	6	49	75	38	103	138	230	137	139	17	69	157	20	179	49	63	52	160	60	35	57	141	194	53	149	175	51	8	170	126	46	179	40	57	71	130	146	133	96	143	146	177	55	79	132	127	79	52	30	3	53	136	185	124	115	111	206	14	49	53	69	182	96	138	15	121	79
LCOR	54	50	505	167	56	20	42	119	123	885	188	404	1368	176	221	40	55	613	265	49	59	85	159	20	71	161	135	723	43	162	127	146	149	71	345	45	364	58	265	719	344	544	41	55	10	33	60	165	66	47	7	139	36	69	65	40	453	170	40	78	127	487	106	168	54	81	74	105	65	442	70	74	205	132	676	81	129	40	607	580	213	52	196	466	143	230	52	129	347	725	1078	962	177	564	583	825	63	600	818	209	69	113	77	178	312	341	143	1207	456	387	79	25	152	68	24	3	46	9	64	50	135	562	1217	75	174	125	106	152	236	774	394	3	181	190	383	436	755	286	560	276	341	262	26	73	292	43	74	655	43	604	90	139	92	774	54	90	48	131	222	113	151	213	245	187	283	320	300	153	434	38	158	140	52	73	30	246	105	188	185	60	4679	906	134	35	95	16	4	303	195	825	326	257	216	349	257	293	187	44	589	676	10	281	73	335	215	20	75	108	57	41	97	189	216	407	189	83	132	92	42	263	95	283	993	16	74	65	32	31	299	19	631	153	371	34	31	33	211	343	30	92	53	150	260	18	403	22	101	240	157	9	383	41	74	870	15	42	98	588	114	54	571	35	268	451	436	496	126	50	45	37	71	555	48	807	46	22	660	687	83	118	409	413	31	21	91	172	111	64	419	495	985	99	929	166	491	105	5	2	389	265	220	297	100	573	879	213	60	24	191	102	186	88	92	97	843	918	103	41	128	18	85	382	220	147	83	46	52	115	216	153	622	29	640	315	156	449	743	745	43	334	91	34	613	178	159	382	208	165	68	95	73	112	588	209	32	57	98	92	156	128	81	62	72	57	167	120	111	37	80	45	191	177	225	43	35	133	33	81	309	65	14	337	208	130	46	287	151	141	153	111	71	109	233	85	61	71	128	476	47	48	29	108	112	37	206	210	33	198	55	111	64	13	41	103	154	219	128	96	39	726	134	76	107	99	40	367	229	20	174	206	547	9	45	81	47	253	122	70	90	27	2	65	30	109	37	137	31	300	746	890	182	91	83	104	157	72	78	67	39	64	76	11	79	284	112	132	92	75	209	173	258	44	60	42	55	87	14	26	637	88	143	91	80	77	107	115	264	63	226	61	3	61	122	322	215	70	20	67	88	68	120	45	51	303	179	29	53	20	8	209	526	89	391	3	121	35	49	91	25	82	143	128	31	46	90	235	110	84	8	114	49	120	47	64	55	210	33	34	395	126	11	105	208	167	148	587	604	108	76	106	31	170	311	32	85	24	252	35	55	69	253	179	105	37	151	69	18	135	421	68	42	118	24	59	183	210	131	27	131	123	74	78	246	57	76	91	40	34	68	97	93	150	87	322	99	388	42	170	73	69	62	31	31	37	289	66	111	95	65	91	176	25	113	184	90	213	234	374	14	89	90
LCORL	47	25	397	59	53	17	20	41	85	762	169	186	888	71	235	9	26	336	191	43	24	23	54	8	25	75	82	482	43	91	63	105	97	31	180	23	224	41	198	540	252	414	19	20	7	12	20	99	25	18	4	89	10	26	29	22	347	65	16	19	86	439	47	84	25	40	29	31	14	344	20	37	121	48	385	62	65	13	432	283	217	18	152	319	53	160	19	117	316	481	736	654	195	433	296	535	72	418	678	163	55	86	17	43	196	248	20	842	399	342	35	8	64	11	5	3	8	5	41	38	56	468	713	25	121	200	58	156	220	443	291	2	61	79	337	435	640	322	286	194	192	148	11	30	172	39	30	357	17	260	25	56	32	564	22	28	20	100	236	88	149	78	59	145	85	227	147	85	361	29	86	80	20	31	14	110	55	45	25	19	906	4551	109	9	32	13	3	230	128	722	256	209	159	316	217	207	175	15	379	447	4	262	52	239	267	7	36	53	22	25	39	59	76	193	104	30	78	24	24	261	69	328	649	9	27	38	24	21	237	16	478	77	279	11	11	13	108	243	27	32	20	102	211	7	299	4	53	165	128	7	337	21	29	818	7	10	17	716	22	15	504	13	136	263	352	336	97	40	12	12	36	446	23	611	26	22	400	454	27	52	295	281	16	16	34	81	102	51	343	389	678	35	754	68	270	55	2	1	548	167	146	271	54	334	644	152	26	23	167	68	145	61	55	79	514	665	31	18	57	8	45	252	91	113	33	55	22	30	216	41	520	7	622	240	95	312	600	504	14	238	61	15	469	60	50	257	145	33	21	57	32	40	384	163	27	19	32	34	66	53	43	47	57	26	50	69	70	27	26	14	36	81	164	19	13	129	15	37	228	39	8	136	131	128	21	260	147	94	179	135	41	87	195	16	73	16	146	348	33	34	19	69	38	18	136	141	18	155	13	75	30	9	37	59	80	170	90	42	16	389	93	34	31	39	36	267	167	11	185	249	469	6	25	52	56	144	91	27	52	7	6	28	11	112	15	73	25	175	763	781	147	59	37	65	92	32	33	29	18	25	35	10	66	213	57	63	44	40	172	148	318	54	46	32	35	60	9	12	348	44	49	64	60	50	71	67	248	32	202	26	2	40	71	448	173	42	11	48	63	30	69	58	17	133	138	12	29	17	5	146	390	54	258	4	78	9	4	51	8	39	76	84	18	24	48	165	71	38	5	55	34	73	39	27	44	66	16	13	189	63	3	71	173	89	88	525	377	64	27	80	37	52	215	55	53	11	189	14	23	28	224	136	76	24	106	27	10	71	354	39	12	57	16	49	210	168	64	12	72	52	27	65	173	13	61	35	16	28	30	44	51	78	61	249	32	218	23	133	62	23	26	12	22	57	236	41	51	46	27	46	115	19	124	186	50	135	138	237	9	48	37
LIN54	15	21	31	90	26	8	30	80	171	84	712	670	99	260	87	8	195	157	29	8	45	48	210	4	84	124	164	59	25	283	89	79	150	60	100	22	144	67	192	83	55	78	20	51	1	11	81	288	50	64	30	249	23	44	35	8	57	378	46	27	92	27	160	252	54	360	101	819	285	403	42	79	157	310	166	172	107	21	38	255	23	27	78	168	68	120	48	5	33	60	87	82	276	59	231	69	46	39	67	37	26	61	288	501	20	38	455	97	63	29	99	1	131	255	79	1	11	3	42	22	277	491	179	72	17	11	98	130	38	41	46	1	209	184	40	150	67	35	152	152	350	150	11	64	65	24	93	228	22	287	55	103	100	59	43	50	11	96	24	7	12	146	480	16	329	134	90	189	27	40	110	125	35	67	16	133	98	285	329	36	134	109	3629	5	42	2	1	524	121	89	59	70	25	108	110	94	288	5	107	86	1	33	26	250	74	1	155	100	22	30	161	130	250	692	239	49	162	36	15	54	118	72	63	5	56	97	4	17	39	6	57	159	73	361	360	338	112	186	3	113	14	215	18	1	25	74	133	23	17	2	143	35	48	61	106	41	218	171	284	41	113	13	240	318	386	48	97	36	16	15	68	45	13	53	37	2	209	40	117	36	259	28	31	46	99	209	28	6	41	102	93	50	228	125	832	47	1	1	165	30	33	19	91	137	76	304	47	19	134	104	139	114	85	93	57	73	164	15	66	189	229	109	200	63	76	15	15	30	86	246	197	20	176	52	26	39	72	77	15	59	18	31	179	547	628	109	263	472	78	130	51	193	53	22	46	46	77	129	64	146	36	24	9	68	94	122	161	86	34	31	359	278	92	10	12	35	53	80	87	61	8	180	46	34	18	44	11	68	37	53	43	40	51	30	18	29	41	118	44	32	19	81	60	22	12	38	16	177	19	68	57	20	29	93	155	292	252	225	45	308	102	40	55	67	11	58	156	1	54	46	417	1	24	8	15	142	148	70	67	204	1	34	8	29	8	139	22	98	56	133	230	106	73	151	112	52	55	67	24	78	72	4	35	74	175	120	86	96	122	60	84	8	8	52	15	43	2	5	148	82	147	99	45	134	87	110	222	90	74	45	1	47	191	168	170	16	2	125	49	55	85	10	56	156	147	4	44	2	1	371	64	105	147	3	44	16	51	59	1	59	192	86	5	26	70	141	61	61	1	104	30	79	52	36	56	303	27	11	178	95	8	227	292	161	97	46	137	45	54	99	12	103	27	3	32	3	115	14	32	44	482	81	66	5	40	99	1	118	66	45	16	162	14	41	38	156	129	12	95	83	20	17	195	30	23	76	52	21	40	129	93	143	144	205	69	139	17	113	91	44	67	15	16	12	114	67	163	126	42	53	135	11	46	94	50	163	139	117	2	59	98
LRRFIP1	2	12	10	76	16	16	65	46	34	2	33	51	34	47	30	56	1	66	39	10	51	78	46	23	49	31	31	16	22	71	77	9	26	44	32	21	47	35	58	6	15	4	28	39	10	43	42	3	60	29	6	38	29	7	52	21	42	14	26	27	60	2	21	19	38	21	43	15	36	47	41	40	36	9	59	23	55	34	12	94	24	52	25	20	69	50	50	15	15	7	6	17	57	9	53	45	45	9	15	22	5	30	7	13	7	4	14	17	7	12	32	40	51	5	3	3	53	9	12	28	58	27	69	72	9	13	40	28	15	14	37	3	85	10	11	26	2	17	33	52	42	73	29	58	53	16	45	71	35	68	48	44	51	30	70	47	38	46	20	17	17	21	31	11	42	41	66	49	8	17	92	46	33	52	26	97	42	20	34	43	35	9	5	197	51	9	4	20	37	25	42	14	33	36	34	65	7	90	54	62	10	22	59	58	17	27	35	64	47	27	46	75	61	33	27	46	34	79	26	19	23	24	27	15	62	26	15	23	19	14	5	69	54	4	5	4	76	11	19	48	41	9	11	24	4	4	38	2	13	6	22	34	39	5	3	59	18	7	5	41	27	45	46	7	43	31	26	9	54	43	52	1	4	31	33	12	38	12	47	33	42	17	33	5	44	42	26	15	26	23	38	31	79	45	49	63	5	1	16	18	40	14	25	85	26	42	39	3	38	43	43	32	47	25	16	4	16	29	76	5	24	17	35	34	77	4	3	72	17	12	17	2	28	23	51	1	5	19	61	18	52	31	22	19	20	81	58	16	48	31	35	31	64	14	21	48	49	51	43	39	39	28	1	44	92	9	9	2	88	61	36	19	69	35	39	35	2	21	46	21	9	78	85	26	12	12	13	35	18	24	29	36	58	86	15	85	32	41	29	18	18	13	85	35	7	39	25	48	78	80	41	2	12	34	52	22	9	6	49	40	41	55	71	45	16	37	68	24	5	8	29	8	30	37	5	74	13	60	37	2	1	42	28	37	33	62	27	57	24	50	74	29	51	46	83	40	50	54	40	46	76	9	22	51	35	43	41	40	35	20	5	49	30	49	21	40	17	28	88	45	52	20	22	29	20	44	30	35	5	56	2	12	42	30	74	52	23	18	56	51	38	3	43	43	34	40	52	11	8	39	28	46	66	2	16	4	3	35	43	44	33	39	23	20	47	31	78	66	8	47	32	25	18	41	16	41	22	36	88	65	2	17	57	75	43	11	51	45	42	22	3	43	25	4	4	39	34	17	36	45	12	41	73	17	21	47	15	54	29	21	48	43	40	14	26	37	62	41	39	62	25	3	59	70	27	40	6	33	51	53	47	27	28	35	59	83	30	48	47	57	27	28	22	2	39	48	42	54	69	52	60	14	21	18	42	46	35	95	16	44	25
MAF1	12	29	10	149	45	21	90	124	89	24	116	174	58	154	63	54	21	138	51	17	84	99	143	20	74	136	136	28	39	168	185	142	86	104	120	36	135	53	133	15	27	19	49	70	10	70	81	41	135	73	12	130	40	21	123	22	100	119	37	86	84	4	113	74	79	96	128	87	57	136	93	91	103	64	111	49	159	66	19	214	38	107	74	85	135	103	68	15	24	14	9	28	134	28	110	68	54	10	32	32	35	69	43	131	11	16	107	38	51	15	103	37	145	54	22	3	60	10	64	42	119	142	119	116	8	21	89	96	17	16	45	3	107	218	26	84	18	28	52	113	228	268	33	68	180	23	111	189	47	169	110	145	100	66	119	89	41	100	24	18	19	124	152	18	181	155	138	169	12	53	130	185	53	105	32	184	84	118	130	78	95	32	42	51	963	12	5	139	133	115	118	70	45	88	86	199	95	69	122	72	10	32	97	181	69	22	92	113	83	36	121	161	134	83	196	77	89	103	49	36	60	38	30	24	158	61	16	36	22	19	15	251	108	25	16	17	183	141	20	107	63	49	15	22	12	16	111	5	17	7	88	53	82	11	7	85	73	45	99	53	78	60	178	94	184	34	54	25	49	74	79	5	4	42	54	13	151	21	92	76	159	24	42	5	76	195	45	17	37	69	66	99	155	236	174	137	5	3	80	22	40	25	103	162	74	160	60	2	73	91	94	80	91	74	22	14	69	62	107	14	77	56	167	65	121	37	14	87	61	137	97	49	111	72	63	3	13	29	83	40	81	47	86	86	89	94	121	108	90	90	80	96	73	14	42	82	116	99	114	113	102	39	1	77	165	91	42	11	98	83	126	199	104	45	35	85	33	62	106	30	9	159	97	41	19	34	17	106	25	56	61	80	115	107	26	77	61	108	55	38	23	77	119	53	7	72	28	91	72	145	78	25	15	110	236	136	91	152	66	210	82	119	91	114	16	84	139	24	27	45	98	9	44	34	9	167	82	95	121	32	1	98	37	71	56	117	37	128	42	125	133	83	106	118	197	91	109	91	56	71	154	16	37	133	138	182	83	89	113	50	39	43	29	57	29	82	17	42	177	109	81	81	42	103	81	101	152	74	29	104	2	47	161	88	147	70	21	82	66	93	116	8	62	155	96	47	75	11	8	176	101	95	154	4	55	45	28	86	37	107	156	101	34	48	104	137	135	107	8	109	43	90	52	83	45	230	45	40	209	95	21	119	144	152	111	24	165	72	95	87	11	115	23	4	5	42	101	27	71	92	164	121	166	18	50	129	18	112	60	49	52	112	48	42	56	127	118	43	118	205	44	4	146	122	38	117	42	57	63	124	110	123	98	161	108	194	65	93	81	91	72	37	30	2	67	74	151	123	126	142	133	17	51	62	76	158	84	149	15	84	73
MAFG	3	8	11	10	9	11	9	9	14	11	15	24	32	14	15	9	4	22	24	10	9	9	12	9	10	13	14	17	10	16	11	4	9	10	12	8	24	10	12	21	15	15	10	10	7	9	11	5	9	10	5	9	10	8	10	10	15	14	10	10	16	5	11	9	10	10	10	4	10	18	9	10	16	7	25	12	12	10	17	24	15	10	15	15	10	13	10	17	58	19	16	26	12	13	22	18	9	12	14	14	4	9	4	5	8	3	8	28	14	12	10	9	12	2	2	2	9	6	8	10	11	17	22	11	7	12	10	16	22	15	15	3	11	9	10	31	18	20	25	14	14	13	10	10	10	12	10	27	9	24	9	9	9	12	9	10	9	11	21	16	25	13	11	9	16	16	17	14	9	10	11	11	9	9	10	16	10	10	10	9	16	13	2	9	12	335	4	17	15	34	13	8	10	20	12	16	12	12	22	14	7	11	10	16	15	9	10	14	10	11	10	10	16	13	15	9	14	9	12	16	12	11	19	9	9	12	62	36	19	8	22	13	14	1	2	2	11	10	10	9	10	7	11	9	14	1	11	4	9	5	18	10	9	15	1	9	8	18	2	10	18	9	17	18	23	19	13	6	9	9	9	3	6	23	9	10	22	16	10	12	16	13	10	4	9	12	11	9	18	17	29	10	26	13	29	9	6	1	18	17	16	13	14	19	27	19	12	8	13	9	11	9	10	10	24	17	8	9	10	3	9	11	14	10	10	6	6	9	12	9	15	1	21	10	10	2	7	24	9	14	13	10	22	12	8	20	18	9	9	10	11	10	19	11	12	9	10	10	11	10	11	13	8	10	12	3	11	4	11	11	12	11	14	9	10	13	2	12	13	8	9	17	13	13	9	9	9	11	13	12	9	10	10	10	8	9	11	19	9	7	10	10	13	10	6	12	11	18	9	11	9	2	7	10	14	18	8	5	9	25	12	10	10	10	9	15	10	10	10	16	21	7	10	12	8	15	12	9	10	1	1	9	9	15	9	10	9	12	24	29	12	12	9	11	14	10	11	9	10	11	10	5	9	18	12	10	9	10	19	12	9	9	9	9	12	11	9	9	24	13	12	13	10	10	9	11	20	10	7	9	3	7	11	13	15	14	10	10	14	9	12	5	10	14	14	9	10	8	6	16	12	10	17	2	13	1	6	11	9	11	10	13	11	7	10	15	11	11	5	11	10	12	11	10	10	16	8	11	20	9	2	12	15	16	10	14	24	10	10	10	2	13	23	3	6	9	17	6	10	9	14	14	11	9	11	10	10	12	16	11	10	13	9	8	12	14	12	9	9	11	9	7	17	9	9	13	5	9	11	11	9	14	13	16	10	16	9	10	9	9	9	10	9	2	16	9	10	10	9	11	15	11	17	10	10	15	16	18	9	9	9
MATR3	1	4	4	4	5	5	4	8	7	1	4	7	3	7	5	4	1	4	4	4	4	5	5	4	4	10	6	3	4	7	5	6	5	6	5	2	4	5	4	2	3	2	4	5	3	4	8	1	4	5	3	6	4	1	4	4	4	7	6	9	4	1	4	5	6	6	4	2	4	5	9	7	7	5	5	4	5	4	3	7	5	4	6	5	5	6	4	4	3	3	3	3	6	3	5	4	6	3	3	4	3	5	2	5	2	1	5	3	2	4	4	4	9	1	2	2	4	4	5	4	4	6	5	5	4	3	4	5	4	3	4	2	5	6	4	4	1	4	4	5	7	6	4	4	6	5	5	5	5	6	7	7	6	4	4	5	4	5	4	3	4	4	5	4	5	6	4	9	3	4	4	6	6	4	4	6	5	5	4	5	4	3	1	4	5	4	37	5	6	3	5	3	4	5	6	5	3	4	4	4	4	4	4	7	6	4	6	5	5	7	8	6	7	5	7	5	4	5	4	4	4	4	3	4	4	4	4	4	4	4	3	4	4	2	2	3	6	4	4	8	6	2	3	4	2	3	5	1	3	3	4	5	5	2	1	4	3	3	6	4	4	4	6	3	7	3	6	2	4	5	4	1	2	3	4	4	4	3	5	4	6	4	4	3	4	5	4	3	4	3	3	7	4	7	6	4	3	1	4	3	4	4	8	4	4	6	4	1	5	4	5	4	5	4	4	2	5	5	4	1	9	5	7	4	5	2	1	5	4	6	4	2	6	6	5	1	2	3	4	4	4	5	4	4	4	5	6	5	4	5	4	5	4	3	4	4	7	7	6	5	4	4	1	4	6	5	5	1	6	4	4	7	5	4	4	4	2	7	5	3	4	5	4	4	3	4	4	7	4	4	4	4	4	4	5	5	5	5	6	5	5	5	4	4	4	4	4	5	4	5	6	1	3	4	6	5	7	4	6	7	6	4	5	5	4	4	6	4	3	5	4	3	4	5	3	4	4	6	4	4	1	4	4	4	4	6	4	5	4	5	4	4	7	6	4	4	7	4	7	4	4	4	5	4	7	4	5	5	5	3	4	4	4	4	4	4	5	4	5	6	4	5	4	4	4	6	5	5	2	4	1	5	6	5	5	6	4	5	4	4	5	1	4	7	4	5	4	4	3	8	4	4	4	2	4	2	2	8	4	6	6	6	4	5	5	6	4	6	4	5	4	7	5	5	4	5	4	4	5	4	1	4	5	5	4	4	5	4	5	7	1	6	4	3	3	4	4	3	5	5	5	6	4	4	4	4	4	5	4	5	4	4	5	3	4	6	5	4	6	6	4	1	6	4	4	8	3	4	4	7	5	4	4	6	5	5	5	4	7	6	6	4	4	2	4	5	9	6	5	5	6	4	4	4	4	6	6	4	3	5	5
MAX	36	28	76	266	118	39	92	289	342	172	730	1002	337	571	451	27	141	280	96	33	185	96	512	9	226	465	461	167	132	582	248	282	287	291	232	70	313	82	422	182	127	173	82	172	5	77	192	208	241	201	28	482	56	249	121	18	168	769	102	164	201	66	298	311	219	285	175	436	171	646	225	278	590	369	448	197	248	66	117	696	162	157	346	439	178	310	109	30	172	164	211	229	506	86	358	238	133	106	190	101	44	184	269	703	49	65	434	312	181	61	255	13	489	311	113	1	54	4	130	88	319	724	441	292	25	104	302	553	89	104	83	1	204	471	137	372	207	131	182	350	742	387	32	160	231	81	312	575	88	489	271	439	276	124	137	131	35	286	91	26	53	331	597	53	689	343	246	897	84	122	248	330	150	232	58	442	180	419	443	236	303	230	524	20	139	17	5	6747	515	358	155	297	44	312	349	379	1235	26	240	168	5	219	132	711	354	9	331	354	92	66	758	507	690	392	943	124	367	157	82	134	172	120	170	14	266	164	24	97	118	53	150	578	170	212	201	197	292	501	38	580	111	307	92	7	111	137	428	50	33	6	513	116	193	199	60	64	262	360	546	91	292	76	554	604	644	123	187	81	41	61	151	77	60	238	103	15	509	110	270	121	486	50	102	52	80	355	78	18	129	400	303	269	689	442	1166	174	2	3	247	65	77	109	294	240	417	575	141	22	222	391	247	294	150	219	182	294	260	107	133	120	322	291	557	149	351	35	63	83	165	393	356	43	562	314	80	76	168	160	81	141	73	84	535	755	661	405	424	464	226	257	191	327	213	62	70	169	359	315	165	366	85	89	12	143	275	429	516	166	151	71	439	696	244	39	38	167	158	217	293	91	14	407	183	114	65	129	63	341	47	241	112	192	240	99	86	51	221	403	115	92	35	210	153	63	28	60	53	340	56	265	225	21	45	278	384	553	704	588	110	792	252	168	155	348	29	116	482	19	115	173	449	10	100	38	28	294	247	241	256	178	3	133	36	159	39	314	93	185	220	398	484	310	297	441	376	163	342	213	110	223	188	17	113	211	459	451	305	304	368	165	223	78	25	162	54	205	11	47	411	401	223	226	70	334	212	359	501	149	88	115	2	120	491	249	502	158	10	229	140	223	388	24	134	527	453	55	208	15	4	698	159	337	352	8	149	42	100	221	29	328	527	320	22	110	309	413	203	344	7	431	83	247	134	178	140	584	116	60	514	222	15	413	596	555	296	148	296	90	261	284	31	276	103	18	51	33	303	57	141	240	1437	347	267	16	149	365	13	422	320	120	38	352	86	122	206	434	346	37	360	372	101	56	510	151	83	506	191	135	112	398	336	358	253	569	263	387	140	250	247	191	198	52	59	30	203	275	446	367	177	231	426	22	180	208	119	494	211	310	6	229	237
MAZ	31	40	14	227	145	46	69	238	212	57	295	502	140	513	224	55	43	225	85	26	141	108	438	19	138	462	409	77	92	388	175	226	239	153	230	55	259	67	298	55	59	65	64	150	10	62	165	75	185	145	20	312	48	77	113	25	112	345	73	228	110	19	188	238	168	159	126	204	98	328	268	323	501	163	276	138	158	67	51	524	110	131	183	287	225	266	79	22	68	50	50	79	274	34	206	165	77	33	79	74	50	177	100	402	13	42	200	113	156	17	198	31	470	198	68	3	60	9	143	76	243	368	240	239	12	73	261	258	49	29	71	3	130	440	97	190	53	95	85	301	555	336	28	112	224	35	254	406	72	340	289	454	232	93	106	123	43	184	50	20	37	312	320	38	522	368	238	482	45	90	177	368	98	145	51	402	138	280	244	167	195	128	121	37	133	15	6	515	3345	227	162	136	44	190	234	378	347	46	222	86	13	84	93	602	328	22	239	248	72	52	299	362	333	192	453	93	252	129	67	75	96	64	71	20	184	96	21	54	61	23	62	399	162	114	89	86	180	430	28	268	93	156	47	21	35	79	254	20	23	6	556	90	214	64	33	67	131	217	380	63	203	63	469	272	523	58	132	83	49	75	117	13	25	108	95	15	387	50	173	151	336	43	67	22	78	301	49	18	71	286	158	376	363	496	643	128	5	1	155	35	61	76	251	188	302	348	96	2	118	172	158	124	103	118	47	53	232	74	106	55	278	264	552	170	296	29	32	95	109	338	263	52	599	212	74	22	78	66	78	100	71	80	331	327	300	188	224	289	182	145	144	164	149	39	56	120	403	279	161	291	69	78	8	91	278	404	211	61	156	59	244	523	240	59	42	152	146	283	213	56	13	401	127	95	28	62	24	328	28	118	113	128	175	118	97	68	220	360	92	79	44	188	136	52	6	79	35	180	66	134	124	22	32	247	285	386	514	524	100	574	207	148	139	284	21	99	325	26	44	123	243	14	88	28	16	237	136	304	244	73	1	121	39	113	51	209	57	196	142	279	227	158	196	246	222	144	237	143	70	140	124	12	103	130	304	292	227	183	193	173	104	52	30	83	32	144	19	65	319	212	129	144	53	204	237	272	353	103	35	106	2	113	374	151	307	160	21	111	99	193	356	9	115	489	316	45	124	13	8	400	124	191	267	5	91	55	83	193	36	291	384	281	29	84	176	389	132	264	9	370	86	213	99	174	80	461	62	57	386	167	22	226	264	370	229	89	263	69	206	208	25	313	31	18	28	43	183	54	246	189	732	294	199	18	111	244	21	307	122	128	41	250	52	139	261	502	296	36	301	299	100	26	625	147	56	326	149	68	78	194	236	318	162	716	219	296	97	172	130	144	127	47	46	14	77	123	325	253	135	228	426	21	184	147	77	721	154	234	16	189	148
MED1	53	115	526	145	88	34	60	111	170	1211	176	314	1291	199	338	31	62	565	281	64	58	84	160	16	72	182	165	618	46	188	187	255	176	67	306	45	314	64	269	719	300	520	50	56	9	41	53	164	85	52	7	176	36	24	90	47	696	139	39	65	159	510	136	234	61	104	105	106	43	551	63	69	235	95	790	118	188	52	729	551	255	69	310	641	133	300	52	162	425	559	855	925	195	737	524	879	73	632	1129	244	97	138	48	122	357	487	75	1234	523	357	93	20	165	58	15	3	35	8	65	49	131	551	979	79	139	210	112	184	262	665	327	3	148	136	515	577	833	309	522	366	460	369	28	83	371	55	90	645	47	498	90	153	97	945	68	71	45	163	290	122	202	180	161	156	195	330	274	157	459	60	165	181	38	77	25	264	103	116	94	60	825	722	89	25	115	34	3	358	227	4857	560	456	293	501	305	422	297	28	650	758	14	411	119	366	250	15	104	111	66	17	98	156	167	308	266	65	134	75	44	407	108	366	1080	26	98	73	45	39	249	23	679	212	451	40	22	25	268	366	32	89	58	142	263	14	469	10	101	244	156	22	379	46	66	1008	12	46	53	646	57	64	624	32	276	445	562	537	109	51	33	45	96	466	10	904	56	27	652	663	99	118	447	381	35	17	89	234	179	75	350	490	1051	114	1112	228	451	148	5	4	517	262	231	366	110	565	846	214	53	15	277	111	263	114	132	122	785	884	76	42	141	8	101	320	221	162	104	98	23	99	317	151	749	39	777	405	154	474	832	638	49	234	119	40	578	134	121	497	210	95	78	99	69	97	580	243	60	59	115	102	165	150	115	72	90	64	155	94	113	40	70	51	103	239	224	36	29	172	44	86	411	77	11	289	189	179	34	282	144	205	210	170	76	121	382	75	74	46	147	423	47	74	63	147	100	38	213	212	28	287	43	179	63	20	31	127	213	240	131	112	41	716	167	103	95	108	44	439	291	19	200	263	509	7	51	72	47	257	147	79	114	28	5	84	33	147	47	153	38	281	673	1103	247	101	79	121	219	79	81	68	38	64	107	13	87	392	123	177	101	73	261	171	292	50	51	47	61	110	15	30	541	95	99	123	87	86	121	125	287	64	222	70	2	58	150	431	290	86	20	85	100	69	149	37	51	251	214	30	54	16	7	244	694	96	427	6	93	38	24	82	23	106	172	128	32	41	104	240	148	105	6	121	53	117	56	75	56	217	31	30	370	146	14	117	259	213	166	663	590	118	78	118	48	139	269	40	82	26	289	35	57	70	341	222	155	25	156	94	14	157	506	64	32	127	28	82	236	259	158	27	140	186	61	86	271	74	80	100	29	38	79	105	93	154	104	342	92	390	46	215	79	64	50	31	32	29	394	73	124	105	96	134	207	25	150	225	118	243	259	420	13	91	74
MED13	15	94	203	125	54	30	88	101	118	415	105	162	421	142	165	51	34	277	118	37	76	88	136	22	81	111	113	240	46	160	153	190	133	94	176	31	164	58	198	242	106	168	50	66	10	60	70	84	107	51	6	145	44	17	101	30	334	90	44	64	96	202	122	130	75	96	111	83	57	288	71	78	140	39	258	68	137	56	349	262	111	86	118	212	116	223	62	53	118	207	311	296	129	327	189	302	62	191	363	117	53	109	21	68	177	303	36	411	238	153	81	33	114	28	9	3	57	10	51	43	93	267	369	101	62	81	102	119	88	241	171	3	92	84	290	201	255	110	172	182	221	271	33	78	274	34	97	263	49	208	89	118	99	484	101	70	45	102	118	49	71	111	88	58	136	199	172	151	155	43	123	155	51	110	34	180	80	77	67	73	326	256	59	42	118	13	5	155	162	560	1595	343	175	221	159	264	118	48	256	287	13	155	105	235	150	25	85	110	86	32	113	134	121	175	169	63	107	80	44	155	83	229	462	23	122	61	22	42	105	22	239	189	241	27	18	17	250	192	24	104	67	64	87	22	176	9	114	96	72	11	191	51	81	330	7	77	32	262	51	60	296	47	167	177	266	204	57	29	48	65	95	216	4	296	57	17	290	233	94	77	243	204	46	8	69	188	102	38	131	202	339	86	396	188	188	147	5	3	212	110	131	151	77	266	292	144	53	3	146	98	145	86	96	79	277	323	48	51	102	7	74	139	130	97	120	38	8	100	140	100	302	22	335	260	140	247	368	227	72	76	98	51	194	94	88	232	130	44	87	77	71	67	253	95	35	68	98	107	111	120	99	37	25	74	140	67	59	22	69	70	73	148	128	43	33	126	33	70	201	33	9	167	110	90	17	127	63	106	112	100	62	84	227	87	57	64	95	217	51	54	44	105	88	57	100	124	32	139	55	133	71	12	21	107	166	141	76	97	64	352	92	131	79	104	29	197	171	24	48	66	230	10	62	48	14	170	78	87	120	13	3	96	32	82	56	134	52	173	257	422	169	85	82	106	184	83	97	73	52	70	112	14	47	234	101	162	94	91	127	96	80	48	37	59	35	88	16	40	261	98	60	77	55	77	87	119	163	61	84	91	2	50	124	195	196	69	22	58	70	82	110	6	58	151	121	43	69	14	8	145	426	86	228	3	56	30	7	72	35	108	128	111	34	53	88	148	132	103	8	122	47	70	47	79	40	163	39	49	196	111	7	75	174	149	133	315	242	86	90	79	14	103	79	14	29	42	134	29	63	91	168	136	138	20	119	124	16	122	243	51	43	107	46	56	149	151	128	38	131	165	45	13	165	110	57	109	29	56	67	102	103	111	79	167	100	206	57	137	79	76	56	35	27	13	176	82	113	121	101	148	147	19	89	121	91	154	152	236	17	91	63
MED8	12	101	134	107	51	22	41	109	117	311	126	199	315	149	150	16	34	227	78	33	50	69	142	12	60	126	128	198	42	145	107	199	136	132	168	28	163	42	186	201	89	139	33	52	8	24	59	69	59	51	5	143	29	19	49	27	202	150	32	59	92	161	114	161	64	70	68	67	35	276	58	79	147	55	238	66	95	29	293	258	104	46	183	246	97	190	45	33	107	178	251	252	143	199	182	271	49	173	283	96	63	93	50	118	106	263	88	336	197	109	77	11	127	56	12	3	27	6	53	30	87	270	308	72	54	70	94	198	67	187	143	2	72	118	227	199	167	101	115	182	207	193	21	70	182	19	90	282	32	231	74	112	78	324	51	51	29	105	97	36	51	140	151	49	164	192	161	242	129	38	114	101	49	81	26	172	74	98	107	61	257	209	70	14	70	8	3	297	136	456	343	1579	132	212	162	173	149	12	221	229	8	144	48	236	144	9	83	90	42	17	159	112	97	144	148	55	92	51	43	140	68	185	348	19	60	69	11	30	79	18	181	144	198	20	18	21	144	242	23	152	47	74	87	9	123	9	112	59	46	10	177	41	54	253	6	33	63	247	110	53	257	27	197	237	299	167	55	23	20	30	79	152	4	269	44	12	307	180	93	55	228	166	31	6	61	107	99	34	113	217	300	83	342	134	228	76	4	3	223	81	92	140	91	225	281	162	47	1	138	162	153	176	95	90	220	312	49	42	102	4	56	130	153	84	92	53	2	70	153	150	297	21	338	328	118	194	293	158	30	66	40	36	211	95	96	191	114	81	62	79	51	89	212	83	27	53	82	95	113	117	57	47	26	56	113	90	57	25	47	24	92	175	97	22	15	91	28	63	171	21	9	150	80	72	16	114	57	103	71	100	52	74	146	48	56	28	87	200	41	56	57	132	72	29	69	101	17	125	32	77	63	10	16	107	116	175	127	103	37	374	95	68	52	93	23	178	171	19	40	70	208	6	39	26	10	148	91	67	72	27	1	80	15	59	32	114	47	155	220	341	167	84	87	110	122	63	134	65	30	56	65	9	27	134	118	162	75	66	140	89	90	33	16	33	40	72	11	23	236	161	64	90	49	97	81	100	195	53	69	41	3	40	120	193	172	54	11	62	39	62	120	6	40	166	122	25	47	11	5	170	270	79	211	4	66	25	22	76	20	83	137	99	16	39	92	156	70	97	5	114	34	89	42	59	53	134	61	28	178	95	10	104	174	139	122	277	215	73	80	102	11	85	56	10	32	25	140	29	47	62	234	118	85	14	116	75	12	121	302	45	24	101	34	50	118	164	121	21	106	103	34	12	174	46	45	171	24	60	59	108	77	126	93	203	82	184	30	127	80	49	64	29	31	11	151	66	124	99	52	65	127	13	73	110	72	156	134	204	11	91	63
MEF2A	10	46	199	58	20	19	41	40	70	315	50	75	356	63	81	32	34	202	85	21	38	57	55	20	42	38	42	221	21	56	62	39	78	33	109	26	90	47	102	246	97	155	31	33	10	26	38	78	36	24	7	55	29	7	48	35	217	30	24	24	78	155	40	63	33	30	36	19	29	177	33	36	57	17	198	49	62	27	207	141	51	32	76	113	58	109	39	52	109	179	272	290	61	245	179	227	40	228	262	111	39	48	10	24	115	168	22	335	167	130	36	24	41	14	6	3	31	9	27	28	46	161	251	37	77	28	34	48	83	241	146	3	60	19	158	121	157	57	143	124	75	126	27	51	116	21	43	146	29	145	36	41	36	311	40	45	38	62	96	60	67	36	53	57	45	113	98	48	125	25	88	48	27	39	26	78	64	30	42	30	216	159	25	33	45	10	4	44	44	293	175	132	1109	344	73	99	30	32	211	266	9	123	43	88	43	20	41	42	40	21	38	46	48	116	37	41	53	45	25	134	46	143	311	17	40	41	23	21	71	16	210	50	170	7	7	5	120	90	22	40	37	27	59	19	111	6	38	92	68	10	64	27	32	247	4	37	20	125	12	40	175	29	88	93	119	170	34	15	35	29	48	126	1	232	36	15	170	199	41	46	125	178	26	7	64	57	73	45	95	98	273	32	221	54	103	71	5	1	154	117	102	111	36	233	197	57	29	3	118	48	101	56	71	51	234	233	20	23	83	5	32	70	46	71	41	20	6	63	113	25	196	7	181	137	79	159	239	217	33	64	59	26	107	24	27	136	65	24	37	40	35	35	170	63	28	34	37	38	96	44	49	28	25	37	65	14	17	8	35	37	39	39	66	31	28	48	4	30	141	32	9	109	60	51	14	94	45	39	87	40	36	42	102	48	26	41	32	89	29	25	26	47	63	29	90	126	24	96	37	49	34	6	14	53	57	52	9	10	36	225	49	53	50	39	17	182	92	19	36	37	126	8	28	38	9	103	51	40	39	6	1	39	24	44	28	61	26	131	145	278	85	37	40	45	65	35	35	40	32	33	47	8	20	114	38	54	39	35	69	30	30	30	29	31	31	39	17	23	162	36	51	39	46	34	42	44	70	29	68	38	2	24	44	135	86	36	18	35	40	35	45	13	29	49	62	30	33	14	8	52	241	49	178	2	45	7	4	33	24	37	47	42	20	19	43	62	51	40	7	38	32	33	30	33	22	45	19	32	91	64	6	34	78	55	69	210	180	51	34	29	8	47	70	15	17	29	97	17	27	38	25	50	47	20	79	40	15	43	132	22	35	46	27	28	54	69	60	27	45	47	22	16	69	38	35	33	9	28	44	42	41	51	47	64	40	114	31	84	35	34	24	33	22	11	131	40	41	46	38	44	56	16	36	65	51	53	93	172	16	36	28
MEF2D	24	54	261	163	44	31	59	135	160	426	187	312	522	205	232	44	78	305	128	29	85	93	158	23	108	171	202	311	54	211	138	150	148	99	218	40	265	73	196	284	115	170	59	61	10	43	77	136	76	91	19	172	43	19	71	34	284	208	58	55	154	230	125	159	86	87	76	79	62	373	68	104	161	120	335	102	134	43	275	381	131	66	179	284	132	190	63	71	180	258	381	407	228	291	339	375	67	298	375	139	78	124	64	195	122	200	139	484	274	189	123	30	163	100	29	3	46	9	69	98	164	395	476	98	106	99	124	171	110	295	212	3	126	167	217	310	268	165	228	222	269	217	46	94	191	36	137	404	49	348	98	142	105	356	60	109	50	171	148	78	103	155	222	90	219	276	236	203	191	67	191	114	74	86	42	210	125	134	162	92	349	316	108	36	88	20	5	312	190	501	221	212	344	2771	214	204	244	39	371	341	12	221	80	309	184	22	110	146	47	30	137	155	182	199	191	90	123	94	113	199	87	205	399	21	87	98	32	49	114	27	272	198	280	25	23	19	178	306	29	115	62	125	126	22	181	21	131	106	78	12	204	67	84	396	9	46	92	320	121	71	542	47	237	263	395	220	98	38	43	44	98	177	4	411	76	19	376	262	124	97	302	203	41	14	92	139	119	49	153	287	450	86	484	164	355	108	5	3	302	131	130	208	147	338	405	243	92	5	198	151	192	128	98	142	313	350	76	61	121	15	106	167	209	139	113	47	10	91	240	148	378	24	437	238	120	180	338	262	49	109	63	40	279	127	125	259	190	166	81	126	83	144	287	106	56	171	113	115	146	138	68	86	36	83	168	101	105	42	81	57	174	194	148	43	43	97	30	81	477	69	15	233	138	117	23	149	59	120	106	136	80	110	155	78	65	70	105	223	59	53	41	141	155	30	95	167	34	193	58	133	100	14	25	119	166	248	171	133	61	470	143	69	105	135	28	238	263	21	96	177	311	9	59	51	23	221	159	97	73	34	3	64	39	101	37	138	45	200	327	491	239	128	136	165	167	73	96	223	67	84	98	22	50	176	181	170	110	102	435	91	234	54	39	74	47	114	17	34	309	120	108	156	73	137	110	148	308	81	110	61	2	78	185	292	266	80	20	126	87	87	177	16	58	178	191	41	88	15	8	271	307	148	311	3	168	23	38	106	32	115	207	131	24	57	131	227	118	128	9	129	53	142	82	92	75	183	45	46	283	155	10	185	262	215	143	345	326	96	110	152	16	122	109	28	35	39	218	42	65	98	339	196	118	24	146	127	18	159	228	91	47	148	43	53	125	234	156	41	141	137	40	35	254	66	65	99	25	57	91	337	128	193	160	293	114	295	39	168	99	94	92	45	32	18	213	115	185	128	75	76	179	18	100	149	94	212	177	285	17	93	130
MEIS1	18	37	104	153	77	34	50	154	175	229	211	355	299	213	296	40	47	226	93	22	174	73	175	18	92	236	205	172	76	216	133	163	140	107	192	46	236	57	204	154	93	114	52	81	11	46	102	89	105	92	14	209	34	30	75	22	167	201	94	103	98	197	109	134	100	101	89	101	64	287	113	124	173	132	239	100	117	40	181	340	135	73	130	233	143	188	61	41	139	166	217	229	220	148	213	262	78	134	220	102	58	271	61	225	67	97	140	283	169	103	136	25	228	120	36	3	48	8	188	58	152	376	347	113	67	94	244	186	67	156	146	3	106	328	200	234	153	139	142	236	299	250	29	94	220	28	147	352	90	270	141	201	113	202	74	90	36	166	166	38	57	188	214	65	275	290	187	258	113	81	148	165	74	84	34	200	104	181	168	99	257	217	110	34	86	12	6	349	234	305	159	162	73	214	2415	354	256	36	261	185	11	154	67	334	386	17	132	151	49	37	188	196	196	153	222	66	156	91	69	145	95	150	225	16	102	84	21	44	91	24	128	231	204	56	54	49	146	269	26	142	61	172	103	22	93	43	153	44	56	11	213	154	201	307	39	55	106	257	178	60	265	55	252	241	368	132	83	38	42	42	82	119	15	239	131	16	316	159	116	86	294	130	52	20	71	171	72	26	147	265	276	153	412	209	404	84	5	1	230	66	81	132	174	212	284	231	77	10	152	151	147	112	94	108	177	210	103	94	98	37	123	178	256	99	150	31	15	72	134	183	281	25	405	169	113	112	212	153	48	100	49	53	300	166	171	197	235	161	88	129	90	152	185	74	49	117	159	121	123	171	64	64	26	92	173	164	118	50	99	43	160	219	133	41	37	88	46	73	198	61	14	174	115	171	22	112	42	150	73	147	57	110	146	76	140	50	111	238	123	51	27	279	116	39	53	108	46	166	50	116	97	11	24	140	191	277	365	164	60	402	143	84	92	151	25	154	250	19	80	125	237	11	121	52	16	200	133	107	99	47	2	63	32	92	36	153	50	183	389	337	234	146	153	395	185	101	116	113	91	83	99	17	43	143	205	180	259	137	199	97	167	50	32	77	31	216	19	36	284	140	104	144	50	138	293	361	315	82	82	60	2	178	222	204	254	78	20	111	77	86	180	7	68	221	409	41	87	14	8	280	197	317	245	4	98	20	33	127	33	165	238	330	30	56	136	495	91	155	7	160	52	156	80	90	60	198	43	68	275	128	12	174	264	218	143	300	267	75	108	157	17	124	88	14	28	41	180	33	81	219	385	422	122	21	114	214	13	170	171	85	38	143	49	57	113	242	163	34	368	148	56	23	295	72	89	156	53	73	76	159	313	184	120	310	116	253	58	139	112	97	110	33	34	15	146	107	224	154	79	93	195	23	95	290	82	222	122	211	13	112	238
MEIS2	25	42	116	232	86	30	133	209	165	233	245	400	323	361	193	71	27	272	120	24	140	127	308	23	125	279	281	174	83	355	312	240	198	142	208	55	226	79	266	141	93	107	75	133	11	101	133	68	267	113	15	241	56	46	185	27	284	205	63	158	119	122	177	172	147	165	193	189	92	348	187	165	302	120	350	90	253	87	172	503	134	193	201	321	210	263	103	49	129	183	229	237	237	190	252	289	100	139	279	113	56	150	78	230	98	124	125	260	185	98	157	42	336	109	38	3	86	9	82	65	199	382	395	246	66	70	178	185	60	159	162	3	147	229	136	230	220	122	138	300	521	528	42	135	453	32	214	412	73	324	210	291	219	258	201	109	53	171	101	42	62	218	225	72	336	289	230	337	104	85	197	347	77	177	51	353	131	205	186	164	293	207	94	65	199	16	5	379	378	422	264	173	99	204	354	2529	291	97	266	213	12	151	159	462	224	27	202	215	122	43	259	334	292	183	403	104	171	159	65	147	81	126	217	24	301	90	24	62	100	31	142	473	233	89	63	56	346	245	29	244	103	114	92	25	116	36	200	65	56	10	294	74	166	219	43	117	86	242	211	69	261	71	324	197	405	135	90	52	68	107	124	90	16	252	86	21	352	160	143	126	303	130	75	12	85	386	77	31	139	281	297	248	516	455	486	238	5	3	185	80	102	136	168	277	371	273	86	7	158	148	175	104	130	113	201	211	143	67	141	35	188	230	348	143	264	26	39	136	137	224	291	61	421	226	115	116	227	156	130	104	125	80	339	247	239	248	271	150	172	140	133	129	232	67	57	109	265	229	150	233	122	69	14	120	274	237	124	35	149	118	168	394	220	56	45	168	95	142	216	55	11	270	176	100	32	111	42	251	63	125	101	144	322	149	59	96	146	280	75	59	33	117	149	71	56	104	40	203	86	281	123	19	27	186	378	245	272	386	106	472	158	245	149	226	25	159	300	30	68	121	223	9	78	52	21	265	113	204	232	45	2	138	47	125	74	225	55	216	269	361	228	152	173	210	389	135	180	130	77	147	227	13	73	280	216	282	184	168	170	113	153	72	41	104	44	139	18	64	368	163	111	126	61	149	148	199	238	110	61	173	2	85	272	190	298	155	25	105	133	163	274	13	111	347	258	63	141	12	8	296	312	158	293	5	74	59	38	139	54	224	299	201	43	66	183	271	235	221	11	276	72	149	73	149	65	424	60	59	381	146	18	170	248	315	221	218	305	86	187	152	29	193	76	13	26	57	185	47	128	161	435	247	319	20	148	267	20	238	204	88	56	214	66	78	163	246	260	55	218	401	85	28	318	231	63	245	105	82	83	182	185	203	123	312	177	336	104	178	141	145	94	56	45	12	142	144	260	229	233	302	324	21	114	141	85	319	167	291	18	153	106
MGA	12	19	37	202	82	21	79	236	289	128	303	439	195	436	352	17	72	186	64	18	154	70	397	4	218	358	379	109	97	493	216	210	279	151	168	53	255	78	338	91	67	102	69	158	2	64	164	116	228	190	9	411	42	48	105	6	125	422	87	147	163	51	167	161	194	223	141	265	121	538	208	224	262	173	264	120	184	44	91	468	107	126	178	253	153	271	101	27	101	101	132	136	422	75	188	169	112	52	134	79	46	157	111	354	33	47	188	205	134	44	194	6	366	193	67	1	38	3	101	74	188	362	275	250	21	97	233	279	39	58	73	1	131	298	107	219	145	125	105	253	483	268	23	131	156	83	273	397	70	276	233	342	244	99	115	96	21	227	71	20	52	191	303	38	348	263	174	558	73	91	211	225	125	178	55	353	149	207	246	226	187	175	288	7	95	12	3	1235	347	297	118	149	30	244	256	291	4145	8	200	125	1	209	116	563	282	1	271	294	79	45	401	395	426	246	584	101	300	146	69	130	117	87	108	6	246	143	18	82	70	48	81	494	156	117	116	105	250	335	34	338	94	168	56	2	71	94	296	31	29	1	229	100	148	137	32	43	132	330	237	72	222	67	371	289	448	63	92	44	26	57	143	57	25	155	102	12	312	81	235	84	391	45	96	25	67	263	59	18	107	238	186	231	509	289	509	157	1	4	191	37	55	80	236	199	218	381	134	15	203	206	210	128	138	189	125	130	115	80	114	63	171	142	414	106	259	28	27	66	131	202	270	19	445	150	51	45	135	86	77	76	49	64	296	599	514	300	274	229	196	218	142	195	136	45	54	146	302	280	146	318	55	66	8	132	237	239	338	114	130	46	230	457	154	23	23	119	94	113	238	52	11	206	139	84	44	110	41	301	33	219	99	163	209	77	61	38	156	236	91	75	19	165	118	45	21	58	51	289	37	229	219	12	29	192	305	357	386	318	101	472	167	143	120	321	16	97	414	16	89	106	321	8	96	20	11	249	200	200	193	70	1	82	30	136	32	291	51	165	186	332	372	241	242	360	324	130	189	177	92	181	170	16	66	164	364	289	266	241	273	74	176	64	11	150	27	185	4	32	338	190	110	213	42	271	167	301	380	142	49	87	1	82	385	187	379	156	3	192	100	181	339	12	108	304	385	34	171	4	2	427	119	297	327	4	117	30	47	182	21	301	435	232	12	97	272	288	181	317	5	355	80	193	110	148	85	291	73	42	429	182	8	328	431	450	237	135	253	75	239	218	14	137	72	7	28	19	202	43	114	208	947	280	230	4	123	308	9	366	131	109	28	300	80	73	131	331	297	30	307	309	62	34	396	134	58	299	121	70	88	324	243	286	218	387	209	356	111	178	220	175	155	43	22	14	171	258	370	232	142	171	332	11	115	155	94	390	196	294	3	215	143
MIER2	4	12	13	100	20	16	100	52	46	5	50	72	43	59	36	64	6	78	45	12	65	99	58	22	79	37	33	20	26	127	128	7	30	52	34	21	52	40	84	12	19	11	32	50	11	49	52	5	89	30	6	38	36	28	75	20	54	13	28	30	82	4	22	23	51	22	51	17	39	67	52	63	57	11	84	28	68	33	14	153	24	70	29	27	92	70	73	16	18	9	14	24	73	10	61	53	69	12	16	22	4	34	9	18	6	3	16	23	7	14	37	50	70	6	5	3	67	8	14	29	83	34	100	129	9	13	43	26	25	18	39	3	113	12	14	39	10	22	34	78	50	117	41	96	71	18	51	88	35	76	60	54	66	31	107	50	51	61	21	26	21	19	31	12	51	47	73	60	12	20	140	65	39	66	29	169	45	20	37	52	44	15	5	90	69	12	4	26	46	28	48	12	32	39	36	97	8	973	63	77	11	24	93	85	21	29	39	104	70	38	62	108	73	36	26	50	48	108	31	20	28	30	31	15	96	24	16	24	22	14	16	101	67	7	6	6	137	17	20	56	48	9	12	24	8	5	57	6	14	6	30	35	48	8	3	89	20	7	7	60	29	60	61	10	52	36	29	10	60	49	76	3	16	35	34	16	43	13	73	35	52	16	40	6	48	52	33	18	33	27	52	37	151	51	68	105	6	1	21	18	42	19	31	135	37	57	43	10	49	53	55	37	65	25	22	10	21	34	101	6	31	18	42	43	134	3	16	97	19	15	22	3	37	25	65	3	6	32	82	29	79	37	37	22	21	111	90	20	60	39	43	32	83	15	23	56	61	67	44	44	44	35	1	63	162	13	12	5	244	96	34	16	95	38	39	40	3	24	55	21	10	104	117	28	15	16	14	43	19	24	32	41	85	147	15	120	44	45	28	20	18	16	133	39	9	42	26	69	107	140	46	1	15	40	66	26	8	7	65	48	51	78	104	53	15	41	96	27	4	10	33	8	32	41	7	104	15	97	44	3	1	47	29	56	35	101	29	61	29	62	124	39	63	57	153	48	59	73	46	55	111	8	29	74	36	47	46	57	40	27	6	73	30	59	21	47	15	35	143	52	63	24	23	31	20	48	33	38	5	81	3	15	46	35	127	82	25	22	94	79	44	4	55	51	39	40	74	12	7	51	32	47	90	2	20	3	3	40	61	60	35	47	26	19	67	39	143	124	7	79	39	28	21	45	17	62	21	37	134	118	2	18	90	119	51	11	54	57	53	30	6	47	38	5	7	45	35	19	41	55	10	50	121	17	22	51	17	79	29	25	50	51	61	19	25	48	103	54	43	88	31	4	102	107	29	47	7	38	81	66	54	27	30	50	92	136	35	68	63	72	30	39	24	2	66	59	44	85	111	69	101	15	23	22	48	72	41	204	17	63	24
MIER3	37	58	260	288	66	30	64	166	172	540	217	460	754	207	249	55	92	577	229	50	82	134	160	27	93	185	176	402	40	226	157	151	164	81	425	47	551	84	246	486	284	381	49	63	10	41	82	158	78	82	33	176	46	36	81	43	324	214	46	82	184	343	120	181	80	97	90	97	81	390	80	104	148	206	534	105	178	47	488	588	165	61	201	395	207	248	65	112	283	439	543	615	223	356	620	631	73	395	513	176	97	143	97	251	135	228	265	724	347	188	114	35	190	139	51	3	61	10	101	60	245	489	809	103	145	139	127	152	175	477	321	3	261	220	256	348	339	217	416	281	365	266	45	99	247	36	123	668	56	685	110	160	105	462	72	161	58	154	203	107	159	256	370	164	308	497	409	179	350	61	279	139	62	89	43	345	163	202	238	85	589	379	107	54	122	22	4	240	222	650	256	221	211	371	261	266	200	63	2813	585	12	342	102	364	213	26	103	153	62	41	111	195	264	269	201	124	129	145	79	224	97	232	562	21	84	103	39	48	153	22	412	203	489	26	23	27	191	379	30	113	65	154	199	24	251	25	128	107	104	11	261	63	83	455	13	55	177	310	127	70	427	52	291	403	566	303	115	41	68	50	94	262	11	531	62	23	624	435	103	144	427	351	40	20	125	165	140	44	334	368	658	104	659	201	510	100	5	1	368	170	182	242	146	739	558	227	80	27	211	113	205	98	124	130	449	430	113	63	182	14	110	257	333	124	117	51	14	154	233	174	559	43	476	272	153	221	416	406	56	171	82	43	416	169	159	376	260	291	76	143	79	171	427	138	56	94	131	105	218	156	83	105	73	96	271	87	119	40	99	64	293	220	227	59	43	112	23	109	325	100	11	395	206	132	42	175	76	170	119	124	86	109	204	131	68	108	109	303	59	57	41	150	203	36	102	277	35	227	91	152	82	24	28	124	179	305	144	101	63	638	168	76	160	141	33	486	281	26	115	216	433	9	56	75	26	375	164	111	84	46	4	78	39	101	41	181	38	421	456	790	208	117	116	151	168	78	97	118	60	73	107	16	66	235	172	162	102	92	263	138	206	55	55	68	37	124	17	30	736	110	167	145	88	131	130	141	415	101	100	70	2	80	190	339	236	80	22	124	110	86	170	25	67	240	199	41	83	16	8	237	346	124	535	3	119	37	83	112	35	100	197	148	32	59	127	271	135	98	9	122	49	159	66	97	68	254	41	41	547	174	18	168	227	189	155	417	749	123	103	162	25	199	215	23	40	39	256	40	75	94	263	224	127	22	131	101	15	160	268	93	73	156	42	52	151	269	151	43	151	136	64	32	290	76	54	88	26	46	98	169	138	200	155	365	121	580	44	168	98	98	74	43	37	16	233	85	171	120	78	91	191	27	120	174	106	228	229	551	17	96	160
MIXL1	29	59	591	137	29	24	71	84	120	1003	110	219	1111	102	174	53	66	492	194	36	66	101	88	27	71	71	85	559	34	124	114	85	143	57	240	40	245	69	230	640	238	418	47	60	10	41	56	190	69	45	6	93	41	54	69	47	689	82	37	40	141	447	63	124	44	43	58	46	51	402	46	56	108	71	598	87	120	39	496	397	134	55	174	342	113	218	64	121	242	611	902	950	132	596	509	686	68	661	761	239	65	80	53	95	276	327	92	1024	394	338	61	37	79	36	16	3	52	10	47	42	112	424	859	81	223	90	65	76	223	709	342	3	205	75	407	395	599	187	554	284	177	231	38	80	240	31	73	440	52	461	59	73	78	728	67	89	58	110	188	116	132	108	157	134	123	210	220	83	412	31	166	75	43	62	37	208	100	95	116	58	676	447	86	62	72	14	4	168	86	758	287	229	266	341	185	213	125	77	585	3735	11	306	89	228	90	25	65	91	59	31	71	110	127	288	82	75	92	101	41	290	100	276	827	19	74	69	25	29	188	22	606	100	360	12	14	19	231	228	29	68	63	113	195	25	287	9	60	300	198	11	158	46	50	822	11	56	70	356	45	61	487	46	161	350	308	467	83	32	59	44	84	328	54	651	45	20	412	576	66	80	345	449	43	14	96	101	143	67	296	248	805	48	689	83	294	137	5	5	359	252	211	259	63	551	520	129	62	46	243	71	211	74	111	95	719	693	41	41	151	7	53	186	108	129	80	38	53	120	212	67	558	14	497	257	149	401	600	584	53	164	104	43	332	86	78	362	163	111	74	73	54	80	424	155	49	57	64	72	153	99	75	54	72	71	147	33	55	23	91	58	123	73	160	48	42	82	8	48	345	58	12	255	172	108	22	204	96	78	173	65	66	77	239	101	35	95	77	222	43	40	34	75	133	40	310	215	33	214	86	120	61	10	26	88	91	106	57	32	53	531	106	83	108	78	33	388	218	23	133	140	433	10	44	79	34	223	105	75	60	24	5	59	35	95	35	138	34	261	434	738	189	74	63	89	141	56	61	79	54	65	83	13	44	256	82	87	68	57	194	106	136	52	63	55	59	72	16	34	501	62	123	78	87	67	70	77	148	63	173	62	2	36	88	313	171	73	23	71	87	63	72	27	59	124	139	42	62	17	8	131	503	87	373	2	97	12	20	55	42	64	86	80	28	34	83	145	131	73	9	75	50	67	41	56	44	107	30	40	274	128	6	64	164	143	122	583	550	110	69	64	27	104	253	27	73	37	242	31	48	65	106	116	92	32	135	62	15	98	327	42	60	84	42	41	91	153	115	39	76	87	37	46	183	67	73	54	10	38	78	86	71	102	78	174	81	324	35	194	71	65	37	45	31	25	300	72	77	71	73	67	125	21	57	134	89	121	225	400	16	69	62
MLLT10	3	15	6	11	5	10	11	10	11	2	11	13	9	9	12	10	2	13	10	8	10	11	10	9	10	11	10	7	9	12	13	5	10	10	11	6	10	9	13	4	7	3	9	10	6	10	10	2	11	9	4	10	10	1	11	9	12	6	9	9	13	1	11	11	9	10	10	6	10	15	10	13	10	4	12	11	11	11	6	12	9	10	9	7	11	13	9	10	7	3	3	6	12	8	12	11	10	6	8	8	4	8	2	4	6	1	6	7	2	7	11	10	13	3	2	2	10	5	4	10	12	8	11	11	5	7	12	9	9	6	10	3	10	7	9	10	2	8	10	11	11	14	9	11	11	10	11	13	12	11	10	11	13	11	10	12	10	13	9	9	10	11	7	6	10	12	13	12	4	9	12	13	9	10	9	15	9	9	9	10	10	4	1	10	10	7	4	5	13	14	13	8	9	12	11	12	1	11	12	11	61	9	10	12	8	10	10	13	12	8	12	10	11	10	9	9	11	10	10	7	9	12	7	9	10	9	9	8	8	6	4	10	10	3	3	3	12	5	10	11	11	3	5	10	5	1	9	1	8	6	7	10	11	3	1	10	7	2	2	10	11	10	12	4	13	8	10	7	10	10	9	1	1	10	10	9	11	5	13	10	11	9	9	4	10	12	10	8	9	8	10	10	12	11	11	12	5	1	10	7	10	7	9	12	9	12	10	1	10	14	9	12	10	10	6	2	7	10	11	3	9	7	12	11	11	7	1	11	11	8	3	1	13	9	11	1	3	7	10	8	11	10	8	6	5	10	13	6	10	10	10	9	12	6	8	11	10	10	10	11	10	12	1	9	11	6	3	1	11	10	8	12	11	10	10	11	1	10	12	9	7	14	11	9	5	4	9	10	8	11	10	8	10	11	6	11	10	12	11	7	10	7	11	10	4	11	9	11	11	10	11	1	6	10	13	10	5	3	10	10	12	10	10	11	9	10	11	10	5	5	12	5	11	10	4	12	7	11	11	1	1	10	10	9	10	12	10	11	10	11	12	9	11	12	11	10	11	12	10	10	10	4	9	10	9	12	12	8	12	8	6	10	10	10	11	12	9	9	12	12	11	11	9	8	7	12	12	8	2	10	2	6	10	10	11	11	10	7	10	11	12	1	10	12	10	10	10	5	5	11	11	12	11	2	10	1	2	9	10	10	12	11	9	8	11	9	10	11	4	12	10	9	8	12	8	11	7	10	12	11	1	6	13	11	10	7	13	10	11	10	3	10	9	3	3	10	9	6	9	10	5	11	11	10	9	11	9	12	10	9	9	10	10	8	10	13	11	10	10	11	5	3	12	10	10	12	5	11	11	12	13	12	10	12	11	12	9	12	11	10	8	10	9	2	11	10	9	10	11	11	11	8	9	8	11	12	10	12	8	10	9
MLX	12	32	156	88	38	19	31	64	75	326	76	158	457	81	305	25	32	230	106	23	45	41	59	18	53	73	84	253	33	94	53	65	76	41	162	28	190	50	128	244	114	157	36	34	10	27	32	56	35	40	7	75	29	7	33	21	197	87	30	32	94	202	41	74	41	33	35	29	27	224	33	37	84	35	256	47	70	24	292	235	122	30	117	197	60	143	37	61	156	260	333	365	103	214	250	341	46	254	316	105	50	73	12	41	115	163	40	422	204	132	50	21	75	23	13	3	28	8	25	37	79	236	393	50	86	113	59	85	89	278	202	3	82	35	179	208	230	156	187	130	139	101	26	46	122	31	52	257	37	218	50	65	42	283	31	46	36	81	129	51	81	45	74	96	75	175	154	84	221	37	116	49	38	40	28	120	66	41	46	48	281	262	33	22	32	11	4	219	84	411	155	144	123	221	154	151	209	24	342	306	9	1743	142	169	145	18	46	69	28	20	68	80	119	108	111	42	52	53	30	186	48	180	346	14	41	44	24	28	100	21	229	92	247	13	10	11	92	156	41	54	41	59	127	18	148	11	51	66	65	8	147	33	31	327	5	22	31	228	30	37	277	26	104	149	242	202	52	23	28	26	56	174	5	337	33	19	272	238	54	50	185	220	32	12	45	73	78	30	187	226	386	45	414	72	213	48	5	2	206	104	116	179	59	287	322	82	47	2	133	60	116	37	60	75	304	299	42	34	72	5	44	149	111	69	46	29	3	57	143	36	280	6	321	182	88	168	310	240	29	97	49	29	242	80	60	355	137	36	44	65	41	55	238	91	30	38	52	47	90	72	38	53	37	48	85	31	173	63	42	32	59	77	93	24	28	64	10	38	170	43	12	119	91	79	23	119	57	91	79	97	43	75	131	37	38	34	71	163	33	34	22	49	65	22	63	134	26	150	36	89	49	4	22	55	66	114	54	28	28	267	71	33	58	74	24	220	152	17	68	113	201	9	37	43	20	126	68	44	40	2	2	41	25	67	20	82	23	165	311	410	105	61	48	74	83	38	43	46	40	46	36	10	29	126	69	64	62	46	114	84	146	40	35	36	27	78	17	25	269	51	53	68	47	52	48	66	166	41	83	31	2	23	75	189	121	49	21	50	52	34	78	16	40	89	111	26	48	16	8	89	225	65	234	3	57	5	9	55	22	54	73	66	24	26	68	106	59	59	7	55	32	65	47	48	34	58	21	26	186	78	3	56	112	92	74	294	269	55	57	67	11	48	110	15	20	23	124	25	33	50	135	105	62	17	85	47	14	72	162	37	27	78	30	34	110	130	68	23	67	56	33	33	149	33	36	43	8	24	48	65	60	74	58	160	46	200	24	87	55	50	36	29	19	11	156	58	64	50	41	42	91	20	88	80	55	92	96	243	14	57	42
MLXIP	7	22	29	118	35	22	117	87	72	47	65	95	107	108	115	53	3	99	49	14	76	80	103	18	93	79	86	48	38	135	153	48	76	71	67	31	85	51	121	44	41	34	53	73	10	77	73	11	135	65	6	88	46	11	107	23	107	62	41	51	87	20	56	39	75	56	96	44	45	127	76	80	81	17	107	35	117	56	52	167	47	109	51	53	91	107	76	20	32	33	39	66	108	44	75	81	68	29	60	47	13	52	8	36	24	28	22	82	54	25	62	40	103	14	7	3	61	10	17	35	79	79	114	131	16	31	70	66	36	48	49	3	94	28	44	69	48	35	55	97	134	169	36	84	129	23	89	126	49	102	84	93	89	76	130	59	46	81	37	25	25	36	52	17	75	80	91	119	26	43	118	115	54	108	39	168	65	36	59	85	73	52	26	59	97	10	4	132	93	119	105	48	43	80	67	159	116	93	102	89	10	142	611	143	57	25	81	112	106	30	104	139	118	63	118	63	65	104	38	57	43	58	68	20	141	41	16	42	27	23	39	162	100	22	16	14	168	57	28	111	64	22	22	20	32	15	86	10	17	6	65	44	64	46	5	97	22	55	29	54	77	57	102	41	112	51	29	12	58	79	89	20	3	81	43	15	91	32	85	38	95	38	54	8	47	117	51	19	38	70	94	71	186	119	108	146	5	2	56	31	45	43	62	135	85	83	63	3	82	63	84	53	84	60	57	53	28	43	89	9	47	50	88	68	130	8	6	85	49	34	74	8	118	65	60	23	47	46	101	34	115	54	69	77	72	147	104	24	92	69	58	53	93	24	32	59	98	95	73	79	66	34	15	81	140	35	66	18	102	98	51	80	93	38	35	80	22	40	91	24	9	105	104	44	19	40	18	82	29	59	69	79	149	106	22	85	56	79	38	36	21	34	102	58	16	43	37	110	74	157	74	5	16	70	130	69	34	50	76	119	66	122	90	102	16	52	139	26	26	33	77	8	56	35	8	110	36	100	99	7	1	79	37	78	54	117	43	87	60	119	118	75	81	88	170	75	84	81	63	90	135	12	33	132	88	103	87	85	75	42	30	59	33	76	24	72	18	44	149	74	53	49	34	71	35	80	88	56	17	114	2	16	91	63	134	85	23	44	80	95	96	4	71	94	89	51	88	13	8	95	89	79	118	2	30	15	6	65	47	100	89	74	29	34	104	72	149	119	8	116	54	53	41	75	35	116	33	45	153	96	3	47	108	134	89	45	100	66	90	48	6	66	35	6	6	42	71	29	58	82	91	85	152	17	56	102	19	110	53	42	50	97	57	31	61	91	123	51	86	151	40	12	132	127	36	88	20	50	70	90	81	56	58	93	107	152	49	81	85	91	49	44	21	5	94	88	94	102	133	126	116	15	40	36	64	111	73	163	16	82	34
MNX1	25	59	62	373	138	39	112	364	332	162	435	600	294	596	292	74	63	325	109	30	187	154	497	25	230	548	480	192	119	553	277	303	320	235	361	90	392	98	413	110	89	104	94	196	11	90	208	110	243	197	25	470	64	70	164	34	238	452	116	252	187	96	264	269	245	230	184	268	146	540	297	305	425	228	390	135	235	84	143	681	143	183	247	363	311	355	134	37	108	171	192	206	450	115	324	288	147	120	208	134	93	229	154	457	53	113	275	228	228	101	304	41	569	212	70	3	97	9	151	107	296	622	434	471	90	117	285	345	55	129	196	3	195	533	166	305	130	156	144	379	637	466	52	180	340	41	323	585	98	485	344	529	281	217	169	178	67	284	90	38	51	442	430	71	616	518	352	690	112	124	305	365	161	221	68	516	207	384	363	248	335	239	250	58	181	16	7	711	602	366	235	236	88	309	334	462	563	85	364	228	12	169	143	4151	431	25	274	577	109	84	422	468	414	271	547	151	346	200	103	123	148	159	195	22	281	151	24	86	91	56	108	601	289	113	106	96	318	557	38	368	144	230	114	23	96	78	362	38	34	8	448	134	239	159	34	101	207	359	465	112	372	98	577	390	1078	131	139	72	74	101	176	78	21	240	137	23	515	127	264	166	511	163	100	29	121	366	92	23	131	392	298	375	608	514	717	196	5	3	284	71	93	166	327	367	408	529	132	8	227	269	244	173	164	203	142	169	192	122	193	57	282	295	624	176	412	41	28	152	185	431	397	64	604	297	142	96	225	117	122	109	92	108	413	433	409	271	305	349	230	242	200	288	260	78	75	199	454	333	219	365	105	101	10	154	412	465	227	69	223	90	325	622	330	77	59	176	138	224	306	61	15	411	196	126	42	122	41	382	59	204	138	202	253	180	115	115	235	425	123	90	43	252	212	68	66	135	51	278	96	236	203	19	46	320	370	569	561	512	139	757	242	201	205	373	28	207	515	33	78	170	399	12	118	45	20	392	234	268	280	100	1	150	49	162	67	323	85	329	259	447	399	268	334	390	357	189	286	210	108	207	211	23	109	202	438	395	290	276	331	172	197	92	39	158	40	204	19	70	506	299	165	219	87	303	290	388	513	162	62	149	2	143	522	289	485	195	24	186	149	373	455	11	162	575	419	60	196	16	8	612	258	274	413	6	155	62	95	262	53	375	538	338	40	119	308	486	207	338	10	718	103	288	132	219	127	504	91	80	561	250	18	372	482	543	370	250	421	133	272	294	20	312	55	15	53	62	278	59	177	247	911	397	279	22	229	344	19	684	226	163	70	344	83	110	246	424	372	58	384	377	113	28	522	205	83	382	156	104	124	329	324	412	249	545	435	501	138	271	231	199	188	68	65	17	169	246	467	354	202	272	488	28	172	210	150	550	233	415	19	253	211
MTA1	25	25	19	161	106	26	35	168	160	96	197	292	188	247	286	25	22	183	69	19	131	58	231	14	94	293	227	118	82	228	108	188	136	101	201	38	249	43	189	75	74	73	41	76	10	27	106	32	91	90	11	200	27	32	59	16	81	194	70	126	65	107	105	109	114	95	79	90	52	246	134	137	221	105	177	71	90	30	116	300	188	60	126	222	138	162	47	31	94	112	121	111	208	52	144	179	64	51	131	51	55	241	49	180	25	58	101	214	181	33	140	13	281	90	25	2	35	7	187	60	137	397	303	120	20	201	240	231	49	60	97	2	75	418	173	196	164	216	57	171	340	173	22	87	156	29	147	316	73	217	170	255	107	111	49	80	21	166	102	19	48	227	168	70	311	328	193	295	132	60	112	174	75	76	30	211	95	183	143	87	215	267	74	17	69	15	6	354	328	250	150	144	43	184	386	224	282	21	213	90	8	145	57	431	2651	11	128	147	39	45	178	190	188	103	277	57	184	65	58	73	61	98	129	14	91	64	18	41	98	27	69	224	153	26	27	23	107	316	26	137	56	151	120	13	111	28	186	23	32	6	374	107	184	229	9	26	70	317	180	47	256	40	293	181	364	86	68	36	26	32	72	116	22	212	111	12	328	93	123	86	266	72	43	13	46	161	40	14	112	362	231	190	375	241	354	62	5	3	191	34	50	136	190	164	346	234	62	7	95	128	114	72	61	93	87	109	90	85	56	13	113	215	312	75	143	28	20	54	107	180	241	30	380	192	83	46	144	78	32	98	32	47	329	176	167	141	153	125	80	121	81	118	201	76	45	98	195	144	106	168	49	68	11	62	155	261	129	32	94	29	113	267	161	34	29	126	52	128	152	44	15	212	87	131	36	102	37	214	29	187	57	107	111	51	165	41	223	394	105	57	29	269	83	25	14	73	33	128	37	89	87	8	20	139	180	330	401	196	54	404	145	67	97	162	22	113	232	18	88	176	183	8	98	27	18	158	120	113	116	28	1	52	23	85	27	131	37	174	402	346	171	124	150	327	150	90	124	108	73	75	62	13	61	105	208	177	256	136	193	133	215	68	17	55	25	196	13	29	276	147	81	127	42	134	288	330	345	78	46	41	3	161	224	174	256	74	14	89	66	92	217	14	62	315	336	29	76	17	6	263	127	201	190	4	121	31	28	128	18	169	249	326	28	62	149	493	74	155	7	202	44	161	83	82	65	213	51	47	269	113	7	177	223	211	154	211	217	43	101	176	19	166	46	16	39	27	169	36	79	208	506	427	117	14	110	201	12	177	123	94	26	159	38	68	205	225	159	19	364	157	66	25	276	63	75	168	87	52	68	137	279	199	102	355	102	229	95	120	103	87	115	32	35	22	68	90	204	160	66	101	229	23	171	256	55	246	98	178	11	131	176
MTA3	2	11	9	29	10	15	28	23	14	1	15	22	19	19	20	28	1	28	25	9	23	28	20	18	22	14	18	13	14	28	26	5	13	22	20	12	24	19	25	4	12	2	17	22	9	24	22	1	25	15	6	16	20	3	23	18	22	9	19	14	23	1	17	15	22	16	21	8	23	21	22	25	20	7	28	19	23	21	11	29	17	25	19	15	30	22	24	15	13	5	4	10	20	7	25	23	22	8	12	16	4	15	3	8	6	1	9	12	2	10	18	22	26	2	3	3	28	7	9	18	25	13	26	28	8	11	22	15	14	12	24	3	29	7	8	17	1	15	21	25	18	28	19	23	26	14	21	29	21	27	25	22	22	18	27	25	21	24	15	14	16	14	17	9	21	22	28	22	7	14	29	23	21	23	19	29	22	12	19	22	20	7	1	27	22	9	4	9	22	15	25	9	20	22	17	27	1	29	26	25	10	18	25	25	11	59	18	27	23	17	26	26	25	21	13	22	17	27	21	13	20	18	18	15	27	16	15	19	13	11	5	26	25	2	2	2	27	4	18	24	22	5	9	19	4	2	17	1	12	6	14	18	19	4	1	25	14	3	3	21	17	23	18	5	21	19	18	8	27	25	23	1	1	19	19	12	21	10	20	22	17	15	22	5	24	23	19	14	21	13	21	20	26	23	22	27	5	1	11	15	24	12	13	28	17	22	22	1	19	23	17	22	22	15	10	4	11	17	27	3	15	13	18	22	28	3	1	28	14	8	6	1	18	14	26	1	3	15	27	14	23	20	13	10	9	28	24	9	24	22	20	21	27	13	14	23	24	19	22	17	21	20	1	20	29	3	7	2	30	26	20	11	29	25	25	21	1	17	24	18	9	28	28	16	9	8	12	18	15	16	20	20	25	29	11	30	20	22	17	13	17	10	27	22	6	24	16	24	28	29	24	1	11	18	22	13	2	2	23	19	24	24	28	21	14	22	26	19	4	6	18	7	19	22	4	27	9	24	21	1	1	23	21	20	20	25	20	24	17	20	24	18	24	21	28	23	25	24	21	24	28	7	14	23	19	22	18	19	18	13	4	25	21	22	20	21	14	19	30	22	25	14	16	15	12	20	17	17	4	25	2	10	20	18	25	24	18	12	26	24	20	2	26	24	17	21	27	10	7	20	20	21	27	2	12	1	2	19	23	23	17	18	17	15	25	15	29	25	6	26	19	15	15	21	13	20	13	20	29	23	1	9	22	27	19	8	25	23	22	15	3	25	17	4	4	22	15	10	21	21	2	21	27	17	16	23	14	23	19	14	24	20	22	12	17	22	26	23	20	25	15	3	24	28	17	21	5	21	22	27	24	17	17	20	25	29	18	19	22	25	19	20	14	2	21	26	20	21	26	23	28	12	16	11	22	22	16	30	13	24	15
MTERF2	6	33	12	156	58	28	86	181	198	24	176	244	57	468	116	41	22	113	36	12	121	84	444	19	139	223	239	33	64	306	153	106	201	136	116	67	132	130	227	23	26	17	67	124	12	64	227	43	146	126	10	268	56	28	94	25	74	203	70	117	97	6	136	116	139	145	109	172	122	241	169	165	153	64	125	74	117	50	24	254	49	108	88	98	121	190	94	15	21	20	24	41	203	31	107	79	84	18	39	62	32	106	44	156	8	27	110	40	120	18	140	25	244	90	32	3	56	11	67	58	149	188	109	166	11	26	146	133	18	22	43	3	86	156	41	73	12	37	67	196	234	193	36	103	136	28	175	189	69	149	179	231	199	53	105	85	47	138	34	20	17	113	148	18	201	156	104	295	14	66	144	147	82	124	46	224	93	145	142	150	75	36	155	35	92	10	6	331	239	104	85	83	41	110	132	202	271	39	103	65	10	46	81	274	128	18	1297	183	71	35	222	226	217	181	230	80	142	106	52	98	66	46	30	20	152	77	15	50	29	31	15	262	102	77	61	56	167	176	26	200	74	67	18	17	11	42	166	7	15	6	103	74	135	24	18	64	75	65	146	71	102	59	417	142	225	38	61	28	43	67	131	5	8	43	76	15	154	24	155	66	217	24	83	13	68	176	47	18	32	86	68	185	182	232	277	124	6	3	82	24	34	26	145	113	76	193	82	1	160	122	163	97	130	102	28	18	82	61	101	32	129	84	250	89	192	15	13	73	81	153	126	18	177	111	59	5	28	29	74	36	57	77	105	243	248	110	155	108	167	125	97	114	68	17	67	102	218	231	122	215	60	44	2	126	184	143	94	21	99	53	125	254	97	41	39	75	47	92	135	27	15	146	89	57	16	54	16	175	26	92	75	116	132	82	42	62	88	122	69	45	30	107	92	50	8	50	41	182	57	118	125	6	18	151	190	170	181	174	145	259	104	124	97	193	19	63	216	23	20	34	152	11	82	24	9	155	99	165	143	26	1	91	37	87	45	213	66	105	56	120	181	139	149	211	192	109	153	126	74	145	127	16	38	100	197	203	174	141	144	51	45	41	28	99	25	106	16	47	174	134	75	120	39	161	127	193	161	118	22	96	3	56	227	89	205	119	20	108	67	149	220	2	115	187	210	49	114	13	8	217	80	176	176	3	63	24	30	118	33	200	264	160	24	64	159	181	124	186	12	207	76	130	77	127	52	194	58	53	217	123	10	175	183	246	166	42	137	65	156	113	7	112	26	7	8	39	116	43	112	143	354	138	158	15	98	193	22	197	73	72	46	355	52	43	68	189	232	41	204	209	36	13	230	118	57	207	50	66	74	163	161	184	124	203	154	188	66	141	138	115	84	53	33	6	98	146	225	175	114	139	246	19	62	85	70	234	142	171	16	123	89
MTERF4	8	28	13	205	64	28	97	199	193	32	206	275	88	292	145	67	38	142	54	12	133	124	255	26	156	244	240	44	75	319	182	126	151	149	138	51	167	79	224	27	33	31	79	129	11	76	137	54	156	134	13	245	55	35	105	25	98	224	81	121	130	9	131	125	158	103	119	110	73	252	170	199	182	89	154	79	139	60	28	346	54	131	103	120	172	181	114	19	36	31	32	46	266	25	146	95	114	20	42	63	40	123	80	200	12	21	134	61	69	19	170	45	286	93	30	3	75	10	71	66	175	200	161	350	11	39	166	154	30	28	53	3	132	230	44	138	33	45	83	209	261	231	47	126	165	27	196	260	75	213	181	260	175	62	123	100	56	184	42	24	26	188	190	20	271	211	156	342	25	66	211	164	102	150	59	289	126	181	193	169	108	53	100	64	113	14	5	354	248	111	110	90	42	146	151	215	294	104	153	91	13	69	112	577	147	27	183	1847	91	53	221	267	227	128	242	97	169	150	56	60	90	62	47	22	180	105	21	76	27	31	24	312	126	40	48	35	200	202	31	214	102	84	20	23	16	37	216	14	21	6	134	95	141	30	11	88	101	91	193	87	134	89	269	164	468	40	72	38	60	72	126	12	17	58	93	15	193	32	167	69	242	27	79	15	82	186	59	17	52	103	95	178	275	229	298	155	5	3	112	26	47	37	176	187	108	259	107	16	150	156	153	110	131	127	38	30	86	87	132	27	141	102	288	97	242	21	18	116	79	191	149	25	215	106	81	6	33	37	97	48	81	77	135	201	186	146	177	150	153	144	133	149	99	23	50	139	224	200	140	197	67	51	1	127	243	183	99	31	174	85	158	249	152	54	44	89	44	82	173	36	15	187	147	68	23	55	19	179	27	107	100	132	144	144	52	108	105	149	64	56	33	122	152	54	8	58	45	150	94	180	144	8	21	159	210	239	235	204	106	289	127	131	130	219	23	91	281	33	30	62	180	12	90	36	11	214	118	187	139	37	2	100	44	116	48	209	59	154	77	171	259	164	175	230	231	120	175	152	94	141	155	17	42	122	222	217	175	178	162	63	79	77	36	131	31	137	18	56	252	157	102	121	41	197	129	204	217	123	23	109	2	69	247	134	274	130	24	129	114	292	238	9	114	228	217	60	151	12	8	292	74	184	207	3	83	26	43	147	57	206	263	173	29	73	195	216	147	229	10	411	73	161	79	141	77	215	59	72	288	158	6	183	280	309	180	44	188	103	190	162	9	134	37	11	20	56	125	44	113	170	374	192	199	19	97	200	20	471	92	92	61	207	82	43	84	223	229	58	191	216	51	16	272	140	63	208	56	80	94	207	200	201	163	249	338	255	74	137	157	142	113	55	35	9	94	180	249	227	140	138	254	17	75	90	103	286	137	243	18	154	120
MTF1	9	22	12	91	27	20	104	74	58	19	48	84	49	99	55	46	10	79	38	13	68	65	95	19	75	71	76	26	40	102	123	40	57	65	52	33	63	45	89	15	23	15	47	57	10	67	71	19	117	65	6	67	42	12	92	23	84	53	34	49	55	4	67	42	70	55	84	43	42	95	71	74	70	25	81	40	97	56	17	128	33	84	40	43	76	76	63	16	16	13	17	26	80	19	51	49	61	11	25	32	14	43	10	34	10	17	30	29	28	16	67	32	89	17	8	3	56	10	18	31	59	59	78	102	8	19	60	61	20	16	33	3	74	37	17	44	16	26	37	76	106	138	30	67	106	23	83	96	43	77	82	83	77	54	109	52	39	78	26	22	18	40	52	13	66	62	64	103	11	34	90	102	48	94	37	123	60	39	56	69	57	22	22	47	83	10	5	92	72	66	86	42	40	47	49	122	79	70	62	59	12	28	106	109	39	23	71	91	469	29	96	113	87	59	90	51	62	73	32	36	43	34	30	20	120	45	16	40	24	25	16	116	63	18	9	8	145	51	20	95	66	17	10	20	8	10	84	4	14	6	48	38	58	13	5	89	26	37	30	52	40	54	95	32	77	35	27	14	50	65	68	10	3	39	39	13	73	20	71	37	73	22	50	6	49	101	36	19	27	43	60	69	110	93	79	133	5	3	35	24	41	23	49	89	48	76	52	2	61	68	62	55	70	44	23	14	26	43	74	5	47	30	74	53	103	7	7	71	39	37	39	11	69	49	53	2	16	27	86	25	96	51	51	65	56	77	75	35	73	57	61	54	62	16	26	55	85	79	63	64	57	26	2	64	109	31	27	8	86	75	49	71	74	38	31	76	17	40	61	24	9	85	73	29	18	22	18	70	22	47	52	63	117	86	16	64	46	63	36	30	22	31	75	54	6	33	30	69	55	114	68	10	15	68	110	59	36	48	71	95	52	109	74	78	17	40	96	22	17	18	50	8	48	31	7	91	32	88	91	17	1	70	34	67	50	92	41	75	32	63	102	73	73	79	137	64	74	63	53	72	117	12	29	101	73	91	68	77	51	32	17	48	26	71	23	59	17	40	103	71	47	49	24	65	34	76	62	46	13	99	2	18	81	37	105	61	21	38	55	81	81	4	57	78	68	47	74	11	8	75	70	65	93	2	26	16	8	52	39	84	89	64	30	34	86	58	115	109	8	103	41	49	37	59	30	99	36	43	117	75	5	48	93	106	78	20	76	54	77	47	6	60	21	5	6	38	49	22	52	71	76	65	121	17	52	87	18	88	45	33	44	82	48	33	43	75	92	42	70	125	41	4	94	108	32	86	21	54	53	78	77	61	53	64	81	111	55	63	73	76	49	41	20	2	52	72	84	88	110	110	94	15	33	28	52	86	57	117	16	76	37
MTF2	5	11	8	49	16	14	34	38	40	3	84	55	26	53	28	29	2	35	24	10	32	34	60	16	37	60	41	30	29	57	38	22	33	44	40	45	59	24	46	6	18	8	26	33	11	27	34	5	39	31	6	38	23	67	33	15	29	24	22	46	31	1	24	16	41	29	31	20	26	45	41	74	53	27	40	33	32	26	12	60	20	39	36	32	43	40	30	12	16	8	8	15	110	7	37	28	50	9	17	21	8	29	33	57	7	2	34	14	17	11	38	22	68	9	4	3	27	7	18	23	35	45	36	47	9	16	36	42	12	13	21	3	36	63	10	30	3	19	26	47	55	65	20	31	40	15	32	50	22	50	48	57	34	25	36	30	26	42	16	12	14	39	54	12	90	52	39	75	8	21	35	52	34	33	22	52	29	37	40	33	41	25	30	27	36	11	7	66	52	17	32	17	21	30	37	43	45	38	41	31	8	20	30	84	45	17	35	53	29	965	45	48	41	30	38	28	86	32	22	17	27	51	18	13	40	22	14	20	17	12	7	55	31	6	5	5	45	28	18	45	32	26	10	19	5	5	66	4	12	6	35	26	32	6	2	33	40	23	28	26	27	24	64	45	54	21	25	14	27	28	38	2	51	23	22	13	47	11	39	27	50	15	30	7	26	32	19	14	25	24	25	34	59	51	48	36	6	8	66	15	24	14	35	50	22	81	25	11	30	35	32	26	28	26	14	10	23	30	31	5	33	28	52	24	51	3	50	34	20	18	26	3	50	21	30	3	6	17	29	23	29	28	38	39	29	28	35	40	33	43	37	38	30	12	20	33	45	32	27	56	24	22	1	31	44	88	16	3	55	28	38	37	52	30	20	27	12	24	29	16	10	44	34	18	15	14	13	43	24	27	26	33	35	35	15	33	29	52	27	14	15	26	31	23	8	20	19	36	29	33	35	1	17	46	41	67	27	23	32	57	31	33	36	42	13	24	56	17	6	13	78	7	26	23	13	42	20	44	49	4	1	33	18	35	19	44	28	40	21	33	54	38	54	43	43	37	46	35	28	36	35	8	22	30	43	37	38	48	42	15	19	23	19	47	22	31	13	25	57	46	30	24	24	36	30	46	50	27	6	34	3	18	54	81	54	30	17	28	33	37	38	2	34	74	40	25	40	11	7	72	24	30	36	6	47	4	11	35	22	45	49	43	19	26	48	54	38	41	6	48	24	36	22	31	33	66	24	23	57	37	1	34	63	52	41	12	47	33	33	47	3	31	18	4	7	24	38	12	31	37	55	53	42	14	26	41	15	45	27	25	23	46	25	23	28	44	43	22	46	42	23	4	53	38	21	51	41	25	27	42	47	38	30	61	39	50	107	38	75	39	39	21	22	5	20	37	50	64	40	42	49	13	28	32	32	58	35	42	13	39	40
MXD1	3	26	10	207	85	33	91	251	202	16	341	459	70	331	186	54	57	141	59	18	147	100	314	21	173	301	288	41	91	359	185	157	182	276	148	51	165	67	234	20	34	30	66	149	10	87	168	77	189	150	22	296	59	61	118	23	94	368	78	161	111	3	193	142	192	133	136	179	108	292	221	209	264	151	178	94	156	70	17	345	73	148	162	158	179	206	94	16	25	22	21	35	258	15	157	87	101	16	30	61	29	122	91	321	11	14	219	46	69	15	190	35	374	132	48	3	85	9	82	68	198	360	157	227	8	27	192	332	28	16	50	3	123	257	43	116	17	45	61	193	358	264	41	144	174	31	236	265	80	233	261	335	213	57	137	112	45	189	35	21	23	208	299	16	362	212	158	630	13	85	166	219	132	194	72	294	130	225	223	193	97	39	161	46	121	10	8	758	299	98	113	159	38	137	188	259	401	62	111	71	12	68	104	422	178	26	222	221	96	45	2101	370	431	162	458	108	182	141	68	58	91	54	29	20	219	115	19	82	28	47	14	379	112	85	73	73	224	257	28	508	115	109	22	23	17	50	268	4	15	6	175	113	166	16	19	86	152	97	321	90	119	83	328	233	290	42	76	32	55	85	108	1	6	48	97	16	206	16	200	97	243	22	96	23	76	235	43	18	35	136	74	231	256	309	509	160	5	3	83	22	42	33	204	129	120	298	101	1	113	277	138	180	103	120	25	25	113	97	103	39	152	103	364	95	307	11	11	99	83	242	140	32	235	198	74	2	20	26	100	39	78	84	177	299	278	153	232	214	181	136	139	188	82	17	50	146	299	241	133	242	69	65	1	112	239	247	190	54	153	71	205	408	142	56	45	108	67	124	174	48	11	204	130	64	24	54	23	228	26	133	95	148	165	113	57	75	124	171	91	68	26	130	127	63	7	56	48	170	70	171	174	14	27	193	240	284	338	330	114	370	135	155	146	250	21	61	278	26	37	45	166	13	87	32	11	198	124	190	176	67	1	139	42	108	56	211	90	135	57	144	244	193	251	278	258	135	314	169	90	156	157	17	52	127	279	321	205	202	198	69	59	61	29	127	45	132	19	57	216	325	114	153	43	206	140	244	258	112	16	113	2	76	311	111	286	134	22	135	91	182	288	2	113	307	246	72	148	13	8	353	82	195	196	6	75	33	54	185	46	266	319	214	31	97	227	240	151	255	10	286	75	174	90	144	76	308	115	67	279	151	8	225	283	330	199	33	164	60	214	181	5	172	20	5	17	51	146	48	124	197	539	188	204	18	105	279	18	269	159	105	58	222	79	53	85	228	256	49	241	250	76	20	281	153	64	456	95	133	93	232	228	227	157	265	199	236	102	136	181	166	161	56	47	4	74	184	303	240	155	178	302	21	84	99	81	285	122	188	15	171	138
MXD3	14	44	10	329	85	35	130	336	188	23	312	535	130	385	185	87	29	243	68	16	159	155	357	26	192	352	305	47	91	390	247	184	205	176	218	54	258	82	262	33	41	35	77	156	12	98	175	51	236	162	17	299	60	58	154	25	118	414	89	183	150	5	189	228	215	151	166	177	110	318	241	220	260	167	295	89	202	80	19	639	55	165	150	248	267	215	111	15	40	29	25	62	297	19	235	142	110	20	41	68	27	154	91	335	10	27	224	85	76	18	206	38	414	149	61	3	109	9	103	73	229	301	284	274	11	28	216	195	26	22	60	3	204	295	47	130	21	53	93	258	453	341	44	154	236	39	244	488	88	385	269	356	223	68	181	162	49	200	45	20	29	329	344	23	483	312	256	458	15	82	261	264	126	205	71	515	178	323	302	203	189	59	130	75	161	10	6	507	362	156	134	112	46	155	196	334	395	108	195	110	10	80	139	468	190	26	226	267	113	48	370	1925	517	205	475	165	189	220	66	67	94	57	46	18	268	117	17	72	41	40	22	440	170	82	76	76	283	290	30	342	119	109	21	26	16	64	271	10	19	6	252	103	175	24	24	110	142	88	327	93	138	85	368	181	346	45	103	39	74	100	138	1	17	69	104	18	385	32	208	138	275	26	98	15	106	267	56	17	50	221	140	260	366	359	581	189	6	3	116	24	51	39	200	238	201	296	123	4	146	174	160	110	136	130	44	32	198	98	162	41	195	168	414	113	318	15	22	161	81	358	167	36	256	133	90	4	31	45	128	62	97	91	248	417	360	246	256	240	201	157	151	188	146	23	54	149	328	265	189	248	77	62	1	133	381	241	209	51	198	98	285	419	237	56	57	121	78	147	194	45	13	349	222	79	39	55	19	268	26	122	109	150	196	200	60	130	127	254	90	56	28	131	197	68	7	74	56	207	123	232	181	15	25	199	282	289	318	311	127	589	165	174	212	288	20	98	315	31	38	71	193	14	103	37	9	304	132	231	196	58	1	131	46	125	70	250	68	213	75	185	260	185	242	274	331	156	212	172	105	190	211	17	63	155	306	281	220	225	197	104	67	72	31	138	34	161	20	62	409	197	177	137	47	200	166	258	244	129	15	146	3	79	335	129	316	145	25	131	104	197	288	5	140	487	268	63	179	13	8	324	108	215	315	4	74	41	64	176	53	280	347	237	35	90	258	274	216	277	11	319	77	198	95	159	80	362	72	77	519	189	12	211	273	383	236	40	272	94	227	187	15	244	29	5	16	57	158	54	143	212	518	248	264	16	109	270	20	278	109	104	77	251	77	66	113	265	315	61	260	326	98	16	339	202	70	295	74	81	104	247	230	244	162	312	216	377	83	153	186	185	144	61	50	5	104	189	314	266	197	230	371	21	95	123	95	347	153	327	19	197	142
MXD4	16	32	13	287	95	35	99	284	195	51	506	852	165	379	260	67	75	289	81	18	130	140	347	24	171	306	282	60	79	367	206	152	186	152	238	49	275	76	243	62	69	68	72	130	11	83	155	122	174	147	39	292	62	47	128	27	108	503	78	170	151	16	163	221	161	174	156	266	163	347	189	185	259	258	323	97	203	77	40	621	67	115	149	264	223	209	111	25	57	45	49	90	283	36	330	165	87	35	59	67	35	137	143	425	10	24	347	121	83	20	188	35	383	206	88	3	90	10	100	63	307	491	363	196	14	43	196	207	45	36	74	3	217	283	52	168	39	61	124	248	478	277	40	142	195	32	211	491	77	476	242	311	186	68	136	156	51	180	51	25	33	324	451	28	498	314	249	388	33	85	253	255	118	164	64	435	202	359	343	170	216	76	250	61	134	16	7	690	333	167	121	97	48	182	196	292	426	73	264	127	11	119	118	414	188	25	217	227	87	41	431	517	2375	289	600	138	187	186	68	75	96	61	68	24	192	121	20	66	47	35	47	366	171	118	105	110	217	318	32	343	100	167	38	23	32	63	222	11	20	6	254	81	146	39	24	84	204	110	306	81	163	74	367	216	420	68	132	43	63	85	123	18	19	102	85	18	428	60	196	145	293	32	90	39	107	260	49	18	69	238	176	218	354	333	891	136	5	3	134	33	59	46	208	242	230	298	110	8	145	148	158	103	119	125	73	46	219	89	148	56	221	188	445	103	216	17	25	124	91	297	212	41	266	127	75	9	51	69	99	78	79	83	340	462	419	281	386	347	169	147	133	214	154	30	62	136	275	215	181	221	79	74	3	118	310	185	300	81	143	87	369	472	227	59	52	96	73	145	212	63	14	368	187	71	33	63	19	263	21	119	91	141	164	158	57	105	112	270	75	63	29	133	192	62	8	82	48	213	100	198	151	16	28	163	275	317	296	264	112	560	160	146	183	245	23	116	283	30	47	95	239	12	80	43	12	300	155	196	154	93	1	108	41	104	58	222	52	206	87	219	242	163	194	235	268	131	178	159	93	161	170	16	62	147	276	236	194	184	214	95	82	59	33	100	34	147	21	49	413	185	220	144	49	194	151	229	283	114	22	123	2	86	317	141	292	140	24	153	95	151	264	10	127	378	275	55	147	13	8	366	102	201	313	3	72	43	67	174	43	242	325	207	28	84	214	271	168	208	10	222	60	185	97	147	83	374	66	63	493	172	13	242	286	327	172	55	308	78	192	193	12	265	40	5	14	49	155	49	114	166	557	223	211	18	83	230	16	239	95	112	68	243	58	67	96	256	258	49	236	261	81	20	322	148	50	232	71	65	98	244	195	232	160	335	169	366	68	131	146	148	126	58	39	8	102	147	286	207	154	174	312	22	101	115	80	304	141	282	15	143	145
MYBL2	27	46	149	170	47	23	57	154	177	279	419	608	411	298	124	41	119	355	97	25	66	108	242	22	108	149	181	203	36	291	129	132	180	87	200	33	244	86	228	252	147	208	43	76	10	33	99	210	84	78	23	233	44	42	67	35	202	364	52	62	114	114	166	273	76	285	132	456	238	406	72	91	166	249	402	121	155	43	177	451	60	51	119	290	148	176	76	42	115	183	269	297	213	197	371	262	53	195	210	90	47	86	181	370	84	109	327	387	163	117	108	25	166	183	70	3	48	10	70	46	252	446	463	107	50	31	124	126	101	220	145	3	236	194	120	227	235	90	346	231	382	221	30	88	162	40	116	423	44	453	92	146	130	236	71	105	40	113	78	36	45	229	426	51	341	242	206	196	118	49	186	161	49	90	40	239	145	319	332	72	407	193	692	33	83	13	5	392	192	308	175	144	116	199	153	183	246	36	269	288	10	108	63	271	103	21	181	128	59	30	162	205	289	2869	252	89	167	88	40	125	123	118	291	23	94	93	26	33	100	20	240	203	203	212	211	215	168	241	24	128	39	166	52	20	90	58	138	67	55	8	215	52	81	237	57	59	163	244	244	68	212	40	292	395	387	193	120	38	46	48	93	123	8	221	53	17	394	204	146	99	328	119	46	33	139	221	75	33	108	194	341	104	383	184	703	86	5	1	192	125	104	77	103	296	274	276	70	9	184	117	204	117	117	116	273	245	160	43	144	93	177	168	246	105	108	29	21	108	138	257	331	31	283	130	89	130	202	238	43	101	65	46	285	433	493	239	251	361	112	118	80	171	214	63	53	71	118	159	163	173	70	58	25	88	185	128	138	64	71	53	363	307	160	50	38	76	58	122	208	78	15	341	129	65	35	106	48	115	67	69	73	78	138	86	40	77	63	225	48	49	35	109	133	44	54	125	29	217	60	109	80	12	34	129	188	256	204	186	65	537	127	84	114	110	25	170	198	19	93	80	442	9	61	37	22	248	151	90	106	107	2	67	33	63	37	173	45	198	151	317	216	115	92	143	163	77	90	89	43	93	102	10	52	158	174	156	101	98	164	102	89	30	37	59	40	72	15	27	322	107	176	118	62	135	114	137	226	96	112	75	2	67	186	184	193	56	20	112	79	88	122	25	81	248	178	31	65	14	8	316	213	122	296	2	58	25	57	88	25	99	207	117	21	45	116	203	101	97	7	137	51	108	57	69	68	296	37	34	320	130	12	176	243	192	136	159	334	98	88	119	13	197	106	9	44	27	171	29	62	85	355	138	112	25	81	107	15	151	156	65	47	183	33	61	75	199	171	35	136	120	59	24	230	65	45	112	48	46	69	152	107	174	137	242	107	263	37	159	92	72	76	35	32	11	178	78	169	128	77	90	176	20	73	120	87	214	213	236	15	90	131
MYC	26	25	10	242	118	41	91	268	225	44	507	707	136	444	290	37	80	225	69	23	131	99	385	13	157	399	366	66	97	433	282	373	219	169	235	56	257	65	254	57	56	65	55	129	8	84	166	121	242	177	33	360	47	73	157	17	145	683	77	187	128	17	276	256	183	242	244	332	120	383	230	197	372	259	293	119	263	84	37	563	90	163	183	294	194	250	81	14	58	51	46	73	315	39	241	131	81	30	80	60	46	163	190	511	16	21	351	104	109	14	236	21	446	258	101	2	64	8	114	72	282	491	267	206	8	64	217	267	39	28	48	3	162	433	61	197	96	89	85	265	799	459	29	115	289	37	265	449	69	404	271	388	206	86	152	124	30	213	43	16	31	343	482	26	572	337	233	480	34	100	189	397	116	180	52	409	152	336	331	181	189	104	239	27	196	15	7	943	453	266	169	148	37	191	222	403	584	26	201	82	9	111	118	547	277	13	230	242	90	38	458	475	600	252	3437	120	232	140	76	72	114	56	52	18	266	126	17	78	62	32	42	568	130	154	108	107	290	404	29	367	95	219	50	12	45	79	283	14	18	4	386	104	170	55	43	78	240	175	441	67	182	59	426	260	508	54	117	63	39	84	111	14	26	101	94	12	404	33	194	115	366	26	73	28	78	393	49	15	59	276	149	265	430	539	815	177	5	3	161	28	44	55	263	191	249	381	104	7	130	193	161	130	114	158	51	50	231	81	111	69	265	208	557	103	277	17	53	94	112	406	244	74	331	156	66	16	66	51	88	81	67	75	341	445	399	241	301	388	171	185	161	260	131	40	58	129	310	248	151	275	101	62	1	109	273	322	345	102	127	75	380	879	212	47	39	165	155	211	207	59	12	361	134	70	42	68	21	309	24	145	92	137	222	115	63	55	166	309	87	81	31	165	133	62	4	55	36	210	49	247	158	39	27	220	429	410	477	565	87	623	184	178	140	257	18	91	316	21	50	114	276	10	81	23	18	253	176	198	244	142	1	123	31	106	66	224	67	179	101	255	285	191	242	292	368	142	211	142	76	153	194	17	93	198	358	362	224	199	242	149	111	48	21	92	26	145	15	41	348	224	170	159	51	233	184	256	370	115	34	130	2	111	395	159	337	116	13	158	86	158	316	10	109	457	313	48	131	9	8	494	152	210	260	6	103	72	99	193	30	265	426	251	33	103	222	343	187	242	9	285	59	217	95	143	109	634	77	53	436	162	25	293	350	391	225	63	263	65	193	226	18	275	25	6	24	32	182	42	130	177	857	279	294	10	100	321	16	267	111	111	49	256	68	113	158	299	269	37	296	393	99	21	363	174	55	295	127	74	81	267	229	293	195	416	188	313	101	171	145	154	158	37	47	13	77	158	362	273	190	257	359	19	135	134	86	389	150	227	10	174	200
MYNN	7	24	12	148	34	21	65	138	88	18	93	180	59	125	60	49	15	119	39	11	63	96	114	22	84	97	103	28	35	137	111	69	77	79	102	28	140	51	92	22	30	22	46	60	11	44	81	24	81	76	9	109	40	16	72	27	56	146	51	52	84	8	84	92	84	61	72	59	56	117	69	82	65	72	107	46	92	41	23	199	24	68	48	81	120	86	58	14	24	19	18	37	131	19	107	62	59	16	29	36	16	59	38	109	10	14	101	47	26	19	97	30	111	51	19	3	61	9	33	49	103	104	116	93	9	24	74	80	22	18	48	3	111	82	22	66	13	27	62	97	136	145	37	70	89	25	95	176	44	153	85	103	77	52	80	107	38	81	23	16	17	104	150	16	175	149	138	133	12	49	145	85	64	95	40	176	106	102	124	78	83	30	49	46	77	9	5	124	93	65	63	55	41	90	66	104	101	50	124	75	9	42	63	151	57	22	80	97	51	28	108	165	138	89	120	669	73	112	44	33	45	42	42	16	95	73	16	40	21	24	17	150	115	25	24	24	118	95	24	96	62	37	16	21	9	17	95	5	15	7	67	57	67	16	9	50	66	39	99	50	65	48	132	73	144	40	51	17	56	49	62	4	3	38	52	14	142	21	97	71	122	22	55	18	77	93	41	16	44	78	61	67	119	117	169	78	5	1	67	23	40	17	79	130	60	127	64	4	71	84	77	70	68	70	29	16	68	45	107	12	76	47	139	56	104	9	9	79	52	124	62	14	89	47	52	5	13	35	56	31	50	53	73	109	101	93	99	102	79	79	64	102	66	17	30	74	93	86	114	91	53	38	1	68	164	63	50	17	81	51	137	134	89	47	36	47	12	54	100	26	11	135	101	32	21	28	19	79	23	67	55	69	72	99	23	84	46	99	49	33	22	52	124	31	8	63	35	91	67	102	78	9	17	79	118	113	77	78	66	196	63	76	97	100	16	78	112	22	16	32	98	10	42	31	5	159	73	82	71	28	1	64	31	69	41	88	37	114	42	87	115	91	91	106	120	69	80	97	54	81	101	15	27	73	126	112	77	83	93	37	31	43	30	78	27	65	18	34	152	76	96	71	28	94	61	91	132	68	8	67	2	31	141	70	109	52	21	73	52	79	97	4	63	140	92	45	78	11	8	135	47	96	161	2	43	18	25	74	35	98	127	84	23	43	101	93	98	98	9	109	44	81	50	75	47	114	40	47	190	86	5	102	125	128	73	22	147	64	79	75	6	97	26	5	8	38	65	29	55	83	134	83	96	15	56	100	18	109	44	49	60	96	41	25	46	105	113	48	85	108	41	4	115	83	45	86	18	55	61	128	82	99	89	108	90	162	38	66	89	71	65	37	27	3	49	86	122	106	81	75	107	15	37	39	54	109	67	144	15	73	60
MYPOP	13	44	30	134	55	28	70	151	186	73	215	276	133	271	126	37	38	146	54	28	101	79	244	20	127	272	219	81	75	239	138	112	164	106	121	49	157	61	323	96	79	83	51	82	11	41	86	70	120	97	11	220	43	53	74	26	96	199	65	103	99	31	117	125	142	127	87	139	79	266	130	134	198	79	157	69	98	39	42	247	49	71	90	119	125	156	70	19	51	67	76	92	218	58	137	105	73	64	91	68	35	94	53	168	28	38	104	112	97	48	138	26	244	112	38	3	47	10	81	61	122	262	160	128	30	37	147	146	46	60	73	3	95	312	69	144	43	56	69	189	261	209	41	106	132	36	143	246	65	187	150	247	146	88	88	70	41	140	50	24	30	184	181	26	298	202	133	292	32	66	130	146	82	106	36	216	92	193	183	88	132	78	162	34	89	14	4	367	252	134	107	92	53	123	156	171	300	48	129	92	11	52	65	346	184	17	142	169	62	86	182	189	187	167	232	73	2647	78	51	68	156	70	70	22	113	82	18	51	58	25	57	259	104	72	78	71	153	259	25	148	55	89	43	17	27	42	205	24	31	14	198	74	101	54	19	52	63	172	195	77	147	47	281	174	281	52	77	59	38	45	135	41	30	94	77	16	210	44	158	63	235	56	59	23	74	155	61	19	60	143	106	164	246	208	317	104	6	1	135	36	50	56	148	174	141	266	84	8	137	131	138	96	101	117	62	73	68	65	111	39	124	103	237	110	195	30	27	68	89	176	152	17	244	111	65	32	85	78	50	70	49	61	164	206	208	112	136	113	99	115	88	108	96	31	62	87	180	150	98	178	54	62	8	91	167	315	117	36	117	52	123	271	125	35	38	84	80	102	141	44	16	181	96	68	25	61	21	141	34	95	73	97	100	73	48	53	86	185	80	61	36	122	105	40	21	62	37	155	54	106	94	6	27	131	157	276	224	197	62	354	112	92	87	139	22	80	219	21	40	61	203	13	76	32	15	179	107	104	159	40	1	61	32	108	38	159	45	139	104	187	233	178	155	189	169	106	114	114	55	98	100	13	54	101	191	172	137	156	168	78	113	34	23	78	35	90	15	41	206	134	79	124	51	147	131	174	231	88	32	65	3	68	242	130	225	82	20	100	85	121	166	6	73	278	211	39	97	13	8	340	101	145	167	5	123	17	24	117	33	161	241	152	26	66	128	230	106	160	7	204	95	144	71	86	61	202	55	45	236	133	8	205	237	243	144	91	171	67	106	153	10	118	29	12	22	34	134	38	86	123	457	186	135	17	122	165	21	202	95	83	41	166	56	52	112	203	171	33	191	163	52	20	241	87	54	166	115	62	89	172	150	188	121	220	140	178	254	134	109	93	97	48	40	15	162	105	218	213	94	115	203	22	89	140	75	251	123	179	16	123	87
MYRF	7	24	10	195	39	23	101	158	103	15	87	179	70	161	84	77	9	148	53	13	113	122	145	25	126	126	130	30	40	209	156	68	97	93	114	38	159	66	146	19	29	20	55	103	10	79	105	20	136	105	10	134	51	15	104	22	75	133	56	77	118	5	80	77	107	62	95	62	69	155	100	107	96	54	140	41	124	57	20	268	36	106	66	80	168	125	92	16	21	18	12	37	153	11	120	92	85	13	26	51	22	76	34	109	7	13	84	44	33	15	101	45	169	53	23	3	90	9	42	47	139	99	147	157	9	18	97	85	24	15	62	3	144	83	22	64	6	28	66	138	158	162	44	106	125	21	145	198	58	182	126	151	121	47	121	112	54	115	32	22	21	110	141	19	149	151	156	177	9	48	203	104	81	113	50	253	112	98	119	122	92	24	36	79	103	9	5	157	129	75	80	51	45	94	91	159	146	108	145	101	10	53	104	200	65	27	106	150	73	32	141	220	186	88	140	112	78	677	53	41	53	40	42	18	150	73	17	49	24	27	13	205	144	18	15	18	157	108	21	134	85	42	16	25	8	16	120	2	13	7	80	64	93	8	6	82	63	25	78	71	76	66	159	70	157	40	48	18	74	70	97	2	5	43	57	14	151	20	120	76	141	23	73	7	86	121	52	15	39	75	76	96	184	136	177	122	5	1	56	24	53	25	89	169	68	129	83	4	92	90	101	56	98	81	26	9	64	65	137	10	69	52	167	72	149	19	6	131	44	111	80	9	106	57	81	2	13	28	101	33	76	65	87	144	134	166	143	90	123	93	81	100	103	16	38	96	145	128	128	124	64	54	2	95	227	52	64	18	143	89	128	130	114	55	49	67	24	69	126	31	10	182	162	46	22	33	16	120	20	68	73	96	126	162	29	132	71	97	51	41	24	58	177	48	7	74	44	127	119	167	105	5	16	89	139	113	85	67	101	191	93	109	157	147	18	80	174	29	19	36	84	10	58	45	5	195	73	131	75	14	1	82	42	80	49	147	41	135	46	116	149	95	123	129	186	86	102	126	87	119	146	12	35	103	144	124	113	115	110	44	26	64	32	102	27	100	17	49	231	104	99	87	38	102	71	117	115	83	8	105	2	34	150	71	158	91	24	81	93	107	142	6	91	153	116	52	120	11	8	127	53	128	207	4	43	15	9	81	56	137	143	101	28	46	151	102	149	149	9	145	49	81	60	107	37	126	43	52	254	136	4	92	141	202	105	26	152	78	137	85	4	121	32	4	8	52	90	40	69	114	149	120	154	17	52	133	17	146	56	57	78	141	56	31	55	126	172	62	119	156	52	8	170	128	48	120	21	56	91	142	120	113	94	134	128	243	44	95	115	120	70	47	29	3	69	120	151	124	121	108	171	15	44	49	75	138	86	232	17	99	71
MZF1	7	20	13	71	19	18	36	63	56	9	47	85	36	72	49	34	14	55	34	13	54	35	63	20	52	73	72	27	30	76	71	52	45	59	60	24	84	40	58	17	24	15	32	43	11	36	47	20	50	50	15	60	31	9	46	21	39	65	33	38	53	11	44	36	50	30	41	24	29	53	52	58	55	31	52	34	54	29	23	88	28	42	47	46	55	56	38	17	22	16	16	23	71	12	57	41	33	14	28	30	17	46	17	61	7	12	53	32	16	14	51	25	85	30	8	3	35	8	26	51	81	66	69	49	9	23	57	61	18	12	39	3	49	74	22	39	8	27	32	56	87	68	28	46	60	19	74	89	28	77	62	73	45	33	40	53	24	61	22	19	21	66	73	16	88	90	73	93	13	34	69	57	49	52	29	75	53	56	63	51	42	24	15	26	49	12	4	82	67	44	44	43	25	113	69	65	69	31	79	41	10	30	38	103	58	21	52	56	32	22	68	66	68	40	76	44	51	53	511	31	34	29	32	16	51	46	15	33	19	19	14	95	56	9	6	5	60	67	19	59	42	34	16	19	12	7	65	3	15	7	47	34	36	19	2	30	45	26	49	36	99	35	80	55	87	24	33	10	29	36	43	5	2	35	37	14	73	18	53	41	61	22	34	8	35	60	29	15	37	52	42	51	72	63	86	49	6	1	41	17	30	27	57	60	45	73	55	3	44	62	41	46	38	50	18	9	29	36	50	4	38	36	91	38	65	10	6	40	30	48	40	10	68	41	33	4	16	23	39	22	28	29	50	41	38	52	71	57	45	53	49	63	43	14	25	100	70	50	48	56	37	42	3	42	64	41	28	7	55	35	56	79	50	31	27	42	9	39	127	26	10	68	46	37	13	18	17	53	21	42	37	50	41	42	22	41	43	57	34	24	19	40	58	28	6	41	25	49	33	63	50	4	13	46	68	73	70	61	36	89	51	41	53	63	18	50	76	20	14	34	57	9	32	26	8	73	44	58	43	13	1	32	28	46	28	62	27	55	45	71	75	50	67	76	73	45	62	108	40	48	54	15	26	45	85	68	52	60	127	30	45	32	25	41	19	45	15	28	88	61	47	53	24	62	47	71	87	40	20	38	3	30	89	42	82	43	19	55	37	45	82	2	40	75	71	29	63	13	8	75	34	60	73	2	76	11	13	54	28	75	85	55	20	37	74	69	48	68	8	63	23	48	34	46	33	74	30	30	108	54	2	61	78	74	50	30	74	35	59	57	5	57	17	4	7	31	46	22	40	50	98	76	58	16	44	68	16	63	35	41	33	62	29	20	41	80	65	28	58	62	24	8	82	45	28	58	11	35	41	142	68	70	55	86	54	88	30	50	50	52	44	31	19	2	36	47	84	56	47	38	65	14	35	35	38	83	42	73	14	47	63
NACC2	19	33	262	72	22	19	40	56	89	486	76	103	518	140	140	18	33	188	94	21	43	44	122	14	54	72	64	254	36	93	69	71	104	35	114	53	91	83	135	318	112	207	33	44	11	27	71	92	48	36	6	87	31	7	38	25	241	49	33	40	75	235	40	44	43	40	41	42	36	216	45	46	74	23	241	54	56	25	254	174	81	34	99	169	54	137	45	70	194	257	395	418	85	291	226	310	44	305	382	153	41	64	9	33	143	184	26	485	363	157	35	17	68	18	7	3	24	9	29	35	52	232	339	53	102	60	59	46	117	300	142	3	57	48	186	198	261	108	204	147	97	119	25	61	139	28	52	183	35	168	47	62	69	341	45	30	29	64	150	73	87	54	53	70	55	95	81	80	145	30	60	56	34	47	26	94	49	50	46	41	263	261	54	19	36	16	4	134	75	407	155	140	134	199	145	147	130	20	224	290	7	186	57	123	73	13	98	60	36	17	58	67	75	125	72	33	68	41	31	2215	61	155	379	15	48	34	26	23	109	20	275	78	171	11	12	11	121	134	26	54	32	45	91	13	134	7	51	120	87	7	90	28	39	404	5	27	25	236	31	43	240	24	177	196	175	191	50	21	21	31	65	174	2	310	40	17	172	250	52	35	193	180	38	11	33	70	81	43	126	120	332	52	418	68	148	62	6	1	220	114	93	162	58	193	268	76	34	5	155	49	130	51	79	67	340	385	23	29	58	7	38	86	76	78	49	29	7	54	126	40	307	9	291	176	74	199	311	275	33	84	55	36	169	59	66	196	85	31	53	49	41	42	180	58	43	39	55	67	76	76	46	27	39	49	66	41	39	18	38	29	44	62	52	23	16	52	13	38	212	31	9	105	79	78	23	130	65	77	111	68	44	67	193	34	33	26	54	104	36	24	22	51	44	26	97	82	29	148	24	69	39	4	20	64	77	69	45	37	53	241	68	54	39	56	24	167	121	16	94	73	225	10	37	45	21	84	57	46	49	6	5	41	21	80	25	89	31	115	285	402	101	57	48	65	80	37	43	44	36	49	46	13	23	129	49	71	58	44	113	51	108	30	39	38	35	44	14	26	189	40	37	49	42	57	52	61	91	51	92	43	3	35	58	180	100	57	15	35	52	49	77	16	42	71	94	20	38	16	8	71	259	61	147	4	59	13	7	39	18	54	70	63	25	28	65	98	62	47	7	63	37	55	39	40	26	59	20	29	104	79	6	45	83	88	88	286	191	48	49	46	14	44	122	55	29	22	145	19	41	48	78	84	74	24	93	57	15	79	199	30	24	125	24	29	76	105	84	22	63	69	25	32	109	38	48	49	11	26	45	53	53	63	45	109	54	121	24	124	48	41	36	28	20	61	187	54	55	56	51	57	104	21	35	104	56	86	117	164	14	47	48
NAIF1	8	35	37	79	22	25	44	73	98	83	150	186	116	129	73	27	44	107	31	12	58	52	96	16	68	103	101	63	36	122	72	71	84	58	69	22	103	44	133	66	44	57	34	47	10	28	49	81	60	51	7	96	27	25	49	21	88	140	35	36	79	30	73	88	54	78	48	71	37	172	43	68	82	84	124	79	76	32	56	145	36	46	56	88	62	89	38	25	45	56	74	81	133	57	109	75	48	52	81	58	26	51	61	138	34	44	106	101	69	60	72	21	83	98	37	3	28	9	39	36	75	138	119	74	28	27	85	101	42	59	55	3	77	123	56	105	46	45	76	117	166	133	26	55	80	28	73	147	33	144	64	84	59	92	45	53	32	88	38	26	27	104	159	27	149	102	75	125	31	37	95	78	46	56	25	115	62	113	142	49	95	69	118	23	60	12	4	172	96	108	83	68	46	87	95	81	117	28	97	100	9	48	43	148	61	20	66	90	43	27	91	94	96	123	114	45	156	53	34	61	1529	56	84	23	58	58	15	37	37	16	64	119	80	27	34	33	99	136	23	72	34	65	23	16	26	17	88	29	29	16	84	36	49	71	12	38	67	84	118	46	101	33	142	137	184	60	57	36	28	32	69	38	17	58	50	12	115	58	81	44	146	51	32	20	49	77	107	18	44	60	85	61	137	99	217	68	5	2	106	40	48	37	67	108	80	161	53	10	89	89	79	80	54	79	57	68	44	35	65	16	73	55	102	55	76	28	11	50	68	120	124	11	140	54	43	34	63	63	33	43	37	32	91	93	99	81	85	130	51	89	51	95	67	28	32	62	66	63	77	85	52	40	9	47	87	80	56	25	60	40	124	146	69	25	26	38	23	52	93	42	10	105	55	48	13	52	24	48	36	53	39	48	66	46	31	39	57	69	45	40	31	72	75	27	31	55	26	98	34	69	53	6	22	79	110	185	99	80	39	206	91	50	53	70	16	66	127	18	44	49	151	10	37	27	43	99	79	56	51	42	2	37	45	49	28	82	37	83	68	126	142	80	67	113	94	50	63	71	43	53	67	14	27	90	96	107	61	64	124	43	54	32	29	41	31	53	15	20	119	68	81	78	33	74	71	85	126	45	45	37	2	41	112	98	108	40	17	63	58	58	72	12	41	107	115	29	51	13	8	177	96	86	120	4	52	14	18	56	25	63	115	80	19	32	72	108	62	81	7	81	38	67	54	45	40	117	27	32	126	81	8	112	142	114	71	70	122	102	55	77	6	67	33	13	19	30	102	24	40	54	196	90	74	18	65	87	14	105	64	36	30	75	41	42	47	119	100	39	72	76	22	26	122	44	39	74	40	44	58	94	66	93	74	117	79	112	39	80	50	47	57	30	24	11	97	66	98	84	44	44	96	21	39	89	104	122	72	114	13	58	56
NCOA1	16	47	210	73	22	23	35	45	94	392	119	99	395	65	130	28	35	202	71	23	36	42	56	18	51	59	71	260	31	91	61	80	103	42	139	26	121	44	141	243	105	153	30	40	11	27	41	83	40	37	7	79	26	7	37	26	228	56	33	26	78	220	43	52	43	40	40	26	31	268	32	47	65	31	181	70	64	23	290	154	114	33	87	134	57	167	37	40	102	215	328	317	180	285	188	296	92	216	319	132	49	57	21	48	137	204	39	396	259	175	56	22	53	20	7	3	28	8	33	37	59	250	334	45	96	64	48	74	84	262	182	3	65	48	224	157	229	126	149	154	94	131	24	50	147	26	50	182	29	151	42	47	45	358	36	40	39	75	111	42	55	59	61	70	67	128	125	82	182	39	83	51	38	56	29	84	54	55	62	32	283	328	72	24	38	11	4	120	64	366	229	185	143	205	150	126	87	30	232	276	12	180	58	159	98	18	46	62	34	51	54	57	61	118	56	42	70	40	29	155	56	1541	413	15	41	50	20	24	105	20	211	70	207	11	5	6	116	153	29	47	42	61	112	18	182	8	58	83	82	14	111	31	41	354	4	27	35	261	38	37	294	33	95	156	191	190	42	18	29	24	49	246	5	317	45	17	220	227	55	46	222	216	33	7	50	70	104	45	118	179	331	33	353	66	128	56	6	1	395	113	113	143	50	230	265	109	41	4	149	66	127	64	74	80	244	323	29	30	77	4	37	103	64	79	49	31	2	65	146	43	296	8	305	202	104	218	344	214	31	79	41	38	160	46	39	159	87	41	49	66	48	51	245	109	34	44	33	43	87	79	43	31	36	42	63	31	32	18	40	33	52	62	70	31	25	62	5	29	163	25	10	87	71	82	17	127	61	48	142	76	35	61	122	42	41	34	61	140	44	28	30	67	60	24	109	109	22	118	36	55	48	5	24	78	56	94	47	26	37	251	79	41	45	47	22	179	147	17	67	80	272	8	34	35	16	108	82	38	39	8	1	41	21	65	23	70	34	127	272	374	122	60	49	67	88	44	55	47	30	49	46	10	22	111	63	64	52	49	120	57	104	32	32	61	29	52	14	21	169	55	40	75	56	61	61	66	114	40	84	34	3	34	62	376	139	36	18	53	49	40	59	8	41	77	98	25	36	14	8	102	270	66	157	2	60	5	9	41	22	52	74	60	18	28	61	107	55	56	7	61	32	48	41	38	32	55	23	31	112	75	5	52	119	77	90	305	179	74	43	52	15	45	80	10	27	26	141	20	29	44	102	76	54	17	115	51	18	82	207	31	26	58	31	32	88	117	74	27	66	55	25	15	130	34	43	44	10	31	52	68	57	84	60	127	50	123	27	113	104	42	36	32	24	12	175	65	65	55	41	43	76	19	51	95	74	97	126	149	14	55	42
NCOA2	41	60	705	66	26	23	29	36	98	1265	76	149	1739	59	207	27	74	500	235	50	31	43	42	15	37	41	55	920	27	68	68	110	120	29	279	33	215	55	222	958	333	607	28	24	10	21	28	222	28	17	6	68	24	7	32	42	621	47	21	19	126	621	35	108	26	21	24	17	23	417	22	24	120	24	674	73	59	19	937	362	185	21	201	439	56	230	32	155	380	823	1300	1292	88	883	547	891	53	883	1055	332	59	79	11	19	469	549	17	1669	566	477	25	22	35	3	3	3	28	7	31	34	53	487	1143	32	229	131	41	90	251	1117	437	3	104	22	526	406	751	230	537	255	154	205	27	56	267	40	27	469	26	404	26	32	36	1200	32	36	45	79	247	145	167	53	66	180	57	172	190	47	513	22	88	44	22	33	21	107	57	33	42	26	993	649	63	27	30	19	3	170	71	1080	462	348	311	399	225	217	108	31	562	827	7	346	68	195	129	18	30	47	30	18	29	46	68	291	52	42	70	42	32	379	84	413	4215	14	27	41	33	22	273	18	793	43	427	6	8	8	200	213	23	25	35	109	278	15	500	4	36	324	186	13	279	23	28	1137	7	27	19	583	8	42	606	25	136	364	283	579	88	27	28	23	54	655	2	1021	36	16	520	790	37	64	342	557	20	15	55	70	177	85	349	439	1159	25	831	45	279	97	5	1	399	336	255	344	30	539	850	93	30	10	227	58	185	62	71	71	1180	1162	27	22	97	7	27	309	50	118	31	49	8	68	227	25	700	5	671	374	158	748	1040	876	23	246	78	23	468	42	35	434	136	22	29	42	26	34	617	254	35	34	31	30	108	53	58	42	87	31	50	24	52	22	39	31	39	33	123	33	23	112	5	21	338	62	10	186	137	151	26	296	153	59	231	97	54	62	265	39	53	34	96	336	31	26	31	60	56	20	300	211	28	188	32	64	28	3	29	52	59	88	41	13	24	687	86	48	49	36	37	403	157	15	169	159	452	7	32	80	43	148	79	29	34	5	5	30	24	86	22	82	23	223	636	1042	145	52	30	49	96	26	36	35	27	33	34	10	53	258	33	53	45	28	185	156	193	40	68	25	61	57	13	18	443	36	71	46	76	30	53	52	154	33	257	34	2	27	33	350	155	50	16	38	66	26	44	32	25	116	124	23	26	21	8	88	755	42	321	5	84	3	3	30	22	30	40	69	23	19	41	119	68	39	6	45	32	39	25	26	32	45	14	23	183	103	4	25	135	72	97	802	462	100	27	38	26	41	269	37	88	22	209	20	25	33	87	103	54	33	164	26	13	59	509	20	29	50	23	38	155	138	75	26	59	40	39	74	144	28	68	27	10	25	56	46	41	60	47	174	43	238	20	166	39	29	24	30	21	35	380	33	33	39	27	36	97	22	78	153	83	95	220	312	13	55	31
NCOA5	3	18	8	21	26	26	19	22	23	3	18	26	14	25	17	15	1	25	16	9	17	24	25	15	23	17	19	13	13	24	28	12	26	18	21	11	22	18	28	6	13	5	16	21	9	17	19	3	16	14	6	22	18	2	20	15	20	10	14	16	20	1	19	17	17	21	23	17	18	32	15	15	17	10	21	15	24	18	15	27	17	20	18	16	20	22	18	14	12	5	4	11	23	8	20	16	16	8	13	15	16	20	6	11	6	9	15	12	5	9	20	15	19	4	2	3	16	8	14	16	17	20	19	19	8	12	21	14	13	12	18	3	20	12	12	18	4	14	16	26	24	26	16	20	23	13	18	29	17	24	18	18	25	17	18	20	17	21	14	13	13	20	21	9	32	28	22	21	7	15	23	24	16	18	16	22	23	17	18	16	16	9	5	15	24	9	4	14	20	26	23	19	17	21	16	24	6	15	21	19	9	14	20	22	14	15	20	22	20	13	20	18	24	23	18	16	22	18	16	15	23	15	14	107	22	14	14	13	13	11	8	27	20	6	4	3	27	22	15	18	15	9	8	14	6	1	20	1	12	16	14	16	15	4	1	19	17	10	6	21	19	16	27	8	28	14	17	8	19	19	27	1	1	15	16	12	23	10	23	17	31	15	14	5	19	29	19	12	15	12	18	24	21	26	25	20	5	1	30	14	17	13	18	24	13	20	19	1	23	18	26	21	22	21	10	4	12	14	18	4	17	13	21	20	19	14	2	22	19	13	16	2	19	16	20	1	3	13	18	13	18	17	17	14	12	17	19	19	21	23	17	19	16	12	18	16	19	22	21	24	21	15	1	20	22	10	5	1	15	17	18	19	21	16	15	20	3	17	20	13	9	20	17	16	9	13	11	17	13	14	15	14	19	18	11	20	19	21	14	36	22	21	17	16	6	19	15	21	17	24	16	2	12	21	26	27	2	10	19	30	18	19	16	16	14	24	21	15	5	8	17	7	16	17	4	25	13	16	22	4	1	21	17	16	19	24	16	24	15	19	24	19	18	22	23	17	17	18	15	16	24	7	10	26	17	25	17	18	20	13	6	16	15	16	16	28	18	14	23	20	17	20	15	17	17	20	22	20	4	17	2	14	21	19	20	18	14	12	17	19	23	2	16	22	21	15	17	10	7	23	22	18	25	2	21	6	3	16	15	16	19	18	16	13	19	21	24	21	6	17	15	19	14	20	15	25	11	15	22	26	3	14	23	20	21	11	23	22	18	19	3	19	14	4	5	15	23	14	17	18	12	22	23	15	17	20	13	23	17	14	20	21	17	14	15	22	24	16	19	28	9	3	20	19	14	17	5	16	24	22	19	22	22	19	19	23	18	17	15	15	16	18	15	2	28	18	21	21	20	21	20	12	14	19	20	24	23	24	13	20	15
NFAT5	9	24	10	178	46	23	150	173	123	11	115	166	54	236	88	65	10	116	51	14	131	91	229	21	135	161	180	24	60	261	245	143	140	134	92	42	105	61	183	14	28	15	71	129	10	106	127	21	261	115	8	178	55	31	177	25	110	132	59	108	93	2	117	71	146	112	168	113	76	197	150	146	146	45	126	57	174	74	15	260	49	178	77	90	155	155	100	15	23	12	13	23	179	16	81	68	98	9	27	52	21	85	42	123	8	13	65	24	37	14	130	42	232	57	24	3	84	9	44	50	115	124	105	223	8	20	131	120	21	13	39	3	106	122	24	67	15	32	44	148	260	288	43	114	203	27	182	175	63	141	169	203	176	58	200	79	49	132	30	22	21	115	112	14	174	127	113	270	11	66	152	204	82	176	52	247	88	111	114	156	74	27	56	62	158	9	4	266	184	98	122	60	40	87	102	301	246	96	84	74	10	41	141	281	91	27	152	180	120	40	219	268	192	94	266	95	113	150	51	48	58	41	27	22	1005	86	17	67	25	40	13	354	105	39	28	20	293	115	24	208	103	41	13	22	11	34	181	3	14	7	98	62	119	11	8	115	53	56	130	78	71	73	193	67	161	34	39	24	60	103	119	2	6	40	70	15	131	18	137	65	151	25	87	8	62	227	46	17	30	75	62	161	220	274	191	229	5	3	53	21	42	27	108	127	80	162	87	2	95	118	112	75	104	90	17	13	65	70	106	16	95	56	204	80	234	6	14	107	46	130	71	25	147	83	76	2	17	26	137	36	107	70	101	203	176	127	119	79	153	102	111	94	83	16	37	107	211	184	107	173	93	42	1	110	208	114	75	17	142	108	102	241	123	46	40	99	44	87	120	26	10	145	125	38	25	35	17	158	24	84	83	111	206	128	32	92	93	111	68	45	21	60	125	65	6	43	43	132	83	215	129	13	15	123	260	117	171	226	108	197	102	212	129	173	19	51	208	27	18	33	86	10	74	34	6	168	66	180	168	26	1	118	43	91	63	179	52	105	38	95	170	125	145	170	313	110	155	118	77	135	228	15	43	157	185	205	147	143	110	48	34	67	30	114	31	105	17	55	186	147	77	93	34	133	80	166	109	89	9	156	2	44	194	64	204	113	23	80	94	149	188	3	101	198	158	64	129	11	8	174	94	140	151	3	40	40	16	99	59	200	220	146	33	59	175	140	211	199	11	233	65	98	65	112	41	244	60	57	227	130	8	119	169	234	165	22	112	68	161	85	4	113	25	6	7	53	95	46	94	152	262	139	277	17	91	231	19	199	63	56	57	158	75	42	65	149	192	58	174	323	65	7	203	231	58	195	69	80	85	167	145	135	104	148	152	210	82	118	143	132	86	56	32	5	78	144	204	184	211	224	211	18	52	55	67	209	99	185	16	141	70
NFATC3	3	23	20	112	24	21	52	105	112	31	125	173	55	138	76	35	28	102	35	15	65	64	117	18	82	98	211	35	35	138	91	73	82	76	94	25	130	58	105	30	27	28	48	60	9	43	71	49	72	130	11	110	39	11	59	21	52	144	40	45	93	16	87	68	78	89	75	82	51	154	53	83	83	87	88	55	94	38	32	155	30	53	56	77	83	100	50	16	31	23	25	34	141	24	97	56	54	17	31	42	55	67	67	135	8	25	108	45	38	20	159	20	106	95	25	2	38	9	46	36	113	137	98	87	9	21	92	100	26	23	47	3	73	102	34	93	17	38	43	107	144	122	32	59	80	22	179	154	37	133	64	92	73	48	53	74	31	94	38	15	25	101	161	15	142	136	100	147	17	46	126	73	65	76	35	133	81	97	142	75	65	38	97	26	61	12	4	164	96	73	61	69	41	98	84	90	143	24	103	69	9	44	41	151	64	16	77	105	45	22	115	117	121	93	126	73	82	73	46	34	58	50	41	14	86	859	13	48	17	26	27	140	94	28	25	21	101	143	21	95	52	61	16	15	17	18	95	6	18	7	58	57	64	25	10	41	87	49	102	53	76	42	149	113	171	33	40	26	30	33	63	17	3	47	50	12	123	21	83	50	165	25	46	10	56	94	43	16	41	70	61	57	128	114	153	74	5	3	93	21	36	25	92	114	56	159	123	9	89	97	77	86	70	183	30	24	43	54	86	14	57	42	134	54	80	17	6	51	69	100	103	8	110	53	48	14	30	38	41	41	37	46	67	117	118	70	137	112	79	100	70	124	50	13	37	71	78	75	91	95	43	42	5	65	115	50	53	20	55	36	124	139	64	34	22	48	16	60	96	24	12	106	63	41	12	42	16	67	26	65	51	63	69	60	30	48	42	65	51	35	24	65	92	24	8	56	31	98	43	86	89	8	15	72	116	140	91	84	50	164	78	60	60	97	16	71	128	20	21	31	120	11	50	22	8	121	192	70	54	22	1	55	29	55	28	104	32	100	52	107	135	94	84	112	117	60	66	95	50	68	87	18	19	79	245	120	84	86	113	35	40	35	20	70	25	77	16	28	139	88	67	164	35	222	64	98	148	61	15	53	3	44	232	97	127	49	18	205	44	68	102	6	50	99	114	32	73	11	7	167	47	101	141	3	48	11	27	70	28	82	252	81	17	49	93	111	71	91	8	87	39	79	57	71	51	121	45	37	157	85	6	241	147	130	81	39	126	58	86	94	6	73	23	6	15	33	81	30	49	69	275	91	74	12	48	91	17	100	59	50	36	97	38	27	46	125	111	32	101	92	26	8	135	55	40	74	11	53	69	134	86	183	210	140	77	151	35	68	82	63	60	37	24	5	58	77	235	100	59	55	102	13	63	50	56	126	88	137	13	68	77
NFE2	3	12	19	18	9	14	16	17	15	24	18	34	49	19	24	15	4	28	39	10	16	15	15	15	18	15	18	30	14	22	19	6	12	15	21	11	33	15	19	21	18	15	16	15	9	14	15	7	15	15	7	14	15	5	14	15	21	19	15	13	24	9	16	16	17	16	16	9	15	26	15	15	20	7	33	17	18	14	34	30	22	15	17	21	17	22	15	29	78	35	33	45	18	22	37	36	16	27	28	22	6	14	3	7	10	7	13	46	14	17	16	15	16	4	3	3	15	7	10	17	20	23	45	16	14	17	18	17	24	34	26	3	20	12	19	34	20	21	39	20	21	21	16	18	17	14	16	33	16	35	15	16	16	24	16	18	15	18	29	21	31	16	21	14	20	28	26	17	10	15	20	17	15	15	16	21	20	13	13	15	32	24	4	15	16	62	4	24	21	45	22	11	23	32	21	24	18	16	39	25	9	24	16	24	18	15	15	21	16	14	19	17	20	26	17	16	18	17	15	26	15	20	33	14	17	13	367	56	30	12	32	17	27	4	4	4	17	12	15	15	16	10	18	15	14	1	19	4	13	6	23	16	17	24	2	15	13	17	3	16	30	15	25	20	35	26	20	10	15	14	18	11	7	42	17	12	26	23	18	20	22	27	15	5	17	18	19	11	31	26	46	14	33	19	40	16	5	1	27	25	26	17	16	29	38	23	16	5	19	17	18	15	17	15	43	30	12	14	17	4	17	19	21	16	16	4	2	15	19	13	24	1	32	14	17	7	16	35	15	17	23	15	35	13	11	34	22	15	15	17	16	15	31	16	14	15	15	16	17	15	16	17	4	16	21	6	13	2	15	17	19	16	19	15	15	21	2	15	24	17	9	25	21	17	10	14	13	18	21	18	17	15	21	17	11	16	17	26	14	11	15	12	21	14	9	24	14	29	15	19	16	2	13	14	19	20	9	3	15	35	21	15	19	17	16	28	21	15	9	17	38	7	18	19	6	25	12	15	17	1	1	15	14	21	15	17	15	22	34	47	19	17	17	20	18	16	16	15	15	17	16	7	15	21	17	16	16	18	25	18	14	15	15	15	15	17	14	15	35	16	20	16	14	15	15	18	28	14	7	15	2	10	19	28	20	16	15	12	16	15	19	3	15	20	19	15	17	10	7	20	25	20	30	2	16	1	5	14	15	15	19	18	16	13	17	21	19	17	6	16	15	14	14	17	14	18	12	17	30	19	2	14	22	24	18	23	36	17	16	16	4	18	36	5	6	15	24	10	15	17	10	23	18	15	21	18	13	17	25	13	16	19	15	12	20	22	18	16	18	16	12	5	24	15	16	16	5	16	18	19	19	19	19	20	16	30	15	17	16	16	14	15	12	4	24	16	18	19	16	15	23	13	20	19	19	19	21	31	13	15	14
NFE2L1	3	13	9	65	21	17	45	60	63	8	40	74	32	69	45	27	12	48	36	9	53	35	60	18	62	55	62	22	41	79	64	37	41	64	44	22	59	35	55	9	17	9	40	45	11	42	52	19	59	53	7	66	32	9	41	16	34	68	38	40	44	3	41	31	62	38	44	29	26	71	56	59	42	26	40	32	55	31	21	71	26	57	32	30	49	55	42	16	47	10	8	16	58	11	43	28	40	11	18	33	9	39	19	43	6	5	40	20	21	13	58	23	66	23	10	3	32	8	23	28	49	56	41	62	8	22	53	69	16	13	24	3	40	49	17	45	12	36	28	51	72	64	30	41	50	19	65	63	37	57	65	59	58	23	49	40	24	65	28	17	26	50	52	12	65	65	45	100	10	31	60	48	74	56	39	74	40	41	58	59	31	21	17	23	36	36	4	97	54	39	42	30	21	49	44	62	82	24	48	29	8	28	42	86	41	19	50	76	40	20	82	72	66	33	78	40	51	49	33	23	37	24	22	13	67	48	56	485	19	27	11	89	49	12	13	10	74	56	21	67	49	15	16	16	10	15	71	5	14	6	41	38	43	11	4	33	38	23	51	34	39	41	66	38	81	25	27	15	25	39	45	3	5	30	44	13	60	14	61	29	53	16	41	6	27	54	27	13	26	40	38	46	62	64	67	64	5	3	27	15	22	20	69	47	34	80	49	5	43	62	45	44	42	51	17	13	25	40	41	9	32	23	72	37	67	7	2	40	36	38	28	6	58	32	30	2	10	20	50	21	34	38	47	57	55	58	61	46	51	56	48	75	40	17	28	44	62	63	50	57	32	30	3	51	61	43	30	4	48	33	51	64	34	24	22	45	11	29	53	22	9	46	49	24	13	22	14	52	19	78	36	53	45	42	18	33	44	49	37	20	18	24	48	30	7	30	28	53	30	58	84	3	11	42	69	70	58	47	44	72	42	49	44	65	14	26	71	21	16	23	50	14	43	18	6	66	45	45	43	7	1	39	29	48	28	64	33	47	33	44	76	63	91	77	76	47	61	59	49	52	58	20	18	46	72	65	48	65	62	31	22	37	20	57	19	45	14	28	67	56	35	47	23	54	33	59	93	43	6	48	2	26	67	34	76	42	19	41	36	58	57	3	41	53	59	34	57	11	8	71	32	62	69	2	29	7	16	73	28	65	73	47	20	63	73	51	58	73	8	65	31	68	34	45	30	53	34	36	78	50	1	56	76	85	46	15	54	41	52	74	5	39	21	5	7	29	49	20	31	49	77	59	61	14	46	73	16	70	29	51	31	61	46	15	36	58	64	31	54	67	22	5	62	56	36	67	14	44	39	72	59	63	49	57	51	66	28	41	56	77	74	29	19	4	35	69	75	70	47	43	69	13	31	24	42	57	44	67	14	55	42
NFIA	17	19	169	44	26	19	21	38	43	285	49	104	432	48	82	17	26	146	80	20	24	26	38	12	24	50	47	236	29	54	41	40	44	26	96	23	104	24	78	240	98	159	18	19	9	16	22	60	26	20	6	49	16	58	21	16	133	40	16	20	52	121	33	50	23	30	23	30	21	132	31	28	76	24	199	28	26	17	168	140	82	18	69	146	34	69	21	41	186	218	349	317	62	163	163	208	25	194	225	87	21	32	15	33	100	99	19	381	125	120	30	15	52	12	8	3	16	6	22	19	29	174	308	25	70	96	31	67	114	251	119	3	52	37	131	165	222	103	144	71	101	76	15	26	78	27	27	166	19	128	31	43	24	233	21	28	21	48	79	35	69	40	51	57	66	103	72	50	118	17	48	45	18	26	15	58	29	31	28	23	299	237	39	19	22	19	4	118	61	249	105	79	71	114	91	100	70	22	153	188	8	100	27	91	98	13	29	27	24	17	28	41	47	100	62	21	58	24	19	109	37	105	273	13	25	17	30	19	3083	60	201	45	108	15	16	14	55	88	17	26	26	26	90	14	126	5	35	94	58	8	155	14	23	263	11	23	12	232	20	23	178	17	72	127	137	173	53	22	22	18	22	179	47	264	22	17	177	180	23	30	124	124	15	18	31	52	40	27	135	173	293	33	312	49	162	31	5	2	135	79	76	100	33	144	288	75	21	29	63	36	63	36	36	29	282	309	24	17	34	9	31	106	61	56	38	19	30	34	68	33	196	2	235	106	44	137	223	234	21	100	36	16	256	38	39	123	57	31	24	34	21	26	173	69	23	20	34	24	36	34	30	27	19	26	36	31	44	16	32	21	34	45	78	20	17	58	10	28	92	29	8	88	67	55	25	125	78	51	63	51	34	47	89	21	26	20	68	151	19	22	21	22	27	20	64	58	19	70	19	34	21	1	24	27	45	87	45	29	16	227	49	24	33	24	19	113	73	13	51	70	163	6	21	41	21	78	36	22	32	8	4	25	17	50	17	37	19	82	223	276	61	29	33	36	43	25	32	23	17	25	26	7	49	90	38	47	32	30	58	83	90	24	31	20	31	29	14	20	164	37	35	28	32	32	28	43	101	21	68	23	2	16	43	124	69	30	14	20	41	23	31	16	22	85	54	18	22	14	7	69	164	31	98	5	34	4	4	34	14	29	46	37	15	17	35	65	30	29	5	27	20	35	20	18	28	47	15	16	95	37	2	43	74	52	47	177	155	28	21	37	15	43	100	21	37	15	85	15	23	24	102	60	42	21	61	26	14	35	157	18	18	39	17	30	78	73	43	17	36	36	25	31	76	23	32	33	13	21	24	31	26	50	32	96	26	99	25	57	30	19	27	17	15	24	99	24	39	35	23	32	45	19	63	54	30	64	66	99	11	32	22
NFIB	3	10	9	35	15	15	24	34	37	12	15	24	19	36	25	18	1	25	14	8	28	19	31	13	39	35	30	20	24	46	35	20	29	29	22	16	29	21	36	8	12	6	24	26	8	27	37	6	35	32	6	38	19	3	22	13	25	25	20	24	26	3	23	13	32	17	22	11	18	41	31	29	24	8	21	18	26	19	14	37	16	27	21	17	25	31	25	10	13	10	14	19	33	9	20	22	27	10	19	19	5	22	7	16	8	7	12	17	11	11	29	15	36	6	4	3	22	8	12	20	20	26	32	44	8	22	30	34	13	13	20	3	18	22	12	20	4	16	15	23	31	29	17	29	24	11	39	38	20	22	39	36	35	22	27	25	18	36	17	12	12	17	25	11	22	27	27	50	9	19	31	24	30	36	24	32	26	14	24	43	19	16	6	14	19	8	4	53	23	23	22	18	16	27	24	31	48	14	22	22	6	21	23	56	27	11	31	31	25	12	47	40	35	20	32	24	25	27	19	20	16	20	18	11	40	26	12	27	60	257	11	48	27	4	4	4	32	27	14	38	32	17	13	11	9	2	39	2	10	6	19	20	22	7	4	18	20	17	10	24	30	25	33	14	37	20	17	7	16	23	26	6	4	22	16	10	24	14	38	15	37	14	23	5	15	27	16	9	16	26	25	25	42	31	26	29	3	2	18	11	14	20	23	22	24	33	25	2	28	33	28	22	27	33	18	15	13	21	22	4	20	16	34	19	38	4	2	22	14	12	18	1	37	21	19	5	12	15	30	12	20	19	22	35	32	28	31	11	32	31	31	31	24	12	15	27	40	35	24	31	18	20	4	24	32	8	15	6	29	19	21	30	21	18	13	26	5	17	32	11	8	21	25	17	13	17	12	32	14	28	24	28	32	25	13	19	32	25	22	16	13	17	23	17	9	16	18	33	17	32	42	1	9	29	31	35	20	17	30	36	19	27	24	41	14	21	40	16	25	19	25	7	21	13	4	28	18	26	27	3	1	21	15	22	19	28	20	22	21	29	60	34	33	31	37	24	29	28	28	32	30	10	9	23	35	33	28	43	33	17	15	26	15	40	12	26	12	18	36	27	13	25	14	30	20	32	30	25	7	26	1	15	35	20	62	29	14	20	22	30	39	3	21	28	31	22	36	10	7	35	20	29	37	2	16	4	4	26	17	47	39	21	14	18	47	23	27	38	8	40	18	30	24	28	17	22	22	19	36	31	1	21	72	46	38	15	30	18	37	23	3	22	13	4	6	18	29	18	18	29	38	29	37	11	35	39	12	47	21	17	19	33	24	13	25	29	35	19	28	38	10	4	37	29	21	34	10	22	23	38	29	27	25	25	36	37	23	26	39	31	27	21	11	3	20	37	36	29	30	21	32	13	17	12	22	31	27	33	11	36	26
NFIL3	30	33	490	35	17	10	11	21	76	930	67	138	1216	43	156	5	68	518	296	93	18	16	25	6	23	40	40	656	15	38	34	54	76	12	160	20	150	31	144	1132	448	857	12	7	4	5	9	190	10	13	5	57	7	34	19	29	435	62	9	14	79	385	27	85	9	16	11	21	8	295	9	14	89	44	513	51	40	9	462	270	114	8	126	303	27	127	12	109	345	570	833	904	62	533	438	541	25	609	649	229	39	37	17	32	270	287	16	1114	370	334	16	5	26	21	9	2	5	4	19	17	40	338	701	10	149	69	22	58	961	721	268	2	83	31	303	279	586	155	425	171	141	136	11	35	165	25	17	306	11	317	15	28	14	629	13	18	21	68	207	115	167	42	63	120	45	119	131	28	275	8	62	29	12	11	5	74	34	30	29	9	631	478	57	5	15	22	3	150	62	679	239	181	210	272	128	142	81	16	412	606	4	229	39	108	69	5	15	24	16	7	14	22	47	240	42	17	57	13	14	275	64	211	793	8	13	27	32	11	201	11	4773	26	256	9	11	14	131	180	15	14	9	95	180	5	306	3	16	259	128	6	168	10	15	679	7	9	15	384	28	21	388	8	107	296	187	428	56	23	9	6	24	385	36	721	15	18	329	508	21	39	250	331	5	16	30	48	107	49	249	250	801	13	598	32	255	64	3	2	269	259	193	306	30	384	674	44	9	23	164	35	132	40	52	50	793	819	23	8	59	6	27	173	51	90	13	30	33	40	130	38	473	6	426	207	79	370	550	666	7	180	278	8	361	33	28	304	102	29	11	21	13	17	407	162	20	16	16	10	66	36	44	26	106	13	31	16	72	32	23	14	34	52	70	10	6	66	11	20	260	86	7	151	85	96	25	182	84	41	183	37	30	34	181	16	17	10	50	182	16	16	16	41	33	10	219	141	17	131	14	38	11	3	23	42	48	64	45	28	5	451	78	24	35	21	19	274	98	5	146	112	319	4	13	73	43	96	58	13	20	8	6	15	7	65	5	44	9	142	445	735	93	31	17	26	67	15	18	14	7	14	9	6	44	195	26	35	26	13	132	101	128	15	47	10	47	26	5	8	349	22	44	41	56	20	39	22	98	14	198	16	1	17	28	222	112	30	5	25	54	8	25	37	11	71	87	6	9	20	4	68	411	30	233	3	54	2	6	18	5	15	28	28	11	10	18	76	41	23	4	21	23	29	16	15	12	47	7	8	130	68	1	30	91	46	60	462	372	53	15	29	24	29	282	45	87	5	191	12	12	13	71	56	38	25	91	11	7	34	305	16	8	32	6	17	84	87	42	5	31	30	12	73	94	12	38	12	10	10	42	26	23	47	28	116	25	181	6	118	13	12	15	13	7	37	253	14	26	16	12	25	63	11	38	113	48	66	160	248	5	23	29
NFKB2	18	36	11	324	101	37	154	308	267	36	297	438	104	466	200	72	38	218	61	19	178	166	405	24	210	381	354	53	101	469	341	316	233	215	231	57	262	100	309	30	44	39	88	153	12	115	192	79	322	186	16	377	64	57	214	29	143	353	99	172	172	10	250	201	204	250	250	255	116	388	242	243	283	169	258	114	288	96	27	531	82	209	153	224	266	251	128	17	35	38	32	55	355	37	206	131	134	21	63	71	50	167	105	327	14	40	196	65	98	20	239	43	405	154	55	3	90	9	96	89	251	346	213	300	11	51	245	274	29	20	72	3	181	347	65	183	49	72	87	254	551	545	51	152	326	47	285	395	97	334	283	386	249	104	224	141	56	227	40	22	23	303	322	28	451	361	254	555	24	119	299	390	148	244	70	430	176	288	277	218	153	77	159	69	251	13	4	578	399	212	189	144	50	198	231	473	494	101	203	100	10	92	162	601	224	26	262	312	116	55	379	440	366	203	568	150	259	205	95	78	119	70	43	27	354	140	17	89	45	48	26	2579	185	111	82	71	375	324	33	325	136	133	28	24	25	67	316	14	19	9	270	118	190	39	29	130	133	138	343	102	183	92	436	247	429	49	93	57	69	113	167	6	17	66	115	18	322	33	230	133	364	31	108	15	109	417	61	21	56	185	119	264	395	546	486	257	6	3	128	32	58	49	259	240	178	414	135	8	175	228	191	149	143	169	36	29	163	106	176	46	211	151	455	127	334	23	51	137	108	312	220	63	337	163	108	8	38	41	150	69	110	103	236	371	347	212	254	234	205	202	178	203	126	22	70	172	349	285	190	292	140	84	2	152	370	304	167	48	207	114	254	574	223	56	47	172	91	154	224	39	14	296	186	91	38	73	24	268	31	165	120	177	249	166	68	118	164	265	106	78	28	175	198	79	7	91	54	233	100	314	204	25	28	225	489	395	372	497	137	518	166	235	177	307	20	118	371	36	45	86	233	12	103	40	12	344	185	249	276	89	1	153	49	122	83	286	80	210	87	254	330	218	297	317	484	167	252	200	114	195	289	22	78	221	380	406	238	246	246	97	101	87	35	157	38	179	18	60	378	250	143	185	55	263	186	301	351	148	29	174	3	106	430	157	369	155	25	159	127	223	331	5	142	409	302	69	195	13	8	485	161	268	353	3	98	60	60	222	61	336	434	262	39	112	290	312	276	303	11	350	92	221	127	182	97	495	80	75	460	213	22	301	372	426	258	58	279	96	247	228	18	222	29	9	21	60	187	52	151	228	662	274	367	18	140	400	20	347	125	128	71	295	99	101	125	304	314	68	310	456	84	15	386	245	79	322	123	106	119	323	247	278	205	365	250	410	139	195	209	203	168	63	46	8	110	219	403	326	259	317	341	26	109	132	106	392	177	357	18	205	161
NFKBIZ	16	50	175	210	52	24	84	140	149	376	129	233	464	178	196	68	37	353	140	43	101	121	149	26	104	121	180	289	49	193	148	122	127	81	270	44	333	82	218	303	175	225	58	78	11	61	85	92	97	78	9	155	51	11	95	37	248	129	54	63	178	261	105	127	79	63	78	57	70	293	75	94	116	82	358	76	153	48	372	361	115	81	152	249	183	211	78	66	168	281	336	377	182	264	360	421	90	264	363	151	85	115	37	110	106	199	96	432	253	151	104	39	136	59	22	3	64	10	62	61	153	297	463	106	100	101	101	149	119	297	281	3	171	99	214	220	210	153	222	216	201	242	49	102	235	36	126	387	62	354	99	122	102	388	91	123	60	132	143	68	83	129	171	122	162	322	307	155	229	52	252	109	65	104	49	269	143	109	130	93	371	279	73	54	108	14	4	170	162	451	241	198	170	280	204	233	156	67	489	360	10	247	100	289	153	25	102	126	63	31	112	170	171	203	130	115	104	144	56	171	80	207	427	20	105	94	27	49	108	27	256	185	1699	17	15	18	197	222	30	106	75	81	126	25	170	17	102	71	68	9	181	64	88	299	8	60	70	247	71	76	320	61	215	233	349	197	70	26	69	59	94	219	8	347	68	17	378	260	111	140	279	251	54	10	115	133	127	38	197	246	388	79	414	150	268	120	5	1	245	110	144	177	104	480	350	155	79	8	187	105	185	93	117	131	308	307	63	65	157	8	76	161	177	113	123	40	4	140	167	114	357	24	369	212	149	195	308	271	72	113	92	58	249	118	115	296	206	106	97	107	79	109	285	91	44	91	108	104	174	116	80	65	52	90	226	55	60	25	100	71	140	136	154	58	42	94	14	68	239	47	11	245	169	105	20	151	63	113	98	114	74	109	181	134	56	104	94	220	57	44	32	85	177	40	90	230	40	206	93	156	91	11	26	104	136	188	84	54	78	411	121	98	139	127	29	346	225	27	64	112	279	10	61	63	14	286	121	109	82	13	3	81	41	87	48	157	40	291	324	534	198	107	115	136	181	81	85	131	71	98	120	16	40	185	144	131	109	93	186	99	122	64	47	84	41	123	18	41	436	92	120	119	67	108	100	131	253	85	71	91	2	56	154	247	213	86	26	105	94	79	147	13	70	164	157	52	93	16	8	147	284	129	399	2	88	21	24	90	45	106	157	120	31	50	136	179	134	120	9	110	56	101	60	96	52	133	43	54	314	157	10	114	189	174	141	320	418	110	111	99	13	126	148	18	23	54	179	45	75	103	171	156	126	20	133	117	16	134	217	51	73	146	58	38	128	195	152	54	122	129	55	21	224	92	59	84	15	57	101	156	119	150	121	228	110	373	46	145	104	95	72	51	33	7	219	109	141	111	101	91	173	20	86	125	105	165	175	411	17	101	99
NFYA	13	18	2	43	23	7	15	39	54	6	219	297	14	120	49	7	87	57	15	6	25	21	106	3	34	60	83	7	20	130	49	55	47	37	24	8	28	26	59	13	15	20	6	26	2	10	30	134	47	22	5	107	10	12	23	5	26	134	23	24	44	1	120	246	33	131	43	330	100	105	43	42	111	142	62	48	41	11	3	112	15	29	27	56	27	62	17	3	13	15	10	8	53	6	97	16	11	8	10	13	10	23	122	226	3	17	145	15	13	6	44	2	80	110	33	1	6	1	17	11	91	159	31	41	1	10	48	48	14	2	8	1	193	68	6	46	11	6	52	67	185	104	2	28	47	7	49	72	9	76	45	79	49	10	29	19	6	38	9	4	10	49	155	10	149	49	21	88	3	20	57	90	17	52	7	84	35	116	92	25	34	11	361	4	25	1	2	212	114	40	27	20	7	25	56	89	117	7	26	12	3	13	22	113	26	2	77	40	18	6	85	82	118	212	154	25	72	18	9	11	27	11	6	6	39	28	4	12	15	4	9	111	17	1799	613	623	57	67	4	59	13	93	4	2	7	20	65	10	7	1	109	11	32	6	251	91	69	65	117	11	37	5	85	110	207	10	42	29	9	12	24	2	3	14	15	2	76	4	50	18	67	2	13	39	86	254	6	2	21	49	24	46	57	94	382	29	1	1	20	8	16	2	44	30	40	116	16	5	37	32	54	25	32	28	6	9	201	9	16	392	260	58	109	35	72	6	10	13	21	177	45	13	64	24	7	1	10	12	9	29	12	9	121	206	228	49	97	181	48	40	23	82	20	10	16	18	48	70	20	61	15	6	1	32	40	59	129	55	22	29	109	148	56	10	11	30	31	40	29	23	3	71	22	13	4	13	2	38	3	24	17	22	36	14	14	8	26	60	21	14	8	25	23	13	2	6	3	75	7	29	21	8	12	31	85	119	141	160	19	122	45	34	18	40	6	11	53	2	13	18	159	1	13	5	5	36	40	32	69	79	1	19	2	12	12	60	10	28	7	29	77	38	40	59	64	27	43	28	8	43	40	1	32	22	70	61	44	35	36	39	27	4	8	14	7	19	5	6	38	44	46	32	6	53	33	46	69	36	39	22	1	19	93	22	62	13	2	43	23	32	49	5	28	101	57	5	23	1	1	137	21	41	40	4	22	15	20	29	2	51	86	40	7	6	23	47	21	29	2	58	13	36	16	29	11	155	9	5	70	24	3	72	88	71	40	5	29	10	31	38	13	48	4	5	21	2	22	4	19	27	213	37	51	3	13	59	4	45	13	24	6	61	7	40	22	42	69	3	47	56	14	8	63	28	5	59	49	7	13	42	45	67	44	69	36	35	17	29	24	26	24	4	11	7	32	22	74	66	35	44	72	5	32	28	13	83	32	39	2	28	23
NFYB	6	17	2	45	17	6	15	47	51	7	189	315	18	112	46	7	84	64	12	6	24	24	88	4	38	39	68	11	20	111	37	37	37	33	25	5	32	23	60	15	16	25	8	19	2	7	27	136	36	21	4	94	10	9	17	6	17	128	18	20	38	1	92	244	32	104	29	263	82	100	29	40	96	142	59	53	28	4	3	120	15	22	23	59	30	46	19	3	12	18	14	11	58	3	99	16	9	10	10	10	9	23	112	220	2	18	149	19	13	9	38	2	54	102	31	1	8	3	19	7	82	143	33	43	2	8	42	56	15	3	10	1	185	74	5	46	9	8	53	52	141	70	4	26	27	9	38	86	11	76	34	57	39	4	18	20	6	32	8	5	7	55	158	7	146	44	21	75	6	19	60	57	16	39	8	77	44	110	91	23	31	11	360	5	16	2	2	201	89	22	18	18	7	23	54	63	116	6	23	14	3	10	16	106	27	2	61	48	9	5	73	76	105	211	108	24	78	15	6	12	34	5	8	4	28	25	4	13	16	4	11	82	15	613	1677	697	39	60	4	46	11	83	4	2	7	22	65	8	7	2	104	11	26	7	227	78	59	78	121	15	32	4	79	108	176	10	56	26	7	11	28	4	4	16	15	3	76	4	46	17	59	2	13	38	87	213	7	2	18	53	22	33	58	61	383	19	2	1	16	8	14	3	29	34	33	110	24	4	41	39	53	29	31	33	7	10	190	8	19	372	234	52	88	37	64	8	5	17	17	186	40	12	64	20	11	1	13	12	7	24	8	9	112	194	222	44	92	178	40	35	16	83	20	11	11	16	37	60	25	56	11	9	1	31	40	58	131	59	13	23	115	107	40	11	12	29	28	29	30	33	3	74	27	10	6	9	2	29	3	27	21	18	27	14	11	16	21	65	19	16	11	27	25	12	3	8	4	61	8	24	23	3	10	23	52	110	131	114	20	136	37	23	19	40	6	10	48	2	13	14	149	1	12	4	7	41	47	28	44	61	1	16	4	15	13	57	7	27	7	28	67	38	33	55	49	26	39	23	9	34	31	2	25	16	63	42	36	41	31	43	26	5	10	17	7	17	4	3	36	41	55	26	8	49	32	43	66	30	29	16	1	15	80	18	47	9	2	36	25	34	38	4	22	103	56	6	29	2	2	139	12	50	45	3	18	10	14	19	2	39	74	28	6	9	26	43	19	24	3	55	16	29	16	25	13	106	10	7	67	28	1	72	86	65	32	6	29	10	31	29	6	42	6	6	20	2	21	5	21	22	203	34	40	3	15	49	4	43	17	19	10	57	9	33	17	42	58	6	37	40	15	8	57	22	4	49	32	10	16	48	37	56	40	66	35	38	10	30	25	26	22	5	10	7	41	26	67	60	26	30	56	6	26	24	12	77	30	39	3	26	26
NFYC	6	16	3	42	17	7	10	40	44	7	194	310	19	111	47	7	86	66	10	6	19	22	83	3	35	44	62	11	14	107	33	34	35	31	22	4	31	21	58	15	14	26	5	17	2	5	23	137	33	17	5	94	9	6	16	5	16	134	18	16	39	2	80	245	30	101	32	257	82	95	27	39	87	145	64	46	19	3	4	116	9	17	22	59	23	44	18	3	12	18	15	13	54	4	112	18	9	9	8	8	9	18	111	213	3	16	151	21	9	7	36	2	48	102	35	1	8	3	17	8	88	132	34	33	2	6	43	49	14	4	13	1	209	71	6	44	11	7	62	54	143	63	4	24	26	8	30	84	7	88	31	51	40	4	15	21	6	24	7	5	6	51	157	8	143	39	25	69	5	16	55	56	14	35	8	73	45	108	92	21	33	13	338	4	17	2	3	197	86	25	17	21	5	19	49	56	105	6	27	19	3	11	14	96	23	2	56	35	8	5	73	76	110	215	107	24	71	18	5	11	33	6	8	3	20	21	4	10	14	4	14	71	18	623	697	1653	35	58	4	48	8	79	3	2	8	24	64	8	6	2	93	11	23	8	229	79	60	66	122	13	30	3	82	107	179	8	44	23	8	7	24	3	4	14	14	2	77	5	46	15	58	2	10	40	88	203	9	2	18	50	22	31	56	60	371	16	2	1	14	9	15	2	27	36	31	99	19	3	36	39	46	29	28	27	8	9	186	10	19	383	221	51	81	37	59	7	5	14	16	177	39	10	55	19	8	2	14	13	5	26	7	8	107	192	219	45	94	192	32	30	14	83	19	9	15	13	33	54	26	55	11	9	1	26	37	53	140	71	12	21	115	105	44	13	10	24	26	33	27	33	2	73	24	10	4	10	3	25	4	22	16	18	26	16	10	14	17	57	19	16	8	25	26	8	3	7	4	64	9	21	20	1	12	19	43	105	127	108	16	129	33	21	21	34	6	12	48	2	10	17	149	2	9	5	9	36	40	25	49	67	1	16	4	8	10	52	10	27	8	26	59	32	28	52	44	19	33	20	8	31	26	2	25	15	62	39	35	37	36	44	25	2	12	13	6	18	5	2	36	38	56	23	8	47	31	39	62	31	32	13	1	11	76	22	46	8	2	31	22	25	37	5	19	94	49	4	25	2	2	126	13	42	43	3	19	5	17	19	2	37	68	26	6	8	23	42	13	24	3	50	9	29	15	22	11	105	9	5	71	28	1	60	83	63	33	6	27	11	25	32	7	43	6	6	20	2	20	5	16	22	199	33	32	3	12	42	2	33	14	20	9	55	9	34	14	37	56	5	36	33	14	8	50	16	3	46	30	8	16	47	34	42	35	57	31	31	9	26	21	23	20	5	12	7	36	21	65	50	23	27	55	6	17	23	14	61	26	38	2	23	21
NKX3	20	56	140	213	51	28	186	185	188	195	176	239	256	260	129	71	51	221	75	20	131	144	243	25	151	173	182	155	68	284	317	185	206	138	156	55	160	82	252	134	61	87	81	117	11	108	134	106	261	113	10	225	70	29	193	32	309	180	72	102	154	96	153	118	148	157	187	151	82	309	146	147	160	79	242	85	235	84	133	356	61	165	122	152	171	205	109	44	59	165	209	219	224	217	186	182	114	151	207	157	41	109	66	157	123	144	104	212	162	135	146	43	223	67	28	3	92	10	53	59	143	275	295	200	126	24	137	145	59	177	159	3	157	141	112	141	128	52	119	217	314	430	55	138	337	37	173	273	67	235	175	203	173	257	231	98	69	161	70	57	44	140	183	45	220	188	163	267	68	74	223	236	91	184	57	302	134	137	156	140	211	108	112	76	183	11	6	292	180	268	250	144	120	178	146	346	250	137	191	231	12	92	168	318	107	27	167	200	145	45	224	283	217	168	290	118	153	157	60	121	99	116	200	27	293	101	17	74	55	32	131	375	197	57	39	35	1689	191	25	193	102	74	46	23	63	33	189	83	43	12	123	80	110	147	10	129	80	142	158	103	210	80	247	131	235	126	58	27	77	101	141	75	9	159	85	17	220	137	153	78	261	183	84	7	87	272	79	31	64	121	204	147	322	303	267	298	5	5	142	103	86	95	125	267	177	223	102	5	186	147	194	110	147	119	160	161	79	73	172	22	107	104	209	109	241	20	23	155	114	148	232	35	280	163	124	140	170	162	141	58	148	77	152	199	198	205	177	114	152	135	116	125	167	42	54	115	186	190	155	182	129	39	13	119	252	129	78	26	191	134	154	281	158	51	44	144	47	88	213	33	12	231	162	84	26	98	42	153	71	102	83	125	270	155	38	120	100	168	70	61	34	99	175	74	85	102	47	202	105	270	134	21	19	159	312	163	184	242	108	395	114	222	148	167	18	138	256	27	40	51	174	10	79	49	14	228	101	176	183	43	1	126	46	113	74	225	59	178	125	261	265	140	158	190	407	112	156	147	85	144	277	19	40	289	189	246	153	160	167	68	51	67	41	129	34	118	17	53	288	146	113	110	60	153	91	177	166	110	47	170	2	53	211	150	259	123	23	99	110	149	186	9	110	210	189	64	130	12	8	249	328	161	253	2	85	44	27	122	59	185	221	161	38	73	190	170	278	196	10	216	74	118	76	107	55	286	64	62	287	188	10	142	232	296	216	207	218	113	152	104	10	126	41	8	16	55	172	45	88	150	272	160	304	17	169	237	19	209	141	70	68	188	83	47	84	187	226	62	179	333	62	11	252	211	73	174	52	84	122	199	167	147	134	188	157	278	82	197	159	135	99	67	38	4	184	163	200	195	246	235	234	18	61	87	100	237	173	310	19	138	98
NONO	32	65	138	250	143	53	43	247	235	266	350	580	310	385	236	23	106	337	72	30	82	116	332	8	227	407	335	183	73	383	158	246	261	153	320	41	379	67	329	226	118	190	51	70	4	32	126	175	102	137	30	308	49	58	87	25	184	420	68	181	152	143	212	255	127	160	102	187	81	439	169	172	278	244	318	107	179	46	157	522	135	66	180	295	203	265	57	23	78	201	271	263	294	176	326	263	63	150	217	107	102	189	170	473	77	146	345	304	256	105	200	6	385	245	84	2	36	8	159	70	282	573	436	135	86	87	206	250	97	146	151	2	164	447	172	285	188	145	183	289	521	320	47	190	225	22	199	520	41	476	231	369	160	220	60	130	53	199	90	56	51	347	468	87	581	471	287	390	132	82	210	236	101	100	32	347	166	319	326	111	343	243	186	11	141	10	4	501	430	366	192	242	90	306	269	245	335	17	379	228	5	156	57	557	316	4	176	202	51	28	257	290	318	241	404	95	259	108	67	134	136	153	213	22	115	143	12	56	88	27	180	324	222	67	60	58	191	3893	16	211	65	227	102	5	110	50	224	91	71	27	389	79	137	233	15	35	227	299	356	128	349	35	502	429	639	124	123	60	25	36	114	147	26	240	92	12	508	161	330	125	508	146	28	21	98	245	94	24	147	329	309	234	509	376	615	109	2	4	339	74	82	240	258	330	364	376	90	13	197	184	213	156	124	156	175	250	172	81	128	31	200	235	492	126	191	81	18	105	191	399	489	48	459	253	90	95	219	155	33	91	43	43	368	276	272	220	278	374	114	202	112	270	220	71	58	123	248	206	205	279	65	100	33	92	255	284	169	59	121	36	330	481	191	27	19	119	90	256	287	64	4	377	127	101	36	125	39	238	55	150	73	119	150	91	85	52	178	306	78	147	57	253	151	29	63	141	20	200	52	116	114	24	35	218	247	497	357	298	57	649	220	91	129	218	23	191	337	10	98	178	421	11	67	32	18	291	209	135	157	86	2	87	23	105	27	215	43	285	276	448	262	167	194	259	194	110	164	149	53	91	102	19	74	189	316	293	163	151	302	162	195	33	24	56	25	150	15	19	429	195	138	200	73	234	218	250	480	113	63	56	1	108	361	278	324	87	5	176	66	126	276	17	70	396	277	24	81	10	5	428	228	176	350	8	136	46	104	169	13	195	373	230	17	78	167	411	111	192	9	232	50	223	82	127	90	443	59	37	430	356	19	297	332	302	227	253	405	110	130	254	22	255	64	40	47	22	266	73	92	141	660	313	134	10	142	189	6	250	208	139	29	217	36	103	207	340	235	20	249	199	71	27	402	75	53	217	77	48	180	227	205	330	212	491	174	375	53	193	119	124	150	55	41	42	162	128	321	214	77	126	295	24	159	193	107	399	221	286	6	145	187
NPAS2	3	14	15	27	14	16	22	27	26	13	24	35	32	31	63	19	2	28	21	12	21	20	29	17	26	24	20	22	18	31	29	11	24	23	23	16	33	27	34	13	13	5	27	23	12	20	23	5	21	20	6	28	21	2	23	17	26	16	21	17	27	6	20	14	22	20	21	12	20	44	22	24	26	5	31	22	25	18	20	35	22	21	25	25	22	31	25	15	21	13	15	18	36	14	29	30	26	15	22	18	7	21	3	9	10	8	12	24	17	17	22	20	25	1	2	3	19	8	11	17	27	28	32	29	11	19	25	27	16	17	24	3	23	11	16	30	10	30	23	26	26	27	21	23	27	17	23	38	21	28	23	25	22	22	22	22	22	24	22	18	19	15	19	11	27	29	28	30	14	19	31	21	22	22	19	30	25	15	19	26	30	27	3	19	20	10	4	38	28	32	24	23	22	29	26	29	34	20	30	29	10	41	28	38	26	18	26	31	20	18	28	30	32	24	29	24	25	21	19	26	23	29	23	15	24	21	15	21	17	14	15	33	30	4	4	4	25	16	159	31	24	7	16	17	18	4	23	2	13	8	24	21	20	14	1	19	14	18	3	22	28	20	34	14	41	23	17	9	19	19	28	7	2	36	19	14	33	18	28	18	35	21	22	6	20	26	24	19	23	34	38	24	44	24	37	22	6	1	30	15	23	26	20	30	29	25	25	2	25	23	30	24	26	27	20	13	15	20	23	4	19	25	24	22	23	5	2	22	25	12	20	4	42	25	22	4	12	18	21	17	20	23	27	22	16	43	31	14	22	25	21	21	32	16	19	19	23	25	23	26	24	23	4	23	27	7	29	9	23	24	17	21	25	19	21	21	1	19	31	16	11	28	25	19	11	22	17	22	24	23	22	21	29	21	12	19	24	29	19	20	17	14	25	20	11	23	19	33	19	31	27	1	12	27	26	25	4	4	24	36	22	24	23	26	15	26	31	21	13	11	31	8	23	19	6	29	18	21	23	2	1	25	21	24	19	31	19	22	32	36	31	23	22	27	28	24	24	26	26	22	21	9	15	24	22	27	22	21	27	15	13	24	19	23	20	31	15	20	31	28	21	22	19	21	18	21	30	22	10	20	3	15	24	31	34	23	20	22	21	25	26	2	23	27	32	21	27	13	8	25	27	28	37	2	18	1	4	23	21	27	25	24	16	17	29	24	25	30	7	27	25	25	20	23	18	21	16	21	39	24	1	16	35	34	25	22	33	25	24	29	4	21	22	5	5	22	29	12	21	23	19	23	25	15	26	24	16	32	26	21	18	29	23	15	25	29	25	21	25	26	12	4	30	21	21	26	5	21	22	29	25	21	25	33	28	36	19	27	23	24	21	22	17	4	34	24	23	25	21	20	25	15	19	18	23	26	24	39	16	26	20
NR0B2	6	28	12	199	79	32	91	226	164	14	257	352	63	311	148	55	37	133	49	14	133	97	303	20	168	281	230	36	80	302	167	129	174	255	138	43	144	69	225	16	29	25	72	150	11	85	164	55	187	125	17	233	57	63	119	20	84	270	73	170	107	2	173	116	167	132	131	150	104	250	212	194	236	110	156	66	150	68	16	320	60	140	144	141	164	198	96	15	24	21	22	33	230	15	134	77	97	14	28	58	25	110	64	232	8	17	161	38	59	13	150	34	345	123	49	3	82	9	65	62	176	267	143	229	10	24	172	277	21	18	40	3	110	210	38	90	13	38	59	186	327	230	43	125	154	31	201	228	74	204	230	295	198	55	134	98	46	156	34	22	22	179	216	15	301	171	130	534	9	73	150	197	122	193	60	288	108	184	188	178	92	32	113	48	107	9	8	580	268	89	104	152	40	115	142	244	338	56	113	68	11	54	111	368	137	24	200	214	95	45	508	342	343	128	367	96	148	134	59	54	72	47	25	18	208	95	15	67	26	38	14	325	106	59	46	48	193	211	31	1563	108	80	21	22	13	49	225	6	16	7	145	93	150	10	13	80	113	73	206	88	104	71	289	204	258	43	55	28	55	80	126	1	7	48	82	16	188	17	179	94	198	24	91	18	65	203	47	17	31	116	73	223	235	285	387	147	5	3	68	22	43	26	174	121	111	230	91	1	103	217	117	144	98	99	22	22	91	75	99	26	127	89	327	89	251	10	10	97	71	169	112	26	192	181	69	2	25	24	97	35	80	78	142	280	264	137	204	152	190	128	128	148	86	16	43	118	292	221	124	214	64	52	1	110	237	167	154	34	130	71	166	324	144	56	36	94	72	112	148	45	12	174	118	55	28	45	19	218	25	112	86	126	153	114	50	75	106	138	72	63	21	104	114	58	6	47	48	149	71	157	159	10	19	161	214	217	249	241	113	292	125	164	129	230	19	56	227	29	24	43	156	12	80	31	7	177	93	191	162	51	1	132	44	95	50	197	79	131	48	139	191	153	198	212	216	131	301	140	99	154	147	20	44	108	223	274	179	178	151	57	54	57	30	118	38	137	18	58	220	294	88	119	39	164	112	198	187	112	10	119	2	62	245	86	216	135	22	104	83	172	263	3	107	254	215	72	136	12	8	240	75	171	187	6	59	34	44	168	46	222	257	181	32	82	212	201	144	237	10	262	66	160	81	144	73	262	113	65	264	143	9	153	213	283	173	27	150	66	200	172	6	159	21	5	16	54	123	47	113	176	400	169	180	18	86	229	18	257	143	91	54	208	71	51	77	185	234	55	208	242	64	16	229	159	57	403	63	112	83	196	195	186	125	224	190	224	79	129	167	153	129	61	43	8	71	158	235	215	142	161	283	15	68	81	72	266	115	176	15	175	107
NR1H2	8	19	15	110	36	22	71	102	67	15	58	81	43	101	58	46	10	77	39	12	82	58	99	21	95	92	93	34	44	117	87	54	69	80	61	27	76	50	95	11	18	9	53	80	11	61	80	15	95	78	7	77	47	12	70	23	58	61	46	76	57	7	52	34	83	37	68	37	49	93	95	92	63	18	66	31	78	48	22	127	44	76	38	41	89	92	71	15	20	19	20	29	89	18	64	63	64	15	28	45	15	55	11	44	8	11	41	27	22	18	77	33	119	28	8	3	58	10	32	36	75	76	77	115	11	22	78	65	14	20	38	3	55	67	25	39	17	35	35	87	109	99	39	79	91	19	103	102	56	89	105	115	88	46	81	60	37	82	31	17	23	64	59	18	85	79	70	133	15	38	84	86	71	86	47	115	57	52	58	102	53	20	14	41	63	10	6	111	93	58	67	47	37	62	61	103	94	48	65	63	11	41	64	144	56	22	74	102	66	32	115	119	100	39	95	62	55	85	42	32	34	42	35	15	103	52	16	49	26	32	9	136	75	13	11	8	102	65	24	108	511	28	21	22	15	8	89	8	15	6	42	52	80	23	3	58	40	29	40	55	65	53	98	45	100	43	27	18	42	60	72	9	4	54	55	14	84	23	88	48	90	24	61	5	45	86	29	16	33	76	76	91	118	102	87	87	5	3	45	19	34	29	65	74	64	79	57	3	59	67	66	46	64	55	24	21	32	52	64	7	43	31	115	46	111	4	3	64	38	42	48	13	88	61	55	8	19	21	75	28	52	62	52	79	70	71	83	39	95	70	70	59	79	35	30	66	110	91	67	95	55	38	1	66	105	47	38	10	81	50	53	80	66	42	33	60	17	53	70	24	10	81	73	37	18	31	19	91	21	59	54	71	81	71	27	58	102	69	45	32	19	41	66	38	8	39	40	80	53	81	86	4	14	73	95	79	75	57	79	102	68	87	74	105	16	45	116	23	15	30	60	12	56	29	6	83	38	96	74	8	1	69	30	57	35	94	39	74	42	70	89	69	102	94	111	66	89	75	64	92	91	14	22	68	95	94	81	85	72	32	22	52	26	76	24	77	16	40	111	85	35	54	24	75	52	91	72	52	7	67	2	27	101	51	92	68	25	46	58	85	109	2	68	87	75	51	80	12	8	75	47	75	93	3	33	14	10	83	40	108	100	78	24	47	104	74	90	97	9	104	47	68	44	75	29	83	43	52	119	87	4	62	95	123	87	27	76	52	104	63	8	73	23	4	6	42	49	30	57	92	101	83	89	16	60	101	18	105	48	50	47	88	51	28	50	84	111	46	88	107	34	4	100	91	38	106	17	52	59	90	94	80	64	81	91	118	46	58	90	91	60	40	22	2	48	86	100	97	83	81	113	16	35	38	48	100	62	98	16	81	51
NR2C2	25	7	45	86	38	14	16	78	74	104	310	422	167	126	113	11	105	184	52	19	44	38	102	4	34	139	135	105	30	145	61	98	74	45	129	11	153	24	87	107	62	95	22	29	3	16	43	167	47	60	24	96	8	28	28	10	71	233	39	51	60	82	71	99	54	94	46	138	53	200	45	77	138	333	228	135	118	31	76	234	127	34	103	196	100	95	19	23	69	72	100	123	126	65	252	115	23	73	105	31	30	82	376	634	34	29	375	147	101	61	85	5	129	206	72	1	16	3	81	28	153	332	229	58	21	28	123	108	59	83	55	1	115	196	74	157	153	97	103	110	324	129	6	32	95	15	73	231	33	301	65	119	53	72	28	53	9	100	57	15	30	154	511	36	295	148	111	153	59	33	76	109	34	37	14	118	55	204	270	35	150	102	215	9	49	7	2	307	156	142	64	74	27	125	172	114	168	9	154	113	3	59	22	230	151	5	67	84	17	26	109	109	167	166	219	37	89	42	34	45	65	61	109	9	41	61	10	15	26	17	95	133	81	93	83	79	74	227	7	80	28	2825	186	4	118	40	99	22	17	4	159	44	57	168	29	18	292	144	265	14	153	19	168	226	333	121	89	37	10	14	26	69	5	213	52	6	224	83	46	49	190	47	16	32	32	113	37	13	75	250	229	62	254	131	491	35	2	5	143	28	34	70	106	155	189	215	36	14	65	69	71	67	29	66	73	101	101	41	51	54	132	99	250	50	85	12	9	27	62	158	212	31	199	88	42	38	88	68	16	54	19	16	232	155	161	115	153	472	51	127	34	213	155	83	15	52	69	62	80	100	32	43	24	29	98	106	108	41	48	22	269	234	101	21	11	50	36	110	94	61	8	232	62	59	23	48	18	79	29	55	38	41	55	30	47	27	80	142	41	23	12	144	56	9	28	53	16	70	15	46	42	15	18	87	106	211	307	226	22	286	93	37	49	76	8	66	138	7	68	78	236	2	36	21	17	124	108	63	54	156	1	25	6	40	11	64	11	90	179	176	136	81	69	157	79	39	67	60	28	38	37	5	32	75	141	95	81	65	142	64	62	18	9	31	16	76	6	11	158	81	119	78	30	92	129	130	231	32	55	23	1	77	157	119	133	34	3	102	42	49	79	14	37	136	165	6	42	4	3	278	76	130	124	3	37	25	56	67	4	86	162	137	9	36	66	243	44	67	3	86	18	71	34	43	51	334	17	14	180	49	13	158	195	124	69	117	160	33	45	103	13	163	47	12	34	6	110	15	30	66	378	152	58	9	41	75	7	113	75	37	13	77	25	36	60	148	63	6	140	67	39	37	173	28	35	79	36	19	22	109	122	155	82	250	63	148	19	63	81	38	96	9	25	17	48	54	141	90	32	34	93	12	54	105	39	155	71	110	4	56	137
NR2F1	16	16	133	29	21	11	14	15	21	213	44	64	407	33	102	9	20	159	86	17	13	15	26	9	19	30	31	247	21	31	27	38	37	15	107	16	95	17	66	216	99	146	11	13	6	12	10	37	15	10	6	21	10	13	15	11	117	28	15	16	35	163	20	28	13	16	13	10	13	107	11	14	58	22	158	23	24	11	192	131	196	11	68	144	28	74	12	59	151	185	260	273	42	138	183	245	21	176	240	71	23	31	10	22	79	75	19	348	151	146	14	9	30	15	8	3	9	6	14	15	26	199	361	15	90	82	27	61	61	283	157	3	41	22	112	147	275	150	161	70	97	55	12	26	76	13	17	180	12	132	20	28	21	183	12	15	15	40	91	37	72	25	36	84	42	99	84	36	178	12	31	29	15	18	10	40	21	25	26	14	260	211	18	11	15	11	3	92	47	263	87	87	59	126	103	92	56	12	199	195	5	127	22	114	120	9	18	20	10	10	22	21	38	52	50	16	43	16	16	91	23	112	278	8	13	16	18	16	90	13	180	28	126	4	4	3	46	102	16	21	21	186	1517	8	269	4	21	53	47	5	135	11	11	283	4	8	14	197	17	16	221	12	56	129	131	214	31	17	10	8	21	181	9	508	17	9	189	206	16	25	98	160	13	8	17	35	49	25	145	325	433	19	330	28	105	24	4	1	151	72	70	163	27	146	396	44	10	13	51	36	56	21	23	27	202	258	14	14	30	4	18	143	54	47	19	15	4	24	73	16	192	5	238	120	49	124	237	183	9	73	21	13	199	25	20	127	45	17	17	25	11	20	294	143	12	12	16	14	24	26	22	27	30	10	20	23	26	14	20	14	18	34	59	11	10	46	7	24	78	21	8	66	63	56	14	69	33	29	54	54	21	30	60	14	25	11	64	150	11	13	14	26	16	10	43	56	14	63	10	27	18	2	14	28	27	61	28	17	9	164	34	15	14	22	16	111	64	8	70	96	153	5	13	29	18	52	23	20	18	4	1	12	8	36	8	26	10	87	310	289	50	31	14	25	33	13	14	13	15	19	16	5	34	65	22	29	24	18	65	68	96	29	18	13	20	26	8	8	165	19	27	20	28	14	25	29	104	10	77	14	1	14	20	130	63	25	8	12	30	14	24	13	12	61	50	8	19	10	7	45	155	25	80	2	36	3	5	22	9	14	25	30	11	10	21	62	22	15	5	26	12	26	15	14	19	32	7	9	86	35	1	20	65	40	50	236	152	27	15	27	11	32	84	9	19	8	89	11	14	15	63	52	27	12	64	15	8	28	125	12	9	29	12	18	86	79	24	9	32	28	12	29	93	12	23	18	8	12	21	23	26	27	19	116	23	99	15	48	41	19	18	11	10	13	93	18	21	20	16	18	50	12	49	57	24	51	49	91	8	22	20
NR3C1	2	11	9	26	10	14	23	25	17	1	15	22	15	20	21	24	1	24	23	9	22	24	21	18	23	17	20	12	15	23	22	7	13	22	20	13	23	20	21	4	13	2	17	20	9	20	22	1	21	17	6	17	20	2	21	14	20	10	20	18	21	1	13	13	20	17	20	9	25	20	25	19	20	6	22	18	22	21	11	26	16	22	17	15	26	20	20	14	12	5	4	10	21	7	24	23	20	8	12	14	5	18	3	8	6	1	10	11	2	10	20	22	24	2	2	3	24	7	11	20	24	14	23	24	8	11	21	15	13	11	21	3	26	8	8	14	1	14	19	22	20	24	18	23	23	14	22	26	22	24	24	24	21	20	22	24	22	23	15	13	15	15	15	10	20	24	26	22	7	14	26	20	20	21	18	26	21	15	16	21	18	7	1	24	22	9	4	7	21	14	22	9	19	22	22	25	2	24	24	25	10	18	20	23	13	19	17	23	20	19	23	26	23	20	12	21	17	25	19	13	16	18	15	14	22	15	15	16	14	11	5	24	25	2	2	2	23	5	17	22	22	4	8	53	4	1	19	1	12	6	12	22	23	4	1	21	13	3	5	22	17	22	19	5	23	15	16	8	23	20	21	1	1	16	21	12	20	10	21	22	18	15	20	5	22	21	16	13	20	10	18	18	22	20	18	22	5	1	10	14	23	11	16	25	14	19	21	1	19	22	19	18	21	15	10	4	10	19	25	3	15	11	21	19	24	3	2	25	14	10	6	1	18	15	24	1	3	13	22	15	21	20	13	12	11	25	23	11	23	19	21	18	24	11	15	24	25	20	21	19	19	18	1	21	25	5	6	1	24	21	16	13	24	23	22	21	1	17	24	16	9	24	24	18	9	10	12	19	15	16	20	17	21	25	13	24	18	21	18	12	16	11	26	19	6	22	18	20	25	24	21	1	11	21	21	17	4	3	23	17	22	20	24	21	14	21	24	17	4	7	17	7	20	22	4	26	9	22	20	1	1	22	17	20	20	23	19	24	17	21	26	18	24	22	24	22	23	24	21	22	22	7	16	21	21	20	19	20	19	13	4	21	18	21	16	20	14	20	25	22	20	15	16	17	15	22	18	18	4	22	2	11	24	20	25	23	18	13	22	23	20	2	22	22	17	21	24	10	7	18	17	22	24	2	14	1	2	19	21	22	19	22	16	13	21	18	24	24	6	22	21	16	14	20	13	17	13	22	26	23	1	10	25	24	21	8	25	21	21	16	3	22	16	4	4	23	18	11	21	23	4	21	23	16	15	22	13	21	17	15	21	21	20	14	15	20	21	21	19	21	13	3	22	24	17	20	6	21	23	25	25	19	19	15	22	26	18	21	23	23	17	19	15	2	18	22	24	22	22	21	25	12	18	13	21	19	18	26	13	22	17
NR5A1	40	13	293	29	23	13	8	13	34	465	41	56	680	26	118	5	30	198	112	27	6	8	14	4	12	28	26	335	12	34	30	44	40	7	118	13	95	22	92	441	184	285	10	8	3	9	7	58	9	9	3	29	6	13	7	10	236	17	7	10	49	238	18	30	8	12	10	9	6	164	9	10	68	19	211	22	32	6	290	138	282	8	76	142	20	99	9	81	207	252	385	394	40	311	206	353	19	268	417	106	35	27	12	19	175	154	15	579	246	176	13	4	21	7	4	1	6	3	14	23	12	244	421	9	88	114	19	61	154	373	157	2	33	13	205	192	500	124	212	99	104	83	8	17	110	19	13	192	10	144	14	20	11	353	9	11	13	34	120	58	84	21	25	105	31	86	77	23	177	8	28	29	8	14	7	33	15	12	12	12	403	299	25	4	12	14	2	111	35	469	176	123	111	181	93	116	71	8	251	287	5	148	32	96	111	4	11	16	8	5	17	16	32	90	45	9	27	8	12	134	26	182	500	6	11	17	14	10	126	9	306	25	170	7	7	8	63	110	18	13	15	118	269	4	3241	2	16	111	64	4	129	6	7	448	5	6	8	237	7	12	281	5	54	198	134	212	38	18	5	8	21	307	12	632	10	14	211	285	9	17	152	187	8	9	15	39	63	35	178	283	510	9	527	26	107	30	3	2	170	110	102	212	16	191	512	49	9	14	90	27	59	25	28	34	359	462	6	9	23	3	9	135	41	59	13	22	13	27	73	14	270	6	310	144	63	189	339	298	7	119	29	8	223	21	17	159	49	16	10	23	8	16	304	138	14	6	11	10	26	19	30	21	52	10	15	16	36	14	17	13	13	30	54	8	5	51	3	12	138	25	5	73	51	73	16	120	65	28	107	51	28	35	135	8	30	6	51	147	9	15	10	26	15	5	122	82	8	72	6	28	13	2	12	25	42	58	30	13	6	214	46	18	11	20	20	151	74	5	127	135	227	3	9	36	67	46	30	10	11	8	3	13	7	59	8	27	7	88	369	484	65	18	17	18	48	9	11	13	7	15	9	2	41	132	16	24	14	13	101	70	115	24	28	9	22	23	4	10	175	16	28	27	40	9	23	21	88	10	164	10	1	13	19	161	75	21	4	12	38	9	20	37	5	52	43	6	9	6	4	45	262	13	104	4	44	2	4	16	4	10	22	35	7	9	19	45	26	15	2	19	21	17	10	11	20	26	6	5	78	37	1	17	62	36	46	281	170	27	12	19	29	18	172	24	36	5	103	9	8	7	78	48	27	18	70	10	5	26	207	8	5	21	10	25	83	68	27	5	22	22	16	82	74	8	29	13	9	11	18	19	14	26	26	107	11	94	11	62	24	13	13	7	7	21	136	13	20	15	9	16	41	7	52	59	31	44	76	115	5	20	8
NRF1	6	2	1	30	15	6	7	35	32	7	60	114	15	78	28	3	7	34	8	2	24	13	60	2	27	67	64	4	11	69	28	23	32	24	20	3	29	10	45	5	7	9	15	35	1	9	33	19	32	26	1	58	9	22	16	2	9	62	14	37	19	1	19	47	24	33	21	78	31	56	43	31	73	55	43	16	23	7	1	90	11	18	22	49	25	31	12	1	10	9	5	11	43	3	46	19	11	3	4	8	7	27	33	102	1	6	78	14	10	1	36	1	75	53	9	1	8	1	25	9	50	56	22	37	1	2	55	25	2	3	4	1	19	57	4	26	4	10	21	51	91	36	4	19	18	5	30	48	13	59	52	66	39	5	20	19	5	38	6	1	3	34	81	2	101	31	22	80	2	14	19	41	24	21	3	40	19	66	59	31	22	4	74	4	16	1	3	137	79	10	9	9	6	21	43	36	94	5	25	9	1	11	15	78	28	2	42	37	10	5	50	64	63	58	79	17	42	16	7	7	17	8	4	1	34	18	1	15	5	2	3	67	17	20	22	24	33	50	4	49	8	40	4	1	2	893	40	5	2	1	61	10	29	1	5	8	29	11	110	11	19	8	72	43	69	4	25	19	5	9	14	1	6	10	21	1	50	6	27	15	41	1	16	16	7	44	3	2	9	31	17	51	49	66	133	17	1	2	15	4	3	2	62	19	21	58	13	2	24	20	17	25	11	14	5	6	29	6	10	11	32	22	84	12	40	2	12	8	22	58	35	7	34	17	6	1	6	8	11	14	9	12	48	112	107	20	44	78	40	24	20	60	18	7	8	17	68	51	20	49	7	10	1	13	41	61	51	15	22	8	53	81	27	5	4	13	37	27	22	11	4	40	14	7	4	3	1	44	1	21	8	18	24	16	6	7	20	42	16	12	6	40	18	13	1	6	7	37	5	21	32	2	4	29	49	60	107	112	16	80	28	26	14	46	6	11	45	2	11	15	58	1	16	5	2	32	24	36	37	34	1	17	5	12	3	38	7	31	6	25	35	23	50	58	36	11	39	19	13	29	20	5	14	14	60	42	39	39	30	21	8	5	1	20	3	23	3	7	40	33	30	32	6	44	26	55	68	16	11	18	1	23	68	8	51	21	1	30	18	25	50	2	25	69	72	6	15	1	1	83	7	45	31	1	5	6	9	54	2	49	64	51	1	23	40	60	24	36	1	48	6	50	18	17	9	66	12	6	57	18	2	45	51	53	29	5	29	8	31	64	4	30	2	2	7	2	11	5	26	38	163	48	31	1	7	50	1	48	8	28	5	44	5	19	13	40	56	4	50	48	20	4	58	23	7	46	28	12	9	36	35	51	29	65	33	35	11	18	23	37	39	6	3	2	11	38	55	36	17	30	70	3	18	23	9	59	21	24	1	19	30
NRL	12	36	9	179	77	35	81	218	168	25	247	304	65	274	138	51	42	138	44	16	115	96	261	21	150	249	234	46	134	285	172	174	142	161	124	39	173	70	190	29	38	34	76	99	10	68	138	73	149	125	14	241	48	43	102	20	77	250	75	107	99	5	133	134	334	132	116	137	83	247	156	199	177	130	145	77	136	55	24	302	47	119	101	151	148	148	89	16	34	25	29	40	250	20	121	74	96	15	35	44	16	115	87	279	8	25	167	54	62	16	180	29	266	110	43	3	65	10	81	74	156	274	139	190	11	36	170	212	22	19	50	3	118	284	48	128	29	50	55	158	290	245	45	108	152	26	171	247	55	184	201	258	162	56	115	107	39	183	31	18	23	219	240	21	340	200	158	364	16	71	150	166	115	139	53	233	106	218	199	131	101	53	133	38	111	11	5	428	254	101	114	112	38	131	153	200	296	57	128	60	9	51	86	362	186	17	166	216	84	66	268	271	222	138	283	95	205	120	65	51	88	58	36	20	181	95	19	71	35	39	16	316	102	65	65	64	189	224	23	225	89	99	21	19	16	40	2249	11	16	7	189	87	134	27	19	74	130	105	302	75	120	73	286	186	263	36	76	33	47	62	115	4	22	52	78	14	216	21	160	69	222	27	67	16	68	166	44	14	41	154	87	164	245	236	329	141	5	3	99	20	40	35	155	132	120	345	101	6	111	176	122	114	103	118	27	27	90	88	94	37	118	96	270	125	340	24	28	83	76	244	139	19	206	109	70	9	33	29	85	49	66	65	149	218	215	108	173	157	124	136	138	172	91	25	43	130	199	190	107	185	73	50	1	116	188	267	122	46	131	71	197	280	129	43	31	102	49	84	153	42	13	183	109	55	34	43	16	163	23	121	111	140	126	108	58	66	114	182	82	65	31	123	126	58	8	44	39	139	63	140	148	12	21	158	214	254	342	279	94	341	127	117	112	193	21	53	264	23	37	57	173	12	70	31	15	193	113	144	139	44	1	86	35	166	48	178	60	128	60	132	256	364	214	225	224	120	167	159	64	124	142	19	50	112	266	219	148	483	185	65	78	66	27	124	31	113	21	63	204	191	98	120	53	178	125	212	250	104	21	88	2	68	310	116	270	92	17	118	65	161	217	4	84	288	200	49	271	11	8	377	72	173	178	6	80	27	43	150	40	208	274	165	30	82	198	222	130	213	10	249	61	155	82	118	88	260	59	59	258	136	8	218	311	295	192	43	149	75	155	160	6	127	25	5	20	44	153	35	101	159	487	192	175	15	156	214	18	226	87	82	42	201	81	53	116	221	205	42	196	193	59	9	272	121	50	204	83	86	83	231	204	183	144	257	164	221	89	142	157	137	130	49	39	5	70	151	279	574	131	138	233	18	77	105	82	252	127	189	16	161	124
ONECUT1	17	6	380	3	3	3	8	5	22	487	15	30	473	12	37	2	41	97	42	7	3	6	6	2	4	10	10	280	4	15	21	21	37	6	54	4	14	5	52	387	74	178	4	2	2	2	4	133	6	2	1	21	3	39	7	6	263	11	4	2	22	162	3	21	4	9	5	11	2	134	2	7	30	10	154	17	14	2	130	58	36	6	44	81	9	52	4	56	101	180	395	359	15	345	117	179	8	282	298	97	9	9	7	10	147	127	5	534	180	188	12	2	3	6	4	1	2	2	4	8	8	213	225	5	118	18	9	13	101	271	102	1	21	15	119	87	316	40	153	62	50	78	4	11	103	16	4	64	2	75	2	5	10	342	5	6	7	16	56	70	58	15	22	40	12	26	28	8	98	7	15	14	2	4	2	21	6	14	11	3	240	165	23	2	5	4	1	50	20	244	96	59	92	106	44	65	31	6	107	300	1	66	10	38	23	1	7	14	4	4	4	10	11	67	14	5	24	2	3	120	29	83	324	1	3	6	4	5	94	2	259	14	71	10	8	8	83	91	2	6	8	22	53	1	111	5	11	2889	475	2	38	3	4	420	6	5	2	138	10	8	158	2	28	136	58	149	9	6	2	3	14	240	36	239	4	7	90	177	5	12	106	168	2	8	13	23	31	28	54	53	255	5	239	9	57	41	1	3	81	111	52	86	6	131	180	24	5	7	69	8	49	13	16	9	306	414	8	2	19	5	10	58	8	47	4	8	58	13	52	13	165	3	150	102	23	249	327	257	3	53	34	3	102	9	11	79	16	9	3	8	5	8	112	50	13	3	3	7	24	18	15	4	21	10	7	16	13	9	6	12	8	18	23	2	3	29	10	3	95	12	3	37	28	37	13	86	53	7	61	14	16	11	64	3	6	2	18	63	8	4	2	9	4	4	101	30	3	34	2	13	4	4	6	23	24	25	15	17	2	157	15	11	4	6	8	68	22	2	58	39	150	2	4	18	22	28	19	4	13	8	3	6	5	29	4	15	4	43	158	299	48	15	5	9	29	6	6	3	3	5	8	4	21	82	5	17	5	9	40	22	45	8	27	3	21	8	2	4	79	5	14	9	39	7	12	9	23	8	117	4	1	5	10	80	38	8	3	9	23	8	5	20	2	23	20	2	4	11	2	27	267	6	54	2	29	1	3	3	2	7	12	10	3	2	9	25	21	7	2	16	9	9	6	4	9	22	4	2	24	21	2	8	40	20	33	232	70	14	3	5	9	6	61	21	34	2	100	3	6	7	33	11	14	6	57	5	3	16	117	2	2	8	4	8	32	29	12	2	8	13	2	24	30	5	22	7	8	4	11	6	8	10	8	36	6	21	5	54	6	3	2	8	6	17	94	6	9	13	5	14	17	5	15	49	18	29	65	50	2	6	7
ONECUT2	11	15	199	14	10	13	18	16	26	259	26	26	246	21	41	13	26	79	37	12	13	14	17	13	15	20	23	155	14	27	21	15	37	16	49	12	30	17	48	174	54	87	13	13	9	13	14	72	17	11	5	27	14	10	17	18	154	13	14	12	22	128	13	18	16	19	15	12	13	107	14	19	30	11	94	20	21	13	93	47	39	14	40	69	17	58	14	33	50	107	223	190	25	184	87	130	18	153	181	57	16	18	5	11	81	77	11	293	128	114	18	13	15	5	4	3	13	6	9	14	19	138	166	16	65	28	20	18	54	146	82	3	26	16	79	67	158	49	94	56	41	49	14	20	66	19	13	54	13	56	13	15	19	208	14	16	15	23	51	40	44	16	22	40	19	42	33	18	90	16	23	21	13	14	13	30	18	15	16	14	157	128	17	13	17	9	3	33	23	156	72	46	68	78	56	56	29	14	104	198	8	65	17	34	32	12	15	21	14	12	15	19	20	55	18	15	31	13	15	87	29	82	186	12	14	18	13	14	58	10	128	19	68	7	7	6	43	71	13	16	15	17	47	12	64	2	16	475	1139	5	39	13	15	240	3	13	11	109	4	16	126	13	36	74	59	81	15	12	13	13	21	171	10	141	15	14	72	114	15	18	87	113	13	9	21	28	33	25	68	46	152	14	180	15	43	33	5	1	72	78	44	61	12	112	121	27	15	3	53	17	49	19	24	21	139	208	11	13	20	4	16	44	23	41	15	10	12	19	49	9	116	3	107	76	31	132	205	135	13	38	25	14	80	15	16	56	30	15	14	17	15	18	74	42	20	14	13	15	30	27	20	16	12	18	15	8	10	8	15	20	13	23	26	13	13	25	7	14	65	19	8	33	27	38	14	79	50	17	36	22	22	21	44	13	14	13	24	51	14	13	14	14	14	13	53	43	14	36	13	18	14	4	12	31	24	23	6	8	13	97	22	18	14	16	18	65	34	13	36	34	114	6	15	25	15	38	29	14	16	5	2	15	14	26	15	25	15	55	145	226	46	21	16	18	24	15	15	14	13	16	17	7	23	60	15	20	15	16	39	26	47	18	21	14	21	19	13	14	73	19	21	22	36	16	16	17	35	17	63	14	2	11	20	68	38	17	13	15	31	19	16	8	13	23	24	13	15	15	7	28	157	17	55	2	35	1	5	13	13	16	21	19	13	11	19	31	25	15	5	23	18	17	18	14	14	25	12	13	32	25	1	16	45	23	29	154	65	23	13	16	10	15	50	16	16	13	82	10	16	15	26	20	17	14	44	14	13	19	76	11	13	16	15	15	37	33	17	14	20	21	9	10	31	14	21	15	7	15	22	18	17	20	21	38	17	28	14	45	17	15	12	18	15	9	67	15	19	20	16	19	23	14	26	39	27	30	55	46	12	15	16
PAF1	1	32	4	6	12	15	10	8	13	11	6	9	10	13	9	6	3	9	8	5	7	12	8	6	16	7	7	13	6	11	10	4	29	6	8	5	9	6	23	7	8	7	10	6	5	6	6	4	7	6	5	12	7	1	7	6	9	6	6	8	9	2	7	12	6	7	8	2	6	33	6	6	9	5	12	7	10	8	11	13	7	8	8	13	7	14	9	5	10	7	8	11	10	4	10	11	7	9	10	6	16	15	2	3	2	5	7	13	5	7	7	6	8	1	2	3	6	4	9	7	6	7	9	6	4	9	8	7	6	9	8	2	9	7	9	13	4	7	10	18	8	11	6	8	10	5	6	15	6	12	8	9	14	9	7	8	7	8	8	6	5	14	8	6	16	10	8	9	7	10	11	7	6	6	6	9	9	6	6	6	9	7	2	6	7	5	3	6	6	22	11	10	10	12	11	10	1	6	11	11	6	8	6	8	6	6	6	6	6	6	6	6	6	8	4	7	14	7	7	7	16	14	13	16	7	7	6	6	8	6	6	9	9	1	2	2	12	27	8	7	6	4	5	6	4	1	7	2	5	167	9	7	8	5	1	6	7	4	1	8	9	6	10	3	16	9	6	3	6	6	18	3	4	14	7	5	18	8	16	7	23	8	6	3	8	8	14	7	7	9	14	13	15	8	13	8	3	1	36	6	7	9	9	11	12	11	6	2	18	9	15	6	7	9	10	5	6	8	9	2	6	9	8	14	7	51	2	7	13	8	18	1	11	9	7	1	5	10	6	7	7	6	11	6	7	11	10	6	8	9	6	7	10	8	11	8	7	10	10	19	6	8	1	8	9	3	6	1	6	6	7	4	8	6	6	7	1	6	15	6	4	8	6	12	7	7	5	11	7	7	6	6	8	8	9	6	7	7	8	42	19	15	9	6	4	8	6	13	7	12	8	1	6	8	7	10	1	1	6	22	6	8	6	6	6	15	11	6	4	5	9	4	7	6	3	11	5	6	7	1	1	8	7	8	6	12	6	8	7	11	18	8	7	10	6	6	7	10	8	9	8	4	4	8	7	8	6	6	13	9	3	6	6	6	6	22	7	6	10	7	7	6	7	8	10	11	11	8	4	7	1	10	7	15	10	7	6	5	7	8	10	2	6	13	16	6	6	6	4	12	11	10	13	2	12	1	2	7	6	7	7	6	6	7	8	9	8	10	4	6	6	11	7	9	7	8	6	7	10	16	1	5	11	8	8	10	10	15	6	13	2	6	6	3	4	6	12	5	10	6	9	16	8	6	6	8	6	11	10	9	6	7	6	5	9	9	18	6	8	8	5	1	11	7	7	6	2	6	15	9	8	8	7	9	6	10	8	14	8	6	8	9	9	2	25	7	7	8	9	7	10	6	5	11	11	13	11	13	6	7	7
PATZ1	31	38	59	172	122	37	35	170	139	195	285	540	379	277	245	28	38	265	128	29	62	83	211	15	82	258	232	231	68	244	116	174	145	107	237	34	264	46	215	174	125	163	38	66	10	28	73	84	92	66	16	220	22	110	61	18	138	302	47	106	97	133	130	238	95	107	85	152	63	273	124	99	511	190	377	76	124	36	210	486	128	56	194	417	152	172	46	50	203	235	268	271	205	94	270	286	56	147	246	84	42	119	95	322	69	103	143	376	182	72	121	15	252	123	42	3	29	6	87	44	159	449	452	113	46	184	146	302	83	148	161	2	127	340	185	310	220	178	134	207	441	255	18	65	212	27	125	482	46	356	151	247	111	178	52	86	28	141	98	35	81	236	258	78	486	363	233	307	177	57	136	232	63	93	31	280	109	209	194	75	383	337	143	22	88	18	4	513	556	379	191	177	64	204	213	294	229	30	261	158	7	147	65	448	374	14	103	134	48	35	175	252	254	215	386	67	198	80	47	90	84	111	279	14	98	58	23	41	155	19	168	270	181	109	104	93	123	389	24	145	42	159	135	12	129	61	189	38	39	9	4463	49	89	291	36	48	82	447	277	38	300	33	294	225	464	149	167	66	42	33	63	136	66	329	50	13	534	155	103	107	282	138	32	36	74	213	62	18	157	536	378	184	481	295	662	81	5	1	214	75	90	176	147	230	576	309	51	22	96	148	127	96	66	81	231	251	185	50	87	61	197	429	309	99	146	34	67	69	116	266	321	36	444	229	82	124	266	194	34	172	40	43	570	253	245	254	194	207	79	100	88	140	307	119	42	65	180	137	102	144	58	52	14	52	181	314	195	53	81	36	185	325	265	39	37	222	105	188	177	62	10	352	120	90	39	113	43	188	38	133	57	117	143	74	103	45	311	667	63	67	54	111	90	28	41	85	21	136	46	111	64	12	34	165	202	366	336	307	40	631	124	74	91	142	27	142	227	16	60	167	242	9	51	31	28	194	109	82	146	65	1	70	24	92	33	132	28	206	303	435	197	111	131	152	160	89	139	90	36	78	64	12	120	130	196	196	120	112	160	282	177	60	19	53	33	92	17	33	335	151	120	77	60	127	143	158	375	69	57	64	2	57	223	195	271	81	12	73	72	96	181	11	54	488	181	26	74	13	7	340	221	103	240	3	86	20	52	126	22	150	225	178	23	53	105	273	73	135	6	214	52	143	55	76	84	334	52	32	351	108	8	147	280	241	175	248	297	63	93	151	33	233	56	22	66	22	166	30	71	103	641	236	141	17	111	131	16	165	175	68	29	138	29	218	406	245	158	24	175	161	104	39	277	65	43	180	131	50	53	142	127	185	87	384	128	256	73	152	85	84	88	24	42	28	110	75	183	174	78	141	215	22	203	143	80	279	120	217	12	114	92
PAWR	3	15	10	85	33	23	46	96	89	8	68	111	29	107	81	33	11	61	28	12	103	51	102	20	60	99	98	25	40	101	86	49	68	67	69	27	81	40	89	9	16	8	42	53	12	40	72	19	65	61	6	90	34	7	55	17	43	77	69	45	56	7	54	44	71	51	62	42	41	95	70	70	61	44	60	47	63	34	16	118	30	61	40	48	81	65	54	13	15	14	8	18	95	12	61	39	54	11	23	34	17	128	23	88	8	7	57	21	21	13	77	29	95	45	12	3	44	9	95	35	68	93	63	73	9	23	110	75	18	13	32	3	56	128	35	53	7	31	33	74	105	94	32	52	69	19	88	101	58	81	81	91	65	36	53	58	29	79	34	15	16	71	84	13	104	90	74	137	13	44	83	61	51	64	36	104	62	71	73	69	41	21	35	34	53	10	5	116	90	46	51	41	27	67	154	74	100	35	63	46	10	33	44	134	107	18	74	95	38	26	113	103	81	52	104	57	74	64	34	28	36	31	23	16	62	57	16	38	14	20	10	118	64	11	11	11	80	79	21	93	52	44	11	22	6	10	87	3	13	7	49	575	125	18	3	36	47	33	60	45	53	44	117	61	114	23	40	16	37	35	57	2	6	27	86	13	84	17	72	41	100	18	42	12	38	79	30	16	31	42	33	71	85	92	100	59	6	1	51	15	25	19	82	65	40	91	53	1	58	84	65	59	53	57	14	9	38	65	60	7	50	33	109	41	85	11	4	52	44	60	54	6	84	50	54	3	9	19	45	26	37	50	43	71	75	63	80	65	61	64	64	77	40	11	30	66	81	78	70	81	38	34	1	55	94	58	49	18	58	38	67	106	59	33	27	38	8	42	80	20	11	74	65	61	15	29	15	67	22	63	42	67	55	55	59	48	47	70	78	29	21	122	67	33	7	33	42	68	45	70	70	5	13	71	103	114	131	51	47	114	54	56	60	89	17	42	105	23	13	27	61	10	69	29	6	99	59	66	54	17	1	46	25	47	29	84	37	78	50	65	101	73	79	179	94	63	77	87	70	59	67	13	20	50	101	97	125	66	83	24	27	40	21	54	21	106	18	32	99	82	45	76	24	76	120	165	106	60	9	43	3	90	111	53	101	46	22	61	44	63	93	4	53	82	153	39	62	12	8	102	36	158	87	2	41	11	12	71	34	92	106	130	24	42	81	167	64	91	8	92	40	69	57	64	31	78	33	56	107	67	5	95	111	95	73	32	82	43	67	83	4	58	22	5	9	38	65	24	56	135	138	133	79	16	37	119	15	94	43	42	36	87	39	24	34	90	89	33	166	86	27	6	103	51	60	96	24	54	48	100	154	82	71	109	76	103	37	68	64	68	60	30	29	4	41	68	113	83	57	56	84	18	40	94	57	90	55	87	18	59	98
PAX8	7	26	10	136	47	22	61	156	126	8	113	176	38	198	104	44	14	105	45	10	157	71	179	19	91	165	185	28	52	191	109	105	115	107	102	33	105	50	157	14	24	17	47	95	11	48	110	26	116	77	9	144	45	18	77	19	57	136	85	115	68	7	90	81	106	76	80	76	62	154	142	128	135	58	92	49	78	43	16	190	49	98	64	74	118	136	69	14	21	13	13	24	150	9	81	63	70	10	23	45	20	163	31	136	7	12	77	30	43	16	122	33	205	52	15	3	53	9	123	52	109	126	91	142	9	23	177	91	19	13	34	3	71	225	47	66	8	39	41	128	182	148	35	77	116	25	142	151	78	130	146	198	132	42	76	81	38	110	37	17	21	138	137	16	180	137	96	230	10	55	109	135	68	88	38	183	69	126	104	111	74	29	48	39	82	9	5	193	214	66	81	54	32	84	201	166	148	48	83	50	11	31	64	239	184	19	135	141	58	32	166	175	146	81	170	67	101	93	36	39	49	41	28	15	119	64	17	43	23	22	15	190	88	32	26	23	110	137	20	150	80	57	11	23	7	29	134	4	15	8	89	125	1021	17	10	59	69	51	141	57	73	59	189	91	176	31	42	23	44	51	80	3	6	35	121	13	132	17	113	68	145	20	50	9	55	133	35	15	32	75	51	164	149	198	197	93	5	1	64	17	31	19	127	94	72	157	60	1	83	101	92	73	73	65	16	10	65	90	83	17	90	52	223	65	173	12	8	71	54	140	87	16	138	81	75	2	12	24	58	36	56	56	88	122	115	85	115	99	109	96	84	91	61	15	37	106	171	146	94	165	53	39	1	81	166	137	60	18	84	51	106	198	90	39	30	66	38	67	108	30	11	134	83	79	18	40	15	134	20	73	59	91	90	88	71	60	77	109	98	36	20	180	92	50	6	42	43	90	61	87	92	6	15	130	140	145	276	157	74	188	96	108	91	155	18	46	172	25	19	45	103	12	102	35	7	141	65	137	106	19	1	67	35	75	39	127	45	105	62	87	140	98	134	260	136	101	124	109	84	88	92	12	31	66	156	142	209	119	112	50	29	45	26	68	24	140	18	47	157	130	72	91	31	109	206	267	129	76	11	71	2	117	183	72	156	86	24	70	53	119	173	4	77	158	272	49	76	12	8	171	53	212	124	3	45	20	24	111	37	172	189	235	25	60	131	276	87	158	9	173	53	113	63	105	46	152	36	79	178	94	6	115	147	183	120	29	109	61	122	109	9	110	21	5	9	42	93	34	102	215	236	236	113	16	67	192	14	164	57	72	39	128	48	37	54	139	161	40	268	153	54	9	189	92	62	172	60	60	61	121	240	161	79	164	128	151	52	97	104	95	87	40	25	4	51	100	180	141	88	119	173	18	48	129	63	205	81	121	17	103	132
PAXIP1	53	32	884	35	23	14	12	16	78	1382	60	109	1560	41	275	5	74	390	191	28	19	15	32	5	12	40	49	736	23	60	47	100	102	11	196	19	145	41	175	812	237	490	14	10	5	6	11	199	11	6	3	58	8	6	15	16	634	30	11	9	91	859	26	78	13	14	14	13	5	417	11	15	120	34	606	65	50	5	610	266	265	5	197	433	31	192	11	148	372	725	1266	1171	93	859	439	802	37	841	1092	258	50	90	15	14	412	423	7	1471	565	505	10	5	26	5	3	1	7	4	37	23	29	548	949	12	215	149	47	91	255	873	322	1	66	29	640	515	1269	397	567	231	170	158	9	31	213	37	17	379	15	297	10	20	25	947	9	11	19	70	329	120	162	36	37	162	30	129	121	32	714	21	51	47	7	21	6	65	26	11	11	9	870	818	61	5	11	15	2	199	64	1008	330	253	247	396	307	219	137	8	455	822	3	327	46	159	229	4	24	30	13	6	16	24	39	237	55	16	54	8	19	404	71	354	1137	4	11	25	24	11	263	7	679	39	299	6	7	8	147	233	14	10	23	168	283	4	448	1	27	420	240	5	291	18	17	5931	7	6	6	680	3	14	622	7	112	445	277	612	75	31	8	7	36	676	5	885	28	21	416	654	15	36	355	410	9	20	25	72	132	82	315	382	991	18	995	29	238	74	3	5	444	298	224	329	27	395	748	85	12	8	215	41	164	35	54	58	954	1144	13	12	59	4	23	286	50	126	18	39	6	38	230	19	689	5	669	325	122	582	942	670	8	203	57	8	510	27	20	343	93	10	12	34	8	25	501	228	36	13	15	21	73	53	38	25	87	20	23	25	46	25	23	12	11	38	112	9	7	100	5	15	356	50	12	113	129	189	21	295	148	57	238	102	41	61	260	7	61	7	116	323	20	15	12	69	20	8	291	157	17	173	6	49	12	3	30	49	52	88	105	13	6	492	70	27	17	24	32	314	154	7	227	233	502	3	23	81	59	102	78	13	19	4	4	15	9	115	6	60	12	183	1046	968	146	35	13	61	89	15	18	10	13	14	20	5	62	287	27	39	45	27	187	165	261	28	65	7	48	68	5	9	340	23	42	46	74	21	67	66	157	23	342	14	3	42	29	354	139	37	6	31	75	15	37	51	7	92	168	6	15	14	4	84	655	49	228	5	73	6	2	25	5	17	36	82	24	11	23	204	61	16	4	28	23	34	18	13	19	41	6	8	141	61	3	28	128	66	89	879	413	61	13	36	53	22	362	54	105	5	259	6	11	23	115	146	51	31	128	15	7	46	501	14	5	35	10	39	149	132	36	5	76	35	25	94	144	8	84	14	8	17	33	25	43	49	27	186	23	191	9	176	21	12	16	12	14	59	321	20	23	24	16	23	73	15	92	231	53	73	212	243	6	27	32
PBX2	4	4	4	16	7	2	5	13	10	5	42	77	16	26	14	6	32	22	6	2	10	8	23	2	3	20	24	8	6	36	11	11	9	9	14	3	10	6	16	13	9	12	1	4	1	2	6	48	9	8	2	25	2	6	4	3	8	43	8	4	19	4	26	89	9	30	7	77	19	26	8	16	30	46	19	20	11	1	4	39	4	8	12	20	9	11	3	2	12	16	15	11	16	3	41	13	5	6	9	3	4	5	42	78	4	10	30	16	5	4	10	1	18	30	7	1	4	1	5	2	28	40	13	12	3	2	13	17	7	4	8	1	43	25	5	19	8	4	21	16	41	29	1	5	11	5	17	31	4	25	12	22	8	4	6	8	3	10	6	2	5	17	41	5	47	21	10	20	4	7	17	15	4	10	2	26	11	29	31	5	15	7	106	3	7	1	1	60	33	12	7	6	4	9	39	43	32	3	13	11	1	5	5	34	9	1	18	11	5	2	19	24	24	57	43	9	19	6	2	5	12	4	7	1	8	10	2	4	11	4	7	29	8	251	227	229	10	15	1	13	3	29	4	1	5	5	19	6	3	1	36	3	10	7	687	83	16	17	36	2	17	4	21	30	72	7	17	9	6	2	5	6	4	10	7	1	21	3	12	6	19	4	3	10	21	54	7	3	14	23	14	6	35	17	100	10	1	1	8	5	10	1	6	16	18	39	5	4	4	10	13	9	7	9	5	7	81	4	8	243	113	26	28	13	16	6	3	6	4	56	17	2	29	9	5	4	14	9	2	14	3	2	39	49	57	18	32	54	7	11	6	20	9	6	4	7	11	13	5	16	5	2	2	10	10	23	34	14	9	6	30	42	19	3	7	14	8	13	12	9	1	24	8	5	1	4	2	9	3	8	7	9	10	5	4	5	13	31	8	4	3	9	6	6	1	4	2	15	5	6	4	2	8	4	20	36	48	38	4	41	10	8	7	9	4	7	19	3	8	10	47	1	3	3	5	13	10	10	19	20	1	4	2	4	4	13	5	11	10	20	24	11	12	17	14	5	13	8	4	10	7	1	10	7	16	12	9	11	18	20	14	1	10	3	4	7	3	1	17	12	12	11	3	16	11	14	18	7	18	5	1	7	27	10	19	4	1	12	7	11	13	1	4	31	17	2	7	1	1	50	7	12	15	2	9	1	5	7	1	10	27	9	4	3	8	14	6	8	2	19	2	9	4	6	2	31	4	4	24	4	1	19	30	18	12	6	14	4	6	11	3	17	6	3	10	1	7	3	9	7	65	14	14	1	6	13	2	13	3	6	5	15	7	14	8	17	15	3	10	11	8	4	23	8	1	14	12	4	6	19	11	18	11	25	7	10	5	11	5	5	6	1	5	3	12	11	19	17	8	8	17	4	11	9	4	19	8	18	1	10	7
PBX3	5	22	10	94	23	19	94	67	49	5	50	90	39	90	42	59	14	74	40	11	67	80	84	20	66	58	68	19	33	107	121	35	50	63	43	22	51	40	82	8	19	8	38	56	10	63	56	33	104	49	8	66	38	10	95	23	77	47	31	44	55	2	58	61	61	51	79	57	41	78	69	73	62	34	75	32	89	48	13	131	25	89	38	37	85	68	58	15	17	10	9	18	71	14	60	46	54	9	18	25	12	32	20	51	7	14	29	19	16	12	57	38	88	16	4	3	59	9	17	27	64	51	63	100	8	14	60	46	17	14	33	3	84	34	12	42	6	18	40	69	93	139	33	65	99	19	74	90	41	77	80	83	65	38	107	49	45	65	22	20	18	39	61	13	79	61	64	89	8	28	94	98	39	83	33	126	52	42	56	61	42	10	41	59	85	9	4	64	67	46	77	33	37	46	55	117	43	89	55	56	10	22	97	101	26	25	64	88	89	33	86	110	84	59	78	50	52	82	30	27	38	27	27	19	115	41	15	33	23	18	9	130	60	91	78	79	129	35	19	80	58	18	8	21	6	8	74	5	13	6	48	36	59	6	83	461	26	18	35	52	34	54	80	27	85	32	29	12	53	65	70	1	2	31	38	12	53	14	67	38	65	17	42	8	55	103	35	15	22	36	45	54	103	88	93	114	5	3	26	19	33	21	43	92	38	76	49	2	50	57	62	51	67	40	14	6	46	40	82	78	65	27	77	47	110	8	4	75	30	49	31	9	54	40	52	1	7	20	79	23	85	44	51	52	55	81	68	37	67	50	50	47	62	13	26	56	79	74	54	57	63	26	1	61	108	29	28	9	89	85	59	72	77	37	37	64	10	34	58	23	9	93	80	30	13	19	14	60	20	36	47	56	104	92	18	76	56	65	30	24	18	25	82	55	6	40	27	67	70	112	54	7	14	49	105	53	43	54	62	81	49	105	73	73	15	38	91	25	8	12	47	10	41	31	6	92	30	83	78	14	1	65	34	56	47	86	34	63	23	56	83	50	66	69	135	59	78	64	50	63	108	12	25	94	73	82	54	66	51	29	12	49	28	57	24	49	16	41	102	65	50	39	26	54	31	58	48	45	8	91	2	19	79	39	86	63	21	37	68	73	66	2	54	84	57	46	71	11	8	79	60	59	81	2	24	7	9	51	46	75	75	57	27	31	82	52	105	92	9	94	37	46	29	57	21	106	28	38	113	80	5	38	74	108	67	11	62	58	69	38	4	55	24	5	5	41	44	21	51	66	56	64	118	17	43	80	16	78	36	35	46	69	40	28	31	72	92	44	62	116	36	3	92	110	28	78	18	45	57	71	56	53	50	60	84	104	46	60	62	73	43	38	22	3	49	64	74	85	115	112	90	14	26	23	47	81	47	115	15	67	33
PHF20	10	9	8	130	29	20	27	104	90	9	401	492	33	148	60	24	219	182	36	11	44	53	118	17	52	138	129	18	27	187	81	140	71	72	166	23	247	36	85	13	23	22	26	39	10	23	70	298	51	76	82	118	19	30	38	15	34	294	34	67	82	2	79	76	70	97	62	163	65	163	54	105	102	436	196	174	172	50	11	254	22	34	123	201	120	89	40	12	16	12	9	26	161	11	304	52	37	8	15	24	38	67	448	638	6	2	700	29	32	11	103	15	179	195	73	3	33	5	77	33	251	367	191	68	7	14	112	82	20	12	32	2	137	222	17	109	11	18	73	93	429	143	16	34	77	22	94	263	34	370	84	135	71	26	40	80	15	94	21	12	16	239	815	12	354	169	145	154	7	39	82	127	53	46	27	134	66	313	414	63	98	17	218	18	73	8	3	262	131	53	32	63	20	92	106	86	132	20	177	70	7	31	22	207	70	14	75	101	26	40	152	142	204	163	240	66	63	63	45	25	67	35	19	17	53	87	13	38	12	20	15	133	70	69	59	60	80	227	14	113	40	292	14	13	8	29	130	2	11	7	82	47	69	6	16	26	1909	44	308	30	74	27	193	282	336	24	82	15	21	29	34	1	1	20	45	9	228	14	59	56	212	14	28	29	49	104	32	15	37	77	54	68	141	147	500	39	5	7	102	16	30	11	121	172	45	230	59	2	61	73	63	71	50	79	13	8	115	61	67	46	115	53	362	45	91	8	4	64	66	197	188	37	116	45	37	1	9	34	29	38	21	30	136	157	153	84	221	542	71	161	59	316	46	19	24	64	90	81	99	119	51	56	1	45	131	105	124	71	72	31	467	300	84	32	22	50	21	98	86	84	11	252	66	38	19	25	11	104	15	57	51	46	35	57	24	44	41	92	38	23	15	108	93	21	5	54	20	64	29	53	52	17	21	80	126	238	266	223	38	274	126	38	82	97	13	64	129	20	11	54	281	6	37	21	9	142	124	87	46	82	1	40	16	34	19	89	26	123	24	87	139	107	101	125	89	51	79	65	36	52	69	9	30	59	166	105	70	100	125	36	36	25	18	41	23	60	12	21	196	105	126	94	44	115	107	93	248	55	24	35	2	73	162	119	123	45	13	156	38	51	110	5	43	147	111	19	49	10	6	277	36	99	145	3	40	31	111	86	17	73	168	96	15	53	90	194	54	82	5	81	22	96	46	52	64	435	31	25	232	69	13	179	174	133	87	9	167	56	77	120	9	173	19	4	19	15	106	17	48	62	268	133	68	12	35	83	12	116	49	55	39	103	41	38	24	148	79	19	94	80	44	13	182	40	25	86	25	30	32	124	99	166	122	267	71	172	19	59	74	54	84	15	27	4	30	66	148	116	44	39	99	12	39	61	43	166	91	97	14	81	209
PHF21A	46	38	266	81	65	23	20	75	131	610	191	286	720	170	269	10	43	314	129	28	40	35	128	5	37	136	150	449	40	150	88	154	141	70	204	24	239	33	253	423	208	326	26	26	3	10	30	102	50	31	3	146	6	28	29	10	327	146	24	27	81	329	77	122	51	84	43	100	25	400	42	58	204	94	386	93	91	15	393	332	190	33	190	366	94	186	29	72	252	389	643	512	171	363	297	455	39	319	529	150	57	108	49	143	176	242	59	749	359	364	67	4	122	42	8	2	7	4	53	40	71	547	668	58	112	191	96	211	160	373	360	2	80	167	346	438	486	288	194	264	275	200	11	49	205	34	55	422	26	279	47	119	54	468	31	36	17	130	179	56	105	117	140	132	209	233	176	161	305	39	94	138	32	45	11	143	56	102	90	40	588	716	171	7	45	18	3	360	217	646	262	247	125	320	257	242	330	7	310	356	2	228	55	359	317	3	65	91	37	23	97	88	110	244	175	39	172	25	26	236	84	261	583	10	56	49	17	23	232	17	384	138	247	65	78	66	142	299	18	73	29	144	197	3	237	11	105	138	109	4	447	33	51	680	17	18	44	4413	95	22	524	27	234	276	430	277	102	48	18	12	64	414	15	553	35	13	456	395	57	57	366	255	21	10	51	171	82	66	253	460	577	85	719	133	397	64	2	2	342	152	130	275	82	324	617	235	35	7	178	108	172	91	68	85	458	604	48	24	65	22	85	283	152	117	77	55	17	32	222	112	519	17	686	297	96	269	555	364	14	168	50	17	502	126	136	242	151	65	41	74	44	61	343	151	32	26	65	63	85	106	50	46	39	47	79	175	111	55	50	14	78	175	197	14	14	157	49	79	218	41	5	189	125	142	23	255	118	109	128	135	53	90	208	24	91	14	176	449	43	42	25	97	58	10	112	147	14	169	11	80	43	10	34	105	132	254	202	147	23	517	96	45	37	75	30	237	214	7	172	209	359	3	28	44	42	180	114	33	96	17	3	44	12	122	17	101	32	193	634	672	198	114	63	122	132	49	60	39	20	39	55	7	70	234	102	134	89	61	191	155	270	83	27	24	39	90	5	17	343	90	68	83	57	78	107	113	308	43	186	37	1	60	121	310	237	86	7	59	68	50	105	33	31	248	200	12	40	9	4	260	406	71	256	2	77	14	17	51	9	70	132	121	14	19	73	233	76	130	4	116	54	89	49	43	47	158	23	13	242	78	4	114	258	156	127	525	354	64	43	87	33	99	149	53	81	10	214	17	37	58	387	169	96	16	154	69	8	135	356	40	10	99	31	59	259	218	97	6	127	104	52	75	227	30	49	89	59	28	43	77	76	131	89	322	70	233	66	147	51	29	34	13	17	55	237	60	94	99	57	90	157	13	150	226	70	210	162	231	6	133	60
PHF8	10	3	1	200	43	7	24	265	180	9	467	698	56	380	88	19	100	177	30	2	68	67	306	4	79	387	343	18	79	363	143	284	154	161	144	21	213	40	172	30	32	40	25	55	1	17	130	147	107	140	33	279	13	51	61	5	50	687	57	155	89	1	182	245	159	155	98	207	70	251	189	205	273	370	234	142	149	41	2	425	31	78	152	282	177	157	40	4	28	24	18	32	292	7	238	61	53	3	7	31	29	102	287	823	1	11	492	50	69	5	248	3	389	267	98	1	40	2	98	45	244	454	181	159	3	10	167	209	22	4	19	1	145	498	16	143	21	30	88	210	502	299	7	60	140	14	199	358	22	378	245	351	144	24	67	121	6	198	14	3	9	448	697	8	730	268	198	468	2	52	99	241	81	75	21	264	104	570	5