	ZMYM4	ZNF219	SALL1	GATAD2A	ARID5B	ARID3A	SAP130	ARID4B	HOXA3	MAX	POU2F1	ZNF687	GABPB1	THAP11	KAT8	ZGPAT	HDAC1	RBPJ	IKZF5	TFAP4	ERF	IRF2	SMC3	CTCF	RAD21	STAG1	SP2	ZZZ3	ELK1	ZIK1	IKZF4	SRY	ARHGAP35	IRF5	ZNF546	ELF4	ZNF181	JRK	ZNF44	ZC3H8	ZNF782	ZNF510	ZNF34	ZNF724P	ZBTB7A	KLF9	ETV6	ZNF337	BRCA1	ZNF142	MTERF2	ZFP82	ZNF224	SNAI1	ZNF527	ZNF697	ZNF333	TMF1	ZNF567	ZNF225	GLI4	ZNF704	NAIF1	ZBTB26	SRF	ZSCAN25	ZNF746	DNMT3B	ZNF608	ZNF143	ZNF335	ZMYM3	ZNF281	PRDM10	ZNF136	ARID2	KDM4B	ZHX1	BRD4	ZNF709	TOPORS	ZNF275	ZNF451	ZNF563	E2F1	TIGD6	KLF11	TSC22D2	ZNF232	ZNF33B	ZNF786	ZNF749	THAP7	ZBTB2	SAFB2	AHR	ZNF766	NR0B2	ZNF776	ATF1	NRL	ZNF891	ZNF619	SMAD1	HINFP	ZNF548	ZNF343	ZNF761	ZNF781	MTERF4	ZNF362	TEAD4	HOXD1	FBXL19	ZFP36L1	ETV4	ZNF670	BRF2	NKX3	SNAPC2	ZSCAN29	ZNF264	ATF3	STAT6	SMYD3	ZSCAN5A	MED13	HMG20B	ZNF878	MED8	NFIA	CEBPD	MLX	TCF12	ZBTB43	ZBTB39	ZFHX3	MEF2A	HHEX	HNF4G	ZNF816	NR2F1	JUND	THRB	ZMYM2	ESRRA	NCOA1	SKIL	JUN	ZBTB34	SIX4	FOXQ1	ONECUT1	SIX1	ONECUT2	JUNB	ZBTB37	RNF219	TCF3	FOSL1	ZNF703	KDM1A	ZNF652	ZBTB3	ZNF770	PRDM15	ZNF572	ZNF354B	KLF15	ZNF83	ZNF318	LBX2	ZNF571	ZNF256	ZNF827	CHCHD3	CREBL2	ZXDC	ZNF879	ZNF25	ZNF446	CREB3	JARID2	DZIP1	ZNF678	NFAT5	THAP4	SATB2	SNAPC5	SP140L	ZNF557	ZNF18	ZBTB42	ZNF383	RELA	PBX2	NRF1	ZCCHC11	ZNF839	ZNF616	PAX8	E2F5	ZNF552	ZNF138	ZNF526	ZNF740	ZBTB14	GMEB2	RFXANK	ZHX3	E2F2	MAF1	CAMTA2	GTF3A	NFATC3	ZBTB10	ZFP37	ZNF441	ZBTB21	USF2	ZNF790	ZNF558	REL	ZSCAN20	FUBP3	IRX3	ZNF589	TOE1	SNAPC4	EED	EEA1	DNMT1	HES4	ZNF276	ZNF280B	ZNF235	ZBTB4	ZNF777	ZNF263	HIC2	ZNF512B	ZFP1	SOX18	CENPX	ZNF496	ZNF382	HMGA1	GPBP1L1	SCMH1	GRHL1	ZNF562	MTA3	NR3C1	ZNF146	SETDB1	MLLT10	ZUFSP	NCOA5	GLMP	PAF1	MATR3	ZMAT5	ZNF432	ZNF10	ATRX	ZNF707	ZNF326	RBAK	NPAS2	ZNF75D	ZNF484	HOXA7	ZNF17	ZNF660	LRRFIP1	ZNF530	ZNF512	ZNF490	ZNF260	ZBTB24	ZSCAN22	TERF1	REXO4	ZFAT	ZNF850	ZNF672	ZNF737	PREB	TEAD2	GPN1	ZFP62	ZBED5	NFE2	DDIT3	ZNF7	MAFG	JDP2	KLF16	ZNF597	AKAP8L	ZC3H4	ATAD3A	CSRNP2	ZNF549	ZNF841	ZBTB1	ZFP14	ZNF577	ZNF329	NFIB	PLSCR1	CERS6	ZNF180	ZNF720	PRDM4	MTF2	ZKSCAN5	CBX2	ZNF20	CENPBD1	ZNF251	CREM	ELK4	FLYWCH1	PIN1	ZNF296	ZBTB49	AKNA	ZFP36L2	AKAP8	ZBTB33	WIZ	ZNF768	RFX3	MYRF	ZHX2	THAP8	BATF2	TIGD3	MYNN	ZNF713	ZNF485	ZNF800	ATF6	ZSCAN12	ATF5	ZNF431	TSC22D1	HOXA9	ZNF234	ZNF674	ZFP41	ZNF253	FUBP1	TEF	TP53	GZF1	FOXO4	ZNF468	PAWR	KLF13	ZBTB44	ISX	ETS1	ZBTB46	STAT5B	ZBTB8A	RARG	KIAA2018	SMAD9	ZBTB40	DBP	ZNF773	CENPT	TRAFD1	ZNF569	ZNF615	ZSCAN30	CC2D1A	PRMT3	ZNF775	ZNF12	ZNF33A	MIER2	ZNF513	ZNF780A	MLXIP	BHLHA15	PBX3	TBP	ZNF550	MZF1	ZNF367	ZNF30	SP110	DMTF1	ZNF160	ZNF121	ZNF576	ZC3H13	NFE2L1	ZNF778	IRF1	ZNF101	ZFYVE20	MTF1	NR1H2	SSRP1	THYN1	HSF2	ZNF460	ZFP64	ADNP	ZNF629	ZNF564	XBP1	AFF4	ZNF646	RORA	TRIM24	ZNF865	ZNF3	ATF4	ZNF317	CEBPG	FOXO1	LCORL	PITX1	ZNF217	HMG20A	HOMEZ	FOXA1	BCL6	MIXL1	NFIL3	TEAD1	RARA	TBX2	ELF3	TARDBP	LCOR	HNF4A	SMAD4	RXRB	POGZ	HDAC2	ISL2	CEBPA	FOXP4	TCF7L2	SOX5	NCOA2	MED1	SOX6	PAXIP1	FOXA3	FOXA2	ETV5	MIER3	PHF21A	ATF2	HNF1B	FOXK1	E2F8	REPIN1	ZNF614	ZNF331	ZNF350	MAZ	SMAD7	ZNF580	DRAP1	LIN54	MGA	ZNF788	PATZ1	MYC	ZFY	GATAD1	ELF1	SP4	PHF8	DMAP1	YEATS2	NONO	MNX1	ZNF501	HMGXB4	YEATS4	ZFP91	SPEN	ZNF574	KDM2A	ZFX	ARID4A	PHF20	NFYB	NFYC	GABPA	SP1	NFYA	THAP9	RFXAP	MYPOP	ZBED4	ZFP90	DR1	HIVEP1	ZNF230	ZBTB38	ZNF639	MXD1	HMGXB3	IRF9	KLF12	MXD3	ZNF124	ARNTL	MTA1	ZNF607	ZNF691	ZSCAN21	ZNF747	ZNF784	CSRNP1	HOXA10	ZSCAN9	CBFB	MEIS2	CCDC6	ZNF280D	ZNF205	MEIS1	ZNF430	ZNF221	ZMAT3	ATF7	ZNF883	ZNF274	FOXC1	ZNF483	KAT7	BCL3	HBP1	ZNF598	EGR1	E2F4	ZBTB25	TAF1	TFDP2	TFDP1	ARNT2	KDM5B	ZNF48	ZNF772	ZNF605	SP5	RXRA	ZBTB7B	UBTF	KMT2B	KMT2A	MXD4	GMEB1	NR2C2	USF1	KLF6	GLYR1	ZNF407	ZNF547	NFKB2	SALL2	KDM3A	CBX5	HOXA5	ZNF556	BORCS8	TGIF2	BAZ2A	ZSCAN31	CREB1	POGK	MYBL2	ZNF792	ZNF511	ZNF644	NACC2	GATA2	RERE	GATA4	NR5A1	RREB1	ZNF414	ZNF292	HLF	KDM6A	ZKSCAN8	NFKBIZ	THRA	ZBTB20	MEF2D	SFPQ	SMAD3	TFE3	FOXP1	ZNF609	PROX1	AHDC1	FOXJ3	TCF7	PPARG	GFI1	DPF2	FOSL2	RCOR2	EP300	ZNF710	HNF1A	DLX6	GATAD2B	ZNF503
ZMYM4	4935	3989	4109	3981	4657	4885	3447	2842	2636	2703	3126	3256	2545	2054	2435	3070	3129	2242	2312	2601	2281	2704	1185	1755	1666	1723	621	744	665	718	726	666	703	651	676	893	848	794	866	821	856	773	865	853	454	554	614	779	667	662	711	739	757	774	628	657	704	708	700	747	751	702	813	731	710	637	508	793	813	737	879	803	783	773	1088	1231	1036	977	1034	1133	1003	1023	932	1010	903	840	794	860	861	987	911	800	863	673	747	758	780	764	736	964	909	900	911	888	851	869	956	884	950	942	1268	1090	1155	1316	1076	1055	1176	966	989	1106	1109	1014	879	966	1107	1545	1236	1226	1273	1014	1142	987	1052	1105	1051	842	877	784	793	769	920	760	695	686	838	687	1134	870	954	1100	930	979	1128	1034	604	470	448	596	486	577	564	540	505	499	425	422	441	446	370	373	381	399	399	407	424	421	487	438	504	471	485	425	432	417	429	411	423	501	518	566	526	462	442	516	462	469	409	519	531	504	523	575	537	506	551	486	460	524	490	433	410	526	494	527	596	436	473	523	570	605	623	610	599	563	533	614	608	736	662	732	516	508	643	625	631	543	502	586	503	374	769	712	714	2	1	5	1	1	2	2	2	11	8	8	18	13	14	22	16	27	9	15	11	20	31	26	6	78	57	54	45	59	64	29	24	34	48	43	24	42	82	124	120	107	103	125	147	101	95	103	88	128	134	135	124	115	89	81	53	36	107	73	63	90	83	119	76	101	80	86	91	53	74	110	84	194	202	203	159	167	125	122	98	195	201	96	188	132	129	134	202	407	285	314	298	346	368	401	395	369	391	346	326	305	287	334	313	370	323	385	348	371	352	324	271	322	350	325	263	285	260	270	218	229	298	299	317	290	296	351	303	238	265	272	269	323	418	385	382	406	325	358	415	98	162	299	227	201	199	224	227	209	240	247	252	273	247	237	239	157	186	197	206	196	184	161	162	236	261	224	197	217	217	198	241	256	234	220	245	326	286	253	252	305	2058	2086	2140	2201	2199	2668	3254	2342	2358	2559	2382	2599	2378	2881	2893	2961	3019	3129	2329	2646	4315	3101	3198	2944	2855	2839	3070	2979	3049	3731	3499	3454	3445	1894	2108	2025	2083	2158	2243	2512	2464	2270	2247	1832	1728	1901	1717	1857	2043	1872	1918	1685	1670	1789	1691	1741	1311	1852	1758	1676	2233	2236	2337	2177	2032	1964	1992	2137	1941	2157	2134	1207	1033	1022	1284	971	1147	1334	1300	1291	977	1043	1010	896	1098	734	886	945	1079	1133	1006	965	1262	1049	990	1178	1185	1189	1265	1329	1301	1570	1438	1402	1383	1409	1376	1323	1337	1327	1538	1514	1339	1218	1291	1326	1284	1417	1403	1334	1440	1597	1550	1492	1643	1612	1514	1675	1578	1587	1706	1739	1477	1278	1358	1618	1939	1714	1272	1336	1392	1372	1297	1307	1536	1481	1410	1316	1561	1611	1552	1584	1542	1544	1671	1667	2008	2025	2073	1786	1675	1645	1443	1509	1360	1437	1495	1313	1492	1707	1456	1321	1387	1321	1511	1796	1609	1688	1966	1661	2103	2104	2179	2684	2451	1873	1680	1825	1672	1639	1887	1812	1846	1984	1970	2043	1919
ZNF219	3989	4553	4405	4231	4695	4972	3476	2860	2854	2682	3417	3154	2328	2137	2237	3108	3143	2517	2539	2848	2558	2585	1210	1299	1470	1367	569	713	709	807	816	691	801	715	694	795	830	810	844	842	793	790	835	800	653	680	725	855	689	689	693	711	698	732	642	642	691	713	742	743	747	757	685	816	784	837	815	893	799	694	922	1013	882	822	1076	1129	1194	1017	1078	1043	990	1021	1009	996	910	918	978	923	910	915	919	835	807	793	830	883	878	785	871	949	841	824	869	879	887	904	966	956	926	867	1308	1177	1297	1317	1123	1219	1200	966	941	1063	1208	1121	1135	1072	1105	1325	1405	1427	1329	1263	1169	1198	1335	1340	1256	897	915	852	839	1021	928	884	891	863	898	903	1228	1123	1125	1202	1010	1028	1057	1082	618	516	509	566	570	640	623	663	521	608	462	426	428	466	436	395	435	426	464	428	394	437	499	463	444	483	481	429	472	412	469	438	405	514	543	584	538	512	507	489	548	449	353	559	482	496	547	543	511	541	476	528	474	503	518	511	458	516	520	542	600	581	541	512	610	620	598	596	576	583	655	620	639	714	642	685	577	591	594	662	544	562	676	534	570	680	637	798	714	1	1	1	1	1	1	5	2	5	9	22	8	13	8	27	15	26	22	15	11	14	24	19	16	64	70	63	50	60	73	34	36	33	50	44	34	52	92	117	119	127	102	126	112	137	97	95	120	147	175	140	130	133	108	93	92	96	116	75	64	91	80	108	99	99	106	99	85	71	103	93	96	148	216	183	157	151	145	147	124	174	170	188	166	138	146	291	286	381	336	275	338	385	350	387	407	370	355	356	321	344	315	332	342	370	359	331	376	356	341	435	312	302	316	327	238	311	244	260	257	270	373	282	324	319	300	312	359	273	293	294	317	315	423	372	389	404	351	377	377	122	217	281	263	248	219	230	222	236	216	204	242	274	252	238	220	201	201	221	220	209	208	173	221	288	280	237	217	205	233	222	236	219	266	239	243	340	279	255	283	302	2259	2403	2600	2474	2547	2630	2676	2576	2637	2523	2554	2639	2801	3230	2981	3077	3164	3145	2916	3033	3414	3423	3412	3071	3238	3143	3209	3226	3690	3954	3562	3562	3640	2222	2447	2399	2270	2350	2316	2531	2379	2461	2386	2047	1897	1806	1877	1929	1782	2033	1980	2045	1822	1726	1606	1738	1622	1558	1573	1540	2279	2423	2213	1989	2094	2012	2142	2076	1907	2027	1951	1035	984	965	1077	1117	1171	1264	1409	1133	1097	1126	1038	1032	1102	1046	940	984	1157	1146	1101	1078	1326	1356	1267	1098	1308	1174	1274	1307	1221	1658	1719	1670	1605	1400	1267	1520	1480	1387	1459	1435	1247	1237	1244	1323	1395	1348	1430	1298	1367	1699	1367	1608	1559	1502	1470	1702	1607	1540	1658	1694	1638	1735	1704	1382	1432	1406	1350	1320	1394	1474	1459	1407	1524	1515	1507	1488	1782	1717	1668	1575	1460	1509	1617	1630	1886	1874	1869	2010	1903	1679	1490	1516	1539	1596	1678	1740	1564	1665	1498	1449	1659	1593	1830	1764	1731	1812	2173	1878	2181	2397	2420	2344	2377	1905	1781	1823	1818	2036	2172	2154	2027	2121	1978	2088	2067
SALL1	4109	4405	4607	4443	4963	4947	4051	3346	3130	3106	3518	3645	2712	2392	2593	3451	3304	2697	2812	3257	2847	2971	1406	1858	1902	1856	698	747	797	816	822	778	749	748	749	856	900	862	814	835	857	833	892	844	674	656	673	792	759	699	732	727	736	759	711	754	738	756	798	726	751	749	753	883	823	851	727	873	851	852	1001	1026	952	935	1021	1149	1136	1048	1148	1113	1071	1062	990	1026	1019	962	904	919	991	946	910	903	844	796	819	856	912	829	904	949	959	974	944	965	906	947	979	964	929	982	1366	1328	1277	1384	1200	1204	1237	987	1061	1150	1167	1141	1165	1055	1135	1359	1330	1337	1373	1218	1328	1277	1288	1307	1248	915	946	862	828	1007	924	906	870	915	996	956	1150	1172	1114	1254	981	973	1121	1109	621	537	508	562	542	651	604	663	534	621	527	470	444	476	420	418	408	450	455	452	443	432	488	479	483	493	492	466	468	462	466	440	454	519	543	570	546	587	532	471	537	494	454	564	532	523	529	569	584	556	529	522	544	561	502	488	498	516	539	554	604	601	574	592	656	680	618	635	587	591	652	674	667	683	687	695	586	602	672	669	628	632	697	597	647	720	670	753	655	3	3	1	2	2	1	8	7	15	17	18	12	18	16	35	25	37	17	23	19	21	27	33	20	66	64	84	59	67	88	46	51	47	57	45	39	59	106	130	127	129	127	122	130	116	123	114	97	143	134	147	162	126	112	87	76	98	98	81	75	96	93	100	100	93	113	103	110	81	89	97	89	167	216	168	169	167	149	169	151	210	199	186	195	168	158	271	290	464	354	330	356	377	409	421	363	358	413	384	343	333	340	332	363	358	359	360	364	414	375	362	345	353	327	337	264	301	268	283	267	281	324	309	320	294	306	356	362	270	294	335	358	332	464	428	412	401	349	406	384	209	193	290	280	262	237	219	239	229	222	258	269	279	274	287	234	182	232	234	213	203	201	191	201	275	281	273	268	220	284	236	257	254	225	247	246	310	279	288	311	316	2415	2524	2642	2452	2590	2708	2791	2625	2680	2566	2725	2896	2924	3385	3239	3162	3464	3391	3109	3220	3511	3669	3228	3210	3265	3138	3361	3340	3620	4012	3731	3728	3803	2309	2353	2477	2395	2461	2511	2650	2504	2523	2534	1998	1933	1960	1947	2149	2084	2071	2182	2198	1964	1957	1863	1915	1672	1880	1791	1783	2269	2470	2447	2197	2138	2091	2218	2295	2205	2366	2384	1222	1215	1182	1317	1304	1353	1383	1479	1171	1169	1156	1129	1128	1118	1040	984	1016	1232	1208	1194	1193	1250	1302	1232	1258	1321	1259	1377	1293	1291	1789	1625	1619	1651	1453	1381	1450	1523	1535	1601	1510	1375	1313	1354	1415	1414	1458	1510	1380	1432	1912	1637	1769	1760	1784	1759	1798	1642	1756	1789	1895	1844	1872	1845	1584	1761	1686	1495	1496	1513	1644	1465	1521	1576	1536	1578	1513	1700	1673	1685	1654	1614	1647	1700	1714	2022	2016	2060	1946	1798	1616	1569	1561	1467	1479	1703	1740	1607	1705	1556	1486	1517	1429	1979	1805	1775	1828	2076	1967	2321	2317	2384	2297	2332	1926	1884	1842	1800	2136	2239	2166	2020	2014	1961	2108	2078
GATAD2A	3981	4231	4443	4971	5571	5380	3160	2484	2356	2540	2684	2922	2074	1656	1890	3103	2864	2330	2311	2752	2263	2428	1054	1408	1505	1510	533	515	568	563	588	553	499	531	507	678	687	675	632	608	595	586	641	627	510	407	487	556	537	519	540	586	551	553	486	536	536	568	539	557	534	581	612	767	717	613	658	703	694	640	697	848	831	709	789	930	925	830	959	855	808	787	689	738	704	638	627	624	768	725	655	685	636	549	586	573	649	608	640	731	719	701	688	636	691	682	728	715	704	657	1297	1149	1125	1183	1039	1072	1080	781	903	991	1025	1052	1123	942	1051	1325	1413	1315	1320	1208	1330	1260	1155	1295	1219	999	1016	855	867	909	857	897	853	821	920	826	1165	1182	1149	1192	1006	1098	1231	1212	622	562	521	580	519	643	593	615	541	529	453	387	340	356	322	314	334	302	326	330	304	311	335	353	341	358	357	315	297	324	334	312	315	461	419	448	436	482	434	337	370	410	400	362	358	375	388	409	371	372	373	405	439	431	355	352	354	358	396	381	453	458	409	467	528	498	456	463	454	442	497	485	528	514	518	485	406	393	467	503	442	446	530	469	471	538	565	593	511	2	2	1	2	1	1	3	6	5	3	16	12	13	8	18	8	32	10	10	11	15	16	15	14	65	48	49	40	47	61	25	32	31	43	38	27	41	92	101	84	126	91	94	91	75	72	75	70	89	148	150	134	115	95	49	65	56	79	46	50	65	66	83	76	75	96	74	66	53	60	77	60	125	190	137	142	125	81	118	88	147	148	133	120	106	89	169	232	333	277	259	243	284	314	318	282	250	264	265	251	206	234	246	286	257	280	284	250	296	262	321	306	296	252	265	178	189	189	193	178	193	233	243	222	221	203	250	264	193	222	213	213	219	401	338	292	343	321	396	365	78	128	255	211	192	186	174	155	158	184	166	162	182	189	238	181	151	172	163	154	153	130	118	151	249	211	242	212	189	221	203	210	198	236	243	263	360	281	286	298	299	2497	2613	2533	2394	2512	3200	3031	2886	3000	2768	2900	3013	3114	3132	3037	3002	3463	3615	3067	3282	3495	3737	3635	3599	3479	3431	3714	3762	3816	4403	4025	4151	4177	2090	2114	2286	2216	2200	2299	2254	2179	2083	2071	1406	1385	1525	1453	1668	1636	1647	1695	1716	1440	1526	1324	1435	1188	1441	1328	1286	1850	1797	1897	1547	1501	1532	1478	1699	1719	1826	1803	879	951	907	991	930	1054	1020	1078	960	912	887	784	765	799	741	671	747	926	858	858	885	857	1075	914	944	1010	1000	1049	1023	994	1509	1258	1306	1401	1249	1177	1174	1287	1163	1225	1212	974	937	965	1084	1031	1157	1075	1012	1002	1521	1252	1341	1426	1349	1329	1276	1187	1388	1378	1382	1544	1579	1496	1290	1393	1399	1075	1087	1226	1241	1044	1068	1136	1081	1126	1130	1258	1329	1406	1221	1243	1284	1289	1260	1715	1554	1803	1488	1387	1701	1596	1712	1568	1667	1760	1683	1534	1638	1532	1458	1355	1342	1882	1765	1707	1700	1865	1789	2536	2477	2550	2751	2668	2223	1931	2010	1923	2171	2462	2355	2133	2072	2139	2153	2201
ARID5B	4657	4695	4963	5571	6471	6168	3465	2756	2529	2860	2968	3275	2339	1855	2155	3503	3375	2573	2527	3139	2515	2770	1216	1716	1784	1829	564	611	655	660	642	614	581	594	597	787	823	769	739	693	733	680	763	772	527	460	540	659	609	621	653	688	659	629	524	608	580	692	614	660	618	622	722	831	844	677	707	805	848	699	772	922	950	811	927	1100	1025	943	1011	1013	942	878	772	863	790	730	683	702	869	814	734	800	754	605	657	640	752	674	704	834	805	784	784	717	762	769	836	824	812	757	1500	1390	1299	1348	1181	1178	1298	953	1044	1150	1112	1189	1237	1087	1207	1525	1519	1527	1538	1273	1493	1388	1246	1435	1372	1122	1243	958	1075	998	1047	1025	952	944	1028	861	1295	1350	1277	1333	1114	1271	1459	1419	729	653	549	613	604	722	692	683	625	550	502	447	368	418	328	351	361	351	374	348	356	379	392	398	405	410	410	367	337	362	363	337	349	525	495	480	479	530	478	392	408	428	444	403	438	420	435	479	438	431	428	423	477	473	408	382	391	386	430	430	533	491	454	534	598	578	518	533	504	489	546	581	602	582	582	577	465	437	543	593	493	503	571	500	502	576	693	707	595	3	2	4	2	1	2	3	5	8	5	15	16	13	11	22	8	29	10	13	12	20	17	22	8	83	58	43	43	61	59	25	32	35	56	45	31	39	98	103	99	126	109	98	101	79	79	78	76	105	159	163	152	138	98	55	62	62	76	50	57	81	75	87	78	68	96	84	84	48	63	84	66	154	216	192	159	146	90	117	96	159	174	135	136	126	100	149	223	373	284	315	256	308	360	366	314	273	291	285	313	243	277	273	338	326	320	322	298	329	309	340	354	331	285	277	210	225	203	201	193	207	267	282	265	252	237	292	311	211	249	251	249	247	424	372	345	388	381	448	420	94	143	278	215	218	177	181	208	175	212	199	192	216	225	251	193	142	187	182	171	163	168	137	156	250	268	270	220	227	250	227	244	203	220	271	282	406	335	305	329	357	2781	2921	2782	2708	2763	3753	3526	3306	3496	3126	3366	3590	3521	3480	3405	3412	3921	4123	3401	3698	4084	4143	4196	4103	3944	3864	4316	4239	4114	5046	4602	4786	4835	2250	2323	2554	2509	2484	2612	2598	2527	2315	2362	1606	1549	1725	1619	1847	1913	1827	1916	1854	1602	1713	1467	1647	1294	1645	1493	1451	2095	2073	2132	1769	1707	1764	1664	1886	1852	2042	2056	1038	1018	950	1128	997	1130	1146	1179	1115	991	1017	886	872	987	775	733	847	1042	979	910	972	1008	1155	975	1084	1135	1141	1181	1176	1158	1729	1413	1478	1567	1462	1285	1291	1425	1341	1444	1384	1166	1077	1100	1190	1193	1331	1260	1170	1190	1675	1462	1459	1578	1564	1526	1526	1353	1602	1541	1634	1724	1697	1609	1521	1646	1648	1210	1223	1414	1367	1119	1187	1326	1283	1254	1255	1402	1498	1564	1398	1438	1489	1497	1452	1967	1819	2068	1666	1583	2019	1821	2016	1862	1876	1975	1837	1726	1861	1789	1666	1559	1478	2098	1993	1889	1860	2090	1986	2932	2853	2825	3360	3130	2601	2189	2335	2182	2451	2712	2636	2377	2369	2489	2440	2561
ARID3A	4885	4972	4947	5380	6168	6589	3023	2423	2356	2523	2970	3004	1998	1693	1865	3231	3168	2437	2406	2872	2270	2546	1212	1392	1506	1591	477	560	630	646	648	591	567	576	590	745	769	782	765	721	675	669	725	758	464	475	551	739	657	590	598	689	636	672	521	568	593	636	607	637	661	655	708	839	843	702	622	806	765	602	696	903	879	756	1004	1130	1022	911	1043	997	945	901	809	887	778	731	766	741	886	869	829	740	702	616	672	711	770	654	736	834	751	726	763	688	713	761	789	776	794	793	1506	1281	1337	1396	1183	1068	1214	922	1069	1127	1214	1141	1157	1121	1265	1595	1737	1580	1573	1429	1407	1351	1375	1505	1418	1171	1240	1077	959	949	1018	948	919	898	996	847	1480	1219	1275	1373	1193	1251	1381	1400	712	622	591	672	590	715	637	698	561	591	452	425	365	401	352	293	321	317	364	390	340	358	398	359	390	419	422	357	369	336	358	341	317	549	495	541	503	488	458	423	483	389	365	435	421	422	436	425	395	402	408	436	422	446	401	377	348	426	467	455	557	530	464	477	551	552	500	533	506	543	529	553	551	631	573	570	425	468	518	565	464	493	500	499	449	541	660	793	631	2	2	3	1	1	1	6	4	8	2	27	12	19	10	19	7	40	11	10	7	26	22	28	7	104	64	42	40	52	58	28	24	25	44	57	29	37	89	90	85	107	100	96	93	93	75	85	83	118	181	166	153	154	98	50	60	46	110	56	55	78	80	76	68	73	83	87	78	47	76	74	79	144	195	171	163	138	73	103	92	168	153	116	138	128	94	128	183	367	235	289	260	333	337	333	321	287	313	270	291	294	269	261	293	298	302	323	278	310	287	377	344	291	330	310	174	226	204	196	214	199	273	276	251	283	257	280	305	213	244	228	249	294	430	391	374	380	381	431	402	68	150	236	224	201	178	206	208	178	217	179	185	236	235	227	216	151	188	193	167	162	157	151	157	304	237	263	206	243	226	206	216	219	294	271	289	408	302	295	335	349	2682	2868	2877	2754	2809	3551	3579	3111	3289	3214	3245	3433	3332	3486	3273	3426	3787	3945	3088	3486	4217	3910	4433	3857	4028	3937	4174	4211	4429	5000	4451	4500	4559	2085	2495	2425	2403	2468	2380	2661	2510	2440	2395	1635	1525	1655	1619	1743	1697	1820	1736	1710	1427	1456	1262	1424	1182	1375	1363	1290	2062	2074	2037	1771	1741	1710	1640	1663	1546	1802	1748	861	809	790	929	842	948	1053	1166	1083	910	964	857	871	912	746	731	828	940	927	890	842	1157	1115	966	1033	1103	1073	1119	1204	1095	1717	1576	1545	1516	1428	1310	1405	1390	1297	1456	1372	1122	1085	1109	1178	1171	1297	1312	1103	1230	1482	1195	1387	1378	1351	1298	1463	1402	1372	1520	1669	1569	1476	1468	1343	1494	1465	1106	1114	1243	1245	1170	1131	1371	1314	1283	1214	1509	1529	1637	1419	1332	1380	1538	1426	1929	1798	1954	1823	1806	2051	1861	2003	1865	2051	2032	1821	1799	1939	1796	1699	1815	1674	1974	2002	1946	2034	2229	1961	2824	2866	2880	3310	3170	2597	2212	2362	2150	2251	2697	2696	2397	2599	2554	2548	2554
SAP130	3447	3476	4051	3160	3465	3023	6933	5926	4966	4712	4714	5230	4987	4607	4379	4298	4080	3287	3438	3730	3973	4024	1288	2240	1871	1683	1329	1224	1338	1170	1186	1197	1134	1180	1179	1209	1091	1145	1114	1102	1147	1151	1177	1166	1063	996	1060	941	976	997	1021	1031	1044	1051	1097	1092	1078	1119	1153	1076	1144	1119	947	970	874	1031	993	1044	1048	1745	1615	1289	1232	1340	1195	1232	1401	1474	1401	1359	1330	1460	1400	1429	1518	1475	1239	1280	1299	1229	1236	1262	1231	1342	1257	1172	1272	1326	1342	1468	1437	1398	1335	1418	1478	1392	1333	1345	1387	1362	1331	1341	1358	1385	1318	1424	1463	1092	1219	1217	1133	1148	1125	1072	1040	1147	983	976	956	1042	1187	1166	1107	1113	1107	540	545	588	489	1031	986	857	771	823	951	938	792	927	940	937	704	688	744	832	404	426	383	432	445	511	551	531	608	587	668	601	628	590	629	654	659	692	610	672	671	681	723	681	669	711	702	696	712	744	728	706	738	588	594	614	690	717	667	638	665	897	900	772	842	783	810	878	934	886	774	874	853	905	755	795	795	757	792	771	784	739	790	750	983	1042	872	851	812	824	863	828	866	855	924	848	881	926	944	964	984	992	917	926	832	772	666	714	749	9	7	1	2	1	1	9	14	23	28	13	9	12	19	62	34	26	19	30	33	26	45	40	45	59	77	108	99	91	92	76	80	74	77	44	69	69	198	213	206	197	204	191	194	215	226	209	255	210	162	114	127	124	113	165	178	196	152	121	136	108	114	160	136	153	148	140	163	168	151	172	146	231	216	199	224	189	290	339	318	267	261	287	277	238	229	664	512	575	557	562	580	530	580	581	594	612	647	635	435	486	521	522	435	494	501	530	506	540	567	417	418	441	386	402	461	419	413	430	412	402	434	443	445	408	412	499	467	484	467	473	474	451	455	453	376	421	334	375	397	215	359	362	365	408	420	390	382	393	383	375	381	371	351	340	309	369	329	318	265	299	292	312	318	302	279	317	314	257	348	308	288	316	217	224	182	213	290	255	251	260	2031	1986	2268	2061	2066	1668	1935	1948	1898	1936	2085	2106	2273	3065	3243	2911	2838	2633	2912	2766	2995	3324	1951	2417	2114	2078	2276	2170	2691	2639	2836	2637	2705	2900	2372	2398	2730	2634	3070	2904	2605	2579	2719	2900	2876	2807	2693	3118	3186	2726	3008	2987	3350	3381	3493	3532	3035	3238	2921	3049	3097	3222	3491	2993	3236	3191	3624	4005	3991	3886	4088	2291	2199	2217	2622	2459	2422	2295	2226	1564	1639	1644	1607	1601	1561	1598	1727	1762	1870	1885	1898	1863	1643	1671	1704	1760	1689	1738	1752	1736	1767	1913	1687	1836	1999	1564	1567	1567	1821	1983	1940	1821	1858	1929	1954	1911	1898	1949	2069	2069	2022	2834	2685	2728	2789	2737	2741	2454	2364	2502	2362	2491	2283	2408	2322	2037	2406	2320	2593	2591	2549	2491	2064	2349	2309	2240	2173	2190	2154	2065	2021	2157	2206	2281	2104	2227	2644	2566	2658	2335	2025	1000	1068	952	897	914	1331	1461	1427	1473	1289	1214	1189	1210	1791	1622	1741	1750	2015	2143	1540	1504	1456	1265	1433	1143	1412	1147	1223	1855	1462	1367	1387	1445	1471	1467	1457
ARID4B	2842	2860	3346	2484	2756	2423	5926	5089	4226	3997	3951	4435	4330	4101	3778	3615	3395	2761	2867	3140	3334	3436	1132	1980	1687	1451	1158	1049	1173	1001	1006	991	977	1007	1004	1001	916	973	948	959	971	992	989	964	887	833	905	819	844	846	835	856	861	870	930	940	918	926	956	931	982	975	773	794	714	897	802	890	860	1568	1407	1080	1047	1148	1051	1037	1184	1213	1196	1159	1121	1272	1219	1199	1310	1256	1046	1097	1090	1041	1071	1040	1056	1168	1069	1026	1102	1123	1117	1205	1206	1162	1169	1235	1226	1195	1123	1146	1172	1159	1087	1142	1167	1150	1062	1222	1186	905	1019	990	951	970	957	905	842	940	798	800	729	821	961	994	908	899	888	411	417	461	403	845	798	679	635	657	778	799	651	735	769	749	605	551	599	698	325	353	325	342	374	442	436	441	516	495	541	487	543	501	537	560	579	596	509	595	566	564	642	577	554	576	594	622	622	629	628	642	611	499	505	513	574	592	555	535	582	759	743	656	739	683	679	744	792	744	677	772	727	748	618	687	679	660	682	672	666	623	690	619	836	869	741	711	709	716	754	718	748	707	747	735	763	798	822	813	819	855	795	783	720	626	542	596	644	4	4	1	1	1	1	5	9	18	20	12	12	11	10	50	24	20	22	23	21	20	30	32	39	53	54	93	86	72	78	61	60	58	63	41	54	50	181	170	161	153	171	164	159	189	182	166	216	168	130	85	96	107	88	141	161	157	107	106	113	94	92	140	114	130	126	121	131	138	124	138	123	207	171	161	196	165	248	275	273	214	206	245	232	198	198	587	448	505	490	478	492	475	508	491	511	518	548	502	374	404	448	451	380	408	411	440	444	471	475	351	356	382	319	332	405	337	359	362	354	341	366	371	379	346	353	412	387	426	407	407	408	371	359	352	333	342	265	321	319	200	311	300	316	325	355	357	330	328	322	319	330	312	311	317	257	314	270	254	226	260	251	272	272	249	217	252	247	208	269	251	244	263	154	173	140	164	225	213	224	206	1693	1594	1823	1711	1694	1324	1573	1570	1513	1568	1728	1724	1827	2532	2709	2407	2308	2159	2355	2277	2507	2699	1539	1944	1672	1669	1825	1757	2138	2104	2296	2105	2154	2455	1997	2011	2270	2200	2550	2403	2155	2179	2277	2472	2433	2364	2303	2622	2697	2303	2581	2526	2876	2934	3001	3075	2594	2767	2538	2638	2603	2727	2916	2496	2815	2674	3112	3466	3428	3324	3463	1957	1907	1896	2284	2096	2107	2006	1922	1265	1419	1450	1340	1349	1332	1384	1503	1506	1588	1622	1663	1585	1383	1349	1432	1509	1450	1485	1489	1461	1463	1593	1423	1592	1723	1280	1337	1381	1506	1642	1596	1512	1590	1636	1707	1595	1635	1665	1801	1755	1776	2401	2308	2322	2362	2293	2299	2064	2024	2141	1989	2088	1949	2039	1949	1717	2014	1954	2222	2203	2159	2086	1771	2017	1957	1894	1847	1889	1847	1805	1757	1831	1884	1940	1783	1898	2195	2136	2231	1980	1746	813	846	758	737	704	1102	1239	1178	1189	1093	981	993	1005	1474	1302	1423	1426	1684	1748	1199	1212	1151	983	1162	907	1161	949	991	1503	1143	1103	1097	1160	1217	1198	1206
HOXA3	2636	2854	3130	2356	2529	2356	4966	4226	3835	3473	3689	3937	3593	3312	3241	3250	3067	2516	2647	2827	3065	2919	1024	1629	1408	1278	918	967	990	942	925	901	949	919	933	895	892	888	849	925	924	911	982	906	833	765	869	760	777	782	835	780	805	834	852	852	865	863	868	862	870	846	743	772	669	847	833	819	827	1181	1208	1030	971	978	961	976	1140	1131	1090	1033	1064	1178	1169	1082	1221	1170	1115	1094	994	921	945	1028	1039	1065	1010	1011	1028	1011	1077	1065	1169	1068	1057	1099	1144	1115	1068	1082	1057	1051	1026	1030	1065	1106	1017	1102	1071	863	869	963	919	825	828	839	823	889	761	786	735	833	894	897	904	895	856	396	403	473	389	762	755	625	565	604	703	731	650	693	718	725	555	517	557	591	320	292	304	312	372	385	438	428	460	458	490	401	448	465	538	490	557	556	517	532	499	509	585	559	541	567	540	558	599	604	606	563	560	470	500	488	521	532	484	543	540	654	612	662	670	605	651	731	708	677	616	674	677	639	608	605	646	605	616	603	586	609	583	577	748	787	685	649	696	651	716	670	694	705	715	715	711	729	729	811	760	767	721	710	694	664	499	622	589	6	5	1	2	2	2	8	9	15	20	11	13	11	15	47	30	20	30	26	24	21	28	37	43	49	58	81	83	70	68	65	57	46	61	41	53	58	139	155	163	161	162	148	144	181	160	145	188	169	122	94	105	91	72	142	139	162	98	91	104	89	84	128	106	124	106	93	139	118	127	119	125	181	164	155	185	156	203	255	242	213	214	199	204	200	176	523	392	426	455	433	460	429	462	486	479	471	459	463	359	380	412	430	353	413	378	404	417	425	413	322	286	321	302	309	360	349	329	347	334	316	350	324	363	345	334	340	365	358	404	360	412	395	340	334	338	326	261	307	300	156	332	275	286	334	306	304	317	292	301	296	297	324	288	274	244	301	235	243	212	263	248	242	225	232	242	231	228	205	252	235	213	237	160	154	136	150	202	167	207	207	1531	1520	1839	1641	1622	1254	1420	1448	1410	1486	1530	1579	1654	2465	2421	2276	2165	1953	2196	2075	2259	2490	1520	1818	1658	1639	1695	1661	2125	2026	2094	1989	2011	2171	1942	1950	2072	1994	2249	2295	2072	2093	2204	2349	2245	2139	2204	2406	2287	2199	2324	2301	2515	2460	2584	2530	2355	2289	2232	2239	2424	2601	2664	2412	2594	2560	2773	3035	2894	2813	2882	1671	1573	1543	1767	1903	1777	1752	1723	1206	1312	1371	1338	1278	1262	1271	1367	1334	1429	1530	1508	1481	1335	1295	1390	1336	1406	1390	1436	1402	1438	1493	1420	1571	1535	1194	1233	1349	1436	1546	1484	1485	1502	1474	1520	1460	1565	1549	1652	1589	1551	2161	2028	2104	2136	2077	2027	1947	1898	1897	1836	1922	1805	1810	1827	1602	1768	1694	1931	1878	1787	1859	1690	1844	1812	1748	1720	1777	1835	1751	1615	1748	1701	1723	1691	1757	1991	2015	1991	1921	1769	768	820	746	728	718	986	1163	1138	1212	994	941	1024	1032	1388	1216	1377	1388	1640	1611	1137	1227	1150	914	1063	885	1060	909	943	1334	1104	1068	1096	1166	1124	1219	1135
MAX	2703	2682	3106	2540	2860	2523	4712	3997	3473	3489	3320	3892	3396	3004	3038	3179	2941	2413	2511	2840	2871	2849	1199	2059	1843	1671	898	838	891	846	790	810	774	835	807	762	793	839	744	855	828	811	912	842	777	701	730	678	677	792	735	769	750	763	743	760	784	784	753	744	755	750	691	739	645	774	731	691	803	1126	1122	909	869	938	912	944	1017	1035	1044	1011	1033	1080	1029	1042	1071	1006	809	882	903	838	840	933	866	919	876	850	926	969	1005	962	1016	999	980	984	956	1001	958	1006	975	975	988	1109	1012	1080	1001	1043	1048	822	878	896	852	839	871	806	802	947	766	808	775	805	942	924	895	881	847	457	494	438	458	794	723	631	599	632	687	704	613	727	733	745	591	577	633	649	340	326	308	335	324	410	419	368	477	422	484	434	439	449	486	461	495	507	447	462	480	484	535	503	497	484	474	514	470	516	531	513	508	434	455	448	463	516	478	467	476	581	626	517	583	572	560	618	660	607	596	566	659	655	498	517	517	527	563	559	527	562	550	578	650	711	594	637	627	579	620	641	650	568	676	701	633	600	663	686	705	731	676	719	630	581	481	515	556	3	3	2	2	1	2	8	5	13	16	11	9	14	9	33	17	25	23	21	15	22	20	25	31	51	60	66	61	64	73	50	48	33	48	38	47	58	119	132	153	127	140	134	132	129	149	112	140	132	125	75	117	88	65	120	105	131	89	74	85	89	75	102	94	107	86	89	107	97	89	95	91	215	163	162	194	154	181	233	187	196	177	172	156	172	154	449	382	410	438	382	384	397	391	433	407	425	421	380	306	304	365	364	350	332	352	353	371	415	401	261	284	308	291	303	294	281	309	295	273	287	314	298	283	304	296	330	350	306	323	332	350	329	345	343	296	304	266	303	299	135	261	260	264	283	259	259	278	260	255	268	272	279	251	261	245	243	271	221	179	202	217	205	212	206	218	226	219	195	219	230	226	234	139	176	153	168	243	190	184	232	1595	1589	1739	1575	1605	1410	1574	1620	1530	1556	1632	1754	1786	2460	2447	2330	2217	2136	2249	2123	2413	2553	1625	1933	1799	1735	1907	1826	2119	2272	2305	2206	2262	2156	1731	1889	1977	2004	2204	2180	2062	1980	2013	2082	2034	1946	1975	2212	2234	2072	2220	2187	2355	2396	2422	2273	2107	2298	2112	2170	2276	2332	2434	2223	2377	2321	2461	2786	2786	2765	2786	1574	1461	1475	1672	1678	1627	1610	1535	1168	1143	1221	1158	1141	1117	1167	1187	1250	1275	1336	1317	1348	1126	1198	1284	1270	1290	1289	1322	1245	1284	1401	1202	1381	1485	1203	1188	1130	1308	1434	1407	1367	1402	1320	1371	1391	1381	1470	1498	1433	1425	2100	1876	1959	2087	1971	1977	1766	1701	1845	1726	1837	1643	1770	1710	1594	1848	1696	1822	1759	1685	1743	1457	1685	1545	1566	1528	1552	1539	1520	1477	1642	1607	1590	1579	1658	1786	1938	1912	1653	1485	846	858	833	767	748	1078	1126	1121	1146	1031	939	904	949	1371	1203	1300	1328	1522	1604	1313	1271	1220	1114	1251	973	1118	978	1003	1445	1174	1177	1153	1160	1192	1213	1208
POU2F1	3126	3417	3518	2684	2968	2970	4714	3951	3689	3320	4087	3803	3285	3260	3147	3204	3196	2563	2698	2929	2967	2993	1151	1564	1503	1323	915	985	966	964	1011	924	998	959	945	963	909	947	943	923	959	909	1005	909	786	903	921	881	813	848	846	777	815	863	872	859	875	911	926	924	924	899	788	766	779	925	901	920	852	1140	1152	1064	957	1051	1080	1101	1224	1107	1114	1181	1171	1222	1158	1219	1244	1227	1175	1182	1075	967	1029	1000	1018	1092	1047	1107	1052	1028	1076	1163	1093	1045	1111	1158	1213	1094	1134	1072	1111	1141	1126	1072	1170	1209	1120	1132	1123	932	957	1073	1016	966	902	948	903	985	965	960	936	1004	985	928	1045	1027	977	493	528	599	507	880	819	702	683	707	770	801	818	828	825	851	663	649	716	715	409	367	346	395	417	444	494	489	507	495	483	429	485	527	534	514	570	571	562	555	544	536	611	593	572	585	607	595	619	581	599	571	596	510	555	599	609	570	531	576	612	659	565	684	704	695	662	722	744	710	635	729	645	646	662	622	639	647	636	600	629	653	632	595	731	757	692	709	708	669	753	691	721	827	757	794	741	745	804	811	785	769	733	735	702	724	594	718	705	10	8	2	3	2	3	14	16	7	15	12	14	12	20	39	26	19	21	26	20	24	31	39	31	53	69	78	72	90	72	61	42	60	49	47	46	58	158	166	158	146	153	162	151	173	163	161	197	183	133	97	96	96	100	146	131	151	144	103	107	104	107	123	104	117	126	124	133	132	145	138	127	201	192	172	190	177	198	221	219	217	252	225	219	192	197	511	345	461	398	420	463	442	505	503	469	484	497	497	376	460	434	435	364	432	405	451	439	452	450	381	325	307	357	376	335	366	353	343	347	329	361	371	391	367	364	420	390	381	390	392	430	405	419	373	386	386	329	310	348	161	288	320	294	341	306	317	329	289	289	310	305	310	307	284	249	315	260	257	242	260	276	253	270	293	244	248	222	208	253	246	231	242	237	207	178	200	246	197	225	212	1695	1701	2044	1879	1889	1525	1769	1666	1684	1774	1807	1854	1905	2734	2583	2466	2321	2195	2341	2314	2710	2612	1905	2110	2049	2040	2043	1961	2587	2428	2407	2278	2317	2149	2174	2094	2182	2169	2295	2514	2250	2342	2290	2451	2342	2157	2186	2391	2321	2367	2383	2362	2397	2294	2395	2382	2338	2081	2159	2130	2581	2769	2727	2478	2679	2639	2852	2918	2716	2694	2672	1536	1507	1470	1678	1711	1717	1705	1774	1298	1268	1361	1323	1286	1276	1312	1327	1335	1445	1477	1510	1433	1571	1416	1458	1420	1426	1373	1454	1466	1494	1588	1673	1655	1637	1345	1334	1446	1439	1565	1557	1522	1486	1524	1585	1551	1556	1495	1706	1657	1615	2083	1950	2027	2001	2048	1950	1968	2048	1816	1865	1968	1809	1805	1750	1479	1667	1570	1827	1820	1781	1873	1726	1814	1885	1826	1845	1772	1991	1889	1767	1767	1801	1812	1832	1874	2064	2118	2023	2183	2005	1033	991	874	900	942	1217	1312	1316	1331	1141	1084	1265	1204	1505	1422	1549	1571	1852	1704	1366	1511	1465	1245	1385	1135	1257	1121	1133	1505	1306	1267	1337	1463	1304	1397	1363
ZNF687	3256	3154	3645	2922	3275	3004	5230	4435	3937	3892	3803	4527	3807	3328	3434	3558	3281	2726	2883	3128	3193	3193	1298	2081	1957	1784	984	953	989	960	969	956	876	963	916	924	947	921	926	938	978	919	948	972	843	783	818	777	814	903	842	933	910	888	798	821	921	934	880	888	967	891	804	838	742	885	807	777	902	1216	1239	1031	1006	1015	1067	1133	1110	1150	1249	1226	1188	1268	1190	1189	1201	1134	958	1056	1014	1057	1027	1056	1061	1104	997	961	1049	1070	1143	1085	1180	1186	1090	1058	1086	1118	1092	1089	1104	1129	1097	1182	1122	1200	1140	1181	1148	974	967	1072	1026	957	938	911	965	1116	868	858	913	892	984	994	1006	997	909	536	523	517	485	889	836	718	630	699	828	775	764	790	803	928	638	629	700	724	379	361	383	404	370	441	498	440	529	494	561	471	512	505	526	508	543	559	528	509	541	566	600	580	588	533	551	578	557	606	595	594	579	504	550	516	550	590	567	536	540	623	682	615	636	667	627	721	700	698	717	686	767	739	602	541	604	589	616	576	644	652	613	599	697	819	731	727	759	707	690	749	732	650	756	798	692	671	763	790	772	791	787	790	685	657	586	580	659	5	4	1	2	1	1	10	10	13	18	17	12	11	10	50	20	29	22	22	25	29	28	29	30	59	62	81	76	70	80	50	59	42	60	38	55	55	109	164	175	137	169	164	142	171	167	131	128	146	138	91	126	115	64	114	104	118	88	91	103	105	88	117	106	115	108	100	138	116	100	105	112	217	193	186	203	162	178	237	193	237	217	197	182	181	167	443	388	471	441	422	455	459	472	530	483	466	460	450	375	356	417	410	385	410	428	411	400	448	478	320	331	342	346	332	370	326	355	350	326	346	357	318	375	328	331	403	387	354	369	392	374	358	411	395	365	375	247	325	333	125	264	316	300	327	291	263	285	285	299	311	291	296	317	331	264	295	279	258	209	226	234	254	264	246	248	256	248	229	256	235	243	283	153	177	171	180	242	203	233	237	1798	1819	1997	1858	1814	1570	1902	1796	1749	1821	1930	1962	1970	2762	2811	2647	2533	2415	2490	2439	2821	2897	1886	2223	2112	1937	2178	2052	2504	2557	2586	2492	2532	2370	1944	2105	2204	2191	2462	2453	2356	2217	2276	2322	2293	2224	2238	2472	2493	2316	2369	2445	2666	2684	2653	2582	2200	2626	2446	2436	2598	2721	2819	2558	2756	2627	2793	3132	3038	3130	3173	1783	1632	1636	1892	1788	1825	1802	1791	1362	1322	1357	1305	1309	1250	1271	1332	1398	1357	1519	1475	1478	1315	1321	1430	1411	1398	1477	1497	1504	1498	1658	1349	1510	1700	1373	1349	1337	1441	1656	1631	1580	1645	1589	1605	1610	1492	1734	1765	1658	1676	2286	2115	2146	2356	2204	2163	2021	1983	2083	1948	2065	1877	1878	1909	1918	2149	2022	1998	1983	1856	1930	1670	1879	1893	1848	1794	1754	1775	1768	1706	1807	1916	1795	1863	1945	2036	2202	2271	1890	1721	954	971	962	860	840	1187	1297	1277	1366	1183	1069	1027	1087	1474	1412	1487	1548	1692	1785	1471	1441	1374	1281	1413	1113	1301	1136	1129	1553	1354	1303	1315	1334	1373	1361	1408
GABPB1	2545	2328	2712	2074	2339	1998	4987	4330	3593	3396	3285	3807	3971	3738	3437	3084	2849	2406	2407	2613	2814	3061	877	1733	1363	1273	1057	921	959	828	792	799	766	783	810	925	772	763	836	817	803	788	827	841	753	656	726	691	671	697	690	717	765	773	747	773	750	742	803	793	832	786	676	707	648	686	652	722	743	1421	1240	860	880	935	860	869	966	981	956	945	914	1068	982	1028	1053	943	832	884	882	876	904	843	944	951	815	832	909	895	919	1016	1073	1042	1008	1049	1001	964	896	923	975	935	891	988	974	982	887	1037	1013	761	836	787	777	796	740	767	716	835	601	659	659	679	799	785	732	739	728	351	325	361	372	698	681	543	507	532	609	634	487	594	632	670	490	484	501	540	268	288	289	307	289	349	384	350	457	382	452	389	459	392	473	452	464	462	433	450	448	453	481	509	440	474	469	482	522	533	479	484	490	409	410	414	461	493	455	470	454	701	683	542	587	574	538	628	652	592	611	607	628	660	523	545	530	521	573	519	563	512	539	525	727	793	620	590	574	564	597	573	604	582	673	597	584	603	652	646	691	731	633	655	549	495	430	492	537	3	1	1	1	1	1	3	8	17	16	6	8	11	11	47	18	24	18	19	14	19	26	25	31	50	48	69	66	68	64	51	52	37	51	23	39	48	216	138	114	119	144	127	124	147	138	137	173	139	110	68	83	87	62	107	124	130	63	79	96	70	71	100	89	92	102	82	113	114	100	106	103	183	142	150	175	139	188	230	222	192	188	174	187	152	154	449	339	371	411	441	422	380	415	392	416	417	445	429	302	322	356	343	306	360	353	338	353	389	375	274	299	295	276	281	291	290	299	303	279	273	296	304	319	302	279	373	347	354	317	319	323	306	305	300	279	260	212	278	278	126	258	254	248	269	306	273	272	280	268	252	271	292	262	247	204	262	232	220	173	209	176	212	202	186	204	201	195	189	234	198	197	214	116	145	136	148	188	172	164	185	1370	1323	1466	1374	1365	1117	1398	1360	1239	1366	1361	1503	1463	2008	2334	2043	1963	1861	1872	1870	2238	2260	1281	1618	1380	1342	1568	1457	1688	1809	1919	1816	1846	2060	1619	1691	1990	1837	2246	1999	1870	1823	1877	2074	1930	2044	1915	2211	2307	1904	2165	2066	2347	2455	2709	2745	2125	2410	2199	2373	2199	2211	2501	2125	2359	2341	2617	3052	2930	2801	3046	1794	1611	1662	2243	1815	1758	1750	1600	1081	1119	1175	1083	1152	1088	991	1262	1262	1426	1302	1356	1287	1130	1130	1134	1212	1192	1210	1243	1243	1217	1319	1120	1300	1367	1057	1118	1144	1189	1349	1336	1325	1299	1375	1451	1327	1382	1433	1498	1514	1498	2003	1951	1938	1982	1940	1912	1730	1708	1802	1617	1818	1590	1577	1637	1462	1888	1710	1826	1998	1938	1766	1455	1559	1662	1565	1493	1562	1541	1527	1440	1580	1541	1611	1444	1590	1887	1794	1891	1607	1396	697	713	648	623	582	863	1016	961	964	924	813	820	823	1189	1097	1185	1196	1388	1466	1022	1024	906	916	994	750	971	781	771	1250	916	877	917	991	1049	1006	991
THAP11	2054	2137	2392	1656	1855	1693	4607	4101	3312	3004	3260	3328	3738	4025	3168	2740	2572	2179	2230	2332	2602	2975	804	1340	1158	973	1029	936	931	806	786	720	807	745	824	842	687	731	789	778	776	793	806	787	753	700	746	653	621	630	672	622	675	739	760	748	671	678	821	779	775	776	648	625	605	677	647	706	670	1578	1261	840	816	868	847	790	947	896	853	875	869	971	947	981	1047	969	889	899	811	805	910	782	949	948	821	854	888	847	858	1029	948	925	998	1046	975	899	881	889	939	910	817	892	909	854	764	940	894	687	746	715	709	716	633	741	608	709	551	595	560	566	695	712	684	658	669	283	255	337	299	645	598	504	404	449	520	549	429	481	533	560	416	389	414	455	237	207	244	247	267	259	339	327	433	375	380	310	406	366	474	418	481	457	413	445	413	455	485	475	456	485	461	476	501	505	465	502	483	383	375	397	433	405	456	452	483	674	598	539	577	533	513	645	645	547	525	607	563	606	497	542	551	532	550	490	534	471	503	516	678	701	577	577	540	502	581	529	535	603	631	552	583	614	597	672	659	673	605	576	547	504	392	492	548	6	5	1	2	2	2	6	13	20	25	4	10	10	14	52	21	13	21	20	20	19	28	33	35	48	45	57	60	63	61	54	51	47	37	30	36	46	260	148	115	122	136	114	113	149	133	155	203	159	103	64	83	69	62	126	140	146	72	86	81	77	77	92	96	89	107	96	120	102	113	114	99	181	137	137	143	124	199	213	236	171	167	193	179	139	155	484	322	361	370	421	402	357	375	382	395	386	457	435	270	340	348	365	310	316	311	320	299	367	348	295	248	253	269	281	266	314	283	295	269	275	270	305	284	297	285	310	335	347	330	318	355	336	261	273	278	249	222	234	248	152	259	215	246	270	283	276	283	262	266	249	279	278	241	225	192	238	206	195	184	217	217	212	219	180	186	198	168	183	210	180	181	179	108	164	109	129	177	133	157	146	1191	1138	1290	1218	1225	919	1094	1138	1046	1122	1130	1235	1205	1811	2044	1784	1658	1509	1600	1562	1875	1942	1089	1381	1143	1183	1287	1153	1447	1479	1597	1466	1503	1835	1601	1509	1755	1653	2014	1911	1670	1750	1781	2105	1852	1906	1870	2022	2196	1822	2048	1949	2156	2225	2554	2671	2122	2103	1981	2179	2064	2201	2325	1993	2244	2333	2552	2911	2741	2505	2755	1634	1520	1561	2161	1731	1705	1677	1533	1011	1021	1130	1018	1082	1075	1011	1247	1244	1414	1260	1283	1221	1174	1040	1088	1139	1085	1105	1149	1125	1137	1189	1167	1305	1253	913	1065	1130	1161	1222	1245	1234	1186	1323	1459	1202	1302	1277	1387	1451	1494	1797	1836	1838	1775	1839	1765	1603	1618	1568	1490	1684	1486	1450	1536	1257	1550	1387	1737	1933	1795	1612	1394	1488	1590	1498	1490	1501	1555	1508	1405	1453	1405	1514	1386	1453	1765	1662	1695	1655	1435	632	587	518	544	494	729	945	884	845	778	740	792	786	1046	984	1080	1045	1320	1292	850	856	831	731	829	640	844	635	654	1036	747	740	761	872	857	945	812
KAT8	2435	2237	2593	1890	2155	1865	4379	3778	3241	3038	3147	3434	3437	3168	3125	2801	2692	2157	2232	2406	2605	2691	853	1492	1217	1116	867	895	901	803	788	740	768	760	765	824	720	745	816	807	793	744	808	788	665	646	727	679	638	671	687	679	705	722	694	722	682	676	745	737	772	731	664	629	584	655	638	731	660	1168	1114	774	797	884	877	833	958	971	914	925	863	1017	927	950	1043	936	899	919	856	835	875	821	903	875	805	802	852	832	821	995	1000	993	949	990	945	911	859	888	949	923	857	871	888	910	860	962	943	746	778	776	798	735	647	705	676	793	543	648	616	613	705	712	704	696	720	332	308	354	328	651	643	519	447	494	565	561	481	524	556	624	463	449	464	528	243	235	270	268	276	306	355	299	393	352	366	345	405	375	415	404	442	449	403	422	396	460	483	446	457	440	440	478	510	494	467	483	468	404	416	416	448	424	435	458	428	598	580	548	566	537	545	612	620	552	607	559	515	599	532	531	515	571	535	509	521	478	532	513	662	714	587	555	553	537	582	555	573	597	633	582	550	598	630	632	651	630	551	597	557	424	422	481	524	2	2	1	2	1	1	4	4	13	16	7	10	7	10	40	19	14	13	14	14	13	19	27	22	47	41	54	52	46	46	39	42	37	42	24	33	51	145	133	117	115	118	110	109	140	126	127	163	144	108	63	86	82	56	109	125	99	87	77	84	76	74	105	81	86	94	90	97	106	91	94	93	181	125	141	156	136	160	203	200	168	168	147	160	149	148	373	312	370	352	406	388	356	380	398	386	389	395	398	286	325	354	328	313	341	315	333	327	333	364	265	268	272	280	264	286	284	268	302	245	258	275	299	296	299	279	314	302	323	310	305	314	309	296	290	273	257	206	247	284	131	255	229	229	267	282	264	258	238	232	251	265	262	239	225	210	217	203	198	167	197	196	191	209	191	202	193	188	152	195	182	178	202	114	151	125	130	182	135	164	171	1223	1227	1379	1299	1292	1050	1313	1246	1139	1231	1276	1325	1333	1923	2117	1962	1788	1681	1704	1714	2155	2059	1174	1473	1291	1245	1465	1292	1559	1678	1791	1668	1688	1855	1605	1555	1780	1718	1996	1932	1801	1732	1823	1979	1830	1911	1837	2061	2113	1845	2021	1909	2130	2191	2413	2360	1905	2154	2006	2123	2126	2156	2353	2072	2191	2205	2459	2832	2627	2536	2629	1645	1385	1404	1865	1602	1556	1591	1554	1009	1068	1149	1049	1038	1057	957	1147	1134	1280	1229	1260	1195	1151	1075	1102	1157	1128	1163	1148	1196	1168	1238	1176	1269	1301	1023	1043	1106	1113	1276	1303	1251	1226	1323	1400	1261	1306	1352	1424	1480	1421	1790	1760	1735	1813	1819	1788	1648	1611	1656	1531	1715	1485	1443	1463	1379	1709	1557	1666	1811	1709	1624	1403	1489	1608	1541	1466	1482	1484	1474	1408	1442	1486	1510	1406	1476	1787	1740	1758	1641	1399	642	669	597	577	560	809	906	935	950	844	784	803	814	1085	1024	1115	1092	1345	1346	932	955	893	814	923	691	887	772	764	1126	801	810	868	943	945	996	927
ZGPAT	3070	3108	3451	3103	3503	3231	4298	3615	3250	3179	3204	3558	3084	2740	2801	3219	2939	2465	2524	2722	2800	2808	950	1592	1447	1405	773	772	837	838	758	813	761	783	764	793	800	767	769	785	793	794	794	805	689	623	698	656	688	672	728	684	719	734	663	744	745	776	733	712	732	727	670	782	690	717	727	751	746	1046	992	893	877	834	868	975	1005	1002	1038	998	977	1000	966	989	973	934	850	869	915	831	809	888	881	868	830	836	892	893	920	920	957	962	879	933	942	955	920	948	920	906	1039	1017	1077	1074	1019	1063	1043	834	883	948	895	942	916	842	861	1029	927	917	882	925	959	965	900	966	924	556	562	535	530	761	752	706	610	674	734	707	754	806	807	810	662	701	766	783	401	363	325	386	375	428	475	426	484	443	463	393	409	406	442	419	462	457	437	452	418	426	451	505	465	456	471	469	479	470	471	447	480	446	465	456	479	497	467	435	474	523	529	528	544	563	532	570	580	573	574	543	564	564	486	495	533	526	535	496	554	516	531	541	635	697	613	593	601	567	603	577	600	609	666	624	602	576	623	641	621	679	620	621	553	526	515	553	532	3	3	1	1	1	1	5	8	9	11	13	10	9	6	35	16	25	21	16	16	20	16	24	20	45	50	65	58	56	58	31	42	32	40	42	52	37	102	149	137	140	129	126	122	133	111	124	143	138	109	101	100	94	81	98	114	108	90	70	86	77	79	94	93	89	90	87	100	90	85	86	91	151	153	150	165	150	154	190	173	182	188	160	154	160	141	388	311	402	393	352	380	368	390	424	394	390	382	394	289	297	351	352	323	340	330	345	364	358	396	295	289	305	281	270	286	268	272	271	267	266	284	295	292	261	283	316	334	301	304	323	308	281	359	319	302	324	264	313	320	123	251	271	240	259	256	277	259	248	253	251	250	253	266	236	199	220	204	216	174	207	211	188	195	218	203	227	196	197	235	199	218	189	171	165	188	208	221	225	230	229	1762	1808	1814	1778	1745	1897	1982	1861	1849	1850	1956	2014	2118	2518	2640	2428	2482	2375	2402	2426	2698	2845	2094	2268	2130	2055	2297	2260	2537	2680	2620	2648	2670	2082	1913	1964	2122	2044	2250	2211	2040	1979	2111	1860	1900	1868	1886	2094	2047	1944	2119	2012	2107	2181	2173	2127	1875	2085	1904	2005	2141	2242	2310	2045	2160	2150	2274	2628	2552	2542	2508	1424	1317	1312	1501	1526	1499	1465	1459	1077	1141	1131	1044	1071	1087	1063	1095	1109	1238	1239	1262	1276	1115	1130	1123	1229	1216	1252	1280	1255	1216	1469	1267	1382	1436	1223	1150	1194	1305	1376	1345	1342	1299	1307	1253	1301	1319	1402	1417	1400	1303	1880	1714	1872	1927	1815	1813	1709	1660	1802	1658	1704	1655	1718	1664	1524	1696	1707	1638	1600	1598	1594	1456	1509	1516	1483	1463	1549	1538	1531	1488	1478	1536	1546	1513	1603	1825	1866	1937	1720	1529	1020	1011	992	963	969	1164	1197	1229	1266	1106	1076	1035	1064	1508	1371	1387	1379	1654	1670	1550	1550	1498	1543	1547	1231	1272	1205	1189	1502	1464	1420	1383	1348	1394	1397	1457
HDAC1	3129	3143	3304	2864	3375	3168	4080	3395	3067	2941	3196	3281	2849	2572	2692	2939	3015	2229	2324	2701	2598	2550	1033	1481	1394	1268	726	814	809	809	772	771	777	779	729	796	760	770	792	783	790	750	815	787	669	679	697	699	650	716	731	722	718	682	714	683	710	726	775	720	739	750	684	699	658	768	689	744	721	885	1005	926	775	854	909	927	1039	999	982	964	949	1018	994	981	1006	996	875	937	869	865	841	812	869	896	866	879	853	869	885	983	947	887	906	953	948	896	905	907	915	889	1065	990	1058	1070	931	1036	1057	833	881	869	866	903	884	815	852	1044	889	969	882	872	983	922	973	1001	934	576	589	588	570	781	757	675	605	686	714	723	808	844	813	820	690	722	732	812	392	365	323	351	380	434	470	465	471	452	427	399	424	439	416	416	419	447	440	421	415	434	492	439	489	451	473	466	476	486	466	455	421	455	459	453	460	499	458	462	483	541	463	536	548	522	521	577	567	558	567	547	542	594	522	508	503	543	537	508	522	540	492	508	653	667	612	601	591	571	622	572	609	602	602	643	594	608	636	604	646	623	604	586	560	565	512	596	563	5	5	1	1	1	1	10	8	8	10	12	14	9	14	34	16	20	13	21	15	19	26	29	17	74	56	61	52	61	55	41	33	31	47	37	47	40	108	122	116	137	128	121	132	132	115	109	141	129	125	76	109	97	78	94	96	99	96	72	84	83	78	115	84	98	95	100	98	85	107	92	99	190	163	161	176	131	156	205	175	166	177	157	162	144	141	355	288	411	349	345	363	360	426	382	409	384	424	397	303	339	329	326	329	321	344	368	354	364	352	308	307	285	303	273	297	264	285	263	268	261	316	279	308	280	263	307	328	289	298	300	320	306	336	322	336	324	268	297	314	109	240	244	257	266	245	257	262	232	254	226	236	257	246	246	206	246	213	200	193	196	202	200	210	229	230	219	212	177	234	190	201	206	153	175	181	229	212	221	222	223	1702	1716	1869	1830	1814	1815	1891	1828	1841	1812	1845	1921	2076	2489	2499	2425	2369	2314	2272	2313	2722	2614	2154	2191	2176	2113	2223	2145	2371	2636	2584	2539	2621	1950	1885	1911	1981	1962	2127	2111	2025	2014	2030	1949	1940	1915	1773	1996	2007	1965	2039	1959	2018	2045	2047	2028	1852	1973	1813	1831	2231	2231	2414	2018	2217	2089	2346	2427	2302	2350	2360	1387	1247	1211	1418	1413	1403	1385	1487	1084	1091	1135	1041	1035	1050	1045	1076	1105	1169	1285	1216	1140	1258	1181	1162	1187	1179	1185	1223	1210	1197	1393	1369	1428	1423	1164	1159	1221	1334	1331	1343	1283	1341	1299	1304	1267	1286	1330	1426	1384	1323	1795	1666	1709	1771	1718	1675	1693	1657	1644	1592	1695	1534	1634	1548	1445	1637	1546	1549	1552	1556	1603	1359	1540	1560	1489	1501	1495	1643	1547	1505	1462	1495	1556	1544	1534	1820	1826	1812	1783	1625	1084	1054	1012	1003	1007	1254	1194	1245	1318	1139	1024	1112	1069	1399	1371	1370	1370	1639	1495	1544	1608	1526	1568	1561	1277	1298	1228	1224	1504	1388	1350	1313	1414	1359	1446	1441
RBPJ	2242	2517	2697	2330	2573	2437	3287	2761	2516	2413	2563	2726	2406	2179	2157	2465	2229	1943	1987	2130	2175	2179	824	1205	1188	1081	621	621	671	647	619	619	605	608	584	655	600	594	591	608	604	589	647	629	570	500	571	524	553	529	552	518	598	582	541	583	564	613	589	585	554	570	499	598	538	597	618	615	589	812	781	708	682	667	703	760	807	809	831	783	769	795	768	761	771	728	687	706	663	627	668	683	689	698	674	671	704	647	715	688	762	726	704	727	769	705	709	722	760	724	834	852	789	879	797	824	823	652	710	760	704	714	750	701	659	741	784	742	673	775	756	742	748	786	745	436	421	434	408	634	603	550	518	534	558	577	621	708	653	659	538	547	543	622	296	274	294	309	316	344	397	347	368	339	343	319	336	323	324	332	358	368	331	351	353	341	386	390	352	363	375	359	389	390	353	347	379	365	378	391	388	408	366	342	362	413	406	427	430	420	414	444	441	472	421	434	444	451	396	372	423	408	398	419	434	426	423	386	516	546	467	453	430	450	467	460	483	498	534	502	485	486	498	496	493	517	543	479	476	454	414	462	448	6	6	1	1	1	1	7	8	9	10	11	10	6	11	23	16	23	19	16	15	21	19	28	19	39	45	54	48	47	48	34	33	40	36	27	39	31	110	127	106	104	97	108	105	117	101	94	114	110	83	83	95	70	65	92	87	94	82	64	66	72	72	76	61	78	86	90	86	77	84	73	78	119	137	115	133	128	122	148	136	145	147	140	138	140	117	297	252	326	311	266	297	309	311	325	298	323	308	320	261	251	264	252	264	268	278	279	282	298	300	240	230	223	218	235	226	228	216	222	215	199	229	238	240	202	217	252	273	242	248	251	266	244	279	261	256	295	218	233	224	116	196	219	201	221	190	203	195	204	184	214	197	213	211	199	165	177	169	166	151	169	160	156	152	196	182	169	171	135	180	138	179	151	166	148	136	160	161	177	195	203	1363	1381	1527	1381	1426	1398	1402	1448	1440	1390	1504	1550	1630	2030	1990	1894	1949	1820	1901	1888	1954	2187	1656	1718	1670	1622	1774	1738	2063	2046	1959	1952	2005	1580	1522	1538	1631	1557	1761	1769	1627	1602	1651	1532	1530	1440	1490	1595	1526	1543	1703	1639	1647	1616	1679	1662	1467	1551	1443	1520	1702	1765	1811	1607	1652	1677	1823	2005	1902	1893	1908	1086	1017	997	1208	1201	1163	1140	1169	838	889	913	817	811	820	871	840	857	973	936	989	950	929	945	928	942	956	970	1019	969	969	1179	1065	1142	1131	957	888	948	1028	1108	1064	1043	1022	984	994	1026	1076	1061	1095	1056	1036	1461	1296	1461	1393	1377	1377	1324	1278	1319	1337	1382	1308	1355	1358	1097	1216	1183	1251	1252	1251	1290	1124	1180	1201	1165	1181	1234	1241	1232	1162	1201	1216	1201	1177	1282	1377	1398	1406	1409	1255	799	804	740	762	772	921	1015	982	998	844	841	898	906	1198	1018	1084	1114	1317	1247	1181	1230	1178	1090	1186	937	981	927	926	1240	1130	1132	1051	1086	1066	1125	1101
IKZF5	2312	2539	2812	2311	2527	2406	3438	2867	2647	2511	2698	2883	2407	2230	2232	2524	2324	1987	2137	2225	2278	2228	876	1247	1176	1066	591	646	687	701	666	666	646	660	633	685	668	671	638	658	659	650	720	675	601	562	612	597	579	568	587	608	613	602	589	596	602	635	623	600	599	642	583	610	583	644	630	674	599	788	789	789	734	709	734	828	845	805	846	814	824	845	822	818	830	800	758	756	747	662	687	746	728	755	708	706	740	714	764	727	791	798	756	787	775	778	768	781	751	777	862	886	821	884	830	830	849	681	711	812	781	759	738	715	686	795	737	702	733	740	757	772	771	774	711	431	382	439	405	682	630	584	492	581	587	620	608	697	625	677	536	514	539	583	316	253	279	321	318	323	374	377	380	383	374	336	355	351	353	355	391	394	370	389	389	339	402	402	402	383	379	389	396	414	407	373	402	361	398	406	448	434	389	390	400	403	407	457	456	464	480	474	490	503	426	450	473	482	421	403	460	466	428	466	454	437	452	424	493	557	464	495	495	468	524	493	536	501	547	533	512	513	521	539	527	553	560	464	496	525	423	459	483	5	4	1	1	1	1	6	7	13	13	12	10	9	12	31	21	22	17	23	17	18	19	27	20	45	50	69	50	50	66	41	38	46	36	37	36	41	96	129	117	118	91	110	119	118	108	103	123	110	103	85	85	88	73	99	88	85	83	75	68	79	76	82	85	86	84	79	92	79	79	87	89	131	146	121	147	134	144	147	156	149	157	164	154	149	136	314	271	359	318	284	330	307	319	333	313	331	313	330	286	280	296	292	266	301	286	308	315	318	330	236	254	241	237	251	247	255	231	255	224	227	248	244	250	224	249	260	290	248	255	278	283	256	324	268	268	292	218	235	242	150	197	245	241	233	193	205	216	204	217	209	213	200	231	204	181	184	194	166	161	174	174	176	171	200	192	182	178	150	191	175	199	171	140	139	161	164	173	175	191	184	1405	1420	1552	1375	1497	1307	1413	1388	1402	1385	1467	1522	1589	2057	2100	1933	1901	1851	1925	1892	1995	2202	1545	1746	1611	1636	1691	1675	2076	1955	2024	1942	1943	1659	1580	1621	1666	1659	1748	1778	1686	1693	1786	1620	1603	1551	1584	1662	1621	1654	1781	1676	1717	1664	1687	1716	1515	1608	1537	1542	1827	1883	1942	1792	1780	1779	1874	2114	1954	1961	2029	1140	1019	1000	1187	1225	1145	1168	1223	898	955	968	894	896	882	945	940	921	1000	1044	1048	1047	995	985	1012	1024	1031	1038	1111	985	1048	1198	1142	1170	1177	1024	971	1054	1094	1161	1122	1128	1069	1031	1035	1133	1114	1142	1183	1125	1078	1497	1371	1524	1489	1489	1461	1423	1351	1402	1420	1391	1332	1437	1379	1177	1289	1307	1336	1290	1296	1346	1213	1288	1269	1216	1227	1261	1344	1280	1208	1293	1250	1260	1314	1360	1448	1508	1500	1480	1297	793	769	730	698	701	969	1017	971	1001	914	851	878	894	1246	1057	1127	1134	1321	1325	1124	1163	1203	1018	1126	900	977	854	885	1203	1122	1092	1055	1062	1007	1113	1087
TFAP4	2601	2848	3257	2752	3139	2872	3730	3140	2827	2840	2929	3128	2613	2332	2406	2722	2701	2130	2225	2581	2450	2375	1112	1582	1540	1388	698	728	752	694	683	688	705	721	634	653	725	694	683	684	729	659	774	730	686	585	612	607	647	639	625	658	624	637	642	675	683	698	685	667	671	660	577	682	611	698	735	649	697	836	852	872	822	810	814	858	953	880	908	892	846	938	834	866	877	835	745	826	807	755	727	732	726	741	736	743	805	800	841	784	864	844	809	844	824	822	815	818	785	809	934	1027	909	977	854	970	961	724	746	838	873	851	874	749	751	872	827	857	816	842	927	918	881	916	852	529	527	495	477	835	670	653	618	622	687	764	693	825	802	822	629	630	684	691	404	334	352	377	395	425	451	416	389	432	470	356	406	408	379	394	400	398	382	397	417	409	423	431	414	424	452	414	430	475	407	417	408	409	425	420	421	447	463	399	452	473	482	459	495	462	482	538	557	486	483	536	481	485	444	442	465	492	488	452	497	493	444	443	587	586	532	513	503	518	570	553	529	523	608	575	540	560	561	585	590	612	636	563	560	612	478	540	498	11	10	1	2	2	2	11	12	15	15	13	12	9	18	34	27	22	21	26	31	23	28	39	27	65	64	63	67	54	57	56	53	42	57	40	49	43	100	138	133	128	136	110	110	123	121	118	113	133	110	98	91	93	72	86	87	103	76	83	71	92	65	97	91	92	115	103	108	89	110	106	88	175	176	145	164	128	166	174	162	152	152	212	151	127	135	359	342	372	374	315	330	314	367	349	356	353	365	387	320	283	319	299	291	315	299	305	302	357	333	298	268	270	255	270	277	240	247	276	238	229	302	266	281	234	263	304	327	254	285	292	311	268	296	288	275	291	249	321	288	115	194	227	233	285	239	237	221	212	217	219	223	217	243	246	210	207	203	213	175	175	199	189	194	206	197	222	182	215	211	196	192	210	134	192	156	218	235	214	192	236	1634	1690	1912	1655	1801	1604	1600	1737	1687	1626	1715	1824	2003	2353	2309	2173	2300	2275	2304	2218	2249	2584	1888	2055	2007	1958	2102	1982	2301	2458	2417	2336	2431	1874	1722	1877	1828	1868	1974	1916	1826	1857	1880	1701	1703	1672	1631	1791	1690	1765	1897	1975	1901	1851	1857	1769	1673	1756	1628	1677	1896	2040	2056	1843	1886	1924	2107	2220	2177	2156	2174	1218	1136	1086	1294	1343	1272	1255	1278	956	1083	1040	977	989	950	1014	942	1020	1024	1128	1095	1083	1026	1090	1168	1044	1087	1057	1135	1064	1132	1309	1203	1308	1351	1065	1019	1071	1215	1195	1217	1143	1162	1140	1103	1164	1150	1230	1265	1224	1166	1702	1492	1586	1622	1572	1536	1461	1482	1586	1484	1537	1528	1635	1566	1319	1428	1415	1426	1379	1378	1438	1236	1408	1388	1295	1341	1350	1439	1419	1323	1401	1371	1393	1335	1406	1494	1593	1590	1589	1370	1008	987	922	858	870	1109	1247	1106	1188	1051	984	998	987	1383	1191	1231	1264	1470	1450	1369	1448	1416	1244	1327	1122	1184	1072	1095	1510	1336	1340	1294	1289	1205	1313	1267
ERF	2281	2558	2847	2263	2515	2270	3973	3334	3065	2871	2967	3193	2814	2602	2605	2800	2598	2175	2278	2450	2573	2464	939	1424	1350	1227	715	749	819	793	732	800	756	795	760	688	708	730	671	735	725	719	782	782	728	630	695	610	667	678	697	670	673	642	660	706	712	741	700	679	659	734	598	682	595	706	696	702	689	945	920	841	772	766	785	802	928	912	931	897	867	970	927	916	910	930	840	876	834	752	745	878	789	895	830	812	848	857	901	787	922	893	835	881	887	901	835	878	850	864	870	932	977	941	957	930	955	701	826	827	794	804	779	724	717	772	747	766	727	778	774	812	796	825	789	416	403	430	420	701	651	598	528	552	617	640	616	676	665	658	542	531	562	615	309	275	270	334	338	350	423	366	387	394	424	336	428	376	408	423	432	455	404	454	429	440	474	460	426	464	434	488	465	492	462	466	479	411	407	408	482	489	463	413	448	478	490	535	542	521	552	544	594	574	499	515	535	540	440	483	531	492	520	499	498	502	518	471	572	638	558	576	560	562	590	553	592	602	612	578	616	598	583	624	631	679	637	570	581	549	451	499	505	5	5	1	2	1	1	9	8	18	17	12	12	11	10	37	29	20	18	19	23	19	16	26	28	43	51	77	75	58	69	62	49	62	41	39	48	35	106	152	139	135	115	126	123	154	151	133	146	140	101	85	88	81	72	109	104	120	75	82	96	90	79	92	97	100	97	99	121	109	102	99	100	144	152	130	161	150	185	202	186	161	189	201	186	184	168	438	349	418	395	325	405	378	389	400	385	383	379	411	316	329	351	344	322	321	348	363	348	374	380	262	277	267	262	282	323	274	280	305	283	280	267	313	274	244	267	313	304	298	318	322	311	301	323	299	287	306	239	242	261	213	233	270	266	267	260	249	258	240	249	240	257	235	269	236	206	220	210	207	187	203	226	205	204	204	187	194	186	165	202	181	211	194	132	150	152	160	182	185	179	187	1373	1467	1595	1483	1482	1338	1371	1428	1404	1406	1469	1592	1676	2127	2202	2016	2022	1825	2010	1967	1936	2373	1559	1721	1624	1633	1702	1679	2042	1967	2002	1940	1957	1843	1674	1688	1828	1743	1993	1912	1761	1830	1868	1794	1821	1750	1790	1798	1821	1789	1958	1916	2051	1989	2071	1965	1818	1893	1806	1847	2005	2071	2142	1958	2057	1983	2261	2442	2372	2311	2293	1368	1199	1199	1377	1489	1371	1408	1374	951	1089	1091	1001	1007	994	1138	1113	1098	1174	1205	1223	1250	1105	1061	1122	1169	1140	1175	1200	1084	1123	1349	1205	1310	1353	1065	1015	1069	1182	1281	1192	1196	1225	1196	1168	1205	1225	1274	1344	1326	1168	1774	1595	1778	1699	1664	1680	1613	1559	1591	1525	1540	1481	1611	1580	1295	1442	1431	1572	1487	1473	1516	1408	1513	1415	1384	1342	1468	1449	1403	1387	1394	1386	1457	1401	1467	1567	1673	1655	1612	1431	744	801	727	732	710	963	1028	1018	1014	891	876	871	948	1273	1084	1201	1220	1412	1464	1147	1217	1126	1015	1131	905	1024	890	899	1280	1113	1092	1034	1068	1086	1129	1135
IRF2	2704	2585	2971	2428	2770	2546	4024	3436	2919	2849	2993	3193	3061	2975	2691	2808	2550	2179	2228	2375	2464	2797	889	1422	1292	1187	799	776	780	758	723	698	695	659	727	806	696	703	736	709	699	721	760	721	642	607	669	635	626	600	638	602	686	655	653	675	632	647	701	698	707	698	663	661	629	678	619	756	653	1217	1019	785	796	790	855	869	943	933	881	926	840	921	872	904	889	824	806	827	810	776	828	807	794	779	725	773	815	750	799	875	860	878	891	885	881	832	818	813	861	843	954	969	911	965	893	889	953	723	785	839	790	834	721	778	763	900	737	751	777	717	811	839	807	777	784	464	436	460	437	681	686	605	483	558	614	603	630	665	635	693	586	548	600	641	336	279	292	355	326	328	382	391	415	382	406	372	412	368	377	402	411	426	362	419	422	395	456	442	437	424	441	448	439	451	415	444	466	407	419	441	477	420	430	404	442	517	512	490	504	488	493	537	566	528	502	526	537	537	507	464	478	517	480	454	517	423	493	486	617	638	549	570	516	506	536	511	542	578	618	583	516	505	601	613	587	604	567	547	507	469	464	519	537	5	4	1	1	1	1	5	6	13	20	7	15	10	11	31	27	17	13	21	17	18	22	29	22	42	57	77	63	48	59	46	46	56	41	28	27	44	173	147	128	115	114	115	129	134	124	126	148	128	111	94	88	100	69	103	97	92	76	76	69	72	68	89	89	98	90	96	107	101	97	90	101	165	149	143	147	140	156	157	177	173	160	182	167	158	144	298	280	361	334	342	348	332	380	361	328	381	394	372	287	304	321	315	297	325	292	313	322	351	367	260	263	264	262	283	263	268	266	266	266	251	252	260	282	248	278	306	300	328	306	299	311	293	298	294	294	281	243	261	271	157	200	232	247	250	226	240	229	219	225	247	249	246	233	222	194	177	200	186	189	179	191	184	186	187	194	209	190	172	197	166	212	197	142	179	168	190	190	186	206	198	1510	1491	1577	1462	1491	1476	1666	1544	1526	1504	1595	1683	1676	2113	2299	2044	2133	1974	1939	1994	2320	2329	1696	1870	1679	1683	1802	1755	2031	2088	2139	2102	2102	1723	1668	1674	1854	1768	2009	1933	1805	1842	1875	1849	1737	1778	1791	1867	1955	1781	1970	1805	1943	1959	2042	2162	1753	1942	1809	1838	1960	2079	2193	1928	1997	2022	2166	2449	2330	2252	2439	1360	1235	1251	1689	1400	1398	1401	1420	975	985	1079	973	961	995	906	995	1085	1246	1111	1137	1105	1132	1076	1015	1106	1032	1113	1143	1134	1105	1321	1200	1252	1228	1031	1125	1098	1196	1258	1269	1234	1164	1219	1299	1278	1228	1254	1326	1287	1371	1602	1570	1652	1624	1619	1592	1540	1495	1509	1518	1618	1476	1466	1493	1303	1531	1437	1495	1569	1545	1504	1313	1372	1488	1400	1390	1376	1455	1446	1333	1396	1369	1384	1357	1458	1711	1699	1713	1586	1406	857	819	827	776	753	1015	1085	1050	1075	959	908	956	927	1244	1160	1198	1237	1474	1415	1226	1205	1232	1196	1275	964	1061	925	944	1271	1170	1127	1083	1097	1132	1208	1118
SMC3	1185	1210	1406	1054	1216	1212	1288	1132	1024	1199	1151	1298	877	804	853	950	1033	824	876	1112	939	889	3501	4180	4604	3926	217	250	282	267	268	283	259	276	267	259	297	327	271	331	293	295	321	300	344	247	281	273	247	256	252	236	293	241	357	305	262	254	362	297	255	262	233	316	264	404	274	241	300	257	337	458	336	344	326	367	394	278	349	344	348	342	344	387	336	343	320	338	372	302	331	302	309	247	329	312	343	269	297	311	400	392	442	368	385	326	326	341	327	361	582	531	335	410	356	360	399	288	288	373	439	336	329	315	356	358	336	338	322	311	530	403	359	351	346	211	224	209	206	341	286	312	251	321	347	398	298	340	322	348	268	237	320	298	160	143	152	136	145	187	172	218	274	185	233	156	324	200	156	162	175	141	159	155	167	172	191	196	183	175	183	153	156	171	181	189	161	167	156	189	192	258	197	206	218	159	166	219	221	166	185	227	213	209	249	277	184	145	229	168	183	174	182	233	195	228	233	229	177	241	202	238	233	257	203	226	244	205	222	250	197	277	236	247	300	226	308	329	394	320	293	228	219	5	4	3	3	2	3	5	9	8	8	13	12	8	10	18	15	18	6	14	10	8	19	19	21	44	28	46	40	35	44	27	36	20	74	36	22	31	61	62	51	66	63	76	62	61	55	40	39	64	64	36	75	59	37	47	46	45	48	28	36	50	40	45	38	43	68	55	45	39	57	32	50	203	91	104	63	72	73	52	64	77	79	100	79	72	58	160	369	152	207	126	130	134	153	171	152	141	174	187	259	138	142	127	135	141	129	116	118	130	143	121	150	117	135	169	88	114	116	101	110	103	117	98	116	97	104	127	135	127	137	119	141	133	148	141	150	131	143	152	130	96	98	125	101	163	96	83	149	105	90	97	95	85	90	192	214	107	95	79	95	79	81	90	92	132	96	155	114	114	146	155	97	84	86	132	54	78	189	129	110	115	727	711	847	701	788	628	685	759	759	790	725	871	835	960	973	855	978	953	909	903	953	993	706	897	793	815	789	764	921	955	868	940	1004	717	733	733	646	885	714	782	811	819	831	765	689	804	750	591	654	808	709	861	684	631	623	592	545	560	507	564	817	862	872	1089	669	830	747	994	923	746	748	436	382	365	418	395	442	455	497	476	477	414	330	389	420	493	310	386	396	484	433	364	451	428	502	419	511	468	438	422	430	547	512	506	535	410	427	531	486	478	558	450	453	426	454	505	458	421	479	446	499	694	555	548	451	601	632	576	575	702	574	683	549	651	719	582	467	465	537	440	517	601	442	556	551	508	542	521	820	645	523	526	533	552	552	540	571	647	605	687	616	523	397	393	346	335	520	737	474	564	615	343	460	421	598	443	494	562	664	588	534	582	578	552	479	433	529	482	399	746	535	527	539	553	474	549	455
CTCF	1755	1299	1858	1408	1716	1392	2240	1980	1629	2059	1564	2081	1733	1340	1492	1592	1481	1205	1247	1582	1424	1422	4180	9653	8353	8229	466	394	464	404	346	405	350	416	386	404	461	473	365	392	469	417	422	462	423	307	315	338	386	426	382	406	459	366	430	486	368	426	447	447	373	379	409	475	391	466	329	339	445	577	502	493	484	491	405	539	471	524	483	559	559	460	484	547	460	464	369	433	508	421	420	471	499	347	416	410	489	452	435	467	616	641	618	535	573	482	501	468	455	519	770	802	474	583	521	505	549	442	444	475	523	471	415	385	442	608	323	402	459	310	771	555	372	407	451	233	274	206	291	423	396	371	307	378	417	439	301	398	358	396	352	329	590	411	230	185	169	190	147	199	226	271	392	188	360	259	413	263	233	249	227	243	213	255	242	263	231	259	274	233	250	282	256	287	269	270	260	238	245	258	272	312	288	247	226	283	334	279	287	283	267	337	351	294	391	369	328	271	281	239	274	263	271	252	264	304	286	367	310	363	344	367	301	336	260	351	339	287	388	393	314	332	353	383	464	311	361	512	545	295	386	246	277	6	3	3	2	1	3	3	9	14	11	18	38	9	13	29	28	19	5	19	10	12	21	26	21	47	26	62	74	52	69	41	58	36	107	32	28	45	135	93	82	105	90	108	106	78	102	60	53	106	80	40	98	85	54	71	51	54	56	49	65	68	74	51	61	55	79	64	80	62	67	62	64	349	104	160	110	97	101	84	95	141	123	122	117	118	82	180	618	325	336	257	182	213	231	252	209	210	223	254	321	182	206	192	218	200	230	215	182	237	196	113	255	179	173	206	162	154	160	169	169	154	131	163	148	154	150	211	184	173	203	172	200	166	219	196	181	201	154	193	158	183	113	195	161	195	146	94	156	140	169	143	147	142	149	224	333	134	123	131	110	124	132	140	117	99	128	167	111	168	154	191	150	124	65	154	72	103	289	174	138	183	1039	873	870	850	866	844	1026	1070	1015	1003	1037	1225	991	1266	1446	1148	1331	1388	1234	1196	1452	1369	766	1287	938	954	1096	904	955	1233	1167	1315	1433	1131	802	997	940	1241	1092	1130	1221	964	1058	946	979	1271	1053	932	1189	1125	1119	1241	1117	1160	1142	1048	882	1143	963	1006	1129	1156	1406	1566	1026	1226	1088	1672	1547	1363	1355	751	685	691	885	689	774	742	737	792	629	589	453	558	644	597	459	581	613	655	674	627	528	524	574	709	703	697	651	615	651	841	560	580	743	684	666	567	643	742	790	682	729	596	605	747	672	664	691	682	709	1112	980	807	931	1050	1090	870	799	1228	898	945	824	915	1006	1053	959	859	839	749	788	934	645	834	724	716	770	795	872	793	789	824	884	777	828	852	839	1078	927	792	651	633	449	516	397	348	659	779	606	689	981	415	440	407	729	622	605	706	757	774	760	651	617	730	652	548	691	607	475	963	617	517	664	609	607	638	585
RAD21	1666	1470	1902	1505	1784	1506	1871	1687	1408	1843	1503	1957	1363	1158	1217	1447	1394	1188	1176	1540	1350	1292	4604	8353	8261	7755	382	373	416	361	343	379	357	407	375	376	442	498	369	423	472	392	428	442	444	271	329	340	379	416	337	357	429	366	438	436	364	393	478	433	349	381	331	441	366	490	349	279	436	476	451	526	485	448	390	508	474	481	491	516	508	445	481	545	421	461	342	430	471	413	396	405	420	323	432	400	501	420	438	369	609	569	575	504	553	520	497	501	434	489	797	780	456	568	473	500	572	425	406	471	544	502	453	370	416	569	389	434	478	346	745	591	435	445	464	264	291	231	289	481	418	384	316	430	470	491	352	438	403	448	415	362	560	428	221	189	182	180	189	221	225	282	379	208	351	234	420	253	230	255	243	243	201	255	245	261	222	256	278	249	234	265	239	267	291	269	234	252	237	239	281	316	297	252	276	244	309	276	316	253	267	267	317	275	342	381	287	230	250	217	244	229	283	283	258	302	303	336	298	285	327	352	332	320	306	351	341	273	338	403	298	348	345	395	444	338	405	458	551	319	411	250	275	7	6	2	4	1	3	7	13	16	13	16	24	7	15	23	26	27	5	18	14	23	25	32	27	48	33	64	58	48	74	43	49	30	105	38	26	42	103	94	67	90	101	92	94	80	89	66	51	104	63	43	97	62	50	52	48	53	43	47	61	66	61	53	63	65	95	78	69	67	65	62	68	354	108	147	115	98	91	79	104	128	121	122	118	103	87	222	652	282	299	197	205	210	226	259	220	183	228	244	345	149	186	172	191	208	197	205	174	220	193	148	250	173	215	234	120	162	164	156	160	153	154	151	171	146	135	190	163	176	203	169	219	155	212	191	189	171	196	223	159	184	115	195	141	221	133	106	183	126	156	141	142	142	140	260	322	147	127	127	130	117	126	119	125	128	140	179	131	174	166	195	143	129	76	166	85	122	299	174	139	166	1060	956	1021	888	1004	899	996	1103	1048	1089	1075	1235	1079	1295	1354	1175	1356	1442	1296	1232	1430	1397	885	1324	1040	1030	1125	982	1054	1314	1250	1346	1416	1051	864	970	924	1199	1039	1010	1170	992	1071	930	954	1232	1001	783	934	1122	1060	1219	992	1027	917	895	735	931	801	806	1117	1140	1289	1555	935	1201	999	1435	1439	1184	1127	617	562	554	699	605	622	635	655	747	637	580	378	529	635	670	416	526	524	643	589	587	547	522	631	674	745	621	612	585	599	778	577	657	739	610	632	614	689	673	721	655	652	586	625	703	654	633	643	620	680	995	792	720	727	863	942	766	790	1120	849	900	783	911	1040	934	797	754	733	635	722	816	578	765	680	685	751	759	981	857	728	794	850	709	818	769	738	954	781	830	671	663	483	560	467	396	687	907	597	778	971	467	508	456	840	611	632	728	793	738	790	745	712	800	726	610	658	609	532	976	689	598	693	682	677	681	625
STAG1	1723	1367	1856	1510	1829	1591	1683	1451	1278	1671	1323	1784	1273	973	1116	1405	1268	1081	1066	1388	1227	1187	3926	8229	7755	7811	331	327	318	353	314	347	272	345	309	305	386	425	329	370	426	350	353	413	374	239	253	307	330	381	318	341	361	312	352	368	315	340	389	402	316	301	351	398	304	416	303	291	382	389	365	413	412	391	378	477	421	414	419	449	488	378	459	468	352	410	279	373	428	399	368	373	407	269	371	321	405	374	404	360	486	487	479	436	461	408	428	439	416	445	728	724	425	549	450	471	512	381	369	429	491	462	398	345	422	576	396	402	472	339	742	531	396	438	468	264	304	236	269	402	362	361	296	396	402	422	300	414	383	443	363	338	625	381	237	196	186	194	162	216	217	245	365	188	293	196	350	216	184	191	208	192	193	216	214	224	218	216	229	225	206	213	191	211	246	217	200	215	231	195	222	278	229	213	234	221	251	230	260	234	216	234	259	236	311	329	274	217	204	181	204	204	256	224	238	250	239	277	269	265	296	304	251	295	235	298	285	222	287	335	280	330	277	315	368	289	314	421	436	250	420	235	262	4	4	3	2	1	1	4	5	12	9	19	17	8	9	24	21	25	6	17	12	9	20	18	19	44	28	35	47	32	59	32	43	31	84	36	25	31	90	72	65	79	85	85	75	71	68	55	39	79	75	40	99	70	36	38	40	40	45	40	43	46	45	48	41	46	69	46	52	44	60	41	45	293	96	141	87	72	77	66	68	102	89	105	93	91	64	152	501	262	260	206	148	183	203	210	190	166	197	182	296	126	156	153	202	162	164	168	144	182	167	123	246	161	188	200	105	129	118	137	115	128	136	119	145	117	122	162	159	144	165	146	160	113	189	156	158	184	149	202	144	141	95	154	116	183	142	82	140	119	133	111	123	113	114	207	305	101	101	106	96	100	106	108	104	102	119	156	98	136	136	167	123	127	80	153	68	105	255	158	120	174	967	945	891	846	905	954	1041	1064	1012	1070	1064	1218	1044	1206	1268	1098	1325	1401	1202	1179	1500	1334	916	1286	1030	1039	1161	1011	1075	1319	1261	1354	1441	950	717	925	887	1080	986	969	1154	889	928	777	830	1049	885	748	910	980	947	1004	834	927	849	768	618	870	724	751	969	1008	1200	1371	821	994	868	1321	1251	1120	1031	537	507	521	625	540	556	557	563	659	537	472	371	444	549	533	345	484	461	573	529	471	465	444	522	595	639	610	543	552	554	757	504	530	664	613	587	524	600	591	641	592	589	537	559	626	573	604	617	562	644	904	703	617	727	748	800	712	711	1014	747	777	661	802	907	914	811	731	641	609	596	691	525	696	646	648	651	649	773	706	669	720	762	641	731	712	691	887	766	727	549	669	492	562	433	400	674	755	552	756	897	434	474	401	745	632	615	697	708	668	810	739	671	841	742	639	648	655	534	942	676	603	708	616	701	705	635
SP2	621	569	698	533	564	477	1329	1158	918	898	915	984	1057	1029	867	773	726	621	591	698	715	799	217	466	382	331	337	246	257	200	184	224	226	195	229	259	189	247	197	209	204	216	215	220	208	184	182	174	189	165	176	176	174	203	188	228	212	189	224	192	207	222	171	203	176	168	166	186	190	404	298	243	229	259	242	227	253	254	243	223	244	309	240	258	257	243	216	223	249	214	207	209	239	226	214	233	248	226	234	257	246	258	250	262	241	249	241	248	265	244	223	260	238	249	240	270	273	184	207	209	206	198	203	198	182	202	140	152	137	159	231	208	190	182	198	93	80	80	74	179	179	142	140	134	180	148	113	117	172	170	100	94	153	112	65	69	70	74	73	93	97	101	123	105	133	107	89	100	134	128	115	107	96	132	138	138	142	158	126	114	121	126	153	144	115	146	137	105	120	107	124	113	112	108	126	238	208	154	160	155	135	161	173	142	132	185	158	203	134	149	153	158	174	124	138	138	135	147	182	227	133	135	147	137	120	169	146	136	184	172	158	163	176	178	170	213	162	179	160	125	114	128	142	3	1	2	1	1	2	1	4	3	7	5	2	2	3	9	4	3	5	4	7	3	8	6	12	13	10	26	24	17	19	12	15	15	15	9	10	19	85	33	35	37	36	44	40	33	41	45	61	47	34	23	24	22	22	37	48	28	21	20	31	23	26	32	28	37	30	28	33	38	39	31	25	40	31	29	45	26	53	57	63	54	52	51	46	40	38	123	100	95	122	132	110	106	106	118	110	109	102	114	62	94	106	99	94	105	93	79	84	107	90	71	80	81	91	71	77	66	86	88	69	75	63	78	86	79	97	80	95	99	86	90	104	82	74	75	59	64	61	65	73	52	79	59	70	58	99	83	66	64	79	69	68	64	72	76	54	47	68	65	53	53	52	53	55	47	66	49	54	47	63	56	47	49	34	59	19	26	63	40	38	27	350	292	387	352	345	254	311	326	281	315	351	375	333	520	567	496	500	481	451	432	514	572	300	409	321	324	364	350	422	436	493	433	444	559	416	443	517	479	569	522	469	481	458	592	475	495	521	632	640	523	580	554	651	693	724	753	589	636	568	625	557	569	629	517	622	665	662	733	760	780	793	424	528	528	572	499	568	481	455	294	276	325	302	271	280	279	324	312	392	349	334	339	306	307	327	279	305	280	323	290	330	313	318	354	354	266	284	284	306	381	386	333	323	342	385	361	349	348	348	386	413	526	556	504	559	532	552	441	458	455	422	480	397	427	414	357	413	368	500	585	467	509	399	408	432	379	417	394	418	407	377	372	413	408	366	399	512	451	488	441	386	161	175	149	131	134	211	276	210	245	229	212	209	202	301	264	287	267	356	382	236	208	247	199	204	187	257	191	164	309	243	220	211	252	240	258	213
ZZZ3	744	713	747	515	611	560	1224	1049	967	838	985	953	921	936	895	772	814	621	646	728	749	776	250	394	373	327	246	247	254	242	253	235	253	266	247	257	231	221	248	227	233	237	220	250	210	201	211	212	206	202	227	189	221	217	217	232	215	218	238	233	238	220	211	195	188	232	203	216	199	349	333	252	230	232	259	271	286	289	274	281	267	313	301	307	331	306	316	294	248	250	277	262	279	291	262	276	269	269	256	306	315	306	288	279	286	262	261	258	281	299	220	284	274	284	265	304	262	233	233	252	221	215	186	222	202	247	177	219	189	197	227	188	235	220	226	87	92	113	102	202	210	165	139	155	146	181	151	159	174	181	142	146	118	150	75	70	78	81	77	101	104	103	114	107	99	92	129	125	126	116	130	139	126	142	136	134	145	131	124	149	146	160	156	159	132	143	157	111	149	138	161	138	135	138	132	177	132	174	179	170	177	198	186	186	175	169	175	190	169	160	158	178	170	136	165	155	155	164	183	190	176	172	169	148	175	184	192	185	201	196	184	209	197	200	205	211	194	188	168	154	143	160	174	2	2	1	1	1	1	3	3	4	7	2	7	2	3	14	8	9	6	6	3	9	7	11	7	20	15	19	12	15	19	14	11	12	13	11	12	13	52	37	41	39	43	39	47	34	41	42	58	43	36	23	29	29	25	44	43	45	23	26	32	30	30	24	27	22	30	18	37	32	34	36	27	55	49	51	50	44	46	70	58	51	62	61	58	51	58	138	78	127	121	107	131	118	130	142	105	126	130	123	106	126	123	104	113	112	114	100	116	108	114	109	82	70	88	88	102	84	76	104	90	79	78	91	103	80	90	109	95	98	95	105	113	99	87	89	95	89	67	65	83	49	85	76	74	81	88	84	85	71	81	74	77	71	89	63	63	72	66	54	60	47	65	59	66	65	66	58	51	58	54	51	70	55	35	39	48	39	50	54	30	58	355	381	447	405	401	275	410	358	344	379	375	394	388	592	618	591	511	480	513	495	652	586	376	425	401	391	408	379	516	460	509	460	466	524	498	478	525	516	569	583	527	587	575	641	566	570	564	595	560	601	627	546	649	653	690	633	567	574	560	581	660	690	698	595	717	650	788	826	720	761	724	462	368	376	471	447	443	415	471	307	332	349	352	314	315	334	351	375	374	416	421	339	359	342	367	347	330	361	371	364	360	385	386	422	400	319	303	350	334	383	380	391	400	424	448	383	376	389	449	465	425	505	509	513	512	506	501	502	505	457	463	492	456	425	410	403	471	432	477	517	495	511	442	491	486	459	467	463	492	463	458	422	469	483	452	470	501	521	520	538	494	222	216	183	179	210	251	282	324	293	263	218	235	276	321	320	325	344	417	411	270	301	287	247	266	199	254	219	241	318	238	254	256	308	286	320	265
ELK1	665	709	797	568	655	630	1338	1173	990	891	966	989	959	931	901	837	809	671	687	752	819	780	282	464	416	318	257	254	305	253	227	242	244	257	268	268	237	237	271	244	233	226	238	246	198	251	230	192	235	213	205	198	218	239	229	237	229	221	210	222	239	227	201	198	191	213	197	240	193	308	332	274	247	244	278	263	300	299	298	275	283	297	297	300	322	310	316	312	301	225	270	267	296	294	267	286	288	254	265	281	297	288	262	300	283	269	257	284	296	271	296	287	283	301	261	312	271	236	273	246	263	250	209	228	218	237	204	197	189	197	224	201	234	222	227	101	102	135	97	197	204	160	146	164	187	197	157	164	189	198	146	133	146	159	83	65	84	100	96	92	104	96	117	115	139	112	128	119	148	137	143	148	146	156	123	131	160	143	141	150	137	174	158	145	136	154	156	140	134	155	151	139	129	152	154	177	161	174	160	167	163	187	201	182	162	177	157	172	162	180	181	192	181	142	163	167	190	159	218	222	175	206	180	178	183	178	201	181	184	174	191	195	209	187	184	192	200	161	192	155	141	166	171	1	1	1	1	1	1	3	2	8	8	2	5	4	1	11	13	8	6	8	7	8	6	7	6	14	13	26	18	17	21	16	22	27	16	7	11	15	44	39	45	35	47	29	44	59	52	50	55	45	32	31	29	25	21	41	43	42	30	25	27	27	23	33	29	27	26	27	32	38	41	38	36	54	41	39	51	40	60	62	70	65	57	69	58	64	61	143	110	129	124	118	134	117	111	138	121	136	122	130	100	125	127	112	98	109	120	103	111	132	107	82	88	81	85	86	99	87	105	93	101	91	79	94	95	82	93	94	89	106	118	96	107	90	101	95	86	89	64	65	79	96	90	80	88	79	94	92	88	80	90	78	87	95	79	78	68	76	74	65	65	63	68	70	75	61	67	65	73	43	74	67	62	56	37	43	47	43	62	52	61	55	377	373	456	413	380	319	370	352	371	409	427	449	423	605	631	581	547	507	568	525	575	643	414	444	398	441	437	423	563	511	517	507	478	569	505	482	544	532	573	650	559	560	588	617	586	578	599	619	594	591	630	562	673	657	699	702	617	588	578	626	669	679	736	651	677	661	752	863	755	719	752	458	426	439	534	514	490	446	468	292	329	368	361	347	311	349	365	354	400	370	420	381	376	336	341	370	372	334	392	357	365	389	403	396	425	327	324	337	350	408	400	381	374	407	403	351	406	388	445	447	423	538	531	598	541	534	532	490	501	487	488	520	471	455	478	385	427	429	502	518	499	510	466	466	513	458	455	479	485	476	471	446	467	442	425	461	528	524	511	542	487	216	207	174	181	191	266	310	285	262	275	240	269	274	354	296	350	341	454	419	266	316	292	239	306	247	269	231	212	351	283	263	278	315	318	322	305
ZIK1	718	807	816	563	660	646	1170	1001	942	846	964	960	828	806	803	838	809	647	701	694	793	758	267	404	361	353	200	242	253	291	274	268	295	285	267	215	248	247	256	253	268	263	265	275	218	243	243	246	246	226	247	243	233	234	222	238	234	251	226	258	256	255	191	186	195	215	204	216	233	282	283	257	224	228	281	290	307	240	299	291	301	374	341	328	335	353	330	356	302	253	257	268	272	289	299	340	314	334	310	250	330	305	283	301	276	279	281	308	287	297	243	255	312	308	266	290	301	261	272	274	261	262	207	248	226	258	211	251	203	212	229	208	272	234	260	117	125	142	117	220	218	158	139	167	170	188	195	173	170	208	141	139	149	149	101	67	90	92	84	102	118	107	109	131	92	125	125	122	143	127	157	158	150	153	150	145	156	161	175	150	159	200	162	164	161	171	152	160	155	168	154	152	145	156	166	125	134	200	191	191	194	210	190	204	179	172	171	179	167	157	185	186	184	164	180	173	176	170	137	196	194	217	188	214	202	189	185	202	184	207	229	249	210	215	237	236	183	201	178	189	170	192	193	2	2	1	2	2	2	4	2	5	5	3	2	4	3	4	11	7	12	8	5	5	8	7	13	14	23	22	23	20	18	19	14	20	14	13	17	14	30	38	48	45	46	47	35	44	57	53	63	58	29	20	22	29	23	42	40	49	27	40	20	26	21	31	29	29	35	31	48	43	35	30	25	57	49	68	48	41	71	61	68	44	55	53	60	64	59	149	92	155	110	119	147	156	137	133	123	158	129	143	113	144	143	122	117	109	112	119	122	131	118	86	106	98	98	103	101	99	94	114	118	107	108	105	103	101	93	94	97	117	115	131	106	124	94	90	103	98	68	79	66	80	89	87	95	90	93	111	98	83	94	86	77	84	97	76	74	76	71	83	59	59	73	86	80	52	78	64	55	54	63	76	69	68	24	41	46	40	48	47	54	54	367	379	481	440	465	319	400	381	368	399	383	420	425	673	641	589	545	492	543	545	653	621	430	431	440	432	422	393	564	527	557	517	522	515	553	456	495	503	546	609	596	607	625	641	617	556	611	603	555	616	587	557	684	600	651	591	590	568	576	572	655	710	679	651	744	651	794	774	704	692	645	402	328	336	372	421	398	424	474	321	334	374	352	324	340	382	344	373	357	419	413	389	434	354	400	365	377	387	387	390	416	409	455	445	438	331	296	346	378	383	372	414	412	427	429	372	424	438	468	455	401	533	529	536	549	531	501	536	562	448	459	470	473	461	439	403	447	465	501	457	407	482	526	514	505	501	515	485	524	498	491	464	491	479	475	484	438	566	529	584	559	236	224	188	208	180	248	303	296	305	281	261	324	327	358	309	363	340	442	432	295	348	356	265	312	237	292	234	264	293	282	263	288	318	324	351	323
IKZF4	726	816	822	588	642	648	1186	1006	925	790	1011	969	792	786	788	758	772	619	666	683	732	723	268	346	343	314	184	253	227	274	263	244	256	269	257	240	266	229	242	254	256	260	266	235	214	229	229	217	217	223	218	243	224	215	231	225	225	237	242	229	240	234	179	202	177	223	185	219	225	251	266	254	222	214	278	304	298	281	301	288	298	348	326	291	340	336	304	335	250	259	269	266	263	285	299	294	299	281	289	239	278	310	295	287	266	305	296	299	264	273	261	257	317	298	287	281	279	248	232	257	262	224	219	212	227	228	219	228	206	219	204	226	243	224	221	109	129	112	111	202	197	173	159	160	182	186	195	157	201	198	148	139	132	154	85	89	84	96	98	118	108	125	111	156	109	94	110	126	124	123	166	160	153	144	121	133	155	155	138	147	148	175	162	146	191	174	145	127	157	138	155	132	143	141	148	121	133	186	170	168	205	220	192	199	180	181	187	186	147	140	184	171	163	166	158	171	172	154	168	186	184	196	186	196	203	189	162	192	175	200	204	234	188	208	212	206	169	190	171	168	156	171	177	1	1	1	1	1	1	2	1	3	4	2	2	2	3	14	9	12	10	6	3	7	9	7	9	12	17	30	17	15	19	17	14	18	5	9	12	12	30	36	44	39	42	38	40	46	44	43	41	58	33	33	20	27	17	41	32	38	30	29	20	32	24	23	31	30	25	20	33	33	34	41	29	49	52	49	47	37	61	54	58	65	49	61	61	55	62	144	90	129	98	102	125	129	107	116	134	132	134	120	113	128	125	124	102	124	93	106	126	121	120	101	84	82	95	80	92	117	86	101	117	100	100	86	113	107	101	106	91	101	105	120	111	105	100	110	93	112	73	72	80	64	87	71	79	80	67	90	74	70	69	72	87	84	84	84	59	74	68	65	67	63	70	61	77	64	68	57	59	56	58	63	67	67	38	36	28	31	54	45	67	50	395	408	498	417	444	305	436	363	349	394	395	388	417	651	591	585	547	481	550	529	640	630	409	467	430	416	418	421	578	521	511	488	489	564	528	476	482	490	540	595	549	603	582	620	634	535	579	532	549	585	586	560	624	571	607	570	592	552	556	548	620	705	650	656	720	648	780	731	690	655	636	376	331	337	349	413	393	396	438	326	290	341	341	316	344	385	358	318	335	414	397	354	397	360	403	336	366	368	362	390	395	386	421	420	418	322	324	360	398	377	393	366	392	413	414	354	390	418	465	461	432	520	503	515	513	533	520	514	545	423	464	473	413	437	420	411	456	436	481	457	407	479	454	525	498	500	480	469	515	495	470	501	456	457	506	492	409	511	520	546	555	232	206	200	203	204	292	318	299	309	251	233	281	302	336	322	341	354	431	419	272	324	320	264	291	229	265	246	264	336	299	307	281	321	307	306	282
SRY	666	691	778	553	614	591	1197	991	901	810	924	956	799	720	740	813	771	619	666	688	800	698	283	405	379	347	224	235	242	268	244	313	296	289	272	214	258	238	227	238	263	260	277	247	225	239	259	200	241	227	235	205	223	242	213	259	248	280	228	253	240	261	188	206	198	211	208	212	214	249	267	230	225	223	262	289	289	277	281	284	294	336	301	322	327	357	306	350	309	233	225	277	253	293	284	313	303	319	323	221	310	311	263	274	308	317	280	309	305	299	218	235	301	294	281	256	250	236	278	268	228	258	224	201	210	228	207	212	214	209	219	216	221	225	231	110	114	119	88	195	197	177	131	154	157	193	152	169	168	188	146	112	134	145	77	67	77	82	109	93	105	105	98	115	106	115	101	153	159	142	155	168	161	174	150	141	142	151	153	183	163	186	162	166	175	171	147	175	165	169	181	149	133	145	131	142	126	200	174	196	203	199	188	214	150	159	178	164	167	170	210	187	171	151	140	151	177	164	163	175	208	229	175	199	176	209	180	195	195	211	225	227	221	213	232	249	185	196	186	141	155	153	142	2	2	1	2	2	2	4	2	10	10	3	1	2	4	9	21	6	9	10	9	8	7	7	5	18	17	33	28	26	22	24	32	35	21	7	17	10	32	35	45	38	41	43	60	45	63	60	60	56	22	20	35	17	32	39	40	40	29	43	32	35	32	38	38	38	26	28	58	49	39	45	50	52	45	47	45	45	71	51	58	72	71	77	97	79	90	148	105	177	112	102	156	153	136	139	135	162	127	156	104	147	142	138	106	118	119	117	120	120	109	66	108	87	84	80	111	94	99	134	142	110	89	118	99	96	84	105	88	126	143	115	101	89	104	105	86	115	67	75	63	156	98	101	106	79	109	98	84	85	92	78	84	89	94	66	69	68	67	78	70	55	81	79	79	55	70	53	55	49	68	78	58	87	44	20	33	28	36	48	49	45	360	386	424	412	407	299	365	370	355	390	364	378	394	609	619	542	535	458	546	521	565	594	360	428	422	413	403	397	514	489	500	493	497	478	466	450	505	458	554	586	539	546	563	564	632	499	598	585	563	554	610	588	656	625	585	574	583	588	571	519	594	706	669	653	678	638	736	697	688	694	670	370	374	391	355	458	433	413	451	358	365	359	339	338	334	367	368	379	344	419	424	410	408	333	382	385	367	381	353	373	390	390	421	388	417	357	311	317	375	430	373	413	422	426	406	359	390	401	432	412	372	506	529	537	573	545	531	510	560	509	483	500	429	447	475	426	446	437	503	447	423	433	492	479	505	470	493	485	484	420	476	463	502	476	473	511	418	514	507	501	484	193	199	191	179	169	247	268	282	288	235	222	236	274	343	329	339	354	422	416	270	314	281	221	251	212	256	205	227	325	260	245	257	287	285	291	293
ARHGAP35	703	801	749	499	581	567	1134	977	949	774	998	876	766	807	768	761	777	605	646	705	756	695	259	350	357	272	226	253	244	295	256	296	311	280	275	217	244	232	247	251	275	265	258	253	247	252	264	225	211	233	244	227	237	226	229	247	248	260	260	268	247	279	194	175	178	227	233	229	221	289	310	261	230	248	292	269	322	289	333	290	298	346	350	336	336	350	303	334	302	239	254	268	264	308	327	315	335	315	327	248	312	320	273	308	316	301	296	310	291	299	231	250	328	297	263	270	262	248	257	240	247	245	199	220	201	214	213	223	195	218	204	220	241	234	259	75	106	112	102	216	177	173	139	157	172	201	178	157	170	177	148	146	125	150	93	64	60	75	92	97	115	124	108	132	109	100	114	129	138	143	167	179	158	151	129	152	149	173	166	163	170	186	151	176	178	169	159	149	146	155	154	138	169	151	155	153	128	206	186	203	208	190	191	177	181	180	188	182	156	160	195	189	185	173	156	171	167	142	158	187	194	223	192	191	207	191	170	206	197	191	232	259	222	223	229	241	195	189	174	196	153	163	177	3	3	1	1	1	1	5	4	3	4	2	5	3	8	8	15	5	9	11	10	8	5	10	9	9	18	22	27	26	13	22	16	26	13	17	21	14	27	40	49	47	39	43	46	51	55	46	71	60	22	18	19	20	20	48	43	42	29	31	34	34	28	25	32	28	39	27	55	40	41	32	31	42	54	52	43	51	76	53	71	50	54	78	54	61	59	146	103	151	113	105	134	146	130	126	134	148	151	146	122	137	130	139	132	111	115	122	130	124	113	95	100	75	97	92	101	103	101	100	110	104	104	106	107	91	95	91	96	108	124	127	100	111	85	83	94	96	78	72	68	69	107	85	98	106	89	101	98	80	97	82	83	73	96	68	83	63	75	76	76	70	84	79	78	58	58	74	49	53	50	62	68	71	30	42	41	38	55	51	55	54	361	317	464	439	446	272	338	350	324	351	348	351	383	616	568	556	477	432	527	471	617	569	400	412	404	415	372	371	512	453	461	465	465	489	534	454	485	437	510	611	534	607	595	637	644	492	596	542	510	629	583	583	668	624	601	578	599	509	546	521	628	733	646	659	725	646	805	762	682	672	624	386	360	360	325	445	454	414	460	340	348	371	353	324	363	404	368	376	347	452	451	388	450	333	418	328	381	377	324	394	386	385	399	441	433	340	323	378	372	413	368	386	427	449	434	357	427	410	453	410	386	518	507	545	508	543	510	585	585	458	441	437	443	447	443	405	402	434	495	477	428	452	495	543	518	464	523	503	545	489	483	458	455	470	521	478	427	566	476	569	537	217	216	179	172	192	263	310	304	288	260	220	288	305	334	312	340	338	405	386	245	310	321	249	254	212	229	236	258	273	230	262	254	284	283	314	285
IRF5	651	715	748	531	594	576	1180	1007	919	835	959	963	783	745	760	783	779	608	660	721	795	659	276	416	407	345	195	266	257	285	269	289	280	307	310	212	254	226	247	250	270	273	267	275	235	229	236	219	234	231	241	215	223	206	224	254	252	303	247	244	271	259	156	184	177	249	189	193	237	261	282	244	205	237	259	288	294	282	297	304	319	313	340	330	326	374	287	344	284	266	236	270	231	301	336	304	325	298	311	222	293	306	275	312	291	321	281	311	285	287	234	228	308	320	261	279	249	272	256	253	221	237	198	201	224	237	187	221	174	212	230	204	246	242	268	88	120	100	91	227	189	184	133	157	170	211	162	175	159	191	139	133	125	142	73	62	68	72	79	89	97	92	95	145	124	105	112	138	136	143	155	172	159	151	146	151	161	158	149	161	164	210	169	152	186	171	159	149	157	137	156	146	157	124	152	136	139	197	177	190	214	184	199	206	158	156	181	160	145	153	192	165	170	177	148	176	178	160	143	165	205	192	187	203	222	209	152	194	186	188	240	249	201	221	223	250	194	223	188	172	137	145	158	2	3	1	2	1	1	4	3	4	6	3	1	4	5	11	13	12	11	9	7	8	6	9	11	14	15	26	24	21	16	20	19	23	18	16	16	11	22	38	45	42	35	46	47	48	56	51	56	66	24	20	22	26	22	41	42	48	31	30	34	33	26	35	36	35	37	36	42	45	29	39	37	55	53	46	53	51	74	65	81	56	58	62	53	56	59	178	118	151	108	78	148	154	121	123	148	161	129	155	127	132	143	126	130	129	111	131	139	126	118	80	99	94	106	83	109	100	83	106	120	110	102	90	104	104	105	92	103	96	123	119	99	109	82	90	91	105	69	74	66	83	91	78	95	88	91	106	88	81	91	78	83	86	102	76	90	77	60	68	79	77	77	77	62	48	66	62	58	47	57	61	63	71	25	37	40	34	60	47	40	49	338	367	437	415	433	275	361	359	337	350	344	352	393	633	579	552	472	438	558	493	552	577	376	401	392	420	386	375	518	486	478	472	481	512	487	450	449	453	509	540	537	578	573	596	656	538	540	539	485	603	579	569	672	665	626	559	602	554	553	519	613	699	674	676	715	622	836	739	703	755	633	386	347	329	349	445	421	397	467	339	342	336	345	298	364	422	369	375	317	469	438	375	417	346	418	366	393	389	342	379	429	398	397	405	445	330	301	339	358	385	348	379	403	425	399	367	417	402	458	416	405	554	499	553	515	508	492	545	578	513	456	455	426	461	465	421	416	399	529	453	441	426	472	560	503	497	462	493	499	424	459	467	481	477	503	483	389	516	465	539	482	218	210	169	183	196	252	300	264	286	238	225	251	271	335	305	335	312	389	378	255	311	271	224	249	213	233	223	233	281	253	244	264	297	290	293	307
ZNF546	676	694	749	507	597	590	1179	1004	933	807	945	916	810	824	765	764	729	584	633	634	760	727	267	386	375	309	229	247	268	267	257	272	275	310	277	233	262	243	230	242	263	248	256	258	204	231	254	216	235	229	226	229	225	212	236	259	227	266	261	253	250	257	181	197	179	195	189	218	218	302	288	261	193	231	258	257	282	288	296	286	314	336	304	302	326	377	313	314	276	256	238	280	247	277	319	302	316	316	315	256	294	303	272	285	275	278	270	294	279	278	224	217	316	314	286	273	253	254	243	261	228	252	190	179	212	250	201	207	181	193	216	197	237	237	251	93	115	113	85	204	180	166	137	152	171	179	155	148	175	196	141	123	128	127	80	75	81	76	81	97	109	108	113	117	114	106	113	147	160	138	143	163	147	151	142	159	162	145	172	169	168	195	147	146	157	169	168	160	145	152	147	135	135	131	146	154	141	204	187	188	200	214	188	199	156	165	192	180	144	165	177	174	173	147	163	155	181	169	168	175	196	205	208	186	193	204	159	185	187	202	230	248	217	227	221	229	181	200	178	173	147	144	154	2	2	1	2	2	2	4	4	5	10	4	4	4	5	8	14	8	8	9	7	7	8	9	9	18	21	29	28	25	21	25	24	21	11	10	16	15	33	44	50	44	47	47	58	47	57	50	54	60	29	18	23	26	32	45	36	42	32	34	35	30	29	26	32	39	34	29	49	43	36	40	44	68	51	51	55	48	67	70	68	56	60	65	64	77	67	148	83	147	102	96	131	151	135	123	131	162	129	130	120	144	139	122	126	112	126	124	144	123	125	75	105	89	92	90	110	93	103	108	115	118	93	104	99	93	86	91	91	105	138	107	119	96	88	91	97	100	73	56	72	86	100	77	103	86	86	92	73	68	82	81	72	88	101	60	78	65	64	74	73	69	80	75	75	54	68	54	54	56	64	63	66	73	28	35	21	32	57	50	47	58	345	341	426	396	374	263	378	333	303	337	369	329	375	598	592	551	480	435	531	462	599	572	371	381	379	395	391	344	495	496	462	445	468	489	495	443	486	476	523	566	547	583	590	594	620	513	570	557	528	583	588	549	634	639	628	600	563	540	534	545	589	692	656	633	707	625	792	743	706	681	662	376	347	356	378	417	421	406	465	326	336	339	338	305	327	388	350	371	327	470	431	360	412	316	378	350	377	371	346	375	383	419	389	400	419	339	315	358	348	407	374	372	408	423	405	354	393	387	439	437	401	492	520	534	539	530	493	535	558	456	459	462	399	415	427	384	433	421	539	486	416	413	458	528	490	466	483	476	507	470	465	441	479	459	489	456	429	536	466	533	495	208	207	175	162	178	264	275	281	285	235	223	267	268	336	304	329	332	395	415	243	296	286	242	229	215	244	206	212	284	239	236	258	314	289	289	275
ELF4	893	795	856	678	787	745	1209	1001	895	762	963	924	925	842	824	793	796	655	685	653	688	806	259	404	376	305	259	257	268	215	240	214	217	212	233	249	220	236	253	217	246	222	247	233	176	192	200	220	168	215	195	195	204	225	200	182	181	192	216	221	203	216	206	197	182	187	184	235	185	300	306	246	216	264	290	291	298	285	262	269	256	277	254	290	276	266	286	264	257	248	251	222	273	229	221	242	241	200	237	304	275	271	264	283	277	252	245	255	272	273	303	262	276	291	269	285	286	216	236	262	244	252	219	219	204	264	190	220	225	195	250	227	231	219	235	130	134	155	124	202	198	151	148	170	195	177	181	190	188	217	149	151	172	188	97	92	90	112	87	110	106	110	140	124	119	120	110	97	110	113	126	116	105	119	114	129	144	136	136	116	136	123	148	134	127	130	137	133	147	150	137	107	120	139	119	182	152	188	155	151	156	167	173	139	165	177	147	159	178	133	143	150	144	144	153	131	138	147	189	178	150	164	160	161	172	158	170	176	191	185	153	171	187	191	179	175	147	145	147	131	108	172	176	1	1	1	2	1	1	2	2	5	4	2	3	3	6	16	9	12	3	8	4	4	8	8	5	14	16	17	12	16	16	12	12	15	15	11	7	21	59	37	31	43	25	41	39	45	34	33	49	31	28	19	33	24	17	29	29	35	24	23	17	30	19	26	25	18	16	20	32	32	35	24	24	49	44	50	42	37	39	62	59	45	50	36	53	43	54	104	58	109	79	110	107	111	98	113	96	118	113	114	90	102	110	96	90	88	95	103	93	101	107	81	88	88	91	72	78	81	75	81	82	80	86	81	91	89	73	93	99	86	90	89	113	96	100	97	96	86	70	64	79	46	75	68	59	64	84	72	75	64	77	60	77	77	70	56	63	61	60	62	58	54	49	55	52	74	79	72	56	40	74	58	45	60	51	54	44	41	60	43	59	70	415	407	464	425	419	402	498	415	398	453	444	469	439	616	640	626	584	553	531	538	769	661	493	522	460	481	525	480	578	613	624	577	586	493	540	475	585	504	589	596	564	557	573	632	508	537	533	588	633	514	588	524	559	564	613	663	505	541	528	569	616	634	673	586	614	662	691	720	665	693	739	434	408	402	505	385	447	441	439	315	311	319	311	292	331	258	299	303	397	337	338	320	373	309	317	339	325	326	308	341	337	380	382	369	366	335	314	359	319	351	391	376	359	375	390	344	383	374	398	433	409	441	500	478	481	491	465	489	460	427	420	506	411	375	412	404	460	400	425	506	471	434	405	410	462	417	438	386	451	452	419	436	417	425	441	417	604	508	502	507	480	240	224	237	207	202	282	291	325	333	290	289	304	259	343	332	365	349	463	408	355	334	356	332	363	299	286	294	280	355	326	291	317	355	364	346	335
ZNF181	848	830	900	687	823	769	1091	916	892	793	909	947	772	687	720	800	760	600	668	725	708	696	297	461	442	386	189	231	237	248	266	258	244	254	262	220	261	253	249	231	241	254	256	227	182	240	222	227	219	218	205	212	231	208	211	243	208	241	223	225	237	233	220	191	179	231	185	230	232	227	275	248	204	248	270	300	321	276	269	312	313	328	302	312	301	314	302	299	272	260	249	256	253	256	282	292	298	267	264	249	280	290	285	284	276	292	285	276	289	322	276	282	298	322	277	296	265	267	252	277	247	247	225	238	249	286	233	254	253	234	232	243	249	239	251	118	162	151	148	205	213	163	154	169	201	209	201	192	199	222	178	158	173	203	105	103	101	94	106	134	120	127	112	113	119	103	125	147	136	133	159	142	167	152	148	142	164	167	151	149	182	189	154	144	157	167	144	149	148	159	178	141	145	121	141	129	128	193	169	172	189	196	204	200	155	147	156	153	173	184	165	173	164	164	166	158	176	174	147	164	216	193	176	170	180	205	186	221	189	207	209	220	236	214	206	213	166	175	186	158	191	190	197	4	3	1	3	2	2	4	2	12	12	3	6	7	7	11	17	10	10	15	10	6	11	6	7	13	24	37	26	27	18	23	24	25	10	18	16	21	24	42	51	53	33	39	49	52	62	46	34	61	29	29	36	21	34	50	24	30	48	38	33	23	29	35	39	30	40	29	42	40	35	43	45	54	52	57	54	61	52	52	51	69	68	57	69	81	56	107	84	173	109	100	131	133	123	129	144	136	119	126	110	126	127	108	109	125	122	122	125	131	111	107	101	95	91	92	86	100	90	108	115	102	95	112	92	103	101	93	92	104	117	118	109	115	126	101	99	107	82	88	91	108	66	98	81	77	80	78	80	84	73	89	79	83	86	69	62	63	74	77	66	77	86	65	77	64	81	61	62	55	66	64	79	80	64	50	47	64	65	68	58	62	454	448	495	495	470	418	468	427	412	468	495	488	466	683	621	641	609	551	551	555	724	634	530	559	509	530	510	507	604	621	589	631	628	509	545	462	534	525	557	608	591	592	598	574	569	529	571	548	525	571	593	537	573	555	530	546	486	515	517	494	627	673	642	630	649	619	660	665	637	624	615	376	324	323	358	384	366	395	403	366	311	318	322	314	311	320	316	338	351	400	374	344	375	335	360	347	355	349	365	384	398	387	405	401	425	369	333	359	357	402	383	400	373	382	376	390	381	406	419	408	402	524	460	486	504	486	481	528	500	443	488	484	430	407	429	405	471	439	468	406	382	425	462	483	469	440	447	443	491	469	457	441	473	470	478	487	475	527	549	542	510	293	243	244	246	239	282	315	348	352	318	256	291	304	370	376	368	362	455	446	343	395	408	361	349	298	290	290	296	366	311	348	341	355	348	374	374
JRK	794	810	862	675	769	782	1145	973	888	839	947	921	763	731	745	767	770	594	671	694	730	703	327	473	498	425	247	221	237	247	229	238	232	226	243	236	253	227	197	219	225	228	232	240	181	193	207	183	197	206	214	209	207	210	200	235	219	216	208	203	217	242	206	200	198	212	181	239	224	254	289	260	230	245	242	282	304	289	252	294	269	309	317	285	305	285	299	270	247	234	230	252	249	247	226	257	264	267	255	282	272	263	250	263	271	257	250	263	298	282	273	265	306	306	289	293	293	218	253	258	239	268	226	206	246	258	228	215	232	221	279	225	233	217	248	129	139	150	116	219	228	176	155	167	194	204	190	167	203	198	172	165	150	175	87	93	97	95	77	112	111	110	106	115	121	114	138	142	111	117	141	157	141	126	135	119	143	132	153	153	151	179	132	137	140	151	147	135	143	141	155	128	151	127	133	160	114	194	154	175	175	190	162	168	155	147	142	176	156	155	145	154	150	153	136	133	168	164	173	201	183	175	185	160	156	181	171	169	170	193	188	186	204	194	197	214	176	173	181	161	146	167	150	2	2	1	3	2	1	3	2	4	7	4	2	6	4	12	14	6	7	10	7	7	3	7	8	17	18	26	17	20	28	23	22	28	22	12	11	15	26	34	36	42	36	35	40	39	46	38	36	47	46	20	27	41	22	34	24	34	30	28	22	30	22	31	36	28	26	21	39	32	31	27	28	68	45	50	56	49	50	46	54	55	55	65	54	56	50	97	96	137	96	92	123	134	133	123	125	131	110	141	105	114	113	112	99	116	117	97	123	107	115	85	112	84	97	87	91	81	69	92	94	92	72	71	81	83	82	80	74	81	104	107	85	87	98	98	91	107	66	69	82	73	64	91	85	80	81	78	68	76	73	73	73	74	84	85	63	61	66	77	60	51	70	56	52	66	62	74	62	63	55	62	64	72	43	48	42	52	67	57	54	68	381	417	511	443	481	375	451	426	393	425	481	441	461	668	667	610	612	546	574	571	694	666	487	491	504	512	529	492	597	639	619	603	586	523	485	468	511	547	532	618	547	556	595	584	565	525	530	550	569	599	572	516	578	537	561	555	551	510	504	535	622	648	639	602	631	614	700	698	638	619	649	382	384	370	383	397	431	395	417	321	321	306	286	299	300	335	301	316	372	370	355	354	366	348	342	332	318	370	351	349	359	436	399	388	390	378	341	349	353	364	356	365	385	369	385	365	347	346	394	418	380	512	494	504	509	531	488	496	499	424	466	457	404	404	411	365	443	402	477	434	416	484	420	457	442	431	426	423	468	443	432	410	456	472	444	448	507	520	492	504	508	255	246	233	215	219	297	339	298	362	313	260	270	281	343	374	381	366	448	466	331	358	360	343	326	273	331	283	282	387	312	313	339	346	337	367	326
ZNF44	866	844	814	632	739	765	1114	948	849	744	943	926	836	789	816	769	792	591	638	683	671	736	271	365	369	329	197	248	271	256	242	227	247	247	230	253	249	197	285	242	249	241	229	250	168	197	222	231	211	215	199	225	219	231	205	199	220	213	236	233	266	245	191	175	145	193	142	239	217	261	280	236	193	199	308	334	280	261	275	302	284	321	335	311	316	303	277	289	254	271	307	242	286	259	259	264	264	254	246	291	280	286	277	282	293	292	274	269	280	285	296	247	306	312	259	309	273	243	253	234	267	248	208	218	217	263	204	242	227	190	229	199	259	223	226	104	140	153	124	191	213	168	149	159	186	170	205	167	200	201	173	168	165	181	86	91	100	114	84	89	120	120	130	138	140	112	128	123	128	130	142	140	129	137	142	134	164	134	163	135	126	154	166	160	156	149	137	123	131	162	160	135	140	156	144	153	103	176	173	182	158	188	186	182	176	159	138	179	146	153	152	174	162	157	177	151	164	126	176	189	175	179	193	190	171	166	161	207	184	216	176	189	187	190	206	191	171	152	147	154	161	174	194	3	3	1	1	1	1	6	5	4	3	3	6	5	3	11	5	11	5	7	5	9	7	10	5	20	12	19	15	22	21	16	12	11	11	15	14	14	41	30	51	35	48	38	32	50	47	42	45	48	37	26	21	27	21	31	31	31	28	26	28	26	29	34	22	32	24	36	24	42	36	31	36	54	52	66	50	46	51	58	60	55	51	44	54	55	43	92	77	126	72	83	112	116	118	124	127	119	129	121	95	116	113	110	97	116	101	106	106	112	117	100	85	74	98	88	93	97	94	90	85	91	107	91	118	99	95	95	93	106	110	96	102	113	96	95	92	86	78	72	94	45	75	71	75	76	69	82	83	68	80	76	83	83	75	84	78	66	69	66	63	58	71	74	73	61	72	58	63	40	57	52	65	75	38	40	45	56	46	44	55	60	377	410	452	447	416	364	505	404	395	443	432	449	447	659	617	605	556	533	520	547	771	623	502	478	471	463	469	464	600	580	586	559	573	534	554	458	514	498	528	597	598	597	591	642	584	552	541	498	541	558	577	466	563	581	619	597	501	551	507	553	618	677	670	655	684	647	737	693	612	643	656	437	308	317	424	362	370	427	418	328	301	331	316	301	328	329	323	342	316	381	355	320	420	316	337	332	339	327	384	397	386	395	389	416	386	331	329	357	340	400	434	398	394	425	433	392	364	410	446	461	461	453	462	473	434	470	456	487	500	429	484	521	390	381	392	415	468	435	443	466	420	442	403	466	497	483	463	439	508	487	469	438	474	476	492	496	467	524	501	540	484	269	237	234	233	214	284	288	318	324	264	267	310	324	325	355	348	376	451	415	303	348	325	340	357	266	311	283	267	321	311	314	330	356	349	350	318
ZC3H8	821	842	835	608	693	721	1102	959	925	855	923	938	817	778	807	785	783	608	658	684	735	709	331	392	423	370	209	227	244	253	254	238	251	250	242	217	231	219	242	253	226	221	233	231	173	206	220	245	215	225	213	208	228	234	214	221	226	214	227	225	241	245	198	195	187	201	204	247	207	277	277	223	195	232	284	290	296	265	305	295	293	344	316	288	298	311	290	295	264	249	266	233	247	276	291	294	279	283	266	259	305	294	282	277	278	266	244	253	285	263	278	279	291	299	283	288	272	246	259	258	251	249	231	238	226	256	242	242	219	253	232	227	276	241	264	111	132	130	118	194	193	158	143	168	179	187	203	175	193	205	168	158	161	192	91	80	96	92	95	104	123	117	108	119	109	97	110	107	130	116	128	132	138	150	132	127	148	160	148	138	136	158	137	136	134	155	147	138	158	132	155	136	155	128	151	140	126	164	198	177	169	161	182	175	164	163	166	168	159	151	164	176	182	150	169	148	149	162	195	172	175	192	166	166	183	194	167	201	225	207	195	202	192	178	194	211	160	177	156	192	167	178	184	1	1	1	1	1	1	1	1	1	6	3	5	4	1	13	6	12	12	5	6	3	5	4	8	16	16	20	14	20	17	18	10	13	15	8	9	9	31	43	38	46	33	42	39	39	36	43	55	37	35	24	19	24	23	41	47	38	32	32	28	26	25	28	23	31	24	22	32	28	34	25	20	46	47	49	50	43	43	64	48	48	58	53	41	50	45	141	86	113	100	85	125	132	126	133	120	120	124	109	112	118	112	100	116	115	99	103	109	106	95	89	85	95	89	97	85	82	77	76	90	89	84	83	93	77	99	94	101	107	109	91	89	106	105	83	101	92	77	73	81	29	95	73	89	88	89	97	72	80	67	64	78	73	86	67	50	62	63	53	62	49	67	68	71	72	73	58	54	58	68	54	52	65	64	43	50	49	61	61	57	55	439	403	476	472	455	359	445	423	365	449	426	446	430	646	616	644	557	515	501	529	698	592	496	505	483	473	475	465	617	595	590	553	550	541	509	492	528	490	531	628	563	615	584	603	564	521	568	572	511	615	556	501	627	659	593	565	536	545	557	544	660	662	660	645	737	624	720	759	675	703	659	393	319	327	404	432	380	427	451	291	316	345	343	305	311	355	342	372	349	406	388	354	387	320	359	341	334	338	381	358	349	380	424	424	409	352	336	362	349	398	386	411	403	379	391	382	380	401	431	410	417	486	471	510	494	443	460	515	528	442	442	514	429	398	409	421	472	425	493	449	435	452	473	466	460	459	481	466	471	464	482	412	436	460	470	491	475	530	478	531	506	295	243	212	215	251	253	298	297	351	261	247	292	317	336	339	353	380	483	429	326	370	355	340	344	281	287	291	271	319	296	321	336	348	343	373	348
ZNF782	856	793	857	595	733	675	1147	971	924	828	959	978	803	776	793	793	790	604	659	729	725	699	293	469	472	426	204	233	233	268	256	263	275	270	263	246	241	225	249	226	261	227	250	239	193	201	226	212	214	233	204	195	218	224	220	216	225	233	234	240	236	249	188	194	200	205	176	208	228	268	287	226	229	256	285	295	288	285	296	298	303	322	323	327	320	339	292	295	255	245	250	267	265	264	280	260	282	306	301	268	283	308	272	305	275	286	288	306	260	282	278	224	297	278	272	278	257	254	248	249	233	265	208	220	206	259	206	221	210	202	235	226	253	242	246	108	127	130	112	237	209	174	140	153	174	175	165	164	183	207	170	158	137	173	80	73	93	90	68	94	126	94	97	143	112	101	123	120	146	121	138	141	157	139	156	134	143	152	147	122	147	177	148	157	152	167	156	134	146	131	159	139	152	134	144	150	131	168	199	170	198	201	174	185	192	156	149	159	146	142	155	162	160	155	159	168	165	160	169	181	191	192	194	219	172	187	178	172	205	215	210	217	214	195	183	221	182	194	165	150	159	159	170	2	2	1	1	1	1	2	2	3	4	2	6	5	2	6	10	10	9	9	5	7	6	8	12	17	16	25	18	20	20	24	13	15	16	7	13	13	22	48	53	40	28	37	48	42	38	41	60	58	28	21	32	29	19	35	32	31	29	32	23	33	22	25	31	28	37	26	44	31	34	35	27	68	46	55	52	53	48	75	55	54	55	51	57	54	59	122	81	158	117	75	117	147	140	124	110	139	119	114	130	114	124	108	119	101	104	124	124	120	120	97	73	89	99	87	105	98	90	104	94	96	106	82	108	82	86	88	84	105	109	105	112	100	108	102	95	103	60	66	76	65	98	73	89	86	67	88	92	77	79	80	73	87	91	70	67	59	59	65	61	62	71	69	69	55	68	57	56	46	65	57	59	69	25	40	38	37	63	58	62	55	414	390	477	423	433	369	439	397	388	396	412	423	430	655	632	577	568	552	565	501	674	602	456	496	472	456	462	431	559	571	566	529	562	487	512	485	522	523	542	582	569	580	615	589	611	567	550	539	552	598	586	541	636	660	596	576	549	572	564	538	617	700	681	667	735	625	752	784	689	704	659	393	339	332	355	411	409	408	445	336	327	356	341	300	298	336	311	350	335	412	389	366	389	322	381	364	330	379	344	399	365	394	405	395	457	363	308	346	334	397	371	379	394	406	406	372	400	422	451	418	415	517	507	475	542	491	487	541	541	498	458	474	451	428	414	462	466	450	468	456	422	448	464	500	454	482	460	461	457	474	478	425	457	466	490	507	444	560	507	527	474	271	219	220	210	217	246	287	302	320	247	243	262	301	318	302	324	338	425	405	287	364	344	346	310	247	278	269	260	321	269	288	311	328	314	332	336
ZNF510	773	790	833	586	680	669	1151	992	911	811	909	919	788	793	744	794	750	589	650	659	719	721	295	417	392	350	216	237	226	263	260	260	265	273	248	222	254	228	241	221	227	253	244	270	205	226	219	214	217	231	235	202	203	234	229	231	229	228	245	256	235	253	197	208	183	212	188	237	203	283	291	214	234	235	264	280	274	268	292	287	288	326	328	318	326	346	315	315	265	243	251	265	252	257	288	293	290	299	282	282	283	295	277	295	281	266	286	286	293	296	248	256	325	288	262	273	251	251	272	274	232	249	206	223	209	258	219	224	229	208	227	193	254	241	259	118	113	142	108	196	213	133	146	165	158	158	188	159	169	209	165	158	133	171	97	62	79	98	103	90	113	94	100	129	103	107	103	128	155	149	140	141	144	163	145	139	171	138	173	156	164	177	140	145	157	177	178	137	163	154	165	139	149	115	148	142	148	198	203	181	186	211	187	193	152	178	177	173	179	165	172	164	175	150	138	164	178	175	187	169	199	188	176	212	183	193	180	209	175	205	218	228	210	184	203	226	202	167	172	169	142	167	174	1	2	1	2	1	1	2	2	6	6	1	3	4	2	10	12	4	9	7	3	6	7	11	11	17	16	30	23	18	27	19	23	23	9	9	13	13	25	46	54	48	36	35	48	51	46	54	46	58	21	28	32	21	28	51	34	42	23	38	24	34	23	32	35	36	34	24	42	40	42	40	35	49	44	53	44	50	64	64	49	59	59	56	66	70	66	151	75	146	114	89	149	151	129	120	116	133	128	140	115	131	139	121	119	120	110	128	116	125	128	82	107	82	69	88	104	96	90	110	119	116	96	103	97	95	90	100	106	122	121	116	103	98	116	119	112	108	75	82	85	85	88	77	111	80	92	90	92	73	90	89	72	79	75	64	61	62	71	63	57	65	74	79	72	59	82	52	63	51	58	61	63	85	38	26	43	29	56	62	57	48	366	410	452	398	409	320	451	381	352	425	413	414	399	613	603	583	520	522	519	490	668	567	431	441	451	462	437	445	559	511	535	520	520	485	507	462	496	480	538	591	561	567	590	625	577	501	571	585	565	602	550	548	614	601	595	565	553	544	541	528	614	688	644	622	701	600	713	726	675	710	658	357	347	351	362	378	418	413	455	349	332	340	338	293	305	357	309	344	357	412	378	365	373	322	339	362	342	368	341	362	380	394	416	393	424	346	291	362	354	404	385	418	402	391	422	379	399	392	417	432	398	513	489	485	505	507	508	540	537	455	448	482	448	404	422	409	447	423	498	464	428	432	497	508	486	450	464	445	473	448	486	405	471	475	441	481	469	526	525	529	490	270	243	195	200	215	255	264	304	313	247	234	266	295	328	314	371	328	416	458	293	343	312	301	314	244	228	254	244	309	267	289	293	360	348	337	318
ZNF34	865	835	892	641	763	725	1177	989	982	912	1005	948	827	806	808	794	815	647	720	774	782	760	321	422	428	353	215	220	238	265	266	277	258	267	256	247	256	232	229	233	250	244	271	243	197	222	241	213	203	212	232	217	214	225	239	245	236	245	237	235	228	265	211	218	223	213	221	240	219	291	296	248	244	260	264	270	312	302	306	289	302	332	325	288	339	336	305	329	275	245	250	256	266	306	287	295	294	297	297	268	310	310	277	299	290	276	290	286	278	295	270	262	296	296	292	305	250	259	254	284	253	249	249	215	222	261	220	259	234	261	242	251	291	260	269	111	126	133	121	208	217	169	169	175	180	215	181	190	203	220	174	181	155	187	106	80	106	104	110	121	138	121	105	135	111	104	136	131	141	137	146	143	144	128	131	131	161	149	147	148	167	156	143	152	156	155	178	133	137	148	138	143	148	160	153	159	147	187	189	173	187	200	182	175	155	196	182	171	173	154	171	186	169	152	152	176	153	172	184	178	185	191	195	182	188	202	186	210	191	214	230	228	204	212	198	224	192	178	162	201	156	199	162	1	1	1	1	1	1	1	2	4	6	2	5	4	3	10	10	9	9	10	5	8	6	11	13	18	15	20	17	20	20	23	18	17	21	10	12	7	32	54	51	49	42	36	49	47	41	48	51	59	38	28	32	25	22	51	41	44	27	30	33	40	24	30	38	33	27	30	41	22	36	46	31	62	56	48	57	44	58	55	67	49	71	56	61	47	59	130	96	127	124	91	130	126	130	143	130	131	150	125	115	125	123	128	112	118	116	124	131	125	125	94	89	88	91	99	109	95	96	103	100	94	84	89	109	84	89	108	110	100	110	108	114	115	97	87	104	101	70	73	78	41	94	84	97	96	82	91	92	76	83	78	76	84	98	77	63	73	70	63	75	76	71	66	82	75	79	66	71	49	61	60	69	60	52	34	35	49	59	56	66	51	443	451	518	481	491	376	447	445	419	464	447	445	464	739	679	618	597	555	577	567	704	622	484	541	518	522	492	457	626	603	621	600	598	538	543	519	561	558	559	651	584	623	612	656	639	537	564	578	578	636	637	561	648	638	625	584	598	563	570	557	694	724	728	670	735	669	750	747	692	727	692	377	355	354	387	419	442	440	459	324	352	361	376	350	308	373	363	383	381	431	412	374	402	339	381	381	361	397	374	356	389	433	444	436	422	384	348	386	363	414	374	403	423	390	409	385	417	394	429	405	396	517	537	530	552	530	521	547	567	486	491	487	469	445	451	452	449	439	509	462	424	484	482	508	463	457	495	476	511	500	476	483	453	448	501	507	478	586	501	579	535	298	251	207	245	218	286	319	321	380	293	257	321	321	377	372	359	366	465	464	336	393	345	333	338	272	311	287	287	359	307	326	341	392	335	342	349
ZNF724P	853	800	844	627	772	758	1166	964	906	842	909	972	841	787	788	805	787	629	675	730	782	721	300	462	442	413	220	250	246	275	235	247	253	275	258	233	227	240	250	231	239	270	243	285	227	237	217	229	220	232	232	239	224	221	215	223	207	236	230	244	254	260	231	184	169	234	204	219	251	263	277	235	208	228	297	304	286	288	275	305	299	345	317	319	312	336	290	308	263	256	274	268	289	272	288	293	275	282	271	286	284	274	297	304	270	284	290	282	295	308	307	262	311	295	271	301	278	263	262	287	243	238	214	220	242	262	207	259	229	206	245	224	287	249	228	126	141	144	132	222	228	168	154	168	176	172	188	179	180	197	165	164	168	188	96	79	77	108	84	104	128	91	117	126	106	105	120	134	152	130	131	147	145	149	148	144	151	136	170	153	167	163	131	151	146	148	149	132	137	155	155	127	153	140	137	149	126	179	194	188	171	204	202	179	150	185	153	169	151	162	163	181	155	153	168	152	168	166	168	174	195	193	178	183	165	183	163	194	176	206	214	214	205	212	200	228	196	186	168	162	163	167	196	2	2	1	2	2	2	3	2	5	6	3	3	3	3	8	9	9	8	9	4	4	9	5	10	21	20	24	18	24	26	17	15	16	15	13	13	14	26	48	52	42	42	40	30	43	41	45	51	46	34	25	29	29	17	42	33	33	29	27	24	24	20	36	34	31	33	28	42	36	30	33	31	57	41	63	49	47	52	61	54	54	58	44	56	57	53	114	99	156	96	109	117	134	128	123	136	131	120	117	115	109	116	113	112	98	104	122	116	117	120	85	92	79	98	87	95	89	78	99	88	87	100	88	87	87	93	87	114	109	107	103	107	112	111	100	115	105	87	86	74	62	72	87	79	83	83	88	87	67	78	70	82	79	82	83	63	57	63	64	65	57	76	73	60	61	69	72	55	58	65	60	75	66	29	57	57	50	60	52	63	45	419	417	477	458	459	381	480	418	424	437	426	470	441	703	680	623	586	536	582	551	747	642	514	507	488	478	495	475	597	602	581	567	581	551	539	461	503	538	547	580	571	610	610	615	627	587	582	536	580	601	592	550	637	597	598	617	523	563	534	532	672	718	713	667	714	664	739	728	675	682	687	413	349	342	406	387	409	435	433	363	326	341	348	298	309	344	323	378	344	432	368	361	375	341	350	369	350	379	366	381	390	401	432	408	414	376	308	335	370	401	421	430	443	411	420	393	396	407	447	450	434	511	493	500	533	492	504	554	532	464	491	495	431	431	414	444	481	476	505	493	436	443	457	510	506	491	471	483	489	467	464	439	504	495	492	486	466	548	545	561	496	271	239	213	240	209	285	304	333	338	277	273	278	320	347	336	382	372	434	421	312	386	342	344	333	305	307	273	270	347	285	308	317	359	347	371	357
ZBTB7A	454	653	674	510	527	464	1063	887	833	777	786	843	753	753	665	689	669	570	601	686	728	642	344	423	444	374	208	210	198	218	214	225	247	235	204	176	182	181	168	173	193	205	197	227	259	180	196	160	182	168	174	197	187	188	219	199	215	222	203	208	209	218	141	185	153	255	246	164	196	278	250	282	225	205	185	206	265	222	245	213	238	251	271	245	255	266	246	265	217	193	201	227	199	230	249	243	233	258	274	225	263	259	268	283	251	260	243	242	232	217	217	237	238	231	231	243	237	203	181	204	203	189	217	190	156	163	150	209	151	190	211	204	240	212	209	61	73	84	78	233	172	165	135	154	159	210	150	198	154	167	113	129	104	113	78	60	79	59	78	83	107	103	96	96	107	81	115	107	125	130	138	127	116	113	124	122	129	127	133	144	123	134	125	145	140	129	141	110	97	124	115	135	129	99	156	150	134	146	162	147	152	172	153	169	130	164	158	150	118	127	150	116	136	138	115	140	149	130	151	146	147	154	173	143	167	154	163	127	153	159	181	197	162	161	191	207	212	157	164	209	106	134	141	5	5	1	1	1	1	7	6	4	4	2	2	3	5	13	10	5	6	9	10	10	8	8	10	16	29	22	18	28	21	19	13	19	15	18	21	13	55	33	41	34	47	27	23	44	35	34	51	50	24	25	20	12	20	37	29	48	20	25	32	21	23	26	31	25	36	27	38	24	28	21	29	51	46	31	41	36	53	62	44	56	48	71	63	46	50	170	133	127	114	101	126	111	98	110	119	112	142	121	80	87	107	96	91	94	102	112	109	111	107	74	72	54	79	78	88	74	93	100	77	83	99	83	73	55	72	67	81	72	86	89	108	81	66	70	84	84	55	58	71	59	65	68	85	87	77	75	83	88	57	69	62	62	67	71	64	75	54	56	49	55	61	51	70	63	44	72	40	54	66	67	50	47	24	42	25	24	52	45	43	35	322	355	478	386	436	239	246	340	306	289	316	327	388	564	565	460	441	412	550	454	381	598	306	350	363	383	353	350	494	423	453	432	431	494	450	451	428	438	480	442	450	460	495	551	542	489	493	480	397	491	508	585	554	530	548	529	507	459	443	475	523	614	576	498	533	535	668	646	643	578	573	333	331	339	313	408	375	365	366	247	322	269	266	299	264	357	280	302	280	346	333	332	305	344	384	298	303	315	322	297	302	303	345	357	372	274	258	306	317	349	310	328	313	329	334	329	325	330	349	343	322	469	425	458	430	439	448	414	455	471	404	377	402	485	496	331	329	330	442	399	359	418	363	431	386	374	383	392	488	403	351	351	393	378	361	380	357	437	393	438	408	153	178	143	155	138	262	281	257	281	204	236	226	275	356	272	304	304	364	367	230	272	257	181	209	193	235	181	224	300	246	241	231	252	219	254	242
KLF9	554	680	656	407	460	475	996	833	765	701	903	783	656	700	646	623	679	500	562	585	630	607	247	307	271	239	184	201	251	243	229	239	252	229	231	192	240	193	197	206	201	226	222	237	180	235	253	194	193	212	233	205	195	196	207	211	194	232	230	218	222	227	167	180	159	197	202	211	188	225	253	247	205	206	242	240	291	231	246	262	285	290	289	287	286	298	319	317	262	194	226	239	234	258	279	290	265	247	280	254	249	256	272	263	294	250	237	241	255	267	235	226	266	271	212	265	247	222	233	245	242	183	170	190	205	198	181	194	173	202	170	138	233	219	209	89	68	125	80	161	172	130	117	137	155	166	164	142	140	167	107	108	104	107	86	54	71	74	95	80	107	101	95	107	102	95	112	128	139	141	128	123	137	148	148	135	154	123	158	135	141	162	161	155	150	147	144	127	146	148	146	129	140	132	145	149	121	193	170	166	165	169	165	177	142	176	129	142	161	163	161	151	157	144	142	137	165	134	150	150	166	186	162	159	175	176	161	177	180	159	190	195	203	184	177	198	188	168	162	175	127	166	153	3	3	1	1	1	1	4	3	5	6	1	5	4	5	11	12	4	6	5	7	8	9	8	11	9	18	21	20	19	20	22	19	24	9	10	13	10	23	36	42	31	36	36	41	52	60	47	50	44	24	20	20	22	26	37	37	31	46	33	27	21	24	37	27	37	39	30	35	39	43	43	42	52	42	43	47	35	40	43	55	51	57	58	53	62	58	143	93	115	87	93	129	125	130	112	114	130	118	129	93	126	139	101	96	108	108	111	101	121	115	75	91	59	71	98	90	99	92	91	97	96	93	95	96	81	84	81	103	92	100	99	98	93	91	73	109	84	70	59	56	70	82	76	84	76	92	82	81	72	72	82	82	77	79	68	58	64	71	57	74	61	82	80	79	62	59	53	54	30	59	62	63	60	55	45	42	22	39	52	59	52	261	281	392	364	365	206	266	263	263	317	309	307	340	509	492	483	407	347	436	426	496	476	326	305	343	340	309	312	453	362	387	356	354	482	456	430	419	406	487	530	485	523	503	574	565	491	521	524	459	555	497	495	542	490	515	475	522	437	464	469	559	622	604	549	597	576	680	645	582	573	493	306	299	308	303	390	385	402	424	300	299	310	311	274	297	342	297	325	336	354	344	334	394	323	351	322	317	314	311	322	361	342	400	381	373	312	277	335	312	337	320	359	362	342	352	348	357	320	387	380	342	415	412	448	419	438	431	464	498	368	400	397	382	399	368	312	292	314	407	410	386	414	425	447	464	416	454	411	477	439	410	392	437	414	392	409	418	467	436	526	503	185	186	130	157	179	203	233	283	247	198	191	252	293	284	249	312	321	389	364	202	254	263	194	214	192	213	179	181	261	223	221	205	227	226	259	248
ETV6	614	725	673	487	540	551	1060	905	869	730	921	818	726	746	727	698	697	571	612	612	695	669	281	315	329	253	182	211	230	243	229	259	264	236	254	200	222	207	222	220	226	219	241	217	196	253	237	201	193	210	216	201	200	187	207	201	209	223	223	212	223	251	154	179	195	202	209	219	207	239	243	259	213	227	251	246	318	277	267	271	255	295	306	307	306	310	344	347	240	222	246	252	246	284	292	312	281	269	294	245	275	254	267	276	268	232	235	274	266	270	227	215	264	265	259	269	253	214	219	250	198	203	193	204	187	219	168	214	180	191	183	197	223	206	211	83	102	106	87	179	189	145	110	151	145	177	146	160	134	154	126	115	113	141	86	61	55	80	78	85	92	102	106	110	108	90	111	120	126	127	123	153	151	124	116	116	147	147	145	137	146	163	149	135	155	158	156	123	143	133	142	130	137	129	152	119	116	189	171	162	185	194	179	180	160	171	151	133	177	173	163	154	177	153	136	136	152	134	175	164	194	183	154	166	171	172	158	200	188	162	199	220	196	194	180	198	169	159	171	169	126	186	160	2	1	1	1	1	1	1	1	4	6	4	3	5	2	7	10	7	5	7	6	7	7	3	7	10	23	21	14	16	14	18	16	22	10	11	10	12	27	47	38	35	28	33	30	44	45	44	54	49	30	20	22	20	23	37	40	41	29	29	25	21	20	31	24	21	31	32	35	28	35	33	29	40	49	38	42	47	45	47	56	39	56	64	57	51	63	127	84	123	102	93	125	130	117	112	110	135	130	129	101	155	120	112	99	98	93	110	113	108	106	92	80	63	82	77	95	85	87	101	96	86	73	97	87	81	79	87	83	94	106	110	93	107	90	89	79	97	59	61	62	85	86	82	80	80	73	80	82	65	80	70	76	64	78	62	61	68	55	49	75	61	75	60	63	59	59	62	49	43	46	66	54	66	37	42	29	23	44	43	48	43	312	332	424	396	402	235	322	322	273	331	322	327	322	564	600	524	438	376	453	434	547	530	344	353	372	367	353	332	490	411	433	422	400	479	490	421	460	452	482	573	481	571	559	579	621	502	534	518	524	555	511	528	565	524	532	527	552	447	523	490	600	663	618	576	678	631	715	698	661	574	563	352	320	309	329	404	383	401	419	288	310	316	330	300	317	354	342	346	344	375	379	347	448	333	372	338	321	352	291	356	375	361	409	420	401	294	285	332	322	351	347	361	373	389	387	343	368	343	416	420	371	472	460	489	454	492	460	507	527	412	403	447	411	401	370	334	363	369	465	404	416	412	444	468	472	449	478	452	508	473	432	418	420	452	429	426	408	501	452	566	536	206	191	151	163	159	244	279	283	284	225	209	282	296	308	303	306	319	395	391	224	287	269	216	242	186	224	195	220	286	224	225	246	267	250	282	237
ZNF337	779	855	792	556	659	739	941	819	760	678	881	777	691	653	679	656	699	524	597	607	610	635	273	338	340	307	174	212	192	246	217	200	225	219	216	220	227	183	231	245	212	214	213	229	160	194	201	211	191	208	193	201	189	189	175	172	184	197	205	194	211	228	174	168	164	189	157	206	200	213	250	221	194	174	273	301	269	235	255	277	276	309	310	258	264	275	263	276	223	224	243	229	232	229	252	250	238	219	238	235	229	244	240	229	241	272	250	259	266	246	262	231	292	269	244	256	258	229	211	229	266	223	215	196	228	267	209	230	224	194	189	182	269	219	199	108	123	147	100	178	197	143	159	140	161	156	188	173	196	201	185	152	130	178	82	90	95	85	85	103	111	103	110	132	113	90	106	117	121	114	107	140	148	129	115	131	124	121	129	131	112	122	138	127	141	133	121	117	141	144	144	132	122	150	150	129	94	147	145	171	164	162	160	170	129	145	140	157	145	135	128	139	149	152	161	146	128	125	150	165	160	169	157	173	174	158	150	188	167	216	165	178	162	162	163	185	155	140	128	158	169	171	167	1	1	1	1	1	1	3	1	1	2	1	7	3	1	7	5	5	5	4	5	6	5	4	6	11	15	18	10	15	17	9	8	10	11	7	12	14	31	29	35	31	25	34	29	34	33	27	38	46	33	27	33	29	15	28	33	35	21	24	21	27	19	27	19	22	18	25	24	22	23	23	23	44	53	51	43	42	41	55	42	44	48	53	47	43	39	105	64	100	74	80	86	107	113	102	106	108	105	98	79	98	89	98	74	100	92	110	105	88	93	87	70	74	91	84	68	96	82	70	69	72	103	71	100	82	85	80	96	83	83	85	85	107	91	75	105	100	75	78	57	36	73	65	60	67	57	78	69	65	59	57	75	75	64	78	60	59	57	56	55	47	52	55	58	64	70	54	43	39	48	48	65	57	44	43	46	43	55	38	55	57	359	359	458	415	420	337	420	356	362	372	392	409	397	607	548	575	506	482	500	464	677	528	463	440	449	441	422	410	572	565	534	472	505	456	500	433	467	443	467	543	520	560	536	550	551	520	485	472	476	530	518	453	503	494	504	516	471	444	451	450	565	608	618	582	623	582	647	592	570	566	571	327	292	295	317	328	336	368	388	302	276	303	294	279	305	305	299	302	277	335	299	299	363	311	334	315	326	318	339	341	351	355	383	383	365	301	294	342	348	344	380	342	374	351	345	352	356	358	398	395	400	457	394	421	406	413	421	469	465	359	425	439	365	353	356	355	389	366	398	393	359	389	381	414	414	425	431	406	471	448	409	408	394	419	465	455	415	499	439	491	471	238	246	208	214	215	248	288	289	322	271	237	302	303	299	325	342	357	417	377	272	325	356	298	324	258	238	272	251	330	277	289	308	328	295	367	302
BRCA1	667	689	759	537	609	657	976	844	777	677	813	814	671	621	638	688	650	553	579	647	667	626	247	386	379	330	189	206	235	246	217	241	211	234	235	168	219	197	211	215	214	217	203	220	182	193	193	191	211	183	198	167	186	200	186	219	214	233	205	218	192	210	157	212	139	188	186	212	176	225	245	230	177	204	226	239	253	234	231	277	259	285	283	289	271	293	274	305	265	193	226	247	226	254	248	272	275	279	267	189	243	257	238	259	257	239	251	241	246	244	228	238	265	273	247	243	216	202	231	229	238	229	193	203	198	228	197	203	203	194	211	201	220	228	209	105	118	128	101	176	181	134	120	142	164	162	168	171	168	173	147	127	132	160	66	56	73	98	86	86	100	96	107	100	100	97	92	122	135	137	128	141	132	154	130	135	134	140	135	153	154	180	135	127	141	162	152	146	132	134	170	130	128	110	147	134	95	174	161	184	172	148	172	165	134	149	137	148	135	161	158	142	164	117	135	145	182	155	129	134	186	208	194	156	153	175	177	166	161	161	181	184	215	170	173	188	170	149	163	154	137	158	152	1	2	1	2	1	1	4	2	8	8	3	2	5	2	7	19	4	5	11	9	6	6	7	6	9	18	33	29	23	29	28	33	34	12	8	16	7	26	42	47	34	32	45	45	48	61	45	40	56	22	22	17	18	31	39	31	31	26	33	34	28	29	34	28	34	22	31	45	46	38	45	39	34	41	51	45	49	61	50	53	67	68	71	71	81	78	116	74	173	97	86	137	130	106	135	120	128	115	120	104	119	137	116	112	100	124	101	100	121	103	74	82	84	73	86	100	88	97	121	109	90	68	100	79	81	84	86	87	102	114	99	94	88	97	90	81	100	58	81	57	135	80	101	104	73	94	80	70	65	85	79	82	77	80	61	56	63	67	75	60	52	85	73	65	45	68	52	47	37	58	55	55	80	39	31	32	39	41	53	46	47	339	359	429	391	394	309	382	352	323	376	392	368	387	545	556	539	489	438	501	474	545	562	397	415	410	411	431	389	525	515	479	499	479	431	456	411	460	452	460	533	506	537	540	490	500	458	506	448	453	506	467	456	539	515	499	483	435	428	440	454	544	600	573	505	552	527	610	638	567	572	561	305	294	294	317	321	360	346	371	268	305	315	279	248	267	320	302	325	298	329	349	352	356	289	326	343	305	331	297	308	318	360	397	343	380	328	273	302	332	367	345	353	342	345	325	311	334	335	365	356	334	440	406	484	433	427	424	443	473	412	400	420	365	381	374	316	354	355	451	385	369	367	431	421	397	391	417	398	429	401	442	364	422	406	399	407	360	454	422	499	456	212	226	181	178	205	250	277	260	287	228	221	262	274	335	312	322	331	415	376	267	317	291	255	279	230	262	218	240	299	271	258	261	288	274	307	273
ZNF142	662	689	699	519	621	590	997	846	782	792	848	903	697	630	671	672	716	529	568	639	678	600	256	426	416	381	165	202	213	226	223	227	233	231	229	215	218	206	215	225	233	231	212	232	168	212	210	208	183	221	211	213	178	203	197	201	214	235	207	203	230	228	199	162	153	199	177	211	211	204	237	225	200	232	238	256	270	259	244	264	287	283	296	298	271	311	262	291	223	220	223	267	252	257	274	254	253	248	264	225	236	251	248	259	260	265	243	274	285	254	214	233	264	282	248	253	253	235	232	234	221	207	185	194	224	245	177	224	180	155	174	171	221	201	206	108	112	111	112	164	194	157	143	140	163	188	170	152	172	172	135	139	128	130	70	63	57	75	74	91	103	101	96	97	102	115	98	126	117	115	108	147	144	119	124	135	143	121	154	143	140	159	129	126	140	147	131	134	125	146	131	122	105	114	123	124	124	147	142	151	183	167	163	164	142	133	146	132	149	148	133	120	160	126	140	143	146	146	137	140	171	181	154	152	178	182	143	177	158	174	188	185	188	188	183	180	172	184	164	163	135	158	172	1	1	1	1	1	1	2	2	3	4	2	4	3	2	2	8	5	8	6	3	8	4	5	7	15	17	14	22	16	9	9	15	12	10	9	15	13	20	37	45	30	46	32	31	34	34	33	42	39	30	19	19	18	13	31	27	27	20	23	20	25	12	28	26	35	23	22	32	26	23	25	30	55	40	49	44	40	50	60	47	49	39	52	54	52	48	100	82	122	99	78	98	112	97	117	126	138	103	120	108	102	111	101	100	88	89	106	105	106	101	61	74	62	91	67	94	77	85	79	90	94	73	80	84	97	78	69	83	82	91	113	105	88	80	73	92	79	69	63	65	54	81	65	55	75	67	59	80	56	67	70	76	67	70	62	67	52	51	53	54	50	69	60	59	38	67	51	48	42	68	69	61	67	30	36	38	32	62	48	46	44	318	328	431	406	376	293	351	339	328	337	349	377	377	581	549	549	480	441	480	446	588	544	393	392	411	416	397	386	480	487	498	462	481	486	442	440	428	438	448	553	521	514	510	537	558	460	491	497	480	553	508	498	558	533	498	529	469	484	459	453	545	655	594	610	608	584	656	629	586	660	562	326	297	293	325	346	354	359	361	306	295	280	313	270	284	306	296	316	264	374	311	327	357	305	329	302	339	343	303	354	361	370	337	365	366	292	288	302	302	339	338	357	369	354	337	334	383	363	403	368	375	447	430	452	466	435	453	462	486	432	400	427	406	395	406	413	391	387	409	394	398	368	385	444	445	423	411	377	422	404	389	414	428	382	446	409	405	464	421	473	437	202	216	168	204	199	249	263	265	288	217	241	268	266	300	290	325	293	386	335	250	326	285	241	270	235	245	230	219	294	238	253	250	324	270	286	292
MTERF2	711	693	732	540	653	598	1021	835	835	735	846	842	690	672	687	728	731	552	587	625	697	638	252	382	337	318	176	227	205	247	218	235	244	241	226	195	205	214	199	213	204	235	232	232	174	233	216	193	198	211	195	209	195	210	201	194	216	226	207	222	209	194	180	181	156	186	189	183	220	228	248	215	183	205	247	276	291	243	274	267	267	295	289	287	272	292	279	297	248	207	229	240	228	258	265	276	237	259	262	254	262	262	258	272	251	263	262	265	278	252	247	225	256	278	232	253	269	238	214	240	237	199	188	200	206	219	185	204	202	208	215	211	268	220	201	122	121	115	118	177	185	148	142	154	160	156	167	155	159	181	126	133	143	140	87	68	55	83	81	89	104	86	108	107	99	94	106	123	123	115	128	126	133	112	141	122	145	124	151	144	135	141	120	136	138	132	125	106	122	152	124	129	114	115	125	138	115	177	159	157	168	171	157	161	140	154	148	143	148	150	154	139	148	142	128	134	154	154	162	177	165	165	164	167	165	173	158	196	151	159	188	208	180	176	204	200	176	167	159	158	161	163	150	2	1	1	1	1	1	2	1	3	6	1	6	3	3	7	8	8	7	7	5	5	7	7	13	17	19	18	24	23	17	18	12	13	16	17	16	14	13	36	44	35	40	25	33	36	41	41	41	48	24	15	31	27	16	44	34	33	23	22	23	27	25	39	30	23	27	26	25	29	29	27	23	50	39	48	39	48	56	53	42	49	59	52	44	56	46	122	84	130	89	94	113	105	103	114	134	126	98	100	102	102	106	99	99	99	93	110	97	102	91	77	78	77	78	70	82	73	81	89	80	78	91	84	74	75	83	76	95	83	94	97	94	100	83	76	91	106	57	66	71	51	73	77	80	79	80	85	75	76	64	72	71	71	70	65	56	59	64	57	56	53	67	62	60	50	70	60	62	56	69	59	50	60	39	36	46	40	55	44	43	41	364	359	394	403	383	307	398	345	351	357	337	372	393	585	583	572	491	446	508	468	633	591	428	436	412	411	398	382	510	505	491	484	490	482	493	403	469	449	515	540	505	546	532	567	540	482	532	503	515	518	504	476	552	542	520	514	513	520	480	476	576	653	583	584	627	584	654	651	618	611	589	335	300	304	308	389	362	359	386	335	296	288	313	305	295	327	289	311	316	368	332	325	357	327	340	304	335	324	314	332	341	327	372	375	372	343	293	311	358	371	376	376	357	337	356	342	365	387	382	393	356	455	431	467	483	434	447	459	494	415	407	450	400	395	360	378	420	416	418	406	357	427	410	445	414	396	418	426	439	444	393	404	426	409	424	401	417	492	452	496	478	236	215	191	203	192	251	267	298	307	243	213	246	278	319	308	320	309	389	383	261	330	306	262	278	247	234	222	237	310	245	266	270	311	310	310	301
ZFP82	739	711	727	586	688	689	1031	856	780	769	777	933	717	622	679	684	722	518	608	658	670	602	236	406	357	341	176	189	198	243	243	205	227	215	229	195	212	209	225	208	195	202	217	239	197	205	201	201	167	213	209	213	196	187	172	188	209	219	182	169	223	203	185	170	163	194	193	196	209	216	242	201	204	192	240	234	266	259	240	257	275	283	275	267	278	294	247	253	225	243	230	236	232	265	261	233	231	272	275	241	265	257	215	240	231	227	238	249	228	245	237	238	235	289	266	245	263	230	210	250	222	191	198	183	229	266	196	205	219	194	214	226	232	214	205	117	133	140	127	179	190	162	155	167	153	176	193	168	184	182	137	148	158	149	83	75	67	91	84	97	108	89	96	99	99	96	103	120	119	93	115	134	143	119	118	143	156	135	148	136	123	142	122	148	137	124	140	119	145	118	114	139	123	124	139	135	134	149	131	153	148	166	155	169	135	153	165	162	137	135	118	131	155	136	149	141	133	159	153	163	155	168	169	159	168	177	167	174	175	190	186	174	169	168	186	172	145	161	150	154	128	142	171	2	2	1	1	1	1	5	2	5	7	5	2	1	8	12	10	12	6	7	6	10	9	7	6	17	21	20	20	15	21	18	12	13	12	16	19	13	20	40	45	40	35	30	32	38	42	37	34	43	31	24	29	35	23	26	22	37	27	27	34	30	22	25	23	35	36	26	37	29	28	28	30	47	42	49	49	37	53	47	49	51	55	49	48	46	42	88	96	110	77	90	102	103	106	111	125	99	90	102	81	91	95	90	103	91	100	88	98	91	115	80	80	56	91	83	97	82	76	81	76	77	73	76	76	72	67	93	100	71	99	106	79	83	90	89	88	88	76	75	68	51	73	68	73	74	76	62	62	62	72	71	76	64	79	51	64	52	60	52	50	56	82	54	61	60	57	61	56	55	39	47	53	54	30	34	43	52	67	49	43	49	377	381	407	395	426	330	391	372	362	384	382	418	405	585	542	583	498	467	501	475	622	577	455	445	451	472	444	430	524	556	527	511	530	483	460	410	442	463	480	519	542	477	489	482	538	493	479	495	534	554	518	502	523	548	529	508	457	513	470	467	570	575	590	562	584	531	628	617	590	593	621	351	307	299	342	333	346	333	391	284	261	295	276	275	263	307	304	312	294	366	316	319	332	297	325	308	313	330	321	343	336	358	311	366	346	311	277	288	312	356	346	320	360	366	375	333	322	359	410	395	367	476	451	453	464	475	454	488	458	403	415	428	378	396	390	383	413	408	432	398	364	393	373	428	432	425	387	372	410	400	376	367	412	424	428	412	404	482	470	440	409	239	233	192	198	210	285	270	293	296	252	219	264	273	306	320	329	325	377	365	310	338	303	328	312	275	269	255	261	317	256	281	300	323	288	311	340
ZNF224	757	698	736	551	659	636	1044	861	805	750	815	910	765	675	705	719	718	598	613	624	673	686	293	459	429	361	174	221	218	233	224	223	237	223	225	204	231	207	219	228	218	203	214	224	187	195	200	189	186	178	195	196	207	186	198	205	199	214	193	223	211	201	185	169	151	173	171	187	177	244	249	201	183	233	254	281	267	264	242	264	268	291	285	259	284	270	228	275	241	233	235	237	245	230	244	254	243	264	253	209	265	274	272	259	267	272	244	241	260	257	259	234	263	303	250	267	264	220	226	237	222	226	191	199	208	257	213	198	195	204	187	185	220	211	223	114	126	111	109	167	186	141	132	162	159	174	158	156	173	197	141	137	149	152	94	80	77	90	82	94	113	86	94	111	109	92	124	128	113	129	134	128	111	129	119	122	139	133	132	141	123	132	130	143	138	129	136	120	126	119	118	129	113	125	134	125	130	143	181	162	153	166	158	167	149	144	148	135	142	132	149	147	139	134	158	145	126	148	124	165	171	159	157	132	151	165	152	176	158	182	183	181	175	191	190	204	172	160	129	142	135	145	149	3	2	1	1	1	1	3	2	3	6	2	3	2	5	15	12	8	6	10	7	9	8	8	7	14	13	25	17	24	17	17	13	18	9	13	14	7	17	36	31	46	35	49	36	41	40	30	47	48	28	23	30	19	22	35	27	30	25	28	28	34	25	17	26	22	21	19	42	33	39	23	25	51	40	41	45	48	51	51	50	56	58	45	52	52	54	104	82	120	95	99	116	117	107	114	110	112	116	110	104	103	103	108	85	100	101	104	94	102	96	75	79	78	81	76	93	85	85	91	80	76	101	89	89	71	78	92	99	82	85	98	72	83	91	90	78	90	62	86	72	54	81	81	82	80	65	85	83	56	71	75	76	83	89	75	69	60	60	57	60	55	62	60	60	42	54	45	44	48	59	43	69	55	45	48	46	35	56	58	46	57	336	348	418	399	424	307	439	371	340	409	394	415	380	609	598	558	515	482	487	495	645	555	387	406	408	407	438	404	526	518	509	503	522	462	467	436	469	460	511	552	532	541	544	524	515	502	483	503	489	516	570	488	542	516	532	535	461	507	484	471	560	593	631	625	562	540	643	657	635	628	625	348	300	296	356	374	332	389	382	328	302	299	286	276	259	317	274	311	298	341	338	348	355	269	300	342	320	342	347	340	350	373	328	353	358	325	307	318	322	337	328	354	360	373	371	339	328	359	414	358	378	451	449	466	461	471	442	478	478	434	455	425	349	398	414	371	454	412	424	374	411	376	387	418	448	415	376	384	425	402	364	403	410	426	433	437	416	506	447	484	420	206	219	212	182	188	250	266	255	295	270	229	241	265	314	323	311	327	387	349	278	321	276	297	298	230	274	216	238	284	245	259	270	276	295	309	278
SNAI1	774	732	759	553	629	672	1051	870	834	763	863	888	773	739	722	734	682	582	602	637	642	655	241	366	366	312	203	217	239	234	215	242	226	206	212	225	208	210	231	234	224	234	225	221	188	196	187	189	200	203	210	187	186	217	173	192	201	202	203	211	218	212	194	185	170	191	177	200	197	238	265	213	224	219	257	265	268	253	278	274	249	298	279	278	292	270	278	277	243	229	238	242	247	232	232	253	267	244	251	241	273	266	254	240	249	250	250	256	284	246	260	236	260	258	249	274	268	213	228	244	236	231	215	221	200	246	213	193	192	199	221	211	224	225	220	107	116	115	100	175	201	136	139	148	159	163	192	160	184	172	140	137	138	144	67	79	74	104	84	95	110	92	105	102	117	107	113	126	138	100	97	124	121	126	135	115	136	134	156	154	127	147	136	133	136	135	134	137	123	137	140	111	126	123	142	137	117	166	161	152	153	171	163	162	171	158	156	146	126	129	132	163	145	138	149	142	151	157	146	171	163	181	178	153	148	147	171	172	187	211	161	160	175	168	184	175	161	159	136	162	130	150	153	1	1	1	1	1	1	3	1	3	4	2	3	2	2	8	11	5	5	5	3	7	2	7	6	9	14	16	12	17	17	13	13	16	14	12	11	12	30	43	36	37	25	36	35	36	34	29	31	34	35	15	24	23	21	27	23	31	29	21	19	28	25	28	24	24	22	20	41	23	25	22	26	52	49	48	57	40	44	58	43	46	51	52	52	50	54	106	99	122	95	92	102	113	115	116	115	115	115	114	82	109	99	96	99	87	85	99	110	104	115	85	76	74	89	80	85	93	79	87	80	82	72	86	81	75	79	79	90	83	97	93	81	103	91	96	88	95	74	70	63	70	68	78	78	74	70	60	69	73	83	71	75	74	66	57	45	57	56	66	41	43	58	61	40	73	67	50	42	47	47	41	58	60	37	36	42	42	47	49	53	62	360	355	423	403	384	325	419	344	340	371	396	396	373	551	575	558	490	453	467	466	706	560	428	457	428	439	450	405	542	539	535	484	490	486	492	431	472	485	505	567	512	507	543	578	537	498	507	530	528	556	565	523	563	576	554	566	467	527	504	528	580	637	624	584	667	600	648	728	628	630	642	365	334	341	359	352	377	380	422	312	282	284	303	266	299	285	293	307	319	349	368	324	346	299	314	337	326	325	344	330	339	352	389	357	386	338	302	302	321	363	357	377	365	346	361	351	373	393	391	417	380	486	466	472	494	474	473	464	499	413	456	443	372	359	408	403	406	426	433	402	398	378	417	393	438	412	453	422	452	410	401	420	407	401	429	440	420	487	467	502	463	239	213	190	186	189	269	252	300	313	260	241	263	259	293	336	329	345	407	375	294	290	290	289	318	239	281	233	240	339	241	259	295	328	295	325	288
ZNF527	628	642	711	486	524	521	1097	930	852	743	872	798	747	760	694	663	714	541	589	642	660	653	357	430	438	352	188	217	229	222	231	213	229	224	236	200	211	200	205	214	220	229	239	215	219	207	207	175	186	197	201	172	198	173	209	217	201	212	215	219	207	204	164	166	161	237	185	205	178	248	265	234	200	208	251	245	280	240	253	227	244	275	262	282	313	276	285	307	229	205	228	220	223	260	235	294	272	255	240	236	261	239	267	256	283	252	234	262	253	244	216	249	268	248	215	236	216	199	204	246	217	212	200	188	188	199	181	195	158	186	211	198	240	199	229	77	95	110	81	205	167	162	133	140	164	178	155	148	142	151	127	114	118	123	87	55	60	72	75	88	93	113	98	103	96	99	122	120	125	125	138	126	125	136	119	126	129	137	128	148	142	174	154	128	145	150	146	123	124	126	127	134	133	132	139	124	110	189	160	149	180	200	171	173	121	140	150	148	143	154	164	156	154	152	136	141	174	148	146	167	166	197	157	179	172	162	152	174	175	170	203	211	184	189	200	189	158	157	173	155	117	147	152	4	4	1	1	1	1	5	6	6	6	3	5	1	5	13	12	4	9	11	9	9	8	8	11	12	18	26	19	24	20	24	17	26	15	10	15	18	44	46	35	46	36	37	42	45	49	47	51	48	24	27	28	23	20	32	23	41	33	34	27	21	22	36	33	25	33	27	36	37	36	44	33	48	50	52	48	43	65	57	62	53	49	68	63	58	57	133	94	128	118	84	132	120	121	103	104	117	113	134	117	130	111	101	108	99	97	116	123	104	96	85	91	89	64	86	85	96	84	88	95	93	88	98	91	70	78	81	80	101	109	97	108	96	81	74	100	90	63	51	66	75	65	73	92	96	72	67	80	76	84	69	65	67	81	51	67	59	57	54	65	68	68	63	68	50	46	63	43	42	56	60	57	72	35	28	36	36	51	52	48	52	344	335	417	408	407	233	305	298	303	347	314	329	347	543	511	488	453	428	475	450	534	511	357	381	362	376	358	349	451	426	455	386	398	438	464	428	430	449	482	505	447	533	531	567	510	488	513	496	488	502	534	513	563	516	545	533	539	496	458	471	532	631	594	571	608	578	636	675	618	569	594	340	320	318	368	373	355	374	381	303	323	291	304	261	289	298	316	318	350	353	348	322	372	325	362	331	350	315	306	328	326	343	349	378	401	285	248	302	323	324	312	314	336	344	351	326	349	340	351	377	361	483	444	457	430	492	457	446	457	401	416	392	384	387	399	359	358	351	461	414	383	442	398	433	418	380	424	405	457	416	415	415	400	413	384	421	411	486	435	495	444	196	202	150	169	165	241	275	269	260	228	212	253	265	310	264	321	317	392	363	246	296	250	224	239	207	251	187	225	298	230	247	225	251	252	293	261
ZNF697	657	642	754	536	608	568	1092	940	852	760	859	821	773	748	722	744	683	583	596	675	706	675	305	486	436	368	228	232	237	238	225	259	247	254	259	182	243	235	199	221	216	231	245	223	199	211	201	172	219	201	194	188	205	192	217	243	224	232	245	230	206	215	175	200	163	200	183	224	204	266	264	250	190	235	226	204	276	279	267	280	250	291	254	307	271	310	281	314	280	193	198	266	242	209	269	278	268	255	265	237	259	273	273	274	281	268	268	271	270	279	229	266	269	275	247	243	238	207	251	210	216	228	210	205	180	184	181	195	196	178	216	182	216	212	227	90	100	102	105	195	169	157	143	145	167	173	161	169	165	168	156	130	132	168	79	68	81	95	100	98	110	112	114	110	105	89	118	130	137	147	140	145	139	153	132	133	129	154	166	155	156	177	160	150	155	164	158	158	129	137	149	122	118	114	123	142	131	185	175	163	173	177	177	161	156	174	139	153	149	170	170	172	158	126	120	152	162	156	160	163	203	199	191	157	184	179	187	176	175	172	204	188	226	205	192	195	188	184	162	163	137	134	142	2	2	1	2	2	1	3	5	9	9	3	2	4	4	9	19	8	6	14	11	8	8	6	11	14	18	41	40	22	27	28	31	36	12	18	15	17	32	39	49	44	48	37	59	41	62	48	49	56	26	23	29	18	32	43	33	37	24	34	29	28	32	30	35	35	27	30	39	41	41	39	39	53	43	48	44	51	70	61	56	66	66	81	84	75	78	120	105	177	111	99	133	127	109	141	135	143	126	133	101	133	143	131	112	107	122	111	107	138	113	69	90	89	82	95	106	90	93	132	122	99	67	109	93	104	91	79	97	97	121	118	103	85	91	87	99	103	68	76	76	143	76	82	95	83	103	88	74	78	73	95	88	85	80	80	68	58	80	68	68	70	87	70	71	56	72	69	53	65	77	75	64	85	40	40	28	41	56	49	45	45	343	381	435	383	401	288	350	339	350	361	384	376	412	553	564	490	509	461	506	498	530	587	341	408	393	403	412	378	489	461	470	475	479	466	437	425	482	473	517	521	488	499	513	539	508	485	533	527	488	504	523	538	565	591	601	533	506	507	493	509	585	625	629	590	602	586	669	735	658	615	607	371	358	347	368	396	409	396	403	321	313	319	322	288	286	336	299	328	349	373	357	356	353	324	340	341	341	354	311	309	322	366	361	362	391	321	309	303	335	390	364	366	349	333	320	335	366	353	328	392	349	473	438	489	487	454	458	459	482	449	412	443	382	420	399	378	387	382	445	400	396	414	437	439	383	353	446	420	447	411	435	401	423	409	402	409	439	468	449	485	447	193	197	179	157	175	258	285	270	287	219	217	214	229	344	309	323	308	385	391	288	294	284	229	244	213	244	214	212	340	254	241	259	260	265	269	280
ZNF333	704	691	738	536	580	593	1078	918	865	784	875	921	750	671	682	745	710	564	602	683	712	632	262	368	364	315	212	215	229	234	225	248	248	252	227	181	208	219	220	226	225	229	236	207	215	194	209	184	214	214	216	209	199	201	201	224	229	236	207	205	237	228	152	186	163	209	199	200	227	260	263	198	212	241	260	273	265	262	278	266	275	303	302	294	311	281	267	288	261	227	234	262	230	270	267	261	286	269	264	246	278	266	264	251	263	272	242	275	283	259	239	216	278	279	253	242	268	216	240	224	218	242	204	214	189	237	177	215	163	195	208	197	220	194	232	92	107	108	97	188	191	156	129	145	142	178	167	154	139	166	139	129	124	142	67	72	55	88	77	85	99	89	118	105	118	111	109	113	153	118	126	149	130	139	121	132	137	158	135	168	151	174	142	145	144	163	146	137	122	140	135	126	135	135	140	136	120	181	154	163	166	170	175	181	164	144	159	144	137	142	154	157	154	154	151	160	163	139	154	144	166	207	182	168	164	166	164	174	180	180	196	183	194	188	186	188	168	173	155	149	128	135	157	3	3	1	1	1	2	5	3	6	6	3	3	2	5	10	11	8	9	9	7	8	6	9	13	14	19	24	17	20	21	17	15	23	9	12	16	11	22	39	46	42	37	32	34	38	48	35	40	44	30	23	30	29	16	33	28	42	20	22	28	26	25	37	27	25	29	28	35	32	27	32	27	47	58	47	53	50	55	77	58	47	58	51	52	60	55	126	105	118	111	98	117	139	105	143	122	132	131	121	96	110	114	99	110	94	106	93	114	115	121	90	75	84	95	79	90	88	105	97	92	93	80	84	81	80	87	85	93	98	106	101	83	101	87	78	81	102	64	66	71	68	80	89	88	70	84	94	67	76	92	73	74	66	84	70	61	72	55	65	56	67	68	60	55	53	59	63	37	48	50	55	66	69	23	44	38	30	50	48	52	42	338	342	408	410	387	284	369	326	336	364	330	345	357	567	566	509	484	415	524	472	596	583	377	398	404	385	403	369	523	477	475	454	467	476	471	435	442	460	469	535	465	547	522	563	576	473	508	547	506	532	536	555	608	609	559	514	530	499	518	506	596	665	592	583	657	589	651	712	632	641	621	352	349	343	312	394	404	386	412	283	320	339	342	281	287	330	330	321	302	377	350	367	339	314	350	345	324	339	350	360	358	358	344	373	382	322	277	297	329	390	346	362	374	365	360	347	362	381	413	376	376	493	480	494	504	489	464	501	480	440	428	436	387	419	438	384	387	384	487	399	387	386	419	465	445	431	459	454	417	399	403	412	406	413	448	446	391	499	445	474	437	188	204	161	163	166	248	267	291	259	224	229	240	279	316	333	348	338	390	367	265	286	281	247	257	203	267	217	216	290	236	251	246	281	284	302	280
TMF1	708	713	756	568	692	636	1119	926	863	784	911	934	742	678	676	776	726	613	635	698	741	647	254	426	393	340	189	218	221	251	237	280	260	303	266	192	241	216	213	214	233	228	245	236	222	232	223	197	233	235	226	219	214	202	212	232	236	245	220	226	221	243	171	179	164	229	202	188	232	232	258	230	189	230	241	277	282	251	279	309	293	323	299	323	312	358	278	333	268	244	222	247	229	269	321	283	319	295	298	221	264	305	253	265	288	276	264	280	272	292	245	247	290	313	268	267	262	245	251	263	252	239	216	187	226	240	233	210	199	217	223	223	234	251	238	101	126	132	108	207	200	170	128	144	162	190	176	168	169	194	157	134	144	158	97	73	59	75	95	105	108	102	93	115	111	113	118	138	147	131	147	155	155	143	136	136	150	154	148	134	173	185	131	147	159	171	141	134	133	144	147	160	135	124	148	130	154	170	157	174	170	183	177	184	144	150	169	145	168	149	187	158	174	156	145	152	160	150	138	138	203	186	170	200	181	204	173	194	173	194	232	246	218	221	190	241	164	179	190	152	174	170	174	3	3	1	3	2	2	5	2	7	7	2	3	5	4	11	12	7	8	11	6	6	7	8	6	14	17	27	27	21	14	22	17	18	15	16	18	15	19	40	48	43	37	42	44	42	48	43	45	59	29	20	21	19	25	44	27	29	37	32	34	31	26	28	32	31	33	25	39	43	35	33	36	45	37	42	51	52	50	64	57	59	60	51	52	66	53	123	103	157	99	95	123	152	123	118	133	136	111	113	113	125	133	111	105	113	110	115	112	119	108	77	102	102	90	79	89	97	81	105	123	110	93	97	92	86	85	89	94	105	115	116	96	102	103	84	91	100	70	74	94	74	64	82	81	79	82	87	89	84	89	78	72	77	105	66	63	78	59	70	54	63	80	72	62	61	68	61	48	40	51	62	62	66	61	36	41	39	54	48	55	48	397	379	431	450	431	327	387	371	365	382	402	400	409	634	575	566	543	456	536	501	600	606	443	443	428	471	427	424	546	511	513	491	511	503	508	458	479	459	509	552	529	563	590	535	583	538	547	530	507	537	551	542	613	602	539	506	514	534	495	490	608	685	647	595	634	554	684	690	664	650	595	340	326	320	336	404	364	343	443	331	346	346	328	285	296	351	319	343	302	444	403	364	384	336	355	339	341	356	323	365	391	368	383	360	427	338	314	330	350	391	356	374	397	368	361	346	375	416	416	423	373	514	490	493	509	498	514	523	511	505	436	435	415	429	455	408	441	439	504	393	400	394	444	506	472	444	449	464	493	439	456	414	462	428	473	478	401	516	493	514	489	241	196	212	198	205	260	280	294	299	266	235	273	280	335	328	337	336	409	403	268	346	329	266	284	257	259	248	265	316	270	302	271	298	316	308	345
ZNF567	700	742	798	539	614	607	1153	956	868	753	926	880	803	821	745	733	775	589	623	685	700	701	362	447	478	389	224	238	210	226	242	228	260	247	261	216	223	208	236	227	234	245	237	230	203	230	223	205	205	207	207	182	193	203	215	245	207	220	207	234	233	245	164	163	167	229	209	210	185	272	279	261	218	216	281	244	293	248	268	247	260	314	284	303	314	299	297	298	241	233	243	230	234	264	256	301	286	275	281	270	259	255	279	274	282	273	268	291	262	279	242	255	255	258	231	231	223	214	228	219	210	217	195	218	191	205	195	217	177	203	238	208	241	225	235	89	83	123	99	203	171	146	126	140	186	165	160	169	156	152	139	128	142	147	102	68	79	82	81	84	92	109	105	120	108	114	121	119	137	131	142	129	133	141	124	123	145	137	147	140	142	152	155	147	158	152	141	129	120	149	141	135	146	144	142	157	131	181	183	157	171	204	171	181	145	174	158	166	157	150	178	151	157	147	149	151	169	155	154	176	180	189	159	181	180	154	138	172	170	198	191	206	178	202	193	204	191	168	163	169	138	134	179	2	2	1	1	1	1	3	5	3	4	2	6	3	3	12	8	4	5	7	6	3	6	8	9	12	22	23	19	15	13	16	11	15	19	11	17	11	46	40	39	45	32	35	39	44	37	43	58	53	35	16	21	26	15	25	29	40	30	33	20	31	17	28	29	20	31	28	31	31	26	37	33	63	55	45	45	43	54	69	48	32	39	56	51	47	48	127	110	116	121	99	119	121	121	100	106	149	105	129	117	118	120	104	104	95	99	119	118	118	104	98	87	73	73	84	94	99	94	95	98	88	90	86	99	82	94	88	85	109	107	100	106	102	82	69	96	92	75	57	60	49	72	62	83	95	85	87	81	75	80	65	67	69	70	68	76	51	67	60	65	61	62	77	68	57	57	60	45	43	76	76	59	66	40	38	38	32	54	51	45	53	356	356	460	432	408	283	327	336	317	359	359	371	364	606	574	511	471	434	503	459	599	573	387	438	416	415	385	388	509	454	501	458	476	454	479	449	459	475	547	573	496	554	543	595	597	519	549	539	540	558	553	572	594	559	596	578	592	495	515	497	592	676	624	617	656	668	707	683	654	641	648	355	359	369	360	419	428	396	420	302	317	326	307	305	316	350	328	340	373	378	359	359	399	346	400	344	339	336	339	337	351	371	356	407	394	291	281	331	334	375	365	349	367	377	383	359	368	373	397	427	380	497	500	477	495	509	513	470	520	434	437	464	414	390	432	402	387	386	468	469	422	469	429	447	438	413	459	429	486	458	434	412	438	456	452	458	461	488	481	514	479	225	210	167	182	200	247	296	289	274	265	232	279	280	316	292	342	348	413	365	263	308	290	244	264	217	243	239	231	293	249	262	287	258	281	305	290
ZNF225	747	743	726	557	660	637	1076	931	862	744	924	888	793	779	737	712	720	585	600	667	679	698	297	447	433	402	192	233	222	258	229	253	268	244	253	221	225	203	233	225	240	256	235	244	208	218	212	194	218	203	222	169	223	211	219	230	205	226	234	239	223	235	170	172	157	243	212	210	186	285	293	232	198	210	272	288	309	251	274	269	284	301	301	308	325	313	259	317	270	223	244	239	243	249	262	286	298	264	262	257	280	290	263	252	272	279	267	257	299	277	252	232	270	278	224	264	239	220	225	230	228	245	202	203	192	231	209	202	178	189	220	221	235	212	247	88	95	129	94	200	175	134	148	137	152	159	148	154	176	170	140	125	134	140	83	75	73	73	73	105	111	91	107	107	108	96	122	118	127	125	141	140	137	139	132	132	133	115	160	145	135	173	158	149	159	162	136	151	138	141	139	130	144	125	135	148	123	167	179	169	179	197	185	167	153	134	147	154	144	141	165	169	153	161	127	168	166	157	160	172	170	184	182	189	174	166	144	170	179	186	204	199	182	180	203	204	168	179	155	154	134	142	163	2	2	1	1	1	1	2	2	5	4	1	5	2	2	9	12	6	9	9	7	5	7	6	5	6	20	22	20	23	18	16	18	24	11	13	7	20	39	31	39	38	33	34	40	38	51	33	51	50	22	17	24	25	19	24	32	29	26	36	24	34	20	30	30	21	25	25	42	39	36	31	32	68	52	40	49	40	58	58	54	48	47	53	57	60	62	118	84	131	95	96	119	137	120	113	117	134	122	133	108	117	118	114	103	100	99	128	116	111	102	79	102	82	79	77	85	105	80	101	100	92	102	83	95	99	90	74	95	111	126	98	95	106	75	81	102	88	72	64	75	85	81	72	89	98	90	84	91	79	88	74	77	67	83	54	67	58	65	69	68	59	81	77	61	53	67	53	36	41	49	64	59	82	29	32	46	32	53	50	49	47	376	348	439	422	400	318	403	329	341	372	369	377	349	585	547	514	493	474	484	456	658	521	419	447	417	407	397	391	504	475	503	455	480	420	483	455	474	454	494	560	510	567	574	593	563	542	538	485	519	549	583	541	585	580	569	583	515	505	509	483	572	673	636	613	630	607	712	717	611	635	607	367	304	317	371	348	384	377	402	333	295	305	288	271	316	325	306	313	339	388	381	324	397	354	375	359	333	343	323	358	359	350	371	379	407	312	290	314	333	358	332	387	396	381	381	360	358	362	393	385	396	501	469	470	463	488	469	489	507	433	429	426	376	362	424	406	412	424	468	455	396	445	418	443	478	444	479	426	498	440	425	422	423	420	452	445	422	513	483	481	463	224	217	181	178	185	249	285	292	292	261	221	285	276	289	317	329	336	413	387	260	294	276	269	277	231	251	209	248	322	221	249	283	285	290	300	289
GLI4	751	747	751	534	618	661	1144	982	870	755	924	967	832	775	772	732	739	554	599	671	659	707	255	373	349	316	207	238	239	256	240	240	247	271	250	203	237	217	266	241	236	235	228	254	209	222	223	211	192	230	209	223	211	218	207	206	237	221	233	223	227	252	175	170	159	209	157	210	216	260	273	216	203	220	297	299	289	282	291	276	301	322	332	300	294	315	273	297	242	258	257	262	281	265	282	267	277	257	288	249	265	273	271	269	287	295	286	259	294	277	265	241	272	290	269	252	246	231	240	226	246	229	193	201	210	235	191	206	183	186	213	191	236	218	213	79	125	114	100	180	203	153	139	160	134	181	176	149	174	171	126	126	143	145	79	81	81	77	70	91	101	79	114	122	100	111	112	117	124	124	138	155	128	119	138	134	131	128	160	160	135	154	158	138	162	157	143	125	126	137	145	127	151	158	139	149	127	175	173	191	183	194	191	186	157	162	171	146	154	134	161	142	157	143	164	156	157	142	142	182	186	190	173	181	176	177	143	179	191	199	193	207	197	201	190	194	165	182	161	153	150	156	176	1	1	1	1	1	1	1	1	2	2	4	4	2	1	10	6	5	7	5	3	9	4	6	9	10	17	21	16	14	16	11	9	12	12	8	8	13	30	36	48	30	39	32	40	38	41	31	44	54	35	27	29	34	17	27	31	37	19	21	20	28	20	36	22	25	25	29	31	28	23	31	26	60	55	52	45	36	44	48	50	55	45	48	54	54	43	121	79	134	81	93	107	119	115	112	131	133	112	119	95	111	111	117	100	105	97	117	114	106	116	87	78	73	97	77	85	95	81	89	95	75	97	82	110	85	93	85	73	103	107	109	99	101	79	88	89	91	75	79	76	53	79	64	64	83	67	89	75	74	72	75	82	77	80	69	61	54	59	59	67	60	58	60	79	52	64	58	55	47	38	55	48	65	38	28	40	37	45	44	62	56	350	374	438	426	399	293	413	331	350	380	379	368	409	577	564	567	497	483	487	482	650	526	395	430	397	409	412	400	534	511	512	480	485	452	483	445	455	478	488	594	531	550	550	607	585	535	537	546	540	557	520	515	585	590	590	562	510	557	514	516	615	714	664	632	678	638	714	704	650	687	666	398	349	351	391	352	402	398	427	333	303	315	337	315	331	313	328	350	317	397	371	342	404	324	379	358	341	373	320	396	379	379	365	379	378	321	311	341	342	388	384	365	394	402	395	369	395	387	426	437	415	498	474	472	519	456	464	512	533	419	435	512	422	383	390	442	455	428	461	444	453	449	411	492	492	482	484	430	479	467	452	448	463	446	495	441	430	522	455	529	475	244	205	197	191	186	267	248	297	326	245	225	255	278	304	313	350	339	389	361	275	308	312	274	281	232	256	240	220	299	228	250	247	336	297	302	269
ZNF704	702	757	749	581	622	655	1119	975	846	750	899	891	786	776	731	727	750	570	642	660	734	698	262	379	381	301	222	220	227	255	234	261	279	259	257	216	233	242	245	245	249	253	265	260	218	227	251	228	210	228	194	203	201	212	204	215	228	243	245	235	252	235	184	198	159	235	197	217	206	281	276	272	183	239	273	260	311	262	276	257	305	328	315	299	320	322	320	317	257	231	249	256	264	271	287	309	284	282	291	249	254	274	267	272	263	283	286	275	262	258	231	246	302	291	262	246	247	246	244	254	237	232	192	210	197	244	203	202	200	199	200	213	249	243	245	97	114	118	90	200	180	161	138	142	170	178	160	158	174	204	143	129	129	136	87	81	84	81	84	100	105	100	104	116	101	108	103	136	137	118	151	151	142	144	137	147	158	117	152	142	152	169	146	137	135	163	151	129	144	144	148	133	135	141	156	161	117	190	181	177	190	197	173	188	161	150	161	163	154	156	157	177	179	160	146	168	156	153	152	168	179	174	190	179	194	201	164	199	169	190	204	218	188	208	181	218	179	159	171	191	156	174	165	3	3	1	1	1	1	5	3	4	6	6	4	5	4	10	12	7	10	11	5	10	9	9	7	18	19	22	20	20	19	20	19	20	14	9	16	12	37	43	51	47	45	31	42	50	41	42	53	61	29	24	23	19	18	38	32	41	36	37	29	28	20	26	39	33	26	28	41	33	33	36	41	55	48	44	48	43	62	52	58	47	53	60	60	66	55	139	83	139	92	80	142	133	108	120	135	153	132	113	101	141	111	124	104	114	101	101	115	102	110	81	87	69	98	74	99	99	80	96	98	102	100	89	95	82	98	87	91	95	111	116	101	93	97	102	96	97	63	63	64	71	97	72	91	85	88	95	82	78	78	65	78	66	88	73	71	67	68	75	61	58	81	71	66	58	71	67	65	50	56	63	55	59	32	38	44	30	57	54	56	44	377	385	455	398	403	292	392	357	316	367	381	398	367	619	577	560	512	487	501	474	603	549	411	441	415	415	405	413	553	494	512	485	476	477	513	442	477	471	491	601	539	607	590	626	599	487	551	534	496	578	551	522	612	533	567	562	550	487	510	487	629	675	639	620	669	606	713	688	645	644	629	358	349	360	367	389	416	388	440	316	315	336	342	298	302	363	332	333	322	400	382	349	405	304	385	331	359	356	351	356	381	359	425	421	400	323	312	366	352	395	384	386	401	384	387	352	384	394	421	421	379	483	464	508	509	498	485	524	523	440	457	444	413	392	414	391	413	402	476	454	411	407	466	507	467	449	478	436	530	481	436	441	453	429	472	461	425	542	465	560	533	220	221	198	172	191	254	290	275	319	241	242	287	299	306	301	332	345	440	391	263	294	295	265	274	236	268	237	245	280	257	271	257	325	297	314	295
NAIF1	813	685	753	612	722	708	947	773	743	691	788	804	676	648	664	670	684	499	583	577	598	663	233	409	331	351	171	211	201	191	179	188	194	156	181	206	220	206	191	198	188	197	211	231	141	167	154	174	157	199	180	185	185	194	164	175	152	171	164	170	175	184	241	168	176	162	156	192	181	234	256	161	198	204	246	248	229	261	225	269	243	229	237	268	245	230	240	231	222	190	200	205	232	181	199	199	196	208	204	239	210	237	222	212	234	230	219	222	238	258	274	245	232	247	241	250	251	220	225	246	220	217	184	203	223	277	203	185	218	191	185	206	209	210	202	130	117	132	105	168	202	119	123	139	141	141	168	162	175	192	145	161	171	166	101	72	81	91	82	77	102	78	102	120	95	98	99	114	108	107	107	98	114	128	123	115	117	113	128	127	129	115	100	112	129	115	120	127	120	137	142	104	108	118	126	121	98	141	125	139	137	150	149	157	128	140	143	132	137	141	127	170	122	138	121	120	138	144	153	163	157	152	152	146	151	147	161	173	153	167	135	144	165	170	153	151	139	148	122	106	142	138	149	2	1	1	1	1	1	2	2	7	7	3	3	2	9	14	9	11	4	10	8	6	7	10	8	11	11	24	20	13	23	13	18	20	10	8	5	17	26	36	37	31	26	33	39	31	34	32	33	41	29	22	33	28	23	36	25	28	30	23	20	31	26	30	30	27	25	17	37	23	31	33	25	49	40	47	46	45	38	31	48	53	53	38	54	45	54	78	47	117	83	84	84	96	92	99	95	83	93	103	71	91	106	93	87	95	92	99	97	84	93	62	87	71	76	96	89	78	60	74	79	76	69	85	72	62	65	61	102	72	81	92	95	75	97	87	79	92	64	64	77	50	59	76	65	72	65	44	65	49	68	73	71	75	68	68	57	48	57	57	57	63	58	58	46	57	57	50	44	45	32	47	60	48	53	40	48	49	60	49	50	58	395	369	418	343	383	395	481	385	378	413	430	449	409	535	592	538	532	523	443	495	702	552	464	507	444	423	475	441	529	564	586	533	543	476	431	421	466	416	460	512	478	484	491	466	439	461	443	473	503	495	495	417	481	490	460	490	380	459	458	433	546	537	584	629	511	501	532	618	572	557	584	319	293	289	347	287	304	352	337	306	256	276	260	224	261	228	247	240	306	312	274	270	297	255	255	296	289	298	300	293	306	349	336	319	337	332	268	301	307	349	358	348	354	286	306	305	329	360	299	351	345	398	411	388	425	433	412	435	403	388	403	432	338	332	376	364	455	410	347	372	339	357	339	374	362	357	399	358	395	359	360	380	362	362	411	411	458	482	474	450	391	237	233	211	188	177	244	249	245	303	271	239	243	249	308	300	332	312	404	369	328	323	318	330	332	271	288	282	249	297	264	285	304	295	298	336	313
ZBTB26	731	816	883	767	831	839	970	794	772	739	766	838	707	625	629	782	699	598	610	682	682	661	316	475	441	398	203	195	198	186	202	206	175	184	197	197	191	200	175	195	194	208	218	184	185	180	179	168	212	162	181	170	169	185	166	200	186	179	163	172	170	198	168	245	172	188	193	221	222	218	222	231	221	218	224	251	249	224	262	222	232	266	248	224	239	217	238	255	237	207	206	234	215	197	184	213	212	225	227	188	224	237	223	228	218	240	218	222	237	204	249	282	286	260	265	252	298	198	260	256	232	265	253	208	204	227	246	266	244	236	273	241	236	241	259	151	140	153	139	216	203	192	178	163	198	181	206	226	237	225	175	168	166	216	96	103	107	96	112	145	137	123	126	127	105	111	102	106	127	109	103	113	97	126	114	111	132	124	121	131	121	137	116	118	120	128	120	142	120	132	152	135	142	116	124	125	116	161	139	124	161	142	142	154	132	146	142	147	132	121	139	130	134	129	136	147	151	145	137	180	150	174	156	162	151	126	181	155	172	165	147	151	169	174	155	165	175	141	159	152	141	160	147	2	3	1	3	1	1	3	3	8	5	3	5	4	5	9	13	6	4	8	7	6	9	6	6	17	13	33	20	21	26	16	27	28	13	13	16	9	30	34	36	41	30	46	30	35	40	29	34	35	35	29	26	27	33	31	23	24	12	27	21	29	28	35	27	32	32	31	39	28	28	28	41	35	37	53	50	45	47	39	40	54	58	61	65	64	58	95	89	135	103	83	121	110	97	111	97	107	84	112	94	97	96	93	92	84	107	92	96	94	107	69	101	82	66	79	67	89	78	92	96	91	67	84	73	77	88	86	91	98	98	79	68	78	107	95	85	101	82	78	91	118	62	98	93	78	71	54	60	54	71	63	73	67	64	74	50	46	64	55	45	55	54	58	47	55	53	58	50	66	65	52	55	66	44	54	55	51	58	66	56	59	430	459	520	440	469	453	436	468	450	457	453	504	485	707	655	590	661	603	633	582	620	698	538	563	573	532	582	566	626	697	635	632	653	532	458	518	523	468	543	539	505	529	547	472	477	432	468	481	478	481	533	493	500	494	477	512	437	475	461	466	533	553	542	490	513	545	515	588	559	560	543	314	307	323	356	361	365	336	357	282	271	274	267	264	267	275	248	278	304	280	271	297	324	331	289	287	297	308	311	290	312	395	353	355	371	320	295	297	334	382	374	359	304	307	304	316	333	312	344	346	320	451	379	431	442	418	407	405	420	396	402	434	419	427	394	349	374	372	384	375	378	412	365	362	362	346	386	363	364	399	416	375	380	386	342	395	410	414	459	421	431	258	282	263	235	255	308	317	283	320	307	263	298	308	365	352	363	355	424	463	391	391	417	363	388	320	302	323	316	446	376	364	348	348	346	365	373
SRF	710	784	823	717	844	843	874	714	669	645	779	742	648	605	584	690	658	538	583	611	595	629	264	391	366	304	176	188	191	195	177	198	178	177	179	182	179	198	145	187	200	183	223	169	153	159	195	164	139	153	156	163	151	170	161	163	163	164	167	157	159	159	176	172	201	151	162	183	176	207	213	196	202	195	215	224	249	238	236	222	226	222	230	235	225	220	237	230	203	194	181	218	207	195	199	223	216	189	208	196	211	212	215	223	196	219	221	211	218	222	239	245	247	255	255	240	246	196	197	238	218	220	207	227	224	231	251	228	246	226	244	225	216	238	215	166	154	134	152	206	190	150	165	160	199	177	179	183	220	194	133	178	177	180	101	101	84	112	107	115	108	106	108	114	86	99	84	97	107	104	104	112	106	102	97	90	113	126	110	117	115	103	121	111	116	94	106	113	115	126	106	122	117	105	119	118	105	137	122	130	130	141	144	154	147	139	114	147	122	129	126	121	118	111	123	113	110	135	145	148	139	143	136	120	140	131	144	144	139	151	139	138	159	183	140	146	151	135	147	157	120	161	131	3	2	1	2	1	1	3	2	3	3	3	4	7	4	8	6	8	6	11	4	5	6	7	8	9	14	18	13	21	23	18	13	21	12	9	13	9	39	39	34	35	30	39	28	31	32	30	46	33	24	32	31	18	18	31	31	32	20	21	14	24	22	13	32	20	20	16	35	25	30	24	16	28	44	38	37	40	35	40	42	52	56	45	43	47	46	87	80	101	77	74	95	78	99	106	92	84	93	101	78	87	90	82	83	84	79	86	86	85	82	75	76	70	64	66	69	63	59	81	63	60	65	77	73	56	68	64	79	62	70	77	80	84	88	89	79	79	73	92	71	55	55	70	58	69	66	62	76	58	60	54	60	66	64	57	50	53	46	43	44	55	51	45	47	60	70	61	54	42	47	54	61	54	48	34	46	71	47	56	56	47	412	428	447	445	439	450	458	449	481	451	481	484	499	611	586	572	563	554	537	560	625	624	529	547	519	544	539	549	644	655	609	630	639	466	479	448	494	483	490	538	505	513	541	452	438	431	434	489	454	451	480	460	444	423	454	467	416	400	407	395	506	524	531	488	486	540	541	560	535	500	485	271	293	297	297	303	321	320	329	261	245	246	258	240	275	251	235	242	314	282	270	285	313	277	291	293	281	300	303	263	279	359	354	339	302	313	278	291	295	299	292	326	258	289	298	279	312	353	335	329	291	418	381	406	417	410	386	371	364	375	372	380	386	398	346	322	358	355	328	354	331	353	327	338	360	299	341	328	400	389	370	362	348	336	388	352	431	430	441	438	434	271	251	280	253	276	313	287	273	289	295	225	271	272	349	343	341	312	393	393	380	406	407	409	384	294	320	284	284	359	366	337	321	357	333	356	353
ZSCAN25	637	837	851	613	677	702	1031	897	847	774	925	885	686	677	655	717	768	597	644	698	706	678	404	466	490	416	168	232	213	215	223	211	227	249	195	187	231	212	193	201	205	212	213	234	255	197	202	189	188	199	186	194	173	191	237	200	209	229	229	243	209	235	162	188	151	315	255	216	227	226	239	275	236	215	233	266	303	232	284	249	266	284	291	254	263	284	295	290	224	238	240	223	221	277	259	263	243	239	269	246	234	263	276	307	294	252	243	250	224	231	280	251	312	320	232	290	279	226	215	217	222	264	225	246	204	245	237	226	208	230	261	252	290	260	223	98	118	137	102	250	204	199	151	188	187	214	180	231	192	217	168	149	135	156	94	70	93	86	87	89	116	113	132	129	138	90	124	122	131	146	139	117	123	120	108	130	126	127	120	119	121	142	127	115	142	149	129	117	121	123	135	133	145	131	162	125	142	181	176	139	154	157	171	184	127	163	132	152	149	118	160	135	161	162	142	176	150	149	165	160	177	169	160	179	190	167	179	177	159	164	212	202	183	187	163	192	218	143	178	252	125	181	162	2	2	1	1	1	1	3	2	2	3	5	3	5	3	11	7	11	9	6	6	10	4	7	8	16	24	23	23	15	16	10	15	10	8	14	11	22	32	46	47	37	37	36	38	45	29	28	44	41	31	34	30	31	25	23	26	46	34	18	25	23	19	28	29	29	30	29	27	26	38	24	24	43	45	32	42	30	53	47	54	45	49	78	49	41	38	157	110	104	114	100	89	112	114	96	93	109	116	102	92	111	108	97	90	103	110	109	115	110	115	90	91	68	78	80	81	92	73	85	77	85	116	71	92	77	87	87	85	89	94	88	123	90	88	92	94	108	73	72	74	45	65	64	91	82	69	81	93	82	80	61	63	72	67	87	67	74	72	38	66	60	63	75	47	67	61	75	51	57	57	55	64	59	39	51	34	41	74	46	69	65	437	430	593	476	504	300	362	366	396	378	429	397	487	697	579	600	548	551	613	555	587	630	461	480	487	495	471	461	626	579	555	499	533	534	542	564	482	542	499	545	520	573	572	662	607	486	542	511	459	543	579	639	563	525	511	493	519	449	472	467	630	653	614	544	571	617	663	637	579	605	577	306	274	272	293	384	331	411	385	276	335	285	307	291	310	355	321	277	295	381	330	342	349	363	419	298	369	324	358	352	349	342	388	410	422	320	285	348	364	373	341	330	356	342	324	358	352	333	380	386	349	511	423	492	439	436	428	468	453	445	444	427	432	495	497	384	341	333	438	387	395	441	402	472	413	424	409	432	536	475	408	422	423	401	439	439	393	480	437	541	496	251	238	213	208	225	299	347	300	351	276	264	293	315	384	339	334	369	445	428	312	370	339	241	287	263	289	251	251	391	288	318	316	363	301	335	311
ZNF746	508	815	727	658	707	622	993	802	833	731	901	807	652	647	638	727	689	618	630	735	696	619	274	329	349	303	166	203	197	204	185	208	233	189	189	184	185	181	142	204	176	188	221	204	246	202	209	157	186	177	189	193	171	177	185	183	199	202	209	212	157	197	156	193	162	255	321	190	213	210	250	300	251	241	194	197	309	239	302	216	213	260	255	244	250	252	266	279	207	195	179	211	216	260	229	265	230	238	256	245	245	245	255	259	248	244	251	239	222	221	261	211	257	265	217	272	256	197	204	196	226	239	233	206	174	199	260	240	192	249	237	242	270	272	225	103	108	131	117	220	204	182	164	170	165	232	186	260	193	189	171	144	139	158	96	78	93	74	117	110	143	109	120	105	120	76	108	114	121	121	143	113	141	101	103	111	109	154	129	128	128	115	111	133	144	112	117	111	110	121	104	126	141	110	162	121	130	176	151	123	149	154	171	163	115	165	146	141	154	128	148	147	141	138	110	176	141	131	163	187	135	153	142	140	187	160	152	166	135	169	167	162	156	182	153	181	221	154	174	250	119	172	147	1	1	1	1	1	1	4	1	3	5	4	2	2	1	9	5	10	5	5	4	6	3	4	5	18	21	19	16	20	13	13	12	10	9	11	17	12	25	46	43	24	43	33	33	41	34	38	43	42	32	25	25	21	25	28	27	42	28	26	20	32	21	21	27	31	34	24	34	23	30	32	25	35	43	30	43	32	55	52	42	40	50	69	49	38	42	137	92	83	136	93	91	101	98	90	92	118	105	102	73	101	89	88	91	84	92	101	107	94	95	102	76	66	63	68	73	72	76	86	62	65	115	80	76	72	64	53	89	76	89	91	101	84	95	83	90	95	57	62	61	41	66	68	73	88	63	59	74	73	79	71	64	64	77	62	60	84	69	62	58	61	58	57	52	64	52	62	55	46	61	60	62	43	47	45	30	35	68	42	59	46	408	428	547	456	522	323	293	412	423	355	401	356	514	676	592	551	535	470	662	582	473	655	438	476	481	498	454	447	640	563	558	539	536	550	514	546	491	492	509	500	468	510	540	539	577	459	489	519	428	528	559	678	546	486	481	477	497	418	434	452	561	627	569	483	533	592	617	587	592	562	539	302	291	303	291	384	347	349	366	250	330	279	279	300	257	328	318	255	288	333	329	340	306	361	433	281	352	316	340	284	305	329	390	428	391	278	263	346	353	352	302	334	329	296	296	319	339	333	331	332	277	486	386	494	465	445	448	407	427	447	451	376	437	525	510	339	298	324	407	382	352	452	392	380	382	337	384	422	462	442	373	410	372	361	372	393	395	441	418	479	473	214	246	187	219	223	315	326	295	338	261	254	286	304	379	288	345	349	428	437	326	393	342	239	271	260	281	242	264	406	319	330	302	348	256	340	339
DNMT3B	793	893	873	703	805	806	1044	890	819	691	920	777	722	706	731	751	744	615	674	649	702	756	241	339	279	291	186	216	240	216	219	212	229	193	218	235	230	239	239	247	208	237	240	219	164	211	219	206	212	211	183	196	187	200	205	224	200	188	210	210	210	217	192	221	183	216	190	261	192	242	280	238	230	210	297	269	330	264	271	265	252	310	274	273	281	270	307	301	279	243	258	233	234	243	225	290	269	232	240	257	238	252	263	247	251	234	247	268	273	268	258	261	338	319	260	297	299	237	286	258	265	267	260	241	230	260	269	274	248	270	222	271	275	272	265	158	143	179	147	208	224	188	184	165	177	177	219	214	231	211	193	180	170	196	106	104	89	122	124	125	146	108	126	143	107	117	101	114	120	121	132	130	129	153	136	122	146	123	133	138	139	159	158	131	149	157	137	139	137	186	178	135	128	145	152	130	113	201	155	147	164	146	157	169	126	133	138	142	154	167	147	181	158	159	151	137	181	155	170	156	170	197	156	173	181	166	174	194	202	188	170	167	198	172	180	182	172	159	146	160	159	194	188	3	3	1	3	3	2	4	2	11	7	3	1	5	5	12	18	10	6	11	9	6	8	11	12	10	26	33	22	21	30	22	31	36	9	8	6	12	31	44	37	46	32	42	49	57	56	52	34	52	35	40	28	32	34	41	34	39	44	34	22	26	24	32	37	37	32	27	43	41	49	42	44	48	48	60	49	48	53	57	51	55	59	67	82	70	75	112	63	158	93	82	141	125	100	105	116	139	105	114	94	135	128	109	111	109	123	107	112	111	114	103	113	86	85	86	80	98	95	104	104	85	78	111	84	91	99	81	96	106	105	91	110	94	112	87	100	100	89	81	84	103	76	90	91	78	84	77	76	70	80	58	78	66	88	57	57	72	55	56	63	66	66	70	69	74	72	61	50	39	48	61	70	74	60	46	49	62	63	59	61	61	451	438	494	484	474	437	482	422	447	497	504	478	505	653	645	613	590	556	561	594	660	670	545	568	519	539	530	531	673	665	588	587	598	522	605	471	570	519	572	621	560	647	635	605	549	502	574	550	471	526	550	486	517	509	516	566	475	434	451	471	570	644	627	561	606	597	635	662	606	564	593	325	305	299	323	346	348	388	410	310	336	351	293	294	287	302	305	281	352	320	368	356	384	337	344	331	333	341	333	379	319	405	490	416	395	357	314	423	359	372	415	379	346	349	360	358	396	350	382	394	387	477	393	495	440	407	420	492	449	418	449	471	387	382	409	349	370	371	433	403	401	411	456	419	457	415	435	416	490	475	463	401	407	436	439	425	497	504	470	576	513	319	264	237	266	256	309	318	336	321	299	279	361	341	368	382	400	396	561	448	337	390	386	374	381	326	358	284	315	411	364	386	386	369	369	382	342
ZNF608	813	799	851	694	848	765	1048	860	827	803	852	902	743	670	660	746	721	589	599	697	689	653	300	445	436	382	190	199	193	233	225	214	221	237	218	185	232	224	217	207	228	203	219	251	196	188	207	200	176	211	220	209	177	197	178	204	227	232	185	186	216	206	181	222	176	227	213	192	207	231	242	237	219	217	248	277	271	264	269	276	301	284	279	280	284	278	269	264	212	253	241	269	240	241	250	251	244	259	252	255	251	254	232	239	258	248	248	252	240	264	268	257	278	322	310	261	261	255	229	270	212	240	220	186	250	268	251	256	248	233	278	235	261	242	240	128	152	158	151	221	203	188	166	173	174	209	216	213	201	227	177	197	171	191	90	94	100	102	95	107	134	119	136	96	104	101	112	138	111	99	132	139	154	112	114	147	152	132	144	132	136	146	115	132	132	140	138	112	152	133	127	142	145	116	132	138	124	162	130	171	164	167	166	176	137	165	158	148	140	136	133	125	157	113	148	141	158	157	138	163	174	180	162	157	165	186	176	175	166	183	185	177	182	185	179	185	177	171	165	181	144	152	173	1	1	1	1	1	1	4	1	2	5	9	3	2	3	8	10	9	6	7	4	8	2	5	3	16	19	22	22	19	17	21	12	20	14	20	13	15	16	47	48	41	28	32	41	38	44	35	33	40	32	28	29	25	32	32	24	41	25	26	29	25	30	28	27	32	29	29	32	33	31	31	34	57	50	64	50	42	55	53	47	55	64	52	56	59	48	99	93	144	100	93	112	110	118	114	124	118	88	117	94	92	108	93	109	102	112	95	106	99	126	75	94	69	99	86	96	82	83	83	90	89	88	86	75	75	75	93	99	71	101	103	76	86	89	90	101	112	82	85	77	62	64	79	81	89	64	73	59	58	72	68	72	68	80	59	61	68	61	59	62	62	89	57	61	67	69	65	61	69	59	64	58	68	44	37	40	59	63	51	52	49	423	457	441	469	470	442	464	441	468	440	469	497	507	662	646	604	598	541	568	595	702	675	539	550	525	555	585	530	577	682	606	641	639	473	510	493	506	493	513	579	551	549	537	507	569	485	498	528	534	566	562	547	526	539	531	504	503	494	494	485	627	616	579	571	603	524	635	600	583	620	598	368	315	303	333	368	366	350	370	292	308	278	312	296	288	304	286	306	312	347	317	317	329	339	357	320	307	334	371	339	351	403	366	388	359	338	313	312	328	350	358	353	366	360	362	339	339	368	374	377	359	522	467	472	472	500	481	508	463	430	446	429	424	416	434	358	411	404	438	388	356	437	371	437	432	421	363	393	424	411	399	385	431	411	433	426	471	500	486	479	440	316	269	247	266	254	336	336	333	351	319	255	296	305	356	349	361	339	433	443	379	407	368	396	371	315	321	287	289	363	329	339	343	389	339	341	365
ZNF143	737	694	852	640	699	602	1745	1568	1181	1126	1140	1216	1421	1578	1168	1046	885	812	788	836	945	1217	257	577	476	389	404	349	308	282	251	249	289	261	302	300	227	254	261	277	268	283	291	263	278	225	239	213	225	204	228	216	244	238	248	266	260	232	272	285	260	281	234	218	207	226	210	242	231	741	502	299	290	304	262	247	298	331	287	284	305	335	337	326	357	330	266	283	293	269	299	294	328	315	235	274	318	301	314	347	330	361	358	346	343	340	314	310	319	288	249	339	330	299	275	328	333	220	268	239	221	276	229	267	211	243	207	204	210	216	246	290	214	242	233	120	94	121	126	226	189	192	155	166	188	189	155	187	197	197	145	136	161	167	91	81	85	108	106	96	123	125	147	123	145	116	153	129	151	158	197	163	127	157	147	155	152	180	141	178	156	178	158	181	150	189	164	125	127	131	155	133	159	150	181	253	243	173	188	166	174	215	220	192	200	198	227	238	162	190	193	160	184	178	178	163	168	168	252	222	193	218	214	187	199	183	188	182	233	195	177	177	200	242	232	227	218	236	177	190	138	150	162	3	1	1	1	1	1	1	3	6	13	2	2	3	5	19	8	6	8	5	12	8	11	11	11	16	11	20	29	26	26	21	22	16	14	8	14	17	110	50	40	36	61	39	37	42	47	55	70	50	29	24	42	30	25	36	40	43	23	28	22	24	25	31	33	32	40	21	48	37	35	36	37	65	44	41	58	46	63	73	94	54	57	80	66	48	55	154	125	137	137	151	138	123	123	133	144	142	173	136	98	106	118	136	111	102	121	100	108	134	129	96	91	87	86	105	93	108	93	103	104	94	82	103	101	107	98	102	109	138	124	106	142	94	87	100	99	83	69	90	92	54	92	73	92	100	104	94	99	86	89	83	111	107	90	79	66	80	70	76	53	73	70	69	67	65	56	73	35	68	70	53	73	69	40	67	41	47	65	52	60	55	456	419	456	456	431	352	407	408	415	388	451	477	453	639	768	619	654	541	621	577	676	743	398	545	428	462	461	451	518	559	573	529	562	647	537	570	676	548	723	676	557	602	604	717	610	667	632	693	832	622	759	683	767	854	894	1039	707	836	714	809	727	750	811	711	791	781	908	1078	1026	979	1090	599	560	585	881	576	633	585	526	375	368	417	318	375	370	319	402	455	494	439	427	423	409	318	370	411	369	395	434	397	364	462	375	407	453	316	427	378	455	443	425	429	412	474	507	434	457	443	482	454	528	618	657	646	649	670	643	557	562	572	537	579	539	538	574	477	604	510	603	710	669	516	441	505	548	498	533	549	524	516	459	547	496	527	475	514	625	612	603	520	430	211	210	201	208	177	264	362	315	315	265	251	258	242	397	343	391	385	451	449	315	296	306	261	303	265	318	237	231	394	304	282	312	292	306	311	312
ZNF335	879	922	1001	697	772	696	1615	1407	1208	1122	1152	1239	1240	1261	1114	992	1005	781	789	852	920	1019	337	502	451	365	298	333	332	283	266	267	310	282	288	306	275	289	280	277	287	291	296	277	250	253	243	250	245	237	248	242	249	265	265	264	263	258	279	293	273	276	256	222	213	239	250	280	242	502	693	291	316	310	316	309	375	349	331	328	321	368	352	366	417	347	328	325	322	300	322	307	303	305	302	303	359	295	322	380	334	369	329	353	380	323	314	313	356	297	306	372	347	358	292	332	330	276	311	294	290	302	257	294	254	277	248	260	224	242	252	268	289	264	266	112	101	127	146	250	230	177	164	164	221	210	204	190	230	248	177	158	161	206	102	76	108	109	126	125	140	134	158	147	134	131	165	152	173	153	179	160	153	173	152	161	161	172	178	187	149	194	178	155	167	190	186	170	167	163	174	167	198	171	185	210	223	230	200	172	191	219	224	192	201	219	252	211	178	214	215	205	186	177	215	191	203	183	257	237	194	213	219	190	224	182	209	198	236	195	192	197	228	249	230	243	262	244	210	176	148	195	190	1	2	1	2	1	1	2	1	6	6	6	3	7	4	12	12	6	7	7	11	8	8	8	15	14	16	25	22	14	26	21	26	27	19	8	12	23	69	44	50	32	39	53	49	48	58	54	62	52	35	30	29	25	19	37	41	37	39	30	20	23	23	51	31	39	39	31	50	42	37	39	43	56	48	47	58	60	62	81	87	72	58	66	72	63	72	125	113	162	141	133	162	142	130	142	148	127	130	155	115	122	151	133	118	107	112	131	119	117	132	111	102	103	103	87	101	91	119	123	114	115	103	112	99	100	118	103	115	134	131	111	140	126	112	112	102	98	98	70	110	94	117	95	98	100	99	107	92	118	85	75	102	116	88	78	68	85	96	81	66	86	71	71	69	71	81	81	62	55	71	51	67	86	44	73	44	45	72	61	71	59	438	501	538	502	494	371	437	448	452	463	448	514	492	724	759	752	661	594	642	632	713	754	482	528	537	522	505	498	611	618	608	591	590	658	604	600	663	638	714	729	625	667	671	779	720	702	676	711	792	688	746	679	818	820	870	879	663	740	706	790	783	813	856	733	822	783	914	1005	932	868	951	594	472	495	690	527	535	566	547	364	373	419	398	389	391	379	415	400	474	454	460	428	447	406	439	433	393	396	392	439	442	428	459	472	500	374	401	387	462	479	477	442	478	470	529	469	475	508	496	564	548	623	662	642	603	638	604	635	589	596	545	643	540	557	554	454	559	528	631	616	690	581	531	568	580	556	570	569	548	531	534	516	543	594	516	568	669	664	631	587	548	272	258	220	222	225	322	346	348	343	312	321	312	337	404	390	395	404	518	502	334	361	377	301	354	289	325	278	300	426	328	348	323	380	350	389	365
ZMYM3	803	1013	1026	848	922	903	1289	1080	1030	909	1064	1031	860	840	774	893	926	708	789	872	841	785	458	493	526	413	243	252	274	257	254	230	261	244	261	246	248	260	236	223	226	214	248	235	282	247	259	221	230	225	215	201	201	213	234	250	198	230	261	232	216	272	161	231	196	275	300	238	237	299	291	493	270	279	305	241	373	319	320	266	271	307	341	336	351	313	355	310	282	255	273	295	266	271	260	287	279	263	269	308	287	270	321	311	305	283	290	301	271	277	340	350	323	322	299	324	339	257	263	281	275	286	314	248	242	238	282	298	283	260	317	274	342	298	304	155	142	163	122	307	234	221	249	241	323	290	251	275	269	262	209	194	192	235	123	104	122	108	123	144	137	175	140	172	189	116	151	135	161	155	155	149	152	133	136	133	161	156	140	154	132	147	154	167	156	167	148	113	131	159	169	164	139	143	172	178	166	193	178	170	177	188	174	202	173	203	181	182	193	172	184	173	148	154	154	181	193	169	208	225	186	185	176	179	231	199	191	210	182	201	179	187	200	211	204	218	260	189	219	267	149	234	180	2	2	1	1	1	1	3	5	1	3	8	6	3	2	7	10	5	4	6	5	5	4	7	11	17	20	25	22	20	13	12	16	12	26	17	14	21	50	53	44	49	36	52	33	48	41	49	64	44	42	24	39	40	27	47	42	37	32	27	22	32	25	28	38	32	39	41	31	36	46	39	40	55	52	36	46	38	60	49	56	58	70	81	58	48	44	128	115	92	138	127	134	118	137	133	116	124	155	126	94	124	120	116	97	107	119	126	125	130	118	97	101	93	65	108	93	84	104	100	80	92	92	109	88	82	91	118	111	113	110	107	128	100	100	97	120	107	100	98	88	50	81	87	87	81	87	102	87	86	83	84	68	106	71	107	68	86	77	63	76	63	68	64	74	74	59	95	89	64	114	97	79	90	45	58	52	51	72	68	77	74	497	562	722	598	642	415	426	505	506	520	548	576	626	832	783	687	721	661	811	742	668	841	572	609	646	649	616	611	831	715	727	693	686	625	651	653	623	701	652	695	590	665	678	683	660	546	622	638	608	657	641	700	649	570	590	637	701	502	527	570	657	718	697	602	689	716	733	781	689	675	693	392	417	386	410	521	482	461	498	272	394	370	379	355	367	369	321	323	400	354	415	377	440	451	454	347	412	380	416	374	386	405	460	487	450	331	389	407	425	431	438	394	360	404	396	422	421	401	449	403	392	582	523	554	520	561	539	474	489	513	522	508	555	598	566	338	388	393	487	487	492	573	465	448	490	468	482	470	571	554	454	504	494	485	431	486	531	489	555	627	626	285	320	246	255	276	384	470	393	416	323	364	396	380	509	387	484	444	543	557	424	451	471	321	393	329	374	303	370	507	469	427	423	439	373	431	390
ZNF281	783	882	952	831	950	879	1232	1047	971	869	957	1006	880	816	797	877	775	682	734	822	772	796	336	484	485	412	229	230	247	224	222	225	230	205	193	216	204	230	193	195	229	234	244	208	225	205	213	194	177	200	183	204	183	224	200	190	212	189	218	198	203	183	198	221	202	236	251	230	219	290	316	270	293	293	249	266	289	286	305	261	283	280	278	262	268	270	252	255	238	227	228	249	249	256	241	262	242	240	246	284	276	275	263	263	275	264	276	247	235	232	295	304	275	285	277	299	302	217	210	242	253	259	270	230	213	229	248	259	237	236	294	278	286	273	241	147	160	142	126	232	196	216	203	180	193	202	219	228	225	256	181	199	178	201	96	100	113	105	120	126	130	113	154	123	124	110	117	112	120	118	147	117	133	120	149	114	119	134	132	131	130	129	147	131	134	115	140	116	130	139	124	152	138	148	168	153	154	174	155	144	155	169	179	176	157	200	172	152	166	146	145	153	140	151	158	154	150	134	194	202	135	159	161	163	178	147	181	162	194	195	169	178	185	188	170	170	184	175	172	182	134	163	168	2	1	1	1	1	1	2	1	7	4	6	8	3	3	10	7	9	6	5	6	8	6	11	10	19	19	23	18	22	20	18	15	11	14	10	17	20	42	32	43	37	36	43	30	37	31	31	50	38	33	34	35	35	24	24	37	44	30	19	26	32	22	30	32	34	28	29	37	29	25	30	38	39	50	33	43	40	48	53	60	49	53	52	59	50	56	118	87	108	115	96	108	92	110	109	113	114	125	110	82	91	92	87	82	86	89	106	113	116	117	95	101	82	75	71	70	101	79	82	71	64	98	94	80	82	69	105	97	84	77	84	108	85	105	94	93	92	75	76	98	41	62	84	75	95	68	79	76	65	62	72	67	88	74	85	64	79	66	67	60	71	63	52	66	79	50	85	62	53	61	62	53	52	47	49	49	43	59	54	77	63	537	511	571	488	575	458	516	503	495	478	511	505	576	732	703	697	689	698	680	686	680	771	520	647	616	566	631	606	721	740	757	683	722	613	542	578	595	585	652	619	573	575	617	573	607	520	532	617	551	517	618	671	612	623	610	626	560	559	558	587	632	644	634	582	607	631	654	728	710	719	672	367	395	383	417	451	438	449	416	298	359	322	297	313	309	262	331	295	347	344	330	378	329	362	352	329	325	361	376	340	342	405	365	410	404	332	326	358	379	387	373	375	347	343	343	376	381	404	411	367	352	530	482	570	543	520	529	458	450	524	473	490	515	510	478	390	431	448	461	461	448	480	399	430	438	411	399	418	452	463	417	450	421	442	434	446	569	506	527	488	426	284	277	237	234	255	342	359	345	328	329	303	309	289	426	341	386	436	439	477	419	422	422	352	408	335	364	332	319	461	389	398	377	371	347	393	388
PRDM10	773	822	935	709	811	756	1340	1148	978	938	1051	1015	935	868	884	834	854	667	709	810	766	790	344	491	448	391	259	232	244	228	214	223	248	237	231	264	248	245	199	232	256	235	260	228	205	206	227	174	204	232	205	192	233	219	208	235	241	230	216	210	220	239	204	218	195	215	241	210	217	304	310	279	293	381	245	274	339	305	280	294	271	286	273	318	316	279	298	269	266	262	232	246	260	278	264	268	261	248	262	316	317	324	315	254	292	275	290	283	304	289	304	303	287	305	290	296	321	210	231	252	237	254	235	207	205	244	219	244	203	223	292	228	247	239	247	114	125	134	113	218	185	187	182	190	192	235	191	220	216	202	158	151	167	182	80	93	83	80	96	124	121	134	130	127	136	113	152	136	120	117	147	148	137	121	131	130	130	156	148	152	156	128	141	154	164	132	142	127	151	141	141	144	150	149	158	204	207	172	167	155	168	195	175	148	160	183	150	147	183	154	155	162	157	160	150	162	159	154	191	245	169	174	174	149	173	179	175	195	224	175	184	178	187	201	226	184	169	173	168	165	132	157	146	4	2	1	1	1	1	2	3	5	8	6	6	3	4	15	7	4	2	9	4	7	5	8	10	11	20	24	24	18	19	18	17	16	13	15	12	15	26	30	34	36	40	38	37	40	40	26	42	37	41	26	38	29	24	33	32	29	29	24	32	21	22	33	38	23	31	24	30	32	30	32	32	62	67	41	54	42	49	74	58	60	58	59	61	45	53	109	84	139	94	129	112	98	136	120	121	129	118	156	84	100	108	127	93	115	109	102	100	109	123	77	85	88	86	89	66	82	77	85	81	67	94	81	97	97	68	84	103	91	70	104	111	101	100	97	97	90	67	81	86	55	70	78	67	94	87	74	82	78	72	86	75	80	69	77	66	68	66	69	60	52	58	46	56	83	74	75	42	67	62	80	57	60	45	64	40	38	70	50	62	68	417	450	560	487	494	398	453	449	466	422	458	489	539	690	676	635	641	595	647	618	686	720	471	502	494	496	505	511	633	636	663	617	634	594	512	545	543	590	623	618	552	568	581	637	590	571	541	681	666	592	633	709	623	636	645	702	607	564	571	600	654	689	753	632	641	689	696	737	725	751	770	424	456	433	481	474	485	478	437	317	312	363	345	338	336	300	319	338	385	377	380	367	406	371	345	363	349	351	350	326	366	417	415	412	419	314	344	351	373	387	432	404	382	339	368	402	398	375	373	412	404	562	526	531	530	543	538	507	523	501	477	535	489	526	486	386	449	436	502	459	484	561	405	480	483	416	489	427	484	482	438	436	460	487	450	456	579	540	525	555	480	287	279	231	203	211	318	348	338	356	309	301	309	279	373	380	401	397	430	475	348	363	374	332	315	281	364	288	280	427	327	356	348	363	286	356	326
ZNF136	1088	1076	1021	789	927	1004	1195	1051	961	912	1080	1067	860	847	877	868	909	703	734	814	785	855	326	405	390	378	242	259	278	281	278	262	292	259	258	290	270	242	308	284	285	264	264	297	185	242	251	273	226	238	247	240	254	257	251	226	260	241	281	272	297	273	246	224	215	233	194	297	248	262	316	305	249	245	375	384	356	320	314	385	342	370	367	364	332	311	317	333	299	315	336	279	314	274	297	308	277	293	286	329	316	308	341	315	300	281	311	291	347	335	361	323	357	359	322	334	324	315	304	329	334	290	277	283	290	333	280	319	282	252	267	265	325	295	278	158	175	201	165	239	255	185	188	193	214	194	277	215	272	274	210	229	220	232	125	110	122	131	121	118	155	131	145	165	129	124	141	158	156	158	145	154	156	147	160	163	187	162	166	178	176	157	174	168	172	152	156	144	178	192	168	158	171	178	167	200	131	202	205	204	176	202	198	200	184	198	176	183	206	152	188	205	191	164	202	164	182	158	198	215	239	213	219	196	197	198	200	232	228	263	198	212	232	229	227	223	203	183	164	184	209	233	241	1	1	1	1	1	1	4	3	3	3	2	5	5	1	12	7	9	5	7	7	6	8	9	5	15	17	24	17	29	25	17	11	13	13	11	11	14	33	43	52	51	45	45	41	51	46	42	53	57	37	39	37	37	28	42	37	35	33	24	32	39	33	28	24	37	25	33	32	33	33	38	30	54	57	61	59	57	40	59	54	67	65	55	54	51	49	101	87	119	98	113	122	126	151	135	142	149	129	126	109	126	122	124	102	128	128	130	121	125	128	115	92	108	102	111	95	97	113	109	84	88	117	107	121	97	127	116	98	100	114	106	100	129	134	120	119	116	90	83	93	39	76	88	94	92	78	102	92	87	89	90	92	107	102	90	68	64	70	70	76	74	78	80	93	80	78	58	64	57	72	67	74	89	46	45	63	55	58	62	86	59	491	474	585	568	546	495	639	535	476	554	541	575	520	785	763	777	717	695	630	664	938	761	683	613	661	609	640	614	742	760	785	707	732	584	656	580	632	587	641	770	728	725	706	736	639	615	624	611	639	641	625	594	639	628	663	626	620	592	567	598	751	814	785	757	742	775	791	768	714	698	740	449	412	412	430	420	466	498	533	370	360	392	383	351	371	334	341	372	387	412	392	361	458	379	377	403	375	380	431	451	440	483	492	495	472	388	387	440	410	467	474	445	495	465	473	448	408	506	495	480	508	522	522	538	533	543	515	582	594	502	530	602	490	444	440	480	540	513	496	480	462	537	489	512	561	552	550	496	563	582	541	495	538	536	589	571	553	637	592	676	608	356	311	313	303	303	344	368	373	427	333	342	411	416	400	461	466	450	613	490	417	474	467	472	491	386	398	389	373	399	420	416	434	433	429	454	431
ARID2	1231	1129	1149	930	1100	1130	1232	1037	976	944	1101	1133	869	790	833	975	927	760	828	858	802	869	367	539	508	477	227	271	263	290	304	289	269	288	257	291	300	282	334	290	295	280	270	304	206	240	246	301	239	256	276	234	281	265	245	204	273	277	244	288	299	260	248	251	224	266	197	269	277	247	309	241	266	274	384	417	352	309	334	400	373	376	377	361	355	339	333	334	303	324	353	298	289	271	317	331	291	300	288	315	341	351	308	299	331	310	342	291	362	338	368	348	381	397	363	348	366	323	310	343	340	316	283	282	339	419	311	323	338	277	319	286	346	318	307	200	245	199	188	232	276	230	207	212	232	226	299	247	270	310	229	263	242	252	139	128	127	156	114	162	158	139	134	151	145	136	148	173	140	141	153	150	164	156	179	172	220	161	187	170	185	187	162	162	173	181	164	175	190	177	196	170	155	169	167	161	149	213	201	206	197	214	200	214	183	181	170	188	188	171	167	170	219	189	224	174	163	156	174	216	209	216	233	213	197	216	231	242	219	267	210	228	248	233	259	233	174	233	183	182	228	222	275	2	3	1	2	1	1	5	3	4	6	3	6	4	3	10	10	6	9	9	3	9	7	8	5	17	18	25	23	25	15	18	13	18	10	24	14	21	25	53	58	53	40	45	40	47	43	43	46	57	42	30	37	39	33	44	29	22	37	28	36	38	25	38	34	38	42	41	36	37	34	31	33	70	63	75	72	61	47	52	56	81	68	50	69	59	56	92	88	155	96	99	121	143	144	159	158	142	137	143	156	130	130	112	113	137	123	122	116	133	148	125	108	103	112	106	107	111	98	101	108	97	115	118	111	106	106	130	119	103	108	110	107	117	160	119	130	134	94	109	117	59	82	101	84	96	85	97	84	86	90	97	84	99	100	71	82	61	86	77	70	64	92	80	72	80	92	64	76	67	59	60	81	86	68	64	62	85	68	70	84	78	557	575	629	597	573	591	767	609	605	619	611	653	626	875	838	883	801	748	664	712	1101	818	795	716	721	729	754	725	817	894	814	823	840	587	691	582	650	655	675	768	785	741	750	713	677	651	661	637	640	690	665	562	617	657	609	656	557	627	595	610	783	816	801	778	744	726	726	772	695	776	742	413	345	332	438	385	395	455	477	429	380	364	384	341	369	327	333	373	372	432	379	402	455	375	349	439	409	417	437	456	464	516	477	486	490	446	414	445	442	473	532	473	478	480	479	474	438	521	507	503	555	544	525	543	567	581	556	634	590	547	578	615	493	433	482	531	607	562	486	484	486	501	499	533	600	560	528	495	569	571	531	523	559	521	550	582	595	665	682	677	605	391	388	373	320	359	404	392	400	473	401	358	405	399	440	517	486	502	601	541	493	504	559	553	568	438	417	423	407	459	457	487	451	502	484	497	514
KDM4B	1036	1194	1136	925	1025	1022	1401	1184	1140	1017	1224	1110	966	947	958	1005	1039	807	845	953	928	943	394	471	474	421	253	286	300	307	298	289	322	294	282	298	321	304	280	296	288	274	312	286	265	291	318	269	253	270	291	266	267	268	280	276	265	282	293	309	289	311	229	249	249	303	309	330	271	298	375	373	289	339	356	352	455	379	363	370	362	375	379	373	390	365	424	421	319	280	319	326	325	360	340	371	342	321	340	336	349	348	347	353	356	342	310	350	367	323	369	362	370	398	349	367	366	291	306	354	329	317	313	301	301	352	331	357	294	309	298	311	361	332	313	173	173	198	169	268	294	237	221	195	235	278	262	284	285	271	245	222	213	248	139	113	142	131	150	154	177	179	169	137	152	136	158	162	155	170	171	179	181	163	153	176	172	191	193	186	187	188	195	179	184	178	185	165	175	193	189	186	183	173	222	196	166	265	235	201	224	245	226	236	209	199	204	213	220	227	196	214	205	197	192	188	213	195	222	243	235	235	210	213	239	221	227	250	247	230	238	250	231	253	226	248	239	224	233	214	202	266	233	4	3	1	2	3	2	6	5	8	10	3	5	6	8	12	18	5	12	13	11	15	11	7	7	22	22	36	22	26	26	19	21	25	21	19	15	21	39	58	54	49	47	50	54	54	54	52	56	54	61	42	31	42	31	49	37	42	49	45	31	35	29	48	40	43	43	33	42	38	36	49	53	63	76	53	64	59	72	60	63	65	71	79	85	72	81	140	111	168	144	125	161	148	158	133	151	161	161	168	133	171	136	142	125	157	131	148	154	144	152	135	117	85	108	107	106	114	126	132	108	104	102	131	117	100	110	112	132	115	134	139	124	120	127	112	135	129	90	93	103	89	96	98	94	110	99	90	104	112	115	88	101	95	108	87	94	71	78	73	94	73	101	66	89	93	80	86	56	57	95	84	85	82	59	60	62	67	71	68	93	77	516	565	721	650	655	528	601	578	587	559	584	598	654	894	869	814	788	733	798	724	917	848	727	634	668	690	677	662	852	791	781	779	765	651	708	680	693	691	734	797	722	793	817	772	767	702	690	684	705	762	748	762	755	711	718	737	688	639	669	669	832	867	841	751	853	819	915	944	800	790	783	491	425	415	463	508	499	540	537	384	417	433	417	379	421	438	422	410	450	463	496	440	557	470	472	445	440	445	469	474	471	506	546	587	537	410	410	469	446	516	465	485	499	475	469	485	479	486	535	562	478	639	602	648	628	644	630	661	656	581	588	622	564	578	585	476	534	538	573	553	579	613	546	590	610	560	596	585	703	637	577	572	568	566	602	598	621	678	644	738	714	373	356	297	291	330	409	446	456	476	374	365	443	485	473	487	511	474	619	592	429	508	533	455	461	363	416	384	401	512	452	460	435	464	430	522	465
ZHX1	977	1017	1048	830	943	911	1474	1213	1131	1035	1107	1150	981	896	971	1002	999	809	805	880	912	933	278	524	481	414	254	289	299	240	281	277	289	282	288	285	276	289	261	265	285	268	302	288	222	231	277	235	234	259	243	259	264	253	240	279	262	251	248	251	282	262	261	224	238	232	239	264	264	331	349	319	286	305	320	309	379	353	315	315	318	357	318	326	401	346	356	317	329	297	304	324	299	310	288	302	322	291	307	322	351	345	317	299	325	331	337	327	324	314	317	324	331	365	346	335	336	274	292	331	302	284	272	262	295	311	288	281	283	289	316	310	292	274	300	142	157	168	136	249	282	209	200	207	237	244	210	210	253	246	204	182	211	213	116	119	106	129	130	148	146	148	140	141	158	135	134	149	152	143	147	163	151	162	145	141	190	165	165	182	166	171	178	198	187	179	177	158	168	178	167	167	149	161	155	176	163	215	190	175	195	238	199	210	176	192	220	212	180	168	212	195	173	180	186	188	178	190	228	226	203	213	193	214	214	207	197	235	258	222	212	205	207	238	256	204	197	214	223	173	174	198	182	5	4	1	3	3	3	6	6	6	9	5	7	4	6	13	15	10	8	11	13	8	11	11	9	20	24	25	28	24	31	24	25	21	17	13	15	19	26	43	48	54	55	51	47	67	54	54	63	51	40	40	32	27	27	35	42	38	55	32	27	38	23	47	32	42	33	34	41	38	40	48	46	43	52	53	67	40	56	72	74	64	60	68	75	70	61	123	128	141	116	111	136	128	129	140	143	152	142	160	112	115	132	129	101	122	127	132	122	137	128	115	103	114	107	99	104	116	81	103	112	103	106	101	105	101	100	110	102	108	135	103	123	104	129	117	108	105	104	96	95	82	111	90	91	106	90	93	87	85	94	84	106	92	91	98	87	89	61	76	65	79	73	70	75	81	73	78	64	70	67	79	66	69	72	64	49	59	65	73	79	69	529	494	605	542	527	491	541	481	490	523	550	525	577	795	780	772	729	678	714	688	817	813	567	666	596	581	608	584	753	739	749	704	717	668	641	599	667	674	677	753	675	671	731	746	672	652	659	722	724	682	714	690	746	729	739	721	661	673	666	654	749	781	806	735	769	757	825	883	828	832	855	484	460	452	469	529	505	497	521	390	368	414	388	374	401	344	405	394	419	439	448	415	439	376	421	412	405	439	443	458	420	486	471	475	494	420	404	427	438	502	507	469	439	453	468	442	476	464	493	503	471	615	640	619	626	649	631	573	543	569	585	621	538	538	533	488	560	536	540	585	537	551	518	532	533	528	536	536	598	546	506	519	514	557	509	538	647	626	668	604	559	292	287	299	253	263	339	361	375	406	367	326	356	353	447	412	416	453	569	545	396	437	430	391	417	322	379	339	349	485	389	393	401	436	387	431	390
BRD4	1034	1078	1148	959	1011	1043	1401	1196	1090	1044	1114	1249	956	853	914	1038	982	831	846	908	931	881	349	483	491	419	243	274	298	299	301	281	333	297	296	262	269	252	275	305	296	292	306	275	245	246	267	255	231	244	274	240	242	278	253	267	278	279	268	274	291	276	225	262	236	284	302	271	269	287	331	320	305	280	314	334	363	315	375	325	357	389	371	343	370	363	356	363	300	326	310	325	305	329	333	315	365	314	350	284	349	349	333	316	329	346	311	348	316	316	368	318	358	388	338	349	322	289	303	297	322	281	301	282	281	346	345	271	265	367	323	322	313	337	318	181	190	174	150	245	259	215	212	215	236	250	250	242	287	262	227	217	217	245	113	115	114	146	147	154	154	159	151	150	175	146	138	140	159	143	198	174	166	158	142	162	199	171	169	175	180	190	178	176	190	181	170	177	159	166	169	190	167	168	195	179	153	184	192	189	205	203	203	205	217	200	215	187	163	152	193	203	185	174	179	204	183	179	180	213	184	228	236	219	220	224	190	223	203	238	211	228	233	236	213	232	246	217	197	219	169	192	216	3	3	1	1	1	1	4	4	6	5	4	5	6	5	12	7	15	6	7	5	8	8	13	10	21	21	30	27	20	24	16	16	10	19	16	13	22	30	56	48	50	55	51	42	50	44	45	57	63	35	38	38	33	27	55	32	46	42	35	28	39	28	39	38	38	34	32	45	41	32	35	37	49	74	49	64	54	63	60	70	68	61	65	53	59	48	137	116	133	142	106	144	161	126	155	146	167	142	146	122	140	137	139	131	112	110	116	146	122	129	111	95	96	123	101	115	117	111	102	115	100	112	97	116	110	93	126	116	115	119	104	122	108	119	116	107	119	94	102	101	32	104	86	82	103	85	89	90	86	96	87	91	99	105	85	86	95	79	82	81	80	79	67	71	90	86	95	63	62	62	68	77	76	92	54	47	61	63	81	85	80	565	582	679	598	604	526	625	518	556	527	592	581	644	868	837	772	781	711	789	749	905	859	693	700	697	700	684	697	921	826	804	763	769	694	636	662	654	632	660	766	690	734	737	671	739	629	660	715	603	738	709	753	751	720	719	641	602	650	671	651	790	797	789	799	837	754	841	909	801	854	778	445	407	389	454	471	450	481	527	382	398	420	411	371	373	401	407	377	407	470	444	444	437	421	458	421	434	451	453	444	442	521	475	509	528	409	399	432	444	499	439	458	459	486	466	447	504	491	548	476	507	631	549	650	651	622	607	599	611	586	571	551	528	575	573	534	553	561	586	512	508	534	539	555	571	561	563	565	582	549	555	559	526	520	548	590	556	662	597	658	599	350	326	305	278	345	410	441	414	443	381	311	374	377	480	455	461	483	531	557	462	509	487	404	435	396	418	389	371	493	440	459	438	492	439	468	443
ZNF709	1133	1043	1113	855	1013	997	1359	1159	1033	1011	1181	1226	945	875	925	998	964	783	814	892	897	926	344	559	516	449	223	281	275	291	288	284	290	304	286	269	312	294	302	295	298	287	289	305	213	262	271	277	277	264	267	257	264	274	227	280	266	309	247	269	276	257	269	222	222	249	216	265	276	284	328	266	261	294	385	400	370	315	325	393	379	378	372	382	365	385	320	356	335	315	309	320	294	318	347	347	321	343	352	301	328	334	315	320	305	322	303	320	362	363	342	313	387	442	364	362	355	326	329	360	298	313	281	274	329	395	317	319	311	301	301	280	341	334	319	171	211	187	174	249	279	207	197	204	228	242	283	236	257	286	225	213	234	241	136	138	94	141	120	144	162	117	142	154	149	136	132	165	152	129	144	166	177	176	179	182	190	161	187	179	195	198	161	157	160	171	172	183	187	181	199	168	167	160	157	163	146	209	202	237	203	241	202	214	211	196	179	192	169	168	187	186	188	180	193	202	199	170	175	214	233	231	230	213	205	236	231	258	232	259	237	233	252	229	235	257	183	255	204	201	218	191	226	1	1	1	1	1	1	4	3	4	4	4	4	5	2	3	8	4	10	10	4	1	8	6	2	18	20	30	25	28	18	19	12	18	19	20	14	21	28	44	54	49	46	44	42	37	46	45	48	64	35	26	31	24	34	41	33	31	29	31	34	32	28	25	27	35	34	32	32	32	40	32	33	63	58	78	61	61	48	66	62	73	80	56	74	69	67	113	101	172	114	118	142	149	163	158	156	145	117	132	127	127	148	123	118	138	140	130	130	130	138	103	109	101	117	108	101	114	97	113	107	110	100	118	117	106	107	117	120	120	111	124	115	118	141	126	133	131	85	115	113	89	74	100	94	92	83	96	78	82	80	97	87	97	103	90	97	60	77	87	75	65	92	71	73	65	94	67	60	57	65	69	76	91	48	58	64	61	73	60	64	73	527	527	574	563	579	529	673	534	528	587	593	608	551	846	841	856	753	732	659	688	1002	842	677	690	644	665	701	628	785	803	770	765	767	649	669	597	634	671	679	797	777	747	739	702	696	682	682	701	682	699	709	633	729	750	693	660	643	715	719	659	788	848	859	791	817	758	880	832	794	848	775	446	389	387	454	464	444	495	503	415	373	419	410	375	386	391	371	428	394	473	418	437	476	424	399	433	411	427	434	473	502	505	487	489	504	478	427	454	441	482	503	469	492	478	486	475	456	527	563	487	515	650	582	620	644	624	590	616	637	557	589	596	497	446	492	542	627	588	570	536	479	532	545	601	575	555	555	537	573	573	544	534	577	534	622	597	556	704	678	637	629	346	324	318	307	310	373	365	417	424	349	339	382	374	420	470	483	499	608	539	437	514	482	511	516	389	389	377	387	428	408	405	432	460	474	463	493
TOPORS	1003	990	1071	808	942	945	1330	1121	1064	1033	1171	1188	914	869	863	977	949	769	824	846	867	840	348	559	508	488	244	267	283	301	298	294	298	319	314	256	313	269	284	293	303	288	302	299	238	285	255	276	259	287	267	275	268	249	244	250	275	293	260	284	301	305	243	232	226	266	213	252	301	305	321	271	283	271	342	373	362	318	357	379	353	403	373	376	398	386	320	341	332	306	305	315	297	319	340	340	341	332	348	309	344	351	318	333	349	342	355	336	370	361	344	331	364	396	332	352	350	313	294	329	326	321	272	275	312	363	289	265	300	282	287	276	307	292	281	160	191	177	177	241	284	212	190	189	202	226	258	227	254	288	192	179	199	214	124	110	109	115	112	155	147	131	122	146	131	126	154	151	159	143	170	167	172	175	169	171	195	184	175	177	186	202	165	176	180	192	175	178	168	178	190	185	162	169	166	166	157	201	178	212	227	241	228	222	187	177	208	202	192	176	206	180	202	186	200	194	180	159	175	199	234	220	229	228	220	229	229	239	216	269	253	240	251	280	255	251	200	239	205	192	218	207	223	2	2	1	2	2	2	3	2	6	5	3	4	4	4	11	10	9	11	9	5	8	5	6	6	19	19	27	25	27	25	15	13	15	14	16	18	19	22	48	46	52	47	39	43	50	53	37	51	66	32	27	35	37	25	44	39	37	39	30	34	29	26	34	34	29	30	30	40	40	38	35	32	57	57	65	59	54	55	69	71	66	72	55	68	69	56	115	113	176	110	116	134	163	137	172	159	134	145	152	137	129	145	127	117	129	130	140	136	139	139	109	94	119	112	89	99	109	102	95	112	116	127	100	116	104	102	119	118	111	115	120	124	134	147	99	125	140	92	90	117	64	87	94	86	90	95	98	105	97	88	91	90	105	112	78	78	55	87	75	69	73	92	81	70	70	89	81	58	53	56	74	80	72	56	52	65	54	77	58	72	67	529	497	613	562	568	480	550	505	510	509	557	569	537	838	755	797	708	697	643	640	934	768	642	636	610	635	624	598	743	775	724	697	702	620	619	614	618	648	642	786	726	702	717	687	704	689	653	659	678	716	692	614	745	718	685	642	609	687	650	624	771	839	861	738	803	761	776	852	818	817	774	436	401	378	427	473	438	468	510	422	369	405	386	358	404	382	381	426	382	485	451	450	465	405	423	442	433	432	434	468	485	494	460	492	493	441	417	438	457	447	464	468	473	483	499	466	504	518	543	495	507	628	613	590	619	628	630	662	634	588	588	568	514	504	522	512	569	559	576	508	496	521	519	572	584	561	562	527	590	554	534	559	566	534	596	612	546	669	643	605	593	333	308	293	264	275	370	378	382	437	358	322	353	360	414	435	437	437	523	511	401	449	484	429	447	373	333	350	364	435	360	401	388	425	444	434	458
ZNF275	1023	1021	1062	787	878	901	1460	1272	1178	1080	1222	1268	1068	971	1017	1000	1018	795	845	938	970	921	342	460	445	378	309	313	297	374	348	336	346	313	336	277	328	309	321	344	322	326	332	345	251	290	295	309	285	283	295	283	291	298	275	291	303	323	314	301	322	328	229	266	222	284	260	310	284	335	368	307	280	286	370	376	375	357	389	378	403	419	421	417	397	412	383	405	343	348	345	348	354	371	371	392	370	376	393	330	371	390	373	370	355	370	375	394	396	368	336	311	387	399	354	344	339	321	317	334	338	321	245	302	300	348	268	292	247	267	281	289	331	312	285	134	148	178	144	248	254	185	185	189	213	234	229	205	225	248	217	178	214	214	119	90	106	118	115	132	141	139	139	158	133	150	133	180	179	160	186	211	190	208	182	181	211	185	206	212	189	205	204	198	206	197	183	171	190	188	192	181	193	189	195	203	155	231	230	238	245	226	264	249	203	214	217	218	194	217	199	206	215	217	220	219	204	194	222	233	240	254	253	239	262	252	219	272	213	268	264	255	255	253	253	264	238	250	199	222	194	214	242	1	1	1	1	1	1	3	1	1	4	4	4	3	1	9	8	7	9	4	2	8	8	11	5	14	15	27	24	20	23	16	16	14	17	13	15	10	43	51	47	44	50	54	43	54	46	48	61	62	36	30	27	25	17	49	40	48	24	37	28	36	26	34	36	39	34	37	52	41	41	41	40	51	59	67	68	64	69	77	64	54	66	64	71	73	69	181	110	146	109	111	170	173	159	165	169	180	157	169	125	145	149	147	156	143	141	133	157	162	147	123	106	109	123	97	104	139	116	123	132	127	118	115	121	121	127	132	133	138	137	129	143	160	138	113	122	125	95	87	104	66	108	104	99	97	97	109	115	95	95	105	107	97	98	78	82	89	77	89	80	83	95	75	81	78	101	78	65	58	70	82	65	78	47	38	50	42	62	67	68	46	493	488	598	575	584	423	548	469	444	498	531	527	524	817	784	793	677	626	699	656	911	789	558	587	590	575	569	557	733	738	708	668	678	653	686	620	643	600	681	795	741	770	738	790	814	664	748	693	694	791	744	669	823	779	770	761	705	673	706	685	837	906	811	830	906	852	955	909	860	881	829	489	473	476	483	492	551	544	560	392	408	467	424	376	412	462	457	460	444	512	497	496	516	445	481	449	473	481	487	499	528	481	541	522	540	444	410	466	475	517	533	531	538	520	530	460	532	501	606	540	541	686	619	676	691	666	645	692	701	535	613	642	548	546	536	517	562	560	641	580	532	577	599	634	631	619	608	589	624	619	567	566	592	614	638	626	594	697	650	698	660	301	281	233	251	244	359	391	380	429	341	318	379	386	407	453	459	455	560	541	388	440	428	379	405	331	351	335	330	432	339	358	392	404	387	434	411
ZNF451	932	1009	990	689	772	809	1400	1219	1169	1029	1158	1190	982	947	927	966	994	768	822	834	927	872	344	484	481	459	240	301	297	341	326	301	350	340	304	254	302	317	335	316	323	328	325	317	271	289	306	310	283	296	289	275	285	279	262	254	302	299	284	301	332	315	237	248	230	291	255	274	279	337	352	341	278	273	367	377	379	318	371	372	373	421	387	388	405	416	419	416	352	325	328	328	336	357	380	404	367	368	348	299	371	344	364	346	358	353	361	353	361	357	317	335	376	374	332	340	335	307	309	317	314	305	247	300	271	319	252	282	248	265	280	256	320	280	288	112	150	171	144	243	258	207	186	183	222	227	257	233	221	221	202	175	176	205	121	98	88	115	107	115	150	145	133	156	146	125	167	150	193	156	187	184	183	195	185	164	206	181	206	205	185	232	192	188	197	201	195	170	190	198	195	189	184	201	209	148	174	243	229	214	224	262	230	233	210	222	193	211	202	199	213	213	236	202	212	198	212	186	191	245	230	266	254	242	231	231	236	258	237	260	257	275	256	261	258	278	221	226	228	236	206	212	228	1	2	1	2	1	1	5	2	3	7	8	3	6	3	11	13	12	10	8	7	7	8	5	12	15	28	31	25	33	30	26	15	20	20	16	22	20	32	51	67	47	57	55	56	48	58	49	73	59	36	28	30	37	33	42	53	55	43	38	40	30	36	52	43	45	43	39	53	49	35	40	42	71	69	63	65	58	81	69	72	56	77	62	68	78	65	175	112	175	132	121	167	165	157	167	183	182	165	168	138	169	156	152	120	144	143	151	147	155	153	125	102	99	127	122	122	109	124	123	124	123	140	125	138	121	122	113	114	116	137	138	130	156	123	114	119	133	83	89	84	76	107	116	101	95	89	118	106	98	98	107	102	95	123	105	85	111	86	94	84	79	89	91	92	74	97	81	77	65	95	96	82	77	40	44	49	53	54	60	71	73	456	494	600	556	568	365	495	455	445	484	458	516	501	828	761	733	646	584	649	597	826	743	511	545	559	532	514	482	690	653	675	626	638	643	667	594	602	633	656	736	705	758	763	792	757	711	717	695	677	737	722	681	797	703	741	704	679	666	704	668	828	847	835	773	908	845	963	911	815	826	803	455	405	417	440	477	505	519	563	409	426	440	456	389	426	488	428	438	433	521	473	453	518	421	483	452	448	458	483	493	480	489	522	529	513	406	410	446	462	484	481	485	493	537	544	492	500	528	570	556	518	667	615	657	635	639	619	643	707	554	593	572	515	512	536	478	522	532	603	581	546	575	582	645	647	613	621	568	648	596	587	553	598	585	607	605	537	656	643	710	675	297	299	250	249	251	339	367	369	396	312	304	384	398	399	416	448	419	545	529	377	422	423	345	357	295	335	308	329	392	349	329	346	390	351	411	393
ZNF563	1010	996	1026	738	863	887	1429	1199	1082	1042	1219	1189	1028	981	950	989	981	761	818	866	916	904	387	547	545	468	258	307	300	328	291	322	336	330	302	290	312	285	311	288	327	318	288	319	245	287	307	258	289	298	287	267	259	278	282	307	294	323	303	308	300	299	268	224	235	254	244	273	280	326	366	336	262	318	364	361	373	326	343	382	376	417	388	377	397	435	375	397	360	303	293	338	337	340	366	373	345	390	373	323	348	358	356	365	359	341	319	338	358	371	324	315	396	400	354	355	351	318	321	353	281	325	265	298	305	338	260	293	284	264	288	246	329	306	305	147	181	163	156	270	272	200	195	193	227	240	255	217	245	279	212	190	195	194	116	111	95	129	115	138	152	137	144	135	150	134	141	166	183	167	167	188	194	186	193	186	194	166	205	197	200	223	178	182	191	198	188	198	186	203	200	189	175	153	188	175	167	237	227	257	209	246	224	223	217	226	217	197	189	187	200	201	208	174	190	214	212	197	182	193	247	223	262	216	210	249	238	266	237	273	265	260	247	261	261	282	217	235	194	212	192	236	223	2	2	1	2	1	1	4	3	5	7	10	5	4	3	11	15	7	7	10	7	10	9	7	4	20	24	27	36	37	25	30	24	26	14	21	24	20	29	53	61	41	55	53	51	43	57	48	57	68	35	32	40	23	41	46	37	37	35	36	44	35	42	36	39	41	40	38	52	44	41	44	44	79	61	72	75	64	75	76	73	85	99	70	93	76	91	146	121	197	125	110	149	157	171	178	174	185	134	162	135	166	162	149	128	147	162	143	136	149	148	107	118	117	119	105	114	109	118	135	139	127	121	117	121	126	113	123	128	129	139	142	132	114	127	110	131	134	77	104	94	93	86	124	121	99	99	101	103	91	98	95	89	100	109	95	91	78	85	102	73	82	100	82	80	70	96	76	60	72	82	81	91	87	47	50	53	58	75	58	67	63	459	502	592	555	571	415	537	471	446	533	498	541	497	815	779	764	686	649	610	631	910	782	579	586	591	608	587	541	687	696	682	695	690	641	653	584	619	651	684	769	723	715	699	769	755	677	700	713	697	723	734	653	753	738	720	702	691	684	715	669	811	877	851	810	844	830	934	873	838	860	810	486	417	415	477	499	483	543	517	415	402	423	427	409	419	435	425	463	430	506	454	472	516	411	447	450	445	460	446	456	506	489	527	495	516	460	427	444	441	510	512	489	500	464	474	477	466	503	547	521	511	653	636	642	663	651	625	643	692	581	595	604	537	498	533	525	571	545	612	545	536	531	594	629	586	569	586	556	609	589	570	558	595	570	643	598	570	697	633	677	638	319	308	267	280	263	358	383	413	406	331	331	380	380	408	432	449	463	588	498	379	458	408	409	435	352	347	302	348	398	338	352	388	399	407	412	424
E2F1	903	910	1019	704	790	778	1518	1310	1221	1071	1244	1201	1053	1047	1043	973	1006	771	830	877	910	889	336	460	421	352	257	331	322	335	340	327	336	326	326	276	301	305	316	298	320	326	339	312	255	286	306	264	271	271	272	278	284	292	313	271	311	312	314	325	294	320	245	239	225	263	250	281	284	357	417	351	268	316	332	355	390	401	370	365	398	397	405	397	413	440	401	394	329	304	312	338	395	387	373	386	367	363	372	385	370	357	368	379	387	371	375	367	372	364	355	345	359	352	308	352	329	304	296	325	306	316	247	253	285	302	253	253	239	246	295	272	294	296	284	128	132	142	119	251	247	187	161	208	195	248	202	189	205	239	165	173	199	172	129	73	108	106	109	116	125	143	147	158	158	140	158	181	187	166	202	197	175	199	195	190	215	165	203	185	207	217	201	195	212	206	206	164	168	186	190	180	187	176	204	199	172	231	237	222	251	233	267	238	181	226	247	223	200	218	197	202	230	210	206	194	222	199	233	213	222	239	237	220	235	231	216	238	233	239	240	264	267	276	271	268	243	234	233	206	181	209	206	3	3	1	2	2	2	4	6	6	8	5	4	8	5	14	9	12	9	10	8	13	12	12	15	23	23	28	27	26	26	33	22	19	21	16	15	20	27	39	58	45	59	42	47	65	58	62	65	60	42	34	29	30	28	54	36	49	41	35	43	30	33	43	46	45	37	36	44	49	50	44	45	66	53	58	79	64	70	99	82	69	68	63	64	76	69	167	101	144	139	123	187	156	175	167	155	174	167	166	130	165	139	153	120	139	120	139	146	166	155	114	100	103	109	105	125	114	115	140	138	129	114	116	130	120	118	127	130	125	140	133	145	134	120	113	129	123	93	93	98	62	112	100	101	104	102	111	119	96	118	97	113	117	99	90	88	106	96	102	87	87	95	85	91	89	80	80	77	66	79	81	78	74	54	49	60	48	65	67	63	61	502	472	572	519	517	387	494	434	414	482	494	503	498	783	745	713	679	617	667	649	807	759	499	559	503	527	528	481	640	618	656	601	592	640	608	583	617	569	707	802	687	711	731	801	800	695	697	791	726	760	749	701	841	804	799	772	756	730	707	705	810	940	844	809	900	821	904	977	924	938	869	513	449	439	517	555	538	564	566	424	453	430	474	414	387	401	502	479	436	525	477	453	478	421	467	454	451	461	485	466	477	474	512	497	533	388	444	422	447	535	525	502	502	522	539	481	510	527	520	556	514	618	640	694	652	685	623	661	664	608	620	629	556	564	553	499	584	565	641	609	590	557	576	628	639	583	640	606	628	580	585	589	627	617	591	608	645	678	653	686	641	280	250	236	220	220	299	366	384	388	307	309	315	335	425	409	434	424	534	504	331	361	354	314	357	288	343	305	286	392	328	319	341	346	386	369	351
TIGD6	840	918	962	638	730	731	1475	1256	1170	1006	1227	1134	943	969	936	934	996	728	800	835	930	824	343	464	461	410	243	306	310	353	336	357	350	374	377	266	314	285	303	311	339	346	336	336	266	298	310	275	293	311	292	294	270	270	276	310	281	358	299	313	315	322	230	217	220	284	252	270	278	330	347	313	270	279	311	339	365	346	363	385	386	412	416	435	440	451	389	437	360	329	302	346	304	365	384	393	409	368	382	311	380	394	348	347	364	367	368	389	355	380	288	299	388	388	352	344	307	314	337	327	277	287	229	262	280	283	233	252	236	239	252	248	302	282	295	120	143	143	110	270	246	204	174	194	206	240	213	211	194	231	163	157	173	164	117	89	82	93	101	111	128	129	118	172	140	115	152	171	193	171	206	198	192	198	166	189	200	180	192	188	216	265	205	182	213	232	212	196	184	179	200	188	192	192	180	163	156	243	216	216	251	272	242	253	198	211	230	211	204	191	227	228	205	214	197	202	213	205	186	198	258	246	240	256	260	266	228	229	219	279	303	302	275	280	272	274	208	246	229	209	191	187	212	3	4	1	2	1	1	7	4	4	8	4	2	5	6	11	15	9	11	9	8	10	9	9	13	21	19	25	26	23	18	27	21	23	24	13	17	16	36	59	67	53	49	52	57	50	62	57	71	75	34	22	26	30	33	48	57	54	32	38	38	35	32	43	46	39	38	40	48	51	42	38	37	63	55	69	62	54	81	77	80	56	71	73	67	74	70	183	120	180	143	107	173	196	165	164	167	193	167	171	155	187	185	164	149	138	145	160	161	158	167	101	123	116	123	94	148	125	116	134	166	140	114	111	139	125	132	114	112	134	155	161	129	134	110	116	118	134	78	85	83	83	116	103	111	117	107	122	101	102	116	105	112	97	109	101	91	90	83	89	93	80	105	105	82	73	100	87	67	59	75	79	84	86	38	37	43	43	61	65	68	71	413	449	534	509	524	333	427	422	418	436	423	437	465	777	655	701	596	543	642	576	744	675	463	489	497	506	457	451	616	605	608	563	571	614	639	536	570	585	637	734	659	736	705	774	795	685	697	729	688	778	741	691	834	791	756	670	729	695	703	643	813	907	857	837	926	799	995	915	838	891	774	437	431	409	403	535	527	501	598	423	403	454	449	384	429	497	438	482	414	555	532	472	528	421	488	443	453	485	448	472	500	484	501	525	523	430	397	417	463	485	444	458	498	525	516	451	512	515	556	569	512	678	665	663	678	693	663	671	694	581	579	558	547	531	540	507	512	502	644	574	518	538	604	660	601	604	639	594	632	568	596	559	619	598	620	615	533	672	616	672	624	260	268	209	226	219	321	365	344	363	297	289	318	340	399	380	430	433	523	452	323	394	352	280	324	269	289	265	306	336	306	305	338	387	342	363	349
KLF11	794	978	904	627	683	766	1239	1046	1115	809	1175	958	832	889	899	850	875	687	758	745	840	806	320	369	342	279	216	316	316	330	304	306	303	287	313	286	302	299	277	290	292	315	305	290	246	319	344	263	274	262	279	247	228	278	285	281	267	278	297	259	273	320	240	238	237	295	266	307	269	266	328	355	252	298	317	333	424	356	356	320	320	383	419	375	401	389	497	428	354	266	330	313	359	316	328	388	331	333	329	357	325	325	328	374	339	341	360	355	350	365	322	297	378	326	302	331	315	267	314	333	325	287	235	263	252	253	306	301	245	279	207	218	313	285	280	117	110	178	122	228	241	172	172	168	205	202	225	199	203	234	186	171	138	195	96	81	104	108	140	124	151	152	131	142	126	112	136	150	170	174	187	196	185	210	150	173	187	197	195	217	195	214	193	173	197	223	208	168	169	206	231	169	171	192	209	162	156	286	233	221	248	227	232	235	178	242	173	181	218	218	211	246	215	216	196	197	226	189	224	207	246	275	198	243	259	200	227	249	223	198	239	262	264	270	232	255	230	202	203	238	170	264	202	4	2	1	2	3	2	6	6	13	15	4	2	2	7	15	23	12	8	15	14	7	15	10	10	13	27	44	30	31	27	38	35	44	15	14	12	19	32	59	60	59	51	50	71	70	71	67	79	73	38	32	26	30	46	59	55	42	43	54	30	31	38	43	44	48	38	34	57	49	58	50	59	48	57	56	51	54	74	61	73	81	79	102	99	97	94	171	108	184	124	109	182	160	168	143	157	177	150	177	134	204	161	160	131	146	134	152	146	133	140	120	117	99	121	130	123	128	108	144	144	117	112	142	129	126	98	108	128	144	158	142	152	128	126	121	113	137	94	76	101	160	111	111	118	102	120	120	104	89	115	99	108	99	104	84	82	91	79	78	101	94	107	95	103	98	87	70	74	53	71	97	84	94	78	52	46	35	57	58	73	65	392	445	573	487	514	320	394	391	370	466	445	445	466	718	697	661	570	484	596	556	686	644	531	452	517	478	459	459	709	525	539	540	506	586	650	540	597	608	630	748	625	745	734	774	730	667	681	683	611	677	684	632	682	605	654	650	703	483	581	602	726	854	758	739	856	805	888	837	714	675	649	407	356	364	380	454	457	524	519	365	403	424	455	388	414	469	380	398	437	451	496	402	581	427	479	441	438	426	420	450	440	446	611	565	515	383	375	457	430	491	462	493	437	481	470	441	501	430	496	556	456	543	529	568	527	569	529	591	627	494	540	586	516	480	490	354	405	410	512	499	495	529	599	577	640	549	648	568	701	624	596	552	523	563	520	569	613	576	576	777	749	269	247	200	228	279	309	355	367	344	293	279	403	421	395	397	453	403	569	501	288	391	382	282	337	271	295	278	280	366	322	326	328	400	355	383	374
TSC22D2	860	923	919	624	702	741	1280	1097	1094	882	1182	1056	884	899	919	869	937	706	756	826	876	827	338	433	430	373	223	294	312	356	335	350	334	344	314	264	299	270	289	295	295	315	329	308	265	317	347	276	305	291	297	253	275	277	307	314	288	333	298	317	297	317	231	255	230	290	279	301	264	283	325	310	255	269	333	334	421	317	363	356	341	405	416	397	394	437	428	445	352	289	319	341	322	350	401	402	374	357	357	310	353	379	332	346	359	340	342	355	382	362	306	315	395	340	329	345	320	292	324	321	307	303	243	250	248	274	272	298	250	257	260	240	320	291	287	100	144	152	127	232	249	199	157	190	180	228	216	207	194	207	200	155	139	195	97	79	92	105	118	112	145	138	151	148	121	132	140	161	173	175	174	199	176	195	171	171	177	180	213	205	210	251	199	200	206	225	201	198	182	209	235	198	177	179	219	159	158	268	240	233	244	231	238	239	206	204	197	186	221	223	240	232	222	199	180	190	228	205	192	218	256	271	224	233	240	233	232	270	240	251	287	283	266	251	267	288	240	225	214	229	172	241	232	5	3	1	2	3	2	5	3	13	12	4	4	2	6	11	25	7	12	15	13	8	13	11	9	17	26	41	33	31	22	36	33	38	16	17	19	17	31	61	64	46	38	44	67	68	68	63	67	65	39	33	36	34	40	57	45	47	37	53	39	37	37	48	41	44	43	35	55	50	55	48	52	58	68	59	59	61	83	72	78	64	78	95	91	95	98	191	107	210	130	118	183	182	153	156	153	194	159	187	144	196	183	159	147	145	144	157	164	144	143	107	118	109	121	131	132	129	133	157	152	139	117	132	134	116	108	115	123	147	167	149	130	116	136	118	131	131	90	87	88	162	117	122	124	104	113	120	125	107	123	99	104	96	125	94	97	89	79	98	96	82	104	90	103	73	88	73	55	59	72	76	96	103	52	43	48	34	61	62	73	64	410	429	555	497	516	330	439	397	389	449	422	420	467	749	693	684	559	505	636	552	730	653	491	484	485	500	475	429	603	528	536	539	528	602	642	575	589	564	620	699	660	760	734	773	789	649	718	640	605	728	705	672	741	710	710	668	668	602	637	634	785	870	793	811	854	792	919	915	768	780	705	454	369	366	407	476	447	499	536	400	414	427	422	381	418	477	405	434	418	510	492	445	571	417	489	429	437	481	418	470	467	471	550	527	529	404	373	453	435	501	480	475	479	496	481	448	491	464	542	560	490	599	548	636	556	602	605	646	684	513	553	570	511	510	506	472	450	470	576	538	506	550	593	627	621	579	635	595	657	604	556	562	548	581	590	605	544	615	579	710	689	285	252	204	220	233	338	342	366	397	291	263	366	410	414	402	439	390	549	491	298	384	368	302	322	270	289	265	308	375	278	310	316	353	340	370	354
ZNF232	861	910	991	768	869	886	1299	1090	994	903	1075	1014	882	811	856	915	869	663	747	807	834	810	372	508	471	428	249	248	301	302	250	309	302	284	276	257	272	247	254	264	255	265	275	263	217	262	240	223	265	223	248	225	241	243	229	280	261	268	241	270	242	257	222	237	203	224	207	279	212	293	322	282	238	266	299	303	319	329	300	335	332	343	352	360	329	360	354	352	369	236	260	305	295	302	316	330	324	318	331	295	326	353	293	310	303	311	296	307	335	333	322	318	352	342	329	336	288	257	328	288	281	297	241	252	237	277	271	261	259	242	265	247	291	280	307	159	153	166	150	232	228	167	176	185	218	199	221	213	243	223	188	170	199	202	109	94	90	127	130	130	132	139	135	137	139	121	127	142	158	161	175	181	156	188	160	166	155	158	180	193	181	223	177	166	168	193	174	199	159	171	200	159	155	154	162	168	118	234	193	196	206	193	196	210	171	196	181	201	163	218	195	190	187	170	166	179	213	196	209	185	223	240	220	201	209	203	210	197	197	228	254	236	268	224	221	242	182	198	176	177	160	195	189	2	2	1	2	2	1	4	3	11	9	3	6	6	5	7	23	9	7	14	14	10	12	8	7	15	22	41	31	25	32	25	38	40	8	14	11	11	26	37	54	54	43	42	61	54	70	50	58	69	37	32	39	28	32	46	39	35	34	50	33	36	30	37	45	35	30	29	56	48	52	42	52	53	46	67	50	57	73	73	61	85	63	96	96	104	90	129	98	224	113	120	164	153	123	152	151	149	152	153	118	145	154	147	130	111	150	123	132	136	131	82	110	113	104	98	118	102	113	140	136	106	103	124	116	108	88	103	97	125	139	122	116	108	124	119	116	120	83	82	91	175	98	109	118	88	116	109	93	89	103	89	97	96	84	86	78	63	84	79	73	70	95	85	79	76	64	72	68	53	77	73	69	97	37	44	60	57	64	68	75	70	462	494	563	516	535	450	518	478	455	503	525	534	552	720	730	688	663	641	633	633	750	744	577	581	567	586	580	577	703	681	703	681	688	577	602	520	604	577	671	689	610	657	682	632	631	561	630	594	595	626	625	587	679	649	653	656	584	582	571	582	695	733	737	689	735	664	793	830	736	752	741	405	403	403	400	458	470	411	471	356	364	391	321	324	327	357	367	381	395	432	429	439	432	376	399	417	394	428	379	376	402	473	482	450	508	380	388	381	421	457	428	468	446	404	404	388	415	417	437	490	410	597	514	585	562	555	521	562	581	493	528	517	499	455	463	467	488	463	550	489	467	478	548	546	500	475	519	493	524	526	504	466	521	523	503	541	521	611	552	598	575	290	278	282	260	275	309	359	361	368	310	312	298	342	423	387	423	388	526	494	399	433	427	396	395	343	354	329	337	403	352	372	355	402	382	417	406
ZNF33B	987	915	946	725	814	869	1229	1041	921	838	967	1057	876	805	835	831	865	627	662	755	752	776	302	421	413	399	214	250	225	253	259	233	239	266	256	248	260	234	271	249	245	243	245	256	193	194	222	224	193	220	207	243	233	229	205	193	227	244	233	223	258	231	190	207	194	238	195	243	253	269	300	255	227	262	315	324	280	297	326	315	306	348	325	303	304	329	266	289	236	307	294	282	282	270	281	264	276	275	286	273	285	293	297	274	272	311	283	268	277	293	297	287	332	316	323	296	312	265	256	263	278	257	248	215	238	305	234	249	243	216	245	246	264	248	235	126	168	139	162	211	226	178	182	175	218	189	234	181	228	212	187	200	176	205	107	107	90	109	97	129	134	117	138	143	128	116	119	118	113	110	114	144	138	127	138	149	168	154	153	141	152	142	155	155	178	147	132	140	133	146	143	137	154	158	148	150	149	165	169	190	189	176	181	187	169	175	194	177	154	124	153	160	166	150	172	159	151	152	162	218	209	208	202	181	199	198	162	190	190	245	203	211	195	191	193	196	172	195	158	146	184	160	192	2	1	1	1	1	1	3	2	3	2	3	4	4	2	13	6	10	5	5	3	5	7	7	6	16	17	21	14	18	18	13	10	10	11	6	11	17	23	45	44	39	45	41	40	37	34	36	46	46	31	33	32	29	18	29	36	35	28	25	19	23	22	31	24	34	30	30	30	27	30	32	29	67	47	66	45	47	40	60	45	58	54	47	49	52	39	103	73	117	104	108	105	112	122	114	129	128	125	111	107	114	103	104	117	117	108	111	120	109	130	94	97	91	102	90	95	99	84	90	83	86	95	74	111	92	112	99	88	93	96	112	93	125	99	92	109	102	72	77	94	49	78	80	72	87	71	98	71	73	61	74	81	77	79	88	67	70	61	73	64	60	69	60	63	71	68	72	55	57	69	59	70	68	44	42	48	55	57	52	67	61	449	472	507	491	472	426	581	453	444	474	498	490	476	704	669	657	622	602	595	568	807	683	553	574	564	518	547	524	637	676	654	633	630	564	555	525	535	523	605	639	604	614	632	634	670	571	577	596	582	609	635	587	613	624	612	614	573	593	558	557	667	705	715	688	725	661	755	747	675	717	716	427	360	371	390	400	423	437	451	365	313	324	328	335	326	338	335	347	346	427	377	354	377	357	376	376	341	377	421	411	391	440	387	426	420	365	350	371	371	438	478	422	434	425	424	423	396	434	492	466	466	584	488	512	578	508	507	535	527	472	528	538	472	427	425	480	551	504	484	485	460	509	444	509	513	509	488	448	497	487	459	476	482	472	542	529	506	598	550	517	532	299	284	243	258	239	308	318	324	364	340	274	309	316	347	370	389	403	452	457	374	376	390	398	406	302	326	318	320	393	330	355	330	395	391	402	370
ZNF786	911	919	910	655	734	829	1236	1071	945	840	1029	1027	904	910	875	809	841	668	687	727	745	828	331	420	396	368	207	277	270	257	269	225	254	236	238	251	249	230	307	266	250	251	250	274	201	226	246	243	226	223	229	230	235	238	228	198	234	222	243	244	257	249	200	206	181	240	179	258	241	299	322	273	228	232	336	353	319	304	310	309	305	345	328	293	312	302	330	319	260	294	337	280	322	277	286	300	277	271	277	306	302	309	306	315	290	298	290	284	292	310	301	301	311	298	279	317	304	258	268	278	295	263	197	247	234	280	223	254	216	242	243	214	293	238	216	115	146	157	130	208	226	166	148	171	213	170	227	161	224	214	184	177	173	211	107	90	97	116	86	100	117	123	131	147	154	110	129	131	136	124	141	141	140	152	150	160	192	150	149	164	132	154	165	151	167	151	143	130	137	168	163	137	152	164	183	167	147	202	185	179	182	203	187	188	170	180	182	180	182	175	167	181	187	180	193	164	173	158	198	184	181	197	180	199	206	174	180	236	203	226	198	215	199	200	211	214	183	160	180	162	197	208	233	2	2	1	1	1	1	4	4	2	3	4	7	1	3	17	5	11	5	6	5	3	7	10	9	8	14	19	13	18	19	15	13	14	14	11	12	14	47	43	43	32	41	39	36	50	44	39	61	50	37	30	24	25	18	38	37	40	37	27	21	31	24	35	24	28	28	30	24	34	38	37	24	57	61	62	46	46	43	69	60	66	61	50	52	47	45	121	77	113	92	121	118	116	120	124	142	130	142	123	113	138	111	104	97	110	103	102	107	112	119	112	84	98	103	94	89	96	97	93	94	90	108	89	118	104	106	115	107	110	97	101	106	127	110	92	116	89	69	79	96	51	86	82	83	81	68	118	88	82	82	86	93	86	77	87	69	83	55	56	66	63	71	70	75	68	72	66	69	54	76	63	64	86	53	48	51	49	55	50	66	65	395	435	509	473	491	360	503	417	404	449	465	476	462	710	657	669	605	540	575	555	769	664	535	501	513	479	527	500	641	639	612	566	588	562	607	514	516	534	576	660	637	663	639	682	649	593	604	590	593	610	631	552	639	641	671	670	601	578	573	614	707	726	701	682	744	697	773	751	696	725	727	443	351	381	448	405	423	475	476	337	307	377	360	346	347	352	325	364	358	399	373	333	448	352	382	344	384	344	394	438	422	394	419	464	418	321	390	406	381	430	425	394	422	459	455	435	415	423	489	517	480	532	494	500	504	494	487	547	583	463	498	521	470	444	423	413	507	463	496	499	503	467	450	520	536	513	486	468	540	554	490	485	504	516	514	518	524	583	526	596	577	271	276	241	222	228	320	334	333	363	297	263	332	348	347	399	422	405	508	428	327	374	355	345	404	278	302	281	301	349	315	343	336	388	356	349	335
ZNF749	800	835	903	685	800	740	1262	1040	1028	933	1000	1056	843	782	821	888	812	683	746	732	878	807	302	471	405	373	209	262	267	268	266	277	268	270	280	222	256	252	242	233	267	265	256	268	227	239	252	229	247	267	240	236	237	242	220	266	262	247	230	239	262	256	205	234	218	223	211	233	269	294	307	295	249	246	279	298	326	324	325	320	315	348	328	338	338	346	313	341	305	282	280	291	259	291	292	289	302	309	315	269	330	308	282	301	309	311	317	309	292	334	274	306	352	323	305	308	309	251	289	284	255	271	226	228	249	286	266	263	240	243	263	254	280	268	284	120	135	140	132	229	228	197	162	180	206	218	208	188	209	222	179	155	178	181	99	81	99	103	107	108	134	134	123	149	116	127	126	130	148	147	165	168	146	163	174	137	172	153	178	180	179	191	157	162	174	179	160	170	150	169	160	168	151	145	159	140	169	193	199	183	208	191	189	213	163	174	196	181	170	170	195	181	187	160	172	185	193	169	179	175	245	206	191	199	198	213	194	220	208	195	223	219	229	222	230	240	197	179	190	177	167	181	191	4	3	1	2	2	2	4	3	9	8	3	1	6	5	8	21	11	7	12	10	7	9	8	9	15	25	35	32	31	27	28	27	30	15	12	14	15	20	46	54	55	44	42	54	56	61	53	51	67	36	25	36	30	31	42	32	34	26	36	35	31	29	37	35	43	35	30	49	48	45	39	42	41	59	52	61	54	64	78	74	76	68	74	79	93	71	120	119	181	117	95	124	149	129	146	134	143	138	146	128	135	147	137	111	115	131	138	132	131	139	88	111	104	104	95	101	89	94	111	129	114	93	101	98	91	102	120	113	118	140	111	101	98	122	123	93	110	74	82	93	114	85	89	106	87	102	99	84	86	100	97	91	92	108	75	76	61	75	82	71	74	76	99	93	67	71	82	59	65	70	82	68	99	43	48	43	40	58	75	66	61	424	478	526	479	483	407	458	453	425	460	437	506	501	701	701	656	648	562	620	594	695	685	498	541	524	526	515	506	647	626	634	611	615	537	551	510	556	564	593	631	598	597	655	620	653	566	621	581	575	629	640	594	671	678	650	615	577	619	576	585	676	744	710	652	711	640	760	794	736	775	696	417	357	358	384	442	420	435	471	329	370	367	370	322	349	377	370	381	376	421	401	404	414	334	381	406	386	403	398	377	419	442	433	429	443	363	348	375	391	433	421	456	408	421	434	409	407	430	441	448	408	527	546	576	584	557	569	534	557	488	518	513	461	501	443	439	503	479	523	477	458	476	474	546	490	482	505	496	518	473	477	468	483	490	490	494	484	564	559	571	514	249	228	236	246	244	306	328	335	352	302	283	294	317	421	383	379	406	467	470	353	396	360	325	347	292	314	290	299	374	336	353	335	338	362	349	373
THAP7	863	807	844	636	754	702	1231	1056	1039	866	1018	1061	944	949	903	881	869	689	728	726	789	794	309	499	420	407	239	279	296	272	263	253	264	231	247	273	253	249	286	247	265	252	266	289	199	234	246	232	226	252	228	232	245	247	223	242	230	229	234	243	281	264	232	215	207	221	216	234	240	328	303	266	249	260	314	289	325	299	305	294	297	354	336	337	395	304	359	322	295	282	322	259	311	279	259	300	305	281	292	326	329	302	309	313	311	261	283	311	319	317	302	292	311	307	289	298	307	241	272	277	234	270	227	257	229	277	226	214	205	223	241	245	269	229	254	124	108	139	130	187	224	154	142	160	202	174	187	162	194	207	155	141	153	166	94	71	88	106	81	97	131	120	127	134	124	108	131	139	157	141	156	145	144	155	167	146	185	153	150	174	160	181	162	160	157	170	147	149	142	157	168	166	158	158	174	187	130	210	179	182	181	219	189	199	166	186	174	193	177	187	187	184	191	162	179	162	190	168	198	228	204	213	177	196	196	179	171	186	214	224	172	193	218	207	209	210	211	173	181	148	164	162	205	2	2	1	2	2	1	4	4	8	10	2	4	4	6	18	13	9	5	12	7	5	12	8	9	14	28	26	27	25	25	22	20	19	18	13	11	23	40	44	52	43	35	40	49	51	59	46	59	44	44	25	27	25	24	35	38	31	34	33	29	32	25	35	38	41	34	30	45	41	48	37	29	59	55	63	57	48	67	69	57	60	55	64	52	68	48	125	93	130	93	105	140	131	144	136	148	156	130	133	122	128	124	107	106	117	110	108	120	127	125	96	93	97	103	104	89	119	102	108	96	100	90	100	92	88	90	105	93	111	129	99	114	115	113	107	107	101	63	69	94	70	98	88	88	98	89	91	90	83	99	87	87	98	90	78	73	71	84	86	66	68	79	80	84	63	77	69	55	59	80	71	62	80	49	46	42	54	61	63	61	59	437	414	487	448	449	368	457	412	425	455	432	469	447	655	685	645	614	547	566	550	749	658	470	512	474	456	503	461	613	586	561	567	582	572	555	492	573	543	610	691	604	619	640	637	624	603	602	630	678	618	637	577	684	640	689	676	589	580	579	639	692	730	721	703	748	757	776	828	740	707	758	484	403	398	448	456	464	530	491	349	348	391	387	338	332	345	373	359	425	413	395	376	425	368	370	372	362	361	405	412	388	402	410	432	449	351	348	377	348	440	433	405	423	453	463	431	399	446	470	465	488	524	563	563	568	588	561	540	521	462	513	554	470	433	448	417	509	476	499	525	501	504	502	509	561	536	517	514	523	510	493	457	492	488	462	495	540	599	590	577	525	244	232	206	211	205	264	307	324	321	305	251	287	309	346	373	382	390	478	439	312	352	346	311	335	270	306	263	249	343	306	302	311	323	352	346	325
ZBTB2	673	793	796	549	605	616	1342	1168	1065	919	1092	1104	951	948	875	868	896	698	755	741	895	779	247	347	323	269	226	291	294	289	285	293	308	301	277	229	256	247	259	276	264	257	306	272	230	258	284	229	254	257	258	265	230	232	260	209	270	269	264	249	265	271	181	197	195	277	260	243	241	315	305	271	256	278	274	271	360	310	329	318	319	371	357	340	387	365	316	350	302	270	277	291	279	375	332	341	336	315	311	293	345	340	309	327	334	338	303	332	311	304	243	269	331	319	262	300	260	268	245	243	255	244	245	221	198	240	214	221	170	222	226	233	240	225	205	89	109	120	88	185	230	168	159	162	164	195	173	181	188	179	134	125	138	141	91	68	78	76	96	102	121	104	123	122	115	85	112	143	162	161	172	151	169	154	151	142	176	163	133	174	175	180	187	182	175	183	159	136	134	147	156	157	157	153	179	150	165	183	191	193	203	223	212	216	175	212	205	202	185	175	203	190	190	199	186	174	169	170	198	195	195	208	199	201	226	188	197	209	196	189	232	228	216	249	236	230	205	199	211	203	160	200	183	1	1	1	1	1	1	4	2	4	4	2	2	6	4	14	7	6	10	6	4	6	9	8	9	10	16	21	21	18	14	17	14	13	9	13	27	15	43	43	49	38	55	56	35	62	48	43	63	59	42	27	18	23	23	46	46	64	28	24	39	32	29	33	29	37	38	22	44	36	41	32	35	48	41	47	48	42	62	74	79	55	58	65	63	50	55	201	105	143	119	100	140	146	137	146	141	146	146	153	97	120	128	122	117	128	127	123	128	127	116	107	88	93	95	89	94	110	96	103	99	92	120	85	92	114	79	91	112	112	120	111	119	120	90	80	99	95	64	79	79	51	108	73	98	84	100	107	112	89	98	82	96	94	86	54	70	91	82	75	67	73	72	90	75	59	67	61	70	42	68	54	58	57	32	33	36	37	45	45	47	37	384	361	477	432	427	261	312	342	344	374	370	367	388	649	599	639	522	475	580	517	584	619	407	436	409	407	409	397	542	517	487	462	458	592	576	481	565	510	589	636	584	624	595	689	733	602	647	636	614	649	629	639	744	693	738	673	693	596	629	622	688	772	721	704	773	778	855	849	829	785	751	447	384	366	434	504	453	468	508	319	351	406	407	390	376	408	466	404	408	464	471	465	445	373	448	369	442	404	371	429	430	397	413	485	478	333	333	388	401	413	375	384	439	456	477	389	454	436	518	467	440	579	564	655	573	575	561	612	612	521	477	511	479	512	526	420	436	438	590	549	531	503	513	563	558	556	500	548	573	536	485	531	495	517	537	490	458	601	523	597	552	198	213	168	186	198	285	297	308	300	267	233	289	306	341	327	359	374	458	407	268	308	289	203	276	224	243	190	216	347	250	254	234	328	279	307	289
SAFB2	747	830	819	586	657	672	1257	1069	1010	876	1047	997	815	821	805	830	866	674	708	736	830	725	329	416	432	371	214	262	267	299	299	284	327	336	319	221	282	226	259	291	280	288	287	288	249	279	292	252	248	274	265	261	244	232	235	269	267	321	256	262	282	287	199	184	199	259	229	225	250	235	302	260	241	264	297	317	340	288	333	347	340	371	380	366	373	384	328	401	316	281	286	292	259	332	337	356	341	331	359	263	320	324	304	321	324	325	318	319	319	309	280	275	335	343	291	311	287	292	268	270	272	255	219	233	238	259	209	245	216	255	219	237	274	253	253	101	134	125	104	222	219	197	150	175	177	218	194	195	173	204	153	142	152	149	104	68	74	86	84	95	110	117	107	152	129	125	114	154	165	143	172	172	174	168	165	167	175	168	153	169	188	213	181	158	186	189	184	162	158	183	172	170	166	172	172	150	133	215	181	185	236	222	215	217	183	180	201	173	169	172	210	192	183	197	172	191	177	157	153	164	221	204	201	221	229	235	174	225	162	226	254	270	226	231	246	266	197	224	201	202	156	183	177	3	3	1	1	1	1	4	4	2	4	3	3	3	4	9	9	7	8	8	5	8	6	7	10	15	19	24	23	17	16	21	11	16	17	17	15	12	25	47	55	47	48	43	40	47	54	47	63	61	27	27	21	24	19	42	43	38	30	27	32	31	23	31	35	31	33	35	38	42	33	39	34	52	64	58	54	44	71	65	64	52	53	57	61	59	55	157	125	132	104	100	153	179	139	139	152	170	158	153	131	158	150	131	131	124	120	144	134	129	131	86	106	102	104	80	117	111	101	105	134	110	117	99	105	112	113	95	121	114	125	136	118	130	93	85	115	113	76	67	86	56	100	79	95	89	94	100	94	99	95	88	93	92	101	84	81	80	64	68	77	64	89	74	74	75	93	68	66	48	59	68	62	70	40	37	39	45	61	42	54	56	398	407	519	457	476	311	411	411	368	400	403	396	414	697	619	649	509	496	569	507	663	620	450	467	450	458	423	403	591	546	558	523	532	565	602	470	516	509	569	637	603	661	638	698	708	578	631	621	568	655	610	607	713	693	657	579	654	570	605	568	708	778	731	765	798	717	875	792	742	738	659	386	367	344	352	484	433	440	486	349	378	393	396	354	372	448	411	434	361	498	463	421	482	365	453	385	413	421	376	429	444	415	462	479	479	366	347	386	415	417	385	401	451	448	423	424	437	462	486	453	441	584	533	593	574	556	552	576	629	525	501	484	477	491	483	463	417	449	571	499	445	480	532	588	530	532	528	529	581	516	506	508	531	515	540	529	443	586	515	617	561	266	252	194	204	212	293	329	329	324	288	260	310	320	367	354	359	405	466	406	297	363	321	271	294	239	243	239	264	311	263	275	306	357	318	323	340
AHR	758	883	856	573	640	711	1172	1026	1011	850	1107	961	832	854	802	836	879	671	706	743	812	773	312	410	400	321	233	276	286	340	294	313	315	304	302	242	292	257	264	294	260	293	295	293	243	290	312	250	272	254	276	233	254	253	294	278	261	283	301	286	267	309	199	213	223	263	265	290	251	274	303	287	262	268	308	331	371	302	315	347	340	392	404	373	386	393	388	402	330	264	300	289	300	341	356	387	347	347	351	277	327	324	332	361	308	324	306	339	322	341	286	281	355	330	305	334	303	286	291	322	291	277	236	251	256	279	241	290	218	237	215	228	316	278	277	103	118	153	119	220	229	172	166	176	195	221	203	189	205	208	185	168	137	167	100	85	96	98	107	113	138	147	136	138	126	103	122	152	161	158	172	189	171	189	152	155	186	172	183	184	186	222	195	193	201	203	179	185	164	180	201	156	177	166	174	152	129	227	228	225	240	229	215	224	181	194	212	185	177	200	205	203	205	201	161	191	216	177	184	208	204	253	228	216	223	217	211	238	210	229	243	281	265	256	236	257	217	213	205	213	157	217	197	2	1	1	1	1	1	3	2	5	4	6	6	1	5	9	20	5	11	12	10	2	6	8	8	7	21	35	26	30	21	26	30	32	14	11	13	17	33	53	62	48	34	61	47	68	65	62	70	53	40	30	24	25	44	63	44	47	26	44	42	33	35	37	34	38	41	38	53	50	53	42	45	58	51	69	63	56	76	56	63	72	75	81	75	88	79	166	92	177	120	117	176	180	145	150	140	174	156	159	140	161	149	149	138	129	149	137	148	148	133	94	110	99	110	102	105	119	123	118	138	114	112	130	113	92	108	101	140	145	149	132	116	127	112	93	113	118	83	81	63	113	112	116	123	100	103	126	111	94	113	91	96	87	99	67	66	78	74	78	88	86	109	93	78	69	79	81	55	53	74	79	83	77	38	52	48	41	59	54	55	49	401	392	519	482	464	296	404	385	371	407	418	405	421	671	637	655	558	466	585	539	700	606	462	456	455	445	441	421	605	535	504	506	506	560	627	534	534	541	576	651	601	716	704	694	731	584	684	568	544	684	659	632	664	616	660	583	635	526	569	556	715	834	728	719	794	747	867	814	723	708	640	386	366	371	365	459	459	489	504	357	386	400	378	357	381	451	395	418	407	475	468	420	519	391	447	402	429	430	396	399	452	437	511	516	461	379	349	423	406	465	406	467	488	450	439	401	477	435	480	478	448	583	534	578	522	572	536	624	657	452	522	528	470	487	457	406	440	435	546	464	461	519	556	575	541	514	590	571	626	568	495	526	522	501	550	557	482	607	527	701	651	266	250	186	222	221	324	353	326	328	272	252	365	384	385	376	434	353	520	457	285	345	319	274	313	246	296	231	280	366	289	288	297	338	327	372	326
ZNF766	780	878	912	649	752	770	1272	1102	1028	926	1052	1049	909	888	852	892	853	704	740	805	848	815	343	489	501	405	248	269	288	314	299	303	335	325	316	241	298	264	264	279	282	290	294	275	233	265	281	238	275	253	237	231	243	267	272	268	286	319	286	298	277	284	196	212	216	243	230	269	244	318	359	279	242	261	277	291	342	322	365	321	341	370	367	345	367	409	331	374	324	276	277	302	305	336	341	347	347	355	372	287	326	352	324	342	322	338	325	329	357	317	276	295	343	350	299	327	275	276	299	311	275	287	239	263	254	261	243	262	246	249	268	257	274	300	262	130	127	151	133	246	211	178	163	183	182	206	206	199	220	226	188	152	176	188	106	95	89	115	121	116	152	123	113	131	120	131	146	170	176	163	171	198	182	172	170	169	183	175	197	188	173	221	197	184	184	225	198	193	172	176	188	164	175	140	164	141	145	216	218	205	221	212	216	219	182	201	194	214	175	192	216	201	217	161	159	215	202	175	191	189	206	240	226	230	212	240	208	203	224	223	271	262	230	253	224	272	218	232	199	200	191	194	190	1	2	1	2	1	1	3	3	7	7	4	4	4	4	12	17	9	14	12	9	12	10	10	9	17	23	34	32	25	30	28	28	31	18	11	15	12	31	50	59	47	53	47	62	57	60	61	68	63	31	28	35	19	29	47	34	48	34	45	35	35	39	35	47	42	31	31	51	47	42	49	50	57	49	52	63	55	77	75	67	69	73	91	77	91	78	154	112	178	123	111	167	173	134	158	150	181	153	151	127	146	163	154	129	134	132	134	142	157	140	86	110	104	94	90	123	108	112	123	140	122	109	103	114	119	105	100	123	127	150	133	115	115	113	118	105	134	77	92	81	97	111	101	118	91	94	102	99	99	111	101	98	99	112	83	74	85	81	86	69	78	98	89	80	64	84	71	65	52	67	81	77	85	38	35	42	40	54	55	78	66	457	438	550	483	496	376	436	419	422	459	472	468	475	688	655	625	592	581	629	586	700	683	470	542	492	520	505	495	605	619	598	575	588	567	595	525	549	563	594	682	607	679	642	703	678	600	660	598	591	677	612	609	722	690	691	638	598	611	607	602	732	788	763	725	774	724	853	826	756	762	702	406	402	394	405	450	462	441	487	365	404	408	382	345	348	418	409	410	369	465	441	429	461	391	432	410	414	413	389	432	436	441	469	469	492	399	371	394	419	469	414	439	427	454	464	415	451	462	486	474	459	606	538	620	596	571	565	561	616	544	523	507	458	483	508	479	487	475	546	522	470	488	548	584	561	517	553	528	581	545	536	491	528	504	564	551	493	591	548	616	557	285	249	225	239	212	328	351	331	366	311	275	302	334	394	373	419	393	492	486	327	382	359	320	322	304	282	288	299	387	303	322	349	371	352	341	367
NR0B2	764	785	829	608	674	654	1326	1123	1011	969	1028	1070	895	847	832	893	869	647	714	800	857	750	269	452	420	374	226	269	254	334	281	319	315	298	316	200	267	267	254	283	306	299	297	282	258	247	269	219	279	248	259	272	264	244	255	255	269	295	275	264	257	282	208	225	189	239	238	232	259	301	295	263	240	248	293	300	321	291	314	343	332	376	368	390	363	368	333	357	318	275	271	309	281	315	331	347	355	351	372	246	320	342	315	317	316	349	331	370	333	323	264	263	345	334	308	297	322	278	277	295	238	254	237	231	249	276	229	235	203	217	239	253	269	262	245	115	124	115	123	232	248	183	149	161	179	205	182	187	177	194	149	135	144	156	80	74	67	84	96	102	117	100	119	132	118	124	133	142	185	164	192	186	175	157	174	168	172	187	183	192	178	224	190	188	211	183	169	156	167	172	177	175	161	151	157	149	137	194	200	218	243	204	228	204	190	177	209	190	150	162	189	183	206	199	164	197	197	181	172	215	226	243	212	206	225	232	194	214	203	228	267	255	243	242	245	264	225	199	187	178	166	168	174	3	2	1	2	1	1	3	2	5	8	2	3	5	4	7	14	6	10	10	7	8	8	9	11	17	24	26	27	31	28	22	19	22	16	19	22	13	31	41	60	41	48	50	55	52	48	46	50	59	29	23	21	26	24	50	34	51	27	38	36	29	36	37	40	39	38	30	62	41	35	39	45	53	55	61	60	65	91	66	74	63	63	66	67	76	68	181	111	154	120	104	157	178	129	141	154	166	154	140	122	137	141	153	148	126	128	129	155	154	144	91	106	89	99	91	103	116	111	120	117	124	115	108	115	106	97	88	108	122	131	148	97	125	103	105	97	110	84	77	84	77	95	94	124	100	87	80	99	98	105	91	100	103	88	82	76	89	86	88	76	85	92	74	69	58	74	68	56	46	73	73	76	63	23	29	38	33	49	59	46	56	413	414	467	450	440	327	427	391	369	416	404	424	431	697	628	638	544	510	614	546	671	657	429	488	461	453	434	430	563	534	558	515	542	566	549	471	530	502	582	634	613	642	659	674	698	585	645	597	589	664	635	654	767	709	674	602	639	626	622	603	673	793	717	702	780	721	809	822	784	771	740	429	399	409	390	495	482	418	494	360	367	388	364	340	359	428	397	429	373	472	470	456	424	393	443	398	396	446	396	409	420	413	424	444	458	394	335	382	423	458	403	473	466	440	458	417	477	463	522	463	441	625	579	605	583	609	611	620	618	529	509	503	463	477	504	465	458	490	577	491	474	517	542	591	507	520	529	558	541	475	489	518	517	511	516	534	436	616	539	568	511	245	245	202	217	188	295	296	333	291	259	230	294	316	355	354	371	365	465	468	301	350	276	304	307	253	262	219	271	344	279	279	285	320	328	317	321
ZNF776	736	871	904	640	704	736	1342	1117	1077	1005	1076	1143	919	858	821	920	885	715	764	841	901	799	297	435	438	404	234	256	265	310	289	323	327	311	315	237	264	255	246	266	301	282	297	271	274	280	294	238	267	264	262	275	253	251	240	265	264	298	281	262	288	291	204	227	208	269	256	240	252	314	322	269	246	262	286	288	340	307	350	352	348	393	348	373	372	382	329	357	331	286	277	315	292	311	359	351	372	372	371	263	332	355	318	290	325	333	324	357	333	332	301	286	321	344	336	307	315	266	292	281	260	276	251	242	220	263	236	265	198	254	245	259	282	283	285	148	131	125	123	257	240	194	166	198	195	220	196	194	195	216	169	146	157	157	102	100	89	99	97	123	118	115	125	140	157	130	130	138	183	138	179	183	183	178	177	164	179	195	179	176	178	225	176	192	199	191	183	178	161	169	168	179	174	154	159	148	147	193	188	216	232	217	223	237	199	187	231	181	157	169	197	195	191	189	180	207	183	167	170	208	210	243	215	227	217	231	192	215	224	245	254	246	222	243	248	267	224	239	200	193	168	164	171	4	3	1	1	1	1	5	3	4	5	4	3	2	5	8	10	9	10	10	7	12	12	10	14	25	23	31	26	22	24	20	15	18	16	14	14	15	32	37	50	39	48	48	56	45	50	43	48	70	32	24	25	25	20	39	41	62	32	40	33	31	28	31	34	38	29	33	55	37	36	40	40	58	60	48	67	53	70	71	61	58	56	75	64	69	70	185	127	146	128	96	160	178	143	140	156	177	133	145	109	131	148	127	145	114	117	145	162	142	145	90	100	93	114	91	114	109	112	123	132	116	126	105	106	111	111	106	125	121	149	137	115	133	113	92	97	113	80	96	83	64	113	85	95	94	88	90	84	100	101	95	88	85	116	81	88	86	82	85	75	74	87	69	76	56	73	73	57	55	65	84	76	77	41	36	37	47	64	60	58	56	411	430	546	474	464	315	416	427	371	436	440	432	451	714	710	652	581	541	640	583	644	704	469	490	486	481	454	459	626	590	597	552	588	588	565	569	549	540	581	670	609	639	644	688	748	617	648	667	555	683	652	683	769	771	650	618	647	636	628	621	693	816	758	737	810	719	834	873	817	807	712	407	391	390	386	493	465	427	517	361	403	418	400	366	361	438	401	430	404	480	484	483	450	408	460	417	425	471	389	441	451	435	447	474	488	396	330	378	436	451	432	455	451	457	440	412	455	475	510	461	445	644	573	604	618	600	597	616	628	556	521	552	511	527	532	494	454	489	605	496	485	499	548	586	526	530	551	556	550	510	520	502	507	529	550	566	445	592	524	586	532	244	238	215	204	212	313	335	327	334	290	267	278	331	419	369	376	388	468	482	321	355	347	285	316	252	277	256	294	381	292	295	331	325	335	336	343
ATF1	964	949	949	731	834	834	1468	1205	1065	962	1163	1085	1016	1029	995	920	983	688	727	784	787	875	311	467	369	360	257	306	281	250	239	221	248	222	256	304	249	282	291	259	268	282	268	286	225	254	245	235	189	225	254	241	209	241	236	237	246	221	270	257	249	249	239	188	196	246	245	257	255	347	380	308	284	316	329	315	336	322	284	301	309	330	299	323	385	311	357	310	295	273	306	269	326	293	263	277	287	246	263	397	282	279	321	327	344	292	325	305	319	312	367	326	305	340	289	349	368	266	239	304	305	255	240	271	249	298	219	285	258	242	295	288	262	264	264	152	154	161	140	230	271	198	175	201	229	201	219	197	232	223	173	176	182	204	101	114	88	103	100	128	122	137	153	137	152	128	144	166	159	127	135	132	142	137	142	157	177	144	163	160	156	147	165	141	164	162	145	127	165	182	140	138	126	161	166	203	165	199	198	153	180	216	189	174	159	214	175	188	224	173	172	220	177	166	198	168	168	187	225	228	185	173	197	191	185	189	203	224	217	187	170	183	182	213	197	199	190	192	203	169	162	192	206	4	5	1	2	2	2	7	8	5	8	4	2	4	6	13	7	8	5	8	9	9	9	14	10	23	19	23	19	24	14	21	16	13	18	15	15	21	49	33	35	32	54	44	37	49	28	42	56	43	44	35	39	23	24	36	38	38	51	22	24	26	22	33	24	34	33	26	27	28	36	41	41	73	49	53	57	32	44	84	72	55	54	43	52	44	54	116	91	109	96	117	127	106	112	125	131	131	126	125	105	127	112	105	99	122	101	106	88	113	110	102	75	78	94	106	88	108	82	83	84	76	107	105	112	109	103	97	96	102	100	91	134	113	123	111	136	101	87	88	116	33	72	72	67	86	85	80	94	96	79	78	85	90	69	83	73	102	71	64	62	67	75	68	70	91	76	65	83	63	91	64	61	61	81	60	43	59	73	61	61	51	488	453	544	510	478	421	550	479	436	500	488	499	501	739	718	733	649	644	580	594	823	705	506	602	523	514	561	519	626	671	692	631	644	616	625	534	622	627	695	731	670	678	627	734	634	659	608	730	725	636	647	653	678	663	767	754	702	621	600	644	748	766	821	761	771	746	800	852	820	788	866	521	456	432	534	523	507	529	534	397	377	351	378	353	379	277	370	390	460	413	423	373	437	380	363	377	381	336	369	419	431	406	465	448	442	351	385	411	394	427	476	442	427	409	446	462	473	426	438	500	480	600	572	570	572	585	555	590	529	524	503	615	515	460	465	438	517	454	507	582	588	520	419	474	528	498	517	490	584	537	495	481	494	512	471	476	715	611	628	625	552	289	284	246	247	259	296	317	372	362	343	310	329	318	378	397	412	465	514	443	390	390	389	391	396	295	341	317	316	407	353	316	368	428	377	392	350
NRL	909	841	959	719	805	751	1437	1206	1169	1016	1093	1180	1073	948	1000	957	947	762	791	864	922	860	400	616	609	486	246	315	297	330	278	310	312	293	294	275	280	272	280	305	283	283	310	284	263	249	275	229	243	236	262	265	265	273	261	259	278	264	259	280	265	254	210	224	211	234	245	238	251	330	334	287	276	317	316	341	349	351	349	328	344	371	371	348	370	380	325	353	326	285	302	330	329	345	320	327	326	320	332	282	381	338	341	345	338	366	306	318	335	336	314	315	330	371	314	329	342	276	281	293	297	294	234	244	249	285	241	264	238	265	278	238	272	289	278	102	132	138	120	232	245	187	172	207	186	212	190	198	221	239	171	162	171	174	100	83	115	90	112	130	138	127	149	147	142	117	176	144	147	159	165	174	175	154	165	159	170	179	173	186	176	174	169	190	165	158	174	163	163	148	145	171	141	176	171	176	194	189	233	210	205	229	217	206	220	218	230	179	190	170	181	199	193	181	189	182	177	198	209	236	214	230	201	195	210	220	197	228	221	237	225	232	254	230	235	243	231	218	189	198	161	198	184	1	1	1	1	1	1	3	1	5	8	5	6	4	6	15	12	12	9	14	9	14	10	9	15	19	16	31	26	25	22	24	17	21	19	14	14	20	34	42	52	54	55	55	56	45	58	50	59	54	43	26	37	33	26	43	39	53	31	37	40	36	29	42	31	36	31	27	52	39	44	32	45	66	50	57	48	62	63	58	64	70	77	70	74	56	77	152	139	142	133	112	147	128	166	146	151	138	144	155	130	119	139	131	111	113	125	143	138	144	123	101	91	109	99	105	113	100	108	107	102	91	127	116	124	88	92	111	112	103	120	117	96	100	106	109	98	105	77	111	103	67	99	91	84	119	99	105	111	84	86	93	93	102	106	97	97	86	84	81	79	67	73	74	80	71	79	71	54	54	64	75	77	68	54	46	54	32	66	78	63	61	420	480	517	516	513	387	480	470	442	486	470	493	511	726	778	711	634	604	682	673	758	731	482	508	532	477	550	509	633	651	635	639	634	619	583	569	605	614	677	689	653	687	679	701	732	688	635	718	687	656	731	715	741	756	778	735	687	738	688	670	720	787	835	805	802	748	895	970	889	873	870	508	450	438	513	535	487	516	514	414	375	407	407	409	366	405	432	404	385	451	480	449	426	374	442	451	444	457	438	466	423	477	426	460	474	383	375	422	421	452	442	438	454	467	475	449	437	477	526	474	458	633	651	646	672	652	630	605	610	626	588	579	513	550	556	522	578	548	550	534	513	547	527	553	598	527	515	525	563	543	505	551	524	535	523	552	562	630	623	595	532	262	236	268	239	230	322	341	377	376	329	290	293	318	423	391	411	409	483	444	360	378	364	347	347	268	334	277	287	417	303	305	352	348	353	366	352
ZNF891	900	824	974	701	784	726	1398	1162	1068	999	1045	1186	1042	925	993	962	887	726	798	844	893	878	392	641	569	487	258	306	288	305	310	311	320	306	303	271	290	263	286	294	308	295	310	274	259	256	254	244	257	251	262	257	274	266	239	273	266	305	255	290	273	274	237	237	212	263	245	252	254	361	369	270	275	324	308	351	348	345	349	334	351	390	344	358	357	394	325	379	353	293	309	308	302	340	324	324	352	342	355	279	338	357	316	326	328	375	328	334	335	326	270	307	359	368	323	310	308	290	308	278	289	302	233	220	264	305	244	254	229	242	295	261	254	267	281	133	145	137	124	230	232	182	166	175	192	218	188	187	217	248	170	176	177	175	92	88	95	102	103	119	134	119	159	141	137	118	147	147	163	160	181	186	161	163	152	163	177	198	183	192	182	201	175	187	179	188	172	175	155	156	182	166	158	170	194	182	173	213	207	208	202	213	218	215	215	207	204	178	196	183	199	222	183	180	191	188	207	207	187	226	231	261	204	211	221	232	197	214	217	237	252	247	257	250	240	240	224	201	197	187	156	207	186	4	3	1	1	1	1	5	3	9	8	4	4	4	7	11	17	10	7	15	9	13	11	13	19	17	26	40	27	27	28	26	28	33	15	14	20	15	37	44	47	47	52	59	56	53	66	52	61	63	41	32	43	31	31	48	47	49	32	43	33	43	31	40	37	36	35	39	61	49	47	48	44	71	49	63	51	68	77	57	78	87	72	78	81	79	84	161	133	182	134	112	151	151	146	143	171	159	155	159	132	131	155	167	147	133	136	142	122	145	121	98	112	108	112	117	117	111	110	134	136	114	108	133	119	106	80	105	115	132	137	121	111	99	115	120	98	120	81	103	99	111	110	108	99	94	116	113	113	88	103	101	97	108	109	84	98	70	86	83	84	80	79	84	95	60	90	56	62	63	72	71	79	82	50	44	44	41	65	74	67	64	441	463	525	486	502	388	485	440	415	480	458	486	490	747	753	675	657	582	654	600	744	718	456	516	512	478	530	472	616	610	611	632	615	607	555	558	595	568	641	687	660	659	669	664	731	670	661	663	651	661	732	697	741	800	720	702	620	730	699	658	702	778	817	809	775	720	867	965	869	913	836	486	439	444	488	487	491	488	522	416	385	413	376	368	378	403	436	429	384	476	482	470	460	364	425	451	432	451	442	453	445	462	441	462	467	405	404	417	432	469	443	446	467	480	494	445	456	491	538	483	471	621	611	651	653	610	605	620	634	620	568	583	491	551	567	524	589	540	567	500	530	516	547	565	587	563	542	547	575	516	538	570	547	519	542	556	522	644	599	590	540	258	229	242	212	219	323	324	348	363	330	277	299	325	380	388	385	415	484	463	353	370	363	330	337	255	331	289	275	416	302	298	332	331	342	351	345
ZNF619	911	869	944	688	784	763	1335	1169	1057	980	1111	1090	1008	998	949	879	906	704	756	809	835	891	442	618	575	479	250	288	262	283	295	263	273	275	272	264	285	250	277	282	272	277	277	297	268	272	267	240	238	248	258	215	272	254	267	273	264	253	279	263	271	267	222	223	215	276	255	263	232	358	329	321	263	315	341	308	347	317	333	315	318	373	364	356	368	348	328	332	293	297	306	282	309	309	304	332	324	315	318	321	341	316	335	328	332	303	324	315	327	324	290	308	325	354	274	350	296	267	262	315	268	287	255	282	261	288	253	285	230	253	263	267	301	274	278	113	112	147	129	266	226	192	172	211	203	226	207	196	213	205	205	162	163	201	98	91	93	104	99	123	141	131	125	141	148	100	147	156	161	149	162	175	173	154	160	170	173	171	182	166	162	180	183	178	165	170	162	148	157	163	169	150	179	171	158	168	166	210	207	210	190	250	185	199	184	194	196	185	180	175	208	182	194	173	177	155	202	192	211	203	205	229	189	214	205	202	172	222	226	202	206	223	226	230	229	249	219	207	192	201	154	174	199	3	3	1	2	2	3	5	7	10	10	5	6	5	5	18	12	9	9	9	11	12	11	11	13	15	27	33	26	35	29	23	23	25	22	16	13	20	57	47	46	42	43	46	50	56	56	57	60	53	42	33	26	38	30	40	29	48	35	44	33	27	33	41	31	28	41	32	43	41	33	46	39	73	63	55	55	54	58	72	74	55	63	76	65	60	75	159	122	149	127	120	138	138	150	127	151	149	144	157	139	135	148	129	139	110	116	119	145	129	134	108	115	103	83	108	101	113	118	103	106	115	111	123	116	95	100	108	99	114	125	114	125	118	113	102	124	124	90	83	83	74	77	90	104	115	83	83	89	95	91	99	80	90	106	62	74	85	90	73	75	76	94	81	87	73	69	80	50	53	67	83	61	90	46	44	52	46	52	65	65	70	462	471	538	545	524	371	481	431	419	449	457	477	499	719	758	686	614	560	632	629	782	713	470	520	502	501	530	496	615	599	647	582	601	624	585	557	598	582	648	694	632	699	647	744	670	630	660	626	650	664	687	682	687	690	756	711	639	627	634	657	683	785	768	718	773	770	848	877	800	788	798	487	368	389	505	483	438	516	468	364	395	389	350	347	383	400	373	407	427	438	465	411	466	391	452	412	411	418	417	436	419	458	446	450	477	376	367	402	423	465	454	435	454	453	456	424	447	458	472	483	489	642	569	589	544	610	604	599	621	534	545	594	533	521	523	466	553	513	551	532	516	547	469	532	552	492	533	503	616	557	521	507	528	523	536	525	555	613	593	617	566	284	245	216	224	224	298	371	359	357	318	286	356	340	406	390	436	435	501	470	332	394	347	316	338	287	352	310	310	403	320	322	348	342	370	377	357
SMAD1	888	879	965	636	717	688	1418	1235	1099	984	1158	1058	1049	1046	990	933	953	727	787	844	881	885	368	535	504	436	262	279	300	301	287	274	308	312	285	283	284	263	282	277	305	295	299	304	283	263	276	229	259	259	272	240	259	240	256	274	251	265	274	252	269	272	212	228	223	307	259	247	239	346	353	311	263	254	315	299	353	299	316	320	333	370	346	365	379	347	374	346	310	274	315	301	313	327	321	361	342	317	290	327	345	326	328	327	329	330	319	341	324	327	272	289	314	340	314	349	323	272	282	293	286	284	253	260	245	258	243	261	217	252	234	240	335	255	273	112	107	144	128	271	230	206	188	185	200	218	191	195	227	218	160	150	150	173	98	84	101	102	114	122	130	119	113	134	132	127	146	147	162	133	166	158	171	160	146	163	172	171	166	171	177	195	178	171	170	187	171	153	149	164	160	162	185	174	179	185	152	218	213	210	220	251	217	225	190	195	207	207	171	172	212	203	183	187	178	187	228	202	189	233	211	228	212	225	222	207	178	222	217	205	238	242	226	237	241	240	229	194	198	207	159	170	215	2	2	1	1	1	1	2	4	9	9	2	7	2	4	14	12	9	10	9	12	7	11	9	8	15	26	29	24	31	24	26	18	22	24	17	15	21	56	59	52	58	47	35	50	57	55	51	68	65	41	23	31	32	22	42	35	43	34	48	29	34	22	42	37	33	38	32	46	45	36	43	45	73	57	61	50	54	65	79	84	59	58	76	69	64	71	166	127	142	140	123	154	148	146	127	144	152	154	160	125	144	136	126	128	120	107	137	144	136	132	105	100	93	102	103	112	109	106	117	117	107	117	118	111	109	108	113	110	124	138	106	132	119	99	85	118	110	97	83	81	66	99	78	119	118	105	98	93	101	99	90	98	96	93	73	64	74	75	56	75	85	88	79	83	73	67	87	62	58	79	72	81	76	42	45	58	40	60	59	45	57	415	461	534	530	497	324	396	409	397	427	406	425	479	743	688	677	586	531	624	599	721	691	450	491	452	477	471	452	608	557	616	544	553	608	602	554	554	613	671	686	616	698	674	721	698	651	685	627	674	683	724	696	742	672	794	748	709	605	638	656	717	799	790	721	789	764	858	881	807	796	825	488	402	401	531	527	465	501	518	377	384	395	382	360	409	425	412	406	414	481	484	421	477	430	470	427	434	433	420	409	415	444	452	483	499	367	351	397	426	445	424	428	443	440	482	431	470	455	475	521	490	618	600	617	583	624	573	602	589	552	524	552	509	528	560	448	502	470	607	584	548	576	529	573	566	529	540	519	624	561	511	523	522	564	527	527	546	604	581	623	586	272	263	191	220	233	298	352	358	359	285	288	319	332	411	350	401	393	517	490	299	380	326	264	314	249	319	238	280	387	279	304	316	327	342	369	360
HINFP	851	887	906	691	762	713	1478	1226	1144	956	1213	1086	1001	975	945	942	948	769	775	824	887	881	385	573	553	461	241	286	283	276	266	308	316	291	275	277	276	271	293	278	275	281	290	270	251	294	268	241	257	260	251	231	267	249	283	281	263	288	282	272	287	263	234	218	196	294	248	251	258	343	380	305	275	292	300	331	356	325	329	305	349	355	358	359	387	364	339	359	303	272	290	309	311	334	324	308	322	316	325	344	338	328	332	329	377	342	313	339	311	318	294	321	336	351	323	323	303	262	291	304	294	265	266	281	255	290	259	267	241	285	259	280	286	263	280	133	108	144	120	239	236	193	189	203	205	212	175	228	228	220	175	172	156	182	87	98	92	110	117	120	136	112	119	154	134	128	171	170	168	134	171	175	171	184	161	154	168	163	174	162	178	199	175	187	193	184	197	153	166	153	182	175	157	164	164	167	170	226	205	191	200	274	202	211	190	225	210	213	207	180	213	207	194	192	178	195	199	190	215	215	197	227	213	210	222	220	199	223	248	223	221	248	220	246	252	241	218	220	199	197	175	192	205	3	2	1	1	1	1	3	4	3	5	5	7	5	9	19	12	6	9	9	6	14	11	9	16	19	21	31	23	19	27	27	20	15	18	11	18	25	33	56	66	56	45	48	52	58	53	56	67	56	29	27	31	27	31	43	46	51	61	32	42	31	37	39	36	36	30	26	42	48	53	45	39	71	64	47	69	49	71	79	71	69	73	74	65	72	68	174	109	160	129	113	141	132	162	142	140	157	138	147	131	149	145	132	128	137	126	136	135	152	125	124	117	111	97	110	123	110	103	114	116	100	131	109	116	93	105	103	112	123	131	126	132	116	135	106	135	117	98	80	80	81	100	108	107	105	91	105	102	85	97	97	76	101	110	89	72	118	81	83	81	81	86	98	73	83	84	65	66	66	95	73	76	95	84	42	57	48	66	60	66	78	450	451	553	522	467	370	430	427	425	420	445	489	497	734	728	679	635	536	669	601	745	698	458	536	485	482	485	474	665	571	602	561	581	615	576	582	613	582	624	691	615	688	664	749	732	659	648	682	676	654	683	687	738	704	726	730	713	649	648	624	735	790	843	776	810	780	864	908	859	816	813	454	420	440	525	510	485	497	520	414	418	415	409	417	393	397	381	413	414	444	459	407	453	406	459	419	452	414	427	442	428	474	454	459	503	384	368	400	404	477	446	432	445	446	461	452	462	461	481	502	475	615	604	573	588	604	602	590	611	571	543	558	571	564	521	479	483	509	565	546	553	540	513	562	534	522	543	523	549	549	547	561	546	581	519	552	575	623	612	592	585	283	242	233	215	235	305	360	368	360	295	263	296	324	416	361	404	394	509	463	302	380	350	312	311	250	314	268	286	412	321	341	320	364	329	339	334
ZNF548	869	904	947	682	769	761	1392	1195	1115	1001	1094	1118	964	899	911	955	896	705	778	822	901	832	326	482	520	408	249	262	269	279	305	317	301	321	278	252	292	257	292	266	286	266	276	284	260	250	232	272	239	265	263	227	272	250	252	268	272	276	273	279	295	283	230	240	219	252	244	234	248	340	323	283	264	275	281	310	342	331	346	322	342	370	353	341	371	367	341	340	311	311	298	311	261	338	325	324	338	349	333	292	366	375	303	330	342	325	316	316	309	319	272	289	353	357	322	314	293	271	282	288	270	271	275	244	249	285	244	272	221	240	265	270	312	250	289	104	130	159	126	270	220	202	170	181	207	209	196	226	218	217	180	186	167	194	101	87	104	104	107	120	144	111	123	166	131	115	149	139	152	150	172	167	157	165	167	161	181	151	190	149	169	189	167	184	175	194	194	152	169	150	162	162	165	135	165	172	170	200	223	193	216	238	215	207	195	196	192	193	185	184	219	202	205	159	185	193	197	189	218	206	204	221	214	212	213	211	203	217	232	226	238	222	225	232	263	260	215	231	192	222	167	191	199	2	1	1	1	1	1	1	3	3	6	3	5	5	4	8	13	8	11	7	6	8	6	8	14	19	19	25	33	28	26	23	15	18	20	10	14	21	27	48	67	51	52	45	59	49	47	45	76	60	37	23	35	33	25	47	47	56	26	41	36	37	36	41	36	35	33	36	48	40	41	37	36	72	55	52	58	54	71	82	76	64	77	66	58	80	64	177	125	145	135	116	134	151	168	153	142	164	143	163	131	133	151	138	154	119	123	143	141	140	148	101	104	106	102	106	122	103	96	117	126	122	102	91	119	101	103	124	109	121	140	129	121	107	108	125	109	118	82	74	89	68	110	93	129	99	105	111	93	85	101	95	89	102	98	83	86	79	77	85	81	69	92	85	87	65	83	71	64	53	62	68	77	89	35	46	48	45	66	60	70	59	472	480	553	498	498	394	457	462	407	464	436	464	507	774	700	668	621	599	666	612	760	702	499	545	532	534	515	488	639	620	640	589	616	602	583	560	606	583	638	666	622	662	668	723	689	629	633	633	628	697	681	665	766	729	723	665	649	644	665	644	737	791	783	734	795	747	857	870	807	791	753	439	417	408	421	493	501	485	526	379	393	399	402	400	351	434	394	423	388	472	436	430	419	390	447	434	385	443	410	442	417	460	441	466	510	382	364	386	406	480	438	444	471	467	471	404	430	467	524	499	472	616	587	592	621	599	617	616	645	582	521	565	512	545	548	503	549	525	564	527	503	509	506	570	552	547	519	522	557	531	543	503	542	522	516	531	513	611	554	586	549	300	255	235	238	238	302	350	330	387	302	272	313	348	392	374	389	370	511	505	360	407	348	323	340	273	317	299	296	412	318	335	337	365	341	360	362
ZNF343	956	966	979	728	836	789	1333	1123	1068	958	1134	1092	896	881	859	920	905	709	768	815	835	818	326	501	497	428	241	261	257	281	296	280	296	281	270	245	285	250	274	244	288	286	290	290	243	237	235	250	251	243	262	238	244	250	234	268	242	264	268	267	286	286	219	218	221	243	251	247	248	314	314	290	276	290	311	342	310	337	311	303	355	375	361	319	375	368	360	342	296	283	290	317	283	303	318	306	325	331	324	325	306	328	324	319	313	316	331	339	330	336	308	285	334	333	329	321	294	297	281	286	298	294	264	242	260	314	250	273	268	228	266	262	315	276	309	118	150	150	119	254	234	200	193	201	216	242	204	208	227	263	165	180	178	190	111	98	107	114	104	145	135	133	127	155	128	115	134	146	153	143	165	166	153	166	165	153	186	157	157	176	159	190	171	165	171	183	189	155	166	140	170	162	176	167	169	168	155	194	212	191	210	253	216	203	183	200	188	187	170	166	194	176	168	177	185	195	191	169	209	194	195	210	211	216	228	229	202	199	219	214	217	235	216	230	229	224	219	203	206	221	176	183	208	1	1	1	1	1	1	1	2	2	6	1	6	2	3	11	11	12	12	7	5	7	8	10	10	24	25	26	21	17	27	17	14	14	18	10	12	17	29	46	58	50	42	30	44	47	41	40	57	60	35	26	41	33	22	47	43	53	21	33	33	29	22	28	41	31	40	29	45	39	33	38	33	65	46	50	51	53	72	77	61	67	58	53	56	66	65	162	106	130	130	100	137	144	150	144	137	139	138	145	115	134	138	140	128	131	117	139	133	146	153	112	98	109	111	105	123	84	84	111	112	114	100	82	107	90	106	116	108	116	119	126	121	111	120	114	115	126	74	84	102	66	104	96	115	93	81	108	97	89	98	95	85	91	92	82	68	72	77	65	70	75	75	68	77	79	86	74	67	67	79	67	63	78	46	47	42	53	75	54	67	48	504	475	578	506	545	409	512	485	434	472	474	486	508	785	708	681	645	621	639	606	807	721	518	586	563	534	550	501	683	647	676	646	672	574	567	569	584	576	644	725	651	649	681	703	676	596	644	613	678	689	670	672	735	652	658	655	627	591	612	582	719	803	760	713	775	709	822	822	781	765	736	406	413	408	405	458	478	445	508	378	392	406	367	367	362	403	365	400	387	445	443	410	433	387	440	392	396	455	409	415	428	474	466	489	484	436	391	399	404	465	441	434	448	451	472	437	462	434	488	490	459	576	633	557	579	638	627	600	589	523	521	559	529	507	471	462	493	470	538	500	488	526	538	531	535	532	524	500	558	550	528	491	528	541	545	540	566	611	614	594	564	311	258	250	231	245	324	349	358	406	310	274	305	341	388	395	405	422	492	462	368	415	418	374	353	293	320	314	317	415	332	341	355	392	369	397	375
ZNF761	884	956	964	715	824	776	1345	1146	1082	1006	1072	1089	923	889	888	948	907	722	781	818	878	813	341	468	501	439	248	258	284	308	299	309	310	311	294	255	276	263	269	253	306	286	286	282	242	241	274	259	241	274	265	249	241	256	262	271	275	280	291	257	259	275	222	222	211	250	239	268	252	310	313	301	247	283	291	291	350	327	348	320	336	394	353	338	367	389	355	355	307	268	284	309	311	332	319	339	329	370	357	305	318	334	315	341	339	316	339	353	326	329	277	297	354	353	323	361	319	299	301	294	275	297	287	250	249	302	259	269	268	243	260	267	305	288	293	124	151	142	128	248	233	202	177	189	206	219	201	211	217	228	189	183	161	201	101	89	91	109	113	130	131	136	128	153	129	119	136	133	166	156	184	168	169	163	172	167	184	163	178	173	169	217	182	182	194	187	195	160	162	157	174	168	170	160	171	185	159	216	221	213	231	240	219	212	181	193	183	185	206	198	189	201	192	172	182	197	203	190	202	198	212	216	225	216	219	216	211	247	211	236	247	255	231	261	232	259	214	200	188	229	174	200	196	1	2	1	2	1	1	2	3	3	9	2	8	5	3	9	14	9	14	11	3	8	8	6	16	19	22	23	29	19	18	23	17	19	14	8	14	14	25	55	62	61	37	41	57	51	42	53	65	60	31	25	37	30	22	56	34	51	20	38	42	30	22	37	36	40	35	31	46	38	45	44	25	64	51	60	56	56	64	76	72	66	68	63	68	69	71	174	95	148	127	105	156	159	167	160	131	161	147	145	123	157	152	151	140	124	130	131	159	145	149	103	102	110	94	104	119	100	96	121	124	112	117	111	113	96	99	116	114	122	125	128	112	117	132	106	117	123	86	90	93	64	106	101	112	99	89	112	100	84	101	86	91	93	99	88	80	79	64	72	77	81	87	82	89	73	83	73	76	60	89	73	78	80	41	37	40	40	71	60	68	59	494	489	574	509	511	416	491	493	454	500	477	519	515	784	734	690	656	619	661	623	777	736	528	578	545	552	545	513	682	668	677	649	664	613	599	556	624	596	634	698	627	677	709	709	703	611	662	635	649	703	695	638	753	716	699	661	663	622	650	611	738	783	773	723	813	725	858	855	794	783	763	435	398	388	445	469	504	473	548	365	401	416	392	372	363	417	397	426	404	448	469	430	451	379	427	429	418	426	413	402	429	450	475	484	516	419	370	413	410	477	428	459	445	457	458	431	461	462	494	513	431	604	611	595	628	588	592	625	612	533	538	555	506	523	479	474	516	525	583	500	504	505	550	559	505	500	549	541	554	544	551	509	550	542	530	558	503	611	556	638	579	307	270	230	246	241	315	347	356	380	288	276	301	366	383	383	385	398	513	512	362	430	410	379	383	288	328	305	310	396	337	349	368	379	376	385	378
ZNF781	950	926	929	704	812	794	1387	1172	1057	975	1111	1104	975	939	949	920	915	760	751	785	850	861	327	455	434	416	265	281	296	287	264	305	291	285	279	272	289	298	280	285	260	293	278	295	232	255	266	266	246	285	278	228	260	284	253	270	283	272	262	299	294	262	238	237	218	224	222	273	240	319	356	271	235	304	347	362	367	324	316	362	370	396	361	358	372	355	350	382	335	277	292	292	319	311	319	322	357	333	333	319	335	335	327	324	311	309	330	326	329	335	310	285	349	362	315	319	318	281	315	331	312	297	258	278	278	326	239	263	252	239	267	262	304	281	249	114	148	178	129	243	238	185	160	187	197	226	225	184	231	232	184	160	153	187	98	82	83	109	119	117	150	103	129	141	138	129	149	147	166	157	178	163	161	171	172	154	173	174	179	163	177	203	182	190	183	186	179	176	187	174	181	166	150	151	168	163	148	218	202	202	212	221	204	199	190	200	213	197	196	178	205	194	205	177	165	185	203	179	205	212	222	236	225	220	221	212	222	225	230	255	232	240	257	228	231	250	225	204	200	185	174	206	217	2	2	1	1	1	1	3	2	5	3	1	6	4	4	21	12	11	6	11	10	10	5	7	8	9	21	25	19	27	23	22	23	27	19	15	13	15	33	56	46	47	44	46	60	48	59	45	51	45	43	19	40	33	25	41	36	39	31	37	23	30	27	36	32	37	29	27	42	43	41	40	32	69	53	63	68	59	67	64	61	66	72	66	79	80	75	138	106	174	117	106	161	152	136	150	132	155	149	153	121	141	145	135	138	133	132	136	130	163	141	94	115	110	100	108	116	103	102	119	115	102	119	114	110	95	98	99	104	114	135	117	122	108	127	107	114	117	77	85	97	102	86	105	112	87	93	95	94	75	102	90	85	89	95	84	85	79	79	83	75	62	78	76	80	76	89	58	69	54	53	60	59	92	51	36	60	32	58	58	71	72	470	443	553	505	505	423	509	458	410	509	488	490	493	697	756	702	649	600	578	637	803	726	508	536	529	524	544	480	632	648	624	625	604	582	600	587	655	593	672	721	650	725	714	736	658	663	670	710	671	682	680	643	719	708	730	699	614	655	648	640	721	804	833	752	787	766	845	896	846	776	787	463	444	439	474	470	475	502	525	414	368	394	374	389	390	393	392	395	416	437	438	437	464	404	417	430	402	421	402	440	460	457	511	468	491	405	373	438	409	445	437	488	478	460	468	449	480	511	503	517	499	614	612	600	605	606	594	619	638	543	546	557	502	465	501	511	576	550	615	555	526	519	564	579	599	539	559	541	582	542	546	525	571	563	545	570	568	636	642	671	575	299	263	235	223	224	332	329	353	328	322	296	328	364	398	391	412	407	540	512	349	388	392	376	377	303	318	293	311	400	322	340	322	398	380	403	375
MTERF4	942	867	982	657	757	793	1362	1159	1051	975	1141	1129	935	910	923	906	889	724	777	809	864	843	361	519	489	445	244	299	271	297	273	299	299	287	278	273	322	282	285	263	282	296	295	308	217	267	270	246	244	254	252	245	257	246	244	279	259	292	279	277	277	258	258	204	222	231	221	268	264	288	297	277	232	289	335	338	323	314	316	363	361	368	357	371	364	380	365	362	333	293	310	334	317	304	309	341	317	323	332	312	336	326	324	327	318	319	336	329	335	335	304	306	341	364	342	315	301	291	296	323	275	279	231	263	293	314	264	272	257	271	269	234	303	275	286	140	150	158	134	224	238	153	165	172	194	216	241	213	215	245	195	177	179	204	111	101	92	117	114	117	147	115	128	135	129	130	133	179	171	152	163	172	192	188	183	174	168	163	202	196	193	193	181	165	188	175	179	168	176	180	201	185	155	145	167	180	141	225	205	230	197	222	232	203	176	230	182	179	194	178	170	211	191	198	175	190	220	179	183	215	232	235	239	213	214	230	239	234	221	258	235	231	251	246	246	265	226	228	197	179	196	195	220	3	3	1	2	1	1	5	4	8	9	5	5	5	5	12	18	7	8	10	8	6	9	13	7	14	21	35	33	34	24	30	23	31	15	18	19	27	34	54	62	46	45	47	57	40	60	48	50	62	37	28	31	20	41	46	37	42	34	35	36	34	35	39	29	40	40	35	54	37	42	45	42	81	58	69	68	66	68	58	55	77	94	65	84	82	84	134	120	185	122	106	146	145	148	168	158	150	131	153	137	142	155	140	128	140	153	139	136	142	150	87	96	92	125	120	126	112	106	116	121	113	99	116	116	118	108	121	110	115	125	129	122	114	134	125	139	134	95	101	98	120	64	112	94	95	104	98	98	88	87	100	93	99	100	94	90	79	81	83	71	80	91	76	74	73	91	71	71	76	72	74	94	82	54	52	60	48	75	54	56	55	447	449	555	497	485	364	518	448	413	485	487	493	470	788	731	691	630	558	605	588	810	697	504	540	531	527	508	486	675	607	613	587	605	641	634	573	582	613	618	701	648	681	670	671	666	642	653	663	678	671	687	638	694	676	690	664	644	640	658	645	745	774	771	816	798	745	850	848	791	799	799	461	428	420	463	475	481	483	501	413	380	409	411	385	375	417	363	427	415	451	427	439	458	387	380	464	404	423	414	431	479	444	495	463	474	432	378	418	414	462	466	453	461	449	457	464	482	476	506	466	458	646	595	588	613	610	578	612	595	537	570	565	494	473	481	480	536	502	538	485	486	496	547	567	553	542	545	543	564	547	527	509	567	502	549	574	547	635	620	625	609	278	275	240	232	252	315	336	385	358	323	276	318	354	380	382	427	438	529	489	336	383	373	341	362	310	314	280	286	367	302	317	356	361	353	355	367
ZNF362	1268	1308	1366	1297	1500	1506	1331	1087	1026	988	1126	1097	891	817	857	1039	1065	834	862	934	870	954	582	770	797	728	223	220	296	243	261	218	231	234	224	303	276	273	296	278	278	248	270	307	217	235	227	262	228	214	247	237	259	260	216	229	239	245	242	252	265	231	274	249	239	280	261	258	268	249	306	340	295	304	361	368	369	317	368	342	344	336	317	324	355	288	322	306	322	297	301	274	302	243	280	286	276	264	301	367	314	270	290	272	294	272	308	277	310	304	531	419	379	390	357	377	375	284	286	323	387	337	335	332	332	408	419	425	396	362	412	348	400	407	371	225	274	273	227	320	312	256	244	291	315	288	325	309	326	368	337	330	331	371	185	142	159	153	152	167	181	202	187	197	174	141	129	140	144	127	143	139	144	148	138	144	157	149	157	143	141	136	155	142	172	154	150	153	178	199	173	163	162	143	169	169	149	172	173	154	162	203	169	152	188	227	170	180	202	164	152	206	197	182	193	195	157	183	222	213	175	189	205	191	208	201	217	230	199	212	177	192	218	207	207	213	207	215	203	209	204	234	216	1	1	1	1	1	1	2	3	4	3	2	4	4	3	11	2	11	7	3	2	5	7	6	6	27	16	23	18	17	23	6	11	14	19	12	11	20	31	27	40	50	39	45	37	47	32	38	32	40	51	54	43	48	26	31	27	31	39	18	18	20	28	40	14	31	20	32	30	31	34	29	33	59	60	59	75	48	38	64	43	59	63	35	56	45	42	100	119	117	110	126	110	114	128	128	114	128	129	133	108	114	111	111	121	119	99	109	103	113	119	122	89	104	109	112	90	101	78	83	82	79	125	90	98	93	92	119	110	80	105	112	117	129	126	121	113	124	125	98	131	37	65	83	64	86	80	62	102	58	69	89	73	80	81	118	77	75	80	70	57	71	57	53	77	99	89	91	91	71	88	95	63	63	84	57	71	72	89	71	99	102	694	733	760	742	741	809	832	772	772	844	777	892	849	970	1017	952	1019	964	880	938	1058	1056	1008	901	944	932	974	989	1088	1141	1050	1084	1128	737	745	734	762	727	777	833	794	830	741	670	612	684	642	679	711	691	674	699	606	626	661	663	561	582	562	614	742	818	813	814	677	757	692	798	739	744	772	411	404	379	446	456	444	487	487	394	362	354	357	380	373	307	318	338	403	399	374	357	453	384	397	394	415	409	381	443	424	559	556	512	510	451	378	414	434	473	535	472	448	433	435	451	448	467	455	446	517	614	552	547	545	578	548	584	551	540	525	635	556	549	583	498	518	502	488	484	484	529	452	462	516	497	495	478	558	569	544	512	488	493	549	534	630	607	685	683	612	484	442	465	446	474	497	549	494	539	454	466	472	424	563	497	568	572	705	594	644	679	667	735	712	579	559	548	508	584	638	612	560	620	614	609	630
TEAD4	1090	1177	1328	1149	1390	1281	1341	1142	1030	1109	1072	1182	988	892	871	1017	990	852	886	1027	932	969	531	802	780	724	260	284	287	255	257	235	250	228	217	262	282	265	247	279	224	256	262	262	237	226	215	231	238	233	225	238	234	236	249	266	216	247	255	232	241	246	245	282	245	251	211	261	257	339	372	350	304	303	323	348	362	324	318	313	331	311	335	315	345	299	297	315	318	287	301	306	292	269	275	281	295	263	286	326	315	307	308	289	321	289	285	297	285	306	419	521	392	410	330	359	383	289	314	357	349	336	323	284	352	387	319	401	349	290	406	370	361	337	342	233	249	212	230	311	270	285	257	237	318	279	306	347	322	366	288	258	291	315	170	141	154	166	160	172	172	207	187	164	153	140	145	155	139	153	149	149	127	145	146	137	173	146	141	168	134	165	165	160	164	142	179	158	180	169	191	191	171	149	177	184	184	193	182	168	175	206	171	192	188	192	192	212	159	181	173	167	166	163	193	180	181	194	222	208	187	178	207	170	225	211	242	180	203	232	173	178	196	241	208	209	218	219	217	232	194	215	204	1	2	1	1	1	1	6	5	3	5	6	5	5	2	14	8	8	4	5	5	8	7	9	6	25	22	35	21	28	23	19	18	22	24	16	16	17	54	40	44	40	36	46	37	44	54	33	47	47	55	34	36	48	30	37	28	37	33	25	42	37	29	32	31	29	41	37	32	39	32	49	35	63	72	52	58	64	51	67	63	56	60	58	77	67	51	115	112	139	125	146	130	127	108	154	131	113	123	128	130	105	133	112	126	129	121	103	107	122	132	99	116	102	84	105	89	85	86	111	83	86	120	107	91	83	99	130	119	92	106	106	123	93	112	111	125	116	102	104	123	64	75	99	86	97	92	75	90	72	75	77	80	85	111	123	71	71	96	65	67	65	79	69	75	73	95	95	74	74	107	78	77	79	51	83	66	94	105	105	77	97	675	688	802	668	741	711	729	760	743	714	772	873	814	952	963	943	971	997	920	842	946	1123	862	894	883	844	911	867	965	1107	1049	1004	1062	715	672	781	754	724	780	780	737	756	725	654	645	591	670	650	648	666	710	712	669	707	674	699	581	641	598	641	745	772	756	678	710	706	715	823	762	814	803	435	424	421	464	468	452	498	494	368	416	406	350	348	376	339	340	354	404	413	386	361	392	401	371	363	433	413	406	387	419	517	472	533	561	408	383	441	467	479	468	475	437	433	429	440	445	453	448	424	445	611	551	593	561	603	580	605	534	571	541	571	599	590	547	480	539	514	524	519	532	493	450	478	520	501	503	492	505	527	507	500	518	511	490	531	632	604	629	624	581	438	436	409	373	371	489	549	446	512	493	389	428	381	522	494	492	527	594	571	625	605	649	590	609	528	506	525	507	618	584	562	552	513	543	554	553
HOXD1	1155	1297	1277	1125	1299	1337	1358	1167	1065	1012	1170	1122	974	909	888	1077	1058	789	821	909	977	911	335	474	456	425	238	274	283	312	317	301	328	308	316	276	298	306	306	291	297	325	296	311	238	266	264	292	265	264	256	235	263	260	268	269	278	290	255	270	272	302	232	286	247	312	257	338	278	330	347	323	275	287	357	381	370	331	358	387	364	387	376	396	359	388	378	395	352	332	311	352	311	331	335	355	343	345	321	305	330	359	325	314	336	353	334	354	349	341	379	392	425	417	376	391	347	315	344	342	366	358	320	321	306	370	376	390	342	347	366	355	374	388	400	218	244	220	218	257	287	243	233	214	250	254	323	308	293	299	264	280	289	311	162	137	149	168	149	170	174	163	172	178	148	128	133	151	163	164	195	196	171	183	178	172	188	161	186	198	201	202	188	171	188	187	181	201	188	202	185	184	192	175	185	177	177	220	201	212	231	208	236	222	178	194	180	199	183	198	190	197	212	188	211	208	213	188	213	215	234	247	237	228	241	212	238	226	222	236	250	246	254	268	223	244	231	201	187	240	199	226	243	1	2	2	2	1	1	5	4	6	7	4	2	5	4	16	14	11	9	13	8	10	10	10	10	21	25	36	26	29	25	25	21	29	19	22	17	16	33	51	56	55	60	57	49	51	55	43	56	69	42	58	39	36	40	46	43	47	31	36	36	40	31	38	49	48	44	39	53	39	37	42	35	45	70	45	61	60	79	72	66	78	71	79	82	74	74	161	113	178	126	111	168	173	138	156	155	188	144	153	123	157	139	163	137	120	137	124	145	137	146	116	126	106	105	109	101	130	111	117	137	119	119	110	119	129	119	128	133	117	139	120	135	147	141	131	129	122	102	116	111	93	99	110	114	95	100	104	93	106	99	94	107	102	99	81	75	82	82	78	79	90	93	75	84	102	88	87	69	67	77	74	75	80	59	61	65	79	76	87	94	81	657	674	753	681	688	716	743	706	713	653	708	798	764	968	929	871	841	826	813	873	999	985	939	852	859	881	883	884	1011	1047	951	968	986	720	733	680	693	701	759	841	746	762	777	695	701	613	701	695	663	705	715	669	730	671	710	704	631	608	634	620	817	830	802	722	796	737	855	829	786	800	759	434	418	416	429	493	481	457	527	352	383	402	407	371	387	434	403	382	460	460	453	479	494	415	432	434	439	438	462	443	461	531	558	547	548	447	437	432	491	482	480	509	463	467	480	446	485	462	504	520	475	617	593	654	623	614	604	632	612	587	573	595	522	533	555	487	518	532	589	535	511	518	579	589	571	524	576	552	610	581	605	574	552	552	565	595	586	669	622	705	647	445	403	406	422	432	424	486	462	484	428	413	457	461	530	584	531	533	628	589	616	650	567	643	633	559	530	480	473	560	558	570	526	579	558	567	579
FBXL19	1316	1317	1384	1183	1348	1396	1385	1150	1106	1080	1209	1200	982	854	910	1074	1070	879	884	977	941	965	410	583	568	549	249	284	301	308	298	294	297	320	314	291	322	306	312	299	278	288	296	295	231	271	265	269	273	282	278	289	303	258	248	275	279	313	258	278	290	291	247	260	255	320	265	319	322	299	358	322	285	305	359	397	398	365	388	442	396	399	374	400	352	388	326	340	342	316	298	323	307	319	343	330	350	334	344	340	371	368	354	340	351	357	333	353	362	364	390	410	417	479	401	409	397	374	345	379	377	380	344	318	382	447	444	391	381	403	363	363	410	398	391	258	274	261	237	293	306	275	239	249	268	271	374	325	315	354	273	270	316	301	182	149	139	177	187	194	185	174	171	176	166	147	163	168	162	154	185	160	184	173	171	171	194	201	187	168	204	208	165	173	185	193	181	187	195	193	211	179	187	166	184	187	154	211	194	199	215	222	224	219	191	165	203	187	199	185	192	184	209	198	215	209	212	202	211	228	237	256	226	222	238	259	231	271	230	255	251	242	269	270	267	249	231	226	216	228	239	243	269	2	3	1	3	2	2	4	2	5	6	6	4	6	5	12	12	14	11	12	5	6	7	10	6	30	27	36	29	29	26	22	18	20	19	13	16	25	35	46	56	57	49	45	49	50	50	51	55	63	44	51	43	42	42	48	30	42	55	38	31	28	32	38	42	43	43	47	39	36	35	38	38	63	88	70	65	61	59	78	75	82	71	64	79	72	65	115	100	201	130	126	154	165	139	147	173	162	137	160	133	129	152	136	134	148	132	148	141	159	140	132	105	119	114	121	102	108	109	112	119	121	125	120	111	118	108	120	116	109	125	124	127	148	164	123	153	157	129	106	116	93	75	112	100	94	103	96	91	98	87	86	92	109	110	84	87	77	81	78	74	84	96	74	83	100	92	86	74	68	75	73	93	99	101	78	71	97	76	73	107	92	690	703	748	756	758	722	815	702	732	712	758	802	815	977	940	980	941	906	838	879	1159	1042	968	875	891	948	888	938	1060	1092	1030	1001	995	725	761	731	744	744	760	867	829	792	805	727	716	710	708	714	698	747	734	691	727	741	702	673	611	679	651	626	814	881	851	755	792	756	811	842	814	847	818	463	395	384	462	458	463	474	539	411	402	395	404	382	403	396	368	396	415	466	475	446	466	448	434	448	455	443	460	457	493	558	536	531	561	500	445	472	500	509	518	532	478	458	496	507	485	544	541	519	480	612	571	639	625	603	628	664	627	613	611	625	548	551	588	556	599	594	552	525	526	538	533	575	600	557	580	569	632	590	610	577	615	573	587	609	661	700	672	679	636	487	432	434	407	432	517	487	482	540	437	409	469	454	545	579	544	582	686	622	609	663	669	688	650	538	517	515	527	558	589	604	566	606	577	641	604
ZFP36L1	1076	1123	1200	1039	1181	1183	1318	1062	1017	1001	1120	1140	887	764	860	1019	931	797	830	854	957	893	356	521	473	450	240	265	261	266	287	281	263	261	286	269	277	289	259	283	272	262	292	271	231	212	259	244	247	248	232	266	250	249	215	247	253	268	231	224	269	262	241	265	255	232	217	260	310	275	292	299	277	290	322	363	349	346	338	364	332	354	332	354	308	352	302	329	329	323	279	305	289	262	291	305	299	308	336	289	314	323	274	314	323	322	329	323	315	342	357	330	376	401	333	372	385	298	316	348	295	312	322	269	319	359	348	362	351	311	336	349	352	341	356	202	234	209	186	273	268	260	217	246	269	250	308	267	294	307	242	233	261	277	147	110	139	146	149	141	177	147	159	166	146	130	141	140	167	151	152	150	144	152	155	134	184	151	179	158	179	158	154	161	189	162	160	166	160	179	174	169	164	151	155	167	152	197	188	190	210	180	179	198	191	168	189	200	181	170	187	195	193	169	196	181	192	179	176	207	237	208	203	187	211	223	209	223	231	226	211	226	231	245	218	250	225	219	189	204	193	215	219	2	2	1	2	2	2	3	2	7	6	2	1	5	3	11	12	12	8	8	8	6	8	6	9	18	19	24	23	28	29	21	22	23	19	15	18	16	23	46	49	50	41	41	48	44	40	44	46	53	35	33	40	32	31	34	28	38	34	34	28	44	30	32	33	38	36	22	33	35	42	36	32	50	63	60	71	50	54	73	59	71	75	63	69	75	62	106	117	166	119	121	115	135	150	135	142	138	138	131	132	110	121	138	109	118	125	140	146	141	134	104	115	102	102	97	109	93	93	108	97	108	103	111	90	103	107	113	112	106	121	123	105	106	140	128	111	127	88	102	100	80	72	92	99	93	98	93	80	85	75	83	86	99	108	85	74	71	74	79	74	75	67	64	74	73	76	88	67	70	72	81	84	76	66	64	54	76	75	84	83	74	614	621	647	608	621	670	669	629	642	656	697	684	724	885	881	831	822	828	809	818	920	911	789	826	745	781	802	792	893	951	923	904	904	653	688	652	686	704	729	764	697	709	758	652	670	640	626	691	664	689	670	674	692	676	636	629	580	626	597	596	708	819	805	707	713	695	759	798	772	769	779	412	401	384	389	422	472	444	491	384	372	392	381	354	362	389	324	366	414	424	403	412	430	411	383	426	425	399	452	411	430	502	524	498	481	451	410	424	468	461	477	481	436	466	450	463	450	472	489	460	445	554	559	582	618	574	596	581	570	569	591	564	490	559	547	497	550	531	536	515	475	553	510	563	531	525	498	504	553	516	534	493	521	521	537	578	600	645	661	619	567	395	358	383	377	372	420	417	435	429	411	404	408	388	519	455	470	485	605	572	551	542	532	560	555	468	471	468	439	525	514	518	494	506	510	499	522
ETV4	1055	1219	1204	1072	1178	1068	1424	1222	1102	1043	1132	1181	1037	940	962	1063	1036	824	830	970	930	889	360	505	500	471	270	304	312	290	281	256	270	279	273	285	296	293	309	288	278	273	305	301	243	265	269	256	243	253	253	245	267	274	236	243	242	267	231	264	252	246	250	252	240	290	272	297	261	328	332	324	299	296	334	348	367	335	349	362	352	344	340	355	352	344	331	345	336	296	317	308	298	300	311	334	327	297	307	349	329	310	350	349	323	314	321	361	319	315	377	359	391	409	372	393	389	330	328	350	315	332	334	318	323	382	336	352	336	328	315	367	356	387	357	221	238	220	221	283	273	260	237	251	258	267	283	306	294	328	243	270	269	280	154	136	133	164	134	161	178	189	202	169	179	141	149	151	161	147	172	162	173	147	155	154	181	175	162	161	162	177	175	173	167	168	151	160	182	187	173	178	166	176	172	197	192	207	187	204	185	218	215	200	196	196	197	191	209	199	173	177	186	200	203	205	207	193	230	218	203	218	200	202	227	221	227	242	189	217	230	245	211	229	223	242	214	212	210	236	174	243	227	2	2	1	1	1	1	3	2	4	4	8	4	4	6	8	6	9	8	7	5	6	5	11	6	14	29	29	14	28	20	13	11	11	11	13	19	21	49	44	43	38	41	43	36	55	40	38	40	38	42	40	41	25	35	47	32	51	32	17	26	29	38	27	35	25	34	37	30	31	26	37	28	67	63	58	67	55	57	75	56	70	71	64	57	51	52	155	116	157	140	148	143	131	130	150	130	138	147	138	121	116	137	126	121	145	135	117	156	134	141	128	104	111	106	110	92	97	107	105	91	100	107	118	97	105	91	110	131	108	102	112	121	109	151	123	120	117	94	110	104	45	86	91	101	92	82	90	103	94	111	98	84	115	87	95	74	86	77	57	67	81	69	63	62	83	93	77	72	63	86	75	69	68	60	68	69	82	73	76	89	84	639	648	717	646	695	641	666	677	668	646	664	688	706	916	885	852	837	798	836	811	951	990	767	804	749	775	774	776	942	949	890	939	937	719	714	686	742	710	757	788	734	743	758	722	727	686	664	666	691	706	725	743	724	722	769	692	627	645	652	692	812	858	823	718	772	788	833	846	798	818	849	498	454	456	527	521	509	504	505	408	386	388	349	361	377	397	390	401	440	443	421	455	449	414	435	409	436	401	460	431	444	523	490	537	524	421	393	419	464	476	482	501	432	448	444	421	485	488	515	530	512	637	601	633	612	615	603	609	565	565	559	596	563	573	556	509	547	498	557	543	547	531	515	548	549	532	530	536	590	591	531	552	526	583	560	548	634	607	651	633	601	368	378	340	363	354	422	461	431	459	398	376	413	425	501	446	495	500	628	584	534	602	540	500	558	452	432	406	451	558	542	503	510	510	514	519	533
ZNF670	1176	1200	1237	1080	1298	1214	1463	1186	1071	1048	1123	1148	1013	894	943	1043	1057	823	849	961	955	953	399	549	572	512	273	262	271	301	279	250	262	249	253	286	265	293	273	272	257	251	250	278	237	247	253	258	216	253	269	263	264	268	216	238	268	262	223	239	246	247	251	298	246	279	256	299	261	333	330	339	302	321	324	366	366	336	322	355	350	339	335	351	329	307	315	320	288	312	304	309	307	260	287	303	275	322	315	368	342	308	296	323	303	293	294	319	318	301	375	383	347	397	385	389	403	309	297	343	317	340	334	270	330	398	309	369	339	305	385	323	350	357	322	233	225	222	217	286	287	265	227	241	272	272	309	308	311	319	275	277	285	312	157	143	126	128	138	161	176	171	175	143	156	153	160	149	144	126	150	157	150	131	146	162	172	160	176	174	153	157	149	177	159	145	159	155	180	196	155	178	164	156	186	204	167	186	160	186	177	195	184	201	184	176	195	199	175	173	146	162	169	165	199	190	182	198	215	225	197	225	215	181	187	213	231	227	225	244	197	205	214	217	232	206	200	199	203	212	197	232	225	2	2	1	1	1	1	5	4	3	3	8	4	2	6	12	7	6	4	9	4	7	8	8	12	28	28	26	23	24	21	19	16	13	21	16	12	18	26	52	44	45	47	42	41	36	41	40	45	40	43	34	47	37	42	35	25	42	34	28	30	32	34	41	33	32	37	36	34	26	40	33	28	53	71	76	58	44	54	56	56	70	79	66	66	54	60	101	89	147	124	138	113	119	144	148	139	137	122	136	89	102	126	118	122	121	135	127	139	124	139	120	111	110	114	111	97	99	93	97	86	82	89	111	105	92	96	115	133	83	100	121	110	115	128	112	124	137	103	124	102	56	79	100	81	102	86	84	75	72	74	89	97	93	89	92	82	73	63	71	74	63	71	59	75	75	82	80	79	68	73	78	81	69	46	57	75	96	87	77	88	86	619	618	672	672	680	704	730	694	714	673	701	757	764	911	945	914	883	881	811	851	1033	972	805	832	802	793	830	800	873	985	961	962	987	705	704	651	726	698	750	772	721	736	733	671	653	698	622	688	747	712	724	694	667	643	694	724	603	679	619	658	804	783	802	700	734	750	792	837	767	793	854	474	430	405	525	477	505	504	472	384	365	350	366	373	370	352	330	389	436	404	401	380	439	440	409	424	385	405	466	448	440	535	480	501	454	466	435	474	479	486	508	465	447	444	474	475	425	473	500	522	474	630	579	589	603	614	567	596	567	561	584	612	555	580	557	482	610	554	532	547	524	552	475	509	566	522	501	494	580	566	523	513	542	561	519	539	660	676	656	627	612	421	370	379	355	385	487	448	466	490	454	403	432	394	518	498	522	500	606	573	581	605	591	685	596	474	514	495	474	576	519	494	493	489	511	546	541
BRF2	966	966	987	781	953	922	1092	905	863	822	932	974	761	687	746	834	833	652	681	724	701	723	288	442	425	381	184	233	236	261	248	236	248	272	254	216	267	218	243	246	254	251	259	263	203	222	214	229	202	235	238	230	220	213	199	207	216	245	214	220	231	246	220	198	196	226	197	237	255	220	276	257	217	210	315	323	291	274	289	326	313	321	307	318	304	314	267	292	257	265	258	251	241	268	292	286	276	278	266	266	276	290	267	272	262	271	297	299	281	291	284	289	315	374	298	330	309	301	247	288	295	285	241	231	286	347	285	279	278	269	238	246	299	276	273	163	188	203	168	214	245	193	162	180	207	209	247	215	229	270	194	200	225	225	129	98	93	113	101	130	124	121	127	127	124	106	133	143	131	116	143	130	163	126	135	148	181	156	142	123	157	147	137	139	148	149	145	137	156	158	152	130	128	139	134	138	136	172	160	176	180	185	167	178	139	152	176	151	166	144	156	144	162	161	169	152	153	142	141	159	196	179	176	189	187	223	177	218	167	200	208	206	194	222	202	193	175	179	163	166	205	194	210	1	1	1	1	1	1	2	2	2	4	4	4	4	3	6	5	13	5	5	1	5	4	7	4	19	22	16	21	28	13	17	9	11	16	13	18	13	23	42	46	41	30	38	28	42	40	41	36	48	30	29	27	25	28	45	24	28	36	27	27	31	25	26	26	33	33	29	33	29	28	30	29	39	47	59	45	55	38	54	60	64	70	38	53	57	50	85	77	144	94	93	113	130	121	131	142	115	110	110	123	113	122	100	98	127	101	109	115	126	122	105	79	77	98	87	85	96	79	92	83	89	96	99	97	93	88	97	92	98	98	95	92	110	118	103	129	131	87	80	95	41	64	88	69	77	71	77	71	74	66	71	65	90	77	69	65	56	70	55	54	64	85	62	68	71	74	58	54	54	63	49	66	69	64	61	63	59	77	49	71	62	497	475	526	534	525	492	570	516	496	512	530	589	528	731	720	736	695	675	580	611	851	727	659	628	598	662	641	590	697	794	717	716	710	564	608	510	543	531	555	677	671	654	620	591	606	567	550	538	570	576	565	537	583	604	551	559	489	588	531	523	671	707	682	626	651	635	690	660	662	680	662	361	306	299	365	366	343	378	408	360	317	321	305	308	335	307	304	319	312	384	357	350	378	360	340	351	361	352	354	381	400	426	433	416	424	396	332	379	406	366	414	386	400	380	401	405	411	455	453	438	418	494	494	484	497	509	509	560	504	482	478	488	428	408	439	475	510	497	472	416	405	420	439	501	492	468	462	446	503	472	457	467	474	483	492	513	479	590	547	581	514	343	317	273	293	279	332	338	353	377	319	311	336	327	377	413	371	411	486	439	409	449	453	463	460	379	350	353	338	388	384	400	372	421	434	430	437
NKX3	989	941	1061	903	1044	1069	1219	1019	869	878	957	967	836	746	778	883	881	710	711	746	826	785	288	444	406	369	207	233	273	272	232	278	257	256	243	236	252	253	253	259	248	272	254	262	181	233	219	211	231	232	214	210	226	228	204	251	240	251	228	225	240	244	225	260	197	215	204	286	229	268	311	263	210	231	304	310	306	292	303	329	294	317	309	321	296	337	314	324	328	256	268	289	272	245	268	291	299	277	292	239	281	308	262	282	291	282	281	301	315	296	286	314	344	345	316	328	297	247	327	293	283	306	264	277	256	312	316	278	271	292	271	254	273	291	335	185	198	188	182	236	258	209	192	180	200	205	250	223	262	224	222	212	216	240	108	120	98	143	120	137	130	135	135	147	116	123	116	136	152	136	162	158	140	165	145	139	145	136	153	182	170	188	160	145	152	177	159	172	145	178	180	146	147	143	147	152	145	203	173	181	186	169	180	183	147	159	167	185	137	180	180	157	177	155	166	168	200	182	179	178	204	223	199	170	206	181	215	184	194	198	206	191	232	225	181	212	200	186	149	178	170	191	185	1	2	1	2	1	1	3	2	7	5	6	3	5	5	10	17	7	3	10	6	10	7	3	5	24	18	40	27	24	29	24	30	36	15	13	12	13	31	40	46	38	48	38	56	41	59	50	57	56	31	44	34	27	36	41	34	32	34	32	30	32	28	31	34	43	30	38	40	44	42	45	39	43	43	55	44	50	57	58	52	74	71	67	80	81	74	113	97	184	107	98	151	151	124	140	150	164	127	133	112	140	138	129	105	97	123	99	115	124	115	83	117	89	99	93	103	92	92	124	124	99	77	115	101	104	91	97	105	105	129	108	107	85	128	120	111	115	104	88	94	142	80	107	107	76	102	91	70	75	95	79	103	105	82	70	68	69	77	62	60	75	79	78	66	71	73	71	59	55	70	67	69	86	69	54	51	71	68	77	78	73	526	558	576	564	531	580	616	568	548	593	590	632	616	740	739	696	746	698	662	705	801	860	721	679	667	694	690	698	800	829	778	785	799	589	598	518	615	575	627	734	617	634	649	597	567	535	612	628	569	592	590	574	651	604	581	594	503	545	550	548	696	710	686	636	655	610	696	721	671	682	696	373	361	365	402	409	426	389	432	334	342	348	331	292	337	330	309	319	384	374	379	375	393	371	356	372	391	374	356	360	393	442	438	414	473	406	373	364	415	421	431	427	366	389	388	366	415	408	409	451	399	538	480	554	572	504	482	500	509	483	483	516	485	438	452	415	461	465	480	450	461	448	503	464	487	448	470	459	494	458	502	466	493	490	464	473	490	535	550	554	547	339	317	323	335	332	347	387	369	383	331	336	331	355	430	464	461	443	547	494	456	507	466	515	486	425	413	386	370	425	430	438	412	479	455	443	452
SNAPC2	1106	1063	1150	991	1150	1127	1217	990	963	896	1073	1072	787	715	776	948	869	760	812	838	827	839	373	475	471	429	209	252	246	274	257	268	240	253	261	262	277	258	234	258	249	274	284	287	204	245	250	229	229	234	240	250	237	244	246	210	224	263	219	230	226	254	246	256	238	217	196	258	270	239	294	281	242	252	329	343	354	331	297	360	329	334	317	353	325	327	333	321	288	263	278	284	277	243	270	322	311	295	281	304	293	278	315	293	304	288	286	294	331	323	323	357	342	379	348	350	343	288	293	341	309	306	278	304	307	347	335	319	348	346	313	298	334	339	307	198	213	224	189	247	256	217	190	198	245	236	292	251	269	275	241	224	243	256	135	117	113	143	142	154	158	155	141	152	136	144	139	148	151	157	155	154	152	160	170	162	202	159	173	158	177	182	167	150	159	173	157	160	175	175	195	147	142	141	151	154	155	216	193	181	183	196	209	213	150	167	186	161	181	179	180	180	182	193	173	165	184	168	191	186	203	192	199	209	207	216	210	257	225	216	208	228	242	225	204	221	198	177	188	191	218	225	215	2	2	1	2	2	2	2	5	4	8	8	5	5	3	11	10	9	7	9	4	8	10	7	6	13	24	27	22	25	15	16	15	18	20	13	10	24	21	47	46	45	34	46	45	48	51	51	41	55	42	34	34	35	33	48	30	24	62	28	30	34	28	26	41	34	34	35	30	36	36	37	39	51	57	62	54	63	60	53	46	77	84	55	62	67	59	94	86	149	102	109	141	141	131	141	125	114	116	116	114	124	122	127	112	124	116	122	128	145	121	111	88	109	95	106	100	105	89	102	92	102	107	126	84	86	102	103	105	117	110	128	103	120	157	129	134	143	91	95	120	71	75	104	86	88	79	84	89	79	81	81	93	98	95	79	71	59	89	73	67	64	93	68	64	92	64	65	60	43	63	65	69	68	95	59	73	85	79	73	82	77	552	588	594	603	586	615	690	572	568	603	643	663	655	843	823	794	806	770	697	718	969	859	737	734	733	724	747	740	912	871	841	836	808	627	676	579	671	636	653	759	678	721	717	619	596	562	641	654	628	643	635	584	633	591	560	559	525	567	549	561	718	773	720	689	712	667	663	672	661	699	686	372	355	353	369	389	392	426	456	397	354	352	348	324	339	338	301	342	386	403	379	370	417	388	376	389	398	380	416	392	432	500	498	479	476	433	396	445	425	446	471	477	413	393	414	429	426	471	441	473	447	557	513	539	539	577	572	574	529	503	527	541	480	463	456	462	525	507	480	427	442	462	486	508	504	474	515	480	572	538	525	485	491	501	510	576	584	633	628	634	578	397	342	350	326	357	411	423	432	437	409	343	390	384	453	476	473	494	588	524	511	505	512	532	523	423	412	412	399	479	490	493	447	498	461	508	489
ZSCAN29	1109	1208	1167	1025	1112	1214	1133	951	919	852	1016	1026	777	709	798	895	866	704	781	873	794	790	439	523	544	491	206	221	263	261	262	228	247	221	228	244	247	239	267	251	233	232	253	243	203	242	198	266	238	221	237	222	222	236	217	216	218	252	210	228	246	237	220	232	218	222	226	265	212	221	290	275	253	237	334	340	329	302	322	298	326	338	314	281	306	277	325	307	281	278	295	255	234	255	272	291	275	238	260	305	297	289	268	286	294	270	298	275	312	275	387	349	366	377	295	315	317	295	283	309	333	309	301	275	295	357	344	346	323	323	308	314	342	307	331	189	223	220	173	268	249	217	219	228	264	246	276	279	287	315	252	223	264	281	149	113	140	155	149	175	152	155	143	162	136	133	129	130	136	99	132	113	148	144	135	127	158	145	126	141	143	135	142	139	145	127	141	141	173	173	172	139	148	158	171	143	138	170	159	175	172	189	168	181	168	164	145	158	172	145	175	203	152	160	197	187	180	148	180	183	157	188	180	177	185	198	182	231	197	206	175	189	171	190	197	173	175	183	208	201	184	225	214	1	2	1	2	1	1	3	2	4	3	5	2	5	4	14	6	13	10	5	5	4	6	9	7	23	18	20	14	17	26	14	12	13	17	9	13	11	31	43	42	33	34	42	42	39	33	29	50	50	35	46	41	33	27	39	30	34	42	27	20	36	22	28	25	30	42	25	30	21	22	30	29	48	69	46	55	50	40	51	37	60	54	47	59	38	52	114	117	94	114	100	101	97	123	124	129	135	119	124	99	112	109	100	107	119	101	109	114	115	106	101	95	97	106	122	87	95	69	92	87	73	93	95	94	93	104	101	102	96	91	98	105	107	139	121	106	119	81	104	98	37	88	84	85	76	77	87	60	79	71	73	77	96	78	88	74	80	55	61	56	60	65	48	62	86	81	68	69	73	65	62	63	71	90	60	66	80	72	74	82	97	615	643	671	632	653	607	653	648	586	639	650	663	683	881	801	805	850	801	731	745	899	877	782	761	805	761	789	744	949	950	884	893	889	624	649	654	679	630	652	727	691	722	681	627	574	567	608	617	621	633	608	623	597	573	595	583	536	518	555	540	679	696	722	706	651	644	653	739	623	663	658	376	340	341	365	396	391	433	470	322	344	373	354	311	324	336	329	324	375	359	351	361	393	355	341	347	365	387	378	397	393	464	500	464	483	378	385	415	403	442	427	394	412	386	405	419	410	427	451	439	458	512	502	508	488	508	511	542	517	481	485	545	502	488	485	422	474	449	451	433	432	464	427	443	492	489	483	470	531	507	510	501	496	503	489	480	546	576	564	609	576	391	359	374	331	377	406	464	432	430	386	355	413	412	470	470	488	509	601	509	529	555	607	521	556	443	436	454	429	531	512	508	490	506	482	522	508
ZNF264	1014	1121	1141	1052	1189	1141	1148	970	825	839	966	957	796	716	735	942	903	714	759	851	804	834	336	471	502	462	198	215	250	262	224	258	245	237	252	252	247	268	248	249	265	249	249	238	189	183	203	223	229	207	199	191	226	231	212	228	242	239	217	245	229	232	217	265	220	264	239	267	240	276	302	286	259	254	290	316	317	284	281	313	321	321	305	325	316	287	287	303	297	257	263	271	270	244	255	277	287	254	276	255	294	302	287	284	265	271	294	297	297	279	337	336	358	380	312	332	340	285	306	306	309	303	294	276	296	358	322	359	292	300	331	335	332	346	317	218	220	233	205	257	261	227	224	229	247	263	307	301	301	322	248	266	274	265	148	125	140	162	143	153	171	164	140	176	163	127	120	140	135	142	163	153	139	154	134	142	152	138	159	154	159	168	131	139	161	146	147	178	158	180	173	167	147	150	157	136	134	186	171	170	188	165	192	166	128	157	164	162	136	157	166	168	162	157	164	183	185	177	188	186	192	195	194	173	208	198	192	180	209	192	193	180	214	205	200	193	206	170	173	206	176	194	192	2	3	1	3	1	1	4	3	8	8	4	5	9	7	12	17	9	4	12	10	11	11	13	7	26	21	33	23	18	31	21	26	30	15	11	7	18	39	42	46	43	46	40	36	52	50	46	41	45	41	44	39	36	36	35	32	32	35	32	27	33	26	35	41	43	32	37	40	43	44	40	45	44	53	53	55	49	59	45	47	77	66	71	62	66	66	97	90	154	112	104	120	125	127	125	131	133	121	137	101	131	123	128	107	124	108	113	108	120	126	85	108	101	94	108	88	91	97	112	100	96	96	108	110	106	86	99	108	94	129	100	118	90	135	127	102	111	106	101	105	98	69	89	88	91	84	83	75	66	95	71	83	93	84	84	66	55	83	75	68	74	70	78	75	66	74	85	51	84	77	66	85	82	54	60	62	83	79	81	76	87	593	618	689	631	659	646	652	633	634	626	620	704	684	871	853	788	849	828	758	790	849	914	779	762	818	767	819	776	894	1006	927	894	895	629	627	609	606	657	657	720	674	671	676	574	562	574	579	579	565	588	641	611	577	569	536	595	527	503	500	508	660	692	697	597	623	602	637	667	656	683	648	345	355	341	388	378	393	396	411	342	329	343	310	318	327	327	305	303	378	342	377	371	377	379	379	375	397	347	389	372	383	462	473	449	452	370	373	412	397	420	401	416	369	389	375	386	412	403	415	419	402	553	476	538	493	508	499	491	479	501	515	516	502	515	494	442	467	472	448	441	415	431	445	435	482	458	479	428	467	459	507	493	490	456	471	488	522	557	559	578	516	409	361	364	345	355	419	452	410	455	384	388	385	389	502	477	489	455	566	524	567	552	593	572	539	472	464	475	424	529	491	486	481	512	495	491	500
ATF3	879	1135	1165	1123	1237	1157	1125	957	828	871	902	938	740	633	647	916	884	750	738	874	779	721	329	415	453	398	203	186	209	207	219	224	199	198	190	219	225	226	208	231	208	206	249	214	217	170	193	215	193	185	188	198	191	215	200	210	204	216	195	202	193	192	184	253	207	225	233	260	220	229	257	314	270	235	277	283	313	272	301	281	272	245	247	265	247	229	235	243	241	248	197	226	227	245	219	236	239	237	251	240	234	233	255	253	266	275	264	287	258	231	335	323	320	344	322	334	334	241	264	278	301	294	347	267	280	301	346	347	319	324	329	369	334	328	313	215	236	190	177	329	255	236	260	240	270	279	270	334	334	314	269	240	241	302	137	170	136	139	144	183	161	181	135	154	144	121	128	129	128	125	122	127	112	127	116	119	130	146	108	115	121	121	129	118	130	121	130	116	130	139	160	173	145	112	130	144	129	154	134	144	134	165	150	161	109	149	142	158	145	142	128	122	140	140	170	146	166	166	195	172	167	164	173	160	184	169	190	159	170	177	150	140	174	207	172	172	209	149	170	232	153	206	172	2	2	1	1	1	1	3	2	2	2	7	4	5	5	5	7	5	3	10	9	5	7	5	5	16	12	23	11	23	17	10	12	21	18	13	16	10	16	37	42	41	31	40	36	45	27	27	25	37	39	32	29	36	34	27	19	24	24	19	27	26	25	34	33	29	21	31	29	28	32	22	23	43	62	35	54	38	48	45	41	54	55	74	46	45	42	83	87	115	112	105	105	106	110	126	103	96	110	102	93	78	97	91	102	102	111	91	98	109	100	105	92	93	85	98	84	71	75	80	79	70	89	79	73	69	87	100	99	71	75	89	89	62	128	96	86	101	89	104	108	57	46	93	73	69	72	54	62	69	57	68	67	58	59	67	66	74	64	63	56	52	48	52	49	85	65	76	58	57	78	76	58	72	70	52	73	86	80	74	87	68	630	635	739	644	700	671	617	712	663	611	695	691	779	851	791	748	876	870	840	878	753	962	761	810	802	788	828	818	970	1007	940	925	942	651	648	685	686	664	653	666	598	657	650	535	520	505	534	564	549	615	586	595	533	539	497	536	474	480	489	432	612	640	660	541	563	605	550	593	590	645	652	316	347	341	350	367	386	340	379	321	333	287	295	310	292	294	279	308	382	330	282	349	322	404	364	288	383	362	366	321	335	449	436	419	448	371	353	378	443	404	393	397	328	333	321	363	370	367	383	353	364	522	445	499	456	459	478	448	451	461	471	508	488	551	515	406	403	422	444	402	428	444	412	378	420	414	385	347	432	443	439	419	440	433	414	432	502	489	518	508	489	406	347	389	350	359	461	513	398	466	404	402	400	394	513	458	433	453	568	530	519	556	619	537	550	435	471	408	460	626	593	583	483	504	490	504	495
STAT6	966	1072	1055	942	1087	1121	1072	905	839	806	948	911	767	741	705	842	815	701	715	749	724	778	315	385	370	345	198	222	228	248	212	201	220	201	179	219	238	206	218	238	220	223	215	220	190	190	204	196	203	194	200	183	199	221	188	205	214	187	218	203	201	210	203	208	227	246	206	241	186	267	294	248	230	207	283	282	301	262	282	274	275	302	300	298	253	262	263	250	252	215	247	228	257	221	233	251	263	231	242	271	244	220	282	260	281	244	242	250	278	263	332	284	321	318	269	318	270	231	277	304	275	276	267	299	287	317	342	339	318	311	283	269	343	299	327	206	192	222	192	241	217	206	186	220	219	222	300	256	244	258	207	231	231	251	137	101	102	128	132	118	137	126	136	134	140	93	108	124	122	116	128	126	143	117	120	114	118	131	150	149	134	121	133	119	117	123	129	130	162	149	145	119	120	147	143	145	136	152	150	174	148	171	154	160	131	135	136	135	140	140	144	134	150	153	154	149	162	153	168	169	156	168	163	174	187	169	152	197	190	185	147	158	178	188	148	176	194	152	156	171	158	177	173	1	1	1	1	1	1	1	2	5	4	3	6	1	4	14	5	9	4	5	6	7	3	7	7	13	29	20	16	21	13	18	8	11	14	12	7	14	42	38	36	40	36	37	28	37	32	33	54	30	43	43	41	35	22	25	27	32	24	26	14	26	19	32	15	24	34	25	25	34	29	22	19	40	74	45	47	55	42	49	54	50	55	49	34	45	48	104	78	107	89	89	94	93	108	101	120	99	106	112	109	111	105	83	91	90	89	97	103	109	84	106	76	82	75	89	61	82	67	77	73	77	97	87	87	67	75	77	78	88	93	77	86	104	91	89	105	98	86	95	70	35	70	67	67	70	64	80	68	72	70	68	49	71	80	57	55	50	65	47	48	48	62	60	52	62	67	70	56	52	62	53	60	52	67	58	64	70	65	74	75	66	519	565	652	606	601	580	592	584	597	581	619	608	668	782	746	747	716	688	705	723	854	810	767	678	744	731	734	726	868	854	817	827	826	556	603	584	596	621	615	700	598	598	592	582	507	532	556	569	546	588	538	525	529	492	538	555	478	467	463	472	596	683	636	571	600	592	596	631	579	597	643	323	297	310	369	340	350	410	404	333	302	337	298	276	299	321	264	305	338	324	328	324	382	367	340	352	324	315	382	325	346	414	420	432	454	376	322	364	377	382	374	374	348	315	332	367	356	376	361	370	375	482	433	469	436	463	432	485	462	427	469	470	449	427	435	363	416	405	414	393	427	442	392	395	419	370	448	416	480	443	469	400	415	407	428	454	527	507	517	528	508	330	383	330	340	393	400	365	401	366	325	332	373	380	469	404	479	471	525	443	509	546	567	518	544	420	413	417	384	425	471	476	453	481	482	508	492
SMYD3	1107	1105	1135	1051	1207	1265	1040	842	823	802	903	965	716	608	676	861	852	659	686	751	717	763	356	442	416	422	182	202	218	226	227	210	201	224	212	204	249	246	217	226	206	209	222	242	156	205	187	228	198	224	206	229	208	200	188	180	189	226	191	192	210	197	223	204	224	204	174	230	250	211	254	242	213	205	290	339	301	295	281	329	312	300	271	305	285	280	252	248	237	238	234	249	229	198	238	256	254	249	220	249	249	264	261	245	255	249	260	249	278	293	332	352	306	382	319	323	330	286	256	307	295	296	280	287	309	377	362	349	365	338	297	306	327	324	311	208	235	229	204	223	250	209	190	185	236	214	327	244	265	271	261	252	285	275	155	120	121	157	133	157	150	147	139	137	126	110	129	138	101	124	128	129	133	114	137	139	154	134	147	127	153	146	128	132	139	128	131	142	146	174	165	128	125	115	134	138	135	174	145	153	155	171	160	172	136	123	147	159	158	167	120	141	164	137	164	153	152	149	162	167	193	186	156	171	179	190	169	209	181	198	169	181	204	179	176	186	175	149	146	150	178	186	206	2	3	1	3	2	2	4	2	4	7	6	4	6	4	7	12	11	6	7	4	8	8	7	4	17	27	29	21	16	18	16	14	19	15	16	12	21	23	41	37	41	31	38	35	42	40	36	32	48	39	36	46	29	32	39	23	19	38	24	21	26	25	28	29	33	37	31	30	26	34	28	30	50	62	64	59	52	37	42	39	65	54	46	55	58	41	72	78	148	78	91	103	112	113	111	120	83	101	94	95	99	105	95	110	119	98	99	110	124	108	112	90	87	94	93	95	78	75	77	84	82	77	100	84	83	89	75	79	80	85	99	94	106	145	111	111	131	102	98	113	61	47	76	69	69	72	76	68	64	64	75	73	76	80	72	56	46	68	55	56	59	73	56	52	79	71	66	71	65	57	50	77	71	87	57	67	104	76	79	74	79	605	579	616	604	581	683	727	608	630	662	667	735	703	796	801	792	826	775	655	731	986	848	840	806	762	811	806	825	917	974	867	887	865	587	646	530	612	587	600	710	636	630	639	545	496	526	542	578	575	596	551	502	504	543	469	516	410	522	475	468	631	642	638	540	607	570	580	623	560	619	629	326	301	295	349	316	338	372	371	351	294	292	300	273	280	284	238	277	326	342	306	291	338	327	295	331	321	321	358	364	377	464	424	434	423	425	381	362	377	408	452	415	366	363	366	385	367	405	421	409	392	483	459	459	473	490	495	513	447	444	476	512	421	404	417	419	501	464	412	393	405	427	405	435	448	428	417	413	466	448	456	403	455	438	479	460	512	575	591	552	519	434	375	379	373	381	402	386	412	418	400	345	384	371	425	465	453	479	535	502	521	561	565	624	609	496	430	487	427	486	547	541	501	530	517	541	522
ZSCAN5A	1545	1325	1359	1325	1525	1595	1147	940	889	947	985	1116	835	709	793	1029	1044	741	795	872	772	900	358	608	569	576	202	247	237	258	228	228	214	237	250	264	286	258	263	256	259	258	261	262	163	198	219	267	228	245	219	266	257	246	199	184	237	240	205	231	235	244	277	227	231	245	199	260	268	243	277	238	229	244	333	419	352	311	346	395	363	348	319	338	302	283	253	274	277	305	280	286	277	240	259	279	261	276	263	298	285	305	288	258	290	285	314	302	326	314	408	387	370	447	359	382	398	347	312	347	357	358	301	317	377	525	440	374	415	347	349	384	366	378	377	275	326	255	230	256	310	240	205	242	271	245	388	269	298	382	300	317	389	337	212	138	151	176	156	179	162	163	167	159	155	135	137	162	127	132	146	149	143	135	146	157	164	164	165	151	168	164	129	151	153	133	130	177	166	176	188	137	143	160	153	156	146	153	161	166	195	185	190	178	172	148	174	165	164	159	133	166	180	180	205	171	144	170	184	209	206	200	187	174	181	232	195	229	204	242	185	187	230	216	202	205	188	198	177	134	241	219	223	2	3	1	3	2	2	3	3	4	6	4	4	6	5	7	9	11	5	9	3	11	9	8	4	22	28	22	22	16	21	12	13	12	13	20	13	22	23	41	49	39	31	38	45	38	33	34	31	47	40	38	53	37	27	31	27	18	34	27	27	35	28	36	35	31	37	34	33	22	28	25	30	60	58	67	66	59	42	39	34	63	60	48	57	58	47	57	71	150	104	107	97	128	125	127	129	105	127	107	117	101	112	107	102	121	110	114	118	129	118	109	92	113	114	119	82	89	92	87	76	91	97	93	102	104	85	100	114	91	91	94	86	121	172	124	139	129	125	119	136	52	60	94	72	67	80	67	72	74	73	84	80	89	90	78	66	51	79	69	61	65	74	57	61	82	84	88	63	70	61	66	75	75	87	68	79	113	85	97	87	102	734	678	716	724	694	865	1000	740	757	812	795	905	806	943	943	984	1008	1059	757	863	1397	1022	1094	1006	918	964	1025	1021	1049	1239	1132	1100	1091	670	697	672	696	689	697	836	830	723	752	612	580	615	588	635	684	653	638	577	608	582	532	593	477	597	549	562	744	747	755	663	692	688	629	687	658	706	729	402	339	340	395	355	388	428	437	400	311	321	337	311	329	289	298	331	353	359	352	360	394	357	326	370	381	381	421	428	443	526	440	480	452	484	434	421	433	447	490	503	429	403	411	452	448	477	481	442	442	542	508	494	574	540	533	565	518	536	554	577	493	455	488	526	609	568	451	446	454	499	449	448	502	480	463	441	503	521	511	515	499	514	533	562	649	670	712	582	540	522	444	504	421	465	530	458	487	567	507	447	449	414	527	601	497	571	635	584	670	673	755	844	795	612	544	576	533	546	629	647	560	663	637	712	646
MED13	1236	1405	1330	1413	1519	1737	983	798	761	766	965	868	601	551	543	927	889	784	737	827	747	737	336	323	389	396	140	177	204	211	219	207	213	187	201	190	233	228	204	242	206	219	220	207	150	181	168	209	197	177	185	196	213	213	181	181	177	233	195	209	191	203	203	246	251	237	260	269	251	207	248	282	248	219	280	311	331	288	345	317	289	268	252	260	253	233	306	272	271	234	223	266	226	214	209	241	243	229	236	219	241	244	253	243	259	244	250	259	239	264	419	319	376	444	348	336	309	285	316	335	344	322	346	342	362	440	609	410	443	541	308	387	386	462	427	332	309	323	243	240	279	254	247	246	250	227	450	352	358	359	309	319	325	350	168	159	142	211	189	187	205	188	135	167	125	110	96	133	106	115	134	117	130	119	111	111	125	135	135	137	138	137	117	119	120	119	122	160	152	174	164	153	147	112	165	108	117	162	141	146	158	144	155	150	103	157	130	136	132	125	126	127	119	145	147	175	162	136	172	151	172	169	157	173	202	185	169	215	169	169	146	151	193	188	153	163	210	131	132	215	171	231	208	1	1	1	1	1	1	3	2	2	2	6	3	9	6	11	6	22	7	4	3	10	9	5	2	29	22	28	20	12	24	12	12	13	11	18	10	12	21	33	32	39	38	37	35	32	23	20	29	35	40	52	36	31	40	29	18	22	51	24	17	20	25	19	26	34	30	30	31	24	31	21	27	26	59	37	38	41	39	41	31	61	56	48	44	48	48	67	60	95	89	101	98	112	98	89	105	94	98	113	79	99	85	110	92	95	104	91	96	111	88	120	94	72	94	110	66	83	71	91	81	82	100	95	99	85	68	98	83	72	93	87	73	91	143	128	102	117	128	125	100	52	59	90	74	74	65	67	67	60	64	59	71	75	70	70	60	66	59	57	51	69	63	50	56	105	73	90	55	70	54	59	62	68	159	63	73	103	65	84	110	102	757	804	822	820	760	879	913	779	863	794	879	841	906	977	901	905	1005	937	858	1003	1058	1099	1218	990	1087	1096	1044	1163	1359	1256	1144	1115	1126	646	708	712	703	667	681	835	701	684	660	513	530	479	540	582	472	594	538	569	478	445	398	417	415	393	408	397	607	650	576	493	501	481	524	516	495	527	506	240	278	283	253	307	326	320	370	303	271	287	278	289	275	286	252	246	335	277	292	329	352	369	358	306	327	353	354	319	351	527	501	486	458	451	355	411	448	425	432	406	326	307	325	328	386	357	366	340	340	479	380	490	426	434	425	468	400	414	450	493	464	456	479	352	391	393	379	350	367	376	410	350	384	390	396	394	475	461	514	422	403	427	418	434	481	529	557	571	573	531	507	516	511	625	534	522	553	530	455	406	479	515	611	561	560	601	654	574	710	816	812	801	779	674	636	579	585	605	755	761	662	741	649	674	683
HMG20B	1226	1427	1337	1315	1527	1580	976	800	786	808	960	858	659	595	648	917	969	742	702	857	766	751	338	402	434	402	152	219	197	251	228	212	223	221	207	220	254	215	242	242	221	224	259	259	209	194	214	230	203	224	204	205	198	193	195	195	215	210	217	202	206	202	185	266	228	226	240	274	256	204	260	298	259	244	319	323	357	281	271	319	265	292	282	293	253	252	301	298	261	249	254	263	214	221	245	290	262	235	265	285	264	254	285	261	267	272	273	269	263	272	425	401	390	391	362	352	369	279	278	319	346	359	347	339	349	374	410	481	399	365	399	349	403	415	409	285	288	270	286	304	302	281	278	250	260	285	389	384	375	362	339	356	331	365	199	181	174	163	177	205	212	212	161	176	136	108	119	142	121	118	140	114	149	138	129	131	133	140	132	147	154	133	130	112	144	112	131	149	163	181	155	165	146	149	158	131	133	181	163	163	189	168	172	160	143	156	121	128	134	150	139	146	158	138	171	186	161	156	171	158	179	190	167	176	203	170	193	209	202	204	169	181	194	197	160	170	189	160	166	207	186	248	206	3	3	1	1	1	1	4	3	3	2	4	8	4	4	10	9	9	6	9	5	13	8	6	6	23	24	24	15	23	23	17	16	16	15	17	11	15	32	39	49	48	36	31	31	33	36	36	37	43	52	51	32	45	43	35	22	39	29	25	26	32	28	28	25	37	44	34	28	28	32	29	31	54	66	74	48	54	50	47	43	56	53	60	59	49	51	78	68	105	100	83	109	100	118	106	126	114	114	118	102	127	98	104	125	116	103	106	108	108	104	120	113	83	105	115	85	72	81	92	72	75	102	111	90	87	99	75	96	79	97	97	106	110	125	109	151	123	116	120	98	66	63	89	73	68	65	78	81	54	76	56	76	72	79	65	64	57	67	57	65	63	86	61	59	91	86	79	66	69	75	66	74	70	75	83	83	107	91	81	91	99	671	781	828	786	827	877	796	862	885	807	807	899	919	1017	927	919	999	966	901	939	1030	1076	1136	930	1059	1012	1039	1032	1109	1226	1131	1189	1227	621	750	706	675	716	715	762	679	739	731	616	567	533	532	543	521	621	600	593	512	506	483	486	494	441	449	428	686	699	647	569	599	592	623	597	525	611	571	308	274	266	300	333	334	379	380	294	336	313	303	282	334	310	251	290	326	321	353	307	429	420	367	341	372	379	364	381	361	501	538	517	485	383	387	434	446	403	412	406	383	340	333	391	438	366	403	405	339	485	420	464	427	461	458	495	485	462	470	517	511	488	504	383	416	402	418	345	364	451	426	365	443	405	428	418	535	543	500	466	413	482	460	478	543	556	548	640	600	545	480	469	526	535	509	543	498	518	449	485	531	494	552	583	555	549	663	567	733	793	758	839	786	625	567	621	611	616	675	676	628	691	642	659	683
ZNF878	1273	1329	1373	1320	1538	1573	956	729	735	775	936	913	659	560	616	882	882	673	733	816	727	777	322	459	478	472	137	189	189	203	206	214	195	174	181	225	253	232	227	219	210	229	234	229	151	173	180	224	203	180	202	219	195	192	158	196	163	199	177	178	183	200	218	244	246	208	192	248	248	210	224	283	237	203	282	338	294	283	265	311	300	247	248	284	239	236	245	250	259	243	216	240	205	170	216	218	246	203	198	258	238	229	230	217	241	221	268	268	252	257	396	349	342	381	351	336	339	278	271	348	323	292	319	318	365	415	443	399	445	416	386	339	354	402	366	298	308	268	251	256	295	277	255	230	270	243	366	331	314	352	303	322	335	337	175	164	149	202	167	173	166	175	170	159	132	123	108	147	121	110	112	119	119	126	134	114	128	140	144	133	148	126	115	110	130	113	122	153	165	183	167	151	130	139	134	113	126	165	133	132	148	138	146	156	128	135	139	114	131	144	117	149	136	148	157	164	167	169	172	161	160	187	157	166	170	193	183	184	191	182	144	144	186	168	162	159	178	156	143	166	205	184	201	2	2	1	2	2	2	3	2	5	4	7	6	9	5	6	10	14	4	5	4	7	7	8	4	19	18	32	15	21	25	12	15	18	14	11	14	18	19	32	35	42	32	33	46	25	36	33	23	40	52	44	41	40	36	29	15	23	42	18	20	29	24	31	37	31	34	23	30	26	27	30	29	34	47	65	43	42	28	43	28	67	63	58	62	58	48	54	68	135	94	94	100	104	107	113	114	100	94	99	98	100	103	104	104	104	100	108	105	115	99	109	94	75	96	104	77	74	61	88	79	79	76	96	84	88	70	91	97	74	93	92	83	79	152	116	129	120	114	106	117	88	46	80	74	74	71	59	52	55	68	71	64	77	64	70	59	59	63	44	52	55	66	59	54	100	83	80	64	68	57	67	74	77	102	81	90	117	101	103	103	95	672	763	717	706	748	909	874	786	832	821	833	857	864	920	904	921	957	999	829	891	1088	1015	1086	970	1019	1031	1038	1045	1099	1277	1122	1152	1161	615	685	662	662	689	660	773	688	686	678	494	474	490	521	561	547	616	551	498	467	474	398	451	349	458	443	403	618	601	592	583	551	524	510	530	523	592	568	281	266	267	298	246	301	345	359	347	303	287	276	245	312	268	211	242	342	293	299	298	316	350	277	315	340	315	338	338	344	524	453	421	417	450	388	375	384	403	451	442	336	324	336	370	354	382	374	361	363	440	404	435	427	432	430	457	403	454	467	498	448	427	440	402	455	443	346	327	374	394	402	362	403	366	402	362	462	461	463	411	429	429	428	438	556	538	571	581	507	519	455	479	465	498	511	496	486	515	462	429	450	425	513	543	506	563	625	545	725	730	739	823	772	647	523	584	549	583	678	688	628	641	615	644	646
MED8	1014	1263	1218	1208	1273	1429	1042	821	833	805	1004	892	679	566	613	925	872	775	740	842	778	717	311	310	346	339	159	197	197	212	219	209	218	212	193	195	234	221	190	253	202	208	261	206	190	202	191	194	194	155	208	194	204	199	186	178	195	217	203	189	186	199	191	236	226	230	249	270	233	216	242	260	236	223	252	277	309	289	367	301	282	267	265	264	246	239	279	257	242	216	242	243	223	222	255	237	249	217	254	242	265	242	253	252	285	240	228	243	239	271	362	290	347	403	311	328	305	269	292	346	323	300	324	311	338	347	541	365	416	559	326	316	353	424	386	291	264	256	208	267	259	221	230	209	229	226	354	329	321	315	259	273	265	292	128	136	114	180	181	167	178	158	141	158	120	108	114	139	111	110	127	117	133	122	125	135	141	152	130	127	145	126	131	134	113	118	130	142	157	157	153	141	135	121	148	106	114	159	140	154	149	132	150	162	112	161	162	112	130	130	129	136	116	163	132	183	149	145	158	161	149	170	154	169	205	173	171	231	171	184	159	169	163	173	178	172	205	150	137	207	152	188	182	1	1	1	1	1	1	3	1	2	3	4	2	7	8	10	3	19	9	4	2	3	9	6	8	25	28	25	11	13	17	10	5	9	11	20	11	10	17	39	35	40	31	48	37	32	29	26	28	31	43	47	31	30	28	30	27	36	85	22	18	18	28	24	16	29	23	30	29	18	27	29	21	34	77	45	40	39	35	46	31	73	59	47	42	35	42	100	79	92	99	89	103	109	90	94	104	88	110	111	77	95	99	102	99	85	106	93	110	114	92	115	81	68	96	102	82	70	80	72	75	77	93	110	86	90	70	84	87	75	85	91	72	94	137	117	122	133	107	106	101	24	79	88	72	73	48	68	64	65	60	68	63	75	67	61	60	103	71	52	55	62	72	42	57	118	63	71	42	57	55	62	73	61	189	52	75	88	50	79	92	114	624	729	747	692	685	719	707	691	757	699	755	668	829	887	849	847	893	779	849	909	847	1008	1000	841	938	949	846	975	1230	1059	957	1019	1013	646	665	694	670	635	622	764	639	658	627	539	529	449	534	634	489	583	563	598	507	477	451	419	443	439	420	425	616	655	583	538	553	522	553	562	562	559	566	277	282	298	276	336	316	328	388	328	301	294	297	287	279	341	258	252	320	319	316	323	338	386	354	322	333	339	354	338	330	485	480	463	451	437	345	390	444	427	436	402	345	319	310	359	388	343	378	348	345	489	402	485	448	415	414	481	399	443	459	491	451	462	511	329	379	373	375	340	374	390	417	388	381	376	374	408	488	458	497	449	386	448	411	443	517	545	508	563	522	428	458	400	438	526	462	492	494	425	381	356	448	457	524	492	510	579	605	538	629	706	646	611	657	538	507	488	499	553	651	676	577	629	569	552	585
NFIA	1142	1169	1328	1330	1493	1407	1187	961	894	942	985	984	799	695	705	959	983	756	757	927	774	811	530	771	745	742	231	227	224	229	204	219	204	230	216	250	232	279	229	232	235	227	242	245	211	170	183	189	211	174	215	214	187	221	211	216	208	223	238	220	213	200	185	273	244	261	237	222	278	246	252	317	294	292	267	319	298	316	323	301	287	281	280	288	295	252	207	260	265	245	243	263	241	226	219	215	268	239	245	295	278	295	263	234	259	265	266	260	267	269	412	406	366	363	336	315	385	238	271	313	308	331	329	283	297	349	308	399	386	326	507	381	345	368	331	263	256	216	270	314	281	287	266	272	264	268	300	353	336	351	274	296	352	307	181	166	153	155	161	192	168	205	186	164	147	112	145	136	111	127	116	147	115	132	128	129	133	147	137	151	133	138	138	129	127	129	128	158	146	162	152	161	149	121	135	159	162	142	154	156	152	187	169	158	149	175	166	175	139	139	138	139	151	151	167	179	161	161	179	178	176	192	159	147	161	178	178	158	216	203	165	163	195	190	207	169	192	183	191	219	193	197	168	3	2	2	1	1	2	2	2	4	4	8	10	5	5	8	9	4	5	8	7	6	4	9	6	22	23	19	22	19	25	12	14	14	17	21	11	16	49	34	41	43	44	36	41	46	36	26	36	36	49	36	37	43	24	30	30	27	23	16	24	29	19	32	42	30	30	36	37	26	30	28	27	68	45	63	69	48	41	50	43	51	46	62	54	45	41	91	113	128	123	117	94	95	129	112	99	107	123	123	95	86	104	87	97	102	92	98	101	110	107	86	118	88	79	80	80	74	72	89	80	84	88	88	87	79	90	92	114	86	92	89	98	88	119	119	96	116	113	114	121	43	56	81	86	98	79	73	78	66	74	80	65	64	75	85	73	47	60	70	57	48	57	57	63	72	74	94	81	65	86	74	68	62	51	77	62	97	116	100	74	74	704	763	754	685	769	829	783	813	844	740	799	861	906	1000	890	911	960	1004	949	963	940	1066	917	987	933	933	1017	952	963	1211	1113	1133	1142	678	667	733	685	697	762	735	697	668	680	559	534	551	520	597	622	619	611	681	564	586	541	550	522	536	509	491	660	711	665	599	600	654	575	677	645	715	695	375	410	388	408	403	451	398	399	363	319	346	318	293	329	291	281	309	361	342	336	365	324	358	336	341	369	370	404	357	377	461	457	472	459	390	370	383	438	419	426	387	393	372	353	383	384	366	405	355	386	573	498	468	531	548	558	485	477	506	507	508	535	592	550	476	467	447	475	448	447	472	403	418	434	425	441	443	453	483	485	464	477	458	426	466	574	547	597	515	463	507	406	425	478	451	523	488	433	544	512	430	415	398	573	475	500	474	573	576	694	717	683	709	658	568	534	537	510	666	618	575	573	594	578	563	577
CEBPD	987	1198	1277	1260	1388	1351	1166	994	897	924	928	994	785	712	712	965	922	742	772	918	812	839	403	555	591	531	208	188	201	208	226	216	220	204	197	227	243	225	199	227	226	193	251	224	204	138	197	182	201	171	211	226	185	211	198	182	197	223	208	221	191	213	206	241	225	252	242	271	235	290	268	274	278	228	265	286	311	310	322	280	276	289	256	246	272	248	218	240	247	246	214	254	245	233	237	228	257	253	259	288	238	261	267	240	280	270	262	267	262	234	348	370	355	363	349	367	323	246	254	298	314	335	369	269	306	384	387	349	339	316	381	459	339	358	355	276	245	209	223	273	261	256	258	245	288	273	288	319	358	326	296	286	305	320	181	172	148	151	153	187	191	188	174	177	154	129	140	133	122	132	143	134	130	102	117	128	122	140	135	127	132	147	121	127	142	134	142	140	127	113	144	164	156	111	138	137	144	149	143	132	164	174	146	148	131	156	165	157	134	127	141	144	155	142	150	164	128	167	222	171	165	172	167	159	189	178	175	167	186	165	165	171	172	186	173	181	192	175	183	209	179	186	156	2	3	1	2	1	1	4	3	3	4	4	7	4	6	6	6	5	5	8	6	9	11	5	6	27	13	27	13	16	31	10	12	19	12	13	8	13	28	37	35	51	39	43	44	36	28	35	40	40	43	43	30	38	31	25	26	24	28	25	26	27	23	27	39	28	25	35	31	19	25	32	26	45	51	50	46	46	44	51	34	66	45	62	45	44	39	93	92	110	110	120	93	105	109	107	115	88	109	98	90	75	93	107	102	112	105	105	103	105	98	116	108	101	90	95	73	81	82	78	62	81	91	83	81	75	92	80	101	74	92	90	80	85	127	104	104	105	112	129	115	43	53	77	74	71	58	54	63	78	58	63	69	63	78	76	73	62	75	62	64	61	50	50	62	72	65	92	65	67	64	61	60	60	58	61	71	116	85	82	95	91	777	685	765	703	732	772	737	759	747	740	787	803	771	914	874	885	972	992	873	887	905	1039	869	993	866	885	916	931	1034	1083	1041	1022	1049	675	706	687	733	740	712	692	671	659	713	519	547	543	531	558	622	603	596	628	566	586	549	540	479	546	507	475	661	628	682	576	584	592	573	682	636	677	687	358	348	342	359	371	396	386	396	324	302	317	289	307	314	300	283	329	369	335	339	320	319	397	352	330	360	361	377	349	369	477	397	453	484	394	409	363	433	419	424	434	377	350	350	382	386	385	389	409	376	513	502	509	504	510	532	476	467	491	488	504	473	526	504	436	441	459	443	399	453	485	411	406	406	403	413	408	434	481	452	433	403	462	451	427	569	565	610	522	454	432	412	463	396	404	485	521	427	504	465	364	401	402	526	502	470	478	570	515	590	626	690	637	648	521	541	493	553	642	668	620	544	568	545	587	546
MLX	1052	1335	1288	1155	1246	1375	1107	908	904	895	1045	1006	732	684	704	900	973	748	771	881	796	807	359	372	435	396	190	235	234	272	243	221	241	246	237	231	249	233	259	276	253	254	291	287	240	233	223	269	220	221	268	232	220	224	240	216	220	234	241	235	236	249	209	236	216	290	270	275	261	214	289	342	286	247	325	346	361	292	313	341	307	331	320	329	294	302	313	320	291	264	293	280	269	240	274	316	274	269	282	262	272	254	301	335	286	312	315	305	304	303	400	361	374	410	352	356	350	299	273	334	342	332	334	343	327	366	386	403	354	353	345	339	403	411	364	208	256	263	215	296	273	267	252	259	273	273	350	349	319	355	282	295	292	295	182	125	165	152	148	171	196	193	172	164	158	122	145	152	140	149	145	139	154	131	142	170	159	161	149	132	150	152	156	141	143	133	140	141	175	202	161	163	162	169	177	146	143	171	191	166	182	190	181	192	152	153	155	164	160	159	147	162	176	179	191	198	173	156	174	206	194	197	187	198	219	206	201	222	218	222	208	210	206	220	182	196	242	158	197	267	196	232	227	2	2	1	1	1	1	4	4	7	10	6	6	5	8	8	10	12	10	9	9	8	8	12	9	21	31	29	15	28	20	19	12	14	19	16	10	17	32	48	47	48	37	37	35	52	40	39	55	47	65	46	36	44	34	39	36	37	34	25	25	34	26	35	27	31	43	34	31	35	43	27	32	46	69	59	47	53	52	54	47	63	52	67	60	51	50	111	93	126	109	96	105	110	121	118	124	111	119	118	126	127	112	114	111	121	111	127	128	122	112	115	99	93	96	108	75	95	95	81	69	79	117	88	100	95	92	91	110	74	103	104	100	107	126	114	138	106	107	94	106	52	65	73	87	105	80	84	89	78	80	69	61	75	80	87	62	58	83	58	75	67	92	68	70	75	79	89	68	61	92	73	65	70	63	84	76	81	76	81	90	101	623	683	777	721	750	691	681	712	748	683	693	728	799	1002	873	869	839	879	884	834	958	923	914	807	912	887	871	838	1072	1092	984	976	989	642	722	721	660	715	705	777	704	760	738	709	596	577	605	576	529	693	646	651	599	514	534	555	531	441	478	467	689	800	696	586	672	673	690	631	583	624	594	322	317	310	337	365	382	445	409	348	363	344	338	346	358	376	270	330	352	359	363	349	456	432	433	372	391	393	401	381	381	489	514	543	521	392	371	413	453	425	430	407	430	380	404	412	445	405	468	415	421	566	436	512	441	496	465	543	542	451	485	542	537	549	555	411	424	432	464	416	436	518	461	454	488	472	501	467	579	581	501	507	463	495	511	534	523	611	545	651	618	477	440	413	419	436	464	497	476	497	444	460	492	503	540	515	536	528	646	555	606	669	646	595	658	523	479	470	479	592	585	596	589	670	530	616	566
TCF12	1105	1340	1307	1295	1435	1505	1113	899	895	881	1027	997	739	658	696	966	1001	786	774	916	825	777	351	407	445	438	182	220	222	234	224	225	234	242	237	219	239	217	223	241	242	241	260	249	212	219	206	219	228	201	220	214	211	225	199	212	194	251	225	212	218	243	210	241	238	260	272	272	242	242	264	298	273	239	295	318	332	274	337	334	292	312	280	306	296	282	285	291	280	248	238	268	229	225	253	278	300	262	283	264	289	267	274	255	263	250	276	288	281	275	407	337	388	398	341	387	357	276	291	339	307	346	328	299	324	378	462	415	402	424	368	358	411	435	402	273	281	248	254	292	297	282	235	262	265	271	349	380	312	361	272	300	319	317	178	120	148	175	167	162	192	166	158	176	140	135	119	135	138	123	127	141	146	133	128	139	147	147	148	155	146	159	138	142	141	143	122	163	143	177	152	157	166	138	156	146	150	162	150	169	176	166	177	192	141	166	175	164	137	127	128	153	136	153	159	187	175	159	168	200	174	188	169	168	195	201	188	201	169	196	192	188	176	190	203	201	204	167	195	215	188	198	200	2	2	1	1	1	1	3	2	2	3	7	2	7	5	5	6	17	7	7	4	8	5	11	6	15	28	19	12	20	20	13	10	14	17	22	12	15	28	37	33	38	40	37	37	34	27	31	29	36	42	39	30	36	34	33	21	32	28	17	23	30	28	22	28	34	27	32	35	24	20	24	30	42	79	51	50	38	44	46	39	50	50	63	38	49	45	104	83	130	108	104	107	116	117	114	112	118	104	128	102	104	111	110	106	90	103	109	118	120	105	111	97	78	98	86	71	91	87	81	80	76	109	91	97	92	86	91	104	84	102	90	86	117	122	122	123	124	116	116	103	34	68	75	86	95	65	63	89	81	77	65	66	86	72	70	65	67	69	62	62	65	68	44	63	94	79	79	49	59	64	73	59	59	90	67	71	91	76	76	95	100	670	770	769	738	751	823	782	772	840	767	781	809	915	986	954	902	932	930	935	957	985	1075	1050	935	972	1020	1016	1024	1140	1252	1046	1105	1139	694	707	720	688	712	716	799	674	722	703	601	564	538	570	630	554	657	602	671	583	565	514	506	496	517	497	476	691	740	679	550	655	591	638	622	607	657	619	322	326	312	315	362	366	370	412	315	337	339	322	303	324	348	267	292	340	338	382	384	368	427	367	339	355	370	371	370	382	487	497	504	504	411	381	401	436	446	435	410	368	361	350	380	389	391	438	394	387	548	470	493	524	511	506	484	504	474	485	526	509	533	525	381	445	440	480	403	430	490	440	429	429	398	476	444	511	501	503	473	430	464	465	460	557	551	546	600	536	511	459	436	483	501	524	534	490	512	445	439	454	441	586	519	533	534	622	562	681	748	682	712	705	619	523	543	536	577	668	673	629	676	598	624	648
ZBTB43	1051	1256	1248	1219	1372	1418	1107	888	856	847	977	909	728	669	720	924	934	745	711	852	789	784	346	451	464	468	198	226	227	260	221	231	259	268	251	235	251	248	226	264	246	259	269	228	209	209	211	199	209	206	201	205	223	220	229	227	232	238	235	247	213	245	202	259	215	223	225	265	240	233	266	304	241	247	278	307	313	300	318	319	281	285	288	305	284	295	280	287	307	235	216	284	254	205	253	277	262	245	285	264	278	281	278	273	280	289	309	293	249	286	371	342	400	391	356	357	322	273	335	307	331	317	313	327	311	377	427	409	366	386	331	355	364	402	537	260	293	258	220	251	234	241	228	234	263	257	333	313	336	342	250	318	312	311	167	133	152	173	165	163	173	187	166	180	135	113	116	141	131	126	176	148	155	137	124	142	134	138	157	142	171	152	143	149	168	139	140	178	156	182	157	180	162	145	149	141	117	183	187	177	178	162	159	174	154	148	151	146	145	156	163	151	176	151	142	185	160	163	163	165	192	179	172	164	229	195	192	187	191	194	191	210	192	226	195	212	197	186	185	189	161	211	149	1	2	1	2	1	1	5	1	7	7	6	4	5	6	11	15	14	9	10	9	11	7	8	7	21	18	33	22	20	27	23	22	26	17	16	11	13	30	41	41	55	39	40	46	36	39	38	49	54	34	56	43	27	41	38	32	30	30	32	21	31	24	31	38	46	41	31	39	34	36	32	33	46	72	44	59	47	55	63	48	57	50	69	69	63	66	99	91	163	120	93	128	128	111	115	129	135	107	128	111	132	121	142	113	105	121	117	118	119	104	92	125	90	104	94	84	88	88	121	93	92	96	109	115	119	92	86	105	89	107	111	91	103	131	123	102	123	112	98	90	96	68	91	93	95	86	89	79	68	73	74	79	86	88	66	73	62	71	61	63	95	72	59	77	74	72	77	59	77	88	67	76	71	82	79	70	86	93	83	89	74	669	680	807	715	747	755	744	717	744	743	747	778	784	957	818	855	962	887	800	840	940	1018	997	887	961	936	935	938	1060	1155	1058	999	1033	614	679	651	633	663	666	763	651	666	686	605	530	506	562	545	521	600	559	624	566	537	547	547	493	495	479	465	654	673	674	567	598	589	629	663	622	641	597	335	317	309	334	354	379	358	386	302	329	322	310	306	342	320	268	304	332	349	329	335	404	420	385	352	383	351	339	344	389	502	483	481	481	427	372	417	467	415	442	426	350	374	369	386	405	371	392	395	361	530	464	479	487	456	451	495	486	450	473	513	522	485	529	395	431	412	420	396	427	438	448	437	444	419	443	435	501	486	498	469	451	476	457	448	510	535	521	552	534	484	452	455	442	473	426	472	463	484	427	409	426	411	506	535	494	504	585	542	631	709	648	689	666	592	523	534	524	567	627	616	603	638	605	557	611
ZBTB39	842	897	915	999	1122	1171	540	411	396	457	493	536	351	283	332	556	576	436	431	529	416	464	211	233	264	264	93	87	101	117	109	110	75	88	93	130	118	129	104	111	108	118	111	126	61	89	83	108	105	108	122	117	114	107	77	90	92	101	89	88	79	97	130	151	166	98	103	158	128	120	112	155	147	114	158	200	173	142	181	171	160	134	112	147	128	120	117	100	159	126	115	120	124	89	101	103	130	115	148	152	102	133	113	112	133	104	118	124	114	140	225	233	218	258	202	221	233	163	185	198	189	218	215	206	208	275	332	285	298	291	263	276	208	273	260	271	216	192	193	170	192	177	156	185	184	142	253	239	234	239	178	218	250	224	115	113	90	137	110	128	110	137	83	112	68	98	54	64	63	50	58	56	61	59	63	76	77	52	77	64	77	58	56	53	46	54	64	91	78	89	73	68	80	50	77	64	57	72	44	82	70	81	69	78	59	74	73	71	80	67	49	62	67	70	91	93	72	88	91	106	83	88	77	83	93	90	104	100	99	110	74	72	111	90	70	78	92	98	81	104	120	114	95	1	1	3	1	1	1	1	1	1	1	10	2	4	2	2	2	9	2	3	1	4	3	3	1	23	9	10	8	7	9	6	5	8	8	8	5	6	15	17	11	19	23	15	17	14	12	11	15	7	31	35	26	28	15	14	14	7	14	8	6	14	13	10	13	16	12	23	14	11	12	13	7	31	37	38	21	20	15	16	18	42	28	23	18	20	17	14	33	53	35	46	41	43	48	62	58	35	53	46	37	32	45	38	58	34	49	46	52	50	56	58	54	62	53	50	29	33	32	33	27	32	42	32	41	33	36	45	54	31	34	54	39	39	87	78	65	60	64	77	78	22	25	52	30	34	27	29	22	22	31	35	30	30	36	36	40	25	39	36	29	25	34	25	33	46	34	58	43	47	41	39	55	36	60	42	57	92	46	50	66	69	506	540	511	482	501	659	640	576	592	575	606	645	585	585	622	597	665	723	546	651	717	730	796	741	741	731	717	792	801	903	814	861	842	390	420	437	429	411	426	470	409	416	412	241	266	270	278	295	338	323	286	293	239	263	215	245	212	233	241	234	335	343	353	270	287	261	255	275	284	306	309	142	152	146	174	167	171	149	204	185	149	159	141	139	142	129	100	128	171	145	136	144	167	195	160	170	171	189	195	177	168	295	262	268	243	285	231	244	250	229	259	248	189	165	184	197	191	200	198	173	200	290	215	251	228	239	226	239	221	235	251	303	263	275	258	223	263	266	168	188	231	213	199	173	217	208	210	182	247	248	256	229	223	241	233	243	348	295	351	287	312	332	346	390	344	406	352	339	338	334	305	274	291	284	383	366	327	349	396	342	545	517	569	609	589	438	405	416	413	405	499	494	444	438	442	474	461
ZFHX3	877	915	946	1016	1243	1240	545	417	403	494	528	523	325	255	308	562	589	421	382	527	403	436	224	274	291	304	80	92	102	125	129	114	106	120	115	134	162	139	140	132	127	113	126	141	73	68	102	123	118	112	121	133	126	116	95	100	107	126	83	95	125	114	117	140	154	118	108	143	152	94	101	142	160	125	175	245	173	157	190	211	191	148	150	181	132	143	110	144	153	168	146	135	108	109	134	118	127	124	131	154	132	145	112	107	108	130	150	151	148	150	274	249	244	274	234	238	225	188	198	213	223	220	236	192	235	326	309	288	308	264	256	245	256	281	293	216	221	199	184	162	206	171	199	161	190	153	271	248	251	263	205	251	287	248	148	120	106	128	109	144	124	127	140	92	67	99	56	93	66	48	63	64	76	59	61	74	82	78	68	71	100	69	44	71	72	62	67	92	93	102	80	82	82	50	102	66	57	58	64	80	81	90	74	84	62	62	78	55	58	64	71	65	92	75	97	86	86	93	93	91	107	102	97	102	119	120	119	106	89	129	90	96	108	103	83	95	67	84	89	81	123	127	110	1	1	1	1	1	1	1	1	1	1	3	4	3	2	3	2	5	3	4	2	4	2	6	1	14	6	9	5	13	5	2	4	9	10	14	4	7	10	23	15	25	19	18	25	16	12	17	16	16	30	33	27	28	23	8	10	12	14	7	10	11	17	16	7	11	26	16	18	9	11	14	13	29	41	50	37	25	14	19	15	33	30	22	13	26	17	23	44	62	51	44	47	60	56	66	65	40	57	46	38	44	54	49	77	61	71	53	56	51	55	69	64	42	53	62	33	39	32	25	42	41	45	54	44	52	49	53	49	49	41	42	38	67	77	57	72	77	77	93	84	13	28	61	30	25	31	32	35	27	31	33	26	51	34	34	37	25	36	41	39	25	31	21	28	50	46	47	29	48	31	34	44	29	47	55	48	90	68	65	63	70	521	549	504	516	536	723	732	641	635	596	623	655	617	662	625	672	744	740	584	635	810	720	911	770	789	772	858	794	782	1012	825	906	908	379	455	449	428	394	433	501	460	429	422	246	284	297	263	316	327	327	310	316	265	267	208	227	215	255	227	210	385	397	357	328	294	331	263	268	279	342	329	149	155	142	155	140	180	163	195	212	160	178	144	144	172	138	120	146	174	178	142	150	181	215	146	169	217	205	194	213	230	324	262	248	282	262	247	239	266	232	250	250	217	185	189	219	225	242	241	184	224	309	229	227	265	260	247	284	266	242	277	295	304	252	277	254	275	265	190	174	207	209	211	226	248	224	220	210	250	258	297	228	262	261	279	269	361	352	330	302	308	436	376	392	364	397	350	319	335	359	338	301	314	287	329	408	353	372	400	350	553	546	563	710	624	534	406	452	419	422	507	498	474	452	471	492	499
MEF2A	784	852	862	855	958	1077	588	461	473	438	599	517	361	337	354	535	588	434	439	495	430	460	209	206	231	236	80	113	135	142	112	119	112	100	113	155	151	150	153	130	130	142	133	144	84	125	106	147	128	111	115	140	111	115	110	102	108	132	123	129	114	118	132	153	134	137	131	179	158	121	127	163	142	134	201	199	198	168	174	187	177	178	171	163	142	143	178	152	166	139	157	140	139	120	125	153	151	115	125	161	138	137	147	144	144	159	150	142	178	158	273	212	220	261	209	220	222	203	188	224	220	233	190	222	229	255	323	270	268	256	216	209	263	248	258	192	199	239	163	169	190	162	145	165	151	142	241	227	210	231	189	211	215	209	110	100	86	117	84	97	124	105	115	103	79	88	80	83	74	63	61	73	74	81	78	69	69	77	83	87	77	78	75	65	64	71	65	107	101	111	100	94	84	78	78	84	65	101	85	100	86	96	90	79	70	76	62	75	87	94	63	59	89	91	99	98	103	95	90	128	101	110	101	113	119	96	133	124	92	98	79	91	94	109	85	101	116	89	81	114	119	168	123	1	1	1	2	1	1	2	1	1	1	4	2	4	3	2	2	10	2	4	2	6	1	2	2	22	14	9	6	11	8	7	4	11	8	9	5	5	15	27	26	16	26	23	14	20	18	15	12	18	30	34	28	27	24	14	20	11	19	14	10	16	18	22	14	15	13	17	14	13	16	13	12	22	35	26	30	37	15	25	21	39	32	28	25	39	21	27	39	72	52	50	53	56	64	55	74	65	50	57	65	66	60	59	59	63	60	51	50	65	61	72	57	57	53	45	35	51	44	47	51	46	51	51	51	52	49	50	52	44	47	50	57	54	74	77	82	77	65	68	73	35	36	53	45	41	39	46	42	33	40	36	33	45	46	38	38	30	39	32	32	30	39	28	35	57	55	42	40	27	35	31	41	39	57	51	55	69	55	44	74	67	455	477	478	472	471	542	548	456	513	485	521	533	550	617	556	562	587	612	551	576	673	628	769	617	681	649	657	645	766	793	672	705	706	370	460	416	412	407	404	501	434	446	421	337	299	299	313	346	335	356	324	326	289	265	255	287	266	235	236	243	391	405	390	302	309	362	321	311	277	344	314	144	171	161	163	184	207	218	235	216	180	190	185	163	174	150	141	143	209	176	177	167	249	226	198	188	215	179	204	204	217	285	320	274	292	266	225	250	269	230	254	263	217	188	208	219	233	222	240	219	225	267	251	272	245	266	248	300	261	232	273	304	311	282	255	240	230	242	218	205	221	276	238	236	251	218	257	255	299	303	293	271	262	263	265	273	327	347	336	364	378	317	336	311	306	346	324	296	306	361	301	264	297	304	357	364	386	343	396	329	446	468	461	528	519	436	345	356	358	341	408	418	411	460	401	440	426
HHEX	793	839	828	867	1075	959	489	403	389	458	507	485	372	299	328	530	570	408	405	477	420	437	206	291	289	269	74	102	97	117	111	88	102	91	85	124	148	116	124	118	112	108	121	132	78	80	87	100	101	112	118	127	109	100	81	105	97	108	99	94	100	90	105	139	152	102	117	147	151	126	146	122	126	113	165	188	169	136	150	174	177	144	144	156	119	110	122	127	150	162	130	132	130	88	104	119	133	123	123	140	120	124	129	128	120	126	119	128	129	134	227	230	218	237	186	221	217	168	182	189	173	205	177	192	204	230	243	286	251	208	270	223	215	254	220	193	184	163	211	180	188	179	152	149	144	151	232	241	219	230	209	227	229	230	119	101	106	96	117	111	134	138	107	93	80	71	70	72	71	61	59	60	60	59	75	61	60	72	63	69	75	61	56	38	61	59	58	86	94	80	86	81	91	71	70	63	81	72	82	79	75	77	71	74	71	76	74	85	49	65	59	58	78	56	96	105	83	93	77	91	94	102	85	76	100	94	96	92	85	108	67	71	99	86	68	79	100	99	72	104	124	121	111	1	1	1	1	1	1	1	1	1	1	5	5	3	8	4	2	4	1	6	2	2	2	5	1	19	10	12	9	15	8	6	8	7	12	12	6	7	17	17	22	19	18	14	18	12	10	15	16	21	27	27	27	23	21	11	13	14	12	8	11	18	13	17	15	21	16	22	13	12	12	11	11	40	33	39	20	25	17	24	20	27	26	23	19	24	18	19	33	55	41	50	48	55	56	65	56	56	52	44	51	51	49	45	63	55	47	46	55	61	52	61	49	45	54	44	37	39	38	39	37	35	44	52	35	48	50	43	52	44	42	42	49	53	70	56	69	72	69	80	65	22	25	50	34	31	29	28	27	28	27	34	31	43	33	35	35	19	40	29	30	25	34	28	29	38	57	48	26	36	36	36	41	42	37	52	54	83	52	54	50	54	440	495	464	490	457	651	550	576	600	503	538	625	587	612	560	556	641	646	542	585	663	679	708	653	651	685	727	686	606	856	713	804	824	351	393	432	405	401	430	427	401	395	396	294	237	304	279	283	289	319	311	298	252	272	246	264	193	234	251	228	386	348	359	271	281	298	280	297	272	284	312	165	145	131	177	156	152	188	182	187	163	162	143	129	161	114	93	136	160	146	145	146	191	210	154	179	167	190	184	193	185	269	251	264	257	250	185	234	231	201	232	235	190	174	176	186	195	218	211	191	188	254	214	209	236	251	244	263	223	251	235	274	292	276	263	222	273	257	190	182	209	227	194	164	226	208	219	208	243	258	255	203	229	245	228	237	311	310	318	284	269	368	289	312	357	341	325	318	276	293	283	289	277	254	327	333	329	318	352	317	513	530	435	591	530	429	361	395	364	382	432	427	396	431	391	421	436
HNF4G	769	1021	1007	909	998	949	1031	845	762	794	880	889	698	645	651	761	781	634	682	835	701	681	341	423	481	402	179	202	197	220	202	195	216	227	204	202	205	219	191	194	237	196	208	222	233	161	179	178	176	164	177	179	167	175	205	195	188	207	203	200	180	200	168	216	206	250	220	208	221	226	250	307	232	218	239	232	268	249	245	249	241	248	243	270	251	270	228	232	232	211	208	229	187	185	222	220	246	232	257	230	232	230	266	271	239	270	254	248	243	224	320	311	257	293	273	283	286	214	236	247	268	257	329	241	223	256	240	304	256	267	314	273	296	292	251	170	162	169	180	293	222	244	226	222	234	270	238	297	274	233	198	204	213	226	140	108	102	110	119	155	131	150	119	146	158	98	127	110	104	131	125	120	135	108	105	122	119	136	117	133	130	122	131	132	124	108	121	104	127	133	113	155	140	120	133	125	134	137	148	139	138	168	158	161	134	138	140	151	151	125	139	127	129	132	144	166	127	126	155	187	154	169	148	150	161	164	166	149	174	185	174	171	172	189	166	176	233	170	186	221	122	178	154	2	2	1	2	1	1	2	2	6	6	4	4	2	4	5	8	6	9	6	10	6	5	12	7	17	23	21	19	25	22	19	14	12	13	12	15	12	33	42	39	42	35	30	40	38	31	37	37	31	39	37	33	33	23	29	16	32	28	31	16	28	23	31	31	29	31	39	38	27	21	28	24	34	63	33	48	32	58	45	53	48	51	62	42	39	44	111	105	123	113	67	91	97	110	98	108	95	122	103	96	97	99	92	98	84	108	105	113	121	106	78	78	77	69	81	72	70	68	74	72	71	89	76	88	75	75	81	96	62	84	82	109	72	85	90	71	91	81	86	85	46	45	71	63	87	59	59	72	75	58	56	53	65	66	82	63	48	56	52	63	59	55	51	53	68	57	73	69	55	67	63	75	53	33	52	51	67	63	58	74	76	501	562	635	566	659	532	507	590	569	524	576	573	672	805	707	674	722	717	772	728	643	821	611	667	650	690	690	670	756	839	786	782	815	567	530	598	560	590	601	552	516	577	568	551	524	490	474	500	475	553	588	622	513	491	481	477	465	461	450	447	562	626	589	522	536	485	620	585	536	604	582	307	302	288	315	378	346	364	381	269	291	269	292	301	291	323	233	297	317	317	302	328	321	345	386	321	331	338	372	295	314	371	367	431	397	298	322	347	369	364	344	327	313	317	311	324	349	335	361	361	334	519	417	418	432	440	438	428	411	462	449	425	443	528	498	348	374	376	400	384	391	443	345	414	383	372	396	379	444	407	373	404	412	436	404	430	451	466	440	474	435	338	309	280	292	303	387	407	360	382	323	350	305	325	507	362	394	380	444	457	483	517	519	445	429	366	416	371	367	501	455	444	420	410	378	399	415
ZNF816	920	928	924	857	1047	1018	986	798	755	723	819	836	681	598	643	752	757	603	630	670	651	686	286	396	418	362	179	210	204	218	197	197	177	189	180	198	213	228	213	193	209	213	217	228	172	172	189	197	181	194	185	190	186	201	167	169	191	200	171	175	203	180	202	203	190	204	204	224	203	189	230	234	196	185	255	276	294	282	259	279	284	254	258	272	247	246	241	249	228	226	226	228	224	230	219	229	211	248	240	271	245	232	226	230	236	220	234	233	238	238	312	270	287	306	268	273	287	245	258	256	249	261	255	217	250	310	279	302	295	259	281	261	273	297	234	192	206	190	188	222	199	188	194	179	197	206	262	232	250	265	193	212	228	227	135	109	89	117	115	128	130	138	134	115	111	110	105	119	101	94	115	122	117	110	107	102	147	115	147	126	116	123	100	119	127	120	119	126	126	142	114	135	114	115	128	136	89	148	117	144	138	146	136	156	123	153	148	152	145	116	113	129	131	121	162	138	141	157	170	149	163	158	159	145	156	150	180	168	163	180	167	154	167	173	185	162	154	149	148	151	149	195	178	1	1	1	1	1	1	3	2	4	5	10	3	4	5	8	10	11	3	8	6	8	6	6	3	19	25	20	21	19	18	16	13	15	12	17	14	13	20	42	38	33	34	36	35	32	31	27	29	32	36	28	40	35	27	24	23	24	32	20	21	31	24	21	24	30	26	23	34	17	28	22	24	46	49	48	45	37	40	46	44	59	52	45	50	47	45	74	74	143	88	78	82	91	99	104	97	89	96	106	94	90	99	91	94	82	100	89	93	104	107	87	103	82	84	90	81	70	70	79	65	66	78	81	69	61	61	86	89	63	71	97	78	87	112	85	98	103	72	88	79	65	56	73	71	82	66	60	74	44	63	68	62	70	68	63	63	47	60	57	59	62	54	58	62	73	67	60	64	40	58	56	57	56	58	51	70	90	64	61	63	72	487	505	507	508	543	578	582	533	543	533	579	590	583	707	692	694	667	670	633	658	816	733	692	672	626	649	666	650	692	805	729	769	744	518	562	482	551	508	572	606	580	565	542	494	522	483	480	454	501	521	527	515	483	494	473	499	422	467	447	466	595	601	587	538	546	531	572	579	536	576	588	346	289	279	344	301	348	349	360	302	279	275	253	258	279	275	263	270	291	311	294	293	331	321	297	295	300	306	352	309	320	383	382	387	372	346	336	356	338	366	383	358	336	321	338	349	339	370	368	367	344	476	412	458	421	431	425	442	429	402	435	428	391	394	405	395	439	414	389	374	370	372	358	393	398	387	366	348	437	425	428	388	383	395	427	419	499	509	455	494	461	355	319	280	298	311	391	344	365	368	367	317	345	322	376	407	393	383	488	435	465	498	462	535	508	412	390	367	385	457	417	407	395	429	416	457	450
NR2F1	760	884	906	897	1025	948	857	679	625	631	702	718	543	504	519	706	675	550	584	653	598	605	312	371	384	361	142	165	160	158	173	177	173	184	166	151	163	176	168	158	174	133	169	168	165	130	145	143	134	157	148	162	141	136	162	157	156	170	146	134	153	161	119	192	150	199	182	188	188	192	177	221	216	187	185	230	237	209	215	207	212	185	207	200	187	204	172	199	167	178	166	197	154	168	197	172	178	183	194	198	187	182	192	206	193	202	200	202	185	153	256	285	243	275	260	260	265	193	209	217	217	227	236	206	209	240	254	281	277	221	287	256	267	282	241	177	171	162	179	244	188	211	171	197	174	246	231	308	225	217	182	202	249	231	130	106	104	118	124	119	135	147	137	131	106	93	101	101	89	96	95	98	92	86	95	95	99	106	89	102	87	97	105	106	97	92	101	81	116	102	110	142	131	101	105	98	106	115	124	115	106	119	134	128	92	90	111	121	108	93	98	86	92	105	125	117	124	125	136	142	116	127	126	125	140	127	155	149	120	127	136	114	134	143	145	128	157	114	131	177	144	149	141	3	3	4	1	1	1	3	3	3	2	5	4	2	5	7	6	8	5	7	5	6	6	10	7	22	13	21	19	21	23	9	11	13	13	13	15	8	19	25	31	25	29	21	30	33	30	26	22	24	37	37	18	29	31	18	20	27	26	21	18	17	23	23	24	25	32	25	19	18	17	20	25	41	43	45	30	31	39	37	36	45	45	46	45	32	33	74	78	83	76	63	84	72	90	92	80	69	84	89	66	74	68	70	85	74	78	87	89	87	80	74	64	50	69	58	53	48	59	65	46	59	87	73	61	52	59	53	78	55	72	60	64	64	88	90	77	95	72	98	62	32	34	74	55	70	52	42	57	56	47	48	46	49	49	64	66	31	50	36	45	46	45	39	48	56	55	76	45	55	65	52	46	42	34	62	48	66	72	57	64	82	486	559	578	518	609	560	509	575	610	496	539	593	673	680	603	637	717	725	720	694	632	798	665	673	665	700	673	702	734	829	783	790	796	458	505	527	497	512	537	496	468	536	528	428	403	379	381	411	415	438	443	435	397	374	391	388	352	368	354	350	483	497	471	418	398	430	442	458	488	488	479	255	237	215	241	301	252	308	268	221	255	222	200	231	229	224	201	216	247	245	231	267	286	285	284	258	253	290	262	268	264	360	341	367	331	299	261	301	331	285	285	278	278	269	255	257	255	279	297	271	240	389	325	363	344	389	378	319	348	376	343	319	403	455	404	292	287	319	317	313	351	358	290	318	320	308	274	291	376	365	320	297	331	339	305	353	397	365	382	394	388	309	329	308	306	310	370	368	334	341	326	324	313	320	430	371	359	349	440	391	501	517	486	453	484	391	360	367	360	428	461	449	374	401	371	420	426
JUND	695	891	870	853	952	919	771	635	565	599	683	630	507	404	447	610	605	518	492	618	528	483	251	307	316	296	140	139	146	139	159	131	139	133	137	148	154	155	149	143	140	146	169	154	135	117	110	159	120	143	142	155	132	139	133	143	129	128	126	148	139	138	123	178	165	151	164	184	166	155	164	249	203	182	188	207	221	200	212	197	190	185	186	195	161	174	172	157	176	182	148	162	142	159	150	166	163	149	166	175	172	166	172	188	189	170	193	177	160	165	244	257	233	239	217	237	227	162	192	190	219	224	260	186	190	205	247	278	255	230	266	258	252	235	228	156	199	145	152	226	194	171	195	182	204	190	223	250	244	243	199	184	204	219	117	124	114	111	102	146	118	138	103	112	86	93	82	74	89	86	76	87	76	83	78	85	102	96	76	70	86	78	85	85	75	83	85	92	79	92	102	108	98	92	101	110	89	100	95	111	95	105	109	114	74	107	74	98	96	90	80	93	108	98	117	124	116	117	132	130	116	111	107	116	135	113	126	120	102	131	96	105	122	154	116	101	139	91	113	167	113	134	120	2	2	3	1	1	1	3	3	1	2	7	7	4	4	3	5	3	1	6	7	6	4	6	2	13	11	15	8	15	21	12	8	13	9	17	9	7	14	27	24	32	27	23	22	35	21	18	20	19	34	22	29	31	26	22	17	15	14	8	21	17	18	23	29	16	23	21	21	25	24	17	11	31	47	41	35	22	23	31	25	42	37	41	24	31	28	53	57	78	80	78	68	79	85	92	64	58	73	62	62	48	77	58	72	68	75	66	71	74	70	68	78	66	59	75	56	49	47	46	57	58	72	56	50	61	58	71	71	52	60	61	68	41	88	70	77	89	63	82	59	32	34	54	52	49	62	48	51	47	48	49	50	47	45	57	44	54	51	45	35	30	35	39	40	62	50	55	40	37	63	55	45	52	42	45	49	67	52	53	57	48	455	484	553	455	511	526	479	540	524	431	522	564	589	662	593	556	635	652	624	630	609	686	631	601	631	598	641	637	712	794	717	720	736	441	453	517	477	505	475	473	427	455	455	378	371	340	351	387	340	428	426	442	358	351	318	374	307	326	323	276	449	453	437	334	389	378	386	385	368	445	418	209	248	235	223	250	269	246	277	226	215	228	208	206	194	187	175	207	245	227	196	222	234	295	255	205	266	232	260	250	231	316	301	317	330	270	244	280	306	280	283	280	234	257	254	240	255	252	279	251	257	371	283	310	323	300	299	304	316	293	332	330	342	378	359	280	269	278	280	261	286	320	262	255	313	299	277	244	303	313	320	302	299	309	301	308	378	337	358	353	357	342	319	311	277	293	348	390	294	336	310	307	296	299	386	325	304	349	373	378	423	437	469	430	448	362	325	354	361	488	432	432	383	419	378	391	394
THRB	686	863	915	821	944	898	823	657	604	632	707	699	532	449	494	674	686	534	581	622	552	558	321	378	430	396	134	155	164	167	160	154	157	157	152	170	169	167	159	168	153	165	175	168	154	137	151	140	142	140	154	167	162	148	140	145	145	144	140	137	160	142	139	163	160	188	170	165	173	166	164	241	180	190	193	212	195	207	215	204	189	189	183	193	208	194	168	190	185	175	171	180	160	162	175	176	183	161	198	201	207	175	211	185	203	181	201	189	187	172	291	237	214	249	246	251	241	180	180	198	228	229	240	220	185	242	246	250	230	209	272	245	259	262	234	185	161	165	149	222	179	197	182	193	193	201	205	261	235	218	184	194	197	217	107	111	77	108	109	113	134	118	125	125	109	95	99	87	68	80	103	77	87	89	89	93	95	108	86	100	94	86	86	105	82	82	99	85	103	115	99	125	101	88	104	105	110	104	101	102	106	138	114	114	86	113	93	107	124	89	105	90	104	93	114	128	111	128	133	149	105	104	111	103	126	124	144	144	116	133	120	111	122	121	146	132	167	116	136	192	129	146	131	3	3	1	2	1	1	4	3	3	2	4	3	1	5	5	6	10	5	7	6	6	8	10	6	22	8	14	14	22	17	13	9	11	18	10	15	6	23	28	36	34	35	31	18	28	26	29	23	30	33	20	39	31	20	24	20	29	21	23	24	22	23	15	19	21	21	24	23	21	23	21	20	46	52	41	28	36	33	35	35	40	41	40	35	40	36	84	69	86	84	81	70	64	80	88	78	69	79	76	71	67	66	66	79	68	90	71	81	73	75	72	74	69	70	66	54	48	58	61	55	54	89	60	68	58	56	66	88	55	64	66	70	68	86	71	76	82	74	82	76	32	49	63	66	65	48	47	60	44	43	52	50	58	51	59	43	39	54	46	40	58	52	36	44	71	51	42	52	45	61	47	40	44	41	38	49	61	61	72	53	55	464	543	523	473	544	487	463	493	542	483	505	530	618	671	608	570	612	633	669	649	582	732	583	607	636	616	660	607	697	772	711	709	711	472	456	507	483	497	540	525	461	471	478	413	400	391	368	400	388	421	424	442	379	399	381	383	347	352	319	365	421	471	480	407	367	390	447	453	481	470	473	223	248	234	240	283	264	271	281	224	225	233	190	226	211	225	179	220	235	252	244	241	269	259	270	256	267	261	292	238	241	357	302	301	323	248	274	293	319	297	294	270	286	253	246	256	273	258	298	254	265	375	328	347	334	378	351	339	324	344	352	362	369	408	380	295	300	292	308	276	326	338	268	300	312	280	302	295	347	322	321	332	305	323	301	353	402	376	376	357	343	268	319	277	267	278	355	340	302	328	291	285	295	292	409	313	360	356	404	391	470	436	448	388	432	350	347	323	342	442	409	409	376	395	347	380	383
ZMYM2	838	898	996	920	1028	996	951	778	703	687	770	828	609	520	565	734	714	558	587	687	617	614	347	417	470	402	180	146	187	170	182	157	172	170	171	195	201	194	186	179	174	158	180	176	159	155	145	161	164	163	160	153	159	159	164	167	142	162	186	152	134	170	141	198	199	187	165	177	174	188	221	323	193	192	214	232	235	237	236	228	202	213	222	227	195	206	205	180	218	218	213	206	202	164	177	195	182	179	195	229	186	192	203	200	205	207	216	206	197	194	315	318	250	268	269	258	272	207	200	245	264	247	270	219	236	271	250	260	270	229	264	288	273	265	263	184	190	151	144	234	197	174	204	193	287	229	229	240	253	241	184	206	220	212	113	102	96	135	118	142	125	172	112	157	180	97	100	100	92	91	115	81	99	99	109	101	101	91	97	113	107	92	97	112	100	90	92	112	115	96	117	128	115	99	103	141	116	124	121	116	98	128	114	118	113	117	121	135	123	109	108	144	113	116	113	125	132	119	158	159	136	114	150	128	151	153	148	146	133	147	117	125	146	152	130	143	141	109	142	167	143	162	151	1	1	1	1	1	1	1	2	3	1	5	3	4	3	8	5	3	11	1	3	4	8	5	4	16	8	16	16	12	17	11	15	10	18	13	10	9	30	33	26	37	30	32	22	32	28	29	24	37	34	30	30	31	22	22	22	18	27	22	11	25	23	26	17	21	23	21	17	20	29	30	29	45	52	33	40	33	32	29	33	44	49	44	38	46	37	71	77	95	84	98	80	78	87	90	84	71	112	100	69	62	78	86	68	88	94	89	77	77	81	74	79	80	68	76	66	65	65	52	56	51	72	60	74	67	64	79	79	55	73	66	78	61	90	84	96	75	75	89	81	28	56	70	65	53	76	71	59	49	56	62	53	68	56	81	51	49	48	48	42	45	46	40	49	66	53	39	86	64	92	50	61	64	46	49	46	90	56	72	65	61	510	522	579	501	558	539	563	525	548	531	584	623	586	696	667	642	692	703	671	683	737	760	590	671	640	641	660	641	727	816	751	771	779	454	508	497	513	546	548	526	504	516	537	440	422	415	443	470	455	464	464	479	412	406	417	448	432	402	405	383	472	512	511	521	431	495	443	521	497	481	516	255	302	290	311	329	321	329	339	208	256	246	232	245	257	243	209	216	276	262	246	245	285	278	290	255	299	272	295	266	293	377	330	345	326	272	343	299	312	360	348	325	245	278	281	319	306	317	297	297	282	409	345	382	385	371	367	336	347	368	387	392	411	429	412	305	328	341	342	329	374	377	303	321	333	332	310	305	378	389	328	366	343	332	313	331	468	392	470	427	404	326	308	309	278	298	396	385	347	379	335	313	302	288	415	370	380	392	432	430	477	463	491	439	450	355	389	390	362	473	496	430	397	406	391	410	391
ESRRA	687	903	956	826	861	847	938	799	731	704	801	775	634	549	561	707	723	577	620	764	640	603	398	439	491	422	148	181	197	188	186	193	201	211	179	177	209	204	170	187	175	158	215	172	210	166	177	156	162	188	156	176	174	163	178	173	178	190	165	159	181	178	141	181	177	214	232	177	209	189	210	290	202	235	194	226	278	244	250	242	226	234	227	240	248	240	202	228	199	189	170	218	174	195	218	221	206	205	220	201	212	218	226	218	212	209	242	219	226	216	288	279	254	271	250	267	272	209	205	236	246	263	279	222	214	245	227	285	243	226	268	273	273	271	257	142	153	142	151	270	206	246	190	201	229	265	184	285	220	237	172	176	232	200	128	101	113	85	122	132	126	164	123	127	145	87	102	103	83	121	114	109	109	98	97	105	108	126	98	124	127	115	107	113	116	107	98	119	119	134	112	137	123	110	116	104	109	134	144	135	132	147	148	144	107	127	126	131	127	121	114	110	113	122	121	167	121	144	155	145	143	152	151	141	170	168	184	151	147	161	151	145	156	162	140	148	190	129	167	233	133	165	142	2	2	2	1	1	1	4	3	3	4	7	2	2	3	8	7	4	5	6	6	6	3	6	9	16	13	16	15	32	15	17	11	11	19	16	12	11	36	31	32	34	31	34	28	26	35	25	31	26	40	29	34	30	29	30	24	29	27	23	23	23	30	25	30	25	24	28	28	20	22	22	33	42	56	46	38	31	49	37	42	60	54	59	44	43	44	125	93	100	96	81	88	84	99	118	93	95	116	96	90	94	78	84	89	95	100	104	94	107	82	71	78	65	80	76	62	67	66	72	62	66	86	67	65	72	53	76	99	63	77	85	92	80	81	78	86	85	67	85	74	52	57	81	65	60	53	60	70	63	58	47	41	58	65	80	69	48	50	46	49	51	49	46	62	51	63	55	59	52	84	62	49	61	26	50	37	57	56	60	64	77	479	497	564	515	600	468	430	509	518	483	507	534	585	715	627	622	658	665	716	658	568	772	580	577	613	624	613	612	711	773	702	699	724	516	490	586	506	534	526	547	479	511	516	541	470	439	453	430	437	515	500	540	436	441	403	438	407	435	409	377	545	591	555	450	492	485	501	519	514	557	511	258	277	252	296	323	302	318	329	245	268	260	248	280	261	311	232	248	277	290	288	288	312	317	359	288	291	276	322	262	311	351	350	391	370	271	299	284	327	323	307	303	312	281	281	291	315	319	325	311	287	444	398	401	402	432	408	379	387	409	406	406	408	467	452	311	310	342	351	334	375	375	318	388	366	341	342	324	403	374	350	359	373	367	369	400	391	421	416	422	436	260	303	257	267	265	371	405	276	346	294	316	289	315	433	332	348	324	406	425	420	463	462	348	397	334	361	358	325	468	444	390	359	406	348	391	402
NCOA1	1134	1228	1150	1165	1295	1480	792	651	650	613	818	764	487	429	481	754	808	621	608	693	616	630	298	301	352	300	113	151	157	195	195	152	178	162	155	181	201	190	205	203	165	188	181	188	150	164	146	188	168	170	167	193	158	192	155	161	167	176	160	148	176	160	168	206	179	180	186	219	216	155	204	251	219	191	277	299	262	210	250	283	258	229	257	255	202	213	225	216	221	234	227	208	187	173	194	203	206	182	196	219	190	188	207	191	175	196	204	201	225	241	325	306	323	374	308	283	309	247	250	292	276	307	270	300	327	388	450	389	366	354	300	288	350	349	333	253	271	241	232	238	262	231	223	205	229	184	355	303	293	306	264	296	294	285	177	125	127	183	140	152	164	179	129	146	101	109	94	111	85	86	93	95	122	108	109	85	126	95	104	110	123	94	107	93	92	91	92	136	144	151	147	106	118	126	141	107	79	134	95	148	112	126	115	110	116	106	116	102	103	108	96	108	122	106	150	141	138	116	137	130	147	150	133	156	138	159	136	171	140	169	134	142	167	132	104	136	166	121	135	160	156	217	197	1	1	1	1	1	1	2	2	3	1	6	3	4	4	7	3	10	5	2	4	6	2	3	1	27	18	19	14	11	17	8	8	11	14	13	10	6	27	31	30	22	38	25	19	25	23	21	20	27	35	53	32	25	26	24	11	17	19	13	10	21	14	18	17	28	19	17	14	21	27	16	15	33	62	59	32	43	20	28	26	45	38	38	42	37	33	54	46	104	82	59	69	96	84	87	101	78	95	84	72	88	90	70	81	80	77	70	70	86	72	113	79	65	93	75	49	66	66	54	56	60	81	68	77	52	67	74	81	53	67	59	61	77	116	120	101	98	84	97	96	31	40	64	56	56	42	60	59	50	52	46	50	73	70	52	54	48	48	45	38	42	50	50	55	91	73	69	46	44	54	60	63	49	74	65	68	81	65	52	86	80	600	664	720	671	666	744	773	704	773	706	689	760	805	823	796	819	864	834	759	826	960	902	1048	796	917	917	892	964	1097	1040	978	995	989	521	619	576	561	601	591	681	616	583	584	445	428	398	432	470	404	473	428	456	399	397	347	365	320	335	345	345	536	548	501	453	475	464	474	461	410	467	445	221	206	214	214	247	243	272	325	252	240	252	246	224	239	237	177	201	247	238	234	256	311	307	275	252	271	283	307	298	309	422	432	437	407	374	332	364	355	361	360	364	308	288	299	324	317	325	326	299	308	397	318	373	342	357	340	415	339	368	392	395	404	390	399	342	337	350	298	278	318	340	338	315	361	324	348	339	442	397	416	366	351	348	384	389	444	468	447	495	494	454	446	447	439	490	449	439	441	457	357	425	455	434	480	502	466	498	572	469	637	668	670	726	712	564	530	514	510	485	609	628	528	652	557	605	601
SKIL	870	1123	1172	1182	1350	1219	927	735	693	727	828	790	594	481	524	806	844	708	697	825	676	665	340	398	438	414	117	159	164	173	157	169	157	175	148	190	192	167	167	175	164	159	190	179	198	142	160	173	171	152	155	168	156	160	148	169	154	168	169	154	149	158	162	226	183	231	260	214	213	187	190	275	228	220	215	247	284	210	242	236	227	205	233	217	189	211	199	207	213	181	161	188	162	181	195	189	199	187	194	197	198	187	196	195	228	226	208	211	184	213	309	347	308	325	267	306	308	215	223	251	279	301	334	256	244	269	352	384	331	329	353	319	349	380	313	239	248	227	241	297	232	308	250	261	240	285	303	459	316	317	257	269	316	323	172	144	144	131	162	168	194	185	156	154	122	97	103	100	85	94	109	100	93	85	92	90	105	104	101	95	106	91	89	87	95	85	94	110	118	123	108	150	145	92	129	106	125	130	119	116	121	119	114	133	97	116	114	118	120	103	101	84	113	126	113	170	140	133	138	164	118	128	107	129	152	141	163	145	158	142	137	138	130	149	128	141	190	131	154	238	154	184	144	1	1	1	1	1	1	3	3	1	1	6	2	1	5	4	2	5	8	4	3	3	5	3	5	15	15	15	12	16	12	6	10	4	15	14	9	12	18	28	28	27	29	28	19	23	24	25	24	29	39	32	32	30	27	13	22	26	27	21	15	23	20	25	22	26	25	24	20	16	20	20	26	47	62	41	40	30	36	29	37	42	36	50	42	30	32	83	73	99	89	78	82	81	102	72	78	67	67	65	85	74	69	78	81	76	78	81	77	83	77	96	86	57	68	70	49	58	51	57	60	49	101	77	62	71	60	72	85	66	68	66	71	67	100	100	89	89	93	93	77	27	53	61	64	72	47	52	55	47	49	43	34	52	49	64	50	45	46	43	60	46	44	38	51	88	59	51	53	67	78	61	43	57	65	63	63	97	69	59	73	97	613	720	715	662	747	760	646	717	807	623	728	756	930	912	826	745	885	900	917	908	770	968	862	839	876	876	944	905	1004	1122	957	994	993	601	616	651	593	646	630	590	553	572	610	466	446	441	440	466	432	499	511	545	411	377	372	411	404	359	356	329	559	578	526	412	437	494	470	452	454	508	507	227	244	231	261	305	282	277	306	244	276	253	221	257	247	289	203	228	285	268	265	281	307	365	336	281	292	271	312	255	280	412	379	417	421	311	303	335	392	340	336	320	291	241	261	298	325	304	317	293	271	451	356	409	357	384	378	372	356	406	396	409	448	548	492	320	315	356	361	306	353	377	298	324	327	292	318	314	403	416	362	376	356	374	350	361	444	437	460	458	435	412	456	401	421	411	474	445	415	445	389	409	389	388	581	432	450	465	517	474	650	678	640	604	640	517	504	488	455	599	584	593	552	542	488	541	578
JUN	954	1125	1114	1149	1277	1275	940	769	718	733	825	803	632	533	556	807	813	653	625	802	665	635	322	358	403	383	172	174	189	170	201	168	170	159	175	188	199	203	200	193	183	169	203	180	154	140	134	196	168	172	159	184	173	184	142	165	139	169	156	176	174	174	175	237	220	192	193	231	201	197	230	269	225	216	272	270	285	253	287	257	254	225	221	245	205	194	203	194	243	228	224	209	194	188	173	205	220	177	195	232	221	217	213	227	228	218	227	217	231	215	326	322	293	315	294	294	311	229	262	269	287	301	334	244	265	298	358	375	314	321	336	358	319	312	336	234	251	210	219	274	250	225	244	235	253	220	293	316	311	318	258	250	257	307	144	152	143	148	144	178	170	175	132	158	116	107	117	106	118	90	100	95	94	105	100	100	109	113	106	88	106	103	119	105	95	110	95	126	115	143	133	137	123	119	116	126	100	126	107	126	132	134	111	118	98	121	118	138	114	118	102	113	112	119	158	152	147	146	166	157	133	127	127	134	175	157	151	154	152	151	107	118	153	191	144	121	170	117	149	192	163	194	166	1	1	3	1	1	1	1	2	5	2	8	5	5	3	4	5	5	3	4	6	6	6	3	2	15	11	19	12	14	22	14	12	15	14	14	10	7	15	28	31	37	25	34	27	35	28	28	28	31	44	34	39	38	31	20	14	15	21	18	18	27	20	28	33	24	22	23	23	27	27	26	20	37	55	52	46	27	25	44	39	51	31	53	39	44	37	53	57	105	91	81	82	95	103	95	88	83	75	83	74	56	87	75	95	76	86	77	77	80	82	89	90	85	84	86	55	64	65	60	75	62	92	74	74	77	74	83	85	66	78	65	77	66	110	93	78	97	99	115	83	35	43	65	57	55	59	58	57	49	55	49	58	71	48	73	57	55	61	48	42	44	40	46	45	67	62	64	49	57	74	63	59	62	76	56	53	89	74	84	85	92	632	658	705	603	654	735	655	726	729	641	716	729	806	847	759	729	865	896	772	819	793	912	857	833	848	812	893	875	938	1091	944	956	995	553	591	626	629	614	626	643	568	615	618	454	449	465	431	506	459	501	517	524	446	478	423	461	404	436	402	384	545	566	590	435	484	483	472	527	481	567	553	279	292	287	304	332	332	293	346	264	276	261	254	251	244	221	218	243	296	243	237	285	285	332	295	262	307	288	314	307	308	407	391	391	412	343	313	346	366	353	376	360	288	302	311	319	331	336	351	312	337	475	353	392	426	357	365	368	365	394	424	452	428	465	444	348	374	357	365	361	363	382	332	306	377	363	342	313	381	401	423	360	384	388	359	392	490	447	463	483	442	460	391	417	403	429	433	491	399	427	429	409	383	390	488	444	417	461	527	493	587	580	617	623	607	500	480	499	482	633	582	592	534	561	506	497	529
ZBTB34	1100	1202	1254	1192	1333	1373	937	749	725	745	851	928	670	560	624	810	820	659	677	822	658	693	348	396	448	443	170	181	198	208	198	188	177	191	196	217	222	198	201	205	207	209	220	197	167	167	154	201	173	172	181	182	197	172	151	168	166	194	152	170	171	204	192	225	194	217	189	211	227	197	248	262	256	202	274	310	271	246	262	286	288	248	221	279	239	231	234	207	223	212	214	222	207	179	204	208	226	194	216	223	239	248	205	218	220	217	263	228	232	245	368	366	299	354	307	328	319	270	224	275	315	322	314	258	271	382	359	362	352	315	351	326	355	361	342	239	263	231	230	233	265	217	243	218	241	237	306	317	318	325	298	291	322	290	185	166	164	156	161	177	179	168	147	160	133	120	106	122	102	101	111	112	115	94	102	124	137	120	120	105	139	119	111	117	114	111	106	136	143	144	145	135	158	117	130	135	109	131	122	127	129	139	155	136	116	144	124	130	137	117	113	126	132	140	148	163	145	127	164	144	168	146	149	143	179	176	171	175	142	186	150	155	170	182	155	169	177	149	159	196	159	193	177	3	3	1	1	1	1	4	4	2	3	5	7	2	5	3	6	8	6	7	4	8	5	10	5	21	21	22	17	16	20	12	10	13	11	13	9	17	44	35	29	40	29	24	32	38	27	21	31	35	31	31	39	25	36	28	26	28	30	22	17	21	25	22	27	23	30	35	27	23	24	21	17	33	48	43	47	41	30	33	30	54	50	48	36	45	30	64	64	107	94	79	79	107	97	99	100	75	86	81	100	73	81	93	92	96	91	114	91	95	83	97	91	80	93	86	63	71	68	66	64	68	87	85	82	84	75	86	88	77	86	70	77	89	137	105	120	119	104	97	112	20	59	72	58	78	69	54	74	47	55	72	57	69	74	86	53	43	56	49	52	63	56	42	48	90	80	70	53	56	53	49	62	59	81	71	83	94	72	71	74	100	662	661	683	641	715	756	748	729	714	675	758	810	785	861	774	820	912	892	768	818	911	894	914	881	877	889	928	900	980	1112	1000	1005	1002	616	607	650	610	610	619	713	632	627	620	490	466	496	484	514	469	547	517	498	456	470	419	465	407	430	415	435	601	632	611	495	539	550	508	539	519	561	544	282	286	269	338	281	317	324	360	302	278	273	269	264	261	265	208	247	297	309	290	281	312	326	312	307	306	315	325	295	327	468	408	425	425	395	309	354	391	366	393	357	340	311	313	325	346	365	353	305	342	442	397	392	462	420	418	466	412	435	415	471	470	430	429	368	416	414	341	344	370	396	319	342	395	370	388	389	429	431	437	399	386	396	397	424	524	506	486	521	467	471	426	427	403	435	439	478	392	484	467	406	378	389	467	454	440	474	541	523	591	656	651	639	662	558	472	515	509	553	567	576	547	592	554	555	574
SIX4	930	1010	981	1006	1114	1193	704	605	555	591	663	638	490	416	463	662	690	538	536	629	542	586	268	352	415	363	100	142	146	141	148	146	148	139	141	149	178	172	173	168	170	165	174	165	113	107	126	185	147	135	126	137	141	140	127	156	139	157	139	140	126	143	145	175	133	168	171	193	177	145	177	209	181	158	210	229	245	204	227	225	192	217	202	212	165	163	186	200	188	187	184	179	155	134	153	185	188	149	169	173	171	170	205	160	175	180	165	189	184	195	337	288	264	273	242	243	275	194	222	241	252	248	269	207	261	300	309	339	303	259	274	296	282	272	250	178	205	189	209	198	193	182	199	184	184	172	264	257	258	298	239	262	251	281	146	121	146	134	126	142	148	135	123	129	99	87	99	98	87	70	80	79	83	93	74	85	91	91	99	101	107	87	93	76	91	101	81	118	119	111	132	105	96	90	106	80	95	100	102	98	112	100	113	106	96	91	93	92	86	88	77	101	94	103	130	124	100	109	125	129	121	140	128	96	141	117	145	107	142	135	109	114	129	127	120	120	135	121	112	143	158	160	155	1	1	1	1	1	1	2	2	2	1	3	3	2	2	6	4	8	3	6	3	3	4	4	2	15	10	19	8	14	15	9	8	13	6	7	5	14	26	19	28	15	23	28	26	22	20	13	18	22	31	34	23	26	23	15	11	16	11	10	11	24	23	18	22	14	24	18	16	16	12	13	21	30	56	50	33	29	28	24	22	36	33	35	35	31	28	36	56	87	63	71	65	65	65	71	89	89	74	68	78	71	72	68	69	67	79	57	68	72	59	97	77	57	68	70	52	53	46	56	59	46	69	56	67	59	65	56	67	44	60	65	56	78	93	78	79	99	89	103	93	51	39	69	52	48	40	35	42	48	38	37	49	55	35	54	45	35	41	46	40	42	38	38	38	69	70	62	53	38	45	58	67	49	52	49	52	82	55	66	64	67	556	548	603	508	571	654	600	617	620	562	612	662	648	696	633	672	744	752	646	685	784	790	792	754	731	728	763	762	826	950	848	837	848	426	514	534	504	536	498	540	497	518	535	366	368	382	395	393	370	411	412	418	365	370	344	357	331	331	295	329	467	468	420	415	398	406	384	420	380	423	439	247	201	193	244	211	241	270	245	244	228	224	212	197	224	208	155	205	223	209	187	199	267	265	227	223	249	234	276	243	235	357	361	349	335	280	290	287	301	300	320	293	253	244	230	274	279	271	275	245	269	328	289	309	323	323	316	335	334	334	332	359	357	359	373	313	310	295	283	252	266	307	264	272	269	282	289	298	356	382	358	289	313	318	329	317	392	377	388	430	387	415	360	371	364	382	342	422	332	384	355	334	376	357	407	393	372	353	490	392	521	547	567	555	561	454	396	461	445	494	517	509	476	527	425	504	460
FOXQ1	979	1028	973	1098	1271	1251	688	551	517	577	649	629	484	389	449	701	722	547	514	630	531	548	237	329	362	338	94	146	133	139	139	112	146	133	123	151	158	165	168	158	158	158	181	164	129	108	115	152	127	139	133	148	137	137	114	130	129	134	128	125	126	129	161	168	178	149	144	180	197	136	158	194	199	151	229	263	222	182	217	213	179	178	175	190	173	157	171	155	170	200	177	155	141	125	142	168	152	135	146	176	162	176	162	150	172	186	180	183	160	177	330	258	280	270	233	270	277	200	212	224	223	266	240	231	252	317	319	356	322	273	296	286	295	300	318	218	251	211	227	204	212	202	184	194	206	176	296	269	250	291	262	285	289	289	148	121	130	145	137	140	156	156	129	119	92	92	93	86	82	76	80	78	94	81	78	81	98	69	91	87	98	70	72	85	89	76	77	110	93	131	96	105	93	104	81	87	85	95	87	100	119	106	91	99	92	94	105	96	71	94	77	99	111	98	135	138	97	103	114	100	113	102	106	101	128	102	144	121	120	141	99	104	101	119	112	110	110	116	85	123	140	171	152	1	1	1	1	1	1	1	1	1	2	3	4	3	4	1	2	4	1	3	1	5	3	4	2	12	13	15	10	12	11	10	6	5	9	10	10	12	20	21	24	29	26	23	23	25	15	16	12	26	31	32	38	20	23	21	12	16	14	10	12	18	18	27	21	27	21	31	15	16	16	10	9	37	49	44	42	40	26	33	22	37	38	29	26	29	22	47	52	81	63	69	52	70	87	76	68	87	71	75	73	65	72	67	66	61	63	62	71	69	62	82	67	70	57	66	37	47	45	46	49	49	68	65	62	62	65	65	69	45	55	44	52	77	90	74	85	79	86	95	95	26	36	61	44	56	44	47	44	42	36	40	40	63	53	56	36	28	44	41	29	49	43	40	39	61	60	58	48	52	45	49	53	39	48	55	62	90	65	67	61	71	550	602	580	556	555	760	732	688	705	622	668	725	688	723	698	699	778	785	661	697	887	817	910	802	812	821	855	840	831	1014	920	973	967	453	498	486	523	511	539	571	534	501	478	367	338	383	354	366	382	362	402	374	334	345	319	343	299	317	301	302	490	436	442	392	370	394	370	389	381	436	414	213	189	180	211	210	223	235	243	218	211	205	188	183	207	179	151	183	216	212	213	201	242	271	208	228	246	195	243	244	222	348	324	362	321	302	271	292	310	257	313	300	235	229	230	239	273	284	269	268	257	365	295	308	329	309	300	332	295	336	324	338	361	347	325	303	320	324	242	243	261	273	267	253	264	264	263	261	322	338	327	319	268	315	311	321	404	376	400	402	366	417	380	418	415	417	393	375	360	382	335	361	364	340	405	445	385	389	472	390	583	596	564	705	671	541	434	504	451	448	547	541	483	536	497	544	536
ONECUT1	1128	1057	1121	1231	1459	1381	744	599	557	633	716	700	501	414	464	766	732	543	539	684	562	600	320	590	560	625	153	118	146	149	132	134	125	125	128	172	173	150	165	161	137	133	155	168	104	104	113	130	132	128	143	158	149	138	118	132	124	144	142	134	143	129	171	166	177	135	139	170	171	161	161	192	178	167	220	242	213	211	217	234	199	214	176	195	199	173	138	139	199	176	173	178	153	138	152	137	176	144	157	182	171	177	163	150	156	167	178	161	153	179	331	291	289	316	261	269	285	225	216	243	264	274	241	231	285	389	325	331	335	265	352	305	292	319	312	250	287	215	229	213	228	249	204	197	220	232	294	316	257	322	251	289	373	320	188	147	121	146	128	169	142	173	148	123	117	111	102	101	76	74	76	83	65	69	73	83	86	96	87	73	89	81	90	64	65	76	79	119	116	94	100	105	91	87	91	111	95	70	101	98	97	111	89	77	93	102	100	110	72	78	82	76	106	78	114	112	102	122	135	149	116	104	116	118	123	132	128	124	121	118	93	103	127	128	111	116	114	125	126	107	169	173	125	1	1	1	1	1	1	1	1	2	2	5	3	4	5	3	1	7	2	4	2	6	6	4	3	16	14	5	7	18	12	6	4	6	10	9	7	11	21	20	20	26	22	25	18	15	17	15	21	26	33	27	48	22	24	15	24	16	15	7	17	22	19	16	10	14	28	20	22	8	15	15	9	44	37	46	40	28	13	27	17	37	39	26	21	34	13	34	52	82	66	65	47	72	67	84	62	57	68	62	68	50	56	59	72	72	69	57	54	68	74	82	77	56	64	54	45	50	49	34	54	51	62	51	52	54	53	56	74	56	62	52	50	61	100	83	93	91	95	99	118	24	36	63	50	52	53	47	45	24	41	44	39	57	53	58	47	31	46	39	43	35	41	43	36	60	58	71	63	46	52	53	50	55	41	73	69	95	92	63	59	82	587	669	597	627	656	834	837	755	759	723	725	790	799	774	772	775	908	945	729	813	954	910	940	907	911	858	994	963	902	1183	1056	1083	1118	504	541	548	546	541	592	589	611	520	514	344	302	388	363	429	460	393	396	382	345	349	335	364	309	358	317	322	508	466	449	444	370	418	383	435	408	450	424	227	232	227	254	227	266	267	257	278	229	221	180	193	211	160	174	173	226	211	206	195	225	250	213	252	239	253	250	262	243	400	320	328	336	325	285	305	316	277	310	331	258	253	275	265	247	292	292	237	273	368	340	317	350	358	359	316	295	340	334	362	383	374	365	350	383	356	239	265	295	322	236	279	293	276	288	287	330	335	340	331	334	297	346	311	423	425	472	363	336	432	401	444	412	417	491	418	407	444	405	386	348	326	437	436	415	434	458	456	691	647	641	783	735	577	495	533	476	487	593	595	502	522	540	571	575
SIX1	1034	1082	1109	1212	1419	1400	832	698	591	649	715	724	540	455	528	783	812	622	583	691	615	641	298	411	428	381	112	150	159	149	154	145	150	142	127	188	203	175	181	192	173	171	187	188	113	107	141	178	160	130	140	149	152	144	123	168	142	158	147	140	145	136	166	216	180	156	158	196	191	167	206	235	201	182	232	252	248	213	245	241	214	214	205	194	172	164	195	195	202	205	211	181	166	141	149	167	188	156	157	204	174	175	201	173	182	194	190	201	187	204	371	315	311	301	277	280	312	225	240	256	281	265	302	251	275	337	350	365	337	292	307	320	295	317	311	224	248	209	230	226	227	231	219	217	212	200	285	323	307	290	281	289	320	357	162	161	133	142	126	167	159	137	147	142	121	109	95	92	83	73	84	86	74	90	79	96	103	92	104	99	113	77	94	73	90	100	90	124	126	120	131	99	99	83	113	77	129	95	105	105	104	121	109	106	102	82	105	113	89	87	90	93	102	112	135	116	113	114	125	144	130	126	127	110	139	142	163	126	149	144	100	96	128	137	116	126	134	126	123	123	167	162	152	1	1	1	1	1	1	2	1	3	2	2	1	3	3	6	4	12	2	4	2	6	7	6	3	23	8	16	13	18	15	8	8	14	10	10	8	15	26	24	32	19	28	31	33	22	24	20	12	28	36	32	31	29	28	17	17	20	15	10	17	31	28	20	18	21	23	18	18	17	13	19	25	25	55	38	34	30	30	35	25	39	50	34	31	30	24	35	52	80	70	83	71	80	71	95	79	89	80	68	72	67	78	74	71	77	74	62	63	62	69	102	96	59	66	63	57	53	48	53	54	44	64	63	61	63	72	63	75	52	75	61	59	76	101	91	83	97	97	111	102	34	36	70	53	51	47	33	41	47	47	38	54	59	40	58	49	40	58	50	46	39	40	43	39	73	65	61	48	54	62	55	59	42	50	64	61	100	74	72	65	74	627	643	658	613	627	815	748	749	795	690	708	791	787	799	738	780	879	908	767	832	879	931	942	900	847	871	960	928	923	1138	992	1029	1061	496	544	590	581	625	599	615	570	556	572	384	371	409	392	420	451	432	451	466	391	395	382	402	324	362	346	366	501	493	453	443	413	428	389	451	416	447	534	275	230	218	283	233	262	282	258	249	231	227	212	203	248	197	158	212	251	212	208	216	270	282	246	230	262	260	283	274	248	389	343	353	362	335	287	319	346	329	340	317	271	261	253	279	311	313	297	292	285	364	345	332	356	382	366	354	337	398	351	398	401	414	406	336	398	354	317	288	308	338	258	269	299	309	298	299	393	390	392	316	332	353	323	336	470	411	467	427	406	461	397	441	431	431	408	422	377	423	396	388	390	365	482	426	422	415	500	448	648	641	648	716	675	565	493	552	507	547	603	602	529	603	537	563	553
ONECUT2	604	618	621	622	729	712	404	325	320	340	409	379	268	237	243	401	392	296	316	404	309	336	160	230	221	237	65	75	83	101	85	77	93	73	80	97	105	87	86	91	80	97	106	96	78	86	86	82	66	70	87	83	94	67	87	79	67	97	102	83	79	87	101	96	101	94	96	106	90	91	102	123	96	80	125	139	139	116	113	136	124	119	121	116	129	117	96	97	109	107	107	99	94	91	104	100	106	80	102	101	100	92	98	98	87	101	111	101	98	111	185	170	162	182	147	154	157	129	108	135	149	148	137	137	155	212	168	199	175	128	181	181	182	178	167	115	148	110	119	140	135	130	117	107	113	128	177	172	144	185	146	148	188	162	117	67	66	85	82	93	79	94	82	75	59	60	61	62	48	52	57	47	54	50	59	55	47	66	61	50	53	52	59	52	42	50	51	76	67	57	57	64	63	53	56	59	43	52	70	64	65	69	67	45	55	59	57	62	58	61	51	45	59	49	66	67	68	70	66	86	75	78	86	76	76	81	83	80	60	77	65	78	70	82	62	69	84	66	75	85	98	104	85	2	2	1	1	1	1	2	2	2	1	4	3	1	4	2	3	2	3	3	2	5	3	5	3	9	10	8	8	13	9	7	4	9	4	6	7	8	18	11	21	19	14	14	14	7	13	11	17	22	17	13	25	14	20	10	17	14	16	4	12	14	12	17	8	13	24	14	17	7	9	13	6	22	19	18	24	26	13	13	13	21	32	26	20	21	13	21	31	56	43	29	34	52	41	60	45	42	50	45	31	45	35	42	47	48	45	44	43	57	42	51	42	36	38	41	31	37	40	22	32	31	47	35	38	35	43	39	39	29	36	32	42	48	62	41	69	64	52	58	59	18	18	37	33	30	34	28	35	21	27	30	27	40	29	35	29	21	30	20	34	30	26	30	18	31	35	42	26	26	24	27	28	27	23	40	41	49	45	36	33	47	312	359	363	326	364	415	445	385	380	372	373	414	394	416	392	412	468	494	397	419	505	496	515	446	481	454	485	488	504	586	531	535	550	268	324	327	302	301	309	325	341	314	313	215	197	221	214	243	242	231	217	246	201	177	181	192	182	185	171	177	290	275	235	246	217	263	248	243	208	228	222	115	112	111	119	128	140	159	153	151	146	126	112	114	125	111	108	101	139	137	132	113	152	158	141	144	157	144	151	148	145	208	227	197	200	196	150	182	192	170	177	200	147	137	147	167	157	172	158	137	153	202	177	182	180	214	192	197	163	184	185	206	215	205	228	192	175	170	135	154	160	178	156	170	176	152	189	161	213	207	188	191	185	158	214	186	230	244	248	241	218	221	215	238	219	211	261	231	230	249	220	214	206	201	229	247	218	252	257	266	331	353	356	390	384	298	243	276	276	261	318	308	266	281	285	304	307
JUNB	470	516	537	562	653	622	426	353	292	326	367	361	288	207	235	363	365	274	253	334	275	279	143	185	189	196	69	70	65	67	89	67	64	62	75	92	103	93	91	80	73	62	80	79	60	54	61	90	56	63	68	75	80	79	55	68	72	73	68	75	81	81	72	103	101	70	78	104	94	81	76	104	100	93	110	128	113	119	115	138	110	90	98	111	73	89	81	79	94	107	90	81	71	68	68	85	95	74	100	114	83	88	91	84	98	87	98	89	82	101	142	141	137	149	110	136	143	98	120	117	113	125	170	101	120	138	159	181	164	136	166	172	125	120	133	113	120	100	101	108	109	106	124	111	102	101	125	144	152	166	121	121	147	161	67	77	69	66	64	91	70	73	58	68	36	41	38	50	40	34	39	50	39	38	41	40	55	56	44	41	55	42	43	44	31	45	35	48	52	53	49	60	56	42	43	53	43	48	54	68	57	54	52	69	39	48	44	55	55	50	38	37	53	58	70	64	50	70	96	70	61	58	49	64	67	66	68	57	73	80	49	53	70	80	61	52	66	60	59	74	75	76	65	1	2	1	3	1	1	2	2	3	3	4	3	5	6	2	4	1	1	6	5	6	7	3	2	13	5	10	8	11	7	8	3	11	3	7	4	5	9	15	15	16	12	12	17	10	11	12	10	14	21	16	13	17	14	11	9	9	11	8	12	11	12	12	12	12	15	11	14	9	7	11	9	16	26	25	23	17	11	15	15	18	17	22	17	22	10	22	28	52	28	44	40	43	51	47	35	36	31	32	37	25	36	35	42	42	43	35	37	39	35	37	53	35	39	36	24	24	23	30	33	23	33	30	32	33	35	40	34	23	32	28	25	27	53	34	46	48	48	61	36	23	14	27	20	28	26	26	18	24	28	27	26	26	30	32	28	20	36	24	21	19	16	17	16	36	27	29	18	24	27	28	23	28	34	22	30	55	37	33	34	41	302	307	302	274	290	400	357	354	339	300	356	369	356	392	338	331	404	408	349	392	421	426	419	430	401	401	441	432	433	533	464	496	498	241	264	261	284	270	298	277	263	272	257	193	181	185	175	214	204	203	225	210	166	213	166	209	170	184	177	153	223	231	243	173	203	191	180	191	202	242	234	113	131	118	139	126	144	123	156	117	122	106	111	107	106	91	78	103	150	105	98	119	123	148	110	108	137	125	140	157	128	172	145	159	162	157	130	156	165	142	174	155	128	131	140	136	125	123	164	132	155	201	152	154	186	152	157	153	164	178	190	213	203	173	183	156	180	180	133	139	150	149	121	123	167	167	135	121	159	154	169	147	174	175	158	160	232	197	218	181	194	212	202	207	199	186	215	225	174	192	204	184	172	171	220	213	176	210	214	227	284	290	314	346	306	251	223	253	243	313	273	290	258	243	232	246	243
ZBTB37	448	509	508	521	549	591	383	325	304	308	346	383	289	244	270	325	323	294	279	352	270	292	152	169	182	186	70	78	84	90	84	77	60	68	81	90	101	97	100	96	93	79	106	77	79	71	55	95	73	57	55	67	77	74	60	81	55	59	79	73	81	84	81	107	84	93	93	89	100	85	108	122	113	83	122	127	142	106	114	94	109	106	88	95	108	82	104	92	90	90	97	99	88	78	74	96	89	67	89	88	115	95	93	101	92	104	107	91	83	92	159	154	149	139	139	133	126	93	98	113	140	140	136	102	121	151	142	174	149	114	153	148	165	148	152	90	106	86	106	102	89	104	114	77	96	113	127	144	143	164	146	130	121	133	66	69	97	78	69	86	86	73	73	58	52	54	46	40	37	43	49	43	48	46	42	43	47	47	43	41	43	41	57	40	54	46	43	58	51	60	50	60	60	52	51	49	46	56	56	51	56	63	62	45	56	66	66	52	54	48	60	53	55	60	66	77	62	57	56	64	57	65	71	56	91	61	79	58	67	72	44	54	54	79	55	64	71	48	62	82	63	84	80	1	1	1	1	1	1	1	1	2	2	2	3	2	1	1	4	2	1	4	2	2	2	3	2	9	7	9	8	5	14	7	4	7	9	6	4	8	20	14	12	17	15	12	19	16	11	6	15	13	16	15	22	13	19	14	18	16	8	8	8	11	9	6	19	8	9	11	12	7	8	5	10	17	15	12	23	16	15	14	22	16	18	17	19	19	13	28	37	37	41	33	32	37	47	39	43	41	41	43	43	36	39	40	34	28	36	46	35	42	32	42	46	35	46	33	25	30	31	30	32	28	38	24	34	37	39	35	38	30	32	26	29	44	48	44	40	52	41	42	38	13	26	31	30	32	32	28	37	21	19	29	30	25	30	38	24	17	23	17	20	26	16	25	18	31	30	41	27	17	30	26	27	28	31	39	24	32	31	30	29	39	286	294	313	269	319	305	303	335	303	293	324	361	338	393	315	340	400	377	332	364	353	400	376	397	406	355	405	385	420	470	420	448	417	267	262	285	264	267	259	282	258	266	297	206	199	223	190	212	177	229	249	226	194	193	189	206	154	167	169	188	245	253	257	207	208	229	210	244	203	220	215	125	121	116	159	113	125	138	160	115	115	122	118	108	110	105	99	93	131	125	112	110	132	140	148	128	152	137	153	112	128	202	201	194	178	151	127	161	168	146	173	154	137	139	156	126	151	139	156	117	143	145	169	178	177	179	178	162	181	172	189	205	208	207	190	148	158	157	128	154	155	176	135	124	167	161	164	150	189	190	199	180	163	165	166	169	220	189	209	210	206	210	163	191	182	195	203	214	163	229	214	183	186	179	199	189	202	197	239	230	274	285	272	270	277	222	193	229	247	248	221	244	218	249	236	231	268
RNF219	596	566	562	580	613	672	432	342	312	335	395	404	307	247	268	386	351	309	321	377	334	355	136	190	180	194	74	81	100	92	96	82	75	72	76	112	94	95	114	92	90	98	104	108	59	74	80	85	98	75	83	91	90	104	72	95	88	75	82	73	77	81	91	96	112	86	74	122	102	108	109	108	105	80	131	156	131	129	146	141	115	118	115	129	106	93	108	105	127	109	116	103	106	76	86	98	115	84	99	103	90	102	104	102	110	104	114	109	109	117	153	166	168	177	146	164	128	113	143	143	155	162	139	128	157	176	211	163	202	180	155	151	152	175	173	137	128	117	96	110	117	118	111	108	135	85	183	131	148	156	134	145	146	142	85	66	78	91	86	77	72	79	62	83	51	69	60	58	54	47	50	53	48	69	41	52	68	64	65	68	64	59	56	45	54	62	65	80	61	76	81	52	67	54	72	55	41	74	56	64	69	61	75	75	55	61	48	55	70	55	59	63	67	59	69	67	81	74	62	75	80	79	75	85	78	71	81	102	78	81	51	60	80	63	65	72	84	72	62	77	83	102	89	3	2	1	2	2	2	3	2	6	4	5	1	6	5	7	9	9	2	5	5	3	6	4	5	8	7	17	12	8	16	11	10	17	7	4	4	5	8	20	22	15	19	19	24	17	23	17	8	18	13	24	20	18	18	11	7	14	20	11	8	16	11	15	19	16	14	12	21	16	20	21	19	20	30	32	18	17	15	9	19	33	25	38	31	27	25	22	42	55	36	35	47	55	44	42	55	46	44	43	43	47	57	36	52	44	51	46	39	53	43	41	51	43	53	50	32	37	27	44	39	37	39	50	36	41	36	46	40	45	46	32	48	43	69	59	42	62	38	52	41	44	20	47	42	31	38	29	24	24	39	29	38	35	33	42	31	37	33	28	26	36	38	28	24	45	35	29	16	31	31	31	35	48	65	27	35	56	24	39	38	39	281	335	324	287	304	359	407	331	338	326	344	395	361	371	438	384	381	421	349	372	481	433	482	422	438	421	400	442	532	508	478	485	442	296	294	298	279	306	266	319	305	304	293	223	204	226	239	235	221	248	258	208	207	197	170	225	168	186	189	174	265	268	267	237	246	226	223	245	225	247	247	133	123	125	151	112	139	156	176	141	120	142	136	125	110	106	99	107	147	126	132	115	148	157	135	141	155	152	169	155	151	223	201	213	186	191	173	176	188	181	199	209	158	149	148	144	162	161	168	161	166	202	155	200	188	177	169	199	172	183	220	214	173	183	195	172	193	189	140	145	167	181	160	149	191	184	189	166	206	205	234	184	184	187	196	204	215	235	244	254	233	214	199	217	185	223	214	218	217	220	196	177	194	202	212	224	221	239	285	241	298	317	299	335	330	258	238	237	236	246	305	295	262	295	263	287	262
TCF3	486	570	542	519	604	590	445	374	372	324	417	370	289	267	276	375	380	316	318	395	338	326	145	147	189	162	73	77	96	84	98	109	92	79	81	87	106	77	84	95	68	103	110	84	78	95	78	85	86	74	81	84	82	84	75	100	77	95	81	73	70	84	82	112	107	87	117	124	95	106	126	123	120	96	121	114	150	130	147	120	112	115	107	115	109	101	140	118	130	97	86	107	81	96	84	107	121	96	97	100	112	103	99	114	117	107	104	113	119	114	152	160	149	187	149	134	138	101	120	142	149	143	144	132	133	156	189	177	167	181	161	153	148	167	165	110	109	84	117	119	115	124	102	109	118	122	140	162	144	161	126	137	128	126	82	64	69	86	87	84	86	83	75	77	39	54	46	53	49	57	53	56	52	60	51	53	50	74	52	66	51	62	63	56	57	61	58	76	72	61	77	51	72	60	58	50	57	86	55	68	67	70	69	73	53	58	63	55	61	67	74	61	41	54	64	74	86	85	82	62	73	90	72	65	92	83	91	70	79	80	65	60	81	82	72	64	98	72	76	91	73	102	83	3	3	1	1	1	1	4	4	2	2	2	3	2	4	2	9	5	4	7	5	4	3	5	4	7	11	17	6	14	7	8	11	17	6	14	7	7	14	20	22	19	21	15	26	17	21	18	22	19	15	16	17	11	21	13	10	17	21	9	14	16	13	9	19	16	15	19	20	15	16	10	15	13	33	18	12	22	15	14	19	33	36	40	28	26	34	35	39	59	51	41	49	50	46	54	46	45	40	49	29	48	55	46	54	44	63	32	47	60	43	49	50	35	37	44	37	34	39	51	40	33	41	50	35	39	36	41	45	42	45	43	38	38	57	41	55	49	52	47	47	63	36	44	30	36	32	26	30	35	28	29	30	41	26	25	29	31	28	21	31	25	30	23	29	40	27	41	29	16	27	30	29	47	54	32	38	50	36	36	42	39	273	320	307	294	326	346	319	308	344	314	311	333	418	384	352	367	406	383	392	393	391	448	445	373	404	452	400	426	439	490	446	433	441	254	296	328	306	282	302	330	274	295	295	238	209	188	240	237	211	242	244	254	208	208	206	204	206	193	202	179	257	266	253	201	213	230	227	252	255	244	234	117	140	141	121	154	173	136	175	115	132	142	123	129	129	131	105	104	169	105	138	135	168	175	164	129	132	151	142	140	136	200	226	217	193	162	160	185	193	185	179	181	137	128	143	149	154	157	160	147	141	210	192	199	213	203	208	189	173	186	199	223	215	224	226	146	160	161	174	142	176	165	182	147	170	160	183	170	203	209	208	195	172	185	151	180	237	223	223	250	216	222	172	166	201	208	218	217	192	190	165	189	198	207	245	228	213	215	303	234	287	331	303	286	297	254	215	219	232	239	292	290	268	283	249	273	283
FOSL1	577	640	651	643	722	715	511	442	385	410	444	441	349	259	306	428	434	344	323	425	350	328	187	199	221	216	93	101	92	102	118	93	97	89	97	110	134	112	89	104	94	90	121	104	83	80	85	103	86	91	89	97	94	95	88	98	85	105	84	105	91	100	77	145	115	89	110	125	107	96	125	144	126	124	118	162	154	148	154	144	155	132	115	138	116	111	124	112	130	129	100	108	97	102	95	113	116	102	123	128	130	119	123	122	120	120	145	130	117	117	167	172	170	194	141	161	161	130	137	154	175	153	183	118	157	179	187	205	173	167	192	187	171	162	163	128	144	97	111	155	128	119	146	113	142	132	152	168	178	177	142	140	169	167	93	91	86	77	84	119	78	91	67	81	47	59	45	68	65	54	52	62	58	50	54	58	61	72	49	52	54	59	60	47	47	68	52	63	77	67	64	73	76	64	69	68	69	69	64	76	78	77	69	75	52	60	60	76	61	66	54	57	59	79	75	76	75	88	102	85	76	90	73	83	97	94	82	76	81	81	66	65	87	98	81	69	90	67	82	95	85	102	81	1	1	1	1	1	1	2	3	2	4	5	4	4	4	2	5	3	1	6	4	7	5	4	2	14	7	11	8	11	14	10	11	10	6	11	8	3	10	18	18	20	17	15	17	20	17	15	12	9	29	13	17	27	20	14	9	14	7	9	16	9	13	20	16	13	14	11	19	14	12	12	12	24	35	24	29	16	18	23	19	30	25	25	19	23	19	35	41	60	49	54	53	60	58	65	46	38	39	41	45	35	46	34	53	59	51	44	51	55	47	49	52	49	47	58	36	31	32	34	35	41	39	37	32	52	38	51	53	37	41	44	46	28	62	46	45	59	53	68	47	24	20	37	31	28	37	28	31	28	35	30	32	34	38	30	35	32	44	25	29	27	22	21	24	37	39	39	31	28	33	42	39	32	35	34	38	52	36	38	35	43	337	332	372	343	376	397	413	406	380	343	371	418	407	455	407	418	460	492	411	442	504	482	477	450	479	467	477	476	544	617	536	552	556	292	316	346	335	335	322	327	311	321	329	260	244	239	245	268	241	278	293	275	235	256	218	235	212	239	213	200	289	299	318	224	262	217	255	256	266	313	292	145	158	146	170	178	168	171	179	153	150	146	148	135	138	124	115	143	171	144	138	154	168	184	166	135	189	158	174	185	183	208	205	217	227	177	189	195	213	184	202	203	161	171	167	161	179	180	209	173	182	252	203	197	225	219	210	204	210	213	238	253	241	244	225	178	208	215	189	182	183	193	189	166	228	213	190	169	199	209	224	223	222	215	208	207	254	241	251	240	246	277	244	231	211	225	250	293	209	241	239	221	213	206	260	243	216	257	272	280	305	333	359	359	344	284	224	274	287	362	322	322	299	302	291	291	281
ZNF703	564	623	604	593	692	637	551	436	438	419	494	498	384	339	355	475	470	397	374	451	423	382	172	226	225	217	97	104	104	118	108	105	115	97	109	106	120	111	120	123	126	113	138	128	107	107	92	111	100	103	104	108	113	110	93	110	99	108	92	111	101	105	102	137	108	116	143	146	134	123	140	137	130	121	155	158	177	146	154	162	147	141	150	152	125	128	151	145	132	134	117	134	131	121	110	138	152	117	118	122	138	134	141	130	136	144	135	131	150	147	181	172	174	185	177	178	176	124	130	158	152	171	161	137	150	162	205	212	166	178	168	191	196	192	173	110	124	124	134	131	130	135	118	134	125	126	164	194	170	179	148	156	142	159	79	70	86	72	86	78	83	92	79	86	70	56	59	68	62	65	70	67	59	60	68	56	68	71	83	72	77	72	56	69	72	63	70	75	76	78	71	71	85	74	73	81	78	68	85	91	106	85	91	86	71	78	68	78	67	74	76	67	71	71	85	105	85	81	87	98	91	85	85	77	101	88	85	103	81	98	85	79	92	104	90	102	112	81	101	114	98	106	104	1	1	1	1	1	1	2	1	1	2	2	3	1	3	4	2	4	3	4	3	1	3	1	2	19	12	13	10	12	9	8	7	6	4	7	6	6	12	19	23	23	25	19	24	17	16	18	24	19	21	20	16	13	17	15	16	24	11	15	7	18	10	7	21	29	18	17	19	12	12	16	13	32	29	38	22	28	27	21	13	21	23	36	25	30	28	46	41	51	55	51	51	58	62	54	65	60	55	56	60	42	60	55	60	47	55	51	53	67	52	44	46	30	46	44	41	44	43	46	36	36	57	59	43	41	39	34	52	37	43	46	39	57	58	60	61	53	51	51	48	21	32	50	42	52	37	32	30	31	38	43	36	40	41	39	34	27	45	32	32	34	35	28	38	38	36	36	33	33	35	37	37	34	28	32	29	58	36	30	44	37	334	345	358	351	370	398	353	373	391	330	382	415	441	491	465	408	465	445	440	479	471	499	447	462	437	472	467	452	483	556	493	517	535	301	325	364	344	334	366	383	336	355	348	298	265	290	277	304	285	323	297	333	272	274	257	267	231	250	251	221	350	347	346	288	282	336	303	318	309	309	313	158	165	165	180	185	184	199	206	179	167	182	142	149	154	155	137	136	168	161	156	196	194	218	202	180	190	182	200	182	186	250	244	241	235	189	192	222	208	212	212	213	194	192	203	174	197	198	210	196	185	259	223	287	268	263	253	247	237	250	252	249	263	283	278	222	241	224	236	204	215	238	219	184	232	206	206	219	241	248	241	227	203	254	211	229	264	282	300	302	253	237	193	180	229	216	246	253	216	257	224	201	200	215	266	244	251	257	301	275	342	369	316	325	320	266	267	262	231	279	292	283	287	316	248	270	298
KDM1A	540	663	663	615	683	698	531	441	428	368	489	440	350	327	299	426	465	347	377	416	366	391	218	271	282	245	101	103	96	107	125	105	124	92	108	110	127	110	120	117	94	94	121	91	103	101	102	103	96	101	86	89	86	92	113	112	89	102	109	91	79	100	78	123	106	113	109	108	119	125	134	175	113	134	131	139	179	148	159	117	131	139	145	137	143	129	152	138	139	117	123	134	120	104	117	147	123	100	115	137	127	119	131	119	112	111	133	136	103	115	202	207	163	174	147	189	171	121	135	155	155	164	181	126	147	163	188	212	175	158	205	188	193	166	187	137	127	105	138	150	138	147	138	118	172	164	179	185	175	168	135	156	173	137	94	73	73	79	83	91	92	123	82	91	96	48	57	68	57	65	74	69	72	69	60	59	64	70	61	71	57	63	70	75	58	65	66	64	70	88	81	86	69	66	80	82	73	86	78	70	81	95	79	81	70	81	66	88	85	97	64	86	64	69	82	103	84	76	99	92	73	77	86	82	98	88	98	91	82	93	75	85	81	92	94	80	99	69	83	122	91	107	85	2	2	1	1	1	1	2	3	1	2	1	3	1	3	4	4	4	4	4	3	6	2	5	2	15	9	12	7	7	13	8	9	8	11	12	7	8	23	17	16	18	15	15	10	26	15	22	26	21	30	27	19	25	20	19	18	18	18	12	12	18	16	17	21	15	20	14	13	14	25	20	19	16	34	20	20	21	24	24	19	26	27	39	29	29	18	48	58	56	38	45	59	48	59	60	54	48	57	69	42	58	51	47	44	64	50	53	42	50	47	63	59	57	43	59	36	36	43	50	32	39	47	53	51	34	46	37	57	46	53	44	68	49	50	43	58	64	61	64	54	25	45	45	35	33	41	51	36	27	38	34	27	35	37	47	27	22	35	30	28	28	35	29	38	38	37	56	38	45	52	41	38	43	30	34	41	49	42	40	49	40	330	352	420	362	422	375	354	377	390	363	369	388	387	499	453	425	475	471	451	446	447	520	468	437	454	482	462	434	492	559	526	535	537	301	362	369	328	337	353	353	326	351	374	273	264	233	267	283	297	303	291	302	277	260	229	255	259	201	210	228	311	327	296	285	311	294	307	308	270	290	278	146	177	161	173	208	179	199	198	133	149	166	166	117	157	157	131	126	199	154	164	154	206	191	200	139	196	168	182	185	176	213	259	238	234	167	179	238	224	189	194	199	146	177	179	191	194	181	192	184	169	228	238	229	238	239	238	214	212	216	227	230	243	263	261	165	181	192	194	205	227	244	209	194	215	205	210	222	252	263	218	217	228	228	187	219	295	228	287	297	275	246	240	225	209	233	250	270	247	254	218	235	247	204	290	242	227	244	283	272	318	348	356	345	324	278	268	276	277	299	311	297	267	325	283	298	295
ZNF652	505	521	534	541	625	561	608	516	460	477	507	529	457	433	393	484	471	368	380	389	387	415	274	392	379	365	123	114	117	109	111	98	108	95	113	140	112	106	130	108	97	100	105	117	96	95	106	110	107	96	108	96	94	105	98	114	118	93	105	107	114	104	102	126	108	132	120	126	136	147	158	140	154	130	145	134	169	140	151	142	122	139	133	144	147	118	131	151	135	138	131	123	127	123	107	136	113	119	125	153	149	159	125	113	119	123	127	128	129	128	187	187	172	171	159	202	175	127	135	141	143	140	135	136	139	167	135	161	170	141	186	174	172	158	166	83	140	115	107	119	134	137	103	125	112	123	129	156	132	147	123	129	148	147	82	58	73	62	75	67	79	82	81	68	72	64	71	61	64	64	62	59	57	58	64	72	76	67	74	79	66	68	78	68	68	75	61	69	64	82	77	72	60	62	85	100	99	76	73	62	66	91	82	84	77	88	95	83	91	73	66	64	77	61	94	90	73	85	95	99	82	89	99	60	87	75	106	98	87	86	63	79	101	93	107	78	99	109	76	97	101	103	91	3	2	1	1	1	1	2	3	4	4	2	2	2	4	10	4	3	1	6	5	4	4	4	7	15	8	15	9	11	13	7	10	8	6	18	9	11	26	18	23	19	21	16	15	16	17	24	14	29	25	16	20	27	17	17	14	22	16	15	15	18	13	12	12	13	17	17	15	14	17	19	24	26	27	31	22	26	26	27	25	22	31	24	29	22	21	50	59	44	56	72	58	45	61	72	59	60	56	57	41	49	50	46	49	41	59	38	45	47	62	48	41	53	35	47	35	34	41	39	36	34	43	49	36	37	48	64	61	49	45	46	55	51	41	41	52	44	46	55	60	22	29	41	32	40	41	32	42	39	44	41	33	38	31	36	29	50	47	34	33	33	29	26	31	41	27	35	35	35	30	41	39	20	29	30	27	39	40	43	27	32	305	329	331	317	299	325	336	339	345	350	338	356	379	444	398	410	435	424	415	420	460	446	398	436	421	391	437	406	416	531	458	475	457	345	322	309	340	309	368	359	309	345	354	274	277	291	281	290	301	330	329	306	281	290	320	328	262	294	272	279	331	331	346	306	295	371	303	375	370	337	371	216	204	196	233	204	224	189	203	179	159	149	138	164	144	127	152	153	227	156	161	171	188	182	168	154	170	179	208	186	175	239	232	212	222	164	181	195	204	209	222	210	196	194	207	207	205	189	221	195	227	251	245	260	239	286	287	238	244	265	250	254	251	262	259	228	242	227	233	238	240	227	194	193	240	224	217	196	262	286	237	233	197	223	211	212	291	283	303	270	272	193	179	199	187	178	216	217	222	232	186	187	209	201	258	218	246	240	301	258	312	287	263	297	305	256	238	205	212	298	262	270	232	251	237	245	248
ZBTB3	499	608	621	529	550	591	587	495	458	422	495	494	382	375	352	443	452	339	383	432	394	382	185	188	208	188	105	107	115	131	156	115	132	145	117	124	113	115	138	119	143	129	135	126	96	107	110	132	100	97	107	99	111	102	103	110	105	115	120	107	122	116	120	127	114	129	105	143	96	123	147	172	123	127	165	151	137	141	150	154	146	158	156	135	158	172	142	148	137	143	147	149	134	122	152	138	131	132	140	137	147	141	141	134	154	166	155	153	141	135	197	164	178	176	166	169	143	127	147	152	162	176	154	134	137	159	167	176	159	158	164	177	164	176	180	112	92	103	93	146	115	131	112	125	157	127	146	154	158	160	129	119	123	142	75	68	58	83	77	81	86	91	68	135	74	61	54	70	63	68	88	81	71	63	72	67	93	61	80	69	68	79	65	75	89	66	82	67	78	83	83	80	86	64	68	74	74	81	89	98	107	113	89	86	65	98	72	90	68	70	90	81	77	91	89	96	101	96	93	94	79	89	96	86	105	96	102	102	95	116	91	110	91	95	97	95	103	71	104	130	87	110	101	2	2	1	1	1	1	2	2	1	2	2	2	3	4	5	7	8	5	5	3	2	6	4	4	14	13	15	12	8	16	11	6	12	7	3	5	7	21	22	20	27	12	17	21	19	18	18	27	20	16	21	13	17	17	22	15	21	14	17	11	21	10	19	18	23	20	15	19	14	22	18	12	24	30	25	25	23	30	27	25	34	35	45	28	26	32	72	39	67	41	59	67	59	71	73	55	51	54	56	48	61	75	75	68	52	66	61	63	68	57	56	47	52	50	62	48	46	42	48	37	45	55	57	55	41	46	66	54	43	52	61	57	44	61	65	55	61	53	52	57	28	46	48	40	45	34	52	39	37	41	40	45	48	46	45	40	35	39	23	42	40	34	27	48	40	42	35	38	25	39	38	37	45	41	34	31	44	35	48	50	48	319	332	378	319	350	314	310	332	312	316	314	344	363	444	401	374	412	408	411	417	390	450	374	385	405	401	376	392	496	485	438	449	462	310	333	334	301	348	327	393	311	356	359	306	283	275	294	278	305	333	298	297	285	262	272	276	288	235	253	246	305	347	339	298	330	286	342	330	313	321	334	156	172	166	186	220	206	195	234	142	157	171	158	162	178	191	152	163	187	193	179	163	190	197	199	187	206	197	200	206	192	270	242	230	260	174	181	198	229	241	232	209	193	203	215	195	220	192	222	216	219	260	256	237	237	274	263	262	256	199	227	264	259	265	221	188	201	205	228	242	230	235	208	258	232	254	240	220	234	251	265	227	239	262	235	226	233	262	296	302	269	220	178	176	170	169	203	244	204	226	200	196	195	193	252	210	212	229	288	261	268	288	289	240	273	216	212	245	222	262	291	276	284	268	240	242	246
ZNF770	425	462	527	453	502	452	668	541	490	484	483	561	452	380	366	463	427	343	374	470	424	406	233	360	351	293	133	99	139	92	109	106	109	124	114	119	119	121	140	109	112	103	111	106	107	102	108	113	100	102	99	99	109	117	96	105	118	111	108	108	100	101	95	105	86	138	120	107	104	145	134	189	124	136	129	145	152	158	175	149	131	133	146	150	158	140	126	121	139	128	154	116	124	115	129	126	120	118	157	152	142	137	148	132	134	131	128	129	138	129	174	153	148	166	146	179	156	124	116	136	136	163	144	140	126	155	125	136	132	120	147	154	158	140	135	68	67	79	80	158	111	106	86	109	180	145	101	122	116	133	99	92	117	121	59	36	52	51	39	47	70	96	72	74	107	61	64	67	63	62	65	57	61	71	70	59	77	59	62	70	52	59	69	67	70	63	61	52	75	66	84	85	86	62	78	82	102	82	77	74	77	90	72	68	76	92	102	96	77	71	81	68	73	82	83	90	76	73	109	102	86	77	65	88	92	91	67	91	92	94	79	86	88	80	94	107	132	84	99	125	75	104	79	1	1	1	1	1	1	2	1	1	4	4	3	2	2	5	2	3	5	1	3	1	5	2	7	11	6	7	10	4	7	5	3	5	9	8	5	8	25	20	14	26	21	14	16	21	20	18	20	15	20	12	10	12	9	15	17	18	23	13	10	10	11	16	16	11	13	16	14	15	22	15	14	29	39	19	28	21	31	27	22	24	23	37	13	26	14	67	57	66	68	68	51	53	66	53	61	54	80	69	53	36	48	48	48	53	43	59	44	47	45	41	55	51	41	41	46	37	45	30	37	34	41	34	43	41	36	58	63	45	40	47	61	37	49	47	48	40	37	43	44	21	35	42	49	49	46	39	33	47	37	39	33	36	31	53	34	36	34	32	26	28	20	30	15	33	37	25	53	25	67	43	34	43	20	27	19	37	35	29	33	24	261	274	329	306	281	231	270	269	248	275	291	302	313	391	399	360	346	355	395	374	367	435	254	326	305	311	335	310	387	416	385	373	382	340	293	311	308	337	310	310	335	331	327	322	301	289	300	307	320	294	305	330	297	298	281	318	307	264	283	259	301	359	346	333	319	327	338	362	362	355	380	170	215	205	218	262	225	251	222	137	187	167	150	190	164	185	157	169	174	184	191	162	183	182	206	174	192	177	194	197	191	211	198	203	216	141	200	184	193	229	230	189	168	208	198	204	194	199	231	201	212	263	252	236	270	263	252	222	248	266	236	264	297	282	283	215	196	219	227	265	241	246	191	225	245	238	205	220	259	248	202	228	224	232	219	232	260	255	298	265	248	146	148	158	133	126	194	200	187	198	188	177	164	150	243	178	212	238	240	260	215	220	206	182	207	175	202	155	163	238	238	203	190	196	200	202	193
PRDM15	422	426	470	387	447	425	601	487	401	434	429	471	389	310	345	393	399	319	336	356	336	372	156	259	234	196	107	92	112	125	94	115	100	105	106	120	103	114	112	97	101	107	104	105	81	95	90	90	97	115	94	96	92	107	99	89	111	113	114	96	111	108	98	111	99	90	76	117	101	116	131	116	110	113	124	136	136	135	146	136	126	150	125	134	140	115	112	132	121	116	110	127	108	85	125	103	131	124	130	128	117	118	100	127	128	115	115	119	129	130	141	140	128	147	130	141	153	106	123	144	133	127	121	93	110	135	110	108	123	108	112	129	122	135	113	98	99	88	71	98	110	93	93	95	97	87	109	97	107	120	87	92	111	109	60	41	54	69	54	59	56	48	64	61	61	133	58	64	56	55	48	61	58	62	54	56	69	62	68	64	63	68	63	53	61	63	66	67	61	63	73	62	69	69	71	67	56	76	70	73	90	74	76	83	56	70	76	71	60	61	74	76	75	72	71	75	75	68	63	73	73	83	87	81	68	80	90	82	72	113	89	84	88	87	81	91	69	99	74	67	87	83	87	1	1	1	1	1	1	1	2	1	2	4	1	1	3	3	5	2	2	6	4	1	4	4	3	6	3	8	11	8	13	8	9	9	7	5	9	6	7	32	18	29	23	18	22	20	20	13	22	19	15	15	14	18	8	19	20	9	15	12	10	14	11	10	12	16	14	13	12	18	20	14	15	22	24	34	25	19	18	18	25	27	29	17	24	26	20	37	37	64	64	51	50	51	50	62	55	56	65	48	53	40	57	45	44	49	54	49	48	47	55	33	45	44	44	45	43	34	38	45	40	38	39	37	40	38	42	46	46	52	43	43	47	32	55	47	44	43	39	36	41	21	41	46	44	33	36	41	30	29	38	27	33	43	39	41	38	29	32	30	26	24	28	24	22	29	41	50	20	29	21	31	32	29	18	26	30	25	36	28	30	33	225	242	257	254	238	256	279	240	242	266	250	256	265	358	376	354	327	280	309	326	361	360	273	294	295	261	296	285	334	358	338	333	348	257	243	246	254	256	283	296	280	286	287	242	268	240	243	263	281	257	273	271	291	273	241	282	268	287	245	252	301	330	311	281	292	284	309	298	310	332	353	165	181	173	181	215	191	174	190	191	155	159	134	126	149	147	122	169	156	183	170	168	149	153	151	174	153	185	167	167	180	206	178	180	190	174	157	147	182	187	167	202	184	170	185	174	182	196	198	186	212	253	226	223	248	243	233	227	211	233	226	189	215	212	191	216	232	229	230	191	204	193	206	227	225	212	225	207	211	208	210	220	204	204	229	239	266	247	249	229	205	140	150	131	132	120	169	171	174	203	158	126	146	145	200	194	176	201	227	201	213	219	194	196	237	156	166	160	171	200	194	187	194	188	202	202	183
ZNF572	441	428	444	340	368	365	628	543	448	439	485	512	459	406	405	409	424	336	355	406	428	412	324	413	420	350	89	129	128	125	110	101	114	112	113	110	125	138	128	110	123	103	136	120	115	112	111	106	92	98	106	103	124	113	122	118	109	118	121	122	112	103	99	102	84	124	108	101	112	153	165	151	117	152	141	148	158	134	138	132	154	133	167	141	158	152	136	140	127	119	129	126	131	112	114	122	146	133	130	144	176	147	147	146	171	149	134	136	149	133	129	145	133	163	141	149	160	133	116	139	129	120	128	108	129	137	96	119	108	114	145	140	145	119	116	54	56	80	70	127	105	101	82	99	100	102	94	103	117	106	99	93	102	95	61	38	46	60	46	45	59	57	71	54	64	58	57	66	62	50	69	63	66	53	53	61	65	74	67	67	62	69	57	82	69	74	74	59	80	55	52	69	54	73	81	71	68	93	89	83	88	96	87	92	93	84	82	75	72	63	77	79	78	86	83	82	78	72	98	107	75	89	98	79	82	99	84	96	101	106	95	102	92	102	96	102	107	102	106	101	72	81	83	1	1	1	1	1	1	1	1	2	3	3	4	1	2	9	9	5	4	7	5	3	3	5	5	13	10	8	9	12	6	9	8	10	9	7	7	8	15	21	18	19	19	15	19	17	23	21	23	24	24	8	17	17	9	17	8	14	21	11	13	15	9	12	14	9	20	18	22	11	12	21	10	42	29	38	28	21	28	23	34	25	27	41	29	22	27	50	68	45	57	70	50	45	66	62	60	62	72	73	65	50	56	50	54	57	65	48	64	53	48	43	48	44	43	47	47	41	44	47	36	41	47	45	42	36	36	56	43	39	46	48	53	51	58	50	53	54	37	38	29	32	37	46	37	36	42	36	34	32	33	28	37	35	42	47	38	36	32	29	30	32	29	29	25	46	28	26	33	31	38	41	31	31	32	30	32	25	33	23	34	32	221	235	267	243	272	194	227	218	239	227	231	230	261	324	367	348	308	298	325	303	401	350	217	266	252	232	241	242	309	296	313	288	287	275	263	267	282	286	273	295	296	289	318	310	315	290	296	299	304	296	340	313	335	317	314	318	271	296	277	277	293	320	348	340	328	335	355	410	349	378	374	223	160	162	248	204	184	207	208	161	183	173	159	139	163	176	154	168	170	200	186	151	202	177	193	177	188	168	193	193	192	213	174	206	207	148	164	172	172	202	207	196	202	188	202	206	192	221	218	213	222	296	259	241	252	266	247	253	241	271	263	237	244	237	249	233	244	236	240	233	234	235	202	255	243	219	226	234	244	257	231	229	234	218	233	258	263	275	260	266	215	151	148	100	113	94	151	175	161	183	151	141	158	153	180	169	188	202	245	219	172	192	174	177	172	123	164	130	146	198	151	158	189	183	162	180	162
ZNF354B	446	466	476	356	418	401	590	501	465	449	527	505	392	366	375	406	439	323	351	408	376	368	200	263	253	216	100	125	119	122	126	153	129	138	147	97	147	142	123	107	120	128	131	134	107	128	120	117	122	126	123	120	128	126	120	130	113	138	119	118	117	136	114	106	97	122	114	114	138	129	152	135	112	136	158	173	162	149	140	165	151	180	150	166	181	171	150	161	142	118	131	130	139	143	154	152	170	142	138	166	144	147	156	147	170	139	146	133	147	179	140	155	151	168	140	151	149	143	136	148	130	140	129	124	138	162	133	142	147	139	136	133	152	135	141	64	93	83	72	110	119	101	74	87	100	103	111	100	106	122	98	86	101	92	62	50	40	58	53	68	68	68	61	70	67	64	66	73	81	67	87	73	81	81	81	76	87	79	85	73	98	93	67	65	70	85	91	80	76	75	89	76	74	69	68	82	59	95	95	98	102	108	109	107	66	98	76	88	91	92	95	78	87	91	83	85	104	78	77	100	111	101	107	101	112	115	94	102	91	101	108	109	122	114	98	105	111	95	106	106	105	101	101	2	2	1	2	2	2	3	6	4	4	1	3	4	3	6	7	5	5	7	3	3	7	6	4	4	10	12	15	15	8	8	11	7	11	12	6	8	15	29	26	25	16	26	20	28	29	25	21	31	20	15	13	13	16	20	12	12	29	18	17	15	13	15	16	15	21	21	18	22	18	24	25	31	34	29	30	30	26	29	25	39	38	35	35	40	31	50	59	84	53	47	68	70	62	74	76	60	67	71	69	57	83	64	61	75	64	59	57	76	67	43	42	40	40	46	60	48	55	54	65	60	48	62	44	45	46	54	49	60	59	64	48	59	75	48	55	72	44	45	50	48	37	54	45	52	37	43	42	40	43	46	40	45	50	40	42	35	40	36	39	30	47	30	37	23	39	34	31	31	31	45	40	34	43	29	22	30	38	34	31	30	243	239	294	258	276	203	270	237	229	251	244	255	243	393	326	350	318	315	291	276	402	350	280	287	274	309	280	263	345	326	311	310	333	288	298	267	269	291	263	343	321	329	310	324	300	293	284	289	302	306	285	307	329	290	274	293	265	287	283	258	334	375	357	331	332	328	356	322	333	332	335	195	185	186	186	201	208	210	220	186	172	162	175	166	173	177	168	176	176	217	209	189	199	177	183	181	193	172	182	189	210	207	222	207	230	206	184	181	186	218	225	212	216	200	207	214	194	204	205	211	217	274	251	256	255	268	263	272	263	249	270	274	220	208	250	209	243	245	260	229	220	219	222	261	248	231	255	240	273	241	246	214	249	250	250	240	257	283	293	299	275	159	130	109	126	123	169	174	154	202	140	141	146	163	177	210	205	203	242	228	175	204	214	173	177	159	164	138	153	203	165	182	170	192	202	188	199
KLF15	370	436	420	322	328	352	629	537	538	486	534	526	473	474	415	442	416	324	353	379	408	377	156	233	230	184	134	126	148	143	124	159	138	136	160	110	136	111	128	130	146	155	141	152	125	139	126	121	135	117	123	119	113	138	125	137	153	147	137	127	124	137	108	127	107	131	121	120	111	151	173	161	120	120	156	140	155	152	159	152	159	179	193	183	187	193	170	173	158	113	136	148	157	162	165	161	176	185	183	159	147	163	161	162	168	152	153	166	166	171	144	139	163	162	167	161	144	131	152	151	136	135	128	122	101	127	106	121	121	111	111	122	140	138	131	63	66	74	71	104	101	89	89	68	92	83	85	85	118	102	87	82	76	83	48	40	37	54	49	65	62	57	64	63	63	56	62	81	87	75	85	93	84	88	66	77	92	91	99	98	87	103	82	78	92	110	97	88	78	85	89	80	77	70	70	87	76	114	99	107	102	107	109	103	94	118	98	101	83	86	101	98	99	97	72	102	98	97	104	103	116	114	87	110	107	101	92	96	105	106	118	108	127	134	108	129	119	101	102	96	83	91	79	1	1	1	1	1	1	2	3	2	2	3	2	3	1	5	10	3	5	6	4	2	6	2	4	6	11	13	14	9	12	13	11	15	5	11	9	8	12	25	32	19	18	20	30	22	27	19	24	38	12	8	9	10	15	25	17	24	12	15	12	15	10	14	19	19	20	15	30	20	19	19	19	20	24	28	27	36	38	40	28	31	25	37	44	45	35	69	54	84	55	61	74	87	57	62	81	80	71	68	52	63	76	76	77	55	60	59	67	62	68	39	55	42	61	41	52	65	54	63	61	59	56	50	57	56	53	47	61	55	73	68	53	62	58	52	56	60	34	46	31	67	35	43	61	52	54	47	42	47	52	36	53	51	38	47	34	41	40	35	36	39	46	42	33	40	37	35	22	25	39	48	43	43	18	18	18	15	22	37	33	23	193	191	249	214	230	166	197	191	177	202	202	210	210	341	318	304	263	246	288	254	331	322	229	223	244	242	228	217	290	276	273	267	276	274	288	233	277	286	292	312	307	327	341	347	337	300	312	327	293	340	307	332	373	357	330	344	358	296	289	303	334	368	369	333	399	349	407	430	399	380	324	199	222	224	213	231	260	227	251	200	183	195	195	177	174	196	188	209	206	212	213	217	213	194	212	208	199	215	194	194	215	211	229	213	228	206	177	189	204	240	217	232	225	198	206	178	234	196	226	214	222	294	274	309	299	290	285	295	307	246	242	271	223	215	232	227	220	225	274	267	261	239	268	267	259	235	282	270	266	231	272	248	257	231	236	251	258	272	271	293	283	134	129	122	120	110	128	156	157	177	127	115	149	164	168	185	191	185	256	226	160	185	155	144	144	130	127	130	138	188	152	144	148	167	167	181	170
ZNF83	373	395	418	314	351	293	654	560	490	461	514	508	452	418	404	419	416	332	355	394	423	402	162	249	255	191	128	116	137	127	123	142	143	143	138	113	133	117	130	116	121	149	137	130	130	141	127	114	137	115	115	93	129	100	125	147	118	131	131	125	124	118	107	109	104	146	121	121	99	158	153	155	118	117	158	141	170	143	143	129	143	160	156	167	166	171	174	175	161	110	124	147	141	161	143	158	163	164	138	127	159	160	149	133	134	150	143	156	157	152	127	153	164	154	151	147	126	116	136	157	99	142	125	116	124	132	115	118	110	110	127	132	149	123	126	50	48	63	61	131	94	96	86	80	91	121	86	94	90	101	70	76	74	73	52	34	43	47	57	54	65	65	64	68	62	55	50	67	75	79	87	83	81	87	74	72	72	70	90	90	80	102	90	89	85	86	88	86	83	80	92	77	85	69	76	83	83	111	95	91	93	108	108	102	79	79	95	99	102	91	108	87	80	81	77	89	116	105	78	107	96	98	95	104	94	91	90	95	115	90	123	115	107	98	111	112	104	91	100	106	71	81	86	2	2	1	1	1	1	2	2	5	3	1	3	2	2	3	10	7	5	7	3	3	6	3	4	7	15	23	16	11	16	12	16	23	5	8	9	7	17	15	26	23	21	18	27	29	30	24	30	24	13	9	11	13	17	19	20	22	17	22	14	18	11	21	20	16	20	15	27	25	24	23	22	22	27	26	24	29	42	29	35	29	30	43	42	46	44	92	53	89	56	51	80	84	71	67	59	78	62	88	67	80	84	63	70	61	62	74	71	69	61	44	71	52	41	56	55	53	53	61	65	63	62	54	49	46	44	42	49	66	71	52	67	55	61	50	50	51	41	39	36	82	33	46	58	47	62	54	44	49	57	44	37	44	38	53	29	32	44	32	31	36	45	41	40	33	29	37	21	27	37	40	27	49	27	14	17	16	31	33	12	26	203	205	261	243	239	153	178	183	192	232	195	222	214	323	339	297	255	253	304	282	299	331	195	230	226	227	204	208	289	255	294	247	253	269	272	268	297	278	306	318	300	309	330	337	304	287	327	314	306	314	327	326	340	323	335	301	308	285	281	279	318	334	349	332	351	350	390	398	372	351	355	188	213	216	199	232	257	230	245	196	181	173	164	182	165	211	193	192	216	209	231	194	213	216	217	183	212	195	207	189	199	219	235	222	235	184	161	169	192	210	183	217	200	207	212	196	209	207	221	231	205	308	288	300	271	293	279	270	281	242	238	226	241	250	238	229	217	223	272	243	227	262	259	259	252	238	258	223	258	258	237	230	242	272	250	248	255	273	284	290	254	101	104	102	106	95	152	175	159	168	136	126	149	154	205	162	201	194	245	241	148	190	149	114	141	122	146	105	133	189	142	135	158	156	161	163	159
ZNF318	381	435	408	334	361	321	659	579	557	495	570	543	464	481	442	462	419	358	391	400	432	411	175	227	243	208	115	130	143	157	166	155	167	155	143	126	159	141	142	128	138	140	146	131	138	128	123	107	128	108	128	115	134	97	138	140	126	147	142	141	138	151	107	103	104	139	143	132	132	197	179	155	147	147	145	153	171	147	198	144	170	186	187	167	202	206	187	174	175	114	141	165	156	172	172	172	171	192	179	135	165	181	162	166	171	172	165	184	178	163	143	149	195	185	152	172	150	143	162	155	132	163	122	128	128	146	134	140	112	127	116	143	145	127	176	58	63	61	59	125	115	95	76	103	115	114	93	109	100	111	80	80	76	84	57	39	49	50	53	52	70	74	62	88	65	48	69	87	85	87	95	95	86	86	90	73	85	88	89	87	89	130	91	106	104	109	101	90	87	71	108	82	92	83	80	67	76	110	110	111	119	124	100	97	98	82	101	113	91	87	118	93	83	93	83	117	117	97	98	104	114	127	113	117	100	114	98	112	105	120	134	139	120	139	116	130	124	108	99	115	78	103	93	3	3	1	1	1	1	3	4	4	4	1	6	2	3	8	8	10	8	6	5	4	5	5	10	9	14	22	12	14	14	14	14	14	8	6	10	6	17	25	34	33	21	21	27	29	29	28	49	28	14	18	12	9	16	25	22	25	12	16	12	17	18	13	29	16	19	15	21	24	25	16	16	29	34	23	29	27	41	29	45	39	37	46	29	46	35	109	65	92	75	52	93	93	84	85	85	77	77	71	71	76	88	77	76	65	70	66	71	85	68	54	73	53	56	55	60	57	51	62	67	67	65	55	65	45	54	50	55	69	79	75	67	60	62	57	56	57	44	44	42	56	60	47	68	50	46	61	43	47	58	55	41	52	56	37	45	41	44	33	39	47	43	38	45	40	49	37	25	30	38	44	31	51	22	22	26	23	30	36	47	31	240	236	283	238	254	185	196	233	221	217	238	230	251	384	328	340	290	281	338	301	311	348	239	257	269	256	231	253	350	275	326	292	303	314	276	290	292	278	312	334	293	311	357	375	344	297	325	313	303	352	347	335	400	376	341	340	345	301	333	307	371	399	380	325	425	361	454	470	428	406	357	210	196	196	195	249	251	245	284	185	191	206	196	201	175	226	182	218	214	227	250	227	223	220	233	218	207	207	208	195	226	201	244	244	270	201	183	206	223	242	217	236	216	217	238	222	249	216	244	238	212	334	303	278	295	295	300	296	310	258	260	265	297	263	276	212	221	226	290	262	248	291	297	301	253	256	286	271	273	274	290	259	294	257	259	263	244	290	276	299	291	119	113	121	117	113	153	174	160	155	136	135	146	178	204	186	201	173	246	262	161	208	172	151	161	138	167	150	156	189	170	173	175	197	177	170	194
LBX2	399	426	450	302	351	317	692	596	556	507	571	559	462	457	449	457	447	368	394	398	455	426	141	243	243	192	107	139	148	158	160	168	179	172	163	116	142	157	140	132	141	141	143	147	127	123	153	140	141	147	126	134	128	124	126	145	149	155	129	140	155	151	98	113	112	117	113	130	139	163	160	149	117	148	154	150	179	163	174	166	167	211	184	188	197	198	196	199	181	144	141	168	145	151	172	189	198	186	183	132	174	186	175	158	175	167	166	168	163	172	139	149	196	160	150	162	157	130	158	154	113	153	127	126	129	149	117	114	119	117	147	134	139	141	148	56	64	73	60	120	122	98	87	77	81	109	95	100	95	112	79	78	83	86	47	50	43	53	56	62	67	69	59	81	57	61	63	73	93	83	95	103	94	95	83	80	97	93	101	96	103	133	92	99	95	108	104	95	98	97	108	83	92	71	89	61	91	121	99	110	126	128	126	121	106	86	98	110	101	102	115	93	106	88	88	117	106	112	85	109	116	126	126	112	103	122	109	106	126	123	139	137	127	124	127	142	107	120	120	106	91	95	95	3	4	1	3	2	2	5	3	5	6	5	2	6	4	6	15	4	7	11	8	6	6	5	6	10	13	22	22	18	15	13	18	19	8	9	10	13	21	30	36	26	26	28	34	31	40	34	35	34	14	14	10	16	21	27	25	29	18	26	22	17	18	25	24	25	18	22	35	29	23	23	23	37	30	35	34	30	44	44	45	36	40	47	40	47	39	81	48	98	71	54	84	93	69	91	87	93	70	85	75	90	86	73	81	70	84	67	77	74	72	49	70	63	57	58	59	59	52	70	69	65	55	61	59	48	55	63	58	69	78	78	61	72	61	57	56	65	46	43	48	71	54	59	61	53	43	68	42	47	50	64	52	46	65	40	48	44	45	57	38	36	44	53	50	16	45	41	30	36	40	48	42	50	16	18	18	21	21	28	39	34	214	212	237	225	231	160	198	215	184	206	214	220	238	379	359	308	306	270	326	279	349	333	215	254	244	237	219	214	298	275	272	268	294	300	299	273	292	277	298	338	312	342	348	355	359	297	339	330	318	337	334	339	406	362	346	327	333	333	366	329	362	398	374	358	447	364	475	456	408	401	379	227	203	207	201	262	238	220	272	192	190	208	228	177	198	217	195	220	196	231	239	221	232	193	233	200	197	229	208	223	222	226	250	240	264	197	158	206	195	208	196	229	235	254	245	212	247	247	281	258	236	331	296	313	315	298	295	300	320	277	267	242	271	272	265	252	244	250	324	273	251	256	300	318	273	272	295	281	280	258	278	244	261	265	266	281	248	304	303	320	290	123	126	111	97	102	145	178	175	141	146	127	153	171	192	157	198	172	247	247	135	183	189	148	153	130	149	109	129	174	141	137	150	166	174	177	163
ZNF571	399	464	455	326	374	364	610	509	517	447	562	528	433	413	403	437	440	331	370	382	404	362	159	213	201	193	96	126	146	150	153	161	158	159	147	105	167	141	129	138	157	144	144	145	116	137	151	148	132	144	133	143	111	121	125	139	130	155	133	137	128	142	114	97	106	123	141	129	154	127	153	152	133	137	156	164	181	151	166	177	172	190	183	194	175	192	185	176	156	138	140	146	144	169	174	171	182	175	183	142	175	161	173	171	171	157	153	169	161	192	144	127	171	184	144	173	150	163	140	152	148	139	112	143	133	143	130	149	119	133	115	130	154	146	155	61	76	74	60	135	117	92	76	87	99	109	122	93	94	115	83	94	65	74	54	39	48	48	52	58	59	72	57	71	61	58	66	81	84	81	86	94	97	81	79	79	91	100	83	82	103	119	86	88	94	104	93	94	101	92	88	81	80	82	88	67	79	117	88	104	117	115	103	112	101	103	108	95	82	94	94	102	114	100	84	112	91	91	83	103	110	134	101	119	117	118	89	110	109	120	133	140	133	122	115	132	102	129	109	101	91	104	114	3	2	1	2	2	2	3	2	4	5	2	1	4	3	9	10	4	8	8	3	6	7	3	8	9	17	19	20	14	10	10	16	14	7	10	14	9	18	22	29	23	24	23	20	29	31	25	26	30	18	14	13	19	17	23	18	28	18	23	16	19	15	20	19	18	19	11	26	23	22	20	21	35	38	31	28	25	32	29	34	35	41	45	38	41	37	89	55	101	63	65	82	80	79	69	81	89	72	78	69	69	82	76	66	70	61	62	72	74	67	65	59	55	60	57	53	63	58	60	66	60	62	52	56	57	45	61	53	69	71	80	57	61	55	53	54	70	43	32	37	61	52	50	48	50	46	61	42	36	45	43	47	48	64	56	46	41	39	47	41	36	43	44	43	26	43	36	33	27	45	42	34	42	14	18	27	20	24	26	41	35	215	219	281	237	276	170	209	210	195	187	218	217	223	357	337	319	273	270	317	288	373	337	248	244	250	248	222	231	329	282	296	279	301	287	309	281	268	251	262	326	328	324	328	337	383	291	314	293	261	330	307	327	387	340	309	302	324	285	297	281	332	414	383	382	406	341	416	405	389	400	345	199	179	182	176	250	212	227	238	196	174	211	184	189	195	207	195	206	186	219	226	209	239	195	254	199	201	204	193	225	211	211	249	231	239	189	179	203	203	204	192	209	225	225	212	207	222	226	265	222	222	336	263	269	301	271	258	295	302	280	260	242	245	260	264	227	212	240	266	254	225	253	268	290	260	268	277	286	278	257	270	264	278	245	274	269	231	311	266	297	296	153	126	106	115	119	156	169	183	170	147	142	170	182	208	181	209	209	240	236	157	204	190	153	159	140	147	126	155	168	152	165	180	176	177	186	177
ZNF256	407	428	452	330	348	390	672	595	532	462	555	509	450	445	422	452	421	351	389	397	454	419	155	255	255	216	132	142	156	153	144	174	151	151	151	119	152	126	137	150	139	163	128	149	113	148	124	129	154	119	112	119	129	126	136	153	139	143	141	139	119	144	128	126	102	120	101	153	112	157	173	133	120	121	147	156	163	162	158	176	175	208	195	186	199	198	210	195	188	127	152	163	155	154	168	189	172	157	178	137	154	163	154	160	184	165	166	163	171	188	148	145	183	173	152	147	131	126	165	160	144	154	127	117	114	135	119	138	126	122	132	102	131	133	137	59	59	81	59	108	110	86	83	89	99	98	108	85	105	94	93	81	69	90	50	38	46	69	60	50	60	69	58	63	71	62	53	81	88	87	86	95	81	105	90	93	92	87	105	93	106	123	97	84	94	106	96	102	85	93	104	86	89	77	96	87	78	122	110	108	103	112	110	102	85	104	96	124	93	112	100	104	103	83	85	101	118	107	99	97	123	138	124	107	104	112	111	108	102	112	119	115	155	118	109	123	117	95	103	100	90	110	95	1	2	1	2	1	1	3	1	5	4	1	2	5	2	7	13	8	5	7	7	5	5	2	3	11	13	31	24	15	21	16	25	32	12	5	6	8	19	21	33	29	26	23	38	33	45	30	25	35	21	22	11	14	18	28	21	25	25	24	18	21	15	23	20	22	15	22	33	30	26	24	27	27	24	32	25	33	42	32	36	48	42	52	57	65	59	72	46	120	58	56	96	87	65	84	76	85	86	82	70	90	91	83	72	61	81	61	76	80	78	50	57	52	46	64	69	54	68	86	85	66	46	61	57	56	52	47	52	71	82	76	67	55	68	68	53	65	40	33	41	113	53	60	70	52	63	62	42	38	52	54	59	48	39	48	38	41	45	45	34	36	52	53	48	46	35	33	35	33	37	39	32	55	32	23	23	20	34	38	39	26	214	236	269	226	241	169	240	230	200	252	241	238	230	312	344	305	300	276	318	299	336	350	232	252	245	255	239	239	313	288	302	294	291	283	296	248	308	266	322	339	289	362	355	349	353	297	347	314	314	336	332	296	368	308	351	316	314	276	296	324	376	398	365	323	388	320	411	415	408	341	369	207	215	232	210	238	270	255	251	184	209	214	184	173	177	210	207	211	206	213	237	225	226	186	199	217	186	204	216	190	213	238	276	237	244	208	176	184	218	246	233	232	224	214	198	214	219	218	221	233	231	279	281	322	299	283	277	274	302	273	281	288	229	237	249	205	232	237	288	282	235	238	280	285	256	250	274	259	277	259	281	229	268	260	253	275	253	288	297	329	318	137	129	121	102	114	156	169	161	169	146	153	159	165	211	178	202	201	265	240	170	161	169	149	166	136	167	142	134	173	151	149	160	184	174	181	164
ZNF827	424	394	443	304	356	340	671	566	499	480	544	541	448	413	396	418	415	353	389	417	429	422	167	242	245	214	138	136	123	150	121	150	129	146	142	114	148	135	142	132	156	145	131	148	124	148	116	115	130	124	141	118	119	135	119	132	121	136	124	132	138	137	123	114	97	108	103	136	114	147	152	136	149	131	160	179	153	145	142	179	169	182	185	193	195	166	150	171	160	138	150	174	167	151	165	152	170	174	177	142	165	152	160	146	161	167	165	172	172	183	138	146	178	171	155	155	146	135	145	170	135	134	116	120	137	146	111	129	134	125	128	117	142	128	124	63	61	78	75	105	107	95	78	89	109	97	109	92	100	102	74	78	73	79	59	41	42	41	51	54	68	60	64	72	70	54	53	81	66	74	90	83	79	90	81	87	93	62	100	90	86	101	81	84	93	89	80	89	98	93	82	77	79	81	70	100	75	97	92	111	110	122	100	107	84	90	92	101	88	88	92	101	92	92	92	106	101	103	98	119	110	116	122	95	99	109	107	112	116	111	114	126	132	120	122	114	111	95	106	99	105	91	98	5	4	1	2	2	2	5	4	7	6	2	2	4	7	7	13	6	6	11	7	5	8	7	11	8	14	15	12	20	12	13	13	17	9	10	16	9	18	19	23	24	23	23	28	22	27	20	30	28	13	21	21	15	16	22	21	24	21	17	14	22	19	17	19	18	22	22	27	17	26	17	17	32	27	34	24	25	31	41	29	39	33	36	39	41	36	67	43	96	50	52	73	76	54	76	88	72	75	68	72	62	77	71	67	63	74	61	64	74	58	35	48	46	60	52	57	59	55	59	56	49	68	51	56	49	48	44	54	55	60	52	54	48	53	56	59	61	43	43	45	64	49	48	58	52	51	53	57	37	39	49	49	52	51	41	36	25	32	38	35	38	44	38	50	27	39	42	31	31	33	42	44	40	29	23	27	18	32	35	48	33	217	228	257	233	256	168	222	215	190	212	219	211	230	365	358	319	310	266	299	301	368	350	214	247	256	249	237	228	311	293	301	288	289	275	281	272	290	255	309	328	317	314	351	344	330	290	345	337	319	352	333	319	354	313	323	293	306	291	324	310	338	418	368	372	371	327	386	379	403	359	378	204	214	223	185	244	256	229	241	207	180	189	185	180	182	199	175	207	203	223	214	204	209	202	196	210	205	213	207	201	222	228	239	236	220	200	183	199	226	237	240	240	226	233	215	209	211	221	227	226	231	296	285	295	294	308	302	292	295	264	269	272	255	252	248	221	250	261	275	254	217	267	250	274	267	243	259	245	275	251	248	230	264	253	263	248	263	301	307	296	270	127	128	125	124	111	143	149	187	195	144	144	159	162	199	173	203	185	242	241	159	180	172	149	159	136	156	120	132	159	152	163	162	191	159	163	157
CHCHD3	421	437	432	311	379	358	681	564	509	484	536	566	453	455	460	426	434	341	339	409	440	395	172	263	261	224	138	134	131	145	133	141	152	151	159	129	142	119	134	127	134	139	131	144	122	135	116	131	135	135	122	143	122	115	126	133	132	136	123	132	134	147	115	111	90	130	111	122	147	155	161	133	114	130	163	172	176	141	162	182	171	181	164	186	190	189	173	171	166	149	160	137	146	142	167	155	169	168	164	157	159	163	170	163	154	161	153	167	154	174	144	137	172	171	134	154	162	148	139	162	127	142	119	114	139	157	111	131	114	135	129	128	170	139	142	76	74	69	61	122	102	95	85	93	101	105	85	90	100	124	85	81	83	96	55	40	43	52	53	58	56	59	72	67	59	56	61	76	77	72	73	80	79	93	87	67	92	97	101	89	90	109	69	87	93	88	83	78	82	87	88	70	94	71	77	96	85	107	110	104	112	109	116	108	75	88	104	104	79	98	90	76	96	79	81	99	103	97	79	106	117	112	107	94	87	113	92	100	103	127	124	129	118	125	121	123	106	95	99	94	81	104	96	2	2	1	2	2	2	3	2	4	3	3	2	3	4	3	9	5	7	7	3	5	3	4	4	14	17	20	16	14	13	13	11	17	7	9	10	9	19	20	29	27	28	20	30	28	31	31	22	32	15	8	11	18	9	30	19	23	19	17	18	18	18	18	19	18	16	23	24	28	18	19	21	36	28	34	33	30	48	36	30	39	35	41	36	47	27	78	56	88	60	54	81	80	74	70	70	79	69	91	74	59	69	65	70	76	68	72	61	70	65	39	64	49	55	58	52	48	60	61	59	59	61	48	47	43	57	49	57	70	65	49	59	65	60	63	56	66	38	45	47	57	41	49	59	61	57	57	51	44	55	53	49	49	48	48	44	37	45	49	33	28	46	45	46	33	38	46	31	41	38	42	33	55	23	24	21	24	31	28	26	24	214	226	260	246	247	164	230	215	208	217	226	223	217	362	349	346	318	272	316	290	343	332	247	262	251	247	248	225	305	314	301	281	310	283	289	271	273	269	313	327	309	342	340	340	355	310	330	315	326	340	297	307	356	334	349	344	308	315	312	306	345	407	388	361	388	362	422	392	386	391	385	233	212	219	221	252	251	226	228	204	194	196	190	183	172	207	192	212	187	233	200	208	216	193	215	192	195	198	191	202	224	206	241	230	242	188	169	189	204	227	232	246	224	232	232	218	205	216	241	229	231	283	284	298	299	303	289	290	311	252	258	279	245	246	249	222	256	246	297	272	238	254	268	289	266	265	251	256	274	244	254	246	273	288	261	264	229	276	287	305	296	137	144	111	119	110	147	182	183	175	149	137	157	170	203	165	196	201	222	243	164	196	191	147	174	130	155	128	138	183	158	158	159	174	184	173	179
CREBL2	487	499	488	335	392	398	723	642	585	535	611	600	481	485	483	451	492	386	402	423	474	456	191	231	222	218	142	145	160	156	155	142	149	161	162	144	164	143	164	148	143	171	161	151	129	154	147	124	134	143	145	156	139	136	129	129	137	150	145	133	131	158	117	132	113	126	109	146	152	152	161	161	119	130	187	220	172	190	199	190	195	211	206	194	215	200	187	177	155	168	192	172	185	176	175	186	183	172	179	177	170	177	173	172	168	181	186	184	173	168	157	173	188	194	184	181	172	181	145	202	158	152	130	118	154	164	125	133	128	141	133	122	159	147	134	77	82	69	60	119	147	99	102	95	101	108	126	105	109	137	91	98	86	103	47	55	47	68	50	61	68	64	76	93	77	69	65	87	92	72	85	97	91	92	93	92	107	95	113	87	91	105	94	90	106	106	105	90	99	94	101	81	88	100	91	95	78	108	105	116	116	135	114	121	86	106	123	107	103	82	108	96	107	110	101	96	111	89	102	129	114	133	132	135	122	117	110	125	119	145	122	129	132	132	121	138	108	105	94	89	107	103	101	1	1	1	1	1	1	4	2	2	2	4	1	1	2	11	3	10	3	4	3	5	4	5	6	6	12	16	13	12	12	10	11	11	2	2	10	8	17	25	33	23	25	28	21	35	36	25	28	33	23	19	14	16	15	29	27	26	23	15	19	24	18	18	16	22	13	28	25	21	19	23	22	31	29	33	30	26	40	44	39	38	37	30	35	35	29	85	61	81	56	52	83	83	64	86	79	86	82	73	65	76	67	67	71	73	69	69	70	79	85	46	51	42	54	59	63	61	57	54	67	56	66	47	65	56	66	63	53	61	63	63	71	65	68	64	67	70	36	44	49	37	51	52	60	60	48	63	48	40	55	50	43	52	64	47	46	46	41	40	38	43	49	48	52	34	54	26	34	38	42	44	43	45	29	21	16	15	39	29	41	28	226	226	281	236	262	177	274	221	227	249	252	256	253	416	370	385	309	319	347	293	413	361	244	277	268	250	264	229	339	335	304	295	306	338	316	311	281	294	311	394	391	378	364	384	385	316	342	357	359	389	357	336	378	380	378	372	360	336	345	344	408	434	395	368	435	389	483	434	420	412	453	239	242	250	229	260	284	249	318	206	220	225	213	210	208	241	218	206	207	258	230	205	238	229	215	226	238	223	237	222	262	270	267	255	264	226	182	233	239	247	241	266	261	254	262	234	257	241	292	296	267	316	324	328	320	338	321	327	343	277	324	285	267	254	265	277	299	262	301	289	253	288	270	318	300	301	288	279	318	295	285	289	308	302	301	294	292	337	337	330	336	145	130	97	117	115	159	203	177	213	158	136	180	157	191	187	200	206	256	255	171	196	184	163	190	142	150	138	150	203	167	154	184	201	196	180	178
ZXDC	438	463	479	353	398	359	681	577	559	503	593	580	509	475	446	505	439	390	402	431	460	442	196	259	256	216	158	131	143	161	155	151	173	158	145	136	167	132	134	160	152	138	149	136	127	123	147	121	140	121	124	135	133	134	137	154	158	154	137	115	128	117	113	124	126	127	154	123	132	180	172	156	134	156	162	161	191	165	171	161	184	185	181	166	165	180	197	180	158	154	150	153	153	163	168	172	175	187	195	144	179	198	171	171	163	151	157	163	174	163	149	146	161	201	151	175	160	156	136	159	145	138	146	131	134	164	135	140	140	152	147	140	161	147	138	52	78	77	72	136	115	106	96	108	91	126	95	104	113	120	91	69	96	92	66	56	47	64	74	72	71	70	67	61	59	62	74	79	91	70	88	93	100	87	62	97	95	105	83	107	86	119	89	97	102	86	100	95	93	94	99	81	93	76	87	98	77	113	86	108	124	102	113	116	107	76	106	101	105	90	101	105	103	81	103	108	109	107	99	116	117	125	113	107	106	120	112	118	123	136	125	132	132	123	130	153	103	113	114	112	99	107	112	3	2	2	2	2	3	2	3	5	6	4	3	4	4	9	13	8	8	8	8	4	4	4	5	9	15	22	18	22	10	15	12	18	7	11	16	11	13	24	22	33	20	24	29	27	31	26	30	40	13	11	15	9	16	19	17	22	36	17	21	24	15	15	19	17	23	13	31	20	28	14	16	29	30	28	19	24	35	39	34	36	45	48	38	42	35	71	75	93	89	60	79	85	74	79	86	78	73	89	66	73	72	74	68	80	77	70	83	65	66	48	60	50	69	43	50	58	49	75	62	61	50	59	45	47	59	53	72	67	74	65	63	62	73	56	55	66	49	50	49	69	40	65	56	43	58	51	37	42	50	44	53	52	48	47	38	52	24	52	34	45	54	41	35	40	48	53	26	26	27	35	33	44	39	25	18	26	36	37	37	37	249	241	248	271	254	186	204	211	231	240	258	253	274	357	412	354	309	284	353	320	367	360	246	281	249	276	279	269	325	325	311	305	309	310	331	300	319	300	316	340	351	346	373	359	348	313	335	351	322	325	357	355	376	365	362	351	349	330	332	313	360	385	394	383	391	378	395	448	414	404	369	231	234	251	231	256	277	229	266	200	208	198	206	189	183	201	196	222	231	243	202	220	236	206	225	230	200	213	225	216	232	219	257	249	230	220	184	213	196	237	218	241	221	226	251	209	234	254	251	238	243	355	310	299	306	300	273	288	303	295	294	282	251	275	271	241	264	230	294	261	259	271	303	281	270	251	268	264	300	291	261	252	285	248	258	289	287	317	289	328	289	146	122	118	112	124	188	185	176	161	158	139	167	183	231	183	220	195	268	250	180	199	194	161	165	148	150	127	153	215	167	178	182	189	170	200	171
ZNF879	504	444	483	341	405	390	669	554	541	497	572	588	440	456	457	465	489	352	402	414	426	437	183	274	278	229	126	124	141	175	138	153	166	149	172	136	151	153	163	148	147	173	147	170	133	158	145	129	135	154	151	148	132	156	128	166	135	148	147	160	160	152	128	121	110	120	129	133	144	141	178	140	132	148	166	187	193	165	169	187	175	206	206	205	203	192	195	213	180	153	149	178	150	133	153	183	197	183	179	163	173	183	182	166	174	190	157	178	179	202	157	141	186	187	179	162	176	142	153	173	126	159	108	150	147	165	135	132	144	130	137	135	149	148	157	77	68	83	63	117	147	89	76	86	97	98	104	101	106	120	99	91	87	104	61	44	43	65	52	49	83	61	74	80	62	68	67	85	99	90	89	101	83	105	100	101	113	83	109	101	106	125	91	101	101	116	106	101	100	117	112	96	101	74	84	88	95	131	101	121	114	141	116	110	101	116	93	115	94	101	104	113	113	88	84	106	120	92	98	104	124	133	119	113	110	117	101	128	125	125	120	132	144	137	137	157	120	111	108	89	84	94	100	3	1	1	1	2	1	2	1	4	5	2	2	1	3	8	11	3	5	8	6	1	6	7	5	11	14	24	19	15	20	17	17	17	5	8	9	11	20	26	30	35	29	30	38	34	35	29	30	34	24	16	16	14	19	28	17	18	24	25	20	22	14	22	24	26	21	19	33	32	31	22	23	53	33	35	37	28	41	37	25	41	34	36	36	51	43	73	57	105	63	50	94	104	75	83	85	87	82	82	66	79	96	78	74	71	76	67	71	74	84	46	69	53	56	67	63	50	57	70	76	76	61	49	55	49	69	58	60	67	82	79	61	70	72	68	60	60	38	52	52	76	41	54	72	52	58	53	54	35	62	62	59	45	57	45	45	41	52	57	41	44	49	57	46	37	45	51	28	33	35	44	46	54	27	26	31	23	36	29	45	36	225	240	266	232	260	189	263	222	223	242	235	219	264	395	376	351	310	293	329	282	407	371	260	279	273	266	270	245	327	315	307	317	301	307	316	282	295	307	342	390	348	349	391	396	334	320	358	337	348	364	348	335	372	347	363	324	278	320	331	324	368	416	393	394	418	419	426	438	411	372	410	238	215	209	217	222	242	263	266	236	186	224	195	186	200	207	185	219	217	214	220	218	259	208	205	224	218	241	233	214	230	244	241	247	249	239	211	217	214	249	248	244	253	248	257	240	238	220	256	245	270	323	296	317	298	319	326	319	323	259	290	276	248	234	247	239	286	278	297	285	241	255	296	284	291	264	304	280	313	291	265	253	294	289	260	288	287	349	322	354	310	132	139	110	102	111	144	155	199	196	159	127	147	181	191	189	202	197	266	258	166	190	176	170	184	139	160	133	141	166	160	169	185	190	190	194	176
ZNF25	471	483	493	358	410	419	711	576	567	484	585	533	474	485	440	456	451	363	383	424	464	424	175	233	249	225	114	149	150	150	147	183	163	161	169	116	149	153	135	138	122	156	148	153	144	135	137	131	153	143	144	136	141	154	148	155	168	134	140	145	160	142	127	131	117	119	128	138	132	178	187	154	131	152	178	170	186	182	175	179	177	212	205	197	185	188	217	205	193	141	164	180	174	174	169	184	188	192	176	160	186	192	166	171	162	149	176	173	163	196	143	168	198	168	158	161	174	123	182	158	141	154	115	149	127	151	137	147	133	127	151	127	132	155	142	64	71	87	69	133	126	102	70	100	113	124	110	95	88	105	101	87	73	99	50	41	41	68	66	52	72	71	79	69	70	64	67	73	98	90	87	96	82	93	90	89	87	107	101	111	107	119	93	108	90	104	106	108	85	106	111	92	90	75	94	81	93	132	109	107	115	100	113	127	82	107	110	111	97	111	108	121	123	89	102	108	115	93	100	101	138	139	107	118	111	104	113	115	127	149	136	139	151	121	125	147	122	107	105	95	80	117	98	1	1	1	1	1	1	2	1	6	4	1	2	3	4	8	13	8	4	9	7	6	6	7	5	10	14	18	16	14	14	18	20	26	11	9	6	10	16	27	31	34	29	21	35	30	41	28	32	31	17	12	24	17	18	26	20	25	18	24	16	24	17	24	22	19	26	15	35	31	29	29	26	32	31	33	34	32	43	31	42	41	36	51	48	60	54	92	56	102	64	48	95	91	66	76	86	84	97	105	71	90	89	69	88	66	75	62	71	92	85	52	70	63	56	63	68	65	62	82	76	69	53	62	62	54	52	58	55	71	87	81	71	54	72	55	63	65	42	46	54	95	51	61	62	53	64	56	58	55	70	50	62	51	50	60	52	38	45	46	38	38	53	45	56	43	43	36	34	33	42	42	48	60	28	19	28	26	29	36	25	25	243	228	301	255	266	190	248	223	205	269	240	257	247	383	392	326	342	285	299	325	385	367	270	283	281	268	282	255	356	333	325	308	306	314	315	291	309	305	320	372	318	375	354	391	366	313	347	347	318	352	371	353	373	337	345	356	295	310	315	296	394	447	411	376	420	360	442	450	406	380	391	218	210	215	216	239	239	243	259	213	190	203	211	194	197	222	218	225	213	243	247	241	248	209	233	227	218	241	240	222	218	223	283	243	247	225	198	226	203	260	231	283	255	253	240	212	258	234	255	255	241	318	279	319	310	287	291	328	328	282	299	276	269	259	271	240	265	232	313	270	268	269	307	302	312	276	305	299	311	272	301	264	271	297	282	307	289	330	314	341	326	144	135	120	122	137	181	170	190	172	154	145	172	193	223	207	226	216	276	269	180	209	218	179	184	151	171	141	153	185	171	183	173	199	199	204	186
ZNF446	485	481	492	357	410	422	702	594	540	474	607	551	469	461	440	471	473	375	379	452	434	441	183	250	234	206	121	146	137	159	148	163	170	164	168	136	182	151	126	136	147	164	167	167	123	141	146	112	154	140	135	123	123	127	142	156	151	173	142	135	135	152	129	121	115	121	128	139	136	156	149	132	130	156	176	185	187	166	180	195	186	189	185	200	207	216	195	210	181	152	132	179	160	175	188	186	173	178	178	156	176	182	162	177	178	169	159	169	177	193	141	134	201	204	179	162	153	157	170	177	143	159	121	134	153	168	138	154	148	145	133	132	150	146	171	77	100	77	75	130	116	87	86	94	107	127	123	106	106	139	107	98	89	113	53	55	43	64	51	54	77	57	66	68	52	63	62	98	87	80	89	103	103	106	86	90	91	86	106	107	103	108	82	99	97	96	92	99	97	106	109	78	90	70	87	93	73	124	100	144	115	151	128	122	90	116	103	102	93	103	106	101	105	86	84	106	121	104	93	98	124	127	139	115	107	126	128	137	107	125	142	147	146	113	124	142	92	115	105	105	104	88	102	1	2	1	2	1	1	4	3	4	5	5	3	2	2	5	10	5	7	9	3	6	3	2	3	8	13	20	20	22	12	19	15	18	8	11	7	12	16	24	31	28	27	25	33	25	36	27	30	36	16	14	13	11	27	28	19	20	23	20	27	13	23	20	19	20	22	19	32	26	28	25	23	39	30	45	33	40	35	32	37	49	51	46	46	49	50	74	51	112	57	58	84	82	89	98	90	87	73	85	71	88	85	82	75	79	99	74	78	68	76	48	70	51	54	61	70	54	52	73	74	63	61	66	63	60	55	47	51	73	73	72	50	67	73	55	73	75	44	48	55	88	49	69	61	50	50	56	40	46	53	56	56	58	61	39	48	44	36	54	40	42	49	41	45	30	46	31	27	39	40	35	41	55	28	28	14	23	43	25	31	28	230	243	298	266	265	209	264	227	231	271	260	245	240	398	365	356	325	282	305	300	416	368	298	272	292	303	286	256	353	324	312	328	320	304	312	272	305	314	338	383	338	364	361	359	378	336	352	355	355	351	348	352	379	380	342	314	335	338	349	313	369	451	415	422	432	402	446	438	403	415	411	220	215	221	212	246	259	229	245	199	182	219	213	174	216	221	202	218	204	252	216	232	244	211	231	222	230	219	214	216	251	246	265	236	253	220	181	226	210	254	259	250	245	228	250	243	221	253	242	251	245	317	334	306	322	345	330	341	320	274	293	290	256	244	256	258	267	271	295	280	249	258	303	332	293	265	317	289	297	283	287	263	297	296	324	298	277	345	335	321	321	138	158	133	141	137	161	191	223	178	169	148	182	191	210	205	222	231	288	268	178	228	206	202	192	169	169	154	163	173	158	176	181	213	193	197	215
CREB3	425	429	466	315	367	357	696	622	558	514	595	578	482	476	478	469	466	359	389	414	488	448	153	282	265	213	126	160	174	200	175	186	186	210	195	123	189	179	154	158	177	177	156	163	134	162	163	122	180	159	141	142	132	147	174	177	174	185	152	173	154	169	115	137	103	142	115	159	146	178	194	147	129	128	157	187	188	171	190	198	202	205	232	223	217	265	214	251	223	142	154	191	181	180	213	222	221	224	225	147	174	201	180	195	199	189	190	217	203	193	136	165	202	208	158	177	157	147	188	182	135	168	121	121	146	164	137	133	126	126	138	147	152	159	152	58	69	78	61	122	123	97	78	86	92	115	94	91	103	119	87	70	81	77	52	42	41	59	62	59	72	63	68	79	59	68	69	93	103	102	130	133	119	123	101	109	105	119	125	119	108	145	107	100	126	135	112	116	110	106	136	92	107	89	100	82	82	147	123	148	151	132	132	135	116	94	101	106	89	123	123	119	131	115	87	123	131	122	92	98	141	152	147	139	134	146	128	119	116	123	170	169	161	161	138	176	122	114	111	115	104	112	96	1	2	1	2	1	1	3	1	6	5	1	3	5	3	7	16	6	8	10	7	5	4	5	7	13	10	28	29	19	21	28	26	32	8	10	10	7	15	29	42	33	35	35	44	43	48	40	43	43	17	19	15	10	23	37	22	31	20	30	24	25	20	23	32	35	20	23	37	37	34	36	34	35	22	33	32	43	60	38	48	58	49	64	65	69	59	109	56	142	79	43	118	110	86	105	96	117	83	90	104	114	110	104	89	83	93	80	86	94	92	55	72	59	67	53	72	73	73	89	95	82	61	85	72	72	56	54	73	84	96	85	85	70	68	65	60	75	42	49	45	106	64	69	87	58	65	68	57	58	77	60	68	67	77	35	50	47	60	54	50	60	65	56	58	30	54	43	32	31	35	38	44	60	15	17	27	28	31	35	37	35	223	221	252	244	252	167	249	200	218	221	230	249	226	363	350	357	307	282	328	289	374	362	251	279	245	246	235	232	300	296	264	276	282	289	324	246	314	282	309	363	343	370	390	384	381	317	376	335	309	375	350	311	404	379	371	334	344	331	360	344	404	438	408	391	458	413	502	481	432	419	366	244	213	211	206	256	261	229	265	204	220	237	221	184	212	261	230	252	236	304	262	265	265	225	262	240	257	245	222	239	262	223	293	258	285	226	205	212	242	266	245	271	241	268	256	215	266	254	279	291	254	347	307	342	338	332	319	339	367	288	294	286	255	260	262	231	257	270	337	273	238	270	339	373	321	284	345	305	312	305	305	298	322	300	328	301	254	333	297	368	323	149	126	110	109	107	159	183	170	174	143	128	155	183	200	220	229	183	269	258	149	189	151	148	153	143	155	120	143	189	132	148	179	188	180	168	183
JARID2	432	472	468	297	337	369	712	622	599	470	619	557	522	501	510	479	476	389	396	430	465	439	156	256	239	191	153	156	158	162	162	162	151	169	147	148	154	132	166	137	148	140	143	131	125	161	149	138	135	129	120	122	130	136	154	160	142	131	155	158	158	146	100	116	121	127	111	158	115	158	178	154	147	141	174	162	195	178	178	161	165	204	192	178	201	205	193	199	177	155	165	157	162	187	181	195	197	190	176	165	169	175	183	178	175	167	171	182	182	181	155	165	188	165	154	175	149	137	160	167	142	131	129	133	128	129	117	130	115	131	138	121	156	138	143	56	44	75	56	131	100	105	85	86	97	107	107	89	119	111	93	72	90	94	59	43	57	56	63	60	56	70	78	65	69	63	57	67	82	90	91	92	86	97	81	69	94	89	91	93	82	107	81	99	96	113	96	91	80	96	96	91	86	93	98	103	85	121	123	113	123	121	105	120	103	113	88	112	93	115	106	115	104	81	90	95	104	95	123	115	105	126	99	119	107	105	89	110	118	128	128	153	133	132	118	133	119	118	100	109	79	109	112	2	2	1	1	1	1	2	3	4	5	1	2	2	2	5	9	2	3	5	6	5	8	6	2	6	9	21	9	10	13	9	19	13	8	7	6	5	19	20	20	24	24	27	23	33	28	26	34	28	23	10	17	15	12	22	23	26	19	24	14	15	12	27	21	17	21	17	24	26	20	20	23	28	33	23	25	23	29	39	36	33	34	42	36	39	46	93	65	96	71	62	85	93	69	64	73	75	79	81	61	85	86	68	73	71	68	71	74	72	60	60	55	48	47	48	57	62	56	65	62	59	59	61	56	56	54	63	70	69	76	64	63	52	55	48	45	53	48	38	39	63	58	49	48	59	56	71	54	42	52	39	41	39	48	43	44	32	38	34	32	47	38	40	52	44	39	45	33	25	40	31	35	38	27	24	23	20	30	31	32	22	199	206	295	224	255	161	209	198	175	225	219	218	213	367	366	339	273	258	323	283	380	338	229	236	228	234	246	215	304	247	295	266	263	326	310	264	323	290	341	338	323	358	371	390	376	330	363	350	327	355	390	356	385	360	410	372	351	318	318	357	369	424	412	369	424	413	509	490	449	414	381	245	221	229	251	300	267	278	267	218	204	219	204	206	182	236	220	222	223	248	259	233	247	211	232	217	228	231	217	247	237	242	245	271	268	200	185	229	218	246	227	243	240	254	260	233	234	238	275	274	258	313	315	333	298	311	309	310	347	278	327	273	272	274	257	245	257	260	302	302	286	291	282	302	321	303	296	303	330	325	283	279	287	294	288	305	287	314	300	363	321	126	130	95	93	92	153	203	173	167	167	129	171	193	200	184	213	198	255	267	145	167	153	138	157	113	155	126	138	203	135	144	145	157	177	175	173
DZIP1	417	412	462	324	362	336	744	629	604	516	581	606	533	505	494	470	486	390	414	475	492	451	171	287	267	211	144	159	145	164	146	166	176	152	146	134	144	137	160	136	157	145	152	151	145	155	135	127	127	126	136	148	143	133	128	150	145	147	147	149	138	137	112	118	111	115	133	131	132	181	155	167	131	154	168	162	179	198	176	157	176	198	188	182	195	182	173	200	166	155	151	162	160	182	158	193	184	188	192	141	190	187	178	171	187	184	165	182	190	165	142	160	171	173	161	173	177	139	145	150	139	139	118	119	132	151	119	112	110	134	129	127	141	142	149	53	71	65	38	132	119	106	85	105	112	113	93	87	105	117	76	85	64	73	52	44	40	45	56	47	69	75	68	75	67	53	82	65	78	89	106	99	88	84	84	87	90	97	101	108	99	100	99	93	101	86	92	89	87	93	85	98	82	85	93	105	96	122	108	108	126	121	112	107	110	107	116	118	102	105	112	104	107	90	106	93	100	108	100	125	114	133	121	96	116	109	115	132	124	112	125	145	126	124	139	162	126	98	121	110	87	93	97	3	3	1	1	1	1	5	3	2	3	1	6	2	6	7	10	6	6	8	7	9	8	6	6	9	11	22	15	18	16	12	11	23	9	7	12	4	20	21	25	36	25	35	33	27	34	31	26	29	19	14	16	14	16	27	22	28	22	19	23	16	19	16	24	19	18	23	34	30	30	25	24	29	27	33	24	29	45	39	37	37	44	49	48	42	42	92	73	85	65	66	92	81	72	84	95	91	93	99	69	75	80	71	68	67	83	74	65	78	57	50	57	52	53	62	60	58	64	67	61	49	74	61	57	53	48	55	58	60	64	59	44	59	45	57	60	64	40	51	52	59	51	59	64	66	58	51	54	51	51	51	50	52	50	54	49	42	41	46	38	41	40	47	37	36	34	42	36	25	36	41	39	43	21	19	22	20	27	40	30	28	214	206	265	250	252	159	223	205	203	237	214	220	253	371	394	326	292	274	347	312	352	367	185	240	217	227	230	221	314	282	303	268	281	323	290	270	317	281	334	350	335	359	359	382	378	333	371	363	332	346	397	400	417	393	396	376	368	379	368	336	398	391	403	430	418	396	469	467	439	457	425	239	226	236	229	324	261	252	268	231	186	205	193	216	191	222	232	223	215	231	247	243	253	211	249	228	240	240	229	232	223	243	222	247	228	216	202	228	212	232	225	240	235	255	253	213	239	234	268	251	244	333	324	354	346	337	326	319	327	300	297	276	283	286	280	247	275	262	302	300	280	280	289	287	313	276	265	270	306	279	257	289	274	290	264	300	258	301	301	308	288	116	115	112	95	95	149	184	182	190	166	122	164	153	203	197	203	199	249	244	150	175	152	120	125	116	139	125	131	195	145	136	162	175	155	180	136
ZNF678	429	469	466	334	363	358	728	628	606	531	599	595	479	465	467	471	466	353	407	407	462	415	181	269	291	246	115	132	136	161	191	175	178	186	157	127	157	140	156	134	152	157	156	146	140	150	155	141	141	140	138	137	138	136	145	155	144	159	158	159	162	135	129	120	116	142	144	149	132	150	167	156	134	164	172	173	184	187	190	160	180	206	197	191	212	213	197	206	168	178	167	174	157	175	186	201	184	211	199	164	165	179	165	170	193	175	171	194	183	188	172	164	188	185	189	167	159	148	152	159	145	161	130	117	139	153	120	144	130	113	127	142	143	141	168	46	72	64	61	124	127	97	75	82	100	116	92	95	95	114	91	89	65	90	42	31	54	54	57	47	72	58	68	89	70	61	69	70	92	85	104	95	94	94	93	93	106	102	101	90	97	126	96	101	97	107	123	94	94	82	109	96	86	78	91	89	89	129	116	111	120	135	118	105	106	109	104	97	96	108	117	119	108	99	93	107	127	108	97	108	119	131	118	114	113	127	117	114	123	129	145	146	132	138	126	150	117	135	105	117	103	100	115	1	1	1	1	1	1	1	1	2	3	1	3	2	1	6	8	4	9	4	3	3	5	4	5	8	11	18	14	13	15	11	12	15	9	5	9	9	8	19	32	32	19	18	35	27	25	32	32	37	14	13	12	15	16	27	19	29	13	23	19	29	14	26	18	17	22	16	26	24	24	27	22	39	33	28	31	34	35	42	30	35	35	45	42	46	44	104	67	84	69	58	84	101	85	84	82	102	76	79	71	89	95	73	82	75	74	68	71	76	78	75	63	58	56	56	82	62	57	78	83	76	58	64	63	56	58	67	58	69	88	89	68	68	69	64	64	62	46	39	46	63	70	51	65	52	52	63	51	56	52	51	45	54	49	50	46	43	36	47	37	36	54	42	47	40	43	37	35	37	48	41	38	41	13	19	24	18	38	34	36	34	249	228	282	249	251	176	236	200	207	228	225	236	230	390	360	343	317	301	335	258	362	356	229	289	239	242	233	234	320	283	311	274	294	293	302	299	312	296	308	353	332	371	401	382	385	320	362	347	335	370	374	365	419	388	358	341	384	332	371	308	391	419	416	435	452	405	464	468	439	438	394	223	214	218	210	278	273	254	299	202	216	217	207	204	202	238	216	226	219	256	252	229	235	204	254	208	234	257	221	247	241	254	265	251	277	207	185	224	199	267	229	239	235	271	269	234	251	260	280	275	249	320	325	329	333	334	333	307	336	312	280	279	269	267	268	273	245	249	327	279	242	273	312	329	294	304	311	290	284	297	291	259	289	310	301	287	254	307	313	351	308	159	111	102	111	107	167	166	163	188	142	138	162	194	176	162	201	190	267	265	151	202	197	145	157	114	122	152	139	170	151	163	152	172	172	179	173
NFAT5	411	438	440	312	337	341	706	642	563	513	571	594	484	502	483	447	455	347	373	417	466	444	189	270	269	217	146	143	154	171	174	171	169	171	169	130	167	151	149	155	167	177	155	148	129	147	158	133	162	147	132	124	129	135	150	164	163	171	152	162	157	163	115	128	94	149	112	157	140	189	190	167	115	132	152	181	178	179	181	171	192	197	201	198	206	232	223	225	193	147	151	179	170	183	189	203	225	183	191	162	158	188	170	187	184	194	183	187	186	175	154	142	187	193	162	168	145	149	177	173	127	146	121	123	128	133	119	112	113	118	129	134	133	143	139	54	62	71	59	108	120	92	83	82	90	107	91	85	110	111	101	76	76	100	50	45	46	62	61	68	63	65	75	66	63	63	74	85	110	86	109	108	104	106	89	88	106	86	116	104	96	135	113	86	107	127	106	114	95	106	113	95	90	86	83	88	78	145	117	117	132	127	112	121	104	108	114	114	98	118	130	107	107	87	83	117	119	110	106	90	127	143	142	126	140	132	118	103	109	112	143	147	141	145	122	146	122	119	104	107	101	102	104	1	2	1	2	1	1	3	1	6	6	1	3	3	3	5	16	5	2	9	7	7	8	5	6	8	12	24	25	15	21	20	27	27	10	12	10	8	12	28	39	24	27	29	37	32	42	33	34	42	15	16	13	9	20	32	19	25	15	28	23	22	17	24	28	31	16	25	34	26	26	28	36	33	24	26	32	35	48	44	38	41	46	58	61	66	57	84	59	127	82	58	101	111	79	97	94	115	83	80	69	100	91	87	71	75	80	75	75	83	82	42	62	68	63	55	70	66	63	84	89	73	50	60	71	77	57	57	65	74	87	80	65	64	61	71	53	80	38	47	43	106	58	58	64	51	63	61	47	61	59	52	68	57	52	46	49	50	49	42	46	47	54	59	50	32	60	44	39	32	38	47	50	52	19	15	17	15	37	29	38	32	201	214	266	217	232	155	213	183	196	205	213	215	225	333	342	327	287	259	305	281	362	323	215	233	236	234	202	216	282	254	260	260	258	297	305	248	284	271	305	356	334	359	355	379	381	332	355	344	309	354	347	321	400	365	373	356	347	316	336	336	390	413	391	385	423	378	476	478	404	396	389	222	229	231	208	273	278	237	263	205	209	215	211	175	201	216	221	215	212	249	239	229	254	193	252	226	227	243	213	229	247	224	267	242	275	213	194	201	225	257	235	239	229	265	245	206	246	239	264	276	254	318	292	336	320	310	306	311	315	298	285	273	234	259	272	253	253	249	315	290	249	245	309	327	298	296	317	295	309	293	276	282	307	293	277	281	268	313	266	350	325	128	139	125	100	115	168	195	151	163	133	122	155	171	189	193	209	182	256	233	151	159	172	132	131	125	143	119	140	190	139	145	143	165	173	170	162
THAP4	423	405	454	315	349	317	738	611	560	508	596	579	490	483	468	480	421	379	402	408	479	466	161	260	234	200	137	157	156	152	145	147	159	159	168	137	144	147	137	147	156	178	178	149	141	144	156	121	152	131	125	140	136	134	146	158	146	141	141	136	143	151	120	120	106	129	117	137	138	164	186	148	140	142	156	164	185	177	170	172	175	183	195	188	206	212	208	201	174	132	143	160	147	159	184	179	198	169	183	145	174	172	162	171	197	194	189	195	179	179	150	179	181	181	160	151	159	145	159	157	141	147	130	129	131	130	122	131	122	130	128	142	140	122	140	64	67	65	58	121	119	101	85	99	92	98	92	94	95	106	81	77	79	90	51	35	43	65	58	52	70	66	61	82	61	66	74	91	97	88	101	104	93	96	80	83	105	100	106	106	92	112	96	92	123	106	107	91	90	102	98	90	88	76	90	71	90	131	98	114	133	122	120	129	96	101	116	124	112	119	100	105	113	94	87	105	110	113	101	91	121	122	116	99	107	115	127	114	125	126	132	131	134	147	137	133	113	92	102	105	90	100	101	2	3	1	3	2	2	4	2	6	4	3	2	4	3	8	14	5	5	9	6	8	4	6	9	10	19	25	21	13	23	17	18	21	8	11	15	11	20	26	36	26	24	27	40	39	38	33	31	35	17	12	18	15	15	29	18	26	27	23	19	15	15	20	29	32	21	21	33	28	25	25	30	33	25	34	34	29	45	46	45	43	43	55	48	49	43	90	58	110	71	62	96	103	71	84	81	100	84	89	75	88	86	89	70	68	75	78	76	83	72	43	65	43	56	53	58	64	58	73	72	63	62	72	57	50	58	58	56	71	72	70	67	60	76	72	51	77	37	39	42	70	54	54	68	48	56	50	56	51	54	50	60	63	61	55	36	48	44	46	40	53	47	57	53	44	32	50	32	28	36	45	53	47	35	19	20	22	26	32	28	29	223	228	275	226	251	151	212	191	190	238	216	244	232	355	382	322	323	265	319	292	349	348	214	260	229	246	225	212	313	269	289	269	259	301	325	260	321	312	327	348	322	346	381	379	363	328	357	347	356	342	352	326	389	382	363	394	335	355	320	333	374	413	413	373	399	390	440	463	450	443	409	228	221	228	210	249	252	227	277	194	217	206	217	175	205	218	215	207	245	239	236	239	253	210	229	231	236	216	215	208	230	237	258	257	255	215	203	208	242	232	227	256	223	238	247	217	246	248	232	266	229	315	321	330	301	326	333	301	306	297	288	257	250	272	262	231	266	245	307	310	269	257	274	310	284	252	289	291	311	278	294	280	277	270	279	276	265	313	310	335	305	106	114	124	114	99	150	172	180	161	147	132	162	177	221	196	204	177	255	260	155	179	144	123	141	127	148	120	129	168	148	146	160	170	173	162	166
SATB2	501	514	519	461	525	549	588	499	470	434	510	504	409	383	404	446	455	365	361	409	411	407	167	238	252	215	105	111	140	160	127	175	149	149	160	133	149	135	123	138	134	137	133	132	110	127	123	117	146	134	106	119	120	137	123	158	137	134	129	151	125	129	127	142	113	117	111	139	112	125	170	113	116	127	144	175	165	158	177	183	178	171	170	198	164	196	168	198	199	140	130	170	149	136	162	185	193	156	178	127	163	175	148	153	153	152	155	160	176	168	153	158	201	187	166	160	155	137	172	160	141	178	116	130	142	177	160	149	153	142	158	140	141	163	178	91	92	107	86	104	126	81	92	85	112	119	136	110	126	136	118	110	119	124	76	48	58	80	76	63	75	64	69	67	52	67	59	80	88	86	90	95	94	102	89	78	90	95	101	108	99	116	91	89	94	114	91	109	90	112	107	87	88	69	90	69	72	121	99	101	110	105	108	105	82	84	86	100	77	112	98	98	109	76	83	97	126	109	97	92	121	144	127	96	105	117	123	112	100	117	119	121	150	115	105	124	88	105	85	89	104	104	89	1	2	1	2	1	1	3	1	7	4	2	5	4	2	5	16	5	4	7	6	6	7	2	2	11	8	28	19	16	18	16	27	31	6	5	7	5	17	25	28	26	28	23	36	31	40	34	26	36	16	20	21	12	23	20	24	13	16	24	17	24	17	23	24	30	19	20	32	22	27	35	29	25	27	32	38	23	34	27	25	45	44	56	60	66	59	67	40	128	60	55	86	85	64	86	79	88	70	85	71	82	92	80	74	61	75	63	70	80	67	49	75	62	59	59	60	53	63	84	82	54	44	65	55	61	56	50	66	70	83	67	56	54	70	54	60	68	45	48	52	108	54	62	64	51	64	46	47	44	54	50	58	57	52	35	43	31	49	48	41	49	54	48	43	27	48	42	32	27	36	42	42	52	32	20	30	34	39	45	41	43	262	275	297	272	274	271	319	281	270	300	290	304	278	390	384	385	355	380	329	319	428	399	368	347	337	344	346	354	389	433	388	394	390	271	310	275	296	285	299	364	342	334	345	308	314	314	327	277	274	328	309	288	331	316	300	303	264	279	278	268	347	392	383	343	358	310	372	376	360	336	336	188	176	178	176	198	207	214	215	198	182	199	149	160	177	179	196	185	198	210	207	218	211	179	192	211	208	222	195	202	215	245	266	222	243	208	182	192	216	216	242	247	198	223	207	205	214	210	226	228	240	276	249	296	286	259	258	253	300	260	271	258	231	216	246	240	243	268	264	239	217	216	273	286	265	248	284	236	271	250	289	241	267	257	285	265	228	290	281	298	283	174	181	180	148	164	189	192	186	207	177	163	173	189	213	233	236	215	275	260	231	251	232	265	262	226	185	207	199	225	184	208	205	244	229	224	252
SNAPC5	518	543	543	419	495	495	594	505	500	455	555	550	410	375	416	465	459	378	398	425	407	419	156	245	237	231	120	149	134	155	157	165	146	157	145	147	148	143	131	158	146	163	137	137	97	146	143	141	132	125	122	145	126	123	124	129	122	133	120	138	126	144	120	120	115	121	110	137	152	127	167	131	130	151	178	190	175	168	159	187	168	190	190	186	168	184	169	182	159	133	137	150	142	134	158	164	172	167	161	165	163	155	157	149	166	169	166	162	187	176	178	180	188	195	160	182	180	156	145	175	173	158	130	162	146	166	152	163	165	157	146	127	175	143	156	78	93	101	94	127	126	116	79	103	115	119	144	118	115	143	119	93	116	126	67	52	51	61	72	77	76	70	64	78	75	61	80	76	78	83	87	98	101	85	98	82	99	93	100	85	97	110	80	87	94	95	90	90	83	103	117	84	79	93	88	93	81	111	96	113	110	108	122	113	94	92	89	90	104	108	93	93	105	102	96	100	100	103	96	92	113	117	113	107	118	114	113	140	122	124	125	124	130	130	125	121	103	96	99	102	107	119	130	2	3	1	3	2	2	4	2	6	7	5	4	4	3	8	11	5	8	7	4	6	5	5	5	9	12	17	15	14	9	13	12	14	14	11	10	16	18	25	32	29	15	25	27	28	31	33	19	38	21	19	23	21	20	30	15	15	35	17	22	20	19	21	20	20	25	20	24	28	23	25	27	30	32	28	33	36	34	25	30	49	48	37	43	40	38	66	54	103	55	59	76	79	72	88	80	73	67	67	64	71	82	78	63	71	68	73	76	83	69	67	50	53	58	54	52	60	45	58	63	62	72	65	53	54	56	52	62	64	62	72	72	68	80	59	59	74	59	52	60	69	39	55	48	55	56	43	42	48	41	48	48	55	55	49	42	39	46	46	37	37	47	34	39	37	43	33	39	24	30	35	44	38	45	39	30	40	44	32	35	36	257	260	307	270	282	263	298	275	266	312	305	299	287	402	391	377	373	345	327	356	439	405	341	323	333	355	326	336	407	399	388	377	368	310	346	280	327	322	318	387	334	341	338	322	317	316	335	327	307	354	323	302	341	323	295	315	300	281	270	307	363	384	381	361	368	359	381	390	361	372	334	203	205	201	185	204	225	218	245	216	188	196	186	165	195	197	165	187	214	226	226	182	238	192	206	200	200	195	215	202	224	250	256	248	255	218	214	213	232	225	243	248	207	222	233	232	232	229	233	233	250	293	247	270	252	277	278	303	287	257	261	275	239	233	242	211	243	234	245	245	227	234	266	287	276	254	271	263	297	271	276	256	258	256	279	280	308	314	307	317	317	172	158	160	140	153	199	203	216	220	185	176	196	196	221	246	240	248	294	262	211	230	259	247	235	203	182	201	192	223	207	229	205	223	235	240	226
SP140L	566	584	570	448	480	541	614	513	488	448	599	516	414	397	416	456	453	391	406	420	408	441	189	258	239	195	107	138	155	168	138	169	155	137	152	150	159	141	162	132	131	154	148	155	124	148	133	144	134	146	152	118	119	137	126	137	140	144	149	141	137	144	137	132	126	123	121	186	133	131	163	159	139	141	192	177	193	178	166	181	178	188	198	203	186	179	206	209	171	146	168	169	157	147	183	180	176	172	169	182	148	156	163	164	153	150	140	157	174	180	199	169	202	193	179	187	196	158	178	175	173	180	139	149	174	176	174	181	183	157	162	113	202	177	182	89	102	111	80	133	142	102	92	115	96	134	151	123	143	144	111	131	94	120	57	53	60	76	61	67	78	88	82	83	66	63	55	75	85	80	71	97	92	93	93	87	94	94	117	106	106	106	96	93	82	106	102	112	103	119	128	101	96	82	101	85	78	128	114	124	106	105	116	112	96	101	92	78	91	108	93	110	96	97	110	93	105	108	100	101	107	140	110	128	114	103	121	133	118	121	122	131	135	113	135	121	128	110	93	95	96	138	125	4	3	1	2	3	2	3	4	8	5	2	1	3	4	7	16	6	6	12	8	10	5	7	5	9	17	18	15	20	16	20	17	27	7	9	8	12	18	28	35	29	22	25	32	41	41	29	28	29	23	20	20	21	21	30	18	13	23	19	19	19	17	24	23	26	21	19	31	30	28	22	20	24	32	38	32	33	29	27	37	45	44	56	48	53	49	48	49	99	61	63	77	91	66	78	78	81	79	97	69	92	97	74	74	66	73	77	69	79	81	58	68	51	67	75	57	44	63	71	76	65	50	64	60	54	66	61	54	70	82	68	51	69	77	78	75	80	61	47	52	92	49	70	66	51	65	44	65	43	61	54	59	65	51	39	46	37	46	40	53	37	49	45	53	56	46	49	28	30	39	36	37	60	36	23	40	27	29	43	49	39	231	255	323	294	314	260	334	272	259	302	278	303	265	405	409	399	361	335	316	337	462	395	380	289	352	327	352	330	414	403	357	393	377	308	370	331	348	305	321	418	383	407	400	377	343	313	357	352	326	365	325	330	332	313	318	320	271	277	285	301	376	425	387	390	380	379	396	400	338	365	353	185	179	178	196	201	225	268	243	198	209	200	203	171	190	193	169	198	204	215	216	206	268	232	214	207	194	223	200	223	239	264	330	262	257	252	186	249	219	237	245	252	235	215	231	233	260	223	241	262	246	308	266	295	264	291	267	304	308	256	259	304	259	249	243	204	247	227	259	231	226	264	281	272	293	242	291	262	338	296	295	258	283	303	279	297	313	319	302	415	350	197	193	172	167	174	192	208	199	207	181	190	246	237	244	236	229	253	335	279	214	239	266	251	258	198	197	189	191	217	203	237	209	245	220	248	226
ZNF557	526	538	546	436	479	503	690	574	521	463	609	550	461	433	448	479	460	388	448	421	482	477	192	272	281	222	124	161	151	154	155	181	154	156	147	137	178	155	160	155	159	165	138	155	115	146	142	144	170	131	124	114	118	140	127	149	135	147	141	139	145	148	142	152	106	135	104	178	127	155	174	169	124	141	168	196	189	167	169	199	190	192	195	200	190	200	231	235	200	143	163	160	168	156	172	201	188	177	168	140	145	182	169	160	182	162	170	174	181	201	173	191	185	211	174	173	155	152	180	195	172	173	160	145	165	188	164	155	167	153	152	144	161	152	157	73	80	100	86	113	114	110	102	99	117	112	147	108	133	145	132	96	100	131	57	49	50	81	77	64	71	81	77	83	84	73	52	89	89	92	108	108	88	104	82	88	101	99	112	111	109	136	96	85	109	113	98	107	117	128	125	89	85	84	86	84	76	148	105	114	115	120	113	126	85	109	98	103	100	133	101	119	107	105	91	103	131	126	104	104	128	139	126	123	123	124	122	136	125	119	122	118	166	127	111	112	109	110	109	99	98	121	121	2	3	1	3	2	2	5	3	11	9	1	3	7	5	7	23	10	3	12	11	7	10	4	7	9	12	32	26	20	29	24	33	38	9	12	9	7	13	26	29	28	25	26	47	31	43	32	22	48	25	19	16	25	28	31	20	22	30	35	21	19	22	28	25	34	23	18	39	27	36	40	37	27	32	38	28	33	41	31	30	54	50	60	76	70	70	71	59	141	73	63	100	96	70	90	87	88	64	82	70	109	101	100	91	81	83	71	79	77	71	51	71	55	54	72	68	72	57	107	90	80	49	85	59	66	47	64	55	74	92	70	77	47	93	85	62	69	51	52	47	157	43	75	78	49	68	46	49	46	67	47	63	50	51	53	41	40	54	50	49	55	61	60	45	50	54	43	38	41	41	53	38	75	50	25	31	31	33	48	39	40	248	293	302	282	278	253	320	254	272	318	298	304	310	373	417	380	353	322	359	359	438	424	307	320	315	327	319	342	420	369	370	372	364	318	361	284	371	319	366	370	381	391	405	337	340	308	392	359	328	352	339	315	375	326	330	350	307	291	307	330	358	423	393	373	392	371	418	450	407	369	375	218	196	217	224	237	247	241	249	220	211	224	193	171	198	217	194	208	260	223	231	233	266	205	199	214	226	217	215	222	237	260	317	257	261	248	198	226	252	262	266	267	221	218	215	221	247	244	251	266	239	334	280	326	306	297	300	303	308	269	302	302	270	262	260	218	271	262	275	263	274	250	327	307	266	250	293	268	299	292	299	267	301	295	284	276	276	313	336	380	336	181	150	145	139	157	185	199	191	201	170	173	202	213	246	233	249	228	333	289	213	229	218	201	215	200	203	174	168	223	234	228	184	228	204	219	213
ZNF18	462	512	587	482	530	488	717	592	532	516	570	590	493	405	424	497	499	408	434	447	489	420	258	312	316	278	113	138	139	152	132	149	138	146	135	107	141	128	135	136	139	139	143	127	135	129	130	132	130	122	129	139	129	111	134	122	126	160	135	130	127	133	104	135	122	133	126	135	142	133	167	164	152	144	158	170	186	167	190	168	185	181	189	189	180	188	169	198	159	137	137	168	166	157	170	156	164	175	179	138	171	166	150	162	175	162	162	168	166	185	163	191	184	179	169	178	178	130	146	147	139	167	173	119	128	137	153	165	151	141	161	164	163	157	180	68	82	94	81	155	135	142	108	125	128	137	106	150	137	135	105	105	105	99	64	60	60	52	51	73	71	86	72	80	85	62	69	76	80	77	82	83	81	86	77	70	81	81	96	92	78	92	91	98	96	95	90	87	84	101	89	145	86	77	96	82	75	107	87	114	105	111	94	107	84	114	107	108	96	99	95	93	92	94	93	103	102	100	99	114	103	119	96	97	108	112	101	106	95	111	125	120	119	125	124	135	143	99	130	127	81	119	96	2	2	1	1	1	1	4	3	2	3	3	2	1	4	4	6	5	5	6	7	6	6	5	7	11	9	17	14	12	19	14	9	13	7	12	10	13	15	15	27	29	28	20	23	25	31	27	25	26	20	16	21	19	14	20	21	25	22	26	18	25	12	17	15	19	15	15	20	21	19	19	24	30	36	28	28	35	32	28	30	34	33	45	49	39	41	89	93	85	69	59	71	74	71	69	76	79	72	78	57	66	76	77	67	58	71	78	64	64	61	41	58	50	43	58	53	48	48	69	53	60	67	58	49	46	53	51	72	51	58	71	51	42	50	45	45	55	43	54	54	55	44	41	59	62	48	39	53	43	40	43	45	46	61	52	40	33	35	33	37	44	34	31	34	45	33	46	32	31	49	52	44	40	23	28	19	32	34	48	46	44	288	292	353	290	333	259	298	293	284	298	289	336	349	438	435	356	383	360	423	400	390	474	294	315	336	323	331	320	425	383	401	403	394	361	329	342	318	339	349	346	332	369	401	328	377	319	339	330	280	369	374	391	350	331	339	317	347	311	305	283	347	395	381	368	361	339	407	396	410	396	389	184	204	207	212	276	233	236	247	202	211	192	179	203	182	243	207	204	201	227	224	246	220	227	240	209	219	220	235	207	232	229	242	254	252	185	206	244	225	245	204	248	220	220	207	241	219	239	237	239	198	355	277	336	304	296	309	288	293	313	293	258	295	330	341	223	230	265	278	255	268	277	255	264	262	254	245	292	281	274	253	287	264	262	266	282	255	304	281	308	276	168	168	140	144	154	199	207	212	203	195	160	182	196	258	205	227	234	264	264	210	243	214	209	202	177	187	199	171	280	226	201	208	193	216	222	224
ZBTB42	442	507	532	434	478	458	667	555	484	478	531	567	455	456	435	467	458	366	389	463	463	430	197	288	297	229	112	135	129	145	143	133	169	157	135	120	145	151	140	155	152	149	148	153	129	140	137	122	128	105	114	123	113	126	133	118	135	135	146	144	151	135	108	142	117	145	141	128	145	159	198	139	138	150	171	155	183	149	167	167	162	193	184	175	187	192	171	177	155	154	152	151	158	157	166	177	175	161	174	126	141	158	179	185	157	165	176	170	150	155	162	171	192	187	164	166	164	128	147	142	148	147	145	120	125	143	147	146	130	135	149	156	162	166	162	80	82	84	91	140	114	131	98	101	115	123	118	145	123	158	96	93	91	99	63	56	60	67	72	76	85	69	60	86	86	69	54	74	77	85	92	92	80	89	79	94	88	93	101	90	90	107	86	82	86	90	88	88	79	96	85	86	89	96	82	77	70	118	120	101	113	129	97	105	98	91	91	95	93	94	97	97	103	96	103	93	102	89	105	111	116	125	115	94	124	109	101	110	104	111	115	115	127	124	100	137	146	97	115	134	90	89	108	3	3	1	1	1	1	4	3	4	5	1	3	3	5	8	10	5	6	12	5	6	6	6	6	15	17	20	20	15	17	15	15	19	10	7	12	9	18	27	32	24	25	23	32	27	25	30	27	34	21	14	25	19	15	27	16	26	15	25	15	25	16	22	23	30	22	20	36	20	25	17	25	48	29	38	32	29	40	27	32	36	34	48	40	39	44	92	54	78	66	43	74	78	70	73	79	85	88	70	70	74	70	69	76	54	73	77	72	78	71	48	76	42	50	57	61	56	69	69	58	59	60	70	61	44	42	54	41	58	72	61	57	52	59	53	55	64	57	49	56	54	43	50	63	56	48	43	50	44	43	44	48	56	50	44	41	33	47	46	44	44	57	45	43	43	39	36	35	34	27	30	45	45	23	28	30	38	36	42	39	39	263	286	325	287	309	232	265	256	268	269	285	284	319	427	414	359	387	350	386	362	372	422	301	327	322	308	314	305	376	384	371	370	369	321	312	315	332	297	335	349	353	359	386	364	354	284	340	299	302	354	341	348	332	336	352	330	323	302	312	291	378	401	367	359	351	373	428	415	408	375	360	227	186	181	223	238	214	255	231	187	191	191	178	183	205	231	203	191	187	235	234	209	221	194	260	194	218	206	199	209	218	234	250	248	262	187	174	208	224	240	243	223	235	230	219	208	253	233	259	241	220	323	267	303	299	311	296	288	285	270	273	272	266	284	293	235	246	250	279	271	266	253	271	286	278	256	277	253	284	282	264	268	248	259	291	258	262	304	281	332	285	162	157	141	146	147	186	178	183	194	178	172	160	185	218	194	221	213	283	249	202	246	230	193	206	178	197	169	179	232	192	205	194	226	205	209	197
ZNF383	516	489	471	337	392	423	638	535	543	467	576	536	470	452	458	435	462	342	390	399	413	404	206	247	252	213	108	138	152	156	141	145	151	124	131	139	121	127	156	128	134	115	160	140	99	132	129	150	110	114	115	124	125	123	132	114	135	124	144	125	158	141	118	116	105	131	110	145	116	150	171	143	148	149	178	169	173	161	168	160	169	189	201	153	176	192	192	179	154	158	164	145	158	153	172	166	140	151	154	161	176	170	171	174	164	135	167	160	151	145	143	149	175	166	151	176	156	139	143	141	158	150	112	147	115	160	112	149	139	121	121	111	169	138	145	50	50	78	71	120	115	101	92	88	99	110	126	92	119	117	90	104	87	83	53	42	52	54	60	64	74	66	62	64	62	69	73	69	70	69	83	71	82	77	81	71	100	76	74	75	70	89	93	85	78	86	76	69	93	82	84	77	96	63	99	82	65	107	114	118	111	102	96	105	93	106	93	96	111	86	84	117	79	86	99	93	95	96	114	110	88	95	98	103	99	96	100	109	122	125	107	109	102	104	106	104	105	97	101	95	83	101	107	2	2	1	1	1	1	2	2	2	4	2	4	3	3	7	3	4	3	3	6	7	3	5	6	13	11	10	13	8	11	4	8	5	11	4	6	7	17	24	24	22	25	22	23	26	18	22	37	26	22	17	16	13	13	23	19	19	16	13	16	21	17	15	16	17	17	15	22	16	17	16	20	40	37	27	21	30	25	33	32	30	34	30	29	22	31	69	51	61	54	54	72	69	78	68	68	70	69	77	66	72	71	57	55	53	56	61	57	66	62	57	47	52	47	52	55	57	49	49	54	49	50	49	55	48	59	73	47	56	55	48	62	61	56	58	60	47	42	40	41	23	60	42	42	54	31	52	43	40	37	38	44	49	44	42	31	42	36	25	37	28	33	36	44	52	47	41	34	29	30	34	26	39	14	26	28	29	35	30	46	35	212	254	291	253	280	197	260	250	227	247	207	270	245	386	363	374	303	290	307	279	425	326	285	265	279	272	267	260	340	297	323	326	322	314	299	291	298	306	310	354	340	333	322	376	351	312	323	333	307	344	347	317	372	329	323	339	324	292	327	298	402	383	390	379	422	368	411	432	376	384	365	215	175	178	217	243	215	255	269	171	180	192	206	183	171	188	189	206	190	233	237	201	246	193	202	194	180	194	215	228	194	234	249	260	256	208	176	209	195	229	232	236	222	232	245	230	227	229	282	261	244	278	276	260	304	254	246	306	301	249	281	291	245	242	238	221	234	222	259	276	248	274	261	256	280	273	281	260	294	277	272	250	251	269	273	274	283	318	270	321	304	147	140	120	134	144	160	193	203	180	153	151	182	197	168	213	208	231	265	234	176	217	204	204	207	151	170	156	171	195	162	183	169	203	198	213	190
RELA	462	548	537	370	408	483	665	582	540	476	612	540	454	483	428	474	483	362	400	452	448	442	218	226	276	234	126	132	154	166	148	131	155	152	146	119	141	133	144	151	144	148	153	137	156	145	152	150	147	123	125	139	134	142	139	123	140	148	142	135	139	156	126	124	119	162	162	152	132	181	185	172	168	158	167	167	222	155	195	157	166	195	209	188	204	180	209	219	162	148	183	159	174	179	172	174	164	157	159	166	171	194	158	179	164	165	169	171	168	167	169	177	185	184	155	172	186	134	147	151	171	157	130	143	134	153	165	158	134	148	135	138	177	156	149	77	102	78	70	133	128	105	101	104	103	116	141	129	116	130	106	81	91	113	56	43	51	72	58	69	73	80	85	68	78	71	81	68	70	76	80	89	88	96	70	77	91	87	84	94	87	100	98	93	91	83	90	90	88	101	86	96	82	99	113	94	88	124	103	107	107	116	114	105	98	130	100	95	92	89	88	93	94	97	110	109	92	84	95	124	117	109	102	107	130	112	103	124	115	117	118	127	110	116	113	121	128	95	112	127	71	107	117	2	2	1	1	1	1	2	2	1	2	3	2	2	2	7	6	5	8	4	4	5	4	6	7	8	17	14	8	7	13	9	8	11	5	12	8	8	21	21	22	14	28	21	23	25	18	20	40	30	19	16	20	17	13	16	26	30	17	22	14	11	13	20	14	15	16	14	22	21	21	15	18	24	33	28	31	26	28	29	40	16	28	44	24	30	31	98	64	73	72	74	65	73	62	64	67	74	84	77	63	83	73	63	68	66	56	73	63	69	55	64	52	54	59	62	52	60	64	58	65	59	65	48	59	55	52	47	59	57	64	62	55	61	54	60	59	50	45	42	53	47	55	44	61	48	52	69	60	36	48	32	41	42	38	50	46	48	39	37	51	40	50	38	33	47	51	29	29	33	35	40	35	44	38	28	21	25	27	27	26	40	230	252	358	291	291	183	234	235	221	265	244	252	303	394	402	365	335	308	370	327	384	358	316	271	318	307	293	278	388	355	375	317	328	342	350	327	297	337	326	395	330	363	358	406	378	365	322	368	305	355	344	364	349	336	349	332	374	287	294	323	387	433	430	368	403	373	425	444	362	416	353	211	204	198	209	256	248	255	277	174	221	206	223	208	211	221	203	200	210	239	227	207	263	217	268	221	213	204	214	241	236	237	255	264	264	195	215	211	243	247	249	205	228	241	228	218	242	223	283	276	240	309	287	302	290	287	286	324	325	287	284	303	266	301	289	228	200	206	277	264	255	292	272	285	295	280	293	286	337	299	272	274	274	259	271	289	271	338	276	343	343	157	170	134	127	154	198	211	197	203	165	180	204	233	218	199	233	234	294	266	195	221	227	203	213	175	189	158	179	234	181	207	183	232	201	225	212
PBX2	469	449	494	410	428	389	897	759	654	581	659	623	701	674	598	523	541	413	403	473	478	517	159	283	244	221	238	177	177	125	121	142	153	136	154	182	129	160	153	140	150	142	159	149	150	149	119	129	134	124	138	135	125	137	124	142	136	130	157	148	149	161	121	125	118	125	121	130	138	253	210	178	153	204	200	161	196	176	179	163	166	203	148	175	199	163	162	159	168	150	167	140	187	150	150	152	141	149	148	203	176	182	168	185	167	172	168	185	163	180	169	184	177	187	167	197	204	138	152	154	143	136	144	145	138	156	108	131	113	106	159	137	146	146	141	64	66	84	63	125	136	98	110	105	141	104	107	106	126	135	80	87	111	77	59	53	49	55	50	68	81	82	100	74	82	67	71	82	87	83	67	61	67	87	100	96	95	98	88	81	93	82	103	105	89	88	71	69	93	85	84	82	77	82	94	167	131	107	119	87	96	114	119	87	85	129	102	140	108	114	103	109	119	93	116	100	97	88	123	148	99	103	104	110	99	104	110	109	121	119	111	120	115	119	119	133	114	116	106	85	88	97	108	3	1	2	1	1	2	1	2	2	5	4	3	2	3	9	5	2	5	6	4	5	4	6	9	7	6	14	11	14	11	9	10	7	8	7	7	11	42	20	21	22	30	22	31	21	24	30	45	33	25	13	13	15	17	22	32	20	16	11	23	12	14	23	11	23	18	15	28	21	26	19	18	39	24	25	33	18	31	51	38	29	32	33	31	23	25	92	51	60	75	83	70	67	69	87	69	77	67	70	41	72	65	65	54	74	65	55	65	64	62	62	45	62	56	45	44	53	62	51	42	48	54	61	58	52	68	55	53	65	51	56	70	65	50	48	61	47	45	42	53	33	54	42	43	41	75	57	51	47	58	34	42	41	36	52	36	48	49	43	39	37	36	36	36	36	45	40	38	40	57	44	27	43	26	44	20	26	56	31	31	19	256	220	280	260	249	214	250	243	218	226	245	277	257	375	409	361	368	350	337	327	377	432	250	315	261	260	284	284	311	335	340	320	328	374	317	321	364	310	415	379	336	348	329	429	339	348	355	415	460	364	366	385	425	453	466	512	434	439	359	409	401	390	432	375	417	465	450	507	513	532	527	306	380	366	397	346	407	337	319	207	217	230	214	184	196	195	226	192	270	235	219	218	228	215	230	201	212	177	209	205	227	221	230	243	247	181	205	197	199	270	285	243	235	252	258	241	239	245	230	276	275	351	403	355	388	377	381	315	311	323	284	351	302	289	297	257	286	273	331	389	349	339	276	280	302	267	282	263	276	280	295	271	293	275	257	270	377	324	344	319	297	133	131	124	113	110	174	202	160	205	150	152	169	163	208	177	213	213	285	278	182	169	195	162	168	151	205	150	135	218	207	192	185	193	192	214	174
NRF1	409	353	454	400	444	365	900	743	612	626	565	682	683	598	580	529	463	406	407	482	490	512	166	334	309	251	208	132	161	134	133	126	128	139	141	152	128	114	103	126	131	148	147	126	134	121	116	94	95	124	115	134	130	117	110	131	120	154	131	123	127	117	98	116	105	142	130	113	124	243	223	166	154	207	131	149	166	163	153	146	157	155	174	167	172	156	156	158	118	149	147	169	130	165	133	129	145	137	147	165	194	173	166	152	170	170	155	159	148	141	149	184	177	154	152	192	167	136	145	155	138	134	129	136	135	146	117	133	126	114	162	144	143	150	117	57	57	65	81	134	89	106	89	110	116	109	79	125	100	109	95	85	95	129	43	43	46	41	57	69	78	73	99	74	102	56	68	59	76	83	76	91	79	78	75	85	78	77	95	93	73	82	85	96	89	78	90	72	81	78	76	75	70	65	88	131	189	102	110	97	89	117	102	76	88	104	142	105	89	85	86	70	80	81	72	98	91	104	105	136	95	106	110	99	101	114	95	100	104	99	99	88	105	113	126	132	117	111	113	97	60	86	83	1	3	1	2	1	1	3	3	4	3	7	4	4	2	13	7	3	7	5	6	6	6	7	9	9	12	12	16	10	16	8	14	12	6	7	9	10	31	35	27	25	20	26	31	29	33	25	23	25	13	10	12	22	18	18	23	24	15	20	19	17	11	20	15	17	17	13	19	24	18	18	15	25	29	16	23	30	32	39	48	44	31	29	28	30	29	72	59	65	93	106	72	69	69	81	58	74	82	79	66	61	61	56	43	51	53	71	44	71	65	34	60	53	41	37	68	36	51	43	51	55	58	47	54	46	48	62	50	65	65	51	54	60	52	52	44	49	42	42	49	22	28	39	44	57	72	39	46	37	48	50	41	51	39	46	32	46	33	31	34	31	39	37	43	24	31	46	39	34	40	46	33	44	32	22	13	32	29	37	27	37	243	254	254	271	243	207	207	264	236	227	262	256	295	381	407	338	322	322	349	326	332	427	239	296	251	263	283	272	309	321	367	354	356	383	238	316	330	346	368	325	308	288	318	322	349	348	335	414	448	346	374	413	365	444	452	474	413	427	373	414	331	362	438	349	352	375	420	522	512	510	534	262	317	326	380	353	334	294	282	184	206	188	180	178	202	184	202	195	232	214	221	224	183	192	200	201	188	202	211	193	212	222	194	195	233	180	198	191	202	221	234	201	226	224	210	233	212	245	238	254	229	416	335	330	375	359	367	301	268	334	272	288	290	307	305	261	306	305	333	351	365	317	244	235	260	243	223	242	250	264	222	237	263	264	210	242	339	295	357	249	231	113	110	139	129	118	154	197	175	201	157	149	130	140	233	179	223	205	217	272	189	213	186	162	186	147	177	148	152	235	184	175	158	181	176	185	194
ZCCHC11	519	559	564	362	403	435	772	656	662	517	684	615	542	539	548	528	536	427	457	459	535	490	219	279	276	230	154	174	174	200	186	200	206	197	204	188	193	194	176	164	168	198	187	179	146	193	189	147	174	147	177	149	143	166	189	185	181	170	181	167	175	190	141	161	137	181	176	201	162	173	230	193	174	172	202	213	265	215	184	209	201	231	243	237	231	243	286	268	234	165	202	193	210	183	215	227	216	194	193	199	189	213	210	218	226	200	194	216	218	225	172	193	220	211	197	207	186	172	203	216	170	186	154	152	174	153	162	181	165	159	142	149	171	162	183	72	58	101	72	137	148	115	100	104	124	134	134	130	126	131	100	95	70	95	52	48	56	74	86	69	68	86	76	81	82	76	93	95	114	111	110	121	117	122	97	107	108	113	131	132	124	147	121	122	129	145	131	121	111	128	148	107	118	107	124	107	102	173	146	135	152	148	141	139	114	138	111	116	151	148	132	155	127	120	111	117	145	128	152	127	155	173	136	130	145	123	143	152	180	136	162	156	178	159	150	157	127	147	130	119	91	156	140	2	3	1	3	2	2	3	2	13	7	1	1	3	4	12	20	6	4	10	8	7	9	3	6	10	16	41	20	20	24	26	31	34	6	7	6	13	16	36	37	28	34	33	43	39	44	46	41	43	25	25	22	25	27	31	30	27	31	34	22	21	25	35	20	35	21	23	45	30	40	36	41	33	47	40	34	33	48	31	40	56	54	68	69	66	77	112	68	141	81	69	120	102	89	98	96	107	103	119	80	136	110	104	86	87	96	87	85	91	96	73	73	58	74	76	84	77	85	104	109	78	63	90	81	79	73	69	60	95	112	80	96	60	93	77	91	86	59	61	56	139	72	82	82	65	77	73	69	63	76	59	69	59	69	46	62	58	56	55	60	53	67	55	58	44	53	33	45	27	47	43	54	75	31	25	29	26	32	46	51	44	229	260	326	279	297	193	261	235	228	276	239	264	271	412	421	388	338	289	373	330	432	400	280	273	293	257	272	264	370	304	314	329	305	376	387	310	380	343	357	439	375	423	446	473	451	386	428	399	374	416	433	395	417	391	396	402	396	336	366	378	458	502	489	449	466	436	532	544	451	438	436	267	240	252	260	306	295	321	329	232	251	260	261	244	256	262	232	228	263	285	297	264	348	241	289	283	267	271	242	282	287	289	361	306	289	270	224	281	265	323	297	290	285	297	281	275	317	253	294	335	286	353	333	373	337	358	330	390	386	308	353	353	309	305	305	259	256	265	330	317	320	329	359	355	376	313	360	351	402	362	356	327	342	338	328	334	366	378	349	453	437	157	149	129	116	148	181	212	231	223	159	164	221	248	240	250	254	244	341	318	172	222	207	186	184	131	185	152	168	235	172	195	197	208	201	211	194
ZNF839	531	482	532	358	438	421	842	739	670	583	704	636	587	577	566	544	548	430	456	495	542	504	221	287	316	260	160	179	160	191	170	174	186	177	187	155	169	154	173	198	199	203	189	194	162	170	171	145	161	142	159	131	181	161	160	175	154	157	183	179	173	181	125	139	122	176	151	155	130	188	200	178	155	167	205	201	235	190	192	202	178	230	229	227	237	216	233	240	193	169	185	199	179	191	181	228	218	200	188	198	233	207	207	213	205	223	212	221	202	205	173	182	201	194	188	187	160	160	173	193	159	171	134	150	145	161	141	163	133	140	154	143	191	150	187	44	64	85	82	148	117	124	95	101	121	144	95	119	107	122	102	87	101	105	70	54	56	56	55	64	85	78	73	89	77	70	89	95	99	95	110	99	88	110	92	110	105	86	101	109	100	123	123	108	116	117	98	99	96	114	105	87	120	114	103	119	110	146	115	117	142	161	129	130	103	127	101	123	109	119	135	118	124	121	96	105	128	127	124	136	141	133	110	136	145	120	108	141	138	125	140	145	145	145	157	155	133	118	125	132	88	109	124	2	2	1	1	1	1	2	3	2	2	3	4	1	2	10	10	6	5	8	4	3	8	5	6	5	11	18	16	14	12	16	12	18	7	10	4	4	31	38	29	34	23	26	36	27	36	35	45	42	20	11	11	18	15	18	24	29	20	29	15	24	12	26	20	23	24	22	32	27	30	30	27	41	41	33	35	35	40	52	44	34	30	41	46	39	53	103	77	86	85	62	99	102	97	65	88	103	92	102	73	111	86	90	81	75	73	100	89	78	69	63	78	63	58	55	65	80	63	89	81	76	78	75	76	67	68	64	72	84	86	74	79	80	74	64	80	72	51	50	40	54	57	46	67	73	69	64	61	57	66	55	60	61	47	46	50	41	50	43	54	49	54	45	44	35	46	45	31	35	38	44	51	60	26	24	25	19	38	46	31	34	242	251	319	314	298	195	263	231	226	240	250	255	259	434	400	361	336	318	354	344	463	382	257	286	260	281	258	241	342	305	342	302	314	324	341	331	330	341	400	378	363	384	419	460	426	401	396	397	404	405	422	402	449	424	422	410	424	397	408	388	418	511	492	443	486	452	541	505	489	502	464	276	265	279	285	292	319	300	319	236	264	249	231	242	251	250	240	264	294	282	297	248	297	261	318	263	269	263	240	260	278	282	288	283	318	228	205	244	268	266	273	277	299	291	278	238	298	280	300	309	277	368	374	346	393	390	356	366	381	301	344	331	317	293	322	302	319	299	360	359	324	330	349	330	367	330	336	297	375	334	326	361	333	327	315	319	342	399	362	372	362	154	151	111	123	124	188	219	197	215	177	163	191	196	208	225	247	229	295	272	182	229	164	155	169	153	189	157	153	218	159	148	182	206	184	222	214
ZNF616	504	496	523	375	420	422	783	683	605	572	695	667	574	533	537	563	522	420	464	462	521	488	166	283	253	234	155	170	167	191	168	196	203	190	188	151	172	175	182	177	170	181	173	188	147	166	162	171	184	151	157	153	162	152	149	163	163	174	157	169	191	177	139	124	130	139	123	147	171	166	172	170	144	155	204	206	201	175	189	237	212	238	214	257	222	216	221	233	196	190	179	183	182	193	185	225	205	218	216	153	210	208	210	210	191	193	191	213	202	230	154	168	212	199	190	204	186	176	181	181	175	170	144	174	153	166	146	163	132	154	156	132	166	169	177	82	80	100	79	139	144	115	111	102	116	135	148	116	126	127	98	100	98	105	64	68	51	64	68	76	91	70	62	98	74	73	83	98	107	91	111	110	104	108	111	104	116	108	121	107	144	148	113	108	111	117	114	101	113	124	114	114	101	118	107	87	97	135	117	123	142	141	135	137	127	116	113	118	123	112	118	112	126	101	119	127	128	123	96	121	165	148	136	130	145	143	118	147	127	151	158	169	171	157	140	162	126	133	132	121	110	126	137	4	5	1	3	1	1	7	4	6	8	1	2	5	7	9	12	5	5	11	10	8	12	8	11	13	19	27	21	23	17	17	19	20	12	13	14	15	20	27	34	36	32	32	27	34	37	37	29	39	22	20	21	19	24	28	24	27	22	29	24	23	20	27	26	32	19	27	31	35	28	29	27	39	38	41	44	40	50	40	46	45	48	45	47	47	48	89	63	112	72	72	98	102	94	90	93	115	95	101	81	99	95	84	85	86	79	78	78	105	82	59	65	64	63	73	62	76	68	81	83	81	79	74	79	73	72	86	66	82	85	90	77	78	85	74	67	78	56	50	57	73	45	66	66	63	64	69	61	48	53	74	61	69	71	53	48	62	58	59	43	48	59	59	56	32	52	35	31	34	44	51	54	60	20	21	31	22	32	39	40	42	242	247	295	280	306	188	271	259	219	262	248	270	266	431	439	404	355	323	363	345	419	411	272	284	304	295	275	263	373	342	359	334	358	363	361	329	345	312	348	402	413	405	397	397	404	379	415	386	403	395	389	368	424	377	414	395	406	376	397	386	436	480	460	426	504	428	514	501	485	459	477	262	252	263	276	298	293	293	312	232	238	249	238	214	241	247	230	274	238	277	275	256	287	237	268	253	258	251	237	251	279	280	317	268	296	239	218	241	245	263	271	285	300	287	292	260	299	284	316	294	284	376	349	356	365	346	321	376	387	323	313	329	280	305	300	249	308	309	359	313	276	305	357	364	329	321	331	325	339	315	336	324	344	318	320	332	284	382	363	382	380	137	155	124	140	137	172	201	215	188	166	156	198	203	235	220	254	249	314	289	191	243	206	176	194	147	177	155	173	206	194	168	189	205	209	227	214
PAX8	523	547	529	388	435	436	810	679	651	560	662	627	538	513	545	532	521	414	480	482	552	493	185	267	267	216	135	177	163	194	205	203	208	214	200	156	189	175	158	169	198	186	187	171	152	165	185	164	172	183	168	148	153	153	180	173	166	170	171	179	183	190	137	161	130	154	149	164	164	174	191	177	155	168	176	197	224	195	205	203	227	245	224	209	251	251	248	244	206	189	182	208	181	203	236	240	221	243	232	180	205	202	190	220	200	216	210	231	212	197	162	175	231	215	210	185	177	180	186	183	172	188	134	148	155	195	158	189	148	149	152	164	182	176	178	70	81	86	75	138	138	106	95	106	98	132	112	121	132	129	112	119	97	104	65	57	56	69	67	78	106	81	66	107	77	90	88	102	102	93	119	126	117	103	110	112	116	124	114	115	115	151	123	126	120	132	133	110	110	106	115	105	113	111	107	96	89	152	142	142	141	151	131	135	107	127	123	111	114	119	138	128	120	120	109	121	133	123	106	124	128	149	144	152	154	148	132	154	122	144	181	183	155	157	144	162	123	135	138	137	117	136	107	3	3	1	2	1	1	3	2	5	10	1	3	5	4	8	14	5	6	9	6	5	8	6	9	17	14	19	17	11	18	23	18	17	8	6	6	11	12	38	45	41	27	27	45	38	39	43	42	49	28	15	18	21	19	44	31	38	16	35	26	17	19	26	32	27	31	22	39	28	27	41	31	40	29	37	42	36	60	50	52	49	38	56	58	54	55	120	64	111	70	54	118	122	107	99	95	116	103	99	85	107	95	100	96	82	92	96	94	89	99	69	70	66	78	63	92	78	74	88	86	89	80	80	83	65	64	76	83	88	102	87	79	79	67	63	68	72	56	53	53	66	82	63	87	63	68	71	53	62	65	55	63	64	66	47	45	53	56	49	56	61	55	49	70	39	55	49	37	27	43	40	47	60	20	20	23	23	37	44	39	35	252	272	333	322	289	214	281	267	244	291	239	266	259	459	422	392	372	318	364	334	448	400	306	294	303	302	290	278	391	329	349	362	353	334	372	318	349	335	365	402	391	427	457	452	440	383	421	380	352	436	406	392	449	422	413	392	407	379	389	370	436	495	440	447	520	439	556	497	443	497	427	247	239	241	227	294	280	298	328	208	252	251	263	221	245	273	263	271	246	323	304	274	303	247	299	252	266	276	247	269	274	299	304	287	332	246	219	261	262	302	246	278	285	297	312	254	279	289	321	313	271	346	357	341	375	377	366	380	390	333	320	311	331	303	304	273	296	298	370	321	253	338	377	365	345	341	376	333	351	357	337	321	321	344	346	337	292	369	332	395	377	154	147	130	148	142	193	203	212	215	156	147	204	221	232	235	224	252	317	321	194	264	201	199	206	155	165	182	171	203	168	184	183	234	237	219	232
E2F5	575	543	569	409	479	425	878	744	731	618	722	721	628	645	612	570	577	444	474	538	544	537	227	337	267	234	161	198	187	210	220	199	190	184	214	167	196	190	188	161	201	211	200	204	172	169	194	162	148	167	171	166	166	171	200	177	170	183	204	197	194	197	150	142	141	157	154	146	167	215	219	188	169	195	202	214	245	238	203	241	241	226	262	246	233	272	227	231	193	176	203	191	219	223	222	229	212	204	217	216	229	213	250	251	274	238	253	240	221	222	203	206	208	222	180	218	195	185	169	196	189	165	165	171	171	185	144	168	138	132	187	174	190	166	162	81	90	96	77	168	146	119	105	138	128	147	126	119	134	139	100	106	111	121	69	54	63	61	70	77	85	95	91	113	90	74	96	108	107	108	124	128	115	112	122	109	135	102	141	100	151	132	121	121	135	127	122	105	108	105	120	111	129	102	116	114	117	148	161	141	151	131	165	135	113	138	139	146	116	137	111	118	130	130	127	133	122	120	149	150	158	145	147	114	133	147	129	142	148	148	152	162	168	167	169	158	147	144	140	120	117	136	130	3	3	1	3	2	2	3	2	7	7	2	2	8	8	11	10	10	6	10	11	8	10	6	13	9	19	21	20	20	15	20	13	17	19	13	11	13	33	29	39	32	33	27	35	35	42	38	41	36	30	18	23	17	16	36	18	33	25	20	28	24	24	34	39	35	29	26	33	35	32	27	26	55	33	48	47	37	52	42	50	39	41	52	46	48	36	89	67	121	90	76	110	113	116	87	98	102	122	108	80	93	87	104	75	91	82	88	82	118	95	74	68	63	64	70	78	75	73	79	83	80	76	80	81	67	73	82	65	79	85	94	86	82	74	80	68	71	52	65	69	50	53	61	62	75	54	65	62	56	68	63	73	78	64	51	57	52	69	58	62	61	61	61	53	46	45	57	48	50	45	45	51	58	23	31	41	31	36	42	35	35	295	272	351	294	330	247	292	283	271	280	297	294	305	470	432	423	432	378	408	398	496	455	304	340	305	297	335	285	341	371	396	372	377	389	372	333	387	389	420	428	409	433	435	496	484	427	386	419	438	438	433	423	499	459	483	457	412	445	427	419	473	547	513	468	527	521	560	567	550	531	500	320	265	262	307	324	322	344	293	250	238	257	254	254	267	253	277	298	273	308	266	257	301	252	280	268	275	277	248	293	277	287	303	321	310	230	247	254	271	280	294	310	294	317	343	293	293	292	313	300	316	363	370	383	370	385	377	399	394	365	358	359	322	354	326	302	342	322	368	398	328	357	305	415	393	376	369	341	375	369	343	336	367	359	360	349	339	393	375	418	379	178	154	179	135	137	193	221	222	223	191	185	191	188	271	239	255	253	300	298	219	228	201	202	222	161	200	186	200	242	222	197	212	211	210	238	210
ZNF552	537	511	584	371	438	395	934	792	708	660	744	700	652	645	620	580	567	441	490	557	594	566	213	351	317	259	173	186	201	190	192	188	191	199	188	173	204	162	186	182	174	187	182	202	153	165	179	160	172	163	157	155	158	163	171	177	175	177	171	185	191	173	149	142	144	171	171	157	166	220	224	174	179	175	198	200	226	199	203	202	228	264	230	224	267	242	232	238	196	181	187	189	189	212	215	215	216	228	223	189	217	218	185	217	202	215	216	219	204	232	169	171	236	224	179	215	184	167	180	209	168	192	150	154	160	190	155	172	146	150	169	146	181	177	159	69	74	90	71	158	136	134	109	114	114	148	115	114	111	155	113	91	89	109	67	52	62	75	69	69	91	79	82	89	72	76	87	109	109	108	100	126	103	110	100	116	114	113	116	113	128	132	105	112	118	112	120	108	122	116	113	94	97	96	114	119	102	141	129	135	131	165	123	143	114	135	132	151	122	124	127	141	127	120	120	136	142	122	141	147	146	146	136	123	125	145	126	148	151	140	158	164	158	151	136	175	151	120	153	128	114	98	133	3	4	1	2	1	1	5	4	6	7	4	6	4	5	7	13	6	6	10	6	9	9	7	9	8	18	23	16	20	22	20	20	24	4	10	11	14	34	34	34	37	37	28	37	33	42	37	36	37	20	18	20	25	21	34	28	33	24	24	24	22	16	27	22	28	18	16	33	30	30	30	29	49	33	45	34	35	48	54	52	39	46	53	52	56	52	107	71	126	87	62	106	107	95	85	101	116	99	100	83	111	105	82	92	91	91	90	94	90	99	50	82	60	69	76	77	66	65	85	84	75	72	79	69	68	73	58	69	77	99	72	79	65	68	73	83	84	46	49	65	78	68	70	74	64	71	69	52	53	69	67	52	60	69	62	48	43	53	56	50	44	61	67	53	35	48	52	38	43	37	51	61	66	29	31	25	23	40	40	41	42	250	276	326	295	310	187	287	259	247	263	267	252	295	433	460	404	375	361	410	359	456	422	263	305	298	288	291	271	360	358	367	337	346	391	380	344	373	347	414	428	420	440	450	445	438	407	443	427	433	433	445	449	490	454	490	446	436	414	432	430	459	508	491	492	517	476	582	579	545	499	509	303	288	296	308	333	338	320	347	259	261	244	248	235	242	298	281	276	281	310	318	280	283	264	272	256	273	269	253	263	284	291	305	301	315	251	214	262	270	293	274	279	293	282	297	259	305	290	316	316	291	422	412	422	392	416	409	409	413	338	329	339	325	332	341	283	339	330	402	384	339	351	360	351	360	335	354	360	360	333	347	341	337	358	333	328	347	398	377	386	328	141	151	128	129	134	185	208	206	196	167	170	189	197	247	227	250	241	322	335	189	229	211	162	181	157	204	169	156	214	174	170	195	212	200	232	206
ZNF138	506	541	556	372	431	402	886	744	677	607	710	698	592	547	552	573	558	472	503	486	574	528	209	294	275	236	142	186	182	204	199	214	177	206	199	139	200	168	182	175	185	193	175	179	169	177	180	170	165	164	161	169	167	162	173	161	181	184	181	167	186	188	157	154	154	184	163	169	176	192	192	202	176	148	200	214	236	210	205	214	222	249	233	223	238	253	235	239	210	187	188	213	199	216	217	224	219	204	237	174	206	215	199	225	211	207	203	212	199	203	152	192	222	219	198	200	201	178	183	213	181	166	161	160	172	178	150	160	156	162	158	148	192	192	174	78	84	79	74	161	156	128	114	114	118	144	110	133	118	136	106	99	77	106	45	69	45	75	73	75	86	81	84	86	68	83	92	107	103	102	97	121	112	102	107	108	121	116	110	127	122	135	120	107	105	121	129	105	113	112	126	107	105	105	105	87	76	139	130	137	135	135	143	135	112	139	131	143	117	120	131	118	132	119	114	114	146	141	123	125	144	159	144	136	139	148	148	120	134	132	166	175	145	152	148	159	137	120	138	139	131	121	127	3	3	1	2	1	1	5	2	4	6	2	2	3	4	10	16	5	5	8	5	8	8	4	9	7	15	24	20	24	19	20	24	26	16	11	14	9	22	33	36	29	35	40	36	39	41	31	39	42	14	18	20	16	25	42	30	37	23	29	25	17	22	22	26	22	21	23	37	31	23	25	34	45	46	45	36	36	47	43	56	51	50	61	64	60	57	100	66	139	63	65	104	103	96	109	106	105	99	92	77	100	104	85	90	94	111	93	91	94	89	66	80	59	65	67	82	67	75	89	75	71	73	79	78	65	65	65	76	80	100	83	91	69	86	74	67	97	57	59	47	101	80	79	72	69	66	73	68	70	61	59	69	67	65	60	51	58	45	59	54	46	60	57	59	43	55	42	30	36	49	41	60	65	35	19	26	24	42	42	36	44	240	281	315	305	304	186	258	252	240	266	251	291	268	460	475	396	378	304	398	374	424	412	272	259	308	307	288	267	372	371	355	332	341	400	375	334	366	361	398	413	396	433	453	438	449	427	434	424	390	407	415	399	436	429	413	419	411	399	393	389	479	508	473	454	482	446	559	549	511	513	471	292	250	245	271	306	281	282	299	260	261	242	269	228	247	287	272	284	260	314	300	281	283	253	295	300	293	291	249	288	286	311	309	289	322	256	220	261	272	314	284	300	275	307	301	282	293	309	337	313	296	404	369	407	388	352	353	379	381	371	340	349	327	322	320	295	313	293	351	335	291	285	353	390	356	351	335	358	386	345	356	335	336	352	359	325	308	381	364	405	373	142	158	136	136	141	185	229	214	202	175	154	190	225	257	239	246	245	311	316	197	225	201	159	175	168	187	137	153	243	167	187	233	203	207	213	214
ZNF526	551	476	529	373	428	408	774	677	616	596	635	717	611	525	607	574	567	421	426	483	499	502	249	391	342	311	132	175	162	179	180	150	181	158	156	165	155	155	176	164	192	152	155	150	130	142	160	129	134	142	140	135	149	171	121	156	164	144	145	153	157	161	128	132	147	127	115	126	137	200	201	173	157	160	184	183	209	176	217	211	187	203	210	217	181	198	178	206	171	169	170	163	166	175	183	181	182	190	199	159	220	215	184	190	190	195	183	181	190	176	188	188	178	191	191	196	184	139	147	150	168	128	109	131	136	172	103	143	128	112	149	131	152	141	154	59	62	70	71	134	123	92	74	86	113	107	116	97	98	116	96	92	93	102	55	39	56	55	53	52	71	70	77	65	76	56	93	66	94	79	98	106	101	85	84	75	86	107	101	82	90	116	103	110	106	104	96	82	94	96	85	84	98	93	98	85	88	114	103	127	107	113	114	112	157	98	105	98	103	93	110	128	114	105	114	93	90	117	110	126	136	121	122	119	102	113	105	120	148	144	108	115	126	130	134	139	126	173	107	89	107	99	116	1	1	1	2	1	1	1	2	4	1	2	6	3	1	4	5	4	3	4	6	1	7	11	5	4	7	14	16	11	12	10	6	5	10	9	15	11	21	22	35	21	21	26	24	21	22	25	37	46	25	12	16	18	13	17	25	16	14	15	15	22	24	33	18	12	29	22	29	18	14	23	17	50	27	32	31	39	36	26	32	31	39	23	34	22	28	74	82	92	87	66	72	84	90	84	93	93	78	82	58	76	96	73	64	76	63	73	69	78	73	66	47	50	69	55	64	62	50	79	67	56	55	60	68	66	68	62	64	55	60	65	74	70	66	54	48	62	47	49	53	23	57	46	39	53	44	54	47	54	53	52	51	51	68	53	46	47	35	52	40	37	35	39	35	42	44	37	44	42	34	42	38	41	21	26	27	23	33	31	27	33	227	243	275	283	265	220	286	277	228	253	253	268	248	365	448	393	349	325	340	312	503	412	254	284	266	253	324	266	312	358	367	361	358	369	334	313	321	342	396	405	385	361	390	382	379	416	369	370	369	371	394	400	422	443	450	408	315	424	409	411	425	432	480	498	462	444	529	631	541	504	448	310	212	213	296	265	262	280	307	231	217	256	212	215	227	206	226	231	230	275	254	259	286	194	245	232	235	249	251	255	236	259	232	266	281	214	221	222	230	253	278	230	252	295	281	250	272	296	329	289	290	380	322	342	366	322	327	336	357	353	316	338	273	246	296	309	349	317	320	304	312	321	292	317	325	344	317	321	357	296	306	304	289	277	309	334	290	366	347	360	318	159	141	138	113	116	159	169	196	223	178	149	174	182	194	227	223	209	262	253	188	179	190	199	177	139	188	175	171	199	163	135	192	167	164	222	173
ZNF740	486	528	522	405	423	436	874	772	674	566	729	686	607	607	559	543	547	434	450	536	515	526	277	369	381	329	185	169	177	172	181	159	180	156	165	177	147	147	159	163	156	178	196	185	164	176	171	145	149	133	154	153	144	158	140	174	144	150	174	134	162	150	140	146	139	163	165	133	165	198	219	203	200	183	198	181	199	192	200	196	177	214	222	226	226	211	242	204	196	175	180	174	186	212	180	194	201	177	187	214	218	207	194	195	225	196	200	193	200	230	227	192	194	165	168	196	176	152	159	167	164	157	149	135	123	148	157	156	135	161	175	156	153	166	148	74	62	76	76	138	153	90	107	113	117	127	106	116	121	144	91	94	102	82	59	48	66	61	58	60	78	81	88	98	92	70	84	98	118	79	82	86	103	104	90	88	106	76	116	107	116	94	113	107	109	108	101	84	92	101	109	114	91	106	130	129	104	138	127	116	127	138	135	139	98	155	108	100	132	111	115	139	111	113	113	118	124	110	132	159	125	127	124	105	116	111	116	137	115	134	141	154	160	128	157	143	110	134	124	151	101	121	122	4	3	1	2	3	2	4	7	3	6	4	4	3	6	13	9	10	4	5	6	5	11	11	7	13	12	19	14	14	18	15	17	11	6	11	6	13	33	34	35	28	28	31	26	38	27	31	33	43	26	19	17	21	24	21	30	29	18	24	20	25	20	31	22	18	33	17	28	24	32	24	28	38	43	30	39	30	34	39	41	36	37	34	53	31	37	98	82	71	80	73	86	74	84	85	97	105	78	97	76	91	86	80	61	68	79	73	74	72	80	69	71	52	64	63	57	78	59	77	66	61	78	65	75	70	61	74	71	81	82	74	76	79	63	53	67	58	55	52	58	39	61	58	60	64	76	57	59	59	51	47	59	59	56	68	44	56	49	50	47	45	46	54	43	48	41	54	37	45	52	51	40	53	47	41	23	22	41	40	39	36	278	277	333	278	294	191	254	249	229	252	278	271	282	445	443	379	353	342	396	335	398	408	275	332	283	277	278	283	389	348	364	350	348	391	348	341	366	372	426	393	352	365	381	459	428	381	395	458	383	377	423	467	403	415	461	457	488	367	340	409	423	491	454	433	456	475	489	518	511	481	475	265	308	319	293	354	327	314	332	205	245	239	242	225	216	231	249	223	288	261	291	257	274	213	258	249	244	235	244	246	244	249	289	278	302	189	212	259	257	270	276	252	296	270	278	249	272	263	286	288	282	385	330	362	378	363	352	357	347	329	319	334	317	319	318	266	283	257	312	328	294	334	292	299	351	338	323	330	364	331	296	296	296	317	294	325	366	366	346	369	340	141	129	134	134	159	179	187	219	246	198	167	207	206	249	240	235	238	273	305	196	222	217	145	188	146	192	158	155	224	198	188	201	228	200	198	200
ZBTB14	460	474	544	439	477	422	853	727	677	659	645	767	628	563	515	564	542	444	473	481	535	537	184	328	287	274	158	175	157	171	187	178	188	181	192	147	156	142	138	166	149	177	182	153	158	129	151	140	137	146	148	165	148	156	150	139	159	169	158	147	171	161	143	142	114	132	146	138	158	227	252	181	172	150	176	170	204	220	215	179	208	217	193	217	247	230	173	197	181	194	182	196	174	205	201	212	194	209	231	175	230	204	196	207	210	192	188	183	213	182	170	192	180	203	189	197	195	176	167	186	145	164	142	136	147	174	130	121	139	162	166	165	155	175	151	73	78	62	74	140	148	111	74	93	121	126	116	114	118	124	93	105	100	105	57	44	66	48	63	60	68	66	95	72	102	76	82	76	98	95	101	98	108	96	92	104	123	106	93	110	103	101	88	116	104	114	116	86	89	92	98	107	91	93	100	102	142	111	101	113	123	139	132	131	105	108	161	125	102	97	110	103	119	100	107	92	101	102	108	111	126	109	142	114	120	125	129	128	129	145	139	144	147	148	131	135	112	159	116	86	106	98	109	2	1	1	1	2	1	1	1	3	4	4	3	2	3	7	3	4	5	5	4	5	6	5	5	11	10	11	19	13	15	10	12	5	12	9	12	11	19	32	39	27	33	30	24	34	29	28	35	26	25	17	15	18	15	32	29	27	17	17	26	15	17	15	19	19	14	19	24	21	14	16	22	36	32	23	35	24	34	39	36	33	41	28	32	38	38	79	61	79	92	70	86	81	88	99	90	87	94	93	74	63	58	79	51	75	67	69	70	73	91	59	59	64	60	49	55	66	67	58	71	60	62	67	63	65	61	82	84	74	72	81	71	75	60	57	61	66	43	56	63	22	56	51	50	59	54	45	55	61	48	49	61	72	49	55	45	50	46	45	34	43	36	39	39	32	29	46	36	30	42	44	32	31	28	28	28	33	40	37	42	39	264	271	260	319	253	226	263	273	263	272	288	266	295	440	431	392	381	353	410	344	433	449	260	323	296	282	293	296	360	354	359	365	373	372	310	322	360	313	389	412	368	382	365	389	443	382	394	416	390	389	429	402	472	474	424	409	405	421	407	394	441	479	466	444	467	432	491	525	499	534	435	266	262	261	271	305	296	261	294	216	240	220	247	209	231	239	246	254	220	303	262	272	230	220	240	235	233	263	260	272	261	300	245	267	255	213	246	252	255	274	250	239	280	288	285	251	269	284	321	268	275	404	355	362	398	400	365	351	365	378	344	318	335	313	308	308	296	305	339	374	319	305	311	350	347	336	319	324	326	319	286	314	330	277	324	343	318	381	350	328	306	146	159	142	141	130	187	209	211	181	189	167	164	179	209	233	223	215	268	296	237	215	206	186	220	156	175	148	172	258	200	185	198	206	225	205	212
GMEB2	524	503	561	431	473	446	905	748	639	655	646	739	660	606	599	564	594	451	482	485	540	537	145	271	230	217	203	190	172	179	186	164	182	160	180	159	153	176	179	168	159	173	171	169	150	142	133	157	148	132	143	162	135	146	148	153	144	145	166	154	146	163	132	147	147	152	141	142	148	238	211	182	152	147	183	188	213	212	187	192	202	218	211	197	223	211	181	186	201	177	180	181	193	202	173	185	214	190	181	188	179	178	185	207	213	193	187	185	197	179	180	212	199	187	200	191	199	151	185	161	158	162	158	135	159	165	136	128	114	112	175	157	164	164	146	71	55	75	85	151	152	121	98	107	135	131	102	118	138	130	92	96	110	113	62	55	52	55	55	76	78	88	83	90	96	71	75	88	101	99	113	110	95	124	101	104	107	101	115	111	102	106	112	118	97	114	124	100	90	78	103	108	95	96	95	140	105	116	123	118	111	146	151	143	98	100	125	125	103	123	109	126	115	106	125	102	112	114	117	154	118	122	123	108	139	106	142	132	113	141	141	129	153	133	139	141	131	113	125	102	101	90	117	1	1	1	1	1	1	1	3	3	3	2	2	3	4	6	3	7	6	6	4	5	7	3	5	10	8	14	9	10	12	8	15	7	12	5	10	9	38	19	34	21	27	35	30	26	31	25	40	29	21	13	10	19	11	29	33	23	12	15	19	16	20	21	24	18	18	25	26	24	23	17	22	37	25	24	38	22	49	41	51	34	35	46	42	44	36	93	56	91	71	78	104	95	82	98	107	81	91	94	66	73	78	86	61	81	76	78	74	89	93	73	65	68	67	63	69	74	59	55	63	62	68	68	78	65	70	74	83	74	70	80	78	75	63	60	44	57	71	55	66	29	66	50	65	62	51	55	67	64	57	64	68	68	46	40	42	47	47	35	50	41	42	43	44	37	41	40	50	38	53	35	42	39	19	32	23	40	38	41	29	33	288	247	316	298	269	238	291	259	239	274	277	304	280	427	422	401	398	372	380	372	469	436	276	330	275	294	314	289	349	379	382	358	370	384	327	312	378	345	396	422	388	389	392	423	391	358	398	397	461	398	423	363	445	442	469	423	389	439	401	401	455	467	447	380	452	462	482	483	497	523	512	305	298	306	353	316	335	301	296	219	223	255	217	194	212	218	262	258	254	271	261	254	244	232	251	236	238	273	269	247	254	291	264	279	274	207	240	248	249	287	266	275	265	302	291	271	250	270	300	300	317	353	381	368	368	404	372	341	342	327	339	350	301	311	295	266	332	331	361	367	352	351	311	354	328	316	296	299	333	319	274	306	336	314	298	331	334	364	373	346	275	141	156	139	125	119	191	212	183	222	196	161	163	174	246	209	220	236	281	299	200	212	207	193	214	157	178	164	165	237	197	187	184	210	215	228	194
RFXANK	490	518	502	355	408	401	755	618	608	498	662	602	523	497	532	486	522	396	421	444	440	507	229	281	250	204	134	169	162	167	147	167	156	145	144	178	173	156	146	159	146	179	173	151	118	161	177	145	135	149	148	137	142	126	143	149	137	168	157	144	154	154	137	132	122	149	154	154	140	162	178	193	166	183	206	188	220	180	163	169	192	194	202	189	200	204	218	221	163	154	182	170	177	185	169	177	175	150	157	224	190	196	180	171	207	185	170	206	196	194	202	159	183	199	181	209	175	166	137	181	172	136	145	140	158	164	132	134	131	130	139	134	160	137	145	80	58	87	49	151	145	108	96	124	123	127	103	120	114	137	86	71	72	89	58	55	54	70	61	61	67	85	91	68	77	60	72	91	83	102	91	101	82	93	88	79	103	105	94	97	93	89	93	102	96	98	112	77	104	91	100	96	93	111	92	108	89	151	109	123	114	116	122	117	103	132	102	103	183	120	102	124	95	109	99	78	94	117	122	120	124	125	103	112	128	123	107	134	135	127	120	113	119	147	136	117	114	119	118	111	105	129	123	3	2	1	2	2	2	3	5	4	4	1	1	2	4	6	9	5	9	7	5	8	4	7	5	5	11	20	16	14	14	9	16	14	7	11	13	7	11	26	29	19	27	22	25	30	30	29	28	32	34	17	14	14	17	19	27	19	30	18	20	20	17	27	16	17	18	17	17	19	31	18	21	30	35	33	40	27	29	36	37	29	39	42	38	30	37	67	61	72	64	77	71	71	81	79	79	72	75	90	80	83	82	79	63	73	55	67	77	77	72	68	59	53	67	63	63	58	55	56	65	55	62	56	67	66	58	60	61	61	67	71	64	77	76	71	70	63	43	53	71	53	53	49	47	49	58	68	60	48	57	43	52	43	54	46	37	40	39	39	52	34	42	36	43	43	46	35	43	33	52	50	40	44	44	41	21	21	37	50	37	41	233	251	319	258	270	195	277	217	217	247	272	242	273	382	392	401	324	324	343	312	414	376	254	265	268	266	299	253	345	335	338	291	301	370	337	309	349	311	372	394	365	395	387	397	387	347	350	398	381	397	364	350	387	346	396	399	370	341	364	365	409	417	433	443	416	427	443	475	440	452	432	261	243	238	268	265	280	272	322	241	199	219	231	185	233	200	218	196	217	230	229	230	292	231	254	205	235	224	220	249	247	249	284	268	263	220	215	212	237	242	242	245	240	264	260	253	268	230	274	297	261	291	295	326	312	326	329	328	317	289	296	296	262	273	275	261	276	263	293	301	307	309	282	283	330	294	314	291	342	325	253	307	315	296	284	303	395	350	336	375	379	173	145	113	101	118	198	188	212	224	169	173	197	202	215	223	236	273	283	253	160	188	194	164	171	150	159	136	152	224	205	174	184	201	167	211	163
ZHX3	433	511	488	352	382	377	795	687	605	517	622	541	545	542	531	495	508	372	403	442	483	464	168	239	217	181	149	160	180	157	140	170	160	153	165	133	184	155	153	151	142	165	154	162	127	163	173	135	161	148	150	135	132	129	154	170	142	149	150	141	134	156	141	121	129	118	128	167	136	190	214	172	146	154	152	171	227	168	152	168	176	217	199	187	218	191	218	223	218	124	175	170	187	175	172	200	192	162	169	173	170	183	175	172	180	184	166	198	178	178	164	181	198	185	170	199	173	144	180	179	145	157	142	140	167	159	125	150	144	130	139	127	159	127	156	67	64	94	65	125	116	93	90	89	109	121	108	103	118	117	88	94	78	87	61	50	48	55	67	66	74	97	73	70	71	61	63	92	86	91	87	102	94	112	88	98	82	90	101	111	103	123	115	105	108	118	119	112	108	108	133	99	94	86	89	114	85	148	119	112	119	137	124	120	93	111	97	123	120	127	120	124	123	103	94	96	124	116	135	113	124	118	101	111	131	124	123	129	144	110	127	126	141	142	131	135	111	108	126	116	94	125	93	5	4	1	3	3	3	7	5	9	6	2	2	3	6	9	16	3	4	10	9	4	10	8	7	7	10	25	15	17	17	16	29	26	12	9	12	9	31	24	28	24	32	29	30	43	43	39	36	37	20	25	16	12	20	25	22	26	25	26	18	19	13	35	19	27	18	20	32	26	32	36	40	29	34	28	29	32	39	47	46	46	39	55	64	58	63	89	62	115	72	67	110	88	76	83	82	93	85	98	74	94	80	84	73	84	78	76	64	88	69	63	68	62	51	60	69	67	62	87	78	70	62	80	70	62	55	53	62	86	87	76	84	63	70	58	78	65	42	48	49	106	68	62	65	51	62	69	58	57	53	57	53	55	55	49	48	42	30	39	43	42	54	44	52	40	45	32	44	32	43	39	41	58	30	29	19	17	27	43	31	36	194	214	285	243	241	182	234	206	204	226	232	237	246	354	383	365	322	294	337	294	349	360	243	251	263	223	261	229	302	298	310	289	291	326	339	272	341	288	371	386	352	366	392	390	349	335	390	390	370	363	354	333	413	350	400	402	389	301	344	355	389	433	418	376	422	398	468	463	452	402	434	246	257	258	271	321	302	256	282	196	231	225	218	183	213	225	219	256	269	252	254	249	279	205	244	213	231	238	209	229	272	251	326	272	278	203	182	252	248	242	226	275	230	225	226	234	256	238	247	287	226	318	310	341	328	327	315	309	334	284	294	278	295	277	268	223	236	236	316	310	308	280	324	306	278	262	302	292	320	314	287	288	303	336	264	275	307	320	327	366	315	146	132	115	109	123	166	195	177	184	157	155	203	210	201	195	220	208	316	245	162	202	187	150	167	120	160	121	157	196	175	176	171	181	167	201	164
E2F2	410	458	498	354	391	348	795	679	646	517	639	604	530	551	515	533	503	423	460	465	531	478	183	274	244	204	153	158	181	185	184	210	195	192	177	143	165	145	152	164	155	172	171	163	150	161	163	128	158	133	154	118	149	132	164	170	154	187	178	165	161	157	127	139	126	160	148	147	133	193	215	184	145	155	188	167	196	212	193	187	206	199	213	200	197	227	211	240	195	153	167	195	187	203	210	205	216	189	197	172	181	199	208	212	213	219	194	189	205	170	152	173	190	192	187	173	146	156	180	180	175	166	128	144	120	133	126	139	117	129	138	141	147	128	163	49	71	63	59	139	113	98	80	105	108	114	96	101	102	113	77	77	82	90	51	38	60	59	74	54	76	64	66	90	81	74	77	95	101	108	118	115	94	100	92	90	108	101	104	108	106	123	106	112	117	130	100	98	93	93	101	95	97	84	88	103	86	132	135	118	138	111	127	131	110	115	110	109	102	120	129	111	122	111	98	107	140	118	115	112	120	128	128	114	124	144	127	114	123	111	155	151	147	151	120	146	152	142	116	123	106	102	111	1	2	1	2	1	1	3	3	5	4	1	4	5	3	6	11	6	6	8	4	5	6	5	10	11	10	20	18	16	14	15	20	23	12	12	11	9	18	25	29	23	26	30	34	33	39	38	50	37	14	15	14	13	15	35	30	37	20	19	21	18	20	26	28	24	21	20	26	24	31	23	21	27	20	23	31	35	50	49	45	38	50	53	39	45	41	110	72	91	92	76	104	97	88	95	100	105	108	93	72	95	98	96	78	76	82	73	83	101	83	51	62	53	57	45	80	61	65	76	92	71	63	69	71	72	59	63	65	63	93	70	78	64	66	64	62	71	51	48	45	67	73	64	68	53	64	75	54	62	68	59	54	67	56	37	44	64	55	41	48	50	62	54	48	45	38	42	37	31	37	42	38	42	25	21	23	18	29	41	35	34	247	244	310	267	258	194	232	226	222	242	245	257	254	403	389	353	341	294	371	362	364	409	244	270	243	257	243	252	331	285	322	304	290	326	335	284	310	304	355	385	348	409	386	420	422	327	417	386	346	381	395	392	450	417	430	388	406	353	347	357	432	457	430	422	447	427	509	512	500	473	394	247	243	254	240	321	298	257	289	228	236	242	215	224	222	250	261	237	236	274	273	265	257	229	274	258	245	256	238	252	255	256	271	267	294	200	208	214	263	276	232	265	258	273	279	235	275	254	272	258	246	344	323	409	337	356	339	344	330	327	339	288	301	316	310	261	263	279	343	322	292	293	341	358	336	309	332	315	357	320	328	299	325	294	316	312	279	352	321	351	332	136	119	112	107	106	143	198	187	180	161	159	144	175	228	205	234	218	282	256	177	191	175	144	158	133	165	131	155	192	178	147	156	182	179	185	183
MAF1	526	516	516	358	386	426	757	660	605	527	647	589	521	532	571	526	543	408	466	492	492	517	174	263	229	204	158	178	192	186	171	187	189	165	174	150	173	154	174	176	162	164	186	181	116	151	154	139	142	120	139	131	147	163	156	172	157	158	151	169	142	177	170	130	121	135	147	181	125	160	205	173	153	162	205	170	214	195	203	186	180	206	213	201	202	228	246	232	190	160	181	181	184	190	192	203	201	183	195	220	199	222	182	203	207	202	176	201	194	211	206	167	197	184	195	177	162	144	157	180	203	168	122	134	141	166	127	146	149	136	139	144	162	153	151	62	65	59	58	127	129	86	93	90	144	110	108	84	113	126	101	99	76	93	45	37	53	63	61	57	67	86	64	81	68	76	79	78	98	87	93	93	102	104	101	76	96	105	113	121	101	119	115	104	119	107	105	98	93	110	119	93	97	117	93	109	70	155	118	112	128	118	141	118	128	139	103	126	124	124	111	223	118	129	114	113	134	103	136	130	120	141	119	134	123	127	112	124	131	141	145	135	136	138	143	142	124	120	121	102	133	125	137	1	1	1	1	1	1	1	2	4	2	1	3	3	4	6	11	4	5	6	4	4	7	5	3	7	10	26	13	13	23	11	15	17	11	6	5	11	10	35	34	31	22	35	38	35	36	31	48	50	11	15	14	21	16	27	26	20	27	24	23	22	18	27	26	21	16	21	29	27	21	28	27	30	29	35	33	35	35	34	35	49	42	46	45	52	47	80	67	97	70	72	97	97	74	79	92	98	88	102	66	93	90	96	78	71	72	68	91	83	90	55	61	54	68	71	76	84	70	80	89	69	44	69	69	68	62	66	72	77	80	69	79	77	76	74	72	75	54	29	54	64	63	63	62	58	65	58	62	57	55	62	68	53	61	50	47	35	49	43	47	55	49	53	52	59	36	44	46	29	47	49	36	59	27	29	29	25	40	40	46	35	231	226	313	273	273	202	254	228	227	257	250	239	233	381	373	359	333	296	370	306	450	385	250	282	265	256	267	270	332	304	330	292	283	340	374	307	331	336	349	382	366	454	433	405	420	356	401	379	352	384	392	372	435	400	437	361	344	350	359	383	416	465	458	622	463	427	513	541	457	448	411	271	236	241	243	257	287	269	309	223	217	239	232	186	211	231	217	226	254	260	260	248	292	241	256	245	236	229	243	256	234	257	312	278	275	261	240	237	239	273	267	270	245	263	260	262	292	279	261	295	253	322	305	364	353	335	336	339	357	327	327	316	268	281	276	269	307	321	332	338	275	317	321	338	304	285	346	325	337	335	323	316	314	287	315	348	321	341	350	417	337	160	136	118	109	106	171	199	199	206	162	158	210	217	215	204	239	236	320	283	167	191	195	156	169	133	167	136	176	197	158	168	169	216	180	211	186
CAMTA2	494	520	539	396	430	467	792	682	616	563	636	616	573	550	535	535	537	398	428	488	520	480	182	271	283	256	174	170	181	184	163	171	185	170	173	144	164	150	162	182	160	175	169	155	136	157	177	149	164	160	148	155	139	145	154	158	154	174	157	153	157	179	122	134	118	161	141	158	157	184	186	148	140	157	191	219	205	173	185	188	202	215	236	208	230	205	215	222	187	166	187	187	191	190	183	205	217	206	191	177	193	183	194	183	194	205	168	192	205	191	197	166	212	209	193	186	169	162	177	182	152	162	140	150	164	180	119	158	136	116	151	155	176	136	176	67	92	89	78	129	131	92	108	104	113	113	122	113	112	132	94	111	106	102	59	53	55	67	41	59	71	64	77	77	73	75	78	87	99	80	83	106	114	103	92	96	107	103	113	123	105	131	104	107	108	107	113	109	105	96	107	92	103	79	94	119	80	127	124	126	120	130	127	132	114	111	119	115	95	123	122	118	101	110	96	115	112	125	117	102	133	142	122	123	123	120	118	138	114	139	144	140	132	142	136	140	116	105	112	106	113	102	111	2	2	1	1	1	1	3	2	2	3	3	2	2	3	5	11	3	3	6	5	6	4	6	4	10	11	16	10	14	15	15	11	15	9	13	8	10	23	37	34	30	21	32	35	29	35	30	30	43	16	15	18	20	15	25	21	25	16	19	24	18	19	17	17	18	23	28	33	26	20	27	25	40	36	38	38	30	49	51	47	32	41	43	36	56	39	89	71	87	60	73	90	103	77	90	98	93	82	88	67	82	92	90	84	77	81	78	93	71	82	56	65	64	69	68	64	70	56	69	68	68	60	56	58	60	70	59	71	79	80	67	64	76	61	68	58	74	45	51	49	59	63	67	59	53	58	57	56	60	64	53	57	48	57	51	44	46	42	49	39	40	52	44	41	40	47	50	34	41	30	44	39	47	17	32	24	31	46	40	34	29	234	259	302	302	272	217	281	233	213	261	246	258	255	414	399	401	322	322	359	332	438	380	287	294	298	294	297	273	358	356	348	347	342	327	365	298	328	315	354	388	373	407	433	435	403	362	383	361	343	402	381	374	435	411	426	394	402	356	345	390	424	454	454	423	483	470	491	503	457	434	433	269	272	276	275	285	293	278	293	220	219	234	245	185	222	243	245	236	245	262	275	263	272	221	265	247	234	244	246	244	255	268	279	285	282	240	214	250	244	279	263	269	253	269	264	257	253	275	275	282	280	352	351	361	370	378	368	323	357	327	316	334	273	250	295	288	293	297	359	310	306	276	331	342	299	307	325	332	346	306	310	274	307	309	309	312	286	357	318	351	337	182	171	116	134	131	177	187	189	208	184	161	184	199	220	243	237	225	293	265	204	202	208	193	202	148	180	175	181	222	162	169	207	203	208	207	211
GTF3A	527	542	554	381	430	455	771	672	603	559	600	576	519	490	509	496	508	419	466	452	499	454	233	252	283	224	124	136	142	164	166	151	173	177	147	144	164	153	157	150	155	150	152	153	138	144	153	152	117	126	142	136	134	138	152	126	154	156	147	161	143	160	138	129	111	162	138	159	113	178	177	154	151	160	164	189	197	180	174	180	186	217	202	174	210	214	216	199	170	150	180	160	162	199	197	201	161	199	189	166	181	180	173	187	192	159	177	172	177	198	182	163	188	198	169	200	165	161	155	193	160	157	140	153	137	180	145	138	148	163	151	142	179	153	151	70	75	91	56	132	121	105	98	93	116	122	106	126	119	140	103	98	78	112	49	58	60	59	54	79	71	69	61	91	82	72	86	91	97	81	93	88	100	83	92	79	110	81	88	89	86	115	81	90	99	87	94	76	102	97	105	94	96	86	97	93	81	120	121	101	120	130	120	119	105	113	100	106	109	103	111	129	110	121	104	112	104	97	114	117	110	113	106	121	128	128	123	137	127	138	147	147	111	122	136	157	126	102	107	118	104	113	120	1	2	1	2	1	1	3	2	2	3	1	2	6	3	6	7	5	6	4	3	5	4	6	8	13	10	19	13	16	16	11	10	11	8	6	4	9	20	34	33	27	19	25	25	33	27	28	32	27	19	17	21	16	17	36	25	28	13	19	26	15	19	20	24	17	22	10	21	17	23	25	17	33	34	35	36	28	40	38	41	38	34	29	37	33	33	102	73	76	68	66	100	95	81	90	74	75	83	78	74	77	72	71	69	80	69	78	92	66	69	61	56	49	60	62	72	76	57	61	68	58	59	59	58	56	49	61	60	68	56	67	74	69	69	62	83	66	40	49	43	26	64	50	65	55	50	43	49	50	56	45	44	51	54	44	46	55	43	42	42	39	46	41	43	48	49	42	49	26	38	37	41	53	28	21	33	31	32	34	34	39	259	253	310	294	302	194	288	250	241	252	280	248	265	409	405	395	367	328	369	306	434	384	302	310	298	291	274	276	385	361	344	328	337	364	339	310	339	347	327	416	366	415	422	406	390	332	379	360	347	377	385	361	420	366	386	398	371	334	379	339	418	427	407	478	477	414	481	495	453	434	457	244	200	195	245	272	241	266	303	201	210	233	230	219	187	245	240	235	204	272	256	239	266	225	232	210	215	237	230	250	248	252	290	270	285	213	204	244	227	257	233	258	250	235	261	250	247	263	276	277	245	322	307	334	311	318	319	355	344	281	301	310	297	287	264	256	282	266	329	295	275	320	296	332	290	300	296	292	328	304	298	288	288	319	308	303	280	350	296	388	327	177	166	126	118	135	159	197	200	208	174	140	197	204	215	207	213	234	314	308	182	206	220	175	192	150	188	171	155	228	198	191	197	221	199	234	202
NFATC3	596	600	604	453	533	557	784	666	586	527	629	644	563	534	521	554	522	434	454	497	498	517	195	264	258	238	138	165	163	180	158	140	156	148	163	153	166	136	177	169	159	138	152	168	115	142	136	161	135	140	128	149	158	149	136	120	151	145	149	127	164	146	121	136	123	142	110	151	148	178	215	154	158	150	202	224	192	186	179	193	200	220	212	190	206	197	196	180	166	172	193	172	179	186	172	161	159	164	180	198	189	191	177	178	178	185	185	182	165	175	193	193	211	215	196	203	199	169	166	173	197	164	170	154	164	205	147	171	157	132	167	150	191	159	142	91	97	99	96	144	162	125	117	114	113	121	150	113	158	148	130	135	114	135	66	70	66	69	64	75	85	82	94	89	83	71	83	83	72	77	83	88	84	85	92	81	101	103	84	102	84	87	90	106	93	83	87	83	96	110	91	93	103	99	110	116	72	111	96	119	109	127	120	114	114	113	107	125	99	94	98	114	96	104	103	102	105	94	116	142	112	133	134	126	115	111	115	137	115	141	122	127	128	112	134	132	100	102	92	95	124	116	115	2	1	2	1	1	2	3	2	1	1	2	2	3	2	5	3	7	3	5	4	2	3	7	4	8	10	14	8	10	12	5	10	5	8	5	8	8	20	17	26	25	33	29	23	35	25	20	23	26	21	19	14	20	11	24	15	22	15	15	18	18	13	16	19	19	10	15	14	14	13	14	23	38	35	50	34	28	25	41	43	43	39	30	37	27	30	59	47	83	47	70	71	60	74	84	75	74	83	74	64	68	62	64	66	76	73	71	75	71	70	65	56	63	75	59	51	60	61	50	57	50	62	49	67	52	61	56	61	55	58	65	64	81	66	65	67	57	46	48	55	35	46	52	49	59	48	59	51	49	43	43	61	62	52	45	39	32	33	33	36	41	41	37	47	41	52	36	33	37	37	43	45	41	27	30	32	28	39	36	48	41	277	293	333	297	316	270	357	317	279	317	322	331	325	446	443	466	415	375	376	400	490	458	368	341	347	310	354	339	425	424	417	419	415	358	369	319	349	326	392	417	411	414	408	387	423	360	372	362	378	380	420	362	406	371	410	418	375	365	347	389	436	454	445	432	447	418	479	501	431	442	473	284	225	233	270	277	258	263	266	208	188	208	208	213	203	223	235	212	225	247	236	232	260	238	231	226	240	220	251	242	264	278	275	283	250	226	224	241	243	275	283	276	273	251	270	257	251	284	300	311	290	338	312	363	334	322	325	341	338	293	340	340	307	273	294	264	325	311	307	310	307	316	286	294	322	307	305	285	347	329	308	301	326	311	339	326	328	380	357	365	362	180	184	166	176	161	191	218	210	215	199	186	229	217	237	257	240	270	324	314	224	252	257	247	269	194	227	220	218	252	238	238	218	247	240	254	225
ZBTB10	436	581	601	458	491	530	739	623	609	562	653	652	512	471	478	516	540	426	437	493	502	423	228	304	302	250	138	155	167	173	171	151	171	176	155	131	158	133	151	148	168	164	176	152	140	137	136	146	145	143	134	141	145	142	141	152	160	152	151	168	156	168	120	147	113	176	176	137	141	163	191	181	154	162	164	174	188	188	204	202	194	219	198	214	194	202	197	190	179	159	164	185	162	174	191	191	215	197	207	168	182	188	155	187	195	193	195	197	185	190	195	180	208	209	181	205	190	152	168	165	187	183	146	149	153	171	175	186	164	183	179	164	198	187	185	93	86	98	105	166	138	117	124	128	125	167	141	170	152	163	124	138	112	116	67	64	77	67	74	76	105	103	90	96	90	75	82	85	102	89	117	117	112	101	106	99	96	108	106	108	106	123	95	93	107	117	105	97	100	93	103	103	93	93	109	100	98	117	105	127	121	133	136	114	93	118	92	102	78	96	107	113	115	112	102	117	121	101	117	106	121	105	125	121	141	127	107	110	128	127	150	144	145	152	124	141	136	146	133	153	86	123	119	2	3	1	2	1	1	4	3	4	6	5	4	3	4	6	10	4	8	6	6	7	6	6	7	12	19	17	22	16	11	19	12	13	5	13	16	11	16	32	39	27	32	28	25	35	33	26	29	37	16	17	23	11	16	28	16	29	26	18	21	22	15	18	24	25	26	28	28	28	22	25	27	39	43	23	35	33	46	45	38	41	32	44	33	41	32	104	86	84	63	55	86	97	82	87	96	86	69	77	80	66	78	73	75	75	77	74	84	80	73	53	65	52	63	66	54	72	59	55	61	65	81	61	59	76	48	58	73	63	79	72	56	68	78	76	62	63	66	59	64	50	56	51	58	61	53	57	45	58	58	58	46	64	54	48	55	46	45	51	40	53	50	39	54	61	49	54	39	43	56	48	48	45	37	35	28	41	49	47	36	46	282	320	373	332	334	275	249	302	296	291	298	309	372	507	428	399	392	366	414	430	370	452	348	353	393	392	376	353	478	469	414	387	421	365	365	355	340	350	379	448	353	361	352	375	397	355	352	371	316	420	395	418	409	376	386	349	397	298	314	332	399	464	414	408	409	396	443	476	428	423	391	224	248	246	229	277	279	249	275	198	221	230	208	200	210	234	204	223	215	254	239	232	215	255	281	220	245	245	232	238	251	285	259	285	298	224	208	250	252	268	249	262	233	241	250	247	288	230	261	245	249	380	315	341	307	326	334	311	333	296	284	326	314	312	326	248	235	223	309	292	268	298	297	302	295	302	292	296	320	294	319	284	300	290	281	284	300	316	311	345	297	179	188	156	177	191	226	232	232	210	204	199	206	234	279	222	267	258	310	267	244	288	269	222	243	209	232	203	190	284	238	233	243	284	222	241	252
ZFP37	473	541	574	409	454	464	790	690	583	550	632	613	539	503	532	531	492	423	452	444	518	493	233	286	303	239	135	155	190	176	172	177	167	178	181	138	176	168	164	149	165	178	153	168	149	165	152	128	182	146	154	133	126	151	174	162	163	160	169	166	157	156	138	151	110	150	141	181	158	168	203	193	150	159	182	163	213	178	183	199	180	204	212	212	222	213	226	228	213	151	173	193	190	169	177	216	202	197	183	168	177	207	202	228	199	197	191	203	203	220	157	181	213	212	192	207	182	153	200	184	180	185	166	162	152	144	162	161	167	149	161	128	173	175	160	72	86	103	83	127	141	124	116	111	132	121	138	140	147	145	100	97	102	113	68	50	62	81	86	75	85	84	73	101	76	75	78	104	98	116	117	106	91	118	101	103	111	109	120	115	121	131	104	100	127	119	110	126	100	105	131	102	102	95	92	97	91	145	128	128	133	122	142	146	90	124	101	112	94	124	140	134	112	104	105	121	145	116	119	110	150	166	130	118	141	118	153	119	123	124	148	148	174	142	132	139	142	125	131	134	113	110	120	2	3	1	3	2	2	5	3	9	6	1	3	6	3	6	18	5	6	14	9	7	7	7	6	8	14	28	24	21	27	18	30	39	6	5	8	10	16	32	39	34	31	25	47	39	51	38	41	39	26	22	21	18	30	30	23	22	23	32	20	17	16	29	29	28	28	21	37	36	31	34	40	33	33	36	32	35	52	43	48	56	52	67	69	71	63	91	65	158	69	62	101	94	90	107	91	90	97	93	76	105	94	100	90	79	94	82	94	97	86	48	83	73	50	72	74	71	75	100	95	78	61	81	72	63	66	76	70	91	95	79	75	58	84	77	79	82	46	52	50	145	63	68	81	62	77	73	54	55	66	58	70	59	47	57	39	39	56	45	50	52	67	64	61	43	35	48	47	34	52	51	50	71	17	29	35	31	36	44	45	39	246	276	333	279	292	221	260	246	256	268	298	277	308	424	422	384	347	342	402	362	418	437	307	311	304	322	308	311	401	377	353	365	356	381	360	323	365	363	388	406	350	381	422	400	392	356	401	359	382	413	373	377	424	354	394	375	368	337	366	366	419	455	405	385	429	425	473	504	469	397	430	260	234	242	259	290	283	292	285	220	232	230	230	205	209	251	215	219	255	259	270	263	250	261	262	254	237	246	250	231	244	261	322	282	293	271	219	230	246	293	269	292	243	248	250	240	277	253	256	317	234	357	320	369	348	352	335	309	331	304	331	325	308	303	300	228	301	288	326	319	284	302	351	339	315	285	327	303	305	319	320	275	326	321	283	311	295	332	338	381	326	160	144	125	137	141	185	192	202	216	174	170	174	222	269	229	263	232	324	298	189	234	228	185	199	185	183	172	164	238	207	220	184	244	208	224	235
ZNF441	523	512	592	467	534	477	750	619	577	578	595	599	525	516	513	541	508	386	424	443	471	486	229	367	336	277	147	164	159	170	154	164	142	160	169	147	174	164	126	162	160	175	172	166	130	134	134	125	155	146	154	159	148	157	148	156	139	150	155	157	142	153	144	145	135	149	131	155	157	168	183	169	134	154	158	156	195	190	179	170	159	194	186	197	199	205	189	205	196	152	158	169	168	170	157	177	175	181	167	187	198	207	192	202	190	189	169	190	179	179	183	194	188	202	179	193	198	142	182	168	148	177	166	153	149	170	136	156	169	145	161	167	156	159	163	88	93	95	93	126	157	125	117	128	119	144	116	133	146	127	109	103	122	114	70	70	57	74	85	88	81	76	85	96	73	68	72	78	97	105	97	112	91	107	103	97	89	107	92	93	104	122	95	108	108	110	113	109	103	108	126	100	89	96	84	88	104	128	127	123	123	120	122	141	117	110	102	114	117	116	118	103	125	97	94	101	116	131	117	129	123	147	138	122	119	120	135	114	106	136	127	122	139	130	152	141	136	101	138	125	95	96	107	4	3	1	2	2	1	4	2	6	6	1	4	3	6	9	14	8	3	11	8	8	7	8	9	10	15	23	21	17	19	15	21	33	14	9	12	11	24	35	45	30	25	32	39	36	39	34	29	32	17	17	22	17	20	27	16	23	13	20	18	20	24	21	27	25	27	24	38	31	30	25	26	36	39	34	35	27	44	38	34	53	46	63	50	60	44	74	58	107	64	72	77	82	89	97	82	83	91	95	65	87	92	96	86	72	91	74	78	99	92	54	79	66	61	75	70	54	71	79	74	71	56	68	59	69	60	52	65	73	84	79	63	66	86	90	63	59	64	46	64	106	41	65	73	55	67	47	64	49	73	63	59	62	62	63	49	41	66	49	41	52	66	50	55	43	47	46	36	26	43	43	42	67	24	32	32	32	33	42	32	35	298	262	343	279	313	267	323	265	274	317	308	335	337	421	428	382	421	381	379	388	458	442	306	347	325	323	350	326	391	404	396	404	381	346	341	314	342	350	348	399	333	364	399	400	365	381	370	345	371	402	367	343	388	389	391	378	348	361	343	379	400	439	457	425	431	422	438	496	448	430	445	263	225	227	267	267	270	299	279	240	193	226	202	186	233	226	191	213	228	257	225	216	255	223	236	242	253	241	225	200	223	258	269	250	278	206	208	205	232	266	270	270	245	236	249	231	246	238	245	266	245	317	312	325	330	315	328	308	332	282	301	328	267	291	275	261	317	300	303	291	302	276	279	296	279	267	322	296	293	286	297	302	288	285	273	306	304	336	337	331	295	203	146	149	141	134	189	199	191	217	181	166	174	163	259	217	235	222	291	291	215	244	215	213	227	185	214	192	180	280	237	206	194	237	210	224	229
ZBTB21	570	610	656	528	598	551	983	836	748	650	731	697	727	678	662	635	653	516	493	587	572	617	177	310	298	269	182	183	218	137	168	163	158	143	168	189	147	173	176	195	169	187	184	168	151	150	175	150	129	137	162	153	124	146	146	160	154	138	154	160	142	152	153	137	145	165	163	170	138	252	257	208	194	191	198	174	222	228	180	175	175	222	191	182	233	186	224	192	209	162	198	179	198	198	153	184	191	172	170	225	209	187	211	189	215	218	209	202	205	183	222	222	213	211	176	230	215	141	179	191	180	188	195	168	162	184	172	171	172	158	179	222	174	168	163	91	93	90	77	155	170	136	132	133	158	155	137	138	166	164	125	114	135	125	66	96	56	62	82	102	87	99	95	93	109	63	98	77	104	78	98	85	83	99	98	79	102	99	98	100	93	92	123	100	97	106	101	97	96	100	104	99	105	114	95	123	105	152	124	96	106	149	141	123	110	132	108	117	122	135	115	136	117	114	116	117	119	117	197	155	119	125	108	121	133	99	126	135	139	130	98	109	136	146	145	125	131	118	138	113	82	133	102	2	3	1	1	1	1	4	4	3	3	2	6	1	3	12	8	3	4	8	7	3	7	9	12	12	12	16	20	16	17	16	14	19	8	8	12	8	44	33	28	27	32	30	29	37	36	28	45	34	27	25	25	18	20	24	25	36	23	19	19	18	17	21	16	16	17	15	29	19	26	32	24	38	27	27	28	26	31	55	53	35	43	44	48	38	35	89	64	75	78	81	94	84	76	84	96	83	81	87	59	72	69	77	64	69	76	75	69	70	76	69	84	68	54	64	68	66	50	55	57	53	74	73	64	77	53	65	49	70	77	61	81	59	76	60	60	68	59	55	66	44	66	61	57	81	60	68	54	60	60	58	62	65	46	67	53	67	42	42	45	51	37	50	34	58	40	40	53	32	52	50	44	47	31	38	28	44	44	42	47	44	360	318	395	315	351	332	342	313	318	319	379	325	391	485	491	502	469	449	447	461	513	542	352	435	353	357	393	384	463	471	485	437	422	445	434	395	465	426	481	449	434	416	442	478	394	421	438	495	495	375	448	435	507	463	515	531	420	432	452	423	452	476	540	466	486	487	499	584	562	543	604	330	321	307	399	341	331	336	331	214	241	250	245	240	235	172	252	243	317	247	285	258	246	236	273	225	257	253	262	254	245	282	300	285	288	244	229	285	293	297	311	275	245	249	284	282	305	294	281	301	303	390	404	377	402	376	358	330	330	345	344	382	362	337	326	283	360	330	371	376	412	342	322	285	319	302	323	322	353	337	298	336	300	325	273	290	443	377	404	369	324	182	174	182	146	161	235	234	231	264	247	199	200	229	288	252	282	284	372	324	246	278	270	251	265	201	257	216	207	321	263	222	238	260	262	283	232
USF2	605	620	680	498	578	552	1042	869	787	711	757	819	793	701	714	697	667	546	557	586	638	638	241	363	285	265	227	190	222	196	186	175	187	165	175	178	164	201	189	172	181	169	178	174	146	150	164	165	134	140	177	163	165	171	167	163	144	138	176	172	182	168	163	180	148	160	187	156	163	222	237	225	202	245	215	216	243	226	213	214	199	233	245	193	213	198	207	218	185	218	184	175	228	195	164	208	189	215	208	228	236	226	203	233	215	206	194	198	212	215	213	208	215	228	207	218	225	159	178	186	183	186	172	169	167	209	151	158	161	161	178	171	206	200	165	106	91	128	91	187	149	142	130	149	159	145	130	164	157	144	129	100	149	144	86	70	64	75	62	85	98	92	99	94	102	73	107	100	103	107	104	109	103	97	119	106	129	116	104	101	98	98	115	125	108	90	91	92	92	101	104	114	111	110	124	148	136	127	136	121	124	150	147	125	126	159	111	154	120	113	112	130	102	117	142	106	110	129	155	189	119	129	126	117	132	133	134	142	145	140	134	132	143	149	151	133	153	132	147	120	110	142	134	1	1	1	1	1	1	1	2	5	6	2	2	2	3	11	5	6	4	5	4	5	9	7	9	16	6	16	18	18	21	12	9	14	13	5	7	17	31	33	30	28	22	41	26	29	38	37	36	40	34	22	30	26	22	19	26	30	15	21	21	23	16	27	22	25	22	24	25	24	23	31	27	38	35	37	28	32	43	48	49	45	46	35	47	40	34	80	87	69	72	91	88	70	105	97	85	89	110	91	52	70	70	78	67	78	80	86	76	98	83	63	67	68	65	70	62	64	64	70	48	63	67	61	64	57	57	86	75	66	58	72	80	87	86	82	64	67	51	68	80	28	69	64	52	68	63	52	60	53	64	58	57	65	55	60	52	40	61	51	62	47	49	43	53	45	48	53	52	47	66	62	40	48	27	37	22	37	55	30	38	56	313	344	384	353	370	295	330	344	330	369	362	333	404	490	562	477	487	444	489	474	539	545	316	365	367	342	385	369	448	456	460	443	485	457	394	419	451	485	513	438	443	473	479	470	434	458	459	518	482	419	483	513	486	436	567	547	465	497	465	514	465	522	572	463	496	531	539	616	573	503	618	378	323	328	405	380	367	388	339	235	235	267	260	269	253	239	289	241	308	263	271	285	274	268	266	292	263	288	284	281	269	302	285	312	294	250	234	264	258	308	288	298	279	319	341	317	296	329	355	317	356	432	394	452	435	438	411	376	367	376	383	404	370	376	366	319	426	381	395	402	364	404	346	329	392	346	340	329	333	367	302	333	336	362	328	345	441	412	444	376	373	176	175	163	161	143	234	264	245	265	226	218	235	214	302	266	319	301	350	367	269	265	275	232	243	185	254	226	205	306	271	235	246	261	252	264	239
ZNF790	623	598	618	456	518	500	872	741	685	594	692	731	620	577	587	613	612	467	464	532	558	549	202	344	327	296	133	176	175	194	184	208	194	205	196	150	216	183	175	175	191	199	185	195	147	166	194	160	186	171	165	155	171	163	166	203	166	203	180	170	186	179	157	150	139	177	135	170	174	193	194	186	135	169	239	209	235	203	184	233	234	240	230	247	222	258	246	256	223	209	181	245	204	195	221	204	206	226	210	185	214	231	205	211	197	204	195	212	222	232	175	187	234	237	237	203	197	196	204	203	157	192	167	156	193	206	172	179	160	149	176	165	194	174	192	83	107	101	94	154	163	116	116	105	136	143	147	118	133	168	121	113	116	130	75	61	57	80	73	76	91	73	82	79	86	73	75	111	116	96	114	116	110	123	110	117	114	117	124	138	124	141	105	114	119	127	121	121	113	107	128	103	116	88	117	99	95	155	141	165	128	158	146	144	136	125	126	118	124	124	120	120	133	110	112	121	150	123	119	119	155	156	145	144	130	146	147	164	139	157	162	156	156	162	159	179	136	130	116	143	135	125	128	2	2	1	2	1	1	4	4	6	8	7	4	2	5	8	15	2	4	12	7	2	9	5	4	12	14	27	25	26	16	23	20	21	8	14	13	17	16	36	37	30	24	30	36	33	44	38	36	45	28	14	22	21	32	28	24	23	20	28	27	24	25	29	21	28	22	25	39	34	35	28	28	47	35	39	40	48	38	39	41	58	60	50	53	55	64	105	65	137	84	75	94	95	103	109	119	104	94	102	88	96	106	99	88	90	98	99	86	94	106	63	84	72	76	72	85	65	76	91	89	89	69	85	78	76	70	79	67	84	96	92	78	84	92	72	91	88	55	61	72	103	46	79	66	57	67	75	64	48	66	66	64	64	85	69	50	39	45	63	54	61	68	57	65	33	54	43	31	50	44	45	56	67	24	30	31	34	43	32	36	37	290	309	348	339	346	261	354	287	277	294	304	336	322	490	483	464	417	355	380	377	547	463	342	340	361	340	355	312	411	401	402	426	417	373	390	363	379	387	411	468	440	435	478	446	454	415	428	439	411	442	444	398	447	475	456	419	399	428	460	405	450	514	518	508	508	490	554	554	524	521	480	296	260	253	289	294	301	318	351	264	245	275	252	226	255	277	225	281	263	322	269	289	299	232	289	287	274	288	267	289	312	302	324	299	330	271	258	259	275	309	316	305	298	301	309	282	291	319	319	323	322	382	385	389	421	392	376	406	396	360	368	369	313	305	311	324	349	359	371	321	306	300	375	406	355	345	373	338	356	347	333	321	382	365	401	392	360	421	387	410	400	201	171	158	165	172	221	205	249	263	217	188	199	254	234	262	280	267	341	312	231	269	262	262	254	195	211	197	194	238	189	206	232	225	233	254	255
ZNF558	610	596	635	463	533	533	851	711	649	637	709	727	590	577	555	593	601	453	495	513	576	570	238	367	352	304	135	172	206	217	196	229	223	192	205	164	193	175	179	192	192	188	191	193	154	186	183	169	208	181	165	168	159	181	197	199	207	186	189	184	190	174	152	174	143	169	153	197	180	218	213	185	159	174	213	216	235	213	228	231	220	254	266	223	239	246	275	271	240	208	197	206	213	208	204	253	240	243	243	173	230	261	229	228	227	221	210	216	236	235	189	178	247	256	208	218	225	179	223	192	188	195	164	168	186	200	169	190	187	170	192	172	197	188	179	88	102	110	102	169	158	127	111	104	114	152	150	128	127	146	140	102	104	126	78	58	65	79	90	90	85	77	89	89	77	83	89	101	114	98	127	126	134	138	116	112	133	125	133	139	127	152	126	133	131	143	122	144	117	140	139	119	125	95	109	103	106	173	133	148	149	145	146	159	121	127	109	122	125	118	128	141	142	113	133	105	166	147	125	129	156	169	152	153	144	146	159	147	153	176	171	159	189	152	180	197	122	151	135	136	126	134	130	4	2	1	2	3	2	4	2	11	13	3	3	4	5	8	29	7	8	15	11	6	7	8	9	18	22	37	28	28	21	27	36	36	8	11	17	12	18	34	45	31	29	31	60	38	53	51	34	50	18	23	20	13	32	36	25	25	24	39	29	25	19	29	29	33	31	28	52	29	36	37	39	45	37	42	38	38	64	44	49	55	59	71	79	76	81	89	86	168	76	63	114	109	104	118	117	119	96	108	78	121	117	97	91	84	107	92	102	92	100	74	79	69	79	79	83	77	68	116	90	90	73	95	67	73	73	74	80	100	106	97	88	89	94	78	81	98	61	59	56	148	64	89	79	62	78	63	62	65	69	64	74	71	70	48	61	47	50	65	56	49	73	60	72	40	58	58	37	42	38	47	59	76	32	27	34	29	45	50	51	42	290	314	331	343	311	256	331	296	280	329	297	302	308	464	492	426	410	407	417	377	549	471	353	371	346	362	332	329	426	427	428	414	418	375	411	347	388	371	388	426	445	448	488	460	446	423	437	410	387	418	456	421	456	471	435	420	414	438	413	409	445	527	518	506	496	491	554	564	495	518	469	266	237	255	264	319	290	299	313	257	279	265	259	215	251	265	262	282	278	299	289	283	295	257	269	326	275	305	262	311	286	297	355	314	331	287	252	276	270	305	294	330	281	324	330	293	294	323	353	360	325	398	368	390	391	370	372	379	433	357	363	387	316	306	317	338	363	347	364	335	295	310	398	373	385	357	392	366	386	353	362	352	362	365	359	364	338	406	366	420	393	199	173	169	171	161	209	223	243	237	207	170	210	250	259	260	292	271	345	303	221	263	259	236	255	215	221	202	207	267	201	216	229	245	243	255	265
REL	599	576	587	454	504	506	812	709	696	627	708	759	574	540	553	601	591	430	495	503	560	516	233	301	332	251	147	169	180	188	186	175	192	187	208	160	176	185	193	166	194	176	195	178	173	162	154	157	194	154	164	169	157	178	157	191	182	170	159	182	173	190	152	156	136	160	142	156	162	214	219	176	161	174	219	233	210	193	236	230	229	253	254	262	237	240	198	224	220	202	180	191	177	199	201	228	226	212	215	197	201	204	189	212	213	214	211	225	225	239	205	207	237	226	203	200	215	176	199	199	180	194	173	163	156	187	157	167	157	154	159	167	187	169	172	77	97	101	85	148	159	126	107	111	150	151	133	107	127	149	128	106	116	127	86	49	71	75	72	73	85	86	99	96	65	87	98	107	87	95	113	126	101	124	122	107	132	113	119	107	139	147	99	121	118	142	116	127	113	110	126	96	115	98	102	104	110	136	110	136	144	147	136	144	122	124	142	123	103	101	128	119	122	106	134	125	130	138	108	126	145	152	125	139	134	147	128	134	150	160	159	157	189	164	169	161	120	131	120	119	123	126	129	2	3	1	2	1	1	4	3	6	6	4	4	5	5	7	13	6	6	11	5	6	7	6	10	5	18	22	21	15	15	18	20	23	13	17	12	13	16	38	39	28	35	33	37	36	42	35	28	42	21	21	13	19	17	31	18	27	21	23	20	25	21	27	22	25	26	21	40	23	27	28	27	44	38	31	44	36	43	40	43	45	37	51	51	58	51	73	83	134	82	58	101	88	105	86	99	109	94	97	101	81	101	96	92	86	85	88	79	96	89	60	75	71	70	76	87	68	72	81	85	77	78	70	68	72	72	76	73	82	89	89	82	76	87	72	66	80	58	53	62	86	52	61	77	60	63	61	53	58	68	72	64	62	63	68	59	46	55	66	52	56	55	53	58	42	50	42	39	36	38	47	47	66	33	35	28	34	47	48	37	45	273	277	352	319	319	241	340	283	261	309	313	323	297	470	444	438	405	390	398	380	511	449	322	337	326	331	324	319	417	381	397	376	393	362	379	335	377	351	378	435	417	449	435	454	467	399	424	406	413	461	445	396	486	468	421	408	406	438	403	380	441	534	515	449	501	461	528	541	495	509	483	277	241	239	259	284	289	287	320	251	241	264	255	245	234	266	254	272	256	317	287	277	287	246	285	302	275	277	268	273	291	305	299	288	306	251	251	271	254	286	295	285	284	294	304	287	305	307	318	299	331	368	366	386	372	375	359	385	387	351	379	340	326	293	302	305	339	317	378	324	285	322	344	377	369	341	356	344	341	334	337	328	353	327	362	353	339	385	409	392	351	189	150	166	142	144	194	222	231	239	220	171	224	187	249	245	272	271	321	294	212	235	223	230	225	205	190	196	190	247	201	201	227	222	231	228	233
ZSCAN20	563	583	591	442	489	543	824	716	651	579	669	707	564	502	537	567	571	450	468	518	562	506	257	336	320	295	137	148	178	214	196	199	191	203	186	161	170	160	190	166	219	212	182	183	143	159	166	173	156	152	167	159	132	153	179	157	168	200	181	189	181	179	146	162	120	179	140	173	157	187	190	179	163	149	196	213	213	214	219	213	228	239	242	216	220	256	243	233	201	181	199	199	196	201	221	216	230	206	227	191	195	211	214	225	210	212	216	216	220	213	191	170	228	222	187	202	181	189	170	209	177	173	160	174	171	174	173	176	166	169	147	159	198	168	164	83	102	113	76	150	145	125	116	103	128	141	156	129	134	143	96	101	118	110	76	64	56	85	65	83	77	82	60	86	88	81	79	101	110	104	117	112	119	107	95	94	135	107	113	118	115	139	119	96	114	126	99	96	107	128	123	97	94	103	107	110	99	130	136	130	152	114	123	136	119	105	114	108	112	111	114	134	123	121	126	121	118	122	121	117	144	153	139	153	144	149	131	157	120	139	161	155	143	156	141	157	134	142	123	134	118	134	125	1	2	1	2	1	1	3	1	4	5	4	2	5	3	6	11	4	3	6	4	7	8	3	5	15	16	24	23	14	20	18	19	15	11	9	13	9	19	26	32	33	29	24	35	31	31	34	34	39	14	20	15	10	17	29	22	30	28	23	15	19	18	25	23	29	21	23	29	23	24	27	29	32	29	24	39	36	40	49	35	40	34	37	47	50	44	91	72	107	75	65	90	96	82	88	103	124	96	87	82	97	90	95	79	84	76	83	86	84	82	63	59	58	74	58	76	72	68	77	75	79	53	59	76	74	63	64	77	74	83	85	74	80	78	82	71	78	54	62	43	71	57	58	55	70	69	65	57	58	60	54	70	64	60	61	53	43	49	56	47	47	60	54	48	42	63	50	47	25	39	48	53	52	27	26	25	26	40	35	47	41	270	302	376	343	330	254	310	281	285	297	304	313	297	493	455	442	386	367	376	378	467	439	341	317	376	361	328	349	432	404	410	388	406	367	412	324	356	374	380	443	433	444	443	445	453	382	406	413	353	427	430	411	471	450	434	401	400	399	385	379	446	489	468	490	523	448	542	533	470	518	444	258	239	223	259	296	288	310	315	234	243	267	253	221	245	260	241	232	222	297	266	262	297	245	292	251	284	274	258	288	290	289	306	286	342	241	238	236	275	300	277	276	270	285	290	272	309	305	308	31