paired-anchor-TFs created
proportions created
cis_matrix created
trans_matrix created
/mnt/altnas/work/Kyle.Knightly/chipseq-analysis/chip-scripts/pipeline.py:120: FutureWarning: Setting an item of incompatible dtype is deprecated and will raise an error in a future version of pandas. Value '326.92028089817023' has dtype incompatible with int64, please explicitly cast to a compatible dtype first.
  cis_enrichment_matrix.loc[row, col] /= (float(loop_anchors) * float(anchor_proportions[row]) * float(anchor_proportions[col])+1)
/mnt/altnas/work/Kyle.Knightly/chipseq-analysis/chip-scripts/pipeline.py:120: FutureWarning: Setting an item of incompatible dtype is deprecated and will raise an error in a future version of pandas. Value '1.1254804147646165' has dtype incompatible with int64, please explicitly cast to a compatible dtype first.
  cis_enrichment_matrix.loc[row, col] /= (float(loop_anchors) * float(anchor_proportions[row]) * float(anchor_proportions[col])+1)
/mnt/altnas/work/Kyle.Knightly/chipseq-analysis/chip-scripts/pipeline.py:120: FutureWarning: Setting an item of incompatible dtype is deprecated and will raise an error in a future version of pandas. Value '3.4394943449384714' has dtype incompatible with int64, please explicitly cast to a compatible dtype first.
  cis_enrichment_matrix.loc[row, col] /= (float(loop_anchors) * float(anchor_proportions[row]) * float(anchor_proportions[col])+1)
/mnt/altnas/work/Kyle.Knightly/chipseq-analysis/chip-scripts/pipeline.py:120: FutureWarning: Setting an item of incompatible dtype is deprecated and will raise an error in a future version of pandas. Value '4.458057745681502' has dtype incompatible with int64, please explicitly cast to a compatible dtype first.
  cis_enrichment_matrix.loc[row, col] /= (float(loop_anchors) * float(anchor_proportions[row]) * float(anchor_proportions[col])+1)
/mnt/altnas/work/Kyle.Knightly/chipseq-analysis/chip-scripts/pipeline.py:120: FutureWarning: Setting an item of incompatible dtype is deprecated and will raise an error in a future version of pandas. Value '1.904997079284159' has dtype incompatible with int64, please explicitly cast to a compatible dtype first.
  cis_enrichment_matrix.loc[row, col] /= (float(loop_anchors) * float(anchor_proportions[row]) * float(anchor_proportions[col])+1)
/mnt/altnas/work/Kyle.Knightly/chipseq-analysis/chip-scripts/pipeline.py:120: FutureWarning: Setting an item of incompatible dtype is deprecated and will raise an error in a future version of pandas. Value '1.9589054394320904' has dtype incompatible with int64, please explicitly cast to a compatible dtype first.
  cis_enrichment_matrix.loc[row, col] /= (float(loop_anchors) * float(anchor_proportions[row]) * float(anchor_proportions[col])+1)
/mnt/altnas/work/Kyle.Knightly/chipseq-analysis/chip-scripts/pipeline.py:120: FutureWarning: Setting an item of incompatible dtype is deprecated and will raise an error in a future version of pandas. Value '2.8514840466967306' has dtype incompatible with int64, please explicitly cast to a compatible dtype first.
  cis_enrichment_matrix.loc[row, col] /= (float(loop_anchors) * float(anchor_proportions[row]) * float(anchor_proportions[col])+1)
/mnt/altnas/work/Kyle.Knightly/chipseq-analysis/chip-scripts/pipeline.py:120: FutureWarning: Setting an item of incompatible dtype is deprecated and will raise an error in a future version of pandas. Value '2.5374433759014914' has dtype incompatible with int64, please explicitly cast to a compatible dtype first.
  cis_enrichment_matrix.loc[row, col] /= (float(loop_anchors) * float(anchor_proportions[row]) * float(anchor_proportions[col])+1)
/mnt/altnas/work/Kyle.Knightly/chipseq-analysis/chip-scripts/pipeline.py:120: FutureWarning: Setting an item of incompatible dtype is deprecated and will raise an error in a future version of pandas. Value '2.291623635329916' has dtype incompatible with int64, please explicitly cast to a compatible dtype first.
  cis_enrichment_matrix.loc[row, col] /= (float(loop_anchors) * float(anchor_proportions[row]) * float(anchor_proportions[col])+1)
/mnt/altnas/work/Kyle.Knightly/chipseq-analysis/chip-scripts/pipeline.py:120: FutureWarning: Setting an item of incompatible dtype is deprecated and will raise an error in a future version of pandas. Value '4.632742743784101' has dtype incompatible with int64, please explicitly cast to a compatible dtype first.
  cis_enrichment_matrix.loc[row, col] /= (float(loop_anchors) * float(anchor_proportions[row]) * float(anchor_proportions[col])+1)
/mnt/altnas/work/Kyle.Knightly/chipseq-analysis/chip-scripts/pipeline.py:120: FutureWarning: Setting an item of incompatible dtype is deprecated and will raise an error in a future version of pandas. Value '1.2531775133941723' has dtype incompatible with int64, please explicitly cast to a compatible dtype first.
  cis_enrichment_matrix.loc[row, col] /= (float(loop_anchors) * float(anchor_proportions[row]) * float(anchor_proportions[col])+1)
/mnt/altnas/work/Kyle.Knightly/chipseq-analysis/chip-scripts/pipeline.py:120: FutureWarning: Setting an item of incompatible dtype is deprecated and will raise an error in a future version of pandas. Value '2.7988960284826443' has dtype incompatible with int64, please explicitly cast to a compatible dtype first.
  cis_enrichment_matrix.loc[row, col] /= (float(loop_anchors) * float(anchor_proportions[row]) * float(anchor_proportions[col])+1)
/mnt/altnas/work/Kyle.Knightly/chipseq-analysis/chip-scripts/pipeline.py:120: FutureWarning: Setting an item of incompatible dtype is deprecated and will raise an error in a future version of pandas. Value '5.213998482826271' has dtype incompatible with int64, please explicitly cast to a compatible dtype first.
  cis_enrichment_matrix.loc[row, col] /= (float(loop_anchors) * float(anchor_proportions[row]) * float(anchor_proportions[col])+1)
/mnt/altnas/work/Kyle.Knightly/chipseq-analysis/chip-scripts/pipeline.py:120: FutureWarning: Setting an item of incompatible dtype is deprecated and will raise an error in a future version of pandas. Value '2.2426698897618107' has dtype incompatible with int64, please explicitly cast to a compatible dtype first.
  cis_enrichment_matrix.loc[row, col] /= (float(loop_anchors) * float(anchor_proportions[row]) * float(anchor_proportions[col])+1)
/mnt/altnas/work/Kyle.Knightly/chipseq-analysis/chip-scripts/pipeline.py:120: FutureWarning: Setting an item of incompatible dtype is deprecated and will raise an error in a future version of pandas. Value '4.071615037066979' has dtype incompatible with int64, please explicitly cast to a compatible dtype first.
  cis_enrichment_matrix.loc[row, col] /= (float(loop_anchors) * float(anchor_proportions[row]) * float(anchor_proportions[col])+1)
/mnt/altnas/work/Kyle.Knightly/chipseq-analysis/chip-scripts/pipeline.py:120: FutureWarning: Setting an item of incompatible dtype is deprecated and will raise an error in a future version of pandas. Value '1.5079764315189899' has dtype incompatible with int64, please explicitly cast to a compatible dtype first.
  cis_enrichment_matrix.loc[row, col] /= (float(loop_anchors) * float(anchor_proportions[row]) * float(anchor_proportions[col])+1)
/mnt/altnas/work/Kyle.Knightly/chipseq-analysis/chip-scripts/pipeline.py:120: FutureWarning: Setting an item of incompatible dtype is deprecated and will raise an error in a future version of pandas. Value '2.319656208322668' has dtype incompatible with int64, please explicitly cast to a compatible dtype first.
  cis_enrichment_matrix.loc[row, col] /= (float(loop_anchors) * float(anchor_proportions[row]) * float(anchor_proportions[col])+1)
/mnt/altnas/work/Kyle.Knightly/chipseq-analysis/chip-scripts/pipeline.py:120: FutureWarning: Setting an item of incompatible dtype is deprecated and will raise an error in a future version of pandas. Value '5.2233754533168915' has dtype incompatible with int64, please explicitly cast to a compatible dtype first.
  cis_enrichment_matrix.loc[row, col] /= (float(loop_anchors) * float(anchor_proportions[row]) * float(anchor_proportions[col])+1)
/mnt/altnas/work/Kyle.Knightly/chipseq-analysis/chip-scripts/pipeline.py:120: FutureWarning: Setting an item of incompatible dtype is deprecated and will raise an error in a future version of pandas. Value '5.644949565209459' has dtype incompatible with int64, please explicitly cast to a compatible dtype first.
  cis_enrichment_matrix.loc[row, col] /= (float(loop_anchors) * float(anchor_proportions[row]) * float(anchor_proportions[col])+1)
/mnt/altnas/work/Kyle.Knightly/chipseq-analysis/chip-scripts/pipeline.py:120: FutureWarning: Setting an item of incompatible dtype is deprecated and will raise an error in a future version of pandas. Value '3.0528336319753393' has dtype incompatible with int64, please explicitly cast to a compatible dtype first.
  cis_enrichment_matrix.loc[row, col] /= (float(loop_anchors) * float(anchor_proportions[row]) * float(anchor_proportions[col])+1)
/mnt/altnas/work/Kyle.Knightly/chipseq-analysis/chip-scripts/pipeline.py:120: FutureWarning: Setting an item of incompatible dtype is deprecated and will raise an error in a future version of pandas. Value '2.224259158981651' has dtype incompatible with int64, please explicitly cast to a compatible dtype first.
  cis_enrichment_matrix.loc[row, col] /= (float(loop_anchors) * float(anchor_proportions[row]) * float(anchor_proportions[col])+1)
/mnt/altnas/work/Kyle.Knightly/chipseq-analysis/chip-scripts/pipeline.py:120: FutureWarning: Setting an item of incompatible dtype is deprecated and will raise an error in a future version of pandas. Value '2.8210792130683435' has dtype incompatible with int64, please explicitly cast to a compatible dtype first.
  cis_enrichment_matrix.loc[row, col] /= (float(loop_anchors) * float(anchor_proportions[row]) * float(anchor_proportions[col])+1)
/mnt/altnas/work/Kyle.Knightly/chipseq-analysis/chip-scripts/pipeline.py:120: FutureWarning: Setting an item of incompatible dtype is deprecated and will raise an error in a future version of pandas. Value '2.1035317848912554' has dtype incompatible with int64, please explicitly cast to a compatible dtype first.
  cis_enrichment_matrix.loc[row, col] /= (float(loop_anchors) * float(anchor_proportions[row]) * float(anchor_proportions[col])+1)
/mnt/altnas/work/Kyle.Knightly/chipseq-analysis/chip-scripts/pipeline.py:120: FutureWarning: Setting an item of incompatible dtype is deprecated and will raise an error in a future version of pandas. Value '1.8222440461576235' has dtype incompatible with int64, please explicitly cast to a compatible dtype first.
  cis_enrichment_matrix.loc[row, col] /= (float(loop_anchors) * float(anchor_proportions[row]) * float(anchor_proportions[col])+1)
/mnt/altnas/work/Kyle.Knightly/chipseq-analysis/chip-scripts/pipeline.py:120: FutureWarning: Setting an item of incompatible dtype is deprecated and will raise an error in a future version of pandas. Value '1.6063436386364907' has dtype incompatible with int64, please explicitly cast to a compatible dtype first.
  cis_enrichment_matrix.loc[row, col] /= (float(loop_anchors) * float(anchor_proportions[row]) * float(anchor_proportions[col])+1)
/mnt/altnas/work/Kyle.Knightly/chipseq-analysis/chip-scripts/pipeline.py:120: FutureWarning: Setting an item of incompatible dtype is deprecated and will raise an error in a future version of pandas. Value '3.262362639675977' has dtype incompatible with int64, please explicitly cast to a compatible dtype first.
  cis_enrichment_matrix.loc[row, col] /= (float(loop_anchors) * float(anchor_proportions[row]) * float(anchor_proportions[col])+1)
/mnt/altnas/work/Kyle.Knightly/chipseq-analysis/chip-scripts/pipeline.py:120: FutureWarning: Setting an item of incompatible dtype is deprecated and will raise an error in a future version of pandas. Value '2.602030966662017' has dtype incompatible with int64, please explicitly cast to a compatible dtype first.
  cis_enrichment_matrix.loc[row, col] /= (float(loop_anchors) * float(anchor_proportions[row]) * float(anchor_proportions[col])+1)
/mnt/altnas/work/Kyle.Knightly/chipseq-analysis/chip-scripts/pipeline.py:120: FutureWarning: Setting an item of incompatible dtype is deprecated and will raise an error in a future version of pandas. Value '3.6969333280373924' has dtype incompatible with int64, please explicitly cast to a compatible dtype first.
  cis_enrichment_matrix.loc[row, col] /= (float(loop_anchors) * float(anchor_proportions[row]) * float(anchor_proportions[col])+1)
/mnt/altnas/work/Kyle.Knightly/chipseq-analysis/chip-scripts/pipeline.py:120: FutureWarning: Setting an item of incompatible dtype is deprecated and will raise an error in a future version of pandas. Value '2.881156083512768' has dtype incompatible with int64, please explicitly cast to a compatible dtype first.
  cis_enrichment_matrix.loc[row, col] /= (float(loop_anchors) * float(anchor_proportions[row]) * float(anchor_proportions[col])+1)
/mnt/altnas/work/Kyle.Knightly/chipseq-analysis/chip-scripts/pipeline.py:120: FutureWarning: Setting an item of incompatible dtype is deprecated and will raise an error in a future version of pandas. Value '2.078600089812119' has dtype incompatible with int64, please explicitly cast to a compatible dtype first.
  cis_enrichment_matrix.loc[row, col] /= (float(loop_anchors) * float(anchor_proportions[row]) * float(anchor_proportions[col])+1)
/mnt/altnas/work/Kyle.Knightly/chipseq-analysis/chip-scripts/pipeline.py:120: FutureWarning: Setting an item of incompatible dtype is deprecated and will raise an error in a future version of pandas. Value '3.1120396743923777' has dtype incompatible with int64, please explicitly cast to a compatible dtype first.
  cis_enrichment_matrix.loc[row, col] /= (float(loop_anchors) * float(anchor_proportions[row]) * float(anchor_proportions[col])+1)
/mnt/altnas/work/Kyle.Knightly/chipseq-analysis/chip-scripts/pipeline.py:120: FutureWarning: Setting an item of incompatible dtype is deprecated and will raise an error in a future version of pandas. Value '3.0225457268908054' has dtype incompatible with int64, please explicitly cast to a compatible dtype first.
  cis_enrichment_matrix.loc[row, col] /= (float(loop_anchors) * float(anchor_proportions[row]) * float(anchor_proportions[col])+1)
/mnt/altnas/work/Kyle.Knightly/chipseq-analysis/chip-scripts/pipeline.py:120: FutureWarning: Setting an item of incompatible dtype is deprecated and will raise an error in a future version of pandas. Value '3.3646271087083957' has dtype incompatible with int64, please explicitly cast to a compatible dtype first.
  cis_enrichment_matrix.loc[row, col] /= (float(loop_anchors) * float(anchor_proportions[row]) * float(anchor_proportions[col])+1)
/mnt/altnas/work/Kyle.Knightly/chipseq-analysis/chip-scripts/pipeline.py:120: FutureWarning: Setting an item of incompatible dtype is deprecated and will raise an error in a future version of pandas. Value '0.6935576901388482' has dtype incompatible with int64, please explicitly cast to a compatible dtype first.
  cis_enrichment_matrix.loc[row, col] /= (float(loop_anchors) * float(anchor_proportions[row]) * float(anchor_proportions[col])+1)
/mnt/altnas/work/Kyle.Knightly/chipseq-analysis/chip-scripts/pipeline.py:120: FutureWarning: Setting an item of incompatible dtype is deprecated and will raise an error in a future version of pandas. Value '4.883468812329448' has dtype incompatible with int64, please explicitly cast to a compatible dtype first.
  cis_enrichment_matrix.loc[row, col] /= (float(loop_anchors) * float(anchor_proportions[row]) * float(anchor_proportions[col])+1)
/mnt/altnas/work/Kyle.Knightly/chipseq-analysis/chip-scripts/pipeline.py:120: FutureWarning: Setting an item of incompatible dtype is deprecated and will raise an error in a future version of pandas. Value '2.930178230114518' has dtype incompatible with int64, please explicitly cast to a compatible dtype first.
  cis_enrichment_matrix.loc[row, col] /= (float(loop_anchors) * float(anchor_proportions[row]) * float(anchor_proportions[col])+1)
/mnt/altnas/work/Kyle.Knightly/chipseq-analysis/chip-scripts/pipeline.py:120: FutureWarning: Setting an item of incompatible dtype is deprecated and will raise an error in a future version of pandas. Value '6.7915940463396565' has dtype incompatible with int64, please explicitly cast to a compatible dtype first.
  cis_enrichment_matrix.loc[row, col] /= (float(loop_anchors) * float(anchor_proportions[row]) * float(anchor_proportions[col])+1)
/mnt/altnas/work/Kyle.Knightly/chipseq-analysis/chip-scripts/pipeline.py:120: FutureWarning: Setting an item of incompatible dtype is deprecated and will raise an error in a future version of pandas. Value '2.5353496327219096' has dtype incompatible with int64, please explicitly cast to a compatible dtype first.
  cis_enrichment_matrix.loc[row, col] /= (float(loop_anchors) * float(anchor_proportions[row]) * float(anchor_proportions[col])+1)
/mnt/altnas/work/Kyle.Knightly/chipseq-analysis/chip-scripts/pipeline.py:120: FutureWarning: Setting an item of incompatible dtype is deprecated and will raise an error in a future version of pandas. Value '4.029646442943926' has dtype incompatible with int64, please explicitly cast to a compatible dtype first.
  cis_enrichment_matrix.loc[row, col] /= (float(loop_anchors) * float(anchor_proportions[row]) * float(anchor_proportions[col])+1)
/mnt/altnas/work/Kyle.Knightly/chipseq-analysis/chip-scripts/pipeline.py:120: FutureWarning: Setting an item of incompatible dtype is deprecated and will raise an error in a future version of pandas. Value '4.72653950492091' has dtype incompatible with int64, please explicitly cast to a compatible dtype first.
  cis_enrichment_matrix.loc[row, col] /= (float(loop_anchors) * float(anchor_proportions[row]) * float(anchor_proportions[col])+1)
/mnt/altnas/work/Kyle.Knightly/chipseq-analysis/chip-scripts/pipeline.py:120: FutureWarning: Setting an item of incompatible dtype is deprecated and will raise an error in a future version of pandas. Value '7.209328364636506' has dtype incompatible with int64, please explicitly cast to a compatible dtype first.
  cis_enrichment_matrix.loc[row, col] /= (float(loop_anchors) * float(anchor_proportions[row]) * float(anchor_proportions[col])+1)
/mnt/altnas/work/Kyle.Knightly/chipseq-analysis/chip-scripts/pipeline.py:120: FutureWarning: Setting an item of incompatible dtype is deprecated and will raise an error in a future version of pandas. Value '6.1737970158450235' has dtype incompatible with int64, please explicitly cast to a compatible dtype first.
  cis_enrichment_matrix.loc[row, col] /= (float(loop_anchors) * float(anchor_proportions[row]) * float(anchor_proportions[col])+1)
/mnt/altnas/work/Kyle.Knightly/chipseq-analysis/chip-scripts/pipeline.py:120: FutureWarning: Setting an item of incompatible dtype is deprecated and will raise an error in a future version of pandas. Value '2.600450649091755' has dtype incompatible with int64, please explicitly cast to a compatible dtype first.
  cis_enrichment_matrix.loc[row, col] /= (float(loop_anchors) * float(anchor_proportions[row]) * float(anchor_proportions[col])+1)
/mnt/altnas/work/Kyle.Knightly/chipseq-analysis/chip-scripts/pipeline.py:120: FutureWarning: Setting an item of incompatible dtype is deprecated and will raise an error in a future version of pandas. Value '1.9140177940215286' has dtype incompatible with int64, please explicitly cast to a compatible dtype first.
  cis_enrichment_matrix.loc[row, col] /= (float(loop_anchors) * float(anchor_proportions[row]) * float(anchor_proportions[col])+1)
/mnt/altnas/work/Kyle.Knightly/chipseq-analysis/chip-scripts/pipeline.py:120: FutureWarning: Setting an item of incompatible dtype is deprecated and will raise an error in a future version of pandas. Value '1.92863863227032' has dtype incompatible with int64, please explicitly cast to a compatible dtype first.
  cis_enrichment_matrix.loc[row, col] /= (float(loop_anchors) * float(anchor_proportions[row]) * float(anchor_proportions[col])+1)
/mnt/altnas/work/Kyle.Knightly/chipseq-analysis/chip-scripts/pipeline.py:120: FutureWarning: Setting an item of incompatible dtype is deprecated and will raise an error in a future version of pandas. Value '1.401352926240128' has dtype incompatible with int64, please explicitly cast to a compatible dtype first.
  cis_enrichment_matrix.loc[row, col] /= (float(loop_anchors) * float(anchor_proportions[row]) * float(anchor_proportions[col])+1)
/mnt/altnas/work/Kyle.Knightly/chipseq-analysis/chip-scripts/pipeline.py:120: FutureWarning: Setting an item of incompatible dtype is deprecated and will raise an error in a future version of pandas. Value '1.615070327946964' has dtype incompatible with int64, please explicitly cast to a compatible dtype first.
  cis_enrichment_matrix.loc[row, col] /= (float(loop_anchors) * float(anchor_proportions[row]) * float(anchor_proportions[col])+1)
/mnt/altnas/work/Kyle.Knightly/chipseq-analysis/chip-scripts/pipeline.py:120: FutureWarning: Setting an item of incompatible dtype is deprecated and will raise an error in a future version of pandas. Value '1.8327684997824785' has dtype incompatible with int64, please explicitly cast to a compatible dtype first.
  cis_enrichment_matrix.loc[row, col] /= (float(loop_anchors) * float(anchor_proportions[row]) * float(anchor_proportions[col])+1)
/mnt/altnas/work/Kyle.Knightly/chipseq-analysis/chip-scripts/pipeline.py:120: FutureWarning: Setting an item of incompatible dtype is deprecated and will raise an error in a future version of pandas. Value '2.315673582097581' has dtype incompatible with int64, please explicitly cast to a compatible dtype first.
  cis_enrichment_matrix.loc[row, col] /= (float(loop_anchors) * float(anchor_proportions[row]) * float(anchor_proportions[col])+1)
/mnt/altnas/work/Kyle.Knightly/chipseq-analysis/chip-scripts/pipeline.py:120: FutureWarning: Setting an item of incompatible dtype is deprecated and will raise an error in a future version of pandas. Value '2.0956874627574846' has dtype incompatible with int64, please explicitly cast to a compatible dtype first.
  cis_enrichment_matrix.loc[row, col] /= (float(loop_anchors) * float(anchor_proportions[row]) * float(anchor_proportions[col])+1)
/mnt/altnas/work/Kyle.Knightly/chipseq-analysis/chip-scripts/pipeline.py:120: FutureWarning: Setting an item of incompatible dtype is deprecated and will raise an error in a future version of pandas. Value '1.4456466985028913' has dtype incompatible with int64, please explicitly cast to a compatible dtype first.
  cis_enrichment_matrix.loc[row, col] /= (float(loop_anchors) * float(anchor_proportions[row]) * float(anchor_proportions[col])+1)
/mnt/altnas/work/Kyle.Knightly/chipseq-analysis/chip-scripts/pipeline.py:120: FutureWarning: Setting an item of incompatible dtype is deprecated and will raise an error in a future version of pandas. Value '1.846152526575214' has dtype incompatible with int64, please explicitly cast to a compatible dtype first.
  cis_enrichment_matrix.loc[row, col] /= (float(loop_anchors) * float(anchor_proportions[row]) * float(anchor_proportions[col])+1)
/mnt/altnas/work/Kyle.Knightly/chipseq-analysis/chip-scripts/pipeline.py:120: FutureWarning: Setting an item of incompatible dtype is deprecated and will raise an error in a future version of pandas. Value '1.4562689021048574' has dtype incompatible with int64, please explicitly cast to a compatible dtype first.
  cis_enrichment_matrix.loc[row, col] /= (float(loop_anchors) * float(anchor_proportions[row]) * float(anchor_proportions[col])+1)
/mnt/altnas/work/Kyle.Knightly/chipseq-analysis/chip-scripts/pipeline.py:120: FutureWarning: Setting an item of incompatible dtype is deprecated and will raise an error in a future version of pandas. Value '1.2747363386432524' has dtype incompatible with int64, please explicitly cast to a compatible dtype first.
  cis_enrichment_matrix.loc[row, col] /= (float(loop_anchors) * float(anchor_proportions[row]) * float(anchor_proportions[col])+1)
/mnt/altnas/work/Kyle.Knightly/chipseq-analysis/chip-scripts/pipeline.py:120: FutureWarning: Setting an item of incompatible dtype is deprecated and will raise an error in a future version of pandas. Value '2.51391049629287' has dtype incompatible with int64, please explicitly cast to a compatible dtype first.
  cis_enrichment_matrix.loc[row, col] /= (float(loop_anchors) * float(anchor_proportions[row]) * float(anchor_proportions[col])+1)
/mnt/altnas/work/Kyle.Knightly/chipseq-analysis/chip-scripts/pipeline.py:120: FutureWarning: Setting an item of incompatible dtype is deprecated and will raise an error in a future version of pandas. Value '2.2169828811569126' has dtype incompatible with int64, please explicitly cast to a compatible dtype first.
  cis_enrichment_matrix.loc[row, col] /= (float(loop_anchors) * float(anchor_proportions[row]) * float(anchor_proportions[col])+1)
/mnt/altnas/work/Kyle.Knightly/chipseq-analysis/chip-scripts/pipeline.py:120: FutureWarning: Setting an item of incompatible dtype is deprecated and will raise an error in a future version of pandas. Value '6.446127864897467' has dtype incompatible with int64, please explicitly cast to a compatible dtype first.
  cis_enrichment_matrix.loc[row, col] /= (float(loop_anchors) * float(anchor_proportions[row]) * float(anchor_proportions[col])+1)
/mnt/altnas/work/Kyle.Knightly/chipseq-analysis/chip-scripts/pipeline.py:120: FutureWarning: Setting an item of incompatible dtype is deprecated and will raise an error in a future version of pandas. Value '2.6116877266584457' has dtype incompatible with int64, please explicitly cast to a compatible dtype first.
  cis_enrichment_matrix.loc[row, col] /= (float(loop_anchors) * float(anchor_proportions[row]) * float(anchor_proportions[col])+1)
/mnt/altnas/work/Kyle.Knightly/chipseq-analysis/chip-scripts/pipeline.py:120: FutureWarning: Setting an item of incompatible dtype is deprecated and will raise an error in a future version of pandas. Value '1.675534150885624' has dtype incompatible with int64, please explicitly cast to a compatible dtype first.
  cis_enrichment_matrix.loc[row, col] /= (float(loop_anchors) * float(anchor_proportions[row]) * float(anchor_proportions[col])+1)
/mnt/altnas/work/Kyle.Knightly/chipseq-analysis/chip-scripts/pipeline.py:120: FutureWarning: Setting an item of incompatible dtype is deprecated and will raise an error in a future version of pandas. Value '3.1173732945822508' has dtype incompatible with int64, please explicitly cast to a compatible dtype first.
  cis_enrichment_matrix.loc[row, col] /= (float(loop_anchors) * float(anchor_proportions[row]) * float(anchor_proportions[col])+1)
/mnt/altnas/work/Kyle.Knightly/chipseq-analysis/chip-scripts/pipeline.py:120: FutureWarning: Setting an item of incompatible dtype is deprecated and will raise an error in a future version of pandas. Value '2.578712009800251' has dtype incompatible with int64, please explicitly cast to a compatible dtype first.
  cis_enrichment_matrix.loc[row, col] /= (float(loop_anchors) * float(anchor_proportions[row]) * float(anchor_proportions[col])+1)
/mnt/altnas/work/Kyle.Knightly/chipseq-analysis/chip-scripts/pipeline.py:120: FutureWarning: Setting an item of incompatible dtype is deprecated and will raise an error in a future version of pandas. Value '6.380133982872924' has dtype incompatible with int64, please explicitly cast to a compatible dtype first.
  cis_enrichment_matrix.loc[row, col] /= (float(loop_anchors) * float(anchor_proportions[row]) * float(anchor_proportions[col])+1)
/mnt/altnas/work/Kyle.Knightly/chipseq-analysis/chip-scripts/pipeline.py:120: FutureWarning: Setting an item of incompatible dtype is deprecated and will raise an error in a future version of pandas. Value '2.8854986392825066' has dtype incompatible with int64, please explicitly cast to a compatible dtype first.
  cis_enrichment_matrix.loc[row, col] /= (float(loop_anchors) * float(anchor_proportions[row]) * float(anchor_proportions[col])+1)
/mnt/altnas/work/Kyle.Knightly/chipseq-analysis/chip-scripts/pipeline.py:120: FutureWarning: Setting an item of incompatible dtype is deprecated and will raise an error in a future version of pandas. Value '1.5951984505392973' has dtype incompatible with int64, please explicitly cast to a compatible dtype first.
  cis_enrichment_matrix.loc[row, col] /= (float(loop_anchors) * float(anchor_proportions[row]) * float(anchor_proportions[col])+1)
/mnt/altnas/work/Kyle.Knightly/chipseq-analysis/chip-scripts/pipeline.py:120: FutureWarning: Setting an item of incompatible dtype is deprecated and will raise an error in a future version of pandas. Value '2.8958349450231577' has dtype incompatible with int64, please explicitly cast to a compatible dtype first.
  cis_enrichment_matrix.loc[row, col] /= (float(loop_anchors) * float(anchor_proportions[row]) * float(anchor_proportions[col])+1)
/mnt/altnas/work/Kyle.Knightly/chipseq-analysis/chip-scripts/pipeline.py:120: FutureWarning: Setting an item of incompatible dtype is deprecated and will raise an error in a future version of pandas. Value '2.438577558737307' has dtype incompatible with int64, please explicitly cast to a compatible dtype first.
  cis_enrichment_matrix.loc[row, col] /= (float(loop_anchors) * float(anchor_proportions[row]) * float(anchor_proportions[col])+1)
/mnt/altnas/work/Kyle.Knightly/chipseq-analysis/chip-scripts/pipeline.py:120: FutureWarning: Setting an item of incompatible dtype is deprecated and will raise an error in a future version of pandas. Value '2.9759187494815182' has dtype incompatible with int64, please explicitly cast to a compatible dtype first.
  cis_enrichment_matrix.loc[row, col] /= (float(loop_anchors) * float(anchor_proportions[row]) * float(anchor_proportions[col])+1)
/mnt/altnas/work/Kyle.Knightly/chipseq-analysis/chip-scripts/pipeline.py:120: FutureWarning: Setting an item of incompatible dtype is deprecated and will raise an error in a future version of pandas. Value '3.193898238435385' has dtype incompatible with int64, please explicitly cast to a compatible dtype first.
  cis_enrichment_matrix.loc[row, col] /= (float(loop_anchors) * float(anchor_proportions[row]) * float(anchor_proportions[col])+1)
/mnt/altnas/work/Kyle.Knightly/chipseq-analysis/chip-scripts/pipeline.py:120: FutureWarning: Setting an item of incompatible dtype is deprecated and will raise an error in a future version of pandas. Value '0.8382749851029938' has dtype incompatible with int64, please explicitly cast to a compatible dtype first.
  cis_enrichment_matrix.loc[row, col] /= (float(loop_anchors) * float(anchor_proportions[row]) * float(anchor_proportions[col])+1)
/mnt/altnas/work/Kyle.Knightly/chipseq-analysis/chip-scripts/pipeline.py:120: FutureWarning: Setting an item of incompatible dtype is deprecated and will raise an error in a future version of pandas. Value '4.306111858146982' has dtype incompatible with int64, please explicitly cast to a compatible dtype first.
  cis_enrichment_matrix.loc[row, col] /= (float(loop_anchors) * float(anchor_proportions[row]) * float(anchor_proportions[col])+1)
/mnt/altnas/work/Kyle.Knightly/chipseq-analysis/chip-scripts/pipeline.py:120: FutureWarning: Setting an item of incompatible dtype is deprecated and will raise an error in a future version of pandas. Value '2.4218020143829384' has dtype incompatible with int64, please explicitly cast to a compatible dtype first.
  cis_enrichment_matrix.loc[row, col] /= (float(loop_anchors) * float(anchor_proportions[row]) * float(anchor_proportions[col])+1)
/mnt/altnas/work/Kyle.Knightly/chipseq-analysis/chip-scripts/pipeline.py:120: FutureWarning: Setting an item of incompatible dtype is deprecated and will raise an error in a future version of pandas. Value '1.731299183569504' has dtype incompatible with int64, please explicitly cast to a compatible dtype first.
  cis_enrichment_matrix.loc[row, col] /= (float(loop_anchors) * float(anchor_proportions[row]) * float(anchor_proportions[col])+1)
/mnt/altnas/work/Kyle.Knightly/chipseq-analysis/chip-scripts/pipeline.py:120: FutureWarning: Setting an item of incompatible dtype is deprecated and will raise an error in a future version of pandas. Value '5.62173597915728' has dtype incompatible with int64, please explicitly cast to a compatible dtype first.
  cis_enrichment_matrix.loc[row, col] /= (float(loop_anchors) * float(anchor_proportions[row]) * float(anchor_proportions[col])+1)
/mnt/altnas/work/Kyle.Knightly/chipseq-analysis/chip-scripts/pipeline.py:120: FutureWarning: Setting an item of incompatible dtype is deprecated and will raise an error in a future version of pandas. Value '3.0587431808188534' has dtype incompatible with int64, please explicitly cast to a compatible dtype first.
  cis_enrichment_matrix.loc[row, col] /= (float(loop_anchors) * float(anchor_proportions[row]) * float(anchor_proportions[col])+1)
/mnt/altnas/work/Kyle.Knightly/chipseq-analysis/chip-scripts/pipeline.py:120: FutureWarning: Setting an item of incompatible dtype is deprecated and will raise an error in a future version of pandas. Value '3.404139018957409' has dtype incompatible with int64, please explicitly cast to a compatible dtype first.
  cis_enrichment_matrix.loc[row, col] /= (float(loop_anchors) * float(anchor_proportions[row]) * float(anchor_proportions[col])+1)
/mnt/altnas/work/Kyle.Knightly/chipseq-analysis/chip-scripts/pipeline.py:120: FutureWarning: Setting an item of incompatible dtype is deprecated and will raise an error in a future version of pandas. Value '2.1893972337292777' has dtype incompatible with int64, please explicitly cast to a compatible dtype first.
  cis_enrichment_matrix.loc[row, col] /= (float(loop_anchors) * float(anchor_proportions[row]) * float(anchor_proportions[col])+1)
/mnt/altnas/work/Kyle.Knightly/chipseq-analysis/chip-scripts/pipeline.py:120: FutureWarning: Setting an item of incompatible dtype is deprecated and will raise an error in a future version of pandas. Value '3.5114630391514177' has dtype incompatible with int64, please explicitly cast to a compatible dtype first.
  cis_enrichment_matrix.loc[row, col] /= (float(loop_anchors) * float(anchor_proportions[row]) * float(anchor_proportions[col])+1)
/mnt/altnas/work/Kyle.Knightly/chipseq-analysis/chip-scripts/pipeline.py:120: FutureWarning: Setting an item of incompatible dtype is deprecated and will raise an error in a future version of pandas. Value '2.6765402622596106' has dtype incompatible with int64, please explicitly cast to a compatible dtype first.
  cis_enrichment_matrix.loc[row, col] /= (float(loop_anchors) * float(anchor_proportions[row]) * float(anchor_proportions[col])+1)
/mnt/altnas/work/Kyle.Knightly/chipseq-analysis/chip-scripts/pipeline.py:120: FutureWarning: Setting an item of incompatible dtype is deprecated and will raise an error in a future version of pandas. Value '5.8608602631553355' has dtype incompatible with int64, please explicitly cast to a compatible dtype first.
  cis_enrichment_matrix.loc[row, col] /= (float(loop_anchors) * float(anchor_proportions[row]) * float(anchor_proportions[col])+1)
/mnt/altnas/work/Kyle.Knightly/chipseq-analysis/chip-scripts/pipeline.py:120: FutureWarning: Setting an item of incompatible dtype is deprecated and will raise an error in a future version of pandas. Value '5.3926230560053785' has dtype incompatible with int64, please explicitly cast to a compatible dtype first.
  cis_enrichment_matrix.loc[row, col] /= (float(loop_anchors) * float(anchor_proportions[row]) * float(anchor_proportions[col])+1)
/mnt/altnas/work/Kyle.Knightly/chipseq-analysis/chip-scripts/pipeline.py:120: FutureWarning: Setting an item of incompatible dtype is deprecated and will raise an error in a future version of pandas. Value '6.128282233177905' has dtype incompatible with int64, please explicitly cast to a compatible dtype first.
  cis_enrichment_matrix.loc[row, col] /= (float(loop_anchors) * float(anchor_proportions[row]) * float(anchor_proportions[col])+1)
/mnt/altnas/work/Kyle.Knightly/chipseq-analysis/chip-scripts/pipeline.py:120: FutureWarning: Setting an item of incompatible dtype is deprecated and will raise an error in a future version of pandas. Value '2.476220059363567' has dtype incompatible with int64, please explicitly cast to a compatible dtype first.
  cis_enrichment_matrix.loc[row, col] /= (float(loop_anchors) * float(anchor_proportions[row]) * float(anchor_proportions[col])+1)
/mnt/altnas/work/Kyle.Knightly/chipseq-analysis/chip-scripts/pipeline.py:120: FutureWarning: Setting an item of incompatible dtype is deprecated and will raise an error in a future version of pandas. Value '4.608112013873279' has dtype incompatible with int64, please explicitly cast to a compatible dtype first.
  cis_enrichment_matrix.loc[row, col] /= (float(loop_anchors) * float(anchor_proportions[row]) * float(anchor_proportions[col])+1)
/mnt/altnas/work/Kyle.Knightly/chipseq-analysis/chip-scripts/pipeline.py:120: FutureWarning: Setting an item of incompatible dtype is deprecated and will raise an error in a future version of pandas. Value '4.291917475322229' has dtype incompatible with int64, please explicitly cast to a compatible dtype first.
  cis_enrichment_matrix.loc[row, col] /= (float(loop_anchors) * float(anchor_proportions[row]) * float(anchor_proportions[col])+1)
/mnt/altnas/work/Kyle.Knightly/chipseq-analysis/chip-scripts/pipeline.py:120: FutureWarning: Setting an item of incompatible dtype is deprecated and will raise an error in a future version of pandas. Value '3.72336062351191' has dtype incompatible with int64, please explicitly cast to a compatible dtype first.
  cis_enrichment_matrix.loc[row, col] /= (float(loop_anchors) * float(anchor_proportions[row]) * float(anchor_proportions[col])+1)
/mnt/altnas/work/Kyle.Knightly/chipseq-analysis/chip-scripts/pipeline.py:120: FutureWarning: Setting an item of incompatible dtype is deprecated and will raise an error in a future version of pandas. Value '2.8578940030671793' has dtype incompatible with int64, please explicitly cast to a compatible dtype first.
  cis_enrichment_matrix.loc[row, col] /= (float(loop_anchors) * float(anchor_proportions[row]) * float(anchor_proportions[col])+1)
/mnt/altnas/work/Kyle.Knightly/chipseq-analysis/chip-scripts/pipeline.py:120: FutureWarning: Setting an item of incompatible dtype is deprecated and will raise an error in a future version of pandas. Value '2.221524964520707' has dtype incompatible with int64, please explicitly cast to a compatible dtype first.
  cis_enrichment_matrix.loc[row, col] /= (float(loop_anchors) * float(anchor_proportions[row]) * float(anchor_proportions[col])+1)
/mnt/altnas/work/Kyle.Knightly/chipseq-analysis/chip-scripts/pipeline.py:120: FutureWarning: Setting an item of incompatible dtype is deprecated and will raise an error in a future version of pandas. Value '4.9472363871586325' has dtype incompatible with int64, please explicitly cast to a compatible dtype first.
  cis_enrichment_matrix.loc[row, col] /= (float(loop_anchors) * float(anchor_proportions[row]) * float(anchor_proportions[col])+1)
/mnt/altnas/work/Kyle.Knightly/chipseq-analysis/chip-scripts/pipeline.py:120: FutureWarning: Setting an item of incompatible dtype is deprecated and will raise an error in a future version of pandas. Value '3.834883746974937' has dtype incompatible with int64, please explicitly cast to a compatible dtype first.
  cis_enrichment_matrix.loc[row, col] /= (float(loop_anchors) * float(anchor_proportions[row]) * float(anchor_proportions[col])+1)
/mnt/altnas/work/Kyle.Knightly/chipseq-analysis/chip-scripts/pipeline.py:120: FutureWarning: Setting an item of incompatible dtype is deprecated and will raise an error in a future version of pandas. Value '3.1158690176322414' has dtype incompatible with int64, please explicitly cast to a compatible dtype first.
  cis_enrichment_matrix.loc[row, col] /= (float(loop_anchors) * float(anchor_proportions[row]) * float(anchor_proportions[col])+1)
/mnt/altnas/work/Kyle.Knightly/chipseq-analysis/chip-scripts/pipeline.py:120: FutureWarning: Setting an item of incompatible dtype is deprecated and will raise an error in a future version of pandas. Value '4.554061846842399' has dtype incompatible with int64, please explicitly cast to a compatible dtype first.
  cis_enrichment_matrix.loc[row, col] /= (float(loop_anchors) * float(anchor_proportions[row]) * float(anchor_proportions[col])+1)
/mnt/altnas/work/Kyle.Knightly/chipseq-analysis/chip-scripts/pipeline.py:120: FutureWarning: Setting an item of incompatible dtype is deprecated and will raise an error in a future version of pandas. Value '4.312079755384765' has dtype incompatible with int64, please explicitly cast to a compatible dtype first.
  cis_enrichment_matrix.loc[row, col] /= (float(loop_anchors) * float(anchor_proportions[row]) * float(anchor_proportions[col])+1)
/mnt/altnas/work/Kyle.Knightly/chipseq-analysis/chip-scripts/pipeline.py:120: FutureWarning: Setting an item of incompatible dtype is deprecated and will raise an error in a future version of pandas. Value '2.9176653986596968' has dtype incompatible with int64, please explicitly cast to a compatible dtype first.
  cis_enrichment_matrix.loc[row, col] /= (float(loop_anchors) * float(anchor_proportions[row]) * float(anchor_proportions[col])+1)
/mnt/altnas/work/Kyle.Knightly/chipseq-analysis/chip-scripts/pipeline.py:120: FutureWarning: Setting an item of incompatible dtype is deprecated and will raise an error in a future version of pandas. Value '6.066173479725355' has dtype incompatible with int64, please explicitly cast to a compatible dtype first.
  cis_enrichment_matrix.loc[row, col] /= (float(loop_anchors) * float(anchor_proportions[row]) * float(anchor_proportions[col])+1)
/mnt/altnas/work/Kyle.Knightly/chipseq-analysis/chip-scripts/pipeline.py:120: FutureWarning: Setting an item of incompatible dtype is deprecated and will raise an error in a future version of pandas. Value '4.905548678604547' has dtype incompatible with int64, please explicitly cast to a compatible dtype first.
  cis_enrichment_matrix.loc[row, col] /= (float(loop_anchors) * float(anchor_proportions[row]) * float(anchor_proportions[col])+1)
/mnt/altnas/work/Kyle.Knightly/chipseq-analysis/chip-scripts/pipeline.py:120: FutureWarning: Setting an item of incompatible dtype is deprecated and will raise an error in a future version of pandas. Value '5.0021014469279015' has dtype incompatible with int64, please explicitly cast to a compatible dtype first.
  cis_enrichment_matrix.loc[row, col] /= (float(loop_anchors) * float(anchor_proportions[row]) * float(anchor_proportions[col])+1)
/mnt/altnas/work/Kyle.Knightly/chipseq-analysis/chip-scripts/pipeline.py:120: FutureWarning: Setting an item of incompatible dtype is deprecated and will raise an error in a future version of pandas. Value '1.5620330421972008' has dtype incompatible with int64, please explicitly cast to a compatible dtype first.
  cis_enrichment_matrix.loc[row, col] /= (float(loop_anchors) * float(anchor_proportions[row]) * float(anchor_proportions[col])+1)
/mnt/altnas/work/Kyle.Knightly/chipseq-analysis/chip-scripts/pipeline.py:120: FutureWarning: Setting an item of incompatible dtype is deprecated and will raise an error in a future version of pandas. Value '4.0738326869835015' has dtype incompatible with int64, please explicitly cast to a compatible dtype first.
  cis_enrichment_matrix.loc[row, col] /= (float(loop_anchors) * float(anchor_proportions[row]) * float(anchor_proportions[col])+1)
/mnt/altnas/work/Kyle.Knightly/chipseq-analysis/chip-scripts/pipeline.py:120: FutureWarning: Setting an item of incompatible dtype is deprecated and will raise an error in a future version of pandas. Value '5.833128270392561' has dtype incompatible with int64, please explicitly cast to a compatible dtype first.
  cis_enrichment_matrix.loc[row, col] /= (float(loop_anchors) * float(anchor_proportions[row]) * float(anchor_proportions[col])+1)
/mnt/altnas/work/Kyle.Knightly/chipseq-analysis/chip-scripts/pipeline.py:120: FutureWarning: Setting an item of incompatible dtype is deprecated and will raise an error in a future version of pandas. Value '4.657482817474379' has dtype incompatible with int64, please explicitly cast to a compatible dtype first.
  cis_enrichment_matrix.loc[row, col] /= (float(loop_anchors) * float(anchor_proportions[row]) * float(anchor_proportions[col])+1)
/mnt/altnas/work/Kyle.Knightly/chipseq-analysis/chip-scripts/pipeline.py:120: FutureWarning: Setting an item of incompatible dtype is deprecated and will raise an error in a future version of pandas. Value '1.6032466468365305' has dtype incompatible with int64, please explicitly cast to a compatible dtype first.
  cis_enrichment_matrix.loc[row, col] /= (float(loop_anchors) * float(anchor_proportions[row]) * float(anchor_proportions[col])+1)
/mnt/altnas/work/Kyle.Knightly/chipseq-analysis/chip-scripts/pipeline.py:120: FutureWarning: Setting an item of incompatible dtype is deprecated and will raise an error in a future version of pandas. Value '3.214757259641075' has dtype incompatible with int64, please explicitly cast to a compatible dtype first.
  cis_enrichment_matrix.loc[row, col] /= (float(loop_anchors) * float(anchor_proportions[row]) * float(anchor_proportions[col])+1)
/mnt/altnas/work/Kyle.Knightly/chipseq-analysis/chip-scripts/pipeline.py:120: FutureWarning: Setting an item of incompatible dtype is deprecated and will raise an error in a future version of pandas. Value '1.9363771310332418' has dtype incompatible with int64, please explicitly cast to a compatible dtype first.
  cis_enrichment_matrix.loc[row, col] /= (float(loop_anchors) * float(anchor_proportions[row]) * float(anchor_proportions[col])+1)
/mnt/altnas/work/Kyle.Knightly/chipseq-analysis/chip-scripts/pipeline.py:120: FutureWarning: Setting an item of incompatible dtype is deprecated and will raise an error in a future version of pandas. Value '2.5058779356934338' has dtype incompatible with int64, please explicitly cast to a compatible dtype first.
  cis_enrichment_matrix.loc[row, col] /= (float(loop_anchors) * float(anchor_proportions[row]) * float(anchor_proportions[col])+1)
/mnt/altnas/work/Kyle.Knightly/chipseq-analysis/chip-scripts/pipeline.py:120: FutureWarning: Setting an item of incompatible dtype is deprecated and will raise an error in a future version of pandas. Value '4.414406500118784' has dtype incompatible with int64, please explicitly cast to a compatible dtype first.
  cis_enrichment_matrix.loc[row, col] /= (float(loop_anchors) * float(anchor_proportions[row]) * float(anchor_proportions[col])+1)
/mnt/altnas/work/Kyle.Knightly/chipseq-analysis/chip-scripts/pipeline.py:120: FutureWarning: Setting an item of incompatible dtype is deprecated and will raise an error in a future version of pandas. Value '3.5655754581017085' has dtype incompatible with int64, please explicitly cast to a compatible dtype first.
  cis_enrichment_matrix.loc[row, col] /= (float(loop_anchors) * float(anchor_proportions[row]) * float(anchor_proportions[col])+1)
/mnt/altnas/work/Kyle.Knightly/chipseq-analysis/chip-scripts/pipeline.py:120: FutureWarning: Setting an item of incompatible dtype is deprecated and will raise an error in a future version of pandas. Value '2.1208318111052664' has dtype incompatible with int64, please explicitly cast to a compatible dtype first.
  cis_enrichment_matrix.loc[row, col] /= (float(loop_anchors) * float(anchor_proportions[row]) * float(anchor_proportions[col])+1)
/mnt/altnas/work/Kyle.Knightly/chipseq-analysis/chip-scripts/pipeline.py:120: FutureWarning: Setting an item of incompatible dtype is deprecated and will raise an error in a future version of pandas. Value '5.601259540423887' has dtype incompatible with int64, please explicitly cast to a compatible dtype first.
  cis_enrichment_matrix.loc[row, col] /= (float(loop_anchors) * float(anchor_proportions[row]) * float(anchor_proportions[col])+1)
/mnt/altnas/work/Kyle.Knightly/chipseq-analysis/chip-scripts/pipeline.py:120: FutureWarning: Setting an item of incompatible dtype is deprecated and will raise an error in a future version of pandas. Value '5.077882050409236' has dtype incompatible with int64, please explicitly cast to a compatible dtype first.
  cis_enrichment_matrix.loc[row, col] /= (float(loop_anchors) * float(anchor_proportions[row]) * float(anchor_proportions[col])+1)
/mnt/altnas/work/Kyle.Knightly/chipseq-analysis/chip-scripts/pipeline.py:120: FutureWarning: Setting an item of incompatible dtype is deprecated and will raise an error in a future version of pandas. Value '3.677571044612466' has dtype incompatible with int64, please explicitly cast to a compatible dtype first.
  cis_enrichment_matrix.loc[row, col] /= (float(loop_anchors) * float(anchor_proportions[row]) * float(anchor_proportions[col])+1)
/mnt/altnas/work/Kyle.Knightly/chipseq-analysis/chip-scripts/pipeline.py:120: FutureWarning: Setting an item of incompatible dtype is deprecated and will raise an error in a future version of pandas. Value '2.3800101176802313' has dtype incompatible with int64, please explicitly cast to a compatible dtype first.
  cis_enrichment_matrix.loc[row, col] /= (float(loop_anchors) * float(anchor_proportions[row]) * float(anchor_proportions[col])+1)
/mnt/altnas/work/Kyle.Knightly/chipseq-analysis/chip-scripts/pipeline.py:120: FutureWarning: Setting an item of incompatible dtype is deprecated and will raise an error in a future version of pandas. Value '1.697393635897638' has dtype incompatible with int64, please explicitly cast to a compatible dtype first.
  cis_enrichment_matrix.loc[row, col] /= (float(loop_anchors) * float(anchor_proportions[row]) * float(anchor_proportions[col])+1)
/mnt/altnas/work/Kyle.Knightly/chipseq-analysis/chip-scripts/pipeline.py:120: FutureWarning: Setting an item of incompatible dtype is deprecated and will raise an error in a future version of pandas. Value '2.9411179945991095' has dtype incompatible with int64, please explicitly cast to a compatible dtype first.
  cis_enrichment_matrix.loc[row, col] /= (float(loop_anchors) * float(anchor_proportions[row]) * float(anchor_proportions[col])+1)
/mnt/altnas/work/Kyle.Knightly/chipseq-analysis/chip-scripts/pipeline.py:120: FutureWarning: Setting an item of incompatible dtype is deprecated and will raise an error in a future version of pandas. Value '3.1263365613464273' has dtype incompatible with int64, please explicitly cast to a compatible dtype first.
  cis_enrichment_matrix.loc[row, col] /= (float(loop_anchors) * float(anchor_proportions[row]) * float(anchor_proportions[col])+1)
/mnt/altnas/work/Kyle.Knightly/chipseq-analysis/chip-scripts/pipeline.py:120: FutureWarning: Setting an item of incompatible dtype is deprecated and will raise an error in a future version of pandas. Value '2.3583590822431137' has dtype incompatible with int64, please explicitly cast to a compatible dtype first.
  cis_enrichment_matrix.loc[row, col] /= (float(loop_anchors) * float(anchor_proportions[row]) * float(anchor_proportions[col])+1)
/mnt/altnas/work/Kyle.Knightly/chipseq-analysis/chip-scripts/pipeline.py:120: FutureWarning: Setting an item of incompatible dtype is deprecated and will raise an error in a future version of pandas. Value '0.9933175193598109' has dtype incompatible with int64, please explicitly cast to a compatible dtype first.
  cis_enrichment_matrix.loc[row, col] /= (float(loop_anchors) * float(anchor_proportions[row]) * float(anchor_proportions[col])+1)
/mnt/altnas/work/Kyle.Knightly/chipseq-analysis/chip-scripts/pipeline.py:120: FutureWarning: Setting an item of incompatible dtype is deprecated and will raise an error in a future version of pandas. Value '1.3659400285578296' has dtype incompatible with int64, please explicitly cast to a compatible dtype first.
  cis_enrichment_matrix.loc[row, col] /= (float(loop_anchors) * float(anchor_proportions[row]) * float(anchor_proportions[col])+1)
/mnt/altnas/work/Kyle.Knightly/chipseq-analysis/chip-scripts/pipeline.py:120: FutureWarning: Setting an item of incompatible dtype is deprecated and will raise an error in a future version of pandas. Value '0.9674574564676058' has dtype incompatible with int64, please explicitly cast to a compatible dtype first.
  cis_enrichment_matrix.loc[row, col] /= (float(loop_anchors) * float(anchor_proportions[row]) * float(anchor_proportions[col])+1)
/mnt/altnas/work/Kyle.Knightly/chipseq-analysis/chip-scripts/pipeline.py:120: FutureWarning: Setting an item of incompatible dtype is deprecated and will raise an error in a future version of pandas. Value '5.928829421304347' has dtype incompatible with int64, please explicitly cast to a compatible dtype first.
  cis_enrichment_matrix.loc[row, col] /= (float(loop_anchors) * float(anchor_proportions[row]) * float(anchor_proportions[col])+1)
/mnt/altnas/work/Kyle.Knightly/chipseq-analysis/chip-scripts/pipeline.py:120: FutureWarning: Setting an item of incompatible dtype is deprecated and will raise an error in a future version of pandas. Value '2.140964377936841' has dtype incompatible with int64, please explicitly cast to a compatible dtype first.
  cis_enrichment_matrix.loc[row, col] /= (float(loop_anchors) * float(anchor_proportions[row]) * float(anchor_proportions[col])+1)
/mnt/altnas/work/Kyle.Knightly/chipseq-analysis/chip-scripts/pipeline.py:120: FutureWarning: Setting an item of incompatible dtype is deprecated and will raise an error in a future version of pandas. Value '2.520785998862908' has dtype incompatible with int64, please explicitly cast to a compatible dtype first.
  cis_enrichment_matrix.loc[row, col] /= (float(loop_anchors) * float(anchor_proportions[row]) * float(anchor_proportions[col])+1)
/mnt/altnas/work/Kyle.Knightly/chipseq-analysis/chip-scripts/pipeline.py:120: FutureWarning: Setting an item of incompatible dtype is deprecated and will raise an error in a future version of pandas. Value '5.915650895298823' has dtype incompatible with int64, please explicitly cast to a compatible dtype first.
  cis_enrichment_matrix.loc[row, col] /= (float(loop_anchors) * float(anchor_proportions[row]) * float(anchor_proportions[col])+1)
/mnt/altnas/work/Kyle.Knightly/chipseq-analysis/chip-scripts/pipeline.py:120: FutureWarning: Setting an item of incompatible dtype is deprecated and will raise an error in a future version of pandas. Value '10.043250820881063' has dtype incompatible with int64, please explicitly cast to a compatible dtype first.
  cis_enrichment_matrix.loc[row, col] /= (float(loop_anchors) * float(anchor_proportions[row]) * float(anchor_proportions[col])+1)
/mnt/altnas/work/Kyle.Knightly/chipseq-analysis/chip-scripts/pipeline.py:120: FutureWarning: Setting an item of incompatible dtype is deprecated and will raise an error in a future version of pandas. Value '3.0081255363217343' has dtype incompatible with int64, please explicitly cast to a compatible dtype first.
  cis_enrichment_matrix.loc[row, col] /= (float(loop_anchors) * float(anchor_proportions[row]) * float(anchor_proportions[col])+1)
/mnt/altnas/work/Kyle.Knightly/chipseq-analysis/chip-scripts/pipeline.py:120: FutureWarning: Setting an item of incompatible dtype is deprecated and will raise an error in a future version of pandas. Value '1.771080530440421' has dtype incompatible with int64, please explicitly cast to a compatible dtype first.
  cis_enrichment_matrix.loc[row, col] /= (float(loop_anchors) * float(anchor_proportions[row]) * float(anchor_proportions[col])+1)
/mnt/altnas/work/Kyle.Knightly/chipseq-analysis/chip-scripts/pipeline.py:120: FutureWarning: Setting an item of incompatible dtype is deprecated and will raise an error in a future version of pandas. Value '1.8793904784714062' has dtype incompatible with int64, please explicitly cast to a compatible dtype first.
  cis_enrichment_matrix.loc[row, col] /= (float(loop_anchors) * float(anchor_proportions[row]) * float(anchor_proportions[col])+1)
/mnt/altnas/work/Kyle.Knightly/chipseq-analysis/chip-scripts/pipeline.py:120: FutureWarning: Setting an item of incompatible dtype is deprecated and will raise an error in a future version of pandas. Value '3.0431723335116376' has dtype incompatible with int64, please explicitly cast to a compatible dtype first.
  cis_enrichment_matrix.loc[row, col] /= (float(loop_anchors) * float(anchor_proportions[row]) * float(anchor_proportions[col])+1)
/mnt/altnas/work/Kyle.Knightly/chipseq-analysis/chip-scripts/pipeline.py:120: FutureWarning: Setting an item of incompatible dtype is deprecated and will raise an error in a future version of pandas. Value '4.400092401981327' has dtype incompatible with int64, please explicitly cast to a compatible dtype first.
  cis_enrichment_matrix.loc[row, col] /= (float(loop_anchors) * float(anchor_proportions[row]) * float(anchor_proportions[col])+1)
/mnt/altnas/work/Kyle.Knightly/chipseq-analysis/chip-scripts/pipeline.py:120: FutureWarning: Setting an item of incompatible dtype is deprecated and will raise an error in a future version of pandas. Value '1.5569747072447064' has dtype incompatible with int64, please explicitly cast to a compatible dtype first.
  cis_enrichment_matrix.loc[row, col] /= (float(loop_anchors) * float(anchor_proportions[row]) * float(anchor_proportions[col])+1)
/mnt/altnas/work/Kyle.Knightly/chipseq-analysis/chip-scripts/pipeline.py:120: FutureWarning: Setting an item of incompatible dtype is deprecated and will raise an error in a future version of pandas. Value '3.7299515175913696' has dtype incompatible with int64, please explicitly cast to a compatible dtype first.
  cis_enrichment_matrix.loc[row, col] /= (float(loop_anchors) * float(anchor_proportions[row]) * float(anchor_proportions[col])+1)
/mnt/altnas/work/Kyle.Knightly/chipseq-analysis/chip-scripts/pipeline.py:120: FutureWarning: Setting an item of incompatible dtype is deprecated and will raise an error in a future version of pandas. Value '4.776638844024707' has dtype incompatible with int64, please explicitly cast to a compatible dtype first.
  cis_enrichment_matrix.loc[row, col] /= (float(loop_anchors) * float(anchor_proportions[row]) * float(anchor_proportions[col])+1)
/mnt/altnas/work/Kyle.Knightly/chipseq-analysis/chip-scripts/pipeline.py:120: FutureWarning: Setting an item of incompatible dtype is deprecated and will raise an error in a future version of pandas. Value '0.9834595948057645' has dtype incompatible with int64, please explicitly cast to a compatible dtype first.
  cis_enrichment_matrix.loc[row, col] /= (float(loop_anchors) * float(anchor_proportions[row]) * float(anchor_proportions[col])+1)
/mnt/altnas/work/Kyle.Knightly/chipseq-analysis/chip-scripts/pipeline.py:120: FutureWarning: Setting an item of incompatible dtype is deprecated and will raise an error in a future version of pandas. Value '1.9586098327240296' has dtype incompatible with int64, please explicitly cast to a compatible dtype first.
  cis_enrichment_matrix.loc[row, col] /= (float(loop_anchors) * float(anchor_proportions[row]) * float(anchor_proportions[col])+1)
/mnt/altnas/work/Kyle.Knightly/chipseq-analysis/chip-scripts/pipeline.py:120: FutureWarning: Setting an item of incompatible dtype is deprecated and will raise an error in a future version of pandas. Value '4.0896091670982475' has dtype incompatible with int64, please explicitly cast to a compatible dtype first.
  cis_enrichment_matrix.loc[row, col] /= (float(loop_anchors) * float(anchor_proportions[row]) * float(anchor_proportions[col])+1)
/mnt/altnas/work/Kyle.Knightly/chipseq-analysis/chip-scripts/pipeline.py:120: FutureWarning: Setting an item of incompatible dtype is deprecated and will raise an error in a future version of pandas. Value '5.744608326838874' has dtype incompatible with int64, please explicitly cast to a compatible dtype first.
  cis_enrichment_matrix.loc[row, col] /= (float(loop_anchors) * float(anchor_proportions[row]) * float(anchor_proportions[col])+1)
/mnt/altnas/work/Kyle.Knightly/chipseq-analysis/chip-scripts/pipeline.py:120: FutureWarning: Setting an item of incompatible dtype is deprecated and will raise an error in a future version of pandas. Value '6.655862665342857' has dtype incompatible with int64, please explicitly cast to a compatible dtype first.
  cis_enrichment_matrix.loc[row, col] /= (float(loop_anchors) * float(anchor_proportions[row]) * float(anchor_proportions[col])+1)
/mnt/altnas/work/Kyle.Knightly/chipseq-analysis/chip-scripts/pipeline.py:120: FutureWarning: Setting an item of incompatible dtype is deprecated and will raise an error in a future version of pandas. Value '5.438298954124688' has dtype incompatible with int64, please explicitly cast to a compatible dtype first.
  cis_enrichment_matrix.loc[row, col] /= (float(loop_anchors) * float(anchor_proportions[row]) * float(anchor_proportions[col])+1)
/mnt/altnas/work/Kyle.Knightly/chipseq-analysis/chip-scripts/pipeline.py:120: FutureWarning: Setting an item of incompatible dtype is deprecated and will raise an error in a future version of pandas. Value '4.663219206042597' has dtype incompatible with int64, please explicitly cast to a compatible dtype first.
  cis_enrichment_matrix.loc[row, col] /= (float(loop_anchors) * float(anchor_proportions[row]) * float(anchor_proportions[col])+1)
/mnt/altnas/work/Kyle.Knightly/chipseq-analysis/chip-scripts/pipeline.py:120: FutureWarning: Setting an item of incompatible dtype is deprecated and will raise an error in a future version of pandas. Value '3.2103338445204668' has dtype incompatible with int64, please explicitly cast to a compatible dtype first.
  cis_enrichment_matrix.loc[row, col] /= (float(loop_anchors) * float(anchor_proportions[row]) * float(anchor_proportions[col])+1)
/mnt/altnas/work/Kyle.Knightly/chipseq-analysis/chip-scripts/pipeline.py:120: FutureWarning: Setting an item of incompatible dtype is deprecated and will raise an error in a future version of pandas. Value '3.3777101239078977' has dtype incompatible with int64, please explicitly cast to a compatible dtype first.
  cis_enrichment_matrix.loc[row, col] /= (float(loop_anchors) * float(anchor_proportions[row]) * float(anchor_proportions[col])+1)
/mnt/altnas/work/Kyle.Knightly/chipseq-analysis/chip-scripts/pipeline.py:120: FutureWarning: Setting an item of incompatible dtype is deprecated and will raise an error in a future version of pandas. Value '5.7055078118787215' has dtype incompatible with int64, please explicitly cast to a compatible dtype first.
  cis_enrichment_matrix.loc[row, col] /= (float(loop_anchors) * float(anchor_proportions[row]) * float(anchor_proportions[col])+1)
/mnt/altnas/work/Kyle.Knightly/chipseq-analysis/chip-scripts/pipeline.py:120: FutureWarning: Setting an item of incompatible dtype is deprecated and will raise an error in a future version of pandas. Value '5.484078088453366' has dtype incompatible with int64, please explicitly cast to a compatible dtype first.
  cis_enrichment_matrix.loc[row, col] /= (float(loop_anchors) * float(anchor_proportions[row]) * float(anchor_proportions[col])+1)
/mnt/altnas/work/Kyle.Knightly/chipseq-analysis/chip-scripts/pipeline.py:120: FutureWarning: Setting an item of incompatible dtype is deprecated and will raise an error in a future version of pandas. Value '1.5003659633200193' has dtype incompatible with int64, please explicitly cast to a compatible dtype first.
  cis_enrichment_matrix.loc[row, col] /= (float(loop_anchors) * float(anchor_proportions[row]) * float(anchor_proportions[col])+1)
/mnt/altnas/work/Kyle.Knightly/chipseq-analysis/chip-scripts/pipeline.py:120: FutureWarning: Setting an item of incompatible dtype is deprecated and will raise an error in a future version of pandas. Value '0.8209143646092764' has dtype incompatible with int64, please explicitly cast to a compatible dtype first.
  cis_enrichment_matrix.loc[row, col] /= (float(loop_anchors) * float(anchor_proportions[row]) * float(anchor_proportions[col])+1)
/mnt/altnas/work/Kyle.Knightly/chipseq-analysis/chip-scripts/pipeline.py:120: FutureWarning: Setting an item of incompatible dtype is deprecated and will raise an error in a future version of pandas. Value '5.517958398881315' has dtype incompatible with int64, please explicitly cast to a compatible dtype first.
  cis_enrichment_matrix.loc[row, col] /= (float(loop_anchors) * float(anchor_proportions[row]) * float(anchor_proportions[col])+1)
/mnt/altnas/work/Kyle.Knightly/chipseq-analysis/chip-scripts/pipeline.py:120: FutureWarning: Setting an item of incompatible dtype is deprecated and will raise an error in a future version of pandas. Value '2.455765237432398' has dtype incompatible with int64, please explicitly cast to a compatible dtype first.
  cis_enrichment_matrix.loc[row, col] /= (float(loop_anchors) * float(anchor_proportions[row]) * float(anchor_proportions[col])+1)
/mnt/altnas/work/Kyle.Knightly/chipseq-analysis/chip-scripts/pipeline.py:120: FutureWarning: Setting an item of incompatible dtype is deprecated and will raise an error in a future version of pandas. Value '2.7433997535794705' has dtype incompatible with int64, please explicitly cast to a compatible dtype first.
  cis_enrichment_matrix.loc[row, col] /= (float(loop_anchors) * float(anchor_proportions[row]) * float(anchor_proportions[col])+1)
/mnt/altnas/work/Kyle.Knightly/chipseq-analysis/chip-scripts/pipeline.py:120: FutureWarning: Setting an item of incompatible dtype is deprecated and will raise an error in a future version of pandas. Value '6.263639825849528' has dtype incompatible with int64, please explicitly cast to a compatible dtype first.
  cis_enrichment_matrix.loc[row, col] /= (float(loop_anchors) * float(anchor_proportions[row]) * float(anchor_proportions[col])+1)
/mnt/altnas/work/Kyle.Knightly/chipseq-analysis/chip-scripts/pipeline.py:120: FutureWarning: Setting an item of incompatible dtype is deprecated and will raise an error in a future version of pandas. Value '3.3198833927166724' has dtype incompatible with int64, please explicitly cast to a compatible dtype first.
  cis_enrichment_matrix.loc[row, col] /= (float(loop_anchors) * float(anchor_proportions[row]) * float(anchor_proportions[col])+1)
/mnt/altnas/work/Kyle.Knightly/chipseq-analysis/chip-scripts/pipeline.py:120: FutureWarning: Setting an item of incompatible dtype is deprecated and will raise an error in a future version of pandas. Value '5.243234431040104' has dtype incompatible with int64, please explicitly cast to a compatible dtype first.
  cis_enrichment_matrix.loc[row, col] /= (float(loop_anchors) * float(anchor_proportions[row]) * float(anchor_proportions[col])+1)
/mnt/altnas/work/Kyle.Knightly/chipseq-analysis/chip-scripts/pipeline.py:120: FutureWarning: Setting an item of incompatible dtype is deprecated and will raise an error in a future version of pandas. Value '2.0517113186427105' has dtype incompatible with int64, please explicitly cast to a compatible dtype first.
  cis_enrichment_matrix.loc[row, col] /= (float(loop_anchors) * float(anchor_proportions[row]) * float(anchor_proportions[col])+1)
/mnt/altnas/work/Kyle.Knightly/chipseq-analysis/chip-scripts/pipeline.py:120: FutureWarning: Setting an item of incompatible dtype is deprecated and will raise an error in a future version of pandas. Value '2.863888566806883' has dtype incompatible with int64, please explicitly cast to a compatible dtype first.
  cis_enrichment_matrix.loc[row, col] /= (float(loop_anchors) * float(anchor_proportions[row]) * float(anchor_proportions[col])+1)
/mnt/altnas/work/Kyle.Knightly/chipseq-analysis/chip-scripts/pipeline.py:120: FutureWarning: Setting an item of incompatible dtype is deprecated and will raise an error in a future version of pandas. Value '1.352409496611719' has dtype incompatible with int64, please explicitly cast to a compatible dtype first.
  cis_enrichment_matrix.loc[row, col] /= (float(loop_anchors) * float(anchor_proportions[row]) * float(anchor_proportions[col])+1)
/mnt/altnas/work/Kyle.Knightly/chipseq-analysis/chip-scripts/pipeline.py:120: FutureWarning: Setting an item of incompatible dtype is deprecated and will raise an error in a future version of pandas. Value '5.570980110852694' has dtype incompatible with int64, please explicitly cast to a compatible dtype first.
  cis_enrichment_matrix.loc[row, col] /= (float(loop_anchors) * float(anchor_proportions[row]) * float(anchor_proportions[col])+1)
/mnt/altnas/work/Kyle.Knightly/chipseq-analysis/chip-scripts/pipeline.py:120: FutureWarning: Setting an item of incompatible dtype is deprecated and will raise an error in a future version of pandas. Value '2.4316611459326576' has dtype incompatible with int64, please explicitly cast to a compatible dtype first.
  cis_enrichment_matrix.loc[row, col] /= (float(loop_anchors) * float(anchor_proportions[row]) * float(anchor_proportions[col])+1)
/mnt/altnas/work/Kyle.Knightly/chipseq-analysis/chip-scripts/pipeline.py:120: FutureWarning: Setting an item of incompatible dtype is deprecated and will raise an error in a future version of pandas. Value '2.2110252332877236' has dtype incompatible with int64, please explicitly cast to a compatible dtype first.
  cis_enrichment_matrix.loc[row, col] /= (float(loop_anchors) * float(anchor_proportions[row]) * float(anchor_proportions[col])+1)
/mnt/altnas/work/Kyle.Knightly/chipseq-analysis/chip-scripts/pipeline.py:120: FutureWarning: Setting an item of incompatible dtype is deprecated and will raise an error in a future version of pandas. Value '1.4670483590634904' has dtype incompatible with int64, please explicitly cast to a compatible dtype first.
  cis_enrichment_matrix.loc[row, col] /= (float(loop_anchors) * float(anchor_proportions[row]) * float(anchor_proportions[col])+1)
/mnt/altnas/work/Kyle.Knightly/chipseq-analysis/chip-scripts/pipeline.py:120: FutureWarning: Setting an item of incompatible dtype is deprecated and will raise an error in a future version of pandas. Value '3.2911551119402107' has dtype incompatible with int64, please explicitly cast to a compatible dtype first.
  cis_enrichment_matrix.loc[row, col] /= (float(loop_anchors) * float(anchor_proportions[row]) * float(anchor_proportions[col])+1)
/mnt/altnas/work/Kyle.Knightly/chipseq-analysis/chip-scripts/pipeline.py:120: FutureWarning: Setting an item of incompatible dtype is deprecated and will raise an error in a future version of pandas. Value '5.265078778776085' has dtype incompatible with int64, please explicitly cast to a compatible dtype first.
  cis_enrichment_matrix.loc[row, col] /= (float(loop_anchors) * float(anchor_proportions[row]) * float(anchor_proportions[col])+1)
/mnt/altnas/work/Kyle.Knightly/chipseq-analysis/chip-scripts/pipeline.py:120: FutureWarning: Setting an item of incompatible dtype is deprecated and will raise an error in a future version of pandas. Value '3.017062597902306' has dtype incompatible with int64, please explicitly cast to a compatible dtype first.
  cis_enrichment_matrix.loc[row, col] /= (float(loop_anchors) * float(anchor_proportions[row]) * float(anchor_proportions[col])+1)
/mnt/altnas/work/Kyle.Knightly/chipseq-analysis/chip-scripts/pipeline.py:120: FutureWarning: Setting an item of incompatible dtype is deprecated and will raise an error in a future version of pandas. Value '5.094993490353888' has dtype incompatible with int64, please explicitly cast to a compatible dtype first.
  cis_enrichment_matrix.loc[row, col] /= (float(loop_anchors) * float(anchor_proportions[row]) * float(anchor_proportions[col])+1)
/mnt/altnas/work/Kyle.Knightly/chipseq-analysis/chip-scripts/pipeline.py:120: FutureWarning: Setting an item of incompatible dtype is deprecated and will raise an error in a future version of pandas. Value '3.9252255775453846' has dtype incompatible with int64, please explicitly cast to a compatible dtype first.
  cis_enrichment_matrix.loc[row, col] /= (float(loop_anchors) * float(anchor_proportions[row]) * float(anchor_proportions[col])+1)
/mnt/altnas/work/Kyle.Knightly/chipseq-analysis/chip-scripts/pipeline.py:120: FutureWarning: Setting an item of incompatible dtype is deprecated and will raise an error in a future version of pandas. Value '2.3581035760934794' has dtype incompatible with int64, please explicitly cast to a compatible dtype first.
  cis_enrichment_matrix.loc[row, col] /= (float(loop_anchors) * float(anchor_proportions[row]) * float(anchor_proportions[col])+1)
/mnt/altnas/work/Kyle.Knightly/chipseq-analysis/chip-scripts/pipeline.py:120: FutureWarning: Setting an item of incompatible dtype is deprecated and will raise an error in a future version of pandas. Value '49.645919299060516' has dtype incompatible with int64, please explicitly cast to a compatible dtype first.
  cis_enrichment_matrix.loc[row, col] /= (float(loop_anchors) * float(anchor_proportions[row]) * float(anchor_proportions[col])+1)
/mnt/altnas/work/Kyle.Knightly/chipseq-analysis/chip-scripts/pipeline.py:120: FutureWarning: Setting an item of incompatible dtype is deprecated and will raise an error in a future version of pandas. Value '3.7200636464489447' has dtype incompatible with int64, please explicitly cast to a compatible dtype first.
  cis_enrichment_matrix.loc[row, col] /= (float(loop_anchors) * float(anchor_proportions[row]) * float(anchor_proportions[col])+1)
/mnt/altnas/work/Kyle.Knightly/chipseq-analysis/chip-scripts/pipeline.py:120: FutureWarning: Setting an item of incompatible dtype is deprecated and will raise an error in a future version of pandas. Value '6.469507541917633' has dtype incompatible with int64, please explicitly cast to a compatible dtype first.
  cis_enrichment_matrix.loc[row, col] /= (float(loop_anchors) * float(anchor_proportions[row]) * float(anchor_proportions[col])+1)
/mnt/altnas/work/Kyle.Knightly/chipseq-analysis/chip-scripts/pipeline.py:120: FutureWarning: Setting an item of incompatible dtype is deprecated and will raise an error in a future version of pandas. Value '3.538227506202438' has dtype incompatible with int64, please explicitly cast to a compatible dtype first.
  cis_enrichment_matrix.loc[row, col] /= (float(loop_anchors) * float(anchor_proportions[row]) * float(anchor_proportions[col])+1)
/mnt/altnas/work/Kyle.Knightly/chipseq-analysis/chip-scripts/pipeline.py:120: FutureWarning: Setting an item of incompatible dtype is deprecated and will raise an error in a future version of pandas. Value '2.026315141525899' has dtype incompatible with int64, please explicitly cast to a compatible dtype first.
  cis_enrichment_matrix.loc[row, col] /= (float(loop_anchors) * float(anchor_proportions[row]) * float(anchor_proportions[col])+1)
/mnt/altnas/work/Kyle.Knightly/chipseq-analysis/chip-scripts/pipeline.py:120: FutureWarning: Setting an item of incompatible dtype is deprecated and will raise an error in a future version of pandas. Value '4.647870708172798' has dtype incompatible with int64, please explicitly cast to a compatible dtype first.
  cis_enrichment_matrix.loc[row, col] /= (float(loop_anchors) * float(anchor_proportions[row]) * float(anchor_proportions[col])+1)
/mnt/altnas/work/Kyle.Knightly/chipseq-analysis/chip-scripts/pipeline.py:120: FutureWarning: Setting an item of incompatible dtype is deprecated and will raise an error in a future version of pandas. Value '2.629535514452562' has dtype incompatible with int64, please explicitly cast to a compatible dtype first.
  cis_enrichment_matrix.loc[row, col] /= (float(loop_anchors) * float(anchor_proportions[row]) * float(anchor_proportions[col])+1)
/mnt/altnas/work/Kyle.Knightly/chipseq-analysis/chip-scripts/pipeline.py:120: FutureWarning: Setting an item of incompatible dtype is deprecated and will raise an error in a future version of pandas. Value '2.384783072359072' has dtype incompatible with int64, please explicitly cast to a compatible dtype first.
  cis_enrichment_matrix.loc[row, col] /= (float(loop_anchors) * float(anchor_proportions[row]) * float(anchor_proportions[col])+1)
/mnt/altnas/work/Kyle.Knightly/chipseq-analysis/chip-scripts/pipeline.py:120: FutureWarning: Setting an item of incompatible dtype is deprecated and will raise an error in a future version of pandas. Value '6.29412223413588' has dtype incompatible with int64, please explicitly cast to a compatible dtype first.
  cis_enrichment_matrix.loc[row, col] /= (float(loop_anchors) * float(anchor_proportions[row]) * float(anchor_proportions[col])+1)
/mnt/altnas/work/Kyle.Knightly/chipseq-analysis/chip-scripts/pipeline.py:120: FutureWarning: Setting an item of incompatible dtype is deprecated and will raise an error in a future version of pandas. Value '2.404130979666787' has dtype incompatible with int64, please explicitly cast to a compatible dtype first.
  cis_enrichment_matrix.loc[row, col] /= (float(loop_anchors) * float(anchor_proportions[row]) * float(anchor_proportions[col])+1)
/mnt/altnas/work/Kyle.Knightly/chipseq-analysis/chip-scripts/pipeline.py:120: FutureWarning: Setting an item of incompatible dtype is deprecated and will raise an error in a future version of pandas. Value '2.6532302799452685' has dtype incompatible with int64, please explicitly cast to a compatible dtype first.
  cis_enrichment_matrix.loc[row, col] /= (float(loop_anchors) * float(anchor_proportions[row]) * float(anchor_proportions[col])+1)
/mnt/altnas/work/Kyle.Knightly/chipseq-analysis/chip-scripts/pipeline.py:120: FutureWarning: Setting an item of incompatible dtype is deprecated and will raise an error in a future version of pandas. Value '1.4214540915725031' has dtype incompatible with int64, please explicitly cast to a compatible dtype first.
  cis_enrichment_matrix.loc[row, col] /= (float(loop_anchors) * float(anchor_proportions[row]) * float(anchor_proportions[col])+1)
/mnt/altnas/work/Kyle.Knightly/chipseq-analysis/chip-scripts/pipeline.py:120: FutureWarning: Setting an item of incompatible dtype is deprecated and will raise an error in a future version of pandas. Value '2.9893632851794307' has dtype incompatible with int64, please explicitly cast to a compatible dtype first.
  cis_enrichment_matrix.loc[row, col] /= (float(loop_anchors) * float(anchor_proportions[row]) * float(anchor_proportions[col])+1)
/mnt/altnas/work/Kyle.Knightly/chipseq-analysis/chip-scripts/pipeline.py:120: FutureWarning: Setting an item of incompatible dtype is deprecated and will raise an error in a future version of pandas. Value '4.474507915279313' has dtype incompatible with int64, please explicitly cast to a compatible dtype first.
  cis_enrichment_matrix.loc[row, col] /= (float(loop_anchors) * float(anchor_proportions[row]) * float(anchor_proportions[col])+1)
/mnt/altnas/work/Kyle.Knightly/chipseq-analysis/chip-scripts/pipeline.py:120: FutureWarning: Setting an item of incompatible dtype is deprecated and will raise an error in a future version of pandas. Value '2.369962287696246' has dtype incompatible with int64, please explicitly cast to a compatible dtype first.
  cis_enrichment_matrix.loc[row, col] /= (float(loop_anchors) * float(anchor_proportions[row]) * float(anchor_proportions[col])+1)
/mnt/altnas/work/Kyle.Knightly/chipseq-analysis/chip-scripts/pipeline.py:120: FutureWarning: Setting an item of incompatible dtype is deprecated and will raise an error in a future version of pandas. Value '1.937639198218263' has dtype incompatible with int64, please explicitly cast to a compatible dtype first.
  cis_enrichment_matrix.loc[row, col] /= (float(loop_anchors) * float(anchor_proportions[row]) * float(anchor_proportions[col])+1)
/mnt/altnas/work/Kyle.Knightly/chipseq-analysis/chip-scripts/pipeline.py:120: FutureWarning: Setting an item of incompatible dtype is deprecated and will raise an error in a future version of pandas. Value '1.6486574469470372' has dtype incompatible with int64, please explicitly cast to a compatible dtype first.
  cis_enrichment_matrix.loc[row, col] /= (float(loop_anchors) * float(anchor_proportions[row]) * float(anchor_proportions[col])+1)
/mnt/altnas/work/Kyle.Knightly/chipseq-analysis/chip-scripts/pipeline.py:120: FutureWarning: Setting an item of incompatible dtype is deprecated and will raise an error in a future version of pandas. Value '6.089490400141669' has dtype incompatible with int64, please explicitly cast to a compatible dtype first.
  cis_enrichment_matrix.loc[row, col] /= (float(loop_anchors) * float(anchor_proportions[row]) * float(anchor_proportions[col])+1)
/mnt/altnas/work/Kyle.Knightly/chipseq-analysis/chip-scripts/pipeline.py:120: FutureWarning: Setting an item of incompatible dtype is deprecated and will raise an error in a future version of pandas. Value '5.431981734787133' has dtype incompatible with int64, please explicitly cast to a compatible dtype first.
  cis_enrichment_matrix.loc[row, col] /= (float(loop_anchors) * float(anchor_proportions[row]) * float(anchor_proportions[col])+1)
/mnt/altnas/work/Kyle.Knightly/chipseq-analysis/chip-scripts/pipeline.py:120: FutureWarning: Setting an item of incompatible dtype is deprecated and will raise an error in a future version of pandas. Value '2.112145044989644' has dtype incompatible with int64, please explicitly cast to a compatible dtype first.
  cis_enrichment_matrix.loc[row, col] /= (float(loop_anchors) * float(anchor_proportions[row]) * float(anchor_proportions[col])+1)
/mnt/altnas/work/Kyle.Knightly/chipseq-analysis/chip-scripts/pipeline.py:120: FutureWarning: Setting an item of incompatible dtype is deprecated and will raise an error in a future version of pandas. Value '1.504161570984311' has dtype incompatible with int64, please explicitly cast to a compatible dtype first.
  cis_enrichment_matrix.loc[row, col] /= (float(loop_anchors) * float(anchor_proportions[row]) * float(anchor_proportions[col])+1)
/mnt/altnas/work/Kyle.Knightly/chipseq-analysis/chip-scripts/pipeline.py:120: FutureWarning: Setting an item of incompatible dtype is deprecated and will raise an error in a future version of pandas. Value '4.583741805417032' has dtype incompatible with int64, please explicitly cast to a compatible dtype first.
  cis_enrichment_matrix.loc[row, col] /= (float(loop_anchors) * float(anchor_proportions[row]) * float(anchor_proportions[col])+1)
/mnt/altnas/work/Kyle.Knightly/chipseq-analysis/chip-scripts/pipeline.py:120: FutureWarning: Setting an item of incompatible dtype is deprecated and will raise an error in a future version of pandas. Value '1.9209331659457498' has dtype incompatible with int64, please explicitly cast to a compatible dtype first.
  cis_enrichment_matrix.loc[row, col] /= (float(loop_anchors) * float(anchor_proportions[row]) * float(anchor_proportions[col])+1)
/mnt/altnas/work/Kyle.Knightly/chipseq-analysis/chip-scripts/pipeline.py:120: FutureWarning: Setting an item of incompatible dtype is deprecated and will raise an error in a future version of pandas. Value '0.9429097121829412' has dtype incompatible with int64, please explicitly cast to a compatible dtype first.
  cis_enrichment_matrix.loc[row, col] /= (float(loop_anchors) * float(anchor_proportions[row]) * float(anchor_proportions[col])+1)
/mnt/altnas/work/Kyle.Knightly/chipseq-analysis/chip-scripts/pipeline.py:120: FutureWarning: Setting an item of incompatible dtype is deprecated and will raise an error in a future version of pandas. Value '2.915966266384173' has dtype incompatible with int64, please explicitly cast to a compatible dtype first.
  cis_enrichment_matrix.loc[row, col] /= (float(loop_anchors) * float(anchor_proportions[row]) * float(anchor_proportions[col])+1)
/mnt/altnas/work/Kyle.Knightly/chipseq-analysis/chip-scripts/pipeline.py:120: FutureWarning: Setting an item of incompatible dtype is deprecated and will raise an error in a future version of pandas. Value '4.679854899050756' has dtype incompatible with int64, please explicitly cast to a compatible dtype first.
  cis_enrichment_matrix.loc[row, col] /= (float(loop_anchors) * float(anchor_proportions[row]) * float(anchor_proportions[col])+1)
/mnt/altnas/work/Kyle.Knightly/chipseq-analysis/chip-scripts/pipeline.py:120: FutureWarning: Setting an item of incompatible dtype is deprecated and will raise an error in a future version of pandas. Value '5.781539802646584' has dtype incompatible with int64, please explicitly cast to a compatible dtype first.
  cis_enrichment_matrix.loc[row, col] /= (float(loop_anchors) * float(anchor_proportions[row]) * float(anchor_proportions[col])+1)
/mnt/altnas/work/Kyle.Knightly/chipseq-analysis/chip-scripts/pipeline.py:120: FutureWarning: Setting an item of incompatible dtype is deprecated and will raise an error in a future version of pandas. Value '4.075108612511454' has dtype incompatible with int64, please explicitly cast to a compatible dtype first.
  cis_enrichment_matrix.loc[row, col] /= (float(loop_anchors) * float(anchor_proportions[row]) * float(anchor_proportions[col])+1)
/mnt/altnas/work/Kyle.Knightly/chipseq-analysis/chip-scripts/pipeline.py:120: FutureWarning: Setting an item of incompatible dtype is deprecated and will raise an error in a future version of pandas. Value '3.2840958505939164' has dtype incompatible with int64, please explicitly cast to a compatible dtype first.
  cis_enrichment_matrix.loc[row, col] /= (float(loop_anchors) * float(anchor_proportions[row]) * float(anchor_proportions[col])+1)
/mnt/altnas/work/Kyle.Knightly/chipseq-analysis/chip-scripts/pipeline.py:120: FutureWarning: Setting an item of incompatible dtype is deprecated and will raise an error in a future version of pandas. Value '3.492229862379814' has dtype incompatible with int64, please explicitly cast to a compatible dtype first.
  cis_enrichment_matrix.loc[row, col] /= (float(loop_anchors) * float(anchor_proportions[row]) * float(anchor_proportions[col])+1)
/mnt/altnas/work/Kyle.Knightly/chipseq-analysis/chip-scripts/pipeline.py:120: FutureWarning: Setting an item of incompatible dtype is deprecated and will raise an error in a future version of pandas. Value '4.241219463734156' has dtype incompatible with int64, please explicitly cast to a compatible dtype first.
  cis_enrichment_matrix.loc[row, col] /= (float(loop_anchors) * float(anchor_proportions[row]) * float(anchor_proportions[col])+1)
/mnt/altnas/work/Kyle.Knightly/chipseq-analysis/chip-scripts/pipeline.py:120: FutureWarning: Setting an item of incompatible dtype is deprecated and will raise an error in a future version of pandas. Value '3.5573066349831883' has dtype incompatible with int64, please explicitly cast to a compatible dtype first.
  cis_enrichment_matrix.loc[row, col] /= (float(loop_anchors) * float(anchor_proportions[row]) * float(anchor_proportions[col])+1)
/mnt/altnas/work/Kyle.Knightly/chipseq-analysis/chip-scripts/pipeline.py:120: FutureWarning: Setting an item of incompatible dtype is deprecated and will raise an error in a future version of pandas. Value '4.760327112973228' has dtype incompatible with int64, please explicitly cast to a compatible dtype first.
  cis_enrichment_matrix.loc[row, col] /= (float(loop_anchors) * float(anchor_proportions[row]) * float(anchor_proportions[col])+1)
/mnt/altnas/work/Kyle.Knightly/chipseq-analysis/chip-scripts/pipeline.py:120: FutureWarning: Setting an item of incompatible dtype is deprecated and will raise an error in a future version of pandas. Value '1.5057171472443782' has dtype incompatible with int64, please explicitly cast to a compatible dtype first.
  cis_enrichment_matrix.loc[row, col] /= (float(loop_anchors) * float(anchor_proportions[row]) * float(anchor_proportions[col])+1)
/mnt/altnas/work/Kyle.Knightly/chipseq-analysis/chip-scripts/pipeline.py:120: FutureWarning: Setting an item of incompatible dtype is deprecated and will raise an error in a future version of pandas. Value '1.518160754150047' has dtype incompatible with int64, please explicitly cast to a compatible dtype first.
  cis_enrichment_matrix.loc[row, col] /= (float(loop_anchors) * float(anchor_proportions[row]) * float(anchor_proportions[col])+1)
/mnt/altnas/work/Kyle.Knightly/chipseq-analysis/chip-scripts/pipeline.py:120: FutureWarning: Setting an item of incompatible dtype is deprecated and will raise an error in a future version of pandas. Value '6.457932405760058' has dtype incompatible with int64, please explicitly cast to a compatible dtype first.
  cis_enrichment_matrix.loc[row, col] /= (float(loop_anchors) * float(anchor_proportions[row]) * float(anchor_proportions[col])+1)
/mnt/altnas/work/Kyle.Knightly/chipseq-analysis/chip-scripts/pipeline.py:120: FutureWarning: Setting an item of incompatible dtype is deprecated and will raise an error in a future version of pandas. Value '3.983482519499715' has dtype incompatible with int64, please explicitly cast to a compatible dtype first.
  cis_enrichment_matrix.loc[row, col] /= (float(loop_anchors) * float(anchor_proportions[row]) * float(anchor_proportions[col])+1)
/mnt/altnas/work/Kyle.Knightly/chipseq-analysis/chip-scripts/pipeline.py:120: FutureWarning: Setting an item of incompatible dtype is deprecated and will raise an error in a future version of pandas. Value '2.7250145595421973' has dtype incompatible with int64, please explicitly cast to a compatible dtype first.
  cis_enrichment_matrix.loc[row, col] /= (float(loop_anchors) * float(anchor_proportions[row]) * float(anchor_proportions[col])+1)
/mnt/altnas/work/Kyle.Knightly/chipseq-analysis/chip-scripts/pipeline.py:120: FutureWarning: Setting an item of incompatible dtype is deprecated and will raise an error in a future version of pandas. Value '3.0535915691110165' has dtype incompatible with int64, please explicitly cast to a compatible dtype first.
  cis_enrichment_matrix.loc[row, col] /= (float(loop_anchors) * float(anchor_proportions[row]) * float(anchor_proportions[col])+1)
/mnt/altnas/work/Kyle.Knightly/chipseq-analysis/chip-scripts/pipeline.py:120: FutureWarning: Setting an item of incompatible dtype is deprecated and will raise an error in a future version of pandas. Value '3.4551963270941024' has dtype incompatible with int64, please explicitly cast to a compatible dtype first.
  cis_enrichment_matrix.loc[row, col] /= (float(loop_anchors) * float(anchor_proportions[row]) * float(anchor_proportions[col])+1)
/mnt/altnas/work/Kyle.Knightly/chipseq-analysis/chip-scripts/pipeline.py:120: FutureWarning: Setting an item of incompatible dtype is deprecated and will raise an error in a future version of pandas. Value '3.1329437834854303' has dtype incompatible with int64, please explicitly cast to a compatible dtype first.
  cis_enrichment_matrix.loc[row, col] /= (float(loop_anchors) * float(anchor_proportions[row]) * float(anchor_proportions[col])+1)
/mnt/altnas/work/Kyle.Knightly/chipseq-analysis/chip-scripts/pipeline.py:120: FutureWarning: Setting an item of incompatible dtype is deprecated and will raise an error in a future version of pandas. Value '4.581333256139861' has dtype incompatible with int64, please explicitly cast to a compatible dtype first.
  cis_enrichment_matrix.loc[row, col] /= (float(loop_anchors) * float(anchor_proportions[row]) * float(anchor_proportions[col])+1)
/mnt/altnas/work/Kyle.Knightly/chipseq-analysis/chip-scripts/pipeline.py:120: FutureWarning: Setting an item of incompatible dtype is deprecated and will raise an error in a future version of pandas. Value '1.8222440461576235' has dtype incompatible with int64, please explicitly cast to a compatible dtype first.
  cis_enrichment_matrix.loc[row, col] /= (float(loop_anchors) * float(anchor_proportions[row]) * float(anchor_proportions[col])+1)
/mnt/altnas/work/Kyle.Knightly/chipseq-analysis/chip-scripts/pipeline.py:120: FutureWarning: Setting an item of incompatible dtype is deprecated and will raise an error in a future version of pandas. Value '1.8869767237978343' has dtype incompatible with int64, please explicitly cast to a compatible dtype first.
  cis_enrichment_matrix.loc[row, col] /= (float(loop_anchors) * float(anchor_proportions[row]) * float(anchor_proportions[col])+1)
/mnt/altnas/work/Kyle.Knightly/chipseq-analysis/chip-scripts/pipeline.py:120: FutureWarning: Setting an item of incompatible dtype is deprecated and will raise an error in a future version of pandas. Value '1.9489796149362193' has dtype incompatible with int64, please explicitly cast to a compatible dtype first.
  cis_enrichment_matrix.loc[row, col] /= (float(loop_anchors) * float(anchor_proportions[row]) * float(anchor_proportions[col])+1)
/mnt/altnas/work/Kyle.Knightly/chipseq-analysis/chip-scripts/pipeline.py:120: FutureWarning: Setting an item of incompatible dtype is deprecated and will raise an error in a future version of pandas. Value '5.036063579216647' has dtype incompatible with int64, please explicitly cast to a compatible dtype first.
  cis_enrichment_matrix.loc[row, col] /= (float(loop_anchors) * float(anchor_proportions[row]) * float(anchor_proportions[col])+1)
/mnt/altnas/work/Kyle.Knightly/chipseq-analysis/chip-scripts/pipeline.py:120: FutureWarning: Setting an item of incompatible dtype is deprecated and will raise an error in a future version of pandas. Value '1.9074416082069314' has dtype incompatible with int64, please explicitly cast to a compatible dtype first.
  cis_enrichment_matrix.loc[row, col] /= (float(loop_anchors) * float(anchor_proportions[row]) * float(anchor_proportions[col])+1)
/mnt/altnas/work/Kyle.Knightly/chipseq-analysis/chip-scripts/pipeline.py:120: FutureWarning: Setting an item of incompatible dtype is deprecated and will raise an error in a future version of pandas. Value '0.6619733904153826' has dtype incompatible with int64, please explicitly cast to a compatible dtype first.
  cis_enrichment_matrix.loc[row, col] /= (float(loop_anchors) * float(anchor_proportions[row]) * float(anchor_proportions[col])+1)
/mnt/altnas/work/Kyle.Knightly/chipseq-analysis/chip-scripts/pipeline.py:120: FutureWarning: Setting an item of incompatible dtype is deprecated and will raise an error in a future version of pandas. Value '3.305085080385993' has dtype incompatible with int64, please explicitly cast to a compatible dtype first.
  cis_enrichment_matrix.loc[row, col] /= (float(loop_anchors) * float(anchor_proportions[row]) * float(anchor_proportions[col])+1)
/mnt/altnas/work/Kyle.Knightly/chipseq-analysis/chip-scripts/pipeline.py:120: FutureWarning: Setting an item of incompatible dtype is deprecated and will raise an error in a future version of pandas. Value '3.204657248196116' has dtype incompatible with int64, please explicitly cast to a compatible dtype first.
  cis_enrichment_matrix.loc[row, col] /= (float(loop_anchors) * float(anchor_proportions[row]) * float(anchor_proportions[col])+1)
/mnt/altnas/work/Kyle.Knightly/chipseq-analysis/chip-scripts/pipeline.py:120: FutureWarning: Setting an item of incompatible dtype is deprecated and will raise an error in a future version of pandas. Value '4.6363296937901195' has dtype incompatible with int64, please explicitly cast to a compatible dtype first.
  cis_enrichment_matrix.loc[row, col] /= (float(loop_anchors) * float(anchor_proportions[row]) * float(anchor_proportions[col])+1)
/mnt/altnas/work/Kyle.Knightly/chipseq-analysis/chip-scripts/pipeline.py:120: FutureWarning: Setting an item of incompatible dtype is deprecated and will raise an error in a future version of pandas. Value '3.835448607674752' has dtype incompatible with int64, please explicitly cast to a compatible dtype first.
  cis_enrichment_matrix.loc[row, col] /= (float(loop_anchors) * float(anchor_proportions[row]) * float(anchor_proportions[col])+1)
/mnt/altnas/work/Kyle.Knightly/chipseq-analysis/chip-scripts/pipeline.py:120: FutureWarning: Setting an item of incompatible dtype is deprecated and will raise an error in a future version of pandas. Value '3.2964726268668474' has dtype incompatible with int64, please explicitly cast to a compatible dtype first.
  cis_enrichment_matrix.loc[row, col] /= (float(loop_anchors) * float(anchor_proportions[row]) * float(anchor_proportions[col])+1)
/mnt/altnas/work/Kyle.Knightly/chipseq-analysis/chip-scripts/pipeline.py:120: FutureWarning: Setting an item of incompatible dtype is deprecated and will raise an error in a future version of pandas. Value '2.3852338695240776' has dtype incompatible with int64, please explicitly cast to a compatible dtype first.
  cis_enrichment_matrix.loc[row, col] /= (float(loop_anchors) * float(anchor_proportions[row]) * float(anchor_proportions[col])+1)
/mnt/altnas/work/Kyle.Knightly/chipseq-analysis/chip-scripts/pipeline.py:120: FutureWarning: Setting an item of incompatible dtype is deprecated and will raise an error in a future version of pandas. Value '3.2757169257527994' has dtype incompatible with int64, please explicitly cast to a compatible dtype first.
  cis_enrichment_matrix.loc[row, col] /= (float(loop_anchors) * float(anchor_proportions[row]) * float(anchor_proportions[col])+1)
/mnt/altnas/work/Kyle.Knightly/chipseq-analysis/chip-scripts/pipeline.py:120: FutureWarning: Setting an item of incompatible dtype is deprecated and will raise an error in a future version of pandas. Value '3.768002640937533' has dtype incompatible with int64, please explicitly cast to a compatible dtype first.
  cis_enrichment_matrix.loc[row, col] /= (float(loop_anchors) * float(anchor_proportions[row]) * float(anchor_proportions[col])+1)
/mnt/altnas/work/Kyle.Knightly/chipseq-analysis/chip-scripts/pipeline.py:120: FutureWarning: Setting an item of incompatible dtype is deprecated and will raise an error in a future version of pandas. Value '4.022325037916566' has dtype incompatible with int64, please explicitly cast to a compatible dtype first.
  cis_enrichment_matrix.loc[row, col] /= (float(loop_anchors) * float(anchor_proportions[row]) * float(anchor_proportions[col])+1)
/mnt/altnas/work/Kyle.Knightly/chipseq-analysis/chip-scripts/pipeline.py:120: FutureWarning: Setting an item of incompatible dtype is deprecated and will raise an error in a future version of pandas. Value '2.2409711937155605' has dtype incompatible with int64, please explicitly cast to a compatible dtype first.
  cis_enrichment_matrix.loc[row, col] /= (float(loop_anchors) * float(anchor_proportions[row]) * float(anchor_proportions[col])+1)
/mnt/altnas/work/Kyle.Knightly/chipseq-analysis/chip-scripts/pipeline.py:120: FutureWarning: Setting an item of incompatible dtype is deprecated and will raise an error in a future version of pandas. Value '4.456746186836595' has dtype incompatible with int64, please explicitly cast to a compatible dtype first.
  cis_enrichment_matrix.loc[row, col] /= (float(loop_anchors) * float(anchor_proportions[row]) * float(anchor_proportions[col])+1)
/mnt/altnas/work/Kyle.Knightly/chipseq-analysis/chip-scripts/pipeline.py:120: FutureWarning: Setting an item of incompatible dtype is deprecated and will raise an error in a future version of pandas. Value '5.069643006917882' has dtype incompatible with int64, please explicitly cast to a compatible dtype first.
  cis_enrichment_matrix.loc[row, col] /= (float(loop_anchors) * float(anchor_proportions[row]) * float(anchor_proportions[col])+1)
/mnt/altnas/work/Kyle.Knightly/chipseq-analysis/chip-scripts/pipeline.py:120: FutureWarning: Setting an item of incompatible dtype is deprecated and will raise an error in a future version of pandas. Value '2.546090453846457' has dtype incompatible with int64, please explicitly cast to a compatible dtype first.
  cis_enrichment_matrix.loc[row, col] /= (float(loop_anchors) * float(anchor_proportions[row]) * float(anchor_proportions[col])+1)
/mnt/altnas/work/Kyle.Knightly/chipseq-analysis/chip-scripts/pipeline.py:120: FutureWarning: Setting an item of incompatible dtype is deprecated and will raise an error in a future version of pandas. Value '3.3474837822238652' has dtype incompatible with int64, please explicitly cast to a compatible dtype first.
  cis_enrichment_matrix.loc[row, col] /= (float(loop_anchors) * float(anchor_proportions[row]) * float(anchor_proportions[col])+1)
/mnt/altnas/work/Kyle.Knightly/chipseq-analysis/chip-scripts/pipeline.py:120: FutureWarning: Setting an item of incompatible dtype is deprecated and will raise an error in a future version of pandas. Value '1.2279806935268547' has dtype incompatible with int64, please explicitly cast to a compatible dtype first.
  cis_enrichment_matrix.loc[row, col] /= (float(loop_anchors) * float(anchor_proportions[row]) * float(anchor_proportions[col])+1)
/mnt/altnas/work/Kyle.Knightly/chipseq-analysis/chip-scripts/pipeline.py:120: FutureWarning: Setting an item of incompatible dtype is deprecated and will raise an error in a future version of pandas. Value '1.8569407298766285' has dtype incompatible with int64, please explicitly cast to a compatible dtype first.
  cis_enrichment_matrix.loc[row, col] /= (float(loop_anchors) * float(anchor_proportions[row]) * float(anchor_proportions[col])+1)
/mnt/altnas/work/Kyle.Knightly/chipseq-analysis/chip-scripts/pipeline.py:120: FutureWarning: Setting an item of incompatible dtype is deprecated and will raise an error in a future version of pandas. Value '1.6537856707457625' has dtype incompatible with int64, please explicitly cast to a compatible dtype first.
  cis_enrichment_matrix.loc[row, col] /= (float(loop_anchors) * float(anchor_proportions[row]) * float(anchor_proportions[col])+1)
/mnt/altnas/work/Kyle.Knightly/chipseq-analysis/chip-scripts/pipeline.py:120: FutureWarning: Setting an item of incompatible dtype is deprecated and will raise an error in a future version of pandas. Value '2.749256530435292' has dtype incompatible with int64, please explicitly cast to a compatible dtype first.
  cis_enrichment_matrix.loc[row, col] /= (float(loop_anchors) * float(anchor_proportions[row]) * float(anchor_proportions[col])+1)
/mnt/altnas/work/Kyle.Knightly/chipseq-analysis/chip-scripts/pipeline.py:120: FutureWarning: Setting an item of incompatible dtype is deprecated and will raise an error in a future version of pandas. Value '2.0970868110811605' has dtype incompatible with int64, please explicitly cast to a compatible dtype first.
  cis_enrichment_matrix.loc[row, col] /= (float(loop_anchors) * float(anchor_proportions[row]) * float(anchor_proportions[col])+1)
/mnt/altnas/work/Kyle.Knightly/chipseq-analysis/chip-scripts/pipeline.py:120: FutureWarning: Setting an item of incompatible dtype is deprecated and will raise an error in a future version of pandas. Value '3.323793355851798' has dtype incompatible with int64, please explicitly cast to a compatible dtype first.
  cis_enrichment_matrix.loc[row, col] /= (float(loop_anchors) * float(anchor_proportions[row]) * float(anchor_proportions[col])+1)
/mnt/altnas/work/Kyle.Knightly/chipseq-analysis/chip-scripts/pipeline.py:120: FutureWarning: Setting an item of incompatible dtype is deprecated and will raise an error in a future version of pandas. Value '3.373418989023696' has dtype incompatible with int64, please explicitly cast to a compatible dtype first.
  cis_enrichment_matrix.loc[row, col] /= (float(loop_anchors) * float(anchor_proportions[row]) * float(anchor_proportions[col])+1)
/mnt/altnas/work/Kyle.Knightly/chipseq-analysis/chip-scripts/pipeline.py:120: FutureWarning: Setting an item of incompatible dtype is deprecated and will raise an error in a future version of pandas. Value '4.14959622322313' has dtype incompatible with int64, please explicitly cast to a compatible dtype first.
  cis_enrichment_matrix.loc[row, col] /= (float(loop_anchors) * float(anchor_proportions[row]) * float(anchor_proportions[col])+1)
/mnt/altnas/work/Kyle.Knightly/chipseq-analysis/chip-scripts/pipeline.py:120: FutureWarning: Setting an item of incompatible dtype is deprecated and will raise an error in a future version of pandas. Value '3.230630147994375' has dtype incompatible with int64, please explicitly cast to a compatible dtype first.
  cis_enrichment_matrix.loc[row, col] /= (float(loop_anchors) * float(anchor_proportions[row]) * float(anchor_proportions[col])+1)
/mnt/altnas/work/Kyle.Knightly/chipseq-analysis/chip-scripts/pipeline.py:120: FutureWarning: Setting an item of incompatible dtype is deprecated and will raise an error in a future version of pandas. Value '1.5711758622787273' has dtype incompatible with int64, please explicitly cast to a compatible dtype first.
  cis_enrichment_matrix.loc[row, col] /= (float(loop_anchors) * float(anchor_proportions[row]) * float(anchor_proportions[col])+1)
/mnt/altnas/work/Kyle.Knightly/chipseq-analysis/chip-scripts/pipeline.py:120: FutureWarning: Setting an item of incompatible dtype is deprecated and will raise an error in a future version of pandas. Value '1.5879605834282187' has dtype incompatible with int64, please explicitly cast to a compatible dtype first.
  cis_enrichment_matrix.loc[row, col] /= (float(loop_anchors) * float(anchor_proportions[row]) * float(anchor_proportions[col])+1)
/mnt/altnas/work/Kyle.Knightly/chipseq-analysis/chip-scripts/pipeline.py:120: FutureWarning: Setting an item of incompatible dtype is deprecated and will raise an error in a future version of pandas. Value '5.209719542922978' has dtype incompatible with int64, please explicitly cast to a compatible dtype first.
  cis_enrichment_matrix.loc[row, col] /= (float(loop_anchors) * float(anchor_proportions[row]) * float(anchor_proportions[col])+1)
/mnt/altnas/work/Kyle.Knightly/chipseq-analysis/chip-scripts/pipeline.py:120: FutureWarning: Setting an item of incompatible dtype is deprecated and will raise an error in a future version of pandas. Value '4.240772050719703' has dtype incompatible with int64, please explicitly cast to a compatible dtype first.
  cis_enrichment_matrix.loc[row, col] /= (float(loop_anchors) * float(anchor_proportions[row]) * float(anchor_proportions[col])+1)
/mnt/altnas/work/Kyle.Knightly/chipseq-analysis/chip-scripts/pipeline.py:120: FutureWarning: Setting an item of incompatible dtype is deprecated and will raise an error in a future version of pandas. Value '2.3701667192787976' has dtype incompatible with int64, please explicitly cast to a compatible dtype first.
  cis_enrichment_matrix.loc[row, col] /= (float(loop_anchors) * float(anchor_proportions[row]) * float(anchor_proportions[col])+1)
/mnt/altnas/work/Kyle.Knightly/chipseq-analysis/chip-scripts/pipeline.py:120: FutureWarning: Setting an item of incompatible dtype is deprecated and will raise an error in a future version of pandas. Value '1.6542305317658152' has dtype incompatible with int64, please explicitly cast to a compatible dtype first.
  cis_enrichment_matrix.loc[row, col] /= (float(loop_anchors) * float(anchor_proportions[row]) * float(anchor_proportions[col])+1)
/mnt/altnas/work/Kyle.Knightly/chipseq-analysis/chip-scripts/pipeline.py:120: FutureWarning: Setting an item of incompatible dtype is deprecated and will raise an error in a future version of pandas. Value '4.306288732500038' has dtype incompatible with int64, please explicitly cast to a compatible dtype first.
  cis_enrichment_matrix.loc[row, col] /= (float(loop_anchors) * float(anchor_proportions[row]) * float(anchor_proportions[col])+1)
/mnt/altnas/work/Kyle.Knightly/chipseq-analysis/chip-scripts/pipeline.py:120: FutureWarning: Setting an item of incompatible dtype is deprecated and will raise an error in a future version of pandas. Value '4.348151069149254' has dtype incompatible with int64, please explicitly cast to a compatible dtype first.
  cis_enrichment_matrix.loc[row, col] /= (float(loop_anchors) * float(anchor_proportions[row]) * float(anchor_proportions[col])+1)
/mnt/altnas/work/Kyle.Knightly/chipseq-analysis/chip-scripts/pipeline.py:120: FutureWarning: Setting an item of incompatible dtype is deprecated and will raise an error in a future version of pandas. Value '4.507425101108595' has dtype incompatible with int64, please explicitly cast to a compatible dtype first.
  cis_enrichment_matrix.loc[row, col] /= (float(loop_anchors) * float(anchor_proportions[row]) * float(anchor_proportions[col])+1)
/mnt/altnas/work/Kyle.Knightly/chipseq-analysis/chip-scripts/pipeline.py:120: FutureWarning: Setting an item of incompatible dtype is deprecated and will raise an error in a future version of pandas. Value '1.8391537284992865' has dtype incompatible with int64, please explicitly cast to a compatible dtype first.
  cis_enrichment_matrix.loc[row, col] /= (float(loop_anchors) * float(anchor_proportions[row]) * float(anchor_proportions[col])+1)
/mnt/altnas/work/Kyle.Knightly/chipseq-analysis/chip-scripts/pipeline.py:120: FutureWarning: Setting an item of incompatible dtype is deprecated and will raise an error in a future version of pandas. Value '6.202296922884077' has dtype incompatible with int64, please explicitly cast to a compatible dtype first.
  cis_enrichment_matrix.loc[row, col] /= (float(loop_anchors) * float(anchor_proportions[row]) * float(anchor_proportions[col])+1)
/mnt/altnas/work/Kyle.Knightly/chipseq-analysis/chip-scripts/pipeline.py:120: FutureWarning: Setting an item of incompatible dtype is deprecated and will raise an error in a future version of pandas. Value '2.39979038989709' has dtype incompatible with int64, please explicitly cast to a compatible dtype first.
  cis_enrichment_matrix.loc[row, col] /= (float(loop_anchors) * float(anchor_proportions[row]) * float(anchor_proportions[col])+1)
/mnt/altnas/work/Kyle.Knightly/chipseq-analysis/chip-scripts/pipeline.py:120: FutureWarning: Setting an item of incompatible dtype is deprecated and will raise an error in a future version of pandas. Value '2.5100299898738014' has dtype incompatible with int64, please explicitly cast to a compatible dtype first.
  cis_enrichment_matrix.loc[row, col] /= (float(loop_anchors) * float(anchor_proportions[row]) * float(anchor_proportions[col])+1)
/mnt/altnas/work/Kyle.Knightly/chipseq-analysis/chip-scripts/pipeline.py:120: FutureWarning: Setting an item of incompatible dtype is deprecated and will raise an error in a future version of pandas. Value '2.902406135033561' has dtype incompatible with int64, please explicitly cast to a compatible dtype first.
  cis_enrichment_matrix.loc[row, col] /= (float(loop_anchors) * float(anchor_proportions[row]) * float(anchor_proportions[col])+1)
/mnt/altnas/work/Kyle.Knightly/chipseq-analysis/chip-scripts/pipeline.py:120: FutureWarning: Setting an item of incompatible dtype is deprecated and will raise an error in a future version of pandas. Value '3.7749372602416478' has dtype incompatible with int64, please explicitly cast to a compatible dtype first.
  cis_enrichment_matrix.loc[row, col] /= (float(loop_anchors) * float(anchor_proportions[row]) * float(anchor_proportions[col])+1)
/mnt/altnas/work/Kyle.Knightly/chipseq-analysis/chip-scripts/pipeline.py:120: FutureWarning: Setting an item of incompatible dtype is deprecated and will raise an error in a future version of pandas. Value '0.78174554171358' has dtype incompatible with int64, please explicitly cast to a compatible dtype first.
  cis_enrichment_matrix.loc[row, col] /= (float(loop_anchors) * float(anchor_proportions[row]) * float(anchor_proportions[col])+1)
/mnt/altnas/work/Kyle.Knightly/chipseq-analysis/chip-scripts/pipeline.py:120: FutureWarning: Setting an item of incompatible dtype is deprecated and will raise an error in a future version of pandas. Value '3.6451481085309765' has dtype incompatible with int64, please explicitly cast to a compatible dtype first.
  cis_enrichment_matrix.loc[row, col] /= (float(loop_anchors) * float(anchor_proportions[row]) * float(anchor_proportions[col])+1)
/mnt/altnas/work/Kyle.Knightly/chipseq-analysis/chip-scripts/pipeline.py:120: FutureWarning: Setting an item of incompatible dtype is deprecated and will raise an error in a future version of pandas. Value '1.5264168159876697' has dtype incompatible with int64, please explicitly cast to a compatible dtype first.
  cis_enrichment_matrix.loc[row, col] /= (float(loop_anchors) * float(anchor_proportions[row]) * float(anchor_proportions[col])+1)
/mnt/altnas/work/Kyle.Knightly/chipseq-analysis/chip-scripts/pipeline.py:120: FutureWarning: Setting an item of incompatible dtype is deprecated and will raise an error in a future version of pandas. Value '2.5777976245470318' has dtype incompatible with int64, please explicitly cast to a compatible dtype first.
  cis_enrichment_matrix.loc[row, col] /= (float(loop_anchors) * float(anchor_proportions[row]) * float(anchor_proportions[col])+1)
/mnt/altnas/work/Kyle.Knightly/chipseq-analysis/chip-scripts/pipeline.py:120: FutureWarning: Setting an item of incompatible dtype is deprecated and will raise an error in a future version of pandas. Value '4.829850399974935' has dtype incompatible with int64, please explicitly cast to a compatible dtype first.
  cis_enrichment_matrix.loc[row, col] /= (float(loop_anchors) * float(anchor_proportions[row]) * float(anchor_proportions[col])+1)
/mnt/altnas/work/Kyle.Knightly/chipseq-analysis/chip-scripts/pipeline.py:120: FutureWarning: Setting an item of incompatible dtype is deprecated and will raise an error in a future version of pandas. Value '1.8572211316521778' has dtype incompatible with int64, please explicitly cast to a compatible dtype first.
  cis_enrichment_matrix.loc[row, col] /= (float(loop_anchors) * float(anchor_proportions[row]) * float(anchor_proportions[col])+1)
/mnt/altnas/work/Kyle.Knightly/chipseq-analysis/chip-scripts/pipeline.py:120: FutureWarning: Setting an item of incompatible dtype is deprecated and will raise an error in a future version of pandas. Value '2.819037191100121' has dtype incompatible with int64, please explicitly cast to a compatible dtype first.
  cis_enrichment_matrix.loc[row, col] /= (float(loop_anchors) * float(anchor_proportions[row]) * float(anchor_proportions[col])+1)
/mnt/altnas/work/Kyle.Knightly/chipseq-analysis/chip-scripts/pipeline.py:120: FutureWarning: Setting an item of incompatible dtype is deprecated and will raise an error in a future version of pandas. Value '2.3758684407473396' has dtype incompatible with int64, please explicitly cast to a compatible dtype first.
  cis_enrichment_matrix.loc[row, col] /= (float(loop_anchors) * float(anchor_proportions[row]) * float(anchor_proportions[col])+1)
/mnt/altnas/work/Kyle.Knightly/chipseq-analysis/chip-scripts/pipeline.py:120: FutureWarning: Setting an item of incompatible dtype is deprecated and will raise an error in a future version of pandas. Value '5.462947656730204' has dtype incompatible with int64, please explicitly cast to a compatible dtype first.
  cis_enrichment_matrix.loc[row, col] /= (float(loop_anchors) * float(anchor_proportions[row]) * float(anchor_proportions[col])+1)
/mnt/altnas/work/Kyle.Knightly/chipseq-analysis/chip-scripts/pipeline.py:120: FutureWarning: Setting an item of incompatible dtype is deprecated and will raise an error in a future version of pandas. Value '1.3729802828401385' has dtype incompatible with int64, please explicitly cast to a compatible dtype first.
  cis_enrichment_matrix.loc[row, col] /= (float(loop_anchors) * float(anchor_proportions[row]) * float(anchor_proportions[col])+1)
/mnt/altnas/work/Kyle.Knightly/chipseq-analysis/chip-scripts/pipeline.py:120: FutureWarning: Setting an item of incompatible dtype is deprecated and will raise an error in a future version of pandas. Value '1.7241200689953486' has dtype incompatible with int64, please explicitly cast to a compatible dtype first.
  cis_enrichment_matrix.loc[row, col] /= (float(loop_anchors) * float(anchor_proportions[row]) * float(anchor_proportions[col])+1)
/mnt/altnas/work/Kyle.Knightly/chipseq-analysis/chip-scripts/pipeline.py:120: FutureWarning: Setting an item of incompatible dtype is deprecated and will raise an error in a future version of pandas. Value '7.683788540081419' has dtype incompatible with int64, please explicitly cast to a compatible dtype first.
  cis_enrichment_matrix.loc[row, col] /= (float(loop_anchors) * float(anchor_proportions[row]) * float(anchor_proportions[col])+1)
/mnt/altnas/work/Kyle.Knightly/chipseq-analysis/chip-scripts/pipeline.py:120: FutureWarning: Setting an item of incompatible dtype is deprecated and will raise an error in a future version of pandas. Value '1.335264741462204' has dtype incompatible with int64, please explicitly cast to a compatible dtype first.
  cis_enrichment_matrix.loc[row, col] /= (float(loop_anchors) * float(anchor_proportions[row]) * float(anchor_proportions[col])+1)
/mnt/altnas/work/Kyle.Knightly/chipseq-analysis/chip-scripts/pipeline.py:120: FutureWarning: Setting an item of incompatible dtype is deprecated and will raise an error in a future version of pandas. Value '3.5868997227845587' has dtype incompatible with int64, please explicitly cast to a compatible dtype first.
  cis_enrichment_matrix.loc[row, col] /= (float(loop_anchors) * float(anchor_proportions[row]) * float(anchor_proportions[col])+1)
/mnt/altnas/work/Kyle.Knightly/chipseq-analysis/chip-scripts/pipeline.py:120: FutureWarning: Setting an item of incompatible dtype is deprecated and will raise an error in a future version of pandas. Value '7.999490451623607' has dtype incompatible with int64, please explicitly cast to a compatible dtype first.
  cis_enrichment_matrix.loc[row, col] /= (float(loop_anchors) * float(anchor_proportions[row]) * float(anchor_proportions[col])+1)
/mnt/altnas/work/Kyle.Knightly/chipseq-analysis/chip-scripts/pipeline.py:120: FutureWarning: Setting an item of incompatible dtype is deprecated and will raise an error in a future version of pandas. Value '3.7117642943226734' has dtype incompatible with int64, please explicitly cast to a compatible dtype first.
  cis_enrichment_matrix.loc[row, col] /= (float(loop_anchors) * float(anchor_proportions[row]) * float(anchor_proportions[col])+1)
/mnt/altnas/work/Kyle.Knightly/chipseq-analysis/chip-scripts/pipeline.py:120: FutureWarning: Setting an item of incompatible dtype is deprecated and will raise an error in a future version of pandas. Value '3.7399269613094384' has dtype incompatible with int64, please explicitly cast to a compatible dtype first.
  cis_enrichment_matrix.loc[row, col] /= (float(loop_anchors) * float(anchor_proportions[row]) * float(anchor_proportions[col])+1)
/mnt/altnas/work/Kyle.Knightly/chipseq-analysis/chip-scripts/pipeline.py:120: FutureWarning: Setting an item of incompatible dtype is deprecated and will raise an error in a future version of pandas. Value '4.242656930661626' has dtype incompatible with int64, please explicitly cast to a compatible dtype first.
  cis_enrichment_matrix.loc[row, col] /= (float(loop_anchors) * float(anchor_proportions[row]) * float(anchor_proportions[col])+1)
/mnt/altnas/work/Kyle.Knightly/chipseq-analysis/chip-scripts/pipeline.py:120: FutureWarning: Setting an item of incompatible dtype is deprecated and will raise an error in a future version of pandas. Value '3.9150359652749076' has dtype incompatible with int64, please explicitly cast to a compatible dtype first.
  cis_enrichment_matrix.loc[row, col] /= (float(loop_anchors) * float(anchor_proportions[row]) * float(anchor_proportions[col])+1)
/mnt/altnas/work/Kyle.Knightly/chipseq-analysis/chip-scripts/pipeline.py:120: FutureWarning: Setting an item of incompatible dtype is deprecated and will raise an error in a future version of pandas. Value '2.0970868110811605' has dtype incompatible with int64, please explicitly cast to a compatible dtype first.
  cis_enrichment_matrix.loc[row, col] /= (float(loop_anchors) * float(anchor_proportions[row]) * float(anchor_proportions[col])+1)
/mnt/altnas/work/Kyle.Knightly/chipseq-analysis/chip-scripts/pipeline.py:120: FutureWarning: Setting an item of incompatible dtype is deprecated and will raise an error in a future version of pandas. Value '2.053627880646003' has dtype incompatible with int64, please explicitly cast to a compatible dtype first.
  cis_enrichment_matrix.loc[row, col] /= (float(loop_anchors) * float(anchor_proportions[row]) * float(anchor_proportions[col])+1)
/mnt/altnas/work/Kyle.Knightly/chipseq-analysis/chip-scripts/pipeline.py:120: FutureWarning: Setting an item of incompatible dtype is deprecated and will raise an error in a future version of pandas. Value '2.078108405584413' has dtype incompatible with int64, please explicitly cast to a compatible dtype first.
  cis_enrichment_matrix.loc[row, col] /= (float(loop_anchors) * float(anchor_proportions[row]) * float(anchor_proportions[col])+1)
/mnt/altnas/work/Kyle.Knightly/chipseq-analysis/chip-scripts/pipeline.py:120: FutureWarning: Setting an item of incompatible dtype is deprecated and will raise an error in a future version of pandas. Value '3.5763554353536042' has dtype incompatible with int64, please explicitly cast to a compatible dtype first.
  cis_enrichment_matrix.loc[row, col] /= (float(loop_anchors) * float(anchor_proportions[row]) * float(anchor_proportions[col])+1)
/mnt/altnas/work/Kyle.Knightly/chipseq-analysis/chip-scripts/pipeline.py:120: FutureWarning: Setting an item of incompatible dtype is deprecated and will raise an error in a future version of pandas. Value '0.8337455846357591' has dtype incompatible with int64, please explicitly cast to a compatible dtype first.
  cis_enrichment_matrix.loc[row, col] /= (float(loop_anchors) * float(anchor_proportions[row]) * float(anchor_proportions[col])+1)
/mnt/altnas/work/Kyle.Knightly/chipseq-analysis/chip-scripts/pipeline.py:120: FutureWarning: Setting an item of incompatible dtype is deprecated and will raise an error in a future version of pandas. Value '5.038287491869461' has dtype incompatible with int64, please explicitly cast to a compatible dtype first.
  cis_enrichment_matrix.loc[row, col] /= (float(loop_anchors) * float(anchor_proportions[row]) * float(anchor_proportions[col])+1)
/mnt/altnas/work/Kyle.Knightly/chipseq-analysis/chip-scripts/pipeline.py:120: FutureWarning: Setting an item of incompatible dtype is deprecated and will raise an error in a future version of pandas. Value '2.509666105434007' has dtype incompatible with int64, please explicitly cast to a compatible dtype first.
  cis_enrichment_matrix.loc[row, col] /= (float(loop_anchors) * float(anchor_proportions[row]) * float(anchor_proportions[col])+1)
/mnt/altnas/work/Kyle.Knightly/chipseq-analysis/chip-scripts/pipeline.py:120: FutureWarning: Setting an item of incompatible dtype is deprecated and will raise an error in a future version of pandas. Value '3.486945702676957' has dtype incompatible with int64, please explicitly cast to a compatible dtype first.
  cis_enrichment_matrix.loc[row, col] /= (float(loop_anchors) * float(anchor_proportions[row]) * float(anchor_proportions[col])+1)
/mnt/altnas/work/Kyle.Knightly/chipseq-analysis/chip-scripts/pipeline.py:120: FutureWarning: Setting an item of incompatible dtype is deprecated and will raise an error in a future version of pandas. Value '5.278266874036023' has dtype incompatible with int64, please explicitly cast to a compatible dtype first.
  cis_enrichment_matrix.loc[row, col] /= (float(loop_anchors) * float(anchor_proportions[row]) * float(anchor_proportions[col])+1)
/mnt/altnas/work/Kyle.Knightly/chipseq-analysis/chip-scripts/pipeline.py:120: FutureWarning: Setting an item of incompatible dtype is deprecated and will raise an error in a future version of pandas. Value '28.40545865126012' has dtype incompatible with int64, please explicitly cast to a compatible dtype first.
  cis_enrichment_matrix.loc[row, col] /= (float(loop_anchors) * float(anchor_proportions[row]) * float(anchor_proportions[col])+1)
/mnt/altnas/work/Kyle.Knightly/chipseq-analysis/chip-scripts/pipeline.py:120: FutureWarning: Setting an item of incompatible dtype is deprecated and will raise an error in a future version of pandas. Value '2.939294438965177' has dtype incompatible with int64, please explicitly cast to a compatible dtype first.
  cis_enrichment_matrix.loc[row, col] /= (float(loop_anchors) * float(anchor_proportions[row]) * float(anchor_proportions[col])+1)
/mnt/altnas/work/Kyle.Knightly/chipseq-analysis/chip-scripts/pipeline.py:120: FutureWarning: Setting an item of incompatible dtype is deprecated and will raise an error in a future version of pandas. Value '3.311086412251318' has dtype incompatible with int64, please explicitly cast to a compatible dtype first.
  cis_enrichment_matrix.loc[row, col] /= (float(loop_anchors) * float(anchor_proportions[row]) * float(anchor_proportions[col])+1)
/mnt/altnas/work/Kyle.Knightly/chipseq-analysis/chip-scripts/pipeline.py:120: FutureWarning: Setting an item of incompatible dtype is deprecated and will raise an error in a future version of pandas. Value '5.659191209819803' has dtype incompatible with int64, please explicitly cast to a compatible dtype first.
  cis_enrichment_matrix.loc[row, col] /= (float(loop_anchors) * float(anchor_proportions[row]) * float(anchor_proportions[col])+1)
/mnt/altnas/work/Kyle.Knightly/chipseq-analysis/chip-scripts/pipeline.py:120: FutureWarning: Setting an item of incompatible dtype is deprecated and will raise an error in a future version of pandas. Value '4.092473184725335' has dtype incompatible with int64, please explicitly cast to a compatible dtype first.
  cis_enrichment_matrix.loc[row, col] /= (float(loop_anchors) * float(anchor_proportions[row]) * float(anchor_proportions[col])+1)
/mnt/altnas/work/Kyle.Knightly/chipseq-analysis/chip-scripts/pipeline.py:120: FutureWarning: Setting an item of incompatible dtype is deprecated and will raise an error in a future version of pandas. Value '1.9632174542270435' has dtype incompatible with int64, please explicitly cast to a compatible dtype first.
  cis_enrichment_matrix.loc[row, col] /= (float(loop_anchors) * float(anchor_proportions[row]) * float(anchor_proportions[col])+1)
/mnt/altnas/work/Kyle.Knightly/chipseq-analysis/chip-scripts/pipeline.py:120: FutureWarning: Setting an item of incompatible dtype is deprecated and will raise an error in a future version of pandas. Value '0.9647731704146627' has dtype incompatible with int64, please explicitly cast to a compatible dtype first.
  cis_enrichment_matrix.loc[row, col] /= (float(loop_anchors) * float(anchor_proportions[row]) * float(anchor_proportions[col])+1)
/mnt/altnas/work/Kyle.Knightly/chipseq-analysis/chip-scripts/pipeline.py:120: FutureWarning: Setting an item of incompatible dtype is deprecated and will raise an error in a future version of pandas. Value '1.615070327946964' has dtype incompatible with int64, please explicitly cast to a compatible dtype first.
  cis_enrichment_matrix.loc[row, col] /= (float(loop_anchors) * float(anchor_proportions[row]) * float(anchor_proportions[col])+1)
/mnt/altnas/work/Kyle.Knightly/chipseq-analysis/chip-scripts/pipeline.py:120: FutureWarning: Setting an item of incompatible dtype is deprecated and will raise an error in a future version of pandas. Value '4.90405224148213' has dtype incompatible with int64, please explicitly cast to a compatible dtype first.
  cis_enrichment_matrix.loc[row, col] /= (float(loop_anchors) * float(anchor_proportions[row]) * float(anchor_proportions[col])+1)
/mnt/altnas/work/Kyle.Knightly/chipseq-analysis/chip-scripts/pipeline.py:120: FutureWarning: Setting an item of incompatible dtype is deprecated and will raise an error in a future version of pandas. Value '4.792962439622817' has dtype incompatible with int64, please explicitly cast to a compatible dtype first.
  cis_enrichment_matrix.loc[row, col] /= (float(loop_anchors) * float(anchor_proportions[row]) * float(anchor_proportions[col])+1)
/mnt/altnas/work/Kyle.Knightly/chipseq-analysis/chip-scripts/pipeline.py:120: FutureWarning: Setting an item of incompatible dtype is deprecated and will raise an error in a future version of pandas. Value '3.1274592426840253' has dtype incompatible with int64, please explicitly cast to a compatible dtype first.
  cis_enrichment_matrix.loc[row, col] /= (float(loop_anchors) * float(anchor_proportions[row]) * float(anchor_proportions[col])+1)
/mnt/altnas/work/Kyle.Knightly/chipseq-analysis/chip-scripts/pipeline.py:120: FutureWarning: Setting an item of incompatible dtype is deprecated and will raise an error in a future version of pandas. Value '3.751203788385538' has dtype incompatible with int64, please explicitly cast to a compatible dtype first.
  cis_enrichment_matrix.loc[row, col] /= (float(loop_anchors) * float(anchor_proportions[row]) * float(anchor_proportions[col])+1)
/mnt/altnas/work/Kyle.Knightly/chipseq-analysis/chip-scripts/pipeline.py:120: FutureWarning: Setting an item of incompatible dtype is deprecated and will raise an error in a future version of pandas. Value '5.6817777012091515' has dtype incompatible with int64, please explicitly cast to a compatible dtype first.
  cis_enrichment_matrix.loc[row, col] /= (float(loop_anchors) * float(anchor_proportions[row]) * float(anchor_proportions[col])+1)
/mnt/altnas/work/Kyle.Knightly/chipseq-analysis/chip-scripts/pipeline.py:120: FutureWarning: Setting an item of incompatible dtype is deprecated and will raise an error in a future version of pandas. Value '5.306306190813822' has dtype incompatible with int64, please explicitly cast to a compatible dtype first.
  cis_enrichment_matrix.loc[row, col] /= (float(loop_anchors) * float(anchor_proportions[row]) * float(anchor_proportions[col])+1)
/mnt/altnas/work/Kyle.Knightly/chipseq-analysis/chip-scripts/pipeline.py:120: FutureWarning: Setting an item of incompatible dtype is deprecated and will raise an error in a future version of pandas. Value '2.7192239956944797' has dtype incompatible with int64, please explicitly cast to a compatible dtype first.
  cis_enrichment_matrix.loc[row, col] /= (float(loop_anchors) * float(anchor_proportions[row]) * float(anchor_proportions[col])+1)
/mnt/altnas/work/Kyle.Knightly/chipseq-analysis/chip-scripts/pipeline.py:120: FutureWarning: Setting an item of incompatible dtype is deprecated and will raise an error in a future version of pandas. Value '6.283059969714109' has dtype incompatible with int64, please explicitly cast to a compatible dtype first.
  cis_enrichment_matrix.loc[row, col] /= (float(loop_anchors) * float(anchor_proportions[row]) * float(anchor_proportions[col])+1)
/mnt/altnas/work/Kyle.Knightly/chipseq-analysis/chip-scripts/pipeline.py:120: FutureWarning: Setting an item of incompatible dtype is deprecated and will raise an error in a future version of pandas. Value '4.963802006940716' has dtype incompatible with int64, please explicitly cast to a compatible dtype first.
  cis_enrichment_matrix.loc[row, col] /= (float(loop_anchors) * float(anchor_proportions[row]) * float(anchor_proportions[col])+1)
/mnt/altnas/work/Kyle.Knightly/chipseq-analysis/chip-scripts/pipeline.py:120: FutureWarning: Setting an item of incompatible dtype is deprecated and will raise an error in a future version of pandas. Value '3.065406824595547' has dtype incompatible with int64, please explicitly cast to a compatible dtype first.
  cis_enrichment_matrix.loc[row, col] /= (float(loop_anchors) * float(anchor_proportions[row]) * float(anchor_proportions[col])+1)
/mnt/altnas/work/Kyle.Knightly/chipseq-analysis/chip-scripts/pipeline.py:120: FutureWarning: Setting an item of incompatible dtype is deprecated and will raise an error in a future version of pandas. Value '2.9497082675236483' has dtype incompatible with int64, please explicitly cast to a compatible dtype first.
  cis_enrichment_matrix.loc[row, col] /= (float(loop_anchors) * float(anchor_proportions[row]) * float(anchor_proportions[col])+1)
/mnt/altnas/work/Kyle.Knightly/chipseq-analysis/chip-scripts/pipeline.py:120: FutureWarning: Setting an item of incompatible dtype is deprecated and will raise an error in a future version of pandas. Value '0.9834595948057645' has dtype incompatible with int64, please explicitly cast to a compatible dtype first.
  cis_enrichment_matrix.loc[row, col] /= (float(loop_anchors) * float(anchor_proportions[row]) * float(anchor_proportions[col])+1)
/mnt/altnas/work/Kyle.Knightly/chipseq-analysis/chip-scripts/pipeline.py:120: FutureWarning: Setting an item of incompatible dtype is deprecated and will raise an error in a future version of pandas. Value '0.8438786472096543' has dtype incompatible with int64, please explicitly cast to a compatible dtype first.
  cis_enrichment_matrix.loc[row, col] /= (float(loop_anchors) * float(anchor_proportions[row]) * float(anchor_proportions[col])+1)
/mnt/altnas/work/Kyle.Knightly/chipseq-analysis/chip-scripts/pipeline.py:120: FutureWarning: Setting an item of incompatible dtype is deprecated and will raise an error in a future version of pandas. Value '4.325376474427713' has dtype incompatible with int64, please explicitly cast to a compatible dtype first.
  cis_enrichment_matrix.loc[row, col] /= (float(loop_anchors) * float(anchor_proportions[row]) * float(anchor_proportions[col])+1)
/mnt/altnas/work/Kyle.Knightly/chipseq-analysis/chip-scripts/pipeline.py:120: FutureWarning: Setting an item of incompatible dtype is deprecated and will raise an error in a future version of pandas. Value '3.7878098170017767' has dtype incompatible with int64, please explicitly cast to a compatible dtype first.
  cis_enrichment_matrix.loc[row, col] /= (float(loop_anchors) * float(anchor_proportions[row]) * float(anchor_proportions[col])+1)
/mnt/altnas/work/Kyle.Knightly/chipseq-analysis/chip-scripts/pipeline.py:120: FutureWarning: Setting an item of incompatible dtype is deprecated and will raise an error in a future version of pandas. Value '2.5163505329803515' has dtype incompatible with int64, please explicitly cast to a compatible dtype first.
  cis_enrichment_matrix.loc[row, col] /= (float(loop_anchors) * float(anchor_proportions[row]) * float(anchor_proportions[col])+1)
/mnt/altnas/work/Kyle.Knightly/chipseq-analysis/chip-scripts/pipeline.py:120: FutureWarning: Setting an item of incompatible dtype is deprecated and will raise an error in a future version of pandas. Value '3.4762343136779883' has dtype incompatible with int64, please explicitly cast to a compatible dtype first.
  cis_enrichment_matrix.loc[row, col] /= (float(loop_anchors) * float(anchor_proportions[row]) * float(anchor_proportions[col])+1)
/mnt/altnas/work/Kyle.Knightly/chipseq-analysis/chip-scripts/pipeline.py:120: FutureWarning: Setting an item of incompatible dtype is deprecated and will raise an error in a future version of pandas. Value '3.646803680046085' has dtype incompatible with int64, please explicitly cast to a compatible dtype first.
  cis_enrichment_matrix.loc[row, col] /= (float(loop_anchors) * float(anchor_proportions[row]) * float(anchor_proportions[col])+1)
/mnt/altnas/work/Kyle.Knightly/chipseq-analysis/chip-scripts/pipeline.py:120: FutureWarning: Setting an item of incompatible dtype is deprecated and will raise an error in a future version of pandas. Value '5.6773536453999185' has dtype incompatible with int64, please explicitly cast to a compatible dtype first.
  cis_enrichment_matrix.loc[row, col] /= (float(loop_anchors) * float(anchor_proportions[row]) * float(anchor_proportions[col])+1)
/mnt/altnas/work/Kyle.Knightly/chipseq-analysis/chip-scripts/pipeline.py:120: FutureWarning: Setting an item of incompatible dtype is deprecated and will raise an error in a future version of pandas. Value '5.572959484268851' has dtype incompatible with int64, please explicitly cast to a compatible dtype first.
  cis_enrichment_matrix.loc[row, col] /= (float(loop_anchors) * float(anchor_proportions[row]) * float(anchor_proportions[col])+1)
/mnt/altnas/work/Kyle.Knightly/chipseq-analysis/chip-scripts/pipeline.py:120: FutureWarning: Setting an item of incompatible dtype is deprecated and will raise an error in a future version of pandas. Value '3.8783109378215035' has dtype incompatible with int64, please explicitly cast to a compatible dtype first.
  cis_enrichment_matrix.loc[row, col] /= (float(loop_anchors) * float(anchor_proportions[row]) * float(anchor_proportions[col])+1)
/mnt/altnas/work/Kyle.Knightly/chipseq-analysis/chip-scripts/pipeline.py:120: FutureWarning: Setting an item of incompatible dtype is deprecated and will raise an error in a future version of pandas. Value '2.9227746972954622' has dtype incompatible with int64, please explicitly cast to a compatible dtype first.
  cis_enrichment_matrix.loc[row, col] /= (float(loop_anchors) * float(anchor_proportions[row]) * float(anchor_proportions[col])+1)
/mnt/altnas/work/Kyle.Knightly/chipseq-analysis/chip-scripts/pipeline.py:120: FutureWarning: Setting an item of incompatible dtype is deprecated and will raise an error in a future version of pandas. Value '0.8312806026801749' has dtype incompatible with int64, please explicitly cast to a compatible dtype first.
  cis_enrichment_matrix.loc[row, col] /= (float(loop_anchors) * float(anchor_proportions[row]) * float(anchor_proportions[col])+1)
/mnt/altnas/work/Kyle.Knightly/chipseq-analysis/chip-scripts/pipeline.py:120: FutureWarning: Setting an item of incompatible dtype is deprecated and will raise an error in a future version of pandas. Value '2.342321448868102' has dtype incompatible with int64, please explicitly cast to a compatible dtype first.
  cis_enrichment_matrix.loc[row, col] /= (float(loop_anchors) * float(anchor_proportions[row]) * float(anchor_proportions[col])+1)
/mnt/altnas/work/Kyle.Knightly/chipseq-analysis/chip-scripts/pipeline.py:120: FutureWarning: Setting an item of incompatible dtype is deprecated and will raise an error in a future version of pandas. Value '1.392733183386436' has dtype incompatible with int64, please explicitly cast to a compatible dtype first.
  cis_enrichment_matrix.loc[row, col] /= (float(loop_anchors) * float(anchor_proportions[row]) * float(anchor_proportions[col])+1)
/mnt/altnas/work/Kyle.Knightly/chipseq-analysis/chip-scripts/pipeline.py:120: FutureWarning: Setting an item of incompatible dtype is deprecated and will raise an error in a future version of pandas. Value '2.485100113841827' has dtype incompatible with int64, please explicitly cast to a compatible dtype first.
  cis_enrichment_matrix.loc[row, col] /= (float(loop_anchors) * float(anchor_proportions[row]) * float(anchor_proportions[col])+1)
/mnt/altnas/work/Kyle.Knightly/chipseq-analysis/chip-scripts/pipeline.py:120: FutureWarning: Setting an item of incompatible dtype is deprecated and will raise an error in a future version of pandas. Value '3.149592535538404' has dtype incompatible with int64, please explicitly cast to a compatible dtype first.
  cis_enrichment_matrix.loc[row, col] /= (float(loop_anchors) * float(anchor_proportions[row]) * float(anchor_proportions[col])+1)
/mnt/altnas/work/Kyle.Knightly/chipseq-analysis/chip-scripts/pipeline.py:120: FutureWarning: Setting an item of incompatible dtype is deprecated and will raise an error in a future version of pandas. Value '1.574441782638114' has dtype incompatible with int64, please explicitly cast to a compatible dtype first.
  cis_enrichment_matrix.loc[row, col] /= (float(loop_anchors) * float(anchor_proportions[row]) * float(anchor_proportions[col])+1)
/mnt/altnas/work/Kyle.Knightly/chipseq-analysis/chip-scripts/pipeline.py:120: FutureWarning: Setting an item of incompatible dtype is deprecated and will raise an error in a future version of pandas. Value '2.1202441659251283' has dtype incompatible with int64, please explicitly cast to a compatible dtype first.
  cis_enrichment_matrix.loc[row, col] /= (float(loop_anchors) * float(anchor_proportions[row]) * float(anchor_proportions[col])+1)
/mnt/altnas/work/Kyle.Knightly/chipseq-analysis/chip-scripts/pipeline.py:120: FutureWarning: Setting an item of incompatible dtype is deprecated and will raise an error in a future version of pandas. Value '4.22889162143745' has dtype incompatible with int64, please explicitly cast to a compatible dtype first.
  cis_enrichment_matrix.loc[row, col] /= (float(loop_anchors) * float(anchor_proportions[row]) * float(anchor_proportions[col])+1)
/mnt/altnas/work/Kyle.Knightly/chipseq-analysis/chip-scripts/pipeline.py:120: FutureWarning: Setting an item of incompatible dtype is deprecated and will raise an error in a future version of pandas. Value '5.450434386950464' has dtype incompatible with int64, please explicitly cast to a compatible dtype first.
  cis_enrichment_matrix.loc[row, col] /= (float(loop_anchors) * float(anchor_proportions[row]) * float(anchor_proportions[col])+1)
/mnt/altnas/work/Kyle.Knightly/chipseq-analysis/chip-scripts/pipeline.py:120: FutureWarning: Setting an item of incompatible dtype is deprecated and will raise an error in a future version of pandas. Value '5.330098323848427' has dtype incompatible with int64, please explicitly cast to a compatible dtype first.
  cis_enrichment_matrix.loc[row, col] /= (float(loop_anchors) * float(anchor_proportions[row]) * float(anchor_proportions[col])+1)
/mnt/altnas/work/Kyle.Knightly/chipseq-analysis/chip-scripts/pipeline.py:120: FutureWarning: Setting an item of incompatible dtype is deprecated and will raise an error in a future version of pandas. Value '2.706129961829182' has dtype incompatible with int64, please explicitly cast to a compatible dtype first.
  cis_enrichment_matrix.loc[row, col] /= (float(loop_anchors) * float(anchor_proportions[row]) * float(anchor_proportions[col])+1)
/mnt/altnas/work/Kyle.Knightly/chipseq-analysis/chip-scripts/pipeline.py:120: FutureWarning: Setting an item of incompatible dtype is deprecated and will raise an error in a future version of pandas. Value '2.339975865105509' has dtype incompatible with int64, please explicitly cast to a compatible dtype first.
  cis_enrichment_matrix.loc[row, col] /= (float(loop_anchors) * float(anchor_proportions[row]) * float(anchor_proportions[col])+1)
/mnt/altnas/work/Kyle.Knightly/chipseq-analysis/chip-scripts/pipeline.py:120: FutureWarning: Setting an item of incompatible dtype is deprecated and will raise an error in a future version of pandas. Value '1.8033097291156293' has dtype incompatible with int64, please explicitly cast to a compatible dtype first.
  cis_enrichment_matrix.loc[row, col] /= (float(loop_anchors) * float(anchor_proportions[row]) * float(anchor_proportions[col])+1)
/mnt/altnas/work/Kyle.Knightly/chipseq-analysis/chip-scripts/pipeline.py:120: FutureWarning: Setting an item of incompatible dtype is deprecated and will raise an error in a future version of pandas. Value '3.287558468209287' has dtype incompatible with int64, please explicitly cast to a compatible dtype first.
  cis_enrichment_matrix.loc[row, col] /= (float(loop_anchors) * float(anchor_proportions[row]) * float(anchor_proportions[col])+1)
/mnt/altnas/work/Kyle.Knightly/chipseq-analysis/chip-scripts/pipeline.py:120: FutureWarning: Setting an item of incompatible dtype is deprecated and will raise an error in a future version of pandas. Value '5.585238837414105' has dtype incompatible with int64, please explicitly cast to a compatible dtype first.
  cis_enrichment_matrix.loc[row, col] /= (float(loop_anchors) * float(anchor_proportions[row]) * float(anchor_proportions[col])+1)
/mnt/altnas/work/Kyle.Knightly/chipseq-analysis/chip-scripts/pipeline.py:120: FutureWarning: Setting an item of incompatible dtype is deprecated and will raise an error in a future version of pandas. Value '3.7116986099395146' has dtype incompatible with int64, please explicitly cast to a compatible dtype first.
  cis_enrichment_matrix.loc[row, col] /= (float(loop_anchors) * float(anchor_proportions[row]) * float(anchor_proportions[col])+1)
/mnt/altnas/work/Kyle.Knightly/chipseq-analysis/chip-scripts/pipeline.py:120: FutureWarning: Setting an item of incompatible dtype is deprecated and will raise an error in a future version of pandas. Value '2.25799192742551' has dtype incompatible with int64, please explicitly cast to a compatible dtype first.
  cis_enrichment_matrix.loc[row, col] /= (float(loop_anchors) * float(anchor_proportions[row]) * float(anchor_proportions[col])+1)
/mnt/altnas/work/Kyle.Knightly/chipseq-analysis/chip-scripts/pipeline.py:120: FutureWarning: Setting an item of incompatible dtype is deprecated and will raise an error in a future version of pandas. Value '2.474756649734287' has dtype incompatible with int64, please explicitly cast to a compatible dtype first.
  cis_enrichment_matrix.loc[row, col] /= (float(loop_anchors) * float(anchor_proportions[row]) * float(anchor_proportions[col])+1)
/mnt/altnas/work/Kyle.Knightly/chipseq-analysis/chip-scripts/pipeline.py:120: FutureWarning: Setting an item of incompatible dtype is deprecated and will raise an error in a future version of pandas. Value '2.7945607436997153' has dtype incompatible with int64, please explicitly cast to a compatible dtype first.
  cis_enrichment_matrix.loc[row, col] /= (float(loop_anchors) * float(anchor_proportions[row]) * float(anchor_proportions[col])+1)
/mnt/altnas/work/Kyle.Knightly/chipseq-analysis/chip-scripts/pipeline.py:120: FutureWarning: Setting an item of incompatible dtype is deprecated and will raise an error in a future version of pandas. Value '0.9636127306942129' has dtype incompatible with int64, please explicitly cast to a compatible dtype first.
  cis_enrichment_matrix.loc[row, col] /= (float(loop_anchors) * float(anchor_proportions[row]) * float(anchor_proportions[col])+1)
/mnt/altnas/work/Kyle.Knightly/chipseq-analysis/chip-scripts/pipeline.py:120: FutureWarning: Setting an item of incompatible dtype is deprecated and will raise an error in a future version of pandas. Value '2.0599007555783118' has dtype incompatible with int64, please explicitly cast to a compatible dtype first.
  cis_enrichment_matrix.loc[row, col] /= (float(loop_anchors) * float(anchor_proportions[row]) * float(anchor_proportions[col])+1)
/mnt/altnas/work/Kyle.Knightly/chipseq-analysis/chip-scripts/pipeline.py:120: FutureWarning: Setting an item of incompatible dtype is deprecated and will raise an error in a future version of pandas. Value '4.6620476789993095' has dtype incompatible with int64, please explicitly cast to a compatible dtype first.
  cis_enrichment_matrix.loc[row, col] /= (float(loop_anchors) * float(anchor_proportions[row]) * float(anchor_proportions[col])+1)
/mnt/altnas/work/Kyle.Knightly/chipseq-analysis/chip-scripts/pipeline.py:120: FutureWarning: Setting an item of incompatible dtype is deprecated and will raise an error in a future version of pandas. Value '2.0907820754212967' has dtype incompatible with int64, please explicitly cast to a compatible dtype first.
  cis_enrichment_matrix.loc[row, col] /= (float(loop_anchors) * float(anchor_proportions[row]) * float(anchor_proportions[col])+1)
/mnt/altnas/work/Kyle.Knightly/chipseq-analysis/chip-scripts/pipeline.py:120: FutureWarning: Setting an item of incompatible dtype is deprecated and will raise an error in a future version of pandas. Value '5.862749507099963' has dtype incompatible with int64, please explicitly cast to a compatible dtype first.
  cis_enrichment_matrix.loc[row, col] /= (float(loop_anchors) * float(anchor_proportions[row]) * float(anchor_proportions[col])+1)
/mnt/altnas/work/Kyle.Knightly/chipseq-analysis/chip-scripts/pipeline.py:120: FutureWarning: Setting an item of incompatible dtype is deprecated and will raise an error in a future version of pandas. Value '3.208465753588017' has dtype incompatible with int64, please explicitly cast to a compatible dtype first.
  cis_enrichment_matrix.loc[row, col] /= (float(loop_anchors) * float(anchor_proportions[row]) * float(anchor_proportions[col])+1)
/mnt/altnas/work/Kyle.Knightly/chipseq-analysis/chip-scripts/pipeline.py:120: FutureWarning: Setting an item of incompatible dtype is deprecated and will raise an error in a future version of pandas. Value '5.391530879350725' has dtype incompatible with int64, please explicitly cast to a compatible dtype first.
  cis_enrichment_matrix.loc[row, col] /= (float(loop_anchors) * float(anchor_proportions[row]) * float(anchor_proportions[col])+1)
/mnt/altnas/work/Kyle.Knightly/chipseq-analysis/chip-scripts/pipeline.py:120: FutureWarning: Setting an item of incompatible dtype is deprecated and will raise an error in a future version of pandas. Value '5.980696883811623' has dtype incompatible with int64, please explicitly cast to a compatible dtype first.
  cis_enrichment_matrix.loc[row, col] /= (float(loop_anchors) * float(anchor_proportions[row]) * float(anchor_proportions[col])+1)
/mnt/altnas/work/Kyle.Knightly/chipseq-analysis/chip-scripts/pipeline.py:120: FutureWarning: Setting an item of incompatible dtype is deprecated and will raise an error in a future version of pandas. Value '1.4710288549597452' has dtype incompatible with int64, please explicitly cast to a compatible dtype first.
  cis_enrichment_matrix.loc[row, col] /= (float(loop_anchors) * float(anchor_proportions[row]) * float(anchor_proportions[col])+1)
/mnt/altnas/work/Kyle.Knightly/chipseq-analysis/chip-scripts/pipeline.py:120: FutureWarning: Setting an item of incompatible dtype is deprecated and will raise an error in a future version of pandas. Value '4.044037242573776' has dtype incompatible with int64, please explicitly cast to a compatible dtype first.
  cis_enrichment_matrix.loc[row, col] /= (float(loop_anchors) * float(anchor_proportions[row]) * float(anchor_proportions[col])+1)
/mnt/altnas/work/Kyle.Knightly/chipseq-analysis/chip-scripts/pipeline.py:120: FutureWarning: Setting an item of incompatible dtype is deprecated and will raise an error in a future version of pandas. Value '4.281234040402846' has dtype incompatible with int64, please explicitly cast to a compatible dtype first.
  cis_enrichment_matrix.loc[row, col] /= (float(loop_anchors) * float(anchor_proportions[row]) * float(anchor_proportions[col])+1)
/mnt/altnas/work/Kyle.Knightly/chipseq-analysis/chip-scripts/pipeline.py:120: FutureWarning: Setting an item of incompatible dtype is deprecated and will raise an error in a future version of pandas. Value '4.30315198004956' has dtype incompatible with int64, please explicitly cast to a compatible dtype first.
  cis_enrichment_matrix.loc[row, col] /= (float(loop_anchors) * float(anchor_proportions[row]) * float(anchor_proportions[col])+1)
/mnt/altnas/work/Kyle.Knightly/chipseq-analysis/chip-scripts/pipeline.py:120: FutureWarning: Setting an item of incompatible dtype is deprecated and will raise an error in a future version of pandas. Value '2.481086782361112' has dtype incompatible with int64, please explicitly cast to a compatible dtype first.
  cis_enrichment_matrix.loc[row, col] /= (float(loop_anchors) * float(anchor_proportions[row]) * float(anchor_proportions[col])+1)
/mnt/altnas/work/Kyle.Knightly/chipseq-analysis/chip-scripts/pipeline.py:120: FutureWarning: Setting an item of incompatible dtype is deprecated and will raise an error in a future version of pandas. Value '5.383285961586902' has dtype incompatible with int64, please explicitly cast to a compatible dtype first.
  cis_enrichment_matrix.loc[row, col] /= (float(loop_anchors) * float(anchor_proportions[row]) * float(anchor_proportions[col])+1)
/mnt/altnas/work/Kyle.Knightly/chipseq-analysis/chip-scripts/pipeline.py:120: FutureWarning: Setting an item of incompatible dtype is deprecated and will raise an error in a future version of pandas. Value '3.8846716118901945' has dtype incompatible with int64, please explicitly cast to a compatible dtype first.
  cis_enrichment_matrix.loc[row, col] /= (float(loop_anchors) * float(anchor_proportions[row]) * float(anchor_proportions[col])+1)
/mnt/altnas/work/Kyle.Knightly/chipseq-analysis/chip-scripts/pipeline.py:120: FutureWarning: Setting an item of incompatible dtype is deprecated and will raise an error in a future version of pandas. Value '2.517859962917254' has dtype incompatible with int64, please explicitly cast to a compatible dtype first.
  cis_enrichment_matrix.loc[row, col] /= (float(loop_anchors) * float(anchor_proportions[row]) * float(anchor_proportions[col])+1)
/mnt/altnas/work/Kyle.Knightly/chipseq-analysis/chip-scripts/pipeline.py:120: FutureWarning: Setting an item of incompatible dtype is deprecated and will raise an error in a future version of pandas. Value '3.8398798008516284' has dtype incompatible with int64, please explicitly cast to a compatible dtype first.
  cis_enrichment_matrix.loc[row, col] /= (float(loop_anchors) * float(anchor_proportions[row]) * float(anchor_proportions[col])+1)
/mnt/altnas/work/Kyle.Knightly/chipseq-analysis/chip-scripts/pipeline.py:120: FutureWarning: Setting an item of incompatible dtype is deprecated and will raise an error in a future version of pandas. Value '2.955738692639251' has dtype incompatible with int64, please explicitly cast to a compatible dtype first.
  cis_enrichment_matrix.loc[row, col] /= (float(loop_anchors) * float(anchor_proportions[row]) * float(anchor_proportions[col])+1)
/mnt/altnas/work/Kyle.Knightly/chipseq-analysis/chip-scripts/pipeline.py:120: FutureWarning: Setting an item of incompatible dtype is deprecated and will raise an error in a future version of pandas. Value '2.8672149054643303' has dtype incompatible with int64, please explicitly cast to a compatible dtype first.
  cis_enrichment_matrix.loc[row, col] /= (float(loop_anchors) * float(anchor_proportions[row]) * float(anchor_proportions[col])+1)
/mnt/altnas/work/Kyle.Knightly/chipseq-analysis/chip-scripts/pipeline.py:120: FutureWarning: Setting an item of incompatible dtype is deprecated and will raise an error in a future version of pandas. Value '4.487944067788455' has dtype incompatible with int64, please explicitly cast to a compatible dtype first.
  cis_enrichment_matrix.loc[row, col] /= (float(loop_anchors) * float(anchor_proportions[row]) * float(anchor_proportions[col])+1)
/mnt/altnas/work/Kyle.Knightly/chipseq-analysis/chip-scripts/pipeline.py:120: FutureWarning: Setting an item of incompatible dtype is deprecated and will raise an error in a future version of pandas. Value '2.494543036108144' has dtype incompatible with int64, please explicitly cast to a compatible dtype first.
  cis_enrichment_matrix.loc[row, col] /= (float(loop_anchors) * float(anchor_proportions[row]) * float(anchor_proportions[col])+1)
/mnt/altnas/work/Kyle.Knightly/chipseq-analysis/chip-scripts/pipeline.py:120: FutureWarning: Setting an item of incompatible dtype is deprecated and will raise an error in a future version of pandas. Value '2.589952469767162' has dtype incompatible with int64, please explicitly cast to a compatible dtype first.
  cis_enrichment_matrix.loc[row, col] /= (float(loop_anchors) * float(anchor_proportions[row]) * float(anchor_proportions[col])+1)
/mnt/altnas/work/Kyle.Knightly/chipseq-analysis/chip-scripts/pipeline.py:120: FutureWarning: Setting an item of incompatible dtype is deprecated and will raise an error in a future version of pandas. Value '2.4358385297013454' has dtype incompatible with int64, please explicitly cast to a compatible dtype first.
  cis_enrichment_matrix.loc[row, col] /= (float(loop_anchors) * float(anchor_proportions[row]) * float(anchor_proportions[col])+1)
/mnt/altnas/work/Kyle.Knightly/chipseq-analysis/chip-scripts/pipeline.py:120: FutureWarning: Setting an item of incompatible dtype is deprecated and will raise an error in a future version of pandas. Value '2.5022307877121963' has dtype incompatible with int64, please explicitly cast to a compatible dtype first.
  cis_enrichment_matrix.loc[row, col] /= (float(loop_anchors) * float(anchor_proportions[row]) * float(anchor_proportions[col])+1)
/mnt/altnas/work/Kyle.Knightly/chipseq-analysis/chip-scripts/pipeline.py:120: FutureWarning: Setting an item of incompatible dtype is deprecated and will raise an error in a future version of pandas. Value '4.179589649186172' has dtype incompatible with int64, please explicitly cast to a compatible dtype first.
  cis_enrichment_matrix.loc[row, col] /= (float(loop_anchors) * float(anchor_proportions[row]) * float(anchor_proportions[col])+1)
/mnt/altnas/work/Kyle.Knightly/chipseq-analysis/chip-scripts/pipeline.py:120: FutureWarning: Setting an item of incompatible dtype is deprecated and will raise an error in a future version of pandas. Value '2.3812817949393623' has dtype incompatible with int64, please explicitly cast to a compatible dtype first.
  cis_enrichment_matrix.loc[row, col] /= (float(loop_anchors) * float(anchor_proportions[row]) * float(anchor_proportions[col])+1)
/mnt/altnas/work/Kyle.Knightly/chipseq-analysis/chip-scripts/pipeline.py:120: FutureWarning: Setting an item of incompatible dtype is deprecated and will raise an error in a future version of pandas. Value '4.725665582063205' has dtype incompatible with int64, please explicitly cast to a compatible dtype first.
  cis_enrichment_matrix.loc[row, col] /= (float(loop_anchors) * float(anchor_proportions[row]) * float(anchor_proportions[col])+1)
/mnt/altnas/work/Kyle.Knightly/chipseq-analysis/chip-scripts/pipeline.py:120: FutureWarning: Setting an item of incompatible dtype is deprecated and will raise an error in a future version of pandas. Value '3.8169894613887703' has dtype incompatible with int64, please explicitly cast to a compatible dtype first.
  cis_enrichment_matrix.loc[row, col] /= (float(loop_anchors) * float(anchor_proportions[row]) * float(anchor_proportions[col])+1)
/mnt/altnas/work/Kyle.Knightly/chipseq-analysis/chip-scripts/pipeline.py:120: FutureWarning: Setting an item of incompatible dtype is deprecated and will raise an error in a future version of pandas. Value '2.20504756099435' has dtype incompatible with int64, please explicitly cast to a compatible dtype first.
  cis_enrichment_matrix.loc[row, col] /= (float(loop_anchors) * float(anchor_proportions[row]) * float(anchor_proportions[col])+1)
/mnt/altnas/work/Kyle.Knightly/chipseq-analysis/chip-scripts/pipeline.py:120: FutureWarning: Setting an item of incompatible dtype is deprecated and will raise an error in a future version of pandas. Value '0.8601022190076205' has dtype incompatible with int64, please explicitly cast to a compatible dtype first.
  cis_enrichment_matrix.loc[row, col] /= (float(loop_anchors) * float(anchor_proportions[row]) * float(anchor_proportions[col])+1)
/mnt/altnas/work/Kyle.Knightly/chipseq-analysis/chip-scripts/pipeline.py:120: FutureWarning: Setting an item of incompatible dtype is deprecated and will raise an error in a future version of pandas. Value '3.0562075355157505' has dtype incompatible with int64, please explicitly cast to a compatible dtype first.
  cis_enrichment_matrix.loc[row, col] /= (float(loop_anchors) * float(anchor_proportions[row]) * float(anchor_proportions[col])+1)
/mnt/altnas/work/Kyle.Knightly/chipseq-analysis/chip-scripts/pipeline.py:120: FutureWarning: Setting an item of incompatible dtype is deprecated and will raise an error in a future version of pandas. Value '2.3310238394996547' has dtype incompatible with int64, please explicitly cast to a compatible dtype first.
  cis_enrichment_matrix.loc[row, col] /= (float(loop_anchors) * float(anchor_proportions[row]) * float(anchor_proportions[col])+1)
/mnt/altnas/work/Kyle.Knightly/chipseq-analysis/chip-scripts/pipeline.py:120: FutureWarning: Setting an item of incompatible dtype is deprecated and will raise an error in a future version of pandas. Value '3.0956022738304547' has dtype incompatible with int64, please explicitly cast to a compatible dtype first.
  cis_enrichment_matrix.loc[row, col] /= (float(loop_anchors) * float(anchor_proportions[row]) * float(anchor_proportions[col])+1)
/mnt/altnas/work/Kyle.Knightly/chipseq-analysis/chip-scripts/pipeline.py:120: FutureWarning: Setting an item of incompatible dtype is deprecated and will raise an error in a future version of pandas. Value '1.7294503329958606' has dtype incompatible with int64, please explicitly cast to a compatible dtype first.
  cis_enrichment_matrix.loc[row, col] /= (float(loop_anchors) * float(anchor_proportions[row]) * float(anchor_proportions[col])+1)
/mnt/altnas/work/Kyle.Knightly/chipseq-analysis/chip-scripts/pipeline.py:120: FutureWarning: Setting an item of incompatible dtype is deprecated and will raise an error in a future version of pandas. Value '5.962794520294946' has dtype incompatible with int64, please explicitly cast to a compatible dtype first.
  cis_enrichment_matrix.loc[row, col] /= (float(loop_anchors) * float(anchor_proportions[row]) * float(anchor_proportions[col])+1)
/mnt/altnas/work/Kyle.Knightly/chipseq-analysis/chip-scripts/pipeline.py:120: FutureWarning: Setting an item of incompatible dtype is deprecated and will raise an error in a future version of pandas. Value '0.9286105658260889' has dtype incompatible with int64, please explicitly cast to a compatible dtype first.
  cis_enrichment_matrix.loc[row, col] /= (float(loop_anchors) * float(anchor_proportions[row]) * float(anchor_proportions[col])+1)
/mnt/altnas/work/Kyle.Knightly/chipseq-analysis/chip-scripts/pipeline.py:120: FutureWarning: Setting an item of incompatible dtype is deprecated and will raise an error in a future version of pandas. Value '3.206493293673061' has dtype incompatible with int64, please explicitly cast to a compatible dtype first.
  cis_enrichment_matrix.loc[row, col] /= (float(loop_anchors) * float(anchor_proportions[row]) * float(anchor_proportions[col])+1)
/mnt/altnas/work/Kyle.Knightly/chipseq-analysis/chip-scripts/pipeline.py:120: FutureWarning: Setting an item of incompatible dtype is deprecated and will raise an error in a future version of pandas. Value '1.3821229050279331' has dtype incompatible with int64, please explicitly cast to a compatible dtype first.
  cis_enrichment_matrix.loc[row, col] /= (float(loop_anchors) * float(anchor_proportions[row]) * float(anchor_proportions[col])+1)
/mnt/altnas/work/Kyle.Knightly/chipseq-analysis/chip-scripts/pipeline.py:120: FutureWarning: Setting an item of incompatible dtype is deprecated and will raise an error in a future version of pandas. Value '2.5378314856689195' has dtype incompatible with int64, please explicitly cast to a compatible dtype first.
  cis_enrichment_matrix.loc[row, col] /= (float(loop_anchors) * float(anchor_proportions[row]) * float(anchor_proportions[col])+1)
/mnt/altnas/work/Kyle.Knightly/chipseq-analysis/chip-scripts/pipeline.py:120: FutureWarning: Setting an item of incompatible dtype is deprecated and will raise an error in a future version of pandas. Value '2.088035688795697' has dtype incompatible with int64, please explicitly cast to a compatible dtype first.
  cis_enrichment_matrix.loc[row, col] /= (float(loop_anchors) * float(anchor_proportions[row]) * float(anchor_proportions[col])+1)
/mnt/altnas/work/Kyle.Knightly/chipseq-analysis/chip-scripts/pipeline.py:120: FutureWarning: Setting an item of incompatible dtype is deprecated and will raise an error in a future version of pandas. Value '3.0731359076825937' has dtype incompatible with int64, please explicitly cast to a compatible dtype first.
  cis_enrichment_matrix.loc[row, col] /= (float(loop_anchors) * float(anchor_proportions[row]) * float(anchor_proportions[col])+1)
/mnt/altnas/work/Kyle.Knightly/chipseq-analysis/chip-scripts/pipeline.py:120: FutureWarning: Setting an item of incompatible dtype is deprecated and will raise an error in a future version of pandas. Value '3.1210096056248164' has dtype incompatible with int64, please explicitly cast to a compatible dtype first.
  cis_enrichment_matrix.loc[row, col] /= (float(loop_anchors) * float(anchor_proportions[row]) * float(anchor_proportions[col])+1)
/mnt/altnas/work/Kyle.Knightly/chipseq-analysis/chip-scripts/pipeline.py:120: FutureWarning: Setting an item of incompatible dtype is deprecated and will raise an error in a future version of pandas. Value '1.3267582453144793' has dtype incompatible with int64, please explicitly cast to a compatible dtype first.
  cis_enrichment_matrix.loc[row, col] /= (float(loop_anchors) * float(anchor_proportions[row]) * float(anchor_proportions[col])+1)
/mnt/altnas/work/Kyle.Knightly/chipseq-analysis/chip-scripts/pipeline.py:120: FutureWarning: Setting an item of incompatible dtype is deprecated and will raise an error in a future version of pandas. Value '2.255229752880097' has dtype incompatible with int64, please explicitly cast to a compatible dtype first.
  cis_enrichment_matrix.loc[row, col] /= (float(loop_anchors) * float(anchor_proportions[row]) * float(anchor_proportions[col])+1)
/mnt/altnas/work/Kyle.Knightly/chipseq-analysis/chip-scripts/pipeline.py:120: FutureWarning: Setting an item of incompatible dtype is deprecated and will raise an error in a future version of pandas. Value '2.972325793354876' has dtype incompatible with int64, please explicitly cast to a compatible dtype first.
  cis_enrichment_matrix.loc[row, col] /= (float(loop_anchors) * float(anchor_proportions[row]) * float(anchor_proportions[col])+1)
/mnt/altnas/work/Kyle.Knightly/chipseq-analysis/chip-scripts/pipeline.py:120: FutureWarning: Setting an item of incompatible dtype is deprecated and will raise an error in a future version of pandas. Value '3.488091597674828' has dtype incompatible with int64, please explicitly cast to a compatible dtype first.
  cis_enrichment_matrix.loc[row, col] /= (float(loop_anchors) * float(anchor_proportions[row]) * float(anchor_proportions[col])+1)
/mnt/altnas/work/Kyle.Knightly/chipseq-analysis/chip-scripts/pipeline.py:120: FutureWarning: Setting an item of incompatible dtype is deprecated and will raise an error in a future version of pandas. Value '4.140882283154022' has dtype incompatible with int64, please explicitly cast to a compatible dtype first.
  cis_enrichment_matrix.loc[row, col] /= (float(loop_anchors) * float(anchor_proportions[row]) * float(anchor_proportions[col])+1)
/mnt/altnas/work/Kyle.Knightly/chipseq-analysis/chip-scripts/pipeline.py:120: FutureWarning: Setting an item of incompatible dtype is deprecated and will raise an error in a future version of pandas. Value '1.2806221106304998' has dtype incompatible with int64, please explicitly cast to a compatible dtype first.
  cis_enrichment_matrix.loc[row, col] /= (float(loop_anchors) * float(anchor_proportions[row]) * float(anchor_proportions[col])+1)
/mnt/altnas/work/Kyle.Knightly/chipseq-analysis/chip-scripts/pipeline.py:120: FutureWarning: Setting an item of incompatible dtype is deprecated and will raise an error in a future version of pandas. Value '2.228059763293192' has dtype incompatible with int64, please explicitly cast to a compatible dtype first.
  cis_enrichment_matrix.loc[row, col] /= (float(loop_anchors) * float(anchor_proportions[row]) * float(anchor_proportions[col])+1)
/mnt/altnas/work/Kyle.Knightly/chipseq-analysis/chip-scripts/pipeline.py:120: FutureWarning: Setting an item of incompatible dtype is deprecated and will raise an error in a future version of pandas. Value '4.454784411007265' has dtype incompatible with int64, please explicitly cast to a compatible dtype first.
  cis_enrichment_matrix.loc[row, col] /= (float(loop_anchors) * float(anchor_proportions[row]) * float(anchor_proportions[col])+1)
/mnt/altnas/work/Kyle.Knightly/chipseq-analysis/chip-scripts/pipeline.py:120: FutureWarning: Setting an item of incompatible dtype is deprecated and will raise an error in a future version of pandas. Value '1.4971359809134952' has dtype incompatible with int64, please explicitly cast to a compatible dtype first.
  cis_enrichment_matrix.loc[row, col] /= (float(loop_anchors) * float(anchor_proportions[row]) * float(anchor_proportions[col])+1)
/mnt/altnas/work/Kyle.Knightly/chipseq-analysis/chip-scripts/pipeline.py:120: FutureWarning: Setting an item of incompatible dtype is deprecated and will raise an error in a future version of pandas. Value '2.627136383748074' has dtype incompatible with int64, please explicitly cast to a compatible dtype first.
  cis_enrichment_matrix.loc[row, col] /= (float(loop_anchors) * float(anchor_proportions[row]) * float(anchor_proportions[col])+1)
/mnt/altnas/work/Kyle.Knightly/chipseq-analysis/chip-scripts/pipeline.py:120: FutureWarning: Setting an item of incompatible dtype is deprecated and will raise an error in a future version of pandas. Value '3.779214827638882' has dtype incompatible with int64, please explicitly cast to a compatible dtype first.
  cis_enrichment_matrix.loc[row, col] /= (float(loop_anchors) * float(anchor_proportions[row]) * float(anchor_proportions[col])+1)
/mnt/altnas/work/Kyle.Knightly/chipseq-analysis/chip-scripts/pipeline.py:120: FutureWarning: Setting an item of incompatible dtype is deprecated and will raise an error in a future version of pandas. Value '3.5935407824922616' has dtype incompatible with int64, please explicitly cast to a compatible dtype first.
  cis_enrichment_matrix.loc[row, col] /= (float(loop_anchors) * float(anchor_proportions[row]) * float(anchor_proportions[col])+1)
/mnt/altnas/work/Kyle.Knightly/chipseq-analysis/chip-scripts/pipeline.py:120: FutureWarning: Setting an item of incompatible dtype is deprecated and will raise an error in a future version of pandas. Value '1.580111146185865' has dtype incompatible with int64, please explicitly cast to a compatible dtype first.
  cis_enrichment_matrix.loc[row, col] /= (float(loop_anchors) * float(anchor_proportions[row]) * float(anchor_proportions[col])+1)
/mnt/altnas/work/Kyle.Knightly/chipseq-analysis/chip-scripts/pipeline.py:120: FutureWarning: Setting an item of incompatible dtype is deprecated and will raise an error in a future version of pandas. Value '5.504315470482182' has dtype incompatible with int64, please explicitly cast to a compatible dtype first.
  cis_enrichment_matrix.loc[row, col] /= (float(loop_anchors) * float(anchor_proportions[row]) * float(anchor_proportions[col])+1)
/mnt/altnas/work/Kyle.Knightly/chipseq-analysis/chip-scripts/pipeline.py:120: FutureWarning: Setting an item of incompatible dtype is deprecated and will raise an error in a future version of pandas. Value '3.7318191387915345' has dtype incompatible with int64, please explicitly cast to a compatible dtype first.
  cis_enrichment_matrix.loc[row, col] /= (float(loop_anchors) * float(anchor_proportions[row]) * float(anchor_proportions[col])+1)
/mnt/altnas/work/Kyle.Knightly/chipseq-analysis/chip-scripts/pipeline.py:120: FutureWarning: Setting an item of incompatible dtype is deprecated and will raise an error in a future version of pandas. Value '10.78789534782201' has dtype incompatible with int64, please explicitly cast to a compatible dtype first.
  cis_enrichment_matrix.loc[row, col] /= (float(loop_anchors) * float(anchor_proportions[row]) * float(anchor_proportions[col])+1)
/mnt/altnas/work/Kyle.Knightly/chipseq-analysis/chip-scripts/pipeline.py:120: FutureWarning: Setting an item of incompatible dtype is deprecated and will raise an error in a future version of pandas. Value '4.899270095145601' has dtype incompatible with int64, please explicitly cast to a compatible dtype first.
  cis_enrichment_matrix.loc[row, col] /= (float(loop_anchors) * float(anchor_proportions[row]) * float(anchor_proportions[col])+1)
/mnt/altnas/work/Kyle.Knightly/chipseq-analysis/chip-scripts/pipeline.py:120: FutureWarning: Setting an item of incompatible dtype is deprecated and will raise an error in a future version of pandas. Value '2.731326960746991' has dtype incompatible with int64, please explicitly cast to a compatible dtype first.
  cis_enrichment_matrix.loc[row, col] /= (float(loop_anchors) * float(anchor_proportions[row]) * float(anchor_proportions[col])+1)
/mnt/altnas/work/Kyle.Knightly/chipseq-analysis/chip-scripts/pipeline.py:120: FutureWarning: Setting an item of incompatible dtype is deprecated and will raise an error in a future version of pandas. Value '3.9518009466490898' has dtype incompatible with int64, please explicitly cast to a compatible dtype first.
  cis_enrichment_matrix.loc[row, col] /= (float(loop_anchors) * float(anchor_proportions[row]) * float(anchor_proportions[col])+1)
/mnt/altnas/work/Kyle.Knightly/chipseq-analysis/chip-scripts/pipeline.py:120: FutureWarning: Setting an item of incompatible dtype is deprecated and will raise an error in a future version of pandas. Value '4.116763861500709' has dtype incompatible with int64, please explicitly cast to a compatible dtype first.
  cis_enrichment_matrix.loc[row, col] /= (float(loop_anchors) * float(anchor_proportions[row]) * float(anchor_proportions[col])+1)
/mnt/altnas/work/Kyle.Knightly/chipseq-analysis/chip-scripts/pipeline.py:120: FutureWarning: Setting an item of incompatible dtype is deprecated and will raise an error in a future version of pandas. Value '5.069478097279346' has dtype incompatible with int64, please explicitly cast to a compatible dtype first.
  cis_enrichment_matrix.loc[row, col] /= (float(loop_anchors) * float(anchor_proportions[row]) * float(anchor_proportions[col])+1)
/mnt/altnas/work/Kyle.Knightly/chipseq-analysis/chip-scripts/pipeline.py:120: FutureWarning: Setting an item of incompatible dtype is deprecated and will raise an error in a future version of pandas. Value '4.2458279086282396' has dtype incompatible with int64, please explicitly cast to a compatible dtype first.
  cis_enrichment_matrix.loc[row, col] /= (float(loop_anchors) * float(anchor_proportions[row]) * float(anchor_proportions[col])+1)
/mnt/altnas/work/Kyle.Knightly/chipseq-analysis/chip-scripts/pipeline.py:120: FutureWarning: Setting an item of incompatible dtype is deprecated and will raise an error in a future version of pandas. Value '4.263506312916223' has dtype incompatible with int64, please explicitly cast to a compatible dtype first.
  cis_enrichment_matrix.loc[row, col] /= (float(loop_anchors) * float(anchor_proportions[row]) * float(anchor_proportions[col])+1)
/mnt/altnas/work/Kyle.Knightly/chipseq-analysis/chip-scripts/pipeline.py:120: FutureWarning: Setting an item of incompatible dtype is deprecated and will raise an error in a future version of pandas. Value '3.1541222022853908' has dtype incompatible with int64, please explicitly cast to a compatible dtype first.
  cis_enrichment_matrix.loc[row, col] /= (float(loop_anchors) * float(anchor_proportions[row]) * float(anchor_proportions[col])+1)
/mnt/altnas/work/Kyle.Knightly/chipseq-analysis/chip-scripts/pipeline.py:120: FutureWarning: Setting an item of incompatible dtype is deprecated and will raise an error in a future version of pandas. Value '5.186773004540874' has dtype incompatible with int64, please explicitly cast to a compatible dtype first.
  cis_enrichment_matrix.loc[row, col] /= (float(loop_anchors) * float(anchor_proportions[row]) * float(anchor_proportions[col])+1)
/mnt/altnas/work/Kyle.Knightly/chipseq-analysis/chip-scripts/pipeline.py:120: FutureWarning: Setting an item of incompatible dtype is deprecated and will raise an error in a future version of pandas. Value '1.9581420948967199' has dtype incompatible with int64, please explicitly cast to a compatible dtype first.
  cis_enrichment_matrix.loc[row, col] /= (float(loop_anchors) * float(anchor_proportions[row]) * float(anchor_proportions[col])+1)
/mnt/altnas/work/Kyle.Knightly/chipseq-analysis/chip-scripts/pipeline.py:120: FutureWarning: Setting an item of incompatible dtype is deprecated and will raise an error in a future version of pandas. Value '4.701798688447239' has dtype incompatible with int64, please explicitly cast to a compatible dtype first.
  cis_enrichment_matrix.loc[row, col] /= (float(loop_anchors) * float(anchor_proportions[row]) * float(anchor_proportions[col])+1)
/mnt/altnas/work/Kyle.Knightly/chipseq-analysis/chip-scripts/pipeline.py:120: FutureWarning: Setting an item of incompatible dtype is deprecated and will raise an error in a future version of pandas. Value '2.3303613479496548' has dtype incompatible with int64, please explicitly cast to a compatible dtype first.
  cis_enrichment_matrix.loc[row, col] /= (float(loop_anchors) * float(anchor_proportions[row]) * float(anchor_proportions[col])+1)
/mnt/altnas/work/Kyle.Knightly/chipseq-analysis/chip-scripts/pipeline.py:120: FutureWarning: Setting an item of incompatible dtype is deprecated and will raise an error in a future version of pandas. Value '3.939932134203126' has dtype incompatible with int64, please explicitly cast to a compatible dtype first.
  cis_enrichment_matrix.loc[row, col] /= (float(loop_anchors) * float(anchor_proportions[row]) * float(anchor_proportions[col])+1)
/mnt/altnas/work/Kyle.Knightly/chipseq-analysis/chip-scripts/pipeline.py:120: FutureWarning: Setting an item of incompatible dtype is deprecated and will raise an error in a future version of pandas. Value '4.936658238335055' has dtype incompatible with int64, please explicitly cast to a compatible dtype first.
  cis_enrichment_matrix.loc[row, col] /= (float(loop_anchors) * float(anchor_proportions[row]) * float(anchor_proportions[col])+1)
/mnt/altnas/work/Kyle.Knightly/chipseq-analysis/chip-scripts/pipeline.py:120: FutureWarning: Setting an item of incompatible dtype is deprecated and will raise an error in a future version of pandas. Value '0.9823060949729594' has dtype incompatible with int64, please explicitly cast to a compatible dtype first.
  cis_enrichment_matrix.loc[row, col] /= (float(loop_anchors) * float(anchor_proportions[row]) * float(anchor_proportions[col])+1)
/mnt/altnas/work/Kyle.Knightly/chipseq-analysis/chip-scripts/pipeline.py:120: FutureWarning: Setting an item of incompatible dtype is deprecated and will raise an error in a future version of pandas. Value '1.7661930570998357' has dtype incompatible with int64, please explicitly cast to a compatible dtype first.
  cis_enrichment_matrix.loc[row, col] /= (float(loop_anchors) * float(anchor_proportions[row]) * float(anchor_proportions[col])+1)
/mnt/altnas/work/Kyle.Knightly/chipseq-analysis/chip-scripts/pipeline.py:120: FutureWarning: Setting an item of incompatible dtype is deprecated and will raise an error in a future version of pandas. Value '1.8043457607037272' has dtype incompatible with int64, please explicitly cast to a compatible dtype first.
  cis_enrichment_matrix.loc[row, col] /= (float(loop_anchors) * float(anchor_proportions[row]) * float(anchor_proportions[col])+1)
/mnt/altnas/work/Kyle.Knightly/chipseq-analysis/chip-scripts/pipeline.py:120: FutureWarning: Setting an item of incompatible dtype is deprecated and will raise an error in a future version of pandas. Value '2.3241899301084414' has dtype incompatible with int64, please explicitly cast to a compatible dtype first.
  cis_enrichment_matrix.loc[row, col] /= (float(loop_anchors) * float(anchor_proportions[row]) * float(anchor_proportions[col])+1)
/mnt/altnas/work/Kyle.Knightly/chipseq-analysis/chip-scripts/pipeline.py:120: FutureWarning: Setting an item of incompatible dtype is deprecated and will raise an error in a future version of pandas. Value '1.8785150481589963' has dtype incompatible with int64, please explicitly cast to a compatible dtype first.
  cis_enrichment_matrix.loc[row, col] /= (float(loop_anchors) * float(anchor_proportions[row]) * float(anchor_proportions[col])+1)
/mnt/altnas/work/Kyle.Knightly/chipseq-analysis/chip-scripts/pipeline.py:120: FutureWarning: Setting an item of incompatible dtype is deprecated and will raise an error in a future version of pandas. Value '3.5231589342907186' has dtype incompatible with int64, please explicitly cast to a compatible dtype first.
  cis_enrichment_matrix.loc[row, col] /= (float(loop_anchors) * float(anchor_proportions[row]) * float(anchor_proportions[col])+1)
/mnt/altnas/work/Kyle.Knightly/chipseq-analysis/chip-scripts/pipeline.py:120: FutureWarning: Setting an item of incompatible dtype is deprecated and will raise an error in a future version of pandas. Value '3.5879677606665683' has dtype incompatible with int64, please explicitly cast to a compatible dtype first.
  cis_enrichment_matrix.loc[row, col] /= (float(loop_anchors) * float(anchor_proportions[row]) * float(anchor_proportions[col])+1)
/mnt/altnas/work/Kyle.Knightly/chipseq-analysis/chip-scripts/pipeline.py:120: FutureWarning: Setting an item of incompatible dtype is deprecated and will raise an error in a future version of pandas. Value '6.443956423270508' has dtype incompatible with int64, please explicitly cast to a compatible dtype first.
  cis_enrichment_matrix.loc[row, col] /= (float(loop_anchors) * float(anchor_proportions[row]) * float(anchor_proportions[col])+1)
/mnt/altnas/work/Kyle.Knightly/chipseq-analysis/chip-scripts/pipeline.py:120: FutureWarning: Setting an item of incompatible dtype is deprecated and will raise an error in a future version of pandas. Value '3.579306216117338' has dtype incompatible with int64, please explicitly cast to a compatible dtype first.
  cis_enrichment_matrix.loc[row, col] /= (float(loop_anchors) * float(anchor_proportions[row]) * float(anchor_proportions[col])+1)
/mnt/altnas/work/Kyle.Knightly/chipseq-analysis/chip-scripts/pipeline.py:120: FutureWarning: Setting an item of incompatible dtype is deprecated and will raise an error in a future version of pandas. Value '3.6633428569483435' has dtype incompatible with int64, please explicitly cast to a compatible dtype first.
  cis_enrichment_matrix.loc[row, col] /= (float(loop_anchors) * float(anchor_proportions[row]) * float(anchor_proportions[col])+1)
/mnt/altnas/work/Kyle.Knightly/chipseq-analysis/chip-scripts/pipeline.py:120: FutureWarning: Setting an item of incompatible dtype is deprecated and will raise an error in a future version of pandas. Value '1.8454138587375892' has dtype incompatible with int64, please explicitly cast to a compatible dtype first.
  cis_enrichment_matrix.loc[row, col] /= (float(loop_anchors) * float(anchor_proportions[row]) * float(anchor_proportions[col])+1)
/mnt/altnas/work/Kyle.Knightly/chipseq-analysis/chip-scripts/pipeline.py:120: FutureWarning: Setting an item of incompatible dtype is deprecated and will raise an error in a future version of pandas. Value '3.85958809203212' has dtype incompatible with int64, please explicitly cast to a compatible dtype first.
  cis_enrichment_matrix.loc[row, col] /= (float(loop_anchors) * float(anchor_proportions[row]) * float(anchor_proportions[col])+1)
/mnt/altnas/work/Kyle.Knightly/chipseq-analysis/chip-scripts/pipeline.py:120: FutureWarning: Setting an item of incompatible dtype is deprecated and will raise an error in a future version of pandas. Value '2.169081930867681' has dtype incompatible with int64, please explicitly cast to a compatible dtype first.
  cis_enrichment_matrix.loc[row, col] /= (float(loop_anchors) * float(anchor_proportions[row]) * float(anchor_proportions[col])+1)
/mnt/altnas/work/Kyle.Knightly/chipseq-analysis/chip-scripts/pipeline.py:120: FutureWarning: Setting an item of incompatible dtype is deprecated and will raise an error in a future version of pandas. Value '0.7676160314980849' has dtype incompatible with int64, please explicitly cast to a compatible dtype first.
  cis_enrichment_matrix.loc[row, col] /= (float(loop_anchors) * float(anchor_proportions[row]) * float(anchor_proportions[col])+1)
/mnt/altnas/work/Kyle.Knightly/chipseq-analysis/chip-scripts/pipeline.py:120: FutureWarning: Setting an item of incompatible dtype is deprecated and will raise an error in a future version of pandas. Value '2.996422190770087' has dtype incompatible with int64, please explicitly cast to a compatible dtype first.
  cis_enrichment_matrix.loc[row, col] /= (float(loop_anchors) * float(anchor_proportions[row]) * float(anchor_proportions[col])+1)
/mnt/altnas/work/Kyle.Knightly/chipseq-analysis/chip-scripts/pipeline.py:120: FutureWarning: Setting an item of incompatible dtype is deprecated and will raise an error in a future version of pandas. Value '2.2346543879275216' has dtype incompatible with int64, please explicitly cast to a compatible dtype first.
  cis_enrichment_matrix.loc[row, col] /= (float(loop_anchors) * float(anchor_proportions[row]) * float(anchor_proportions[col])+1)
/mnt/altnas/work/Kyle.Knightly/chipseq-analysis/chip-scripts/pipeline.py:120: FutureWarning: Setting an item of incompatible dtype is deprecated and will raise an error in a future version of pandas. Value '5.561854892224493' has dtype incompatible with int64, please explicitly cast to a compatible dtype first.
  cis_enrichment_matrix.loc[row, col] /= (float(loop_anchors) * float(anchor_proportions[row]) * float(anchor_proportions[col])+1)
/mnt/altnas/work/Kyle.Knightly/chipseq-analysis/chip-scripts/pipeline.py:120: FutureWarning: Setting an item of incompatible dtype is deprecated and will raise an error in a future version of pandas. Value '3.452144435648601' has dtype incompatible with int64, please explicitly cast to a compatible dtype first.
  cis_enrichment_matrix.loc[row, col] /= (float(loop_anchors) * float(anchor_proportions[row]) * float(anchor_proportions[col])+1)
/mnt/altnas/work/Kyle.Knightly/chipseq-analysis/chip-scripts/pipeline.py:120: FutureWarning: Setting an item of incompatible dtype is deprecated and will raise an error in a future version of pandas. Value '1.8316055354938567' has dtype incompatible with int64, please explicitly cast to a compatible dtype first.
  cis_enrichment_matrix.loc[row, col] /= (float(loop_anchors) * float(anchor_proportions[row]) * float(anchor_proportions[col])+1)
/mnt/altnas/work/Kyle.Knightly/chipseq-analysis/chip-scripts/pipeline.py:120: FutureWarning: Setting an item of incompatible dtype is deprecated and will raise an error in a future version of pandas. Value '2.8987324569619366' has dtype incompatible with int64, please explicitly cast to a compatible dtype first.
  cis_enrichment_matrix.loc[row, col] /= (float(loop_anchors) * float(anchor_proportions[row]) * float(anchor_proportions[col])+1)
/mnt/altnas/work/Kyle.Knightly/chipseq-analysis/chip-scripts/pipeline.py:120: FutureWarning: Setting an item of incompatible dtype is deprecated and will raise an error in a future version of pandas. Value '1.6850310276978961' has dtype incompatible with int64, please explicitly cast to a compatible dtype first.
  cis_enrichment_matrix.loc[row, col] /= (float(loop_anchors) * float(anchor_proportions[row]) * float(anchor_proportions[col])+1)
/mnt/altnas/work/Kyle.Knightly/chipseq-analysis/chip-scripts/pipeline.py:120: FutureWarning: Setting an item of incompatible dtype is deprecated and will raise an error in a future version of pandas. Value '6.443146359753579' has dtype incompatible with int64, please explicitly cast to a compatible dtype first.
  cis_enrichment_matrix.loc[row, col] /= (float(loop_anchors) * float(anchor_proportions[row]) * float(anchor_proportions[col])+1)
/mnt/altnas/work/Kyle.Knightly/chipseq-analysis/chip-scripts/pipeline.py:120: FutureWarning: Setting an item of incompatible dtype is deprecated and will raise an error in a future version of pandas. Value '3.9699014585705465' has dtype incompatible with int64, please explicitly cast to a compatible dtype first.
  cis_enrichment_matrix.loc[row, col] /= (float(loop_anchors) * float(anchor_proportions[row]) * float(anchor_proportions[col])+1)
/mnt/altnas/work/Kyle.Knightly/chipseq-analysis/chip-scripts/pipeline.py:120: FutureWarning: Setting an item of incompatible dtype is deprecated and will raise an error in a future version of pandas. Value '3.068053807714394' has dtype incompatible with int64, please explicitly cast to a compatible dtype first.
  cis_enrichment_matrix.loc[row, col] /= (float(loop_anchors) * float(anchor_proportions[row]) * float(anchor_proportions[col])+1)
/mnt/altnas/work/Kyle.Knightly/chipseq-analysis/chip-scripts/pipeline.py:120: FutureWarning: Setting an item of incompatible dtype is deprecated and will raise an error in a future version of pandas. Value '2.511284394749635' has dtype incompatible with int64, please explicitly cast to a compatible dtype first.
  cis_enrichment_matrix.loc[row, col] /= (float(loop_anchors) * float(anchor_proportions[row]) * float(anchor_proportions[col])+1)
/mnt/altnas/work/Kyle.Knightly/chipseq-analysis/chip-scripts/pipeline.py:120: FutureWarning: Setting an item of incompatible dtype is deprecated and will raise an error in a future version of pandas. Value '2.342503435047002' has dtype incompatible with int64, please explicitly cast to a compatible dtype first.
  cis_enrichment_matrix.loc[row, col] /= (float(loop_anchors) * float(anchor_proportions[row]) * float(anchor_proportions[col])+1)
/mnt/altnas/work/Kyle.Knightly/chipseq-analysis/chip-scripts/pipeline.py:120: FutureWarning: Setting an item of incompatible dtype is deprecated and will raise an error in a future version of pandas. Value '2.2943913527803392' has dtype incompatible with int64, please explicitly cast to a compatible dtype first.
  cis_enrichment_matrix.loc[row, col] /= (float(loop_anchors) * float(anchor_proportions[row]) * float(anchor_proportions[col])+1)
/mnt/altnas/work/Kyle.Knightly/chipseq-analysis/chip-scripts/pipeline.py:120: FutureWarning: Setting an item of incompatible dtype is deprecated and will raise an error in a future version of pandas. Value '6.567043114884885' has dtype incompatible with int64, please explicitly cast to a compatible dtype first.
  cis_enrichment_matrix.loc[row, col] /= (float(loop_anchors) * float(anchor_proportions[row]) * float(anchor_proportions[col])+1)
/mnt/altnas/work/Kyle.Knightly/chipseq-analysis/chip-scripts/pipeline.py:120: FutureWarning: Setting an item of incompatible dtype is deprecated and will raise an error in a future version of pandas. Value '3.0505170400894306' has dtype incompatible with int64, please explicitly cast to a compatible dtype first.
  cis_enrichment_matrix.loc[row, col] /= (float(loop_anchors) * float(anchor_proportions[row]) * float(anchor_proportions[col])+1)
/mnt/altnas/work/Kyle.Knightly/chipseq-analysis/chip-scripts/pipeline.py:120: FutureWarning: Setting an item of incompatible dtype is deprecated and will raise an error in a future version of pandas. Value '2.590461595243635' has dtype incompatible with int64, please explicitly cast to a compatible dtype first.
  cis_enrichment_matrix.loc[row, col] /= (float(loop_anchors) * float(anchor_proportions[row]) * float(anchor_proportions[col])+1)
/mnt/altnas/work/Kyle.Knightly/chipseq-analysis/chip-scripts/pipeline.py:120: FutureWarning: Setting an item of incompatible dtype is deprecated and will raise an error in a future version of pandas. Value '43.6396225006708' has dtype incompatible with int64, please explicitly cast to a compatible dtype first.
  cis_enrichment_matrix.loc[row, col] /= (float(loop_anchors) * float(anchor_proportions[row]) * float(anchor_proportions[col])+1)
/mnt/altnas/work/Kyle.Knightly/chipseq-analysis/chip-scripts/pipeline.py:120: FutureWarning: Setting an item of incompatible dtype is deprecated and will raise an error in a future version of pandas. Value '43.30477508129128' has dtype incompatible with int64, please explicitly cast to a compatible dtype first.
  cis_enrichment_matrix.loc[row, col] /= (float(loop_anchors) * float(anchor_proportions[row]) * float(anchor_proportions[col])+1)
/mnt/altnas/work/Kyle.Knightly/chipseq-analysis/chip-scripts/pipeline.py:120: FutureWarning: Setting an item of incompatible dtype is deprecated and will raise an error in a future version of pandas. Value '4.654183992832303' has dtype incompatible with int64, please explicitly cast to a compatible dtype first.
  cis_enrichment_matrix.loc[row, col] /= (float(loop_anchors) * float(anchor_proportions[row]) * float(anchor_proportions[col])+1)
/mnt/altnas/work/Kyle.Knightly/chipseq-analysis/chip-scripts/pipeline.py:120: FutureWarning: Setting an item of incompatible dtype is deprecated and will raise an error in a future version of pandas. Value '0.9253011426655318' has dtype incompatible with int64, please explicitly cast to a compatible dtype first.
  cis_enrichment_matrix.loc[row, col] /= (float(loop_anchors) * float(anchor_proportions[row]) * float(anchor_proportions[col])+1)
/mnt/altnas/work/Kyle.Knightly/chipseq-analysis/chip-scripts/pipeline.py:120: FutureWarning: Setting an item of incompatible dtype is deprecated and will raise an error in a future version of pandas. Value '1.1427858451246382' has dtype incompatible with int64, please explicitly cast to a compatible dtype first.
  cis_enrichment_matrix.loc[row, col] /= (float(loop_anchors) * float(anchor_proportions[row]) * float(anchor_proportions[col])+1)
/mnt/altnas/work/Kyle.Knightly/chipseq-analysis/chip-scripts/pipeline.py:120: FutureWarning: Setting an item of incompatible dtype is deprecated and will raise an error in a future version of pandas. Value '2.8302169625246547' has dtype incompatible with int64, please explicitly cast to a compatible dtype first.
  cis_enrichment_matrix.loc[row, col] /= (float(loop_anchors) * float(anchor_proportions[row]) * float(anchor_proportions[col])+1)
/mnt/altnas/work/Kyle.Knightly/chipseq-analysis/chip-scripts/pipeline.py:120: FutureWarning: Setting an item of incompatible dtype is deprecated and will raise an error in a future version of pandas. Value '8.91911523127059' has dtype incompatible with int64, please explicitly cast to a compatible dtype first.
  cis_enrichment_matrix.loc[row, col] /= (float(loop_anchors) * float(anchor_proportions[row]) * float(anchor_proportions[col])+1)
/mnt/altnas/work/Kyle.Knightly/chipseq-analysis/chip-scripts/pipeline.py:120: FutureWarning: Setting an item of incompatible dtype is deprecated and will raise an error in a future version of pandas. Value '4.4961838439498925' has dtype incompatible with int64, please explicitly cast to a compatible dtype first.
  cis_enrichment_matrix.loc[row, col] /= (float(loop_anchors) * float(anchor_proportions[row]) * float(anchor_proportions[col])+1)
/mnt/altnas/work/Kyle.Knightly/chipseq-analysis/chip-scripts/pipeline.py:120: FutureWarning: Setting an item of incompatible dtype is deprecated and will raise an error in a future version of pandas. Value '2.5645892853833097' has dtype incompatible with int64, please explicitly cast to a compatible dtype first.
  cis_enrichment_matrix.loc[row, col] /= (float(loop_anchors) * float(anchor_proportions[row]) * float(anchor_proportions[col])+1)
/mnt/altnas/work/Kyle.Knightly/chipseq-analysis/chip-scripts/pipeline.py:120: FutureWarning: Setting an item of incompatible dtype is deprecated and will raise an error in a future version of pandas. Value '2.4189869149875567' has dtype incompatible with int64, please explicitly cast to a compatible dtype first.
  cis_enrichment_matrix.loc[row, col] /= (float(loop_anchors) * float(anchor_proportions[row]) * float(anchor_proportions[col])+1)
/mnt/altnas/work/Kyle.Knightly/chipseq-analysis/chip-scripts/pipeline.py:120: FutureWarning: Setting an item of incompatible dtype is deprecated and will raise an error in a future version of pandas. Value '3.6657565904106613' has dtype incompatible with int64, please explicitly cast to a compatible dtype first.
  cis_enrichment_matrix.loc[row, col] /= (float(loop_anchors) * float(anchor_proportions[row]) * float(anchor_proportions[col])+1)
/mnt/altnas/work/Kyle.Knightly/chipseq-analysis/chip-scripts/pipeline.py:120: FutureWarning: Setting an item of incompatible dtype is deprecated and will raise an error in a future version of pandas. Value '1.9682681932073816' has dtype incompatible with int64, please explicitly cast to a compatible dtype first.
  cis_enrichment_matrix.loc[row, col] /= (float(loop_anchors) * float(anchor_proportions[row]) * float(anchor_proportions[col])+1)
/mnt/altnas/work/Kyle.Knightly/chipseq-analysis/chip-scripts/pipeline.py:120: FutureWarning: Setting an item of incompatible dtype is deprecated and will raise an error in a future version of pandas. Value '2.524470056532516' has dtype incompatible with int64, please explicitly cast to a compatible dtype first.
  cis_enrichment_matrix.loc[row, col] /= (float(loop_anchors) * float(anchor_proportions[row]) * float(anchor_proportions[col])+1)
/mnt/altnas/work/Kyle.Knightly/chipseq-analysis/chip-scripts/pipeline.py:120: FutureWarning: Setting an item of incompatible dtype is deprecated and will raise an error in a future version of pandas. Value '3.2771870701862125' has dtype incompatible with int64, please explicitly cast to a compatible dtype first.
  cis_enrichment_matrix.loc[row, col] /= (float(loop_anchors) * float(anchor_proportions[row]) * float(anchor_proportions[col])+1)
/mnt/altnas/work/Kyle.Knightly/chipseq-analysis/chip-scripts/pipeline.py:120: FutureWarning: Setting an item of incompatible dtype is deprecated and will raise an error in a future version of pandas. Value '3.008323141968622' has dtype incompatible with int64, please explicitly cast to a compatible dtype first.
  cis_enrichment_matrix.loc[row, col] /= (float(loop_anchors) * float(anchor_proportions[row]) * float(anchor_proportions[col])+1)
/mnt/altnas/work/Kyle.Knightly/chipseq-analysis/chip-scripts/pipeline.py:120: FutureWarning: Setting an item of incompatible dtype is deprecated and will raise an error in a future version of pandas. Value '5.286252657259263' has dtype incompatible with int64, please explicitly cast to a compatible dtype first.
  cis_enrichment_matrix.loc[row, col] /= (float(loop_anchors) * float(anchor_proportions[row]) * float(anchor_proportions[col])+1)
/mnt/altnas/work/Kyle.Knightly/chipseq-analysis/chip-scripts/pipeline.py:120: FutureWarning: Setting an item of incompatible dtype is deprecated and will raise an error in a future version of pandas. Value '2.1737552600572294' has dtype incompatible with int64, please explicitly cast to a compatible dtype first.
  cis_enrichment_matrix.loc[row, col] /= (float(loop_anchors) * float(anchor_proportions[row]) * float(anchor_proportions[col])+1)
/mnt/altnas/work/Kyle.Knightly/chipseq-analysis/chip-scripts/pipeline.py:120: FutureWarning: Setting an item of incompatible dtype is deprecated and will raise an error in a future version of pandas. Value '1.1322207756341973' has dtype incompatible with int64, please explicitly cast to a compatible dtype first.
  cis_enrichment_matrix.loc[row, col] /= (float(loop_anchors) * float(anchor_proportions[row]) * float(anchor_proportions[col])+1)
/mnt/altnas/work/Kyle.Knightly/chipseq-analysis/chip-scripts/pipeline.py:120: FutureWarning: Setting an item of incompatible dtype is deprecated and will raise an error in a future version of pandas. Value '2.3032793463779515' has dtype incompatible with int64, please explicitly cast to a compatible dtype first.
  cis_enrichment_matrix.loc[row, col] /= (float(loop_anchors) * float(anchor_proportions[row]) * float(anchor_proportions[col])+1)
/mnt/altnas/work/Kyle.Knightly/chipseq-analysis/chip-scripts/pipeline.py:120: FutureWarning: Setting an item of incompatible dtype is deprecated and will raise an error in a future version of pandas. Value '7.06629431812819' has dtype incompatible with int64, please explicitly cast to a compatible dtype first.
  cis_enrichment_matrix.loc[row, col] /= (float(loop_anchors) * float(anchor_proportions[row]) * float(anchor_proportions[col])+1)
/mnt/altnas/work/Kyle.Knightly/chipseq-analysis/chip-scripts/pipeline.py:120: FutureWarning: Setting an item of incompatible dtype is deprecated and will raise an error in a future version of pandas. Value '7.1093460401821265' has dtype incompatible with int64, please explicitly cast to a compatible dtype first.
  cis_enrichment_matrix.loc[row, col] /= (float(loop_anchors) * float(anchor_proportions[row]) * float(anchor_proportions[col])+1)
/mnt/altnas/work/Kyle.Knightly/chipseq-analysis/chip-scripts/pipeline.py:120: FutureWarning: Setting an item of incompatible dtype is deprecated and will raise an error in a future version of pandas. Value '4.877774707722506' has dtype incompatible with int64, please explicitly cast to a compatible dtype first.
  cis_enrichment_matrix.loc[row, col] /= (float(loop_anchors) * float(anchor_proportions[row]) * float(anchor_proportions[col])+1)
/mnt/altnas/work/Kyle.Knightly/chipseq-analysis/chip-scripts/pipeline.py:120: FutureWarning: Setting an item of incompatible dtype is deprecated and will raise an error in a future version of pandas. Value '2.5735359395947577' has dtype incompatible with int64, please explicitly cast to a compatible dtype first.
  cis_enrichment_matrix.loc[row, col] /= (float(loop_anchors) * float(anchor_proportions[row]) * float(anchor_proportions[col])+1)
/mnt/altnas/work/Kyle.Knightly/chipseq-analysis/chip-scripts/pipeline.py:120: FutureWarning: Setting an item of incompatible dtype is deprecated and will raise an error in a future version of pandas. Value '3.9439969634700205' has dtype incompatible with int64, please explicitly cast to a compatible dtype first.
  cis_enrichment_matrix.loc[row, col] /= (float(loop_anchors) * float(anchor_proportions[row]) * float(anchor_proportions[col])+1)
/mnt/altnas/work/Kyle.Knightly/chipseq-analysis/chip-scripts/pipeline.py:120: FutureWarning: Setting an item of incompatible dtype is deprecated and will raise an error in a future version of pandas. Value '1.660389875878455' has dtype incompatible with int64, please explicitly cast to a compatible dtype first.
  cis_enrichment_matrix.loc[row, col] /= (float(loop_anchors) * float(anchor_proportions[row]) * float(anchor_proportions[col])+1)
/mnt/altnas/work/Kyle.Knightly/chipseq-analysis/chip-scripts/pipeline.py:120: FutureWarning: Setting an item of incompatible dtype is deprecated and will raise an error in a future version of pandas. Value '2.3657774251632233' has dtype incompatible with int64, please explicitly cast to a compatible dtype first.
  cis_enrichment_matrix.loc[row, col] /= (float(loop_anchors) * float(anchor_proportions[row]) * float(anchor_proportions[col])+1)
/mnt/altnas/work/Kyle.Knightly/chipseq-analysis/chip-scripts/pipeline.py:120: FutureWarning: Setting an item of incompatible dtype is deprecated and will raise an error in a future version of pandas. Value '4.097925640215835' has dtype incompatible with int64, please explicitly cast to a compatible dtype first.
  cis_enrichment_matrix.loc[row, col] /= (float(loop_anchors) * float(anchor_proportions[row]) * float(anchor_proportions[col])+1)
/mnt/altnas/work/Kyle.Knightly/chipseq-analysis/chip-scripts/pipeline.py:120: FutureWarning: Setting an item of incompatible dtype is deprecated and will raise an error in a future version of pandas. Value '2.709657114321803' has dtype incompatible with int64, please explicitly cast to a compatible dtype first.
  cis_enrichment_matrix.loc[row, col] /= (float(loop_anchors) * float(anchor_proportions[row]) * float(anchor_proportions[col])+1)
/mnt/altnas/work/Kyle.Knightly/chipseq-analysis/chip-scripts/pipeline.py:120: FutureWarning: Setting an item of incompatible dtype is deprecated and will raise an error in a future version of pandas. Value '3.1991094015213895' has dtype incompatible with int64, please explicitly cast to a compatible dtype first.
  cis_enrichment_matrix.loc[row, col] /= (float(loop_anchors) * float(anchor_proportions[row]) * float(anchor_proportions[col])+1)
/mnt/altnas/work/Kyle.Knightly/chipseq-analysis/chip-scripts/pipeline.py:120: FutureWarning: Setting an item of incompatible dtype is deprecated and will raise an error in a future version of pandas. Value '1.5318503862755635' has dtype incompatible with int64, please explicitly cast to a compatible dtype first.
  cis_enrichment_matrix.loc[row, col] /= (float(loop_anchors) * float(anchor_proportions[row]) * float(anchor_proportions[col])+1)
/mnt/altnas/work/Kyle.Knightly/chipseq-analysis/chip-scripts/pipeline.py:120: FutureWarning: Setting an item of incompatible dtype is deprecated and will raise an error in a future version of pandas. Value '2.425421866636617' has dtype incompatible with int64, please explicitly cast to a compatible dtype first.
  cis_enrichment_matrix.loc[row, col] /= (float(loop_anchors) * float(anchor_proportions[row]) * float(anchor_proportions[col])+1)
/mnt/altnas/work/Kyle.Knightly/chipseq-analysis/chip-scripts/pipeline.py:120: FutureWarning: Setting an item of incompatible dtype is deprecated and will raise an error in a future version of pandas. Value '3.5063472088164502' has dtype incompatible with int64, please explicitly cast to a compatible dtype first.
  cis_enrichment_matrix.loc[row, col] /= (float(loop_anchors) * float(anchor_proportions[row]) * float(anchor_proportions[col])+1)
/mnt/altnas/work/Kyle.Knightly/chipseq-analysis/chip-scripts/pipeline.py:120: FutureWarning: Setting an item of incompatible dtype is deprecated and will raise an error in a future version of pandas. Value '2.409515457954736' has dtype incompatible with int64, please explicitly cast to a compatible dtype first.
  cis_enrichment_matrix.loc[row, col] /= (float(loop_anchors) * float(anchor_proportions[row]) * float(anchor_proportions[col])+1)
/mnt/altnas/work/Kyle.Knightly/chipseq-analysis/chip-scripts/pipeline.py:120: FutureWarning: Setting an item of incompatible dtype is deprecated and will raise an error in a future version of pandas. Value '0.8560281262179942' has dtype incompatible with int64, please explicitly cast to a compatible dtype first.
  cis_enrichment_matrix.loc[row, col] /= (float(loop_anchors) * float(anchor_proportions[row]) * float(anchor_proportions[col])+1)
/mnt/altnas/work/Kyle.Knightly/chipseq-analysis/chip-scripts/pipeline.py:120: FutureWarning: Setting an item of incompatible dtype is deprecated and will raise an error in a future version of pandas. Value '3.0448286443676915' has dtype incompatible with int64, please explicitly cast to a compatible dtype first.
  cis_enrichment_matrix.loc[row, col] /= (float(loop_anchors) * float(anchor_proportions[row]) * float(anchor_proportions[col])+1)
/mnt/altnas/work/Kyle.Knightly/chipseq-analysis/chip-scripts/pipeline.py:120: FutureWarning: Setting an item of incompatible dtype is deprecated and will raise an error in a future version of pandas. Value '9.524691428065692' has dtype incompatible with int64, please explicitly cast to a compatible dtype first.
  cis_enrichment_matrix.loc[row, col] /= (float(loop_anchors) * float(anchor_proportions[row]) * float(anchor_proportions[col])+1)
/mnt/altnas/work/Kyle.Knightly/chipseq-analysis/chip-scripts/pipeline.py:120: FutureWarning: Setting an item of incompatible dtype is deprecated and will raise an error in a future version of pandas. Value '2.9722847476351584' has dtype incompatible with int64, please explicitly cast to a compatible dtype first.
  cis_enrichment_matrix.loc[row, col] /= (float(loop_anchors) * float(anchor_proportions[row]) * float(anchor_proportions[col])+1)
/mnt/altnas/work/Kyle.Knightly/chipseq-analysis/chip-scripts/pipeline.py:120: FutureWarning: Setting an item of incompatible dtype is deprecated and will raise an error in a future version of pandas. Value '3.8466221706464476' has dtype incompatible with int64, please explicitly cast to a compatible dtype first.
  cis_enrichment_matrix.loc[row, col] /= (float(loop_anchors) * float(anchor_proportions[row]) * float(anchor_proportions[col])+1)
/mnt/altnas/work/Kyle.Knightly/chipseq-analysis/chip-scripts/pipeline.py:120: FutureWarning: Setting an item of incompatible dtype is deprecated and will raise an error in a future version of pandas. Value '2.1035593916056774' has dtype incompatible with int64, please explicitly cast to a compatible dtype first.
  cis_enrichment_matrix.loc[row, col] /= (float(loop_anchors) * float(anchor_proportions[row]) * float(anchor_proportions[col])+1)
/mnt/altnas/work/Kyle.Knightly/chipseq-analysis/chip-scripts/pipeline.py:120: FutureWarning: Setting an item of incompatible dtype is deprecated and will raise an error in a future version of pandas. Value '2.3505524667464286' has dtype incompatible with int64, please explicitly cast to a compatible dtype first.
  cis_enrichment_matrix.loc[row, col] /= (float(loop_anchors) * float(anchor_proportions[row]) * float(anchor_proportions[col])+1)
/mnt/altnas/work/Kyle.Knightly/chipseq-analysis/chip-scripts/pipeline.py:120: FutureWarning: Setting an item of incompatible dtype is deprecated and will raise an error in a future version of pandas. Value '14.363780833521673' has dtype incompatible with int64, please explicitly cast to a compatible dtype first.
  cis_enrichment_matrix.loc[row, col] /= (float(loop_anchors) * float(anchor_proportions[row]) * float(anchor_proportions[col])+1)
/mnt/altnas/work/Kyle.Knightly/chipseq-analysis/chip-scripts/pipeline.py:120: FutureWarning: Setting an item of incompatible dtype is deprecated and will raise an error in a future version of pandas. Value '4.647734953131376' has dtype incompatible with int64, please explicitly cast to a compatible dtype first.
  cis_enrichment_matrix.loc[row, col] /= (float(loop_anchors) * float(anchor_proportions[row]) * float(anchor_proportions[col])+1)
/mnt/altnas/work/Kyle.Knightly/chipseq-analysis/chip-scripts/pipeline.py:120: FutureWarning: Setting an item of incompatible dtype is deprecated and will raise an error in a future version of pandas. Value '6.018389383307882' has dtype incompatible with int64, please explicitly cast to a compatible dtype first.
  cis_enrichment_matrix.loc[row, col] /= (float(loop_anchors) * float(anchor_proportions[row]) * float(anchor_proportions[col])+1)
/mnt/altnas/work/Kyle.Knightly/chipseq-analysis/chip-scripts/pipeline.py:120: FutureWarning: Setting an item of incompatible dtype is deprecated and will raise an error in a future version of pandas. Value '0.9758572380680351' has dtype incompatible with int64, please explicitly cast to a compatible dtype first.
  cis_enrichment_matrix.loc[row, col] /= (float(loop_anchors) * float(anchor_proportions[row]) * float(anchor_proportions[col])+1)
/mnt/altnas/work/Kyle.Knightly/chipseq-analysis/chip-scripts/pipeline.py:120: FutureWarning: Setting an item of incompatible dtype is deprecated and will raise an error in a future version of pandas. Value '7.330961258123261' has dtype incompatible with int64, please explicitly cast to a compatible dtype first.
  cis_enrichment_matrix.loc[row, col] /= (float(loop_anchors) * float(anchor_proportions[row]) * float(anchor_proportions[col])+1)
/mnt/altnas/work/Kyle.Knightly/chipseq-analysis/chip-scripts/pipeline.py:120: FutureWarning: Setting an item of incompatible dtype is deprecated and will raise an error in a future version of pandas. Value '1.5160381478298843' has dtype incompatible with int64, please explicitly cast to a compatible dtype first.
  cis_enrichment_matrix.loc[row, col] /= (float(loop_anchors) * float(anchor_proportions[row]) * float(anchor_proportions[col])+1)
/mnt/altnas/work/Kyle.Knightly/chipseq-analysis/chip-scripts/pipeline.py:120: FutureWarning: Setting an item of incompatible dtype is deprecated and will raise an error in a future version of pandas. Value '2.2012026753390197' has dtype incompatible with int64, please explicitly cast to a compatible dtype first.
  cis_enrichment_matrix.loc[row, col] /= (float(loop_anchors) * float(anchor_proportions[row]) * float(anchor_proportions[col])+1)
/mnt/altnas/work/Kyle.Knightly/chipseq-analysis/chip-scripts/pipeline.py:120: FutureWarning: Setting an item of incompatible dtype is deprecated and will raise an error in a future version of pandas. Value '3.9205321656387406' has dtype incompatible with int64, please explicitly cast to a compatible dtype first.
  cis_enrichment_matrix.loc[row, col] /= (float(loop_anchors) * float(anchor_proportions[row]) * float(anchor_proportions[col])+1)
/mnt/altnas/work/Kyle.Knightly/chipseq-analysis/chip-scripts/pipeline.py:120: FutureWarning: Setting an item of incompatible dtype is deprecated and will raise an error in a future version of pandas. Value '1.747274424645858' has dtype incompatible with int64, please explicitly cast to a compatible dtype first.
  cis_enrichment_matrix.loc[row, col] /= (float(loop_anchors) * float(anchor_proportions[row]) * float(anchor_proportions[col])+1)
/mnt/altnas/work/Kyle.Knightly/chipseq-analysis/chip-scripts/pipeline.py:120: FutureWarning: Setting an item of incompatible dtype is deprecated and will raise an error in a future version of pandas. Value '4.443891907197338' has dtype incompatible with int64, please explicitly cast to a compatible dtype first.
  cis_enrichment_matrix.loc[row, col] /= (float(loop_anchors) * float(anchor_proportions[row]) * float(anchor_proportions[col])+1)
/mnt/altnas/work/Kyle.Knightly/chipseq-analysis/chip-scripts/pipeline.py:120: FutureWarning: Setting an item of incompatible dtype is deprecated and will raise an error in a future version of pandas. Value '4.751200628010193' has dtype incompatible with int64, please explicitly cast to a compatible dtype first.
  cis_enrichment_matrix.loc[row, col] /= (float(loop_anchors) * float(anchor_proportions[row]) * float(anchor_proportions[col])+1)
/mnt/altnas/work/Kyle.Knightly/chipseq-analysis/chip-scripts/pipeline.py:120: FutureWarning: Setting an item of incompatible dtype is deprecated and will raise an error in a future version of pandas. Value '3.6973189392037424' has dtype incompatible with int64, please explicitly cast to a compatible dtype first.
  cis_enrichment_matrix.loc[row, col] /= (float(loop_anchors) * float(anchor_proportions[row]) * float(anchor_proportions[col])+1)
/mnt/altnas/work/Kyle.Knightly/chipseq-analysis/chip-scripts/pipeline.py:120: FutureWarning: Setting an item of incompatible dtype is deprecated and will raise an error in a future version of pandas. Value '2.286279786141699' has dtype incompatible with int64, please explicitly cast to a compatible dtype first.
  cis_enrichment_matrix.loc[row, col] /= (float(loop_anchors) * float(anchor_proportions[row]) * float(anchor_proportions[col])+1)
/mnt/altnas/work/Kyle.Knightly/chipseq-analysis/chip-scripts/pipeline.py:120: FutureWarning: Setting an item of incompatible dtype is deprecated and will raise an error in a future version of pandas. Value '3.541888693747737' has dtype incompatible with int64, please explicitly cast to a compatible dtype first.
  cis_enrichment_matrix.loc[row, col] /= (float(loop_anchors) * float(anchor_proportions[row]) * float(anchor_proportions[col])+1)
/mnt/altnas/work/Kyle.Knightly/chipseq-analysis/chip-scripts/pipeline.py:120: FutureWarning: Setting an item of incompatible dtype is deprecated and will raise an error in a future version of pandas. Value '3.646108694823592' has dtype incompatible with int64, please explicitly cast to a compatible dtype first.
  cis_enrichment_matrix.loc[row, col] /= (float(loop_anchors) * float(anchor_proportions[row]) * float(anchor_proportions[col])+1)
/mnt/altnas/work/Kyle.Knightly/chipseq-analysis/chip-scripts/pipeline.py:120: FutureWarning: Setting an item of incompatible dtype is deprecated and will raise an error in a future version of pandas. Value '2.027721477079111' has dtype incompatible with int64, please explicitly cast to a compatible dtype first.
  cis_enrichment_matrix.loc[row, col] /= (float(loop_anchors) * float(anchor_proportions[row]) * float(anchor_proportions[col])+1)
/mnt/altnas/work/Kyle.Knightly/chipseq-analysis/chip-scripts/pipeline.py:120: FutureWarning: Setting an item of incompatible dtype is deprecated and will raise an error in a future version of pandas. Value '1.928147467513687' has dtype incompatible with int64, please explicitly cast to a compatible dtype first.
  cis_enrichment_matrix.loc[row, col] /= (float(loop_anchors) * float(anchor_proportions[row]) * float(anchor_proportions[col])+1)
/mnt/altnas/work/Kyle.Knightly/chipseq-analysis/chip-scripts/pipeline.py:120: FutureWarning: Setting an item of incompatible dtype is deprecated and will raise an error in a future version of pandas. Value '2.4223292120491853' has dtype incompatible with int64, please explicitly cast to a compatible dtype first.
  cis_enrichment_matrix.loc[row, col] /= (float(loop_anchors) * float(anchor_proportions[row]) * float(anchor_proportions[col])+1)
/mnt/altnas/work/Kyle.Knightly/chipseq-analysis/chip-scripts/pipeline.py:120: FutureWarning: Setting an item of incompatible dtype is deprecated and will raise an error in a future version of pandas. Value '4.665639706036599' has dtype incompatible with int64, please explicitly cast to a compatible dtype first.
  cis_enrichment_matrix.loc[row, col] /= (float(loop_anchors) * float(anchor_proportions[row]) * float(anchor_proportions[col])+1)
/mnt/altnas/work/Kyle.Knightly/chipseq-analysis/chip-scripts/pipeline.py:120: FutureWarning: Setting an item of incompatible dtype is deprecated and will raise an error in a future version of pandas. Value '2.092736995624696' has dtype incompatible with int64, please explicitly cast to a compatible dtype first.
  cis_enrichment_matrix.loc[row, col] /= (float(loop_anchors) * float(anchor_proportions[row]) * float(anchor_proportions[col])+1)
/mnt/altnas/work/Kyle.Knightly/chipseq-analysis/chip-scripts/pipeline.py:120: FutureWarning: Setting an item of incompatible dtype is deprecated and will raise an error in a future version of pandas. Value '8.992488844932021' has dtype incompatible with int64, please explicitly cast to a compatible dtype first.
  cis_enrichment_matrix.loc[row, col] /= (float(loop_anchors) * float(anchor_proportions[row]) * float(anchor_proportions[col])+1)
/mnt/altnas/work/Kyle.Knightly/chipseq-analysis/chip-scripts/pipeline.py:120: FutureWarning: Setting an item of incompatible dtype is deprecated and will raise an error in a future version of pandas. Value '2.077897754972993' has dtype incompatible with int64, please explicitly cast to a compatible dtype first.
  cis_enrichment_matrix.loc[row, col] /= (float(loop_anchors) * float(anchor_proportions[row]) * float(anchor_proportions[col])+1)
/mnt/altnas/work/Kyle.Knightly/chipseq-analysis/chip-scripts/pipeline.py:120: FutureWarning: Setting an item of incompatible dtype is deprecated and will raise an error in a future version of pandas. Value '0.9900096591693115' has dtype incompatible with int64, please explicitly cast to a compatible dtype first.
  cis_enrichment_matrix.loc[row, col] /= (float(loop_anchors) * float(anchor_proportions[row]) * float(anchor_proportions[col])+1)
/mnt/altnas/work/Kyle.Knightly/chipseq-analysis/chip-scripts/pipeline.py:120: FutureWarning: Setting an item of incompatible dtype is deprecated and will raise an error in a future version of pandas. Value '4.643403410745682' has dtype incompatible with int64, please explicitly cast to a compatible dtype first.
  cis_enrichment_matrix.loc[row, col] /= (float(loop_anchors) * float(anchor_proportions[row]) * float(anchor_proportions[col])+1)
/mnt/altnas/work/Kyle.Knightly/chipseq-analysis/chip-scripts/pipeline.py:120: FutureWarning: Setting an item of incompatible dtype is deprecated and will raise an error in a future version of pandas. Value '2.7555942856264966' has dtype incompatible with int64, please explicitly cast to a compatible dtype first.
  cis_enrichment_matrix.loc[row, col] /= (float(loop_anchors) * float(anchor_proportions[row]) * float(anchor_proportions[col])+1)
/mnt/altnas/work/Kyle.Knightly/chipseq-analysis/chip-scripts/pipeline.py:120: FutureWarning: Setting an item of incompatible dtype is deprecated and will raise an error in a future version of pandas. Value '3.9264611719292994' has dtype incompatible with int64, please explicitly cast to a compatible dtype first.
  cis_enrichment_matrix.loc[row, col] /= (float(loop_anchors) * float(anchor_proportions[row]) * float(anchor_proportions[col])+1)
/mnt/altnas/work/Kyle.Knightly/chipseq-analysis/chip-scripts/pipeline.py:120: FutureWarning: Setting an item of incompatible dtype is deprecated and will raise an error in a future version of pandas. Value '3.0568930861115704' has dtype incompatible with int64, please explicitly cast to a compatible dtype first.
  cis_enrichment_matrix.loc[row, col] /= (float(loop_anchors) * float(anchor_proportions[row]) * float(anchor_proportions[col])+1)
/mnt/altnas/work/Kyle.Knightly/chipseq-analysis/chip-scripts/pipeline.py:120: FutureWarning: Setting an item of incompatible dtype is deprecated and will raise an error in a future version of pandas. Value '2.9547916674838106' has dtype incompatible with int64, please explicitly cast to a compatible dtype first.
  cis_enrichment_matrix.loc[row, col] /= (float(loop_anchors) * float(anchor_proportions[row]) * float(anchor_proportions[col])+1)
/mnt/altnas/work/Kyle.Knightly/chipseq-analysis/chip-scripts/pipeline.py:120: FutureWarning: Setting an item of incompatible dtype is deprecated and will raise an error in a future version of pandas. Value '1.768057369575396' has dtype incompatible with int64, please explicitly cast to a compatible dtype first.
  cis_enrichment_matrix.loc[row, col] /= (float(loop_anchors) * float(anchor_proportions[row]) * float(anchor_proportions[col])+1)
/mnt/altnas/work/Kyle.Knightly/chipseq-analysis/chip-scripts/pipeline.py:120: FutureWarning: Setting an item of incompatible dtype is deprecated and will raise an error in a future version of pandas. Value '1.5642069155971572' has dtype incompatible with int64, please explicitly cast to a compatible dtype first.
  cis_enrichment_matrix.loc[row, col] /= (float(loop_anchors) * float(anchor_proportions[row]) * float(anchor_proportions[col])+1)
/mnt/altnas/work/Kyle.Knightly/chipseq-analysis/chip-scripts/pipeline.py:120: FutureWarning: Setting an item of incompatible dtype is deprecated and will raise an error in a future version of pandas. Value '5.066052612997121' has dtype incompatible with int64, please explicitly cast to a compatible dtype first.
  cis_enrichment_matrix.loc[row, col] /= (float(loop_anchors) * float(anchor_proportions[row]) * float(anchor_proportions[col])+1)
/mnt/altnas/work/Kyle.Knightly/chipseq-analysis/chip-scripts/pipeline.py:120: FutureWarning: Setting an item of incompatible dtype is deprecated and will raise an error in a future version of pandas. Value '1.4185546083351732' has dtype incompatible with int64, please explicitly cast to a compatible dtype first.
  cis_enrichment_matrix.loc[row, col] /= (float(loop_anchors) * float(anchor_proportions[row]) * float(anchor_proportions[col])+1)
/mnt/altnas/work/Kyle.Knightly/chipseq-analysis/chip-scripts/pipeline.py:120: FutureWarning: Setting an item of incompatible dtype is deprecated and will raise an error in a future version of pandas. Value '2.0657873584040964' has dtype incompatible with int64, please explicitly cast to a compatible dtype first.
  cis_enrichment_matrix.loc[row, col] /= (float(loop_anchors) * float(anchor_proportions[row]) * float(anchor_proportions[col])+1)
/mnt/altnas/work/Kyle.Knightly/chipseq-analysis/chip-scripts/pipeline.py:120: FutureWarning: Setting an item of incompatible dtype is deprecated and will raise an error in a future version of pandas. Value '27.44372515947118' has dtype incompatible with int64, please explicitly cast to a compatible dtype first.
  cis_enrichment_matrix.loc[row, col] /= (float(loop_anchors) * float(anchor_proportions[row]) * float(anchor_proportions[col])+1)
/mnt/altnas/work/Kyle.Knightly/chipseq-analysis/chip-scripts/pipeline.py:120: FutureWarning: Setting an item of incompatible dtype is deprecated and will raise an error in a future version of pandas. Value '3.9952295876934496' has dtype incompatible with int64, please explicitly cast to a compatible dtype first.
  cis_enrichment_matrix.loc[row, col] /= (float(loop_anchors) * float(anchor_proportions[row]) * float(anchor_proportions[col])+1)
/mnt/altnas/work/Kyle.Knightly/chipseq-analysis/chip-scripts/pipeline.py:120: FutureWarning: Setting an item of incompatible dtype is deprecated and will raise an error in a future version of pandas. Value '4.751200628010193' has dtype incompatible with int64, please explicitly cast to a compatible dtype first.
  cis_enrichment_matrix.loc[row, col] /= (float(loop_anchors) * float(anchor_proportions[row]) * float(anchor_proportions[col])+1)
/mnt/altnas/work/Kyle.Knightly/chipseq-analysis/chip-scripts/pipeline.py:120: FutureWarning: Setting an item of incompatible dtype is deprecated and will raise an error in a future version of pandas. Value '3.035037780865341' has dtype incompatible with int64, please explicitly cast to a compatible dtype first.
  cis_enrichment_matrix.loc[row, col] /= (float(loop_anchors) * float(anchor_proportions[row]) * float(anchor_proportions[col])+1)
/mnt/altnas/work/Kyle.Knightly/chipseq-analysis/chip-scripts/pipeline.py:120: FutureWarning: Setting an item of incompatible dtype is deprecated and will raise an error in a future version of pandas. Value '1.4853731755287947' has dtype incompatible with int64, please explicitly cast to a compatible dtype first.
  cis_enrichment_matrix.loc[row, col] /= (float(loop_anchors) * float(anchor_proportions[row]) * float(anchor_proportions[col])+1)
/mnt/altnas/work/Kyle.Knightly/chipseq-analysis/chip-scripts/pipeline.py:120: FutureWarning: Setting an item of incompatible dtype is deprecated and will raise an error in a future version of pandas. Value '1.535807173208036' has dtype incompatible with int64, please explicitly cast to a compatible dtype first.
  cis_enrichment_matrix.loc[row, col] /= (float(loop_anchors) * float(anchor_proportions[row]) * float(anchor_proportions[col])+1)
/mnt/altnas/work/Kyle.Knightly/chipseq-analysis/chip-scripts/pipeline.py:120: FutureWarning: Setting an item of incompatible dtype is deprecated and will raise an error in a future version of pandas. Value '0.7716006452769313' has dtype incompatible with int64, please explicitly cast to a compatible dtype first.
  cis_enrichment_matrix.loc[row, col] /= (float(loop_anchors) * float(anchor_proportions[row]) * float(anchor_proportions[col])+1)
/mnt/altnas/work/Kyle.Knightly/chipseq-analysis/chip-scripts/pipeline.py:120: FutureWarning: Setting an item of incompatible dtype is deprecated and will raise an error in a future version of pandas. Value '0.9769956333463455' has dtype incompatible with int64, please explicitly cast to a compatible dtype first.
  cis_enrichment_matrix.loc[row, col] /= (float(loop_anchors) * float(anchor_proportions[row]) * float(anchor_proportions[col])+1)
/mnt/altnas/work/Kyle.Knightly/chipseq-analysis/chip-scripts/pipeline.py:120: FutureWarning: Setting an item of incompatible dtype is deprecated and will raise an error in a future version of pandas. Value '3.012395145109871' has dtype incompatible with int64, please explicitly cast to a compatible dtype first.
  cis_enrichment_matrix.loc[row, col] /= (float(loop_anchors) * float(anchor_proportions[row]) * float(anchor_proportions[col])+1)
/mnt/altnas/work/Kyle.Knightly/chipseq-analysis/chip-scripts/pipeline.py:120: FutureWarning: Setting an item of incompatible dtype is deprecated and will raise an error in a future version of pandas. Value '7.513386540069372' has dtype incompatible with int64, please explicitly cast to a compatible dtype first.
  cis_enrichment_matrix.loc[row, col] /= (float(loop_anchors) * float(anchor_proportions[row]) * float(anchor_proportions[col])+1)
/mnt/altnas/work/Kyle.Knightly/chipseq-analysis/chip-scripts/pipeline.py:120: FutureWarning: Setting an item of incompatible dtype is deprecated and will raise an error in a future version of pandas. Value '2.004286158978984' has dtype incompatible with int64, please explicitly cast to a compatible dtype first.
  cis_enrichment_matrix.loc[row, col] /= (float(loop_anchors) * float(anchor_proportions[row]) * float(anchor_proportions[col])+1)
/mnt/altnas/work/Kyle.Knightly/chipseq-analysis/chip-scripts/pipeline.py:120: FutureWarning: Setting an item of incompatible dtype is deprecated and will raise an error in a future version of pandas. Value '5.429808218768511' has dtype incompatible with int64, please explicitly cast to a compatible dtype first.
  cis_enrichment_matrix.loc[row, col] /= (float(loop_anchors) * float(anchor_proportions[row]) * float(anchor_proportions[col])+1)
/mnt/altnas/work/Kyle.Knightly/chipseq-analysis/chip-scripts/pipeline.py:120: FutureWarning: Setting an item of incompatible dtype is deprecated and will raise an error in a future version of pandas. Value '1.3690852537640017' has dtype incompatible with int64, please explicitly cast to a compatible dtype first.
  cis_enrichment_matrix.loc[row, col] /= (float(loop_anchors) * float(anchor_proportions[row]) * float(anchor_proportions[col])+1)
/mnt/altnas/work/Kyle.Knightly/chipseq-analysis/chip-scripts/pipeline.py:120: FutureWarning: Setting an item of incompatible dtype is deprecated and will raise an error in a future version of pandas. Value '2.1968249061731777' has dtype incompatible with int64, please explicitly cast to a compatible dtype first.
  cis_enrichment_matrix.loc[row, col] /= (float(loop_anchors) * float(anchor_proportions[row]) * float(anchor_proportions[col])+1)
/mnt/altnas/work/Kyle.Knightly/chipseq-analysis/chip-scripts/pipeline.py:120: FutureWarning: Setting an item of incompatible dtype is deprecated and will raise an error in a future version of pandas. Value '2.517859962917254' has dtype incompatible with int64, please explicitly cast to a compatible dtype first.
  cis_enrichment_matrix.loc[row, col] /= (float(loop_anchors) * float(anchor_proportions[row]) * float(anchor_proportions[col])+1)
/mnt/altnas/work/Kyle.Knightly/chipseq-analysis/chip-scripts/pipeline.py:120: FutureWarning: Setting an item of incompatible dtype is deprecated and will raise an error in a future version of pandas. Value '1.1950717545723415' has dtype incompatible with int64, please explicitly cast to a compatible dtype first.
  cis_enrichment_matrix.loc[row, col] /= (float(loop_anchors) * float(anchor_proportions[row]) * float(anchor_proportions[col])+1)
/mnt/altnas/work/Kyle.Knightly/chipseq-analysis/chip-scripts/pipeline.py:120: FutureWarning: Setting an item of incompatible dtype is deprecated and will raise an error in a future version of pandas. Value '3.8752724925834925' has dtype incompatible with int64, please explicitly cast to a compatible dtype first.
  cis_enrichment_matrix.loc[row, col] /= (float(loop_anchors) * float(anchor_proportions[row]) * float(anchor_proportions[col])+1)
/mnt/altnas/work/Kyle.Knightly/chipseq-analysis/chip-scripts/pipeline.py:120: FutureWarning: Setting an item of incompatible dtype is deprecated and will raise an error in a future version of pandas. Value '1.5553114770682641' has dtype incompatible with int64, please explicitly cast to a compatible dtype first.
  cis_enrichment_matrix.loc[row, col] /= (float(loop_anchors) * float(anchor_proportions[row]) * float(anchor_proportions[col])+1)
/mnt/altnas/work/Kyle.Knightly/chipseq-analysis/chip-scripts/pipeline.py:120: FutureWarning: Setting an item of incompatible dtype is deprecated and will raise an error in a future version of pandas. Value '3.00213023333663' has dtype incompatible with int64, please explicitly cast to a compatible dtype first.
  cis_enrichment_matrix.loc[row, col] /= (float(loop_anchors) * float(anchor_proportions[row]) * float(anchor_proportions[col])+1)
/mnt/altnas/work/Kyle.Knightly/chipseq-analysis/chip-scripts/pipeline.py:120: FutureWarning: Setting an item of incompatible dtype is deprecated and will raise an error in a future version of pandas. Value '2.964950676104988' has dtype incompatible with int64, please explicitly cast to a compatible dtype first.
  cis_enrichment_matrix.loc[row, col] /= (float(loop_anchors) * float(anchor_proportions[row]) * float(anchor_proportions[col])+1)
/mnt/altnas/work/Kyle.Knightly/chipseq-analysis/chip-scripts/pipeline.py:120: FutureWarning: Setting an item of incompatible dtype is deprecated and will raise an error in a future version of pandas. Value '4.568655706155794' has dtype incompatible with int64, please explicitly cast to a compatible dtype first.
  cis_enrichment_matrix.loc[row, col] /= (float(loop_anchors) * float(anchor_proportions[row]) * float(anchor_proportions[col])+1)
/mnt/altnas/work/Kyle.Knightly/chipseq-analysis/chip-scripts/pipeline.py:120: FutureWarning: Setting an item of incompatible dtype is deprecated and will raise an error in a future version of pandas. Value '2.7193854667433146' has dtype incompatible with int64, please explicitly cast to a compatible dtype first.
  cis_enrichment_matrix.loc[row, col] /= (float(loop_anchors) * float(anchor_proportions[row]) * float(anchor_proportions[col])+1)
/mnt/altnas/work/Kyle.Knightly/chipseq-analysis/chip-scripts/pipeline.py:120: FutureWarning: Setting an item of incompatible dtype is deprecated and will raise an error in a future version of pandas. Value '2.497018492308406' has dtype incompatible with int64, please explicitly cast to a compatible dtype first.
  cis_enrichment_matrix.loc[row, col] /= (float(loop_anchors) * float(anchor_proportions[row]) * float(anchor_proportions[col])+1)
/mnt/altnas/work/Kyle.Knightly/chipseq-analysis/chip-scripts/pipeline.py:120: FutureWarning: Setting an item of incompatible dtype is deprecated and will raise an error in a future version of pandas. Value '2.1152156608390578' has dtype incompatible with int64, please explicitly cast to a compatible dtype first.
  cis_enrichment_matrix.loc[row, col] /= (float(loop_anchors) * float(anchor_proportions[row]) * float(anchor_proportions[col])+1)
/mnt/altnas/work/Kyle.Knightly/chipseq-analysis/chip-scripts/pipeline.py:120: FutureWarning: Setting an item of incompatible dtype is deprecated and will raise an error in a future version of pandas. Value '4.762878334630988' has dtype incompatible with int64, please explicitly cast to a compatible dtype first.
  cis_enrichment_matrix.loc[row, col] /= (float(loop_anchors) * float(anchor_proportions[row]) * float(anchor_proportions[col])+1)
/mnt/altnas/work/Kyle.Knightly/chipseq-analysis/chip-scripts/pipeline.py:120: FutureWarning: Setting an item of incompatible dtype is deprecated and will raise an error in a future version of pandas. Value '4.076070227146738' has dtype incompatible with int64, please explicitly cast to a compatible dtype first.
  cis_enrichment_matrix.loc[row, col] /= (float(loop_anchors) * float(anchor_proportions[row]) * float(anchor_proportions[col])+1)
/mnt/altnas/work/Kyle.Knightly/chipseq-analysis/chip-scripts/pipeline.py:120: FutureWarning: Setting an item of incompatible dtype is deprecated and will raise an error in a future version of pandas. Value '2.238861627516909' has dtype incompatible with int64, please explicitly cast to a compatible dtype first.
  cis_enrichment_matrix.loc[row, col] /= (float(loop_anchors) * float(anchor_proportions[row]) * float(anchor_proportions[col])+1)
/mnt/altnas/work/Kyle.Knightly/chipseq-analysis/chip-scripts/pipeline.py:120: FutureWarning: Setting an item of incompatible dtype is deprecated and will raise an error in a future version of pandas. Value '0.9550258681125595' has dtype incompatible with int64, please explicitly cast to a compatible dtype first.
  cis_enrichment_matrix.loc[row, col] /= (float(loop_anchors) * float(anchor_proportions[row]) * float(anchor_proportions[col])+1)
/mnt/altnas/work/Kyle.Knightly/chipseq-analysis/chip-scripts/pipeline.py:120: FutureWarning: Setting an item of incompatible dtype is deprecated and will raise an error in a future version of pandas. Value '3.0285169841585713' has dtype incompatible with int64, please explicitly cast to a compatible dtype first.
  cis_enrichment_matrix.loc[row, col] /= (float(loop_anchors) * float(anchor_proportions[row]) * float(anchor_proportions[col])+1)
/mnt/altnas/work/Kyle.Knightly/chipseq-analysis/chip-scripts/pipeline.py:120: FutureWarning: Setting an item of incompatible dtype is deprecated and will raise an error in a future version of pandas. Value '0.997132360775884' has dtype incompatible with int64, please explicitly cast to a compatible dtype first.
  cis_enrichment_matrix.loc[row, col] /= (float(loop_anchors) * float(anchor_proportions[row]) * float(anchor_proportions[col])+1)
/mnt/altnas/work/Kyle.Knightly/chipseq-analysis/chip-scripts/pipeline.py:120: FutureWarning: Setting an item of incompatible dtype is deprecated and will raise an error in a future version of pandas. Value '3.4693330396168074' has dtype incompatible with int64, please explicitly cast to a compatible dtype first.
  cis_enrichment_matrix.loc[row, col] /= (float(loop_anchors) * float(anchor_proportions[row]) * float(anchor_proportions[col])+1)
/mnt/altnas/work/Kyle.Knightly/chipseq-analysis/chip-scripts/pipeline.py:120: FutureWarning: Setting an item of incompatible dtype is deprecated and will raise an error in a future version of pandas. Value '3.0065232270651068' has dtype incompatible with int64, please explicitly cast to a compatible dtype first.
  cis_enrichment_matrix.loc[row, col] /= (float(loop_anchors) * float(anchor_proportions[row]) * float(anchor_proportions[col])+1)
/mnt/altnas/work/Kyle.Knightly/chipseq-analysis/chip-scripts/pipeline.py:120: FutureWarning: Setting an item of incompatible dtype is deprecated and will raise an error in a future version of pandas. Value '1.7767486781986352' has dtype incompatible with int64, please explicitly cast to a compatible dtype first.
  cis_enrichment_matrix.loc[row, col] /= (float(loop_anchors) * float(anchor_proportions[row]) * float(anchor_proportions[col])+1)
/mnt/altnas/work/Kyle.Knightly/chipseq-analysis/chip-scripts/pipeline.py:120: FutureWarning: Setting an item of incompatible dtype is deprecated and will raise an error in a future version of pandas. Value '3.248042011861107' has dtype incompatible with int64, please explicitly cast to a compatible dtype first.
  cis_enrichment_matrix.loc[row, col] /= (float(loop_anchors) * float(anchor_proportions[row]) * float(anchor_proportions[col])+1)
/mnt/altnas/work/Kyle.Knightly/chipseq-analysis/chip-scripts/pipeline.py:120: FutureWarning: Setting an item of incompatible dtype is deprecated and will raise an error in a future version of pandas. Value '4.395232388803207' has dtype incompatible with int64, please explicitly cast to a compatible dtype first.
  cis_enrichment_matrix.loc[row, col] /= (float(loop_anchors) * float(anchor_proportions[row]) * float(anchor_proportions[col])+1)
/mnt/altnas/work/Kyle.Knightly/chipseq-analysis/chip-scripts/pipeline.py:120: FutureWarning: Setting an item of incompatible dtype is deprecated and will raise an error in a future version of pandas. Value '1.7078517954272248' has dtype incompatible with int64, please explicitly cast to a compatible dtype first.
  cis_enrichment_matrix.loc[row, col] /= (float(loop_anchors) * float(anchor_proportions[row]) * float(anchor_proportions[col])+1)
/mnt/altnas/work/Kyle.Knightly/chipseq-analysis/chip-scripts/pipeline.py:120: FutureWarning: Setting an item of incompatible dtype is deprecated and will raise an error in a future version of pandas. Value '2.1790662986035647' has dtype incompatible with int64, please explicitly cast to a compatible dtype first.
  cis_enrichment_matrix.loc[row, col] /= (float(loop_anchors) * float(anchor_proportions[row]) * float(anchor_proportions[col])+1)
/mnt/altnas/work/Kyle.Knightly/chipseq-analysis/chip-scripts/pipeline.py:120: FutureWarning: Setting an item of incompatible dtype is deprecated and will raise an error in a future version of pandas. Value '8.657499522845827' has dtype incompatible with int64, please explicitly cast to a compatible dtype first.
  cis_enrichment_matrix.loc[row, col] /= (float(loop_anchors) * float(anchor_proportions[row]) * float(anchor_proportions[col])+1)
/mnt/altnas/work/Kyle.Knightly/chipseq-analysis/chip-scripts/pipeline.py:120: FutureWarning: Setting an item of incompatible dtype is deprecated and will raise an error in a future version of pandas. Value '2.9073556559456093' has dtype incompatible with int64, please explicitly cast to a compatible dtype first.
  cis_enrichment_matrix.loc[row, col] /= (float(loop_anchors) * float(anchor_proportions[row]) * float(anchor_proportions[col])+1)
/mnt/altnas/work/Kyle.Knightly/chipseq-analysis/chip-scripts/pipeline.py:120: FutureWarning: Setting an item of incompatible dtype is deprecated and will raise an error in a future version of pandas. Value '0.8072171675880019' has dtype incompatible with int64, please explicitly cast to a compatible dtype first.
  cis_enrichment_matrix.loc[row, col] /= (float(loop_anchors) * float(anchor_proportions[row]) * float(anchor_proportions[col])+1)
/mnt/altnas/work/Kyle.Knightly/chipseq-analysis/chip-scripts/pipeline.py:120: FutureWarning: Setting an item of incompatible dtype is deprecated and will raise an error in a future version of pandas. Value '1.9300913762027314' has dtype incompatible with int64, please explicitly cast to a compatible dtype first.
  cis_enrichment_matrix.loc[row, col] /= (float(loop_anchors) * float(anchor_proportions[row]) * float(anchor_proportions[col])+1)
/mnt/altnas/work/Kyle.Knightly/chipseq-analysis/chip-scripts/pipeline.py:120: FutureWarning: Setting an item of incompatible dtype is deprecated and will raise an error in a future version of pandas. Value '3.982280605535989' has dtype incompatible with int64, please explicitly cast to a compatible dtype first.
  cis_enrichment_matrix.loc[row, col] /= (float(loop_anchors) * float(anchor_proportions[row]) * float(anchor_proportions[col])+1)
/mnt/altnas/work/Kyle.Knightly/chipseq-analysis/chip-scripts/pipeline.py:120: FutureWarning: Setting an item of incompatible dtype is deprecated and will raise an error in a future version of pandas. Value '2.373115321642585' has dtype incompatible with int64, please explicitly cast to a compatible dtype first.
  cis_enrichment_matrix.loc[row, col] /= (float(loop_anchors) * float(anchor_proportions[row]) * float(anchor_proportions[col])+1)
/mnt/altnas/work/Kyle.Knightly/chipseq-analysis/chip-scripts/pipeline.py:120: FutureWarning: Setting an item of incompatible dtype is deprecated and will raise an error in a future version of pandas. Value '3.2423092855977207' has dtype incompatible with int64, please explicitly cast to a compatible dtype first.
  cis_enrichment_matrix.loc[row, col] /= (float(loop_anchors) * float(anchor_proportions[row]) * float(anchor_proportions[col])+1)
/mnt/altnas/work/Kyle.Knightly/chipseq-analysis/chip-scripts/pipeline.py:120: FutureWarning: Setting an item of incompatible dtype is deprecated and will raise an error in a future version of pandas. Value '5.270845237441506' has dtype incompatible with int64, please explicitly cast to a compatible dtype first.
  cis_enrichment_matrix.loc[row, col] /= (float(loop_anchors) * float(anchor_proportions[row]) * float(anchor_proportions[col])+1)
/mnt/altnas/work/Kyle.Knightly/chipseq-analysis/chip-scripts/pipeline.py:120: FutureWarning: Setting an item of incompatible dtype is deprecated and will raise an error in a future version of pandas. Value '5.372835438242537' has dtype incompatible with int64, please explicitly cast to a compatible dtype first.
  cis_enrichment_matrix.loc[row, col] /= (float(loop_anchors) * float(anchor_proportions[row]) * float(anchor_proportions[col])+1)
/mnt/altnas/work/Kyle.Knightly/chipseq-analysis/chip-scripts/pipeline.py:120: FutureWarning: Setting an item of incompatible dtype is deprecated and will raise an error in a future version of pandas. Value '3.0545439063849456' has dtype incompatible with int64, please explicitly cast to a compatible dtype first.
  cis_enrichment_matrix.loc[row, col] /= (float(loop_anchors) * float(anchor_proportions[row]) * float(anchor_proportions[col])+1)
/mnt/altnas/work/Kyle.Knightly/chipseq-analysis/chip-scripts/pipeline.py:120: FutureWarning: Setting an item of incompatible dtype is deprecated and will raise an error in a future version of pandas. Value '3.0956022738304547' has dtype incompatible with int64, please explicitly cast to a compatible dtype first.
  cis_enrichment_matrix.loc[row, col] /= (float(loop_anchors) * float(anchor_proportions[row]) * float(anchor_proportions[col])+1)
/mnt/altnas/work/Kyle.Knightly/chipseq-analysis/chip-scripts/pipeline.py:120: FutureWarning: Setting an item of incompatible dtype is deprecated and will raise an error in a future version of pandas. Value '3.5443208897817655' has dtype incompatible with int64, please explicitly cast to a compatible dtype first.
  cis_enrichment_matrix.loc[row, col] /= (float(loop_anchors) * float(anchor_proportions[row]) * float(anchor_proportions[col])+1)
/mnt/altnas/work/Kyle.Knightly/chipseq-analysis/chip-scripts/pipeline.py:120: FutureWarning: Setting an item of incompatible dtype is deprecated and will raise an error in a future version of pandas. Value '27.762554273776' has dtype incompatible with int64, please explicitly cast to a compatible dtype first.
  cis_enrichment_matrix.loc[row, col] /= (float(loop_anchors) * float(anchor_proportions[row]) * float(anchor_proportions[col])+1)
/mnt/altnas/work/Kyle.Knightly/chipseq-analysis/chip-scripts/pipeline.py:120: FutureWarning: Setting an item of incompatible dtype is deprecated and will raise an error in a future version of pandas. Value '3.8752724925834925' has dtype incompatible with int64, please explicitly cast to a compatible dtype first.
  cis_enrichment_matrix.loc[row, col] /= (float(loop_anchors) * float(anchor_proportions[row]) * float(anchor_proportions[col])+1)
/mnt/altnas/work/Kyle.Knightly/chipseq-analysis/chip-scripts/pipeline.py:120: FutureWarning: Setting an item of incompatible dtype is deprecated and will raise an error in a future version of pandas. Value '5.0586527660940135' has dtype incompatible with int64, please explicitly cast to a compatible dtype first.
  cis_enrichment_matrix.loc[row, col] /= (float(loop_anchors) * float(anchor_proportions[row]) * float(anchor_proportions[col])+1)
/mnt/altnas/work/Kyle.Knightly/chipseq-analysis/chip-scripts/pipeline.py:120: FutureWarning: Setting an item of incompatible dtype is deprecated and will raise an error in a future version of pandas. Value '1.4401493422784066' has dtype incompatible with int64, please explicitly cast to a compatible dtype first.
  cis_enrichment_matrix.loc[row, col] /= (float(loop_anchors) * float(anchor_proportions[row]) * float(anchor_proportions[col])+1)
/mnt/altnas/work/Kyle.Knightly/chipseq-analysis/chip-scripts/pipeline.py:120: FutureWarning: Setting an item of incompatible dtype is deprecated and will raise an error in a future version of pandas. Value '4.189976977364102' has dtype incompatible with int64, please explicitly cast to a compatible dtype first.
  cis_enrichment_matrix.loc[row, col] /= (float(loop_anchors) * float(anchor_proportions[row]) * float(anchor_proportions[col])+1)
/mnt/altnas/work/Kyle.Knightly/chipseq-analysis/chip-scripts/pipeline.py:120: FutureWarning: Setting an item of incompatible dtype is deprecated and will raise an error in a future version of pandas. Value '1.5970883511786835' has dtype incompatible with int64, please explicitly cast to a compatible dtype first.
  cis_enrichment_matrix.loc[row, col] /= (float(loop_anchors) * float(anchor_proportions[row]) * float(anchor_proportions[col])+1)
/mnt/altnas/work/Kyle.Knightly/chipseq-analysis/chip-scripts/pipeline.py:120: FutureWarning: Setting an item of incompatible dtype is deprecated and will raise an error in a future version of pandas. Value '4.855300401529224' has dtype incompatible with int64, please explicitly cast to a compatible dtype first.
  cis_enrichment_matrix.loc[row, col] /= (float(loop_anchors) * float(anchor_proportions[row]) * float(anchor_proportions[col])+1)
/mnt/altnas/work/Kyle.Knightly/chipseq-analysis/chip-scripts/pipeline.py:120: FutureWarning: Setting an item of incompatible dtype is deprecated and will raise an error in a future version of pandas. Value '2.617623272302725' has dtype incompatible with int64, please explicitly cast to a compatible dtype first.
  cis_enrichment_matrix.loc[row, col] /= (float(loop_anchors) * float(anchor_proportions[row]) * float(anchor_proportions[col])+1)
/mnt/altnas/work/Kyle.Knightly/chipseq-analysis/chip-scripts/pipeline.py:120: FutureWarning: Setting an item of incompatible dtype is deprecated and will raise an error in a future version of pandas. Value '1.8485599323230457' has dtype incompatible with int64, please explicitly cast to a compatible dtype first.
  cis_enrichment_matrix.loc[row, col] /= (float(loop_anchors) * float(anchor_proportions[row]) * float(anchor_proportions[col])+1)
/mnt/altnas/work/Kyle.Knightly/chipseq-analysis/chip-scripts/pipeline.py:120: FutureWarning: Setting an item of incompatible dtype is deprecated and will raise an error in a future version of pandas. Value '3.4071620789728256' has dtype incompatible with int64, please explicitly cast to a compatible dtype first.
  cis_enrichment_matrix.loc[row, col] /= (float(loop_anchors) * float(anchor_proportions[row]) * float(anchor_proportions[col])+1)
/mnt/altnas/work/Kyle.Knightly/chipseq-analysis/chip-scripts/pipeline.py:120: FutureWarning: Setting an item of incompatible dtype is deprecated and will raise an error in a future version of pandas. Value '2.1614757601833214' has dtype incompatible with int64, please explicitly cast to a compatible dtype first.
  cis_enrichment_matrix.loc[row, col] /= (float(loop_anchors) * float(anchor_proportions[row]) * float(anchor_proportions[col])+1)
/mnt/altnas/work/Kyle.Knightly/chipseq-analysis/chip-scripts/pipeline.py:120: FutureWarning: Setting an item of incompatible dtype is deprecated and will raise an error in a future version of pandas. Value '4.591228717750866' has dtype incompatible with int64, please explicitly cast to a compatible dtype first.
  cis_enrichment_matrix.loc[row, col] /= (float(loop_anchors) * float(anchor_proportions[row]) * float(anchor_proportions[col])+1)
/mnt/altnas/work/Kyle.Knightly/chipseq-analysis/chip-scripts/pipeline.py:120: FutureWarning: Setting an item of incompatible dtype is deprecated and will raise an error in a future version of pandas. Value '4.370747358241044' has dtype incompatible with int64, please explicitly cast to a compatible dtype first.
  cis_enrichment_matrix.loc[row, col] /= (float(loop_anchors) * float(anchor_proportions[row]) * float(anchor_proportions[col])+1)
/mnt/altnas/work/Kyle.Knightly/chipseq-analysis/chip-scripts/pipeline.py:120: FutureWarning: Setting an item of incompatible dtype is deprecated and will raise an error in a future version of pandas. Value '3.0693388396753236' has dtype incompatible with int64, please explicitly cast to a compatible dtype first.
  cis_enrichment_matrix.loc[row, col] /= (float(loop_anchors) * float(anchor_proportions[row]) * float(anchor_proportions[col])+1)
/mnt/altnas/work/Kyle.Knightly/chipseq-analysis/chip-scripts/pipeline.py:120: FutureWarning: Setting an item of incompatible dtype is deprecated and will raise an error in a future version of pandas. Value '4.577859859696636' has dtype incompatible with int64, please explicitly cast to a compatible dtype first.
  cis_enrichment_matrix.loc[row, col] /= (float(loop_anchors) * float(anchor_proportions[row]) * float(anchor_proportions[col])+1)
/mnt/altnas/work/Kyle.Knightly/chipseq-analysis/chip-scripts/pipeline.py:120: FutureWarning: Setting an item of incompatible dtype is deprecated and will raise an error in a future version of pandas. Value '2.361107835420786' has dtype incompatible with int64, please explicitly cast to a compatible dtype first.
  cis_enrichment_matrix.loc[row, col] /= (float(loop_anchors) * float(anchor_proportions[row]) * float(anchor_proportions[col])+1)
/mnt/altnas/work/Kyle.Knightly/chipseq-analysis/chip-scripts/pipeline.py:120: FutureWarning: Setting an item of incompatible dtype is deprecated and will raise an error in a future version of pandas. Value '1.747274424645858' has dtype incompatible with int64, please explicitly cast to a compatible dtype first.
  cis_enrichment_matrix.loc[row, col] /= (float(loop_anchors) * float(anchor_proportions[row]) * float(anchor_proportions[col])+1)
/mnt/altnas/work/Kyle.Knightly/chipseq-analysis/chip-scripts/pipeline.py:120: FutureWarning: Setting an item of incompatible dtype is deprecated and will raise an error in a future version of pandas. Value '3.0045872643282214' has dtype incompatible with int64, please explicitly cast to a compatible dtype first.
  cis_enrichment_matrix.loc[row, col] /= (float(loop_anchors) * float(anchor_proportions[row]) * float(anchor_proportions[col])+1)
/mnt/altnas/work/Kyle.Knightly/chipseq-analysis/chip-scripts/pipeline.py:120: FutureWarning: Setting an item of incompatible dtype is deprecated and will raise an error in a future version of pandas. Value '6.035358940446871' has dtype incompatible with int64, please explicitly cast to a compatible dtype first.
  cis_enrichment_matrix.loc[row, col] /= (float(loop_anchors) * float(anchor_proportions[row]) * float(anchor_proportions[col])+1)
/mnt/altnas/work/Kyle.Knightly/chipseq-analysis/chip-scripts/pipeline.py:120: FutureWarning: Setting an item of incompatible dtype is deprecated and will raise an error in a future version of pandas. Value '2.938104765582038' has dtype incompatible with int64, please explicitly cast to a compatible dtype first.
  cis_enrichment_matrix.loc[row, col] /= (float(loop_anchors) * float(anchor_proportions[row]) * float(anchor_proportions[col])+1)
/mnt/altnas/work/Kyle.Knightly/chipseq-analysis/chip-scripts/pipeline.py:120: FutureWarning: Setting an item of incompatible dtype is deprecated and will raise an error in a future version of pandas. Value '3.676692654062438' has dtype incompatible with int64, please explicitly cast to a compatible dtype first.
  cis_enrichment_matrix.loc[row, col] /= (float(loop_anchors) * float(anchor_proportions[row]) * float(anchor_proportions[col])+1)
/mnt/altnas/work/Kyle.Knightly/chipseq-analysis/chip-scripts/pipeline.py:120: FutureWarning: Setting an item of incompatible dtype is deprecated and will raise an error in a future version of pandas. Value '2.569515077716496' has dtype incompatible with int64, please explicitly cast to a compatible dtype first.
  cis_enrichment_matrix.loc[row, col] /= (float(loop_anchors) * float(anchor_proportions[row]) * float(anchor_proportions[col])+1)
/mnt/altnas/work/Kyle.Knightly/chipseq-analysis/chip-scripts/pipeline.py:120: FutureWarning: Setting an item of incompatible dtype is deprecated and will raise an error in a future version of pandas. Value '1.672392269400314' has dtype incompatible with int64, please explicitly cast to a compatible dtype first.
  cis_enrichment_matrix.loc[row, col] /= (float(loop_anchors) * float(anchor_proportions[row]) * float(anchor_proportions[col])+1)
/mnt/altnas/work/Kyle.Knightly/chipseq-analysis/chip-scripts/pipeline.py:120: FutureWarning: Setting an item of incompatible dtype is deprecated and will raise an error in a future version of pandas. Value '3.8933966843233434' has dtype incompatible with int64, please explicitly cast to a compatible dtype first.
  cis_enrichment_matrix.loc[row, col] /= (float(loop_anchors) * float(anchor_proportions[row]) * float(anchor_proportions[col])+1)
/mnt/altnas/work/Kyle.Knightly/chipseq-analysis/chip-scripts/pipeline.py:120: FutureWarning: Setting an item of incompatible dtype is deprecated and will raise an error in a future version of pandas. Value '4.669664028341787' has dtype incompatible with int64, please explicitly cast to a compatible dtype first.
  cis_enrichment_matrix.loc[row, col] /= (float(loop_anchors) * float(anchor_proportions[row]) * float(anchor_proportions[col])+1)
/mnt/altnas/work/Kyle.Knightly/chipseq-analysis/chip-scripts/pipeline.py:120: FutureWarning: Setting an item of incompatible dtype is deprecated and will raise an error in a future version of pandas. Value '5.4537470349414' has dtype incompatible with int64, please explicitly cast to a compatible dtype first.
  cis_enrichment_matrix.loc[row, col] /= (float(loop_anchors) * float(anchor_proportions[row]) * float(anchor_proportions[col])+1)
/mnt/altnas/work/Kyle.Knightly/chipseq-analysis/chip-scripts/pipeline.py:120: FutureWarning: Setting an item of incompatible dtype is deprecated and will raise an error in a future version of pandas. Value '2.4585453890105873' has dtype incompatible with int64, please explicitly cast to a compatible dtype first.
  cis_enrichment_matrix.loc[row, col] /= (float(loop_anchors) * float(anchor_proportions[row]) * float(anchor_proportions[col])+1)
/mnt/altnas/work/Kyle.Knightly/chipseq-analysis/chip-scripts/pipeline.py:120: FutureWarning: Setting an item of incompatible dtype is deprecated and will raise an error in a future version of pandas. Value '2.222507520634418' has dtype incompatible with int64, please explicitly cast to a compatible dtype first.
  cis_enrichment_matrix.loc[row, col] /= (float(loop_anchors) * float(anchor_proportions[row]) * float(anchor_proportions[col])+1)
/mnt/altnas/work/Kyle.Knightly/chipseq-analysis/chip-scripts/pipeline.py:120: FutureWarning: Setting an item of incompatible dtype is deprecated and will raise an error in a future version of pandas. Value '3.1670918742713563' has dtype incompatible with int64, please explicitly cast to a compatible dtype first.
  cis_enrichment_matrix.loc[row, col] /= (float(loop_anchors) * float(anchor_proportions[row]) * float(anchor_proportions[col])+1)
/mnt/altnas/work/Kyle.Knightly/chipseq-analysis/chip-scripts/pipeline.py:120: FutureWarning: Setting an item of incompatible dtype is deprecated and will raise an error in a future version of pandas. Value '3.9983776487052154' has dtype incompatible with int64, please explicitly cast to a compatible dtype first.
  cis_enrichment_matrix.loc[row, col] /= (float(loop_anchors) * float(anchor_proportions[row]) * float(anchor_proportions[col])+1)
/mnt/altnas/work/Kyle.Knightly/chipseq-analysis/chip-scripts/pipeline.py:120: FutureWarning: Setting an item of incompatible dtype is deprecated and will raise an error in a future version of pandas. Value '7.519168898574352' has dtype incompatible with int64, please explicitly cast to a compatible dtype first.
  cis_enrichment_matrix.loc[row, col] /= (float(loop_anchors) * float(anchor_proportions[row]) * float(anchor_proportions[col])+1)
/mnt/altnas/work/Kyle.Knightly/chipseq-analysis/chip-scripts/pipeline.py:120: FutureWarning: Setting an item of incompatible dtype is deprecated and will raise an error in a future version of pandas. Value '14.14142850885585' has dtype incompatible with int64, please explicitly cast to a compatible dtype first.
  cis_enrichment_matrix.loc[row, col] /= (float(loop_anchors) * float(anchor_proportions[row]) * float(anchor_proportions[col])+1)
/mnt/altnas/work/Kyle.Knightly/chipseq-analysis/chip-scripts/pipeline.py:120: FutureWarning: Setting an item of incompatible dtype is deprecated and will raise an error in a future version of pandas. Value '3.665536999564957' has dtype incompatible with int64, please explicitly cast to a compatible dtype first.
  cis_enrichment_matrix.loc[row, col] /= (float(loop_anchors) * float(anchor_proportions[row]) * float(anchor_proportions[col])+1)
/mnt/altnas/work/Kyle.Knightly/chipseq-analysis/chip-scripts/pipeline.py:120: FutureWarning: Setting an item of incompatible dtype is deprecated and will raise an error in a future version of pandas. Value '3.2100297851125568' has dtype incompatible with int64, please explicitly cast to a compatible dtype first.
  cis_enrichment_matrix.loc[row, col] /= (float(loop_anchors) * float(anchor_proportions[row]) * float(anchor_proportions[col])+1)
/mnt/altnas/work/Kyle.Knightly/chipseq-analysis/chip-scripts/pipeline.py:120: FutureWarning: Setting an item of incompatible dtype is deprecated and will raise an error in a future version of pandas. Value '3.2808813089851183' has dtype incompatible with int64, please explicitly cast to a compatible dtype first.
  cis_enrichment_matrix.loc[row, col] /= (float(loop_anchors) * float(anchor_proportions[row]) * float(anchor_proportions[col])+1)
/mnt/altnas/work/Kyle.Knightly/chipseq-analysis/chip-scripts/pipeline.py:120: FutureWarning: Setting an item of incompatible dtype is deprecated and will raise an error in a future version of pandas. Value '1.7950903463016756' has dtype incompatible with int64, please explicitly cast to a compatible dtype first.
  cis_enrichment_matrix.loc[row, col] /= (float(loop_anchors) * float(anchor_proportions[row]) * float(anchor_proportions[col])+1)
/mnt/altnas/work/Kyle.Knightly/chipseq-analysis/chip-scripts/pipeline.py:120: FutureWarning: Setting an item of incompatible dtype is deprecated and will raise an error in a future version of pandas. Value '1.7736708646178405' has dtype incompatible with int64, please explicitly cast to a compatible dtype first.
  cis_enrichment_matrix.loc[row, col] /= (float(loop_anchors) * float(anchor_proportions[row]) * float(anchor_proportions[col])+1)
/mnt/altnas/work/Kyle.Knightly/chipseq-analysis/chip-scripts/pipeline.py:120: FutureWarning: Setting an item of incompatible dtype is deprecated and will raise an error in a future version of pandas. Value '1.6296114961210182' has dtype incompatible with int64, please explicitly cast to a compatible dtype first.
  cis_enrichment_matrix.loc[row, col] /= (float(loop_anchors) * float(anchor_proportions[row]) * float(anchor_proportions[col])+1)
/mnt/altnas/work/Kyle.Knightly/chipseq-analysis/chip-scripts/pipeline.py:120: FutureWarning: Setting an item of incompatible dtype is deprecated and will raise an error in a future version of pandas. Value '1.3778524148703262' has dtype incompatible with int64, please explicitly cast to a compatible dtype first.
  cis_enrichment_matrix.loc[row, col] /= (float(loop_anchors) * float(anchor_proportions[row]) * float(anchor_proportions[col])+1)
/mnt/altnas/work/Kyle.Knightly/chipseq-analysis/chip-scripts/pipeline.py:120: FutureWarning: Setting an item of incompatible dtype is deprecated and will raise an error in a future version of pandas. Value '2.8553383422376055' has dtype incompatible with int64, please explicitly cast to a compatible dtype first.
  cis_enrichment_matrix.loc[row, col] /= (float(loop_anchors) * float(anchor_proportions[row]) * float(anchor_proportions[col])+1)
/mnt/altnas/work/Kyle.Knightly/chipseq-analysis/chip-scripts/pipeline.py:120: FutureWarning: Setting an item of incompatible dtype is deprecated and will raise an error in a future version of pandas. Value '2.7544963821624098' has dtype incompatible with int64, please explicitly cast to a compatible dtype first.
  cis_enrichment_matrix.loc[row, col] /= (float(loop_anchors) * float(anchor_proportions[row]) * float(anchor_proportions[col])+1)
/mnt/altnas/work/Kyle.Knightly/chipseq-analysis/chip-scripts/pipeline.py:120: FutureWarning: Setting an item of incompatible dtype is deprecated and will raise an error in a future version of pandas. Value '3.672140854286385' has dtype incompatible with int64, please explicitly cast to a compatible dtype first.
  cis_enrichment_matrix.loc[row, col] /= (float(loop_anchors) * float(anchor_proportions[row]) * float(anchor_proportions[col])+1)
/mnt/altnas/work/Kyle.Knightly/chipseq-analysis/chip-scripts/pipeline.py:120: FutureWarning: Setting an item of incompatible dtype is deprecated and will raise an error in a future version of pandas. Value '2.5969487753542557' has dtype incompatible with int64, please explicitly cast to a compatible dtype first.
  cis_enrichment_matrix.loc[row, col] /= (float(loop_anchors) * float(anchor_proportions[row]) * float(anchor_proportions[col])+1)
/mnt/altnas/work/Kyle.Knightly/chipseq-analysis/chip-scripts/pipeline.py:120: FutureWarning: Setting an item of incompatible dtype is deprecated and will raise an error in a future version of pandas. Value '6.195673915633857' has dtype incompatible with int64, please explicitly cast to a compatible dtype first.
  cis_enrichment_matrix.loc[row, col] /= (float(loop_anchors) * float(anchor_proportions[row]) * float(anchor_proportions[col])+1)
/mnt/altnas/work/Kyle.Knightly/chipseq-analysis/chip-scripts/pipeline.py:120: FutureWarning: Setting an item of incompatible dtype is deprecated and will raise an error in a future version of pandas. Value '1.2865660668334364' has dtype incompatible with int64, please explicitly cast to a compatible dtype first.
  cis_enrichment_matrix.loc[row, col] /= (float(loop_anchors) * float(anchor_proportions[row]) * float(anchor_proportions[col])+1)
/mnt/altnas/work/Kyle.Knightly/chipseq-analysis/chip-scripts/pipeline.py:120: FutureWarning: Setting an item of incompatible dtype is deprecated and will raise an error in a future version of pandas. Value '3.735492316617824' has dtype incompatible with int64, please explicitly cast to a compatible dtype first.
  cis_enrichment_matrix.loc[row, col] /= (float(loop_anchors) * float(anchor_proportions[row]) * float(anchor_proportions[col])+1)
/mnt/altnas/work/Kyle.Knightly/chipseq-analysis/chip-scripts/pipeline.py:120: FutureWarning: Setting an item of incompatible dtype is deprecated and will raise an error in a future version of pandas. Value '2.4818377577464465' has dtype incompatible with int64, please explicitly cast to a compatible dtype first.
  cis_enrichment_matrix.loc[row, col] /= (float(loop_anchors) * float(anchor_proportions[row]) * float(anchor_proportions[col])+1)
/mnt/altnas/work/Kyle.Knightly/chipseq-analysis/chip-scripts/pipeline.py:120: FutureWarning: Setting an item of incompatible dtype is deprecated and will raise an error in a future version of pandas. Value '3.5292935397502476' has dtype incompatible with int64, please explicitly cast to a compatible dtype first.
  cis_enrichment_matrix.loc[row, col] /= (float(loop_anchors) * float(anchor_proportions[row]) * float(anchor_proportions[col])+1)
/mnt/altnas/work/Kyle.Knightly/chipseq-analysis/chip-scripts/pipeline.py:120: FutureWarning: Setting an item of incompatible dtype is deprecated and will raise an error in a future version of pandas. Value '1.107514193094695' has dtype incompatible with int64, please explicitly cast to a compatible dtype first.
  cis_enrichment_matrix.loc[row, col] /= (float(loop_anchors) * float(anchor_proportions[row]) * float(anchor_proportions[col])+1)
/mnt/altnas/work/Kyle.Knightly/chipseq-analysis/chip-scripts/pipeline.py:120: FutureWarning: Setting an item of incompatible dtype is deprecated and will raise an error in a future version of pandas. Value '2.462743093827829' has dtype incompatible with int64, please explicitly cast to a compatible dtype first.
  cis_enrichment_matrix.loc[row, col] /= (float(loop_anchors) * float(anchor_proportions[row]) * float(anchor_proportions[col])+1)
/mnt/altnas/work/Kyle.Knightly/chipseq-analysis/chip-scripts/pipeline.py:120: FutureWarning: Setting an item of incompatible dtype is deprecated and will raise an error in a future version of pandas. Value '3.1319696171096156' has dtype incompatible with int64, please explicitly cast to a compatible dtype first.
  cis_enrichment_matrix.loc[row, col] /= (float(loop_anchors) * float(anchor_proportions[row]) * float(anchor_proportions[col])+1)
/mnt/altnas/work/Kyle.Knightly/chipseq-analysis/chip-scripts/pipeline.py:120: FutureWarning: Setting an item of incompatible dtype is deprecated and will raise an error in a future version of pandas. Value '1.4456466985028913' has dtype incompatible with int64, please explicitly cast to a compatible dtype first.
  cis_enrichment_matrix.loc[row, col] /= (float(loop_anchors) * float(anchor_proportions[row]) * float(anchor_proportions[col])+1)
/mnt/altnas/work/Kyle.Knightly/chipseq-analysis/chip-scripts/pipeline.py:120: FutureWarning: Setting an item of incompatible dtype is deprecated and will raise an error in a future version of pandas. Value '2.470776630487812' has dtype incompatible with int64, please explicitly cast to a compatible dtype first.
  cis_enrichment_matrix.loc[row, col] /= (float(loop_anchors) * float(anchor_proportions[row]) * float(anchor_proportions[col])+1)
/mnt/altnas/work/Kyle.Knightly/chipseq-analysis/chip-scripts/pipeline.py:120: FutureWarning: Setting an item of incompatible dtype is deprecated and will raise an error in a future version of pandas. Value '1.3342011548224533' has dtype incompatible with int64, please explicitly cast to a compatible dtype first.
  cis_enrichment_matrix.loc[row, col] /= (float(loop_anchors) * float(anchor_proportions[row]) * float(anchor_proportions[col])+1)
/mnt/altnas/work/Kyle.Knightly/chipseq-analysis/chip-scripts/pipeline.py:120: FutureWarning: Setting an item of incompatible dtype is deprecated and will raise an error in a future version of pandas. Value '2.482513699017949' has dtype incompatible with int64, please explicitly cast to a compatible dtype first.
  cis_enrichment_matrix.loc[row, col] /= (float(loop_anchors) * float(anchor_proportions[row]) * float(anchor_proportions[col])+1)
/mnt/altnas/work/Kyle.Knightly/chipseq-analysis/chip-scripts/pipeline.py:120: FutureWarning: Setting an item of incompatible dtype is deprecated and will raise an error in a future version of pandas. Value '1.4952534778304591' has dtype incompatible with int64, please explicitly cast to a compatible dtype first.
  cis_enrichment_matrix.loc[row, col] /= (float(loop_anchors) * float(anchor_proportions[row]) * float(anchor_proportions[col])+1)
/mnt/altnas/work/Kyle.Knightly/chipseq-analysis/chip-scripts/pipeline.py:120: FutureWarning: Setting an item of incompatible dtype is deprecated and will raise an error in a future version of pandas. Value '3.0982989234640312' has dtype incompatible with int64, please explicitly cast to a compatible dtype first.
  cis_enrichment_matrix.loc[row, col] /= (float(loop_anchors) * float(anchor_proportions[row]) * float(anchor_proportions[col])+1)
/mnt/altnas/work/Kyle.Knightly/chipseq-analysis/chip-scripts/pipeline.py:120: FutureWarning: Setting an item of incompatible dtype is deprecated and will raise an error in a future version of pandas. Value '2.1648016317630567' has dtype incompatible with int64, please explicitly cast to a compatible dtype first.
  cis_enrichment_matrix.loc[row, col] /= (float(loop_anchors) * float(anchor_proportions[row]) * float(anchor_proportions[col])+1)
/mnt/altnas/work/Kyle.Knightly/chipseq-analysis/chip-scripts/pipeline.py:120: FutureWarning: Setting an item of incompatible dtype is deprecated and will raise an error in a future version of pandas. Value '3.915775557810561' has dtype incompatible with int64, please explicitly cast to a compatible dtype first.
  cis_enrichment_matrix.loc[row, col] /= (float(loop_anchors) * float(anchor_proportions[row]) * float(anchor_proportions[col])+1)
/mnt/altnas/work/Kyle.Knightly/chipseq-analysis/chip-scripts/pipeline.py:120: FutureWarning: Setting an item of incompatible dtype is deprecated and will raise an error in a future version of pandas. Value '3.3467677983337527' has dtype incompatible with int64, please explicitly cast to a compatible dtype first.
  cis_enrichment_matrix.loc[row, col] /= (float(loop_anchors) * float(anchor_proportions[row]) * float(anchor_proportions[col])+1)
/mnt/altnas/work/Kyle.Knightly/chipseq-analysis/chip-scripts/pipeline.py:120: FutureWarning: Setting an item of incompatible dtype is deprecated and will raise an error in a future version of pandas. Value '4.035730156319434' has dtype incompatible with int64, please explicitly cast to a compatible dtype first.
  cis_enrichment_matrix.loc[row, col] /= (float(loop_anchors) * float(anchor_proportions[row]) * float(anchor_proportions[col])+1)
/mnt/altnas/work/Kyle.Knightly/chipseq-analysis/chip-scripts/pipeline.py:120: FutureWarning: Setting an item of incompatible dtype is deprecated and will raise an error in a future version of pandas. Value '3.174208505140956' has dtype incompatible with int64, please explicitly cast to a compatible dtype first.
  cis_enrichment_matrix.loc[row, col] /= (float(loop_anchors) * float(anchor_proportions[row]) * float(anchor_proportions[col])+1)
/mnt/altnas/work/Kyle.Knightly/chipseq-analysis/chip-scripts/pipeline.py:120: FutureWarning: Setting an item of incompatible dtype is deprecated and will raise an error in a future version of pandas. Value '4.647870708172798' has dtype incompatible with int64, please explicitly cast to a compatible dtype first.
  cis_enrichment_matrix.loc[row, col] /= (float(loop_anchors) * float(anchor_proportions[row]) * float(anchor_proportions[col])+1)
/mnt/altnas/work/Kyle.Knightly/chipseq-analysis/chip-scripts/pipeline.py:120: FutureWarning: Setting an item of incompatible dtype is deprecated and will raise an error in a future version of pandas. Value '3.936776388389292' has dtype incompatible with int64, please explicitly cast to a compatible dtype first.
  cis_enrichment_matrix.loc[row, col] /= (float(loop_anchors) * float(anchor_proportions[row]) * float(anchor_proportions[col])+1)
/mnt/altnas/work/Kyle.Knightly/chipseq-analysis/chip-scripts/pipeline.py:120: FutureWarning: Setting an item of incompatible dtype is deprecated and will raise an error in a future version of pandas. Value '1.7403446923602492' has dtype incompatible with int64, please explicitly cast to a compatible dtype first.
  cis_enrichment_matrix.loc[row, col] /= (float(loop_anchors) * float(anchor_proportions[row]) * float(anchor_proportions[col])+1)
/mnt/altnas/work/Kyle.Knightly/chipseq-analysis/chip-scripts/pipeline.py:120: FutureWarning: Setting an item of incompatible dtype is deprecated and will raise an error in a future version of pandas. Value '4.421200826063668' has dtype incompatible with int64, please explicitly cast to a compatible dtype first.
  cis_enrichment_matrix.loc[row, col] /= (float(loop_anchors) * float(anchor_proportions[row]) * float(anchor_proportions[col])+1)
/mnt/altnas/work/Kyle.Knightly/chipseq-analysis/chip-scripts/pipeline.py:120: FutureWarning: Setting an item of incompatible dtype is deprecated and will raise an error in a future version of pandas. Value '3.3452817330798754' has dtype incompatible with int64, please explicitly cast to a compatible dtype first.
  cis_enrichment_matrix.loc[row, col] /= (float(loop_anchors) * float(anchor_proportions[row]) * float(anchor_proportions[col])+1)
/mnt/altnas/work/Kyle.Knightly/chipseq-analysis/chip-scripts/pipeline.py:120: FutureWarning: Setting an item of incompatible dtype is deprecated and will raise an error in a future version of pandas. Value '3.4397094849807193' has dtype incompatible with int64, please explicitly cast to a compatible dtype first.
  cis_enrichment_matrix.loc[row, col] /= (float(loop_anchors) * float(anchor_proportions[row]) * float(anchor_proportions[col])+1)
/mnt/altnas/work/Kyle.Knightly/chipseq-analysis/chip-scripts/pipeline.py:120: FutureWarning: Setting an item of incompatible dtype is deprecated and will raise an error in a future version of pandas. Value '1.8680448876506888' has dtype incompatible with int64, please explicitly cast to a compatible dtype first.
  cis_enrichment_matrix.loc[row, col] /= (float(loop_anchors) * float(anchor_proportions[row]) * float(anchor_proportions[col])+1)
/mnt/altnas/work/Kyle.Knightly/chipseq-analysis/chip-scripts/pipeline.py:120: FutureWarning: Setting an item of incompatible dtype is deprecated and will raise an error in a future version of pandas. Value '2.1102109511593325' has dtype incompatible with int64, please explicitly cast to a compatible dtype first.
  cis_enrichment_matrix.loc[row, col] /= (float(loop_anchors) * float(anchor_proportions[row]) * float(anchor_proportions[col])+1)
/mnt/altnas/work/Kyle.Knightly/chipseq-analysis/chip-scripts/pipeline.py:120: FutureWarning: Setting an item of incompatible dtype is deprecated and will raise an error in a future version of pandas. Value '1.9790968746456123' has dtype incompatible with int64, please explicitly cast to a compatible dtype first.
  cis_enrichment_matrix.loc[row, col] /= (float(loop_anchors) * float(anchor_proportions[row]) * float(anchor_proportions[col])+1)
/mnt/altnas/work/Kyle.Knightly/chipseq-analysis/chip-scripts/pipeline.py:127: FutureWarning: Setting an item of incompatible dtype is deprecated and will raise an error in a future version of pandas. Value '4.402378254031794' has dtype incompatible with int64, please explicitly cast to a compatible dtype first.
  trans_enrichment_matrix.loc[row, col] /= (float(loops) * float(loop_end_proportions[row]) * float(loop_end_proportions[col])+1)
/mnt/altnas/work/Kyle.Knightly/chipseq-analysis/chip-scripts/pipeline.py:127: FutureWarning: Setting an item of incompatible dtype is deprecated and will raise an error in a future version of pandas. Value '2.0994953642874465' has dtype incompatible with int64, please explicitly cast to a compatible dtype first.
  trans_enrichment_matrix.loc[row, col] /= (float(loops) * float(loop_end_proportions[row]) * float(loop_end_proportions[col])+1)
/mnt/altnas/work/Kyle.Knightly/chipseq-analysis/chip-scripts/pipeline.py:127: FutureWarning: Setting an item of incompatible dtype is deprecated and will raise an error in a future version of pandas. Value '2.340051937630343' has dtype incompatible with int64, please explicitly cast to a compatible dtype first.
  trans_enrichment_matrix.loc[row, col] /= (float(loops) * float(loop_end_proportions[row]) * float(loop_end_proportions[col])+1)
/mnt/altnas/work/Kyle.Knightly/chipseq-analysis/chip-scripts/pipeline.py:127: FutureWarning: Setting an item of incompatible dtype is deprecated and will raise an error in a future version of pandas. Value '3.2067130215535897' has dtype incompatible with int64, please explicitly cast to a compatible dtype first.
  trans_enrichment_matrix.loc[row, col] /= (float(loops) * float(loop_end_proportions[row]) * float(loop_end_proportions[col])+1)
/mnt/altnas/work/Kyle.Knightly/chipseq-analysis/chip-scripts/pipeline.py:127: FutureWarning: Setting an item of incompatible dtype is deprecated and will raise an error in a future version of pandas. Value '3.1780023167213947' has dtype incompatible with int64, please explicitly cast to a compatible dtype first.
  trans_enrichment_matrix.loc[row, col] /= (float(loops) * float(loop_end_proportions[row]) * float(loop_end_proportions[col])+1)
/mnt/altnas/work/Kyle.Knightly/chipseq-analysis/chip-scripts/pipeline.py:127: FutureWarning: Setting an item of incompatible dtype is deprecated and will raise an error in a future version of pandas. Value '2.6623448823901694' has dtype incompatible with int64, please explicitly cast to a compatible dtype first.
  trans_enrichment_matrix.loc[row, col] /= (float(loops) * float(loop_end_proportions[row]) * float(loop_end_proportions[col])+1)
/mnt/altnas/work/Kyle.Knightly/chipseq-analysis/chip-scripts/pipeline.py:127: FutureWarning: Setting an item of incompatible dtype is deprecated and will raise an error in a future version of pandas. Value '3.3214164014800533' has dtype incompatible with int64, please explicitly cast to a compatible dtype first.
  trans_enrichment_matrix.loc[row, col] /= (float(loops) * float(loop_end_proportions[row]) * float(loop_end_proportions[col])+1)
/mnt/altnas/work/Kyle.Knightly/chipseq-analysis/chip-scripts/pipeline.py:127: FutureWarning: Setting an item of incompatible dtype is deprecated and will raise an error in a future version of pandas. Value '2.4719814926026875' has dtype incompatible with int64, please explicitly cast to a compatible dtype first.
  trans_enrichment_matrix.loc[row, col] /= (float(loops) * float(loop_end_proportions[row]) * float(loop_end_proportions[col])+1)
/mnt/altnas/work/Kyle.Knightly/chipseq-analysis/chip-scripts/pipeline.py:127: FutureWarning: Setting an item of incompatible dtype is deprecated and will raise an error in a future version of pandas. Value '2.2082849912163725' has dtype incompatible with int64, please explicitly cast to a compatible dtype first.
  trans_enrichment_matrix.loc[row, col] /= (float(loops) * float(loop_end_proportions[row]) * float(loop_end_proportions[col])+1)
/mnt/altnas/work/Kyle.Knightly/chipseq-analysis/chip-scripts/pipeline.py:127: FutureWarning: Setting an item of incompatible dtype is deprecated and will raise an error in a future version of pandas. Value '2.6048655180697438' has dtype incompatible with int64, please explicitly cast to a compatible dtype first.
  trans_enrichment_matrix.loc[row, col] /= (float(loops) * float(loop_end_proportions[row]) * float(loop_end_proportions[col])+1)
/mnt/altnas/work/Kyle.Knightly/chipseq-analysis/chip-scripts/pipeline.py:127: FutureWarning: Setting an item of incompatible dtype is deprecated and will raise an error in a future version of pandas. Value '3.0386817670712842' has dtype incompatible with int64, please explicitly cast to a compatible dtype first.
  trans_enrichment_matrix.loc[row, col] /= (float(loops) * float(loop_end_proportions[row]) * float(loop_end_proportions[col])+1)
/mnt/altnas/work/Kyle.Knightly/chipseq-analysis/chip-scripts/pipeline.py:127: FutureWarning: Setting an item of incompatible dtype is deprecated and will raise an error in a future version of pandas. Value '3.267593014236865' has dtype incompatible with int64, please explicitly cast to a compatible dtype first.
  trans_enrichment_matrix.loc[row, col] /= (float(loops) * float(loop_end_proportions[row]) * float(loop_end_proportions[col])+1)
/mnt/altnas/work/Kyle.Knightly/chipseq-analysis/chip-scripts/pipeline.py:127: FutureWarning: Setting an item of incompatible dtype is deprecated and will raise an error in a future version of pandas. Value '2.785985375145609' has dtype incompatible with int64, please explicitly cast to a compatible dtype first.
  trans_enrichment_matrix.loc[row, col] /= (float(loops) * float(loop_end_proportions[row]) * float(loop_end_proportions[col])+1)
/mnt/altnas/work/Kyle.Knightly/chipseq-analysis/chip-scripts/pipeline.py:127: FutureWarning: Setting an item of incompatible dtype is deprecated and will raise an error in a future version of pandas. Value '3.053801869855325' has dtype incompatible with int64, please explicitly cast to a compatible dtype first.
  trans_enrichment_matrix.loc[row, col] /= (float(loops) * float(loop_end_proportions[row]) * float(loop_end_proportions[col])+1)
/mnt/altnas/work/Kyle.Knightly/chipseq-analysis/chip-scripts/pipeline.py:127: FutureWarning: Setting an item of incompatible dtype is deprecated and will raise an error in a future version of pandas. Value '3.4839790265352235' has dtype incompatible with int64, please explicitly cast to a compatible dtype first.
  trans_enrichment_matrix.loc[row, col] /= (float(loops) * float(loop_end_proportions[row]) * float(loop_end_proportions[col])+1)
/mnt/altnas/work/Kyle.Knightly/chipseq-analysis/chip-scripts/pipeline.py:127: FutureWarning: Setting an item of incompatible dtype is deprecated and will raise an error in a future version of pandas. Value '2.1263081316699233' has dtype incompatible with int64, please explicitly cast to a compatible dtype first.
  trans_enrichment_matrix.loc[row, col] /= (float(loops) * float(loop_end_proportions[row]) * float(loop_end_proportions[col])+1)
/mnt/altnas/work/Kyle.Knightly/chipseq-analysis/chip-scripts/pipeline.py:127: FutureWarning: Setting an item of incompatible dtype is deprecated and will raise an error in a future version of pandas. Value '3.665125273595543' has dtype incompatible with int64, please explicitly cast to a compatible dtype first.
  trans_enrichment_matrix.loc[row, col] /= (float(loops) * float(loop_end_proportions[row]) * float(loop_end_proportions[col])+1)
/mnt/altnas/work/Kyle.Knightly/chipseq-analysis/chip-scripts/pipeline.py:127: FutureWarning: Setting an item of incompatible dtype is deprecated and will raise an error in a future version of pandas. Value '2.9351198531544695' has dtype incompatible with int64, please explicitly cast to a compatible dtype first.
  trans_enrichment_matrix.loc[row, col] /= (float(loops) * float(loop_end_proportions[row]) * float(loop_end_proportions[col])+1)
/mnt/altnas/work/Kyle.Knightly/chipseq-analysis/chip-scripts/pipeline.py:127: FutureWarning: Setting an item of incompatible dtype is deprecated and will raise an error in a future version of pandas. Value '3.3220138094841487' has dtype incompatible with int64, please explicitly cast to a compatible dtype first.
  trans_enrichment_matrix.loc[row, col] /= (float(loops) * float(loop_end_proportions[row]) * float(loop_end_proportions[col])+1)
/mnt/altnas/work/Kyle.Knightly/chipseq-analysis/chip-scripts/pipeline.py:127: FutureWarning: Setting an item of incompatible dtype is deprecated and will raise an error in a future version of pandas. Value '1.8854146243301737' has dtype incompatible with int64, please explicitly cast to a compatible dtype first.
  trans_enrichment_matrix.loc[row, col] /= (float(loops) * float(loop_end_proportions[row]) * float(loop_end_proportions[col])+1)
/mnt/altnas/work/Kyle.Knightly/chipseq-analysis/chip-scripts/pipeline.py:127: FutureWarning: Setting an item of incompatible dtype is deprecated and will raise an error in a future version of pandas. Value '3.0639513023255267' has dtype incompatible with int64, please explicitly cast to a compatible dtype first.
  trans_enrichment_matrix.loc[row, col] /= (float(loops) * float(loop_end_proportions[row]) * float(loop_end_proportions[col])+1)
/mnt/altnas/work/Kyle.Knightly/chipseq-analysis/chip-scripts/pipeline.py:127: FutureWarning: Setting an item of incompatible dtype is deprecated and will raise an error in a future version of pandas. Value '2.4052429884907442' has dtype incompatible with int64, please explicitly cast to a compatible dtype first.
  trans_enrichment_matrix.loc[row, col] /= (float(loops) * float(loop_end_proportions[row]) * float(loop_end_proportions[col])+1)
/mnt/altnas/work/Kyle.Knightly/chipseq-analysis/chip-scripts/pipeline.py:127: FutureWarning: Setting an item of incompatible dtype is deprecated and will raise an error in a future version of pandas. Value '2.8565743060335045' has dtype incompatible with int64, please explicitly cast to a compatible dtype first.
  trans_enrichment_matrix.loc[row, col] /= (float(loops) * float(loop_end_proportions[row]) * float(loop_end_proportions[col])+1)
/mnt/altnas/work/Kyle.Knightly/chipseq-analysis/chip-scripts/pipeline.py:127: FutureWarning: Setting an item of incompatible dtype is deprecated and will raise an error in a future version of pandas. Value '1.696586740753261' has dtype incompatible with int64, please explicitly cast to a compatible dtype first.
  trans_enrichment_matrix.loc[row, col] /= (float(loops) * float(loop_end_proportions[row]) * float(loop_end_proportions[col])+1)
/mnt/altnas/work/Kyle.Knightly/chipseq-analysis/chip-scripts/pipeline.py:127: FutureWarning: Setting an item of incompatible dtype is deprecated and will raise an error in a future version of pandas. Value '2.643887022236867' has dtype incompatible with int64, please explicitly cast to a compatible dtype first.
  trans_enrichment_matrix.loc[row, col] /= (float(loops) * float(loop_end_proportions[row]) * float(loop_end_proportions[col])+1)
/mnt/altnas/work/Kyle.Knightly/chipseq-analysis/chip-scripts/pipeline.py:127: FutureWarning: Setting an item of incompatible dtype is deprecated and will raise an error in a future version of pandas. Value '2.567284441983199' has dtype incompatible with int64, please explicitly cast to a compatible dtype first.
  trans_enrichment_matrix.loc[row, col] /= (float(loops) * float(loop_end_proportions[row]) * float(loop_end_proportions[col])+1)
/mnt/altnas/work/Kyle.Knightly/chipseq-analysis/chip-scripts/pipeline.py:127: FutureWarning: Setting an item of incompatible dtype is deprecated and will raise an error in a future version of pandas. Value '2.6587359971248086' has dtype incompatible with int64, please explicitly cast to a compatible dtype first.
  trans_enrichment_matrix.loc[row, col] /= (float(loops) * float(loop_end_proportions[row]) * float(loop_end_proportions[col])+1)
/mnt/altnas/work/Kyle.Knightly/chipseq-analysis/chip-scripts/pipeline.py:127: FutureWarning: Setting an item of incompatible dtype is deprecated and will raise an error in a future version of pandas. Value '2.5869696654277115' has dtype incompatible with int64, please explicitly cast to a compatible dtype first.
  trans_enrichment_matrix.loc[row, col] /= (float(loops) * float(loop_end_proportions[row]) * float(loop_end_proportions[col])+1)
/mnt/altnas/work/Kyle.Knightly/chipseq-analysis/chip-scripts/pipeline.py:127: FutureWarning: Setting an item of incompatible dtype is deprecated and will raise an error in a future version of pandas. Value '1.7130931404074092' has dtype incompatible with int64, please explicitly cast to a compatible dtype first.
  trans_enrichment_matrix.loc[row, col] /= (float(loops) * float(loop_end_proportions[row]) * float(loop_end_proportions[col])+1)
/mnt/altnas/work/Kyle.Knightly/chipseq-analysis/chip-scripts/pipeline.py:127: FutureWarning: Setting an item of incompatible dtype is deprecated and will raise an error in a future version of pandas. Value '2.755867371707666' has dtype incompatible with int64, please explicitly cast to a compatible dtype first.
  trans_enrichment_matrix.loc[row, col] /= (float(loops) * float(loop_end_proportions[row]) * float(loop_end_proportions[col])+1)
/mnt/altnas/work/Kyle.Knightly/chipseq-analysis/chip-scripts/pipeline.py:127: FutureWarning: Setting an item of incompatible dtype is deprecated and will raise an error in a future version of pandas. Value '3.196911827068251' has dtype incompatible with int64, please explicitly cast to a compatible dtype first.
  trans_enrichment_matrix.loc[row, col] /= (float(loops) * float(loop_end_proportions[row]) * float(loop_end_proportions[col])+1)
/mnt/altnas/work/Kyle.Knightly/chipseq-analysis/chip-scripts/pipeline.py:127: FutureWarning: Setting an item of incompatible dtype is deprecated and will raise an error in a future version of pandas. Value '2.471375870373845' has dtype incompatible with int64, please explicitly cast to a compatible dtype first.
  trans_enrichment_matrix.loc[row, col] /= (float(loops) * float(loop_end_proportions[row]) * float(loop_end_proportions[col])+1)
/mnt/altnas/work/Kyle.Knightly/chipseq-analysis/chip-scripts/pipeline.py:127: FutureWarning: Setting an item of incompatible dtype is deprecated and will raise an error in a future version of pandas. Value '2.793889985863438' has dtype incompatible with int64, please explicitly cast to a compatible dtype first.
  trans_enrichment_matrix.loc[row, col] /= (float(loops) * float(loop_end_proportions[row]) * float(loop_end_proportions[col])+1)
/mnt/altnas/work/Kyle.Knightly/chipseq-analysis/chip-scripts/pipeline.py:127: FutureWarning: Setting an item of incompatible dtype is deprecated and will raise an error in a future version of pandas. Value '2.076735226733535' has dtype incompatible with int64, please explicitly cast to a compatible dtype first.
  trans_enrichment_matrix.loc[row, col] /= (float(loops) * float(loop_end_proportions[row]) * float(loop_end_proportions[col])+1)
/mnt/altnas/work/Kyle.Knightly/chipseq-analysis/chip-scripts/pipeline.py:127: FutureWarning: Setting an item of incompatible dtype is deprecated and will raise an error in a future version of pandas. Value '2.7885521696767865' has dtype incompatible with int64, please explicitly cast to a compatible dtype first.
  trans_enrichment_matrix.loc[row, col] /= (float(loops) * float(loop_end_proportions[row]) * float(loop_end_proportions[col])+1)
/mnt/altnas/work/Kyle.Knightly/chipseq-analysis/chip-scripts/pipeline.py:127: FutureWarning: Setting an item of incompatible dtype is deprecated and will raise an error in a future version of pandas. Value '2.2653632295842594' has dtype incompatible with int64, please explicitly cast to a compatible dtype first.
  trans_enrichment_matrix.loc[row, col] /= (float(loops) * float(loop_end_proportions[row]) * float(loop_end_proportions[col])+1)
/mnt/altnas/work/Kyle.Knightly/chipseq-analysis/chip-scripts/pipeline.py:127: FutureWarning: Setting an item of incompatible dtype is deprecated and will raise an error in a future version of pandas. Value '2.9376440361445004' has dtype incompatible with int64, please explicitly cast to a compatible dtype first.
  trans_enrichment_matrix.loc[row, col] /= (float(loops) * float(loop_end_proportions[row]) * float(loop_end_proportions[col])+1)
/mnt/altnas/work/Kyle.Knightly/chipseq-analysis/chip-scripts/pipeline.py:127: FutureWarning: Setting an item of incompatible dtype is deprecated and will raise an error in a future version of pandas. Value '3.4732261864870524' has dtype incompatible with int64, please explicitly cast to a compatible dtype first.
  trans_enrichment_matrix.loc[row, col] /= (float(loops) * float(loop_end_proportions[row]) * float(loop_end_proportions[col])+1)
/mnt/altnas/work/Kyle.Knightly/chipseq-analysis/chip-scripts/pipeline.py:127: FutureWarning: Setting an item of incompatible dtype is deprecated and will raise an error in a future version of pandas. Value '2.1446247787196837' has dtype incompatible with int64, please explicitly cast to a compatible dtype first.
  trans_enrichment_matrix.loc[row, col] /= (float(loops) * float(loop_end_proportions[row]) * float(loop_end_proportions[col])+1)
/mnt/altnas/work/Kyle.Knightly/chipseq-analysis/chip-scripts/pipeline.py:127: FutureWarning: Setting an item of incompatible dtype is deprecated and will raise an error in a future version of pandas. Value '2.525532973844722' has dtype incompatible with int64, please explicitly cast to a compatible dtype first.
  trans_enrichment_matrix.loc[row, col] /= (float(loops) * float(loop_end_proportions[row]) * float(loop_end_proportions[col])+1)
/mnt/altnas/work/Kyle.Knightly/chipseq-analysis/chip-scripts/pipeline.py:127: FutureWarning: Setting an item of incompatible dtype is deprecated and will raise an error in a future version of pandas. Value '2.4244175396826413' has dtype incompatible with int64, please explicitly cast to a compatible dtype first.
  trans_enrichment_matrix.loc[row, col] /= (float(loops) * float(loop_end_proportions[row]) * float(loop_end_proportions[col])+1)
/mnt/altnas/work/Kyle.Knightly/chipseq-analysis/chip-scripts/pipeline.py:127: FutureWarning: Setting an item of incompatible dtype is deprecated and will raise an error in a future version of pandas. Value '2.770309255190781' has dtype incompatible with int64, please explicitly cast to a compatible dtype first.
  trans_enrichment_matrix.loc[row, col] /= (float(loops) * float(loop_end_proportions[row]) * float(loop_end_proportions[col])+1)
/mnt/altnas/work/Kyle.Knightly/chipseq-analysis/chip-scripts/pipeline.py:127: FutureWarning: Setting an item of incompatible dtype is deprecated and will raise an error in a future version of pandas. Value '2.1030167079658693' has dtype incompatible with int64, please explicitly cast to a compatible dtype first.
  trans_enrichment_matrix.loc[row, col] /= (float(loops) * float(loop_end_proportions[row]) * float(loop_end_proportions[col])+1)
/mnt/altnas/work/Kyle.Knightly/chipseq-analysis/chip-scripts/pipeline.py:127: FutureWarning: Setting an item of incompatible dtype is deprecated and will raise an error in a future version of pandas. Value '3.198074025051033' has dtype incompatible with int64, please explicitly cast to a compatible dtype first.
  trans_enrichment_matrix.loc[row, col] /= (float(loops) * float(loop_end_proportions[row]) * float(loop_end_proportions[col])+1)
/mnt/altnas/work/Kyle.Knightly/chipseq-analysis/chip-scripts/pipeline.py:127: FutureWarning: Setting an item of incompatible dtype is deprecated and will raise an error in a future version of pandas. Value '0.8641541577154116' has dtype incompatible with int64, please explicitly cast to a compatible dtype first.
  trans_enrichment_matrix.loc[row, col] /= (float(loops) * float(loop_end_proportions[row]) * float(loop_end_proportions[col])+1)
/mnt/altnas/work/Kyle.Knightly/chipseq-analysis/chip-scripts/pipeline.py:127: FutureWarning: Setting an item of incompatible dtype is deprecated and will raise an error in a future version of pandas. Value '4.733688343525822' has dtype incompatible with int64, please explicitly cast to a compatible dtype first.
  trans_enrichment_matrix.loc[row, col] /= (float(loops) * float(loop_end_proportions[row]) * float(loop_end_proportions[col])+1)
/mnt/altnas/work/Kyle.Knightly/chipseq-analysis/chip-scripts/pipeline.py:127: FutureWarning: Setting an item of incompatible dtype is deprecated and will raise an error in a future version of pandas. Value '3.0140755119124396' has dtype incompatible with int64, please explicitly cast to a compatible dtype first.
  trans_enrichment_matrix.loc[row, col] /= (float(loops) * float(loop_end_proportions[row]) * float(loop_end_proportions[col])+1)
/mnt/altnas/work/Kyle.Knightly/chipseq-analysis/chip-scripts/pipeline.py:127: FutureWarning: Setting an item of incompatible dtype is deprecated and will raise an error in a future version of pandas. Value '3.3332556288128363' has dtype incompatible with int64, please explicitly cast to a compatible dtype first.
  trans_enrichment_matrix.loc[row, col] /= (float(loops) * float(loop_end_proportions[row]) * float(loop_end_proportions[col])+1)
/mnt/altnas/work/Kyle.Knightly/chipseq-analysis/chip-scripts/pipeline.py:127: FutureWarning: Setting an item of incompatible dtype is deprecated and will raise an error in a future version of pandas. Value '2.6646571506241927' has dtype incompatible with int64, please explicitly cast to a compatible dtype first.
  trans_enrichment_matrix.loc[row, col] /= (float(loops) * float(loop_end_proportions[row]) * float(loop_end_proportions[col])+1)
/mnt/altnas/work/Kyle.Knightly/chipseq-analysis/chip-scripts/pipeline.py:127: FutureWarning: Setting an item of incompatible dtype is deprecated and will raise an error in a future version of pandas. Value '3.158566827764378' has dtype incompatible with int64, please explicitly cast to a compatible dtype first.
  trans_enrichment_matrix.loc[row, col] /= (float(loops) * float(loop_end_proportions[row]) * float(loop_end_proportions[col])+1)
/mnt/altnas/work/Kyle.Knightly/chipseq-analysis/chip-scripts/pipeline.py:127: FutureWarning: Setting an item of incompatible dtype is deprecated and will raise an error in a future version of pandas. Value '2.6188562161681834' has dtype incompatible with int64, please explicitly cast to a compatible dtype first.
  trans_enrichment_matrix.loc[row, col] /= (float(loops) * float(loop_end_proportions[row]) * float(loop_end_proportions[col])+1)
/mnt/altnas/work/Kyle.Knightly/chipseq-analysis/chip-scripts/pipeline.py:127: FutureWarning: Setting an item of incompatible dtype is deprecated and will raise an error in a future version of pandas. Value '2.2036238364212872' has dtype incompatible with int64, please explicitly cast to a compatible dtype first.
  trans_enrichment_matrix.loc[row, col] /= (float(loops) * float(loop_end_proportions[row]) * float(loop_end_proportions[col])+1)
/mnt/altnas/work/Kyle.Knightly/chipseq-analysis/chip-scripts/pipeline.py:127: FutureWarning: Setting an item of incompatible dtype is deprecated and will raise an error in a future version of pandas. Value '2.378768278601015' has dtype incompatible with int64, please explicitly cast to a compatible dtype first.
  trans_enrichment_matrix.loc[row, col] /= (float(loops) * float(loop_end_proportions[row]) * float(loop_end_proportions[col])+1)
/mnt/altnas/work/Kyle.Knightly/chipseq-analysis/chip-scripts/pipeline.py:127: FutureWarning: Setting an item of incompatible dtype is deprecated and will raise an error in a future version of pandas. Value '1.1488441539993994' has dtype incompatible with int64, please explicitly cast to a compatible dtype first.
  trans_enrichment_matrix.loc[row, col] /= (float(loops) * float(loop_end_proportions[row]) * float(loop_end_proportions[col])+1)
/mnt/altnas/work/Kyle.Knightly/chipseq-analysis/chip-scripts/pipeline.py:127: FutureWarning: Setting an item of incompatible dtype is deprecated and will raise an error in a future version of pandas. Value '3.3772882590903666' has dtype incompatible with int64, please explicitly cast to a compatible dtype first.
  trans_enrichment_matrix.loc[row, col] /= (float(loops) * float(loop_end_proportions[row]) * float(loop_end_proportions[col])+1)
/mnt/altnas/work/Kyle.Knightly/chipseq-analysis/chip-scripts/pipeline.py:127: FutureWarning: Setting an item of incompatible dtype is deprecated and will raise an error in a future version of pandas. Value '1.1571065808195178' has dtype incompatible with int64, please explicitly cast to a compatible dtype first.
  trans_enrichment_matrix.loc[row, col] /= (float(loops) * float(loop_end_proportions[row]) * float(loop_end_proportions[col])+1)
/mnt/altnas/work/Kyle.Knightly/chipseq-analysis/chip-scripts/pipeline.py:127: FutureWarning: Setting an item of incompatible dtype is deprecated and will raise an error in a future version of pandas. Value '2.76307876785245' has dtype incompatible with int64, please explicitly cast to a compatible dtype first.
  trans_enrichment_matrix.loc[row, col] /= (float(loops) * float(loop_end_proportions[row]) * float(loop_end_proportions[col])+1)
/mnt/altnas/work/Kyle.Knightly/chipseq-analysis/chip-scripts/pipeline.py:127: FutureWarning: Setting an item of incompatible dtype is deprecated and will raise an error in a future version of pandas. Value '2.669932689753425' has dtype incompatible with int64, please explicitly cast to a compatible dtype first.
  trans_enrichment_matrix.loc[row, col] /= (float(loops) * float(loop_end_proportions[row]) * float(loop_end_proportions[col])+1)
/mnt/altnas/work/Kyle.Knightly/chipseq-analysis/chip-scripts/pipeline.py:127: FutureWarning: Setting an item of incompatible dtype is deprecated and will raise an error in a future version of pandas. Value '4.184057589942878' has dtype incompatible with int64, please explicitly cast to a compatible dtype first.
  trans_enrichment_matrix.loc[row, col] /= (float(loops) * float(loop_end_proportions[row]) * float(loop_end_proportions[col])+1)
/mnt/altnas/work/Kyle.Knightly/chipseq-analysis/chip-scripts/pipeline.py:127: FutureWarning: Setting an item of incompatible dtype is deprecated and will raise an error in a future version of pandas. Value '2.192263299224384' has dtype incompatible with int64, please explicitly cast to a compatible dtype first.
  trans_enrichment_matrix.loc[row, col] /= (float(loops) * float(loop_end_proportions[row]) * float(loop_end_proportions[col])+1)
/mnt/altnas/work/Kyle.Knightly/chipseq-analysis/chip-scripts/pipeline.py:127: FutureWarning: Setting an item of incompatible dtype is deprecated and will raise an error in a future version of pandas. Value '2.452099085201852' has dtype incompatible with int64, please explicitly cast to a compatible dtype first.
  trans_enrichment_matrix.loc[row, col] /= (float(loops) * float(loop_end_proportions[row]) * float(loop_end_proportions[col])+1)
/mnt/altnas/work/Kyle.Knightly/chipseq-analysis/chip-scripts/pipeline.py:127: FutureWarning: Setting an item of incompatible dtype is deprecated and will raise an error in a future version of pandas. Value '2.6004913562727796' has dtype incompatible with int64, please explicitly cast to a compatible dtype first.
  trans_enrichment_matrix.loc[row, col] /= (float(loops) * float(loop_end_proportions[row]) * float(loop_end_proportions[col])+1)
/mnt/altnas/work/Kyle.Knightly/chipseq-analysis/chip-scripts/pipeline.py:127: FutureWarning: Setting an item of incompatible dtype is deprecated and will raise an error in a future version of pandas. Value '3.7452639318753365' has dtype incompatible with int64, please explicitly cast to a compatible dtype first.
  trans_enrichment_matrix.loc[row, col] /= (float(loops) * float(loop_end_proportions[row]) * float(loop_end_proportions[col])+1)
/mnt/altnas/work/Kyle.Knightly/chipseq-analysis/chip-scripts/pipeline.py:127: FutureWarning: Setting an item of incompatible dtype is deprecated and will raise an error in a future version of pandas. Value '3.3882022846989295' has dtype incompatible with int64, please explicitly cast to a compatible dtype first.
  trans_enrichment_matrix.loc[row, col] /= (float(loops) * float(loop_end_proportions[row]) * float(loop_end_proportions[col])+1)
/mnt/altnas/work/Kyle.Knightly/chipseq-analysis/chip-scripts/pipeline.py:127: FutureWarning: Setting an item of incompatible dtype is deprecated and will raise an error in a future version of pandas. Value '2.8124533786918198' has dtype incompatible with int64, please explicitly cast to a compatible dtype first.
  trans_enrichment_matrix.loc[row, col] /= (float(loops) * float(loop_end_proportions[row]) * float(loop_end_proportions[col])+1)
/mnt/altnas/work/Kyle.Knightly/chipseq-analysis/chip-scripts/pipeline.py:127: FutureWarning: Setting an item of incompatible dtype is deprecated and will raise an error in a future version of pandas. Value '3.1646836410875805' has dtype incompatible with int64, please explicitly cast to a compatible dtype first.
  trans_enrichment_matrix.loc[row, col] /= (float(loops) * float(loop_end_proportions[row]) * float(loop_end_proportions[col])+1)
/mnt/altnas/work/Kyle.Knightly/chipseq-analysis/chip-scripts/pipeline.py:127: FutureWarning: Setting an item of incompatible dtype is deprecated and will raise an error in a future version of pandas. Value '2.804471945696945' has dtype incompatible with int64, please explicitly cast to a compatible dtype first.
  trans_enrichment_matrix.loc[row, col] /= (float(loops) * float(loop_end_proportions[row]) * float(loop_end_proportions[col])+1)
/mnt/altnas/work/Kyle.Knightly/chipseq-analysis/chip-scripts/pipeline.py:127: FutureWarning: Setting an item of incompatible dtype is deprecated and will raise an error in a future version of pandas. Value '3.0843972872521994' has dtype incompatible with int64, please explicitly cast to a compatible dtype first.
  trans_enrichment_matrix.loc[row, col] /= (float(loops) * float(loop_end_proportions[row]) * float(loop_end_proportions[col])+1)
/mnt/altnas/work/Kyle.Knightly/chipseq-analysis/chip-scripts/pipeline.py:127: FutureWarning: Setting an item of incompatible dtype is deprecated and will raise an error in a future version of pandas. Value '2.8151746125774153' has dtype incompatible with int64, please explicitly cast to a compatible dtype first.
  trans_enrichment_matrix.loc[row, col] /= (float(loops) * float(loop_end_proportions[row]) * float(loop_end_proportions[col])+1)
/mnt/altnas/work/Kyle.Knightly/chipseq-analysis/chip-scripts/pipeline.py:127: FutureWarning: Setting an item of incompatible dtype is deprecated and will raise an error in a future version of pandas. Value '3.0247558404147634' has dtype incompatible with int64, please explicitly cast to a compatible dtype first.
  trans_enrichment_matrix.loc[row, col] /= (float(loops) * float(loop_end_proportions[row]) * float(loop_end_proportions[col])+1)
/mnt/altnas/work/Kyle.Knightly/chipseq-analysis/chip-scripts/pipeline.py:127: FutureWarning: Setting an item of incompatible dtype is deprecated and will raise an error in a future version of pandas. Value '2.953881226110357' has dtype incompatible with int64, please explicitly cast to a compatible dtype first.
  trans_enrichment_matrix.loc[row, col] /= (float(loops) * float(loop_end_proportions[row]) * float(loop_end_proportions[col])+1)
/mnt/altnas/work/Kyle.Knightly/chipseq-analysis/chip-scripts/pipeline.py:127: FutureWarning: Setting an item of incompatible dtype is deprecated and will raise an error in a future version of pandas. Value '2.5277100935595715' has dtype incompatible with int64, please explicitly cast to a compatible dtype first.
  trans_enrichment_matrix.loc[row, col] /= (float(loops) * float(loop_end_proportions[row]) * float(loop_end_proportions[col])+1)
/mnt/altnas/work/Kyle.Knightly/chipseq-analysis/chip-scripts/pipeline.py:127: FutureWarning: Setting an item of incompatible dtype is deprecated and will raise an error in a future version of pandas. Value '3.1899107773738127' has dtype incompatible with int64, please explicitly cast to a compatible dtype first.
  trans_enrichment_matrix.loc[row, col] /= (float(loops) * float(loop_end_proportions[row]) * float(loop_end_proportions[col])+1)
/mnt/altnas/work/Kyle.Knightly/chipseq-analysis/chip-scripts/pipeline.py:127: FutureWarning: Setting an item of incompatible dtype is deprecated and will raise an error in a future version of pandas. Value '3.5375977150559472' has dtype incompatible with int64, please explicitly cast to a compatible dtype first.
  trans_enrichment_matrix.loc[row, col] /= (float(loops) * float(loop_end_proportions[row]) * float(loop_end_proportions[col])+1)
/mnt/altnas/work/Kyle.Knightly/chipseq-analysis/chip-scripts/pipeline.py:127: FutureWarning: Setting an item of incompatible dtype is deprecated and will raise an error in a future version of pandas. Value '3.062495642238236' has dtype incompatible with int64, please explicitly cast to a compatible dtype first.
  trans_enrichment_matrix.loc[row, col] /= (float(loops) * float(loop_end_proportions[row]) * float(loop_end_proportions[col])+1)
/mnt/altnas/work/Kyle.Knightly/chipseq-analysis/chip-scripts/pipeline.py:127: FutureWarning: Setting an item of incompatible dtype is deprecated and will raise an error in a future version of pandas. Value '3.47513549940279' has dtype incompatible with int64, please explicitly cast to a compatible dtype first.
  trans_enrichment_matrix.loc[row, col] /= (float(loops) * float(loop_end_proportions[row]) * float(loop_end_proportions[col])+1)
/mnt/altnas/work/Kyle.Knightly/chipseq-analysis/chip-scripts/pipeline.py:127: FutureWarning: Setting an item of incompatible dtype is deprecated and will raise an error in a future version of pandas. Value '3.5703633303875333' has dtype incompatible with int64, please explicitly cast to a compatible dtype first.
  trans_enrichment_matrix.loc[row, col] /= (float(loops) * float(loop_end_proportions[row]) * float(loop_end_proportions[col])+1)
/mnt/altnas/work/Kyle.Knightly/chipseq-analysis/chip-scripts/pipeline.py:127: FutureWarning: Setting an item of incompatible dtype is deprecated and will raise an error in a future version of pandas. Value '2.948562717736143' has dtype incompatible with int64, please explicitly cast to a compatible dtype first.
  trans_enrichment_matrix.loc[row, col] /= (float(loops) * float(loop_end_proportions[row]) * float(loop_end_proportions[col])+1)
/mnt/altnas/work/Kyle.Knightly/chipseq-analysis/chip-scripts/pipeline.py:127: FutureWarning: Setting an item of incompatible dtype is deprecated and will raise an error in a future version of pandas. Value '2.5447966305532' has dtype incompatible with int64, please explicitly cast to a compatible dtype first.
  trans_enrichment_matrix.loc[row, col] /= (float(loops) * float(loop_end_proportions[row]) * float(loop_end_proportions[col])+1)
/mnt/altnas/work/Kyle.Knightly/chipseq-analysis/chip-scripts/pipeline.py:127: FutureWarning: Setting an item of incompatible dtype is deprecated and will raise an error in a future version of pandas. Value '3.19193321638254' has dtype incompatible with int64, please explicitly cast to a compatible dtype first.
  trans_enrichment_matrix.loc[row, col] /= (float(loops) * float(loop_end_proportions[row]) * float(loop_end_proportions[col])+1)
/mnt/altnas/work/Kyle.Knightly/chipseq-analysis/chip-scripts/pipeline.py:127: FutureWarning: Setting an item of incompatible dtype is deprecated and will raise an error in a future version of pandas. Value '3.9433398007264877' has dtype incompatible with int64, please explicitly cast to a compatible dtype first.
  trans_enrichment_matrix.loc[row, col] /= (float(loops) * float(loop_end_proportions[row]) * float(loop_end_proportions[col])+1)
/mnt/altnas/work/Kyle.Knightly/chipseq-analysis/chip-scripts/pipeline.py:127: FutureWarning: Setting an item of incompatible dtype is deprecated and will raise an error in a future version of pandas. Value '2.999807771617838' has dtype incompatible with int64, please explicitly cast to a compatible dtype first.
  trans_enrichment_matrix.loc[row, col] /= (float(loops) * float(loop_end_proportions[row]) * float(loop_end_proportions[col])+1)
/mnt/altnas/work/Kyle.Knightly/chipseq-analysis/chip-scripts/pipeline.py:127: FutureWarning: Setting an item of incompatible dtype is deprecated and will raise an error in a future version of pandas. Value '3.1997258730909652' has dtype incompatible with int64, please explicitly cast to a compatible dtype first.
  trans_enrichment_matrix.loc[row, col] /= (float(loops) * float(loop_end_proportions[row]) * float(loop_end_proportions[col])+1)
/mnt/altnas/work/Kyle.Knightly/chipseq-analysis/chip-scripts/pipeline.py:127: FutureWarning: Setting an item of incompatible dtype is deprecated and will raise an error in a future version of pandas. Value '2.998799247999923' has dtype incompatible with int64, please explicitly cast to a compatible dtype first.
  trans_enrichment_matrix.loc[row, col] /= (float(loops) * float(loop_end_proportions[row]) * float(loop_end_proportions[col])+1)
/mnt/altnas/work/Kyle.Knightly/chipseq-analysis/chip-scripts/pipeline.py:127: FutureWarning: Setting an item of incompatible dtype is deprecated and will raise an error in a future version of pandas. Value '2.405705358079104' has dtype incompatible with int64, please explicitly cast to a compatible dtype first.
  trans_enrichment_matrix.loc[row, col] /= (float(loops) * float(loop_end_proportions[row]) * float(loop_end_proportions[col])+1)
/mnt/altnas/work/Kyle.Knightly/chipseq-analysis/chip-scripts/pipeline.py:127: FutureWarning: Setting an item of incompatible dtype is deprecated and will raise an error in a future version of pandas. Value '2.536354212922572' has dtype incompatible with int64, please explicitly cast to a compatible dtype first.
  trans_enrichment_matrix.loc[row, col] /= (float(loops) * float(loop_end_proportions[row]) * float(loop_end_proportions[col])+1)
/mnt/altnas/work/Kyle.Knightly/chipseq-analysis/chip-scripts/pipeline.py:127: FutureWarning: Setting an item of incompatible dtype is deprecated and will raise an error in a future version of pandas. Value '3.025569094844594' has dtype incompatible with int64, please explicitly cast to a compatible dtype first.
  trans_enrichment_matrix.loc[row, col] /= (float(loops) * float(loop_end_proportions[row]) * float(loop_end_proportions[col])+1)
/mnt/altnas/work/Kyle.Knightly/chipseq-analysis/chip-scripts/pipeline.py:127: FutureWarning: Setting an item of incompatible dtype is deprecated and will raise an error in a future version of pandas. Value '2.5012857894053835' has dtype incompatible with int64, please explicitly cast to a compatible dtype first.
  trans_enrichment_matrix.loc[row, col] /= (float(loops) * float(loop_end_proportions[row]) * float(loop_end_proportions[col])+1)
/mnt/altnas/work/Kyle.Knightly/chipseq-analysis/chip-scripts/pipeline.py:127: FutureWarning: Setting an item of incompatible dtype is deprecated and will raise an error in a future version of pandas. Value '3.1407133287593654' has dtype incompatible with int64, please explicitly cast to a compatible dtype first.
  trans_enrichment_matrix.loc[row, col] /= (float(loops) * float(loop_end_proportions[row]) * float(loop_end_proportions[col])+1)
/mnt/altnas/work/Kyle.Knightly/chipseq-analysis/chip-scripts/pipeline.py:127: FutureWarning: Setting an item of incompatible dtype is deprecated and will raise an error in a future version of pandas. Value '2.5739014152749724' has dtype incompatible with int64, please explicitly cast to a compatible dtype first.
  trans_enrichment_matrix.loc[row, col] /= (float(loops) * float(loop_end_proportions[row]) * float(loop_end_proportions[col])+1)
/mnt/altnas/work/Kyle.Knightly/chipseq-analysis/chip-scripts/pipeline.py:127: FutureWarning: Setting an item of incompatible dtype is deprecated and will raise an error in a future version of pandas. Value '2.796717924901202' has dtype incompatible with int64, please explicitly cast to a compatible dtype first.
  trans_enrichment_matrix.loc[row, col] /= (float(loops) * float(loop_end_proportions[row]) * float(loop_end_proportions[col])+1)
/mnt/altnas/work/Kyle.Knightly/chipseq-analysis/chip-scripts/pipeline.py:127: FutureWarning: Setting an item of incompatible dtype is deprecated and will raise an error in a future version of pandas. Value '2.7603727195513854' has dtype incompatible with int64, please explicitly cast to a compatible dtype first.
  trans_enrichment_matrix.loc[row, col] /= (float(loops) * float(loop_end_proportions[row]) * float(loop_end_proportions[col])+1)
/mnt/altnas/work/Kyle.Knightly/chipseq-analysis/chip-scripts/pipeline.py:127: FutureWarning: Setting an item of incompatible dtype is deprecated and will raise an error in a future version of pandas. Value '3.1088495667845164' has dtype incompatible with int64, please explicitly cast to a compatible dtype first.
  trans_enrichment_matrix.loc[row, col] /= (float(loops) * float(loop_end_proportions[row]) * float(loop_end_proportions[col])+1)
/mnt/altnas/work/Kyle.Knightly/chipseq-analysis/chip-scripts/pipeline.py:127: FutureWarning: Setting an item of incompatible dtype is deprecated and will raise an error in a future version of pandas. Value '2.554618653601086' has dtype incompatible with int64, please explicitly cast to a compatible dtype first.
  trans_enrichment_matrix.loc[row, col] /= (float(loops) * float(loop_end_proportions[row]) * float(loop_end_proportions[col])+1)
/mnt/altnas/work/Kyle.Knightly/chipseq-analysis/chip-scripts/pipeline.py:127: FutureWarning: Setting an item of incompatible dtype is deprecated and will raise an error in a future version of pandas. Value '3.1269761211227474' has dtype incompatible with int64, please explicitly cast to a compatible dtype first.
  trans_enrichment_matrix.loc[row, col] /= (float(loops) * float(loop_end_proportions[row]) * float(loop_end_proportions[col])+1)
/mnt/altnas/work/Kyle.Knightly/chipseq-analysis/chip-scripts/pipeline.py:127: FutureWarning: Setting an item of incompatible dtype is deprecated and will raise an error in a future version of pandas. Value '2.799206364863135' has dtype incompatible with int64, please explicitly cast to a compatible dtype first.
  trans_enrichment_matrix.loc[row, col] /= (float(loops) * float(loop_end_proportions[row]) * float(loop_end_proportions[col])+1)
/mnt/altnas/work/Kyle.Knightly/chipseq-analysis/chip-scripts/pipeline.py:127: FutureWarning: Setting an item of incompatible dtype is deprecated and will raise an error in a future version of pandas. Value '2.746663293246084' has dtype incompatible with int64, please explicitly cast to a compatible dtype first.
  trans_enrichment_matrix.loc[row, col] /= (float(loops) * float(loop_end_proportions[row]) * float(loop_end_proportions[col])+1)
/mnt/altnas/work/Kyle.Knightly/chipseq-analysis/chip-scripts/pipeline.py:127: FutureWarning: Setting an item of incompatible dtype is deprecated and will raise an error in a future version of pandas. Value '3.0817444291633724' has dtype incompatible with int64, please explicitly cast to a compatible dtype first.
  trans_enrichment_matrix.loc[row, col] /= (float(loops) * float(loop_end_proportions[row]) * float(loop_end_proportions[col])+1)
/mnt/altnas/work/Kyle.Knightly/chipseq-analysis/chip-scripts/pipeline.py:127: FutureWarning: Setting an item of incompatible dtype is deprecated and will raise an error in a future version of pandas. Value '2.587947289515786' has dtype incompatible with int64, please explicitly cast to a compatible dtype first.
  trans_enrichment_matrix.loc[row, col] /= (float(loops) * float(loop_end_proportions[row]) * float(loop_end_proportions[col])+1)
/mnt/altnas/work/Kyle.Knightly/chipseq-analysis/chip-scripts/pipeline.py:127: FutureWarning: Setting an item of incompatible dtype is deprecated and will raise an error in a future version of pandas. Value '2.2976524605061406' has dtype incompatible with int64, please explicitly cast to a compatible dtype first.
  trans_enrichment_matrix.loc[row, col] /= (float(loops) * float(loop_end_proportions[row]) * float(loop_end_proportions[col])+1)
/mnt/altnas/work/Kyle.Knightly/chipseq-analysis/chip-scripts/pipeline.py:127: FutureWarning: Setting an item of incompatible dtype is deprecated and will raise an error in a future version of pandas. Value '2.7892483821951863' has dtype incompatible with int64, please explicitly cast to a compatible dtype first.
  trans_enrichment_matrix.loc[row, col] /= (float(loops) * float(loop_end_proportions[row]) * float(loop_end_proportions[col])+1)
/mnt/altnas/work/Kyle.Knightly/chipseq-analysis/chip-scripts/pipeline.py:127: FutureWarning: Setting an item of incompatible dtype is deprecated and will raise an error in a future version of pandas. Value '3.7825265916448285' has dtype incompatible with int64, please explicitly cast to a compatible dtype first.
  trans_enrichment_matrix.loc[row, col] /= (float(loops) * float(loop_end_proportions[row]) * float(loop_end_proportions[col])+1)
/mnt/altnas/work/Kyle.Knightly/chipseq-analysis/chip-scripts/pipeline.py:127: FutureWarning: Setting an item of incompatible dtype is deprecated and will raise an error in a future version of pandas. Value '3.349008678473153' has dtype incompatible with int64, please explicitly cast to a compatible dtype first.
  trans_enrichment_matrix.loc[row, col] /= (float(loops) * float(loop_end_proportions[row]) * float(loop_end_proportions[col])+1)
/mnt/altnas/work/Kyle.Knightly/chipseq-analysis/chip-scripts/pipeline.py:127: FutureWarning: Setting an item of incompatible dtype is deprecated and will raise an error in a future version of pandas. Value '3.3723664049756676' has dtype incompatible with int64, please explicitly cast to a compatible dtype first.
  trans_enrichment_matrix.loc[row, col] /= (float(loops) * float(loop_end_proportions[row]) * float(loop_end_proportions[col])+1)
/mnt/altnas/work/Kyle.Knightly/chipseq-analysis/chip-scripts/pipeline.py:127: FutureWarning: Setting an item of incompatible dtype is deprecated and will raise an error in a future version of pandas. Value '2.5146805198884743' has dtype incompatible with int64, please explicitly cast to a compatible dtype first.
  trans_enrichment_matrix.loc[row, col] /= (float(loops) * float(loop_end_proportions[row]) * float(loop_end_proportions[col])+1)
/mnt/altnas/work/Kyle.Knightly/chipseq-analysis/chip-scripts/pipeline.py:127: FutureWarning: Setting an item of incompatible dtype is deprecated and will raise an error in a future version of pandas. Value '2.791248556474277' has dtype incompatible with int64, please explicitly cast to a compatible dtype first.
  trans_enrichment_matrix.loc[row, col] /= (float(loops) * float(loop_end_proportions[row]) * float(loop_end_proportions[col])+1)
/mnt/altnas/work/Kyle.Knightly/chipseq-analysis/chip-scripts/pipeline.py:127: FutureWarning: Setting an item of incompatible dtype is deprecated and will raise an error in a future version of pandas. Value '3.0126425636023244' has dtype incompatible with int64, please explicitly cast to a compatible dtype first.
  trans_enrichment_matrix.loc[row, col] /= (float(loops) * float(loop_end_proportions[row]) * float(loop_end_proportions[col])+1)
/mnt/altnas/work/Kyle.Knightly/chipseq-analysis/chip-scripts/pipeline.py:127: FutureWarning: Setting an item of incompatible dtype is deprecated and will raise an error in a future version of pandas. Value '2.855496975634547' has dtype incompatible with int64, please explicitly cast to a compatible dtype first.
  trans_enrichment_matrix.loc[row, col] /= (float(loops) * float(loop_end_proportions[row]) * float(loop_end_proportions[col])+1)
/mnt/altnas/work/Kyle.Knightly/chipseq-analysis/chip-scripts/pipeline.py:127: FutureWarning: Setting an item of incompatible dtype is deprecated and will raise an error in a future version of pandas. Value '2.8640096166621323' has dtype incompatible with int64, please explicitly cast to a compatible dtype first.
  trans_enrichment_matrix.loc[row, col] /= (float(loops) * float(loop_end_proportions[row]) * float(loop_end_proportions[col])+1)
/mnt/altnas/work/Kyle.Knightly/chipseq-analysis/chip-scripts/pipeline.py:127: FutureWarning: Setting an item of incompatible dtype is deprecated and will raise an error in a future version of pandas. Value '2.7071451100400057' has dtype incompatible with int64, please explicitly cast to a compatible dtype first.
  trans_enrichment_matrix.loc[row, col] /= (float(loops) * float(loop_end_proportions[row]) * float(loop_end_proportions[col])+1)
/mnt/altnas/work/Kyle.Knightly/chipseq-analysis/chip-scripts/pipeline.py:127: FutureWarning: Setting an item of incompatible dtype is deprecated and will raise an error in a future version of pandas. Value '1.8846120319339585' has dtype incompatible with int64, please explicitly cast to a compatible dtype first.
  trans_enrichment_matrix.loc[row, col] /= (float(loops) * float(loop_end_proportions[row]) * float(loop_end_proportions[col])+1)
/mnt/altnas/work/Kyle.Knightly/chipseq-analysis/chip-scripts/pipeline.py:127: FutureWarning: Setting an item of incompatible dtype is deprecated and will raise an error in a future version of pandas. Value '1.6655399539791347' has dtype incompatible with int64, please explicitly cast to a compatible dtype first.
  trans_enrichment_matrix.loc[row, col] /= (float(loops) * float(loop_end_proportions[row]) * float(loop_end_proportions[col])+1)
/mnt/altnas/work/Kyle.Knightly/chipseq-analysis/chip-scripts/pipeline.py:127: FutureWarning: Setting an item of incompatible dtype is deprecated and will raise an error in a future version of pandas. Value '2.4606087312839833' has dtype incompatible with int64, please explicitly cast to a compatible dtype first.
  trans_enrichment_matrix.loc[row, col] /= (float(loops) * float(loop_end_proportions[row]) * float(loop_end_proportions[col])+1)
/mnt/altnas/work/Kyle.Knightly/chipseq-analysis/chip-scripts/pipeline.py:127: FutureWarning: Setting an item of incompatible dtype is deprecated and will raise an error in a future version of pandas. Value '3.2513508521700407' has dtype incompatible with int64, please explicitly cast to a compatible dtype first.
  trans_enrichment_matrix.loc[row, col] /= (float(loops) * float(loop_end_proportions[row]) * float(loop_end_proportions[col])+1)
/mnt/altnas/work/Kyle.Knightly/chipseq-analysis/chip-scripts/pipeline.py:127: FutureWarning: Setting an item of incompatible dtype is deprecated and will raise an error in a future version of pandas. Value '3.844334544239172' has dtype incompatible with int64, please explicitly cast to a compatible dtype first.
  trans_enrichment_matrix.loc[row, col] /= (float(loops) * float(loop_end_proportions[row]) * float(loop_end_proportions[col])+1)
/mnt/altnas/work/Kyle.Knightly/chipseq-analysis/chip-scripts/pipeline.py:127: FutureWarning: Setting an item of incompatible dtype is deprecated and will raise an error in a future version of pandas. Value '0.961013615561076' has dtype incompatible with int64, please explicitly cast to a compatible dtype first.
  trans_enrichment_matrix.loc[row, col] /= (float(loops) * float(loop_end_proportions[row]) * float(loop_end_proportions[col])+1)
/mnt/altnas/work/Kyle.Knightly/chipseq-analysis/chip-scripts/pipeline.py:127: FutureWarning: Setting an item of incompatible dtype is deprecated and will raise an error in a future version of pandas. Value '2.8503957738982932' has dtype incompatible with int64, please explicitly cast to a compatible dtype first.
  trans_enrichment_matrix.loc[row, col] /= (float(loops) * float(loop_end_proportions[row]) * float(loop_end_proportions[col])+1)
/mnt/altnas/work/Kyle.Knightly/chipseq-analysis/chip-scripts/pipeline.py:127: FutureWarning: Setting an item of incompatible dtype is deprecated and will raise an error in a future version of pandas. Value '0.8438167548798391' has dtype incompatible with int64, please explicitly cast to a compatible dtype first.
  trans_enrichment_matrix.loc[row, col] /= (float(loops) * float(loop_end_proportions[row]) * float(loop_end_proportions[col])+1)
/mnt/altnas/work/Kyle.Knightly/chipseq-analysis/chip-scripts/pipeline.py:127: FutureWarning: Setting an item of incompatible dtype is deprecated and will raise an error in a future version of pandas. Value '2.6026654881509006' has dtype incompatible with int64, please explicitly cast to a compatible dtype first.
  trans_enrichment_matrix.loc[row, col] /= (float(loops) * float(loop_end_proportions[row]) * float(loop_end_proportions[col])+1)
/mnt/altnas/work/Kyle.Knightly/chipseq-analysis/chip-scripts/pipeline.py:127: FutureWarning: Setting an item of incompatible dtype is deprecated and will raise an error in a future version of pandas. Value '1.9107484997668838' has dtype incompatible with int64, please explicitly cast to a compatible dtype first.
  trans_enrichment_matrix.loc[row, col] /= (float(loops) * float(loop_end_proportions[row]) * float(loop_end_proportions[col])+1)
/mnt/altnas/work/Kyle.Knightly/chipseq-analysis/chip-scripts/pipeline.py:127: FutureWarning: Setting an item of incompatible dtype is deprecated and will raise an error in a future version of pandas. Value '2.584645659780298' has dtype incompatible with int64, please explicitly cast to a compatible dtype first.
  trans_enrichment_matrix.loc[row, col] /= (float(loops) * float(loop_end_proportions[row]) * float(loop_end_proportions[col])+1)
/mnt/altnas/work/Kyle.Knightly/chipseq-analysis/chip-scripts/pipeline.py:127: FutureWarning: Setting an item of incompatible dtype is deprecated and will raise an error in a future version of pandas. Value '3.122383156403044' has dtype incompatible with int64, please explicitly cast to a compatible dtype first.
  trans_enrichment_matrix.loc[row, col] /= (float(loops) * float(loop_end_proportions[row]) * float(loop_end_proportions[col])+1)
/mnt/altnas/work/Kyle.Knightly/chipseq-analysis/chip-scripts/pipeline.py:127: FutureWarning: Setting an item of incompatible dtype is deprecated and will raise an error in a future version of pandas. Value '3.0537269669638327' has dtype incompatible with int64, please explicitly cast to a compatible dtype first.
  trans_enrichment_matrix.loc[row, col] /= (float(loops) * float(loop_end_proportions[row]) * float(loop_end_proportions[col])+1)
/mnt/altnas/work/Kyle.Knightly/chipseq-analysis/chip-scripts/pipeline.py:127: FutureWarning: Setting an item of incompatible dtype is deprecated and will raise an error in a future version of pandas. Value '2.800719869552227' has dtype incompatible with int64, please explicitly cast to a compatible dtype first.
  trans_enrichment_matrix.loc[row, col] /= (float(loops) * float(loop_end_proportions[row]) * float(loop_end_proportions[col])+1)
/mnt/altnas/work/Kyle.Knightly/chipseq-analysis/chip-scripts/pipeline.py:127: FutureWarning: Setting an item of incompatible dtype is deprecated and will raise an error in a future version of pandas. Value '2.264351471331916' has dtype incompatible with int64, please explicitly cast to a compatible dtype first.
  trans_enrichment_matrix.loc[row, col] /= (float(loops) * float(loop_end_proportions[row]) * float(loop_end_proportions[col])+1)
/mnt/altnas/work/Kyle.Knightly/chipseq-analysis/chip-scripts/pipeline.py:127: FutureWarning: Setting an item of incompatible dtype is deprecated and will raise an error in a future version of pandas. Value '3.6863119653869987' has dtype incompatible with int64, please explicitly cast to a compatible dtype first.
  trans_enrichment_matrix.loc[row, col] /= (float(loops) * float(loop_end_proportions[row]) * float(loop_end_proportions[col])+1)
/mnt/altnas/work/Kyle.Knightly/chipseq-analysis/chip-scripts/pipeline.py:127: FutureWarning: Setting an item of incompatible dtype is deprecated and will raise an error in a future version of pandas. Value '3.7317209972638254' has dtype incompatible with int64, please explicitly cast to a compatible dtype first.
  trans_enrichment_matrix.loc[row, col] /= (float(loops) * float(loop_end_proportions[row]) * float(loop_end_proportions[col])+1)
/mnt/altnas/work/Kyle.Knightly/chipseq-analysis/chip-scripts/pipeline.py:127: FutureWarning: Setting an item of incompatible dtype is deprecated and will raise an error in a future version of pandas. Value '2.9372674166180635' has dtype incompatible with int64, please explicitly cast to a compatible dtype first.
  trans_enrichment_matrix.loc[row, col] /= (float(loops) * float(loop_end_proportions[row]) * float(loop_end_proportions[col])+1)
/mnt/altnas/work/Kyle.Knightly/chipseq-analysis/chip-scripts/pipeline.py:127: FutureWarning: Setting an item of incompatible dtype is deprecated and will raise an error in a future version of pandas. Value '1.864722115144855' has dtype incompatible with int64, please explicitly cast to a compatible dtype first.
  trans_enrichment_matrix.loc[row, col] /= (float(loops) * float(loop_end_proportions[row]) * float(loop_end_proportions[col])+1)
/mnt/altnas/work/Kyle.Knightly/chipseq-analysis/chip-scripts/pipeline.py:127: FutureWarning: Setting an item of incompatible dtype is deprecated and will raise an error in a future version of pandas. Value '2.4767201734390873' has dtype incompatible with int64, please explicitly cast to a compatible dtype first.
  trans_enrichment_matrix.loc[row, col] /= (float(loops) * float(loop_end_proportions[row]) * float(loop_end_proportions[col])+1)
/mnt/altnas/work/Kyle.Knightly/chipseq-analysis/chip-scripts/pipeline.py:127: FutureWarning: Setting an item of incompatible dtype is deprecated and will raise an error in a future version of pandas. Value '2.80527839011811' has dtype incompatible with int64, please explicitly cast to a compatible dtype first.
  trans_enrichment_matrix.loc[row, col] /= (float(loops) * float(loop_end_proportions[row]) * float(loop_end_proportions[col])+1)
/mnt/altnas/work/Kyle.Knightly/chipseq-analysis/chip-scripts/pipeline.py:127: FutureWarning: Setting an item of incompatible dtype is deprecated and will raise an error in a future version of pandas. Value '0.9100137791907201' has dtype incompatible with int64, please explicitly cast to a compatible dtype first.
  trans_enrichment_matrix.loc[row, col] /= (float(loops) * float(loop_end_proportions[row]) * float(loop_end_proportions[col])+1)
/mnt/altnas/work/Kyle.Knightly/chipseq-analysis/chip-scripts/pipeline.py:127: FutureWarning: Setting an item of incompatible dtype is deprecated and will raise an error in a future version of pandas. Value '3.6657372570850475' has dtype incompatible with int64, please explicitly cast to a compatible dtype first.
  trans_enrichment_matrix.loc[row, col] /= (float(loops) * float(loop_end_proportions[row]) * float(loop_end_proportions[col])+1)
/mnt/altnas/work/Kyle.Knightly/chipseq-analysis/chip-scripts/pipeline.py:127: FutureWarning: Setting an item of incompatible dtype is deprecated and will raise an error in a future version of pandas. Value '2.890344049999444' has dtype incompatible with int64, please explicitly cast to a compatible dtype first.
  trans_enrichment_matrix.loc[row, col] /= (float(loops) * float(loop_end_proportions[row]) * float(loop_end_proportions[col])+1)
/mnt/altnas/work/Kyle.Knightly/chipseq-analysis/chip-scripts/pipeline.py:127: FutureWarning: Setting an item of incompatible dtype is deprecated and will raise an error in a future version of pandas. Value '2.7954819935943287' has dtype incompatible with int64, please explicitly cast to a compatible dtype first.
  trans_enrichment_matrix.loc[row, col] /= (float(loops) * float(loop_end_proportions[row]) * float(loop_end_proportions[col])+1)
/mnt/altnas/work/Kyle.Knightly/chipseq-analysis/chip-scripts/pipeline.py:127: FutureWarning: Setting an item of incompatible dtype is deprecated and will raise an error in a future version of pandas. Value '3.088515037494808' has dtype incompatible with int64, please explicitly cast to a compatible dtype first.
  trans_enrichment_matrix.loc[row, col] /= (float(loops) * float(loop_end_proportions[row]) * float(loop_end_proportions[col])+1)
/mnt/altnas/work/Kyle.Knightly/chipseq-analysis/chip-scripts/pipeline.py:127: FutureWarning: Setting an item of incompatible dtype is deprecated and will raise an error in a future version of pandas. Value '2.656465912227769' has dtype incompatible with int64, please explicitly cast to a compatible dtype first.
  trans_enrichment_matrix.loc[row, col] /= (float(loops) * float(loop_end_proportions[row]) * float(loop_end_proportions[col])+1)
/mnt/altnas/work/Kyle.Knightly/chipseq-analysis/chip-scripts/pipeline.py:127: FutureWarning: Setting an item of incompatible dtype is deprecated and will raise an error in a future version of pandas. Value '2.9340002659224536' has dtype incompatible with int64, please explicitly cast to a compatible dtype first.
  trans_enrichment_matrix.loc[row, col] /= (float(loops) * float(loop_end_proportions[row]) * float(loop_end_proportions[col])+1)
/mnt/altnas/work/Kyle.Knightly/chipseq-analysis/chip-scripts/pipeline.py:127: FutureWarning: Setting an item of incompatible dtype is deprecated and will raise an error in a future version of pandas. Value '2.316319338528941' has dtype incompatible with int64, please explicitly cast to a compatible dtype first.
  trans_enrichment_matrix.loc[row, col] /= (float(loops) * float(loop_end_proportions[row]) * float(loop_end_proportions[col])+1)
/mnt/altnas/work/Kyle.Knightly/chipseq-analysis/chip-scripts/pipeline.py:127: FutureWarning: Setting an item of incompatible dtype is deprecated and will raise an error in a future version of pandas. Value '2.558934495772747' has dtype incompatible with int64, please explicitly cast to a compatible dtype first.
  trans_enrichment_matrix.loc[row, col] /= (float(loops) * float(loop_end_proportions[row]) * float(loop_end_proportions[col])+1)
/mnt/altnas/work/Kyle.Knightly/chipseq-analysis/chip-scripts/pipeline.py:127: FutureWarning: Setting an item of incompatible dtype is deprecated and will raise an error in a future version of pandas. Value '3.3808677763057897' has dtype incompatible with int64, please explicitly cast to a compatible dtype first.
  trans_enrichment_matrix.loc[row, col] /= (float(loops) * float(loop_end_proportions[row]) * float(loop_end_proportions[col])+1)
/mnt/altnas/work/Kyle.Knightly/chipseq-analysis/chip-scripts/pipeline.py:127: FutureWarning: Setting an item of incompatible dtype is deprecated and will raise an error in a future version of pandas. Value '2.7786474935519765' has dtype incompatible with int64, please explicitly cast to a compatible dtype first.
  trans_enrichment_matrix.loc[row, col] /= (float(loops) * float(loop_end_proportions[row]) * float(loop_end_proportions[col])+1)
/mnt/altnas/work/Kyle.Knightly/chipseq-analysis/chip-scripts/pipeline.py:127: FutureWarning: Setting an item of incompatible dtype is deprecated and will raise an error in a future version of pandas. Value '1.7052913967548475' has dtype incompatible with int64, please explicitly cast to a compatible dtype first.
  trans_enrichment_matrix.loc[row, col] /= (float(loops) * float(loop_end_proportions[row]) * float(loop_end_proportions[col])+1)
/mnt/altnas/work/Kyle.Knightly/chipseq-analysis/chip-scripts/pipeline.py:127: FutureWarning: Setting an item of incompatible dtype is deprecated and will raise an error in a future version of pandas. Value '2.548055033542466' has dtype incompatible with int64, please explicitly cast to a compatible dtype first.
  trans_enrichment_matrix.loc[row, col] /= (float(loops) * float(loop_end_proportions[row]) * float(loop_end_proportions[col])+1)
/mnt/altnas/work/Kyle.Knightly/chipseq-analysis/chip-scripts/pipeline.py:127: FutureWarning: Setting an item of incompatible dtype is deprecated and will raise an error in a future version of pandas. Value '2.8640602873233405' has dtype incompatible with int64, please explicitly cast to a compatible dtype first.
  trans_enrichment_matrix.loc[row, col] /= (float(loops) * float(loop_end_proportions[row]) * float(loop_end_proportions[col])+1)
/mnt/altnas/work/Kyle.Knightly/chipseq-analysis/chip-scripts/pipeline.py:127: FutureWarning: Setting an item of incompatible dtype is deprecated and will raise an error in a future version of pandas. Value '1.7071307430689395' has dtype incompatible with int64, please explicitly cast to a compatible dtype first.
  trans_enrichment_matrix.loc[row, col] /= (float(loops) * float(loop_end_proportions[row]) * float(loop_end_proportions[col])+1)
/mnt/altnas/work/Kyle.Knightly/chipseq-analysis/chip-scripts/pipeline.py:127: FutureWarning: Setting an item of incompatible dtype is deprecated and will raise an error in a future version of pandas. Value '2.8732613342304543' has dtype incompatible with int64, please explicitly cast to a compatible dtype first.
  trans_enrichment_matrix.loc[row, col] /= (float(loops) * float(loop_end_proportions[row]) * float(loop_end_proportions[col])+1)
/mnt/altnas/work/Kyle.Knightly/chipseq-analysis/chip-scripts/pipeline.py:127: FutureWarning: Setting an item of incompatible dtype is deprecated and will raise an error in a future version of pandas. Value '3.2235985932148807' has dtype incompatible with int64, please explicitly cast to a compatible dtype first.
  trans_enrichment_matrix.loc[row, col] /= (float(loops) * float(loop_end_proportions[row]) * float(loop_end_proportions[col])+1)
/mnt/altnas/work/Kyle.Knightly/chipseq-analysis/chip-scripts/pipeline.py:127: FutureWarning: Setting an item of incompatible dtype is deprecated and will raise an error in a future version of pandas. Value '1.9701800475991353' has dtype incompatible with int64, please explicitly cast to a compatible dtype first.
  trans_enrichment_matrix.loc[row, col] /= (float(loops) * float(loop_end_proportions[row]) * float(loop_end_proportions[col])+1)
/mnt/altnas/work/Kyle.Knightly/chipseq-analysis/chip-scripts/pipeline.py:127: FutureWarning: Setting an item of incompatible dtype is deprecated and will raise an error in a future version of pandas. Value '3.0116882995060172' has dtype incompatible with int64, please explicitly cast to a compatible dtype first.
  trans_enrichment_matrix.loc[row, col] /= (float(loops) * float(loop_end_proportions[row]) * float(loop_end_proportions[col])+1)
/mnt/altnas/work/Kyle.Knightly/chipseq-analysis/chip-scripts/pipeline.py:127: FutureWarning: Setting an item of incompatible dtype is deprecated and will raise an error in a future version of pandas. Value '2.762988921902212' has dtype incompatible with int64, please explicitly cast to a compatible dtype first.
  trans_enrichment_matrix.loc[row, col] /= (float(loops) * float(loop_end_proportions[row]) * float(loop_end_proportions[col])+1)
/mnt/altnas/work/Kyle.Knightly/chipseq-analysis/chip-scripts/pipeline.py:127: FutureWarning: Setting an item of incompatible dtype is deprecated and will raise an error in a future version of pandas. Value '2.5822632382735917' has dtype incompatible with int64, please explicitly cast to a compatible dtype first.
  trans_enrichment_matrix.loc[row, col] /= (float(loops) * float(loop_end_proportions[row]) * float(loop_end_proportions[col])+1)
/mnt/altnas/work/Kyle.Knightly/chipseq-analysis/chip-scripts/pipeline.py:127: FutureWarning: Setting an item of incompatible dtype is deprecated and will raise an error in a future version of pandas. Value '3.1597763456614314' has dtype incompatible with int64, please explicitly cast to a compatible dtype first.
  trans_enrichment_matrix.loc[row, col] /= (float(loops) * float(loop_end_proportions[row]) * float(loop_end_proportions[col])+1)
/mnt/altnas/work/Kyle.Knightly/chipseq-analysis/chip-scripts/pipeline.py:127: FutureWarning: Setting an item of incompatible dtype is deprecated and will raise an error in a future version of pandas. Value '2.17906303881038' has dtype incompatible with int64, please explicitly cast to a compatible dtype first.
  trans_enrichment_matrix.loc[row, col] /= (float(loops) * float(loop_end_proportions[row]) * float(loop_end_proportions[col])+1)
/mnt/altnas/work/Kyle.Knightly/chipseq-analysis/chip-scripts/pipeline.py:127: FutureWarning: Setting an item of incompatible dtype is deprecated and will raise an error in a future version of pandas. Value '3.0760570144494177' has dtype incompatible with int64, please explicitly cast to a compatible dtype first.
  trans_enrichment_matrix.loc[row, col] /= (float(loops) * float(loop_end_proportions[row]) * float(loop_end_proportions[col])+1)
/mnt/altnas/work/Kyle.Knightly/chipseq-analysis/chip-scripts/pipeline.py:127: FutureWarning: Setting an item of incompatible dtype is deprecated and will raise an error in a future version of pandas. Value '3.1083241676224587' has dtype incompatible with int64, please explicitly cast to a compatible dtype first.
  trans_enrichment_matrix.loc[row, col] /= (float(loops) * float(loop_end_proportions[row]) * float(loop_end_proportions[col])+1)
/mnt/altnas/work/Kyle.Knightly/chipseq-analysis/chip-scripts/pipeline.py:127: FutureWarning: Setting an item of incompatible dtype is deprecated and will raise an error in a future version of pandas. Value '3.6339046280989753' has dtype incompatible with int64, please explicitly cast to a compatible dtype first.
  trans_enrichment_matrix.loc[row, col] /= (float(loops) * float(loop_end_proportions[row]) * float(loop_end_proportions[col])+1)
/mnt/altnas/work/Kyle.Knightly/chipseq-analysis/chip-scripts/pipeline.py:127: FutureWarning: Setting an item of incompatible dtype is deprecated and will raise an error in a future version of pandas. Value '2.445159004151875' has dtype incompatible with int64, please explicitly cast to a compatible dtype first.
  trans_enrichment_matrix.loc[row, col] /= (float(loops) * float(loop_end_proportions[row]) * float(loop_end_proportions[col])+1)
/mnt/altnas/work/Kyle.Knightly/chipseq-analysis/chip-scripts/pipeline.py:127: FutureWarning: Setting an item of incompatible dtype is deprecated and will raise an error in a future version of pandas. Value '3.1975784880158136' has dtype incompatible with int64, please explicitly cast to a compatible dtype first.
  trans_enrichment_matrix.loc[row, col] /= (float(loops) * float(loop_end_proportions[row]) * float(loop_end_proportions[col])+1)
/mnt/altnas/work/Kyle.Knightly/chipseq-analysis/chip-scripts/pipeline.py:127: FutureWarning: Setting an item of incompatible dtype is deprecated and will raise an error in a future version of pandas. Value '2.423264228510279' has dtype incompatible with int64, please explicitly cast to a compatible dtype first.
  trans_enrichment_matrix.loc[row, col] /= (float(loops) * float(loop_end_proportions[row]) * float(loop_end_proportions[col])+1)
/mnt/altnas/work/Kyle.Knightly/chipseq-analysis/chip-scripts/pipeline.py:127: FutureWarning: Setting an item of incompatible dtype is deprecated and will raise an error in a future version of pandas. Value '3.4599355847403945' has dtype incompatible with int64, please explicitly cast to a compatible dtype first.
  trans_enrichment_matrix.loc[row, col] /= (float(loops) * float(loop_end_proportions[row]) * float(loop_end_proportions[col])+1)
/mnt/altnas/work/Kyle.Knightly/chipseq-analysis/chip-scripts/pipeline.py:127: FutureWarning: Setting an item of incompatible dtype is deprecated and will raise an error in a future version of pandas. Value '2.4832484872373173' has dtype incompatible with int64, please explicitly cast to a compatible dtype first.
  trans_enrichment_matrix.loc[row, col] /= (float(loops) * float(loop_end_proportions[row]) * float(loop_end_proportions[col])+1)
/mnt/altnas/work/Kyle.Knightly/chipseq-analysis/chip-scripts/pipeline.py:127: FutureWarning: Setting an item of incompatible dtype is deprecated and will raise an error in a future version of pandas. Value '3.019265560090694' has dtype incompatible with int64, please explicitly cast to a compatible dtype first.
  trans_enrichment_matrix.loc[row, col] /= (float(loops) * float(loop_end_proportions[row]) * float(loop_end_proportions[col])+1)
/mnt/altnas/work/Kyle.Knightly/chipseq-analysis/chip-scripts/pipeline.py:127: FutureWarning: Setting an item of incompatible dtype is deprecated and will raise an error in a future version of pandas. Value '3.558452454078098' has dtype incompatible with int64, please explicitly cast to a compatible dtype first.
  trans_enrichment_matrix.loc[row, col] /= (float(loops) * float(loop_end_proportions[row]) * float(loop_end_proportions[col])+1)
/mnt/altnas/work/Kyle.Knightly/chipseq-analysis/chip-scripts/pipeline.py:127: FutureWarning: Setting an item of incompatible dtype is deprecated and will raise an error in a future version of pandas. Value '2.865935794866705' has dtype incompatible with int64, please explicitly cast to a compatible dtype first.
  trans_enrichment_matrix.loc[row, col] /= (float(loops) * float(loop_end_proportions[row]) * float(loop_end_proportions[col])+1)
/mnt/altnas/work/Kyle.Knightly/chipseq-analysis/chip-scripts/pipeline.py:127: FutureWarning: Setting an item of incompatible dtype is deprecated and will raise an error in a future version of pandas. Value '2.5135629436841915' has dtype incompatible with int64, please explicitly cast to a compatible dtype first.
  trans_enrichment_matrix.loc[row, col] /= (float(loops) * float(loop_end_proportions[row]) * float(loop_end_proportions[col])+1)
/mnt/altnas/work/Kyle.Knightly/chipseq-analysis/chip-scripts/pipeline.py:127: FutureWarning: Setting an item of incompatible dtype is deprecated and will raise an error in a future version of pandas. Value '3.422857871490475' has dtype incompatible with int64, please explicitly cast to a compatible dtype first.
  trans_enrichment_matrix.loc[row, col] /= (float(loops) * float(loop_end_proportions[row]) * float(loop_end_proportions[col])+1)
/mnt/altnas/work/Kyle.Knightly/chipseq-analysis/chip-scripts/pipeline.py:127: FutureWarning: Setting an item of incompatible dtype is deprecated and will raise an error in a future version of pandas. Value '2.8856111027966365' has dtype incompatible with int64, please explicitly cast to a compatible dtype first.
  trans_enrichment_matrix.loc[row, col] /= (float(loops) * float(loop_end_proportions[row]) * float(loop_end_proportions[col])+1)
/mnt/altnas/work/Kyle.Knightly/chipseq-analysis/chip-scripts/pipeline.py:127: FutureWarning: Setting an item of incompatible dtype is deprecated and will raise an error in a future version of pandas. Value '3.0035635669464984' has dtype incompatible with int64, please explicitly cast to a compatible dtype first.
  trans_enrichment_matrix.loc[row, col] /= (float(loops) * float(loop_end_proportions[row]) * float(loop_end_proportions[col])+1)
/mnt/altnas/work/Kyle.Knightly/chipseq-analysis/chip-scripts/pipeline.py:127: FutureWarning: Setting an item of incompatible dtype is deprecated and will raise an error in a future version of pandas. Value '2.170078577065252' has dtype incompatible with int64, please explicitly cast to a compatible dtype first.
  trans_enrichment_matrix.loc[row, col] /= (float(loops) * float(loop_end_proportions[row]) * float(loop_end_proportions[col])+1)
/mnt/altnas/work/Kyle.Knightly/chipseq-analysis/chip-scripts/pipeline.py:127: FutureWarning: Setting an item of incompatible dtype is deprecated and will raise an error in a future version of pandas. Value '3.0216003165217247' has dtype incompatible with int64, please explicitly cast to a compatible dtype first.
  trans_enrichment_matrix.loc[row, col] /= (float(loops) * float(loop_end_proportions[row]) * float(loop_end_proportions[col])+1)
/mnt/altnas/work/Kyle.Knightly/chipseq-analysis/chip-scripts/pipeline.py:127: FutureWarning: Setting an item of incompatible dtype is deprecated and will raise an error in a future version of pandas. Value '3.013084784868245' has dtype incompatible with int64, please explicitly cast to a compatible dtype first.
  trans_enrichment_matrix.loc[row, col] /= (float(loops) * float(loop_end_proportions[row]) * float(loop_end_proportions[col])+1)
/mnt/altnas/work/Kyle.Knightly/chipseq-analysis/chip-scripts/pipeline.py:127: FutureWarning: Setting an item of incompatible dtype is deprecated and will raise an error in a future version of pandas. Value '3.1632582452570035' has dtype incompatible with int64, please explicitly cast to a compatible dtype first.
  trans_enrichment_matrix.loc[row, col] /= (float(loops) * float(loop_end_proportions[row]) * float(loop_end_proportions[col])+1)
/mnt/altnas/work/Kyle.Knightly/chipseq-analysis/chip-scripts/pipeline.py:127: FutureWarning: Setting an item of incompatible dtype is deprecated and will raise an error in a future version of pandas. Value '3.2730963195425327' has dtype incompatible with int64, please explicitly cast to a compatible dtype first.
  trans_enrichment_matrix.loc[row, col] /= (float(loops) * float(loop_end_proportions[row]) * float(loop_end_proportions[col])+1)
/mnt/altnas/work/Kyle.Knightly/chipseq-analysis/chip-scripts/pipeline.py:127: FutureWarning: Setting an item of incompatible dtype is deprecated and will raise an error in a future version of pandas. Value '3.123133976603458' has dtype incompatible with int64, please explicitly cast to a compatible dtype first.
  trans_enrichment_matrix.loc[row, col] /= (float(loops) * float(loop_end_proportions[row]) * float(loop_end_proportions[col])+1)
/mnt/altnas/work/Kyle.Knightly/chipseq-analysis/chip-scripts/pipeline.py:127: FutureWarning: Setting an item of incompatible dtype is deprecated and will raise an error in a future version of pandas. Value '3.186914685547463' has dtype incompatible with int64, please explicitly cast to a compatible dtype first.
  trans_enrichment_matrix.loc[row, col] /= (float(loops) * float(loop_end_proportions[row]) * float(loop_end_proportions[col])+1)
/mnt/altnas/work/Kyle.Knightly/chipseq-analysis/chip-scripts/pipeline.py:127: FutureWarning: Setting an item of incompatible dtype is deprecated and will raise an error in a future version of pandas. Value '3.293455799430259' has dtype incompatible with int64, please explicitly cast to a compatible dtype first.
  trans_enrichment_matrix.loc[row, col] /= (float(loops) * float(loop_end_proportions[row]) * float(loop_end_proportions[col])+1)
/mnt/altnas/work/Kyle.Knightly/chipseq-analysis/chip-scripts/pipeline.py:127: FutureWarning: Setting an item of incompatible dtype is deprecated and will raise an error in a future version of pandas. Value '2.5957310120353148' has dtype incompatible with int64, please explicitly cast to a compatible dtype first.
  trans_enrichment_matrix.loc[row, col] /= (float(loops) * float(loop_end_proportions[row]) * float(loop_end_proportions[col])+1)
/mnt/altnas/work/Kyle.Knightly/chipseq-analysis/chip-scripts/pipeline.py:127: FutureWarning: Setting an item of incompatible dtype is deprecated and will raise an error in a future version of pandas. Value '2.6773709898974647' has dtype incompatible with int64, please explicitly cast to a compatible dtype first.
  trans_enrichment_matrix.loc[row, col] /= (float(loops) * float(loop_end_proportions[row]) * float(loop_end_proportions[col])+1)
/mnt/altnas/work/Kyle.Knightly/chipseq-analysis/chip-scripts/pipeline.py:127: FutureWarning: Setting an item of incompatible dtype is deprecated and will raise an error in a future version of pandas. Value '3.3663341927526926' has dtype incompatible with int64, please explicitly cast to a compatible dtype first.
  trans_enrichment_matrix.loc[row, col] /= (float(loops) * float(loop_end_proportions[row]) * float(loop_end_proportions[col])+1)
/mnt/altnas/work/Kyle.Knightly/chipseq-analysis/chip-scripts/pipeline.py:127: FutureWarning: Setting an item of incompatible dtype is deprecated and will raise an error in a future version of pandas. Value '2.8378051416396066' has dtype incompatible with int64, please explicitly cast to a compatible dtype first.
  trans_enrichment_matrix.loc[row, col] /= (float(loops) * float(loop_end_proportions[row]) * float(loop_end_proportions[col])+1)
/mnt/altnas/work/Kyle.Knightly/chipseq-analysis/chip-scripts/pipeline.py:127: FutureWarning: Setting an item of incompatible dtype is deprecated and will raise an error in a future version of pandas. Value '3.0645909435488154' has dtype incompatible with int64, please explicitly cast to a compatible dtype first.
  trans_enrichment_matrix.loc[row, col] /= (float(loops) * float(loop_end_proportions[row]) * float(loop_end_proportions[col])+1)
/mnt/altnas/work/Kyle.Knightly/chipseq-analysis/chip-scripts/pipeline.py:127: FutureWarning: Setting an item of incompatible dtype is deprecated and will raise an error in a future version of pandas. Value '3.059780399984753' has dtype incompatible with int64, please explicitly cast to a compatible dtype first.
  trans_enrichment_matrix.loc[row, col] /= (float(loops) * float(loop_end_proportions[row]) * float(loop_end_proportions[col])+1)
/mnt/altnas/work/Kyle.Knightly/chipseq-analysis/chip-scripts/pipeline.py:127: FutureWarning: Setting an item of incompatible dtype is deprecated and will raise an error in a future version of pandas. Value '2.294356062526916' has dtype incompatible with int64, please explicitly cast to a compatible dtype first.
  trans_enrichment_matrix.loc[row, col] /= (float(loops) * float(loop_end_proportions[row]) * float(loop_end_proportions[col])+1)
/mnt/altnas/work/Kyle.Knightly/chipseq-analysis/chip-scripts/pipeline.py:127: FutureWarning: Setting an item of incompatible dtype is deprecated and will raise an error in a future version of pandas. Value '3.3403226235271566' has dtype incompatible with int64, please explicitly cast to a compatible dtype first.
  trans_enrichment_matrix.loc[row, col] /= (float(loops) * float(loop_end_proportions[row]) * float(loop_end_proportions[col])+1)
/mnt/altnas/work/Kyle.Knightly/chipseq-analysis/chip-scripts/pipeline.py:127: FutureWarning: Setting an item of incompatible dtype is deprecated and will raise an error in a future version of pandas. Value '2.251711426545335' has dtype incompatible with int64, please explicitly cast to a compatible dtype first.
  trans_enrichment_matrix.loc[row, col] /= (float(loops) * float(loop_end_proportions[row]) * float(loop_end_proportions[col])+1)
/mnt/altnas/work/Kyle.Knightly/chipseq-analysis/chip-scripts/pipeline.py:127: FutureWarning: Setting an item of incompatible dtype is deprecated and will raise an error in a future version of pandas. Value '0.6987950140802992' has dtype incompatible with int64, please explicitly cast to a compatible dtype first.
  trans_enrichment_matrix.loc[row, col] /= (float(loops) * float(loop_end_proportions[row]) * float(loop_end_proportions[col])+1)
/mnt/altnas/work/Kyle.Knightly/chipseq-analysis/chip-scripts/pipeline.py:127: FutureWarning: Setting an item of incompatible dtype is deprecated and will raise an error in a future version of pandas. Value '2.8871633123457126' has dtype incompatible with int64, please explicitly cast to a compatible dtype first.
  trans_enrichment_matrix.loc[row, col] /= (float(loops) * float(loop_end_proportions[row]) * float(loop_end_proportions[col])+1)
/mnt/altnas/work/Kyle.Knightly/chipseq-analysis/chip-scripts/pipeline.py:127: FutureWarning: Setting an item of incompatible dtype is deprecated and will raise an error in a future version of pandas. Value '3.2251882198302737' has dtype incompatible with int64, please explicitly cast to a compatible dtype first.
  trans_enrichment_matrix.loc[row, col] /= (float(loops) * float(loop_end_proportions[row]) * float(loop_end_proportions[col])+1)
/mnt/altnas/work/Kyle.Knightly/chipseq-analysis/chip-scripts/pipeline.py:127: FutureWarning: Setting an item of incompatible dtype is deprecated and will raise an error in a future version of pandas. Value '2.8286896145060862' has dtype incompatible with int64, please explicitly cast to a compatible dtype first.
  trans_enrichment_matrix.loc[row, col] /= (float(loops) * float(loop_end_proportions[row]) * float(loop_end_proportions[col])+1)
/mnt/altnas/work/Kyle.Knightly/chipseq-analysis/chip-scripts/pipeline.py:127: FutureWarning: Setting an item of incompatible dtype is deprecated and will raise an error in a future version of pandas. Value '2.2723724817267037' has dtype incompatible with int64, please explicitly cast to a compatible dtype first.
  trans_enrichment_matrix.loc[row, col] /= (float(loops) * float(loop_end_proportions[row]) * float(loop_end_proportions[col])+1)
/mnt/altnas/work/Kyle.Knightly/chipseq-analysis/chip-scripts/pipeline.py:127: FutureWarning: Setting an item of incompatible dtype is deprecated and will raise an error in a future version of pandas. Value '2.5503778331751783' has dtype incompatible with int64, please explicitly cast to a compatible dtype first.
  trans_enrichment_matrix.loc[row, col] /= (float(loops) * float(loop_end_proportions[row]) * float(loop_end_proportions[col])+1)
/mnt/altnas/work/Kyle.Knightly/chipseq-analysis/chip-scripts/pipeline.py:127: FutureWarning: Setting an item of incompatible dtype is deprecated and will raise an error in a future version of pandas. Value '2.1847286897368012' has dtype incompatible with int64, please explicitly cast to a compatible dtype first.
  trans_enrichment_matrix.loc[row, col] /= (float(loops) * float(loop_end_proportions[row]) * float(loop_end_proportions[col])+1)
/mnt/altnas/work/Kyle.Knightly/chipseq-analysis/chip-scripts/pipeline.py:127: FutureWarning: Setting an item of incompatible dtype is deprecated and will raise an error in a future version of pandas. Value '2.7663909139242784' has dtype incompatible with int64, please explicitly cast to a compatible dtype first.
  trans_enrichment_matrix.loc[row, col] /= (float(loops) * float(loop_end_proportions[row]) * float(loop_end_proportions[col])+1)
/mnt/altnas/work/Kyle.Knightly/chipseq-analysis/chip-scripts/pipeline.py:127: FutureWarning: Setting an item of incompatible dtype is deprecated and will raise an error in a future version of pandas. Value '2.8638133349004287' has dtype incompatible with int64, please explicitly cast to a compatible dtype first.
  trans_enrichment_matrix.loc[row, col] /= (float(loops) * float(loop_end_proportions[row]) * float(loop_end_proportions[col])+1)
/mnt/altnas/work/Kyle.Knightly/chipseq-analysis/chip-scripts/pipeline.py:127: FutureWarning: Setting an item of incompatible dtype is deprecated and will raise an error in a future version of pandas. Value '3.0249852219129028' has dtype incompatible with int64, please explicitly cast to a compatible dtype first.
  trans_enrichment_matrix.loc[row, col] /= (float(loops) * float(loop_end_proportions[row]) * float(loop_end_proportions[col])+1)
/mnt/altnas/work/Kyle.Knightly/chipseq-analysis/chip-scripts/pipeline.py:127: FutureWarning: Setting an item of incompatible dtype is deprecated and will raise an error in a future version of pandas. Value '2.9525006136116603' has dtype incompatible with int64, please explicitly cast to a compatible dtype first.
  trans_enrichment_matrix.loc[row, col] /= (float(loops) * float(loop_end_proportions[row]) * float(loop_end_proportions[col])+1)
/mnt/altnas/work/Kyle.Knightly/chipseq-analysis/chip-scripts/pipeline.py:127: FutureWarning: Setting an item of incompatible dtype is deprecated and will raise an error in a future version of pandas. Value '1.6342079173493036' has dtype incompatible with int64, please explicitly cast to a compatible dtype first.
  trans_enrichment_matrix.loc[row, col] /= (float(loops) * float(loop_end_proportions[row]) * float(loop_end_proportions[col])+1)
/mnt/altnas/work/Kyle.Knightly/chipseq-analysis/chip-scripts/pipeline.py:127: FutureWarning: Setting an item of incompatible dtype is deprecated and will raise an error in a future version of pandas. Value '3.236625489010379' has dtype incompatible with int64, please explicitly cast to a compatible dtype first.
  trans_enrichment_matrix.loc[row, col] /= (float(loops) * float(loop_end_proportions[row]) * float(loop_end_proportions[col])+1)
/mnt/altnas/work/Kyle.Knightly/chipseq-analysis/chip-scripts/pipeline.py:127: FutureWarning: Setting an item of incompatible dtype is deprecated and will raise an error in a future version of pandas. Value '2.692698145244411' has dtype incompatible with int64, please explicitly cast to a compatible dtype first.
  trans_enrichment_matrix.loc[row, col] /= (float(loops) * float(loop_end_proportions[row]) * float(loop_end_proportions[col])+1)
/mnt/altnas/work/Kyle.Knightly/chipseq-analysis/chip-scripts/pipeline.py:127: FutureWarning: Setting an item of incompatible dtype is deprecated and will raise an error in a future version of pandas. Value '1.5545917637339053' has dtype incompatible with int64, please explicitly cast to a compatible dtype first.
  trans_enrichment_matrix.loc[row, col] /= (float(loops) * float(loop_end_proportions[row]) * float(loop_end_proportions[col])+1)
/mnt/altnas/work/Kyle.Knightly/chipseq-analysis/chip-scripts/pipeline.py:127: FutureWarning: Setting an item of incompatible dtype is deprecated and will raise an error in a future version of pandas. Value '3.497529723605049' has dtype incompatible with int64, please explicitly cast to a compatible dtype first.
  trans_enrichment_matrix.loc[row, col] /= (float(loops) * float(loop_end_proportions[row]) * float(loop_end_proportions[col])+1)
/mnt/altnas/work/Kyle.Knightly/chipseq-analysis/chip-scripts/pipeline.py:127: FutureWarning: Setting an item of incompatible dtype is deprecated and will raise an error in a future version of pandas. Value '4.204968121820863' has dtype incompatible with int64, please explicitly cast to a compatible dtype first.
  trans_enrichment_matrix.loc[row, col] /= (float(loops) * float(loop_end_proportions[row]) * float(loop_end_proportions[col])+1)
/mnt/altnas/work/Kyle.Knightly/chipseq-analysis/chip-scripts/pipeline.py:127: FutureWarning: Setting an item of incompatible dtype is deprecated and will raise an error in a future version of pandas. Value '2.9024155997856163' has dtype incompatible with int64, please explicitly cast to a compatible dtype first.
  trans_enrichment_matrix.loc[row, col] /= (float(loops) * float(loop_end_proportions[row]) * float(loop_end_proportions[col])+1)
/mnt/altnas/work/Kyle.Knightly/chipseq-analysis/chip-scripts/pipeline.py:127: FutureWarning: Setting an item of incompatible dtype is deprecated and will raise an error in a future version of pandas. Value '3.400435735383975' has dtype incompatible with int64, please explicitly cast to a compatible dtype first.
  trans_enrichment_matrix.loc[row, col] /= (float(loops) * float(loop_end_proportions[row]) * float(loop_end_proportions[col])+1)
/mnt/altnas/work/Kyle.Knightly/chipseq-analysis/chip-scripts/pipeline.py:127: FutureWarning: Setting an item of incompatible dtype is deprecated and will raise an error in a future version of pandas. Value '0.6878268268608965' has dtype incompatible with int64, please explicitly cast to a compatible dtype first.
  trans_enrichment_matrix.loc[row, col] /= (float(loops) * float(loop_end_proportions[row]) * float(loop_end_proportions[col])+1)
/mnt/altnas/work/Kyle.Knightly/chipseq-analysis/chip-scripts/pipeline.py:127: FutureWarning: Setting an item of incompatible dtype is deprecated and will raise an error in a future version of pandas. Value '3.650183704982227' has dtype incompatible with int64, please explicitly cast to a compatible dtype first.
  trans_enrichment_matrix.loc[row, col] /= (float(loops) * float(loop_end_proportions[row]) * float(loop_end_proportions[col])+1)
/mnt/altnas/work/Kyle.Knightly/chipseq-analysis/chip-scripts/pipeline.py:127: FutureWarning: Setting an item of incompatible dtype is deprecated and will raise an error in a future version of pandas. Value '2.910281266148496' has dtype incompatible with int64, please explicitly cast to a compatible dtype first.
  trans_enrichment_matrix.loc[row, col] /= (float(loops) * float(loop_end_proportions[row]) * float(loop_end_proportions[col])+1)
/mnt/altnas/work/Kyle.Knightly/chipseq-analysis/chip-scripts/pipeline.py:127: FutureWarning: Setting an item of incompatible dtype is deprecated and will raise an error in a future version of pandas. Value '3.2428855317750482' has dtype incompatible with int64, please explicitly cast to a compatible dtype first.
  trans_enrichment_matrix.loc[row, col] /= (float(loops) * float(loop_end_proportions[row]) * float(loop_end_proportions[col])+1)
/mnt/altnas/work/Kyle.Knightly/chipseq-analysis/chip-scripts/pipeline.py:127: FutureWarning: Setting an item of incompatible dtype is deprecated and will raise an error in a future version of pandas. Value '1.8456725654413284' has dtype incompatible with int64, please explicitly cast to a compatible dtype first.
  trans_enrichment_matrix.loc[row, col] /= (float(loops) * float(loop_end_proportions[row]) * float(loop_end_proportions[col])+1)
/mnt/altnas/work/Kyle.Knightly/chipseq-analysis/chip-scripts/pipeline.py:127: FutureWarning: Setting an item of incompatible dtype is deprecated and will raise an error in a future version of pandas. Value '2.392410218203859' has dtype incompatible with int64, please explicitly cast to a compatible dtype first.
  trans_enrichment_matrix.loc[row, col] /= (float(loops) * float(loop_end_proportions[row]) * float(loop_end_proportions[col])+1)
/mnt/altnas/work/Kyle.Knightly/chipseq-analysis/chip-scripts/pipeline.py:127: FutureWarning: Setting an item of incompatible dtype is deprecated and will raise an error in a future version of pandas. Value '2.9255523081013517' has dtype incompatible with int64, please explicitly cast to a compatible dtype first.
  trans_enrichment_matrix.loc[row, col] /= (float(loops) * float(loop_end_proportions[row]) * float(loop_end_proportions[col])+1)
/mnt/altnas/work/Kyle.Knightly/chipseq-analysis/chip-scripts/pipeline.py:127: FutureWarning: Setting an item of incompatible dtype is deprecated and will raise an error in a future version of pandas. Value '2.726253099064154' has dtype incompatible with int64, please explicitly cast to a compatible dtype first.
  trans_enrichment_matrix.loc[row, col] /= (float(loops) * float(loop_end_proportions[row]) * float(loop_end_proportions[col])+1)
/mnt/altnas/work/Kyle.Knightly/chipseq-analysis/chip-scripts/pipeline.py:127: FutureWarning: Setting an item of incompatible dtype is deprecated and will raise an error in a future version of pandas. Value '3.195857682895132' has dtype incompatible with int64, please explicitly cast to a compatible dtype first.
  trans_enrichment_matrix.loc[row, col] /= (float(loops) * float(loop_end_proportions[row]) * float(loop_end_proportions[col])+1)
/mnt/altnas/work/Kyle.Knightly/chipseq-analysis/chip-scripts/pipeline.py:127: FutureWarning: Setting an item of incompatible dtype is deprecated and will raise an error in a future version of pandas. Value '3.096402810538281' has dtype incompatible with int64, please explicitly cast to a compatible dtype first.
  trans_enrichment_matrix.loc[row, col] /= (float(loops) * float(loop_end_proportions[row]) * float(loop_end_proportions[col])+1)
/mnt/altnas/work/Kyle.Knightly/chipseq-analysis/chip-scripts/pipeline.py:127: FutureWarning: Setting an item of incompatible dtype is deprecated and will raise an error in a future version of pandas. Value '3.31078574971246' has dtype incompatible with int64, please explicitly cast to a compatible dtype first.
  trans_enrichment_matrix.loc[row, col] /= (float(loops) * float(loop_end_proportions[row]) * float(loop_end_proportions[col])+1)
/mnt/altnas/work/Kyle.Knightly/chipseq-analysis/chip-scripts/pipeline.py:127: FutureWarning: Setting an item of incompatible dtype is deprecated and will raise an error in a future version of pandas. Value '2.1641634745781078' has dtype incompatible with int64, please explicitly cast to a compatible dtype first.
  trans_enrichment_matrix.loc[row, col] /= (float(loops) * float(loop_end_proportions[row]) * float(loop_end_proportions[col])+1)
/mnt/altnas/work/Kyle.Knightly/chipseq-analysis/chip-scripts/pipeline.py:127: FutureWarning: Setting an item of incompatible dtype is deprecated and will raise an error in a future version of pandas. Value '3.0726958580304506' has dtype incompatible with int64, please explicitly cast to a compatible dtype first.
  trans_enrichment_matrix.loc[row, col] /= (float(loops) * float(loop_end_proportions[row]) * float(loop_end_proportions[col])+1)
/mnt/altnas/work/Kyle.Knightly/chipseq-analysis/chip-scripts/pipeline.py:127: FutureWarning: Setting an item of incompatible dtype is deprecated and will raise an error in a future version of pandas. Value '2.8331375546580326' has dtype incompatible with int64, please explicitly cast to a compatible dtype first.
  trans_enrichment_matrix.loc[row, col] /= (float(loops) * float(loop_end_proportions[row]) * float(loop_end_proportions[col])+1)
/mnt/altnas/work/Kyle.Knightly/chipseq-analysis/chip-scripts/pipeline.py:127: FutureWarning: Setting an item of incompatible dtype is deprecated and will raise an error in a future version of pandas. Value '3.395606532834507' has dtype incompatible with int64, please explicitly cast to a compatible dtype first.
  trans_enrichment_matrix.loc[row, col] /= (float(loops) * float(loop_end_proportions[row]) * float(loop_end_proportions[col])+1)
/mnt/altnas/work/Kyle.Knightly/chipseq-analysis/chip-scripts/pipeline.py:127: FutureWarning: Setting an item of incompatible dtype is deprecated and will raise an error in a future version of pandas. Value '1.6914775425497222' has dtype incompatible with int64, please explicitly cast to a compatible dtype first.
  trans_enrichment_matrix.loc[row, col] /= (float(loops) * float(loop_end_proportions[row]) * float(loop_end_proportions[col])+1)
/mnt/altnas/work/Kyle.Knightly/chipseq-analysis/chip-scripts/pipeline.py:127: FutureWarning: Setting an item of incompatible dtype is deprecated and will raise an error in a future version of pandas. Value '2.5051854894996857' has dtype incompatible with int64, please explicitly cast to a compatible dtype first.
  trans_enrichment_matrix.loc[row, col] /= (float(loops) * float(loop_end_proportions[row]) * float(loop_end_proportions[col])+1)
/mnt/altnas/work/Kyle.Knightly/chipseq-analysis/chip-scripts/pipeline.py:127: FutureWarning: Setting an item of incompatible dtype is deprecated and will raise an error in a future version of pandas. Value '2.682455836441054' has dtype incompatible with int64, please explicitly cast to a compatible dtype first.
  trans_enrichment_matrix.loc[row, col] /= (float(loops) * float(loop_end_proportions[row]) * float(loop_end_proportions[col])+1)
/mnt/altnas/work/Kyle.Knightly/chipseq-analysis/chip-scripts/pipeline.py:127: FutureWarning: Setting an item of incompatible dtype is deprecated and will raise an error in a future version of pandas. Value '2.0584543237742903' has dtype incompatible with int64, please explicitly cast to a compatible dtype first.
  trans_enrichment_matrix.loc[row, col] /= (float(loops) * float(loop_end_proportions[row]) * float(loop_end_proportions[col])+1)
/mnt/altnas/work/Kyle.Knightly/chipseq-analysis/chip-scripts/pipeline.py:127: FutureWarning: Setting an item of incompatible dtype is deprecated and will raise an error in a future version of pandas. Value '2.9453637791796563' has dtype incompatible with int64, please explicitly cast to a compatible dtype first.
  trans_enrichment_matrix.loc[row, col] /= (float(loops) * float(loop_end_proportions[row]) * float(loop_end_proportions[col])+1)
/mnt/altnas/work/Kyle.Knightly/chipseq-analysis/chip-scripts/pipeline.py:127: FutureWarning: Setting an item of incompatible dtype is deprecated and will raise an error in a future version of pandas. Value '2.5899455585780777' has dtype incompatible with int64, please explicitly cast to a compatible dtype first.
  trans_enrichment_matrix.loc[row, col] /= (float(loops) * float(loop_end_proportions[row]) * float(loop_end_proportions[col])+1)
/mnt/altnas/work/Kyle.Knightly/chipseq-analysis/chip-scripts/pipeline.py:127: FutureWarning: Setting an item of incompatible dtype is deprecated and will raise an error in a future version of pandas. Value '2.6684692276033157' has dtype incompatible with int64, please explicitly cast to a compatible dtype first.
  trans_enrichment_matrix.loc[row, col] /= (float(loops) * float(loop_end_proportions[row]) * float(loop_end_proportions[col])+1)
/mnt/altnas/work/Kyle.Knightly/chipseq-analysis/chip-scripts/pipeline.py:127: FutureWarning: Setting an item of incompatible dtype is deprecated and will raise an error in a future version of pandas. Value '2.9178052326630675' has dtype incompatible with int64, please explicitly cast to a compatible dtype first.
  trans_enrichment_matrix.loc[row, col] /= (float(loops) * float(loop_end_proportions[row]) * float(loop_end_proportions[col])+1)
/mnt/altnas/work/Kyle.Knightly/chipseq-analysis/chip-scripts/pipeline.py:127: FutureWarning: Setting an item of incompatible dtype is deprecated and will raise an error in a future version of pandas. Value '2.818217427421203' has dtype incompatible with int64, please explicitly cast to a compatible dtype first.
  trans_enrichment_matrix.loc[row, col] /= (float(loops) * float(loop_end_proportions[row]) * float(loop_end_proportions[col])+1)
/mnt/altnas/work/Kyle.Knightly/chipseq-analysis/chip-scripts/pipeline.py:127: FutureWarning: Setting an item of incompatible dtype is deprecated and will raise an error in a future version of pandas. Value '1.9464173871885613' has dtype incompatible with int64, please explicitly cast to a compatible dtype first.
  trans_enrichment_matrix.loc[row, col] /= (float(loops) * float(loop_end_proportions[row]) * float(loop_end_proportions[col])+1)
/mnt/altnas/work/Kyle.Knightly/chipseq-analysis/chip-scripts/pipeline.py:127: FutureWarning: Setting an item of incompatible dtype is deprecated and will raise an error in a future version of pandas. Value '2.8792041416075294' has dtype incompatible with int64, please explicitly cast to a compatible dtype first.
  trans_enrichment_matrix.loc[row, col] /= (float(loops) * float(loop_end_proportions[row]) * float(loop_end_proportions[col])+1)
/mnt/altnas/work/Kyle.Knightly/chipseq-analysis/chip-scripts/pipeline.py:127: FutureWarning: Setting an item of incompatible dtype is deprecated and will raise an error in a future version of pandas. Value '2.628060217313888' has dtype incompatible with int64, please explicitly cast to a compatible dtype first.
  trans_enrichment_matrix.loc[row, col] /= (float(loops) * float(loop_end_proportions[row]) * float(loop_end_proportions[col])+1)
/mnt/altnas/work/Kyle.Knightly/chipseq-analysis/chip-scripts/pipeline.py:127: FutureWarning: Setting an item of incompatible dtype is deprecated and will raise an error in a future version of pandas. Value '2.8586099938832095' has dtype incompatible with int64, please explicitly cast to a compatible dtype first.
  trans_enrichment_matrix.loc[row, col] /= (float(loops) * float(loop_end_proportions[row]) * float(loop_end_proportions[col])+1)
/mnt/altnas/work/Kyle.Knightly/chipseq-analysis/chip-scripts/pipeline.py:127: FutureWarning: Setting an item of incompatible dtype is deprecated and will raise an error in a future version of pandas. Value '3.7691788653777656' has dtype incompatible with int64, please explicitly cast to a compatible dtype first.
  trans_enrichment_matrix.loc[row, col] /= (float(loops) * float(loop_end_proportions[row]) * float(loop_end_proportions[col])+1)
/mnt/altnas/work/Kyle.Knightly/chipseq-analysis/chip-scripts/pipeline.py:127: FutureWarning: Setting an item of incompatible dtype is deprecated and will raise an error in a future version of pandas. Value '4.088111210564561' has dtype incompatible with int64, please explicitly cast to a compatible dtype first.
  trans_enrichment_matrix.loc[row, col] /= (float(loops) * float(loop_end_proportions[row]) * float(loop_end_proportions[col])+1)
/mnt/altnas/work/Kyle.Knightly/chipseq-analysis/chip-scripts/pipeline.py:127: FutureWarning: Setting an item of incompatible dtype is deprecated and will raise an error in a future version of pandas. Value '3.8016391736584705' has dtype incompatible with int64, please explicitly cast to a compatible dtype first.
  trans_enrichment_matrix.loc[row, col] /= (float(loops) * float(loop_end_proportions[row]) * float(loop_end_proportions[col])+1)
/mnt/altnas/work/Kyle.Knightly/chipseq-analysis/chip-scripts/pipeline.py:127: FutureWarning: Setting an item of incompatible dtype is deprecated and will raise an error in a future version of pandas. Value '3.0821420394862353' has dtype incompatible with int64, please explicitly cast to a compatible dtype first.
  trans_enrichment_matrix.loc[row, col] /= (float(loops) * float(loop_end_proportions[row]) * float(loop_end_proportions[col])+1)
/mnt/altnas/work/Kyle.Knightly/chipseq-analysis/chip-scripts/pipeline.py:127: FutureWarning: Setting an item of incompatible dtype is deprecated and will raise an error in a future version of pandas. Value '2.908683105860474' has dtype incompatible with int64, please explicitly cast to a compatible dtype first.
  trans_enrichment_matrix.loc[row, col] /= (float(loops) * float(loop_end_proportions[row]) * float(loop_end_proportions[col])+1)
/mnt/altnas/work/Kyle.Knightly/chipseq-analysis/chip-scripts/pipeline.py:127: FutureWarning: Setting an item of incompatible dtype is deprecated and will raise an error in a future version of pandas. Value '2.4014601951838594' has dtype incompatible with int64, please explicitly cast to a compatible dtype first.
  trans_enrichment_matrix.loc[row, col] /= (float(loops) * float(loop_end_proportions[row]) * float(loop_end_proportions[col])+1)
/mnt/altnas/work/Kyle.Knightly/chipseq-analysis/chip-scripts/pipeline.py:127: FutureWarning: Setting an item of incompatible dtype is deprecated and will raise an error in a future version of pandas. Value '3.3974297019466078' has dtype incompatible with int64, please explicitly cast to a compatible dtype first.
  trans_enrichment_matrix.loc[row, col] /= (float(loops) * float(loop_end_proportions[row]) * float(loop_end_proportions[col])+1)
/mnt/altnas/work/Kyle.Knightly/chipseq-analysis/chip-scripts/pipeline.py:127: FutureWarning: Setting an item of incompatible dtype is deprecated and will raise an error in a future version of pandas. Value '2.9731768749117276' has dtype incompatible with int64, please explicitly cast to a compatible dtype first.
  trans_enrichment_matrix.loc[row, col] /= (float(loops) * float(loop_end_proportions[row]) * float(loop_end_proportions[col])+1)
/mnt/altnas/work/Kyle.Knightly/chipseq-analysis/chip-scripts/pipeline.py:127: FutureWarning: Setting an item of incompatible dtype is deprecated and will raise an error in a future version of pandas. Value '3.5157100167299316' has dtype incompatible with int64, please explicitly cast to a compatible dtype first.
  trans_enrichment_matrix.loc[row, col] /= (float(loops) * float(loop_end_proportions[row]) * float(loop_end_proportions[col])+1)
/mnt/altnas/work/Kyle.Knightly/chipseq-analysis/chip-scripts/pipeline.py:127: FutureWarning: Setting an item of incompatible dtype is deprecated and will raise an error in a future version of pandas. Value '3.4229685651987336' has dtype incompatible with int64, please explicitly cast to a compatible dtype first.
  trans_enrichment_matrix.loc[row, col] /= (float(loops) * float(loop_end_proportions[row]) * float(loop_end_proportions[col])+1)
/mnt/altnas/work/Kyle.Knightly/chipseq-analysis/chip-scripts/pipeline.py:127: FutureWarning: Setting an item of incompatible dtype is deprecated and will raise an error in a future version of pandas. Value '1.3567248007110893' has dtype incompatible with int64, please explicitly cast to a compatible dtype first.
  trans_enrichment_matrix.loc[row, col] /= (float(loops) * float(loop_end_proportions[row]) * float(loop_end_proportions[col])+1)
/mnt/altnas/work/Kyle.Knightly/chipseq-analysis/chip-scripts/pipeline.py:127: FutureWarning: Setting an item of incompatible dtype is deprecated and will raise an error in a future version of pandas. Value '2.8647315196259586' has dtype incompatible with int64, please explicitly cast to a compatible dtype first.
  trans_enrichment_matrix.loc[row, col] /= (float(loops) * float(loop_end_proportions[row]) * float(loop_end_proportions[col])+1)
/mnt/altnas/work/Kyle.Knightly/chipseq-analysis/chip-scripts/pipeline.py:127: FutureWarning: Setting an item of incompatible dtype is deprecated and will raise an error in a future version of pandas. Value '2.9612922691067745' has dtype incompatible with int64, please explicitly cast to a compatible dtype first.
  trans_enrichment_matrix.loc[row, col] /= (float(loops) * float(loop_end_proportions[row]) * float(loop_end_proportions[col])+1)
/mnt/altnas/work/Kyle.Knightly/chipseq-analysis/chip-scripts/pipeline.py:127: FutureWarning: Setting an item of incompatible dtype is deprecated and will raise an error in a future version of pandas. Value '2.4956083203038837' has dtype incompatible with int64, please explicitly cast to a compatible dtype first.
  trans_enrichment_matrix.loc[row, col] /= (float(loops) * float(loop_end_proportions[row]) * float(loop_end_proportions[col])+1)
/mnt/altnas/work/Kyle.Knightly/chipseq-analysis/chip-scripts/pipeline.py:127: FutureWarning: Setting an item of incompatible dtype is deprecated and will raise an error in a future version of pandas. Value '2.2533659070376575' has dtype incompatible with int64, please explicitly cast to a compatible dtype first.
  trans_enrichment_matrix.loc[row, col] /= (float(loops) * float(loop_end_proportions[row]) * float(loop_end_proportions[col])+1)
/mnt/altnas/work/Kyle.Knightly/chipseq-analysis/chip-scripts/pipeline.py:127: FutureWarning: Setting an item of incompatible dtype is deprecated and will raise an error in a future version of pandas. Value '1.9214016535044034' has dtype incompatible with int64, please explicitly cast to a compatible dtype first.
  trans_enrichment_matrix.loc[row, col] /= (float(loops) * float(loop_end_proportions[row]) * float(loop_end_proportions[col])+1)
/mnt/altnas/work/Kyle.Knightly/chipseq-analysis/chip-scripts/pipeline.py:127: FutureWarning: Setting an item of incompatible dtype is deprecated and will raise an error in a future version of pandas. Value '0.5972136193632885' has dtype incompatible with int64, please explicitly cast to a compatible dtype first.
  trans_enrichment_matrix.loc[row, col] /= (float(loops) * float(loop_end_proportions[row]) * float(loop_end_proportions[col])+1)
/mnt/altnas/work/Kyle.Knightly/chipseq-analysis/chip-scripts/pipeline.py:127: FutureWarning: Setting an item of incompatible dtype is deprecated and will raise an error in a future version of pandas. Value '3.118252947942279' has dtype incompatible with int64, please explicitly cast to a compatible dtype first.
  trans_enrichment_matrix.loc[row, col] /= (float(loops) * float(loop_end_proportions[row]) * float(loop_end_proportions[col])+1)
/mnt/altnas/work/Kyle.Knightly/chipseq-analysis/chip-scripts/pipeline.py:127: FutureWarning: Setting an item of incompatible dtype is deprecated and will raise an error in a future version of pandas. Value '3.2923548717364515' has dtype incompatible with int64, please explicitly cast to a compatible dtype first.
  trans_enrichment_matrix.loc[row, col] /= (float(loops) * float(loop_end_proportions[row]) * float(loop_end_proportions[col])+1)
/mnt/altnas/work/Kyle.Knightly/chipseq-analysis/chip-scripts/pipeline.py:127: FutureWarning: Setting an item of incompatible dtype is deprecated and will raise an error in a future version of pandas. Value '2.9293514850757547' has dtype incompatible with int64, please explicitly cast to a compatible dtype first.
  trans_enrichment_matrix.loc[row, col] /= (float(loops) * float(loop_end_proportions[row]) * float(loop_end_proportions[col])+1)
/mnt/altnas/work/Kyle.Knightly/chipseq-analysis/chip-scripts/pipeline.py:127: FutureWarning: Setting an item of incompatible dtype is deprecated and will raise an error in a future version of pandas. Value '2.5999440361513595' has dtype incompatible with int64, please explicitly cast to a compatible dtype first.
  trans_enrichment_matrix.loc[row, col] /= (float(loops) * float(loop_end_proportions[row]) * float(loop_end_proportions[col])+1)
/mnt/altnas/work/Kyle.Knightly/chipseq-analysis/chip-scripts/pipeline.py:127: FutureWarning: Setting an item of incompatible dtype is deprecated and will raise an error in a future version of pandas. Value '4.104280038520361' has dtype incompatible with int64, please explicitly cast to a compatible dtype first.
  trans_enrichment_matrix.loc[row, col] /= (float(loops) * float(loop_end_proportions[row]) * float(loop_end_proportions[col])+1)
/mnt/altnas/work/Kyle.Knightly/chipseq-analysis/chip-scripts/pipeline.py:127: FutureWarning: Setting an item of incompatible dtype is deprecated and will raise an error in a future version of pandas. Value '4.043190231967302' has dtype incompatible with int64, please explicitly cast to a compatible dtype first.
  trans_enrichment_matrix.loc[row, col] /= (float(loops) * float(loop_end_proportions[row]) * float(loop_end_proportions[col])+1)
/mnt/altnas/work/Kyle.Knightly/chipseq-analysis/chip-scripts/pipeline.py:127: FutureWarning: Setting an item of incompatible dtype is deprecated and will raise an error in a future version of pandas. Value '2.8813980370833185' has dtype incompatible with int64, please explicitly cast to a compatible dtype first.
  trans_enrichment_matrix.loc[row, col] /= (float(loops) * float(loop_end_proportions[row]) * float(loop_end_proportions[col])+1)
/mnt/altnas/work/Kyle.Knightly/chipseq-analysis/chip-scripts/pipeline.py:127: FutureWarning: Setting an item of incompatible dtype is deprecated and will raise an error in a future version of pandas. Value '2.75021052158547' has dtype incompatible with int64, please explicitly cast to a compatible dtype first.
  trans_enrichment_matrix.loc[row, col] /= (float(loops) * float(loop_end_proportions[row]) * float(loop_end_proportions[col])+1)
/mnt/altnas/work/Kyle.Knightly/chipseq-analysis/chip-scripts/pipeline.py:127: FutureWarning: Setting an item of incompatible dtype is deprecated and will raise an error in a future version of pandas. Value '2.8714622776570224' has dtype incompatible with int64, please explicitly cast to a compatible dtype first.
  trans_enrichment_matrix.loc[row, col] /= (float(loops) * float(loop_end_proportions[row]) * float(loop_end_proportions[col])+1)
/mnt/altnas/work/Kyle.Knightly/chipseq-analysis/chip-scripts/pipeline.py:127: FutureWarning: Setting an item of incompatible dtype is deprecated and will raise an error in a future version of pandas. Value '2.92734701612337' has dtype incompatible with int64, please explicitly cast to a compatible dtype first.
  trans_enrichment_matrix.loc[row, col] /= (float(loops) * float(loop_end_proportions[row]) * float(loop_end_proportions[col])+1)
/mnt/altnas/work/Kyle.Knightly/chipseq-analysis/chip-scripts/pipeline.py:127: FutureWarning: Setting an item of incompatible dtype is deprecated and will raise an error in a future version of pandas. Value '2.6017688056548676' has dtype incompatible with int64, please explicitly cast to a compatible dtype first.
  trans_enrichment_matrix.loc[row, col] /= (float(loops) * float(loop_end_proportions[row]) * float(loop_end_proportions[col])+1)
/mnt/altnas/work/Kyle.Knightly/chipseq-analysis/chip-scripts/pipeline.py:127: FutureWarning: Setting an item of incompatible dtype is deprecated and will raise an error in a future version of pandas. Value '1.30044766868399' has dtype incompatible with int64, please explicitly cast to a compatible dtype first.
  trans_enrichment_matrix.loc[row, col] /= (float(loops) * float(loop_end_proportions[row]) * float(loop_end_proportions[col])+1)
/mnt/altnas/work/Kyle.Knightly/chipseq-analysis/chip-scripts/pipeline.py:127: FutureWarning: Setting an item of incompatible dtype is deprecated and will raise an error in a future version of pandas. Value '2.7259146058889048' has dtype incompatible with int64, please explicitly cast to a compatible dtype first.
  trans_enrichment_matrix.loc[row, col] /= (float(loops) * float(loop_end_proportions[row]) * float(loop_end_proportions[col])+1)
/mnt/altnas/work/Kyle.Knightly/chipseq-analysis/chip-scripts/pipeline.py:127: FutureWarning: Setting an item of incompatible dtype is deprecated and will raise an error in a future version of pandas. Value '2.386029414858089' has dtype incompatible with int64, please explicitly cast to a compatible dtype first.
  trans_enrichment_matrix.loc[row, col] /= (float(loops) * float(loop_end_proportions[row]) * float(loop_end_proportions[col])+1)
/mnt/altnas/work/Kyle.Knightly/chipseq-analysis/chip-scripts/pipeline.py:127: FutureWarning: Setting an item of incompatible dtype is deprecated and will raise an error in a future version of pandas. Value '3.0843525152644737' has dtype incompatible with int64, please explicitly cast to a compatible dtype first.
  trans_enrichment_matrix.loc[row, col] /= (float(loops) * float(loop_end_proportions[row]) * float(loop_end_proportions[col])+1)
/mnt/altnas/work/Kyle.Knightly/chipseq-analysis/chip-scripts/pipeline.py:127: FutureWarning: Setting an item of incompatible dtype is deprecated and will raise an error in a future version of pandas. Value '3.0348474359782625' has dtype incompatible with int64, please explicitly cast to a compatible dtype first.
  trans_enrichment_matrix.loc[row, col] /= (float(loops) * float(loop_end_proportions[row]) * float(loop_end_proportions[col])+1)
/mnt/altnas/work/Kyle.Knightly/chipseq-analysis/chip-scripts/pipeline.py:127: FutureWarning: Setting an item of incompatible dtype is deprecated and will raise an error in a future version of pandas. Value '2.6970772834094676' has dtype incompatible with int64, please explicitly cast to a compatible dtype first.
  trans_enrichment_matrix.loc[row, col] /= (float(loops) * float(loop_end_proportions[row]) * float(loop_end_proportions[col])+1)
/mnt/altnas/work/Kyle.Knightly/chipseq-analysis/chip-scripts/pipeline.py:127: FutureWarning: Setting an item of incompatible dtype is deprecated and will raise an error in a future version of pandas. Value '1.8375103200063596' has dtype incompatible with int64, please explicitly cast to a compatible dtype first.
  trans_enrichment_matrix.loc[row, col] /= (float(loops) * float(loop_end_proportions[row]) * float(loop_end_proportions[col])+1)
/mnt/altnas/work/Kyle.Knightly/chipseq-analysis/chip-scripts/pipeline.py:127: FutureWarning: Setting an item of incompatible dtype is deprecated and will raise an error in a future version of pandas. Value '2.7347437084743556' has dtype incompatible with int64, please explicitly cast to a compatible dtype first.
  trans_enrichment_matrix.loc[row, col] /= (float(loops) * float(loop_end_proportions[row]) * float(loop_end_proportions[col])+1)
/mnt/altnas/work/Kyle.Knightly/chipseq-analysis/chip-scripts/pipeline.py:127: FutureWarning: Setting an item of incompatible dtype is deprecated and will raise an error in a future version of pandas. Value '3.7893047783884333' has dtype incompatible with int64, please explicitly cast to a compatible dtype first.
  trans_enrichment_matrix.loc[row, col] /= (float(loops) * float(loop_end_proportions[row]) * float(loop_end_proportions[col])+1)
/mnt/altnas/work/Kyle.Knightly/chipseq-analysis/chip-scripts/pipeline.py:127: FutureWarning: Setting an item of incompatible dtype is deprecated and will raise an error in a future version of pandas. Value '2.4672187378647603' has dtype incompatible with int64, please explicitly cast to a compatible dtype first.
  trans_enrichment_matrix.loc[row, col] /= (float(loops) * float(loop_end_proportions[row]) * float(loop_end_proportions[col])+1)
/mnt/altnas/work/Kyle.Knightly/chipseq-analysis/chip-scripts/pipeline.py:127: FutureWarning: Setting an item of incompatible dtype is deprecated and will raise an error in a future version of pandas. Value '2.628630333283259' has dtype incompatible with int64, please explicitly cast to a compatible dtype first.
  trans_enrichment_matrix.loc[row, col] /= (float(loops) * float(loop_end_proportions[row]) * float(loop_end_proportions[col])+1)
/mnt/altnas/work/Kyle.Knightly/chipseq-analysis/chip-scripts/pipeline.py:127: FutureWarning: Setting an item of incompatible dtype is deprecated and will raise an error in a future version of pandas. Value '1.2728160553010108' has dtype incompatible with int64, please explicitly cast to a compatible dtype first.
  trans_enrichment_matrix.loc[row, col] /= (float(loops) * float(loop_end_proportions[row]) * float(loop_end_proportions[col])+1)
/mnt/altnas/work/Kyle.Knightly/chipseq-analysis/chip-scripts/pipeline.py:127: FutureWarning: Setting an item of incompatible dtype is deprecated and will raise an error in a future version of pandas. Value '2.925703156686165' has dtype incompatible with int64, please explicitly cast to a compatible dtype first.
  trans_enrichment_matrix.loc[row, col] /= (float(loops) * float(loop_end_proportions[row]) * float(loop_end_proportions[col])+1)
/mnt/altnas/work/Kyle.Knightly/chipseq-analysis/chip-scripts/pipeline.py:127: FutureWarning: Setting an item of incompatible dtype is deprecated and will raise an error in a future version of pandas. Value '3.2794417891715093' has dtype incompatible with int64, please explicitly cast to a compatible dtype first.
  trans_enrichment_matrix.loc[row, col] /= (float(loops) * float(loop_end_proportions[row]) * float(loop_end_proportions[col])+1)
/mnt/altnas/work/Kyle.Knightly/chipseq-analysis/chip-scripts/pipeline.py:127: FutureWarning: Setting an item of incompatible dtype is deprecated and will raise an error in a future version of pandas. Value '1.9264073005503375' has dtype incompatible with int64, please explicitly cast to a compatible dtype first.
  trans_enrichment_matrix.loc[row, col] /= (float(loops) * float(loop_end_proportions[row]) * float(loop_end_proportions[col])+1)
/mnt/altnas/work/Kyle.Knightly/chipseq-analysis/chip-scripts/pipeline.py:127: FutureWarning: Setting an item of incompatible dtype is deprecated and will raise an error in a future version of pandas. Value '3.1397916345721413' has dtype incompatible with int64, please explicitly cast to a compatible dtype first.
  trans_enrichment_matrix.loc[row, col] /= (float(loops) * float(loop_end_proportions[row]) * float(loop_end_proportions[col])+1)
/mnt/altnas/work/Kyle.Knightly/chipseq-analysis/chip-scripts/pipeline.py:127: FutureWarning: Setting an item of incompatible dtype is deprecated and will raise an error in a future version of pandas. Value '3.152974454508106' has dtype incompatible with int64, please explicitly cast to a compatible dtype first.
  trans_enrichment_matrix.loc[row, col] /= (float(loops) * float(loop_end_proportions[row]) * float(loop_end_proportions[col])+1)
/mnt/altnas/work/Kyle.Knightly/chipseq-analysis/chip-scripts/pipeline.py:127: FutureWarning: Setting an item of incompatible dtype is deprecated and will raise an error in a future version of pandas. Value '2.400869678962608' has dtype incompatible with int64, please explicitly cast to a compatible dtype first.
  trans_enrichment_matrix.loc[row, col] /= (float(loops) * float(loop_end_proportions[row]) * float(loop_end_proportions[col])+1)
/mnt/altnas/work/Kyle.Knightly/chipseq-analysis/chip-scripts/pipeline.py:127: FutureWarning: Setting an item of incompatible dtype is deprecated and will raise an error in a future version of pandas. Value '2.4883711014253853' has dtype incompatible with int64, please explicitly cast to a compatible dtype first.
  trans_enrichment_matrix.loc[row, col] /= (float(loops) * float(loop_end_proportions[row]) * float(loop_end_proportions[col])+1)
/mnt/altnas/work/Kyle.Knightly/chipseq-analysis/chip-scripts/pipeline.py:127: FutureWarning: Setting an item of incompatible dtype is deprecated and will raise an error in a future version of pandas. Value '2.4811344470111023' has dtype incompatible with int64, please explicitly cast to a compatible dtype first.
  trans_enrichment_matrix.loc[row, col] /= (float(loops) * float(loop_end_proportions[row]) * float(loop_end_proportions[col])+1)
/mnt/altnas/work/Kyle.Knightly/chipseq-analysis/chip-scripts/pipeline.py:127: FutureWarning: Setting an item of incompatible dtype is deprecated and will raise an error in a future version of pandas. Value '2.4362977941531043' has dtype incompatible with int64, please explicitly cast to a compatible dtype first.
  trans_enrichment_matrix.loc[row, col] /= (float(loops) * float(loop_end_proportions[row]) * float(loop_end_proportions[col])+1)
/mnt/altnas/work/Kyle.Knightly/chipseq-analysis/chip-scripts/pipeline.py:127: FutureWarning: Setting an item of incompatible dtype is deprecated and will raise an error in a future version of pandas. Value '3.642574544746675' has dtype incompatible with int64, please explicitly cast to a compatible dtype first.
  trans_enrichment_matrix.loc[row, col] /= (float(loops) * float(loop_end_proportions[row]) * float(loop_end_proportions[col])+1)
/mnt/altnas/work/Kyle.Knightly/chipseq-analysis/chip-scripts/pipeline.py:127: FutureWarning: Setting an item of incompatible dtype is deprecated and will raise an error in a future version of pandas. Value '3.3739911525874224' has dtype incompatible with int64, please explicitly cast to a compatible dtype first.
  trans_enrichment_matrix.loc[row, col] /= (float(loops) * float(loop_end_proportions[row]) * float(loop_end_proportions[col])+1)
/mnt/altnas/work/Kyle.Knightly/chipseq-analysis/chip-scripts/pipeline.py:127: FutureWarning: Setting an item of incompatible dtype is deprecated and will raise an error in a future version of pandas. Value '3.5133423886915094' has dtype incompatible with int64, please explicitly cast to a compatible dtype first.
  trans_enrichment_matrix.loc[row, col] /= (float(loops) * float(loop_end_proportions[row]) * float(loop_end_proportions[col])+1)
/mnt/altnas/work/Kyle.Knightly/chipseq-analysis/chip-scripts/pipeline.py:127: FutureWarning: Setting an item of incompatible dtype is deprecated and will raise an error in a future version of pandas. Value '3.53538391915421' has dtype incompatible with int64, please explicitly cast to a compatible dtype first.
  trans_enrichment_matrix.loc[row, col] /= (float(loops) * float(loop_end_proportions[row]) * float(loop_end_proportions[col])+1)
/mnt/altnas/work/Kyle.Knightly/chipseq-analysis/chip-scripts/pipeline.py:127: FutureWarning: Setting an item of incompatible dtype is deprecated and will raise an error in a future version of pandas. Value '2.789884809971902' has dtype incompatible with int64, please explicitly cast to a compatible dtype first.
  trans_enrichment_matrix.loc[row, col] /= (float(loops) * float(loop_end_proportions[row]) * float(loop_end_proportions[col])+1)
/mnt/altnas/work/Kyle.Knightly/chipseq-analysis/chip-scripts/pipeline.py:127: FutureWarning: Setting an item of incompatible dtype is deprecated and will raise an error in a future version of pandas. Value '1.3570577260898227' has dtype incompatible with int64, please explicitly cast to a compatible dtype first.
  trans_enrichment_matrix.loc[row, col] /= (float(loops) * float(loop_end_proportions[row]) * float(loop_end_proportions[col])+1)
/mnt/altnas/work/Kyle.Knightly/chipseq-analysis/chip-scripts/pipeline.py:127: FutureWarning: Setting an item of incompatible dtype is deprecated and will raise an error in a future version of pandas. Value '3.1194626806599457' has dtype incompatible with int64, please explicitly cast to a compatible dtype first.
  trans_enrichment_matrix.loc[row, col] /= (float(loops) * float(loop_end_proportions[row]) * float(loop_end_proportions[col])+1)
/mnt/altnas/work/Kyle.Knightly/chipseq-analysis/chip-scripts/pipeline.py:127: FutureWarning: Setting an item of incompatible dtype is deprecated and will raise an error in a future version of pandas. Value '3.3854257189047283' has dtype incompatible with int64, please explicitly cast to a compatible dtype first.
  trans_enrichment_matrix.loc[row, col] /= (float(loops) * float(loop_end_proportions[row]) * float(loop_end_proportions[col])+1)
/mnt/altnas/work/Kyle.Knightly/chipseq-analysis/chip-scripts/pipeline.py:127: FutureWarning: Setting an item of incompatible dtype is deprecated and will raise an error in a future version of pandas. Value '3.319387738509174' has dtype incompatible with int64, please explicitly cast to a compatible dtype first.
  trans_enrichment_matrix.loc[row, col] /= (float(loops) * float(loop_end_proportions[row]) * float(loop_end_proportions[col])+1)
/mnt/altnas/work/Kyle.Knightly/chipseq-analysis/chip-scripts/pipeline.py:127: FutureWarning: Setting an item of incompatible dtype is deprecated and will raise an error in a future version of pandas. Value '2.6021629975659994' has dtype incompatible with int64, please explicitly cast to a compatible dtype first.
  trans_enrichment_matrix.loc[row, col] /= (float(loops) * float(loop_end_proportions[row]) * float(loop_end_proportions[col])+1)
/mnt/altnas/work/Kyle.Knightly/chipseq-analysis/chip-scripts/pipeline.py:127: FutureWarning: Setting an item of incompatible dtype is deprecated and will raise an error in a future version of pandas. Value '3.151876960708281' has dtype incompatible with int64, please explicitly cast to a compatible dtype first.
  trans_enrichment_matrix.loc[row, col] /= (float(loops) * float(loop_end_proportions[row]) * float(loop_end_proportions[col])+1)
/mnt/altnas/work/Kyle.Knightly/chipseq-analysis/chip-scripts/pipeline.py:127: FutureWarning: Setting an item of incompatible dtype is deprecated and will raise an error in a future version of pandas. Value '3.147578814281512' has dtype incompatible with int64, please explicitly cast to a compatible dtype first.
  trans_enrichment_matrix.loc[row, col] /= (float(loops) * float(loop_end_proportions[row]) * float(loop_end_proportions[col])+1)
/mnt/altnas/work/Kyle.Knightly/chipseq-analysis/chip-scripts/pipeline.py:127: FutureWarning: Setting an item of incompatible dtype is deprecated and will raise an error in a future version of pandas. Value '3.600368623899738' has dtype incompatible with int64, please explicitly cast to a compatible dtype first.
  trans_enrichment_matrix.loc[row, col] /= (float(loops) * float(loop_end_proportions[row]) * float(loop_end_proportions[col])+1)
/mnt/altnas/work/Kyle.Knightly/chipseq-analysis/chip-scripts/pipeline.py:127: FutureWarning: Setting an item of incompatible dtype is deprecated and will raise an error in a future version of pandas. Value '2.821956044034473' has dtype incompatible with int64, please explicitly cast to a compatible dtype first.
  trans_enrichment_matrix.loc[row, col] /= (float(loops) * float(loop_end_proportions[row]) * float(loop_end_proportions[col])+1)
/mnt/altnas/work/Kyle.Knightly/chipseq-analysis/chip-scripts/pipeline.py:127: FutureWarning: Setting an item of incompatible dtype is deprecated and will raise an error in a future version of pandas. Value '0.9563530222380388' has dtype incompatible with int64, please explicitly cast to a compatible dtype first.
  trans_enrichment_matrix.loc[row, col] /= (float(loops) * float(loop_end_proportions[row]) * float(loop_end_proportions[col])+1)
/mnt/altnas/work/Kyle.Knightly/chipseq-analysis/chip-scripts/pipeline.py:127: FutureWarning: Setting an item of incompatible dtype is deprecated and will raise an error in a future version of pandas. Value '0.6461335018070857' has dtype incompatible with int64, please explicitly cast to a compatible dtype first.
  trans_enrichment_matrix.loc[row, col] /= (float(loops) * float(loop_end_proportions[row]) * float(loop_end_proportions[col])+1)
/mnt/altnas/work/Kyle.Knightly/chipseq-analysis/chip-scripts/pipeline.py:127: FutureWarning: Setting an item of incompatible dtype is deprecated and will raise an error in a future version of pandas. Value '2.798038691834271' has dtype incompatible with int64, please explicitly cast to a compatible dtype first.
  trans_enrichment_matrix.loc[row, col] /= (float(loops) * float(loop_end_proportions[row]) * float(loop_end_proportions[col])+1)
/mnt/altnas/work/Kyle.Knightly/chipseq-analysis/chip-scripts/pipeline.py:127: FutureWarning: Setting an item of incompatible dtype is deprecated and will raise an error in a future version of pandas. Value '2.855832655782949' has dtype incompatible with int64, please explicitly cast to a compatible dtype first.
  trans_enrichment_matrix.loc[row, col] /= (float(loops) * float(loop_end_proportions[row]) * float(loop_end_proportions[col])+1)
/mnt/altnas/work/Kyle.Knightly/chipseq-analysis/chip-scripts/pipeline.py:127: FutureWarning: Setting an item of incompatible dtype is deprecated and will raise an error in a future version of pandas. Value '2.249599038067364' has dtype incompatible with int64, please explicitly cast to a compatible dtype first.
  trans_enrichment_matrix.loc[row, col] /= (float(loops) * float(loop_end_proportions[row]) * float(loop_end_proportions[col])+1)
/mnt/altnas/work/Kyle.Knightly/chipseq-analysis/chip-scripts/pipeline.py:127: FutureWarning: Setting an item of incompatible dtype is deprecated and will raise an error in a future version of pandas. Value '3.4829917951647755' has dtype incompatible with int64, please explicitly cast to a compatible dtype first.
  trans_enrichment_matrix.loc[row, col] /= (float(loops) * float(loop_end_proportions[row]) * float(loop_end_proportions[col])+1)
/mnt/altnas/work/Kyle.Knightly/chipseq-analysis/chip-scripts/pipeline.py:127: FutureWarning: Setting an item of incompatible dtype is deprecated and will raise an error in a future version of pandas. Value '3.1997839598788125' has dtype incompatible with int64, please explicitly cast to a compatible dtype first.
  trans_enrichment_matrix.loc[row, col] /= (float(loops) * float(loop_end_proportions[row]) * float(loop_end_proportions[col])+1)
/mnt/altnas/work/Kyle.Knightly/chipseq-analysis/chip-scripts/pipeline.py:127: FutureWarning: Setting an item of incompatible dtype is deprecated and will raise an error in a future version of pandas. Value '2.9910938222031906' has dtype incompatible with int64, please explicitly cast to a compatible dtype first.
  trans_enrichment_matrix.loc[row, col] /= (float(loops) * float(loop_end_proportions[row]) * float(loop_end_proportions[col])+1)
/mnt/altnas/work/Kyle.Knightly/chipseq-analysis/chip-scripts/pipeline.py:127: FutureWarning: Setting an item of incompatible dtype is deprecated and will raise an error in a future version of pandas. Value '3.349550271672543' has dtype incompatible with int64, please explicitly cast to a compatible dtype first.
  trans_enrichment_matrix.loc[row, col] /= (float(loops) * float(loop_end_proportions[row]) * float(loop_end_proportions[col])+1)
/mnt/altnas/work/Kyle.Knightly/chipseq-analysis/chip-scripts/pipeline.py:127: FutureWarning: Setting an item of incompatible dtype is deprecated and will raise an error in a future version of pandas. Value '2.6586078556466144' has dtype incompatible with int64, please explicitly cast to a compatible dtype first.
  trans_enrichment_matrix.loc[row, col] /= (float(loops) * float(loop_end_proportions[row]) * float(loop_end_proportions[col])+1)
/mnt/altnas/work/Kyle.Knightly/chipseq-analysis/chip-scripts/pipeline.py:127: FutureWarning: Setting an item of incompatible dtype is deprecated and will raise an error in a future version of pandas. Value '2.7622003943153985' has dtype incompatible with int64, please explicitly cast to a compatible dtype first.
  trans_enrichment_matrix.loc[row, col] /= (float(loops) * float(loop_end_proportions[row]) * float(loop_end_proportions[col])+1)
/mnt/altnas/work/Kyle.Knightly/chipseq-analysis/chip-scripts/pipeline.py:127: FutureWarning: Setting an item of incompatible dtype is deprecated and will raise an error in a future version of pandas. Value '1.7460627245662421' has dtype incompatible with int64, please explicitly cast to a compatible dtype first.
  trans_enrichment_matrix.loc[row, col] /= (float(loops) * float(loop_end_proportions[row]) * float(loop_end_proportions[col])+1)
/mnt/altnas/work/Kyle.Knightly/chipseq-analysis/chip-scripts/pipeline.py:127: FutureWarning: Setting an item of incompatible dtype is deprecated and will raise an error in a future version of pandas. Value '2.4042589570659607' has dtype incompatible with int64, please explicitly cast to a compatible dtype first.
  trans_enrichment_matrix.loc[row, col] /= (float(loops) * float(loop_end_proportions[row]) * float(loop_end_proportions[col])+1)
/mnt/altnas/work/Kyle.Knightly/chipseq-analysis/chip-scripts/pipeline.py:127: FutureWarning: Setting an item of incompatible dtype is deprecated and will raise an error in a future version of pandas. Value '2.4125759530034996' has dtype incompatible with int64, please explicitly cast to a compatible dtype first.
  trans_enrichment_matrix.loc[row, col] /= (float(loops) * float(loop_end_proportions[row]) * float(loop_end_proportions[col])+1)
/mnt/altnas/work/Kyle.Knightly/chipseq-analysis/chip-scripts/pipeline.py:127: FutureWarning: Setting an item of incompatible dtype is deprecated and will raise an error in a future version of pandas. Value '2.5306751729495116' has dtype incompatible with int64, please explicitly cast to a compatible dtype first.
  trans_enrichment_matrix.loc[row, col] /= (float(loops) * float(loop_end_proportions[row]) * float(loop_end_proportions[col])+1)
/mnt/altnas/work/Kyle.Knightly/chipseq-analysis/chip-scripts/pipeline.py:127: FutureWarning: Setting an item of incompatible dtype is deprecated and will raise an error in a future version of pandas. Value '2.636988406616744' has dtype incompatible with int64, please explicitly cast to a compatible dtype first.
  trans_enrichment_matrix.loc[row, col] /= (float(loops) * float(loop_end_proportions[row]) * float(loop_end_proportions[col])+1)
/mnt/altnas/work/Kyle.Knightly/chipseq-analysis/chip-scripts/pipeline.py:127: FutureWarning: Setting an item of incompatible dtype is deprecated and will raise an error in a future version of pandas. Value '2.273896172186712' has dtype incompatible with int64, please explicitly cast to a compatible dtype first.
  trans_enrichment_matrix.loc[row, col] /= (float(loops) * float(loop_end_proportions[row]) * float(loop_end_proportions[col])+1)
/mnt/altnas/work/Kyle.Knightly/chipseq-analysis/chip-scripts/pipeline.py:127: FutureWarning: Setting an item of incompatible dtype is deprecated and will raise an error in a future version of pandas. Value '2.5423539386465244' has dtype incompatible with int64, please explicitly cast to a compatible dtype first.
  trans_enrichment_matrix.loc[row, col] /= (float(loops) * float(loop_end_proportions[row]) * float(loop_end_proportions[col])+1)
/mnt/altnas/work/Kyle.Knightly/chipseq-analysis/chip-scripts/pipeline.py:127: FutureWarning: Setting an item of incompatible dtype is deprecated and will raise an error in a future version of pandas. Value '2.5527059062456887' has dtype incompatible with int64, please explicitly cast to a compatible dtype first.
  trans_enrichment_matrix.loc[row, col] /= (float(loops) * float(loop_end_proportions[row]) * float(loop_end_proportions[col])+1)
/mnt/altnas/work/Kyle.Knightly/chipseq-analysis/chip-scripts/pipeline.py:127: FutureWarning: Setting an item of incompatible dtype is deprecated and will raise an error in a future version of pandas. Value '2.412111830436262' has dtype incompatible with int64, please explicitly cast to a compatible dtype first.
  trans_enrichment_matrix.loc[row, col] /= (float(loops) * float(loop_end_proportions[row]) * float(loop_end_proportions[col])+1)
/mnt/altnas/work/Kyle.Knightly/chipseq-analysis/chip-scripts/pipeline.py:127: FutureWarning: Setting an item of incompatible dtype is deprecated and will raise an error in a future version of pandas. Value '4.197877290286277' has dtype incompatible with int64, please explicitly cast to a compatible dtype first.
  trans_enrichment_matrix.loc[row, col] /= (float(loops) * float(loop_end_proportions[row]) * float(loop_end_proportions[col])+1)
/mnt/altnas/work/Kyle.Knightly/chipseq-analysis/chip-scripts/pipeline.py:127: FutureWarning: Setting an item of incompatible dtype is deprecated and will raise an error in a future version of pandas. Value '2.9026404811768427' has dtype incompatible with int64, please explicitly cast to a compatible dtype first.
  trans_enrichment_matrix.loc[row, col] /= (float(loops) * float(loop_end_proportions[row]) * float(loop_end_proportions[col])+1)
/mnt/altnas/work/Kyle.Knightly/chipseq-analysis/chip-scripts/pipeline.py:127: FutureWarning: Setting an item of incompatible dtype is deprecated and will raise an error in a future version of pandas. Value '2.804607376881641' has dtype incompatible with int64, please explicitly cast to a compatible dtype first.
  trans_enrichment_matrix.loc[row, col] /= (float(loops) * float(loop_end_proportions[row]) * float(loop_end_proportions[col])+1)
/mnt/altnas/work/Kyle.Knightly/chipseq-analysis/chip-scripts/pipeline.py:127: FutureWarning: Setting an item of incompatible dtype is deprecated and will raise an error in a future version of pandas. Value '3.344890066815332' has dtype incompatible with int64, please explicitly cast to a compatible dtype first.
  trans_enrichment_matrix.loc[row, col] /= (float(loops) * float(loop_end_proportions[row]) * float(loop_end_proportions[col])+1)
/mnt/altnas/work/Kyle.Knightly/chipseq-analysis/chip-scripts/pipeline.py:127: FutureWarning: Setting an item of incompatible dtype is deprecated and will raise an error in a future version of pandas. Value '4.259372751315798' has dtype incompatible with int64, please explicitly cast to a compatible dtype first.
  trans_enrichment_matrix.loc[row, col] /= (float(loops) * float(loop_end_proportions[row]) * float(loop_end_proportions[col])+1)
/mnt/altnas/work/Kyle.Knightly/chipseq-analysis/chip-scripts/pipeline.py:127: FutureWarning: Setting an item of incompatible dtype is deprecated and will raise an error in a future version of pandas. Value '2.789911707872168' has dtype incompatible with int64, please explicitly cast to a compatible dtype first.
  trans_enrichment_matrix.loc[row, col] /= (float(loops) * float(loop_end_proportions[row]) * float(loop_end_proportions[col])+1)
/mnt/altnas/work/Kyle.Knightly/chipseq-analysis/chip-scripts/pipeline.py:127: FutureWarning: Setting an item of incompatible dtype is deprecated and will raise an error in a future version of pandas. Value '3.234328412020579' has dtype incompatible with int64, please explicitly cast to a compatible dtype first.
  trans_enrichment_matrix.loc[row, col] /= (float(loops) * float(loop_end_proportions[row]) * float(loop_end_proportions[col])+1)
/mnt/altnas/work/Kyle.Knightly/chipseq-analysis/chip-scripts/pipeline.py:127: FutureWarning: Setting an item of incompatible dtype is deprecated and will raise an error in a future version of pandas. Value '2.5349797762059545' has dtype incompatible with int64, please explicitly cast to a compatible dtype first.
  trans_enrichment_matrix.loc[row, col] /= (float(loops) * float(loop_end_proportions[row]) * float(loop_end_proportions[col])+1)
/mnt/altnas/work/Kyle.Knightly/chipseq-analysis/chip-scripts/pipeline.py:127: FutureWarning: Setting an item of incompatible dtype is deprecated and will raise an error in a future version of pandas. Value '3.4563471203770786' has dtype incompatible with int64, please explicitly cast to a compatible dtype first.
  trans_enrichment_matrix.loc[row, col] /= (float(loops) * float(loop_end_proportions[row]) * float(loop_end_proportions[col])+1)
/mnt/altnas/work/Kyle.Knightly/chipseq-analysis/chip-scripts/pipeline.py:127: FutureWarning: Setting an item of incompatible dtype is deprecated and will raise an error in a future version of pandas. Value '2.8669021771049463' has dtype incompatible with int64, please explicitly cast to a compatible dtype first.
  trans_enrichment_matrix.loc[row, col] /= (float(loops) * float(loop_end_proportions[row]) * float(loop_end_proportions[col])+1)
/mnt/altnas/work/Kyle.Knightly/chipseq-analysis/chip-scripts/pipeline.py:127: FutureWarning: Setting an item of incompatible dtype is deprecated and will raise an error in a future version of pandas. Value '1.1167585088171619' has dtype incompatible with int64, please explicitly cast to a compatible dtype first.
  trans_enrichment_matrix.loc[row, col] /= (float(loops) * float(loop_end_proportions[row]) * float(loop_end_proportions[col])+1)
/mnt/altnas/work/Kyle.Knightly/chipseq-analysis/chip-scripts/pipeline.py:127: FutureWarning: Setting an item of incompatible dtype is deprecated and will raise an error in a future version of pandas. Value '2.799311935871796' has dtype incompatible with int64, please explicitly cast to a compatible dtype first.
  trans_enrichment_matrix.loc[row, col] /= (float(loops) * float(loop_end_proportions[row]) * float(loop_end_proportions[col])+1)
/mnt/altnas/work/Kyle.Knightly/chipseq-analysis/chip-scripts/pipeline.py:127: FutureWarning: Setting an item of incompatible dtype is deprecated and will raise an error in a future version of pandas. Value '2.790648853227642' has dtype incompatible with int64, please explicitly cast to a compatible dtype first.
  trans_enrichment_matrix.loc[row, col] /= (float(loops) * float(loop_end_proportions[row]) * float(loop_end_proportions[col])+1)
/mnt/altnas/work/Kyle.Knightly/chipseq-analysis/chip-scripts/pipeline.py:127: FutureWarning: Setting an item of incompatible dtype is deprecated and will raise an error in a future version of pandas. Value '2.8753498394785484' has dtype incompatible with int64, please explicitly cast to a compatible dtype first.
  trans_enrichment_matrix.loc[row, col] /= (float(loops) * float(loop_end_proportions[row]) * float(loop_end_proportions[col])+1)
/mnt/altnas/work/Kyle.Knightly/chipseq-analysis/chip-scripts/pipeline.py:127: FutureWarning: Setting an item of incompatible dtype is deprecated and will raise an error in a future version of pandas. Value '2.521250508136078' has dtype incompatible with int64, please explicitly cast to a compatible dtype first.
  trans_enrichment_matrix.loc[row, col] /= (float(loops) * float(loop_end_proportions[row]) * float(loop_end_proportions[col])+1)
/mnt/altnas/work/Kyle.Knightly/chipseq-analysis/chip-scripts/pipeline.py:127: FutureWarning: Setting an item of incompatible dtype is deprecated and will raise an error in a future version of pandas. Value '4.82866780564335' has dtype incompatible with int64, please explicitly cast to a compatible dtype first.
  trans_enrichment_matrix.loc[row, col] /= (float(loops) * float(loop_end_proportions[row]) * float(loop_end_proportions[col])+1)
/mnt/altnas/work/Kyle.Knightly/chipseq-analysis/chip-scripts/pipeline.py:127: FutureWarning: Setting an item of incompatible dtype is deprecated and will raise an error in a future version of pandas. Value '3.0502451815654057' has dtype incompatible with int64, please explicitly cast to a compatible dtype first.
  trans_enrichment_matrix.loc[row, col] /= (float(loops) * float(loop_end_proportions[row]) * float(loop_end_proportions[col])+1)
/mnt/altnas/work/Kyle.Knightly/chipseq-analysis/chip-scripts/pipeline.py:127: FutureWarning: Setting an item of incompatible dtype is deprecated and will raise an error in a future version of pandas. Value '2.5012962321043353' has dtype incompatible with int64, please explicitly cast to a compatible dtype first.
  trans_enrichment_matrix.loc[row, col] /= (float(loops) * float(loop_end_proportions[row]) * float(loop_end_proportions[col])+1)
/mnt/altnas/work/Kyle.Knightly/chipseq-analysis/chip-scripts/pipeline.py:127: FutureWarning: Setting an item of incompatible dtype is deprecated and will raise an error in a future version of pandas. Value '2.4883844338224392' has dtype incompatible with int64, please explicitly cast to a compatible dtype first.
  trans_enrichment_matrix.loc[row, col] /= (float(loops) * float(loop_end_proportions[row]) * float(loop_end_proportions[col])+1)
/mnt/altnas/work/Kyle.Knightly/chipseq-analysis/chip-scripts/pipeline.py:127: FutureWarning: Setting an item of incompatible dtype is deprecated and will raise an error in a future version of pandas. Value '2.1517891948155694' has dtype incompatible with int64, please explicitly cast to a compatible dtype first.
  trans_enrichment_matrix.loc[row, col] /= (float(loops) * float(loop_end_proportions[row]) * float(loop_end_proportions[col])+1)
/mnt/altnas/work/Kyle.Knightly/chipseq-analysis/chip-scripts/pipeline.py:127: FutureWarning: Setting an item of incompatible dtype is deprecated and will raise an error in a future version of pandas. Value '2.342102746477386' has dtype incompatible with int64, please explicitly cast to a compatible dtype first.
  trans_enrichment_matrix.loc[row, col] /= (float(loops) * float(loop_end_proportions[row]) * float(loop_end_proportions[col])+1)
/mnt/altnas/work/Kyle.Knightly/chipseq-analysis/chip-scripts/pipeline.py:127: FutureWarning: Setting an item of incompatible dtype is deprecated and will raise an error in a future version of pandas. Value '2.9069810851103033' has dtype incompatible with int64, please explicitly cast to a compatible dtype first.
  trans_enrichment_matrix.loc[row, col] /= (float(loops) * float(loop_end_proportions[row]) * float(loop_end_proportions[col])+1)
/mnt/altnas/work/Kyle.Knightly/chipseq-analysis/chip-scripts/pipeline.py:127: FutureWarning: Setting an item of incompatible dtype is deprecated and will raise an error in a future version of pandas. Value '3.140125460042353' has dtype incompatible with int64, please explicitly cast to a compatible dtype first.
  trans_enrichment_matrix.loc[row, col] /= (float(loops) * float(loop_end_proportions[row]) * float(loop_end_proportions[col])+1)
/mnt/altnas/work/Kyle.Knightly/chipseq-analysis/chip-scripts/pipeline.py:127: FutureWarning: Setting an item of incompatible dtype is deprecated and will raise an error in a future version of pandas. Value '3.42000159298822' has dtype incompatible with int64, please explicitly cast to a compatible dtype first.
  trans_enrichment_matrix.loc[row, col] /= (float(loops) * float(loop_end_proportions[row]) * float(loop_end_proportions[col])+1)
/mnt/altnas/work/Kyle.Knightly/chipseq-analysis/chip-scripts/pipeline.py:127: FutureWarning: Setting an item of incompatible dtype is deprecated and will raise an error in a future version of pandas. Value '3.296320211945669' has dtype incompatible with int64, please explicitly cast to a compatible dtype first.
  trans_enrichment_matrix.loc[row, col] /= (float(loops) * float(loop_end_proportions[row]) * float(loop_end_proportions[col])+1)
/mnt/altnas/work/Kyle.Knightly/chipseq-analysis/chip-scripts/pipeline.py:127: FutureWarning: Setting an item of incompatible dtype is deprecated and will raise an error in a future version of pandas. Value '3.9453126660769424' has dtype incompatible with int64, please explicitly cast to a compatible dtype first.
  trans_enrichment_matrix.loc[row, col] /= (float(loops) * float(loop_end_proportions[row]) * float(loop_end_proportions[col])+1)
/mnt/altnas/work/Kyle.Knightly/chipseq-analysis/chip-scripts/pipeline.py:127: FutureWarning: Setting an item of incompatible dtype is deprecated and will raise an error in a future version of pandas. Value '3.0060734972090897' has dtype incompatible with int64, please explicitly cast to a compatible dtype first.
  trans_enrichment_matrix.loc[row, col] /= (float(loops) * float(loop_end_proportions[row]) * float(loop_end_proportions[col])+1)
/mnt/altnas/work/Kyle.Knightly/chipseq-analysis/chip-scripts/pipeline.py:127: FutureWarning: Setting an item of incompatible dtype is deprecated and will raise an error in a future version of pandas. Value '2.7992455021680067' has dtype incompatible with int64, please explicitly cast to a compatible dtype first.
  trans_enrichment_matrix.loc[row, col] /= (float(loops) * float(loop_end_proportions[row]) * float(loop_end_proportions[col])+1)
/mnt/altnas/work/Kyle.Knightly/chipseq-analysis/chip-scripts/pipeline.py:127: FutureWarning: Setting an item of incompatible dtype is deprecated and will raise an error in a future version of pandas. Value '2.9772334316768156' has dtype incompatible with int64, please explicitly cast to a compatible dtype first.
  trans_enrichment_matrix.loc[row, col] /= (float(loops) * float(loop_end_proportions[row]) * float(loop_end_proportions[col])+1)
/mnt/altnas/work/Kyle.Knightly/chipseq-analysis/chip-scripts/pipeline.py:127: FutureWarning: Setting an item of incompatible dtype is deprecated and will raise an error in a future version of pandas. Value '3.539810431754973' has dtype incompatible with int64, please explicitly cast to a compatible dtype first.
  trans_enrichment_matrix.loc[row, col] /= (float(loops) * float(loop_end_proportions[row]) * float(loop_end_proportions[col])+1)
/mnt/altnas/work/Kyle.Knightly/chipseq-analysis/chip-scripts/pipeline.py:127: FutureWarning: Setting an item of incompatible dtype is deprecated and will raise an error in a future version of pandas. Value '2.8522255817893334' has dtype incompatible with int64, please explicitly cast to a compatible dtype first.
  trans_enrichment_matrix.loc[row, col] /= (float(loops) * float(loop_end_proportions[row]) * float(loop_end_proportions[col])+1)
/mnt/altnas/work/Kyle.Knightly/chipseq-analysis/chip-scripts/pipeline.py:127: FutureWarning: Setting an item of incompatible dtype is deprecated and will raise an error in a future version of pandas. Value '3.279194828057438' has dtype incompatible with int64, please explicitly cast to a compatible dtype first.
  trans_enrichment_matrix.loc[row, col] /= (float(loops) * float(loop_end_proportions[row]) * float(loop_end_proportions[col])+1)
/mnt/altnas/work/Kyle.Knightly/chipseq-analysis/chip-scripts/pipeline.py:127: FutureWarning: Setting an item of incompatible dtype is deprecated and will raise an error in a future version of pandas. Value '2.8903162733696246' has dtype incompatible with int64, please explicitly cast to a compatible dtype first.
  trans_enrichment_matrix.loc[row, col] /= (float(loops) * float(loop_end_proportions[row]) * float(loop_end_proportions[col])+1)
/mnt/altnas/work/Kyle.Knightly/chipseq-analysis/chip-scripts/pipeline.py:127: FutureWarning: Setting an item of incompatible dtype is deprecated and will raise an error in a future version of pandas. Value '3.566242753023134' has dtype incompatible with int64, please explicitly cast to a compatible dtype first.
  trans_enrichment_matrix.loc[row, col] /= (float(loops) * float(loop_end_proportions[row]) * float(loop_end_proportions[col])+1)
/mnt/altnas/work/Kyle.Knightly/chipseq-analysis/chip-scripts/pipeline.py:127: FutureWarning: Setting an item of incompatible dtype is deprecated and will raise an error in a future version of pandas. Value '2.5893971726864433' has dtype incompatible with int64, please explicitly cast to a compatible dtype first.
  trans_enrichment_matrix.loc[row, col] /= (float(loops) * float(loop_end_proportions[row]) * float(loop_end_proportions[col])+1)
/mnt/altnas/work/Kyle.Knightly/chipseq-analysis/chip-scripts/pipeline.py:127: FutureWarning: Setting an item of incompatible dtype is deprecated and will raise an error in a future version of pandas. Value '3.573393210098823' has dtype incompatible with int64, please explicitly cast to a compatible dtype first.
  trans_enrichment_matrix.loc[row, col] /= (float(loops) * float(loop_end_proportions[row]) * float(loop_end_proportions[col])+1)
/mnt/altnas/work/Kyle.Knightly/chipseq-analysis/chip-scripts/pipeline.py:127: FutureWarning: Setting an item of incompatible dtype is deprecated and will raise an error in a future version of pandas. Value '3.3815201064879976' has dtype incompatible with int64, please explicitly cast to a compatible dtype first.
  trans_enrichment_matrix.loc[row, col] /= (float(loops) * float(loop_end_proportions[row]) * float(loop_end_proportions[col])+1)
/mnt/altnas/work/Kyle.Knightly/chipseq-analysis/chip-scripts/pipeline.py:127: FutureWarning: Setting an item of incompatible dtype is deprecated and will raise an error in a future version of pandas. Value '3.158760298661174' has dtype incompatible with int64, please explicitly cast to a compatible dtype first.
  trans_enrichment_matrix.loc[row, col] /= (float(loops) * float(loop_end_proportions[row]) * float(loop_end_proportions[col])+1)
/mnt/altnas/work/Kyle.Knightly/chipseq-analysis/chip-scripts/pipeline.py:127: FutureWarning: Setting an item of incompatible dtype is deprecated and will raise an error in a future version of pandas. Value '2.021595115983651' has dtype incompatible with int64, please explicitly cast to a compatible dtype first.
  trans_enrichment_matrix.loc[row, col] /= (float(loops) * float(loop_end_proportions[row]) * float(loop_end_proportions[col])+1)
/mnt/altnas/work/Kyle.Knightly/chipseq-analysis/chip-scripts/pipeline.py:127: FutureWarning: Setting an item of incompatible dtype is deprecated and will raise an error in a future version of pandas. Value '2.805891402262592' has dtype incompatible with int64, please explicitly cast to a compatible dtype first.
  trans_enrichment_matrix.loc[row, col] /= (float(loops) * float(loop_end_proportions[row]) * float(loop_end_proportions[col])+1)
/mnt/altnas/work/Kyle.Knightly/chipseq-analysis/chip-scripts/pipeline.py:127: FutureWarning: Setting an item of incompatible dtype is deprecated and will raise an error in a future version of pandas. Value '2.9344051324433558' has dtype incompatible with int64, please explicitly cast to a compatible dtype first.
  trans_enrichment_matrix.loc[row, col] /= (float(loops) * float(loop_end_proportions[row]) * float(loop_end_proportions[col])+1)
/mnt/altnas/work/Kyle.Knightly/chipseq-analysis/chip-scripts/pipeline.py:127: FutureWarning: Setting an item of incompatible dtype is deprecated and will raise an error in a future version of pandas. Value '2.6070436904122425' has dtype incompatible with int64, please explicitly cast to a compatible dtype first.
  trans_enrichment_matrix.loc[row, col] /= (float(loops) * float(loop_end_proportions[row]) * float(loop_end_proportions[col])+1)
/mnt/altnas/work/Kyle.Knightly/chipseq-analysis/chip-scripts/pipeline.py:127: FutureWarning: Setting an item of incompatible dtype is deprecated and will raise an error in a future version of pandas. Value '3.404425487545448' has dtype incompatible with int64, please explicitly cast to a compatible dtype first.
  trans_enrichment_matrix.loc[row, col] /= (float(loops) * float(loop_end_proportions[row]) * float(loop_end_proportions[col])+1)
/mnt/altnas/work/Kyle.Knightly/chipseq-analysis/chip-scripts/pipeline.py:127: FutureWarning: Setting an item of incompatible dtype is deprecated and will raise an error in a future version of pandas. Value '2.1616441745109003' has dtype incompatible with int64, please explicitly cast to a compatible dtype first.
  trans_enrichment_matrix.loc[row, col] /= (float(loops) * float(loop_end_proportions[row]) * float(loop_end_proportions[col])+1)
/mnt/altnas/work/Kyle.Knightly/chipseq-analysis/chip-scripts/pipeline.py:127: FutureWarning: Setting an item of incompatible dtype is deprecated and will raise an error in a future version of pandas. Value '4.11396267379388' has dtype incompatible with int64, please explicitly cast to a compatible dtype first.
  trans_enrichment_matrix.loc[row, col] /= (float(loops) * float(loop_end_proportions[row]) * float(loop_end_proportions[col])+1)
/mnt/altnas/work/Kyle.Knightly/chipseq-analysis/chip-scripts/pipeline.py:127: FutureWarning: Setting an item of incompatible dtype is deprecated and will raise an error in a future version of pandas. Value '2.5756560500558328' has dtype incompatible with int64, please explicitly cast to a compatible dtype first.
  trans_enrichment_matrix.loc[row, col] /= (float(loops) * float(loop_end_proportions[row]) * float(loop_end_proportions[col])+1)
/mnt/altnas/work/Kyle.Knightly/chipseq-analysis/chip-scripts/pipeline.py:127: FutureWarning: Setting an item of incompatible dtype is deprecated and will raise an error in a future version of pandas. Value '2.0959597186803083' has dtype incompatible with int64, please explicitly cast to a compatible dtype first.
  trans_enrichment_matrix.loc[row, col] /= (float(loops) * float(loop_end_proportions[row]) * float(loop_end_proportions[col])+1)
/mnt/altnas/work/Kyle.Knightly/chipseq-analysis/chip-scripts/pipeline.py:127: FutureWarning: Setting an item of incompatible dtype is deprecated and will raise an error in a future version of pandas. Value '2.259954448366739' has dtype incompatible with int64, please explicitly cast to a compatible dtype first.
  trans_enrichment_matrix.loc[row, col] /= (float(loops) * float(loop_end_proportions[row]) * float(loop_end_proportions[col])+1)
/mnt/altnas/work/Kyle.Knightly/chipseq-analysis/chip-scripts/pipeline.py:127: FutureWarning: Setting an item of incompatible dtype is deprecated and will raise an error in a future version of pandas. Value '2.8919056582458644' has dtype incompatible with int64, please explicitly cast to a compatible dtype first.
  trans_enrichment_matrix.loc[row, col] /= (float(loops) * float(loop_end_proportions[row]) * float(loop_end_proportions[col])+1)
/mnt/altnas/work/Kyle.Knightly/chipseq-analysis/chip-scripts/pipeline.py:127: FutureWarning: Setting an item of incompatible dtype is deprecated and will raise an error in a future version of pandas. Value '2.4232042697485845' has dtype incompatible with int64, please explicitly cast to a compatible dtype first.
  trans_enrichment_matrix.loc[row, col] /= (float(loops) * float(loop_end_proportions[row]) * float(loop_end_proportions[col])+1)
/mnt/altnas/work/Kyle.Knightly/chipseq-analysis/chip-scripts/pipeline.py:127: FutureWarning: Setting an item of incompatible dtype is deprecated and will raise an error in a future version of pandas. Value '3.709150474775189' has dtype incompatible with int64, please explicitly cast to a compatible dtype first.
  trans_enrichment_matrix.loc[row, col] /= (float(loops) * float(loop_end_proportions[row]) * float(loop_end_proportions[col])+1)
/mnt/altnas/work/Kyle.Knightly/chipseq-analysis/chip-scripts/pipeline.py:127: FutureWarning: Setting an item of incompatible dtype is deprecated and will raise an error in a future version of pandas. Value '3.925914065062609' has dtype incompatible with int64, please explicitly cast to a compatible dtype first.
  trans_enrichment_matrix.loc[row, col] /= (float(loops) * float(loop_end_proportions[row]) * float(loop_end_proportions[col])+1)
/mnt/altnas/work/Kyle.Knightly/chipseq-analysis/chip-scripts/pipeline.py:127: FutureWarning: Setting an item of incompatible dtype is deprecated and will raise an error in a future version of pandas. Value '1.7470992420886777' has dtype incompatible with int64, please explicitly cast to a compatible dtype first.
  trans_enrichment_matrix.loc[row, col] /= (float(loops) * float(loop_end_proportions[row]) * float(loop_end_proportions[col])+1)
/mnt/altnas/work/Kyle.Knightly/chipseq-analysis/chip-scripts/pipeline.py:127: FutureWarning: Setting an item of incompatible dtype is deprecated and will raise an error in a future version of pandas. Value '4.866583613210636' has dtype incompatible with int64, please explicitly cast to a compatible dtype first.
  trans_enrichment_matrix.loc[row, col] /= (float(loops) * float(loop_end_proportions[row]) * float(loop_end_proportions[col])+1)
/mnt/altnas/work/Kyle.Knightly/chipseq-analysis/chip-scripts/pipeline.py:127: FutureWarning: Setting an item of incompatible dtype is deprecated and will raise an error in a future version of pandas. Value '3.1322459132344926' has dtype incompatible with int64, please explicitly cast to a compatible dtype first.
  trans_enrichment_matrix.loc[row, col] /= (float(loops) * float(loop_end_proportions[row]) * float(loop_end_proportions[col])+1)
/mnt/altnas/work/Kyle.Knightly/chipseq-analysis/chip-scripts/pipeline.py:127: FutureWarning: Setting an item of incompatible dtype is deprecated and will raise an error in a future version of pandas. Value '2.9107836432402485' has dtype incompatible with int64, please explicitly cast to a compatible dtype first.
  trans_enrichment_matrix.loc[row, col] /= (float(loops) * float(loop_end_proportions[row]) * float(loop_end_proportions[col])+1)
/mnt/altnas/work/Kyle.Knightly/chipseq-analysis/chip-scripts/pipeline.py:127: FutureWarning: Setting an item of incompatible dtype is deprecated and will raise an error in a future version of pandas. Value '3.046498519340431' has dtype incompatible with int64, please explicitly cast to a compatible dtype first.
  trans_enrichment_matrix.loc[row, col] /= (float(loops) * float(loop_end_proportions[row]) * float(loop_end_proportions[col])+1)
/mnt/altnas/work/Kyle.Knightly/chipseq-analysis/chip-scripts/pipeline.py:127: FutureWarning: Setting an item of incompatible dtype is deprecated and will raise an error in a future version of pandas. Value '3.607198995621816' has dtype incompatible with int64, please explicitly cast to a compatible dtype first.
  trans_enrichment_matrix.loc[row, col] /= (float(loops) * float(loop_end_proportions[row]) * float(loop_end_proportions[col])+1)
/mnt/altnas/work/Kyle.Knightly/chipseq-analysis/chip-scripts/pipeline.py:127: FutureWarning: Setting an item of incompatible dtype is deprecated and will raise an error in a future version of pandas. Value '1.8548766416313516' has dtype incompatible with int64, please explicitly cast to a compatible dtype first.
  trans_enrichment_matrix.loc[row, col] /= (float(loops) * float(loop_end_proportions[row]) * float(loop_end_proportions[col])+1)
/mnt/altnas/work/Kyle.Knightly/chipseq-analysis/chip-scripts/pipeline.py:127: FutureWarning: Setting an item of incompatible dtype is deprecated and will raise an error in a future version of pandas. Value '3.767464466784043' has dtype incompatible with int64, please explicitly cast to a compatible dtype first.
  trans_enrichment_matrix.loc[row, col] /= (float(loops) * float(loop_end_proportions[row]) * float(loop_end_proportions[col])+1)
/mnt/altnas/work/Kyle.Knightly/chipseq-analysis/chip-scripts/pipeline.py:127: FutureWarning: Setting an item of incompatible dtype is deprecated and will raise an error in a future version of pandas. Value '3.0143006562724315' has dtype incompatible with int64, please explicitly cast to a compatible dtype first.
  trans_enrichment_matrix.loc[row, col] /= (float(loops) * float(loop_end_proportions[row]) * float(loop_end_proportions[col])+1)
/mnt/altnas/work/Kyle.Knightly/chipseq-analysis/chip-scripts/pipeline.py:127: FutureWarning: Setting an item of incompatible dtype is deprecated and will raise an error in a future version of pandas. Value '3.2905354085784984' has dtype incompatible with int64, please explicitly cast to a compatible dtype first.
  trans_enrichment_matrix.loc[row, col] /= (float(loops) * float(loop_end_proportions[row]) * float(loop_end_proportions[col])+1)
/mnt/altnas/work/Kyle.Knightly/chipseq-analysis/chip-scripts/pipeline.py:127: FutureWarning: Setting an item of incompatible dtype is deprecated and will raise an error in a future version of pandas. Value '2.8128410610011585' has dtype incompatible with int64, please explicitly cast to a compatible dtype first.
  trans_enrichment_matrix.loc[row, col] /= (float(loops) * float(loop_end_proportions[row]) * float(loop_end_proportions[col])+1)
/mnt/altnas/work/Kyle.Knightly/chipseq-analysis/chip-scripts/pipeline.py:127: FutureWarning: Setting an item of incompatible dtype is deprecated and will raise an error in a future version of pandas. Value '3.245882624751819' has dtype incompatible with int64, please explicitly cast to a compatible dtype first.
  trans_enrichment_matrix.loc[row, col] /= (float(loops) * float(loop_end_proportions[row]) * float(loop_end_proportions[col])+1)
/mnt/altnas/work/Kyle.Knightly/chipseq-analysis/chip-scripts/pipeline.py:127: FutureWarning: Setting an item of incompatible dtype is deprecated and will raise an error in a future version of pandas. Value '1.6460760277264177' has dtype incompatible with int64, please explicitly cast to a compatible dtype first.
  trans_enrichment_matrix.loc[row, col] /= (float(loops) * float(loop_end_proportions[row]) * float(loop_end_proportions[col])+1)
/mnt/altnas/work/Kyle.Knightly/chipseq-analysis/chip-scripts/pipeline.py:127: FutureWarning: Setting an item of incompatible dtype is deprecated and will raise an error in a future version of pandas. Value '3.411633756689382' has dtype incompatible with int64, please explicitly cast to a compatible dtype first.
  trans_enrichment_matrix.loc[row, col] /= (float(loops) * float(loop_end_proportions[row]) * float(loop_end_proportions[col])+1)
/mnt/altnas/work/Kyle.Knightly/chipseq-analysis/chip-scripts/pipeline.py:127: FutureWarning: Setting an item of incompatible dtype is deprecated and will raise an error in a future version of pandas. Value '3.2551972877329147' has dtype incompatible with int64, please explicitly cast to a compatible dtype first.
  trans_enrichment_matrix.loc[row, col] /= (float(loops) * float(loop_end_proportions[row]) * float(loop_end_proportions[col])+1)
/mnt/altnas/work/Kyle.Knightly/chipseq-analysis/chip-scripts/pipeline.py:127: FutureWarning: Setting an item of incompatible dtype is deprecated and will raise an error in a future version of pandas. Value '3.0324084790044052' has dtype incompatible with int64, please explicitly cast to a compatible dtype first.
  trans_enrichment_matrix.loc[row, col] /= (float(loops) * float(loop_end_proportions[row]) * float(loop_end_proportions[col])+1)
/mnt/altnas/work/Kyle.Knightly/chipseq-analysis/chip-scripts/pipeline.py:127: FutureWarning: Setting an item of incompatible dtype is deprecated and will raise an error in a future version of pandas. Value '2.900851061997333' has dtype incompatible with int64, please explicitly cast to a compatible dtype first.
  trans_enrichment_matrix.loc[row, col] /= (float(loops) * float(loop_end_proportions[row]) * float(loop_end_proportions[col])+1)
/mnt/altnas/work/Kyle.Knightly/chipseq-analysis/chip-scripts/pipeline.py:127: FutureWarning: Setting an item of incompatible dtype is deprecated and will raise an error in a future version of pandas. Value '2.1951592178317543' has dtype incompatible with int64, please explicitly cast to a compatible dtype first.
  trans_enrichment_matrix.loc[row, col] /= (float(loops) * float(loop_end_proportions[row]) * float(loop_end_proportions[col])+1)
/mnt/altnas/work/Kyle.Knightly/chipseq-analysis/chip-scripts/pipeline.py:127: FutureWarning: Setting an item of incompatible dtype is deprecated and will raise an error in a future version of pandas. Value '2.7128884026767364' has dtype incompatible with int64, please explicitly cast to a compatible dtype first.
  trans_enrichment_matrix.loc[row, col] /= (float(loops) * float(loop_end_proportions[row]) * float(loop_end_proportions[col])+1)
/mnt/altnas/work/Kyle.Knightly/chipseq-analysis/chip-scripts/pipeline.py:127: FutureWarning: Setting an item of incompatible dtype is deprecated and will raise an error in a future version of pandas. Value '3.2786145113211798' has dtype incompatible with int64, please explicitly cast to a compatible dtype first.
  trans_enrichment_matrix.loc[row, col] /= (float(loops) * float(loop_end_proportions[row]) * float(loop_end_proportions[col])+1)
/mnt/altnas/work/Kyle.Knightly/chipseq-analysis/chip-scripts/pipeline.py:127: FutureWarning: Setting an item of incompatible dtype is deprecated and will raise an error in a future version of pandas. Value '2.616821700265456' has dtype incompatible with int64, please explicitly cast to a compatible dtype first.
  trans_enrichment_matrix.loc[row, col] /= (float(loops) * float(loop_end_proportions[row]) * float(loop_end_proportions[col])+1)
/mnt/altnas/work/Kyle.Knightly/chipseq-analysis/chip-scripts/pipeline.py:127: FutureWarning: Setting an item of incompatible dtype is deprecated and will raise an error in a future version of pandas. Value '3.2374162493015435' has dtype incompatible with int64, please explicitly cast to a compatible dtype first.
  trans_enrichment_matrix.loc[row, col] /= (float(loops) * float(loop_end_proportions[row]) * float(loop_end_proportions[col])+1)
/mnt/altnas/work/Kyle.Knightly/chipseq-analysis/chip-scripts/pipeline.py:127: FutureWarning: Setting an item of incompatible dtype is deprecated and will raise an error in a future version of pandas. Value '3.0617926685596175' has dtype incompatible with int64, please explicitly cast to a compatible dtype first.
  trans_enrichment_matrix.loc[row, col] /= (float(loops) * float(loop_end_proportions[row]) * float(loop_end_proportions[col])+1)
/mnt/altnas/work/Kyle.Knightly/chipseq-analysis/chip-scripts/pipeline.py:127: FutureWarning: Setting an item of incompatible dtype is deprecated and will raise an error in a future version of pandas. Value '1.9806547480764225' has dtype incompatible with int64, please explicitly cast to a compatible dtype first.
  trans_enrichment_matrix.loc[row, col] /= (float(loops) * float(loop_end_proportions[row]) * float(loop_end_proportions[col])+1)
/mnt/altnas/work/Kyle.Knightly/chipseq-analysis/chip-scripts/pipeline.py:127: FutureWarning: Setting an item of incompatible dtype is deprecated and will raise an error in a future version of pandas. Value '3.4560636501876427' has dtype incompatible with int64, please explicitly cast to a compatible dtype first.
  trans_enrichment_matrix.loc[row, col] /= (float(loops) * float(loop_end_proportions[row]) * float(loop_end_proportions[col])+1)
/mnt/altnas/work/Kyle.Knightly/chipseq-analysis/chip-scripts/pipeline.py:127: FutureWarning: Setting an item of incompatible dtype is deprecated and will raise an error in a future version of pandas. Value '3.187879464890822' has dtype incompatible with int64, please explicitly cast to a compatible dtype first.
  trans_enrichment_matrix.loc[row, col] /= (float(loops) * float(loop_end_proportions[row]) * float(loop_end_proportions[col])+1)
/mnt/altnas/work/Kyle.Knightly/chipseq-analysis/chip-scripts/pipeline.py:127: FutureWarning: Setting an item of incompatible dtype is deprecated and will raise an error in a future version of pandas. Value '2.4240917157356554' has dtype incompatible with int64, please explicitly cast to a compatible dtype first.
  trans_enrichment_matrix.loc[row, col] /= (float(loops) * float(loop_end_proportions[row]) * float(loop_end_proportions[col])+1)
/mnt/altnas/work/Kyle.Knightly/chipseq-analysis/chip-scripts/pipeline.py:127: FutureWarning: Setting an item of incompatible dtype is deprecated and will raise an error in a future version of pandas. Value '2.7207018424846128' has dtype incompatible with int64, please explicitly cast to a compatible dtype first.
  trans_enrichment_matrix.loc[row, col] /= (float(loops) * float(loop_end_proportions[row]) * float(loop_end_proportions[col])+1)
/mnt/altnas/work/Kyle.Knightly/chipseq-analysis/chip-scripts/pipeline.py:127: FutureWarning: Setting an item of incompatible dtype is deprecated and will raise an error in a future version of pandas. Value '3.486336183398997' has dtype incompatible with int64, please explicitly cast to a compatible dtype first.
  trans_enrichment_matrix.loc[row, col] /= (float(loops) * float(loop_end_proportions[row]) * float(loop_end_proportions[col])+1)
/mnt/altnas/work/Kyle.Knightly/chipseq-analysis/chip-scripts/pipeline.py:127: FutureWarning: Setting an item of incompatible dtype is deprecated and will raise an error in a future version of pandas. Value '3.186758095710254' has dtype incompatible with int64, please explicitly cast to a compatible dtype first.
  trans_enrichment_matrix.loc[row, col] /= (float(loops) * float(loop_end_proportions[row]) * float(loop_end_proportions[col])+1)
/mnt/altnas/work/Kyle.Knightly/chipseq-analysis/chip-scripts/pipeline.py:127: FutureWarning: Setting an item of incompatible dtype is deprecated and will raise an error in a future version of pandas. Value '2.354692152695122' has dtype incompatible with int64, please explicitly cast to a compatible dtype first.
  trans_enrichment_matrix.loc[row, col] /= (float(loops) * float(loop_end_proportions[row]) * float(loop_end_proportions[col])+1)
/mnt/altnas/work/Kyle.Knightly/chipseq-analysis/chip-scripts/pipeline.py:127: FutureWarning: Setting an item of incompatible dtype is deprecated and will raise an error in a future version of pandas. Value '4.312893482192019' has dtype incompatible with int64, please explicitly cast to a compatible dtype first.
  trans_enrichment_matrix.loc[row, col] /= (float(loops) * float(loop_end_proportions[row]) * float(loop_end_proportions[col])+1)
/mnt/altnas/work/Kyle.Knightly/chipseq-analysis/chip-scripts/pipeline.py:127: FutureWarning: Setting an item of incompatible dtype is deprecated and will raise an error in a future version of pandas. Value '3.5546291255031894' has dtype incompatible with int64, please explicitly cast to a compatible dtype first.
  trans_enrichment_matrix.loc[row, col] /= (float(loops) * float(loop_end_proportions[row]) * float(loop_end_proportions[col])+1)
/mnt/altnas/work/Kyle.Knightly/chipseq-analysis/chip-scripts/pipeline.py:127: FutureWarning: Setting an item of incompatible dtype is deprecated and will raise an error in a future version of pandas. Value '3.1572777067794866' has dtype incompatible with int64, please explicitly cast to a compatible dtype first.
  trans_enrichment_matrix.loc[row, col] /= (float(loops) * float(loop_end_proportions[row]) * float(loop_end_proportions[col])+1)
/mnt/altnas/work/Kyle.Knightly/chipseq-analysis/chip-scripts/pipeline.py:127: FutureWarning: Setting an item of incompatible dtype is deprecated and will raise an error in a future version of pandas. Value '3.0148959510417592' has dtype incompatible with int64, please explicitly cast to a compatible dtype first.
  trans_enrichment_matrix.loc[row, col] /= (float(loops) * float(loop_end_proportions[row]) * float(loop_end_proportions[col])+1)
/mnt/altnas/work/Kyle.Knightly/chipseq-analysis/chip-scripts/pipeline.py:127: FutureWarning: Setting an item of incompatible dtype is deprecated and will raise an error in a future version of pandas. Value '2.8605204384546776' has dtype incompatible with int64, please explicitly cast to a compatible dtype first.
  trans_enrichment_matrix.loc[row, col] /= (float(loops) * float(loop_end_proportions[row]) * float(loop_end_proportions[col])+1)
/mnt/altnas/work/Kyle.Knightly/chipseq-analysis/chip-scripts/pipeline.py:127: FutureWarning: Setting an item of incompatible dtype is deprecated and will raise an error in a future version of pandas. Value '1.7873795213997017' has dtype incompatible with int64, please explicitly cast to a compatible dtype first.
  trans_enrichment_matrix.loc[row, col] /= (float(loops) * float(loop_end_proportions[row]) * float(loop_end_proportions[col])+1)
/mnt/altnas/work/Kyle.Knightly/chipseq-analysis/chip-scripts/pipeline.py:127: FutureWarning: Setting an item of incompatible dtype is deprecated and will raise an error in a future version of pandas. Value '2.803084470691233' has dtype incompatible with int64, please explicitly cast to a compatible dtype first.
  trans_enrichment_matrix.loc[row, col] /= (float(loops) * float(loop_end_proportions[row]) * float(loop_end_proportions[col])+1)
/mnt/altnas/work/Kyle.Knightly/chipseq-analysis/chip-scripts/pipeline.py:127: FutureWarning: Setting an item of incompatible dtype is deprecated and will raise an error in a future version of pandas. Value '3.4360369724486226' has dtype incompatible with int64, please explicitly cast to a compatible dtype first.
  trans_enrichment_matrix.loc[row, col] /= (float(loops) * float(loop_end_proportions[row]) * float(loop_end_proportions[col])+1)
/mnt/altnas/work/Kyle.Knightly/chipseq-analysis/chip-scripts/pipeline.py:127: FutureWarning: Setting an item of incompatible dtype is deprecated and will raise an error in a future version of pandas. Value '2.759272633379713' has dtype incompatible with int64, please explicitly cast to a compatible dtype first.
  trans_enrichment_matrix.loc[row, col] /= (float(loops) * float(loop_end_proportions[row]) * float(loop_end_proportions[col])+1)
/mnt/altnas/work/Kyle.Knightly/chipseq-analysis/chip-scripts/pipeline.py:127: FutureWarning: Setting an item of incompatible dtype is deprecated and will raise an error in a future version of pandas. Value '2.371853760425522' has dtype incompatible with int64, please explicitly cast to a compatible dtype first.
  trans_enrichment_matrix.loc[row, col] /= (float(loops) * float(loop_end_proportions[row]) * float(loop_end_proportions[col])+1)
/mnt/altnas/work/Kyle.Knightly/chipseq-analysis/chip-scripts/pipeline.py:127: FutureWarning: Setting an item of incompatible dtype is deprecated and will raise an error in a future version of pandas. Value '3.594626999882468' has dtype incompatible with int64, please explicitly cast to a compatible dtype first.
  trans_enrichment_matrix.loc[row, col] /= (float(loops) * float(loop_end_proportions[row]) * float(loop_end_proportions[col])+1)
/mnt/altnas/work/Kyle.Knightly/chipseq-analysis/chip-scripts/pipeline.py:127: FutureWarning: Setting an item of incompatible dtype is deprecated and will raise an error in a future version of pandas. Value '2.680126224084125' has dtype incompatible with int64, please explicitly cast to a compatible dtype first.
  trans_enrichment_matrix.loc[row, col] /= (float(loops) * float(loop_end_proportions[row]) * float(loop_end_proportions[col])+1)
/mnt/altnas/work/Kyle.Knightly/chipseq-analysis/chip-scripts/pipeline.py:127: FutureWarning: Setting an item of incompatible dtype is deprecated and will raise an error in a future version of pandas. Value '2.836728086018285' has dtype incompatible with int64, please explicitly cast to a compatible dtype first.
  trans_enrichment_matrix.loc[row, col] /= (float(loops) * float(loop_end_proportions[row]) * float(loop_end_proportions[col])+1)
/mnt/altnas/work/Kyle.Knightly/chipseq-analysis/chip-scripts/pipeline.py:127: FutureWarning: Setting an item of incompatible dtype is deprecated and will raise an error in a future version of pandas. Value '4.054928590367402' has dtype incompatible with int64, please explicitly cast to a compatible dtype first.
  trans_enrichment_matrix.loc[row, col] /= (float(loops) * float(loop_end_proportions[row]) * float(loop_end_proportions[col])+1)
/mnt/altnas/work/Kyle.Knightly/chipseq-analysis/chip-scripts/pipeline.py:127: FutureWarning: Setting an item of incompatible dtype is deprecated and will raise an error in a future version of pandas. Value '2.0428704093171697' has dtype incompatible with int64, please explicitly cast to a compatible dtype first.
  trans_enrichment_matrix.loc[row, col] /= (float(loops) * float(loop_end_proportions[row]) * float(loop_end_proportions[col])+1)
/mnt/altnas/work/Kyle.Knightly/chipseq-analysis/chip-scripts/pipeline.py:127: FutureWarning: Setting an item of incompatible dtype is deprecated and will raise an error in a future version of pandas. Value '3.6201171690401805' has dtype incompatible with int64, please explicitly cast to a compatible dtype first.
  trans_enrichment_matrix.loc[row, col] /= (float(loops) * float(loop_end_proportions[row]) * float(loop_end_proportions[col])+1)
/mnt/altnas/work/Kyle.Knightly/chipseq-analysis/chip-scripts/pipeline.py:127: FutureWarning: Setting an item of incompatible dtype is deprecated and will raise an error in a future version of pandas. Value '2.83594504607501' has dtype incompatible with int64, please explicitly cast to a compatible dtype first.
  trans_enrichment_matrix.loc[row, col] /= (float(loops) * float(loop_end_proportions[row]) * float(loop_end_proportions[col])+1)
/mnt/altnas/work/Kyle.Knightly/chipseq-analysis/chip-scripts/pipeline.py:127: FutureWarning: Setting an item of incompatible dtype is deprecated and will raise an error in a future version of pandas. Value '3.060107289614414' has dtype incompatible with int64, please explicitly cast to a compatible dtype first.
  trans_enrichment_matrix.loc[row, col] /= (float(loops) * float(loop_end_proportions[row]) * float(loop_end_proportions[col])+1)
/mnt/altnas/work/Kyle.Knightly/chipseq-analysis/chip-scripts/pipeline.py:127: FutureWarning: Setting an item of incompatible dtype is deprecated and will raise an error in a future version of pandas. Value '2.8858910751493245' has dtype incompatible with int64, please explicitly cast to a compatible dtype first.
  trans_enrichment_matrix.loc[row, col] /= (float(loops) * float(loop_end_proportions[row]) * float(loop_end_proportions[col])+1)
/mnt/altnas/work/Kyle.Knightly/chipseq-analysis/chip-scripts/pipeline.py:127: FutureWarning: Setting an item of incompatible dtype is deprecated and will raise an error in a future version of pandas. Value '3.5456511590298145' has dtype incompatible with int64, please explicitly cast to a compatible dtype first.
  trans_enrichment_matrix.loc[row, col] /= (float(loops) * float(loop_end_proportions[row]) * float(loop_end_proportions[col])+1)
/mnt/altnas/work/Kyle.Knightly/chipseq-analysis/chip-scripts/pipeline.py:127: FutureWarning: Setting an item of incompatible dtype is deprecated and will raise an error in a future version of pandas. Value '3.2833574572089272' has dtype incompatible with int64, please explicitly cast to a compatible dtype first.
  trans_enrichment_matrix.loc[row, col] /= (float(loops) * float(loop_end_proportions[row]) * float(loop_end_proportions[col])+1)
/mnt/altnas/work/Kyle.Knightly/chipseq-analysis/chip-scripts/pipeline.py:127: FutureWarning: Setting an item of incompatible dtype is deprecated and will raise an error in a future version of pandas. Value '2.661802678446385' has dtype incompatible with int64, please explicitly cast to a compatible dtype first.
  trans_enrichment_matrix.loc[row, col] /= (float(loops) * float(loop_end_proportions[row]) * float(loop_end_proportions[col])+1)
/mnt/altnas/work/Kyle.Knightly/chipseq-analysis/chip-scripts/pipeline.py:127: FutureWarning: Setting an item of incompatible dtype is deprecated and will raise an error in a future version of pandas. Value '3.460152517238329' has dtype incompatible with int64, please explicitly cast to a compatible dtype first.
  trans_enrichment_matrix.loc[row, col] /= (float(loops) * float(loop_end_proportions[row]) * float(loop_end_proportions[col])+1)
/mnt/altnas/work/Kyle.Knightly/chipseq-analysis/chip-scripts/pipeline.py:127: FutureWarning: Setting an item of incompatible dtype is deprecated and will raise an error in a future version of pandas. Value '3.2832283265957645' has dtype incompatible with int64, please explicitly cast to a compatible dtype first.
  trans_enrichment_matrix.loc[row, col] /= (float(loops) * float(loop_end_proportions[row]) * float(loop_end_proportions[col])+1)
/mnt/altnas/work/Kyle.Knightly/chipseq-analysis/chip-scripts/pipeline.py:127: FutureWarning: Setting an item of incompatible dtype is deprecated and will raise an error in a future version of pandas. Value '3.009444947869077' has dtype incompatible with int64, please explicitly cast to a compatible dtype first.
  trans_enrichment_matrix.loc[row, col] /= (float(loops) * float(loop_end_proportions[row]) * float(loop_end_proportions[col])+1)
/mnt/altnas/work/Kyle.Knightly/chipseq-analysis/chip-scripts/pipeline.py:127: FutureWarning: Setting an item of incompatible dtype is deprecated and will raise an error in a future version of pandas. Value '2.988675949397922' has dtype incompatible with int64, please explicitly cast to a compatible dtype first.
  trans_enrichment_matrix.loc[row, col] /= (float(loops) * float(loop_end_proportions[row]) * float(loop_end_proportions[col])+1)
/mnt/altnas/work/Kyle.Knightly/chipseq-analysis/chip-scripts/pipeline.py:127: FutureWarning: Setting an item of incompatible dtype is deprecated and will raise an error in a future version of pandas. Value '2.7646941744051534' has dtype incompatible with int64, please explicitly cast to a compatible dtype first.
  trans_enrichment_matrix.loc[row, col] /= (float(loops) * float(loop_end_proportions[row]) * float(loop_end_proportions[col])+1)
/mnt/altnas/work/Kyle.Knightly/chipseq-analysis/chip-scripts/pipeline.py:127: FutureWarning: Setting an item of incompatible dtype is deprecated and will raise an error in a future version of pandas. Value '3.186914685547463' has dtype incompatible with int64, please explicitly cast to a compatible dtype first.
  trans_enrichment_matrix.loc[row, col] /= (float(loops) * float(loop_end_proportions[row]) * float(loop_end_proportions[col])+1)
/mnt/altnas/work/Kyle.Knightly/chipseq-analysis/chip-scripts/pipeline.py:127: FutureWarning: Setting an item of incompatible dtype is deprecated and will raise an error in a future version of pandas. Value '0.6017697217732474' has dtype incompatible with int64, please explicitly cast to a compatible dtype first.
  trans_enrichment_matrix.loc[row, col] /= (float(loops) * float(loop_end_proportions[row]) * float(loop_end_proportions[col])+1)
/mnt/altnas/work/Kyle.Knightly/chipseq-analysis/chip-scripts/pipeline.py:127: FutureWarning: Setting an item of incompatible dtype is deprecated and will raise an error in a future version of pandas. Value '4.371448681684582' has dtype incompatible with int64, please explicitly cast to a compatible dtype first.
  trans_enrichment_matrix.loc[row, col] /= (float(loops) * float(loop_end_proportions[row]) * float(loop_end_proportions[col])+1)
/mnt/altnas/work/Kyle.Knightly/chipseq-analysis/chip-scripts/pipeline.py:127: FutureWarning: Setting an item of incompatible dtype is deprecated and will raise an error in a future version of pandas. Value '4.433030228254734' has dtype incompatible with int64, please explicitly cast to a compatible dtype first.
  trans_enrichment_matrix.loc[row, col] /= (float(loops) * float(loop_end_proportions[row]) * float(loop_end_proportions[col])+1)
/mnt/altnas/work/Kyle.Knightly/chipseq-analysis/chip-scripts/pipeline.py:127: FutureWarning: Setting an item of incompatible dtype is deprecated and will raise an error in a future version of pandas. Value '2.5832689326744775' has dtype incompatible with int64, please explicitly cast to a compatible dtype first.
  trans_enrichment_matrix.loc[row, col] /= (float(loops) * float(loop_end_proportions[row]) * float(loop_end_proportions[col])+1)
/mnt/altnas/work/Kyle.Knightly/chipseq-analysis/chip-scripts/pipeline.py:127: FutureWarning: Setting an item of incompatible dtype is deprecated and will raise an error in a future version of pandas. Value '0.6054649628554617' has dtype incompatible with int64, please explicitly cast to a compatible dtype first.
  trans_enrichment_matrix.loc[row, col] /= (float(loops) * float(loop_end_proportions[row]) * float(loop_end_proportions[col])+1)
/mnt/altnas/work/Kyle.Knightly/chipseq-analysis/chip-scripts/pipeline.py:127: FutureWarning: Setting an item of incompatible dtype is deprecated and will raise an error in a future version of pandas. Value '2.773773245885199' has dtype incompatible with int64, please explicitly cast to a compatible dtype first.
  trans_enrichment_matrix.loc[row, col] /= (float(loops) * float(loop_end_proportions[row]) * float(loop_end_proportions[col])+1)
/mnt/altnas/work/Kyle.Knightly/chipseq-analysis/chip-scripts/pipeline.py:127: FutureWarning: Setting an item of incompatible dtype is deprecated and will raise an error in a future version of pandas. Value '2.590539786341558' has dtype incompatible with int64, please explicitly cast to a compatible dtype first.
  trans_enrichment_matrix.loc[row, col] /= (float(loops) * float(loop_end_proportions[row]) * float(loop_end_proportions[col])+1)
/mnt/altnas/work/Kyle.Knightly/chipseq-analysis/chip-scripts/pipeline.py:127: FutureWarning: Setting an item of incompatible dtype is deprecated and will raise an error in a future version of pandas. Value '4.234552677094688' has dtype incompatible with int64, please explicitly cast to a compatible dtype first.
  trans_enrichment_matrix.loc[row, col] /= (float(loops) * float(loop_end_proportions[row]) * float(loop_end_proportions[col])+1)
/mnt/altnas/work/Kyle.Knightly/chipseq-analysis/chip-scripts/pipeline.py:127: FutureWarning: Setting an item of incompatible dtype is deprecated and will raise an error in a future version of pandas. Value '3.1317186344671453' has dtype incompatible with int64, please explicitly cast to a compatible dtype first.
  trans_enrichment_matrix.loc[row, col] /= (float(loops) * float(loop_end_proportions[row]) * float(loop_end_proportions[col])+1)
/mnt/altnas/work/Kyle.Knightly/chipseq-analysis/chip-scripts/pipeline.py:127: FutureWarning: Setting an item of incompatible dtype is deprecated and will raise an error in a future version of pandas. Value '2.9761647606105868' has dtype incompatible with int64, please explicitly cast to a compatible dtype first.
  trans_enrichment_matrix.loc[row, col] /= (float(loops) * float(loop_end_proportions[row]) * float(loop_end_proportions[col])+1)
/mnt/altnas/work/Kyle.Knightly/chipseq-analysis/chip-scripts/pipeline.py:127: FutureWarning: Setting an item of incompatible dtype is deprecated and will raise an error in a future version of pandas. Value '3.2445077081073657' has dtype incompatible with int64, please explicitly cast to a compatible dtype first.
  trans_enrichment_matrix.loc[row, col] /= (float(loops) * float(loop_end_proportions[row]) * float(loop_end_proportions[col])+1)
/mnt/altnas/work/Kyle.Knightly/chipseq-analysis/chip-scripts/pipeline.py:127: FutureWarning: Setting an item of incompatible dtype is deprecated and will raise an error in a future version of pandas. Value '3.494173575014389' has dtype incompatible with int64, please explicitly cast to a compatible dtype first.
  trans_enrichment_matrix.loc[row, col] /= (float(loops) * float(loop_end_proportions[row]) * float(loop_end_proportions[col])+1)
/mnt/altnas/work/Kyle.Knightly/chipseq-analysis/chip-scripts/pipeline.py:127: FutureWarning: Setting an item of incompatible dtype is deprecated and will raise an error in a future version of pandas. Value '3.0595982775289334' has dtype incompatible with int64, please explicitly cast to a compatible dtype first.
  trans_enrichment_matrix.loc[row, col] /= (float(loops) * float(loop_end_proportions[row]) * float(loop_end_proportions[col])+1)
/mnt/altnas/work/Kyle.Knightly/chipseq-analysis/chip-scripts/pipeline.py:127: FutureWarning: Setting an item of incompatible dtype is deprecated and will raise an error in a future version of pandas. Value '1.3270521363862016' has dtype incompatible with int64, please explicitly cast to a compatible dtype first.
  trans_enrichment_matrix.loc[row, col] /= (float(loops) * float(loop_end_proportions[row]) * float(loop_end_proportions[col])+1)
/mnt/altnas/work/Kyle.Knightly/chipseq-analysis/chip-scripts/pipeline.py:127: FutureWarning: Setting an item of incompatible dtype is deprecated and will raise an error in a future version of pandas. Value '2.0968949487177957' has dtype incompatible with int64, please explicitly cast to a compatible dtype first.
  trans_enrichment_matrix.loc[row, col] /= (float(loops) * float(loop_end_proportions[row]) * float(loop_end_proportions[col])+1)
/mnt/altnas/work/Kyle.Knightly/chipseq-analysis/chip-scripts/pipeline.py:127: FutureWarning: Setting an item of incompatible dtype is deprecated and will raise an error in a future version of pandas. Value '1.2842715337002248' has dtype incompatible with int64, please explicitly cast to a compatible dtype first.
  trans_enrichment_matrix.loc[row, col] /= (float(loops) * float(loop_end_proportions[row]) * float(loop_end_proportions[col])+1)
/mnt/altnas/work/Kyle.Knightly/chipseq-analysis/chip-scripts/pipeline.py:127: FutureWarning: Setting an item of incompatible dtype is deprecated and will raise an error in a future version of pandas. Value '3.4718284319403896' has dtype incompatible with int64, please explicitly cast to a compatible dtype first.
  trans_enrichment_matrix.loc[row, col] /= (float(loops) * float(loop_end_proportions[row]) * float(loop_end_proportions[col])+1)
/mnt/altnas/work/Kyle.Knightly/chipseq-analysis/chip-scripts/pipeline.py:127: FutureWarning: Setting an item of incompatible dtype is deprecated and will raise an error in a future version of pandas. Value '3.8681813286401683' has dtype incompatible with int64, please explicitly cast to a compatible dtype first.
  trans_enrichment_matrix.loc[row, col] /= (float(loops) * float(loop_end_proportions[row]) * float(loop_end_proportions[col])+1)
/mnt/altnas/work/Kyle.Knightly/chipseq-analysis/chip-scripts/pipeline.py:127: FutureWarning: Setting an item of incompatible dtype is deprecated and will raise an error in a future version of pandas. Value '3.019975907152058' has dtype incompatible with int64, please explicitly cast to a compatible dtype first.
  trans_enrichment_matrix.loc[row, col] /= (float(loops) * float(loop_end_proportions[row]) * float(loop_end_proportions[col])+1)
/mnt/altnas/work/Kyle.Knightly/chipseq-analysis/chip-scripts/pipeline.py:127: FutureWarning: Setting an item of incompatible dtype is deprecated and will raise an error in a future version of pandas. Value '1.9261219883798146' has dtype incompatible with int64, please explicitly cast to a compatible dtype first.
  trans_enrichment_matrix.loc[row, col] /= (float(loops) * float(loop_end_proportions[row]) * float(loop_end_proportions[col])+1)
/mnt/altnas/work/Kyle.Knightly/chipseq-analysis/chip-scripts/pipeline.py:127: FutureWarning: Setting an item of incompatible dtype is deprecated and will raise an error in a future version of pandas. Value '3.0156570923088584' has dtype incompatible with int64, please explicitly cast to a compatible dtype first.
  trans_enrichment_matrix.loc[row, col] /= (float(loops) * float(loop_end_proportions[row]) * float(loop_end_proportions[col])+1)
/mnt/altnas/work/Kyle.Knightly/chipseq-analysis/chip-scripts/pipeline.py:127: FutureWarning: Setting an item of incompatible dtype is deprecated and will raise an error in a future version of pandas. Value '2.928316980721289' has dtype incompatible with int64, please explicitly cast to a compatible dtype first.
  trans_enrichment_matrix.loc[row, col] /= (float(loops) * float(loop_end_proportions[row]) * float(loop_end_proportions[col])+1)
/mnt/altnas/work/Kyle.Knightly/chipseq-analysis/chip-scripts/pipeline.py:127: FutureWarning: Setting an item of incompatible dtype is deprecated and will raise an error in a future version of pandas. Value '2.792706610962939' has dtype incompatible with int64, please explicitly cast to a compatible dtype first.
  trans_enrichment_matrix.loc[row, col] /= (float(loops) * float(loop_end_proportions[row]) * float(loop_end_proportions[col])+1)
/mnt/altnas/work/Kyle.Knightly/chipseq-analysis/chip-scripts/pipeline.py:127: FutureWarning: Setting an item of incompatible dtype is deprecated and will raise an error in a future version of pandas. Value '2.6394173291296763' has dtype incompatible with int64, please explicitly cast to a compatible dtype first.
  trans_enrichment_matrix.loc[row, col] /= (float(loops) * float(loop_end_proportions[row]) * float(loop_end_proportions[col])+1)
/mnt/altnas/work/Kyle.Knightly/chipseq-analysis/chip-scripts/pipeline.py:127: FutureWarning: Setting an item of incompatible dtype is deprecated and will raise an error in a future version of pandas. Value '3.1283048173969075' has dtype incompatible with int64, please explicitly cast to a compatible dtype first.
  trans_enrichment_matrix.loc[row, col] /= (float(loops) * float(loop_end_proportions[row]) * float(loop_end_proportions[col])+1)
/mnt/altnas/work/Kyle.Knightly/chipseq-analysis/chip-scripts/pipeline.py:127: FutureWarning: Setting an item of incompatible dtype is deprecated and will raise an error in a future version of pandas. Value '2.368796018719901' has dtype incompatible with int64, please explicitly cast to a compatible dtype first.
  trans_enrichment_matrix.loc[row, col] /= (float(loops) * float(loop_end_proportions[row]) * float(loop_end_proportions[col])+1)
/mnt/altnas/work/Kyle.Knightly/chipseq-analysis/chip-scripts/pipeline.py:127: FutureWarning: Setting an item of incompatible dtype is deprecated and will raise an error in a future version of pandas. Value '2.941666416813277' has dtype incompatible with int64, please explicitly cast to a compatible dtype first.
  trans_enrichment_matrix.loc[row, col] /= (float(loops) * float(loop_end_proportions[row]) * float(loop_end_proportions[col])+1)
/mnt/altnas/work/Kyle.Knightly/chipseq-analysis/chip-scripts/pipeline.py:127: FutureWarning: Setting an item of incompatible dtype is deprecated and will raise an error in a future version of pandas. Value '3.257264192610486' has dtype incompatible with int64, please explicitly cast to a compatible dtype first.
  trans_enrichment_matrix.loc[row, col] /= (float(loops) * float(loop_end_proportions[row]) * float(loop_end_proportions[col])+1)
/mnt/altnas/work/Kyle.Knightly/chipseq-analysis/chip-scripts/pipeline.py:127: FutureWarning: Setting an item of incompatible dtype is deprecated and will raise an error in a future version of pandas. Value '3.810719703680095' has dtype incompatible with int64, please explicitly cast to a compatible dtype first.
  trans_enrichment_matrix.loc[row, col] /= (float(loops) * float(loop_end_proportions[row]) * float(loop_end_proportions[col])+1)
/mnt/altnas/work/Kyle.Knightly/chipseq-analysis/chip-scripts/pipeline.py:127: FutureWarning: Setting an item of incompatible dtype is deprecated and will raise an error in a future version of pandas. Value '3.044472524395874' has dtype incompatible with int64, please explicitly cast to a compatible dtype first.
  trans_enrichment_matrix.loc[row, col] /= (float(loops) * float(loop_end_proportions[row]) * float(loop_end_proportions[col])+1)
/mnt/altnas/work/Kyle.Knightly/chipseq-analysis/chip-scripts/pipeline.py:127: FutureWarning: Setting an item of incompatible dtype is deprecated and will raise an error in a future version of pandas. Value '3.1988235524675397' has dtype incompatible with int64, please explicitly cast to a compatible dtype first.
  trans_enrichment_matrix.loc[row, col] /= (float(loops) * float(loop_end_proportions[row]) * float(loop_end_proportions[col])+1)
/mnt/altnas/work/Kyle.Knightly/chipseq-analysis/chip-scripts/pipeline.py:127: FutureWarning: Setting an item of incompatible dtype is deprecated and will raise an error in a future version of pandas. Value '3.213571556319167' has dtype incompatible with int64, please explicitly cast to a compatible dtype first.
  trans_enrichment_matrix.loc[row, col] /= (float(loops) * float(loop_end_proportions[row]) * float(loop_end_proportions[col])+1)
/mnt/altnas/work/Kyle.Knightly/chipseq-analysis/chip-scripts/pipeline.py:127: FutureWarning: Setting an item of incompatible dtype is deprecated and will raise an error in a future version of pandas. Value '2.3750673075435182' has dtype incompatible with int64, please explicitly cast to a compatible dtype first.
  trans_enrichment_matrix.loc[row, col] /= (float(loops) * float(loop_end_proportions[row]) * float(loop_end_proportions[col])+1)
/mnt/altnas/work/Kyle.Knightly/chipseq-analysis/chip-scripts/pipeline.py:127: FutureWarning: Setting an item of incompatible dtype is deprecated and will raise an error in a future version of pandas. Value '3.05710592054426' has dtype incompatible with int64, please explicitly cast to a compatible dtype first.
  trans_enrichment_matrix.loc[row, col] /= (float(loops) * float(loop_end_proportions[row]) * float(loop_end_proportions[col])+1)
/mnt/altnas/work/Kyle.Knightly/chipseq-analysis/chip-scripts/pipeline.py:127: FutureWarning: Setting an item of incompatible dtype is deprecated and will raise an error in a future version of pandas. Value '2.3326226249056976' has dtype incompatible with int64, please explicitly cast to a compatible dtype first.
  trans_enrichment_matrix.loc[row, col] /= (float(loops) * float(loop_end_proportions[row]) * float(loop_end_proportions[col])+1)
/mnt/altnas/work/Kyle.Knightly/chipseq-analysis/chip-scripts/pipeline.py:127: FutureWarning: Setting an item of incompatible dtype is deprecated and will raise an error in a future version of pandas. Value '2.5488307897241884' has dtype incompatible with int64, please explicitly cast to a compatible dtype first.
  trans_enrichment_matrix.loc[row, col] /= (float(loops) * float(loop_end_proportions[row]) * float(loop_end_proportions[col])+1)
/mnt/altnas/work/Kyle.Knightly/chipseq-analysis/chip-scripts/pipeline.py:127: FutureWarning: Setting an item of incompatible dtype is deprecated and will raise an error in a future version of pandas. Value '3.138437532169015' has dtype incompatible with int64, please explicitly cast to a compatible dtype first.
  trans_enrichment_matrix.loc[row, col] /= (float(loops) * float(loop_end_proportions[row]) * float(loop_end_proportions[col])+1)
/mnt/altnas/work/Kyle.Knightly/chipseq-analysis/chip-scripts/pipeline.py:127: FutureWarning: Setting an item of incompatible dtype is deprecated and will raise an error in a future version of pandas. Value '2.8155574773384386' has dtype incompatible with int64, please explicitly cast to a compatible dtype first.
  trans_enrichment_matrix.loc[row, col] /= (float(loops) * float(loop_end_proportions[row]) * float(loop_end_proportions[col])+1)
/mnt/altnas/work/Kyle.Knightly/chipseq-analysis/chip-scripts/pipeline.py:127: FutureWarning: Setting an item of incompatible dtype is deprecated and will raise an error in a future version of pandas. Value '2.7393216182574864' has dtype incompatible with int64, please explicitly cast to a compatible dtype first.
  trans_enrichment_matrix.loc[row, col] /= (float(loops) * float(loop_end_proportions[row]) * float(loop_end_proportions[col])+1)
/mnt/altnas/work/Kyle.Knightly/chipseq-analysis/chip-scripts/pipeline.py:127: FutureWarning: Setting an item of incompatible dtype is deprecated and will raise an error in a future version of pandas. Value '3.132985847569355' has dtype incompatible with int64, please explicitly cast to a compatible dtype first.
  trans_enrichment_matrix.loc[row, col] /= (float(loops) * float(loop_end_proportions[row]) * float(loop_end_proportions[col])+1)
/mnt/altnas/work/Kyle.Knightly/chipseq-analysis/chip-scripts/pipeline.py:127: FutureWarning: Setting an item of incompatible dtype is deprecated and will raise an error in a future version of pandas. Value '2.811964877936003' has dtype incompatible with int64, please explicitly cast to a compatible dtype first.
  trans_enrichment_matrix.loc[row, col] /= (float(loops) * float(loop_end_proportions[row]) * float(loop_end_proportions[col])+1)
/mnt/altnas/work/Kyle.Knightly/chipseq-analysis/chip-scripts/pipeline.py:127: FutureWarning: Setting an item of incompatible dtype is deprecated and will raise an error in a future version of pandas. Value '3.1423994453204154' has dtype incompatible with int64, please explicitly cast to a compatible dtype first.
  trans_enrichment_matrix.loc[row, col] /= (float(loops) * float(loop_end_proportions[row]) * float(loop_end_proportions[col])+1)
/mnt/altnas/work/Kyle.Knightly/chipseq-analysis/chip-scripts/pipeline.py:127: FutureWarning: Setting an item of incompatible dtype is deprecated and will raise an error in a future version of pandas. Value '2.7531792790531258' has dtype incompatible with int64, please explicitly cast to a compatible dtype first.
  trans_enrichment_matrix.loc[row, col] /= (float(loops) * float(loop_end_proportions[row]) * float(loop_end_proportions[col])+1)
/mnt/altnas/work/Kyle.Knightly/chipseq-analysis/chip-scripts/pipeline.py:127: FutureWarning: Setting an item of incompatible dtype is deprecated and will raise an error in a future version of pandas. Value '2.7223171193811426' has dtype incompatible with int64, please explicitly cast to a compatible dtype first.
  trans_enrichment_matrix.loc[row, col] /= (float(loops) * float(loop_end_proportions[row]) * float(loop_end_proportions[col])+1)
/mnt/altnas/work/Kyle.Knightly/chipseq-analysis/chip-scripts/pipeline.py:127: FutureWarning: Setting an item of incompatible dtype is deprecated and will raise an error in a future version of pandas. Value '2.8734017266153353' has dtype incompatible with int64, please explicitly cast to a compatible dtype first.
  trans_enrichment_matrix.loc[row, col] /= (float(loops) * float(loop_end_proportions[row]) * float(loop_end_proportions[col])+1)
/mnt/altnas/work/Kyle.Knightly/chipseq-analysis/chip-scripts/pipeline.py:127: FutureWarning: Setting an item of incompatible dtype is deprecated and will raise an error in a future version of pandas. Value '3.074564051708947' has dtype incompatible with int64, please explicitly cast to a compatible dtype first.
  trans_enrichment_matrix.loc[row, col] /= (float(loops) * float(loop_end_proportions[row]) * float(loop_end_proportions[col])+1)
/mnt/altnas/work/Kyle.Knightly/chipseq-analysis/chip-scripts/pipeline.py:127: FutureWarning: Setting an item of incompatible dtype is deprecated and will raise an error in a future version of pandas. Value '2.3831646533748247' has dtype incompatible with int64, please explicitly cast to a compatible dtype first.
  trans_enrichment_matrix.loc[row, col] /= (float(loops) * float(loop_end_proportions[row]) * float(loop_end_proportions[col])+1)
/mnt/altnas/work/Kyle.Knightly/chipseq-analysis/chip-scripts/pipeline.py:127: FutureWarning: Setting an item of incompatible dtype is deprecated and will raise an error in a future version of pandas. Value '2.213972851331914' has dtype incompatible with int64, please explicitly cast to a compatible dtype first.
  trans_enrichment_matrix.loc[row, col] /= (float(loops) * float(loop_end_proportions[row]) * float(loop_end_proportions[col])+1)
/mnt/altnas/work/Kyle.Knightly/chipseq-analysis/chip-scripts/pipeline.py:127: FutureWarning: Setting an item of incompatible dtype is deprecated and will raise an error in a future version of pandas. Value '3.1377583774504103' has dtype incompatible with int64, please explicitly cast to a compatible dtype first.
  trans_enrichment_matrix.loc[row, col] /= (float(loops) * float(loop_end_proportions[row]) * float(loop_end_proportions[col])+1)
/mnt/altnas/work/Kyle.Knightly/chipseq-analysis/chip-scripts/pipeline.py:127: FutureWarning: Setting an item of incompatible dtype is deprecated and will raise an error in a future version of pandas. Value '1.6797268423292433' has dtype incompatible with int64, please explicitly cast to a compatible dtype first.
  trans_enrichment_matrix.loc[row, col] /= (float(loops) * float(loop_end_proportions[row]) * float(loop_end_proportions[col])+1)
/mnt/altnas/work/Kyle.Knightly/chipseq-analysis/chip-scripts/pipeline.py:127: FutureWarning: Setting an item of incompatible dtype is deprecated and will raise an error in a future version of pandas. Value '1.9495786645571755' has dtype incompatible with int64, please explicitly cast to a compatible dtype first.
  trans_enrichment_matrix.loc[row, col] /= (float(loops) * float(loop_end_proportions[row]) * float(loop_end_proportions[col])+1)
/mnt/altnas/work/Kyle.Knightly/chipseq-analysis/chip-scripts/pipeline.py:127: FutureWarning: Setting an item of incompatible dtype is deprecated and will raise an error in a future version of pandas. Value '3.0230762887303784' has dtype incompatible with int64, please explicitly cast to a compatible dtype first.
  trans_enrichment_matrix.loc[row, col] /= (float(loops) * float(loop_end_proportions[row]) * float(loop_end_proportions[col])+1)
/mnt/altnas/work/Kyle.Knightly/chipseq-analysis/chip-scripts/pipeline.py:127: FutureWarning: Setting an item of incompatible dtype is deprecated and will raise an error in a future version of pandas. Value '2.642579493508648' has dtype incompatible with int64, please explicitly cast to a compatible dtype first.
  trans_enrichment_matrix.loc[row, col] /= (float(loops) * float(loop_end_proportions[row]) * float(loop_end_proportions[col])+1)
/mnt/altnas/work/Kyle.Knightly/chipseq-analysis/chip-scripts/pipeline.py:127: FutureWarning: Setting an item of incompatible dtype is deprecated and will raise an error in a future version of pandas. Value '2.8669224896118055' has dtype incompatible with int64, please explicitly cast to a compatible dtype first.
  trans_enrichment_matrix.loc[row, col] /= (float(loops) * float(loop_end_proportions[row]) * float(loop_end_proportions[col])+1)
/mnt/altnas/work/Kyle.Knightly/chipseq-analysis/chip-scripts/pipeline.py:127: FutureWarning: Setting an item of incompatible dtype is deprecated and will raise an error in a future version of pandas. Value '2.498045206341619' has dtype incompatible with int64, please explicitly cast to a compatible dtype first.
  trans_enrichment_matrix.loc[row, col] /= (float(loops) * float(loop_end_proportions[row]) * float(loop_end_proportions[col])+1)
/mnt/altnas/work/Kyle.Knightly/chipseq-analysis/chip-scripts/pipeline.py:127: FutureWarning: Setting an item of incompatible dtype is deprecated and will raise an error in a future version of pandas. Value '2.2522418409471614' has dtype incompatible with int64, please explicitly cast to a compatible dtype first.
  trans_enrichment_matrix.loc[row, col] /= (float(loops) * float(loop_end_proportions[row]) * float(loop_end_proportions[col])+1)
/mnt/altnas/work/Kyle.Knightly/chipseq-analysis/chip-scripts/pipeline.py:127: FutureWarning: Setting an item of incompatible dtype is deprecated and will raise an error in a future version of pandas. Value '3.0370942594843546' has dtype incompatible with int64, please explicitly cast to a compatible dtype first.
  trans_enrichment_matrix.loc[row, col] /= (float(loops) * float(loop_end_proportions[row]) * float(loop_end_proportions[col])+1)
/mnt/altnas/work/Kyle.Knightly/chipseq-analysis/chip-scripts/pipeline.py:127: FutureWarning: Setting an item of incompatible dtype is deprecated and will raise an error in a future version of pandas. Value '2.711597966626147' has dtype incompatible with int64, please explicitly cast to a compatible dtype first.
  trans_enrichment_matrix.loc[row, col] /= (float(loops) * float(loop_end_proportions[row]) * float(loop_end_proportions[col])+1)
/mnt/altnas/work/Kyle.Knightly/chipseq-analysis/chip-scripts/pipeline.py:127: FutureWarning: Setting an item of incompatible dtype is deprecated and will raise an error in a future version of pandas. Value '3.2403827551221136' has dtype incompatible with int64, please explicitly cast to a compatible dtype first.
  trans_enrichment_matrix.loc[row, col] /= (float(loops) * float(loop_end_proportions[row]) * float(loop_end_proportions[col])+1)
/mnt/altnas/work/Kyle.Knightly/chipseq-analysis/chip-scripts/pipeline.py:127: FutureWarning: Setting an item of incompatible dtype is deprecated and will raise an error in a future version of pandas. Value '3.1618082513405996' has dtype incompatible with int64, please explicitly cast to a compatible dtype first.
  trans_enrichment_matrix.loc[row, col] /= (float(loops) * float(loop_end_proportions[row]) * float(loop_end_proportions[col])+1)
/mnt/altnas/work/Kyle.Knightly/chipseq-analysis/chip-scripts/pipeline.py:127: FutureWarning: Setting an item of incompatible dtype is deprecated and will raise an error in a future version of pandas. Value '2.4431282637167357' has dtype incompatible with int64, please explicitly cast to a compatible dtype first.
  trans_enrichment_matrix.loc[row, col] /= (float(loops) * float(loop_end_proportions[row]) * float(loop_end_proportions[col])+1)
/mnt/altnas/work/Kyle.Knightly/chipseq-analysis/chip-scripts/pipeline.py:127: FutureWarning: Setting an item of incompatible dtype is deprecated and will raise an error in a future version of pandas. Value '2.67711373896305' has dtype incompatible with int64, please explicitly cast to a compatible dtype first.
  trans_enrichment_matrix.loc[row, col] /= (float(loops) * float(loop_end_proportions[row]) * float(loop_end_proportions[col])+1)
/mnt/altnas/work/Kyle.Knightly/chipseq-analysis/chip-scripts/pipeline.py:127: FutureWarning: Setting an item of incompatible dtype is deprecated and will raise an error in a future version of pandas. Value '3.061076389940768' has dtype incompatible with int64, please explicitly cast to a compatible dtype first.
  trans_enrichment_matrix.loc[row, col] /= (float(loops) * float(loop_end_proportions[row]) * float(loop_end_proportions[col])+1)
/mnt/altnas/work/Kyle.Knightly/chipseq-analysis/chip-scripts/pipeline.py:127: FutureWarning: Setting an item of incompatible dtype is deprecated and will raise an error in a future version of pandas. Value '0.9633609881759818' has dtype incompatible with int64, please explicitly cast to a compatible dtype first.
  trans_enrichment_matrix.loc[row, col] /= (float(loops) * float(loop_end_proportions[row]) * float(loop_end_proportions[col])+1)
/mnt/altnas/work/Kyle.Knightly/chipseq-analysis/chip-scripts/pipeline.py:127: FutureWarning: Setting an item of incompatible dtype is deprecated and will raise an error in a future version of pandas. Value '2.273896172186712' has dtype incompatible with int64, please explicitly cast to a compatible dtype first.
  trans_enrichment_matrix.loc[row, col] /= (float(loops) * float(loop_end_proportions[row]) * float(loop_end_proportions[col])+1)
/mnt/altnas/work/Kyle.Knightly/chipseq-analysis/chip-scripts/pipeline.py:127: FutureWarning: Setting an item of incompatible dtype is deprecated and will raise an error in a future version of pandas. Value '2.5683292868635967' has dtype incompatible with int64, please explicitly cast to a compatible dtype first.
  trans_enrichment_matrix.loc[row, col] /= (float(loops) * float(loop_end_proportions[row]) * float(loop_end_proportions[col])+1)
/mnt/altnas/work/Kyle.Knightly/chipseq-analysis/chip-scripts/pipeline.py:127: FutureWarning: Setting an item of incompatible dtype is deprecated and will raise an error in a future version of pandas. Value '2.876933177916384' has dtype incompatible with int64, please explicitly cast to a compatible dtype first.
  trans_enrichment_matrix.loc[row, col] /= (float(loops) * float(loop_end_proportions[row]) * float(loop_end_proportions[col])+1)
/mnt/altnas/work/Kyle.Knightly/chipseq-analysis/chip-scripts/pipeline.py:127: FutureWarning: Setting an item of incompatible dtype is deprecated and will raise an error in a future version of pandas. Value '2.975969112032703' has dtype incompatible with int64, please explicitly cast to a compatible dtype first.
  trans_enrichment_matrix.loc[row, col] /= (float(loops) * float(loop_end_proportions[row]) * float(loop_end_proportions[col])+1)
/mnt/altnas/work/Kyle.Knightly/chipseq-analysis/chip-scripts/pipeline.py:127: FutureWarning: Setting an item of incompatible dtype is deprecated and will raise an error in a future version of pandas. Value '2.535093583893932' has dtype incompatible with int64, please explicitly cast to a compatible dtype first.
  trans_enrichment_matrix.loc[row, col] /= (float(loops) * float(loop_end_proportions[row]) * float(loop_end_proportions[col])+1)
/mnt/altnas/work/Kyle.Knightly/chipseq-analysis/chip-scripts/pipeline.py:127: FutureWarning: Setting an item of incompatible dtype is deprecated and will raise an error in a future version of pandas. Value '1.919532223584361' has dtype incompatible with int64, please explicitly cast to a compatible dtype first.
  trans_enrichment_matrix.loc[row, col] /= (float(loops) * float(loop_end_proportions[row]) * float(loop_end_proportions[col])+1)
/mnt/altnas/work/Kyle.Knightly/chipseq-analysis/chip-scripts/pipeline.py:127: FutureWarning: Setting an item of incompatible dtype is deprecated and will raise an error in a future version of pandas. Value '2.740088617938472' has dtype incompatible with int64, please explicitly cast to a compatible dtype first.
  trans_enrichment_matrix.loc[row, col] /= (float(loops) * float(loop_end_proportions[row]) * float(loop_end_proportions[col])+1)
/mnt/altnas/work/Kyle.Knightly/chipseq-analysis/chip-scripts/pipeline.py:127: FutureWarning: Setting an item of incompatible dtype is deprecated and will raise an error in a future version of pandas. Value '2.7507035118424863' has dtype incompatible with int64, please explicitly cast to a compatible dtype first.
  trans_enrichment_matrix.loc[row, col] /= (float(loops) * float(loop_end_proportions[row]) * float(loop_end_proportions[col])+1)
/mnt/altnas/work/Kyle.Knightly/chipseq-analysis/chip-scripts/pipeline.py:127: FutureWarning: Setting an item of incompatible dtype is deprecated and will raise an error in a future version of pandas. Value '3.0553488910038307' has dtype incompatible with int64, please explicitly cast to a compatible dtype first.
  trans_enrichment_matrix.loc[row, col] /= (float(loops) * float(loop_end_proportions[row]) * float(loop_end_proportions[col])+1)
/mnt/altnas/work/Kyle.Knightly/chipseq-analysis/chip-scripts/pipeline.py:127: FutureWarning: Setting an item of incompatible dtype is deprecated and will raise an error in a future version of pandas. Value '3.680041201091243' has dtype incompatible with int64, please explicitly cast to a compatible dtype first.
  trans_enrichment_matrix.loc[row, col] /= (float(loops) * float(loop_end_proportions[row]) * float(loop_end_proportions[col])+1)
/mnt/altnas/work/Kyle.Knightly/chipseq-analysis/chip-scripts/pipeline.py:127: FutureWarning: Setting an item of incompatible dtype is deprecated and will raise an error in a future version of pandas. Value '3.2036605120105146' has dtype incompatible with int64, please explicitly cast to a compatible dtype first.
  trans_enrichment_matrix.loc[row, col] /= (float(loops) * float(loop_end_proportions[row]) * float(loop_end_proportions[col])+1)
/mnt/altnas/work/Kyle.Knightly/chipseq-analysis/chip-scripts/pipeline.py:127: FutureWarning: Setting an item of incompatible dtype is deprecated and will raise an error in a future version of pandas. Value '2.7678018192389438' has dtype incompatible with int64, please explicitly cast to a compatible dtype first.
  trans_enrichment_matrix.loc[row, col] /= (float(loops) * float(loop_end_proportions[row]) * float(loop_end_proportions[col])+1)
/mnt/altnas/work/Kyle.Knightly/chipseq-analysis/chip-scripts/pipeline.py:127: FutureWarning: Setting an item of incompatible dtype is deprecated and will raise an error in a future version of pandas. Value '2.9306412147976237' has dtype incompatible with int64, please explicitly cast to a compatible dtype first.
  trans_enrichment_matrix.loc[row, col] /= (float(loops) * float(loop_end_proportions[row]) * float(loop_end_proportions[col])+1)
/mnt/altnas/work/Kyle.Knightly/chipseq-analysis/chip-scripts/pipeline.py:127: FutureWarning: Setting an item of incompatible dtype is deprecated and will raise an error in a future version of pandas. Value '3.123807686798118' has dtype incompatible with int64, please explicitly cast to a compatible dtype first.
  trans_enrichment_matrix.loc[row, col] /= (float(loops) * float(loop_end_proportions[row]) * float(loop_end_proportions[col])+1)
/mnt/altnas/work/Kyle.Knightly/chipseq-analysis/chip-scripts/pipeline.py:127: FutureWarning: Setting an item of incompatible dtype is deprecated and will raise an error in a future version of pandas. Value '3.199565701081033' has dtype incompatible with int64, please explicitly cast to a compatible dtype first.
  trans_enrichment_matrix.loc[row, col] /= (float(loops) * float(loop_end_proportions[row]) * float(loop_end_proportions[col])+1)
/mnt/altnas/work/Kyle.Knightly/chipseq-analysis/chip-scripts/pipeline.py:127: FutureWarning: Setting an item of incompatible dtype is deprecated and will raise an error in a future version of pandas. Value '3.400437248688431' has dtype incompatible with int64, please explicitly cast to a compatible dtype first.
  trans_enrichment_matrix.loc[row, col] /= (float(loops) * float(loop_end_proportions[row]) * float(loop_end_proportions[col])+1)
/mnt/altnas/work/Kyle.Knightly/chipseq-analysis/chip-scripts/pipeline.py:127: FutureWarning: Setting an item of incompatible dtype is deprecated and will raise an error in a future version of pandas. Value '1.67936903914088' has dtype incompatible with int64, please explicitly cast to a compatible dtype first.
  trans_enrichment_matrix.loc[row, col] /= (float(loops) * float(loop_end_proportions[row]) * float(loop_end_proportions[col])+1)
/mnt/altnas/work/Kyle.Knightly/chipseq-analysis/chip-scripts/pipeline.py:127: FutureWarning: Setting an item of incompatible dtype is deprecated and will raise an error in a future version of pandas. Value '0.889490224385778' has dtype incompatible with int64, please explicitly cast to a compatible dtype first.
  trans_enrichment_matrix.loc[row, col] /= (float(loops) * float(loop_end_proportions[row]) * float(loop_end_proportions[col])+1)
/mnt/altnas/work/Kyle.Knightly/chipseq-analysis/chip-scripts/pipeline.py:127: FutureWarning: Setting an item of incompatible dtype is deprecated and will raise an error in a future version of pandas. Value '2.699541035462211' has dtype incompatible with int64, please explicitly cast to a compatible dtype first.
  trans_enrichment_matrix.loc[row, col] /= (float(loops) * float(loop_end_proportions[row]) * float(loop_end_proportions[col])+1)
/mnt/altnas/work/Kyle.Knightly/chipseq-analysis/chip-scripts/pipeline.py:127: FutureWarning: Setting an item of incompatible dtype is deprecated and will raise an error in a future version of pandas. Value '2.532064492838452' has dtype incompatible with int64, please explicitly cast to a compatible dtype first.
  trans_enrichment_matrix.loc[row, col] /= (float(loops) * float(loop_end_proportions[row]) * float(loop_end_proportions[col])+1)
/mnt/altnas/work/Kyle.Knightly/chipseq-analysis/chip-scripts/pipeline.py:127: FutureWarning: Setting an item of incompatible dtype is deprecated and will raise an error in a future version of pandas. Value '2.7675832692118614' has dtype incompatible with int64, please explicitly cast to a compatible dtype first.
  trans_enrichment_matrix.loc[row, col] /= (float(loops) * float(loop_end_proportions[row]) * float(loop_end_proportions[col])+1)
/mnt/altnas/work/Kyle.Knightly/chipseq-analysis/chip-scripts/pipeline.py:127: FutureWarning: Setting an item of incompatible dtype is deprecated and will raise an error in a future version of pandas. Value '3.0652104130456124' has dtype incompatible with int64, please explicitly cast to a compatible dtype first.
  trans_enrichment_matrix.loc[row, col] /= (float(loops) * float(loop_end_proportions[row]) * float(loop_end_proportions[col])+1)
/mnt/altnas/work/Kyle.Knightly/chipseq-analysis/chip-scripts/pipeline.py:127: FutureWarning: Setting an item of incompatible dtype is deprecated and will raise an error in a future version of pandas. Value '3.3856700658493923' has dtype incompatible with int64, please explicitly cast to a compatible dtype first.
  trans_enrichment_matrix.loc[row, col] /= (float(loops) * float(loop_end_proportions[row]) * float(loop_end_proportions[col])+1)
/mnt/altnas/work/Kyle.Knightly/chipseq-analysis/chip-scripts/pipeline.py:127: FutureWarning: Setting an item of incompatible dtype is deprecated and will raise an error in a future version of pandas. Value '3.3805361641755414' has dtype incompatible with int64, please explicitly cast to a compatible dtype first.
  trans_enrichment_matrix.loc[row, col] /= (float(loops) * float(loop_end_proportions[row]) * float(loop_end_proportions[col])+1)
/mnt/altnas/work/Kyle.Knightly/chipseq-analysis/chip-scripts/pipeline.py:127: FutureWarning: Setting an item of incompatible dtype is deprecated and will raise an error in a future version of pandas. Value '3.967804179041001' has dtype incompatible with int64, please explicitly cast to a compatible dtype first.
  trans_enrichment_matrix.loc[row, col] /= (float(loops) * float(loop_end_proportions[row]) * float(loop_end_proportions[col])+1)
/mnt/altnas/work/Kyle.Knightly/chipseq-analysis/chip-scripts/pipeline.py:127: FutureWarning: Setting an item of incompatible dtype is deprecated and will raise an error in a future version of pandas. Value '2.1781544512111313' has dtype incompatible with int64, please explicitly cast to a compatible dtype first.
  trans_enrichment_matrix.loc[row, col] /= (float(loops) * float(loop_end_proportions[row]) * float(loop_end_proportions[col])+1)
/mnt/altnas/work/Kyle.Knightly/chipseq-analysis/chip-scripts/pipeline.py:127: FutureWarning: Setting an item of incompatible dtype is deprecated and will raise an error in a future version of pandas. Value '2.75480621820866' has dtype incompatible with int64, please explicitly cast to a compatible dtype first.
  trans_enrichment_matrix.loc[row, col] /= (float(loops) * float(loop_end_proportions[row]) * float(loop_end_proportions[col])+1)
/mnt/altnas/work/Kyle.Knightly/chipseq-analysis/chip-scripts/pipeline.py:127: FutureWarning: Setting an item of incompatible dtype is deprecated and will raise an error in a future version of pandas. Value '1.2772014918455774' has dtype incompatible with int64, please explicitly cast to a compatible dtype first.
  trans_enrichment_matrix.loc[row, col] /= (float(loops) * float(loop_end_proportions[row]) * float(loop_end_proportions[col])+1)
/mnt/altnas/work/Kyle.Knightly/chipseq-analysis/chip-scripts/pipeline.py:127: FutureWarning: Setting an item of incompatible dtype is deprecated and will raise an error in a future version of pandas. Value '3.16810766434139' has dtype incompatible with int64, please explicitly cast to a compatible dtype first.
  trans_enrichment_matrix.loc[row, col] /= (float(loops) * float(loop_end_proportions[row]) * float(loop_end_proportions[col])+1)
/mnt/altnas/work/Kyle.Knightly/chipseq-analysis/chip-scripts/pipeline.py:127: FutureWarning: Setting an item of incompatible dtype is deprecated and will raise an error in a future version of pandas. Value '2.647787169240815' has dtype incompatible with int64, please explicitly cast to a compatible dtype first.
  trans_enrichment_matrix.loc[row, col] /= (float(loops) * float(loop_end_proportions[row]) * float(loop_end_proportions[col])+1)
/mnt/altnas/work/Kyle.Knightly/chipseq-analysis/chip-scripts/pipeline.py:127: FutureWarning: Setting an item of incompatible dtype is deprecated and will raise an error in a future version of pandas. Value '2.535964223844175' has dtype incompatible with int64, please explicitly cast to a compatible dtype first.
  trans_enrichment_matrix.loc[row, col] /= (float(loops) * float(loop_end_proportions[row]) * float(loop_end_proportions[col])+1)
/mnt/altnas/work/Kyle.Knightly/chipseq-analysis/chip-scripts/pipeline.py:127: FutureWarning: Setting an item of incompatible dtype is deprecated and will raise an error in a future version of pandas. Value '1.9971053514293107' has dtype incompatible with int64, please explicitly cast to a compatible dtype first.
  trans_enrichment_matrix.loc[row, col] /= (float(loops) * float(loop_end_proportions[row]) * float(loop_end_proportions[col])+1)
/mnt/altnas/work/Kyle.Knightly/chipseq-analysis/chip-scripts/pipeline.py:127: FutureWarning: Setting an item of incompatible dtype is deprecated and will raise an error in a future version of pandas. Value '2.4407361951899555' has dtype incompatible with int64, please explicitly cast to a compatible dtype first.
  trans_enrichment_matrix.loc[row, col] /= (float(loops) * float(loop_end_proportions[row]) * float(loop_end_proportions[col])+1)
/mnt/altnas/work/Kyle.Knightly/chipseq-analysis/chip-scripts/pipeline.py:127: FutureWarning: Setting an item of incompatible dtype is deprecated and will raise an error in a future version of pandas. Value '2.350491137890798' has dtype incompatible with int64, please explicitly cast to a compatible dtype first.
  trans_enrichment_matrix.loc[row, col] /= (float(loops) * float(loop_end_proportions[row]) * float(loop_end_proportions[col])+1)
/mnt/altnas/work/Kyle.Knightly/chipseq-analysis/chip-scripts/pipeline.py:127: FutureWarning: Setting an item of incompatible dtype is deprecated and will raise an error in a future version of pandas. Value '3.0648178305775544' has dtype incompatible with int64, please explicitly cast to a compatible dtype first.
  trans_enrichment_matrix.loc[row, col] /= (float(loops) * float(loop_end_proportions[row]) * float(loop_end_proportions[col])+1)
/mnt/altnas/work/Kyle.Knightly/chipseq-analysis/chip-scripts/pipeline.py:127: FutureWarning: Setting an item of incompatible dtype is deprecated and will raise an error in a future version of pandas. Value '3.0234066527520325' has dtype incompatible with int64, please explicitly cast to a compatible dtype first.
  trans_enrichment_matrix.loc[row, col] /= (float(loops) * float(loop_end_proportions[row]) * float(loop_end_proportions[col])+1)
/mnt/altnas/work/Kyle.Knightly/chipseq-analysis/chip-scripts/pipeline.py:127: FutureWarning: Setting an item of incompatible dtype is deprecated and will raise an error in a future version of pandas. Value '2.3137661494978814' has dtype incompatible with int64, please explicitly cast to a compatible dtype first.
  trans_enrichment_matrix.loc[row, col] /= (float(loops) * float(loop_end_proportions[row]) * float(loop_end_proportions[col])+1)
/mnt/altnas/work/Kyle.Knightly/chipseq-analysis/chip-scripts/pipeline.py:127: FutureWarning: Setting an item of incompatible dtype is deprecated and will raise an error in a future version of pandas. Value '3.1780816747603353' has dtype incompatible with int64, please explicitly cast to a compatible dtype first.
  trans_enrichment_matrix.loc[row, col] /= (float(loops) * float(loop_end_proportions[row]) * float(loop_end_proportions[col])+1)
/mnt/altnas/work/Kyle.Knightly/chipseq-analysis/chip-scripts/pipeline.py:127: FutureWarning: Setting an item of incompatible dtype is deprecated and will raise an error in a future version of pandas. Value '3.1027088439322594' has dtype incompatible with int64, please explicitly cast to a compatible dtype first.
  trans_enrichment_matrix.loc[row, col] /= (float(loops) * float(loop_end_proportions[row]) * float(loop_end_proportions[col])+1)
/mnt/altnas/work/Kyle.Knightly/chipseq-analysis/chip-scripts/pipeline.py:127: FutureWarning: Setting an item of incompatible dtype is deprecated and will raise an error in a future version of pandas. Value '3.028962254401236' has dtype incompatible with int64, please explicitly cast to a compatible dtype first.
  trans_enrichment_matrix.loc[row, col] /= (float(loops) * float(loop_end_proportions[row]) * float(loop_end_proportions[col])+1)
/mnt/altnas/work/Kyle.Knightly/chipseq-analysis/chip-scripts/pipeline.py:127: FutureWarning: Setting an item of incompatible dtype is deprecated and will raise an error in a future version of pandas. Value '3.4799704362019677' has dtype incompatible with int64, please explicitly cast to a compatible dtype first.
  trans_enrichment_matrix.loc[row, col] /= (float(loops) * float(loop_end_proportions[row]) * float(loop_end_proportions[col])+1)
/mnt/altnas/work/Kyle.Knightly/chipseq-analysis/chip-scripts/pipeline.py:127: FutureWarning: Setting an item of incompatible dtype is deprecated and will raise an error in a future version of pandas. Value '2.966686058240992' has dtype incompatible with int64, please explicitly cast to a compatible dtype first.
  trans_enrichment_matrix.loc[row, col] /= (float(loops) * float(loop_end_proportions[row]) * float(loop_end_proportions[col])+1)
/mnt/altnas/work/Kyle.Knightly/chipseq-analysis/chip-scripts/pipeline.py:127: FutureWarning: Setting an item of incompatible dtype is deprecated and will raise an error in a future version of pandas. Value '3.775846125331578' has dtype incompatible with int64, please explicitly cast to a compatible dtype first.
  trans_enrichment_matrix.loc[row, col] /= (float(loops) * float(loop_end_proportions[row]) * float(loop_end_proportions[col])+1)
/mnt/altnas/work/Kyle.Knightly/chipseq-analysis/chip-scripts/pipeline.py:127: FutureWarning: Setting an item of incompatible dtype is deprecated and will raise an error in a future version of pandas. Value '2.5586760223362193' has dtype incompatible with int64, please explicitly cast to a compatible dtype first.
  trans_enrichment_matrix.loc[row, col] /= (float(loops) * float(loop_end_proportions[row]) * float(loop_end_proportions[col])+1)
/mnt/altnas/work/Kyle.Knightly/chipseq-analysis/chip-scripts/pipeline.py:127: FutureWarning: Setting an item of incompatible dtype is deprecated and will raise an error in a future version of pandas. Value '3.1743510386148572' has dtype incompatible with int64, please explicitly cast to a compatible dtype first.
  trans_enrichment_matrix.loc[row, col] /= (float(loops) * float(loop_end_proportions[row]) * float(loop_end_proportions[col])+1)
/mnt/altnas/work/Kyle.Knightly/chipseq-analysis/chip-scripts/pipeline.py:127: FutureWarning: Setting an item of incompatible dtype is deprecated and will raise an error in a future version of pandas. Value '1.7118043452757334' has dtype incompatible with int64, please explicitly cast to a compatible dtype first.
  trans_enrichment_matrix.loc[row, col] /= (float(loops) * float(loop_end_proportions[row]) * float(loop_end_proportions[col])+1)
/mnt/altnas/work/Kyle.Knightly/chipseq-analysis/chip-scripts/pipeline.py:127: FutureWarning: Setting an item of incompatible dtype is deprecated and will raise an error in a future version of pandas. Value '2.5238893471240536' has dtype incompatible with int64, please explicitly cast to a compatible dtype first.
  trans_enrichment_matrix.loc[row, col] /= (float(loops) * float(loop_end_proportions[row]) * float(loop_end_proportions[col])+1)
/mnt/altnas/work/Kyle.Knightly/chipseq-analysis/chip-scripts/pipeline.py:127: FutureWarning: Setting an item of incompatible dtype is deprecated and will raise an error in a future version of pandas. Value '3.216452170526756' has dtype incompatible with int64, please explicitly cast to a compatible dtype first.
  trans_enrichment_matrix.loc[row, col] /= (float(loops) * float(loop_end_proportions[row]) * float(loop_end_proportions[col])+1)
/mnt/altnas/work/Kyle.Knightly/chipseq-analysis/chip-scripts/pipeline.py:127: FutureWarning: Setting an item of incompatible dtype is deprecated and will raise an error in a future version of pandas. Value '2.3604426614505787' has dtype incompatible with int64, please explicitly cast to a compatible dtype first.
  trans_enrichment_matrix.loc[row, col] /= (float(loops) * float(loop_end_proportions[row]) * float(loop_end_proportions[col])+1)
/mnt/altnas/work/Kyle.Knightly/chipseq-analysis/chip-scripts/pipeline.py:127: FutureWarning: Setting an item of incompatible dtype is deprecated and will raise an error in a future version of pandas. Value '3.4918085755243866' has dtype incompatible with int64, please explicitly cast to a compatible dtype first.
  trans_enrichment_matrix.loc[row, col] /= (float(loops) * float(loop_end_proportions[row]) * float(loop_end_proportions[col])+1)
/mnt/altnas/work/Kyle.Knightly/chipseq-analysis/chip-scripts/pipeline.py:127: FutureWarning: Setting an item of incompatible dtype is deprecated and will raise an error in a future version of pandas. Value '2.8769318686233243' has dtype incompatible with int64, please explicitly cast to a compatible dtype first.
  trans_enrichment_matrix.loc[row, col] /= (float(loops) * float(loop_end_proportions[row]) * float(loop_end_proportions[col])+1)
/mnt/altnas/work/Kyle.Knightly/chipseq-analysis/chip-scripts/pipeline.py:127: FutureWarning: Setting an item of incompatible dtype is deprecated and will raise an error in a future version of pandas. Value '2.7162204210260006' has dtype incompatible with int64, please explicitly cast to a compatible dtype first.
  trans_enrichment_matrix.loc[row, col] /= (float(loops) * float(loop_end_proportions[row]) * float(loop_end_proportions[col])+1)
/mnt/altnas/work/Kyle.Knightly/chipseq-analysis/chip-scripts/pipeline.py:127: FutureWarning: Setting an item of incompatible dtype is deprecated and will raise an error in a future version of pandas. Value '2.4963237325345933' has dtype incompatible with int64, please explicitly cast to a compatible dtype first.
  trans_enrichment_matrix.loc[row, col] /= (float(loops) * float(loop_end_proportions[row]) * float(loop_end_proportions[col])+1)
/mnt/altnas/work/Kyle.Knightly/chipseq-analysis/chip-scripts/pipeline.py:127: FutureWarning: Setting an item of incompatible dtype is deprecated and will raise an error in a future version of pandas. Value '2.7826440311143315' has dtype incompatible with int64, please explicitly cast to a compatible dtype first.
  trans_enrichment_matrix.loc[row, col] /= (float(loops) * float(loop_end_proportions[row]) * float(loop_end_proportions[col])+1)
/mnt/altnas/work/Kyle.Knightly/chipseq-analysis/chip-scripts/pipeline.py:127: FutureWarning: Setting an item of incompatible dtype is deprecated and will raise an error in a future version of pandas. Value '2.7013034194571057' has dtype incompatible with int64, please explicitly cast to a compatible dtype first.
  trans_enrichment_matrix.loc[row, col] /= (float(loops) * float(loop_end_proportions[row]) * float(loop_end_proportions[col])+1)
/mnt/altnas/work/Kyle.Knightly/chipseq-analysis/chip-scripts/pipeline.py:127: FutureWarning: Setting an item of incompatible dtype is deprecated and will raise an error in a future version of pandas. Value '2.9601028674625427' has dtype incompatible with int64, please explicitly cast to a compatible dtype first.
  trans_enrichment_matrix.loc[row, col] /= (float(loops) * float(loop_end_proportions[row]) * float(loop_end_proportions[col])+1)
/mnt/altnas/work/Kyle.Knightly/chipseq-analysis/chip-scripts/pipeline.py:127: FutureWarning: Setting an item of incompatible dtype is deprecated and will raise an error in a future version of pandas. Value '2.2074252950291413' has dtype incompatible with int64, please explicitly cast to a compatible dtype first.
  trans_enrichment_matrix.loc[row, col] /= (float(loops) * float(loop_end_proportions[row]) * float(loop_end_proportions[col])+1)
/mnt/altnas/work/Kyle.Knightly/chipseq-analysis/chip-scripts/pipeline.py:127: FutureWarning: Setting an item of incompatible dtype is deprecated and will raise an error in a future version of pandas. Value '3.157838782761595' has dtype incompatible with int64, please explicitly cast to a compatible dtype first.
  trans_enrichment_matrix.loc[row, col] /= (float(loops) * float(loop_end_proportions[row]) * float(loop_end_proportions[col])+1)
/mnt/altnas/work/Kyle.Knightly/chipseq-analysis/chip-scripts/pipeline.py:127: FutureWarning: Setting an item of incompatible dtype is deprecated and will raise an error in a future version of pandas. Value '2.572405658083202' has dtype incompatible with int64, please explicitly cast to a compatible dtype first.
  trans_enrichment_matrix.loc[row, col] /= (float(loops) * float(loop_end_proportions[row]) * float(loop_end_proportions[col])+1)
/mnt/altnas/work/Kyle.Knightly/chipseq-analysis/chip-scripts/pipeline.py:127: FutureWarning: Setting an item of incompatible dtype is deprecated and will raise an error in a future version of pandas. Value '2.1116301911633326' has dtype incompatible with int64, please explicitly cast to a compatible dtype first.
  trans_enrichment_matrix.loc[row, col] /= (float(loops) * float(loop_end_proportions[row]) * float(loop_end_proportions[col])+1)
/mnt/altnas/work/Kyle.Knightly/chipseq-analysis/chip-scripts/pipeline.py:127: FutureWarning: Setting an item of incompatible dtype is deprecated and will raise an error in a future version of pandas. Value '3.280197113340092' has dtype incompatible with int64, please explicitly cast to a compatible dtype first.
  trans_enrichment_matrix.loc[row, col] /= (float(loops) * float(loop_end_proportions[row]) * float(loop_end_proportions[col])+1)
/mnt/altnas/work/Kyle.Knightly/chipseq-analysis/chip-scripts/pipeline.py:127: FutureWarning: Setting an item of incompatible dtype is deprecated and will raise an error in a future version of pandas. Value '2.0485365612297497' has dtype incompatible with int64, please explicitly cast to a compatible dtype first.
  trans_enrichment_matrix.loc[row, col] /= (float(loops) * float(loop_end_proportions[row]) * float(loop_end_proportions[col])+1)
/mnt/altnas/work/Kyle.Knightly/chipseq-analysis/chip-scripts/pipeline.py:127: FutureWarning: Setting an item of incompatible dtype is deprecated and will raise an error in a future version of pandas. Value '1.7064962810237214' has dtype incompatible with int64, please explicitly cast to a compatible dtype first.
  trans_enrichment_matrix.loc[row, col] /= (float(loops) * float(loop_end_proportions[row]) * float(loop_end_proportions[col])+1)
/mnt/altnas/work/Kyle.Knightly/chipseq-analysis/chip-scripts/pipeline.py:127: FutureWarning: Setting an item of incompatible dtype is deprecated and will raise an error in a future version of pandas. Value '1.979785698835179' has dtype incompatible with int64, please explicitly cast to a compatible dtype first.
  trans_enrichment_matrix.loc[row, col] /= (float(loops) * float(loop_end_proportions[row]) * float(loop_end_proportions[col])+1)
/mnt/altnas/work/Kyle.Knightly/chipseq-analysis/chip-scripts/pipeline.py:127: FutureWarning: Setting an item of incompatible dtype is deprecated and will raise an error in a future version of pandas. Value '1.9911137524808817' has dtype incompatible with int64, please explicitly cast to a compatible dtype first.
  trans_enrichment_matrix.loc[row, col] /= (float(loops) * float(loop_end_proportions[row]) * float(loop_end_proportions[col])+1)
/mnt/altnas/work/Kyle.Knightly/chipseq-analysis/chip-scripts/pipeline.py:127: FutureWarning: Setting an item of incompatible dtype is deprecated and will raise an error in a future version of pandas. Value '2.5904392512586085' has dtype incompatible with int64, please explicitly cast to a compatible dtype first.
  trans_enrichment_matrix.loc[row, col] /= (float(loops) * float(loop_end_proportions[row]) * float(loop_end_proportions[col])+1)
/mnt/altnas/work/Kyle.Knightly/chipseq-analysis/chip-scripts/pipeline.py:127: FutureWarning: Setting an item of incompatible dtype is deprecated and will raise an error in a future version of pandas. Value '2.850976885512751' has dtype incompatible with int64, please explicitly cast to a compatible dtype first.
  trans_enrichment_matrix.loc[row, col] /= (float(loops) * float(loop_end_proportions[row]) * float(loop_end_proportions[col])+1)
/mnt/altnas/work/Kyle.Knightly/chipseq-analysis/chip-scripts/pipeline.py:127: FutureWarning: Setting an item of incompatible dtype is deprecated and will raise an error in a future version of pandas. Value '3.551833048783085' has dtype incompatible with int64, please explicitly cast to a compatible dtype first.
  trans_enrichment_matrix.loc[row, col] /= (float(loops) * float(loop_end_proportions[row]) * float(loop_end_proportions[col])+1)
/mnt/altnas/work/Kyle.Knightly/chipseq-analysis/chip-scripts/pipeline.py:127: FutureWarning: Setting an item of incompatible dtype is deprecated and will raise an error in a future version of pandas. Value '3.5892587085691923' has dtype incompatible with int64, please explicitly cast to a compatible dtype first.
  trans_enrichment_matrix.loc[row, col] /= (float(loops) * float(loop_end_proportions[row]) * float(loop_end_proportions[col])+1)
/mnt/altnas/work/Kyle.Knightly/chipseq-analysis/chip-scripts/pipeline.py:127: FutureWarning: Setting an item of incompatible dtype is deprecated and will raise an error in a future version of pandas. Value '2.998934310308684' has dtype incompatible with int64, please explicitly cast to a compatible dtype first.
  trans_enrichment_matrix.loc[row, col] /= (float(loops) * float(loop_end_proportions[row]) * float(loop_end_proportions[col])+1)
/mnt/altnas/work/Kyle.Knightly/chipseq-analysis/chip-scripts/pipeline.py:127: FutureWarning: Setting an item of incompatible dtype is deprecated and will raise an error in a future version of pandas. Value '3.6050062197190065' has dtype incompatible with int64, please explicitly cast to a compatible dtype first.
  trans_enrichment_matrix.loc[row, col] /= (float(loops) * float(loop_end_proportions[row]) * float(loop_end_proportions[col])+1)
/mnt/altnas/work/Kyle.Knightly/chipseq-analysis/chip-scripts/pipeline.py:127: FutureWarning: Setting an item of incompatible dtype is deprecated and will raise an error in a future version of pandas. Value '3.9122922263631184' has dtype incompatible with int64, please explicitly cast to a compatible dtype first.
  trans_enrichment_matrix.loc[row, col] /= (float(loops) * float(loop_end_proportions[row]) * float(loop_end_proportions[col])+1)
/mnt/altnas/work/Kyle.Knightly/chipseq-analysis/chip-scripts/pipeline.py:127: FutureWarning: Setting an item of incompatible dtype is deprecated and will raise an error in a future version of pandas. Value '3.910870224475058' has dtype incompatible with int64, please explicitly cast to a compatible dtype first.
  trans_enrichment_matrix.loc[row, col] /= (float(loops) * float(loop_end_proportions[row]) * float(loop_end_proportions[col])+1)
/mnt/altnas/work/Kyle.Knightly/chipseq-analysis/chip-scripts/pipeline.py:127: FutureWarning: Setting an item of incompatible dtype is deprecated and will raise an error in a future version of pandas. Value '2.6381755780950495' has dtype incompatible with int64, please explicitly cast to a compatible dtype first.
  trans_enrichment_matrix.loc[row, col] /= (float(loops) * float(loop_end_proportions[row]) * float(loop_end_proportions[col])+1)
/mnt/altnas/work/Kyle.Knightly/chipseq-analysis/chip-scripts/pipeline.py:127: FutureWarning: Setting an item of incompatible dtype is deprecated and will raise an error in a future version of pandas. Value '2.8303538710634237' has dtype incompatible with int64, please explicitly cast to a compatible dtype first.
  trans_enrichment_matrix.loc[row, col] /= (float(loops) * float(loop_end_proportions[row]) * float(loop_end_proportions[col])+1)
/mnt/altnas/work/Kyle.Knightly/chipseq-analysis/chip-scripts/pipeline.py:127: FutureWarning: Setting an item of incompatible dtype is deprecated and will raise an error in a future version of pandas. Value '1.0859026907593403' has dtype incompatible with int64, please explicitly cast to a compatible dtype first.
  trans_enrichment_matrix.loc[row, col] /= (float(loops) * float(loop_end_proportions[row]) * float(loop_end_proportions[col])+1)
/mnt/altnas/work/Kyle.Knightly/chipseq-analysis/chip-scripts/pipeline.py:127: FutureWarning: Setting an item of incompatible dtype is deprecated and will raise an error in a future version of pandas. Value '2.5083147906728915' has dtype incompatible with int64, please explicitly cast to a compatible dtype first.
  trans_enrichment_matrix.loc[row, col] /= (float(loops) * float(loop_end_proportions[row]) * float(loop_end_proportions[col])+1)
/mnt/altnas/work/Kyle.Knightly/chipseq-analysis/chip-scripts/pipeline.py:127: FutureWarning: Setting an item of incompatible dtype is deprecated and will raise an error in a future version of pandas. Value '2.390564612349561' has dtype incompatible with int64, please explicitly cast to a compatible dtype first.
  trans_enrichment_matrix.loc[row, col] /= (float(loops) * float(loop_end_proportions[row]) * float(loop_end_proportions[col])+1)
/mnt/altnas/work/Kyle.Knightly/chipseq-analysis/chip-scripts/pipeline.py:127: FutureWarning: Setting an item of incompatible dtype is deprecated and will raise an error in a future version of pandas. Value '3.3040316307337534' has dtype incompatible with int64, please explicitly cast to a compatible dtype first.
  trans_enrichment_matrix.loc[row, col] /= (float(loops) * float(loop_end_proportions[row]) * float(loop_end_proportions[col])+1)
/mnt/altnas/work/Kyle.Knightly/chipseq-analysis/chip-scripts/pipeline.py:127: FutureWarning: Setting an item of incompatible dtype is deprecated and will raise an error in a future version of pandas. Value '3.1087737937866695' has dtype incompatible with int64, please explicitly cast to a compatible dtype first.
  trans_enrichment_matrix.loc[row, col] /= (float(loops) * float(loop_end_proportions[row]) * float(loop_end_proportions[col])+1)
/mnt/altnas/work/Kyle.Knightly/chipseq-analysis/chip-scripts/pipeline.py:127: FutureWarning: Setting an item of incompatible dtype is deprecated and will raise an error in a future version of pandas. Value '2.944160211163905' has dtype incompatible with int64, please explicitly cast to a compatible dtype first.
  trans_enrichment_matrix.loc[row, col] /= (float(loops) * float(loop_end_proportions[row]) * float(loop_end_proportions[col])+1)
/mnt/altnas/work/Kyle.Knightly/chipseq-analysis/chip-scripts/pipeline.py:127: FutureWarning: Setting an item of incompatible dtype is deprecated and will raise an error in a future version of pandas. Value '1.4604307396508591' has dtype incompatible with int64, please explicitly cast to a compatible dtype first.
  trans_enrichment_matrix.loc[row, col] /= (float(loops) * float(loop_end_proportions[row]) * float(loop_end_proportions[col])+1)
/mnt/altnas/work/Kyle.Knightly/chipseq-analysis/chip-scripts/pipeline.py:127: FutureWarning: Setting an item of incompatible dtype is deprecated and will raise an error in a future version of pandas. Value '3.184396117792739' has dtype incompatible with int64, please explicitly cast to a compatible dtype first.
  trans_enrichment_matrix.loc[row, col] /= (float(loops) * float(loop_end_proportions[row]) * float(loop_end_proportions[col])+1)
/mnt/altnas/work/Kyle.Knightly/chipseq-analysis/chip-scripts/pipeline.py:127: FutureWarning: Setting an item of incompatible dtype is deprecated and will raise an error in a future version of pandas. Value '3.21318240720632' has dtype incompatible with int64, please explicitly cast to a compatible dtype first.
  trans_enrichment_matrix.loc[row, col] /= (float(loops) * float(loop_end_proportions[row]) * float(loop_end_proportions[col])+1)
/mnt/altnas/work/Kyle.Knightly/chipseq-analysis/chip-scripts/pipeline.py:127: FutureWarning: Setting an item of incompatible dtype is deprecated and will raise an error in a future version of pandas. Value '3.2007303470829678' has dtype incompatible with int64, please explicitly cast to a compatible dtype first.
  trans_enrichment_matrix.loc[row, col] /= (float(loops) * float(loop_end_proportions[row]) * float(loop_end_proportions[col])+1)
/mnt/altnas/work/Kyle.Knightly/chipseq-analysis/chip-scripts/pipeline.py:127: FutureWarning: Setting an item of incompatible dtype is deprecated and will raise an error in a future version of pandas. Value '3.2078429010672127' has dtype incompatible with int64, please explicitly cast to a compatible dtype first.
  trans_enrichment_matrix.loc[row, col] /= (float(loops) * float(loop_end_proportions[row]) * float(loop_end_proportions[col])+1)
/mnt/altnas/work/Kyle.Knightly/chipseq-analysis/chip-scripts/pipeline.py:127: FutureWarning: Setting an item of incompatible dtype is deprecated and will raise an error in a future version of pandas. Value '2.4315647115364123' has dtype incompatible with int64, please explicitly cast to a compatible dtype first.
  trans_enrichment_matrix.loc[row, col] /= (float(loops) * float(loop_end_proportions[row]) * float(loop_end_proportions[col])+1)
/mnt/altnas/work/Kyle.Knightly/chipseq-analysis/chip-scripts/pipeline.py:127: FutureWarning: Setting an item of incompatible dtype is deprecated and will raise an error in a future version of pandas. Value '3.6456289048628263' has dtype incompatible with int64, please explicitly cast to a compatible dtype first.
  trans_enrichment_matrix.loc[row, col] /= (float(loops) * float(loop_end_proportions[row]) * float(loop_end_proportions[col])+1)
/mnt/altnas/work/Kyle.Knightly/chipseq-analysis/chip-scripts/pipeline.py:127: FutureWarning: Setting an item of incompatible dtype is deprecated and will raise an error in a future version of pandas. Value '2.8507540907728512' has dtype incompatible with int64, please explicitly cast to a compatible dtype first.
  trans_enrichment_matrix.loc[row, col] /= (float(loops) * float(loop_end_proportions[row]) * float(loop_end_proportions[col])+1)
/mnt/altnas/work/Kyle.Knightly/chipseq-analysis/chip-scripts/pipeline.py:127: FutureWarning: Setting an item of incompatible dtype is deprecated and will raise an error in a future version of pandas. Value '2.3109011139260724' has dtype incompatible with int64, please explicitly cast to a compatible dtype first.
  trans_enrichment_matrix.loc[row, col] /= (float(loops) * float(loop_end_proportions[row]) * float(loop_end_proportions[col])+1)
/mnt/altnas/work/Kyle.Knightly/chipseq-analysis/chip-scripts/pipeline.py:127: FutureWarning: Setting an item of incompatible dtype is deprecated and will raise an error in a future version of pandas. Value '4.876860438814749' has dtype incompatible with int64, please explicitly cast to a compatible dtype first.
  trans_enrichment_matrix.loc[row, col] /= (float(loops) * float(loop_end_proportions[row]) * float(loop_end_proportions[col])+1)
/mnt/altnas/work/Kyle.Knightly/chipseq-analysis/chip-scripts/pipeline.py:127: FutureWarning: Setting an item of incompatible dtype is deprecated and will raise an error in a future version of pandas. Value '3.0856923421647213' has dtype incompatible with int64, please explicitly cast to a compatible dtype first.
  trans_enrichment_matrix.loc[row, col] /= (float(loops) * float(loop_end_proportions[row]) * float(loop_end_proportions[col])+1)
/mnt/altnas/work/Kyle.Knightly/chipseq-analysis/chip-scripts/pipeline.py:127: FutureWarning: Setting an item of incompatible dtype is deprecated and will raise an error in a future version of pandas. Value '3.168834691101666' has dtype incompatible with int64, please explicitly cast to a compatible dtype first.
  trans_enrichment_matrix.loc[row, col] /= (float(loops) * float(loop_end_proportions[row]) * float(loop_end_proportions[col])+1)
/mnt/altnas/work/Kyle.Knightly/chipseq-analysis/chip-scripts/pipeline.py:127: FutureWarning: Setting an item of incompatible dtype is deprecated and will raise an error in a future version of pandas. Value '3.0111957101432894' has dtype incompatible with int64, please explicitly cast to a compatible dtype first.
  trans_enrichment_matrix.loc[row, col] /= (float(loops) * float(loop_end_proportions[row]) * float(loop_end_proportions[col])+1)
/mnt/altnas/work/Kyle.Knightly/chipseq-analysis/chip-scripts/pipeline.py:127: FutureWarning: Setting an item of incompatible dtype is deprecated and will raise an error in a future version of pandas. Value '2.8303906846515963' has dtype incompatible with int64, please explicitly cast to a compatible dtype first.
  trans_enrichment_matrix.loc[row, col] /= (float(loops) * float(loop_end_proportions[row]) * float(loop_end_proportions[col])+1)
/mnt/altnas/work/Kyle.Knightly/chipseq-analysis/chip-scripts/pipeline.py:127: FutureWarning: Setting an item of incompatible dtype is deprecated and will raise an error in a future version of pandas. Value '2.68918868128256' has dtype incompatible with int64, please explicitly cast to a compatible dtype first.
  trans_enrichment_matrix.loc[row, col] /= (float(loops) * float(loop_end_proportions[row]) * float(loop_end_proportions[col])+1)
/mnt/altnas/work/Kyle.Knightly/chipseq-analysis/chip-scripts/pipeline.py:127: FutureWarning: Setting an item of incompatible dtype is deprecated and will raise an error in a future version of pandas. Value '2.4100197664399836' has dtype incompatible with int64, please explicitly cast to a compatible dtype first.
  trans_enrichment_matrix.loc[row, col] /= (float(loops) * float(loop_end_proportions[row]) * float(loop_end_proportions[col])+1)
/mnt/altnas/work/Kyle.Knightly/chipseq-analysis/chip-scripts/pipeline.py:127: FutureWarning: Setting an item of incompatible dtype is deprecated and will raise an error in a future version of pandas. Value '2.78223337224882' has dtype incompatible with int64, please explicitly cast to a compatible dtype first.
  trans_enrichment_matrix.loc[row, col] /= (float(loops) * float(loop_end_proportions[row]) * float(loop_end_proportions[col])+1)
/mnt/altnas/work/Kyle.Knightly/chipseq-analysis/chip-scripts/pipeline.py:127: FutureWarning: Setting an item of incompatible dtype is deprecated and will raise an error in a future version of pandas. Value '2.176870795860454' has dtype incompatible with int64, please explicitly cast to a compatible dtype first.
  trans_enrichment_matrix.loc[row, col] /= (float(loops) * float(loop_end_proportions[row]) * float(loop_end_proportions[col])+1)
/mnt/altnas/work/Kyle.Knightly/chipseq-analysis/chip-scripts/pipeline.py:127: FutureWarning: Setting an item of incompatible dtype is deprecated and will raise an error in a future version of pandas. Value '2.946867671739892' has dtype incompatible with int64, please explicitly cast to a compatible dtype first.
  trans_enrichment_matrix.loc[row, col] /= (float(loops) * float(loop_end_proportions[row]) * float(loop_end_proportions[col])+1)
/mnt/altnas/work/Kyle.Knightly/chipseq-analysis/chip-scripts/pipeline.py:127: FutureWarning: Setting an item of incompatible dtype is deprecated and will raise an error in a future version of pandas. Value '2.3038092902363903' has dtype incompatible with int64, please explicitly cast to a compatible dtype first.
  trans_enrichment_matrix.loc[row, col] /= (float(loops) * float(loop_end_proportions[row]) * float(loop_end_proportions[col])+1)
/mnt/altnas/work/Kyle.Knightly/chipseq-analysis/chip-scripts/pipeline.py:127: FutureWarning: Setting an item of incompatible dtype is deprecated and will raise an error in a future version of pandas. Value '3.3370120803507315' has dtype incompatible with int64, please explicitly cast to a compatible dtype first.
  trans_enrichment_matrix.loc[row, col] /= (float(loops) * float(loop_end_proportions[row]) * float(loop_end_proportions[col])+1)
/mnt/altnas/work/Kyle.Knightly/chipseq-analysis/chip-scripts/pipeline.py:127: FutureWarning: Setting an item of incompatible dtype is deprecated and will raise an error in a future version of pandas. Value '3.2807051502091853' has dtype incompatible with int64, please explicitly cast to a compatible dtype first.
  trans_enrichment_matrix.loc[row, col] /= (float(loops) * float(loop_end_proportions[row]) * float(loop_end_proportions[col])+1)
/mnt/altnas/work/Kyle.Knightly/chipseq-analysis/chip-scripts/pipeline.py:127: FutureWarning: Setting an item of incompatible dtype is deprecated and will raise an error in a future version of pandas. Value '2.713024061642795' has dtype incompatible with int64, please explicitly cast to a compatible dtype first.
  trans_enrichment_matrix.loc[row, col] /= (float(loops) * float(loop_end_proportions[row]) * float(loop_end_proportions[col])+1)
/mnt/altnas/work/Kyle.Knightly/chipseq-analysis/chip-scripts/pipeline.py:127: FutureWarning: Setting an item of incompatible dtype is deprecated and will raise an error in a future version of pandas. Value '3.159943920395929' has dtype incompatible with int64, please explicitly cast to a compatible dtype first.
  trans_enrichment_matrix.loc[row, col] /= (float(loops) * float(loop_end_proportions[row]) * float(loop_end_proportions[col])+1)
/mnt/altnas/work/Kyle.Knightly/chipseq-analysis/chip-scripts/pipeline.py:127: FutureWarning: Setting an item of incompatible dtype is deprecated and will raise an error in a future version of pandas. Value '2.3926013914481654' has dtype incompatible with int64, please explicitly cast to a compatible dtype first.
  trans_enrichment_matrix.loc[row, col] /= (float(loops) * float(loop_end_proportions[row]) * float(loop_end_proportions[col])+1)
/mnt/altnas/work/Kyle.Knightly/chipseq-analysis/chip-scripts/pipeline.py:127: FutureWarning: Setting an item of incompatible dtype is deprecated and will raise an error in a future version of pandas. Value '2.721162773464104' has dtype incompatible with int64, please explicitly cast to a compatible dtype first.
  trans_enrichment_matrix.loc[row, col] /= (float(loops) * float(loop_end_proportions[row]) * float(loop_end_proportions[col])+1)
/mnt/altnas/work/Kyle.Knightly/chipseq-analysis/chip-scripts/pipeline.py:127: FutureWarning: Setting an item of incompatible dtype is deprecated and will raise an error in a future version of pandas. Value '2.7095787445627493' has dtype incompatible with int64, please explicitly cast to a compatible dtype first.
  trans_enrichment_matrix.loc[row, col] /= (float(loops) * float(loop_end_proportions[row]) * float(loop_end_proportions[col])+1)
/mnt/altnas/work/Kyle.Knightly/chipseq-analysis/chip-scripts/pipeline.py:127: FutureWarning: Setting an item of incompatible dtype is deprecated and will raise an error in a future version of pandas. Value '3.19358984631328' has dtype incompatible with int64, please explicitly cast to a compatible dtype first.
  trans_enrichment_matrix.loc[row, col] /= (float(loops) * float(loop_end_proportions[row]) * float(loop_end_proportions[col])+1)
/mnt/altnas/work/Kyle.Knightly/chipseq-analysis/chip-scripts/pipeline.py:127: FutureWarning: Setting an item of incompatible dtype is deprecated and will raise an error in a future version of pandas. Value '2.4284909246817716' has dtype incompatible with int64, please explicitly cast to a compatible dtype first.
  trans_enrichment_matrix.loc[row, col] /= (float(loops) * float(loop_end_proportions[row]) * float(loop_end_proportions[col])+1)
/mnt/altnas/work/Kyle.Knightly/chipseq-analysis/chip-scripts/pipeline.py:127: FutureWarning: Setting an item of incompatible dtype is deprecated and will raise an error in a future version of pandas. Value '2.6620654124355636' has dtype incompatible with int64, please explicitly cast to a compatible dtype first.
  trans_enrichment_matrix.loc[row, col] /= (float(loops) * float(loop_end_proportions[row]) * float(loop_end_proportions[col])+1)
/mnt/altnas/work/Kyle.Knightly/chipseq-analysis/chip-scripts/pipeline.py:127: FutureWarning: Setting an item of incompatible dtype is deprecated and will raise an error in a future version of pandas. Value '2.3832110027222067' has dtype incompatible with int64, please explicitly cast to a compatible dtype first.
  trans_enrichment_matrix.loc[row, col] /= (float(loops) * float(loop_end_proportions[row]) * float(loop_end_proportions[col])+1)
/mnt/altnas/work/Kyle.Knightly/chipseq-analysis/chip-scripts/pipeline.py:127: FutureWarning: Setting an item of incompatible dtype is deprecated and will raise an error in a future version of pandas. Value '1.3455795614205095' has dtype incompatible with int64, please explicitly cast to a compatible dtype first.
  trans_enrichment_matrix.loc[row, col] /= (float(loops) * float(loop_end_proportions[row]) * float(loop_end_proportions[col])+1)
/mnt/altnas/work/Kyle.Knightly/chipseq-analysis/chip-scripts/pipeline.py:127: FutureWarning: Setting an item of incompatible dtype is deprecated and will raise an error in a future version of pandas. Value '2.243053849558218' has dtype incompatible with int64, please explicitly cast to a compatible dtype first.
  trans_enrichment_matrix.loc[row, col] /= (float(loops) * float(loop_end_proportions[row]) * float(loop_end_proportions[col])+1)
/mnt/altnas/work/Kyle.Knightly/chipseq-analysis/chip-scripts/pipeline.py:127: FutureWarning: Setting an item of incompatible dtype is deprecated and will raise an error in a future version of pandas. Value '2.7101719710421026' has dtype incompatible with int64, please explicitly cast to a compatible dtype first.
  trans_enrichment_matrix.loc[row, col] /= (float(loops) * float(loop_end_proportions[row]) * float(loop_end_proportions[col])+1)
/mnt/altnas/work/Kyle.Knightly/chipseq-analysis/chip-scripts/pipeline.py:127: FutureWarning: Setting an item of incompatible dtype is deprecated and will raise an error in a future version of pandas. Value '2.8406161400813894' has dtype incompatible with int64, please explicitly cast to a compatible dtype first.
  trans_enrichment_matrix.loc[row, col] /= (float(loops) * float(loop_end_proportions[row]) * float(loop_end_proportions[col])+1)
/mnt/altnas/work/Kyle.Knightly/chipseq-analysis/chip-scripts/pipeline.py:127: FutureWarning: Setting an item of incompatible dtype is deprecated and will raise an error in a future version of pandas. Value '2.856991207686298' has dtype incompatible with int64, please explicitly cast to a compatible dtype first.
  trans_enrichment_matrix.loc[row, col] /= (float(loops) * float(loop_end_proportions[row]) * float(loop_end_proportions[col])+1)
/mnt/altnas/work/Kyle.Knightly/chipseq-analysis/chip-scripts/pipeline.py:127: FutureWarning: Setting an item of incompatible dtype is deprecated and will raise an error in a future version of pandas. Value '3.0524769743887887' has dtype incompatible with int64, please explicitly cast to a compatible dtype first.
  trans_enrichment_matrix.loc[row, col] /= (float(loops) * float(loop_end_proportions[row]) * float(loop_end_proportions[col])+1)
/mnt/altnas/work/Kyle.Knightly/chipseq-analysis/chip-scripts/pipeline.py:127: FutureWarning: Setting an item of incompatible dtype is deprecated and will raise an error in a future version of pandas. Value '2.468796320125616' has dtype incompatible with int64, please explicitly cast to a compatible dtype first.
  trans_enrichment_matrix.loc[row, col] /= (float(loops) * float(loop_end_proportions[row]) * float(loop_end_proportions[col])+1)
/mnt/altnas/work/Kyle.Knightly/chipseq-analysis/chip-scripts/pipeline.py:127: FutureWarning: Setting an item of incompatible dtype is deprecated and will raise an error in a future version of pandas. Value '2.9311662882602545' has dtype incompatible with int64, please explicitly cast to a compatible dtype first.
  trans_enrichment_matrix.loc[row, col] /= (float(loops) * float(loop_end_proportions[row]) * float(loop_end_proportions[col])+1)
/mnt/altnas/work/Kyle.Knightly/chipseq-analysis/chip-scripts/pipeline.py:127: FutureWarning: Setting an item of incompatible dtype is deprecated and will raise an error in a future version of pandas. Value '1.944558889501385' has dtype incompatible with int64, please explicitly cast to a compatible dtype first.
  trans_enrichment_matrix.loc[row, col] /= (float(loops) * float(loop_end_proportions[row]) * float(loop_end_proportions[col])+1)
/mnt/altnas/work/Kyle.Knightly/chipseq-analysis/chip-scripts/pipeline.py:127: FutureWarning: Setting an item of incompatible dtype is deprecated and will raise an error in a future version of pandas. Value '2.6105839952360586' has dtype incompatible with int64, please explicitly cast to a compatible dtype first.
  trans_enrichment_matrix.loc[row, col] /= (float(loops) * float(loop_end_proportions[row]) * float(loop_end_proportions[col])+1)
/mnt/altnas/work/Kyle.Knightly/chipseq-analysis/chip-scripts/pipeline.py:127: FutureWarning: Setting an item of incompatible dtype is deprecated and will raise an error in a future version of pandas. Value '2.4463213988620924' has dtype incompatible with int64, please explicitly cast to a compatible dtype first.
  trans_enrichment_matrix.loc[row, col] /= (float(loops) * float(loop_end_proportions[row]) * float(loop_end_proportions[col])+1)
/mnt/altnas/work/Kyle.Knightly/chipseq-analysis/chip-scripts/pipeline.py:127: FutureWarning: Setting an item of incompatible dtype is deprecated and will raise an error in a future version of pandas. Value '3.0135405716316663' has dtype incompatible with int64, please explicitly cast to a compatible dtype first.
  trans_enrichment_matrix.loc[row, col] /= (float(loops) * float(loop_end_proportions[row]) * float(loop_end_proportions[col])+1)
/mnt/altnas/work/Kyle.Knightly/chipseq-analysis/chip-scripts/pipeline.py:127: FutureWarning: Setting an item of incompatible dtype is deprecated and will raise an error in a future version of pandas. Value '2.7473160397241894' has dtype incompatible with int64, please explicitly cast to a compatible dtype first.
  trans_enrichment_matrix.loc[row, col] /= (float(loops) * float(loop_end_proportions[row]) * float(loop_end_proportions[col])+1)
/mnt/altnas/work/Kyle.Knightly/chipseq-analysis/chip-scripts/pipeline.py:127: FutureWarning: Setting an item of incompatible dtype is deprecated and will raise an error in a future version of pandas. Value '2.1702763662170854' has dtype incompatible with int64, please explicitly cast to a compatible dtype first.
  trans_enrichment_matrix.loc[row, col] /= (float(loops) * float(loop_end_proportions[row]) * float(loop_end_proportions[col])+1)
/mnt/altnas/work/Kyle.Knightly/chipseq-analysis/chip-scripts/pipeline.py:127: FutureWarning: Setting an item of incompatible dtype is deprecated and will raise an error in a future version of pandas. Value '3.0553380146965563' has dtype incompatible with int64, please explicitly cast to a compatible dtype first.
  trans_enrichment_matrix.loc[row, col] /= (float(loops) * float(loop_end_proportions[row]) * float(loop_end_proportions[col])+1)
/mnt/altnas/work/Kyle.Knightly/chipseq-analysis/chip-scripts/pipeline.py:127: FutureWarning: Setting an item of incompatible dtype is deprecated and will raise an error in a future version of pandas. Value '0.7218153607890985' has dtype incompatible with int64, please explicitly cast to a compatible dtype first.
  trans_enrichment_matrix.loc[row, col] /= (float(loops) * float(loop_end_proportions[row]) * float(loop_end_proportions[col])+1)
/mnt/altnas/work/Kyle.Knightly/chipseq-analysis/chip-scripts/pipeline.py:127: FutureWarning: Setting an item of incompatible dtype is deprecated and will raise an error in a future version of pandas. Value '2.0870163493199536' has dtype incompatible with int64, please explicitly cast to a compatible dtype first.
  trans_enrichment_matrix.loc[row, col] /= (float(loops) * float(loop_end_proportions[row]) * float(loop_end_proportions[col])+1)
/mnt/altnas/work/Kyle.Knightly/chipseq-analysis/chip-scripts/pipeline.py:127: FutureWarning: Setting an item of incompatible dtype is deprecated and will raise an error in a future version of pandas. Value '2.6445456532580875' has dtype incompatible with int64, please explicitly cast to a compatible dtype first.
  trans_enrichment_matrix.loc[row, col] /= (float(loops) * float(loop_end_proportions[row]) * float(loop_end_proportions[col])+1)
Traceback (most recent call last):
  File "/mnt/altnas/work/Kyle.Knightly/chipseq-analysis/chip-scripts/pipeline.py", line 151, in <module>
    max = enrichment_df.max().max()
NameError: name 'enrichment_df' is not defined. Did you mean: 'dfsenrichment_df'?
